{"vocabulary": {"Adarkar Wastes": 18, "Enduring Curiosity": 906, "Faebloom Trick": 990, "Floodfarm Verge": 1106, "Floodpits Drowner": 1108, "Island": 1565, "Mockingbird": 1940, "Novice Inspector": 2053, "Plains": 2220, "Regal Bunnicorn": 2381, "Seachrome Coast": 2584, "Sheltered by Ghosts": 2643, "Soulstone Sanctuary": 2776, "Spyglass Siren": 2824, "Steel Seraph": 2859, "Unidentified Hovership": 3290, "Virtue of Loyalty": 3410, "Warden of the Inner Sky": 3467, "Destroy Evil_SB": 735, "Elspeth's Smite_SB": 886, "Faebloom Trick_SB": 991, "Kaito, Cunning Infiltrator_SB": 1608, "Loran of the Third Path_SB": 1791, "Protect the Negotiators_SB": 2266, "Sheltered by Ghosts_SB": 2644, "Split Up_SB": 2815, "Burst Lightning": 391, "Copperline Gorge": 579, "Emberheart Challenger": 895, "Heartfire Hero": 1388, "Hired Claw": 1444, "Karplusan Forest": 1621, "Manifold Mouse": 1853, "Monastery Swiftspear": 1961, "Monstrous Rage": 1967, "Mountain": 1979, "Obliterating Bolt": 2066, "Questing Druid": 2288, "Rockface Village": 2469, "Scorching Dragonfire": 2565, "Screaming Nemesis": 2577, "Snakeskin Veil": 2746, "Thornspire Verge": 3104, "Lithomantic Barrage_SB": 1767, "Pawpatch Formation_SB": 2165, "Questing Druid_SB": 2289, "Scorching Shot_SB": 2568, "Tectonic Hazard_SB": 2999, "Torch the Tower_SB": 3188, "Urabrask's Forge_SB": 3322, "Lightning Strike": 1750, "Witchstalker Frenzy": 3517, "Case of the Crimson Pulse_SB": 433, "Sunspine Lynx_SB": 2936, "Twisted Fealty_SB": 3242, "Witchstalker Frenzy_SB": 3518, "Aclazotz, Deepest Betrayal": 14, "Anoint with Affliction": 94, "Blooming Marsh": 275, "Blot Out": 280, "Cut Down": 641, "Duress": 839, "Forest": 1126, "Fountainport": 1138, "Glissa Sunslayer": 1257, "Go for the Throat": 1267, "Harvester of Misery": 1367, "Llanowar Elves": 1772, "Llanowar Wastes": 1777, "Maelstrom Pulse": 1824, "Mosswood Dreadknight": 1977, "Nowhere to Run": 2054, "Preacher of the Schism": 2246, "Restless Cottage": 2419, "Scavenging Ooze": 2562, "Sentinel of the Nameless City": 2619, "Sheoldred, the Apocalypse": 2648, "Swamp": 2954, "Thrun, Breaker of Silence": 3139, "Virtue of Persistence": 3412, "Choking Miasma_SB": 500, "Cut Down_SB": 642, "Duress_SB": 840, "Gix's Command_SB": 1233, "Harvester of Misery_SB": 1368, "Liliana of the Veil_SB": 1758, "Nissa, Ascended Animist_SB": 2034, "Tear Asunder_SB": 2997, "The End_SB": 3044, "Thrun, Breaker of Silence_SB": 3140, "Tranquil Frillback_SB": 3203, "Vivien Reid_SB": 3422, "Battlefield Forge": 206, "Beza, the Bounding Spring": 225, "Caretaker's Talent": 426, "Carrot Cake": 430, "Day of Judgment": 666, "Elegant Parlor": 876, "Enduring Innocence": 908, "Get Lost": 1194, "Inspiring Vantage": 1523, "Lightning Helix": 1748, "Mazemind Tome": 1881, "Overlord of the Mistmoors": 2137, "Sunfall": 2927, "Sunken Citadel": 2930, "Torch the Tower": 3187, "Authority of the Consuls_SB": 160, "Exorcise_SB": 962, "Lightning Helix_SB": 1749, "Pyroclasm_SB": 2280, "Rest in Peace_SB": 2414, "Scorching Dragonfire_SB": 2566, "The Stone Brain_SB": 3083, "Cavern of Souls": 461, "Elspeth's Smite": 885, "Hedge Maze": 1396, "Herd Migration": 1416, "Hushwood Verge": 1478, "Leyline Binding": 1732, "Lush Portico": 1815, "Meticulous Archive": 1899, "Overlord of the Floodpits": 2133, "Overlord of the Hauntwoods": 2135, "Shadowy Backstreet": 2635, "Split Up": 2814, "Temporary Lockdown": 3016, "Up the Beanstalk": 3318, "Zur, Eternal Schemer": 3576, "Ghost Vacuum_SB": 1210, "Negate_SB": 2011, "Boros Charm": 305, "Mabel, Heir to Cragflame": 1820, "Raucous Carnival": 2339, "Restless Bivouac": 2417, "Shardmage's Rescue": 2638, "Screaming Nemesis_SB": 2578, "Clay-Fired Bricks": 522, "Lay Down Arms": 1712, "Soul Partition": 2763, "Beza, the Bounding Spring_SB": 226, "Sword of Once and Future_SB": 2965, "Analyze the Pollen": 69, "Tishana's Tidebinder_SB": 3167, "Archangel Elspeth": 108, "Brushland": 374, "Razorverge Thicket": 2349, "Season of the Burrow": 2598, "Seized from Slumber": 2612, "Boon-Bringer Valkyrie_SB": 303, "Lyra Dawnbringer_SB": 1817, "Regal Caracal_SB": 2384, "Darkslick Shores": 656, "Faerie Mastermind": 995, "Gloomlake Verge": 1260, "Kaito, Bane of Nightmares": 1605, "Phantom Interference": 2184, "Restless Reef": 2422, "Sheoldred's Edict": 2646, "Tishana's Tidebinder": 3166, "Underground River": 3276, "Aclazotz, Deepest Betrayal_SB": 15, "Anoint with Affliction_SB": 95, "Blot Out_SB": 281, "Sheoldred, the Apocalypse_SB": 2649, "Withering Torment_SB": 3520, "Ertai Resurrected": 932, "Saiba Cryptomancer": 2525, "Spell Stutter": 2791, "Preacher of the Schism_SB": 2247, "Flowerfoot Swordmaster": 1115, "Caves of Koilos": 464, "Concealed Courtyard": 557, "Fear of Isolation": 1026, "Hopeless Nightmare": 1459, "Nurturing Pixie": 2058, "Optimistic Scavenger": 2096, "Skrelv, Defector Mite": 2705, "Stormchaser's Talent": 2883, "This Town Ain't Big Enough": 3098, "Tinybones Joins Up": 3159, "No More Lies_SB": 2039, "Nowhere to Run_SB": 2055, "Shrouded Shepherd_SB": 2674, "Disdainful Stroke_SB": 753, "Malicious Eclipse_SB": 1849, "Knight of Grace_SB": 1668, "Collector's Cage": 540, "Mirrex": 1922, "Pawpatch Recruit": 2166, "Restless Prairie": 2421, "Sandstorm Salvager": 2533, "Sanguine Evangelist": 2534, "Skyknight Squire": 2717, "Toby, Beastie Befriender": 3175, "Aven Interrupter_SB": 163, "Devout Decree_SB": 742, "Phyrexian Censor_SB": 2193, "Soul Partition_SB": 2764, "Restless Anchorage": 2415, "Ballyrush Banneret": 180, "Fortified Beachhead": 1132, "Harbin, Vanguard Aviator": 1354, "Protect the Negotiators": 2265, "Recruitment Officer": 2368, "Resolute Reinforcements": 2408, "Skystrike Officer": 2723, "Three Tree City": 3129, "Valiant Veteran": 3349, "Zephyr Sentinel": 3561, "Enduring Curiosity_SB": 907, "Into the Flood Maw_SB": 1531, "Kutzil's Flanker_SB": 1694, "Myrel, Shield of Argive_SB": 1995, "Raise the Past_SB": 2313, "Siege Veteran_SB": 2678, "Steel Seraph_SB": 2860, "Cacophony Scamp": 397, "Callous Sell-Sword": 409, "Leyline of Resonance": 1734, "Might of the Meek": 1908, "Overprotect": 2139, "Slickshot Show-Off": 2737, "Turn Inside Out": 3231, "Obliterating Bolt_SB": 2067, "Snakeskin Veil_SB": 2747, "Innkeeper's Talent": 1510, "Restless Ridgeline": 2424, "Scorching Shot": 2567, "Jaya, Fiery Negotiator_SB": 1583, "Soulstone Sanctuary_SB": 2777, "Invasion of Gobakhan_SB": 1545, "Kitesail Larcenist": 1659, "Faerie Mastermind_SB": 996, "Ancient Cornucopia": 73, "Atraxa, Grand Unifier": 153, "Fabled Passage": 985, "Scrollshift": 2579, "Underground Mortuary": 3274, "Jace, the Perfected Mind_SB": 1579, "Disfigure_SB": 757, "Three Steps Ahead_SB": 3128, "Gix's Command": 1232, "Tranquil Frillback": 3202, "Unholy Annex && Ritual Chamber": 3286, "Cruelclaw's Heist_SB": 618, "Maelstrom Pulse_SB": 1825, "Tear Asunder": 2996, "The End": 3043, "Case of the Gateway Express": 435, "Clockwork Percussionist": 526, "Gleeful Demolition": 1252, "Imodane's Recruiter": 1491, "Knight-Errant of Eos": 1669, "Shivan Reef": 2658, "Spirebluff Canal": 2808, "Zoetic Glyph_SB": 3569, "Essence Scatter": 943, "Faerie Dreamthief": 992, "Faerie Fencing": 993, "Essence Scatter_SB": 944, "Go for the Throat_SB": 1268, "Halo Forager_SB": 1349, "Kaito, Bane of Nightmares_SB": 1606, "Neutralize the Guards_SB": 2021, "Doppelgang_SB": 789, "Botanical Sanctum": 312, "Bushwhack": 393, "Cache Grab": 395, "Eddymurk Crab": 861, "Rona's Vortex": 2477, "Seed of Hope": 2605, "Sleight of Hand": 2731, "Tolarian Terror": 3180, "Unsummon": 3310, "Yavimaya Coast": 3543, "Ephara's Dispersal_SB": 926, "Pick Your Poison_SB": 2205, "Sheoldred's Edict_SB": 2647, "Stoic Sphinx_SB": 2875, "Swamp_SB": 2955, "Caustic Bronco": 455, "Demolition Field": 714, "Day of Judgment_SB": 667, "Serra Paragon_SB": 2625, "Deep-Cavern Bat": 692, "Cryptic Coat_SB": 625, "Disfigure": 756, "Mazemind Tome_SB": 1882, "Unholy Annex && Ritual Chamber_SB": 3287, "Azure Beastbinder_SB": 176, "Dreams of Steel and Oil_SB": 828, "Not on My Watch": 2051, "Season of the Burrow_SB": 2599, "Warleader's Call": 3471, "Get Lost_SB": 1195, "Not on My Watch_SB": 2052, "Bitter Reunion": 233, "Enduring Vitality": 912, "Pawpatch Formation": 2164, "Roaring Furnace && Steaming Sauna": 2464, "Song of Totentanz": 2755, "Tarnation Vista": 2990, "Thundertrap Trainer": 3150, "Valley Floodcaller": 3353, "Dissection Tools_SB": 766, "Floodpits Drowner_SB": 1109, "Roxanne, Starfall Savant_SB": 2489, "Up the Beanstalk_SB": 3319, "Realmbreaker, the Invasion Tree_SB": 2355, "Undercity Sewers": 3273, "Opt": 2094, "Herbology Instructor_SB": 1413, "Minor Misstep_SB": 1917, "Entity Tracker": 923, "Ethereal Armor": 951, "Fae Flight": 988, "Gremlin Tamer": 1317, "Inquisitive Glimmer": 1513, "Silent Hallcreeper": 2682, "Crystal Barricade_SB": 629, "Case of the Filched Falcon": 434, "Dusk Rose Reliquary": 842, "No More Lies": 2038, "Subterranean Schooner": 2903, "Zoetic Glyph": 3568, "Glass Casket_SB": 1246, "Surge of Salvation_SB": 2943, "Demonic Ruckus": 722, "Valorous Stance_SB": 3362, "Blackcleave Cliffs": 238, "Blazemire Verge": 246, "Sulfurous Springs": 2908, "The Eternal Wanderer_SB": 3047, "Archfiend of the Dross": 116, "Chimil, the Inner Sun": 496, "Ezrim, Agency Chief": 981, "Jace, the Perfected Mind": 1578, "Karn, Living Legacy": 1619, "Metropolis Reformer": 1903, "Three Steps Ahead": 3127, "Temporary Lockdown_SB": 3017, "Urza's Sylex_SB": 3338, "Vren, the Relentless": 3455, "Keen-Eyed Curator_SB": 1631, "The Swarmweaver_SB": 3086, "Stab": 2830, "Render Inert_SB": 2397, "Pawpatch Recruit_SB": 2167, "Stab_SB": 2831, "Warleader's Call_SB": 3472, "Scavenging Ooze_SB": 2563, "Mishra's Foundry": 1931, "Altanak, the Thrice-Called": 58, "Break Out": 344, "Fear of Missing Out": 1030, "Hard-Hitting Question": 1359, "Keen-Eyed Curator": 1630, "Omnivorous Flytrap": 2089, "Patchwork Beastie": 2163, "Rubblebelt Maverick": 2492, "Say Its Name": 2546, "Violent Urge": 3403, "Wildfire Wickerfolk": 3499, "Wrenn and Realmbreaker": 3532, "Haywire Mite_SB": 1379, "Soul-Guide Lantern_SB": 2769, "Innkeeper's Talent_SB": 1511, "Wrenn and Realmbreaker_SB": 3533, "Spiteful Hexmage": 2810, "Pest Control_SB": 2181, "Tithing Blade_SB": 3173, "Overlord of the Mistmoors_SB": 2138, "Shock": 2659, "Monastery Mentor_SB": 1959, "Kellan, Planar Trailblazer": 1641, "Spellbook Vendor": 2793, "Painter's Studio && Defaced Gallery": 2152, "Yotian Frontliner": 3548, "Painter's Studio && Defaced Gallery_SB": 2153, "Ajani, Caller of the Pride_SB": 45, "Dreams of Steel and Oil": 827, "Tinybones, the Pickpocket": 3163, "Abrade_SB": 5, "Blue Sun's Twilight_SB": 284, "Dreamdew Entrancer_SB": 826, "Volcanic Spite_SB": 3434, "Gix, Yawgmoth Praetor": 1234, "Glistening Deluge_SB": 1259, "Kellan, Daring Traveler": 1638, "Caretaker's Talent_SB": 427, "Bottomless Pool && Locker Room": 313, "Jace Reawakened": 1575, "Unable to Scream_SB": 3264, "Unsummon_SB": 3311, "Abhorrent Oculus": 2, "Chart a Course": 492, "Founding the Third Path": 1135, "Haughty Djinn": 1371, "Helping Hand": 1407, "Kiora, the Rising Tide": 1655, "Negate": 2010, "Picklock Prankster": 2206, "Recommission": 2366, "Take Up the Shield_SB": 2982, "Moment of Truth": 1954, "Monastery Mentor": 1958, "Disturbing Mirth": 772, "Final Vengeance": 1077, "Greedy Freebooter": 1312, "Overlord of the Balemurk": 2129, "Scavenger's Talent": 2561, "Souls of the Lost": 2774, "Stalactite Stalker": 2835, "Bandit's Talent_SB": 187, "Case of the Stashed Skeleton_SB": 442, "Rottenmouth Viper_SB": 2486, "Cryptic Coat": 624, "Deadly Cover-Up": 674, "Decadent Dragon": 686, "Overlord of the Boilerbilges": 2131, "Pillage the Bog": 2213, "Vivien Reid": 3421, "Krenko's Buzzcrusher_SB": 1687, "Outrageous Robbery_SB": 2123, "Spell Stutter_SB": 2792, "Breach the Multiverse_SB": 340, "Kaya, Intangible Slayer_SB": 1625, "Ral, Crackling Wit_SB": 2324, "Aegis Turtle_SB": 26, "Burst Lightning_SB": 392, "Dollmaker's Shop && Porcelain Gallery": 781, "Skrelv's Hive_SB": 2704, "Sorcerous Spyglass_SB": 2762, "Tyrranax Rex_SB": 3251, "Cruelclaw's Heist": 617, "Outrageous Robbery": 2122, "Caustic Bronco_SB": 456, "Werefox Bodyguard_SB": 3489, "Break the Spell_SB": 347, "Get Out_SB": 1197, "Migloz, Maze Crusher_SB": 1911, "Aetherize_SB": 32, "Rite of the Moth": 2453, "Valgavoth, Terror Eater": 3347, "Virtue of Persistence_SB": 3413, "Sentinel of the Nameless City_SB": 2620, "Torch the Witness_SB": 3190, "Shoot the Sheriff": 2665, "Venerated Rotpriest": 3380, "Branchblight Stalker": 331, "Ichorspit Basilisk": 1485, "Maze's Mantle": 1880, "Viral Spawning": 3405, "Plague Nurse": 2219, "Venomous Brutalizer": 3388, "Tyrranax Atrocity": 3249, "Goliath Hatchery": 1287, "Paladin of Predation": 2156, "Tyrranax Rex": 3250, "Serum Snare": 2626, "Tainted Observer": 2980, "Experimental Augury": 966, "Thrummingbird": 3138, "Mesmerizing Dose": 1897, "Reject Imperfection": 2388, "Gitaxian Anatomist": 1229, "Vivisurgeon's Insight": 3423, "Basilisk Collar": 200, "Leyline Axe": 1731, "Nissa, Ascended Animist": 2033, "Lakeside Shack": 1701, "Lush Oasis": 1814, "Restless Vinestalk": 2430, "Simic Guildgate": 2690, "Tangled Islet": 2989, "Temple of Mystery": 3012, "Thornwood Falls": 3106, "Meat Locker // Drowned Diner": 1883, "Roaring Furnace // Steaming Sauna": 2466, "Brotherhood's End_SB": 372, "Witch's Mark": 3515, "Kitsa, Otterball Elite": 1662, "Hollow Marauder": 1449, "Huskburster Swarm": 1479, "Gnawing Vermin": 1265, "Blanchwood Prowler": 241, "Urborg Lhurgoyf": 3324, "Hidden Grotto": 1428, "Feed the Cycle": 1040, "Season of Loss": 2594, "Overwhelming Remorse": 2143, "Giada, Font of Hope": 1213, "Archangel of Tithes": 110, "Boon-Bringer Valkyrie": 302, "Resplendent Angel": 2410, "Lyra Dawnbringer": 1816, "Sigarda, Font of Blessings": 2680, "Angelic Intervention": 79, "Authority of the Consuls": 159, "Exemplar of Light": 959, "Loran's Escape": 1792, "Youthful Valkyrie": 3551, "Herald of Eternal Dawn_SB": 1410, "Fanatical Firebrand": 1004, "Fugitive Codebreaker": 1155, "Rundvelt Hordemaster": 2500, "Searslicer Goblin": 2590, "Breeches, Eager Pillager": 348, "Squee, Dubious Monarch": 2827, "Enduring Courage": 904, "Krenko, Mob Boss": 1689, "Leyline of the Void_SB": 1740, "Unholy Annex // Ritual Chamber": 3288, "Deadly Cover-Up_SB": 675, "Braids, Arisen Nightmare": 324, "Rottenmouth Viper": 2485, "Urabrask's Forge": 3321, "Blood Spatter Analysis": 259, "Vraska, Betrayal's Sting": 3452, "Tatyova, Steward of Tides": 2994, "Awaken the Woods": 168, "Titania's Command": 3168, "Joint Exploration": 1595, "Kellan, Inquisitive Prodigy": 1639, "Rampaging Baloths": 2326, "Invasion of Zendikar": 1557, "Blast Zone": 244, "Portal to Phyrexia": 2241, "Omenpath Journey": 2087, "Clifftop Lookout": 524, "Heaped Harvest": 1387, "Bonny Pall, Clearcutter": 296, "Poison Dart Frog": 2229, "Mossborn Hydra": 1975, "Doubling Season": 790, "Unable to Scream": 3263, "Elesh Norn, Mother of Machines": 880, "Malicious Eclipse": 1848, "Think Twice": 3092, "Long Goodbye": 1781, "Liliana of the Veil": 1757, "Liliana, Dreadhorde General": 1759, "The Eternal Wanderer": 3046, "Teferi, Temporal Pilgrim": 3001, "Rona's Vortex_SB": 2478, "White Sun's Twilight_SB": 3495, "Doomsday Excruciator": 785, "Deduce": 688, "Change the Equation_SB": 485, "Vren, the Relentless_SB": 3456, "Demonic Pact": 720, "The Witch's Vanity": 3090, "Raucous Theater": 2341, "Harmless Offering": 1363, "Greed's Gambit": 1311, "Invasion of Ixalan": 1547, "Roaring Furnace // Steaming Sauna_SB": 2467, "Beseech the Mirror": 219, "Case of the Stashed Skeleton": 441, "Brotherhood's End": 371, "Final Vengeance_SB": 1078, "Liliana, Dreadhorde General_SB": 1760, "Builder's Talent": 377, "Archangel Elspeth_SB": 109, "Bitter Triumph": 235, "Smuggler's Surprise": 2744, "Vaultborn Tyrant": 3374, "Zombify": 3570, "Silverback Elder_SB": 2687, "Glissa Sunslayer_SB": 1258, "Valgavoth's Lair": 3344, "Requisition Raid_SB": 2405, "Under the Skin": 3271, "Seraphic Steed": 2623, "Hulking Raptor": 1473, "Spinewoods Armadillo": 2803, "Vorinclex": 3444, "Cavern of Souls_SB": 462, "Chimil, the Inner Sun_SB": 497, "Fountainport_SB": 1140, "Goldvein Hydra_SB": 1284, "Restless Vents": 2428, "Feed the Swarm_SB": 1043, "Dreamdew Entrancer": 825, "Jace Reawakened_SB": 1576, "Get Out": 1196, "Meticulous Excavation_SB": 1902, "Sporogenic Infection_SB": 2819, "An Offer You Can't Refuse_SB": 67, "Tithing Blade": 3172, "Zoraline, Cosmos Caller": 3572, "Song of Totentanz_SB": 2756, "Ossification": 2110, "Ossification_SB": 2111, "Cheeky House-Mouse": 494, "Rabid Gnaw": 2296, "Raging Battle Mouse": 2310, "Valley Questcaller": 3356, "Loran's Escape_SB": 1793, "Shardmage's Rescue_SB": 2639, "Phyrexian Fleshgorger": 2195, "Elenda, Saint of Dusk_SB": 878, "Enduring Innocence_SB": 909, "The Witch's Vanity_SB": 3091, "Mabel, Heir to Cragflame_SB": 1821, "Ertai Resurrected_SB": 933, "Barbed Batterfist": 193, "Fiery Annihilation_SB": 1070, "Ill-Timed Explosion_SB": 1489, "Doorkeeper Thrull_SB": 787, "Zoraline, Cosmos Caller_SB": 3573, "Archangel of Wrath_SB": 113, "Abrade": 4, "Untimely Malfunction_SB": 3313, "Arcane Proxy": 106, "Teferi, Temporal Pilgrim_SB": 3002, "Joust Through_SB": 1599, "Lay Down Arms_SB": 1713, "Cenote Scout": 469, "Deeproot Pilgrimage": 695, "Deeproot Wayfinder": 696, "Mistway Spy": 1937, "Vodalian Hexcatcher": 3425, "Grand Abolisher_SB": 1298, "Valley Floodcaller_SB": 3354, "Betrayer's Bargain": 223, "Corrupted Conviction": 593, "Furnace Reins": 1165, "Undead Sprinter_SB": 3270, "Spinner of Souls": 2806, "Serra Paragon": 2624, "Unidentified Hovership_SB": 3291, "Murky Sewer": 1990, "Neglected Manor": 2012, "Unstoppable Slasher": 3308, "Phantom Interference_SB": 2185, "Seeker's Folly_SB": 2608, "Invasion of Tarkir": 1553, "Wildborn Preserver": 3498, "Quintorius Kand": 2292, "Realmbreaker, the Invasion Tree": 2354, "Cease // Desist_SB": 466, "Metropolis Reformer_SB": 1904, "Sunfall_SB": 2928, "Audacity": 155, "Might of the Meek_SB": 1909, "Blossoming Tortoise": 279, "Atraxa, Grand Unifier_SB": 154, "Green Sun's Twilight": 1313, "Solemn Simulacrum": 2752, "Massacre Wurm": 1874, "Ghalta, Stampede Tyrant": 1204, "Vein Ripper": 3377, "Elesh Norn, Mother of Machines_SB": 881, "Etali, Primal Conqueror": 946, "Push // Pull": 2276, "Conduit Pylons": 558, "Live or Die": 1768, "Valgavoth's Faithful": 3342, "Koma, World-Eater": 1677, "Etali, Primal Conqueror_SB": 947, "Maha, Its Feathers Night_SB": 1839, "Destroy Evil": 734, "Helpful Hunter": 1406, "Legions to Ashes_SB": 1725, "Wrenn's Resolve_SB": 3536, "Phyrexian Fleshgorger_SB": 2196, "Broodspinner": 369, "Insidious Roots": 1519, "Tyvar, Jubilant Brawler": 3255, "Snarling Gorehound": 2749, "Agatha's Soul Cauldron": 36, "Voldaren Thrillseeker": 3436, "Haywire Mite": 1378, "Bitter Triumph_SB": 236, "Into the Flood Maw": 1530, "Surge of Salvation": 2942, "Drake Hatcher": 816, "Seal from Existence": 2586, "White Sun's Twilight": 3494, "Fell": 1052, "Battlefly Swarm": 208, "Bilious Skulldweller": 227, "Doppelgang": 788, "Invasion of Arcavios": 1540, "This Town Ain't Big Enough_SB": 3099, "Thran Portal": 3118, "Viashino Pyromancer_SB": 3398, "Lord Skitter, Sewer King_SB": 1796, "Azure Beastbinder": 175, "Mindsplice Apparatus": 1914, "Silver Scrutiny": 2685, "Breach the Multiverse": 339, "Bonehoard Dracosaur": 294, "Molten Collapse": 1945, "Temple of Epiphany": 3009, "Quick Study": 2291, "Sleep-Cursed Faerie": 2730, "Ego Drain": 866, "Invasion of Amonkhet_SB": 1539, "Forsaken Miner": 1131, "Gisa, the Hellraiser": 1227, "Iridescent Vinelasher": 1561, "Laughing Jasper Flint": 1707, "Thought-Stalker Warlock": 3109, "Immersturm Predator": 1490, "Thornvault Forager": 3105, "Osteomancer Adept": 2112, "Curious Forager": 637, "The Mycotyrant": 3069, "Mudflat Village": 1983, "Insidious Fungus_SB": 1518, "Deep-Cavern Bat_SB": 693, "Titania, Voice of Gaea_SB": 3171, "Huskburster Swarm_SB": 1480, "Regal Caracal": 2383, "Thalia and The Gitrog Monster": 3033, "Commercial District": 554, "Surgical Suite && Hospital Room_SB": 2946, "Calamity, Galloping Inferno": 405, "Archdruid's Charm": 114, "Assassin's Trophy": 141, "Obstinate Baloth_SB": 2071, "Dragon Fodder": 802, "Goblin Surprise": 1276, "Sunspine Lynx": 2935, "Fear of Impostors_SB": 1023, "Dollmaker's Shop // Porcelain Gallery": 782, "High Noon_SB": 1439, "Pyroclasm": 2279, "Reclamation Sage_SB": 2365, "Karn's Sylex_SB": 1618, "Monstrous Emergence_SB": 1966, "Charming Scoundrel": 491, "Painter's Studio // Defaced Gallery": 2154, "Shock_SB": 2662, "Drannith Ruins": 822, "Spellgyre": 2794, "Joust Through": 1598, "Twisted Fealty": 3241, "Parting Gust": 2160, "Pia Nalaar, Consul of Revival": 2203, "Wrenn's Resolve": 3535, "Case of the Crimson Pulse": 432, "Invasion of Kaldheim": 1548, "Sphinx of Forgotten Lore_SB": 2798, "Legions to Ashes": 1724, "Doomsday Excruciator_SB": 786, "Tinybones Joins Up_SB": 3160, "Heartflame Duelist": 1391, "Norn's Inquisitor": 2047, "Crystal Grotto": 630, "Sunder the Gateway_SB": 2926, "Cult Conscript": 631, "Heraldic Banner": 1411, "Gatekeeper of Malakir": 1185, "Scorn-Blade Berserker": 2569, "Defiled Crypt // Cadaver Lab": 706, "Heraldic Banner_SB": 1412, "Defiled Crypt // Cadaver Lab_SB": 707, "Overlord of the Floodpits_SB": 2134, "The Filigree Sylex_SB": 3050, "Ill-Timed Explosion": 1488, "Thundering Falls": 3146, "Ral, Crackling Wit": 2323, "Flashfreeze_SB": 1099, "Beastie Beatdown": 211, "Roxanne, Starfall Savant": 2488, "Annie Joins Up": 89, "Huatli, Poet of Unity": 1470, "Fynn, the Fangbearer": 1167, "Plaza of Heroes": 2225, "Dragonhawk, Fate's Tempest": 811, "Fortune, Loyal Steed": 1134, "Inti, Seneschal of the Sun": 1525, "Misery's Shadow": 1927, "Withering Torment": 3519, "Hostile Investigator": 1466, "Decadent Dragon_SB": 687, "Sword of Once and Future": 2964, "Slagstorm_SB": 2725, "Pest Control": 2180, "Bloated Contaminator": 255, "Vraska Joins Up": 3449, "Infectious Bite": 1503, "Tyvar's Stand": 3253, "Necrogen Communion": 2008, "Darkstar Augur": 658, "Thirsting Roots_SB": 3097, "Vraska, Betrayal's Sting_SB": 3453, "Swiftfoot Boots_SB": 2959, "Getaway Glamer_SB": 1199, "Kaya, Spirits' Justice": 1626, "Restless Fortress": 2420, "Archangel of Wrath": 112, "Aven Interrupter": 162, "Shoot the Sheriff_SB": 2666, "Arahbo, the First Fang": 102, "Corpses of the Lost": 588, "Viashino Pyromancer": 3397, "Gev, Scaled Scorch": 1200, "Thought-Stalker Warlock_SB": 3110, "Fear of Impostors": 1022, "Defabricate_SB": 698, "Twist Reality_SB": 3240, "Jaya, Fiery Negotiator": 1582, "Agatha's Soul Cauldron_SB": 37, "The Cruelty of Gix_SB": 3039, "Mockingbird_SB": 1941, "The Stone Brain": 3082, "Bandit's Talent": 186, "Outcaster Trailblazer": 2118, "Goldvein Hydra": 1283, "Pugnacious Hammerskull": 2271, "Bloodthirsty Conqueror": 269, "Enduring Tenacity": 910, "Bloodletter of Aclazotz": 265, "Bottomless Pool // Locker Room": 315, "Nashi, Searcher in the Dark_SB": 2005, "Boltwave": 288, "Temple of Triumph": 3015, "Heartflame Duelist_SB": 1392, "Royal Treatment": 2490, "Rona, Herald of Invasion": 2479, "Honest Rutstein": 1454, "Jodah, the Unifier": 1591, "Myrel, Shield of Argive": 1994, "Hajar, Loyal Bodyguard": 1342, "Ruby, Daring Tracker": 2493, "Halana and Alena, Partners": 1344, "Inga and Esika": 1509, "Gwenna, Eyes of Gaea": 1341, "Jirina, Dauntless General": 1589, "Elas il-Kor, Sadistic Pilgrim": 870, "Melira, the Living Cure": 1889, "Relic of Legends": 2390, "Secluded Courtyard": 2603, "Hajar, Loyal Bodyguard_SB": 1343, "Elesh Norn_SB": 882, "Surrak and Goreclaw_SB": 2950, "Armored Armadillo": 128, "Toadstool Admirer": 3174, "Feather of Flight": 1036, "Guardian of New Benalia": 1334, "Unflinching Courage": 3284, "Curate": 635, "Ephara's Dispersal": 925, "Lightning Strike_SB": 1751, "Rite of the Dragoncaller": 2451, "Horned Loch-Whale": 1461, "Artist's Talent": 133, "Grabby Giant": 1294, "Crawling Barrens": 610, "Horned Loch-Whale_SB": 1462, "Feldon's Cane_SB": 1045, "Fires of Victory": 1087, "Capricious Hellraiser": 420, "Chandra, Hope's Beacon": 478, "Brass's Tunnel-Grinder": 333, "Season of Weaving": 2596, "Chandra, Flameshaper": 476, "Virtue of Knowledge_SB": 3409, "Aegis Turtle": 25, "Enter the Enigma": 921, "Venerated Rotpriest_SB": 3381, "Ivy, Gleeful Spellthief_SB": 1570, "Silent Hallcreeper_SB": 2683, "Dive Down_SB": 775, "The Swarmweaver": 3085, "Long Goodbye_SB": 1782, "Archangel of Tithes_SB": 111, "Island_SB": 1566, "Dissection Tools": 765, "Rebel Salvo_SB": 2358, "Roaring Furnace && Steaming Sauna_SB": 2465, "Basilisk Collar_SB": 201, "Entity Tracker_SB": 924, "Chrome Host Seedshark_SB": 502, "Drag to the Roots": 800, "Glarb, Calamity's Augur": 1243, "Insidious Fungus": 1517, "Muldrotha, the Gravetide": 1985, "Sire of Seven Deaths": 2697, "Fade from History_SB": 987, "Scrapshooter_SB": 2572, "Urgent Necropsy_SB": 3333, "Proft's Eidetic Memory": 2257, "Anointed Peacekeeper": 96, "Aether Channeler": 27, "Spring-Loaded Sawblades": 2821, "Assimilation Aegis_SB": 145, "Shore Up_SB": 2668, "Final Showdown": 1075, "Defiled Crypt && Cadaver Lab": 704, "Abuelo's Awakening": 7, "Confounding Riddle": 561, "Fallaji Archaeologist": 1001, "Omniscience": 2088, "Kitsa, Otterball Elite_SB": 1663, "Rona, Herald of Invasion_SB": 2480, "Season of Weaving_SB": 2597, "Unnerving Grasp_SB": 3300, "Overlord of the Balemurk_SB": 2130, "Thundertrap Trainer_SB": 3151, "Bitter Reunion_SB": 234, "Exuberant Fuseling": 980, "Turn Inside Out_SB": 3232, "Change the Equation": 484, "Bruse Tarl, Roving Rancher": 373, "Muerra, Trash Tactician": 1984, "The Irencrag": 3057, "Smuggler's Surprise_SB": 2745, "The Wandering Rescuer": 3088, "Ivy, Gleeful Spellthief": 1569, "Invasion of Theros": 1555, "Prophetic Prism": 2264, "Wishclaw Talisman_SB": 3513, "Coveted Falcon_SB": 605, "Abyssal Harvester": 9, "Adaptive Automaton": 17, "Grievous Wound": 1320, "Rush of Dread": 2505, "Three Tree Mascot": 3130, "Calix, Guided by Fate": 407, "Fear of Surveillance": 1031, "Ruin-Lurker Bat": 2495, "Invasion of Tolvada": 1556, "High Noon": 1438, "Oko, the Ringleader_SB": 2081, "Undead Sprinter": 3269, "Caught in the Crossfire_SB": 453, "Unstoppable Slasher_SB": 3309, "Royal Treatment_SB": 2491, "Distorted Curiosity": 767, "Whisper of the Dross": 3492, "Bring the Ending": 356, "Drown in Ichor": 832, "Prologue to Phyresis": 2262, "Vraska's Fall_SB": 3451, "Twitching Doll": 3244, "Vinereap Mentor": 3401, "Cankerbloom": 418, "Zul Ashur, Lich Lord": 3575, "Garruk's Uprising": 1177, "Defiler of Flesh": 709, "Vampire Nighthawk_SB": 3366, "Kraul Whipcracker_SB": 1684, "Tyvar's Stand_SB": 3254, "Vinereap Mentor_SB": 3402, "Kaito, Cunning Infiltrator": 1607, "Sanguine Evangelist_SB": 2535, "Mechanized Warfare": 1886, "Furnace Reins_SB": 1166, "Palani's Hatcher": 2157, "Trumpeting Carnosaur": 3225, "Temple of Malady": 3010, "Temple of Abandon": 3006, "Hunter's Talent_SB": 1475, "Case of the Gateway Express_SB": 436, "Painter's Studio // Defaced Gallery_SB": 2155, "Tender Wildguide": 3020, "Finneas, Ace Archer": 1081, "Arabella, Abandoned Doll": 99, "Elenda, Saint of Dusk": 877, "Kambal, Profiteering Mayor": 1612, "Skrelv's Hive": 2703, "Kambal, Profiteering Mayor_SB": 1613, "Kaya, Spirits' Justice_SB": 1627, "Blasphemous Edict": 242, "Kona, Rescue Beastie": 1679, "Glimpse the Core": 1255, "Cultivator's Caravan": 632, "Scene of the Crime": 2564, "Cankerbloom_SB": 419, "Felonious Rage": 1055, "Quick Draw_SB": 2290, "No One Left Behind": 2040, "Wail of the Forgotten": 3457, "Starscape Cleric": 2844, "Refute": 2379, "Aetherize": 31, "Citanul Stalwart": 508, "Rune-Scarred Demon": 2502, "Time Stop": 3155, "Massacre Wurm_SB": 1875, "River's Rebuke_SB": 2456, "Wear Down_SB": 3483, "Demolition Field_SB": 715, "Nashi, Searcher in the Dark": 2004, "Defiled Crypt && Cadaver Lab_SB": 705, "Marchesa, Dealer of Death": 1860, "Annie Flash, the Veteran_SB": 88, "Jirina, Dauntless General_SB": 1590, "Sun-Blessed Healer_SB": 2922, "Long River's Pull": 1783, "Abraded Bluffs": 6, "Blooming Blast": 273, "Manifold Mouse_SB": 1854, "Swooping Lookout": 2961, "Parting Gust_SB": 2161, "Combat Research": 551, "Recruitment Officer_SB": 2369, "Candy Trail": 416, "Collector's Vault": 542, "Conspiracy Unraveler": 567, "Matzalantli, the Great Door": 1877, "Reenact the Crime": 2377, "The Cruelty of Gix": 3038, "Long River's Pull_SB": 1784, "Demonic Ruckus_SB": 723, "Impact Tremors_SB": 1494, "Pick Your Poison": 2204, "The Elder Dragon War": 3041, "Dust Animus_SB": 845, "Don't Make a Sound": 783, "Crumb and Get It": 619, "Broodspinner_SB": 370, "Feed the Cycle_SB": 1041, "The Seedcore": 3075, "Annex Sentry": 85, "Slaughter Singer": 2726, "Jawbone Duelist": 1581, "Getaway Glamer": 1198, "Crawling Chorus": 611, "Fleeting Flight_SB": 1102, "Dewdrop Cure_SB": 744, "Divine Resilience_SB": 779, "Trash the Town_SB": 3209, "Arabella, Abandoned Doll_SB": 100, "Rankle's Prank": 2332, "Felidar Retreat": 1049, "Giant Growth": 1217, "Hinterland Sanctifier": 1442, "Ajani's Pridemate": 43, "Lifecreed Duo": 1744, "Disenchant_SB": 755, "Unwanted Remake_SB": 3315, "Squirming Emergence": 2829, "Bulk Up": 379, "Pugnacious Hammerskull_SB": 2272, "Torpor Orb_SB": 3193, "Filter Out_SB": 1073, "Anim Pakal, Thousandth Moon_SB": 82, "Exorcise": 961, "Wilt-Leaf Liege_SB": 3503, "Cosmic Rebirth": 598, "Luminous Rebuke": 1807, "Skrelv, Defector Mite_SB": 2706, "Sawblade Skinripper": 2544, "Alesha, Who Laughs at Fate": 53, "Kaya, Intangible Slayer": 1624, "Ashiok, Wicked Manipulator": 136, "Blasphemous Edict_SB": 243, "Loran of the Third Path": 1790, "Phyrexian Obliterator": 2199, "Tail Swipe": 2977, "Betrayer's Bargain_SB": 224, "Insatiable Avarice": 1515, "Lumra, Bellow of the Woods": 1809, "Terror Tide": 3025, "At Knifepoint_SB": 151, "Monstrous Rage_SB": 1968, "Mountain_SB": 1980, "Plains_SB": 2221, "Tolsimir, Midnight's Light": 3182, "Perforating Artist": 2175, "Temple of Silence": 3014, "Kellan's Lightblades_SB": 1637, "Sheoldred_SB": 2650, "Essence Channeler": 941, "Amalia Benavides Aguirre": 59, "Lunar Convocation": 1810, "Case of the Uneaten Feast": 443, "Raise the Past": 2312, "Scoured Barrens": 2570, "Restless Reef_SB": 2423, "Phyrexian Vindicator": 2201, "Bottomless Pool // Locker Room_SB": 316, "The Princess Takes Flight_SB": 3071, "Agrus Kos, Spirit of Justice": 41, "Terror Tide_SB": 3026, "Grand Entryway // Elegant Rotunda": 1300, "Virtue of Loyalty_SB": 3411, "Mischievous Mystic": 1926, "Hauntwoods Shrieker": 1377, "Valgavoth's Onslaught": 3345, "Balustrade Wurm_SB": 184, "Soul Search_SB": 2766, "Lost Jitte": 1797, "Vengeful Possession_SB": 3386, "Lord Skitter, Sewer King": 1795, "Darkstar Augur_SB": 659, "Unholy Annex // Ritual Chamber_SB": 3289, "Dreadmaw's Ire": 823, "Invasion of Gobakhan": 1544, "Felonious Rage_SB": 1056, "Obstinate Baloth": 2070, "The Infamous Cruelclaw": 3056, "Coiling Rebirth": 534, "Evangel of Synthesis": 954, "Urborg Scavengers": 3327, "Zetalpa, Primal Dawn": 3564, "Lively Dirge": 1769, "Sphinx of the Final Word_SB": 2799, "Hunter's Talent": 1474, "Hostile Investigator_SB": 1467, "Thundering Falls_SB": 3147, "Temple of Malice": 3011, "Homicide Investigator_SB": 1453, "Bramble Familiar": 327, "Cityscape Leveler": 509, "Kaito, Dancing Shadow_SB": 1610, "One with the Multiverse": 2091, "Walk with the Ancestors": 3458, "Strangled Cemetery": 2893, "Assassin's Trophy_SB": 142, "Meathook Massacre II_SB": 1885, "Phyrexian Arena_SB": 2191, "Anim Pakal, Thousandth Moon": 81, "Black Sun's Twilight": 237, "Gingerbrute": 1225, "Surge Engine": 2940, "Teething Wurmlet": 3000, "Tough Cookie": 3194, "Repulsive Mutation": 2401, "Monstrous Emergence": 1965, "Repulsive Mutation_SB": 2402, "Sylvan Scavenging_SB": 2970, "Spectral Sailor": 2787, "Magebane Lizard_SB": 1829, "Razorkin Needlehead_SB": 2346, "Guardian of Ghirapur": 1333, "Ruthless Lawbringer": 2509, "Felidar Retreat_SB": 1050, "Etched Cornfield": 949, "Errant and Giada": 930, "Malcolm, Alluring Scoundrel": 1845, "Plumecreed Escort": 2226, "Werefox Bodyguard": 3488, "Plumecreed Escort_SB": 2227, "Wilt-Leaf Liege": 3502, "Axebane Ferox_SB": 170, "Gumdrop Poisoner_SB": 1340, "Fireglass Mentor": 1086, "Magebane Lizard": 1828, "Ravine Raider": 2343, "Scales of Shale": 2553, "Valley Flamecaller": 3351, "Valley Rotcaller": 3357, "Ghost Vacuum": 1209, "Bloodletter of Aclazotz_SB": 266, "Temple of Deceit": 3007, "Kaito, Dancing Shadow": 1609, "Final Flourish_SB": 1074, "Time Stop_SB": 3156, "Drag the Canal_SB": 798, "Unnatural Restoration_SB": 3298, "Infectious Inquiry_SB": 1506, "Urborg Scavengers_SB": 3328, "Crash Through": 607, "Rogue's Passage": 2472, "Vampire Nighthawk": 3365, "Phyrexian Arena": 2190, "Render Inert": 2396, "Phyrexian Obliterator_SB": 2200, "Titania, Voice of Gaea": 3170, "Argoth, Sanctum of Nature": 125, "Loot, Exuberant Explorer": 1786, "Polukranos Reborn_SB": 2237, "Founding the Third Path_SB": 1136, "Geological Appraiser": 1191, "Satoru, the Infiltrator": 2540, "Archfiend of the Dross_SB": 117, "Charge of the Mites": 488, "Expel the Interlopers": 964, "Annex Sentry_SB": 86, "Vraska, the Silencer": 3454, "Binding Negotiation": 228, "Vadmir, New Blood": 3340, "Kaervek, the Punisher": 1604, "Festering Gulch": 1061, "Arid Archway": 126, "Ball Lightning": 179, "Koth, Fire of Resistance_SB": 1682, "Overlord of the Boilerbilges_SB": 2132, "Wishclaw Talisman": 3512, "Buried in the Garden": 384, "Bristly Bill, Spine Sower": 362, "Tyvar, the Pummeler": 3256, "Polukranos Reborn": 2236, "Bite Down": 231, "Bite Down_SB": 232, "Gaea's Gift": 1169, "Trash the Town": 3208, "Kitesail Larcenist_SB": 1660, "Molten Collapse_SB": 1946, "Not Dead After All": 2049, "Splitskin Doll": 2816, "Legion Extruder": 1721, "Thousand Moons Smithy_SB": 3114, "Niv-Mizzet, Supreme": 2036, "Blazing Crescendo_SB": 248, "Terror of the Peaks": 3027, "Boros Charm_SB": 306, "Simulacrum Synthesizer": 2691, "Thran Spider": 3119, "Fabrication Foundry": 986, "The Mightstone and Weakstone": 3064, "Unstable Glyphbridge": 3305, "Braided Net": 322, "Glass Casket": 1245, "Assimilation Aegis": 144, "Urza, Lord Protector": 3339, "Fomori Vault": 1119, "Argentum Masticore_SB": 124, "Choking Miasma": 499, "Blightbelly Rat": 252, "Vraska's Fall": 3450, "Infectious Inquiry": 1505, "Unnatural Restoration": 3297, "Whisper of the Dross_SB": 3493, "Overprotect_SB": 2140, "Carnivorous Canopy_SB": 428, "Pillage the Bog_SB": 2214, "Shore Up": 2667, "Scrawling Crawler": 2574, "Dawn's Truce": 662, "Dawn's Truce_SB": 663, "Final Showdown_SB": 1076, "Hollow Scavenger": 1451, "Bristlebud Farmer": 359, "Night of the Sweets' Revenge": 2028, "Genesis Wave": 1190, "Archdruid's Charm_SB": 115, "Seized from Slumber_SB": 2613, "Rip, Spawn Hunter": 2445, "Bartolom\u00e9 del Presidio": 197, "Eaten Alive": 857, "Funeral Room // Awakening Hall": 1160, "Market Gnome": 1864, "Nezumi Linkbreaker": 2026, "Infestation Sage": 1507, "Outlaw Medic": 2119, "Vengeful Bloodwitch": 3383, "Cathar Commando_SB": 451, "Intrepid Paleontologist": 1534, "Ghalta, Primal Hunger": 1202, "Triumphant Chomp": 3221, "Ixalli's Lorekeeper": 1571, "Bolt Bend_SB": 287, "Persistent Marshstalker": 2179, "Karumonix, the Rat King": 1623, "Lilypad Village": 1761, "Argentum Masticore": 123, "Hedron Archive": 1397, "The Mycosynth Gardens": 3068, "Hall of Tagsin": 1347, "Tomakul Honor Guard": 3183, "Cathar Commando": 450, "Knight of Grace": 1667, "Vaultborn Tyrant_SB": 3375, "Feldon's Cane": 1044, "Treasure Map": 3213, "Neutralize the Guards": 2020, "Ayli, Eternal Pilgrim": 172, "The Enigma Jewel": 3045, "Shipwreck Dowser": 2654, "Starfall Invocation": 2841, "Disturbing Conversion": 770, "Eerie Interference_SB": 865, "Builder's Talent_SB": 378, "Abuelo's Awakening_SB": 8, "Highway Robbery_SB": 1441, "Dreadmaw's Ire_SB": 824, "Smash to Dust_SB": 2740, "Razorkin Needlehead": 2345, "Chainsaw": 474, "Captain Storm, Cosmium Raider": 423, "Corsair Captain": 595, "Gleaming Geardrake": 1251, "Malcolm, the Eyes": 1847, "Staunch Crewmate": 2853, "Witness Protection_SB": 3522, "Lost Jitte_SB": 1798, "Imodane's Recruiter_SB": 1492, "Untimely Malfunction": 3312, "Banishing Light_SB": 189, "Imprisoned in the Moon_SB": 1497, "Inquisitive Glimmer_SB": 1514, "Refute_SB": 2380, "Hugs, Grisly Guardian": 1471, "Kogla and Yidaro": 1672, "Witness Protection": 3521, "Oblivious Bookworm": 2068, "Growing Dread": 1326, "Bubble Smuggler": 376, "Manifest Dread": 1852, "Cryptid Inspector": 627, "Exit Specialist": 960, "Cursed Windbreaker": 640, "Break Down the Door": 343, "Surrak and Goreclaw": 2949, "Gaea's Gift_SB": 1170, "Hard-Hitting Question_SB": 1360, "Banner of Kinship": 190, "Burrowguard Mentor": 390, "Hazardroot Herbalist": 1380, "Hop to It": 1455, "Lupinflower Village": 1813, "Rabbit Response": 2294, "Treeguard Duo": 3214, "Uncharted Haven": 3267, "Warren Elder": 3473, "Head of the Homestead": 1384, "Head of the Homestead_SB": 1385, "Solphim, Mayhem Dominus": 2754, "Grab the Prize_SB": 1293, "Stroke of Midnight_SB": 2899, "Temple of Enlightenment": 3008, "Delney, Streetwise Lookout": 711, "Hare Apparent": 1362, "No Witnesses": 2042, "Stroke of Midnight": 2898, "Impact Tremors": 1493, "Gix, Yawgmoth Praetor_SB": 1235, "Greta, Sweettooth Scourge": 1319, "Sweettooth Witch": 2956, "Experimental Confectioner": 967, "Mintstrosity": 1918, "Scream Puff": 2576, "Gingerbread Hunter": 1224, "Back for Seconds": 177, "Welcome to Sweettooth": 3487, "Spider Food": 2800, "Feed the Cauldron": 1039, "Return from the Wilds": 2436, "Savor": 2543, "Three Bowls of Porridge": 3126, "Eriette's Tempting Apple": 928, "Not Dead After All_SB": 2050, "Sugar Rush_SB": 2907, "Candy Grapple_SB": 415, "Hero's Downfall_SB": 1421, "Fell_SB": 1053, "Murder_SB": 1988, "Crystal Barricade": 628, "Green Sun's Twilight_SB": 1314, "Koma, World-Eater_SB": 1678, "Sire of Seven Deaths_SB": 2698, "Unyielding Gatekeeper": 3316, "Ghalta and Mavren": 1201, "Progenitus": 2260, "Hide in Plain Sight": 1432, "Threats Around Every Corner": 3123, "Blossoming Sands": 278, "Evolving Wilds": 957, "Temple of Plenty": 3013, "Cheeky House-Mouse_SB": 495, "Bloodfeather Phoenix": 260, "Massacre Girl, Known Killer": 1872, "Rakdos, the Muscle": 2318, "Rakdos, the Muscle_SB": 2319, "Rakdos Joins Up_SB": 2316, "Massacre Girl, Known Killer_SB": 1873, "Dryad Militant": 835, "Trostani, Three Whispers": 3224, "Stormsplitter": 2891, "Deadly Brew": 672, "Ral's Reinforcements": 2322, "Corrupted Conviction_SB": 594, "Kogla and Yidaro_SB": 1673, "Deadly Brew_SB": 673, "Rat Out_SB": 2334, "Lich-Knights' Conquest": 1742, "Fugitive Codebreaker_SB": 1156, "Seize the Spoils": 2611, "Abandoned Campground": 1, "Kitnap_SB": 1661, "Zurgo and Ojutai_SB": 3579, "Oakhollow Village": 2062, "Pollen-Shield Hare": 2232, "Seasoned Warrenguard": 2601, "Valley Mightcaller": 3355, "Kutzil, Malamet Exemplar_SB": 1696, "Necrogen Rotpriest": 2009, "Contagious Vorrac": 570, "Armored Scrapgorger_SB": 131, "Forest_SB": 1127, "Invasion of Fiora_SB": 1543, "Lonely Arroyo": 1780, "The Millennium Calendar_SB": 3066, "Ruin-Lurker Bat_SB": 2496, "Leonin Vanguard_SB": 1728, "Veteran Survivor_SB": 3393, "Eaten by Piranhas_SB": 859, "Kiora, the Rising Tide_SB": 1656, "Surgical Suite && Hospital Room": 2945, "Invasion of Amonkhet": 1538, "Heroic Reinforcements_SB": 1424, "Quintorius Kand_SB": 2293, "Soul Search": 2765, "Roaming Throne_SB": 2462, "Tinybones, Bauble Burglar": 3161, "Micromancer": 1905, "Tinybones, the Pickpocket_SB": 3164, "Scrawling Crawler_SB": 2575, "Evolved Sleeper": 955, "Friendly Teddy": 1146, "Rankle's Prank_SB": 2333, "Consumed by Greed_SB": 568, "Razorlash Transmogrant_SB": 2348, "Invasion of Ergamon": 1542, "Tail Swipe_SB": 2978, "Break Out_SB": 345, "Flamewake Phoenix_SB": 1096, "Beastie Beatdown_SB": 212, "Flamecache Gecko": 1093, "Scales of Shale_SB": 2554, "Hearthborn Battler_SB": 1395, "Vengeful Possession": 3385, "Rabid Gnaw_SB": 2297, "Repair and Recharge": 2399, "Step Between Worlds_SB": 2861, "Moment of Craving_SB": 1951, "Vial Smasher, Gleeful Grenadier": 3395, "Magda, the Hoardmaster": 1827, "Hellspur Brute": 1402, "At Knifepoint": 150, "Rattleback Apothecary": 2337, "Hellspur Posse Boss": 1404, "Hellspur Brute_SB": 1403, "Cynical Loner_SB": 644, "Lively Dirge_SB": 1770, "Astor, Bearer of Blades": 146, "Bladehold War-Whip": 240, "Kellan, the Fae-Blooded": 1643, "Kemba, Kha Enduring": 1645, "Rebel Salvo": 2357, "Lavaspur Boots": 1710, "Swiftfoot Boots": 2958, "Sword of Forge and Frontier": 2962, "Astor, Bearer of Blades_SB": 147, "Hidetsugu and Kairi": 1434, "Consuming Aberration": 569, "Cease // Desist": 465, "Knight of Dusk's Shadow": 1665, "Soul-Guide Lantern": 2768, "No One Left Behind_SB": 2041, "Season of Gathering_SB": 2593, "Dusk Legion Duelist": 841, "Stocking the Pantry": 2871, "Botanical Brawler": 311, "Tribute to the World Tree": 3218, "Railway Brawler": 2311, "Collector's Cage_SB": 541, "Throne of the Grim Captain": 3136, "Desperate Bloodseeker": 730, "Rampaging Spiketail": 2329, "Barkform Harvester": 194, "Fae Flight_SB": 989, "Phoenix Chick": 2188, "Squee, Dubious Monarch_SB": 2828, "Blooming Blast_SB": 274, "Enduring Tenacity_SB": 911, "Rush of Dread_SB": 2506, "Generous Plunderer": 1189, "Ghired, Mirror of the Wilds": 1205, "Portent of Calamity": 2243, "Luminous Rebuke_SB": 1808, "Tocasia's Welcome": 3177, "Patchwork Banner": 2162, "Hop to It_SB": 1456, "Desecration Demon": 728, "Dragonmaster Outcast": 814, "Inspiring Overseer": 1521, "Insatiable Avarice_SB": 1516, "Cityscape Leveler_SB": 510, "Nahiri's Resolve_SB": 2000, "Scrapwork Mutt": 2573, "Syr Ginger, the Meal Ender": 2974, "Piggy Bank": 2208, "Dowsing Device": 793, "Demand Answers": 713, "Saheeli, Filigree Master_SB": 2524, "Rakdos Guildgate": 2314, "Izzet Guildgate": 1574, "Selesnya Guildgate": 2614, "Orzhov Guildgate": 2106, "Gruul Guildgate": 1329, "Boros Guildgate": 308, "Azorius Guildgate": 174, "Dimir Guildgate": 748, "Golgari Guildgate": 1286, "Maze's End": 1879, "Circuitous Route": 507, "Expedition Map": 963, "Spelunking": 2796, "Tatyova, Benthic Druid": 2993, "Slagstorm": 2724, "Braids, Arisen Nightmare_SB": 325, "Obyra, Dreaming Duelist": 2072, "Knight of Dusk's Shadow_SB": 1666, "Union of the Third Path": 3292, "Volatile Fault": 3431, "Repel Calamity_SB": 2400, "An Offer You Can't Refuse": 66, "Malcolm, Alluring Scoundrel_SB": 1846, "The Monumental Facade": 3067, "Sardian Cliffstomper": 2536, "Magmatic Sprinter": 1835, "Churning Reservoir": 503, "Sardian Cliffstomper_SB": 2537, "Monastery Swiftspear_SB": 1962, "Magmatic Sprinter_SB": 1836, "Churning Reservoir_SB": 504, "Zoyowa's Justice": 3574, "Trial of Agony": 3216, "Ojer Axonil, Deepest Might": 2077, "Brazen Collector": 338, "Urabrask": 3320, "Firebrand Archer": 1084, "Hidetsugu's Second Rite_SB": 1437, "Leyline of Resonance_SB": 1735, "Ancestors' Aid_SB": 72, "Slickshot Show-Off_SB": 2738, "Dwynen's Elite": 851, "Leaf-Crowned Visionary": 1717, "Elvish Archdruid": 893, "Imperious Perfect": 1495, "Lathril, Blade of the Elves": 1705, "Tyvar the Bellicose": 3252, "Give In to Violence_SB": 1231, "Dust Animus": 844, "Tribute to the World Tree_SB": 3219, "Call a Surprise Witness": 408, "Giant Cindermaw_SB": 1216, "Samut, Vizier of Naktamun": 2529, "Primal Might": 2249, "Ego Drain_SB": 867, "Hulking Metamorph": 1472, "Rest in Peace": 2413, "Surge Engine_SB": 2941, "Fake Your Own Death": 1000, "Volcanic Spite": 3433, "Grab the Prize": 1292, "Taii Wakeen, Perfect Shot": 2976, "Unruly Catapult": 3301, "Glassworks // Shattered Yard_SB": 1248, "Goddric, Cloaked Reveler": 1277, "Dwynen, Gilt-Leaf Daen": 852, "Scrapshooter": 2571, "Sharp-Eyed Rookie": 2640, "Evolving Adaptive": 956, "Garruk's Uprising_SB": 1178, "Rakdos Joins Up": 2315, "Kroxa and Kunoros": 1690, "Hexgold Halberd": 1426, "Searslicer Goblin_SB": 2591, "Take for a Ride_SB": 2983, "Wojek Investigator": 3523, "Rustler Rampage": 2507, "Calamity's Wake_SB": 404, "Recommission_SB": 2367, "Steamcore Scholar": 2855, "Abhorrent Oculus_SB": 3, "Heroic Reinforcements": 1423, "The Wandering Rescuer_SB": 3089, "Sun-Blessed Healer": 2921, "Oracle of Tragedy": 2099, "Tarrian's Journal": 2991, "Felidar Cub": 1047, "Knight-Errant of Eos_SB": 1670, "Dusk Rose Reliquary_SB": 843, "Ruthless Lawbringer_SB": 2510, "Felidar Cub_SB": 1048, "Banishing Light": 188, "Worldwalker Helm": 3527, "Torch the Witness": 3189, "Detective's Satchel": 737, "Forensic Gadgeteer_SB": 1124, "Ice Out_SB": 1483, "Make Your Own Luck": 1841, "Ygra, Eater of All": 3544, "Ankle Biter": 84, "Axebane Ferox": 169, "Maha, Its Feathers Night": 1838, "Daggerfang Duo": 645, "Moonstone Harbinger": 1973, "Pestilent Syphoner": 2182, "Hoarding Recluse": 1448, "Deathbloom Gardener": 681, "Drown in Ichor_SB": 833, "Llanowar Elves_SB": 1773, "Bonehoard Dracosaur_SB": 295, "Norin, Swift Survivalist": 2045, "Trapped in the Screen": 3206, "Ragged Playmate": 2308, "Trapped in the Screen_SB": 3207, "Ragged Playmate_SB": 2309, "Norin, Swift Survivalist_SB": 2046, "Splitskin Doll_SB": 2817, "Fear of Surveillance_SB": 1032, "Grand Entryway // Elegant Rotunda_SB": 1301, "Wandertale Mentor": 3461, "Vodalian Mindsinger_SB": 3426, "Pile On": 2209, "Skyfisher Spider": 2715, "Skyfisher Spider_SB": 2716, "Unauthorized Exit": 3265, "Let's Play a Game_SB": 1730, "Chart a Course_SB": 493, "Peerless Recycling_SB": 2171, "Johann's Stopgap_SB": 1593, "Flow of Knowledge_SB": 1114, "Cruel Somnophage": 616, "Festerleech": 1062, "Writhing Necromass": 3537, "Fallaji Archaeologist_SB": 1002, "Sporogenic Infection": 2818, "Surgical Suite // Hospital Room": 2947, "Aftermath Analyst": 34, "Worldsoul's Rage": 3525, "Inspiration from Beyond": 1520, "Virtue of Strength": 3414, "Nissa, Resurgent Animist": 2035, "Escape Tunnel": 936, "Terramorphic Expanse": 3024, "Bonny Pall, Clearcutter_SB": 297, "Razorlash Transmogrant": 2347, "Shrouded Shepherd": 2673, "Glimmerlight": 1254, "Wardens of the Cycle": 3468, "Warhost's Frenzy": 3470, "Great Train Heist": 1310, "Zurgo and Ojutai": 3578, "Think Twice_SB": 3093, "Dead Weight_SB": 671, "Colossal Rattlewurm": 546, "Freestrider Lookout": 1141, "Valgavoth, Terror Eater_SB": 3348, "The Tale of Tamiyo": 3087, "Contaminated Aquifer": 571, "The Dross Pits": 3040, "The Surgical Bay": 3084, "Case of the Ransacked Lab": 440, "Ertai's Scorn_SB": 935, "Fecund Greenshell": 1038, "Saheeli, Filigree Master": 2523, "Fumigate": 1158, "Enduring Courage_SB": 905, "War Squeak_SB": 3464, "Spirebluff Canal_SB": 2809, "Fiendish Panda": 1066, "Ashnod's Harvester": 138, "Blazing Crescendo": 247, "Ajani, Sleeper Agent": 47, "Ajani, Sleeper Agent_SB": 48, "Chandra, Flameshaper_SB": 477, "Case of the Locked Hothouse_SB": 438, "Vampire Gourmand": 3363, "Vraan, Executioner Thane": 3448, "Eaten Alive_SB": 858, "Geralf, the Fleshwright": 1192, "Geralf, the Fleshwright_SB": 1193, "Claim Jumper_SB": 513, "Mirrex_SB": 1923, "Tectonic Hazard": 2998, "Boltwave_SB": 289, "Chainsaw_SB": 475, "Mosswood Dreadknight_SB": 1978, "Herald of Eternal Dawn": 1409, "Stormchaser's Talent_SB": 2884, "Phyrexian Missionary": 2197, "Etali's Favor": 945, "Sheoldred": 2645, "Fleeting Flight": 1101, "Lost in the Maze_SB": 1800, "Cactarantula": 399, "Stromkirk Noble": 2900, "Defiler of Dreams_SB": 708, "Lithomantic Barrage": 1766, "Enduring Vitality_SB": 913, "Ojer Pakpatiq, Deepest Epoch": 2078, "Disturbing Conversion_SB": 771, "See Double_SB": 2604, "Twinflame Tyrant": 3236, "Koth, Fire of Resistance": 1681, "Chandra, Hope's Beacon_SB": 479, "Wylie Duke, Atiin Hero": 3538, "Stoke the Flames": 2876, "Urza's Sylex": 3337, "Volatile Fault_SB": 3432, "Omen Hawker": 2084, "Audience with Trostani_SB": 156, "Leyline of the Void": 1739, "Sentinel of Lost Lore": 2617, "Jagged Barrens": 1580, "Virtue of Knowledge": 3408, "Hired Claw_SB": 1445, "Valgavoth's Onslaught_SB": 3346, "Kutzil's Flanker": 1693, "Extraordinary Journey": 978, "Gold Pan": 1281, "Extraordinary Journey_SB": 979, "Nurturing Pixie_SB": 2059, "Moonshaker Cavalry": 1971, "Elusive Otter": 891, "Pearl of Wisdom": 2168, "Fear of Lost Teeth": 1028, "Horrid Vigor": 1463, "Flesh Burrower": 1103, "Let's Play a Game": 1729, "Winter's Intervention": 3508, "Grasping Longneck": 1302, "Wickerfolk Thresher": 3496, "Cackling Slasher": 396, "Fear of the Dark": 1033, "Balemurk Leech": 178, "Give In to Violence": 1230, "Innocuous Rat": 1512, "Bashful Beastie": 199, "Defiant Survivor": 702, "Meathook Massacre II": 1884, "Vile Mutilator": 3400, "Healer's Hawk": 1386, "Adamant Will": 16, "Dazzling Angel": 668, "Goldvein Pick": 1285, "Marauding Blight-Priest": 1858, "Moment of Triumph": 1953, "Pilfer": 2211, "Public Thoroughfare": 2270, "Roaming Throne": 2461, "Undying Malice": 3281, "Angel of Finality_SB": 77, "Cancel_SB": 414, "Opt_SB": 2095, "Requisition Raid": 2404, "Anointed Peacekeeper_SB": 97, "Connecting the Dots_SB": 564, "Regal Bunnicorn_SB": 2382, "Analyze the Pollen_SB": 70, "Corpses of the Lost_SB": 589, "Anthem of Champions": 98, "Mistbreath Elder": 1933, "Bushwhack_SB": 394, "Mistbreath Elder_SB": 1934, "Realmbreaker's Grasp_SB": 2353, "Treeguard Duo_SB": 3215, "Stickytongue Sentinel_SB": 2865, "Sunshower Druid_SB": 2934, "Tumbleweed Rising_SB": 3226, "Polliwallop_SB": 2234, "Leyline of Transformation": 1737, "Saheeli's Lattice": 2522, "Hopeless Nightmare_SB": 1460, "Thrill of Possibility": 3134, "Etali, Primal Storm_SB": 948, "Idyllic Beachfront": 1486, "Dismal Backwater": 758, "Pelakka Wurm": 2172, "Extract a Confession_SB": 977, "Soul-Shackled Zombie_SB": 2771, "Unauthorized Exit_SB": 3266, "Jump Scare_SB": 1602, "Progenitus_SB": 2261, "Dewdrop Cure": 743, "Harvestrite Host": 1369, "Family Reunion_SB": 1003, "Hinterland Sanctifier_SB": 1443, "Planar Disruption_SB": 2223, "Cut Short_SB": 643, "Deathcap Marionette": 682, "Ichor Drinker": 1484, "Jungle Hollow": 1603, "Urborg Repossession": 3325, "Urborg Repossession_SB": 3326, "Voracious Varmint_SB": 3443, "Ambush Wolf_SB": 63, "Annihilating Glare": 91, "Fanatical Offering": 1006, "Sword of Wealth and Power": 2966, "Pilfer_SB": 2212, "Empyrean Eagle": 898, "Tranquil Cove": 3200, "Deadly Riposte_SB": 678, "Griffnaut Tracker_SB": 1322, "Shroudstomper": 2675, "Invasion of Regatha": 1551, "Hidetsugu's Second Rite": 1436, "Makeshift Binding": 1842, "Nettle Guard_SB": 2019, "Lassoed by the Law": 1702, "Mabel's Mettle": 1819, "The Huntsman's Redemption": 3054, "Cunning Coyote": 633, "Skulduggery": 2707, "Skulduggery_SB": 2708, "Beseech the Mirror_SB": 220, "Dead Weight": 670, "Minor Misstep": 1916, "Hopeful Vigil": 1458, "Restricted Office // Lecture Hall": 2432, "Central Elevator // Promising Stairs": 470, "Creeping Peeper": 612, "Underwater Tunnel // Slimy Aquarium": 3280, "Erratic Apparition": 931, "Dazzling Theater // Prop Room": 669, "Fear of Falling": 1021, "Fear of Abduction": 1017, "Lionheart Glimmer": 1764, "Gremlin Tamer_SB": 1318, "Tunnel Surveyor_SB": 3230, "Stalked Researcher_SB": 2837, "Chrome Host Seedshark": 501, "Corrupt": 592, "Ruthless Negotiation": 2511, "Seeker's Folly": 2607, "Polluted Delta": 2235, "Scalding Tarn": 2550, "Misty Rainforest": 1938, "Bloodstained Mire": 268, "Watery Grave": 3480, "Steam Vents": 2854, "Sink into Stupor": 2694, "Spell Snare": 2790, "Unearth": 3282, "Thoughtseize": 3111, "Fatal Push": 1012, "Faithless Looting": 999, "Tamiyo, Inquisitive Student": 2988, "Psychic Frog": 2268, "Counterspell": 603, "Persist": 2178, "Force of Negation": 1120, "Brazen Borrower": 336, "Archon of Cruelty": 119, "Nihil Spellbomb_SB": 2031, "Surgical Extraction_SB": 2944, "Consign to Memory_SB": 566, "Harbinger of the Seas_SB": 1356, "Stern Scolding_SB": 2864, "Fable of the Mirror-Breaker_SB": 984, "Arena of Glory": 122, "Blazing Rootwalla": 249, "Burning Inquiry": 386, "Detective's Phoenix": 736, "Flameblade Adept": 1092, "Goblin Lore": 1273, "Hollow One": 1450, "Lightning Bolt": 1747, "Stomping Ground": 2877, "Street Wraith": 2896, "Vengevine": 3387, "Wooded Foothills": 3524, "Cursed Totem_SB": 639, "Meltdown_SB": 1891, "Obsidian Charmaw_SB": 2069, "Arid Mesa": 127, "Barbarian Ring": 192, "Sunbaked Canyon": 2923, "Eidolon of the Great Revel": 868, "Goblin Guide": 1272, "Lava Spike": 1709, "Rift Bolt": 2441, "Searing Blaze": 2588, "Skewer the Critics": 2699, "Skullcrack": 2711, "Flare of Duplication": 1097, "Smash to Smithereens_SB": 2741, "Faerie Macabre_SB": 994, "Ensnaring Bridge_SB": 919, "Indomitable Creativity": 1500, "Prismatic Ending": 2255, "Wrenn and Six": 3534, "Fable of the Mirror-Breaker": 983, "Blood Crypt": 257, "Sacred Foundry": 2517, "Xander's Lounge": 3539, "Jetmir's Garden": 1587, "Dwarven Mine": 850, "Flooded Strand": 1105, "Boseiju, Who Endures_SB": 310, "Toxic Deluge_SB": 3196, "Hurkyl's Recall_SB": 1476, "Damping Sphere_SB": 649, "Cling to Dust": 525, "Harbinger of the Seas": 1355, "Marsh Flats": 1869, "Murktide Regent": 1989, "Otawara, Soaring City": 2114, "Preordain": 2248, "Thought Scour": 3108, "Engineered Explosives_SB": 916, "Mystical Dispute_SB": 1997, "Spell Pierce_SB": 2789, "The Meathook Massacre_SB": 3063, "Orcish Bowmasters": 2101, "Ocelot Pride": 2073, "Godless Shrine": 1278, "Guide of Souls": 1335, "Seasoned Pyromancer": 2600, "Ajani, Nacatl Pariah": 46, "Phelia, Exuberant Shepherd": 2186, "Phlage, Titan of Fire's Fury": 2187, "Galvanic Discharge": 1173, "Goblin Bombardment": 1269, "Thraben Charm": 3115, "Orim's Chant_SB": 2103, "Wrath of the Skies_SB": 3530, "Thoughtseize_SB": 3112, "Showdown of the Skalds_SB": 2671, "Wear // Tear_SB": 3482, "Legion Loyalist": 1723, "Goblin Bushwhacker": 1270, "Devastating Summons": 739, "Reckless Bushwhacker": 2359, "Goblin Grenade": 1271, "Goblin Piledriver": 1275, "Mogg War Marshal": 1942, "Skirk Prospector": 2700, "Foundry Street Denizen": 1137, "Den of the Bugbear": 724, "Sokenzan, Crucible of Defiance": 2751, "Tormod's Crypt_SB": 3191, "Shattering Spree_SB": 2642, "Blood Moon_SB": 258, "Magus of the Moon_SB": 1837, "Reality Hemorrhage_SB": 2351, "Boseiju, Who Endures": 309, "Ziatora's Proving Ground": 3566, "Veil of Summer_SB": 3376, "Terastodon_SB": 3021, "Consider": 565, "Graveyard Trespasser": 1304, "Exquisite Firecraft_SB": 972, "Searing Blood_SB": 2589, "Tunnel Ignus_SB": 3228, "Ragavan, Nimble Pilferer": 2306, "Static Prison": 2850, "Showdown of the Skalds": 2670, "Windswept Heath": 3507, "Fear, Fire, Foes!_SB": 1034, "Drannith Magistrate_SB": 821, "Stony Silence_SB": 2878, "Primeval Titan": 2252, "Amulet of Vigor": 65, "Arboreal Grazer": 105, "Dryad of the Ilysian Grove": 836, "Summoner's Pact": 2920, "Hanweir Battlements": 1353, "Shifting Woodland": 2651, "Mirrorpool": 1925, "Urza's Saga": 3336, "Crumbling Vestige": 621, "Gruul Turf": 1331, "Simic Growth Chamber": 2689, "Lotus Field": 1801, "Tolaria West": 3179, "Vesuva": 3389, "Valakut, the Molten Pinnacle": 3341, "Scapeshift": 2555, "Dryad Arbor": 834, "Green Sun's Zenith": 1315, "Echoing Deeps": 860, "Vexing Bauble": 3394, "Bojuka Bog_SB": 286, "Dismember_SB": 759, "Vampires' Vengeance_SB": 3367, "Hexdrinker_SB": 1425, "Colossal Skyturtle_SB": 547, "Generous Ent_SB": 1188, "Collector Ouphe_SB": 539, "Endurance_SB": 903, "Grist, the Hunger Tide_SB": 1325, "Force of Vigor_SB": 1121, "Chained to the Rocks": 472, "Chained to the Rocks_SB": 473, "Ragavan, Nimble Pilferer_SB": 2307, "Explore": 970, "Urza's Cave": 3334, "Defense Grid_SB": 701, "Tireless Tracker_SB": 3165, "Lukka, Bound to Ruin_SB": 1804, "Giant Growth_SB": 1218, "Duelist of the Mind": 837, "Over the Edge_SB": 2124, "Poison Dart Frog_SB": 2230, "Bloodfell Caves": 262, "Offer Immortality": 2074, "Come Back Wrong": 553, "Glassworks // Shattered Yard": 1247, "Raucous Carnival_SB": 2340, "Beamtown Beatstick": 209, "Diamond Pick-Axe": 746, "Sunfire Torch": 2929, "Celestial Armor": 468, "Carrot Cake_SB": 431, "Edgewall Inn": 864, "Grievous Wound_SB": 1321, "Goliath Hatchery_SB": 1288, "Cathartic Parting_SB": 452, "Balmor, Battlemage Captain": 181, "Stormcatch Mentor": 2882, "Bria, Riptide Rogue": 351, "Freeze in Place": 1142, "Relic's Roar": 2393, "Run Away Together_SB": 2498, "Scalding Viper_SB": 2552, "Talion, the Kindly Lord": 2987, "Slice from the Shadows": 2733, "Halo Hopper": 1350, "Hellspur Posse Boss_SB": 1405, "Defabricate": 697, "Grand Abolisher": 1297, "Unnerving Grasp": 3299, "Aspirant's Ascent": 140, "Charge of the Mites_SB": 489, "Giant Cindermaw": 1215, "Hammerhand_SB": 1352, "Heartfire Hero_SB": 1389, "Inti, Seneschal of the Sun_SB": 1526, "Pests of Honor": 2183, "Nettle Guard": 2018, "Three Blind Mice": 3124, "Emberheart Challenger_SB": 896, "Dauntless Dismantler_SB": 661, "Phoenix Chick_SB": 2189, "Gleaming Barrier": 1249, "Painful Quandary": 2150, "Gleaming Barrier_SB": 1250, "Solemn Simulacrum_SB": 2753, "Fear of Being Hunted": 1018, "Twinferno_SB": 3235, "Sure Strike_SB": 2939, "Mirran Banesplitter": 1920, "Heartfire Immolator": 1390, "Dwarven Forge-Chanter": 849, "Whiskerquill Scribe": 3490, "Sure Strike": 2938, "Ghitu Amplifier": 1206, "Furious Bellow": 1162, "Ancestors' Aid": 71, "Keldon Flamesage": 1633, "Brambleguard Captain": 329, "Johann, Apprentice Sorcerer": 1594, "Kraum, Violent Cacophony": 1685, "Razzle-Dazzler": 2350, "Vesuvan Drifter": 3390, "Snaremaster Sprite": 2748, "Thopter Mechanic": 3102, "Nightwhorl Hermit": 2030, "Iron-Fist Pulverizer": 1562, "Pyrotechnic Performer": 2281, "Fear of Burning Alive": 1020, "Swiftwater Cliffs": 2960, "Molten Tributary": 1949, "Peculiar Lighthouse": 2169, "Restless Spire": 2426, "Fiery Annihilation": 1069, "Seize the Secrets": 2610, "Stop Cold": 2879, "Mishra's Command_SB": 1930, "Plan the Heist_SB": 2222, "Sleight of Hand_SB": 2732, "Kellan, Planar Trailblazer_SB": 1642, "Trick Shot_SB": 3220, "Violent Urge_SB": 3404, "Involuntary Cooldown_SB": 1560, "Out of Air_SB": 2116, "Harrier Strix": 1366, "The Filigree Sylex": 3049, "Living Phone": 1771, "Hardened Escort": 1361, "Unsettling Twins": 3303, "The Jolly Balloon Man": 3058, "Holy Cow": 1452, "Unsettling Twins_SB": 3304, "Raccoon Rallier_SB": 2298, "Feather of Flight_SB": 1037, "Rogue's Passage_SB": 2473, "Possessed Goat_SB": 2244, "The Jolly Balloon Man_SB": 3059, "Urgent Necropsy": 3332, "Fynn, the Fangbearer_SB": 1168, "Make Your Move_SB": 1840, "Ajani, Caller of the Pride": 44, "Harbinger of the Tides": 1357, "Harbinger of the Tides_SB": 1358, "Cat Collector": 448, "Bottomless Pool && Locker Room_SB": 314, "Pile On_SB": 2210, "Growing Rites of Itlimoc": 1327, "Jump Scare": 1601, "Niko, Light of Hope": 2032, "Tunnel Surveyor": 3229, "Stalked Researcher": 2836, "Enter the Enigma_SB": 922, "Fear of Isolation_SB": 1027, "Ayara, Widow of the Realm": 171, "Deathmark_SB": 683, "Coruscation Mage": 596, "Throw from the Saddle": 3137, "Arachnoid Adaptation": 101, "Hammerhand": 1351, "War Squeak": 3463, "Longstalk Brawl_SB": 1785, "Thrill of Possibility_SB": 3135, "Season of Gathering": 2592, "Warren Warleader": 3474, "Seasoned Warrenguard_SB": 2602, "Lionheart Glimmer_SB": 1765, "Horrid Vigor_SB": 1464, "Omnivorous Flytrap_SB": 2090, "Roc Hunter": 2468, "Feldon, Ronom Excavator": 1046, "Scalding Viper": 2551, "Trial of Agony_SB": 3217, "Adventuring Gear_SB": 24, "Vicious Clown_SB": 3399, "Fear of Being Hunted_SB": 1019, "Into the Roil": 1532, "Into the Roil_SB": 1533, "Flowstone Infusion": 1116, "Osseous Sticktwister": 2109, "Splash Portal": 2812, "Splash Portal_SB": 2813, "Ghostly Dancers": 1211, "Rite of the Dragoncaller_SB": 2452, "Demonic Pact_SB": 721, "Ezrim, Agency Chief_SB": 982, "Valorous Stance": 3361, "Lodestone Needle": 1779, "Scytheclaw Raptor_SB": 2583, "Bring the Ending_SB": 357, "Sawblade Skinripper_SB": 2545, "Pitiless Carnage_SB": 2218, "Season of Loss_SB": 2595, "Zephyr Singer": 3562, "Bloodghast": 263, "Lunar Convocation_SB": 1811, "Bartolom\u00e9 del Presidio_SB": 198, "Valley Rotcaller_SB": 3358, "Funeral Room // Awakening Hall_SB": 1161, "Silver Scrutiny_SB": 2686, "Cunning Coyote_SB": 634, "Debris Beetle": 684, "Wastewood Verge": 3477, "Llanowar Loamspeaker": 1775, "Vein Ripper_SB": 3378, "Ketramose, the New Dawn": 1646, "Bleachbone Verge": 250, "Intimidation Tactics": 1528, "Grim Bauble": 1323, "Momentum Breaker": 1956, "Spell Pierce": 2788, "Outpace Oblivion_SB": 2121, "Ride's End": 2439, "Molt Tender": 1944, "Fauna Shaman": 1015, "Draconautics Engineer": 795, "Loot, the Pathfinder": 1788, "Afterburner Expert": 33, "Dredger's Insight": 829, "Restless Spire_SB": 2427, "Oildeep Gearhulk_SB": 2076, "Oildeep Gearhulk": 2075, "Haunt the Network_SB": 1374, "Sunbillow Verge": 2924, "Willowrush Verge": 3501, "Eriette of the Charmed Apple": 927, "Surgical Suite // Hospital Room_SB": 2948, "Thousand Moons Smithy": 3113, "Transmutation Font": 3205, "Braided Net_SB": 323, "Defend the Rider": 699, "Hazoret, Godseeker": 1382, "Monument to Endurance": 1969, "Gleeful Demolition_SB": 1253, "Muraganda Raceway": 1987, "Nesting Bot": 2016, "Diversion Unit": 776, "Mendicant Core, Guidelight": 1893, "Repurposing Bay": 2403, "Gumdrop Poisoner": 1339, "Chandra, Spark Hunter_SB": 481, "Spinner of Souls_SB": 2807, "Bounce Off": 318, "Tomik, Wielder of Law_SB": 3185, "Engine Rat": 914, "Teysa, Opulent Oligarch": 3032, "Gonti, Night Minister": 1289, "Perilous Snare": 2176, "Mindspring Merfolk": 1915, "Lifecraft Engine": 1743, "Caelorna, Coral Tyrant_SB": 402, "Zephyr Singer_SB": 3563, "Overgrown Zealot": 2127, "Transit Mage": 3204, "Brightglass Gearhulk": 353, "The Aetherspark": 3035, "Ratadrabik of Urborg": 2335, "Regal Imperiosaur": 2385, "Tyrox, Saurid Tyrant": 3248, "Scytheclaw Raptor": 2582, "Agonasaur Rex": 39, "Riptide Gearhulk": 2446, "Unwanted Remake": 3314, "Riverchurn Monument": 2457, "Explosive Derailment_SB": 971, "Captain Howler, Sea Scourge": 421, "Marauding Mako": 1859, "Scrounging Skyray": 2581, "Riverpyre Verge": 2460, "Phyrexian Dragon Engine": 2194, "Gastal Thrillroller": 1182, "Mishra's Command": 1929, "Voyager Glidecar": 3446, "Greasewrench Goblin": 1306, "Bounce Off_SB": 319, "Grim Bauble_SB": 1324, "Momentum Breaker_SB": 1957, "Lightwheel Enhancements": 1755, "Memory Guardian": 1892, "Diversion Unit_SB": 777, "Mishra, Claimed by Gix": 1932, "Hidden Necropolis": 1429, "The Speed Demon_SB": 3080, "Webstrike Elite": 3485, "Atraxa's Fall_SB": 152, "Defend the Rider_SB": 700, "Intimidation Tactics_SB": 1529, "Boosted Sloop": 304, "Fearless Swashbuckler": 1035, "Unctus, Grand Metatect": 3268, "Broadside Barrage": 364, "The Aetherspark_SB": 3036, "Melira, the Living Cure_SB": 1890, "Bloated Contaminator_SB": 256, "Voyage Home": 3445, "Esoteric Duplicator": 939, "Aether Syphon_SB": 29, "Monument to Endurance_SB": 1970, "Coiling Rebirth_SB": 535, "Restless Anchorage_SB": 2416, "Heliod, the Radiant Dawn": 1400, "Twinblade Blessing": 3234, "Lumbering Worldwagon": 1805, "Mu Yanling, Wind Rider": 1982, "Overrun": 2141, "Gastal Thrillroller_SB": 1183, "Burnout Bashtronaut": 388, "Gastal Thrillseeker": 1184, "The Speed Demon": 3079, "The Last Ride": 3060, "Amonkhet Raceway": 64, "Ancient Vendetta_SB": 76, "Demonic Junker": 718, "Nexus of Becoming": 2024, "Webstrike Elite_SB": 3486, "Fuel the Flames_SB": 1154, "Overlord of the Hauntwoods_SB": 2136, "Spectacular Pileup": 2781, "Optimistic Scavenger_SB": 2097, "Ethereal Armor_SB": 952, "Farsight Ritual": 1011, "Bringer of the Last Gift": 358, "Terisian Mindbreaker": 3022, "Skitterbeam Battalion": 2702, "Fuel the Flames": 1153, "Skycrash": 2713, "Broadside Barrage_SB": 365, "Dropkick Bomber": 831, "Howlsquad Heavy": 1468, "Reckless Lackey": 2361, "Quag Feast": 2285, "Gastal Raider_SB": 1181, "Count on Luck_SB": 602, "Sandstalker Moloch_SB": 2531, "Conduit of Worlds_SB": 560, "Two-Headed Hunter": 3246, "Chandra, Spark Hunter": 480, "Coalstoke Gearhulk_SB": 531, "Kutzil, Malamet Exemplar": 1695, "Thopter Fabricator_SB": 3101, "Thunderous Velocipede": 3148, "Coati Scavenger": 532, "Quag Feast_SB": 2286, "Blast Zone_SB": 245, "Debris Beetle_SB": 685, "Expel the Interlopers_SB": 965, "Visage of Dread": 3416, "Pit Automaton": 2215, "Visage of Dread_SB": 3417, "The Last Ride_SB": 3061, "Stock Up": 2869, "Reasonable Doubt": 2356, "Flow of Knowledge": 1113, "Sazacap's Brew": 2548, "Invasion of Mercadia": 1550, "Playful Shove": 2224, "Red Sun's Twilight_SB": 2371, "Perilous Snare_SB": 2177, "Collision Course_SB": 545, "Claim Jumper": 512, "Starscape Cleric_SB": 2845, "Spectacular Pileup_SB": 2782, "Gas Guzzler": 1179, "Far Fortune, End Boss": 1010, "Overrun_SB": 2142, "Wardens of the Cycle_SB": 3469, "Painful Quandary_SB": 2151, "Leaf-Crowned Visionary_SB": 1718, "Mossborn Hydra_SB": 1976, "Drag to the Roots_SB": 801, "Flotsam // Jetsam_SB": 1111, "Soul of Windgrace": 2767, "Binding Negotiation_SB": 229, "Spectral Interference_SB": 2786, "Say Its Name_SB": 2547, "Ghitu Lavarunner": 1207, "Full Throttle_SB": 1157, "Loot, the Key to Everything_SB": 1787, "Loot, the Pathfinder_SB": 1789, "Lassoed by the Law_SB": 1703, "Spring-Loaded Sawblades_SB": 2822, "Unstable Glyphbridge_SB": 3306, "Urza's Command_SB": 3335, "Thalia and The Gitrog Monster_SB": 3034, "Ride's End_SB": 2440, "Reclamation Sage": 2364, "Bristling Backwoods": 361, "Become Brutes": 214, "Dive Down": 774, "Ozolith, the Shattered Spire": 2149, "Scrollshift_SB": 2580, "Zahur, Glory's Past": 3557, "Coppercoat Vanguard": 578, "Basri, Tomorrow's Champion": 202, "Skyseer's Chariot_SB": 2720, "Bristlebud Farmer_SB": 360, "Third Path Iconoclast_SB": 3095, "Ashiok, Wicked Manipulator_SB": 137, "Ancient Vendetta": 75, "Voyager Glidecar_SB": 3447, "Shoreline Looter": 2669, "Engine Rat_SB": 915, "Essence Channeler_SB": 942, "Lunar Insight": 1812, "Visage Bandit": 3415, "Waxen Shapethief": 3481, "Coalstoke Gearhulk": 530, "Dune Drifter": 838, "Restless Bivouac_SB": 2418, "Invasion of Regatha_SB": 1552, "Ketramose, the New Dawn_SB": 1647, "Locust Spray": 1778, "Proft's Eidetic Memory_SB": 2258, "Gruff Triplets": 1328, "Starfall Invocation_SB": 2842, "Belligerent Yearling": 218, "The Skullspore Nexus": 3077, "Intrepid Paleontologist_SB": 1535, "Jodah, the Unifier_SB": 1592, "Rampaging Raptor": 2327, "Agonasaur Rex_SB": 40, "Ferocification_SB": 1059, "Forlorn Flats": 1130, "Veteran Survivor": 3392, "Sword of Forge and Frontier_SB": 2963, "Kellan, Inquisitive Prodigy_SB": 1640, "Caradora, Heart of Alacria": 425, "Veteran Beastrider": 3391, "Skyseer's Chariot": 2719, "Valor's Flagship": 3359, "Coveted Falcon": 604, "Impulse": 1498, "The Elder Dragon War_SB": 3042, "Twining Twins": 3237, "Threadbind Clique": 3122, "Boommobile_SB": 301, "Radiant Lotus_SB": 2303, "Boommobile": 300, "Forging the Anchor": 1128, "Radiant Lotus": 2302, "The Mightstone and Weakstone_SB": 3065, "Bloodthorn Flail": 271, "Flamewake Phoenix": 1095, "Cryptcaller Chariot_SB": 623, "Slick Sequence": 2734, "Spiteful Hexmage_SB": 2811, "Riverchurn Monument_SB": 2458, "Riptide Gearhulk_SB": 2447, "Volley Veteran": 3438, "Redshift, Rocketeer Chief": 2376, "Kami of Whispered Hopes": 1614, "Furnace Host Charger": 1163, "Clamorous Ironclad": 516, "Wishing Well": 3514, "Frolicking Familiar": 1147, "Alania, Divergent Storm": 51, "Resplendent Angel_SB": 2411, "Tinker's Tote": 3158, "Cephalopod Sentry": 471, "Haunt the Network": 1373, "Sorcerous Spyglass": 2761, "Demonic Junker_SB": 719, "Thopter Fabricator": 3100, "Marketback Walker": 1866, "Sylvan Scavenging": 2969, "Sab-Sunen, Luxa Embodied": 2514, "Simian Simulacrum": 2688, "Broodheart Engine": 368, "Likeness Looter": 1756, "Reluctant Role Model": 2394, "Bulwark Ox": 381, "Reluctant Role Model_SB": 2395, "Boom Box": 298, "Possession Engine": 2245, "Conduit of Worlds": 559, "Broadcast Rambler": 363, "Gargantuan Leech": 1176, "Captivating Cave": 424, "Cavernous Maw": 463, "Forgotten Monument": 1129, "Hearth Elemental": 1393, "Promising Vein": 2263, "Hidden Courtyard": 1427, "Bat Colony": 203, "Calamitous Cave-In": 403, "Hidden Volcano": 1431, "Marketback Walker_SB": 1867, "Highway Robbery": 1440, "Daretti, Rocketeer Engineer": 652, "Threefold Thunderhulk": 3132, "Tune Up": 3227, "Meteor Golem_SB": 1898, "Leyline Binding_SB": 1733, "Market Gnome_SB": 1865, "The Goose Mother": 3053, "Gastal Raider": 1180, "Oviya, Automech Artisan": 2148, "Virtue of Courage": 3407, "Mold Adder_SB": 1943, "Itzquinth, Firstborn of Gishath": 1567, "The Skullspore Nexus_SB": 3078, "Burnout Bashtronaut_SB": 389, "Sovereign Okinec Ahau": 2779, "Gloryheath Lynx": 1262, "Servant of the Stinger": 2628, "The Raven Man": 3072, "The Raven Man_SB": 3073, "Halana and Alena, Partners_SB": 1345, "Valor's Flagship_SB": 3360, "Tocasia's Welcome_SB": 3178, "Stall Out": 2838, "Stall Out_SB": 2839, "Cosmium Confluence": 600, "Festival of Embers": 1063, "Hidden Nursery": 1430, "Union of the Third Path_SB": 3293, "Balustrade Wurm": 183, "Charming Prince": 490, "Gossip's Talent": 1291, "Skycrash_SB": 2714, "Mephitic Draught": 1895, "Nexus of Becoming_SB": 2025, "Soulless Jailer_SB": 2773, "Collector's Vault_SB": 543, "Thran Spider_SB": 3120, "Sab-Sunen, Luxa Embodied_SB": 2515, "Earthrumbler": 855, "Akal Pakal, First Among Equals_SB": 50, "Drana and Linvala_SB": 820, "Lavaspur Boots_SB": 1711, "Voldaren Thrillseeker_SB": 3437, "Thunderous Velocipede_SB": 3149, "Chitin Gravestalker": 498, "Starving Revenant_SB": 2847, "Stock Up_SB": 2870, "Restless Ridgeline_SB": 2425, "Fear of Infinity_SB": 1025, "Ojer Pakpatiq, Deepest Epoch_SB": 2079, "Oko, the Ringleader": 2080, "Forensic Researcher": 1125, "Deepfathom Echo": 694, "Desperate Bloodseeker_SB": 731, "Steamcore Scholar_SB": 2856, "Dredger's Insight_SB": 830, "Fauna Shaman_SB": 1016, "Phyrexian Missionary_SB": 2198, "Sunder the Gateway": 2925, "Malcator, Purity Overseer": 1844, "Reject Imperfection_SB": 2389, "Vivisurgeon's Insight_SB": 3424, "Baral and Kari Zev": 191, "Enigma Drake": 917, "Eroded Canyon": 929, "Trained Arynx": 3198, "Ornery Tumblewagg": 2104, "Giant Beaver": 1214, "Lagorin, Soul of Alacria": 1699, "Miriam, Herd Whisperer": 1919, "Congregation Gryff": 563, "Brightfield Glider": 352, "Creosote Heath": 613, "Run Over_SB": 2499, "Night Market": 2027, "Stockpiling Celebrant": 2872, "Carrion Locust_SB": 429, "Skullcap Snail_SB": 2710, "Stockpiling Celebrant_SB": 2873, "Macabre Waltz": 1822, "Wary Thespian": 3476, "Haunted Mire": 1375, "Overwhelming Remorse_SB": 2144, "Akal Pakal, First Among Equals": 49, "Forensic Gadgeteer": 1123, "Deduce_SB": 689, "Wreck Remover_SB": 3531, "River's Rebuke": 2455, "Brave the Wilds": 335, "Fog of War_SB": 1118, "Armored Scrapgorger": 130, "Fierce Empath": 1068, "Spinewoods Paladin": 2804, "Mocking Sprite": 1939, "Talion's Messenger": 2986, "Barrow Naughty": 196, "Faerie Slumber Party": 997, "Drag the Canal": 797, "Soured Springs": 2778, "Spellscorn Coven": 2795, "Etrata, Deadly Fugitive": 953, "Coerced to Kill": 533, "Unstoppable Plan_SB": 3307, "Shadow-Rite Priest": 2633, "Training Grounds": 3199, "Hoarding Broodlord": 1447, "Nullpriest of Oblivion": 2056, "Nahiri's Warcrafting_SB": 2001, "Oaken Siren": 2061, "Guidelight Optimizer": 1336, "Fountainport Bell": 1139, "Machine Over Matter_SB": 1823, "Crumb and Get It_SB": 620, "Flame Lash": 1091, "Exsanguinate_SB": 974, "Exsanguinate": 973, "Tranquil Cove_SB": 3201, "Syr Ginger, the Meal Ender_SB": 2975, "Callous Sell-Sword_SB": 410, "Legion Extruder_SB": 1722, "Furnace Punisher_SB": 1164, "Hearth Elemental_SB": 1394, "Krenko's Buzzcrusher": 1686, "Irreverent Gremlin": 1563, "Blade of the Oni": 239, "Blightstep Pathway": 254, "Bloodtithe Harvester": 272, "Mutavault": 1993, "Urborg, Tomb of Yawgmoth": 3329, "Extinction Event_SB": 976, "Invoke Despair_SB": 1559, "Go Blank_SB": 1266, "Hidetsugu Consumes All_SB": 1433, "Unlicensed Hearse_SB": 3295, "Greasefang, Okiba Boss": 1305, "Parhelion II": 2159, "Shattered Sanctum": 2641, "Faithful Mending": 998, "Skysovereign, Consul Flagship": 2722, "Tainted Indulgence": 2979, "Hallowed Fountain": 1348, "Collective Brutality": 537, "Geier Reach Sanitarium": 1187, "Raffine's Tower": 2305, "Stubborn Denial": 2901, "Vanishing Verse": 3371, "Dovin's Veto_SB": 792, "Ashiok, Dream Render_SB": 134, "Silence_SB": 2681, "Fatal Push_SB": 1013, "Deafening Silence_SB": 679, "Vanishing Verse_SB": 3372, "Spara's Headquarters": 2780, "Overgrown Tomb": 2126, "Breeding Pool": 350, "Linvala, the Preserver": 1763, "Enigmatic Incarnation": 918, "Zagoth Triome": 3556, "Skyclave Apparition": 2712, "Indatha Triome": 1499, "Savai Triome": 2541, "Thought Distortion_SB": 3107, "Yorion, Sky Nomad_SB": 3546, "Archon of Emeria_SB": 120, "Knockout Blow_SB": 1671, "Ruric Thar, the Unbowed_SB": 2504, "Voldaren Epicure": 3435, "Ensoul Artifact": 920, "Riverglide Pathway": 2459, "Darksteel Citadel": 660, "Shrapnel Blast": 2672, "Smuggler's Copter": 2743, "Rending Volley_SB": 2398, "Shadowspear_SB": 2634, "Voltage Surge_SB": 3440, "Aether Gust_SB": 28, "Annul_SB": 93, "Cragcrown Pathway": 606, "Ramunap Ruins": 2330, "Soul-Scar Mage": 2770, "Reckless Rage": 2363, "Hazoret the Fervent_SB": 1381, "Redcap Melee_SB": 2373, "Experimental Frenzy_SB": 968, "Anger of the Gods_SB": 80, "Claim // Fame": 511, "Infuriate": 1508, "Kumano Faces Kakkazan": 1692, "Grafdigger's Cage_SB": 1295, "Claim the Firstborn_SB": 515, "Extinction Event": 975, "Gifted Aetherborn_SB": 1219, "Cauldron Familiar": 454, "Deadly Dispute": 676, "Mayhem Devil": 1878, "Witch's Oven": 3516, "Claim the Firstborn": 514, "Ob Nixilis, the Adversary_SB": 2065, "Castle Locthwain": 447, "Clearwater Pathway": 523, "Field of Ruin": 1065, "Hall of Storm Giants": 1346, "Hive of the Eye Tyrant": 1446, "Narset, Parter of Veils": 2003, "Omen of the Sea": 2086, "Paradoxical Outcome": 2158, "Shipwreck Marsh": 2655, "Takenuma, Abandoned Mire": 2985, "The Meathook Massacre": 3062, "Weathered Runestone_SB": 3484, "Pitiless Carnage": 2217, "Dynamite Diver": 853, "Guidelight Synergist": 1337, "Kolodin, Triumph Caster": 1676, "Burner Rocket": 385, "Cloudspire Skycycle": 529, "Frenzied Goblin": 1143, "Count on Luck": 601, "Doubling Season_SB": 791, "Fanatical Firebrand_SB": 1005, "Frenzied Goblin_SB": 1144, "Reckless Lackey_SB": 2362, "Howlsquad Heavy_SB": 1469, "Rundvelt Hordemaster_SB": 2501, "District Mascot": 769, "Shivan Devastator": 2656, "Zimone, Paradox Sculptor": 3567, "Tyvar, the Pummeler_SB": 3257, "Zopandrel, Hunger Dominus_SB": 3571, "Aurelia, the Warleader": 157, "Gilded Ghoda": 1222, "Vanish into Eternity_SB": 3370, "Lightning Axe": 1746, "Arclight Phoenix": 121, "Stormcarved Coast": 2881, "Treasure Cruise": 3212, "Spikefield Hazard": 2801, "Fiery Impulse": 1071, "Izzet Charm": 1573, "Prismari Command": 2253, "Fear of Infinity": 1024, "Fetid Pools": 1064, "Yorion, Sky Nomad": 3545, "Dawnwing Marshal": 665, "Leonin Vanguard": 1727, "Savannah Lions": 2542, "Elvish Mystic": 894, "Nykthos, Shrine to Nyx": 2060, "Kiora, Behemoth Beckoner": 1653, "Cavalier of Thorns": 459, "Old-Growth Troll": 2082, "Lair of the Hydra": 1700, "Storm the Festival": 2880, "Ulvenwald Oddity": 3262, "Oath of Nissa": 2063, "Leyline of the Guildpact": 1738, "Emrakul, the Promised End_SB": 899, "Setessan Petitioner_SB": 2630, "Arasta of the Endless Web_SB": 104, "Ledger Shredder": 1720, "Brazen Borrower_SB": 337, "Prismari Command_SB": 2254, "Ashiok, Nightmare Muse_SB": 135, "Kroxa, Titan of Death's Hunger": 1691, "Foreboding Ruins": 1122, "Invoke Despair": 1558, "Rakdos, Patron of Chaos": 2317, "Kolaghan's Command_SB": 1675, "Bishop of Wings": 230, "Righteous Valkyrie": 2442, "Resplendent Marshal": 2412, "Collected Company": 536, "Kayla's Reconstruction": 1628, "Portable Hole": 2239, "Branchloft Pathway": 332, "Cave of the Frost Dragon": 460, "Overgrown Farmland": 2125, "Temple Garden": 3005, "Eiganjo, Seat of the Empire": 869, "Brutal Cathar_SB": 375, "Reidane, God of the Worthy_SB": 2386, "Archon of Absolution_SB": 118, "Shapers' Sanctuary_SB": 2637, "Brave the Elements_SB": 334, "Heroic Intervention_SB": 1422, "Haunted Ridge": 1376, "Bonecrusher Giant": 292, "Burning-Tree Emissary": 387, "Chandra, Torch of Defiance": 482, "Collision // Colossus": 544, "Gruul Spellbreaker": 1330, "Kami's Flare": 1615, "Pelt Collector": 2173, "Voltaic Brawler": 3441, "Zhur-Taa Goblin": 3565, "Bonecrusher Giant_SB": 293, "Chandra, Torch of Defiance_SB": 483, "Cindervines_SB": 506, "Kami's Flare_SB": 1616, "Roiling Vortex_SB": 2476, "Sigarda's Aid": 2679, "Colossus Hammer": 549, "Raffine's Informant": 2304, "Sylvan Caryatid": 2968, "Eldritch Evolution": 872, "Mana Confluence": 1850, "Soulflayer": 2772, "Collective Brutality_SB": 538, "Bloodline Culling_SB": 267, "Portable Hole_SB": 2240, "Leyline of Sanctity_SB": 1736, "Barrier Breach_SB": 195, "Laughing Jasper Flint_SB": 1708, "Arcanis the Omnipotent": 107, "Drag to the Bottom": 799, "Titania's Command_SB": 3169, "Rocky Roads": 2471, "Lumbering Worldwagon_SB": 1806, "Cosmic Rebirth_SB": 599, "Mondrak, Glory Dominus_SB": 1964, "Become Brutes_SB": 215, "Spin Out_SB": 2802, "Ravine Raider_SB": 2344, "Cindering Cutthroat_SB": 505, "Steampath Charger_SB": 2857, "Risky Shortcut_SB": 2449, "Mimeoplasm, Revered One": 1912, "Devouring Sugarmaw": 741, "Amalia Benavides Aguirre_SB": 60, "Elas il-Kor, Sadistic Pilgrim_SB": 871, "Fiendish Panda_SB": 1067, "Knight of Dawn's Light_SB": 1664, "Spectral Interference": 2785, "Ruthless Negotiation_SB": 2512, "Outcaster Greenblade": 2117, "Map the Frontier": 1855, "No Witnesses_SB": 2043, "Khenra Spellspear": 1648, "Silken Strength": 2684, "Divine Resilience": 778, "Greenhouse // Rickety Gazebo": 1316, "Mirror Room // Fractured Realm": 1924, "Unflinching Courage_SB": 3285, "Radiant Grove": 2301, "Streetwise Negotiator_SB": 2897, "Winter, Cursed Rider": 3509, "Eddymurk Crab_SB": 862, "Tolarian Terror_SB": 3181, "Drake Hatcher_SB": 817, "Goblin Oriflamme": 1274, "Etched Familiar": 950, "Haughty Djinn_SB": 1372, "Spyglass Siren_SB": 2825, "Realm-Scorcher Hellkite": 2352, "Sentinel of Lost Lore_SB": 2618, "Herd Migration_SB": 1417, "Gisa, the Hellraiser_SB": 1228, "Kykar, Zephyr Awakener": 1697, "Lathril, Blade of the Elves_SB": 1706, "The Huntsman's Redemption_SB": 3055, "Gixian Infiltrator_SB": 1237, "Armored Armadillo_SB": 129, "Gloryheath Lynx_SB": 1263, "Threefold Thunderhulk_SB": 3133, "Cryptcaller Chariot": 622, "Case of the Locked Hothouse": 437, "Walk-In Closet // Forgotten Cellar": 3459, "Primeval Bounty": 2251, "Stingerback Terror_SB": 2867, "Grand Entryway && Elegant Rotunda": 1299, "Karn, Living Legacy_SB": 1620, "Steel Hellkite_SB": 2858, "Rangers' Refueler": 2331, "Meeting of Minds": 1887, "Mindsparker_SB": 1913, "Voracious Greatshark": 3442, "Aloe Alchemist": 57, "Gigantosaurus": 1220, "Llanowar Greenwidow": 1774, "Llanowar Stalker": 1776, "Ghalta, Primal Hunger_SB": 1203, "Gigantosaurus_SB": 1221, "Disenchant": 754, "Captain Howler, Sea Scourge_SB": 422, "Cursed Recording_SB": 638, "Commune with Evil": 555, "Thirsting Roots": 3096, "Lukka, Bound to Ruin": 1803, "The Stasis Coffin": 3081, "The Everflowing Well": 3048, "Kellan Joins Up": 1636, "Ovika, Enigma Goliath_SB": 2147, "Quaketusk Boar": 2287, "Demonic Counsel": 717, "Bestow Greatness_SB": 221, "Leaping Ambush": 1719, "Raucous Theater_SB": 2342, "Rockface Village_SB": 2470, "Flowstone Infusion_SB": 1117, "Alesha, Who Laughs at Fate_SB": 54, "Feed the Swarm": 1042, "Progenitor Exarch": 2259, "Agatha of the Vile Cauldron": 35, "Invasion of Karsus_SB": 1549, "Detention Chariot": 738, "Push the Limit": 2277, "Gallant Strike": 1171, "Thundering Broodwagon": 3145, "Primal Might_SB": 2250, "Stern Lesson": 2862, "Stormkeld Vanguard_SB": 2886, "Reckless Handling": 2360, "Annie Joins Up_SB": 90, "Bramble Familiar_SB": 328, "Moonshaker Cavalry_SB": 1972, "Ancient Den": 74, "Boros Garrison": 307, "Experimental Synthesizer": 969, "Galvanic Blast": 1172, "Glint Hawk": 1256, "Great Furnace": 1309, "Journey to Nowhere": 1597, "Kor Skyfisher": 1680, "Lembas": 1726, "Makeshift Munitions": 1843, "Relic of Progenitus": 2391, "Rustvale Bridge": 2508, "Thraben Inspector": 3117, "Dust to Dust_SB": 846, "Electrickery_SB": 873, "Prismatic Strands_SB": 2256, "Pyroblast_SB": 2278, "Red Elemental Blast_SB": 2370, "Relic of Progenitus_SB": 2392, "Boomerang": 299, "Brainstorm": 326, "Cryptic Serpent": 626, "Deep Analysis": 691, "Delver of Secrets": 712, "Dragon Wings": 806, "L\u00f3rien Revealed": 1818, "Mental Note": 1894, "Murmuring Mystic": 1991, "Ponder": 2238, "Sleep of the Dead": 2728, "Snow-Covered Island": 2750, "Blue Elemental Blast_SB": 282, "Deem Inferior_SB": 690, "Dispel_SB": 760, "Hydroblast_SB": 1481, "Jace's Phantasm_SB": 1577, "Murmuring Mystic_SB": 1992, "Sleep of the Dead_SB": 2729, "Radiant Fountain": 2300, "Goldmire Bridge": 1282, "Bojuka Bog": 285, "Orzhov Basilica": 2105, "Sunlit Marsh": 2931, "Troll of Khazad-d\u00fbm": 3223, "Eagles of the North": 854, "Dawnbringer Cleric": 664, "Omen of the Dead": 2085, "Cast Down": 445, "Accursed Marauder": 12, "Refurbished Familiar": 2378, "Vault of Whispers": 3373, "Suffocating Fumes": 2905, "Campfire_SB": 411, "Arms of Hadar_SB": 132, "Unmake_SB": 3296, "Accursed Marauder_SB": 13, "Cast Down_SB": 446, "Beckon Apparition_SB": 213, "Thraben Charm_SB": 3116, "Thorn of the Black Rose_SB": 3103, "Arashin Cleric_SB": 103, "Lazav, Wearer of Faces_SB": 1716, "Invasion of Tarkir_SB": 1554, "Harmless Offering_SB": 1364, "Return Triumphant": 2434, "Souls of the Lost_SB": 2775, "Wildwood Scourge": 3500, "Slickshot Lockpicker_SB": 2736, "Flashfreeze": 1098, "Cori-Steel Cutter": 586, "Heritage Reclamation": 1418, "Scavenger Regent // Exude Toxin // Scavenger Regent": 2558, "Qarsi Revenant": 2283, "Strategic Betrayal_SB": 2895, "Scavenger Regent // Exude Toxin // Scavenger Regent_SB": 2559, "Mistrise Village": 1935, "Roiling Dragonstorm": 2474, "Marang River Regent": 1856, "Jeskai Revelation_SB": 1586, "Voice of Victory_SB": 3428, "Clarion Conqueror_SB": 519, "Rakshasa's Bargain": 2320, "Fangkeeper's Familiar": 1008, "Awaken the Honored Dead_SB": 167, "Heritage Reclamation_SB": 1419, "Sunpearl Kirin": 2932, "Magmatic Hellkite_SB": 1834, "Interface Ace": 1524, "Synchronized Charge": 2971, "Surrak, Elusive Hunter": 2951, "Surrak, Elusive Hunter_SB": 2952, "Elspeth, Storm Slayer": 887, "Rally the Monastery": 2325, "Cori Mountain Monastery": 582, "Dispelling Exhale": 761, "Jeskai Revelation": 1585, "Shiko, Paragon of the Way": 2652, "United Battlefront": 3294, "Sandsteppe Citadel": 2532, "Skirmish Rhino": 2701, "Elspeth, Storm Slayer_SB": 888, "Desperate Measures": 732, "Rot-Curse Rakshasa": 2482, "Auroral Procession": 158, "Opulent Palace": 2098, "Glacial Dragonhunt": 1239, "Tersa Lightshatter": 3029, "Winternight Stories": 3510, "Tersa Lightshatter_SB": 3030, "Sage of the Skies_SB": 2519, "Herd Heirloom": 1414, "Frontline Rush": 1149, "Static Snare": 2851, "Tempest Hawk": 3004, "Gilded Lotus_SB": 1223, "Kishla Village": 1658, "Restless Vents_SB": 2429, "Cori-Steel Cutter_SB": 587, "Magmatic Hellkite": 1833, "Sarkhan, Dragon Ascendant": 2538, "Sarkhan, Soul Aflame": 2539, "Pit of Offerings": 2216, "Static Snare_SB": 2852, "Kayla's Reconstruction_SB": 1629, "Unending Whisper": 3283, "Mystic Monastery": 1996, "Stormshriek Feral": 2889, "Stormshriek Feral_SB": 2890, "Wild Ride": 3497, "Gulping Scraptrap": 1338, "Rediscover the Way": 2374, "Flamehold Grappler": 1094, "Cooped Up": 574, "Fresh Start_SB": 1145, "Two-Headed Hunter_SB": 3247, "Frostcliff Siege": 1151, "Duty Beyond Death_SB": 848, "Dalkovan Encampment": 646, "Frontier Bivouac": 1148, "Dragonologist": 815, "Scavenger Regent_SB": 2560, "Caustic Exhale": 457, "Disruptive Stormbrood": 763, "Scavenger Regent": 2557, "Qarsi Revenant_SB": 2284, "Songcrafter Mage": 2757, "Death Begets Life_SB": 680, "Bloomvine Regent": 276, "Encroaching Dragonstorm": 900, "Ugin, Eye of the Storms": 3258, "Drakuseth, Maw of Flames": 818, "Breaching Dragonstorm": 341, "Molten Exhale": 1947, "Molten Exhale_SB": 1948, "Bulwark Ox_SB": 382, "Ugin, Eye of the Storms_SB": 3259, "New Way Forward": 2022, "Awaken the Honored Dead": 166, "Teval, Arbiter of Virtue": 3031, "Caustic Exhale_SB": 458, "Fangkeeper's Familiar_SB": 1009, "Mandible Justiciar": 1851, "Temur Tawnyback": 3019, "Eshki Dragonclaw": 937, "Rugged Highlands": 2494, "Spinewoods Paladin_SB": 2805, "Voidwing Hybrid": 3429, "Torpor Orb": 3192, "Mercurial Spelldancer": 1896, "Blightbelly Rat_SB": 253, "Devoted Duelist": 740, "Prowcatcher Specialist_SB": 2267, "Ghitu Lavarunner_SB": 1208, "Dragon Sniper": 803, "Nature's Rhythm": 2006, "Broken Wings_SB": 367, "Slumbering Keepguard": 2739, "The Princess Takes Flight": 3070, "Keldon Strike Team": 1634, "Sidisi, Regent of the Mire": 2677, "Gingerbrute_SB": 1226, "Undergrowth Leopard_SB": 3279, "Great Arashin City": 1307, "Maelstrom of the Spirit Dragon": 1826, "Fortress Kin-Guard": 1133, "Salt Road Packbeast": 2526, "Inspiring Overseer_SB": 1522, "Salt Road Packbeast_SB": 2527, "Kishla Skimmer": 1657, "Roar of Endless Song_SB": 2463, "Spectral Denial": 2783, "Overwhelming Surge_SB": 2146, "Corroding Dragonstorm": 590, "Voice of Victory": 3427, "Bleachbone Verge_SB": 251, "Sage of the Skies": 2518, "Rakshasa's Bargain_SB": 2321, "Helga, Skittish Seer": 1398, "Helga, Skittish Seer_SB": 1399, "Mistrise Village_SB": 1936, "Case of the Pilfered Proof": 439, "Coordinated Maneuver_SB": 577, "Winternight Stories_SB": 3511, "Craterhoof Behemoth": 608, "Descendant of Storms": 726, "Craterhoof Behemoth_SB": 609, "Severance Priest": 2631, "Yathan Roadwatcher": 3541, "Animist's Might": 83, "Flourishing Bloom-Kin": 1112, "Marang River Regent_SB": 1857, "Twists and Turns_SB": 3243, "Sagu Wildling": 2520, "Moment of Craving": 1950, "Dragonback Assault": 808, "Don't Make a Sound_SB": 784, "Behind the Mask": 217, "Seedglaive Mentor": 2606, "Channeled Dragonfire": 486, "Stadium Headliner": 2832, "Dispelling Exhale_SB": 762, "Twinmaw Stormbrood": 3238, "Simulacrum Synthesizer_SB": 2692, "Desperate Measures_SB": 733, "Ureni, the Song Unending": 3330, "Ringing Strike Mastery_SB": 2444, "Spectral Denial_SB": 2784, "Shiko, Paragon of the Way_SB": 2653, "Ureni, the Song Unending_SB": 3331, "Sinkhole Surveyor": 2695, "Muldrotha, the Gravetide_SB": 1986, "Harried Spearguard": 1365, "Toxin Analysis_SB": 3197, "Roiling Dragonstorm_SB": 2475, "Tinybones, Bauble Burglar_SB": 3162, "Fleeting Effigy": 1100, "Glacierwood Siege": 1241, "Disruptive Stormbrood_SB": 764, "Skullcap Snail": 2709, "Dire Flail": 750, "Rediscover the Way_SB": 2375, "New Way Forward_SB": 2023, "Rotisserie Elemental_SB": 2484, "Dalkovan Packbeasts": 647, "Coordinated Maneuver": 576, "Mardu Devotee": 1861, "Warren Warleader_SB": 3475, "Toby, Beastie Befriender_SB": 3176, "Mardu Devotee_SB": 1862, "Resolute Reinforcements_SB": 2409, "Triumphant Chomp_SB": 3222, "Rampaging Raptor_SB": 2328, "Earthshaker Dreadmaw_SB": 856, "Temur Battlecrier": 3018, "Strategic Betrayal": 2894, "Dinotomaton": 749, "Dragon Whelp": 805, "Dragonlord's Servant": 813, "Firespitter Whelp": 1089, "Kolaghan Warmonger": 1674, "Mox Jasper": 1981, "Shivan Dragon": 2657, "Viashino Branchrider_SB": 3396, "Firebrand Archer_SB": 1085, "Twin Bolt_SB": 3233, "Rumbling Rockslide_SB": 2497, "Skyraker Giant_SB": 2718, "Breaching Dragonstorm_SB": 342, "Drakuseth, Maw of Flames_SB": 819, "Ticket Booth // Tunnel of Hate_SB": 3152, "All-Out Assault": 56, "Inevitable Defeat": 1501, "Neriv, Heart of the Storm": 2014, "Zurgo, Thunder's Decree": 3581, "Inevitable Defeat_SB": 1502, "Thunder of Unity_SB": 3144, "Windcrag Siege_SB": 3506, "Zurgo's Vanguard": 3580, "Duty Beyond Death": 847, "Kheru Goldkeeper": 1649, "Ambling Stormshell": 61, "Bedrock Tortoise": 216, "Ainok Wayfarer": 42, "Overwhelming Surge": 2145, "Stern Lesson_SB": 2863, "Rabid Bite": 2295, "Polliwallop": 2233, "Felothar, Dawn of the Abzan": 1057, "Channeled Dragonfire_SB": 487, "Corroding Dragonstorm_SB": 591, "Oracle of Tragedy_SB": 2100, "Mardu Siegebreaker": 1863, "Floriferous Vinewall": 1110, "Bovine Intervention_SB": 321, "Combat Courier": 550, "Stasis Snare_SB": 2849, "Seal from Existence_SB": 2587, "Intrepid Stablemaster": 1537, "Guardian Sunmare": 1332, "Break the Spell": 346, "Take Out the Trash_SB": 2981, "Runescale Stormbrood": 2503, "Abyssal Harvester_SB": 10, "Clarion Conquerer_SB": 517, "Treacherous Greed": 3211, "Skyserpent Seeker_SB": 2721, "Itzquinth, Firstborn of Gishath_SB": 1568, "Moment of Truth_SB": 1955, "Helping Hand_SB": 1408, "Adarkar Wastes_SB": 19, "Floodfarm Verge_SB": 1107, "Meticulous Archive_SB": 1900, "Seachrome Coast_SB": 2585, "Twitching Doll_SB": 3245, "Under the Skin_SB": 3272, "Mondrak, Glory Dominus": 1963, "Stasis Snare": 2848, "Commune with Nature": 556, "Coordinated Clobbering": 575, "Take the Fall_SB": 2984, "Serum Snare_SB": 2627, "Infectious Bite_SB": 1504, "Elusive Otter_SB": 892, "Kraul Whipcracker": 1683, "Hurkyl, Master Wizard_SB": 1477, "Tomb Trawler": 3184, "Clarion Conqueror // Clarion Conqueror_SB": 518, "The Ancient One": 3037, "Twinmaw Stormbrood_SB": 3239, "Monastery Messenger": 1960, "Brineborn Cutthroat": 355, "Taurean Mauler": 2995, "Warden of the Grove": 3465, "Invasion of Ikoria": 1546, "Nomad Outpost": 2044, "Sonic Shrieker": 2759, "Curator of Destinies_SB": 636, "The Sibsig Ceremony": 3076, "Purging Stormbrood_SB": 2275, "Kickoff Celebrations": 1650, "Lord Skitter's Blessing": 1794, "Ayli, Eternal Pilgrim_SB": 173, "Stoic Sphinx": 2874, "Nullpriest of Oblivion_SB": 2057, "Confounding Riddle_SB": 562, "Combat Thresher": 552, "Windcrag Siege": 3505, "Glacial Dragonhunt_SB": 1240, "Glarb, Calamity's Augur_SB": 1244, "Heliod, the Radiant Dawn_SB": 1401, "Ghostly Dancers_SB": 1212, "Phyrexian Censor": 2192, "Terror of the Peaks_SB": 3028, "Calamity, Galloping Inferno_SB": 406, "Convenient Target_SB": 573, "Herd Heirloom_SB": 1415, "Vampiric Rites_SB": 3368, "Fear of Lost Teeth_SB": 1029, "Bloodghast_SB": 264, "Vampire Gourmand_SB": 3364, "Shocking Sharpshooter": 2663, "Melek, Reforged Researcher": 1888, "Pyrrhic Blast": 2282, "Bovine Intervention": 320, "Dragonfire Blade": 810, "Anafenza, Unyielding Lineage": 68, "Fires of Victory_SB": 1088, "Autonomous Assembler": 161, "Riling Dawnbreaker": 2443, "Watcher of the Wayside": 3478, "Restricted Office // Lecture Hall_SB": 2433, "Clay Champion": 521, "Nesting Bot_SB": 2017, "Osseous Exhale": 2107, "Frostcliff Siege_SB": 1152, "Unscrupulous Contractor": 3302, "Diabolic Intent": 745, "Gearbane Orangutan_SB": 1186, "Unyielding Gatekeeper_SB": 3317, "Shock Brigade": 2660, "Norn's Wellspring": 2048, "Case of the Uneaten Feast_SB": 444, "Return Triumphant_SB": 2435, "Spring Splasher": 2820, "Rise of the Varmints": 2448, "Undergrowth Leopard": 3278, "Grasping Longneck_SB": 1303, "Watcher of the Wayside_SB": 3479, "Aatchik, Emerald Radian": 0, "Ratcatcher Trainee": 2336, "Reigning Victor": 2387, "Worthy Cost": 3528, "Bone-Cairn Butcher": 290, "Salt Road Skirmish": 2528, "Starry-Eyed Skyrider": 2843, "Deadly Riposte": 677, "Derelict Attic // Widow's Walk_SB": 725, "Dirgur Island Dragon": 751, "Bloodfeather Phoenix_SB": 261, "Narset, Jeskai Waymaster": 2002, "Three Blind Mice_SB": 3125, "Annihilating Glare_SB": 92, "Branch of Vitu-Ghazi": 330, "Dragon Sniper_SB": 804, "Blue Sun's Twilight": 283, "Servant of the Stinger_SB": 2629, "Thrashing Brontodon": 3121, "Yarus, Roar of the Old Gods": 3540, "Sinkhole Surveyor_SB": 2696, "Revenge of the Rats": 2437, "Thunder of Unity": 3143, "Frontline Rush_SB": 1150, "Dalkovan Packbeasts_SB": 648, "Descendant of Storms_SB": 727, "Worthy Cost_SB": 3529, "War Effort_SB": 3462, "Shocking Sharpshooter_SB": 2664, "Lasyd Prowler": 1704, "Ob Nixilis, Captive Kingpin": 2064, "All Will Be One": 55, "Encroaching Mycosynth": 901, "Krenko, Baron of Tin Street": 1688, "Ice Out": 1482, "Crime Novelist": 614, "Breeches, Eager Pillager_SB": 349, "Convenient Target": 572, "Feral Encounter_SB": 1058, "Nature's Rhythm_SB": 2007, "Synchronized Charge_SB": 2972, "Viral Spawning_SB": 3406, "Grafted Butcher": 1296, "Voidwing Hybrid_SB": 3430, "Timeless Lotus": 3157, "Phyrexian Vindicator_SB": 2202, "Niv-Mizzet, Supreme_SB": 2037, "Perennation_SB": 2174, "Karplusan Forest_SB": 1622, "Urabrask_SB": 3323, "Kiora, Sovereign of the Deep_SB": 1654, "Kalastria Highborn": 1611, "Cori Mountain Monastery_SB": 583, "Peer Past the Veil_SB": 2170, "Campus Guide_SB": 412, "Eluge, the Shoreless Sea": 889, "Finale of Revelation": 1079, "Eliminate the Impossible": 883, "Eliminate the Impossible_SB": 884, "Finale of Revelation_SB": 1080, "Cat Collector_SB": 449, "Fumigate_SB": 1159, "Spelunking_SB": 2797, "Eshki Dragonclaw_SB": 938, "Songcrafter Mage_SB": 2758, "Filter Out": 1072, "Rot-Curse Rakshasa_SB": 2483, "Subterranean Schooner_SB": 2904, "Cori Mountain Stalwart": 584, "Aggressive Sabotage_SB": 38, "Izoni, Center of the Web_SB": 1572, "Dragon's Prey": 807, "Defibrillating Current": 703, "Alesha's Legacy": 52, "Emerge from the Cocoon": 897, "Midnight Mayhem": 1907, "Bone-Cairn Butcher_SB": 291, "Cori Mountain Stalwart_SB": 585, "Marshal of the Lost_SB": 1871, "Shock Brigade_SB": 2661, "Neriv, Heart of the Storm_SB": 2015, "Poised Practitioner_SB": 2228, "Hazoret, Godseeker_SB": 1383, "Redcap Gutter-Dweller_SB": 2372, "Liberator, Urza's Battlethopter": 1741, "Racers' Scoreboard": 2299, "Bulk Up_SB": 380, "Markov Baron": 1868, "Pulse Tracker": 2273, "Misery's Shadow_SB": 1928, "Magmakin Artillerist": 1832, "Flood the Engine_SB": 1104, "Smile at Death": 2742, "Hero's Downfall": 1420, "Desecration Demon_SB": 729, "Whiskervale Forerunner": 3491, "Lost in the Maze": 1799, "Osteomancer Adept_SB": 2113, "Disdainful Stroke": 752, "Out Cold_SB": 2115, "Underground River_SB": 3277, "Gloomlake Verge_SB": 1261, "Darkslick Shores_SB": 657, "Ertai's Scorn": 934, "Swiftblade Vindicator": 2957, "Oltec Matterweaver": 2083, "Abzan Devotee": 11, "Gixian Puppeteer": 1238, "Veloheart Bike": 3379, "Migloz, Maze Crusher": 1910, "Dragonhawk, Fate's Tempest_SB": 812, "Hidetsugu and Kairi_SB": 1435, "Betor, Kin to All": 222, "Danitha, New Benalia's Light": 650, "Danitha, New Benalia's Light_SB": 651, "Walk-In Closet // Forgotten Cellar_SB": 3460, "Colossification_SB": 548, "Rite of Renewal": 2450, "Staff of Compleation": 2834, "Disturbing Mirth_SB": 773, "Encroaching Mycosynth_SB": 902, "Mortify_SB": 1974, "Bandit's Haul": 185, "Bumbleflower's Sharepot": 383, "Volt Charge": 3439, "Great Arashin City_SB": 1308, "Stadium Headliner_SB": 2833, "Draconautics Engineer_SB": 796, "Underground Mortuary_SB": 3275, "Wind-Scarred Crag": 3504, "Jeskai Devotee": 1584, "Kin-Tree Nurturer": 1651, "Nightblade Brigade": 2029, "Stormplain Detainment": 2887, "Marshal of the Lost": 1870, "Sunset Strikemaster": 2933, "Seize Opportunity": 2609, "Dragonback Lancer": 809, "Venerated Stormsinger": 3382, "Elesh Norn": 879, "Slickshot Lockpicker": 2735, "Zur, Eternal Schemer_SB": 3577, "Portal to Phyrexia_SB": 2242, "Tarrian's Journal_SB": 2992, "Invasion of Arcavios_SB": 1541, "Youthful Valkyrie_SB": 3552, "Stormscale Scion": 2888, "Dracogenesis": 794, "Tempest Hart": 3003, "Battlefield Forge_SB": 207, "Purging Stormbrood": 2274, "Piercing Exhale": 2207, "Battle-Rage Blessing": 205, "Gnawing Crescendo": 1264, "Outlaws' Fury": 2120, "Ashnod's Intervention_SB": 139, "Distorted Curiosity_SB": 768, "Lightshield Parry": 1754, "Lightfoot Technique": 1745, "Lazav, Familiar Stranger": 1714, "Sword of Wealth and Power_SB": 2967, "Stormsplitter_SB": 2892, "Lazav, Familiar Stranger_SB": 1715, "Vengeful Bloodwitch_SB": 3384, "Rith, Liberated Primeval": 2454, "Djeru and Hazoret": 780, "Cacophony Scamp_SB": 398, "Samut, Vizier of Naktamun_SB": 2530, "Cactusfolk Sureshot": 400, "Meticulous Excavation": 1901, "Naga Fleshcrafter_SB": 1999, "Sagu Wildling_SB": 2521, "Host of the Hereafter_SB": 1465, "Bloomvine Regent_SB": 277, "Stillness in Motion_SB": 2866, "Stalwart Successor_SB": 2840, "Defossilize_SB": 710, "Valgavoth's Faithful_SB": 3343, "Naga Fleshcrafter": 1998, "Valley Flamecaller_SB": 3352, "Avenger of the Fallen_SB": 165, "Bloodthirsty Conqueror_SB": 270, "Brightglass Gearhulk_SB": 354, "Yathan Roadwatcher_SB": 3542, "Severance Priest_SB": 2632, "Electroduplicate": 874, "Karn's Sylex": 1617, "Intimidation Campaign_SB": 1527, "Assemble the Players": 143, "Neighborhood Guardian": 2013, "Imperious Perfect_SB": 1496, "Opera Love Song": 2092, "Summon: Bahamut": 2909, "Summon: Knights of Round": 2915, "The Regalia_SB": 3074, "Cecil, Dark Knight": 467, "Dark Confidant": 653, "Joshua, Phoenix's Dominant": 1596, "Lightning, Army of One_SB": 1753, "Astrologian's Planisphere": 148, "Starting Town": 2846, "Vivi Ornitier": 3419, "Fire Magic_SB": 1083, "Ultima": 3260, "Tifa Lockhart": 3153, "Diamond Weapon": 747, "Town Greeter": 3195, "Ambrosia Whiteheart": 62, "Sidequest: Play Blitzball": 2676, "Exdeath, Void Warlock": 958, "Midgar, City of Mako": 1906, "Zell Dincht": 3559, "Sabotender": 2516, "Summon: Titan": 2918, "Tifa Lockhart_SB": 3154, "Ordeal of Nylea": 2102, "Summon: Fenrir": 2913, "Sazh's Chocobo": 2549, "Ride the Shoopuf": 2438, "Warden of the Grove_SB": 3466, "Yotia Declares War": 3547, "Lagomos, Hand of Hatred": 1698, "Gixian Infiltrator": 1236, "Jill, Shiva's Dominant": 1588, "Sleep Magic_SB": 2727, "Eluge, the Shoreless Sea_SB": 890, "Broken Wings": 366, "Avenger of the Fallen": 164, "Sephiroth, Fabled SOLDIER": 2621, "Resentful Revelation": 2406, "Restoration Magic_SB": 2431, "Resentful Revelation_SB": 2407, "Summon: Brynhildr": 2911, "Overkill_SB": 2128, "Lindblum, Industrial Regency": 1762, "Felling Blow": 1054, "Claws Out": 520, "Good-Fortune Unicorn": 1290, "Felidar Savior": 1051, "Angelic Destiny": 78, "Yuna, Hope of Spira": 3553, "Sugar Rush": 2906, "Coral Sword": 580, "Terra, Magical Adept": 3023, "Demon Wall": 716, "Vivi Ornitier_SB": 3420, "Summon: Bahamut_SB": 2910, "Esper Origins": 940, "Ultima_SB": 3261, "Thunder Magic_SB": 3142, "Astrologian's Planisphere_SB": 149, "Zanarkand, Ancient Metropolis": 3558, "Ishgard, the Holy See": 1564, "Kin-Tree Severance_SB": 1652, "Stormkeld Vanguard": 2885, "Three Tree Rootweaver": 3131, "Keldon Strike Team_SB": 1635, "Osseous Exhale_SB": 2108, "Glacierwood Siege_SB": 1242, "Scatter Ray_SB": 2556, "Golbez, Crystal Collector": 1280, "Valkyrie Aerial Unit": 3350, "Edgar, King of Figaro": 863, "Candy Trail_SB": 417, "Campus Renovation": 413, "Galvanize": 1174, "Su-Chi Cave Guard": 2902, "Fire Magic": 1082, "Boulderbranch Golem_SB": 317, "Galvanize_SB": 1175, "Survivor of Korlis": 2953, "Bearer of Glory": 210, "Intrepid Rabbit": 1536, "Yotian Tactician": 3549, "Magitek Infantry": 1831, "You're Not Alone_SB": 3550, "Rydia, Summoner of Mist": 2513, "Summon: G.F. Ifrit": 2914, "Springbloom Druid": 2823, "Sorceress's Schemes": 2760, "Vitu-Ghazi Inspector_SB": 3418, "Adventurer's Inn_SB": 22, "Self-Destruct": 2615, "Mirran Banesplitter_SB": 1921, "Haste Magic_SB": 1370, "Gohn, Town of Ruin": 1279, "Electrostatic Infantry": 875, "Third Path Iconoclast": 3094, "Stinging Cave Crawler": 2868, "Ferocious Werefox": 1060, "Cosmic Hunger": 597, "Tonberry": 3186, "Aetherblade Agent": 30, "Moment of Defiance_SB": 1952, "Syncopate": 2973, "Fate of the Sun-Cryst_SB": 1014, "Traveling Chocobo": 3210, "Dark Confidant_SB": 654, "Zack Fair": 3554, "Hope Estheim": 1457, "Shanna, Purifying Blade": 2636, "Rosa, Resolute White Mage": 2481, "Serah Farron": 2622, "Kellan, the Kid": 1644, "Caelorna, Coral Tyrant": 401, "Louisoix's Sacrifice_SB": 1802, "Lightning, Army of One": 1752, "Battle Menu": 204, "Vanille, Cheerful l'Cie": 3369, "Fang, Fearless l'Cie": 1007, "Jumbo Cactuar": 1600, "Matoya, Archon Elder": 1876, "Magic Damper": 1830, "Il Mheg Pixie": 1487, "Dark Knight's Greatsword": 655, "Summon: Brynhildr_SB": 2912, "Summon: Primal Odin": 2917, "Coral Sword_SB": 581, "Self-Destruct_SB": 2616, "The Gold Saucer": 3052, "The Fire Crystal": 3051, "Annie Flash, the Veteran": 87, "Balthier and Fran": 182, "Zenos yae Galvus_SB": 3560, "Adventurer's Inn": 21, "Summon: Knights of Round_SB": 2916, "Sin, Spira's Punishment": 2693, "Worldsoul's Rage_SB": 3526, "Rowan's Grim Search": 2487, "Squall, SeeD Mercenary_SB": 2826, "Poison the Waters_SB": 2231, "PuPu UFO": 2269, "Kefka, Court Mage": 1632, "Suplex_SB": 2937, "Thunder Magic": 3141, "Opera Love Song_SB": 2093, "Cloud, Planet's Champion": 528, "Summoner's Grimoire": 2919, "Adelbert Steiner": 20, "Firion, Wild Rose Warrior": 1090, "Raubahn, Bull of Ala Mhigo": 2338, "Adventuring Gear": 23, "Cloud, Midgar Mercenary": 527, "Zack Fair_SB": 3555, "Crossroads Village": 615}}