{"vocabulary": {"Burst Lightning": 375, "Emberheart Challenger": 869, "Heartfire Hero": 1350, "Hired Claw": 1407, "Lightning Strike": 1699, "Manifold Mouse": 1796, "Monastery Swiftspear": 1903, "Monstrous Rage": 1909, "Mountain": 1922, "Rockface Village": 2406, "Screaming Nemesis": 2510, "Witchstalker Frenzy": 3411, "Lithomantic Barrage_SB": 1713, "Obliterating Bolt_SB": 2011, "Sunspine Lynx_SB": 2840, "Torch the Tower_SB": 3085, "Twisted Fealty_SB": 3139, "Urabrask's Forge_SB": 3217, "Witchstalker Frenzy_SB": 3412, "Archfiend of the Dross": 110, "Blooming Marsh": 263, "Cut Down": 619, "Duress": 816, "Forest": 1094, "Glissa Sunslayer": 1221, "Go for the Throat": 1231, "Llanowar Elves": 1718, "Llanowar Wastes": 1723, "Maelstrom Pulse": 1769, "Mosswood Dreadknight": 1920, "Preacher of the Schism": 2186, "Restless Cottage": 2358, "Scavenging Ooze": 2495, "Sentinel of the Nameless City": 2550, "Sheoldred, the Apocalypse": 2575, "Shoot the Sheriff": 2592, "Soulstone Sanctuary": 2700, "Swamp": 2856, "Unholy Annex && Ritual Chamber": 3181, "Virtue of Persistence": 3306, "Aclazotz, Deepest Betrayal_SB": 16, "Anoint with Affliction_SB": 89, "Cut Down_SB": 620, "Duress_SB": 817, "Gix's Command_SB": 1199, "Maelstrom Pulse_SB": 1770, "Tear Asunder_SB": 2899, "Tranquil Frillback_SB": 3100, "Vivien Reid_SB": 3313, "Anoint with Affliction": 88, "Darkslick Shores": 631, "Deep-Cavern Bat": 668, "Enduring Curiosity": 880, "Faerie Mastermind": 967, "Floodpits Drowner": 1076, "Fountainport": 1106, "Gloomlake Verge": 1224, "Island": 1523, "Kaito, Bane of Nightmares": 1560, "Mockingbird": 1882, "Phantom Interference": 2123, "Restless Reef": 2361, "Spyglass Siren": 2747, "Underground River": 3171, "Unstoppable Slasher": 3203, "Ghost Vacuum_SB": 1176, "Kaito, Bane of Nightmares_SB": 1561, "Malicious Eclipse_SB": 1792, "Negate_SB": 1955, "Sheoldred, the Apocalypse_SB": 2576, "Three Steps Ahead_SB": 3030, "Tishana's Tidebinder_SB": 3065, "Analyze the Pollen": 65, "Bitter Reunion": 221, "Botanical Sanctum": 299, "Bushwhack": 377, "Copperline Gorge": 560, "Enduring Vitality": 886, "Fabled Passage": 957, "Karplusan Forest": 1575, "Opt": 2036, "Pawpatch Formation": 2103, "Questing Druid": 2229, "Roaring Furnace && Steaming Sauna": 2401, "Song of Totentanz": 2680, "Stormchaser's Talent": 2801, "Tarnation Vista": 2892, "This Town Ain't Big Enough": 3000, "Thundertrap Trainer": 3049, "Torch the Tower": 3084, "Up the Beanstalk": 3213, "Valley Floodcaller": 3246, "Yavimaya Coast": 3435, "Dissection Tools_SB": 741, "Floodpits Drowner_SB": 1077, "Pawpatch Formation_SB": 2104, "Scorching Dragonfire_SB": 2499, "Unable to Scream_SB": 3159, "Up the Beanstalk_SB": 3214, "Dazzling Denial": 644, "Change the Equation_SB": 466, "Mazemind Tome_SB": 1824, "Agatha's Soul Cauldron": 32, "Cacophony Scamp": 381, "Chainsaw": 455, "Goldvein Hydra": 1245, "Innkeeper's Talent": 1471, "Mirrex": 1862, "Ozolith, the Shattered Spire": 2088, "Pawpatch Recruit": 2105, "Restless Ridgeline": 2363, "Thornspire Verge": 3006, "Voldaren Thrillseeker": 3327, "Haywire Mite_SB": 1341, "Cache Grab": 379, "Eddymurk Crab": 839, "Hedge Maze": 1358, "Into the Flood Maw": 1490, "Seed of Hope": 2538, "Sleight of Hand": 2656, "Tolarian Terror": 3078, "Unsummon": 3205, "Herbology Instructor_SB": 1376, "Minor Misstep_SB": 1858, "Monstrous Emergence_SB": 1908, "Pick Your Poison_SB": 2144, "Kaito, Cunning Infiltrator": 1562, "Blot Out_SB": 268, "Cavern of Souls": 441, "Floodfarm Verge": 1074, "Get Lost": 1160, "Herd Migration": 1379, "Hushwood Verge": 1440, "Leyline Binding": 1681, "Lush Portico": 1760, "Meticulous Archive": 1841, "Overlord of the Floodpits": 2072, "Overlord of the Hauntwoods": 2074, "Overlord of the Mistmoors": 2076, "Plains": 2159, "Scrollshift": 2512, "Shadowy Backstreet": 2563, "Split Up": 2738, "Sunfall": 2831, "Zur, Eternal Schemer": 3459, "Authority of the Consuls_SB": 152, "Doppelgang_SB": 764, "Elspeth's Smite_SB": 861, "Rest in Peace_SB": 2353, "Azure Beastbinder": 165, "Tishana's Tidebinder": 3064, "Sheoldred's Edict_SB": 2574, "Archangel Elspeth": 102, "Beza, the Bounding Spring": 213, "Caretaker's Talent": 406, "Carrot Cake": 410, "Enduring Innocence": 882, "Lay Down Arms": 1662, "Season of the Burrow": 2531, "Soul Partition": 2687, "Sunken Citadel": 2834, "Virtue of Loyalty": 3304, "Beza, the Bounding Spring_SB": 214, "Boon-Bringer Valkyrie_SB": 290, "Exorcise_SB": 934, "Season of the Burrow_SB": 2532, "Split Up_SB": 2739, "Abhorrent Oculus": 2, "Adarkar Wastes": 19, "Chart a Course": 474, "Founding the Third Path": 1103, "Haughty Djinn": 1332, "Helping Hand": 1369, "Kiora, the Rising Tide": 1606, "Moment of Truth": 1896, "Negate": 1954, "Picklock Prankster": 2145, "Recommission": 2307, "Seachrome Coast": 2517, "Disdainful Stroke_SB": 728, "Monastery Mentor_SB": 1901, "Sheltered by Ghosts_SB": 2571, "Soul Partition_SB": 2688, "Temporary Lockdown_SB": 2919, "Kaito, Cunning Infiltrator_SB": 1563, "Day of Judgment": 641, "Glass Casket": 1209, "Outrageous Robbery_SB": 2063, "Ajani, Caller of the Pride": 40, "Brushland": 358, "Dusk Rose Reliquary": 819, "Kellan, Daring Traveler": 1591, "Novice Inspector": 1997, "Razorverge Thicket": 2290, "Regal Bunnicorn": 2322, "Restless Prairie": 2360, "Steel Seraph": 2779, "Teething Wurmlet": 2902, "Tough Cookie": 3091, "Unidentified Hovership": 3185, "Warden of the Inner Sky": 3357, "Aven Interrupter_SB": 155, "Destroy Evil_SB": 710, "Tail Swipe_SB": 2879, "Slickshot Show-Off": 2662, "Snakeskin Veil": 2671, "Questing Druid_SB": 2230, "Scorching Shot_SB": 2501, "Spectral Sailor": 2711, "Flashfreeze_SB": 1067, "Might of the Meek": 1849, "Scorching Dragonfire": 2498, "Fiery Annihilation_SB": 1041, "Innkeeper's Talent_SB": 1472, "Snakeskin Veil_SB": 2672, "Inti, Seneschal of the Sun": 1486, "Karplusan Forest_SB": 1576, "Battlefield Forge": 195, "Boltwave": 275, "Boros Charm": 292, "Inspiring Vantage": 1484, "Lightning Helix": 1697, "Restless Bivouac": 2356, "Shardmage's Rescue": 2565, "Case of the Crimson Pulse_SB": 413, "Fugitive Codebreaker_SB": 1124, "Knight of Grace_SB": 1619, "Lightning Helix_SB": 1698, "Screaming Nemesis_SB": 2511, "Harvester of Misery_SB": 1330, "Blackcleave Cliffs": 226, "Ertai Resurrected": 906, "Honest Rutstein": 1417, "Malcolm, Alluring Scoundrel": 1788, "Marchesa, Dealer of Death": 1803, "Molten Collapse": 1887, "Plaza of Heroes": 2164, "Rakdos Joins Up": 2256, "Relic of Legends": 2331, "Rona, Herald of Invasion": 2416, "Spirebluff Canal": 2732, "Sulfurous Springs": 2823, "Tinybones Joins Up": 3057, "Glistening Deluge_SB": 1223, "Loran of the Third Path_SB": 1737, "Molten Collapse_SB": 1888, "Nashi, Searcher in the Dark_SB": 1949, "Demolition Field": 689, "Felidar Retreat": 1022, "No More Lies": 1982, "Restless Anchorage": 2354, "Sheltered by Ghosts": 2570, "Subterranean Schooner": 2819, "Zoetic Glyph": 3451, "Ajani, Caller of the Pride_SB": 41, "Get Lost_SB": 1161, "Undercity Sewers": 3168, "Blot Out": 267, "Dreams of Steel and Oil": 803, "Tear Asunder": 2898, "Tranquil Frillback": 3099, "Cease // Desist_SB": 446, "Choking Miasma_SB": 482, "Fountainport_SB": 1108, "Nissa, Ascended Animist_SB": 1978, "Render Inert_SB": 2338, "Atraxa, Grand Unifier": 145, "Deadly Cover-Up": 650, "Jace, the Perfected Mind": 1536, "Nowhere to Run": 1998, "Underground Mortuary": 3169, "Breach the Multiverse_SB": 326, "Jace, the Perfected Mind_SB": 1537, "Kaya, Intangible Slayer_SB": 1579, "Long Goodbye_SB": 1728, "Barbed Batterfist": 183, "Sentinel of the Nameless City_SB": 2551, "Wrenn's Resolve_SB": 3429, "Elspeth's Smite": 860, "Faerie Mastermind_SB": 968, "Gix's Command": 1198, "Gix, Yawgmoth Praetor": 1200, "Three Steps Ahead": 3029, "Preacher of the Schism_SB": 2187, "Withering Torment_SB": 3414, "Disfigure_SB": 732, "Clockwork Percussionist": 507, "Torch the Witness_SB": 3087, "Aclazotz, Deepest Betrayal": 15, "Liliana of the Veil_SB": 1705, "Shoot the Sheriff_SB": 2593, "Pyroclasm_SB": 2221, "Unsummon_SB": 3206, "Valley Floodcaller_SB": 3247, "Kellan, Planar Trailblazer": 1594, "Obliterating Bolt": 2010, "Shock": 2586, "Glass Casket_SB": 1210, "The Huntsman's Redemption": 2955, "Caves of Koilos": 444, "Charming Prince": 471, "Concealed Courtyard": 537, "Elenda, Saint of Dusk": 852, "Legions to Ashes": 1673, "Nullpriest of Oblivion": 2000, "Phyrexian Fleshgorger": 2134, "Restless Fortress": 2359, "Sun-Blessed Healer": 2825, "Caustic Bronco_SB": 436, "Gix, Yawgmoth Praetor_SB": 1201, "Legions to Ashes_SB": 1674, "Cruelclaw's Heist": 595, "Harvester of Misery": 1329, "Sword of Once and Future_SB": 2867, "Vivien Reid": 3312, "Bloodletter of Aclazotz": 254, "Disfigure": 731, "Liliana of the Veil": 1704, "Cruelclaw's Heist_SB": 596, "Dreams of Steel and Oil_SB": 804, "Thran Portal": 3020, "Bloodthirsty Conqueror": 258, "Enduring Tenacity": 884, "Liliana, Dreadhorde General_SB": 1707, "Destroy Evil": 709, "Archangel of Wrath": 106, "Commercial District": 534, "Temporary Lockdown": 2918, "Archangel of Wrath_SB": 107, "Sunfall_SB": 2832, "Clifftop Lookout": 505, "Outrageous Robbery": 2062, "Pillage the Bog": 2152, "Seized from Slumber": 2545, "Starfall Invocation": 2762, "Aftermath Analyst": 30, "Doppelgang": 763, "Escape Tunnel": 910, "Evolving Wilds": 930, "Fires of Victory": 1056, "Ill-Timed Explosion": 1449, "Inspiration from Beyond": 1481, "Lumra, Bellow of the Woods": 1754, "Nissa, Resurgent Animist": 1979, "Roxanne, Starfall Savant": 2423, "Spelunking": 2720, "Terramorphic Expanse": 2925, "Virtue of Strength": 3308, "Worldsoul's Rage": 3419, "Bonny Pall, Clearcutter_SB": 284, "Roxanne, Starfall Savant_SB": 2424, "Deduce": 664, "Doomsday Excruciator": 760, "Quick Study": 2232, "Chrome Host Seedshark_SB": 484, "The End_SB": 2945, "Dreamdew Entrancer": 801, "Mazemind Tome": 1823, "Shock_SB": 2589, "Scavenging Ooze_SB": 2496, "Misery's Shadow_SB": 1870, "Devout Decree_SB": 717, "The Eternal Wanderer": 2947, "Realmbreaker, the Invasion Tree_SB": 2296, "The Eternal Wanderer_SB": 2948, "Assimilation Aegis": 138, "Case of the Crimson Pulse": 412, "Ethereal Armor": 924, "Loran's Escape": 1738, "Optimistic Scavenger": 2038, "Valorous Stance_SB": 3255, "Invasion of Tolvada": 1515, "Liliana, Dreadhorde General": 1706, "Grand Abolisher_SB": 1259, "Bitter Triumph": 223, "Virtue of Persistence_SB": 3307, "Valgavoth, Terror Eater": 3241, "Wail of the Forgotten": 3348, "Zombify": 3453, "Filter Out_SB": 1044, "Sheoldred's Edict": 2573, "Spell Stutter": 2715, "Hostile Investigator_SB": 1428, "Arcanis the Omnipotent": 101, "Fear of Missing Out": 1002, "Proft's Eidetic Memory": 2198, "Shivan Reef": 2585, "Steamcore Scholar": 2775, "Thundering Falls": 3045, "Abrade_SB": 5, "Thrun, Breaker of Silence_SB": 3041, "Deep-Cavern Bat_SB": 669, "Case of the Gateway Express": 415, "Gleeful Demolition": 1216, "Imodane's Recruiter": 1452, "Knight-Errant of Eos": 1620, "Painter's Studio && Defaced Gallery": 2091, "Resolute Reinforcements": 2347, "Yotian Frontliner": 3439, "Protect the Negotiators_SB": 2207, "Shardmage's Rescue_SB": 2566, "Protect the Negotiators": 2206, "Splitskin Doll": 2740, "Spellbook Vendor": 2717, "Blazemire Verge": 234, "Piggy Bank": 2147, "Raucous Theater": 2282, "Beseech the Mirror": 207, "Brotherhood's End": 355, "Demonic Pact": 695, "Disturbing Mirth": 747, "Final Vengeance": 1048, "Hopeless Nightmare": 1421, "Hostile Investigator": 1427, "Restless Vents": 2367, "Tinybones, the Pickpocket": 3061, "Urabrask's Forge": 3216, "Case of the Stashed Skeleton_SB": 422, "Feed the Swarm_SB": 1016, "Leyline of the Void_SB": 1689, "Etali, Primal Conqueror": 919, "Overlord of the Balemurk": 2068, "Push // Pull": 2216, "The Cruelty of Gix": 2939, "The Infamous Cruelclaw": 2957, "Trumpeting Carnosaur": 3121, "Brotherhood's End_SB": 356, "Ossification": 2050, "Surge of Salvation_SB": 2846, "Not on My Watch_SB": 1996, "Royal Treatment": 2425, "Aegis Turtle_SB": 23, "Burst Lightning_SB": 376, "Into the Flood Maw_SB": 1491, "Invasion of Tarkir_SB": 1513, "Volcanic Spite_SB": 3325, "Case of the Filched Falcon": 414, "Leyline Axe": 1680, "Go for the Throat_SB": 1232, "Muerra, Trash Tactician_SB": 1929, "Get Out": 1162, "Restless Vinestalk": 2369, "Mountain_SB": 1923, "Kutzil, Malamet Exemplar": 1646, "Altanak, the Thrice-Called": 55, "Say Its Name": 2481, "Caustic Bronco": 435, "Shore Up": 2594, "Enduring Curiosity_SB": 881, "Rona's Vortex": 2414, "Nowhere to Run_SB": 1999, "Swamp_SB": 2857, "Sharp-Eyed Rookie": 2567, "Runic Shot": 2439, "Herald of Eternal Dawn_SB": 1372, "Sun-Blessed Healer_SB": 2826, "Invasion of Ixalan": 1506, "Ral, Crackling Wit_SB": 2265, "Stingerback Terror_SB": 2786, "Sphinx of Forgotten Lore_SB": 2722, "Charming Scoundrel": 472, "Fugitive Codebreaker": 1123, "Emberheart Challenger_SB": 870, "Rockface Village_SB": 2407, "Squee, Dubious Monarch_SB": 2750, "Scorching Shot": 2500, "Feed the Cycle": 1012, "Monastery Mentor": 1900, "Faebloom Trick": 962, "No More Lies_SB": 1983, "Seeker's Folly": 2540, "Arabella, Abandoned Doll": 93, "Requisition Raid_SB": 2346, "Tail Swipe": 2878, "The Stone Brain_SB": 2985, "Stab_SB": 2753, "Aloe Alchemist": 54, "Cunning Coyote": 611, "Cease // Desist": 445, "Kaya, Intangible Slayer": 1578, "Mortify": 1916, "Union of the Third Path": 3187, "Elenda, Saint of Dusk_SB": 853, "Kutzil's Flanker_SB": 1645, "Soul Search_SB": 2690, "Thrun, Breaker of Silence": 3040, "Assimilation Aegis_SB": 139, "Desecration Demon": 703, "Season of Gathering_SB": 2526, "The Cruelty of Gix_SB": 2940, "Overlord of the Boilerbilges": 2070, "Valgavoth's Onslaught": 3239, "Phyrexian Fleshgorger_SB": 2135, "Raucous Carnival": 2280, "Harmless Offering": 1325, "Coveted Falcon": 583, "Fallaji Archaeologist": 973, "Tithing Blade": 3070, "Impulse": 1459, "Portent of Calamity": 2182, "Drag to the Bottom": 774, "Greed's Gambit_SB": 1273, "Archfiend of the Dross_SB": 111, "Serra Paragon": 2553, "Day of Judgment_SB": 642, "Stab": 2752, "Vinereap Mentor": 3294, "Glissa Sunslayer_SB": 1222, "Sorcerous Spyglass_SB": 2686, "Elesh Norn, Mother of Machines": 855, "Broodspinner_SB": 354, "The Gitrog, Ravenous Ride_SB": 2952, "Collector's Cage": 519, "Nurturing Pixie": 2002, "Toby, Beastie Befriender": 3073, "Ajani, Sleeper Agent_SB": 44, "Serra Paragon_SB": 2554, "Artist's Talent": 128, "Crash Through": 586, "Hearth Elemental": 1355, "Urabrask": 3215, "Wrenn's Resolve": 3428, "Jaya, Fiery Negotiator_SB": 1541, "Koth, Fire of Resistance_SB": 1633, "Wear Down_SB": 3375, "Deadly Cover-Up_SB": 651, "Sanguine Evangelist": 2468, "Warleader's Call": 3361, "Invasion of Gobakhan_SB": 1504, "Mishra's Foundry": 1873, "Untimely Malfunction_SB": 3208, "Callous Sell-Sword": 390, "Audacity": 147, "Two-Headed Hunter": 3143, "Giant Growth": 1183, "Tyvar's Stand_SB": 3151, "Soul-Guide Lantern_SB": 2693, "Unholy Annex // Ritual Chamber": 3183, "Heartflame Duelist_SB": 1354, "Valley Questcaller": 3249, "Finneas, Ace Archer": 1052, "Hinterland Sanctifier": 1405, "Seasoned Warrenguard": 2534, "Valley Mightcaller": 3248, "Surge of Salvation": 2845, "Hop to It": 1418, "Banner of Kinship": 180, "Three Tree City": 3031, "Lupinflower Village": 1758, "Joust Through_SB": 1555, "Abyssal Harvester": 10, "Razorlash Transmogrant_SB": 2289, "Spinner of Souls": 2730, "Wrenn and Realmbreaker": 3425, "Ferocification": 1030, "Ruby, Daring Tracker": 2428, "Wildfire Wickerfolk": 3392, "Hunter's Talent": 1436, "Axebane Ferox": 159, "Scrapshooter": 2504, "Dragonhawk, Fate's Tempest": 786, "Pick Your Poison": 2143, "Keen-Eyed Curator": 1585, "Sunspine Lynx": 2839, "Evangel of Synthesis": 927, "Invasion of Amonkhet": 1497, "Dreadwing Scavenger": 800, "Render Inert": 2337, "Arcane Proxy": 100, "Massacre Wurm_SB": 1818, "Change the Equation": 465, "Helpful Hunter": 1368, "Starscape Cleric": 2765, "Elas il-Kor, Sadistic Pilgrim": 847, "Amalia Benavides Aguirre": 56, "Mudflat Village": 1927, "Raise the Past": 2253, "Enduring Tenacity_SB": 885, "Atraxa, Grand Unifier_SB": 146, "Highway Robbery": 1403, "Sheoldred": 2572, "Bristlebud Farmer_SB": 345, "Blue Sun's Twilight_SB": 271, "Fear of Impostors_SB": 995, "Spring-Loaded Sawblades": 2745, "Demonic Ruckus": 697, "Elegant Parlor": 851, "Elesh Norn, Mother of Machines_SB": 856, "Invasion of Gobakhan": 1503, "The Wandering Rescuer": 2990, "Don't Make a Sound": 758, "Silent Hallcreeper_SB": 2609, "Monstrous Emergence": 1907, "Fiery Annihilation": 1040, "Loran of the Third Path": 1736, "Not on My Watch": 1995, "Tectonic Hazard_SB": 2901, "Glimpse the Core": 1219, "Smuggler's Surprise": 2669, "The Irencrag": 2958, "Vaultborn Tyrant": 3267, "Make Your Own Luck": 1784, "Ancient Cornucopia": 69, "Omniscience": 2032, "Invasion of Arcavios": 1499, "Peerless Recycling_SB": 2110, "Beseech the Mirror_SB": 208, "Heroic Reinforcements_SB": 1387, "This Town Ain't Big Enough_SB": 3001, "Sleep-Cursed Faerie": 2655, "Faerie Dreamthief": 964, "Faerie Fencing": 965, "Ego Drain": 843, "Season of Loss": 2527, "Talion's Messenger_SB": 2888, "Wing Commando": 3401, "Roaring Furnace // Steaming Sauna": 2403, "Ral, Crackling Wit": 2264, "Stormcatch Mentor": 2800, "Elusive Otter": 865, "Blood Hustler": 246, "Deathcap Marionette": 658, "Eaten Alive": 835, "Forsaken Miner": 1099, "Fear of Being Hunted": 990, "Enduring Courage": 878, "Fell": 1024, "Jagged Barrens": 1538, "Bloodfell Caves": 251, "Third Path Iconoclast": 2996, "Reasonable Doubt": 2297, "Essence Scatter_SB": 917, "Painter's Studio // Defaced Gallery": 2093, "Parting Gust": 2099, "Restless Spire": 2365, "Teferi, Temporal Pilgrim": 2903, "Silver Scrutiny_SB": 2612, "Misery's Shadow": 1869, "Obstinate Baloth_SB": 2015, "Braids, Arisen Nightmare": 310, "Greedy Freebooter": 1274, "Corrupted Conviction": 572, "Spiteful Hexmage": 2734, "Furnace Reins": 1133, "Vengeful Bloodwitch": 3276, "Bitter Triumph_SB": 224, "Overlord of the Floodpits_SB": 2073, "Trygon Predator_SB": 3122, "Kiora, the Rising Tide_SB": 1607, "Vampire Nighthawk_SB": 3259, "Rankle's Prank": 2273, "Bandit's Talent": 176, "Ruthless Negotiation": 2447, "Thought-Stalker Warlock": 3011, "Plumecreed Escort": 2165, "Marauding Blight-Priest": 1801, "Phyrexian Arena": 2129, "Case of the Uneaten Feast": 423, "Scoured Barrens": 2503, "Balustrade Wurm_SB": 174, "Assassin's Trophy_SB": 137, "Haunted Screen": 1338, "Prayer of Binding": 2185, "The End": 2944, "Kaya, Spirits' Justice": 1580, "Sandstorm Verge": 2467, "Unwanted Remake": 3209, "Capricious Hellraiser": 400, "Brass's Tunnel-Grinder": 319, "Season of Weaving": 2529, "Chandra, Hope's Beacon": 459, "Horned Loch-Whale": 1423, "Chandra, Flameshaper": 457, "Virtue of Knowledge_SB": 3303, "Pilfer_SB": 2151, "Cerebral Confiscation_SB": 452, "Feed the Cycle_SB": 1013, "Chimil, the Inner Sun_SB": 479, "Urborg Scavengers_SB": 3223, "No One Left Behind": 1984, "Insatiable Avarice_SB": 1477, "Rona's Vortex_SB": 2415, "Bonny Pall, Clearcutter": 283, "Bristly Bill, Spine Sower": 347, "Invasion of Zendikar": 1516, "Loot, Exuberant Explorer": 1732, "Mossborn Hydra": 1918, "River's Rebuke": 2392, "Tatyova, Benthic Druid": 2895, "Joint Exploration": 1552, "Koma, World-Eater": 1628, "River's Rebuke_SB": 2393, "Primeval Bounty_SB": 2192, "Azure Beastbinder_SB": 166, "Koma, World-Eater_SB": 1629, "Urza's Sylex": 3232, "Exorcise": 933, "Dollmaker's Shop // Porcelain Gallery": 756, "Union of the Third Path_SB": 3188, "Regal Caracal_SB": 2325, "Rush of Dread": 2441, "Secluded Courtyard": 2536, "Urza's Sylex_SB": 3233, "Refute": 2320, "Throne of the Grim Captain": 3037, "Urborg Scavengers": 3222, "Valgavoth's Lair": 3238, "Zetalpa, Primal Dawn": 3447, "Drana and Linvala_SB": 795, "Pest Control_SB": 2120, "The Kenriths' Royal Funeral_SB": 2961, "Ephara's Dispersal_SB": 900, "Nashi, Searcher in the Dark": 1948, "Saiba Cryptomancer": 2458, "Silent Hallcreeper": 2608, "Phantom Interference_SB": 2124, "Archangel Elspeth_SB": 103, "Roaring Furnace && Steaming Sauna_SB": 2402, "Faebloom Trick_SB": 963, "Plains_SB": 2160, "Chimil, the Inner Sun": 478, "Collector's Vault": 521, "White Sun's Twilight": 3386, "Disenchant_SB": 730, "Rat Out_SB": 2276, "Moment of Craving_SB": 1894, "Vren, the Relentless_SB": 3347, "Seized from Slumber_SB": 2546, "Crystal Barricade_SB": 607, "Break Out": 330, "Cenote Scout": 449, "Patchwork Beastie": 2102, "Violent Urge": 3296, "Vengeful Possession_SB": 3278, "Turn Inside Out": 3128, "Furnace Reins_SB": 1134, "Tyvar's Stand": 3150, "Zoetic Glyph_SB": 3452, "Regal Bunnicorn_SB": 2323, "Authority of the Consuls": 151, "Thornwood Falls": 3008, "Creosote Heath": 592, "Malicious Eclipse": 1791, "Festering Gulch": 1032, "Shroudstomper": 2602, "Forlorn Flats": 1098, "Outcaster Greenblade": 2057, "Spinewoods Armadillo": 2727, "Feed the Infection": 1014, "Copper Host Crusher": 558, "Badlands Revival": 168, "Bandit's Haul": 175, "Vinereap Mentor_SB": 3295, "Insidious Fungus_SB": 1479, "Hunter's Talent_SB": 1437, "Confounding Riddle": 541, "Surgical Suite // Hospital Room": 2850, "Mischievous Pup": 1868, "Inspiring Overseer": 1482, "Hinterland Sanctifier_SB": 1406, "Cathar Commando_SB": 431, "Angel of Finality_SB": 73, "Fynn, the Fangbearer": 1135, "Infectious Bite": 1464, "Vampire Nighthawk": 3258, "Servant of the Stinger": 2557, "Ankle Biter": 79, "Bilious Skulldweller": 215, "Infectious Inquiry": 1466, "Vraska's Fall": 3341, "Nimraiser Paladin": 1976, "The Hunter Maze": 2954, "The Dross Pits": 2941, "Urborg Repossession": 3220, "Soured Springs": 2702, "Lush Oasis": 1759, "Live or Die": 1714, "Seize the Secrets": 2543, "Rogue's Passage": 2409, "Rugged Highlands": 2429, "Thrashing Brontodon": 3023, "Giant Cindermaw": 1181, "Belligerent Yearling": 206, "Scytheclaw Raptor": 2515, "Triumphant Chomp": 3117, "Colossadactyl": 525, "Earthshaker Dreadmaw": 833, "Ixalli's Lorekeeper": 1529, "Itzquinth, Firstborn of Gishath": 1525, "Bristling Backwoods": 346, "Armored Kincaller_SB": 124, "Insidious Roots": 1480, "Defiled Crypt // Cadaver Lab": 682, "Coati Scavenger": 511, "Blanchwood Prowler": 229, "Cult Conscript": 609, "Osseous Sticktwister": 2049, "Skyfisher Spider": 2641, "Drag to the Roots": 775, "Jungle Hollow": 1558, "Deadly Brew": 648, "Strangled Cemetery": 2809, "Dewdrop Cure_SB": 719, "Fanatical Firebrand": 976, "Hellspur Brute": 1364, "Flamecache Gecko": 1061, "Fireglass Mentor": 1055, "Vial Smasher, Gleeful Grenadier": 3288, "At Knifepoint": 142, "Abrade": 4, "Mourner's Surprise_SB": 1924, "Caught in the Crossfire_SB": 433, "Scales of Shale_SB": 2488, "Wardens of the Cycle": 3358, "Kraul Whipcracker": 1634, "Binding Negotiation_SB": 217, "Demolition Field_SB": 690, "Vraska, Betrayal's Sting": 3343, "Keen-Eyed Curator_SB": 1586, "Armored Armadillo": 122, "Feather of Flight": 1008, "Knight of Grace": 1618, "Toadstool Admirer": 3072, "Unflinching Courage": 3179, "Overlord of the Mistmoors_SB": 2077, "Sanguine Evangelist_SB": 2469, "Virtue of Loyalty_SB": 3305, "Clay-Fired Bricks": 503, "Sandstorm Salvager": 2465, "Skyknight Squire": 2643, "Tolsimir, Midnight's Light": 3080, "Builder's Talent": 361, "Nissa, Ascended Animist": 1977, "Dreamdew Entrancer_SB": 802, "Aven Interrupter": 154, "Errant and Giada": 904, "Werefox Bodyguard": 3380, "Plumecreed Escort_SB": 2166, "Autonomous Assembler": 153, "Etali's Favor": 918, "Geological Appraiser": 1157, "Luminous Rebuke": 1752, "Quintorius Kand": 2233, "Caretaker's Talent_SB": 407, "Luminous Rebuke_SB": 1753, "Candy Trail": 396, "Fomori Vault": 1087, "Massacre Wurm": 1817, "The Enigma Jewel": 2946, "Valgavoth's Faithful": 3237, "Sheoldred_SB": 2577, "Felidar Retreat_SB": 1023, "Lyra Dawnbringer_SB": 1762, "Hired Claw_SB": 1408, "Temple of Triumph": 2917, "Kayla's Command_SB": 1582, "Starfall Invocation_SB": 2763, "Scavenger's Talent": 2494, "Souls of the Lost": 2698, "Stalactite Stalker": 2757, "Bandit's Talent_SB": 177, "Rottenmouth Viper_SB": 2422, "Unholy Annex && Ritual Chamber_SB": 3182, "Spell Stutter_SB": 2716, "Thought-Stalker Warlock_SB": 3012, "Jace Reawakened": 1533, "Spinner of Souls_SB": 2731, "Mabel, Heir to Cragflame": 1765, "Shore Up_SB": 2595, "Entity Tracker": 897, "Fae Flight": 960, "Gremlin Tamer": 1279, "Inquisitive Glimmer": 1474, "Pawpatch Recruit_SB": 2106, "Cryptic Coat_SB": 603, "Parting Gust_SB": 2100, "Bitter Reunion_SB": 222, "Jace Reawakened_SB": 1534, "Gremlin Tamer_SB": 1280, "Rat Out": 2275, "Planar Disruption_SB": 2162, "Shrouded Shepherd_SB": 2601, "Callous Sell-Sword_SB": 391, "Neutralize the Guards_SB": 1964, "Ertai Resurrected_SB": 907, "Demonic Counsel": 691, "Kaito, Dancing Shadow": 1564, "Demonic Counsel_SB": 692, "Kaito, Dancing Shadow_SB": 1565, "Youthful Valkyrie": 3440, "Exemplar of Light": 931, "Lyra Dawnbringer": 1761, "Giada, Font of Hope": 1179, "Resplendent Angel": 2349, "Archangel of Tithes_SB": 105, "Warleader's Call_SB": 3362, "Anointed Peacekeeper": 90, "Recruitment Officer": 2309, "Skrelv, Defector Mite": 2631, "The Filigree Sylex_SB": 2951, "Phyrexian Censor_SB": 2132, "Dollmaker's Shop && Porcelain Gallery": 755, "Gisa, the Hellraiser_SB": 1194, "Urgent Necropsy_SB": 3228, "The Swarmweaver": 2987, "The Elder Dragon War": 2942, "Restless Ridgeline_SB": 2364, "Magebane Lizard_SB": 1774, "Cruel Somnophage": 594, "Molten Duplication": 1889, "Herbology Instructor": 1375, "Flowerfoot Swordmaster": 1083, "Restless Bivouac_SB": 2357, "Slagstorm_SB": 2651, "Assassin's Trophy": 136, "Kami of Whispered Hopes": 1569, "Fauna Shaman": 985, "Diabolic Intent": 720, "Tyvar, Jubilant Brawler": 3152, "Lively Dirge_SB": 1716, "Haywire Mite": 1340, "Rubblebelt Maverick": 2427, "Scorn-Blade Berserker": 2502, "Snarling Gorehound": 2674, "Imperious Perfect_SB": 1457, "Reclamation Sage_SB": 2306, "Sandstorm Salvager_SB": 2466, "Tough Cookie_SB": 3092, "Urborg Repossession_SB": 3221, "Lord Skitter, Sewer King_SB": 1742, "Archdruid's Charm": 108, "Calamity, Galloping Inferno": 386, "Sire of Seven Deaths": 2622, "The Rollercrusher Ride": 2976, "Tyrranax Rex_SB": 3148, "Get Out_SB": 1163, "Raucous Carnival_SB": 2281, "Blossoming Tortoise": 266, "Cityscape Leveler": 491, "Titania's Command": 3066, "Argoth, Sanctum of Nature": 119, "Blast Zone": 232, "Cavernous Maw": 443, "Forgotten Monument": 1097, "Volatile Fault": 3322, "Urza, Lord Protector": 3234, "Simulacrum Synthesizer": 2617, "Fabrication Foundry": 958, "Unstable Glyphbridge": 3200, "Braided Net": 308, "Thran Spider": 3021, "The Mightstone and Weakstone": 2966, "Withering Torment": 3413, "Skrelv's Hive_SB": 2630, "Osteomancer Adept": 2052, "Curious Forager": 615, "Thornvault Forager": 3007, "The Mycotyrant": 2971, "Sporogenic Infection_SB": 2743, "Agatha's Soul Cauldron_SB": 33, "Titania, Voice of Gaea_SB": 3069, "Huskburster Swarm_SB": 1442, "Case of the Stashed Skeleton": 421, "Grievous Wound": 1282, "Torpor Orb_SB": 3090, "Funeral Room // Awakening Hall_SB": 1129, "Rise of the Dark Realms_SB": 2385, "Pyroclasm": 2220, "Seize the Spoils": 2544, "Ichor Drinker": 1446, "Hungry Ghoul": 1435, "Cemetery Recruitment": 448, "Diregraf Ghoul": 725, "Skeleton Archer": 2624, "Sanguine Syphoner": 2470, "Mephitic Draught": 1837, "Not Dead After All": 1993, "Murder": 1933, "Canonized in Blood": 399, "Vampiric Rites": 3261, "Moment of Craving": 1893, "Offer Immortality": 2018, "Urgent Necropsy": 3227, "Heaped Harvest": 1349, "Iridescent Vinelasher": 1520, "Gev, Scaled Scorch": 1166, "Valley Rotcaller": 3250, "Scales of Shale": 2487, "Terror of the Peaks": 2928, "Twinflame Tyrant": 3133, "Valgavoth, Terror Eater_SB": 3242, "Valkyrie's Call_SB": 3244, "Fumigate_SB": 1127, "Cathar Commando": 430, "Coppercoat Vanguard": 559, "Harbin, Vanguard Aviator": 1316, "Valiant Veteran": 3243, "Zephyr Sentinel": 3444, "Skystrike Officer": 2649, "Fortified Beachhead": 1100, "Raise the Past_SB": 2254, "Cryptic Coat": 602, "Temple of Enlightenment": 2910, "Ezrim, Agency Chief_SB": 954, "Take Up the Shield_SB": 2883, "Royal Treatment_SB": 2426, "Unidentified Hovership_SB": 3186, "Gingerbrute": 1191, "Song of Totentanz_SB": 2681, "Alesha, Who Laughs at Fate": 50, "Vadmir, New Blood": 3235, "Arabella, Abandoned Doll_SB": 94, "Painter's Studio && Defaced Gallery_SB": 2092, "Stoic Sphinx_SB": 2793, "Leyline of Resonance": 1683, "Doorkeeper Thrull_SB": 762, "Tinybones, the Pickpocket_SB": 3062, "Outcaster Trailblazer": 2058, "Pond Prophet": 2176, "Splash Portal": 2736, "Temple of Mystery": 2914, "Timely Interference": 3055, "Unable to Scream": 3158, "Vesuvan Duplimancy": 3283, "Dive Down_SB": 750, "Scrawling Crawler_SB": 2508, "Gnawing Vermin": 1229, "Hollow Marauder": 1412, "Huskburster Swarm": 1441, "Overwhelming Remorse": 2082, "Stubborn Burrowfiend": 2817, "Writhing Necromass": 3430, "Basilisk Collar_SB": 191, "Dryad Militant_SB": 812, "Subterranean Schooner_SB": 2820, "Mockingbird_SB": 1883, "Chandra, Hope's Beacon_SB": 460, "Bristlebud Farmer": 344, "Charred Foyer && Warped Space_SB": 473, "Push // Pull_SB": 2217, "Virtue of Courage_SB": 3301, "Vren, the Relentless": 3346, "Abhorrent Oculus_SB": 3, "Goddric, Cloaked Reveler": 1241, "Crawling Barrens": 589, "Joust Through": 1554, "Akawalli, the Seething Tower": 47, "Absolving Lammasu_SB": 7, "Think Twice": 2994, "Micromancer_SB": 1847, "Coruscation Mage_SB": 576, "Dollmaker's Shop // Porcelain Gallery_SB": 757, "Fade from History_SB": 959, "Phyrexian Obliterator_SB": 2139, "Unholy Annex // Ritual Chamber_SB": 3184, "Unstoppable Slasher_SB": 3204, "Bruse Tarl, Roving Rancher": 357, "Fblthp, Lost on the Range": 987, "Weakstone's Subjugation": 3372, "An Offer You Can't Refuse_SB": 63, "Fblthp, Lost on the Range_SB": 988, "Proft's Eidetic Memory_SB": 2199, "Weakstone's Subjugation_SB": 3373, "Bottomless Pool && Locker Room": 300, "Fear of Isolation": 998, "Tinybones Joins Up_SB": 3058, "Tithing Blade_SB": 3071, "The Swarmweaver_SB": 2988, "Werefox Bodyguard_SB": 3381, "Boon-Bringer Valkyrie": 289, "Invasion of Tarkir": 1512, "Hidetsugu's Second Rite_SB": 1400, "Temple of Epiphany": 2911, "Imodane's Recruiter_SB": 1453, "Invasion of Karsus_SB": 1508, "Mirror Room && Fractured Realm_SB": 1864, "Sword of Wealth and Power_SB": 2869, "Wildfire Howl_SB": 3391, "Zurgo and Ojutai_SB": 3462, "Ethereal Armor_SB": 925, "Halo Forager_SB": 1311, "Mabel, Heir to Cragflame_SB": 1766, "Kitesail Larcenist": 1610, "Essence Scatter": 916, "Ballyrush Banneret": 171, "Myrel, Shield of Argive_SB": 1941, "Siege Veteran_SB": 2604, "Steel Seraph_SB": 2780, "Overprotect": 2078, "Soulstone Sanctuary_SB": 2701, "Ezrim, Agency Chief": 953, "Karn, Living Legacy": 1573, "Metropolis Reformer": 1844, "Wrenn and Realmbreaker_SB": 3426, "Hard-Hitting Question": 1321, "Omnivorous Flytrap": 2033, "Decadent Dragon": 662, "Krenko's Buzzcrusher_SB": 1638, "Kellan, Inquisitive Prodigy": 1592, "Roaring Furnace // Steaming Sauna_SB": 2404, "Rottenmouth Viper": 2421, "Blood Spatter Analysis": 248, "Final Vengeance_SB": 1049, "Witch's Mark": 3409, "Kitsa, Otterball Elite": 1613, "Silverback Elder_SB": 2613, "Urborg Lhurgoyf": 3219, "Hidden Grotto": 1391, "Rite of the Moth": 2391, "Venerated Rotpriest": 3273, "Branchblight Stalker": 317, "Ichorspit Basilisk": 1447, "Maze's Mantle": 1822, "Viral Spawning": 3298, "Plague Nurse": 2158, "Venomous Brutalizer": 3280, "Tyrranax Atrocity": 3146, "Goliath Hatchery": 1249, "Paladin of Predation": 2095, "Tyrranax Rex": 3147, "Serum Snare": 2555, "Tainted Observer": 2881, "Experimental Augury": 938, "Thrummingbird": 3039, "Mesmerizing Dose": 1839, "Reject Imperfection": 2329, "Gitaxian Anatomist": 1195, "Vivisurgeon's Insight": 3314, "Basilisk Collar": 190, "Lakeside Shack": 1651, "Simic Guildgate": 2616, "Tangled Islet": 2891, "Meat Locker // Drowned Diner": 1825, "Archangel of Tithes": 104, "Sigarda, Font of Blessings": 2606, "Angelic Intervention": 74, "The Witch's Vanity": 2992, "Greed's Gambit": 1272, "Rundvelt Hordemaster": 2435, "Searslicer Goblin": 2523, "Breeches, Eager Pillager": 334, "Squee, Dubious Monarch": 2749, "Krenko, Mob Boss": 1640, "Long Goodbye": 1727, "White Sun's Twilight_SB": 3387, "Tatyova, Steward of Tides": 2896, "Awaken the Woods": 158, "Rampaging Baloths": 2267, "Portal to Phyrexia": 2180, "Omenpath Journey": 2031, "Poison Dart Frog": 2168, "Doubling Season": 765, "Break the Spell_SB": 333, "Migloz, Maze Crusher_SB": 1852, "Aetherize_SB": 28, "Under the Skin": 3166, "Seraphic Steed": 2552, "Hulking Raptor": 1434, "Vorinclex": 3335, "Cavern of Souls_SB": 442, "Goldvein Hydra_SB": 1246, "Meticulous Excavation_SB": 1843, "Cheeky House-Mouse": 476, "Rabid Gnaw": 2237, "Raging Battle Mouse": 2251, "Loran's Escape_SB": 1739, "Zoraline, Cosmos Caller": 3455, "Ossification_SB": 2051, "Enduring Innocence_SB": 883, "The Witch's Vanity_SB": 2993, "Zoraline, Cosmos Caller_SB": 3456, "Ill-Timed Explosion_SB": 1450, "Teferi, Temporal Pilgrim_SB": 2904, "Lay Down Arms_SB": 1663, "Betrayer's Bargain": 211, "Undead Sprinter_SB": 3165, "Murky Sewer": 1936, "Neglected Manor": 1956, "Deeproot Pilgrimage": 671, "Deeproot Wayfinder": 672, "Mistway Spy": 1879, "Vodalian Hexcatcher": 3316, "Realmbreaker, the Invasion Tree": 2295, "Metropolis Reformer_SB": 1845, "Might of the Meek_SB": 1850, "Seeker's Folly_SB": 2541, "Wildborn Preserver": 3390, "Doomsday Excruciator_SB": 761, "Heartflame Duelist": 1353, "Norn's Inquisitor": 1991, "Crystal Grotto": 608, "Sunder the Gateway_SB": 2830, "Fear of Impostors": 994, "Defabricate_SB": 674, "Twist Reality_SB": 3137, "Guardian of New Benalia": 1296, "Bottomless Pool // Locker Room": 302, "Viashino Pyromancer": 3290, "Vraska Joins Up": 3340, "Bloated Contaminator": 243, "Darkstar Augur": 633, "Necrogen Communion": 1952, "Thirsting Roots_SB": 2999, "Swiftfoot Boots_SB": 2861, "Vraska, Betrayal's Sting_SB": 3344, "Jodah, the Unifier": 1548, "Myrel, Shield of Argive": 1940, "Hajar, Loyal Bodyguard": 1304, "Halana and Alena, Partners": 1306, "Inga and Esika": 1470, "Gwenna, Eyes of Gaea": 1303, "Jirina, Dauntless General": 1546, "Melira, the Living Cure": 1831, "Hajar, Loyal Bodyguard_SB": 1305, "Etali, Primal Conqueror_SB": 920, "Elesh Norn_SB": 857, "Surrak and Goreclaw_SB": 2853, "Pia Nalaar, Consul of Revival": 2142, "Invasion of Kaldheim": 1507, "Getaway Glamer_SB": 1165, "Curate": 613, "Ephara's Dispersal": 899, "Pest Control": 2119, "Heraldic Banner": 1373, "Gatekeeper of Malakir": 1151, "Heraldic Banner_SB": 1374, "Defiled Crypt // Cadaver Lab_SB": 683, "Twisted Fealty": 3138, "Drannith Ruins": 797, "Spellgyre": 2718, "Karn's Sylex_SB": 1572, "Aegis Turtle": 22, "Enter the Enigma": 895, "Venerated Rotpriest_SB": 3274, "Ivy, Gleeful Spellthief_SB": 1528, "Regal Caracal": 2324, "Arahbo, the First Fang": 96, "The Stone Brain": 2984, "High Noon_SB": 1402, "Decadent Dragon_SB": 663, "Vein Ripper": 3270, "Viashino Pyromancer_SB": 3291, "Lightning Strike_SB": 1700, "Rite of the Dragoncaller": 2389, "Grabby Giant": 1255, "Horned Loch-Whale_SB": 1424, "Feldon's Cane_SB": 1018, "Pugnacious Hammerskull": 2211, "Corpses of the Lost": 567, "Immersturm Predator": 1451, "Laughing Jasper Flint": 1657, "Jaya, Fiery Negotiator": 1540, "Sword of Once and Future": 2866, "Dragon Fodder": 777, "Goblin Surprise": 1240, "Seal from Existence": 2519, "Battlefly Swarm": 197, "Drake Hatcher": 791, "Broodspinner": 353, "Green Sun's Twilight": 1275, "Solemn Simulacrum": 2677, "Ghalta, Stampede Tyrant": 1170, "Conduit Pylons": 538, "Maha, Its Feathers Night_SB": 1782, "Beastie Beatdown": 199, "Annie Joins Up": 83, "Huatli, Poet of Unity": 1431, "Fortune, Loyal Steed": 1102, "Gisa, the Hellraiser": 1193, "Invasion of Amonkhet_SB": 1498, "Thalia and The Gitrog Monster": 2934, "Surgical Suite && Hospital Room_SB": 2849, "Mindsplice Apparatus": 1855, "Silver Scrutiny": 2611, "Breach the Multiverse": 325, "Bonehoard Dracosaur": 281, "Island_SB": 1524, "Dissection Tools": 740, "Entity Tracker_SB": 898, "Rebel Salvo_SB": 2299, "Glarb, Calamity's Augur": 1207, "Insidious Fungus": 1478, "Muldrotha, the Gravetide": 1930, "Scrapshooter_SB": 2505, "Aether Channeler": 24, "Final Showdown": 1046, "Turn Inside Out_SB": 3129, "Defiled Crypt && Cadaver Lab": 680, "Exuberant Fuseling": 952, "Overlord of the Balemurk_SB": 2069, "Thundertrap Trainer_SB": 3050, "Abuelo's Awakening": 8, "Kitsa, Otterball Elite_SB": 1614, "Rona, Herald of Invasion_SB": 2417, "Season of Weaving_SB": 2530, "Unnerving Grasp_SB": 3195, "Calix, Guided by Fate": 388, "Fear of Surveillance": 1003, "Ruin-Lurker Bat": 2430, "Agrus Kos, Spirit of Justice": 37, "Muerra, Trash Tactician": 1928, "Wilt-Leaf Liege_SB": 3396, "Painter's Studio // Defaced Gallery_SB": 2094, "Grand Entryway // Elegant Rotunda": 1261, "Tender Wildguide": 2922, "Skrelv, Defector Mite_SB": 2632, "Palani's Hatcher": 2096, "Temple of Abandon": 2908, "Temple of Malady": 2912, "Blasphemous Edict_SB": 231, "Insatiable Avarice": 1476, "Ashiok, Wicked Manipulator": 131, "Perforating Artist": 2114, "Temple of Silence": 2916, "Betrayer's Bargain_SB": 212, "Sawblade Skinripper": 2479, "Cosmic Rebirth": 577, "Kellan's Lightblades_SB": 1590, "Squirming Emergence": 2751, "Terror Tide": 2926, "Undead Sprinter": 3164, "At Knifepoint_SB": 143, "Monstrous Rage_SB": 1910, "Hauntwoods Shrieker": 1339, "Essence Channeler": 914, "Lunar Convocation": 1755, "Unwanted Remake_SB": 3210, "Smuggler's Surprise_SB": 2670, "Distorted Curiosity": 742, "Whisper of the Dross": 3384, "Bring the Ending": 341, "Drown in Ichor": 808, "Prologue to Phyresis": 2203, "Vraska's Fall_SB": 3342, "Bottomless Pool // Locker Room_SB": 303, "The Princess Takes Flight_SB": 2973, "Anim Pakal, Thousandth Moon_SB": 77, "Phyrexian Obliterator": 2138, "Blasphemous Edict": 230, "Mechanized Warfare": 1828, "Adaptive Automaton": 18, "Three Tree Mascot": 3032, "Cankerbloom": 397, "Cankerbloom_SB": 398, "Terror Tide_SB": 2927, "Mischievous Mystic": 1867, "Lord Skitter, Sewer King": 1741, "Twitching Doll": 3141, "Zul Ashur, Lich Lord": 3458, "Garruk's Uprising": 1143, "Defiler of Flesh": 685, "Kraul Whipcracker_SB": 1635, "Restless Reef_SB": 2362, "Phyrexian Vindicator": 2140, "The Seedcore": 2977, "High Noon": 1401, "Lost Jitte": 1743, "Darkstar Augur_SB": 634, "Dreadmaw's Ire": 798, "Felonious Rage": 1026, "Manifold Mouse_SB": 1797, "Long River's Pull_SB": 1730, "Case of the Gateway Express_SB": 416, "Kambal, Profiteering Mayor": 1567, "Skrelv's Hive": 2629, "Kambal, Profiteering Mayor_SB": 1568, "Kaya, Spirits' Justice_SB": 1581, "Oko, the Ringleader_SB": 2025, "Ivy, Gleeful Spellthief": 1527, "Invasion of Theros": 1514, "Annie Flash, the Veteran_SB": 82, "Jirina, Dauntless General_SB": 1547, "Defiled Crypt && Cadaver Lab_SB": 681, "Crumb and Get It": 597, "Dust Animus_SB": 822, "Annex Sentry": 80, "Slaughter Singer": 2652, "Jawbone Duelist": 1539, "Getaway Glamer": 1164, "Crawling Chorus": 590, "Fleeting Flight_SB": 1070, "Divine Resilience_SB": 754, "Trash the Town_SB": 3106, "Bulk Up": 363, "Pugnacious Hammerskull_SB": 2212, "Ajani's Pridemate": 39, "Lifecreed Duo": 1693, "Quick Draw_SB": 2231, "Kona, Rescue Beastie": 1630, "Aetherize": 27, "Citanul Stalwart": 490, "Rune-Scarred Demon": 2437, "Time Stop": 3052, "Prophetic Prism": 2205, "Wishclaw Talisman_SB": 3407, "Coveted Falcon_SB": 584, "Cultivator's Caravan": 610, "Scene of the Crime": 2497, "Swooping Lookout": 2863, "Long River's Pull": 1729, "Abraded Bluffs": 6, "Blooming Blast": 261, "Combat Research": 531, "Recruitment Officer_SB": 2310, "Demonic Ruckus_SB": 698, "Impact Tremors_SB": 1455, "Conspiracy Unraveler": 547, "Matzalantli, the Great Door": 1819, "Reenact the Crime": 2318, "One with the Multiverse": 2035, "Walk with the Ancestors": 3349, "Meathook Massacre II_SB": 1827, "Phyrexian Arena_SB": 2130, "Anim Pakal, Thousandth Moon": 76, "Coiling Rebirth": 513, "Thundering Falls_SB": 3046, "Razorkin Needlehead": 2286, "Razorkin Needlehead_SB": 2287, "Highway Robbery_SB": 1404, "Dreadmaw's Ire_SB": 799, "Smash to Dust_SB": 2665, "Intrepid Paleontologist": 1494, "Ghalta, Primal Hunger": 1168, "Bolt Bend_SB": 274, "Shipwreck Dowser": 2581, "Disturbing Conversion": 745, "Eerie Interference_SB": 842, "Builder's Talent_SB": 362, "Abuelo's Awakening_SB": 9, "Surge Engine": 2843, "Repulsive Mutation": 2342, "Repulsive Mutation_SB": 2343, "Sylvan Scavenging_SB": 2872, "Black Sun's Twilight": 225, "Ghost Vacuum": 1175, "Bloodletter of Aclazotz_SB": 255, "Wishclaw Talisman": 3406, "Vaultborn Tyrant_SB": 3268, "Feldon's Cane": 1017, "Treasure Map": 3109, "Neutralize the Guards": 1963, "Ayli, Eternal Pilgrim": 162, "Lively Dirge": 1715, "Ball Lightning": 170, "Overlord of the Boilerbilges_SB": 2071, "Founding the Third Path_SB": 1104, "Satoru, the Infiltrator": 2475, "Etched Cornfield": 922, "Wilt-Leaf Liege": 3395, "Axebane Ferox_SB": 160, "Gumdrop Poisoner_SB": 1302, "Charge of the Mites": 469, "Expel the Interlopers": 936, "Annex Sentry_SB": 81, "Vraska, the Silencer": 3345, "Binding Negotiation": 216, "Kaervek, the Punisher": 1559, "Arid Archway": 120, "Obstinate Baloth": 2014, "Bramble Familiar": 313, "Felonious Rage_SB": 1027, "Sphinx of the Final Word_SB": 2723, "Temple of Malice": 2913, "Homicide Investigator_SB": 1416, "Rip, Spawn Hunter": 2382, "Pillage the Bog_SB": 2153, "Bartolom\u00e9 del Presidio": 187, "Funeral Room // Awakening Hall": 1128, "Market Gnome": 1807, "Nezumi Linkbreaker": 1969, "Infestation Sage": 1468, "Outlaw Medic": 2059, "Legion Extruder": 1670, "Thousand Moons Smithy_SB": 3016, "Blightbelly Rat": 240, "Unnatural Restoration": 3192, "Whisper of the Dross_SB": 3385, "Overprotect_SB": 2079, "Carnivorous Canopy_SB": 408, "Fecund Greenshell": 1010, "Dawn's Truce_SB": 638, "Gleaming Geardrake": 1215, "Dowsing Device": 768, "Demand Answers": 688, "Syr Ginger, the Meal Ender": 2875, "The Mycosynth Gardens": 2970, "Saheeli, Filigree Master": 2456, "Saheeli, Filigree Master_SB": 2457, "Sire of Seven Deaths_SB": 2623, "The Tale of Tamiyo": 2989, "Contaminated Aquifer": 551, "The Surgical Bay": 2986, "Case of the Ransacked Lab": 420, "Ertai's Scorn_SB": 909, "Scrawling Crawler": 2507, "Dawn's Truce": 637, "Final Showdown_SB": 1047, "Hollow Scavenger": 1414, "Night of the Sweets' Revenge": 1971, "Genesis Wave": 1156, "Archdruid's Charm_SB": 109, "Boros Charm_SB": 293, "Colossal Rattlewurm": 526, "Freestrider Lookout": 1109, "Gaea's Gift": 1137, "Trash the Town": 3105, "Witness Protection_SB": 3416, "Banishing Light_SB": 179, "Imprisoned in the Moon_SB": 1458, "Inquisitive Glimmer_SB": 1475, "Refute_SB": 2321, "Hugs, Grisly Guardian": 1432, "Kogla and Yidaro": 1623, "Persistent Marshstalker": 2118, "Karumonix, the Rat King": 1577, "Lilypad Village": 1708, "Argentum Masticore": 117, "Hedron Archive": 1359, "Hall of Tagsin": 1309, "Tomakul Honor Guard": 3081, "Argentum Masticore_SB": 118, "Choking Miasma": 481, "Buried in the Garden": 368, "Tyvar, the Pummeler": 3153, "Polukranos Reborn": 2174, "Bite Down": 219, "Bite Down_SB": 220, "Untimely Malfunction": 3207, "Niv-Mizzet, Supreme": 1980, "Blazing Crescendo_SB": 236, "Captain Storm, Cosmium Raider": 403, "Corsair Captain": 574, "Malcolm, the Eyes": 1790, "Staunch Crewmate": 2773, "Lost Jitte_SB": 1744, "Lonely Arroyo": 1726, "The Millennium Calendar_SB": 2968, "Ruin-Lurker Bat_SB": 2431, "Leonin Vanguard_SB": 1677, "Veteran Survivor_SB": 3286, "Eaten by Piranhas_SB": 837, "Stormsplitter": 2808, "Ral's Reinforcements": 2263, "Corrupted Conviction_SB": 573, "Kogla and Yidaro_SB": 1624, "Deadly Brew_SB": 649, "Lich-Knights' Conquest": 1691, "Greta, Sweettooth Scourge": 1281, "Sweettooth Witch": 2858, "Experimental Confectioner": 939, "Mintstrosity": 1859, "Scream Puff": 2509, "Gingerbread Hunter": 1190, "Back for Seconds": 167, "Welcome to Sweettooth": 3379, "Spider Food": 2724, "Feed the Cauldron": 1011, "Return from the Wilds": 2374, "Savor": 2478, "Three Bowls of Porridge": 3028, "Eriette's Tempting Apple": 902, "Not Dead After All_SB": 1994, "Sugar Rush_SB": 2822, "Candy Grapple_SB": 395, "Hero's Downfall_SB": 1384, "Fell_SB": 1025, "Murder_SB": 1934, "Cheeky House-Mouse_SB": 477, "Burrowguard Mentor": 374, "Dryad Militant": 811, "Trostani, Three Whispers": 3120, "Oakhollow Village": 2006, "Pollen-Shield Hare": 2170, "Kutzil, Malamet Exemplar_SB": 1647, "Necrogen Rotpriest": 1953, "Contagious Vorrac": 550, "Armored Scrapgorger_SB": 126, "Forest_SB": 1095, "Invasion of Fiora_SB": 1502, "An Offer You Can't Refuse": 62, "Malcolm, Alluring Scoundrel_SB": 1789, "The Monumental Facade": 2969, "Solphim, Mayhem Dominus": 2679, "Sardian Cliffstomper": 2471, "Magmatic Sprinter": 1778, "Churning Reservoir": 485, "Sardian Cliffstomper_SB": 2472, "Monastery Swiftspear_SB": 1904, "Magmatic Sprinter_SB": 1779, "Churning Reservoir_SB": 486, "Zoyowa's Justice": 3457, "Trial of Agony": 3112, "Ojer Axonil, Deepest Might": 2021, "Generous Plunderer": 1155, "Brazen Collector": 324, "Firebrand Archer": 1053, "Leyline of Resonance_SB": 1684, "Ancestors' Aid_SB": 68, "Slickshot Show-Off_SB": 2663, "Dwynen's Elite": 828, "Leaf-Crowned Visionary": 1666, "Elvish Archdruid": 867, "Imperious Perfect": 1456, "Lathril, Blade of the Elves": 1655, "Tyvar the Bellicose": 3149, "Gaea's Gift_SB": 1138, "Give In to Violence_SB": 1197, "Cityscape Leveler_SB": 492, "Nahiri's Resolve_SB": 1944, "Scrapwork Mutt": 2506, "Repel Calamity_SB": 2341, "Abandoned Campground": 1, "Kitnap_SB": 1612, "Braids, Arisen Nightmare_SB": 311, "Obyra, Dreaming Duelist": 2016, "Knight of Dusk's Shadow_SB": 1617, "Delney, Streetwise Lookout": 686, "Hare Apparent": 1324, "No Witnesses": 1986, "Stroke of Midnight": 2814, "Impact Tremors": 1454, "Pile On": 2148, "Call a Surprise Witness": 389, "Giant Cindermaw_SB": 1182, "Micromancer": 1846, "Rattleback Apothecary": 2279, "Ygra, Eater of All": 3436, "Maha, Its Feathers Night": 1781, "Massacre Girl, Known Killer": 1815, "Daggerfang Duo": 623, "Moonstone Harbinger": 1915, "Pestilent Syphoner": 2121, "Hoarding Recluse": 1411, "Deathbloom Gardener": 657, "Drown in Ichor_SB": 809, "Ghired, Mirror of the Wilds": 1171, "Bloodfeather Phoenix": 249, "Rakdos, the Muscle": 2259, "Rakdos, the Muscle_SB": 2260, "Rakdos Joins Up_SB": 2257, "Massacre Girl, Known Killer_SB": 1816, "Unyielding Gatekeeper": 3211, "Ghalta and Mavren": 1167, "Progenitus": 2201, "Manifest Dread": 1795, "Hide in Plain Sight": 1395, "Threats Around Every Corner": 3025, "Blossoming Sands": 265, "Temple of Plenty": 2915, "Crystal Barricade": 606, "Green Sun's Twilight_SB": 1276, "Witness Protection": 3415, "Oblivious Bookworm": 2012, "Growing Dread": 1288, "Bubble Smuggler": 360, "Cryptid Inspector": 605, "Exit Specialist": 932, "Cursed Windbreaker": 618, "Break Down the Door": 329, "Surrak and Goreclaw": 2852, "Hard-Hitting Question_SB": 1322, "Polukranos Reborn_SB": 2175, "Hazardroot Herbalist": 1342, "Rabbit Response": 2235, "Treeguard Duo": 3110, "Uncharted Haven": 3162, "Warren Elder": 3363, "Head of the Homestead": 1346, "Head of the Homestead_SB": 1347, "Grab the Prize_SB": 1254, "Stroke of Midnight_SB": 2815, "Slagstorm": 2650, "Dragonmaster Outcast": 789, "Magda, the Hoardmaster": 1772, "Tinybones, Bauble Burglar": 3059, "Hellspur Posse Boss": 1366, "Hellspur Brute_SB": 1365, "Cynical Loner_SB": 622, "Astor, Bearer of Blades": 140, "Bladehold War-Whip": 228, "Kellan, the Fae-Blooded": 1596, "Kemba, Kha Enduring": 1597, "Rebel Salvo": 2298, "Lavaspur Boots": 1660, "Swiftfoot Boots": 2860, "Sword of Forge and Frontier": 2864, "Astor, Bearer of Blades_SB": 141, "Hidetsugu and Kairi": 1397, "Consuming Aberration": 549, "Knight of Dusk's Shadow": 1616, "Soul-Guide Lantern": 2692, "Temple of Deceit": 2909, "No One Left Behind_SB": 1985, "Tocasia's Welcome": 3075, "Patchwork Banner": 2101, "Hop to It_SB": 1419, "Evolved Sleeper": 928, "Friendly Teddy": 1114, "Rankle's Prank_SB": 2274, "Consumed by Greed_SB": 548, "Dusk Legion Duelist": 818, "Stocking the Pantry": 2789, "Botanical Brawler": 298, "Tribute to the World Tree": 3114, "Railway Brawler": 2252, "Collector's Cage_SB": 520, "Titania, Voice of Gaea": 3068, "Guardian of Ghirapur": 1295, "Ruthless Lawbringer": 2445, "Desperate Bloodseeker": 705, "Rampaging Spiketail": 2270, "Barkform Harvester": 184, "Fae Flight_SB": 961, "Phoenix Chick": 2127, "Blooming Blast_SB": 262, "Rush of Dread_SB": 2442, "Kitesail Larcenist_SB": 1611, "Magebane Lizard": 1773, "Ravine Raider": 2284, "Valley Flamecaller": 3245, "Final Flourish_SB": 1045, "Time Stop_SB": 3053, "Drag the Canal_SB": 773, "Unnatural Restoration_SB": 3193, "Infectious Inquiry_SB": 1467, "Volcanic Spite": 3324, "Grab the Prize": 1253, "Taii Wakeen, Perfect Shot": 2877, "Unruly Catapult": 3196, "Glassworks // Shattered Yard_SB": 1212, "Samut, Vizier of Naktamun": 2462, "Rakdos Guildgate": 2255, "Izzet Guildgate": 1532, "Selesnya Guildgate": 2547, "Orzhov Guildgate": 2047, "Gruul Guildgate": 1291, "Boros Guildgate": 295, "Azorius Guildgate": 164, "Dimir Guildgate": 722, "Golgari Guildgate": 1248, "Maze's End": 1821, "Circuitous Route": 489, "Expedition Map": 935, "Dust Animus": 821, "Tribute to the World Tree_SB": 3115, "Hulking Metamorph": 1433, "Rest in Peace": 2352, "Surge Engine_SB": 2844, "Fake Your Own Death": 972, "Invasion of Ergamon": 1501, "Break Out_SB": 331, "Flamewake Phoenix_SB": 1064, "Beastie Beatdown_SB": 200, "Primal Might": 2189, "Ego Drain_SB": 844, "Dwynen, Gilt-Leaf Daen": 829, "Hearthborn Battler_SB": 1357, "Vengeful Possession": 3277, "Rabid Gnaw_SB": 2238, "Repair and Recharge": 2340, "Step Between Worlds_SB": 2781, "Hexgold Halberd": 1389, "Sporogenic Infection": 2742, "Skyfisher Spider_SB": 2642, "Kroxa and Kunoros": 1641, "Festerleech": 1033, "Fallaji Archaeologist_SB": 974, "The Wandering Rescuer_SB": 2991, "Oracle of Tragedy": 2041, "Tarrian's Journal": 2893, "Felidar Cub": 1020, "Knight-Errant of Eos_SB": 1621, "Dusk Rose Reliquary_SB": 820, "Ruthless Lawbringer_SB": 2446, "Felidar Cub_SB": 1021, "Worldwalker Helm": 3420, "Torch the Witness": 3086, "Detective's Satchel": 712, "Forensic Gadgeteer_SB": 1092, "Ice Out_SB": 1445, "Banishing Light": 178, "Evolving Adaptive": 929, "Garruk's Uprising_SB": 1144, "Unauthorized Exit": 3160, "Let's Play a Game_SB": 1679, "Chart a Course_SB": 475, "Johann's Stopgap_SB": 1550, "Flow of Knowledge_SB": 1082, "Roaming Throne_SB": 2399, "Quintorius Kand_SB": 2234, "Soul Search": 2689, "Surgical Suite && Hospital Room": 2848, "Razorlash Transmogrant": 2288, "Shrouded Shepherd": 2600, "Wandertale Mentor": 3352, "Vodalian Mindsinger_SB": 3317, "Llanowar Elves_SB": 1719, "Bonehoard Dracosaur_SB": 282, "Norin, Swift Survivalist": 1989, "Trapped in the Screen": 3103, "Ragged Playmate": 2249, "Trapped in the Screen_SB": 3104, "Ragged Playmate_SB": 2250, "Norin, Swift Survivalist_SB": 1990, "Splitskin Doll_SB": 2741, "Fear of Surveillance_SB": 1004, "Grand Entryway // Elegant Rotunda_SB": 1262, "Zurgo and Ojutai": 3461, "Dead Weight_SB": 647, "Think Twice_SB": 2995, "Take for a Ride_SB": 2884, "Fleeting Flight": 1069, "Mosswood Dreadknight_SB": 1921, "Boltwave_SB": 276, "Enduring Courage_SB": 879, "War Squeak_SB": 3355, "Spirebluff Canal_SB": 2733, "Chandra, Flameshaper_SB": 458, "Blazing Crescendo": 235, "Ajani, Sleeper Agent": 43, "Fumigate": 1126, "Great Train Heist": 1271, "Fiendish Panda": 1037, "Ashnod's Harvester": 133, "Warhost's Frenzy": 3360, "Glimmerlight": 1218, "Geralf, the Fleshwright": 1158, "Geralf, the Fleshwright_SB": 1159, "Claim Jumper_SB": 495, "Mirrex_SB": 1863, "Tectonic Hazard": 2900, "Chainsaw_SB": 456, "Vampire Gourmand": 3256, "Vraan, Executioner Thane": 3339, "Eaten Alive_SB": 836, "Wojek Investigator": 3417, "Rustler Rampage": 2443, "Calamity's Wake_SB": 385, "Recommission_SB": 2308, "Heroic Reinforcements": 1386, "Searslicer Goblin_SB": 2524, "Lost in the Maze_SB": 1746, "Herald of Eternal Dawn": 1371, "Stormchaser's Talent_SB": 2802, "Phyrexian Missionary": 2136, "Case of the Locked Hothouse_SB": 418, "Cactarantula": 382, "Stromkirk Noble": 2816, "Ojer Pakpatiq, Deepest Epoch": 2022, "Disturbing Conversion_SB": 746, "See Double_SB": 2537, "Enduring Vitality_SB": 887, "Koth, Fire of Resistance": 1632, "Lithomantic Barrage": 1712, "Leyline of the Void": 1688, "Audience with Trostani_SB": 148, "Sentinel of Lost Lore": 2548, "Wylie Duke, Atiin Hero": 3431, "Stoke the Flames": 2794, "Volatile Fault_SB": 3323, "Defiler of Dreams_SB": 684, "Omen Hawker": 2028, "Virtue of Knowledge": 3302, "Valgavoth's Onslaught_SB": 3240, "Kutzil's Flanker": 1644, "Extraordinary Journey": 950, "Gold Pan": 1243, "Extraordinary Journey_SB": 951, "Nurturing Pixie_SB": 2003, "Moonshaker Cavalry": 1913, "Pearl of Wisdom": 2107, "Fear of Lost Teeth": 1000, "Horrid Vigor": 1425, "Flesh Burrower": 1071, "Let's Play a Game": 1678, "Winter's Intervention": 3402, "Grasping Longneck": 1263, "Wickerfolk Thresher": 3388, "Cackling Slasher": 380, "Fear of the Dark": 1005, "Balemurk Leech": 169, "Give In to Violence": 1196, "Innocuous Rat": 1473, "Bashful Beastie": 189, "Defiant Survivor": 678, "Meathook Massacre II": 1826, "Vile Mutilator": 3293, "Analyze the Pollen_SB": 66, "Anthem of Champions": 92, "Mistbreath Elder": 1875, "Bushwhack_SB": 378, "Mistbreath Elder_SB": 1876, "Realmbreaker's Grasp_SB": 2294, "Treeguard Duo_SB": 3111, "Stickytongue Sentinel_SB": 2785, "Sunshower Druid_SB": 2838, "Tumbleweed Rising_SB": 3123, "Polliwallop_SB": 2172, "Leyline of Transformation": 1686, "Saheeli's Lattice": 2455, "Hopeless Nightmare_SB": 1422, "Thrill of Possibility": 3035, "Etali, Primal Storm_SB": 921, "Corpses of the Lost_SB": 568, "Healer's Hawk": 1348, "Adamant Will": 17, "Dazzling Angel": 643, "Goldvein Pick": 1247, "Moment of Triumph": 1895, "Pilfer": 2150, "Public Thoroughfare": 2210, "Roaming Throne": 2398, "Undying Malice": 3176, "Cancel_SB": 394, "Opt_SB": 2037, "Requisition Raid": 2345, "Anointed Peacekeeper_SB": 91, "Connecting the Dots_SB": 544, "Idyllic Beachfront": 1448, "Invasion of Regatha": 1510, "Hidetsugu's Second Rite": 1399, "Makeshift Binding": 1785, "Deadly Riposte_SB": 654, "Nettle Guard_SB": 1962, "Dismal Backwater": 733, "Pelakka Wurm": 2111, "Extract a Confession_SB": 949, "Soul-Shackled Zombie_SB": 2695, "Unauthorized Exit_SB": 3161, "Jump Scare_SB": 1557, "Progenitus_SB": 2202, "Dewdrop Cure": 718, "Harvestrite Host": 1331, "Family Reunion_SB": 975, "Cut Short_SB": 621, "Voracious Varmint_SB": 3334, "Ambush Wolf_SB": 59, "Annihilating Glare": 85, "Fanatical Offering": 978, "Sword of Wealth and Power": 2868, "Empyrean Eagle": 872, "Tranquil Cove": 3097, "Griffnaut Tracker_SB": 1284, "Lassoed by the Law": 1652, "Mabel's Mettle": 1764, "Skulduggery": 2633, "Skulduggery_SB": 2634, "Dead Weight": 646, "Minor Misstep": 1857, "Hopeful Vigil": 1420, "Restricted Office // Lecture Hall": 2370, "Central Elevator // Promising Stairs": 450, "Creeping Peeper": 591, "Underwater Tunnel // Slimy Aquarium": 3175, "Erratic Apparition": 905, "Dazzling Theater // Prop Room": 645, "Fear of Falling": 993, "Fear of Abduction": 989, "Lionheart Glimmer": 1710, "Tunnel Surveyor_SB": 3127, "Stalked Researcher_SB": 2759, "Guide of Souls": 1297, "Ocelot Pride": 2017, "Ragavan, Nimble Pilferer": 2247, "Ajani, Nacatl Pariah": 42, "Phlage, Titan of Fire's Fury": 2126, "Galvanic Discharge": 1141, "Thraben Charm": 3017, "Static Prison": 2770, "Goblin Bombardment": 1233, "Arena of Glory": 116, "Arid Mesa": 121, "Flooded Strand": 1073, "Marsh Flats": 1812, "Sacred Foundry": 2451, "Fable of the Mirror-Breaker": 955, "Showdown of the Skalds": 2597, "Windswept Heath": 3400, "Fear, Fire, Foes!_SB": 1006, "Orim's Chant_SB": 2044, "Surgical Extraction_SB": 2847, "Drannith Magistrate_SB": 796, "Stony Silence_SB": 2796, "Wear // Tear_SB": 3374, "Showdown of the Skalds_SB": 2598, "Obsidian Charmaw_SB": 2013, "Polluted Delta": 2173, "Scalding Tarn": 2484, "Misty Rainforest": 1880, "Bloodstained Mire": 257, "Watery Grave": 3370, "Steam Vents": 2774, "Sink into Stupor": 2619, "Spell Snare": 2714, "Unearth": 3177, "Thoughtseize": 3013, "Fatal Push": 983, "Faithless Looting": 971, "Tamiyo, Inquisitive Student": 2890, "Psychic Frog": 2209, "Counterspell": 582, "Persist": 2117, "Force of Negation": 1088, "Brazen Borrower": 322, "Archon of Cruelty": 113, "Nihil Spellbomb_SB": 1974, "Consign to Memory_SB": 546, "Harbinger of the Seas_SB": 1318, "Stern Scolding_SB": 2784, "Fable of the Mirror-Breaker_SB": 956, "Blazing Rootwalla": 237, "Burning Inquiry": 370, "Detective's Phoenix": 711, "Flameblade Adept": 1060, "Goblin Lore": 1237, "Hollow One": 1413, "Lightning Bolt": 1696, "Stomping Ground": 2795, "Street Wraith": 2812, "Vengevine": 3279, "Wooded Foothills": 3418, "Cursed Totem_SB": 617, "Meltdown_SB": 1833, "Barbarian Ring": 182, "Sunbaked Canyon": 2827, "Eidolon of the Great Revel": 845, "Goblin Guide": 1236, "Lava Spike": 1659, "Rift Bolt": 2378, "Searing Blaze": 2521, "Skewer the Critics": 2625, "Skullcrack": 2637, "Flare of Duplication": 1065, "Smash to Smithereens_SB": 2666, "Faerie Macabre_SB": 966, "Ensnaring Bridge_SB": 893, "Primeval Titan": 2193, "Arboreal Grazer": 99, "Dryad of the Ilysian Grove": 813, "Dryad Arbor": 810, "Amulet of Vigor": 61, "Summoner's Pact": 2824, "Green Sun's Zenith": 1277, "Explore": 942, "Scapeshift": 2489, "Boseiju, Who Endures": 296, "Crumbling Vestige": 599, "Lotus Field": 1747, "Gruul Turf": 1293, "Simic Growth Chamber": 2615, "Hanweir Battlements": 1315, "Echoing Deeps": 838, "Mirrorpool": 1866, "Shifting Woodland": 2578, "Otawara, Soaring City": 2054, "Urza's Saga": 3231, "Valakut, the Molten Pinnacle": 3236, "Vesuva": 3281, "Tolaria West": 3077, "Urza's Cave": 3229, "Bojuka Bog_SB": 273, "Defense Grid_SB": 677, "Endurance_SB": 877, "Force of Vigor_SB": 1089, "Dismember_SB": 734, "Tireless Tracker_SB": 3063, "Vampires' Vengeance_SB": 3260, "Collector Ouphe_SB": 518, "Indomitable Creativity": 1461, "Prismatic Ending": 2196, "Wrenn and Six": 3427, "Blood Crypt": 245, "Xander's Lounge": 3432, "Jetmir's Garden": 1545, "Dwarven Mine": 827, "Boseiju, Who Endures_SB": 297, "Toxic Deluge_SB": 3093, "Hurkyl's Recall_SB": 1438, "Damping Sphere_SB": 627, "Cling to Dust": 506, "Harbinger of the Seas": 1317, "Murktide Regent": 1935, "Preordain": 2188, "Thought Scour": 3010, "Engineered Explosives_SB": 890, "Mystical Dispute_SB": 1943, "Spell Pierce_SB": 2713, "The Meathook Massacre_SB": 2965, "Orcish Bowmasters": 2043, "Godless Shrine": 1242, "Seasoned Pyromancer": 2533, "Phelia, Exuberant Shepherd": 2125, "Wrath of the Skies_SB": 3423, "Thoughtseize_SB": 3014, "Legion Loyalist": 1672, "Goblin Bushwhacker": 1234, "Devastating Summons": 714, "Reckless Bushwhacker": 2300, "Goblin Grenade": 1235, "Goblin Piledriver": 1239, "Mogg War Marshal": 1884, "Skirk Prospector": 2626, "Foundry Street Denizen": 1105, "Den of the Bugbear": 699, "Sokenzan, Crucible of Defiance": 2676, "Tormod's Crypt_SB": 3088, "Shattering Spree_SB": 2569, "Blood Moon_SB": 247, "Magus of the Moon_SB": 1780, "Reality Hemorrhage_SB": 2292, "Ziatora's Proving Ground": 3449, "Veil of Summer_SB": 3269, "Terastodon_SB": 2923, "Consider": 545, "Graveyard Trespasser": 1265, "Exquisite Firecraft_SB": 944, "Searing Blood_SB": 2522, "Tunnel Ignus_SB": 3125, "Vexing Bauble": 3287, "Hexdrinker_SB": 1388, "Colossal Skyturtle_SB": 527, "Generous Ent_SB": 1154, "Grist, the Hunger Tide_SB": 1287, "Chained to the Rocks": 453, "Chained to the Rocks_SB": 454, "Ragavan, Nimble Pilferer_SB": 2248, "Chrome Host Seedshark": 483, "Corrupt": 571, "Lukka, Bound to Ruin_SB": 1749, "Giant Growth_SB": 1184, "Duelist of the Mind": 814, "Over the Edge_SB": 2064, "Poison Dart Frog_SB": 2169, "Talion, the Kindly Lord": 2889, "Slice from the Shadows": 2658, "Come Back Wrong": 533, "Glassworks // Shattered Yard": 1211, "Beamtown Beatstick": 198, "Diamond Pick-Axe": 721, "Sunfire Torch": 2833, "Celestial Armor": 447, "Carrot Cake_SB": 411, "Edgewall Inn": 841, "Grievous Wound_SB": 1283, "Goliath Hatchery_SB": 1250, "Cathartic Parting_SB": 432, "Balmor, Battlemage Captain": 172, "Bria, Riptide Rogue": 337, "Freeze in Place": 1110, "Relic's Roar": 2334, "Run Away Together_SB": 2433, "Scalding Viper_SB": 2486, "Harrier Strix": 1328, "Snaremaster Sprite": 2673, "Keldon Flamesage": 1587, "Brambleguard Captain": 315, "Johann, Apprentice Sorcerer": 1551, "Kraum, Violent Cacophony": 1636, "Razzle-Dazzler": 2291, "Vesuvan Drifter": 3282, "Thopter Mechanic": 3004, "Nightwhorl Hermit": 1973, "Iron-Fist Pulverizer": 1521, "Pyrotechnic Performer": 2222, "Fear of Burning Alive": 992, "Swiftwater Cliffs": 2862, "Molten Tributary": 1892, "Peculiar Lighthouse": 2108, "Defabricate": 673, "Aspirant's Ascent": 135, "Stop Cold": 2797, "Mishra's Command_SB": 1872, "Plan the Heist_SB": 2161, "Sleight of Hand_SB": 2657, "Kellan, Planar Trailblazer_SB": 1595, "Trick Shot_SB": 3116, "Violent Urge_SB": 3297, "Involuntary Cooldown_SB": 1519, "Out of Air_SB": 2056, "Living Phone": 1717, "Hardened Escort": 1323, "Unsettling Twins": 3198, "The Jolly Balloon Man": 2959, "Holy Cow": 1415, "Unsettling Twins_SB": 3199, "Raccoon Rallier_SB": 2239, "Feather of Flight_SB": 1009, "Rogue's Passage_SB": 2410, "Possessed Goat_SB": 2183, "The Jolly Balloon Man_SB": 2960, "Hammerhand_SB": 1314, "Heartfire Hero_SB": 1351, "Inti, Seneschal of the Sun_SB": 1487, "Pests of Honor": 2122, "Nettle Guard": 1961, "Three Blind Mice": 3026, "Dauntless Dismantler_SB": 636, "Phoenix Chick_SB": 2128, "Gleaming Barrier": 1213, "Painful Quandary": 2089, "Gleaming Barrier_SB": 1214, "Solemn Simulacrum_SB": 2678, "Twinferno_SB": 3132, "Sure Strike_SB": 2842, "Mirran Banesplitter": 1861, "Heartfire Immolator": 1352, "Dwarven Forge-Chanter": 826, "Whiskerquill Scribe": 3382, "Sure Strike": 2841, "Ghitu Amplifier": 1172, "Furious Bellow": 1130, "Ancestors' Aid": 67, "The Filigree Sylex": 2950, "Halo Hopper": 1312, "Charge of the Mites_SB": 470, "Hellspur Posse Boss_SB": 1367, "Grand Abolisher": 1258, "Unnerving Grasp": 3194, "Fynn, the Fangbearer_SB": 1136, "Make Your Move_SB": 1783, "Harbinger of the Tides": 1319, "Harbinger of the Tides_SB": 1320, "Pile On_SB": 2149, "Cat Collector": 428, "Bottomless Pool && Locker Room_SB": 301, "Growing Rites of Itlimoc": 1289, "Flowstone Infusion": 1084, "Season of Gathering": 2525, "Warren Warleader": 3364, "Seasoned Warrenguard_SB": 2535, "Lionheart Glimmer_SB": 1711, "Horrid Vigor_SB": 1426, "Omnivorous Flytrap_SB": 2034, "Jump Scare": 1556, "Niko, Light of Hope": 1975, "Tunnel Surveyor": 3126, "Stalked Researcher": 2758, "Enter the Enigma_SB": 896, "Fear of Isolation_SB": 999, "Ayara, Widow of the Realm": 161, "Deathmark_SB": 659, "Coruscation Mage": 575, "Throw from the Saddle": 3038, "Arachnoid Adaptation": 95, "Hammerhand": 1313, "War Squeak": 3354, "Longstalk Brawl_SB": 1731, "Thrill of Possibility_SB": 3036, "Roc Hunter": 2405, "Feldon, Ronom Excavator": 1019, "Scalding Viper": 2485, "Trial of Agony_SB": 3113, "Adventuring Gear_SB": 21, "Vicious Clown_SB": 3292, "Fear of Being Hunted_SB": 991, "Into the Roil": 1492, "Into the Roil_SB": 1493, "Rite of the Dragoncaller_SB": 2390, "Ghostly Dancers": 1177, "Demonic Pact_SB": 696, "Splash Portal_SB": 2737, "Valorous Stance": 3254, "Lodestone Needle": 1725, "Scytheclaw Raptor_SB": 2516, "Bring the Ending_SB": 342, "Sawblade Skinripper_SB": 2480, "Pitiless Carnage_SB": 2157, "Season of Loss_SB": 2528, "Zephyr Singer": 3445, "Spell Pierce": 2712, "Grim Bauble": 1285, "Molt Tender": 1886, "Draconautics Engineer": 770, "Loot, the Pathfinder": 1734, "Afterburner Expert": 29, "Dredger's Insight": 805, "Restless Spire_SB": 2366, "Momentum Breaker": 1898, "Sunbillow Verge": 2828, "Debris Beetle": 660, "Wastewood Verge": 3367, "Llanowar Loamspeaker": 1721, "Vein Ripper_SB": 3271, "Ketramose, the New Dawn": 1598, "Bleachbone Verge": 238, "Intimidation Tactics": 1488, "Outpace Oblivion_SB": 2061, "Oildeep Gearhulk": 2019, "Haunt the Network_SB": 1335, "Lunar Convocation_SB": 1756, "Bartolom\u00e9 del Presidio_SB": 188, "Valley Rotcaller_SB": 3251, "Oildeep Gearhulk_SB": 2020, "Bloodghast": 252, "Gleeful Demolition_SB": 1217, "Ride's End": 2376, "Defend the Rider": 675, "Hazoret, Godseeker": 1344, "Eriette of the Charmed Apple": 901, "Surgical Suite // Hospital Room_SB": 2851, "Willowrush Verge": 3394, "Monument to Endurance": 1911, "Cunning Coyote_SB": 612, "Thousand Moons Smithy": 3015, "Transmutation Font": 3102, "Braided Net_SB": 309, "Grim Bauble_SB": 1286, "Nesting Bot": 1959, "Voyage Home": 3336, "Perilous Snare": 2115, "Chandra, Spark Hunter_SB": 462, "Bounce Off": 304, "Intimidation Tactics_SB": 1489, "The Speed Demon_SB": 2982, "Momentum Breaker_SB": 1899, "Farsight Ritual": 982, "Quag Feast": 2226, "Gastal Raider_SB": 1147, "The Skullspore Nexus": 2979, "Regal Imperiosaur": 2326, "Intrepid Paleontologist_SB": 1495, "Overlord of the Hauntwoods_SB": 2075, "Overgrown Zealot": 2067, "Transit Mage": 3101, "Brightglass Gearhulk": 339, "Voyager Glidecar": 3337, "Voyager Glidecar_SB": 3338, "Debris Beetle_SB": 661, "Fuel the Flames": 1121, "Skycrash": 2639, "Riverpyre Verge": 2397, "Broadside Barrage_SB": 350, "Fuel the Flames_SB": 1122, "Dropkick Bomber": 807, "Howlsquad Heavy": 1429, "Reckless Lackey": 2302, "Amonkhet Raceway": 60, "Marauding Mako": 1802, "Scrounging Skyray": 2514, "Broadside Barrage": 349, "Boosted Sloop": 291, "Bounce Off_SB": 305, "Thopter Fabricator_SB": 3003, "Count on Luck_SB": 581, "Mendicant Core, Guidelight": 1835, "Mu Yanling, Wind Rider": 1926, "Agonasaur Rex": 35, "Sandstalker Moloch_SB": 2463, "The Aetherspark": 2936, "Bringer of the Last Gift": 343, "Terisian Mindbreaker": 2924, "Skitterbeam Battalion": 2628, "Riverchurn Monument": 2394, "Diversion Unit": 751, "Gastal Thrillroller_SB": 1149, "Monument to Endurance_SB": 1912, "Spectacular Pileup": 2705, "Riptide Gearhulk": 2383, "Burnout Bashtronaut": 372, "Greasewrench Goblin": 1267, "Lifecraft Engine": 1692, "Gastal Thrillroller": 1148, "Coalstoke Gearhulk_SB": 510, "Gruff Triplets": 1290, "Atraxa's Fall_SB": 144, "Webstrike Elite": 3377, "Memory Guardian": 1834, "Shoreline Looter": 2596, "Engine Rat_SB": 889, "Zahur, Glory's Past": 3443, "Quag Feast_SB": 2227, "Essence Channeler_SB": 915, "Lunar Insight": 1757, "Captain Howler, Sea Scourge": 401, "Jodah, the Unifier_SB": 1549, "Thunderous Velocipede": 3047, "Invasion of Regatha_SB": 1511, "Ketramose, the New Dawn_SB": 1599, "Locust Spray": 1724, "Rampaging Raptor": 2268, "Agonasaur Rex_SB": 36, "Visage Bandit": 3309, "Waxen Shapethief": 3371, "Coalstoke Gearhulk": 509, "Dune Drifter": 815, "Ride's End_SB": 2377, "Chandra, Spark Hunter": 461, "Repurposing Bay": 2344, "Perilous Snare_SB": 2116, "Expel the Interlopers_SB": 937, "Red Sun's Twilight_SB": 2312, "Lightwheel Enhancements": 1702, "Phyrexian Dragon Engine": 2133, "Mishra, Claimed by Gix": 1874, "Coiling Rebirth_SB": 514, "Collision Course_SB": 524, "Visage of Dread": 3310, "Pit Automaton": 2154, "Visage of Dread_SB": 3311, "The Last Ride_SB": 2963, "Aether Syphon_SB": 26, "Caelorna, Coral Tyrant_SB": 383, "Sazacap's Brew": 2483, "Invasion of Mercadia": 1509, "Playful Shove": 2163, "The Speed Demon": 2981, "Gas Guzzler": 1145, "Spectral Interference_SB": 2710, "Say Its Name_SB": 2482, "Gastal Thrillseeker": 1150, "Far Fortune, End Boss": 981, "Overrun_SB": 2081, "Wardens of the Cycle_SB": 3359, "Painful Quandary_SB": 2090, "Leaf-Crowned Visionary_SB": 1667, "Mossborn Hydra_SB": 1919, "Drag to the Roots_SB": 776, "Stock Up": 2787, "Spectacular Pileup_SB": 2706, "Ghitu Lavarunner": 1173, "Flow of Knowledge": 1081, "Claim Jumper": 494, "Starscape Cleric_SB": 2766, "Soul of Windgrace": 2691, "Flotsam // Jetsam_SB": 1079, "Melira, the Living Cure_SB": 1832, "Bloated Contaminator_SB": 244, "The Aetherspark_SB": 2937, "Diversion Unit_SB": 752, "Tyrox, Saurid Tyrant": 3145, "Engine Rat": 888, "Teysa, Opulent Oligarch": 2933, "Gonti, Night Minister": 1251, "Muraganda Raceway": 1932, "Gumdrop Poisoner": 1301, "Mindspring Merfolk": 1856, "Zephyr Singer_SB": 3446, "Tomik, Wielder of Law_SB": 3083, "Conduit of Worlds_SB": 540, "Optimistic Scavenger_SB": 2039, "Esoteric Duplicator": 913, "Explosive Derailment_SB": 943, "Mishra's Command": 1871, "Webstrike Elite_SB": 3378, "Heliod, the Radiant Dawn": 1362, "Twinblade Blessing": 3131, "Restless Anchorage_SB": 2355, "Defend the Rider_SB": 676, "Fearless Swashbuckler": 1007, "Unctus, Grand Metatect": 3163, "Demonic Junker": 693, "Nexus of Becoming": 1967, "Ratadrabik of Urborg": 2277, "Hidden Necropolis": 1392, "Lumbering Worldwagon": 1750, "Overrun": 2080, "The Last Ride": 2962, "Ancient Vendetta_SB": 72, "Unstable Glyphbridge_SB": 3201, "Ancient Vendetta": 71, "Basri, Tomorrow's Champion": 192, "Skyseer's Chariot_SB": 2646, "Lassoed by the Law_SB": 1653, "Blast Zone_SB": 233, "Reclamation Sage": 2305, "Ashiok, Wicked Manipulator_SB": 132, "Third Path Iconoclast_SB": 2997, "Thalia and The Gitrog Monster_SB": 2935, "Ferocification_SB": 1031, "Become Brutes": 202, "Sword of Forge and Frontier_SB": 2865, "Veteran Survivor": 3285, "Kellan, Inquisitive Prodigy_SB": 1593, "Caradora, Heart of Alacria": 405, "Veteran Beastrider": 3284, "Skyseer's Chariot": 2645, "Valor's Flagship": 3252, "The Elder Dragon War_SB": 2943, "Spring-Loaded Sawblades_SB": 2746, "Urza's Command_SB": 3230, "Dive Down": 749, "Scrollshift_SB": 2513, "Full Throttle_SB": 1125, "Loot, the Key to Everything_SB": 1733, "Loot, the Pathfinder_SB": 1735, "Twining Twins": 3134, "Threadbind Clique": 3024, "Boommobile": 287, "Forging the Anchor": 1096, "Radiant Lotus": 2243, "The Mightstone and Weakstone_SB": 2967, "Boommobile_SB": 288, "Radiant Lotus_SB": 2244, "Volley Veteran": 3329, "Bloodthorn Flail": 259, "Flamewake Phoenix": 1063, "Cryptcaller Chariot_SB": 601, "Riptide Gearhulk_SB": 2384, "Slick Sequence": 2659, "Riverchurn Monument_SB": 2395, "Spiteful Hexmage_SB": 2735, "Thopter Fabricator": 3002, "Furnace Host Charger": 1131, "Clamorous Ironclad": 498, "Wishing Well": 3408, "Frolicking Familiar": 1115, "Alania, Divergent Storm": 48, "Resplendent Angel_SB": 2350, "Tinker's Tote": 3056, "Cephalopod Sentry": 451, "Haunt the Network": 1334, "Sorcerous Spyglass": 2685, "Demonic Junker_SB": 694, "Redshift, Rocketeer Chief": 2317, "Halana and Alena, Partners_SB": 1307, "Valor's Flagship_SB": 3253, "Tocasia's Welcome_SB": 3076, "Stall Out": 2760, "Stall Out_SB": 2761, "Sovereign Okinec Ahau": 2703, "Gloryheath Lynx": 1226, "The Raven Man": 2974, "The Raven Man_SB": 2975, "Boom Box": 285, "Possession Engine": 2184, "Conduit of Worlds": 539, "Broadcast Rambler": 348, "Broodheart Engine": 352, "Gargantuan Leech": 1142, "Captivating Cave": 404, "Promising Vein": 2204, "Hidden Courtyard": 1390, "Bat Colony": 193, "Calamitous Cave-In": 384, "Hidden Volcano": 1394, "Marketback Walker": 1809, "Sylvan Scavenging": 2871, "Sab-Sunen, Luxa Embodied": 2449, "Simian Simulacrum": 2614, "Virtue of Courage": 3300, "Leyline Binding_SB": 1682, "Likeness Looter": 1703, "Reluctant Role Model": 2335, "Bulwark Ox": 365, "Reluctant Role Model_SB": 2336, "The Goose Mother": 2953, "Mold Adder_SB": 1885, "Market Gnome_SB": 1808, "Daretti, Rocketeer Engineer": 630, "Threefold Thunderhulk": 3033, "Tune Up": 3124, "Meteor Golem_SB": 1840, "Marketback Walker_SB": 1810, "Burnout Bashtronaut_SB": 373, "Gastal Raider": 1146, "Oviya, Automech Artisan": 2087, "The Skullspore Nexus_SB": 2980, "Cosmium Confluence": 579, "Festival of Embers": 1034, "Hidden Nursery": 1393, "Gossip's Talent": 1252, "Balustrade Wurm": 173, "Skycrash_SB": 2640, "Nexus of Becoming_SB": 1968, "Soulless Jailer_SB": 2697, "Akal Pakal, First Among Equals_SB": 46, "Collector's Vault_SB": 522, "Thran Spider_SB": 3022, "Sab-Sunen, Luxa Embodied_SB": 2450, "Earthrumbler": 832, "Oko, the Ringleader": 2024, "Forensic Researcher": 1093, "Deepfathom Echo": 670, "Chitin Gravestalker": 480, "Desperate Bloodseeker_SB": 706, "Starving Revenant_SB": 2767, "Steamcore Scholar_SB": 2776, "Ojer Pakpatiq, Deepest Epoch_SB": 2023, "Lavaspur Boots_SB": 1661, "Voldaren Thrillseeker_SB": 3328, "Thunderous Velocipede_SB": 3048, "Fear of Infinity_SB": 997, "Stock Up_SB": 2788, "Dredger's Insight_SB": 806, "Fauna Shaman_SB": 986, "Malcator, Purity Overseer": 1787, "Sunder the Gateway": 2829, "Macabre Waltz": 1767, "Wary Thespian": 3366, "Haunted Mire": 1336, "Overwhelming Remorse_SB": 2083, "Mocking Sprite": 1881, "Talion's Messenger": 2887, "Barrow Naughty": 186, "Faerie Slumber Party": 969, "Drag the Canal": 772, "Spellscorn Coven": 2719, "Etrata, Deadly Fugitive": 926, "Coerced to Kill": 512, "Unstoppable Plan_SB": 3202, "Shadow-Rite Priest": 2561, "Training Grounds": 3096, "Hoarding Broodlord": 1410, "Nahiri's Warcrafting_SB": 1945, "Baral and Kari Zev": 181, "Enigma Drake": 891, "Eroded Canyon": 903, "Trained Arynx": 3095, "Ornery Tumblewagg": 2045, "Giant Beaver": 1180, "Lagorin, Soul of Alacria": 1649, "Miriam, Herd Whisperer": 1860, "Congregation Gryff": 543, "Brightfield Glider": 338, "Run Over_SB": 2434, "Reject Imperfection_SB": 2330, "Vivisurgeon's Insight_SB": 3315, "Night Market": 1970, "Stockpiling Celebrant": 2790, "Carrion Locust_SB": 409, "Skullcap Snail_SB": 2636, "Stockpiling Celebrant_SB": 2791, "Akal Pakal, First Among Equals": 45, "Forensic Gadgeteer": 1091, "Deduce_SB": 665, "Wreck Remover_SB": 3424, "Brave the Wilds": 321, "Fog of War_SB": 1086, "Oaken Siren": 2005, "Guidelight Optimizer": 1298, "Fountainport Bell": 1107, "Machine Over Matter_SB": 1768, "Armored Scrapgorger": 125, "Fierce Empath": 1039, "Spinewoods Paladin": 2728, "Phyrexian Missionary_SB": 2137, "Tranquil Cove_SB": 3098, "Exsanguinate_SB": 946, "Exsanguinate": 945, "Crumb and Get It_SB": 598, "Flame Lash": 1059, "Syr Ginger, the Meal Ender_SB": 2876, "Legion Extruder_SB": 1671, "Dawnwing Marshal": 640, "Leonin Vanguard": 1676, "Savannah Lions": 2477, "Pitiless Carnage": 2156, "Fear of Infinity": 996, "Aurelia, the Warleader": 149, "Gilded Ghoda": 1188, "Vanish into Eternity_SB": 3263, "Frenzied Goblin": 1111, "Count on Luck": 580, "Doubling Season_SB": 766, "Fanatical Firebrand_SB": 977, "Frenzied Goblin_SB": 1112, "Reckless Lackey_SB": 2303, "Howlsquad Heavy_SB": 1430, "Rundvelt Hordemaster_SB": 2436, "District Mascot": 744, "Shivan Devastator": 2583, "Zimone, Paradox Sculptor": 3450, "Tyvar, the Pummeler_SB": 3154, "Zopandrel, Hunger Dominus_SB": 3454, "Dynamite Diver": 830, "Guidelight Synergist": 1299, "Kolodin, Triumph Caster": 1627, "Burner Rocket": 369, "Cloudspire Skycycle": 508, "Irreverent Gremlin": 1522, "Voldaren Epicure": 3326, "Ensoul Artifact": 894, "Riverglide Pathway": 2396, "Darksteel Citadel": 635, "Shrapnel Blast": 2599, "Smuggler's Copter": 2668, "Rending Volley_SB": 2339, "Shadowspear_SB": 2562, "Voltage Surge_SB": 3331, "Aether Gust_SB": 25, "Annul_SB": 87, "Bishop of Wings": 218, "Righteous Valkyrie": 2379, "Resplendent Marshal": 2351, "Skyclave Apparition": 2638, "Collected Company": 515, "Kayla's Reconstruction": 1583, "Portable Hole": 2178, "Branchloft Pathway": 318, "Cave of the Frost Dragon": 440, "Overgrown Farmland": 2065, "Temple Garden": 2907, "Nykthos, Shrine to Nyx": 2004, "Eiganjo, Seat of the Empire": 846, "Brutal Cathar_SB": 359, "Reidane, God of the Worthy_SB": 2327, "Archon of Absolution_SB": 112, "Shapers' Sanctuary_SB": 2564, "Brave the Elements_SB": 320, "Heroic Intervention_SB": 1385, "Cragcrown Pathway": 585, "Mutavault": 1939, "Reckless Rage": 2304, "Soul-Scar Mage": 2694, "Hazoret the Fervent_SB": 1343, "Redcap Melee_SB": 2314, "Elvish Mystic": 868, "Kiora, Behemoth Beckoner": 1604, "Cavalier of Thorns": 439, "Old-Growth Troll": 2026, "Lair of the Hydra": 1650, "Storm the Festival": 2798, "Ulvenwald Oddity": 3157, "Oath of Nissa": 2007, "Leyline of the Guildpact": 1687, "Emrakul, the Promised End_SB": 873, "Setessan Petitioner_SB": 2559, "Arasta of the Endless Web_SB": 98, "Ledger Shredder": 1669, "Arclight Phoenix": 115, "Fiery Impulse": 1042, "Lightning Axe": 1695, "Treasure Cruise": 3108, "Hall of Storm Giants": 1308, "Brazen Borrower_SB": 323, "Anger of the Gods_SB": 75, "Prismari Command_SB": 2195, "Omen of the Sea": 2030, "The Meathook Massacre": 2964, "Narset, Parter of Veils": 1947, "Field of Ruin": 1036, "Geier Reach Sanitarium": 1153, "Urborg, Tomb of Yawgmoth": 3224, "Clearwater Pathway": 504, "Hive of the Eye Tyrant": 1409, "Shipwreck Marsh": 2582, "Takenuma, Abandoned Mire": 2886, "Ashiok, Dream Render_SB": 129, "Yorion, Sky Nomad_SB": 3438, "Ashiok, Nightmare Muse_SB": 130, "Extinction Event_SB": 948, "Unlicensed Hearse_SB": 3190, "Ramunap Ruins": 2271, "Stormcarved Coast": 2799, "Spikefield Hazard": 2725, "Izzet Charm": 1531, "Prismari Command": 2194, "Blightstep Pathway": 242, "Bloodtithe Harvester": 260, "Blade of the Oni": 227, "Hidetsugu Consumes All_SB": 1396, "Invoke Despair_SB": 1518, "Haunted Ridge": 1337, "Bonecrusher Giant": 279, "Burning-Tree Emissary": 371, "Chandra, Torch of Defiance": 463, "Collision // Colossus": 523, "Gruul Spellbreaker": 1292, "Kami's Flare": 1570, "Kumano Faces Kakkazan": 1643, "Pelt Collector": 2112, "Voltaic Brawler": 3332, "Zhur-Taa Goblin": 3448, "Bonecrusher Giant_SB": 280, "Chandra, Torch of Defiance_SB": 464, "Cindervines_SB": 488, "Kami's Flare_SB": 1571, "Roiling Vortex_SB": 2413, "Weathered Runestone_SB": 3376, "Sigarda's Aid": 2605, "Colossus Hammer": 529, "Raffine's Informant": 2245, "Sylvan Caryatid": 2870, "Eldritch Evolution": 849, "Overgrown Tomb": 2066, "Mana Confluence": 1793, "Soulflayer": 2696, "Collective Brutality_SB": 517, "Gifted Aetherborn_SB": 1185, "Bloodline Culling_SB": 256, "Deafening Silence_SB": 655, "Portable Hole_SB": 2179, "Grafdigger's Cage_SB": 1256, "Cauldron Familiar": 434, "Claim the Firstborn": 496, "Deadly Dispute": 652, "Kroxa, Titan of Death's Hunger": 1642, "Mayhem Devil": 1820, "Witch's Oven": 3410, "Claim the Firstborn_SB": 497, "Ob Nixilis, the Adversary_SB": 2009, "Hallowed Fountain": 1310, "Indatha Triome": 1460, "Spara's Headquarters": 2704, "Zagoth Triome": 3442, "Vanishing Verse": 3264, "Leyline of Sanctity_SB": 1685, "Barrier Breach_SB": 185, "Knockout Blow_SB": 1622, "Foreboding Ruins": 1090, "Invoke Despair": 1517, "Rakdos, Patron of Chaos": 2258, "Kolaghan's Command_SB": 1626, "Fetid Pools": 1035, "Yorion, Sky Nomad": 3437, "Castle Locthwain": 427, "Paradoxical Outcome": 2097, "Greasefang, Okiba Boss": 1266, "Parhelion II": 2098, "Shattered Sanctum": 2568, "Faithful Mending": 970, "Skysovereign, Consul Flagship": 2648, "Tainted Indulgence": 2880, "Collective Brutality": 516, "Raffine's Tower": 2246, "Stubborn Denial": 2818, "Dovin's Veto_SB": 767, "Silence_SB": 2607, "Fatal Push_SB": 984, "Vanishing Verse_SB": 3265, "Go Blank_SB": 1230, "Breeding Pool": 336, "Linvala, the Preserver": 1709, "Enigmatic Incarnation": 892, "Savai Triome": 2476, "Thought Distortion_SB": 3009, "Archon of Emeria_SB": 114, "Ruric Thar, the Unbowed_SB": 2440, "Experimental Frenzy_SB": 940, "Claim // Fame": 493, "Infuriate": 1469, "Extinction Event": 947, "Krenko's Buzzcrusher": 1637, "Furnace Punisher_SB": 1132, "Hearth Elemental_SB": 1356, "Laughing Jasper Flint_SB": 1658, "Titania's Command_SB": 3067, "Rocky Roads": 2408, "Lumbering Worldwagon_SB": 1751, "Cosmic Rebirth_SB": 578, "Mondrak, Glory Dominus_SB": 1906, "Mimeoplasm, Revered One": 1853, "Devouring Sugarmaw": 716, "Amalia Benavides Aguirre_SB": 57, "Elas il-Kor, Sadistic Pilgrim_SB": 848, "Fiendish Panda_SB": 1038, "Knight of Dawn's Light_SB": 1615, "Spin Out_SB": 2726, "Ravine Raider_SB": 2285, "Cindering Cutthroat_SB": 487, "Steampath Charger_SB": 2777, "Risky Shortcut_SB": 2387, "Become Brutes_SB": 203, "Etched Familiar": 923, "Eddymurk Crab_SB": 840, "Tolarian Terror_SB": 3079, "Drake Hatcher_SB": 792, "Goblin Oriflamme": 1238, "Spectral Interference": 2709, "Ruthless Negotiation_SB": 2448, "Haughty Djinn_SB": 1333, "Map the Frontier": 1798, "No Witnesses_SB": 1987, "Winter, Cursed Rider": 3403, "Radiant Grove": 2242, "Streetwise Negotiator_SB": 2813, "Silken Strength": 2610, "Divine Resilience": 753, "Greenhouse // Rickety Gazebo": 1278, "Mirror Room // Fractured Realm": 1865, "Unflinching Courage_SB": 3180, "Khenra Spellspear": 1600, "Herd Migration_SB": 1380, "Armored Armadillo_SB": 123, "Gixian Infiltrator_SB": 1202, "Kykar, Zephyr Awakener": 1648, "Realm-Scorcher Hellkite": 2293, "Sentinel of Lost Lore_SB": 2549, "Spyglass Siren_SB": 2748, "Lathril, Blade of the Elves_SB": 1656, "The Huntsman's Redemption_SB": 2956, "Gloryheath Lynx_SB": 1227, "Threefold Thunderhulk_SB": 3034, "Cryptcaller Chariot": 600, "Case of the Locked Hothouse": 417, "Walk-In Closet // Forgotten Cellar": 3350, "Primeval Bounty": 2191, "Mindsparker_SB": 1854, "Commune with Evil": 535, "Thirsting Roots": 2998, "Gigantosaurus": 1186, "Llanowar Greenwidow": 1720, "Llanowar Stalker": 1722, "Ghalta, Primal Hunger_SB": 1169, "Gigantosaurus_SB": 1187, "Disenchant": 729, "Captain Howler, Sea Scourge_SB": 402, "Cursed Recording_SB": 616, "Voracious Greatshark": 3333, "Rangers' Refueler": 2272, "Meeting of Minds": 1829, "Steel Hellkite_SB": 2778, "Karn, Living Legacy_SB": 1574, "Grand Entryway && Elegant Rotunda": 1260, "Quaketusk Boar": 2228, "The Stasis Coffin": 2983, "The Everflowing Well": 2949, "Kellan Joins Up": 1589, "Ovika, Enigma Goliath_SB": 2086, "Lukka, Bound to Ruin": 1748, "Bestow Greatness_SB": 209, "Leaping Ambush": 1668, "Raucous Theater_SB": 2283, "Flowstone Infusion_SB": 1085, "Alesha, Who Laughs at Fate_SB": 51, "Stern Lesson": 2782, "Stormkeld Vanguard_SB": 2803, "Progenitor Exarch": 2200, "Feed the Swarm": 1015, "Agatha of the Vile Cauldron": 31, "Moonshaker Cavalry_SB": 1914, "Bramble Familiar_SB": 314, "Annie Joins Up_SB": 84, "Primal Might_SB": 2190, "Detention Chariot": 713, "Push the Limit": 2218, "Gallant Strike": 1139, "Thundering Broodwagon": 3044, "Reckless Handling": 2301, "Ancient Den": 70, "Boros Garrison": 294, "Experimental Synthesizer": 941, "Galvanic Blast": 1140, "Glint Hawk": 1220, "Great Furnace": 1270, "Journey to Nowhere": 1553, "Kor Skyfisher": 1631, "Lembas": 1675, "Makeshift Munitions": 1786, "Relic of Progenitus": 2332, "Rustvale Bridge": 2444, "Thraben Inspector": 3019, "Dust to Dust_SB": 823, "Electrickery_SB": 850, "Prismatic Strands_SB": 2197, "Pyroblast_SB": 2219, "Red Elemental Blast_SB": 2311, "Relic of Progenitus_SB": 2333, "Boomerang": 286, "Brainstorm": 312, "Cryptic Serpent": 604, "Deep Analysis": 667, "Delver of Secrets": 687, "Dragon Wings": 781, "L\u00f3rien Revealed": 1763, "Mental Note": 1836, "Murmuring Mystic": 1937, "Ponder": 2177, "Sleep of the Dead": 2653, "Snow-Covered Island": 2675, "Blue Elemental Blast_SB": 269, "Deem Inferior_SB": 666, "Dispel_SB": 735, "Hydroblast_SB": 1443, "Jace's Phantasm_SB": 1535, "Murmuring Mystic_SB": 1938, "Sleep of the Dead_SB": 2654, "Radiant Fountain": 2241, "Goldmire Bridge": 1244, "Bojuka Bog": 272, "Orzhov Basilica": 2046, "Sunlit Marsh": 2835, "Troll of Khazad-d\u00fbm": 3119, "Eagles of the North": 831, "Dawnbringer Cleric": 639, "Omen of the Dead": 2029, "Cast Down": 425, "Accursed Marauder": 13, "Refurbished Familiar": 2319, "Vault of Whispers": 3266, "Suffocating Fumes": 2821, "Campfire_SB": 392, "Arms of Hadar_SB": 127, "Unmake_SB": 3191, "Accursed Marauder_SB": 14, "Cast Down_SB": 426, "Beckon Apparition_SB": 201, "Thraben Charm_SB": 3018, "Thorn of the Black Rose_SB": 3005, "Arashin Cleric_SB": 97, "Lazav, Wearer of Faces_SB": 1665, "Harmless Offering_SB": 1326, "Return Triumphant": 2372, "Souls of the Lost_SB": 2699, "Wildwood Scourge": 3393, "Slickshot Lockpicker_SB": 2661, "Flashfreeze": 1066, "Interface Ace": 1485, "Sunpearl Kirin": 2836, "Synchronized Charge": 2873, "Heritage Reclamation_SB": 1382, "Magmatic Hellkite_SB": 1777, "Surrak, Elusive Hunter": 2854, "Surrak, Elusive Hunter_SB": 2855, "Elspeth, Storm Slayer": 862, "Rally the Monastery": 2266, "Cori Mountain Monastery": 561, "Dispelling Exhale": 736, "Jeskai Revelation": 1543, "Marang River Regent": 1799, "Shiko, Paragon of the Way": 2579, "Herd Heirloom": 1377, "Cori-Steel Cutter": 565, "Jeskai Revelation_SB": 1544, "Voice of Victory_SB": 3319, "Tersa Lightshatter": 2930, "Desperate Measures": 707, "Rot-Curse Rakshasa": 2418, "Elspeth, Storm Slayer_SB": 863, "United Battlefront": 3189, "Sandsteppe Citadel": 2464, "Skirmish Rhino": 2627, "Sage of the Skies_SB": 2453, "Winternight Stories": 3404, "Auroral Procession": 150, "Opulent Palace": 2040, "Rakshasa's Bargain": 2261, "Mistrise Village": 1877, "Tersa Lightshatter_SB": 2931, "Glacial Dragonhunt": 1204, "Wild Ride": 3389, "Mystic Monastery": 1942, "Stormshriek Feral": 2806, "Stormshriek Feral_SB": 2807, "Unending Whisper": 3178, "Kishla Village": 1609, "Restless Vents_SB": 2368, "Cori-Steel Cutter_SB": 566, "Roiling Dragonstorm": 2411, "Static Snare": 2771, "Cooped Up": 554, "Flamehold Grappler": 1062, "Gulping Scraptrap": 1300, "Magmatic Hellkite": 1776, "Sarkhan, Dragon Ascendant": 2473, "Sarkhan, Soul Aflame": 2474, "Pit of Offerings": 2155, "Static Snare_SB": 2772, "Kayla's Reconstruction_SB": 1584, "Tempest Hawk": 2906, "Rediscover the Way": 2315, "Frontline Rush": 1117, "Gilded Lotus_SB": 1189, "Fresh Start_SB": 1113, "Frostcliff Siege": 1119, "Duty Beyond Death_SB": 825, "Dalkovan Encampment": 624, "Frontier Bivouac": 1116, "Two-Headed Hunter_SB": 3144, "Songcrafter Mage": 2682, "Death Begets Life_SB": 656, "Bloomvine Regent": 264, "Encroaching Dragonstorm": 874, "Ugin, Eye of the Storms": 3155, "Drakuseth, Maw of Flames": 793, "Breaching Dragonstorm": 327, "Molten Exhale": 1890, "Molten Exhale_SB": 1891, "Awaken the Honored Dead": 156, "Caustic Exhale": 437, "Disruptive Stormbrood": 738, "Scavenger Regent // Exude Toxin // Scavenger Regent": 2491, "Teval, Arbiter of Virtue": 2932, "Caustic Exhale_SB": 438, "Fangkeeper's Familiar_SB": 980, "Ugin, Eye of the Storms_SB": 3156, "New Way Forward": 1965, "Dragonologist": 790, "Bulwark Ox_SB": 366, "Temur Tawnyback": 2921, "Eshki Dragonclaw": 911, "Spinewoods Paladin_SB": 2729, "Mandible Justiciar": 1794, "Dragon Sniper": 778, "Nature's Rhythm": 1950, "Broken Wings_SB": 351, "Voidwing Hybrid": 3320, "Torpor Orb": 3089, "Mercurial Spelldancer": 1838, "Blightbelly Rat_SB": 241, "Devoted Duelist": 715, "Prowcatcher Specialist_SB": 2208, "Ghitu Lavarunner_SB": 1174, "Fortress Kin-Guard": 1101, "Salt Road Packbeast": 2459, "Inspiring Overseer_SB": 1483, "Salt Road Packbeast_SB": 2460, "Slumbering Keepguard": 2664, "The Princess Takes Flight": 2972, "Keldon Strike Team": 1588, "Sidisi, Regent of the Mire": 2603, "Gingerbrute_SB": 1192, "Undergrowth Leopard_SB": 3174, "Great Arashin City": 1268, "Maelstrom of the Spirit Dragon": 1771, "Qarsi Revenant_SB": 2225, "Kishla Skimmer": 1608, "Roar of Endless Song_SB": 2400, "Scavenger Regent_SB": 2493, "Scavenger Regent": 2490, "Qarsi Revenant": 2224, "Spectral Denial": 2707, "Overwhelming Surge_SB": 2085, "Corroding Dragonstorm": 569, "Sage of the Skies": 2452, "Heritage Reclamation": 1381, "Bleachbone Verge_SB": 239, "Voice of Victory": 3318, "Clarion Conqueror_SB": 501, "Helga, Skittish Seer": 1360, "Helga, Skittish Seer_SB": 1361, "Rakshasa's Bargain_SB": 2262, "Mistrise Village_SB": 1878, "Case of the Pilfered Proof": 419, "Coordinated Maneuver_SB": 557, "Winternight Stories_SB": 3405, "Craterhoof Behemoth": 587, "Craterhoof Behemoth_SB": 588, "Descendant of Storms": 701, "Severance Priest": 2560, "Yathan Roadwatcher": 3434, "Animist's Might": 78, "Flourishing Bloom-Kin": 1080, "Seedglaive Mentor": 2539, "Stadium Headliner": 2754, "Scavenger Regent // Exude Toxin // Scavenger Regent_SB": 2492, "Behind the Mask": 205, "Marang River Regent_SB": 1800, "Don't Make a Sound_SB": 759, "Channeled Dragonfire": 467, "New Way Forward_SB": 1966, "Rotisserie Elemental_SB": 2420, "Twists and Turns_SB": 3140, "Strategic Betrayal_SB": 2811, "Fangkeeper's Familiar": 979, "Simulacrum Synthesizer_SB": 2618, "Sagu Wildling": 2454, "Desperate Measures_SB": 708, "Muldrotha, the Gravetide_SB": 1931, "Sinkhole Surveyor": 2620, "Dragonback Assault": 783, "Rediscover the Way_SB": 2316, "Ringing Strike Mastery_SB": 2381, "Tinybones, Bauble Burglar_SB": 3060, "Disruptive Stormbrood_SB": 739, "Glacierwood Siege": 1206, "Roiling Dragonstorm_SB": 2412, "Ureni, the Song Unending": 3225, "Shiko, Paragon of the Way_SB": 2580, "Ureni, the Song Unending_SB": 3226, "Spectral Denial_SB": 2708, "Dispelling Exhale_SB": 737, "Twinmaw Stormbrood": 3135, "Fleeting Effigy": 1068, "Dalkovan Packbeasts": 625, "Skullcap Snail": 2635, "Harried Spearguard": 1327, "Toxin Analysis_SB": 3094, "Dire Flail": 724, "Mardu Devotee": 1804, "Warren Warleader_SB": 3365, "Toby, Beastie Befriender_SB": 3074, "Mardu Devotee_SB": 1805, "Resolute Reinforcements_SB": 2348, "Mardu Siegebreaker": 1806, "Overwhelming Surge": 2084, "Stern Lesson_SB": 2783, "Coordinated Maneuver": 556, "Triumphant Chomp_SB": 3118, "Rampaging Raptor_SB": 2269, "Earthshaker Dreadmaw_SB": 834, "Temur Battlecrier": 2920, "Strategic Betrayal": 2810, "Kheru Goldkeeper": 1601, "Ambling Stormshell": 58, "Bedrock Tortoise": 204, "Dinotomaton": 723, "Dragon Whelp": 780, "Dragonlord's Servant": 788, "Firespitter Whelp": 1058, "Kolaghan Warmonger": 1625, "Mox Jasper": 1925, "Shivan Dragon": 2584, "Viashino Branchrider_SB": 3289, "Firebrand Archer_SB": 1054, "Twin Bolt_SB": 3130, "Rumbling Rockslide_SB": 2432, "Skyraker Giant_SB": 2644, "Breaching Dragonstorm_SB": 328, "Drakuseth, Maw of Flames_SB": 794, "Ticket Booth // Tunnel of Hate_SB": 3051, "Channeled Dragonfire_SB": 468, "All-Out Assault": 53, "Inevitable Defeat": 1462, "Neriv, Heart of the Storm": 1957, "Zurgo, Thunder's Decree": 3464, "Inevitable Defeat_SB": 1463, "Thunder of Unity_SB": 3043, "Windcrag Siege_SB": 3399, "Zurgo's Vanguard": 3463, "Duty Beyond Death": 824, "Ainok Wayfarer": 38, "Rabid Bite": 2236, "Polliwallop": 2171, "Felothar, Dawn of the Abzan": 1028, "Oracle of Tragedy_SB": 2042, "Corroding Dragonstorm_SB": 570, "Floriferous Vinewall": 1078, "Bovine Intervention_SB": 307, "Combat Courier": 530, "Twitching Doll_SB": 3142, "Under the Skin_SB": 3167, "Skyserpent Seeker_SB": 2647, "Break the Spell": 332, "Treacherous Greed": 3107, "Intrepid Stablemaster": 1496, "Guardian Sunmare": 1294, "Itzquinth, Firstborn of Gishath_SB": 1526, "Commune with Nature": 536, "Coordinated Clobbering": 555, "Take the Fall_SB": 2885, "Serum Snare_SB": 2556, "Infectious Bite_SB": 1465, "Elusive Otter_SB": 866, "Hurkyl, Master Wizard_SB": 1439, "Stasis Snare_SB": 2769, "Seal from Existence_SB": 2520, "Abyssal Harvester_SB": 11, "Clarion Conquerer_SB": 499, "Runescale Stormbrood": 2438, "Stasis Snare": 2768, "Moment of Truth_SB": 1897, "Helping Hand_SB": 1370, "Adarkar Wastes_SB": 20, "Floodfarm Verge_SB": 1075, "Meticulous Archive_SB": 1842, "Seachrome Coast_SB": 2518, "Mondrak, Glory Dominus": 1905, "Tomb Trawler": 3082, "Take Out the Trash_SB": 2882, "Convenient Target_SB": 553, "Kickoff Celebrations": 1602, "Nullpriest of Oblivion_SB": 2001, "Lord Skitter's Blessing": 1740, "Ayli, Eternal Pilgrim_SB": 163, "Stoic Sphinx": 2792, "Watcher of the Wayside": 3368, "Twinmaw Stormbrood_SB": 3136, "Confounding Riddle_SB": 542, "Glacial Dragonhunt_SB": 1205, "Combat Thresher": 532, "Windcrag Siege": 3398, "The Ancient One": 2938, "Nomad Outpost": 1988, "Sonic Shrieker": 2684, "The Sibsig Ceremony": 2978, "Purging Stormbrood_SB": 2215, "Curator of Destinies_SB": 614, "Glarb, Calamity's Augur_SB": 1208, "Heliod, the Radiant Dawn_SB": 1363, "Ghostly Dancers_SB": 1178, "Pyrrhic Blast": 2223, "Melek, Reforged Researcher": 1830, "Herd Heirloom_SB": 1378, "Vampiric Rites_SB": 3262, "Fear of Lost Teeth_SB": 1001, "Bloodghast_SB": 253, "Vampire Gourmand_SB": 3257, "Clarion Conqueror // Clarion Conqueror_SB": 500, "Taurean Mauler": 2897, "Anafenza, Unyielding Lineage": 64, "Clay Champion": 502, "Nesting Bot_SB": 1960, "Restricted Office // Lecture Hall_SB": 2371, "Dragonfire Blade": 785, "Monastery Messenger": 1902, "Shocking Sharpshooter": 2590, "Phyrexian Censor": 2131, "Terror of the Peaks_SB": 2929, "Calamity, Galloping Inferno_SB": 387, "Fires of Victory_SB": 1057, "Bovine Intervention": 306, "Riling Dawnbreaker": 2380, "Awaken the Honored Dead_SB": 157, "Warden of the Grove": 3356, "Brineborn Cutthroat": 340, "Invasion of Ikoria": 1505, "Branch of Vitu-Ghazi": 316, "Dragon Sniper_SB": 779, "Revenge of the Rats": 2375, "Rise of the Varmints": 2386, "Undergrowth Leopard": 3173, "Grasping Longneck_SB": 1264, "Watcher of the Wayside_SB": 3369, "Shock Brigade": 2587, "Ratcatcher Trainee": 2278, "Deadly Riposte": 653, "Derelict Attic // Widow's Walk_SB": 700, "Reigning Victor": 2328, "Worthy Cost": 3421, "Bone-Cairn Butcher": 277, "Salt Road Skirmish": 2461, "Starry-Eyed Skyrider": 2764, "Dirgur Island Dragon": 726, "Aatchik, Emerald Radian": 0, "Yarus, Roar of the Old Gods": 3433, "Sinkhole Surveyor_SB": 2621, "Thunder of Unity": 3042, "Frontline Rush_SB": 1118, "Dalkovan Packbeasts_SB": 626, "Descendant of Storms_SB": 702, "Worthy Cost_SB": 3422, "War Effort_SB": 3353, "Shocking Sharpshooter_SB": 2591, "Unyielding Gatekeeper_SB": 3212, "Unscrupulous Contractor": 3197, "Gearbane Orangutan_SB": 1152, "Osseous Exhale": 2048, "Narset, Jeskai Waymaster": 1946, "Frostcliff Siege_SB": 1120, "Return Triumphant_SB": 2373, "Spring Splasher": 2744, "Norn's Wellspring": 1992, "Case of the Uneaten Feast_SB": 424, "Servant of the Stinger_SB": 2558, "Blue Sun's Twilight": 270, "Three Blind Mice_SB": 3027, "Bloodfeather Phoenix_SB": 250, "Annihilating Glare_SB": 86, "Lasyd Prowler": 1654, "Feral Encounter_SB": 1029, "Nature's Rhythm_SB": 1951, "Synchronized Charge_SB": 2874, "Viral Spawning_SB": 3299, "Ob Nixilis, Captive Kingpin": 2008, "All Will Be One": 52, "Encroaching Mycosynth": 875, "Krenko, Baron of Tin Street": 1639, "Ice Out": 1444, "Crime Novelist": 593, "Breeches, Eager Pillager_SB": 335, "Convenient Target": 552, "Niv-Mizzet, Supreme_SB": 1981, "Perennation_SB": 2113, "Timeless Lotus": 3054, "Phyrexian Vindicator_SB": 2141, "Urabrask_SB": 3218, "Grafted Butcher": 1257, "Voidwing Hybrid_SB": 3321, "Kiora, Sovereign of the Deep_SB": 1605, "Kalastria Highborn": 1566, "Cori Mountain Monastery_SB": 562, "Ertai's Scorn": 908, "Eshki Dragonclaw_SB": 912, "Songcrafter Mage_SB": 2683, "Bulk Up_SB": 364, "Eluge, the Shoreless Sea": 864, "Finale of Revelation": 1050, "Eliminate the Impossible": 858, "Eliminate the Impossible_SB": 859, "Finale of Revelation_SB": 1051, "Cat Collector_SB": 429, "Izoni, Center of the Web_SB": 1530, "Hazoret, Godseeker_SB": 1345, "Spelunking_SB": 2721, "Smile at Death": 2667, "Osteomancer Adept_SB": 2053, "Peer Past the Veil_SB": 2109, "Campus Guide_SB": 393, "Liberator, Urza's Battlethopter": 1690, "Racers' Scoreboard": 2240, "Rot-Curse Rakshasa_SB": 2419, "Markov Baron": 1811, "Pulse Tracker": 2213, "Redcap Gutter-Dweller_SB": 2313, "Dragon's Prey": 782, "Defibrillating Current": 679, "Alesha's Legacy": 49, "Emerge from the Cocoon": 871, "Midnight Mayhem": 1848, "Bone-Cairn Butcher_SB": 278, "Cori Mountain Stalwart_SB": 564, "Marshal of the Lost_SB": 1814, "Shock Brigade_SB": 2588, "Neriv, Heart of the Storm_SB": 1958, "Poised Practitioner_SB": 2167, "Filter Out": 1043, "Hero's Downfall": 1383, "Desecration Demon_SB": 704, "Whiskervale Forerunner": 3383, "Lost in the Maze": 1745, "Cori Mountain Stalwart": 563, "Underground River_SB": 3172, "Gloomlake Verge_SB": 1225, "Darkslick Shores_SB": 632, "Aggressive Sabotage_SB": 34, "Disdainful Stroke": 727, "Out Cold_SB": 2055, "Magmakin Artillerist": 1775, "Flood the Engine_SB": 1072, "Veloheart Bike": 3272, "Migloz, Maze Crusher": 1851, "Dragonhawk, Fate's Tempest_SB": 787, "Swiftblade Vindicator": 2859, "Hidetsugu and Kairi_SB": 1398, "Colossification_SB": 528, "Rite of Renewal": 2388, "Staff of Compleation": 2756, "Betor, Kin to All": 210, "Danitha, New Benalia's Light": 628, "Danitha, New Benalia's Light_SB": 629, "Walk-In Closet // Forgotten Cellar_SB": 3351, "Abzan Devotee": 12, "Gixian Puppeteer": 1203, "Oltec Matterweaver": 2027, "Disturbing Mirth_SB": 748, "Encroaching Mycosynth_SB": 876, "Mortify_SB": 1917, "Stadium Headliner_SB": 2755, "Draconautics Engineer_SB": 771, "Bumbleflower's Sharepot": 367, "Volt Charge": 3330, "Great Arashin City_SB": 1269, "Underground Mortuary_SB": 3170, "Purging Stormbrood": 2214, "Piercing Exhale": 2146, "Wind-Scarred Crag": 3397, "Jeskai Devotee": 1542, "Kin-Tree Nurturer": 1603, "Nightblade Brigade": 1972, "Stormplain Detainment": 2804, "Marshal of the Lost": 1813, "Sunset Strikemaster": 2837, "Seize Opportunity": 2542, "Dragonback Lancer": 784, "Venerated Stormsinger": 3275, "Elesh Norn": 854, "Slickshot Lockpicker": 2660, "Invasion of Arcavios_SB": 1500, "Zur, Eternal Schemer_SB": 3460, "Portal to Phyrexia_SB": 2181, "Tarrian's Journal_SB": 2894, "Youthful Valkyrie_SB": 3441, "Battlefield Forge_SB": 196, "Tempest Hart": 2905, "Stormscale Scion": 2805, "Dracogenesis": 769, "Distorted Curiosity_SB": 743, "Battle-Rage Blessing": 194, "Gnawing Crescendo": 1228, "Outlaws' Fury": 2060, "Ashnod's Intervention_SB": 134, "Lightshield Parry": 1701, "Lightfoot Technique": 1694, "Lazav, Familiar Stranger": 1664}}