{"vocabulary": {"Burst Lightning": 377, "Copperline Gorge": 559, "Emberheart Challenger": 865, "Heartfire Hero": 1342, "Hired Claw": 1398, "Lightning Strike": 1692, "Manifold Mouse": 1789, "Monastery Swiftspear": 1895, "Monstrous Rage": 1901, "Mountain": 1913, "Questing Druid": 2217, "Rockface Village": 2393, "Screaming Nemesis": 2495, "Snakeskin Veil": 2656, "Thornspire Verge": 2987, "Witchstalker Frenzy": 3390, "Lithomantic Barrage_SB": 1706, "Pawpatch Formation_SB": 2094, "Torch the Tower_SB": 3066, "Twisted Fealty_SB": 3118, "Urabrask's Forge_SB": 3196, "Battlefield Forge": 195, "Demonic Ruckus": 695, "Inspiring Vantage": 1475, "Kellan, Planar Trailblazer": 1586, "Optimistic Scavenger": 2028, "Plains": 2149, "Restless Bivouac": 2343, "Shardmage's Rescue": 2551, "Sheltered by Ghosts": 2556, "Spellbook Vendor": 2702, "Destroy Evil_SB": 708, "Lightning Helix_SB": 1691, "Innkeeper's Talent": 1462, "Karplusan Forest": 1568, "Pawpatch Recruit": 2095, "Restless Ridgeline": 2350, "Scorching Shot": 2485, "Pawpatch Recruit_SB": 2096, "Questing Druid_SB": 2218, "Scorching Shot_SB": 2486, "Brushland": 360, "Dusk Rose Reliquary": 815, "Forest": 1088, "Fountainport": 1100, "Hushwood Verge": 1431, "Kellan, Daring Traveler": 1583, "Novice Inspector": 1987, "Razorverge Thicket": 2277, "Regal Bunnicorn": 2309, "Restless Prairie": 2347, "Royal Treatment": 2412, "Sentinel of the Nameless City": 2535, "Steel Seraph": 2765, "Teething Wurmlet": 2888, "Tough Cookie": 3072, "Unidentified Hovership": 3164, "Warden of the Inner Sky": 3337, "Aven Interrupter_SB": 155, "Invasion of Gobakhan_SB": 1496, "Rest in Peace_SB": 2340, "Royal Treatment_SB": 2413, "Sheltered by Ghosts_SB": 2557, "Unidentified Hovership_SB": 3165, "Bristlebud Farmer": 346, "Elspeth's Smite_SB": 857, "Exorcise_SB": 930, "Get Lost_SB": 1155, "Analyze the Pollen": 65, "Cavern of Souls": 444, "Commercial District": 534, "Elegant Parlor": 847, "Elesh Norn, Mother of Machines": 851, "Floodfarm Verge": 1068, "Get Lost": 1154, "Hedge Maze": 1350, "Herd Migration": 1370, "Island": 1515, "Leyline Binding": 1674, "Lush Portico": 1753, "Meticulous Archive": 1834, "Overlord of the Boilerbilges": 2060, "Overlord of the Hauntwoods": 2064, "Overlord of the Mistmoors": 2066, "Split Up": 2723, "Sunfall": 2818, "Swamp": 2843, "Up the Beanstalk": 3192, "Zur, Eternal Schemer": 3439, "Authority of the Consuls_SB": 152, "Doppelgang_SB": 762, "Ghost Vacuum_SB": 1170, "Negate_SB": 1945, "Nissa, Ascended Animist_SB": 1968, "Split Up_SB": 2724, "Anoint with Affliction": 88, "Cut Down": 618, "Darkslick Shores": 630, "Doomsday Excruciator": 758, "Gloomlake Verge": 1218, "Go for the Throat": 1225, "Jace, the Perfected Mind": 1528, "Mazemind Tome": 1816, "Nowhere to Run": 1988, "Phantom Interference": 2113, "Restless Reef": 2348, "Sheoldred's Edict": 2559, "Three Steps Ahead": 3010, "Undercity Sewers": 3147, "Underground River": 3150, "Duress_SB": 813, "Malicious Eclipse_SB": 1785, "Sheoldred, the Apocalypse_SB": 2562, "Tishana's Tidebinder_SB": 3046, "Withering Torment_SB": 3393, "Case of the Crimson Pulse_SB": 416, "Turn Inside Out": 3107, "Obliterating Bolt_SB": 2001, "Snakeskin Veil_SB": 2657, "Torch the Witness_SB": 3068, "Witchstalker Frenzy_SB": 3391, "Botanical Sanctum": 300, "Bushwhack": 379, "Cache Grab": 381, "Eddymurk Crab": 834, "Picklock Prankster": 2135, "Seed of Hope": 2523, "Sleight of Hand": 2641, "Stormchaser's Talent": 2788, "This Town Ain't Big Enough": 2981, "Tolarian Terror": 3059, "Unsummon": 3184, "Yavimaya Coast": 3415, "Monastery Mentor_SB": 1893, "Pick Your Poison_SB": 2134, "Plains_SB": 2150, "Anointed Peacekeeper": 90, "Beza, the Bounding Spring": 213, "Demolition Field": 688, "Geological Appraiser": 1151, "Lightning Helix": 1690, "Obliterating Bolt": 2000, "Quintorius Kand": 2221, "Soul Partition": 2672, "Soulstone Sanctuary": 2685, "Chandra, Hope's Beacon_SB": 461, "Devout Decree_SB": 715, "Jaya, Fiery Negotiator_SB": 1533, "Temporary Lockdown_SB": 2905, "Aclazotz, Deepest Betrayal": 15, "Blooming Marsh": 263, "Blot Out": 268, "Duress": 812, "Glissa Sunslayer": 1215, "Harvester of Misery": 1322, "Llanowar Elves": 1711, "Llanowar Wastes": 1716, "Maelstrom Pulse": 1762, "Mosswood Dreadknight": 1911, "Preacher of the Schism": 2175, "Restless Cottage": 2345, "Scavenging Ooze": 2480, "Sheoldred, the Apocalypse": 2561, "Thrun, Breaker of Silence": 3021, "Virtue of Persistence": 3286, "Choking Miasma_SB": 483, "Cut Down_SB": 619, "Gix's Command_SB": 1193, "Harvester of Misery_SB": 1323, "Liliana of the Veil_SB": 1698, "Tear Asunder_SB": 2885, "The End_SB": 2931, "Thrun, Breaker of Silence_SB": 3022, "Tranquil Frillback_SB": 3080, "Vivien Reid_SB": 3293, "Adarkar Wastes": 19, "Enduring Curiosity": 876, "Enduring Innocence": 878, "Entity Tracker": 893, "Ethereal Armor": 920, "Fae Flight": 956, "Gremlin Tamer": 1272, "Inquisitive Glimmer": 1465, "Restless Anchorage": 2341, "Seachrome Coast": 2502, "Silent Hallcreeper": 2594, "Crystal Barricade_SB": 606, "Disdainful Stroke_SB": 725, "Loran of the Third Path_SB": 1730, "Collector's Cage": 520, "Dollmaker's Shop && Porcelain Gallery": 753, "Mirrex": 1856, "Sandstorm Salvager": 2453, "Sanguine Evangelist": 2454, "Skyknight Squire": 2628, "Toby, Beastie Befriender": 3054, "Virtue of Loyalty": 3284, "Boon-Bringer Valkyrie_SB": 291, "Serra Paragon_SB": 2539, "Faerie Dreamthief": 960, "Faerie Mastermind": 963, "Floodpits Drowner": 1070, "Kaito, Bane of Nightmares": 1552, "Spyglass Siren": 2732, "Blot Out_SB": 269, "Neutralize the Guards_SB": 1955, "Soul-Guide Lantern_SB": 2678, "Day of Judgment": 640, "Shadowy Backstreet": 2549, "Underground Mortuary": 3148, "Pyroclasm_SB": 2209, "Enduring Vitality": 882, "Fabled Passage": 953, "Invasion of Ixalan": 1498, "Roaring Furnace && Steaming Sauna": 2388, "Song of Totentanz": 2665, "Spirebluff Canal": 2717, "Thundertrap Trainer": 3030, "Torch the Tower": 3065, "Valley Floodcaller": 3226, "Abrade_SB": 5, "Dissection Tools_SB": 738, "Floodpits Drowner_SB": 1071, "Ral, Crackling Wit_SB": 2253, "Deep-Cavern Bat": 666, "Gix, Yawgmoth Praetor": 1194, "Plumecreed Escort": 2155, "Anoint with Affliction_SB": 89, "Preacher of the Schism_SB": 2176, "Faebloom Trick": 958, "Mockingbird": 1875, "Spell Stutter": 2700, "Tishana's Tidebinder": 3045, "Disfigure_SB": 729, "Three Steps Ahead_SB": 3011, "Virtue of Persistence_SB": 3287, "Sunspine Lynx_SB": 2827, "Autonomous Assembler": 153, "Etali's Favor": 914, "Luminous Rebuke": 1745, "Mishra's Foundry": 1866, "Scrollshift": 2497, "Trumpeting Carnosaur": 3101, "Charred Foyer && Warped Space_SB": 474, "Elesh Norn, Mother of Machines_SB": 852, "Luminous Rebuke_SB": 1746, "Push // Pull_SB": 2205, "Virtue of Courage_SB": 3281, "Ertai Resurrected": 902, "Saiba Cryptomancer": 2445, "Cryptic Coat_SB": 602, "Dreams of Steel and Oil_SB": 801, "Boros Charm": 293, "Mabel, Heir to Cragflame": 1758, "Raucous Carnival": 2267, "Screaming Nemesis_SB": 2496, "Into the Flood Maw": 1482, "Rona's Vortex": 2401, "Go for the Throat_SB": 1226, "Keen-Eyed Curator_SB": 1578, "Long Goodbye_SB": 1721, "Nowhere to Run_SB": 1989, "Shrouded Shepherd_SB": 2587, "Swamp_SB": 2844, "Callous Sell-Sword": 394, "Slickshot Show-Off": 2647, "Valorous Stance_SB": 3235, "Caretaker's Talent": 409, "Carrot Cake": 413, "Lay Down Arms": 1654, "Parting Gust": 2089, "Sunken Citadel": 2821, "The Stone Brain_SB": 2967, "Tyvar's Stand_SB": 3130, "Vivien Reid": 3292, "Archangel Elspeth": 102, "Beza, the Bounding Spring_SB": 214, "Realmbreaker, the Invasion Tree_SB": 2283, "Deadly Cover-Up": 648, "Deduce": 662, "Quick Study": 2220, "Chrome Host Seedshark_SB": 485, "Vren, the Relentless": 3326, "Aclazotz, Deepest Betrayal_SB": 16, "Kaito, Bane of Nightmares_SB": 1553, "Up the Beanstalk_SB": 3193, "Case of the Gateway Express": 418, "Clockwork Percussionist": 508, "Gleeful Demolition": 1210, "Imodane's Recruiter": 1443, "Knight-Errant of Eos": 1612, "Resolute Reinforcements": 2334, "Shivan Reef": 2571, "Arabella, Abandoned Doll_SB": 94, "Painter's Studio && Defaced Gallery_SB": 2082, "Protect the Negotiators_SB": 2195, "Malicious Eclipse": 1784, "Knight of Grace_SB": 1611, "Tectonic Hazard_SB": 2887, "Feather of Flight": 1004, "The Filigree Sylex_SB": 2937, "Unable to Scream_SB": 3138, "Arabella, Abandoned Doll": 93, "Shock": 2572, "Innkeeper's Talent_SB": 1463, "Scorching Dragonfire_SB": 2484, "Warleader's Call": 3341, "Seized from Slumber": 2530, "Abhorrent Oculus_SB": 3, "Soul Partition_SB": 2673, "Deep-Cavern Bat_SB": 667, "Azure Beastbinder": 166, "Sheoldred's Edict_SB": 2560, "Sanguine Evangelist_SB": 2455, "Destroy Evil": 707, "Spectral Sailor": 2696, "Subterranean Schooner": 2806, "Enduring Curiosity_SB": 877, "Glistening Deluge_SB": 1217, "Subterranean Schooner_SB": 2807, "Blackcleave Cliffs": 226, "Gix's Command": 1192, "Pillage the Bog": 2142, "Tear Asunder": 2884, "Maelstrom Pulse_SB": 1763, "Outrageous Robbery_SB": 2053, "Shardmage's Rescue_SB": 2552, "Ajani, Caller of the Pride": 40, "No More Lies": 1972, "Zoetic Glyph": 3431, "Ajani, Caller of the Pride_SB": 41, "Glass Casket_SB": 1204, "Sentinel of the Nameless City_SB": 2536, "Case of the Filched Falcon": 417, "Surge of Salvation_SB": 2833, "Aftermath Analyst": 30, "Crawling Barrens": 588, "Escape Tunnel": 906, "Hearth Elemental": 1347, "Nissa, Resurgent Animist": 1969, "Restless Vents": 2354, "Terramorphic Expanse": 2911, "Virtue of Strength": 3288, "Scavenging Ooze_SB": 2481, "Elspeth's Smite": 856, "Overlord of the Floodpits": 2062, "Doorkeeper Thrull_SB": 760, "Goddric, Cloaked Reveler": 1235, "Temporary Lockdown": 2904, "Splitskin Doll": 2725, "Tail Swipe_SB": 2866, "Herbology Instructor_SB": 1367, "Minor Misstep_SB": 1852, "Monstrous Emergence_SB": 1900, "Unholy Annex && Ritual Chamber": 3160, "Phyrexian Censor_SB": 2122, "Blazemire Verge": 234, "Dreams of Steel and Oil": 800, "Fear of Missing Out": 998, "Piggy Bank": 2137, "Raucous Theater": 2269, "Scorching Dragonfire": 2483, "Sulfurous Springs": 2810, "Urabrask's Forge": 3195, "Unholy Annex && Ritual Chamber_SB": 3161, "Painter's Studio && Defaced Gallery": 2081, "Archfiend of the Dross": 110, "Liliana of the Veil": 1697, "Shoot the Sheriff": 2578, "Cruelclaw's Heist_SB": 595, "Inti, Seneschal of the Sun": 1477, "The End": 2930, "Spell Stutter_SB": 2701, "Joust Through": 1546, "Jace, the Perfected Mind_SB": 1529, "Nissa, Ascended Animist": 1967, "Tranquil Frillback": 3079, "Caustic Bronco_SB": 439, "Stingerback Terror_SB": 2773, "Haywire Mite_SB": 1333, "Into the Flood Maw_SB": 1483, "Bitter Reunion": 221, "Jace Reawakened": 1525, "Tarnation Vista": 2878, "Dreamdew Entrancer_SB": 799, "Jace Reawakened_SB": 1526, "Unsummon_SB": 3185, "Ancient Cornucopia": 69, "Archangel of Wrath": 106, "Atraxa, Grand Unifier": 145, "Glass Casket": 1203, "Dreamdew Entrancer": 798, "Skrelv, Defector Mite": 2616, "Mazemind Tome_SB": 1817, "Barbed Batterfist": 183, "Cruelclaw's Heist": 594, "Outrageous Robbery": 2052, "The Wandering Rescuer": 2972, "Yotian Frontliner": 3419, "Bruse Tarl, Roving Rancher": 359, "Chimil, the Inner Sun_SB": 480, "Bloodthirsty Conqueror": 257, "Requisition Raid_SB": 2333, "Breach the Multiverse_SB": 327, "Liliana, Dreadhorde General_SB": 1700, "Render Inert_SB": 2325, "Aegis Turtle_SB": 23, "Burst Lightning_SB": 378, "Volcanic Spite_SB": 3305, "Ephara's Dispersal_SB": 896, "Mountain_SB": 1914, "Stab": 2737, "Stab_SB": 2738, "Change the Equation": 466, "Get Out": 1156, "Think Twice": 2976, "Micromancer_SB": 1841, "Sphinx of Forgotten Lore_SB": 2707, "Artist's Talent": 127, "Crash Through": 585, "Pawpatch Formation": 2093, "Urabrask": 3194, "Wrenn's Resolve": 3407, "Coruscation Mage_SB": 575, "Torpor Orb_SB": 3071, "Kaya, Intangible Slayer_SB": 1572, "Aven Interrupter": 154, "Werefox Bodyguard": 3360, "Dewdrop Cure_SB": 717, "Regal Bunnicorn_SB": 2310, "Disfigure": 728, "Leyline Axe": 1673, "Faebloom Trick_SB": 959, "Archangel of Wrath_SB": 107, "Secluded Courtyard": 2521, "Not on My Watch_SB": 1986, "Withering Torment": 3392, "Kaito, Cunning Infiltrator": 1554, "Flashfreeze_SB": 1061, "Deadly Cover-Up_SB": 649, "Unholy Annex // Ritual Chamber": 3162, "Case of the Stashed Skeleton": 424, "Unstoppable Slasher_SB": 3183, "Unholy Annex // Ritual Chamber_SB": 3163, "Archangel Elspeth_SB": 103, "Day of Judgment_SB": 641, "Dollmaker's Shop // Porcelain Gallery_SB": 755, "Unstoppable Slasher": 3182, "Valgavoth's Lair": 3218, "Akawalli, the Seething Tower": 47, "Absolving Lammasu_SB": 7, "Joust Through_SB": 1547, "Azure Beastbinder_SB": 167, "Opt": 2026, "Fblthp, Lost on the Range": 983, "Outcaster Trailblazer": 2048, "Pond Prophet": 2166, "Splash Portal": 2721, "Temple of Mystery": 2900, "Timely Interference": 3036, "Unable to Scream": 3137, "Vesuvan Duplimancy": 3263, "Weakstone's Subjugation": 3352, "An Offer You Can't Refuse_SB": 63, "Fblthp, Lost on the Range_SB": 984, "Proft's Eidetic Memory_SB": 2187, "Weakstone's Subjugation_SB": 3353, "Koth, Fire of Resistance_SB": 1625, "Fiery Annihilation_SB": 1035, "Phyrexian Obliterator_SB": 2129, "Stoic Sphinx_SB": 2780, "Caves of Koilos": 447, "Kaya, Spirits' Justice": 1573, "Concealed Courtyard": 537, "Restless Fortress": 2346, "Elenda, Saint of Dusk_SB": 849, "Season of the Burrow": 2516, "Ertai Resurrected_SB": 903, "Shock_SB": 2575, "Wrenn's Resolve_SB": 3408, "Fade from History_SB": 955, "Change the Equation_SB": 467, "Flowerfoot Swordmaster": 1077, "Boon-Bringer Valkyrie": 290, "Sunfall_SB": 2819, "Temple of Epiphany": 2897, "Imodane's Recruiter_SB": 1444, "Invasion of Karsus_SB": 1500, "Mirror Room && Fractured Realm_SB": 1858, "Sword of Once and Future_SB": 2854, "Sword of Wealth and Power_SB": 2856, "This Town Ain't Big Enough_SB": 2982, "Wildfire Howl_SB": 3371, "Zurgo and Ojutai_SB": 3442, "Authority of the Consuls": 151, "No More Lies_SB": 1973, "Werefox Bodyguard_SB": 3361, "Tyrranax Rex_SB": 3127, "The Swarmweaver_SB": 2970, "Invasion of Tarkir": 1504, "Bitter Reunion_SB": 222, "Hidetsugu's Second Rite_SB": 1391, "Song of Totentanz_SB": 2666, "Bottomless Pool && Locker Room": 301, "Fear of Isolation": 994, "Hopeless Nightmare": 1412, "Legions to Ashes": 1666, "Nurturing Pixie": 1992, "Overlord of the Balemurk": 2058, "Tithing Blade": 3051, "Bandit's Talent_SB": 177, "Tinybones Joins Up_SB": 3039, "Tithing Blade_SB": 3052, "Mabel, Heir to Cragflame_SB": 1759, "Kaito, Cunning Infiltrator_SB": 1555, "Faerie Fencing": 961, "Halo Forager_SB": 1304, "Faerie Mastermind_SB": 964, "Lyra Dawnbringer_SB": 1755, "Regal Caracal_SB": 2312, "Tinybones Joins Up": 3038, "Ethereal Armor_SB": 921, "Roxanne, Starfall Savant_SB": 2411, "Clay-Fired Bricks": 504, "Ballyrush Banneret": 171, "Fortified Beachhead": 1094, "Harbin, Vanguard Aviator": 1309, "Protect the Negotiators": 2194, "Recruitment Officer": 2296, "Skystrike Officer": 2634, "Three Tree City": 3012, "Valiant Veteran": 3223, "Zephyr Sentinel": 3424, "Kutzil's Flanker_SB": 1637, "Myrel, Shield of Argive_SB": 1929, "Raise the Past_SB": 2242, "Siege Veteran_SB": 2590, "Steel Seraph_SB": 2766, "Cacophony Scamp": 383, "Leyline of Resonance": 1676, "Might of the Meek": 1843, "Overprotect": 2068, "Soulstone Sanctuary_SB": 2686, "Kitesail Larcenist": 1602, "Zoetic Glyph_SB": 3432, "Essence Scatter": 912, "Essence Scatter_SB": 913, "Caustic Bronco": 438, "Not on My Watch": 1985, "Season of the Burrow_SB": 2517, "The Eternal Wanderer_SB": 2934, "Chimil, the Inner Sun": 479, "Ezrim, Agency Chief": 949, "Karn, Living Legacy": 1566, "Metropolis Reformer": 1838, "Urza's Sylex_SB": 3212, "Warleader's Call_SB": 3342, "Wrenn and Realmbreaker_SB": 3405, "Altanak, the Thrice-Called": 55, "Break Out": 331, "Hard-Hitting Question": 1314, "Keen-Eyed Curator": 1577, "Omnivorous Flytrap": 2023, "Patchwork Beastie": 2092, "Rubblebelt Maverick": 2414, "Say Its Name": 2466, "Violent Urge": 3276, "Wildfire Wickerfolk": 3372, "Wrenn and Realmbreaker": 3404, "Spiteful Hexmage": 2719, "Pest Control_SB": 2110, "Overlord of the Mistmoors_SB": 2067, "Tinybones, the Pickpocket": 3042, "Blue Sun's Twilight_SB": 272, "Caretaker's Talent_SB": 410, "Abhorrent Oculus": 2, "Chart a Course": 475, "Founding the Third Path": 1097, "Haughty Djinn": 1325, "Helping Hand": 1361, "Moment of Truth": 1888, "Monastery Mentor": 1892, "Recommission": 2294, "Disturbing Mirth": 744, "Final Vengeance": 1042, "Greedy Freebooter": 1267, "Scavenger's Talent": 2479, "Souls of the Lost": 2683, "Stalactite Stalker": 2742, "Case of the Stashed Skeleton_SB": 425, "Rottenmouth Viper_SB": 2409, "Cryptic Coat": 601, "Decadent Dragon": 660, "Krenko's Buzzcrusher_SB": 1630, "Kiora, the Rising Tide": 1598, "Negate": 1944, "Take Up the Shield_SB": 2870, "Skrelv's Hive_SB": 2615, "Sorcerous Spyglass_SB": 2671, "Break the Spell_SB": 334, "Get Out_SB": 1157, "Migloz, Maze Crusher_SB": 1846, "Aetherize_SB": 28, "Rite of the Moth": 2377, "Valgavoth, Terror Eater": 3221, "Venerated Rotpriest": 3252, "Branchblight Stalker": 318, "Ichorspit Basilisk": 1438, "Maze's Mantle": 1815, "Viral Spawning": 3278, "Plague Nurse": 2148, "Venomous Brutalizer": 3260, "Tyrranax Atrocity": 3125, "Goliath Hatchery": 1243, "Paladin of Predation": 2085, "Tyrranax Rex": 3126, "Serum Snare": 2540, "Tainted Observer": 2868, "Experimental Augury": 934, "Thrummingbird": 3020, "Mesmerizing Dose": 1832, "Reject Imperfection": 2316, "Gitaxian Anatomist": 1189, "Vivisurgeon's Insight": 3294, "Basilisk Collar": 190, "Lakeside Shack": 1643, "Lush Oasis": 1752, "Restless Vinestalk": 2356, "Simic Guildgate": 2602, "Tangled Islet": 2877, "Thornwood Falls": 2989, "Meat Locker // Drowned Diner": 1818, "Witch's Mark": 3388, "Roaring Furnace // Steaming Sauna": 2390, "Kitsa, Otterball Elite": 1605, "Fanatical Firebrand": 972, "Fugitive Codebreaker": 1117, "Rundvelt Hordemaster": 2422, "Searslicer Goblin": 2508, "Breeches, Eager Pillager": 335, "Squee, Dubious Monarch": 2734, "Enduring Courage": 874, "Krenko, Mob Boss": 1632, "Leyline of the Void_SB": 1682, "Giada, Font of Hope": 1173, "Archangel of Tithes": 104, "Resplendent Angel": 2336, "Lyra Dawnbringer": 1754, "Sigarda, Font of Blessings": 2592, "Angelic Intervention": 74, "Exemplar of Light": 927, "Loran's Escape": 1731, "Youthful Valkyrie": 3420, "Herald of Eternal Dawn_SB": 1364, "Vraska, Betrayal's Sting": 3323, "Hollow Marauder": 1403, "Huskburster Swarm": 1432, "Gnawing Vermin": 1223, "Blanchwood Prowler": 229, "Urborg Lhurgoyf": 3198, "Hidden Grotto": 1382, "Feed the Cycle": 1008, "Season of Loss": 2512, "Overwhelming Remorse": 2072, "Braids, Arisen Nightmare": 311, "Rottenmouth Viper": 2408, "Blood Spatter Analysis": 247, "Tatyova, Steward of Tides": 2882, "Awaken the Woods": 159, "Titania's Command": 3047, "Joint Exploration": 1544, "Kellan, Inquisitive Prodigy": 1584, "Rampaging Baloths": 2255, "Invasion of Zendikar": 1508, "Blast Zone": 232, "Portal to Phyrexia": 2170, "Omenpath Journey": 2021, "Clifftop Lookout": 506, "Heaped Harvest": 1341, "Bonny Pall, Clearcutter": 284, "Poison Dart Frog": 2158, "Mossborn Hydra": 1909, "Doubling Season": 763, "Vren, the Relentless_SB": 3327, "Brotherhood's End_SB": 358, "Long Goodbye": 1720, "Liliana, Dreadhorde General": 1699, "The Eternal Wanderer": 2933, "Teferi, Temporal Pilgrim": 2889, "Rona's Vortex_SB": 2402, "White Sun's Twilight_SB": 3367, "Demonic Pact": 693, "The Witch's Vanity": 2974, "Harmless Offering": 1318, "Greed's Gambit": 1266, "Bitter Triumph": 223, "Smuggler's Surprise": 2654, "Vaultborn Tyrant": 3246, "Zombify": 3433, "Silverback Elder_SB": 2599, "Glissa Sunslayer_SB": 1216, "Builder's Talent": 363, "Beseech the Mirror": 207, "Brotherhood's End": 357, "Final Vengeance_SB": 1043, "Roaring Furnace // Steaming Sauna_SB": 2391, "Under the Skin": 3145, "Seraphic Steed": 2537, "Hulking Raptor": 1426, "Spinewoods Armadillo": 2712, "Vorinclex": 3315, "Cavern of Souls_SB": 445, "Fountainport_SB": 1102, "Goldvein Hydra_SB": 1240, "Feed the Swarm_SB": 1011, "Meticulous Excavation_SB": 1837, "Sporogenic Infection_SB": 2728, "Zoraline, Cosmos Caller": 3435, "Cheeky House-Mouse": 477, "Rabid Gnaw": 2225, "Raging Battle Mouse": 2239, "Valley Questcaller": 3229, "Loran's Escape_SB": 1732, "Ossification": 2040, "Ossification_SB": 2041, "Phyrexian Fleshgorger": 2124, "Ill-Timed Explosion_SB": 1441, "Zoraline, Cosmos Caller_SB": 3436, "Enduring Innocence_SB": 879, "The Witch's Vanity_SB": 2975, "Abrade": 4, "Untimely Malfunction_SB": 3187, "Arcane Proxy": 100, "Teferi, Temporal Pilgrim_SB": 2890, "Lay Down Arms_SB": 1655, "Cenote Scout": 451, "Deeproot Pilgrimage": 669, "Deeproot Wayfinder": 670, "Mistway Spy": 1872, "Vodalian Hexcatcher": 3296, "Grand Abolisher_SB": 1253, "Valley Floodcaller_SB": 3227, "Betrayer's Bargain": 211, "Corrupted Conviction": 571, "Furnace Reins": 1127, "Undead Sprinter_SB": 3144, "Spinner of Souls": 2715, "Serra Paragon": 2538, "Murky Sewer": 1924, "Neglected Manor": 1946, "Phantom Interference_SB": 2114, "Seeker's Folly_SB": 2526, "Wildborn Preserver": 3370, "Realmbreaker, the Invasion Tree": 2282, "Cease // Desist_SB": 449, "Metropolis Reformer_SB": 1839, "Audacity": 147, "Might of the Meek_SB": 1844, "Blossoming Tortoise": 267, "Atraxa, Grand Unifier_SB": 146, "Green Sun's Twilight": 1268, "Solemn Simulacrum": 2662, "Massacre Wurm": 1810, "Ghalta, Stampede Tyrant": 1164, "Vein Ripper": 3249, "Etali, Primal Conqueror": 915, "Push // Pull": 2204, "Conduit Pylons": 538, "Live or Die": 1707, "Valgavoth's Faithful": 3216, "Koma, World-Eater": 1620, "Etali, Primal Conqueror_SB": 916, "Maha, Its Feathers Night_SB": 1775, "Helpful Hunter": 1360, "Legions to Ashes_SB": 1667, "Phyrexian Fleshgorger_SB": 2125, "Broodspinner": 355, "Insidious Roots": 1471, "Tyvar, Jubilant Brawler": 3131, "Snarling Gorehound": 2659, "Agatha's Soul Cauldron": 32, "Voldaren Thrillseeker": 3307, "Haywire Mite": 1332, "Bitter Triumph_SB": 224, "Surge of Salvation": 2832, "Drake Hatcher": 789, "Seal from Existence": 2504, "White Sun's Twilight": 3366, "Fell": 1019, "Battlefly Swarm": 197, "Bilious Skulldweller": 215, "Doppelgang": 761, "Invasion of Arcavios": 1491, "Thran Portal": 3001, "Viashino Pyromancer_SB": 3271, "Lord Skitter, Sewer King_SB": 1735, "Mindsplice Apparatus": 1849, "Silver Scrutiny": 2597, "Breach the Multiverse": 326, "Bonehoard Dracosaur": 282, "Molten Collapse": 1880, "Sleep-Cursed Faerie": 2640, "Ego Drain": 838, "Invasion of Amonkhet_SB": 1490, "Forsaken Miner": 1093, "Gisa, the Hellraiser": 1187, "Iridescent Vinelasher": 1512, "Laughing Jasper Flint": 1649, "Thought-Stalker Warlock": 2992, "Immersturm Predator": 1442, "Thornvault Forager": 2988, "Osteomancer Adept": 2042, "Curious Forager": 614, "The Mycotyrant": 2954, "Mudflat Village": 1917, "Insidious Fungus_SB": 1470, "Titania, Voice of Gaea_SB": 3050, "Huskburster Swarm_SB": 1433, "Regal Caracal": 2311, "Thalia and The Gitrog Monster": 2920, "Surgical Suite && Hospital Room_SB": 2836, "Calamity, Galloping Inferno": 390, "Archdruid's Charm": 108, "Assassin's Trophy": 135, "Obstinate Baloth_SB": 2005, "Dragon Fodder": 775, "Goblin Surprise": 1234, "Sunspine Lynx": 2826, "Fear of Impostors_SB": 991, "Dollmaker's Shop // Porcelain Gallery": 754, "High Noon_SB": 1393, "Pyroclasm": 2208, "Reclamation Sage_SB": 2293, "Karn's Sylex_SB": 1565, "Charming Scoundrel": 473, "Painter's Studio // Defaced Gallery": 2083, "Drannith Ruins": 795, "Defiled Crypt // Cadaver Lab": 680, "Defiled Crypt // Cadaver Lab_SB": 681, "Spellgyre": 2703, "Twisted Fealty": 3117, "Pia Nalaar, Consul of Revival": 2132, "Case of the Crimson Pulse": 415, "Invasion of Kaldheim": 1499, "Doomsday Excruciator_SB": 759, "Heartflame Duelist": 1345, "Norn's Inquisitor": 1981, "Crystal Grotto": 607, "Sunder the Gateway_SB": 2817, "Cult Conscript": 608, "Heraldic Banner": 1365, "Gatekeeper of Malakir": 1145, "Scorn-Blade Berserker": 2487, "Heraldic Banner_SB": 1366, "Misery's Shadow": 1862, "Hostile Investigator": 1419, "Decadent Dragon_SB": 661, "Overlord of the Floodpits_SB": 2063, "Ill-Timed Explosion": 1440, "Thundering Falls": 3026, "Ral, Crackling Wit": 2252, "Beastie Beatdown": 199, "Roxanne, Starfall Savant": 2410, "Annie Joins Up": 83, "Huatli, Poet of Unity": 1423, "Fynn, the Fangbearer": 1129, "Plaza of Heroes": 2154, "Dragonhawk, Fate's Tempest": 784, "Fortune, Loyal Steed": 1096, "Sword of Once and Future": 2853, "Slagstorm_SB": 2636, "Pest Control": 2109, "Bloated Contaminator": 243, "Vraska Joins Up": 3320, "Infectious Bite": 1455, "Tyvar's Stand": 3129, "Necrogen Communion": 1942, "Darkstar Augur": 632, "Thirsting Roots_SB": 2980, "Vraska, Betrayal's Sting_SB": 3324, "Swiftfoot Boots_SB": 2848, "Getaway Glamer_SB": 1159, "Shoot the Sheriff_SB": 2579, "Arahbo, the First Fang": 96, "Corpses of the Lost": 566, "Viashino Pyromancer": 3270, "Gev, Scaled Scorch": 1160, "Thought-Stalker Warlock_SB": 2993, "Jaya, Fiery Negotiator": 1532, "Agatha's Soul Cauldron_SB": 33, "The Cruelty of Gix_SB": 2926, "Mockingbird_SB": 1876, "The Stone Brain": 2966, "Bandit's Talent": 176, "Defabricate_SB": 672, "Fear of Impostors": 990, "Twist Reality_SB": 3116, "Goldvein Hydra": 1239, "Pugnacious Hammerskull": 2199, "Enduring Tenacity": 880, "Bloodletter of Aclazotz": 253, "Bottomless Pool // Locker Room": 303, "Nashi, Searcher in the Dark_SB": 1939, "Boltwave": 276, "Temple of Triumph": 2903, "Heartflame Duelist_SB": 1346, "Rona, Herald of Invasion": 2403, "Honest Rutstein": 1408, "Jodah, the Unifier": 1540, "Myrel, Shield of Argive": 1928, "Hajar, Loyal Bodyguard": 1297, "Ruby, Daring Tracker": 2415, "Halana and Alena, Partners": 1299, "Inga and Esika": 1461, "Gwenna, Eyes of Gaea": 1296, "Jirina, Dauntless General": 1538, "Elas il-Kor, Sadistic Pilgrim": 842, "Melira, the Living Cure": 1824, "Relic of Legends": 2318, "Hajar, Loyal Bodyguard_SB": 1298, "Elesh Norn_SB": 853, "Surrak and Goreclaw_SB": 2840, "Armored Armadillo": 122, "Toadstool Admirer": 3053, "Guardian of New Benalia": 1289, "Unflinching Courage": 3158, "Curate": 612, "Ephara's Dispersal": 895, "Fires of Victory": 1050, "Capricious Hellraiser": 403, "Chandra, Hope's Beacon": 460, "Horned Loch-Whale": 1414, "Brass's Tunnel-Grinder": 320, "Season of Weaving": 2514, "Chandra, Flameshaper": 458, "Virtue of Knowledge_SB": 3283, "Aegis Turtle": 22, "Enter the Enigma": 891, "Venerated Rotpriest_SB": 3253, "Ivy, Gleeful Spellthief_SB": 1520, "Silent Hallcreeper_SB": 2595, "Dive Down_SB": 747, "Lightning Strike_SB": 1693, "Rite of the Dragoncaller": 2375, "Grabby Giant": 1249, "Horned Loch-Whale_SB": 1415, "Feldon's Cane_SB": 1013, "The Swarmweaver": 2969, "Archangel of Tithes_SB": 105, "Island_SB": 1516, "Dissection Tools": 737, "Rebel Salvo_SB": 2286, "Roaring Furnace && Steaming Sauna_SB": 2389, "Entity Tracker_SB": 894, "Basilisk Collar_SB": 191, "Drag to the Roots": 773, "Glarb, Calamity's Augur": 1201, "Insidious Fungus": 1469, "Muldrotha, the Gravetide": 1919, "Sire of Seven Deaths": 2608, "Scrapshooter_SB": 2490, "Urgent Necropsy_SB": 3207, "Proft's Eidetic Memory": 2186, "Aether Channeler": 24, "Spring-Loaded Sawblades": 2730, "Assimilation Aegis_SB": 139, "Shore Up_SB": 2581, "Final Showdown": 1040, "Defiled Crypt && Cadaver Lab": 678, "Abuelo's Awakening": 8, "Confounding Riddle": 541, "Fallaji Archaeologist": 969, "Omniscience": 2022, "Kitsa, Otterball Elite_SB": 1606, "Rona, Herald of Invasion_SB": 2404, "Season of Weaving_SB": 2515, "Unnerving Grasp_SB": 3174, "Overlord of the Balemurk_SB": 2059, "Thundertrap Trainer_SB": 3031, "Exuberant Fuseling": 948, "Turn Inside Out_SB": 3108, "Smuggler's Surprise_SB": 2655, "Muerra, Trash Tactician": 1918, "The Irencrag": 2942, "Ivy, Gleeful Spellthief": 1519, "Invasion of Theros": 1506, "Abyssal Harvester": 10, "Adaptive Automaton": 18, "Grievous Wound": 1275, "Rush of Dread": 2427, "Three Tree Mascot": 3013, "Calix, Guided by Fate": 392, "Fear of Surveillance": 999, "Ruin-Lurker Bat": 2417, "Invasion of Tolvada": 1507, "High Noon": 1392, "Prophetic Prism": 2193, "Wishclaw Talisman_SB": 3386, "Coveted Falcon_SB": 583, "Undead Sprinter": 3143, "Caught in the Crossfire_SB": 436, "Oko, the Ringleader_SB": 2015, "Distorted Curiosity": 739, "Whisper of the Dross": 3364, "Bring the Ending": 343, "Drown in Ichor": 805, "Prologue to Phyresis": 2191, "Vraska's Fall_SB": 3322, "Twitching Doll": 3120, "Vinereap Mentor": 3274, "Cankerbloom": 401, "Zul Ashur, Lich Lord": 3438, "Garruk's Uprising": 1137, "Defiler of Flesh": 683, "Vampire Nighthawk_SB": 3239, "Kraul Whipcracker_SB": 1627, "Vinereap Mentor_SB": 3275, "Palani's Hatcher": 2086, "Temple of Malady": 2898, "Temple of Abandon": 2894, "Hunter's Talent_SB": 1428, "Mechanized Warfare": 1821, "Furnace Reins_SB": 1128, "Case of the Gateway Express_SB": 419, "Painter's Studio // Defaced Gallery_SB": 2084, "Tender Wildguide": 2908, "Finneas, Ace Archer": 1046, "Elenda, Saint of Dusk": 848, "Kambal, Profiteering Mayor": 1559, "Skrelv's Hive": 2614, "Kambal, Profiteering Mayor_SB": 1560, "Kaya, Spirits' Justice_SB": 1574, "Blasphemous Edict": 230, "Kona, Rescue Beastie": 1622, "Glimpse the Core": 1213, "Cultivator's Caravan": 609, "Scene of the Crime": 2482, "Cankerbloom_SB": 402, "Dust Animus_SB": 818, "Felonious Rage": 1021, "Quick Draw_SB": 2219, "No One Left Behind": 1974, "Wail of the Forgotten": 3328, "Starscape Cleric": 2751, "Refute": 2307, "Aetherize": 27, "Citanul Stalwart": 491, "Rune-Scarred Demon": 2424, "Time Stop": 3033, "Massacre Wurm_SB": 1811, "River's Rebuke_SB": 2380, "Wear Down_SB": 3355, "Nashi, Searcher in the Dark": 1938, "Defiled Crypt && Cadaver Lab_SB": 679, "Marchesa, Dealer of Death": 1796, "Annie Flash, the Veteran_SB": 82, "Jirina, Dauntless General_SB": 1539, "Sun-Blessed Healer_SB": 2813, "Demolition Field_SB": 689, "Long River's Pull": 1722, "Abraded Bluffs": 6, "Blooming Blast": 261, "Manifold Mouse_SB": 1790, "Swooping Lookout": 2850, "Parting Gust_SB": 2090, "Combat Research": 531, "Recruitment Officer_SB": 2297, "Candy Trail": 400, "Collector's Vault": 522, "Conspiracy Unraveler": 547, "Matzalantli, the Great Door": 1812, "Reenact the Crime": 2305, "The Cruelty of Gix": 2925, "Long River's Pull_SB": 1723, "Demonic Ruckus_SB": 696, "Impact Tremors_SB": 1446, "Pick Your Poison": 2133, "The Elder Dragon War": 2928, "Don't Make a Sound": 756, "Crumb and Get It": 596, "Broodspinner_SB": 356, "Feed the Cycle_SB": 1009, "The Seedcore": 2959, "Annex Sentry": 80, "Slaughter Singer": 2637, "Jawbone Duelist": 1531, "Getaway Glamer": 1158, "Crawling Chorus": 589, "Fleeting Flight_SB": 1064, "Divine Resilience_SB": 751, "Trash the Town_SB": 3086, "Bulk Up": 365, "Pugnacious Hammerskull_SB": 2200, "Rankle's Prank": 2261, "Felidar Retreat": 1017, "Giant Growth": 1177, "Hinterland Sanctifier": 1396, "Ajani's Pridemate": 39, "Lifecreed Duo": 1686, "Disenchant_SB": 727, "Unwanted Remake_SB": 3189, "Squirming Emergence": 2736, "Sawblade Skinripper": 2464, "Alesha, Who Laughs at Fate": 50, "Anim Pakal, Thousandth Moon_SB": 77, "Exorcise": 929, "Wilt-Leaf Liege_SB": 3376, "Cosmic Rebirth": 576, "Skrelv, Defector Mite_SB": 2617, "Kaya, Intangible Slayer": 1571, "Ashiok, Wicked Manipulator": 130, "Blasphemous Edict_SB": 231, "Loran of the Third Path": 1729, "Phyrexian Obliterator": 2128, "Tail Swipe": 2865, "Betrayer's Bargain_SB": 212, "Insatiable Avarice": 1467, "Lumra, Bellow of the Woods": 1747, "Terror Tide": 2912, "At Knifepoint_SB": 143, "Monstrous Rage_SB": 1902, "Tolsimir, Midnight's Light": 3061, "Perforating Artist": 2104, "Temple of Silence": 2902, "Kellan's Lightblades_SB": 1582, "Sheoldred_SB": 2563, "Essence Channeler": 910, "Amalia Benavides Aguirre": 56, "Lunar Convocation": 1748, "Case of the Uneaten Feast": 426, "Raise the Past": 2241, "Scoured Barrens": 2488, "Restless Reef_SB": 2349, "Phyrexian Vindicator": 2130, "Bottomless Pool // Locker Room_SB": 304, "The Princess Takes Flight_SB": 2956, "Agrus Kos, Spirit of Justice": 37, "Terror Tide_SB": 2913, "Virtue of Loyalty_SB": 3285, "Grand Entryway // Elegant Rotunda": 1255, "Mischievous Mystic": 1861, "Hauntwoods Shrieker": 1331, "Valgavoth's Onslaught": 3219, "Balustrade Wurm_SB": 174, "Soul Search_SB": 2675, "Vengeful Possession_SB": 3258, "Filter Out_SB": 1038, "Lord Skitter, Sewer King": 1734, "Lost Jitte": 1736, "Darkstar Augur_SB": 633, "Dreadmaw's Ire": 796, "Invasion of Gobakhan": 1495, "Felonious Rage_SB": 1022, "Obstinate Baloth": 2004, "The Infamous Cruelclaw": 2941, "Coiling Rebirth": 514, "Hunter's Talent": 1427, "Hostile Investigator_SB": 1420, "Thundering Falls_SB": 3027, "Evangel of Synthesis": 923, "Urborg Scavengers": 3201, "Zetalpa, Primal Dawn": 3427, "Lively Dirge": 1708, "Sphinx of the Final Word_SB": 2708, "Temple of Malice": 2899, "Homicide Investigator_SB": 1407, "Bramble Familiar": 314, "Cityscape Leveler": 492, "Kaito, Dancing Shadow_SB": 1557, "One with the Multiverse": 2025, "Walk with the Ancestors": 3329, "Strangled Cemetery": 2797, "Assassin's Trophy_SB": 136, "Meathook Massacre II_SB": 1820, "Phyrexian Arena_SB": 2120, "Anim Pakal, Thousandth Moon": 76, "Black Sun's Twilight": 225, "Gingerbrute": 1185, "Surge Engine": 2830, "Repulsive Mutation": 2329, "Monstrous Emergence": 1899, "Repulsive Mutation_SB": 2330, "Sylvan Scavenging_SB": 2859, "Magebane Lizard_SB": 1767, "Felidar Retreat_SB": 1018, "Razorkin Needlehead_SB": 2274, "Guardian of Ghirapur": 1288, "Ruthless Lawbringer": 2431, "Etched Cornfield": 918, "Errant and Giada": 900, "Malcolm, Alluring Scoundrel": 1781, "Plumecreed Escort_SB": 2156, "Wilt-Leaf Liege": 3375, "Axebane Ferox_SB": 161, "Gumdrop Poisoner_SB": 1295, "Titania, Voice of Gaea": 3049, "Argoth, Sanctum of Nature": 119, "Loot, Exuberant Explorer": 1725, "Polukranos Reborn_SB": 2165, "Ghost Vacuum": 1169, "Bloodletter of Aclazotz_SB": 254, "Kitesail Larcenist_SB": 1603, "Fireglass Mentor": 1049, "Magebane Lizard": 1766, "Ravine Raider": 2271, "Scales of Shale": 2472, "Valley Flamecaller": 3224, "Valley Rotcaller": 3230, "Temple of Deceit": 2895, "Kaito, Dancing Shadow": 1556, "Final Flourish_SB": 1039, "Time Stop_SB": 3034, "Drag the Canal_SB": 771, "Unnatural Restoration_SB": 3172, "Infectious Inquiry_SB": 1458, "Urborg Scavengers_SB": 3202, "Rogue's Passage": 2396, "Vampire Nighthawk": 3238, "Phyrexian Arena": 2119, "Render Inert": 2324, "Founding the Third Path_SB": 1098, "Satoru, the Infiltrator": 2460, "Archfiend of the Dross_SB": 111, "Charge of the Mites": 470, "Expel the Interlopers": 932, "Annex Sentry_SB": 81, "Vraska, the Silencer": 3325, "Binding Negotiation": 216, "Vadmir, New Blood": 3214, "Kaervek, the Punisher": 1551, "Festering Gulch": 1026, "Arid Archway": 120, "Ball Lightning": 170, "Overlord of the Boilerbilges_SB": 2061, "Wishclaw Talisman": 3385, "Buried in the Garden": 370, "Bristly Bill, Spine Sower": 349, "Tyvar, the Pummeler": 3132, "Polukranos Reborn": 2164, "Bite Down": 219, "Bite Down_SB": 220, "Gaea's Gift": 1131, "Trash the Town": 3085, "Molten Collapse_SB": 1881, "Not Dead After All": 1983, "Legion Extruder": 1663, "Thousand Moons Smithy_SB": 2997, "Niv-Mizzet, Supreme": 1970, "Blazing Crescendo_SB": 236, "Terror of the Peaks": 2914, "Boros Charm_SB": 294, "Simulacrum Synthesizer": 2603, "Thran Spider": 3002, "Fabrication Foundry": 954, "The Mightstone and Weakstone": 2949, "Unstable Glyphbridge": 3179, "Braided Net": 309, "Assimilation Aegis": 138, "Urza, Lord Protector": 3213, "Fomori Vault": 1081, "Argentum Masticore_SB": 118, "Choking Miasma": 482, "Blightbelly Rat": 240, "Vraska's Fall": 3321, "Infectious Inquiry": 1457, "Unnatural Restoration": 3171, "Whisper of the Dross_SB": 3365, "Overprotect_SB": 2069, "Carnivorous Canopy_SB": 411, "Pillage the Bog_SB": 2143, "Shore Up": 2580, "Scrawling Crawler": 2492, "Dawn's Truce": 636, "Dawn's Truce_SB": 637, "Final Showdown_SB": 1041, "Hollow Scavenger": 1405, "Night of the Sweets' Revenge": 1962, "Genesis Wave": 1150, "Archdruid's Charm_SB": 109, "Seized from Slumber_SB": 2531, "Rip, Spawn Hunter": 2369, "Bartolom\u00e9 del Presidio": 187, "Eaten Alive": 830, "Funeral Room // Awakening Hall": 1122, "Market Gnome": 1800, "Nezumi Linkbreaker": 1960, "Infestation Sage": 1459, "Outlaw Medic": 2049, "Vengeful Bloodwitch": 3255, "Cathar Commando_SB": 434, "Intrepid Paleontologist": 1486, "Ghalta, Primal Hunger": 1162, "Triumphant Chomp": 3097, "Ixalli's Lorekeeper": 1521, "Bolt Bend_SB": 275, "Persistent Marshstalker": 2108, "Karumonix, the Rat King": 1570, "Lilypad Village": 1701, "Argentum Masticore": 117, "Hedron Archive": 1351, "The Mycosynth Gardens": 2953, "Hall of Tagsin": 1302, "Tomakul Honor Guard": 3062, "Cathar Commando": 433, "Knight of Grace": 1610, "Vaultborn Tyrant_SB": 3247, "Feldon's Cane": 1012, "Treasure Map": 3089, "Neutralize the Guards": 1954, "Ayli, Eternal Pilgrim": 163, "The Enigma Jewel": 2932, "Shipwreck Dowser": 2567, "Starfall Invocation": 2748, "Disturbing Conversion": 742, "Eerie Interference_SB": 837, "Builder's Talent_SB": 364, "Abuelo's Awakening_SB": 9, "Highway Robbery_SB": 1395, "Dreadmaw's Ire_SB": 797, "Smash to Dust_SB": 2650, "Razorkin Needlehead": 2273, "Chainsaw": 456, "Captain Storm, Cosmium Raider": 406, "Corsair Captain": 573, "Gleaming Geardrake": 1209, "Malcolm, the Eyes": 1783, "Staunch Crewmate": 2759, "Witness Protection_SB": 3395, "Lost Jitte_SB": 1737, "Untimely Malfunction": 3186, "Banishing Light_SB": 179, "Imprisoned in the Moon_SB": 1449, "Inquisitive Glimmer_SB": 1466, "Refute_SB": 2308, "Hugs, Grisly Guardian": 1424, "Kogla and Yidaro": 1615, "Insatiable Avarice_SB": 1468, "Enduring Tenacity_SB": 881, "Rush of Dread_SB": 2428, "Witness Protection": 3394, "Oblivious Bookworm": 2002, "Growing Dread": 1281, "Bubble Smuggler": 362, "Manifest Dread": 1788, "Cryptid Inspector": 604, "Exit Specialist": 928, "Cursed Windbreaker": 617, "Break Down the Door": 330, "Surrak and Goreclaw": 2839, "Gaea's Gift_SB": 1132, "Hard-Hitting Question_SB": 1315, "Banner of Kinship": 180, "Burrowguard Mentor": 376, "Hazardroot Herbalist": 1334, "Hop to It": 1409, "Lupinflower Village": 1751, "Rabbit Response": 2223, "Treeguard Duo": 3090, "Uncharted Haven": 3141, "Warren Elder": 3343, "Head of the Homestead": 1338, "Head of the Homestead_SB": 1339, "Solphim, Mayhem Dominus": 2664, "Grab the Prize_SB": 1248, "Stroke of Midnight_SB": 2803, "Temple of Enlightenment": 2896, "Delney, Streetwise Lookout": 685, "Hare Apparent": 1317, "No Witnesses": 1976, "Stroke of Midnight": 2802, "Impact Tremors": 1445, "Gix, Yawgmoth Praetor_SB": 1195, "Greta, Sweettooth Scourge": 1274, "Sweettooth Witch": 2845, "Experimental Confectioner": 935, "Mintstrosity": 1853, "Scream Puff": 2494, "Gingerbread Hunter": 1184, "Back for Seconds": 168, "Welcome to Sweettooth": 3359, "Spider Food": 2709, "Feed the Cauldron": 1007, "Return from the Wilds": 2361, "Savor": 2463, "Three Bowls of Porridge": 3009, "Eriette's Tempting Apple": 898, "Not Dead After All_SB": 1984, "Sugar Rush_SB": 2809, "Candy Grapple_SB": 399, "Hero's Downfall_SB": 1375, "Fell_SB": 1020, "Murder_SB": 1922, "Crystal Barricade": 605, "Green Sun's Twilight_SB": 1269, "Koma, World-Eater_SB": 1621, "Sire of Seven Deaths_SB": 2609, "Unyielding Gatekeeper": 3190, "Ghalta and Mavren": 1161, "Progenitus": 2189, "Hide in Plain Sight": 1386, "Threats Around Every Corner": 3006, "Blossoming Sands": 266, "Evolving Wilds": 926, "Temple of Plenty": 2901, "Cheeky House-Mouse_SB": 478, "Bloodfeather Phoenix": 248, "Massacre Girl, Known Killer": 1808, "Rakdos, the Muscle": 2247, "Rakdos, the Muscle_SB": 2248, "Rakdos Joins Up_SB": 2245, "Massacre Girl, Known Killer_SB": 1809, "Dryad Militant": 808, "Trostani, Three Whispers": 3100, "Stormsplitter": 2795, "Deadly Brew": 646, "Ral's Reinforcements": 2251, "Corrupted Conviction_SB": 572, "Kogla and Yidaro_SB": 1616, "Deadly Brew_SB": 647, "Rat Out_SB": 2263, "Lich-Knights' Conquest": 1684, "Fugitive Codebreaker_SB": 1118, "Seize the Spoils": 2529, "Abandoned Campground": 1, "Kitnap_SB": 1604, "Oakhollow Village": 1996, "Pollen-Shield Hare": 2160, "Seasoned Warrenguard": 2519, "Valley Mightcaller": 3228, "Kutzil, Malamet Exemplar_SB": 1639, "Necrogen Rotpriest": 1943, "Contagious Vorrac": 550, "Armored Scrapgorger_SB": 125, "Forest_SB": 1089, "Invasion of Fiora_SB": 1494, "Lonely Arroyo": 1719, "The Millennium Calendar_SB": 2951, "Ruin-Lurker Bat_SB": 2418, "Leonin Vanguard_SB": 1670, "Veteran Survivor_SB": 3266, "Eaten by Piranhas_SB": 832, "Kiora, the Rising Tide_SB": 1599, "Surgical Suite && Hospital Room": 2835, "Invasion of Amonkhet": 1489, "Heroic Reinforcements_SB": 1378, "Quintorius Kand_SB": 2222, "Soul Search": 2674, "Roaming Throne_SB": 2386, "Tinybones, Bauble Burglar": 3040, "Micromancer": 1840, "Invasion of Ergamon": 1493, "Break Out_SB": 332, "Flamewake Phoenix_SB": 1058, "Beastie Beatdown_SB": 200, "Tinybones, the Pickpocket_SB": 3043, "Scrawling Crawler_SB": 2493, "Evolved Sleeper": 924, "Friendly Teddy": 1108, "Rankle's Prank_SB": 2262, "Consumed by Greed_SB": 548, "Razorlash Transmogrant_SB": 2276, "Flamecache Gecko": 1055, "Scales of Shale_SB": 2473, "Hearthborn Battler_SB": 1349, "Vengeful Possession": 3257, "Rabid Gnaw_SB": 2226, "Repair and Recharge": 2327, "Step Between Worlds_SB": 2767, "Moment of Craving_SB": 1886, "Vial Smasher, Gleeful Grenadier": 3268, "Magda, the Hoardmaster": 1765, "Hellspur Brute": 1356, "At Knifepoint": 142, "Rattleback Apothecary": 2266, "Hellspur Posse Boss": 1358, "Hellspur Brute_SB": 1357, "Cynical Loner_SB": 621, "Lively Dirge_SB": 1709, "Astor, Bearer of Blades": 140, "Bladehold War-Whip": 228, "Kellan, the Fae-Blooded": 1588, "Kemba, Kha Enduring": 1589, "Rebel Salvo": 2285, "Lavaspur Boots": 1652, "Swiftfoot Boots": 2847, "Sword of Forge and Frontier": 2851, "Astor, Bearer of Blades_SB": 141, "Hidetsugu and Kairi": 1388, "Consuming Aberration": 549, "Cease // Desist": 448, "Knight of Dusk's Shadow": 1608, "Soul-Guide Lantern": 2677, "No One Left Behind_SB": 1975, "Season of Gathering_SB": 2511, "Dusk Legion Duelist": 814, "Stocking the Pantry": 2776, "Botanical Brawler": 299, "Tribute to the World Tree": 3094, "Railway Brawler": 2240, "Collector's Cage_SB": 521, "Throne of the Grim Captain": 3018, "Desperate Bloodseeker": 703, "Rampaging Spiketail": 2258, "Barkform Harvester": 184, "Fae Flight_SB": 957, "Phoenix Chick": 2117, "Squee, Dubious Monarch_SB": 2735, "Blooming Blast_SB": 262, "Generous Plunderer": 1149, "Ghired, Mirror of the Wilds": 1165, "Portent of Calamity": 2172, "Tocasia's Welcome": 3056, "Patchwork Banner": 2091, "Hop to It_SB": 1410, "Desecration Demon": 701, "Dragonmaster Outcast": 787, "Inspiring Overseer": 1473, "Dwynen, Gilt-Leaf Daen": 825, "Elvish Archdruid": 863, "Imperious Perfect": 1447, "Leaf-Crowned Visionary": 1659, "Dwynen's Elite": 824, "Cityscape Leveler_SB": 493, "Nahiri's Resolve_SB": 1934, "Scrapwork Mutt": 2491, "Syr Ginger, the Meal Ender": 2862, "Dowsing Device": 766, "Demand Answers": 687, "Saheeli, Filigree Master_SB": 2444, "Rakdos Guildgate": 2243, "Izzet Guildgate": 1524, "Selesnya Guildgate": 2532, "Orzhov Guildgate": 2037, "Gruul Guildgate": 1284, "Boros Guildgate": 296, "Azorius Guildgate": 165, "Dimir Guildgate": 720, "Golgari Guildgate": 1242, "Maze's End": 1814, "Circuitous Route": 490, "Expedition Map": 931, "Spelunking": 2705, "Tatyova, Benthic Druid": 2881, "Slagstorm": 2635, "Braids, Arisen Nightmare_SB": 312, "Obyra, Dreaming Duelist": 2006, "Knight of Dusk's Shadow_SB": 1609, "Union of the Third Path": 3166, "Volatile Fault": 3302, "Repel Calamity_SB": 2328, "An Offer You Can't Refuse": 62, "Malcolm, Alluring Scoundrel_SB": 1782, "The Monumental Facade": 2952, "Sardian Cliffstomper": 2456, "Magmatic Sprinter": 1771, "Churning Reservoir": 486, "Sardian Cliffstomper_SB": 2457, "Monastery Swiftspear_SB": 1896, "Magmatic Sprinter_SB": 1772, "Churning Reservoir_SB": 487, "Zoyowa's Justice": 3437, "Trial of Agony": 3092, "Ojer Axonil, Deepest Might": 2011, "Brazen Collector": 325, "Firebrand Archer": 1047, "Leyline of Resonance_SB": 1677, "Ancestors' Aid_SB": 68, "Slickshot Show-Off_SB": 2648, "Lathril, Blade of the Elves": 1647, "Tyvar the Bellicose": 3128, "Give In to Violence_SB": 1191, "Dust Animus": 817, "Tribute to the World Tree_SB": 3095, "Call a Surprise Witness": 393, "Giant Cindermaw_SB": 1176, "Samut, Vizier of Naktamun": 2449, "Primal Might": 2178, "Ego Drain_SB": 839, "Hulking Metamorph": 1425, "Rest in Peace": 2339, "Surge Engine_SB": 2831, "Fake Your Own Death": 968, "Volcanic Spite": 3304, "Grab the Prize": 1247, "Taii Wakeen, Perfect Shot": 2864, "Unruly Catapult": 3175, "Glassworks // Shattered Yard_SB": 1206, "Scrapshooter": 2489, "Sharp-Eyed Rookie": 2553, "Evolving Adaptive": 925, "Garruk's Uprising_SB": 1138, "Rakdos Joins Up": 2244, "Kroxa and Kunoros": 1633, "Hexgold Halberd": 1380, "Searslicer Goblin_SB": 2509, "Take for a Ride_SB": 2871, "Heroic Reinforcements": 1377, "Wojek Investigator": 3396, "Rustler Rampage": 2429, "Calamity's Wake_SB": 389, "Recommission_SB": 2295, "Steamcore Scholar": 2761, "The Wandering Rescuer_SB": 2973, "Sun-Blessed Healer": 2812, "Oracle of Tragedy": 2031, "Tarrian's Journal": 2879, "Felidar Cub": 1015, "Knight-Errant of Eos_SB": 1613, "Dusk Rose Reliquary_SB": 816, "Ruthless Lawbringer_SB": 2432, "Felidar Cub_SB": 1016, "Banishing Light": 178, "Worldwalker Helm": 3399, "Torch the Witness": 3067, "Detective's Satchel": 710, "Forensic Gadgeteer_SB": 1086, "Ice Out_SB": 1436, "Make Your Own Luck": 1777, "Ygra, Eater of All": 3416, "Ankle Biter": 79, "Axebane Ferox": 160, "Maha, Its Feathers Night": 1774, "Daggerfang Duo": 622, "Moonstone Harbinger": 1907, "Pestilent Syphoner": 2111, "Hoarding Recluse": 1402, "Deathbloom Gardener": 655, "Drown in Ichor_SB": 806, "Llanowar Elves_SB": 1712, "Bonehoard Dracosaur_SB": 283, "Norin, Swift Survivalist": 1979, "Trapped in the Screen": 3083, "Ragged Playmate": 2237, "Trapped in the Screen_SB": 3084, "Ragged Playmate_SB": 2238, "Norin, Swift Survivalist_SB": 1980, "Splitskin Doll_SB": 2726, "Fear of Surveillance_SB": 1000, "Grand Entryway // Elegant Rotunda_SB": 1256, "Wandertale Mentor": 3332, "Vodalian Mindsinger_SB": 3297, "Pile On": 2138, "Skyfisher Spider": 2626, "Skyfisher Spider_SB": 2627, "Unauthorized Exit": 3139, "Let's Play a Game_SB": 1672, "Chart a Course_SB": 476, "Peerless Recycling_SB": 2100, "Johann's Stopgap_SB": 1542, "Flow of Knowledge_SB": 1076, "Cruel Somnophage": 593, "Festerleech": 1027, "Writhing Necromass": 3409, "Fallaji Archaeologist_SB": 970, "Sporogenic Infection": 2727, "Surgical Suite // Hospital Room": 2837, "Worldsoul's Rage": 3398, "Inspiration from Beyond": 1472, "Bonny Pall, Clearcutter_SB": 285, "Razorlash Transmogrant": 2275, "Shrouded Shepherd": 2586, "Glimmerlight": 1212, "Wardens of the Cycle": 3338, "Warhost's Frenzy": 3340, "Great Train Heist": 1265, "Zurgo and Ojutai": 3441, "Think Twice_SB": 2977, "Dead Weight_SB": 645, "Colossal Rattlewurm": 526, "Freestrider Lookout": 1103, "Valgavoth, Terror Eater_SB": 3222, "The Tale of Tamiyo": 2971, "Contaminated Aquifer": 551, "The Dross Pits": 2927, "The Surgical Bay": 2968, "Case of the Ransacked Lab": 423, "Ertai's Scorn_SB": 905, "Fecund Greenshell": 1006, "Saheeli, Filigree Master": 2443, "Fumigate": 1120, "Enduring Courage_SB": 875, "War Squeak_SB": 3335, "Spirebluff Canal_SB": 2718, "Fiendish Panda": 1031, "Ashnod's Harvester": 132, "Blazing Crescendo": 235, "Ajani, Sleeper Agent": 43, "Ajani, Sleeper Agent_SB": 44, "Chandra, Flameshaper_SB": 459, "Case of the Locked Hothouse_SB": 421, "Vampire Gourmand": 3236, "Vraan, Executioner Thane": 3319, "Eaten Alive_SB": 831, "Geralf, the Fleshwright": 1152, "Geralf, the Fleshwright_SB": 1153, "Claim Jumper_SB": 496, "Mirrex_SB": 1857, "Tectonic Hazard": 2886, "Boltwave_SB": 277, "Chainsaw_SB": 457, "Mosswood Dreadknight_SB": 1912, "Herald of Eternal Dawn": 1363, "Stormchaser's Talent_SB": 2789, "Phyrexian Missionary": 2126, "Sheoldred": 2558, "Fleeting Flight": 1063, "Lost in the Maze_SB": 1739, "Cactarantula": 385, "Stromkirk Noble": 2804, "Defiler of Dreams_SB": 682, "Lithomantic Barrage": 1705, "Enduring Vitality_SB": 883, "Ojer Pakpatiq, Deepest Epoch": 2012, "Disturbing Conversion_SB": 743, "See Double_SB": 2522, "Twinflame Tyrant": 3112, "Koth, Fire of Resistance": 1624, "Wylie Duke, Atiin Hero": 3410, "Stoke the Flames": 2781, "Urza's Sylex": 3211, "Volatile Fault_SB": 3303, "Omen Hawker": 2018, "Audience with Trostani_SB": 148, "Leyline of the Void": 1681, "Sentinel of Lost Lore": 2533, "Jagged Barrens": 1530, "Virtue of Knowledge": 3282, "Hired Claw_SB": 1399, "Valgavoth's Onslaught_SB": 3220, "Kutzil's Flanker": 1636, "Extraordinary Journey": 946, "Gold Pan": 1237, "Extraordinary Journey_SB": 947, "Nurturing Pixie_SB": 1993, "Moonshaker Cavalry": 1905, "Elusive Otter": 861, "Pearl of Wisdom": 2097, "Fear of Lost Teeth": 996, "Horrid Vigor": 1416, "Flesh Burrower": 1065, "Let's Play a Game": 1671, "Winter's Intervention": 3381, "Grasping Longneck": 1257, "Wickerfolk Thresher": 3368, "Cackling Slasher": 382, "Fear of the Dark": 1001, "Balemurk Leech": 169, "Give In to Violence": 1190, "Innocuous Rat": 1464, "Bashful Beastie": 189, "Defiant Survivor": 676, "Meathook Massacre II": 1819, "Vile Mutilator": 3273, "Healer's Hawk": 1340, "Adamant Will": 17, "Dazzling Angel": 642, "Goldvein Pick": 1241, "Marauding Blight-Priest": 1794, "Moment of Triumph": 1887, "Pilfer": 2140, "Public Thoroughfare": 2198, "Roaming Throne": 2385, "Undying Malice": 3155, "Angel of Finality_SB": 73, "Cancel_SB": 398, "Opt_SB": 2027, "Requisition Raid": 2332, "Anointed Peacekeeper_SB": 91, "Connecting the Dots_SB": 544, "Analyze the Pollen_SB": 66, "Corpses of the Lost_SB": 567, "Anthem of Champions": 92, "Mistbreath Elder": 1868, "Bushwhack_SB": 380, "Mistbreath Elder_SB": 1869, "Realmbreaker's Grasp_SB": 2281, "Treeguard Duo_SB": 3091, "Stickytongue Sentinel_SB": 2771, "Sunshower Druid_SB": 2825, "Tumbleweed Rising_SB": 3102, "Polliwallop_SB": 2162, "Leyline of Transformation": 1679, "Saheeli's Lattice": 2442, "Hopeless Nightmare_SB": 1413, "Thrill of Possibility": 3016, "Etali, Primal Storm_SB": 917, "Idyllic Beachfront": 1439, "Dismal Backwater": 730, "Pelakka Wurm": 2101, "Extract a Confession_SB": 945, "Soul-Shackled Zombie_SB": 2680, "Unauthorized Exit_SB": 3140, "Jump Scare_SB": 1549, "Progenitus_SB": 2190, "Dewdrop Cure": 716, "Harvestrite Host": 1324, "Family Reunion_SB": 971, "Hinterland Sanctifier_SB": 1397, "Planar Disruption_SB": 2152, "Cut Short_SB": 620, "Deathcap Marionette": 656, "Ichor Drinker": 1437, "Jungle Hollow": 1550, "Urborg Repossession": 3199, "Urborg Repossession_SB": 3200, "Voracious Varmint_SB": 3314, "Ambush Wolf_SB": 59, "Annihilating Glare": 85, "Fanatical Offering": 974, "Sword of Wealth and Power": 2855, "Pilfer_SB": 2141, "Empyrean Eagle": 868, "Tranquil Cove": 3077, "Deadly Riposte_SB": 652, "Griffnaut Tracker_SB": 1277, "Shroudstomper": 2588, "Invasion of Regatha": 1502, "Hidetsugu's Second Rite": 1390, "Makeshift Binding": 1778, "Nettle Guard_SB": 1953, "Lassoed by the Law": 1644, "Mabel's Mettle": 1757, "The Huntsman's Redemption": 2939, "Cunning Coyote": 610, "Skulduggery": 2618, "Skulduggery_SB": 2619, "Beseech the Mirror_SB": 208, "Dead Weight": 644, "Minor Misstep": 1851, "Hopeful Vigil": 1411, "Restricted Office // Lecture Hall": 2357, "Central Elevator // Promising Stairs": 452, "Creeping Peeper": 590, "Underwater Tunnel // Slimy Aquarium": 3154, "Erratic Apparition": 901, "Dazzling Theater // Prop Room": 643, "Fear of Falling": 989, "Fear of Abduction": 985, "Lionheart Glimmer": 1703, "Gremlin Tamer_SB": 1273, "Tunnel Surveyor_SB": 3106, "Stalked Researcher_SB": 2744, "Chrome Host Seedshark": 484, "Corrupt": 570, "Ruthless Negotiation": 2433, "Seeker's Folly": 2525, "Polluted Delta": 2163, "Scalding Tarn": 2469, "Misty Rainforest": 1873, "Bloodstained Mire": 256, "Watery Grave": 3350, "Steam Vents": 2760, "Sink into Stupor": 2605, "Spell Snare": 2699, "Unearth": 3156, "Thoughtseize": 2994, "Fatal Push": 979, "Faithless Looting": 967, "Tamiyo, Inquisitive Student": 2876, "Psychic Frog": 2197, "Counterspell": 581, "Persist": 2107, "Force of Negation": 1082, "Brazen Borrower": 323, "Archon of Cruelty": 113, "Nihil Spellbomb_SB": 1965, "Surgical Extraction_SB": 2834, "Consign to Memory_SB": 546, "Harbinger of the Seas_SB": 1311, "Stern Scolding_SB": 2770, "Fable of the Mirror-Breaker_SB": 952, "Arena of Glory": 116, "Blazing Rootwalla": 237, "Burning Inquiry": 372, "Detective's Phoenix": 709, "Flameblade Adept": 1054, "Goblin Lore": 1231, "Hollow One": 1404, "Lightning Bolt": 1689, "Stomping Ground": 2782, "Street Wraith": 2800, "Vengevine": 3259, "Wooded Foothills": 3397, "Cursed Totem_SB": 616, "Meltdown_SB": 1826, "Obsidian Charmaw_SB": 2003, "Arid Mesa": 121, "Barbarian Ring": 182, "Sunbaked Canyon": 2814, "Eidolon of the Great Revel": 840, "Goblin Guide": 1230, "Lava Spike": 1651, "Rift Bolt": 2365, "Searing Blaze": 2506, "Skewer the Critics": 2610, "Skullcrack": 2622, "Flare of Duplication": 1059, "Smash to Smithereens_SB": 2651, "Faerie Macabre_SB": 962, "Ensnaring Bridge_SB": 889, "Indomitable Creativity": 1452, "Prismatic Ending": 2184, "Wrenn and Six": 3406, "Fable of the Mirror-Breaker": 951, "Blood Crypt": 245, "Sacred Foundry": 2437, "Xander's Lounge": 3411, "Jetmir's Garden": 1537, "Dwarven Mine": 823, "Flooded Strand": 1067, "Boseiju, Who Endures_SB": 298, "Toxic Deluge_SB": 3073, "Hurkyl's Recall_SB": 1429, "Damping Sphere_SB": 626, "Cling to Dust": 507, "Harbinger of the Seas": 1310, "Marsh Flats": 1805, "Murktide Regent": 1923, "Otawara, Soaring City": 2044, "Preordain": 2177, "Thought Scour": 2991, "Engineered Explosives_SB": 886, "Mystical Dispute_SB": 1931, "Spell Pierce_SB": 2698, "The Meathook Massacre_SB": 2948, "Orcish Bowmasters": 2033, "Ocelot Pride": 2007, "Godless Shrine": 1236, "Guide of Souls": 1290, "Seasoned Pyromancer": 2518, "Ajani, Nacatl Pariah": 42, "Phelia, Exuberant Shepherd": 2115, "Phlage, Titan of Fire's Fury": 2116, "Galvanic Discharge": 1135, "Goblin Bombardment": 1227, "Thraben Charm": 2998, "Orim's Chant_SB": 2034, "Wrath of the Skies_SB": 3402, "Thoughtseize_SB": 2995, "Showdown of the Skalds_SB": 2584, "Wear // Tear_SB": 3354, "Legion Loyalist": 1665, "Goblin Bushwhacker": 1228, "Devastating Summons": 712, "Reckless Bushwhacker": 2287, "Goblin Grenade": 1229, "Goblin Piledriver": 1233, "Mogg War Marshal": 1877, "Skirk Prospector": 2611, "Foundry Street Denizen": 1099, "Den of the Bugbear": 697, "Sokenzan, Crucible of Defiance": 2661, "Tormod's Crypt_SB": 3069, "Shattering Spree_SB": 2555, "Blood Moon_SB": 246, "Magus of the Moon_SB": 1773, "Reality Hemorrhage_SB": 2279, "Boseiju, Who Endures": 297, "Ziatora's Proving Ground": 3429, "Veil of Summer_SB": 3248, "Terastodon_SB": 2909, "Consider": 545, "Graveyard Trespasser": 1259, "Exquisite Firecraft_SB": 940, "Searing Blood_SB": 2507, "Tunnel Ignus_SB": 3104, "Ragavan, Nimble Pilferer": 2235, "Static Prison": 2756, "Showdown of the Skalds": 2583, "Windswept Heath": 3380, "Fear, Fire, Foes!_SB": 1002, "Drannith Magistrate_SB": 794, "Stony Silence_SB": 2783, "Primeval Titan": 2181, "Amulet of Vigor": 61, "Arboreal Grazer": 99, "Dryad of the Ilysian Grove": 809, "Summoner's Pact": 2811, "Hanweir Battlements": 1308, "Shifting Woodland": 2564, "Mirrorpool": 1860, "Urza's Saga": 3210, "Crumbling Vestige": 598, "Gruul Turf": 1286, "Simic Growth Chamber": 2601, "Lotus Field": 1740, "Tolaria West": 3058, "Vesuva": 3261, "Valakut, the Molten Pinnacle": 3215, "Scapeshift": 2474, "Dryad Arbor": 807, "Green Sun's Zenith": 1270, "Echoing Deeps": 833, "Vexing Bauble": 3267, "Bojuka Bog_SB": 274, "Dismember_SB": 731, "Vampires' Vengeance_SB": 3240, "Hexdrinker_SB": 1379, "Colossal Skyturtle_SB": 527, "Generous Ent_SB": 1148, "Collector Ouphe_SB": 519, "Endurance_SB": 873, "Grist, the Hunger Tide_SB": 1280, "Force of Vigor_SB": 1083, "Chained to the Rocks": 454, "Chained to the Rocks_SB": 455, "Ragavan, Nimble Pilferer_SB": 2236, "Explore": 938, "Urza's Cave": 3208, "Defense Grid_SB": 675, "Tireless Tracker_SB": 3044, "Lukka, Bound to Ruin_SB": 1742, "Giant Growth_SB": 1178, "Duelist of the Mind": 810, "Over the Edge_SB": 2054, "Poison Dart Frog_SB": 2159, "Bloodfell Caves": 250, "Offer Immortality": 2008, "Come Back Wrong": 533, "Glassworks // Shattered Yard": 1205, "Raucous Carnival_SB": 2268, "Beamtown Beatstick": 198, "Diamond Pick-Axe": 719, "Sunfire Torch": 2820, "Celestial Armor": 450, "Carrot Cake_SB": 414, "Edgewall Inn": 836, "Grievous Wound_SB": 1276, "Goliath Hatchery_SB": 1244, "Cathartic Parting_SB": 435, "Balmor, Battlemage Captain": 172, "Stormcatch Mentor": 2787, "Bria, Riptide Rogue": 338, "Freeze in Place": 1104, "Relic's Roar": 2321, "Run Away Together_SB": 2420, "Scalding Viper_SB": 2471, "Talion, the Kindly Lord": 2875, "Slice from the Shadows": 2643, "Halo Hopper": 1305, "Hellspur Posse Boss_SB": 1359, "Defabricate": 671, "Grand Abolisher": 1252, "Unnerving Grasp": 3173, "Aspirant's Ascent": 134, "Charge of the Mites_SB": 471, "Giant Cindermaw": 1175, "Hammerhand_SB": 1307, "Heartfire Hero_SB": 1343, "Inti, Seneschal of the Sun_SB": 1478, "Pests of Honor": 2112, "Nettle Guard": 1952, "Three Blind Mice": 3007, "Emberheart Challenger_SB": 866, "Dauntless Dismantler_SB": 635, "Phoenix Chick_SB": 2118, "Gleaming Barrier": 1207, "Painful Quandary": 2079, "Gleaming Barrier_SB": 1208, "Solemn Simulacrum_SB": 2663, "Fear of Being Hunted": 986, "Twinferno_SB": 3111, "Sure Strike_SB": 2829, "Mirran Banesplitter": 1855, "Heartfire Immolator": 1344, "Dwarven Forge-Chanter": 822, "Whiskerquill Scribe": 3362, "Sure Strike": 2828, "Ghitu Amplifier": 1166, "Furious Bellow": 1124, "Ancestors' Aid": 67, "Keldon Flamesage": 1579, "Brambleguard Captain": 316, "Johann, Apprentice Sorcerer": 1543, "Kraum, Violent Cacophony": 1628, "Razzle-Dazzler": 2278, "Vesuvan Drifter": 3262, "Snaremaster Sprite": 2658, "Thopter Mechanic": 2985, "Nightwhorl Hermit": 1964, "Iron-Fist Pulverizer": 1513, "Pyrotechnic Performer": 2210, "Fear of Burning Alive": 988, "Swiftwater Cliffs": 2849, "Molten Tributary": 1884, "Peculiar Lighthouse": 2098, "Restless Spire": 2352, "Fiery Annihilation": 1034, "Seize the Secrets": 2528, "Stop Cold": 2784, "Mishra's Command_SB": 1865, "Plan the Heist_SB": 2151, "Sleight of Hand_SB": 2642, "Kellan, Planar Trailblazer_SB": 1587, "Trick Shot_SB": 3096, "Violent Urge_SB": 3277, "Involuntary Cooldown_SB": 1511, "Out of Air_SB": 2046, "Harrier Strix": 1321, "The Filigree Sylex": 2936, "Living Phone": 1710, "Hardened Escort": 1316, "Unsettling Twins": 3177, "The Jolly Balloon Man": 2943, "Holy Cow": 1406, "Unsettling Twins_SB": 3178, "Raccoon Rallier_SB": 2227, "Feather of Flight_SB": 1005, "Rogue's Passage_SB": 2397, "Possessed Goat_SB": 2173, "The Jolly Balloon Man_SB": 2944, "Urgent Necropsy": 3206, "Fynn, the Fangbearer_SB": 1130, "Make Your Move_SB": 1776, "Harbinger of the Tides": 1312, "Harbinger of the Tides_SB": 1313, "Cat Collector": 431, "Bottomless Pool && Locker Room_SB": 302, "Pile On_SB": 2139, "Growing Rites of Itlimoc": 1282, "Jump Scare": 1548, "Niko, Light of Hope": 1966, "Tunnel Surveyor": 3105, "Stalked Researcher": 2743, "Enter the Enigma_SB": 892, "Fear of Isolation_SB": 995, "Ayara, Widow of the Realm": 162, "Deathmark_SB": 657, "Coruscation Mage": 574, "Throw from the Saddle": 3019, "Arachnoid Adaptation": 95, "Hammerhand": 1306, "War Squeak": 3334, "Longstalk Brawl_SB": 1724, "Thrill of Possibility_SB": 3017, "Season of Gathering": 2510, "Warren Warleader": 3344, "Seasoned Warrenguard_SB": 2520, "Lionheart Glimmer_SB": 1704, "Horrid Vigor_SB": 1417, "Omnivorous Flytrap_SB": 2024, "Roc Hunter": 2392, "Feldon, Ronom Excavator": 1014, "Scalding Viper": 2470, "Trial of Agony_SB": 3093, "Adventuring Gear_SB": 21, "Vicious Clown_SB": 3272, "Fear of Being Hunted_SB": 987, "Into the Roil": 1484, "Into the Roil_SB": 1485, "Flowstone Infusion": 1078, "Osseous Sticktwister": 2039, "Splash Portal_SB": 2722, "Ghostly Dancers": 1171, "Rite of the Dragoncaller_SB": 2376, "Demonic Pact_SB": 694, "Ezrim, Agency Chief_SB": 950, "Valorous Stance": 3234, "Lodestone Needle": 1718, "Scytheclaw Raptor_SB": 2501, "Bring the Ending_SB": 344, "Sawblade Skinripper_SB": 2465, "Pitiless Carnage_SB": 2147, "Season of Loss_SB": 2513, "Zephyr Singer": 3425, "Bloodghast": 251, "Lunar Convocation_SB": 1749, "Bartolom\u00e9 del Presidio_SB": 188, "Valley Rotcaller_SB": 3231, "Funeral Room // Awakening Hall_SB": 1123, "Silver Scrutiny_SB": 2598, "Cunning Coyote_SB": 611, "Debris Beetle": 658, "Wastewood Verge": 3347, "Llanowar Loamspeaker": 1714, "Vein Ripper_SB": 3250, "Ketramose, the New Dawn": 1590, "Bleachbone Verge": 238, "Intimidation Tactics": 1480, "Grim Bauble": 1278, "Momentum Breaker": 1890, "Spell Pierce": 2697, "Outpace Oblivion_SB": 2051, "Ride's End": 2363, "Molt Tender": 1879, "Fauna Shaman": 981, "Draconautics Engineer": 768, "Loot, the Pathfinder": 1727, "Afterburner Expert": 29, "Dredger's Insight": 802, "Restless Spire_SB": 2353, "Oildeep Gearhulk_SB": 2010, "Oildeep Gearhulk": 2009, "Haunt the Network_SB": 1328, "Sunbillow Verge": 2815, "Willowrush Verge": 3374, "Eriette of the Charmed Apple": 897, "Surgical Suite // Hospital Room_SB": 2838, "Thousand Moons Smithy": 2996, "Transmutation Font": 3082, "Braided Net_SB": 310, "Defend the Rider": 673, "Hazoret, Godseeker": 1336, "Monument to Endurance": 1903, "Gleeful Demolition_SB": 1211, "Chandra, Spark Hunter_SB": 463, "Gumdrop Poisoner": 1294, "Muraganda Raceway": 1921, "Nesting Bot": 1950, "Diversion Unit": 748, "Mendicant Core, Guidelight": 1828, "Repurposing Bay": 2331, "Riptide Gearhulk": 2370, "Spinner of Souls_SB": 2716, "Bounce Off": 305, "Mindspring Merfolk": 1850, "Lifecraft Engine": 1685, "Caelorna, Coral Tyrant_SB": 387, "Zephyr Singer_SB": 3426, "Tomik, Wielder of Law_SB": 3064, "Engine Rat": 884, "Teysa, Opulent Oligarch": 2919, "Gonti, Night Minister": 1245, "Perilous Snare": 2105, "Overgrown Zealot": 2057, "Transit Mage": 3081, "Brightglass Gearhulk": 340, "The Aetherspark": 2922, "Ratadrabik of Urborg": 2264, "Regal Imperiosaur": 2313, "Tyrox, Saurid Tyrant": 3124, "Scytheclaw Raptor": 2500, "Agonasaur Rex": 35, "Unwanted Remake": 3188, "Riverchurn Monument": 2381, "Explosive Derailment_SB": 939, "Captain Howler, Sea Scourge": 404, "Marauding Mako": 1795, "Scrounging Skyray": 2499, "Riverpyre Verge": 2384, "Phyrexian Dragon Engine": 2123, "Gastal Thrillroller": 1142, "Mishra's Command": 1864, "Voyager Glidecar": 3317, "Greasewrench Goblin": 1261, "Bounce Off_SB": 306, "Grim Bauble_SB": 1279, "Momentum Breaker_SB": 1891, "Lightwheel Enhancements": 1695, "Memory Guardian": 1827, "Diversion Unit_SB": 749, "Coiling Rebirth_SB": 515, "Lumbering Worldwagon": 1743, "Webstrike Elite": 3357, "Atraxa's Fall_SB": 144, "Defend the Rider_SB": 674, "Intimidation Tactics_SB": 1481, "Boosted Sloop": 292, "Fearless Swashbuckler": 1003, "Unctus, Grand Metatect": 3142, "Broadside Barrage": 351, "The Aetherspark_SB": 2923, "Melira, the Living Cure_SB": 1825, "Bloated Contaminator_SB": 244, "Mishra, Claimed by Gix": 1867, "Voyage Home": 3316, "Esoteric Duplicator": 909, "Aether Syphon_SB": 26, "Monument to Endurance_SB": 1904, "Restless Anchorage_SB": 2342, "Mu Yanling, Wind Rider": 1916, "Overrun": 2070, "Gastal Thrillroller_SB": 1143, "Burnout Bashtronaut": 374, "Gastal Thrillseeker": 1144, "The Speed Demon": 2963, "The Last Ride": 2945, "Amonkhet Raceway": 60, "Ancient Vendetta_SB": 72, "Hidden Necropolis": 1383, "The Speed Demon_SB": 2964, "Webstrike Elite_SB": 3358, "Fuel the Flames_SB": 1116, "Heliod, the Radiant Dawn": 1354, "Twinblade Blessing": 3110, "Demonic Junker": 691, "Nexus of Becoming": 1958, "Overlord of the Hauntwoods_SB": 2065, "Spectacular Pileup": 2690, "Optimistic Scavenger_SB": 2029, "Farsight Ritual": 978, "Bringer of the Last Gift": 345, "Terisian Mindbreaker": 2910, "Skitterbeam Battalion": 2613, "Fuel the Flames": 1115, "Skycrash": 2624, "Broadside Barrage_SB": 352, "Dropkick Bomber": 804, "Howlsquad Heavy": 1421, "Reckless Lackey": 2289, "Quag Feast": 2214, "Gastal Raider_SB": 1141, "Count on Luck_SB": 580, "Sandstalker Moloch_SB": 2451, "Conduit of Worlds_SB": 540, "Two-Headed Hunter": 3122, "Chandra, Spark Hunter": 462, "Coalstoke Gearhulk_SB": 511, "Kutzil, Malamet Exemplar": 1638, "Thopter Fabricator_SB": 2984, "Collision Course_SB": 525, "Thunderous Velocipede": 3028, "Coati Scavenger": 512, "Quag Feast_SB": 2215, "Blast Zone_SB": 233, "Expel the Interlopers_SB": 933, "Debris Beetle_SB": 659, "Stock Up": 2774, "Reasonable Doubt": 2284, "Flow of Knowledge": 1075, "Visage of Dread": 3290, "Pit Automaton": 2144, "Visage of Dread_SB": 3291, "The Last Ride_SB": 2946, "Claim Jumper": 495, "Starscape Cleric_SB": 2752, "Sazacap's Brew": 2468, "Invasion of Mercadia": 1501, "Playful Shove": 2153, "Red Sun's Twilight_SB": 2299, "Perilous Snare_SB": 2106, "Flotsam // Jetsam_SB": 1073, "Spectacular Pileup_SB": 2691, "Gas Guzzler": 1139, "Far Fortune, End Boss": 977, "Overrun_SB": 2071, "Wardens of the Cycle_SB": 3339, "Painful Quandary_SB": 2080, "Leaf-Crowned Visionary_SB": 1660, "Mossborn Hydra_SB": 1910, "Drag to the Roots_SB": 774, "Spectral Interference_SB": 2695, "Say Its Name_SB": 2467, "Soul of Windgrace": 2676, "Binding Negotiation_SB": 217, "Ghitu Lavarunner": 1167, "Full Throttle_SB": 1119, "Loot, the Key to Everything_SB": 1726, "Loot, the Pathfinder_SB": 1728, "Spring-Loaded Sawblades_SB": 2731, "Unstable Glyphbridge_SB": 3180, "Urza's Command_SB": 3209, "Lassoed by the Law_SB": 1645, "Dive Down": 746, "Thalia and The Gitrog Monster_SB": 2921, "Ride's End_SB": 2364, "Reclamation Sage": 2292, "Bristling Backwoods": 348, "Become Brutes": 202, "Ozolith, the Shattered Spire": 2078, "Scrollshift_SB": 2498, "Zahur, Glory's Past": 3423, "Coppercoat Vanguard": 558, "Basri, Tomorrow's Champion": 192, "Skyseer's Chariot_SB": 2631, "Bristlebud Farmer_SB": 347, "Third Path Iconoclast_SB": 2978, "Ashiok, Wicked Manipulator_SB": 131, "Ancient Vendetta": 71, "Shoreline Looter": 2582, "Engine Rat_SB": 885, "Essence Channeler_SB": 911, "Lunar Insight": 1750, "Visage Bandit": 3289, "Waxen Shapethief": 3351, "Coalstoke Gearhulk": 510, "Dune Drifter": 811, "Restless Bivouac_SB": 2344, "Invasion of Regatha_SB": 1503, "Ketramose, the New Dawn_SB": 1591, "Locust Spray": 1717, "Gruff Triplets": 1283, "Starfall Invocation_SB": 2749, "Belligerent Yearling": 206, "The Skullspore Nexus": 2961, "Intrepid Paleontologist_SB": 1487, "Jodah, the Unifier_SB": 1541, "Rampaging Raptor": 2256, "Agonasaur Rex_SB": 36, "Ferocification_SB": 1025, "Forlorn Flats": 1092, "Kellan, Inquisitive Prodigy_SB": 1585, "Sword of Forge and Frontier_SB": 2852, "Caradora, Heart of Alacria": 408, "Veteran Beastrider": 3264, "Skyseer's Chariot": 2630, "Valor's Flagship": 3232, "Veteran Survivor": 3265, "Coveted Falcon": 582, "Impulse": 1450, "The Elder Dragon War_SB": 2929, "Voyager Glidecar_SB": 3318, "Twining Twins": 3113, "Threadbind Clique": 3005, "Boommobile_SB": 289, "Radiant Lotus_SB": 2232, "Boommobile": 288, "Forging the Anchor": 1090, "Radiant Lotus": 2231, "The Mightstone and Weakstone_SB": 2950, "Bloodthorn Flail": 259, "Flamewake Phoenix": 1057, "Cryptcaller Chariot_SB": 600, "Slick Sequence": 2644, "Spiteful Hexmage_SB": 2720, "Riverchurn Monument_SB": 2382, "Riptide Gearhulk_SB": 2371, "Volley Veteran": 3309, "Redshift, Rocketeer Chief": 2304, "Kami of Whispered Hopes": 1561, "Furnace Host Charger": 1125, "Clamorous Ironclad": 499, "Wishing Well": 3387, "Frolicking Familiar": 1109, "Alania, Divergent Storm": 48, "Resplendent Angel_SB": 2337, "Tinker's Tote": 3037, "Cephalopod Sentry": 453, "Haunt the Network": 1327, "Sorcerous Spyglass": 2670, "Demonic Junker_SB": 692, "Thopter Fabricator": 2983, "Marketback Walker": 1802, "Sylvan Scavenging": 2858, "Sab-Sunen, Luxa Embodied": 2435, "Simian Simulacrum": 2600, "Broodheart Engine": 354, "Likeness Looter": 1696, "Reluctant Role Model": 2322, "Bulwark Ox": 367, "Reluctant Role Model_SB": 2323, "Boom Box": 286, "Possession Engine": 2174, "Conduit of Worlds": 539, "Broadcast Rambler": 350, "Gargantuan Leech": 1136, "Captivating Cave": 407, "Cavernous Maw": 446, "Forgotten Monument": 1091, "Promising Vein": 2192, "Hidden Courtyard": 1381, "Bat Colony": 193, "Calamitous Cave-In": 388, "Hidden Volcano": 1385, "Marketback Walker_SB": 1803, "Highway Robbery": 1394, "Daretti, Rocketeer Engineer": 629, "Threefold Thunderhulk": 3014, "Tune Up": 3103, "Meteor Golem_SB": 1833, "Leyline Binding_SB": 1675, "Market Gnome_SB": 1801, "The Goose Mother": 2938, "Gastal Raider": 1140, "Oviya, Automech Artisan": 2077, "Virtue of Courage": 3280, "Mold Adder_SB": 1878, "Itzquinth, Firstborn of Gishath": 1517, "The Skullspore Nexus_SB": 2962, "Burnout Bashtronaut_SB": 375, "Sovereign Okinec Ahau": 2688, "Gloryheath Lynx": 1220, "Servant of the Stinger": 2542, "The Raven Man": 2957, "The Raven Man_SB": 2958, "Halana and Alena, Partners_SB": 1300, "Valor's Flagship_SB": 3233, "Tocasia's Welcome_SB": 3057, "Stall Out": 2745, "Stall Out_SB": 2746, "Cosmium Confluence": 578, "Festival of Embers": 1028, "Hidden Nursery": 1384, "Union of the Third Path_SB": 3167, "Balustrade Wurm": 173, "Charming Prince": 472, "Gossip's Talent": 1246, "Skycrash_SB": 2625, "Mephitic Draught": 1830, "Nexus of Becoming_SB": 1959, "Soulless Jailer_SB": 2682, "Collector's Vault_SB": 523, "Thran Spider_SB": 3003, "Sab-Sunen, Luxa Embodied_SB": 2436, "Earthrumbler": 828, "Akal Pakal, First Among Equals_SB": 46, "Drana and Linvala_SB": 793, "Lavaspur Boots_SB": 1653, "Voldaren Thrillseeker_SB": 3308, "Thunderous Velocipede_SB": 3029, "Chitin Gravestalker": 481, "Starving Revenant_SB": 2753, "Stock Up_SB": 2775, "Restless Ridgeline_SB": 2351, "Fear of Infinity_SB": 993, "Ojer Pakpatiq, Deepest Epoch_SB": 2013, "Oko, the Ringleader": 2014, "Forensic Researcher": 1087, "Deepfathom Echo": 668, "Desperate Bloodseeker_SB": 704, "Steamcore Scholar_SB": 2762, "Dredger's Insight_SB": 803, "Fauna Shaman_SB": 982, "Phyrexian Missionary_SB": 2127, "Sunder the Gateway": 2816, "Malcator, Purity Overseer": 1780, "Reject Imperfection_SB": 2317, "Vivisurgeon's Insight_SB": 3295, "Baral and Kari Zev": 181, "Enigma Drake": 887, "Eroded Canyon": 899, "Trained Arynx": 3075, "Ornery Tumblewagg": 2035, "Giant Beaver": 1174, "Lagorin, Soul of Alacria": 1641, "Miriam, Herd Whisperer": 1854, "Congregation Gryff": 543, "Brightfield Glider": 339, "Creosote Heath": 591, "Run Over_SB": 2421, "Night Market": 1961, "Stockpiling Celebrant": 2777, "Carrion Locust_SB": 412, "Skullcap Snail_SB": 2621, "Stockpiling Celebrant_SB": 2778, "Macabre Waltz": 1760, "Wary Thespian": 3346, "Haunted Mire": 1329, "Overwhelming Remorse_SB": 2073, "Akal Pakal, First Among Equals": 45, "Forensic Gadgeteer": 1085, "Deduce_SB": 663, "Wreck Remover_SB": 3403, "River's Rebuke": 2379, "Brave the Wilds": 322, "Fog of War_SB": 1080, "Armored Scrapgorger": 124, "Fierce Empath": 1033, "Spinewoods Paladin": 2713, "Mocking Sprite": 1874, "Talion's Messenger": 2874, "Barrow Naughty": 186, "Faerie Slumber Party": 965, "Drag the Canal": 770, "Soured Springs": 2687, "Spellscorn Coven": 2704, "Etrata, Deadly Fugitive": 922, "Coerced to Kill": 513, "Unstoppable Plan_SB": 3181, "Shadow-Rite Priest": 2547, "Training Grounds": 3076, "Hoarding Broodlord": 1401, "Nullpriest of Oblivion": 1990, "Nahiri's Warcrafting_SB": 1935, "Oaken Siren": 1995, "Guidelight Optimizer": 1291, "Fountainport Bell": 1101, "Machine Over Matter_SB": 1761, "Crumb and Get It_SB": 597, "Flame Lash": 1053, "Exsanguinate_SB": 942, "Exsanguinate": 941, "Tranquil Cove_SB": 3078, "Syr Ginger, the Meal Ender_SB": 2863, "Callous Sell-Sword_SB": 395, "Legion Extruder_SB": 1664, "Furnace Punisher_SB": 1126, "Hearth Elemental_SB": 1348, "Krenko's Buzzcrusher": 1629, "Irreverent Gremlin": 1514, "Blade of the Oni": 227, "Blightstep Pathway": 242, "Bloodtithe Harvester": 260, "Mutavault": 1927, "Urborg, Tomb of Yawgmoth": 3203, "Extinction Event_SB": 944, "Invoke Despair_SB": 1510, "Go Blank_SB": 1224, "Hidetsugu Consumes All_SB": 1387, "Unlicensed Hearse_SB": 3169, "Greasefang, Okiba Boss": 1260, "Parhelion II": 2088, "Shattered Sanctum": 2554, "Faithful Mending": 966, "Skysovereign, Consul Flagship": 2633, "Tainted Indulgence": 2867, "Hallowed Fountain": 1303, "Collective Brutality": 517, "Geier Reach Sanitarium": 1147, "Raffine's Tower": 2234, "Stubborn Denial": 2805, "Vanishing Verse": 3243, "Dovin's Veto_SB": 765, "Ashiok, Dream Render_SB": 128, "Silence_SB": 2593, "Fatal Push_SB": 980, "Deafening Silence_SB": 653, "Vanishing Verse_SB": 3244, "Spara's Headquarters": 2689, "Overgrown Tomb": 2056, "Breeding Pool": 337, "Linvala, the Preserver": 1702, "Enigmatic Incarnation": 888, "Zagoth Triome": 3422, "Skyclave Apparition": 2623, "Indatha Triome": 1451, "Savai Triome": 2461, "Thought Distortion_SB": 2990, "Yorion, Sky Nomad_SB": 3418, "Archon of Emeria_SB": 114, "Knockout Blow_SB": 1614, "Ruric Thar, the Unbowed_SB": 2426, "Voldaren Epicure": 3306, "Ensoul Artifact": 890, "Riverglide Pathway": 2383, "Darksteel Citadel": 634, "Shrapnel Blast": 2585, "Smuggler's Copter": 2653, "Rending Volley_SB": 2326, "Shadowspear_SB": 2548, "Voltage Surge_SB": 3311, "Aether Gust_SB": 25, "Annul_SB": 87, "Cragcrown Pathway": 584, "Ramunap Ruins": 2259, "Soul-Scar Mage": 2679, "Reckless Rage": 2291, "Hazoret the Fervent_SB": 1335, "Redcap Melee_SB": 2301, "Experimental Frenzy_SB": 936, "Anger of the Gods_SB": 75, "Claim // Fame": 494, "Infuriate": 1460, "Kumano Faces Kakkazan": 1635, "Grafdigger's Cage_SB": 1250, "Claim the Firstborn_SB": 498, "Extinction Event": 943, "Gifted Aetherborn_SB": 1179, "Cauldron Familiar": 437, "Deadly Dispute": 650, "Mayhem Devil": 1813, "Witch's Oven": 3389, "Claim the Firstborn": 497, "Ob Nixilis, the Adversary_SB": 1999, "Castle Locthwain": 430, "Clearwater Pathway": 505, "Field of Ruin": 1030, "Hall of Storm Giants": 1301, "Hive of the Eye Tyrant": 1400, "Narset, Parter of Veils": 1937, "Omen of the Sea": 2020, "Paradoxical Outcome": 2087, "Shipwreck Marsh": 2568, "Takenuma, Abandoned Mire": 2873, "The Meathook Massacre": 2947, "Weathered Runestone_SB": 3356, "Pitiless Carnage": 2146, "Dynamite Diver": 826, "Guidelight Synergist": 1292, "Kolodin, Triumph Caster": 1619, "Burner Rocket": 371, "Cloudspire Skycycle": 509, "Frenzied Goblin": 1105, "Count on Luck": 579, "Doubling Season_SB": 764, "Fanatical Firebrand_SB": 973, "Frenzied Goblin_SB": 1106, "Reckless Lackey_SB": 2290, "Howlsquad Heavy_SB": 1422, "Rundvelt Hordemaster_SB": 2423, "District Mascot": 741, "Shivan Devastator": 2569, "Zimone, Paradox Sculptor": 3430, "Tyvar, the Pummeler_SB": 3133, "Zopandrel, Hunger Dominus_SB": 3434, "Aurelia, the Warleader": 149, "Gilded Ghoda": 1182, "Vanish into Eternity_SB": 3242, "Lightning Axe": 1688, "Arclight Phoenix": 115, "Stormcarved Coast": 2786, "Treasure Cruise": 3088, "Spikefield Hazard": 2710, "Fiery Impulse": 1036, "Izzet Charm": 1523, "Prismari Command": 2182, "Fear of Infinity": 992, "Fetid Pools": 1029, "Yorion, Sky Nomad": 3417, "Dawnwing Marshal": 639, "Leonin Vanguard": 1669, "Savannah Lions": 2462, "Elvish Mystic": 864, "Nykthos, Shrine to Nyx": 1994, "Kiora, Behemoth Beckoner": 1596, "Cavalier of Thorns": 442, "Old-Growth Troll": 2016, "Lair of the Hydra": 1642, "Storm the Festival": 2785, "Ulvenwald Oddity": 3136, "Oath of Nissa": 1997, "Leyline of the Guildpact": 1680, "Emrakul, the Promised End_SB": 869, "Setessan Petitioner_SB": 2544, "Arasta of the Endless Web_SB": 98, "Ledger Shredder": 1662, "Brazen Borrower_SB": 324, "Prismari Command_SB": 2183, "Ashiok, Nightmare Muse_SB": 129, "Kroxa, Titan of Death's Hunger": 1634, "Foreboding Ruins": 1084, "Invoke Despair": 1509, "Rakdos, Patron of Chaos": 2246, "Kolaghan's Command_SB": 1618, "Bishop of Wings": 218, "Righteous Valkyrie": 2366, "Resplendent Marshal": 2338, "Collected Company": 516, "Kayla's Reconstruction": 1575, "Portable Hole": 2168, "Branchloft Pathway": 319, "Cave of the Frost Dragon": 443, "Overgrown Farmland": 2055, "Temple Garden": 2893, "Eiganjo, Seat of the Empire": 841, "Brutal Cathar_SB": 361, "Reidane, God of the Worthy_SB": 2314, "Archon of Absolution_SB": 112, "Shapers' Sanctuary_SB": 2550, "Brave the Elements_SB": 321, "Heroic Intervention_SB": 1376, "Haunted Ridge": 1330, "Bonecrusher Giant": 280, "Burning-Tree Emissary": 373, "Chandra, Torch of Defiance": 464, "Collision // Colossus": 524, "Gruul Spellbreaker": 1285, "Kami's Flare": 1562, "Pelt Collector": 2102, "Voltaic Brawler": 3312, "Zhur-Taa Goblin": 3428, "Bonecrusher Giant_SB": 281, "Chandra, Torch of Defiance_SB": 465, "Cindervines_SB": 489, "Kami's Flare_SB": 1563, "Roiling Vortex_SB": 2400, "Sigarda's Aid": 2591, "Colossus Hammer": 529, "Raffine's Informant": 2233, "Sylvan Caryatid": 2857, "Eldritch Evolution": 844, "Mana Confluence": 1786, "Soulflayer": 2681, "Collective Brutality_SB": 518, "Bloodline Culling_SB": 255, "Portable Hole_SB": 2169, "Leyline of Sanctity_SB": 1678, "Barrier Breach_SB": 185, "Laughing Jasper Flint_SB": 1650, "Arcanis the Omnipotent": 101, "Drag to the Bottom": 772, "Titania's Command_SB": 3048, "Rocky Roads": 2395, "Lumbering Worldwagon_SB": 1744, "Cosmic Rebirth_SB": 577, "Mondrak, Glory Dominus_SB": 1898, "Become Brutes_SB": 203, "Spin Out_SB": 2711, "Ravine Raider_SB": 2272, "Cindering Cutthroat_SB": 488, "Steampath Charger_SB": 2763, "Risky Shortcut_SB": 2373, "Mimeoplasm, Revered One": 1847, "Devouring Sugarmaw": 714, "Amalia Benavides Aguirre_SB": 57, "Elas il-Kor, Sadistic Pilgrim_SB": 843, "Fiendish Panda_SB": 1032, "Knight of Dawn's Light_SB": 1607, "Spectral Interference": 2694, "Ruthless Negotiation_SB": 2434, "Outcaster Greenblade": 2047, "Map the Frontier": 1791, "No Witnesses_SB": 1977, "Khenra Spellspear": 1592, "Silken Strength": 2596, "Divine Resilience": 750, "Greenhouse // Rickety Gazebo": 1271, "Mirror Room // Fractured Realm": 1859, "Unflinching Courage_SB": 3159, "Radiant Grove": 2230, "Streetwise Negotiator_SB": 2801, "Winter, Cursed Rider": 3382, "Eddymurk Crab_SB": 835, "Tolarian Terror_SB": 3060, "Drake Hatcher_SB": 790, "Goblin Oriflamme": 1232, "Etched Familiar": 919, "Haughty Djinn_SB": 1326, "Spyglass Siren_SB": 2733, "Realm-Scorcher Hellkite": 2280, "Sentinel of Lost Lore_SB": 2534, "Herd Migration_SB": 1371, "Gisa, the Hellraiser_SB": 1188, "Kykar, Zephyr Awakener": 1640, "Lathril, Blade of the Elves_SB": 1648, "The Huntsman's Redemption_SB": 2940, "Gixian Infiltrator_SB": 1196, "Armored Armadillo_SB": 123, "Gloryheath Lynx_SB": 1221, "Threefold Thunderhulk_SB": 3015, "Cryptcaller Chariot": 599, "Case of the Locked Hothouse": 420, "Walk-In Closet // Forgotten Cellar": 3330, "Primeval Bounty": 2180, "Grand Entryway && Elegant Rotunda": 1254, "Karn, Living Legacy_SB": 1567, "Steel Hellkite_SB": 2764, "Rangers' Refueler": 2260, "Meeting of Minds": 1822, "Mindsparker_SB": 1848, "Voracious Greatshark": 3313, "Aloe Alchemist": 54, "Gigantosaurus": 1180, "Llanowar Greenwidow": 1713, "Llanowar Stalker": 1715, "Ghalta, Primal Hunger_SB": 1163, "Gigantosaurus_SB": 1181, "Disenchant": 726, "Captain Howler, Sea Scourge_SB": 405, "Cursed Recording_SB": 615, "Commune with Evil": 535, "Thirsting Roots": 2979, "Lukka, Bound to Ruin": 1741, "The Stasis Coffin": 2965, "The Everflowing Well": 2935, "Kellan Joins Up": 1581, "Ovika, Enigma Goliath_SB": 2076, "Quaketusk Boar": 2216, "Demonic Counsel": 690, "Bestow Greatness_SB": 209, "Leaping Ambush": 1661, "Raucous Theater_SB": 2270, "Rockface Village_SB": 2394, "Flowstone Infusion_SB": 1079, "Alesha, Who Laughs at Fate_SB": 51, "Feed the Swarm": 1010, "Progenitor Exarch": 2188, "Agatha of the Vile Cauldron": 31, "Detention Chariot": 711, "Push the Limit": 2206, "Gallant Strike": 1133, "Thundering Broodwagon": 3025, "Primal Might_SB": 2179, "Stern Lesson": 2768, "Stormkeld Vanguard_SB": 2790, "Reckless Handling": 2288, "Annie Joins Up_SB": 84, "Bramble Familiar_SB": 315, "Moonshaker Cavalry_SB": 1906, "Ancient Den": 70, "Boros Garrison": 295, "Experimental Synthesizer": 937, "Galvanic Blast": 1134, "Glint Hawk": 1214, "Great Furnace": 1264, "Journey to Nowhere": 1545, "Kor Skyfisher": 1623, "Lembas": 1668, "Makeshift Munitions": 1779, "Relic of Progenitus": 2319, "Rustvale Bridge": 2430, "Thraben Inspector": 3000, "Dust to Dust_SB": 819, "Electrickery_SB": 845, "Prismatic Strands_SB": 2185, "Pyroblast_SB": 2207, "Red Elemental Blast_SB": 2298, "Relic of Progenitus_SB": 2320, "Boomerang": 287, "Brainstorm": 313, "Cryptic Serpent": 603, "Deep Analysis": 665, "Delver of Secrets": 686, "Dragon Wings": 779, "L\u00f3rien Revealed": 1756, "Mental Note": 1829, "Murmuring Mystic": 1925, "Ponder": 2167, "Sleep of the Dead": 2638, "Snow-Covered Island": 2660, "Blue Elemental Blast_SB": 270, "Deem Inferior_SB": 664, "Dispel_SB": 732, "Hydroblast_SB": 1434, "Jace's Phantasm_SB": 1527, "Murmuring Mystic_SB": 1926, "Sleep of the Dead_SB": 2639, "Radiant Fountain": 2229, "Goldmire Bridge": 1238, "Bojuka Bog": 273, "Orzhov Basilica": 2036, "Sunlit Marsh": 2822, "Troll of Khazad-d\u00fbm": 3099, "Eagles of the North": 827, "Dawnbringer Cleric": 638, "Omen of the Dead": 2019, "Cast Down": 428, "Accursed Marauder": 13, "Refurbished Familiar": 2306, "Vault of Whispers": 3245, "Suffocating Fumes": 2808, "Campfire_SB": 396, "Arms of Hadar_SB": 126, "Unmake_SB": 3170, "Accursed Marauder_SB": 14, "Cast Down_SB": 429, "Beckon Apparition_SB": 201, "Thraben Charm_SB": 2999, "Thorn of the Black Rose_SB": 2986, "Arashin Cleric_SB": 97, "Lazav, Wearer of Faces_SB": 1658, "Invasion of Tarkir_SB": 1505, "Harmless Offering_SB": 1319, "Return Triumphant": 2359, "Souls of the Lost_SB": 2684, "Wildwood Scourge": 3373, "Slickshot Lockpicker_SB": 2646, "Flashfreeze": 1060, "Cori-Steel Cutter": 564, "Heritage Reclamation": 1372, "Scavenger Regent // Exude Toxin // Scavenger Regent": 2476, "Qarsi Revenant": 2212, "Strategic Betrayal_SB": 2799, "Scavenger Regent // Exude Toxin // Scavenger Regent_SB": 2477, "Mistrise Village": 1870, "Roiling Dragonstorm": 2398, "Marang River Regent": 1792, "Jeskai Revelation_SB": 1536, "Voice of Victory_SB": 3299, "Clarion Conqueror_SB": 502, "Rakshasa's Bargain": 2249, "Fangkeeper's Familiar": 975, "Awaken the Honored Dead_SB": 158, "Heritage Reclamation_SB": 1373, "Sunpearl Kirin": 2823, "Magmatic Hellkite_SB": 1770, "Interface Ace": 1476, "Synchronized Charge": 2860, "Surrak, Elusive Hunter": 2841, "Surrak, Elusive Hunter_SB": 2842, "Elspeth, Storm Slayer": 858, "Rally the Monastery": 2254, "Cori Mountain Monastery": 560, "Dispelling Exhale": 733, "Jeskai Revelation": 1535, "Shiko, Paragon of the Way": 2565, "United Battlefront": 3168, "Sandsteppe Citadel": 2452, "Skirmish Rhino": 2612, "Elspeth, Storm Slayer_SB": 859, "Desperate Measures": 705, "Rot-Curse Rakshasa": 2405, "Auroral Procession": 150, "Opulent Palace": 2030, "Glacial Dragonhunt": 1198, "Tersa Lightshatter": 2916, "Winternight Stories": 3383, "Tersa Lightshatter_SB": 2917, "Sage of the Skies_SB": 2439, "Herd Heirloom": 1368, "Frontline Rush": 1111, "Tempest Hawk": 2892, "Static Snare": 2757, "Gilded Lotus_SB": 1183, "Cori-Steel Cutter_SB": 565, "Kishla Village": 1601, "Restless Vents_SB": 2355, "Magmatic Hellkite": 1769, "Sarkhan, Dragon Ascendant": 2458, "Sarkhan, Soul Aflame": 2459, "Pit of Offerings": 2145, "Static Snare_SB": 2758, "Gulping Scraptrap": 1293, "Unending Whisper": 3157, "Mystic Monastery": 1930, "Stormshriek Feral": 2793, "Stormshriek Feral_SB": 2794, "Wild Ride": 3369, "Kayla's Reconstruction_SB": 1576, "Rediscover the Way": 2302, "Flamehold Grappler": 1056, "Cooped Up": 554, "Fresh Start_SB": 1107, "Two-Headed Hunter_SB": 3123, "Frostcliff Siege": 1113, "Duty Beyond Death_SB": 821, "Frontier Bivouac": 1110, "Dalkovan Encampment": 623, "Dragonologist": 788, "Scavenger Regent_SB": 2478, "Caustic Exhale": 440, "Disruptive Stormbrood": 735, "Scavenger Regent": 2475, "Qarsi Revenant_SB": 2213, "Dragon Sniper": 776, "Nature's Rhythm": 1940, "Broken Wings_SB": 353, "Songcrafter Mage": 2667, "Death Begets Life_SB": 654, "Bloomvine Regent": 264, "Encroaching Dragonstorm": 870, "Ugin, Eye of the Storms": 3134, "Drakuseth, Maw of Flames": 791, "Breaching Dragonstorm": 328, "Molten Exhale": 1882, "Molten Exhale_SB": 1883, "Bulwark Ox_SB": 368, "Ugin, Eye of the Storms_SB": 3135, "New Way Forward": 1956, "Awaken the Honored Dead": 157, "Teval, Arbiter of Virtue": 2918, "Caustic Exhale_SB": 441, "Fangkeeper's Familiar_SB": 976, "Temur Tawnyback": 2907, "Eshki Dragonclaw": 907, "Rugged Highlands": 2416, "Spinewoods Paladin_SB": 2714, "Voidwing Hybrid": 3300, "Torpor Orb": 3070, "Mercurial Spelldancer": 1831, "Blightbelly Rat_SB": 241, "Devoted Duelist": 713, "Prowcatcher Specialist_SB": 2196, "Ghitu Lavarunner_SB": 1168, "Fortress Kin-Guard": 1095, "Salt Road Packbeast": 2446, "Inspiring Overseer_SB": 1474, "Salt Road Packbeast_SB": 2447, "Mandible Justiciar": 1787, "Keldon Strike Team": 1580, "Sidisi, Regent of the Mire": 2589, "Gingerbrute_SB": 1186, "Undergrowth Leopard_SB": 3153, "Great Arashin City": 1262, "Maelstrom of the Spirit Dragon": 1764, "Slumbering Keepguard": 2649, "The Princess Takes Flight": 2955, "Kishla Skimmer": 1600, "Roar of Endless Song_SB": 2387, "Spectral Denial": 2692, "Overwhelming Surge_SB": 2075, "Corroding Dragonstorm": 568, "Voice of Victory": 3298, "Bleachbone Verge_SB": 239, "Sage of the Skies": 2438, "Rakshasa's Bargain_SB": 2250, "Helga, Skittish Seer": 1352, "Helga, Skittish Seer_SB": 1353, "Mistrise Village_SB": 1871, "Case of the Pilfered Proof": 422, "Coordinated Maneuver_SB": 557, "Winternight Stories_SB": 3384, "Craterhoof Behemoth": 586, "Craterhoof Behemoth_SB": 587, "Descendant of Storms": 699, "Severance Priest": 2545, "Yathan Roadwatcher": 3413, "Animist's Might": 78, "Flourishing Bloom-Kin": 1074, "Marang River Regent_SB": 1793, "Twists and Turns_SB": 3119, "Don't Make a Sound_SB": 757, "Sagu Wildling": 2440, "Moment of Craving": 1885, "Dragonback Assault": 781, "Behind the Mask": 205, "Seedglaive Mentor": 2524, "Channeled Dragonfire": 468, "Stadium Headliner": 2739, "Dispelling Exhale_SB": 734, "Twinmaw Stormbrood": 3114, "Simulacrum Synthesizer_SB": 2604, "Desperate Measures_SB": 706, "Ureni, the Song Unending": 3204, "Ringing Strike Mastery_SB": 2368, "Spectral Denial_SB": 2693, "Shiko, Paragon of the Way_SB": 2566, "Ureni, the Song Unending_SB": 3205, "Sinkhole Surveyor": 2606, "Muldrotha, the Gravetide_SB": 1920, "Harried Spearguard": 1320, "Toxin Analysis_SB": 3074, "Roiling Dragonstorm_SB": 2399, "Tinybones, Bauble Burglar_SB": 3041, "Fleeting Effigy": 1062, "Glacierwood Siege": 1200, "Disruptive Stormbrood_SB": 736, "Skullcap Snail": 2620, "Dire Flail": 722, "Rediscover the Way_SB": 2303, "New Way Forward_SB": 1957, "Rotisserie Elemental_SB": 2407, "Dalkovan Packbeasts": 624, "Coordinated Maneuver": 556, "Mardu Devotee": 1797, "Warren Warleader_SB": 3345, "Toby, Beastie Befriender_SB": 3055, "Mardu Devotee_SB": 1798, "Resolute Reinforcements_SB": 2335, "Triumphant Chomp_SB": 3098, "Rampaging Raptor_SB": 2257, "Earthshaker Dreadmaw_SB": 829, "Temur Battlecrier": 2906, "Strategic Betrayal": 2798, "Dinotomaton": 721, "Dragon Whelp": 778, "Dragonlord's Servant": 786, "Firespitter Whelp": 1052, "Kolaghan Warmonger": 1617, "Mox Jasper": 1915, "Shivan Dragon": 2570, "Viashino Branchrider_SB": 3269, "Firebrand Archer_SB": 1048, "Twin Bolt_SB": 3109, "Rumbling Rockslide_SB": 2419, "Skyraker Giant_SB": 2629, "Breaching Dragonstorm_SB": 329, "Drakuseth, Maw of Flames_SB": 792, "Ticket Booth // Tunnel of Hate_SB": 3032, "All-Out Assault": 53, "Inevitable Defeat": 1453, "Neriv, Heart of the Storm": 1948, "Zurgo, Thunder's Decree": 3444, "Inevitable Defeat_SB": 1454, "Thunder of Unity_SB": 3024, "Windcrag Siege_SB": 3379, "Zurgo's Vanguard": 3443, "Duty Beyond Death": 820, "Kheru Goldkeeper": 1593, "Ambling Stormshell": 58, "Bedrock Tortoise": 204, "Ainok Wayfarer": 38, "Overwhelming Surge": 2074, "Stern Lesson_SB": 2769, "Rabid Bite": 2224, "Polliwallop": 2161, "Felothar, Dawn of the Abzan": 1023, "Channeled Dragonfire_SB": 469, "Corroding Dragonstorm_SB": 569, "Oracle of Tragedy_SB": 2032, "Mardu Siegebreaker": 1799, "Floriferous Vinewall": 1072, "Bovine Intervention_SB": 308, "Combat Courier": 530, "Stasis Snare_SB": 2755, "Seal from Existence_SB": 2505, "Intrepid Stablemaster": 1488, "Guardian Sunmare": 1287, "Break the Spell": 333, "Take Out the Trash_SB": 2869, "Runescale Stormbrood": 2425, "Abyssal Harvester_SB": 11, "Clarion Conquerer_SB": 500, "Treacherous Greed": 3087, "Skyserpent Seeker_SB": 2632, "Itzquinth, Firstborn of Gishath_SB": 1518, "Moment of Truth_SB": 1889, "Helping Hand_SB": 1362, "Adarkar Wastes_SB": 20, "Floodfarm Verge_SB": 1069, "Meticulous Archive_SB": 1835, "Seachrome Coast_SB": 2503, "Twitching Doll_SB": 3121, "Under the Skin_SB": 3146, "Mondrak, Glory Dominus": 1897, "Stasis Snare": 2754, "Commune with Nature": 536, "Coordinated Clobbering": 555, "Take the Fall_SB": 2872, "Serum Snare_SB": 2541, "Infectious Bite_SB": 1456, "Elusive Otter_SB": 862, "Kraul Whipcracker": 1626, "Hurkyl, Master Wizard_SB": 1430, "Tomb Trawler": 3063, "Clarion Conqueror // Clarion Conqueror_SB": 501, "The Ancient One": 2924, "Twinmaw Stormbrood_SB": 3115, "Monastery Messenger": 1894, "Brineborn Cutthroat": 342, "Taurean Mauler": 2883, "Warden of the Grove": 3336, "Invasion of Ikoria": 1497, "Nomad Outpost": 1978, "Sonic Shrieker": 2669, "Curator of Destinies_SB": 613, "The Sibsig Ceremony": 2960, "Purging Stormbrood_SB": 2203, "Kickoff Celebrations": 1594, "Lord Skitter's Blessing": 1733, "Ayli, Eternal Pilgrim_SB": 164, "Stoic Sphinx": 2779, "Nullpriest of Oblivion_SB": 1991, "Confounding Riddle_SB": 542, "Combat Thresher": 532, "Windcrag Siege": 3378, "Glacial Dragonhunt_SB": 1199, "Glarb, Calamity's Augur_SB": 1202, "Heliod, the Radiant Dawn_SB": 1355, "Ghostly Dancers_SB": 1172, "Phyrexian Censor": 2121, "Terror of the Peaks_SB": 2915, "Calamity, Galloping Inferno_SB": 391, "Convenient Target_SB": 553, "Herd Heirloom_SB": 1369, "Vampiric Rites_SB": 3241, "Fear of Lost Teeth_SB": 997, "Bloodghast_SB": 252, "Vampire Gourmand_SB": 3237, "Shocking Sharpshooter": 2576, "Melek, Reforged Researcher": 1823, "Pyrrhic Blast": 2211, "Bovine Intervention": 307, "Dragonfire Blade": 783, "Anafenza, Unyielding Lineage": 64, "Fires of Victory_SB": 1051, "Riling Dawnbreaker": 2367, "Watcher of the Wayside": 3348, "Restricted Office // Lecture Hall_SB": 2358, "Clay Champion": 503, "Nesting Bot_SB": 1951, "Osseous Exhale": 2038, "Frostcliff Siege_SB": 1114, "Unscrupulous Contractor": 3176, "Diabolic Intent": 718, "Gearbane Orangutan_SB": 1146, "Unyielding Gatekeeper_SB": 3191, "Shock Brigade": 2573, "Norn's Wellspring": 1982, "Case of the Uneaten Feast_SB": 427, "Return Triumphant_SB": 2360, "Spring Splasher": 2729, "Rise of the Varmints": 2372, "Undergrowth Leopard": 3152, "Grasping Longneck_SB": 1258, "Watcher of the Wayside_SB": 3349, "Aatchik, Emerald Radian": 0, "Ratcatcher Trainee": 2265, "Reigning Victor": 2315, "Worthy Cost": 3400, "Bone-Cairn Butcher": 278, "Salt Road Skirmish": 2448, "Starry-Eyed Skyrider": 2750, "Deadly Riposte": 651, "Derelict Attic // Widow's Walk_SB": 698, "Dirgur Island Dragon": 723, "Bloodfeather Phoenix_SB": 249, "Narset, Jeskai Waymaster": 1936, "Three Blind Mice_SB": 3008, "Annihilating Glare_SB": 86, "Branch of Vitu-Ghazi": 317, "Dragon Sniper_SB": 777, "Servant of the Stinger_SB": 2543, "Thrashing Brontodon": 3004, "Yarus, Roar of the Old Gods": 3412, "Sinkhole Surveyor_SB": 2607, "Blue Sun's Twilight": 271, "Revenge of the Rats": 2362, "Thunder of Unity": 3023, "Frontline Rush_SB": 1112, "Dalkovan Packbeasts_SB": 625, "Descendant of Storms_SB": 700, "Worthy Cost_SB": 3401, "War Effort_SB": 3333, "Shocking Sharpshooter_SB": 2577, "Lasyd Prowler": 1646, "Ob Nixilis, Captive Kingpin": 1998, "All Will Be One": 52, "Encroaching Mycosynth": 871, "Krenko, Baron of Tin Street": 1631, "Ice Out": 1435, "Crime Novelist": 592, "Breeches, Eager Pillager_SB": 336, "Convenient Target": 552, "Feral Encounter_SB": 1024, "Nature's Rhythm_SB": 1941, "Synchronized Charge_SB": 2861, "Viral Spawning_SB": 3279, "Grafted Butcher": 1251, "Voidwing Hybrid_SB": 3301, "Timeless Lotus": 3035, "Phyrexian Vindicator_SB": 2131, "Niv-Mizzet, Supreme_SB": 1971, "Perennation_SB": 2103, "Karplusan Forest_SB": 1569, "Urabrask_SB": 3197, "Kiora, Sovereign of the Deep_SB": 1597, "Kalastria Highborn": 1558, "Cori Mountain Monastery_SB": 561, "Peer Past the Veil_SB": 2099, "Campus Guide_SB": 397, "Eluge, the Shoreless Sea": 860, "Finale of Revelation": 1044, "Eliminate the Impossible": 854, "Eliminate the Impossible_SB": 855, "Finale of Revelation_SB": 1045, "Cat Collector_SB": 432, "Fumigate_SB": 1121, "Spelunking_SB": 2706, "Eshki Dragonclaw_SB": 908, "Songcrafter Mage_SB": 2668, "Filter Out": 1037, "Rot-Curse Rakshasa_SB": 2406, "Cori Mountain Stalwart": 562, "Aggressive Sabotage_SB": 34, "Izoni, Center of the Web_SB": 1522, "Dragon's Prey": 780, "Defibrillating Current": 677, "Alesha's Legacy": 49, "Emerge from the Cocoon": 867, "Midnight Mayhem": 1842, "Bone-Cairn Butcher_SB": 279, "Cori Mountain Stalwart_SB": 563, "Marshal of the Lost_SB": 1807, "Shock Brigade_SB": 2574, "Neriv, Heart of the Storm_SB": 1949, "Poised Practitioner_SB": 2157, "Hazoret, Godseeker_SB": 1337, "Redcap Gutter-Dweller_SB": 2300, "Liberator, Urza's Battlethopter": 1683, "Racers' Scoreboard": 2228, "Bulk Up_SB": 366, "Markov Baron": 1804, "Pulse Tracker": 2201, "Misery's Shadow_SB": 1863, "Magmakin Artillerist": 1768, "Flood the Engine_SB": 1066, "Smile at Death": 2652, "Hero's Downfall": 1374, "Desecration Demon_SB": 702, "Whiskervale Forerunner": 3363, "Lost in the Maze": 1738, "Osteomancer Adept_SB": 2043, "Disdainful Stroke": 724, "Out Cold_SB": 2045, "Underground River_SB": 3151, "Gloomlake Verge_SB": 1219, "Darkslick Shores_SB": 631, "Ertai's Scorn": 904, "Swiftblade Vindicator": 2846, "Migloz, Maze Crusher": 1845, "Dragonhawk, Fate's Tempest_SB": 785, "Oltec Matterweaver": 2017, "Abzan Devotee": 12, "Gixian Puppeteer": 1197, "Veloheart Bike": 3251, "Hidetsugu and Kairi_SB": 1389, "Betor, Kin to All": 210, "Danitha, New Benalia's Light": 627, "Danitha, New Benalia's Light_SB": 628, "Walk-In Closet // Forgotten Cellar_SB": 3331, "Colossification_SB": 528, "Rite of Renewal": 2374, "Staff of Compleation": 2741, "Disturbing Mirth_SB": 745, "Encroaching Mycosynth_SB": 872, "Mortify_SB": 1908, "Bandit's Haul": 175, "Bumbleflower's Sharepot": 369, "Volt Charge": 3310, "Great Arashin City_SB": 1263, "Stadium Headliner_SB": 2740, "Draconautics Engineer_SB": 769, "Underground Mortuary_SB": 3149, "Wind-Scarred Crag": 3377, "Jeskai Devotee": 1534, "Kin-Tree Nurturer": 1595, "Nightblade Brigade": 1963, "Stormplain Detainment": 2791, "Marshal of the Lost": 1806, "Sunset Strikemaster": 2824, "Seize Opportunity": 2527, "Dragonback Lancer": 782, "Venerated Stormsinger": 3254, "Elesh Norn": 850, "Slickshot Lockpicker": 2645, "Zur, Eternal Schemer_SB": 3440, "Portal to Phyrexia_SB": 2171, "Tarrian's Journal_SB": 2880, "Invasion of Arcavios_SB": 1492, "Youthful Valkyrie_SB": 3421, "Stormscale Scion": 2792, "Dracogenesis": 767, "Tempest Hart": 2891, "Battlefield Forge_SB": 196, "Purging Stormbrood": 2202, "Piercing Exhale": 2136, "Battle-Rage Blessing": 194, "Gnawing Crescendo": 1222, "Outlaws' Fury": 2050, "Ashnod's Intervention_SB": 133, "Distorted Curiosity_SB": 740, "Lightshield Parry": 1694, "Lightfoot Technique": 1687, "Lazav, Familiar Stranger": 1656, "Stormsplitter_SB": 2796, "Lazav, Familiar Stranger_SB": 1657, "Vengeful Bloodwitch_SB": 3256, "Rith, Liberated Primeval": 2378, "Djeru and Hazoret": 752, "Cacophony Scamp_SB": 384, "Samut, Vizier of Naktamun_SB": 2450, "Cactusfolk Sureshot": 386, "Meticulous Excavation": 1836, "Naga Fleshcrafter_SB": 1933, "Sagu Wildling_SB": 2441, "Host of the Hereafter_SB": 1418, "Bloomvine Regent_SB": 265, "Stillness in Motion_SB": 2772, "Stalwart Successor_SB": 2747, "Defossilize_SB": 684, "Valgavoth's Faithful_SB": 3217, "Naga Fleshcrafter": 1932, "Valley Flamecaller_SB": 3225, "Avenger of the Fallen_SB": 156, "Brightglass Gearhulk_SB": 341, "Bloodthirsty Conqueror_SB": 258, "Yathan Roadwatcher_SB": 3414, "Severance Priest_SB": 2546, "Electroduplicate": 846, "Karn's Sylex": 1564, "Intimidation Campaign_SB": 1479, "Assemble the Players": 137, "Neighborhood Guardian": 1947, "Imperious Perfect_SB": 1448}}