{"vocabulary": {"Cacophony Scamp": 394, "Callous Sell-Sword": 404, "Copperline Gorge": 578, "Emberheart Challenger": 883, "Giant Growth": 1200, "Heartfire Hero": 1370, "Karplusan Forest": 1602, "Leyline of Resonance": 1713, "Manifold Mouse": 1822, "Monastery Swiftspear": 1930, "Monstrous Rage": 1936, "Mountain": 1949, "Restless Ridgeline": 2387, "Shock": 2615, "Slickshot Show-Off": 2690, "Thornspire Verge": 3036, "Turn Inside Out": 3162, "Obliterating Bolt_SB": 2037, "Pawpatch Formation_SB": 2128, "Restless Ridgeline_SB": 2388, "Scorching Shot_SB": 2531, "Snakeskin Veil_SB": 2699, "Urabrask's Forge_SB": 3252, "Beza, the Bounding Spring": 222, "Cavern of Souls": 455, "Day of Judgment": 655, "Fabled Passage": 969, "Floodfarm Verge": 1087, "Forest": 1107, "Get Lost": 1177, "Hedge Maze": 1379, "Herd Migration": 1400, "Hushwood Verge": 1463, "Island": 1550, "Leyline Binding": 1710, "Lush Portico": 1787, "Maelstrom Pulse": 1796, "Meticulous Archive": 1866, "Overlord of the Floodpits": 2095, "Overlord of the Hauntwoods": 2097, "Overlord of the Mistmoors": 2099, "Pawpatch Formation": 2127, "Plains": 2182, "Shadowy Backstreet": 2592, "Split Up": 2764, "Sunfall": 2856, "Swamp": 2882, "Up the Beanstalk": 3248, "Zur, Eternal Schemer": 3494, "Authority of the Consuls_SB": 160, "Devout Decree_SB": 732, "Flashfreeze_SB": 1079, "Negate_SB": 1982, "Rest in Peace_SB": 2376, "Temporary Lockdown_SB": 2943, "The End_SB": 2971, "Tishana's Tidebinder_SB": 3097, "Tranquil Frillback_SB": 3134, "Scrollshift": 2542, "Temporary Lockdown": 2942, "Doppelgang_SB": 778, "Elspeth's Smite_SB": 873, "Ghost Vacuum_SB": 1193, "Not on My Watch_SB": 2022, "Anoint with Affliction": 88, "Bitter Triumph": 233, "Cut Down": 635, "Darkslick Shores": 646, "Doomsday Excruciator": 774, "Evangel of Synthesis": 938, "Gloomlake Verge": 1242, "Go for the Throat": 1248, "Jace, the Perfected Mind": 1562, "Overlord of the Balemurk": 2091, "Restless Reef": 2385, "Steamcore Scholar": 2800, "Undercity Sewers": 3204, "Underground River": 3206, "Valgavoth's Faithful": 3273, "Valgavoth, Terror Eater": 3277, "Zombify": 3488, "Cut Down_SB": 636, "Desecration Demon_SB": 718, "Duress_SB": 828, "Into the Flood Maw_SB": 1518, "Unholy Annex && Ritual Chamber_SB": 3217, "Wail of the Forgotten_SB": 3384, "Deep-Cavern Bat": 683, "Enduring Curiosity": 892, "Faerie Mastermind": 979, "Floodpits Drowner": 1089, "Fountainport": 1119, "Kaito, Bane of Nightmares": 1587, "Phantom Interference": 2146, "Preacher of the Schism": 2208, "Sheoldred, the Apocalypse": 2604, "Spyglass Siren": 2774, "Blot Out_SB": 280, "Disdainful Stroke_SB": 742, "Gix's Command_SB": 1216, "Gix, Yawgmoth Praetor_SB": 1218, "Malicious Eclipse_SB": 1818, "Nowhere to Run_SB": 2025, "Calamity, Galloping Inferno": 399, "Commercial District": 550, "Llanowar Elves": 1745, "Outcaster Trailblazer": 2081, "Overlord of the Boilerbilges": 2093, "Roxanne, Starfall Savant": 2448, "Smuggler's Surprise": 2696, "Spinewoods Armadillo": 2753, "Torch the Tower": 3118, "Trumpeting Carnosaur": 3155, "Vaultborn Tyrant": 3304, "Brotherhood's End_SB": 370, "Pick Your Poison_SB": 2167, "Scorching Dragonfire_SB": 2529, "Torch the Tower_SB": 3119, "Abhorrent Oculus": 2, "Adarkar Wastes": 18, "Chart a Course": 488, "Haughty Djinn": 1352, "Helping Hand": 1390, "Into the Flood Maw": 1517, "Moment of Truth": 1923, "No More Lies": 2008, "Picklock Prankster": 2168, "Recommission": 2331, "Seachrome Coast": 2547, "Sleight of Hand": 2685, "Soul Partition": 2713, "Three Steps Ahead": 3059, "Get Lost_SB": 1178, "Monastery Mentor_SB": 1928, "Silent Hallcreeper_SB": 2637, "Hired Claw": 1430, "Mirran Banesplitter": 1888, "Rockface Village": 2431, "Screaming Nemesis": 2540, "Witchstalker Frenzy": 3447, "Twisted Fealty_SB": 3174, "Witchstalker Frenzy_SB": 3448, "Battlefield Forge": 204, "Case of the Gateway Express": 430, "Gleeful Demolition": 1233, "Heroic Reinforcements": 1407, "Imodane's Recruiter": 1476, "Inspiring Vantage": 1511, "Knight-Errant of Eos": 1650, "Novice Inspector": 2023, "Resolute Reinforcements": 2370, "Shivan Reef": 2614, "Spirebluff Canal": 2758, "Splitskin Doll": 2766, "Warden of the Inner Sky": 3392, "Warleader's Call": 3396, "Destroy Evil_SB": 725, "Protect the Negotiators_SB": 2231, "Sheltered by Ghosts_SB": 2600, "Bushwhack": 390, "Lightning Strike": 1727, "Might of the Meek": 1875, "Questing Druid": 2253, "Snakeskin Veil": 2698, "Innkeeper's Talent_SB": 1497, "Questing Druid_SB": 2254, "Demonic Ruckus": 711, "Ethereal Armor": 935, "Feather of Flight": 1021, "Optimistic Scavenger": 2063, "Shardmage's Rescue": 2594, "Sheltered by Ghosts": 2599, "Lightning Helix_SB": 1726, "Duress": 827, "Founding the Third Path": 1116, "No One Left Behind": 2010, "Sheoldred's Edict": 2602, "Anoint with Affliction_SB": 89, "Dreams of Steel and Oil_SB": 814, "Glistening Deluge_SB": 1240, "Unstoppable Slasher_SB": 3239, "Overprotect": 2101, "Manifold Mouse_SB": 1823, "Screaming Nemesis_SB": 2541, "Blooming Marsh": 275, "Deadly Cover-Up": 665, "Demolition Field": 703, "Gix's Command": 1215, "Glissa Sunslayer": 1238, "Harvester of Misery": 1349, "Llanowar Wastes": 1750, "Outrageous Robbery": 2085, "Pillage the Bog": 2175, "Restless Cottage": 2381, "Sunken Citadel": 2859, "Tear Asunder": 2923, "Underground Mortuary": 3205, "Virtue of Persistence": 3342, "Aclazotz, Deepest Betrayal_SB": 15, "Breach the Multiverse_SB": 338, "Cruelclaw's Heist_SB": 612, "Deep-Cavern Bat_SB": 684, "Nissa, Ascended Animist_SB": 2004, "Outrageous Robbery_SB": 2086, "Tear Asunder_SB": 2924, "Aclazotz, Deepest Betrayal": 14, "Analyze the Pollen": 64, "Mosswood Dreadknight": 1947, "Scavenging Ooze": 2525, "Tranquil Frillback": 3133, "Vivien Reid": 3348, "Harvester of Misery_SB": 1350, "Liliana of the Veil_SB": 1732, "Liliana, Dreadhorde General_SB": 1734, "Maelstrom Pulse_SB": 1797, "Ertai Resurrected": 918, "Gix, Yawgmoth Praetor": 1217, "Mirrex": 1889, "Withering Torment_SB": 3450, "Lithomantic Barrage_SB": 1740, "Basilisk Collar_SB": 201, "Sheoldred, the Apocalypse_SB": 2605, "Elegant Parlor": 864, "Exorcise_SB": 945, "Archfiend of the Dross": 111, "Blot Out": 279, "Caves of Koilos": 458, "Concealed Courtyard": 554, "Legions to Ashes": 1702, "Nowhere to Run": 2024, "Restless Fortress": 2383, "Unholy Annex && Ritual Chamber": 3216, "Kaya, Intangible Slayer_SB": 1606, "Legions to Ashes_SB": 1703, "Sheoldred's Edict_SB": 2603, "Burst Lightning": 388, "Enduring Innocence": 894, "Entity Tracker": 909, "Gremlin Tamer": 1296, "Inquisitive Glimmer": 1499, "Restless Anchorage": 2377, "Silent Hallcreeper": 2636, "No More Lies_SB": 2009, "Ossification_SB": 2076, "Overlord of the Mistmoors_SB": 2100, "Beseech the Mirror": 217, "Blackcleave Cliffs": 236, "Blazemire Verge": 245, "Bloodletter of Aclazotz": 265, "Caustic Bronco": 449, "Disturbing Mirth": 761, "Liliana of the Veil": 1731, "Phyrexian Obliterator": 2161, "Restless Vents": 2391, "Spiteful Hexmage": 2760, "Sulfurous Springs": 2848, "Tinybones, the Pickpocket": 3093, "Back for Seconds_SB": 176, "Case of the Stashed Skeleton_SB": 437, "Homicide Investigator_SB": 1439, "Leyline of the Void_SB": 1719, "Archangel Elspeth": 103, "Caretaker's Talent": 420, "Carrot Cake": 425, "Lay Down Arms": 1692, "Virtue of Loyalty": 3340, "Boon-Bringer Valkyrie_SB": 301, "Split Up_SB": 2765, "Soulstone Sanctuary": 2726, "Unstoppable Slasher": 3238, "Choking Miasma_SB": 496, "Scavenging Ooze_SB": 2526, "Vivien Reid_SB": 3349, "Arabella, Abandoned Doll": 93, "Clockwork Percussionist": 524, "Dreadmaw's Ire": 808, "Picnic Ruiner": 2169, "Thran Portal": 3050, "Furnace Reins_SB": 1147, "Wear Down_SB": 3410, "Witch's Mark_SB": 3445, "Boros Charm": 303, "Fugitive Codebreaker": 1136, "Raucous Carnival": 2303, "Restless Bivouac": 2379, "Dewdrop Cure_SB": 734, "Fugitive Codebreaker_SB": 1137, "Pyroclasm_SB": 2245, "Requisition Raid_SB": 2369, "Mockingbird": 1909, "Painter's Studio && Defaced Gallery": 2115, "Soul Partition_SB": 2714, "Dreams of Steel and Oil": 813, "Sentinel of the Nameless City": 2579, "Render Inert_SB": 2361, "Kitnap_SB": 1641, "Goddric, Cloaked Reveler": 1258, "Squee, Dubious Monarch": 2776, "Negate": 1981, "Abyssal Harvester": 10, "Kaito, Bane of Nightmares_SB": 1588, "Twinferno": 3166, "Two-Headed Hunter": 3178, "Lightning Helix": 1725, "Sun-Blessed Healer": 2850, "Temple of Triumph": 2941, "Campus Renovation_SB": 407, "Loran of the Third Path_SB": 1765, "Scrollshift_SB": 2543, "Glimpse the Core": 1236, "Obliterating Bolt": 2036, "Up the Beanstalk_SB": 3249, "Shock_SB": 2617, "Botanical Sanctum": 310, "Dissection Tools": 754, "Enduring Vitality": 898, "Roaring Furnace && Steaming Sauna": 2426, "Song of Totentanz": 2707, "Stormchaser's Talent": 2827, "Tarnation Vista": 2918, "This Town Ain't Big Enough": 3030, "Thundertrap Trainer": 3081, "Unable to Scream": 3194, "Valley Floodcaller": 3282, "Yavimaya Coast": 3471, "Dissection Tools_SB": 755, "Herbology Instructor_SB": 1397, "Unable to Scream_SB": 3195, "Valley Floodcaller_SB": 3283, "Volcanic Spite_SB": 3361, "Elspeth's Smite": 872, "Mazemind Tome": 1847, "Atraxa, Grand Unifier": 151, "Not on My Watch": 2021, "Cavern of Souls_SB": 456, "Planar Disruption_SB": 2185, "The Stone Brain_SB": 3014, "Boltwave": 287, "Splitskin Doll_SB": 2767, "Case of the Crimson Pulse_SB": 428, "Crystal Barricade_SB": 623, "Brushland": 372, "Nissa, Ascended Animist": 2003, "Razorverge Thicket": 2314, "The Eternal Wanderer": 2973, "Beza, the Bounding Spring_SB": 223, "Clement, the Worrywort": 521, "Pond Prophet": 2198, "Dour Port-Mage": 781, "Long River Lurker": 1756, "Dreamdew Entrancer": 811, "Mistbreath Elder": 1902, "Sunshower Druid": 2862, "Splash Portal": 2762, "Valley Mightcaller": 3284, "Three Tree Scribe": 3063, "Oakhollow Village": 2032, "Lilypad Village": 1735, "Virtue of Courage": 3336, "Heartflame Duelist_SB": 1374, "Slagstorm_SB": 2680, "Kellan, Planar Trailblazer": 1622, "Sunspine Lynx_SB": 2865, "Bloodthirsty Conqueror_SB": 270, "Season of the Burrow_SB": 2562, "Archangel Elspeth_SB": 104, "The Eternal Wanderer_SB": 2974, "Bitter Reunion": 231, "Aetherize_SB": 27, "Floodpits Drowner_SB": 1090, "Roaring Furnace && Steaming Sauna_SB": 2427, "Mountain_SB": 1950, "Kiora, the Rising Tide": 1635, "Unsummon": 3240, "Elesh Norn, Mother of Machines": 869, "Three Steps Ahead_SB": 3060, "Kaito, Cunning Infiltrator": 1589, "Sphinx of Forgotten Lore": 2747, "Tishana's Tidebinder": 3096, "Feldon's Cane_SB": 1031, "Soul-Guide Lantern_SB": 2719, "Aftermath Analyst": 29, "Mudflat Village": 1954, "Pitiless Carnage": 2179, "Iridescent Vinelasher": 1547, "Spelunking": 2746, "Evolving Wilds": 941, "Escape Tunnel": 922, "Nissa, Resurgent Animist": 2005, "Lumra, Bellow of the Woods": 1781, "Glissa Sunslayer_SB": 1239, "Virtue of Persistence_SB": 3343, "Brotherhood's End": 369, "Demonic Pact": 709, "Final Vengeance": 1062, "Harmless Offering": 1344, "Hopeless Nightmare": 1444, "Raucous Theater": 2305, "Tinybones Joins Up": 3089, "Urabrask's Forge": 3251, "Archfiend of the Dross_SB": 112, "Feed the Swarm_SB": 1029, "Hostile Investigator_SB": 1451, "Torpor Orb_SB": 3124, "Spell Stutter": 2741, "Loot, Exuberant Explorer": 1760, "Felidar Retreat": 1035, "Conduit Pylons": 555, "Arid Archway": 122, "Mossborn Hydra": 1945, "Herald of Eternal Dawn": 1392, "Ossification": 2075, "Demolition Field_SB": 704, "Giant Cindermaw_SB": 1199, "Fires of Victory": 1068, "Capricious Hellraiser": 414, "Chandra, Hope's Beacon": 473, "Brass's Tunnel-Grinder": 331, "Ill-Timed Explosion": 1473, "Thundering Falls": 3077, "Season of Weaving": 2559, "Artist's Talent": 131, "Ral, Crackling Wit": 2287, "Roaring Furnace // Steaming Sauna": 2428, "Abrade_SB": 5, "Betrayer's Bargain_SB": 221, "Virtue of Knowledge_SB": 3339, "Ral, Crackling Wit_SB": 2288, "Bandit's Talent": 186, "Braids, Arisen Nightmare": 322, "Nurturing Pixie": 2028, "Loran of the Third Path": 1764, "Tithing Blade": 3102, "Zoraline, Cosmos Caller": 3490, "Shardmage's Rescue_SB": 2595, "Unholy Annex // Ritual Chamber": 3218, "Fade from History_SB": 971, "Elenda, Saint of Dusk_SB": 867, "Azure Beastbinder": 173, "Shoot the Sheriff": 2620, "Deadly Cover-Up_SB": 666, "Jace, the Perfected Mind_SB": 1563, "Caustic Bronco_SB": 450, "Dead Weight": 660, "Faerie Dreamthief": 976, "Fallaji Archaeologist": 985, "Gixian Puppeteer": 1220, "Gnawing Vermin": 1246, "Invasion of Amonkhet": 1524, "Kitesail Larcenist": 1639, "Revenge of the Rats": 2399, "Terror Ballista": 2950, "The Ancient One": 2963, "Wail of the Forgotten": 3383, "Razorlash Transmogrant_SB": 2312, "Reclamation Sage_SB": 2330, "Innkeeper's Talent": 1496, "Ghitu Lavarunner": 1190, "Heartflame Duelist": 1373, "Mishra's Foundry": 1900, "Viashino Pyromancer": 3325, "Spinner of Souls": 2756, "Rush of Dread": 2467, "Pitiless Carnage_SB": 2180, "Not Dead After All_SB": 2020, "Scorching Shot": 2530, "Unholy Annex // Ritual Chamber_SB": 3219, "Case of the Crimson Pulse": 427, "Thrill of Possibility": 3066, "Artist's Talent_SB": 132, "Blooming Blast_SB": 274, "Djeru and Hazoret": 768, "Elenda, Saint of Dusk": 866, "Garna, Bloodfist of Keld": 1158, "Hajar, Loyal Bodyguard": 1322, "Honest Rutstein": 1440, "Inti, Seneschal of the Sun": 1513, "Jodah, the Unifier": 1574, "Kellan, Daring Traveler": 1619, "Kellan, the Kid": 1625, "Plaza of Heroes": 2187, "Relic of Legends": 2354, "Rona, Herald of Invasion": 2442, "Secluded Courtyard": 2566, "Sigarda, Font of Blessings": 2634, "Ertai Resurrected_SB": 919, "Jirina, Dauntless General_SB": 1573, "Malcolm, Alluring Scoundrel": 1814, "Spectral Sailor": 2737, "Opt": 2061, "Proft's Eidetic Memory": 2221, "Subterranean Schooner": 2844, "Azure Beastbinder_SB": 174, "Plumecreed Escort_SB": 2189, "Shore Up_SB": 2623, "Untimely Malfunction_SB": 3243, "Ethereal Armor_SB": 936, "Bloodthirsty Conqueror": 269, "Enduring Tenacity": 896, "Abyssal Harvester_SB": 11, "Cathar Commando": 444, "Knight of Grace": 1648, "Ajani, Caller of the Pride_SB": 41, "Phyrexian Fleshgorger": 2157, "Phyrexian Fleshgorger_SB": 2158, "Go for the Throat_SB": 1249, "Doorkeeper Thrull_SB": 776, "Faerie Mastermind_SB": 980, "Sunfall_SB": 2857, "Rottenmouth Viper": 2446, "Molten Collapse": 1914, "Parting Gust": 2123, "Season of the Burrow": 2561, "Serra Paragon_SB": 2583, "Assassin's Trophy": 142, "Temple of Malady": 2936, "Painter's Studio // Defaced Gallery": 2117, "Painter's Studio // Defaced Gallery_SB": 2118, "Disfigure": 745, "Kaito, Cunning Infiltrator_SB": 1590, "Preacher of the Schism_SB": 2209, "Bloodfeather Phoenix": 260, "Stoke the Flames": 2820, "Ball Lightning": 180, "Abraded Bluffs": 6, "Grab the Prize": 1271, "Lyra Dawnbringer_SB": 1789, "Metropolis Reformer_SB": 1870, "Virtue of Courage_SB": 3337, "Faebloom Trick": 974, "Case of the Uneaten Feast": 438, "Fiendish Panda": 1052, "Hinterland Sanctifier": 1428, "Exemplar of Light": 942, "Authority of the Consuls": 159, "Amalia Benavides Aguirre": 55, "Sword of Once and Future_SB": 2893, "Combat Research": 547, "Plumecreed Escort": 2188, "Get Out": 1179, "Shore Up": 2622, "Fear of Impostors": 1006, "Haughty Djinn_SB": 1353, "Brineborn Cutthroat_SB": 354, "Horned Loch-Whale_SB": 1447, "Flow of Knowledge_SB": 1095, "Ertai's Scorn_SB": 921, "Urza's Rebuff_SB": 3266, "White Sun's Twilight": 3420, "Heaped Harvest": 1369, "Hero's Downfall": 1404, "Kaya, Intangible Slayer": 1605, "Liliana, Dreadhorde General": 1733, "Temple of Plenty": 2939, "Temple of Silence": 2940, "Mortify_SB": 1944, "White Sun's Twilight_SB": 3421, "Withering Torment": 3449, "Bitter Triumph_SB": 234, "Shoot the Sheriff_SB": 2621, "Razorkin Needlehead_SB": 2310, "Felonious Rage": 1041, "Aven Interrupter": 162, "Horned Loch-Whale": 1446, "Brineborn Cutthroat": 353, "Say Its Name": 2510, "Altanak, the Thrice-Called": 54, "Desecration Demon": 717, "Blue Sun's Twilight_SB": 283, "Overlord of the Floodpits_SB": 2096, "Cease // Desist_SB": 460, "Lay Down Arms_SB": 1693, "Gatekeeper of Malakir": 1168, "Vampire Nighthawk": 3294, "Kalastria Highborn": 1593, "Ichor Drinker": 1469, "Driver of the Dead": 817, "Nullpriest of Oblivion": 2026, "Pulse Tracker": 2238, "Infestation Sage": 1493, "Vengeful Bloodwitch": 3311, "Sheoldred_SB": 2606, "Fireglass Mentor": 1067, "Flamecache Gecko": 1073, "Gev, Scaled Scorch": 1183, "Laughing Jasper Flint": 1687, "Thought-Stalker Warlock": 3041, "Valley Flamecaller": 3281, "Terror of the Peaks": 2953, "Invasion of Zendikar": 1542, "Chimil, the Inner Sun_SB": 493, "Thrun, Breaker of Silence_SB": 3072, "Obstinate Baloth_SB": 2041, "Urborg Scavengers_SB": 3258, "Vraska, Betrayal's Sting_SB": 3379, "Pilfer_SB": 2174, "Serra Paragon": 2582, "Annex Sentry_SB": 81, "Cynical Loner": 638, "The Infamous Cruelclaw": 2983, "Etali, Primal Conqueror": 930, "Coiling Rebirth": 530, "Push // Pull": 2240, "The Infamous Cruelclaw_SB": 2984, "Overlord of the Balemurk_SB": 2092, "Undergrowth Recon": 3209, "Walk-In Closet // Forgotten Cellar": 3386, "Errant and Giada": 916, "The Wandering Rescuer": 3020, "Lost Jitte": 1771, "Invasion of Gobakhan_SB": 1530, "Joust Through_SB": 1581, "Twinflame Tyrant": 3168, "Invasion of Tarkir": 1538, "Carnelian Orb of Dragonkind": 422, "Stingerback Terror": 2811, "Sarkhan, Soul Aflame": 2501, "An Offer You Can't Refuse": 61, "Slagstorm": 2679, "An Offer You Can't Refuse_SB": 62, "Omniscience": 2057, "The Cruelty of Gix": 2965, "Squirming Emergence": 2778, "Drag to the Roots_SB": 789, "Unwanted Remake_SB": 3245, "Sanguine Evangelist": 2494, "Archangel of Wrath": 107, "Destroy Evil": 724, "Unwanted Remake": 3244, "Deduce": 679, "Refute": 2343, "Chrome Host Seedshark_SB": 498, "Curator of Destinies_SB": 630, "Day of Judgment_SB": 656, "High Noon_SB": 1423, "Buried in the Garden": 381, "Clifftop Lookout": 522, "Fecund Greenshell": 1023, "Genesis Wave": 1173, "Tender Wildguide": 2946, "Wrenn and Realmbreaker": 3461, "Spellbook Vendor": 2743, "Valgavoth's Lair": 3274, "Trapped in the Screen_SB": 3138, "Change the Equation_SB": 480, "Greedy Freebooter": 1291, "Feed the Cycle": 1025, "Scavenger's Talent": 2524, "Llanowar Greenwidow": 1747, "Dragonhawk, Fate's Tempest": 797, "Scorching Dragonfire": 2528, "Zurgo and Ojutai": 3495, "Elesh Norn, Mother of Machines_SB": 870, "Final Showdown_SB": 1061, "Subterranean Schooner_SB": 2845, "Vraska, Betrayal's Sting": 3378, "Pillage the Bog_SB": 2176, "Exorcise": 944, "Disenchant_SB": 744, "Worldsoul's Rage": 3455, "Virtue of Strength": 3344, "War Squeak": 3389, "Hero's Downfall_SB": 1405, "Boros Charm_SB": 304, "Roaring Furnace // Steaming Sauna_SB": 2429, "Case of the Stashed Skeleton": 436, "Rankle's Prank": 2296, "Greed's Gambit": 1289, "Molten Collapse_SB": 1915, "Sire of Seven Deaths_SB": 2651, "Builder's Talent": 375, "Green Sun's Twilight": 1292, "Lukka, Bound to Ruin": 1775, "Ashroot Animist": 139, "Polukranos Reborn": 2196, "Ruby, Daring Tracker": 2453, "Hard-Hitting Question_SB": 1341, "Muerra, Trash Tactician_SB": 1956, "Urgent Necropsy_SB": 3263, "Soulless Jailer_SB": 2723, "Surge of Salvation_SB": 2871, "Archangel of Wrath_SB": 108, "Tyrranax Rex_SB": 3184, "Imodane's Recruiter_SB": 1477, "Barbed Batterfist": 193, "Embereth Veteran": 882, "Bloodfeather Phoenix_SB": 261, "Jaya, Fiery Negotiator_SB": 1567, "Drannith Ruins": 807, "Disfigure_SB": 746, "Fear of Missing Out": 1014, "Koma, World-Eater": 1658, "The Elder Dragon War": 2968, "Valgavoth, Terror Eater_SB": 3278, "Agatha's Soul Cauldron": 33, "Arcanis the Omnipotent": 101, "Primal Might": 2212, "Enduring Curiosity_SB": 893, "Luminous Rebuke": 1779, "Seized from Slumber": 2574, "Steel Seraph": 2804, "Cathar Commando_SB": 445, "Case of the Filched Falcon": 429, "Regal Bunnicorn": 2345, "Unidentified Hovership": 3220, "Zoetic Glyph": 3486, "Fear of Impostors_SB": 1007, "Smash to Dust_SB": 2693, "Fae Flight": 972, "Aloe Alchemist": 53, "Audacity": 153, "Cunning Coyote": 627, "Ferocification_SB": 1046, "Lightning Strike_SB": 1728, "Audacity_SB": 154, "Cache Grab": 392, "Cease // Desist": 459, "Demand Answers": 702, "Stormsplitter": 2832, "Lord Skitter, Sewer King_SB": 1770, "Starfall Invocation": 2787, "Hunter's Talent": 1459, "Sleep-Cursed Faerie": 2684, "Change the Equation": 479, "Tough Cookie": 3125, "Gingerbrute": 1208, "Surge Engine": 2868, "Teething Wurmlet": 2927, "Hard-Hitting Question": 1340, "Restless Vinestalk": 2393, "Tyvar's Stand_SB": 3187, "Repulsive Mutation_SB": 2366, "Haywire Mite_SB": 1361, "Toby, Beastie Befriender": 3105, "Overprotect_SB": 2102, "Long River's Pull": 1757, "Geological Appraiser": 1174, "Kogla and Yidaro_SB": 1654, "Lukka, Bound to Ruin_SB": 1776, "Roxanne, Starfall Savant_SB": 2449, "Starscape Cleric": 2790, "Bladecoil Serpent_SB": 238, "Darkstar Augur_SB": 648, "Pyroclasm": 2244, "Tinybones, Bauble Burglar": 3091, "Long Goodbye_SB": 1755, "Sphinx of Forgotten Lore_SB": 2748, "Ashnod's Intervention": 138, "Razortrap Gorge": 2313, "Abrade": 4, "Farsight Ritual": 994, "Black Sun's Twilight": 235, "Freestrider Lookout": 1122, "Kaervek, the Punisher_SB": 1586, "Keen-Eyed Curator": 1612, "Tyvar, the Pummeler": 3189, "Surrak, the Hunt Caller": 2881, "Pawpatch Recruit": 2129, "Wildborn Preserver_SB": 3425, "Tail Swipe_SB": 2905, "Regal Caracal": 2347, "Vengeful Possession_SB": 3313, "Valley Questcaller": 3285, "Mabel, Heir to Cragflame": 1792, "Witch's Mark": 3444, "Stromkirk Noble": 2841, "Searslicer Goblin": 2553, "Coppercoat Vanguard": 576, "Reclamation Sage": 2329, "Case of the Locked Hothouse_SB": 433, "Surge of Salvation": 2870, "Thrun, Breaker of Silence": 3071, "Ajani's Pridemate": 39, "Arahbo, the First Fang": 96, "Banishing Light": 188, "Joust Through": 1580, "Prideful Parent": 2211, "Savannah Lions": 2504, "Skyknight Squire": 2672, "Banishing Light_SB": 189, "Claws Out_SB": 517, "Raise the Past_SB": 2277, "Kutzil's Flanker_SB": 1675, "Sentinel of the Nameless City_SB": 2580, "Koth, Fire of Resistance_SB": 1663, "Grand Entryway // Elegant Rotunda": 1279, "Getaway Glamer": 1181, "Sharp-Eyed Rookie": 2596, "Moment of Craving_SB": 1921, "Rite of the Moth": 2415, "Yotian Frontliner": 3475, "Cityscape Leveler": 506, "Sire of Seven Deaths": 2650, "Anim Pakal, Thousandth Moon": 76, "Jirina, Dauntless General": 1572, "Recruitment Officer": 2333, "Deathmark_SB": 674, "Knight of Grace_SB": 1649, "Insidious Roots": 1505, "Kami of Whispered Hopes": 1596, "Kitsa, Otterball Elite": 1642, "Lively Dirge": 1742, "Osteomancer Adept": 2077, "Seed of Hope": 2568, "Skyfisher Spider": 2670, "Twitching Doll": 3176, "Tyvar, Jubilant Brawler": 3188, "Voldaren Thrillseeker": 3363, "Arcanis the Omnipotent_SB": 102, "Feed the Cycle_SB": 1026, "Insidious Fungus_SB": 1504, "Stab_SB": 2780, "Enduring Innocence_SB": 895, "Ruin-Lurker Bat": 2455, "Healer's Hawk": 1368, "Dazzling Denial": 658, "Empyrean Eagle": 885, "Lupinflower Village": 1785, "Coruscation Mage": 590, "Firebrand Archer": 1065, "Blooming Blast": 273, "Bloated Contaminator": 254, "Elusive Otter": 876, "Ivy, Gleeful Spellthief": 1554, "Jawbone Duelist": 1565, "Skrelv, Defector Mite": 2660, "Venerated Rotpriest": 3309, "Skrelv's Hive": 2658, "Aspirant's Ascent": 140, "Bring the Ending": 355, "Fleeting Reflection": 1083, "High Stride": 1424, "Prologue to Phyresis": 2226, "Enter the Enigma": 907, "Crawling Chorus": 606, "Infectious Bite": 1489, "Distorted Curiosity": 756, "Bring the Ending_SB": 356, "Prologue to Phyresis_SB": 2227, "Skrelv's Hive_SB": 2659, "This Town Ain't Big Enough_SB": 3031, "Distorted Curiosity_SB": 757, "Aspirant's Ascent_SB": 141, "High Stride_SB": 1425, "Fleeting Reflection_SB": 1084, "Enter the Enigma_SB": 908, "Elusive Otter_SB": 877, "Temple of Deceit": 2933, "Requisition Raid": 2368, "Doubling Season": 779, "Elegant Parlor_SB": 865, "Pawpatch Recruit_SB": 2130, "Deeproot Wayfinder": 687, "Fountainport_SB": 1121, "Restless Cottage_SB": 2382, "Scrapshooter": 2534, "Witness Protection_SB": 3452, "Phyrexian Arena": 2152, "Resplendent Angel": 2372, "Youthful Valkyrie": 3476, "Giada, Font of Hope": 1196, "Boon-Bringer Valkyrie": 300, "Lyra Dawnbringer": 1788, "Guardian of Ghirapur": 1312, "Archangel of Tithes": 105, "Invasion of Regatha": 1536, "Witness Protection": 3451, "Calamity's Wake_SB": 398, "Assimilation Aegis": 144, "Braided Net": 320, "Fabrication Foundry": 970, "Fomori Vault": 1100, "Fumigate": 1139, "Simulacrum Synthesizer": 2645, "The Mightstone and Weakstone": 2994, "Thran Spider": 3051, "Unstable Glyphbridge": 3235, "Kaervek, the Punisher": 1585, "Cheeky House-Mouse": 490, "Flowerfoot Swordmaster": 1096, "Hammerhand": 1332, "Sawblade Scamp": 2507, "Tectonic Hazard_SB": 2926, "Essence Channeler": 925, "Citanul Stalwart": 505, "Dwynen's Elite": 839, "Elvish Archdruid": 878, "Imperious Perfect": 1480, "Leaf-Crowned Visionary": 1695, "Llanowar Loamspeaker": 1748, "Surrak and Goreclaw": 2877, "Three Tree City": 3061, "Tyvar the Bellicose": 3185, "Dwynen, Gilt-Leaf Daen_SB": 841, "Ephara's Dispersal": 911, "Unsummon_SB": 3241, "Burst Lightning_SB": 389, "Invasion of Tarkir_SB": 1539, "Sorcerous Spyglass_SB": 2712, "Knight of Dawn's Light": 1644, "Raise the Past": 2276, "Elas il-Kor, Sadistic Pilgrim": 859, "Helpful Hunter": 1389, "Leyline of Hope_SB": 1712, "Enduring Tenacity_SB": 897, "Massacre Wurm_SB": 1842, "Chupacabra Echo": 499, "Razorlash Transmogrant": 2311, "Huskburster Swarm_SB": 1465, "Season of Loss_SB": 2558, "Terror Tide_SB": 2952, "Hearthborn Battler": 1377, "Glass Casket": 1226, "Runic Shot_SB": 2465, "Vampire Nighthawk_SB": 3295, "Basilisk Collar": 200, "Prophetic Prism": 2229, "Eaten Alive": 847, "Souls of the Lost": 2724, "Rottenmouth Viper_SB": 2447, "Phyrexian Arena_SB": 2153, "Norn's Inquisitor": 2017, "Dusk Rose Reliquary": 830, "Spring-Loaded Sawblades": 2771, "Guardian of the Great Door": 1314, "Lonely Arroyo": 1753, "Abandoned Campground": 1, "Sunder the Gateway_SB": 2855, "Hop to It": 1441, "Ratcatcher Trainee": 2301, "Midnight Mayhem": 1873, "Scytheclaw Raptor_SB": 2546, "Phoenix Chick": 2150, "Impact Tremors": 1478, "Electrostatic Infantry": 863, "Reckless Lackey": 2326, "Kindlespark Duo": 1632, "Rodeo Pyromancers": 2434, "The Autonomous Furnace": 2964, "Ral's Reinforcements": 2286, "Skewer Slinger_SB": 2653, "Deadeye Duelist_SB": 662, "Thunder Salvo_SB": 3073, "Wrenn's Resolve": 3464, "Khenra Spellspear": 1629, "Fear of Being Hunted": 1002, "Frenzied Goblin_SB": 1125, "Vile Mutilator": 3329, "Shroudstomper": 2630, "Gloomfang Mauler": 1241, "Possessed Goat": 2204, "Live or Die": 1741, "Commune with Evil": 551, "Scoured Barrens": 2533, "Tocasia's Dig Site": 3107, "Magebane Lizard_SB": 1801, "Eddymurk Crab": 851, "Tolarian Terror": 3111, "Thornwood Falls": 3038, "Confounding Riddle": 558, "Monstrous Emergence_SB": 1935, "Maze's End": 1845, "Expedition Map": 946, "Orzhov Guildgate": 2072, "Rakdos Guildgate": 2278, "Selesnya Guildgate": 2576, "Simic Guildgate": 2644, "Izzet Guildgate": 1558, "Azorius Guildgate": 172, "Boros Guildgate": 306, "Dimir Guildgate": 737, "Golgari Guildgate": 1265, "Gruul Guildgate": 1308, "Circuitous Route": 504, "Beanstalk Wurm": 208, "Urborg Repossession": 3255, "Malicious Eclipse": 1817, "Insidious Fungus": 1503, "Muldrotha, the Gravetide": 1957, "Tatyova, Benthic Druid": 2920, "Savor_SB": 2506, "Atraxa's Fall_SB": 150, "Desperate Bloodseeker_SB": 721, "Brightblade Stoat_SB": 350, "Ravine Raider": 2307, "Agate-Blade Assassin": 31, "Scales of Shale": 2516, "Jagged Barrens": 1564, "Outlaws' Fury": 2083, "Bake into a Pie_SB": 178, "Hazardous Blast_SB": 1362, "Turn Inside Out_SB": 3163, "Agate Assault_SB": 30, "Norin, Swift Survivalist": 2015, "Vicious Clown": 3327, "Irreverent Gremlin": 1549, "Goblin Surprise": 1257, "Wind-Scarred Crag": 3432, "Elesh Norn": 868, "Dewdrop Cure": 733, "Krenko, Mob Boss": 1670, "Involuntary Employment_SB": 1546, "Union of the Third Path": 3222, "Teferi, Temporal Pilgrim": 2928, "Portal to Phyrexia": 2202, "Flow of Knowledge": 1094, "Soul-Guide Lantern": 2718, "Essence Scatter": 927, "Idyllic Beachfront": 1472, "Contaminated Aquifer": 568, "Terramorphic Expanse": 2949, "Vanish into Eternity": 3299, "Marauding Brinefang": 1828, "Deadly Riposte_SB": 669, "Vanish into Eternity_SB": 3300, "Coppercoat Vanguard_SB": 577, "Garna, Bloodfist of Keld_SB": 1159, "Coati Scavenger": 528, "Ozolith, the Shattered Spire": 2111, "Rubblebelt Maverick": 2452, "Snarling Gorehound": 2701, "Strangled Cemetery": 2833, "Ambush Wolf_SB": 58, "Dead Weight_SB": 661, "Fog of War_SB": 1099, "Voracious Varmint_SB": 3369, "Hidetsugu's Second Rite": 1420, "Wrenn's Resolve_SB": 3465, "Ghitu Lavarunner_SB": 1191, "Boulderbranch Golem": 315, "Fierce Empath": 1054, "Galewind Moose": 1152, "Gossip's Talent": 1270, "Gruff Triplets": 1307, "Lush Oasis": 1786, "Mirage Mesa": 1886, "Outcaster Greenblade": 2080, "Tyrranax Rex": 3183, "Sunshower Druid_SB": 2863, "Patchwork Banner": 2125, "Etched Cornfield": 933, "Hare Apparent": 1343, "Banner of Kinship": 190, "Kayla's Reconstruction": 1610, "Baylen, the Haymaker": 206, "Rugged Highlands": 2454, "Blossoming Sands": 277, "Hinterland Sanctifier_SB": 1429, "Dragon Fodder": 790, "Enduring Courage": 890, "Dollmaker's Shop // Porcelain Gallery": 770, "Griffnaut Tracker_SB": 1301, "Keldon Strike Team_SB": 1616, "Midnight Reaper": 1874, "Nezumi Linkbreaker": 1995, "Bartolom\u00e9 del Presidio": 197, "Vampire Gourmand": 3292, "Neglected Manor": 1983, "Forlorn Flats": 1111, "Soul-Shackled Zombie_SB": 2721, "Corrupt": 586, "Savor": 2505, "Servant of the Stinger": 2586, "Moment of Craving": 1920, "Desperate Bloodseeker": 720, "Candy Trail": 410, "Marauding Blight-Priest": 1827, "Murder": 1960, "Sanguine Indulgence_SB": 2496, "Spellgyre": 2744, "Aetherize": 26, "Swiftwater Cliffs": 2888, "Tranquil Cove": 3131, "Quick Study": 2256, "Peculiar Lighthouse": 2132, "Union of the Third Path_SB": 3223, "Tolarian Terror_SB": 3112, "Defiled Crypt // Cadaver Lab": 696, "Blanchwood Prowler": 240, "Cult Conscript": 625, "Osseous Sticktwister": 2074, "Drag to the Roots": 788, "Jungle Hollow": 1584, "Deadly Brew": 663, "Bulk Up": 377, "Chandra, Flameshaper": 471, "Swiftblade Vindicator": 2885, "Leyline Axe": 1709, "The Jolly Balloon Man": 2986, "Sporogenic Infection": 2768, "Commune with Evil_SB": 552, "Fear of Missing Out_SB": 1015, "Archmage of Runes": 113, "Metamorphic Blast": 1864, "Don't Make a Sound": 772, "Ertai's Scorn": 920, "Curate": 629, "Unauthorized Exit": 3196, "The Tale of Tamiyo_SB": 3019, "Strix Lookout_SB": 2838, "Harrier Strix_SB": 1348, "Twist Reality_SB": 3172, "Forsaken Miner": 1112, "Thought-Stalker Warlock_SB": 3042, "Arcane Proxy": 100, "Demonic Counsel": 705, "Render Inert": 2360, "Kaito, Dancing Shadow_SB": 1592, "Likeness Looter": 1730, "Minor Misstep_SB": 1884, "Royal Treatment": 2450, "Royal Treatment_SB": 2451, "Karplusan Forest_SB": 1603, "Grand Entryway && Elegant Rotunda": 1278, "Chainsaw_SB": 470, "Flamewake Phoenix_SB": 1076, "Drag the Canal_SB": 786, "Stingerback Terror_SB": 2812, "Scatter Ray_SB": 2519, "Phantom Interference_SB": 2147, "The Huntsman's Redemption": 2981, "Balustrade Wurm_SB": 184, "Argoth, Sanctum of Nature": 121, "Cosmic Rebirth": 592, "Elvish Regrower": 881, "Springbloom Druid": 2773, "Titania, Voice of Gaea": 3100, "Tolsimir, Midnight's Light": 3113, "Invasion of Ixalan": 1532, "Bristlebud Farmer_SB": 359, "Stoic Sphinx_SB": 2819, "Twisted Fealty": 3173, "Temple of Malice": 2937, "Cruelclaw's Heist": 611, "Aegis Turtle_SB": 22, "Protect the Negotiators": 2230, "Night of the Sweets' Revenge": 1997, "Welcome to Sweettooth": 3414, "Collector's Vault": 538, "See Double_SB": 2567, "Cosmium Confluence_SB": 595, "Volatile Fault_SB": 3359, "Calix, Guided by Fate": 401, "Break Out": 342, "Cenote Scout": 463, "Violent Urge": 3332, "Wildfire Wickerfolk": 3427, "Piggy Bank": 2170, "Vraska's Fall": 3376, "The Filigree Sylex_SB": 2977, "Armored Armadillo": 125, "Elvish Archivist": 879, "Toadstool Admirer": 3104, "Calix, Guided by Fate_SB": 402, "Divine Resilience_SB": 767, "Unflinching Courage_SB": 3215, "Valorous Stance_SB": 3291, "Ephara's Dispersal_SB": 912, "Ajani, Caller of the Pride": 40, "Tail Swipe": 2904, "Fiery Annihilation_SB": 1056, "Crash Through": 602, "Drake Hatcher": 801, "Restless Spire": 2389, "Slick Sequence": 2688, "Abhorrent Oculus_SB": 3, "Feed the Swarm": 1028, "Crawling Barrens": 605, "Mazemind Tome_SB": 1848, "Cryptic Coat": 618, "Cryptic Coat_SB": 619, "Neutralize the Guards_SB": 1990, "Tinybones Joins Up_SB": 3090, "Parting Gust_SB": 2124, "Bandit's Talent_SB": 187, "Trygon Predator_SB": 3156, "Bonny Pall, Clearcutter_SB": 295, "Dwynen, Gilt-Leaf Daen": 840, "Lathril, Blade of the Elves": 1685, "Wildborn Preserver": 3424, "Assassin's Trophy_SB": 143, "Leonin Vanguard": 1705, "Angel of Vitality": 73, "Extinguish the Light_SB": 960, "Breach the Multiverse": 337, "Voracious Greatshark": 3368, "The Irencrag": 2985, "Nine-Lives Familiar": 2002, "The End": 2970, "Wildwood Scourge": 3428, "Mild-Mannered Librarian": 1878, "Charming Prince": 485, "Gnarlid Colony": 1245, "Wary Thespian": 3401, "Dazzling Angel": 657, "Inspiring Paladin": 1510, "Good-Fortune Unicorn": 1269, "Felidar Savior": 1037, "Armasaur Guide": 124, "Felling Blow": 1040, "Biogenic Upgrade": 227, "Inspiring Call": 1507, "Pacifism": 2112, "Anthem of Champions": 92, "Kaito, Dancing Shadow": 1591, "Lavaspur Boots": 1690, "Rite of Replication": 2412, "Swiftfoot Boots_SB": 2887, "Knight of Dusk's Shadow_SB": 1647, "Charming Scoundrel": 486, "Ruthless Lawbringer": 2471, "Alesha, Who Laughs at Fate": 49, "Perforating Artist": 2137, "Immersturm Predator": 1475, "Aurelia, the Law Above": 156, "Voldaren Thrillseeker_SB": 3364, "Urgent Necropsy": 3262, "Eaten by Piranhas_SB": 849, "Decadent Dragon": 677, "Phyrexian Obliterator_SB": 2162, "Silver Scrutiny_SB": 2640, "Flourishing Bloom-Kin": 1093, "Ghalta, Primal Hunger": 1185, "Hunter's Talent_SB": 1460, "Wrenn and Realmbreaker_SB": 3462, "Corpses of the Lost": 582, "Cankerbloom": 411, "Scrapshooter_SB": 2535, "Axebane Ferox_SB": 168, "Atraxa, Grand Unifier_SB": 152, "Doppelgang": 777, "Hearth Elemental": 1375, "Highway Robbery": 1426, "Urabrask": 3250, "Lord Skitter, Sewer King": 1769, "Vren, the Relentless": 3381, "Aven Interrupter_SB": 163, "Terror Tide": 2951, "Torch the Witness_SB": 3121, "Rattleback Apothecary": 2302, "Bristly Bill, Spine Sower": 361, "Tatyova, Steward of Tides": 2921, "Colossal Rattlewurm": 543, "Sandstorm Verge": 2493, "Festering Gulch": 1047, "Creosote Heath": 608, "Duelist of the Mind": 825, "Desert's Due": 719, "Goldvein Hydra": 1262, "Bonehoard Dracosaur": 292, "Incinerator of the Guilty": 1484, "Rivaz of the Claw": 2416, "Tyrant of Kher Ridges": 3180, "Dragonlord's Servant": 798, "Kolaghan Warmonger": 1655, "Push // Pull_SB": 2241, "Annex Sentry": 80, "Phyrexian Vindicator": 2163, "Phyrexian Censor": 2154, "Volatile Fault": 3358, "Seal from Existence_SB": 2550, "Stasis Snare_SB": 2794, "Chrome Host Seedshark": 497, "Ichormoon Gauntlet": 1470, "Jace Reawakened": 1559, "Jin-Gitaxias": 1571, "Temple of Epiphany": 2935, "Galvanize_SB": 1156, "Tocasia's Welcome": 3108, "Gremlin Tamer_SB": 1297, "Urza's Sylex_SB": 3269, "Tomb Trawler_SB": 3116, "Urborg Scavengers": 3257, "Zetalpa, Primal Dawn": 3482, "Joint Exploration": 1578, "Titania's Command_SB": 3099, "Long River's Pull_SB": 1758, "Burglar Rat": 380, "Psychic Whorl": 2234, "Painful Quandary": 2113, "Hidden Necropolis": 1414, "Rune-Scarred Demon": 2462, "Macabre Waltz": 1794, "Mindsplice Apparatus": 1881, "Hidden Cataract": 1411, "Halo Forager": 1329, "The Key to the Vault": 2989, "Final Showdown": 1060, "Loran's Escape": 1766, "Dawn's Truce": 651, "Titania, Voice of Gaea_SB": 3101, "The Rollercrusher Ride_SB": 3005, "Restless Prairie": 2384, "Glass Casket_SB": 1227, "Inspiration from Beyond": 1506, "Chainsaw": 469, "Marchesa, Dealer of Death": 1830, "Rakdos Joins Up": 2279, "Nashi, Searcher in the Dark_SB": 1976, "Invasion of Tolvada": 1541, "Grand Abolisher_SB": 1277, "Misery's Shadow_SB": 1897, "Realmbreaker, the Invasion Tree_SB": 2320, "Filter Out_SB": 1058, "Kutzil, Malamet Exemplar": 1676, "Hostile Investigator": 1450, "Rona's Vortex": 2440, "Swamp_SB": 2883, "Runic Shot": 2464, "Herald of Eternal Dawn_SB": 1393, "Sun-Blessed Healer_SB": 2851, "Emberheart Challenger_SB": 884, "Rockface Village_SB": 2432, "Squee, Dubious Monarch_SB": 2777, "Monastery Mentor": 1927, "Seeker's Folly": 2570, "Mortify": 1943, "Soul Search_SB": 2716, "Assimilation Aegis_SB": 145, "Season of Gathering_SB": 2556, "The Cruelty of Gix_SB": 2966, "Valgavoth's Onslaught": 3275, "Coveted Falcon": 599, "Impulse": 1483, "Portent of Calamity": 2203, "Drag to the Bottom": 787, "Greed's Gambit_SB": 1290, "Stab": 2779, "Vinereap Mentor": 3330, "Monstrous Emergence": 1934, "Invasion of Gobakhan": 1529, "Fiery Annihilation": 1055, "Sheoldred": 2601, "Finneas, Ace Archer": 1064, "Seasoned Warrenguard": 2564, "Ferocification": 1045, "Axebane Ferox": 167, "Pick Your Poison": 2166, "Sunspine Lynx": 2864, "Dreadwing Scavenger": 810, "Collector's Cage": 536, "Ajani, Sleeper Agent_SB": 44, "Broodspinner_SB": 368, "The Gitrog, Ravenous Ride_SB": 2978, "Vren, the Relentless_SB": 3382, "Chimil, the Inner Sun": 492, "Rat Out_SB": 2299, "Plains_SB": 2183, "Faebloom Trick_SB": 975, "Throne of the Grim Captain": 3068, "Drana and Linvala_SB": 805, "Pest Control_SB": 2143, "The Kenriths' Royal Funeral_SB": 2988, "Rona's Vortex_SB": 2441, "Nashi, Searcher in the Dark": 1975, "Saiba Cryptomancer": 2484, "Corrupted Conviction": 587, "Furnace Reins": 1146, "Third Path Iconoclast": 3026, "Reasonable Doubt": 2321, "Essence Scatter_SB": 928, "Blood Hustler": 257, "Deathcap Marionette": 673, "Fell": 1038, "Bloodfell Caves": 262, "Faerie Fencing": 977, "Ego Drain": 855, "Season of Loss": 2557, "Talion's Messenger_SB": 2914, "Make Your Own Luck": 1810, "Ancient Cornucopia": 68, "Invasion of Arcavios": 1526, "Peerless Recycling_SB": 2133, "Beseech the Mirror_SB": 218, "Heroic Reinforcements_SB": 1408, "Wing Commando": 3436, "Stormcatch Mentor": 2826, "Misery's Shadow": 1896, "Ruthless Negotiation": 2473, "Haunted Screen": 1358, "Prayer of Binding": 2207, "Kaya, Spirits' Justice": 1607, "Cerebral Confiscation_SB": 466, "Kiora, the Rising Tide_SB": 1636, "Bonny Pall, Clearcutter": 294, "River's Rebuke": 2417, "River's Rebuke_SB": 2418, "Primeval Bounty_SB": 2215, "Koma, World-Eater_SB": 1659, "Urza's Sylex": 3268, "Regal Caracal_SB": 2348, "Insatiable Avarice_SB": 1502, "Zoetic Glyph_SB": 3487, "Patchwork Beastie": 2126, "Seized from Slumber_SB": 2575, "Tyvar's Stand": 3186, "Keen-Eyed Curator_SB": 1613, "Unflinching Courage": 3214, "Sanguine Evangelist_SB": 2495, "Virtue of Loyalty_SB": 3341, "Regal Bunnicorn_SB": 2346, "Fanatical Firebrand": 988, "Hellspur Brute": 1385, "Vial Smasher, Gleeful Grenadier": 3323, "At Knifepoint": 148, "Mourner's Surprise_SB": 1951, "Caught in the Crossfire_SB": 447, "Scales of Shale_SB": 2517, "Surgical Suite // Hospital Room": 2875, "Mischievous Pup": 1895, "Inspiring Overseer": 1508, "Angel of Finality_SB": 72, "Fynn, the Fangbearer": 1148, "Ankle Biter": 79, "Bilious Skulldweller": 224, "Infectious Inquiry": 1491, "Feed the Infection": 1027, "Nimraiser Paladin": 2001, "The Hunter Maze": 2980, "The Dross Pits": 2967, "Soured Springs": 2728, "Badlands Revival": 177, "Seize the Secrets": 2572, "Wardens of the Cycle": 3393, "Kraul Whipcracker": 1664, "Binding Negotiation_SB": 226, "Copper Host Crusher": 575, "Bandit's Haul": 185, "Vinereap Mentor_SB": 3331, "Rogue's Passage": 2435, "Thrashing Brontodon": 3053, "Giant Cindermaw": 1198, "Belligerent Yearling": 216, "Scytheclaw Raptor": 2545, "Triumphant Chomp": 3151, "Colossadactyl": 542, "Earthshaker Dreadmaw": 845, "Ixalli's Lorekeeper": 1556, "Itzquinth, Firstborn of Gishath": 1552, "Bristling Backwoods": 360, "Armored Kincaller_SB": 127, "Clay-Fired Bricks": 519, "Sandstorm Salvager": 2491, "Werefox Bodyguard": 3415, "Dreamdew Entrancer_SB": 812, "Autonomous Assembler": 161, "Etali's Favor": 929, "Quintorius Kand": 2257, "Caretaker's Talent_SB": 421, "Luminous Rebuke_SB": 1780, "Massacre Wurm": 1841, "The Enigma Jewel": 2972, "Felidar Retreat_SB": 1036, "Hired Claw_SB": 1431, "Kayla's Command_SB": 1609, "Starfall Invocation_SB": 2788, "Stalactite Stalker": 2782, "Spell Stutter_SB": 2742, "Spinner of Souls_SB": 2757, "The Swarmweaver": 3016, "Gisa, the Hellraiser_SB": 1211, "Anointed Peacekeeper": 90, "Shrouded Shepherd_SB": 2629, "Phyrexian Censor_SB": 2155, "Dollmaker's Shop && Porcelain Gallery": 769, "Demonic Counsel_SB": 706, "Archangel of Tithes_SB": 106, "Bitter Reunion_SB": 232, "Jace Reawakened_SB": 1560, "Warleader's Call_SB": 3397, "Callous Sell-Sword_SB": 405, "Rat Out": 2298, "Unidentified Hovership_SB": 3221, "Arabella, Abandoned Doll_SB": 94, "Painter's Studio && Defaced Gallery_SB": 2116, "Take Up the Shield_SB": 2909, "Get Out_SB": 1180, "Scorn-Blade Berserker": 2532, "Vadmir, New Blood": 3271, "Song of Totentanz_SB": 2708, "Temple of Enlightenment": 2934, "Ezrim, Agency Chief_SB": 966, "Raucous Carnival_SB": 2304, "Archdruid's Charm": 109, "The Rollercrusher Ride": 3004, "Haywire Mite": 1360, "Imperious Perfect_SB": 1481, "Sandstorm Salvager_SB": 2492, "Tough Cookie_SB": 3126, "Urborg Repossession_SB": 3256, "Hungry Ghoul": 1458, "Cemetery Recruitment": 462, "Diregraf Ghoul": 740, "Skeleton Archer": 2652, "Sanguine Syphoner": 2497, "Mephitic Draught": 1861, "Not Dead After All": 2019, "Canonized in Blood": 413, "Vampiric Rites": 3297, "Offer Immortality": 2044, "Seize the Spoils": 2573, "Curious Forager": 631, "Thornvault Forager": 3037, "The Mycotyrant": 2999, "Sporogenic Infection_SB": 2769, "Agatha's Soul Cauldron_SB": 34, "Grievous Wound": 1299, "Funeral Room // Awakening Hall_SB": 1142, "Rise of the Dark Realms_SB": 2409, "Valkyrie's Call_SB": 3280, "Fumigate_SB": 1140, "Harbin, Vanguard Aviator": 1335, "Valiant Veteran": 3279, "Zephyr Sentinel": 3479, "Skystrike Officer": 2678, "Fortified Beachhead": 1113, "Valley Rotcaller": 3286, "Cruel Somnophage": 610, "Molten Duplication": 1916, "Restless Bivouac_SB": 2380, "Fauna Shaman": 997, "Diabolic Intent": 735, "Lively Dirge_SB": 1743, "Herbology Instructor": 1396, "Blossoming Tortoise": 278, "Titania's Command": 3098, "Blast Zone": 243, "Cavernous Maw": 457, "Forgotten Monument": 1110, "Urza, Lord Protector": 3270, "Tinybones, the Pickpocket_SB": 3094, "Temple of Mystery": 2938, "Timely Interference": 3087, "Vesuvan Duplimancy": 3318, "Dive Down_SB": 763, "Scrawling Crawler_SB": 2538, "Hollow Marauder": 1435, "Huskburster Swarm": 1464, "Overwhelming Remorse": 2105, "Stubborn Burrowfiend": 2842, "Writhing Necromass": 3466, "Dryad Militant_SB": 823, "Mockingbird_SB": 1910, "Chandra, Hope's Beacon_SB": 474, "Bristlebud Farmer": 358, "Charred Foyer && Warped Space_SB": 487, "Bruse Tarl, Roving Rancher": 371, "Think Twice": 3024, "Micromancer_SB": 1872, "Coruscation Mage_SB": 591, "Fblthp, Lost on the Range": 999, "Weakstone's Subjugation": 3407, "Fblthp, Lost on the Range_SB": 1000, "Proft's Eidetic Memory_SB": 2222, "Weakstone's Subjugation_SB": 3408, "Dollmaker's Shop // Porcelain Gallery_SB": 771, "Akawalli, the Seething Tower": 47, "Absolving Lammasu_SB": 7, "Bottomless Pool && Locker Room": 311, "Fear of Isolation": 1010, "Tithing Blade_SB": 3103, "Hidetsugu's Second Rite_SB": 1421, "The Swarmweaver_SB": 3017, "Werefox Bodyguard_SB": 3416, "Invasion of Karsus_SB": 1534, "Mirror Room && Fractured Realm_SB": 1891, "Sword of Wealth and Power_SB": 2895, "Wildfire Howl_SB": 3426, "Zurgo and Ojutai_SB": 3496, "Halo Forager_SB": 1330, "Mabel, Heir to Cragflame_SB": 1793, "Soulstone Sanctuary_SB": 2727, "Ballyrush Banneret": 181, "Myrel, Shield of Argive_SB": 1968, "Siege Veteran_SB": 2632, "Steel Seraph_SB": 2805, "Ezrim, Agency Chief": 965, "Karn, Living Legacy": 1600, "Metropolis Reformer": 1869, "Omnivorous Flytrap": 2058, "Krenko's Buzzcrusher_SB": 1668, "Break the Spell_SB": 345, "Migloz, Maze Crusher_SB": 1877, "Rundvelt Hordemaster": 2460, "Breeches, Eager Pillager": 346, "Final Vengeance_SB": 1063, "Kellan, Inquisitive Prodigy": 1620, "Blood Spatter Analysis": 259, "Urborg Lhurgoyf": 3254, "Hidden Grotto": 1413, "Silverback Elder_SB": 2641, "Branchblight Stalker": 329, "Ichorspit Basilisk": 1471, "Maze's Mantle": 1846, "Viral Spawning": 3334, "Plague Nurse": 2181, "Venomous Brutalizer": 3315, "Tyrranax Atrocity": 3182, "Goliath Hatchery": 1266, "Paladin of Predation": 2119, "Serum Snare": 2584, "Tainted Observer": 2907, "Experimental Augury": 949, "Thrummingbird": 3070, "Mesmerizing Dose": 1863, "Reject Imperfection": 2352, "Gitaxian Anatomist": 1212, "Vivisurgeon's Insight": 3350, "Lakeside Shack": 1681, "Tangled Islet": 2917, "Meat Locker // Drowned Diner": 1849, "Awaken the Woods": 166, "Rampaging Baloths": 2290, "Omenpath Journey": 2056, "Poison Dart Frog": 2190, "Angelic Intervention": 74, "Long Goodbye": 1754, "The Witch's Vanity": 3022, "Under the Skin": 3202, "Seraphic Steed": 2581, "Hulking Raptor": 1457, "Vorinclex": 3370, "Goldvein Hydra_SB": 1263, "Meticulous Excavation_SB": 1868, "Rabid Gnaw": 2261, "Raging Battle Mouse": 2274, "Loran's Escape_SB": 1767, "The Witch's Vanity_SB": 3023, "Zoraline, Cosmos Caller_SB": 3491, "Teferi, Temporal Pilgrim_SB": 2929, "Ill-Timed Explosion_SB": 1474, "Realmbreaker, the Invasion Tree": 2319, "Murky Sewer": 1963, "Seeker's Folly_SB": 2571, "Might of the Meek_SB": 1876, "Deeproot Pilgrimage": 686, "Mistway Spy": 1906, "Vodalian Hexcatcher": 3352, "Betrayer's Bargain": 220, "Undead Sprinter_SB": 3201, "Viashino Pyromancer_SB": 3326, "Jaya, Fiery Negotiator": 1566, "The Stone Brain": 3013, "Defabricate_SB": 689, "Decadent Dragon_SB": 678, "Vein Ripper": 3307, "Thalia and The Gitrog Monster": 2959, "Surgical Suite && Hospital Room_SB": 2874, "Pugnacious Hammerskull": 2236, "Defiled Crypt // Cadaver Lab_SB": 697, "Beastie Beatdown": 209, "Annie Joins Up": 83, "Huatli, Poet of Unity": 1454, "Fortune, Loyal Steed": 1115, "Sword of Once and Future": 2892, "Pest Control": 2142, "Vraska Joins Up": 3375, "Necrogen Communion": 1979, "Darkstar Augur": 647, "Thirsting Roots_SB": 3029, "Heraldic Banner": 1394, "Heraldic Banner_SB": 1395, "Etali, Primal Conqueror_SB": 931, "Maha, Its Feathers Night_SB": 1808, "Silver Scrutiny": 2639, "Invasion of Amonkhet_SB": 1525, "Gisa, the Hellraiser": 1210, "Seal from Existence": 2549, "Battlefly Swarm": 205, "Broodspinner": 367, "Solemn Simulacrum": 2704, "Ghalta, Stampede Tyrant": 1187, "Myrel, Shield of Argive": 1967, "Halana and Alena, Partners": 1324, "Inga and Esika": 1495, "Gwenna, Eyes of Gaea": 1321, "Melira, the Living Cure": 1855, "Hajar, Loyal Bodyguard_SB": 1323, "Elesh Norn_SB": 871, "Surrak and Goreclaw_SB": 2878, "Guardian of New Benalia": 1313, "Aegis Turtle": 21, "Venerated Rotpriest_SB": 3310, "Ivy, Gleeful Spellthief_SB": 1555, "Rite of the Dragoncaller": 2413, "Grabby Giant": 1273, "Karn's Sylex_SB": 1599, "Bottomless Pool // Locker Room": 313, "Getaway Glamer_SB": 1182, "Pia Nalaar, Consul of Revival": 2165, "Invasion of Kaldheim": 1533, "Doomsday Excruciator_SB": 775, "Crystal Grotto": 624, "Island_SB": 1551, "Entity Tracker_SB": 910, "Rebel Salvo_SB": 2323, "Glarb, Calamity's Augur": 1224, "Aether Channeler": 23, "Defiled Crypt && Cadaver Lab": 694, "Exuberant Fuseling": 964, "Thundertrap Trainer_SB": 3082, "Abuelo's Awakening": 8, "Kitsa, Otterball Elite_SB": 1643, "Rona, Herald of Invasion_SB": 2443, "Season of Weaving_SB": 2560, "Unnerving Grasp_SB": 3230, "Swooping Lookout": 2889, "Demonic Ruckus_SB": 712, "Impact Tremors_SB": 1479, "High Noon": 1422, "Wishclaw Talisman_SB": 3442, "Coveted Falcon_SB": 600, "Kona, Rescue Beastie": 1660, "Cultivator's Caravan": 626, "Scene of the Crime": 2527, "Cankerbloom_SB": 412, "Conspiracy Unraveler": 564, "Matzalantli, the Great Door": 1843, "Reenact the Crime": 2341, "Lifecreed Duo": 1722, "Dust Animus_SB": 833, "Pugnacious Hammerskull_SB": 2237, "Recruitment Officer_SB": 2334, "Fear of Surveillance": 1016, "Invasion of Theros": 1540, "Smuggler's Surprise_SB": 2697, "Oko, the Ringleader_SB": 2051, "Muerra, Trash Tactician": 1955, "Adaptive Automaton": 17, "Three Tree Mascot": 3062, "Undead Sprinter": 3200, "At Knifepoint_SB": 149, "Monstrous Rage_SB": 1937, "Wilt-Leaf Liege_SB": 3431, "Kellan's Lightblades_SB": 1618, "Defiled Crypt && Cadaver Lab_SB": 695, "Annie Flash, the Veteran_SB": 82, "Insatiable Avarice": 1501, "Time Stop": 3084, "The Seedcore": 3006, "Slaughter Singer": 2681, "Fleeting Flight_SB": 1082, "Trash the Town_SB": 3140, "Sawblade Skinripper": 2508, "Ashiok, Wicked Manipulator": 135, "Palani's Hatcher": 2120, "Temple of Abandon": 2932, "Blasphemous Edict_SB": 242, "Crumb and Get It": 613, "Quick Draw_SB": 2255, "Hauntwoods Shrieker": 1359, "Zul Ashur, Lich Lord": 3493, "Garruk's Uprising": 1160, "Defiler of Flesh": 699, "Kraul Whipcracker_SB": 1665, "Agrus Kos, Spirit of Justice": 37, "Mischievous Mystic": 1894, "Skrelv, Defector Mite_SB": 2661, "Mechanized Warfare": 1852, "Blasphemous Edict": 241, "Bottomless Pool // Locker Room_SB": 314, "The Princess Takes Flight_SB": 3001, "Anim Pakal, Thousandth Moon_SB": 77, "Drown in Ichor": 819, "Kambal, Profiteering Mayor": 1594, "Kambal, Profiteering Mayor_SB": 1595, "Kaya, Spirits' Justice_SB": 1608, "Case of the Gateway Express_SB": 431, "Whisper of the Dross": 3418, "Vraska's Fall_SB": 3377, "Restless Reef_SB": 2386, "Lunar Convocation": 1782, "Vraska, the Silencer": 3380, "Binding Negotiation": 225, "Overlord of the Boilerbilges_SB": 2094, "Charge of the Mites": 483, "Expel the Interlopers": 947, "Wilt-Leaf Liege": 3430, "Gumdrop Poisoner_SB": 1320, "Bramble Familiar": 325, "Obstinate Baloth": 2040, "Sphinx of the Final Word_SB": 2749, "Founding the Third Path_SB": 1117, "Satoru, the Infiltrator": 2502, "Burrowguard Mentor": 387, "Pollen-Shield Hare": 2192, "Hop to It_SB": 1442, "Dragonmaster Outcast": 799, "Generous Plunderer": 1172, "Ghired, Mirror of the Wilds": 1188, "Evolved Sleeper": 939, "Friendly Teddy": 1127, "Scrawling Crawler": 2537, "Rankle's Prank_SB": 2297, "Consumed by Greed_SB": 565, "Final Flourish_SB": 1059, "Time Stop_SB": 3085, "Unnatural Restoration_SB": 3228, "Infectious Inquiry_SB": 1492, "Polukranos Reborn_SB": 2197, "Kitesail Larcenist_SB": 1640, "Rakdos, the Muscle": 2282, "Magda, the Hoardmaster": 1799, "Hellspur Posse Boss": 1387, "Hellspur Brute_SB": 1386, "Cynical Loner_SB": 639, "Astor, Bearer of Blades": 146, "Bladehold War-Whip": 239, "Kellan, the Fae-Blooded": 1624, "Kemba, Kha Enduring": 1626, "Rebel Salvo": 2322, "Swiftfoot Boots": 2886, "Sword of Forge and Frontier": 2890, "Astor, Bearer of Blades_SB": 147, "Hidetsugu and Kairi": 1419, "Consuming Aberration": 566, "Knight of Dusk's Shadow": 1646, "No One Left Behind_SB": 2011, "Dusk Legion Duelist": 829, "Stocking the Pantry": 2815, "Botanical Brawler": 309, "Tribute to the World Tree": 3148, "Railway Brawler": 2275, "Archdruid's Charm_SB": 110, "Collector's Cage_SB": 537, "Rampaging Spiketail": 2293, "Barkform Harvester": 194, "Magebane Lizard": 1800, "Fae Flight_SB": 973, "Rush of Dread_SB": 2468, "Imprisoned in the Moon_SB": 1482, "Inquisitive Glimmer_SB": 1500, "Refute_SB": 2344, "Micromancer": 1871, "Hugs, Grisly Guardian": 1455, "Kogla and Yidaro": 1653, "Persistent Marshstalker": 2141, "Karumonix, the Rat King": 1604, "Argentum Masticore": 119, "Hedron Archive": 1380, "The Mycosynth Gardens": 2998, "Hall of Tagsin": 1327, "Legion Extruder": 1699, "Tomakul Honor Guard": 3114, "Blazing Crescendo_SB": 247, "Choking Miasma": 495, "Argentum Masticore_SB": 120, "Niv-Mizzet, Supreme": 2006, "Untimely Malfunction": 3242, "Captain Storm, Cosmium Raider": 417, "Corsair Captain": 589, "Gleaming Geardrake": 1232, "Malcolm, the Eyes": 1816, "Staunch Crewmate": 2798, "Lost Jitte_SB": 1772, "Intrepid Paleontologist": 1521, "Bolt Bend_SB": 286, "Felonious Rage_SB": 1042, "Thundering Falls_SB": 3078, "Walk with the Ancestors": 3385, "Meathook Massacre II_SB": 1851, "Vaultborn Tyrant_SB": 3305, "Feldon's Cane": 1030, "Treasure Map": 3143, "Neutralize the Guards": 1989, "Ayli, Eternal Pilgrim": 170, "Shipwreck Dowser": 2610, "One with the Multiverse": 2060, "Disturbing Conversion": 759, "Eerie Interference_SB": 854, "Builder's Talent_SB": 376, "Abuelo's Awakening_SB": 9, "Razorkin Needlehead": 2309, "Highway Robbery_SB": 1427, "Dreadmaw's Ire_SB": 809, "Repulsive Mutation": 2365, "Sylvan Scavenging_SB": 2898, "Ghost Vacuum": 1192, "Bloodletter of Aclazotz_SB": 266, "Wishclaw Talisman": 3441, "Pile On": 2171, "Corrupted Conviction_SB": 588, "Deadly Brew_SB": 664, "Kutzil, Malamet Exemplar_SB": 1677, "Bite Down": 229, "Ygra, Eater of All": 3472, "Maha, Its Feathers Night": 1807, "Massacre Girl, Known Killer": 1839, "Daggerfang Duo": 640, "Moonstone Harbinger": 1942, "Pestilent Syphoner": 2144, "Hoarding Recluse": 1434, "Deathbloom Gardener": 672, "Drown in Ichor_SB": 820, "Rakdos, the Muscle_SB": 2283, "Rakdos Joins Up_SB": 2280, "Massacre Girl, Known Killer_SB": 1840, "Unyielding Gatekeeper": 3246, "Ghalta and Mavren": 1184, "Progenitus": 2224, "Manifest Dread": 1821, "Hide in Plain Sight": 1417, "Threats Around Every Corner": 3055, "Call a Surprise Witness": 403, "Surgical Suite && Hospital Room": 2873, "Soul Search": 2715, "Crystal Barricade": 622, "Green Sun's Twilight_SB": 1293, "Quintorius Kand_SB": 2258, "Roaming Throne_SB": 2424, "Fake Your Own Death": 984, "Volcanic Spite": 3360, "Taii Wakeen, Perfect Shot": 2903, "Unruly Catapult": 3231, "Glassworks // Shattered Yard_SB": 1229, "Hulking Metamorph": 1456, "Rest in Peace": 2375, "Surge Engine_SB": 2869, "Dust Animus": 832, "Trostani, Three Whispers": 3154, "Tribute to the World Tree_SB": 3149, "Syr Ginger, the Meal Ender": 2901, "Dowsing Device": 783, "Saheeli, Filigree Master_SB": 2483, "Vengeful Possession": 3312, "Rabid Gnaw_SB": 2262, "Repair and Recharge": 2363, "Step Between Worlds_SB": 2806, "Invasion of Ergamon": 1527, "Break Out_SB": 343, "Beastie Beatdown_SB": 210, "Samut, Vizier of Naktamun": 2488, "Trash the Town": 3139, "Hearthborn Battler_SB": 1378, "Ego Drain_SB": 856, "Invasion of Fiora_SB": 1528, "Scrapwork Mutt": 2536, "Dawn's Truce_SB": 652, "Necrogen Rotpriest": 1980, "Contagious Vorrac": 567, "Armored Scrapgorger_SB": 129, "Forest_SB": 1108, "The Millennium Calendar_SB": 2996, "Ruin-Lurker Bat_SB": 2456, "Leonin Vanguard_SB": 1706, "Veteran Survivor_SB": 3321, "Oblivious Bookworm": 2038, "Growing Dread": 1305, "Bubble Smuggler": 374, "Cryptid Inspector": 621, "Exit Specialist": 943, "Cursed Windbreaker": 634, "Break Down the Door": 341, "Gaea's Gift_SB": 1151, "Hazardroot Herbalist": 1363, "Rabbit Response": 2259, "Treeguard Duo": 3144, "Uncharted Haven": 3198, "Warren Elder": 3398, "Head of the Homestead": 1366, "Head of the Homestead_SB": 1367, "Solphim, Mayhem Dominus": 2706, "Grab the Prize_SB": 1272, "Stroke of Midnight_SB": 2840, "Delney, Streetwise Lookout": 700, "No Witnesses": 2012, "Stroke of Midnight": 2839, "Cheeky House-Mouse_SB": 491, "Dryad Militant": 822, "Greta, Sweettooth Scourge": 1298, "Sweettooth Witch": 2884, "Experimental Confectioner": 950, "Mintstrosity": 1885, "Scream Puff": 2539, "Gingerbread Hunter": 1207, "Back for Seconds": 175, "Spider Food": 2750, "Feed the Cauldron": 1024, "Return from the Wilds": 2398, "Three Bowls of Porridge": 3058, "Eriette's Tempting Apple": 914, "Sugar Rush_SB": 2847, "Candy Grapple_SB": 409, "Fell_SB": 1039, "Murder_SB": 1961, "Obyra, Dreaming Duelist": 2042, "Repel Calamity_SB": 2364, "Malcolm, Alluring Scoundrel_SB": 1815, "Zoyowa's Justice": 3492, "Trial of Agony": 3146, "Ojer Axonil, Deepest Might": 2047, "Brazen Collector": 336, "Leyline of Resonance_SB": 1714, "Ancestors' Aid_SB": 67, "Slickshot Show-Off_SB": 2691, "Give In to Violence_SB": 1214, "Cityscape Leveler_SB": 507, "Nahiri's Resolve_SB": 1971, "The Monumental Facade": 2997, "Sardian Cliffstomper": 2498, "Magmatic Sprinter": 1804, "Churning Reservoir": 500, "Sardian Cliffstomper_SB": 2499, "Monastery Swiftspear_SB": 1931, "Magmatic Sprinter_SB": 1805, "Churning Reservoir_SB": 501, "Braids, Arisen Nightmare_SB": 323, "Lich-Knights' Conquest": 1720, "Worldwalker Helm": 3456, "Torch the Witness": 3120, "Detective's Satchel": 727, "Forensic Gadgeteer_SB": 1105, "Ice Out_SB": 1468, "Evolving Adaptive": 940, "Garruk's Uprising_SB": 1161, "The Wandering Rescuer_SB": 3021, "Market Gnome": 1834, "Oracle of Tragedy": 2066, "Tarrian's Journal": 2919, "Felidar Cub": 1033, "Knight-Errant of Eos_SB": 1651, "Dusk Rose Reliquary_SB": 831, "Ruthless Lawbringer_SB": 2472, "Felidar Cub_SB": 1034, "Vraan, Executioner Thane": 3374, "Eaten Alive_SB": 848, "Claim Jumper_SB": 510, "Mirrex_SB": 1890, "Tectonic Hazard": 2925, "Boltwave_SB": 288, "War Squeak_SB": 3390, "Geralf, the Fleshwright": 1175, "Geralf, the Fleshwright_SB": 1176, "Searslicer Goblin_SB": 2554, "Take for a Ride_SB": 2910, "Wojek Investigator": 3453, "Rustler Rampage": 2469, "Recommission_SB": 2332, "Hexgold Halberd": 1410, "Shrouded Shepherd": 2628, "Skyfisher Spider_SB": 2671, "Let's Play a Game_SB": 1708, "Chart a Course_SB": 489, "Johann's Stopgap_SB": 1576, "Trapped in the Screen": 3137, "Ragged Playmate": 2272, "Ragged Playmate_SB": 2273, "Norin, Swift Survivalist_SB": 2016, "Fear of Surveillance_SB": 1017, "Grand Entryway // Elegant Rotunda_SB": 1280, "Llanowar Elves_SB": 1746, "Bonehoard Dracosaur_SB": 293, "Wandertale Mentor": 3387, "Vodalian Mindsinger_SB": 3353, "Festerleech": 1048, "Fallaji Archaeologist_SB": 986, "Kroxa and Kunoros": 1671, "Chandra, Flameshaper_SB": 472, "Ajani, Sleeper Agent": 43, "Blazing Crescendo": 246, "Enduring Courage_SB": 891, "Warhost's Frenzy": 3395, "Great Train Heist": 1288, "Spirebluff Canal_SB": 2759, "Ashnod's Harvester": 137, "Rip, Spawn Hunter": 2406, "Funeral Room // Awakening Hall": 1141, "Outlaw Medic": 2082, "Blightbelly Rat": 251, "Unnatural Restoration": 3227, "Whisper of the Dross_SB": 3419, "Carnivorous Canopy_SB": 423, "Bite Down_SB": 230, "Gaea's Gift": 1150, "Thousand Moons Smithy_SB": 3046, "The Tale of Tamiyo": 3018, "The Surgical Bay": 3015, "Case of the Ransacked Lab": 435, "Saheeli, Filigree Master": 2482, "Hollow Scavenger": 1437, "Mosswood Dreadknight_SB": 1948, "Stormchaser's Talent_SB": 2828, "Phyrexian Missionary": 2159, "Lost in the Maze_SB": 1773, "Cactarantula": 395, "Glimmerlight": 1235, "Fleeting Flight": 1081, "Think Twice_SB": 3025, "Defiler of Dreams_SB": 698, "Lithomantic Barrage": 1739, "Enduring Vitality_SB": 899, "Ojer Pakpatiq, Deepest Epoch": 2048, "Disturbing Conversion_SB": 760, "Koth, Fire of Resistance": 1662, "Wylie Duke, Atiin Hero": 3467, "Omen Hawker": 2053, "Sentinel of Lost Lore": 2577, "Audience with Trostani_SB": 155, "Leyline of the Void": 1718, "Virtue of Knowledge": 3338, "Valgavoth's Onslaught_SB": 3276, "Kutzil's Flanker": 1674, "Extraordinary Journey": 962, "Gold Pan": 1260, "Extraordinary Journey_SB": 963, "Nurturing Pixie_SB": 2029, "Moonshaker Cavalry": 1940, "Pearl of Wisdom": 2131, "Fear of Lost Teeth": 1012, "Horrid Vigor": 1448, "Flesh Burrower": 1085, "Let's Play a Game": 1707, "Winter's Intervention": 3437, "Grasping Longneck": 1281, "Wickerfolk Thresher": 3422, "Cackling Slasher": 393, "Fear of the Dark": 1018, "Balemurk Leech": 179, "Give In to Violence": 1213, "Innocuous Rat": 1498, "Bashful Beastie": 199, "Defiant Survivor": 693, "Meathook Massacre II": 1850, "Etali, Primal Storm_SB": 932, "Bushwhack_SB": 391, "Mistbreath Elder_SB": 1903, "Realmbreaker's Grasp_SB": 2318, "Treeguard Duo_SB": 3145, "Stickytongue Sentinel_SB": 2810, "Tumbleweed Rising_SB": 3157, "Polliwallop_SB": 2194, "Leyline of Transformation": 1716, "Saheeli's Lattice": 2481, "Hopeless Nightmare_SB": 1445, "Corpses of the Lost_SB": 583, "Adamant Will": 16, "Goldvein Pick": 1264, "Moment of Triumph": 1922, "Pilfer": 2173, "Public Thoroughfare": 2235, "Roaming Throne": 2423, "Undying Malice": 3211, "Cancel_SB": 408, "Opt_SB": 2062, "Anointed Peacekeeper_SB": 91, "Connecting the Dots_SB": 561, "Analyze the Pollen_SB": 65, "Makeshift Binding": 1811, "Nettle Guard_SB": 1988, "Jump Scare_SB": 1583, "Progenitus_SB": 2225, "Harvestrite Host": 1351, "Family Reunion_SB": 987, "Cut Short_SB": 637, "Annihilating Glare": 85, "Fanatical Offering": 990, "Sword of Wealth and Power": 2894, "Dismal Backwater": 747, "Pelakka Wurm": 2134, "Extract a Confession_SB": 961, "Unauthorized Exit_SB": 3197, "Lassoed by the Law": 1682, "Mabel's Mettle": 1791, "Skulduggery": 2662, "Skulduggery_SB": 2663, "Minor Misstep": 1883, "Hopeful Vigil": 1443, "Restricted Office // Lecture Hall": 2394, "Central Elevator // Promising Stairs": 464, "Creeping Peeper": 607, "Underwater Tunnel // Slimy Aquarium": 3210, "Erratic Apparition": 917, "Dazzling Theater // Prop Room": 659, "Fear of Falling": 1005, "Fear of Abduction": 1001, "Lionheart Glimmer": 1737, "Tunnel Surveyor_SB": 3161, "Stalked Researcher_SB": 2784, "Arena of Glory": 118, "Blazing Rootwalla": 248, "Bloodstained Mire": 268, "Burning Inquiry": 383, "Detective's Phoenix": 726, "Faithless Looting": 983, "Flameblade Adept": 1072, "Goblin Lore": 1254, "Hollow One": 1436, "Lightning Bolt": 1724, "Stomping Ground": 2821, "Street Wraith": 2836, "Vengevine": 3314, "Wooded Foothills": 3454, "Cursed Totem_SB": 633, "Meltdown_SB": 1857, "Obsidian Charmaw_SB": 2039, "Surgical Extraction_SB": 2872, "Arid Mesa": 123, "Barbarian Ring": 192, "Sunbaked Canyon": 2852, "Eidolon of the Great Revel": 857, "Goblin Guide": 1253, "Lava Spike": 1689, "Rift Bolt": 2402, "Searing Blaze": 2551, "Skewer the Critics": 2654, "Skullcrack": 2666, "Flare of Duplication": 1077, "Smash to Smithereens_SB": 2694, "Faerie Macabre_SB": 978, "Ensnaring Bridge_SB": 905, "Primeval Titan": 2216, "Arboreal Grazer": 99, "Dryad of the Ilysian Grove": 824, "Dryad Arbor": 821, "Amulet of Vigor": 60, "Summoner's Pact": 2849, "Green Sun's Zenith": 1294, "Explore": 953, "Scapeshift": 2518, "Boseiju, Who Endures": 307, "Misty Rainforest": 1907, "Crumbling Vestige": 615, "Lotus Field": 1774, "Gruul Turf": 1310, "Simic Growth Chamber": 2643, "Hanweir Battlements": 1334, "Echoing Deeps": 850, "Mirrorpool": 1893, "Shifting Woodland": 2607, "Otawara, Soaring City": 2078, "Urza's Saga": 3267, "Valakut, the Molten Pinnacle": 3272, "Vesuva": 3316, "Tolaria West": 3110, "Urza's Cave": 3264, "Bojuka Bog_SB": 285, "Defense Grid_SB": 692, "Endurance_SB": 889, "Force of Vigor_SB": 1102, "Dismember_SB": 748, "Tireless Tracker_SB": 3095, "Vampires' Vengeance_SB": 3296, "Collector Ouphe_SB": 535, "Indomitable Creativity": 1486, "Prismatic Ending": 2219, "Archon of Cruelty": 115, "Wrenn and Six": 3463, "Fable of the Mirror-Breaker": 967, "Persist": 2140, "Blood Crypt": 256, "Sacred Foundry": 2477, "Xander's Lounge": 3468, "Jetmir's Garden": 1570, "Dwarven Mine": 838, "Flooded Strand": 1086, "Scalding Tarn": 2513, "Boseiju, Who Endures_SB": 308, "Toxic Deluge_SB": 3127, "Hurkyl's Recall_SB": 1461, "Damping Sphere_SB": 644, "Cling to Dust": 523, "Counterspell": 598, "Fatal Push": 995, "Force of Negation": 1101, "Harbinger of the Seas": 1336, "Marsh Flats": 1838, "Murktide Regent": 1962, "Polluted Delta": 2195, "Preordain": 2210, "Psychic Frog": 2233, "Sink into Stupor": 2647, "Spell Snare": 2740, "Thought Scour": 3040, "Unearth": 3212, "Watery Grave": 3405, "Consign to Memory_SB": 563, "Engineered Explosives_SB": 902, "Mystical Dispute_SB": 1970, "Nihil Spellbomb_SB": 1999, "Spell Pierce_SB": 2739, "The Meathook Massacre_SB": 2993, "Brazen Borrower": 334, "Thoughtseize": 3043, "Orcish Bowmasters": 2068, "Steam Vents": 2799, "Stern Scolding_SB": 2809, "Harbinger of the Seas_SB": 1337, "Ocelot Pride": 2043, "Godless Shrine": 1259, "Guide of Souls": 1315, "Seasoned Pyromancer": 2563, "Ajani, Nacatl Pariah": 42, "Phelia, Exuberant Shepherd": 2148, "Phlage, Titan of Fire's Fury": 2149, "Galvanic Discharge": 1155, "Goblin Bombardment": 1250, "Thraben Charm": 3047, "Orim's Chant_SB": 2069, "Wrath of the Skies_SB": 3459, "Thoughtseize_SB": 3044, "Showdown of the Skalds_SB": 2626, "Wear // Tear_SB": 3409, "Legion Loyalist": 1701, "Goblin Bushwhacker": 1251, "Devastating Summons": 729, "Reckless Bushwhacker": 2324, "Goblin Grenade": 1252, "Goblin Piledriver": 1256, "Mogg War Marshal": 1911, "Skirk Prospector": 2655, "Foundry Street Denizen": 1118, "Den of the Bugbear": 713, "Sokenzan, Crucible of Defiance": 2703, "Tormod's Crypt_SB": 3122, "Shattering Spree_SB": 2598, "Blood Moon_SB": 258, "Magus of the Moon_SB": 1806, "Reality Hemorrhage_SB": 2316, "Ziatora's Proving Ground": 3484, "Veil of Summer_SB": 3306, "Terastodon_SB": 2947, "Tamiyo, Inquisitive Student": 2916, "Fable of the Mirror-Breaker_SB": 968, "Ragavan, Nimble Pilferer": 2270, "Static Prison": 2795, "Showdown of the Skalds": 2625, "Windswept Heath": 3435, "Fear, Fire, Foes!_SB": 1019, "Drannith Magistrate_SB": 806, "Stony Silence_SB": 2822, "Vexing Bauble": 3322, "Hexdrinker_SB": 1409, "Colossal Skyturtle_SB": 544, "Generous Ent_SB": 1171, "Grist, the Hunger Tide_SB": 1304, "Chained to the Rocks": 467, "Chained to the Rocks_SB": 468, "Ragavan, Nimble Pilferer_SB": 2271, "Exquisite Firecraft_SB": 955, "Searing Blood_SB": 2552, "Tunnel Ignus_SB": 3159, "Consider": 562, "Graveyard Trespasser": 1283, "Giant Growth_SB": 1201, "Over the Edge_SB": 2087, "Poison Dart Frog_SB": 2191, "Come Back Wrong": 549, "Glassworks // Shattered Yard": 1228, "Beamtown Beatstick": 207, "Diamond Pick-Axe": 736, "Sunfire Torch": 2858, "Celestial Armor": 461, "Carrot Cake_SB": 426, "Edgewall Inn": 853, "Grievous Wound_SB": 1300, "Goliath Hatchery_SB": 1267, "Cathartic Parting_SB": 446, "Balmor, Battlemage Captain": 182, "Bria, Riptide Rogue": 349, "Freeze in Place": 1123, "Relic's Roar": 2357, "Run Away Together_SB": 2458, "Scalding Viper_SB": 2515, "Talion, the Kindly Lord": 2915, "Slice from the Shadows": 2687, "Defabricate": 688, "Grand Abolisher": 1276, "Unnerving Grasp": 3229, "Halo Hopper": 1331, "Hellspur Posse Boss_SB": 1388, "Harrier Strix": 1347, "Snaremaster Sprite": 2700, "The Filigree Sylex": 2976, "Living Phone": 1744, "Hardened Escort": 1342, "Unsettling Twins": 3233, "Holy Cow": 1438, "Unsettling Twins_SB": 3234, "Raccoon Rallier_SB": 2263, "Feather of Flight_SB": 1022, "Rogue's Passage_SB": 2436, "Possessed Goat_SB": 2205, "The Jolly Balloon Man_SB": 2987, "Hammerhand_SB": 1333, "Heartfire Hero_SB": 1371, "Inti, Seneschal of the Sun_SB": 1514, "Gleaming Barrier": 1230, "Gleaming Barrier_SB": 1231, "Solemn Simulacrum_SB": 2705, "Pests of Honor": 2145, "Nettle Guard": 1987, "Three Blind Mice": 3056, "Dauntless Dismantler_SB": 650, "Phoenix Chick_SB": 2151, "Charge of the Mites_SB": 484, "Keldon Flamesage": 1614, "Brambleguard Captain": 327, "Johann, Apprentice Sorcerer": 1577, "Kraum, Violent Cacophony": 1666, "Razzle-Dazzler": 2315, "Vesuvan Drifter": 3317, "Thopter Mechanic": 3034, "Nightwhorl Hermit": 1998, "Iron-Fist Pulverizer": 1548, "Pyrotechnic Performer": 2246, "Fear of Burning Alive": 1004, "Molten Tributary": 1919, "Stop Cold": 2823, "Mishra's Command_SB": 1899, "Plan the Heist_SB": 2184, "Sleight of Hand_SB": 2686, "Kellan, Planar Trailblazer_SB": 1623, "Trick Shot_SB": 3150, "Violent Urge_SB": 3333, "Involuntary Cooldown_SB": 1545, "Out of Air_SB": 2079, "Heartfire Immolator": 1372, "Dwarven Forge-Chanter": 837, "Whiskerquill Scribe": 3417, "Sure Strike": 2866, "Ghitu Amplifier": 1189, "Furious Bellow": 1143, "Ancestors' Aid": 66, "Twinferno_SB": 3167, "Sure Strike_SB": 2867, "Fynn, the Fangbearer_SB": 1149, "Make Your Move_SB": 1809, "Harbinger of the Tides": 1338, "Harbinger of the Tides_SB": 1339, "Bottomless Pool && Locker Room_SB": 312, "Pile On_SB": 2172, "Cat Collector": 443, "Growing Rites of Itlimoc": 1306, "Flowstone Infusion": 1097, "Jump Scare": 1582, "Niko, Light of Hope": 2000, "Tunnel Surveyor": 3160, "Stalked Researcher": 2783, "Fear of Isolation_SB": 1011, "Ayara, Widow of the Realm": 169, "Throw from the Saddle": 3069, "Arachnoid Adaptation": 95, "Longstalk Brawl_SB": 1759, "Thrill of Possibility_SB": 3067, "Season of Gathering": 2555, "Warren Warleader": 3399, "Seasoned Warrenguard_SB": 2565, "Lionheart Glimmer_SB": 1738, "Horrid Vigor_SB": 1449, "Omnivorous Flytrap_SB": 2059, "Roc Hunter": 2430, "Feldon, Ronom Excavator": 1032, "Scalding Viper": 2514, "Trial of Agony_SB": 3147, "Adventuring Gear_SB": 20, "Vicious Clown_SB": 3328, "Fear of Being Hunted_SB": 1003, "Into the Roil": 1519, "Into the Roil_SB": 1520, "Rite of the Dragoncaller_SB": 2414, "Splash Portal_SB": 2763, "Ghostly Dancers": 1194, "Demonic Pact_SB": 710, "Valorous Stance": 3290, "Lodestone Needle": 1752, "Sawblade Skinripper_SB": 2509, "Zephyr Singer": 3480, "Cunning Coyote_SB": 628, "Lunar Convocation_SB": 1783, "Bartolom\u00e9 del Presidio_SB": 198, "Valley Rotcaller_SB": 3287, "Bloodghast": 263, "Debris Beetle": 675, "Wastewood Verge": 3402, "Vein Ripper_SB": 3308, "Ketramose, the New Dawn": 1627, "Bleachbone Verge": 249, "Intimidation Tactics": 1515, "Grim Bauble": 1302, "Momentum Breaker": 1925, "Spell Pierce": 2738, "Outpace Oblivion_SB": 2084, "Ride's End": 2400, "Molt Tender": 1913, "Draconautics Engineer": 784, "Loot, the Pathfinder": 1762, "Afterburner Expert": 28, "Dredger's Insight": 815, "Restless Spire_SB": 2390, "Oildeep Gearhulk_SB": 2046, "Oildeep Gearhulk": 2045, "Haunt the Network_SB": 1355, "Sunbillow Verge": 2853, "Surgical Suite // Hospital Room_SB": 2876, "Thousand Moons Smithy": 3045, "Transmutation Font": 3136, "Braided Net_SB": 321, "Willowrush Verge": 3429, "Eriette of the Charmed Apple": 913, "Monument to Endurance": 1938, "Defend the Rider": 690, "Hazoret, Godseeker": 1365, "Gleeful Demolition_SB": 1234, "Riptide Gearhulk": 2407, "Riverchurn Monument": 2419, "Optimistic Scavenger_SB": 2064, "Overlord of the Hauntwoods_SB": 2098, "Explosive Derailment_SB": 954, "Chandra, Spark Hunter_SB": 476, "Diversion Unit": 764, "Voyage Home": 3371, "Perilous Snare": 2138, "Esoteric Duplicator": 924, "Repurposing Bay": 2367, "Diversion Unit_SB": 765, "Aether Syphon_SB": 25, "Monument to Endurance_SB": 1939, "Marauding Mako": 1829, "Bounce Off": 316, "Brightglass Gearhulk": 352, "Voyager Glidecar": 3372, "Greasewrench Goblin": 1285, "Scrounging Skyray": 2544, "Riverpyre Verge": 2422, "Bounce Off_SB": 317, "Chandra, Spark Hunter": 475, "Captain Howler, Sea Scourge": 415, "Phyrexian Dragon Engine": 2156, "Gastal Thrillroller": 1165, "Mishra's Command": 1898, "Transit Mage": 3135, "The Aetherspark": 2961, "Overgrown Zealot": 2090, "Conduit of Worlds_SB": 557, "Nesting Bot": 1985, "Howlsquad Heavy": 1452, "Count on Luck_SB": 597, "Mendicant Core, Guidelight": 1859, "Mu Yanling, Wind Rider": 1953, "Agonasaur Rex": 35, "Sandstalker Moloch_SB": 2489, "Intimidation Tactics_SB": 1516, "Grim Bauble_SB": 1303, "Momentum Breaker_SB": 1926, "The Speed Demon_SB": 3011, "Lumbering Worldwagon": 1777, "Mindspring Merfolk": 1882, "Lifecraft Engine": 1721, "Caelorna, Coral Tyrant_SB": 396, "Overrun": 2103, "Gastal Thrillroller_SB": 1166, "Burnout Bashtronaut": 385, "Gastal Thrillseeker": 1167, "The Speed Demon": 3010, "The Last Ride": 2990, "Amonkhet Raceway": 59, "Ancient Vendetta_SB": 71, "Memory Guardian": 1858, "Demonic Junker": 707, "Nexus of Becoming": 1993, "Broadside Barrage": 363, "Boosted Sloop": 302, "Broadside Barrage_SB": 364, "Thopter Fabricator_SB": 3033, "Lightwheel Enhancements": 1729, "Regal Imperiosaur": 2349, "Tyrox, Saurid Tyrant": 3181, "Tomik, Wielder of Law_SB": 3117, "Engine Rat": 900, "Teysa, Opulent Oligarch": 2958, "Gonti, Night Minister": 1268, "Muraganda Raceway": 1959, "Gumdrop Poisoner": 1319, "Zephyr Singer_SB": 3481, "Ratadrabik of Urborg": 2300, "Voyager Glidecar_SB": 3373, "Debris Beetle_SB": 676, "Fuel the Flames": 1134, "Skycrash": 2668, "Fuel the Flames_SB": 1135, "Dropkick Bomber": 818, "Quag Feast": 2250, "Gastal Raider_SB": 1164, "Thunderous Velocipede": 3079, "Ketramose, the New Dawn_SB": 1628, "Locust Spray": 1751, "The Skullspore Nexus": 3008, "Intrepid Paleontologist_SB": 1522, "Invasion of Regatha_SB": 1537, "Spectacular Pileup": 2731, "Coalstoke Gearhulk_SB": 527, "Terisian Mindbreaker": 2948, "Skitterbeam Battalion": 2657, "Webstrike Elite_SB": 3413, "Bringer of the Last Gift": 357, "Thalia and The Gitrog Monster_SB": 2960, "Ride's End_SB": 2401, "Zahur, Glory's Past": 3478, "Spectral Interference_SB": 2736, "Say Its Name_SB": 2511, "Stock Up": 2813, "Spectacular Pileup_SB": 2732, "Gas Guzzler": 1162, "Far Fortune, End Boss": 993, "Overrun_SB": 2104, "Wardens of the Cycle_SB": 3394, "Painful Quandary_SB": 2114, "Leaf-Crowned Visionary_SB": 1696, "Mossborn Hydra_SB": 1946, "Blast Zone_SB": 244, "Collision Course_SB": 541, "Sazacap's Brew": 2512, "Invasion of Mercadia": 1535, "Playful Shove": 2186, "Red Sun's Twilight_SB": 2336, "Mishra, Claimed by Gix": 1901, "Heliod, the Radiant Dawn": 1383, "Twinblade Blessing": 3165, "Restless Anchorage_SB": 2378, "Webstrike Elite": 3412, "Coiling Rebirth_SB": 531, "Fearless Swashbuckler": 1020, "Unctus, Grand Metatect": 3199, "The Aetherspark_SB": 2962, "Melira, the Living Cure_SB": 1856, "Bloated Contaminator_SB": 255, "Defend the Rider_SB": 691, "Claim Jumper": 509, "Starscape Cleric_SB": 2791, "Flotsam // Jetsam_SB": 1092, "Soul of Windgrace": 2717, "Perilous Snare_SB": 2139, "Expel the Interlopers_SB": 948, "Visage of Dread": 3346, "Pit Automaton": 2177, "Visage of Dread_SB": 3347, "The Last Ride_SB": 2991, "Jodah, the Unifier_SB": 1575, "Ancient Vendetta": 70, "Basri, Tomorrow's Champion": 202, "Skyseer's Chariot_SB": 2675, "Unstable Glyphbridge_SB": 3236, "Full Throttle_SB": 1138, "Loot, the Key to Everything_SB": 1761, "Loot, the Pathfinder_SB": 1763, "Lassoed by the Law_SB": 1683, "Quag Feast_SB": 2251, "Third Path Iconoclast_SB": 3027, "Ashiok, Wicked Manipulator_SB": 136, "Rampaging Raptor": 2291, "Agonasaur Rex_SB": 36, "Visage Bandit": 3345, "Waxen Shapethief": 3406, "Coalstoke Gearhulk": 526, "Shoreline Looter": 2624, "Engine Rat_SB": 901, "Dune Drifter": 826, "Essence Channeler_SB": 926, "Lunar Insight": 1784, "Sword of Forge and Frontier_SB": 2891, "Become Brutes": 212, "Spring-Loaded Sawblades_SB": 2772, "Urza's Command_SB": 3265, "Dive Down": 762, "Caradora, Heart of Alacria": 419, "Veteran Beastrider": 3319, "Skyseer's Chariot": 2674, "Valor's Flagship": 3288, "The Elder Dragon War_SB": 2969, "Kellan, Inquisitive Prodigy_SB": 1621, "Veteran Survivor": 3320, "Twining Twins": 3169, "Threadbind Clique": 3054, "Boommobile_SB": 299, "Radiant Lotus_SB": 2267, "Boommobile": 298, "Forging the Anchor": 1109, "Radiant Lotus": 2266, "The Mightstone and Weakstone_SB": 2995, "Bloodthorn Flail": 271, "Flamewake Phoenix": 1075, "Cryptcaller Chariot_SB": 617, "Spiteful Hexmage_SB": 2761, "Riverchurn Monument_SB": 2420, "Riptide Gearhulk_SB": 2408, "Volley Veteran": 3365, "Redshift, Rocketeer Chief": 2340, "Thopter Fabricator": 3032, "Furnace Host Charger": 1144, "Clamorous Ironclad": 513, "Wishing Well": 3443, "Frolicking Familiar": 1128, "Alania, Divergent Storm": 48, "Resplendent Angel_SB": 2373, "Tinker's Tote": 3088, "Cephalopod Sentry": 465, "Haunt the Network": 1354, "Sorcerous Spyglass": 2711, "Demonic Junker_SB": 708, "Marketback Walker": 1836, "Sylvan Scavenging": 2897, "Sab-Sunen, Luxa Embodied": 2475, "Simian Simulacrum": 2642, "Marketback Walker_SB": 1837, "Reluctant Role Model": 2358, "Bulwark Ox": 378, "Reluctant Role Model_SB": 2359, "Boom Box": 296, "Possession Engine": 2206, "Conduit of Worlds": 556, "Broadcast Rambler": 362, "Broodheart Engine": 366, "Gargantuan Leech": 1157, "Captivating Cave": 418, "Promising Vein": 2228, "Hidden Courtyard": 1412, "Bat Colony": 203, "Calamitous Cave-In": 397, "Hidden Volcano": 1416, "Daretti, Rocketeer Engineer": 645, "Threefold Thunderhulk": 3064, "Tune Up": 3158, "Meteor Golem_SB": 1865, "Market Gnome_SB": 1835, "Leyline Binding_SB": 1711, "The Goose Mother": 2979, "Gastal Raider": 1163, "Oviya, Automech Artisan": 2110, "Mold Adder_SB": 1912, "Burnout Bashtronaut_SB": 386, "The Skullspore Nexus_SB": 3009, "Sovereign Okinec Ahau": 2729, "Gloryheath Lynx": 1243, "The Raven Man": 3002, "The Raven Man_SB": 3003, "Halana and Alena, Partners_SB": 1325, "Valor's Flagship_SB": 3289, "Stall Out": 2785, "Stall Out_SB": 2786, "Tocasia's Welcome_SB": 3109, "Cosmium Confluence": 594, "Festival of Embers": 1049, "Hidden Nursery": 1415, "Balustrade Wurm": 183, "Skycrash_SB": 2669, "Nexus of Becoming_SB": 1994, "Akal Pakal, First Among Equals_SB": 46, "Collector's Vault_SB": 539, "Thran Spider_SB": 3052, "Sab-Sunen, Luxa Embodied_SB": 2476, "Earthrumbler": 844, "Thunderous Velocipede_SB": 3080, "Lavaspur Boots_SB": 1691, "Chitin Gravestalker": 494, "Starving Revenant_SB": 2792, "Stock Up_SB": 2814, "Fear of Infinity_SB": 1009, "Ojer Pakpatiq, Deepest Epoch_SB": 2049, "Oko, the Ringleader": 2050, "Forensic Researcher": 1106, "Deepfathom Echo": 685, "Steamcore Scholar_SB": 2801, "Dredger's Insight_SB": 816, "Fauna Shaman_SB": 998, "Malcator, Purity Overseer": 1813, "Sunder the Gateway": 2854, "Phyrexian Missionary_SB": 2160, "Night Market": 1996, "Stockpiling Celebrant": 2816, "Carrion Locust_SB": 424, "Skullcap Snail_SB": 2665, "Stockpiling Celebrant_SB": 2817, "Baral and Kari Zev": 191, "Enigma Drake": 903, "Eroded Canyon": 915, "Trained Arynx": 3129, "Ornery Tumblewagg": 2070, "Giant Beaver": 1197, "Lagorin, Soul of Alacria": 1679, "Miriam, Herd Whisperer": 1887, "Congregation Gryff": 560, "Brightfield Glider": 351, "Run Over_SB": 2459, "Reject Imperfection_SB": 2353, "Vivisurgeon's Insight_SB": 3351, "Haunted Mire": 1356, "Overwhelming Remorse_SB": 2106, "Akal Pakal, First Among Equals": 45, "Forensic Gadgeteer": 1104, "Deduce_SB": 680, "Wreck Remover_SB": 3460, "Brave the Wilds": 333, "Armored Scrapgorger": 128, "Spinewoods Paladin": 2754, "Mocking Sprite": 1908, "Talion's Messenger": 2913, "Barrow Naughty": 196, "Faerie Slumber Party": 981, "Drag the Canal": 785, "Spellscorn Coven": 2745, "Etrata, Deadly Fugitive": 937, "Coerced to Kill": 529, "Unstoppable Plan_SB": 3237, "Shadow-Rite Priest": 2590, "Training Grounds": 3130, "Hoarding Broodlord": 1433, "Nahiri's Warcrafting_SB": 1972, "Oaken Siren": 2031, "Guidelight Optimizer": 1316, "Fountainport Bell": 1120, "Machine Over Matter_SB": 1795, "Crumb and Get It_SB": 614, "Flame Lash": 1071, "Exsanguinate_SB": 957, "Exsanguinate": 956, "Tranquil Cove_SB": 3132, "Syr Ginger, the Meal Ender_SB": 2902, "Legion Extruder_SB": 1700, "Hearth Elemental_SB": 1376, "Krenko's Buzzcrusher": 1667, "Furnace Punisher_SB": 1145, "Ledger Shredder": 1698, "Arclight Phoenix": 117, "Fiery Impulse": 1057, "Lightning Axe": 1723, "Treasure Cruise": 3142, "Riverglide Pathway": 2421, "Hall of Storm Giants": 1326, "Brazen Borrower_SB": 335, "Annul_SB": 87, "Aether Gust_SB": 24, "Anger of the Gods_SB": 75, "Prismari Command_SB": 2218, "Omen of the Sea": 2055, "The Meathook Massacre": 2992, "Narset, Parter of Veils": 1974, "Field of Ruin": 1051, "Geier Reach Sanitarium": 1170, "Urborg, Tomb of Yawgmoth": 3259, "Clearwater Pathway": 520, "Hive of the Eye Tyrant": 1432, "Shipwreck Marsh": 2611, "Takenuma, Abandoned Mire": 2912, "Ashiok, Dream Render_SB": 133, "Yorion, Sky Nomad_SB": 3474, "Ashiok, Nightmare Muse_SB": 134, "Extinction Event_SB": 959, "Unlicensed Hearse_SB": 3225, "Reckless Rage": 2328, "Soul-Scar Mage": 2720, "Ramunap Ruins": 2294, "Cragcrown Pathway": 601, "Mutavault": 1966, "Redcap Melee_SB": 2337, "Blightstep Pathway": 253, "Bloodtithe Harvester": 272, "Blade of the Oni": 237, "Hidetsugu Consumes All_SB": 1418, "Invoke Despair_SB": 1544, "Kroxa, Titan of Death's Hunger": 1672, "Foreboding Ruins": 1103, "Invoke Despair": 1543, "Rakdos, Patron of Chaos": 2281, "Kolaghan's Command_SB": 1656, "Elvish Mystic": 880, "Nykthos, Shrine to Nyx": 2030, "Kiora, Behemoth Beckoner": 1633, "Cavalier of Thorns": 453, "Old-Growth Troll": 2052, "Lair of the Hydra": 1680, "Storm the Festival": 2824, "Ulvenwald Oddity": 3193, "Oath of Nissa": 2033, "Leyline of the Guildpact": 1717, "Emrakul, the Promised End_SB": 886, "Setessan Petitioner_SB": 2588, "Arasta of the Endless Web_SB": 98, "Haunted Ridge": 1357, "Sigarda's Aid": 2633, "Colossus Hammer": 545, "Raffine's Informant": 2268, "Sylvan Caryatid": 2896, "Eldritch Evolution": 861, "Overgrown Tomb": 2089, "Mana Confluence": 1819, "Soulflayer": 2722, "Collective Brutality_SB": 534, "Gifted Aetherborn_SB": 1202, "Bloodline Culling_SB": 267, "Deafening Silence_SB": 670, "Portable Hole_SB": 2201, "Grafdigger's Cage_SB": 1274, "Cauldron Familiar": 448, "Claim the Firstborn": 511, "Deadly Dispute": 667, "Mayhem Devil": 1844, "Witch's Oven": 3446, "Claim the Firstborn_SB": 512, "Ob Nixilis, the Adversary_SB": 2035, "Hallowed Fountain": 1328, "Indatha Triome": 1485, "Spara's Headquarters": 2730, "Zagoth Triome": 3477, "Vanishing Verse": 3301, "Leyline of Sanctity_SB": 1715, "Barrier Breach_SB": 195, "Knockout Blow_SB": 1652, "Dawnwing Marshal": 654, "Bonecrusher Giant": 290, "Burning-Tree Emissary": 384, "Chandra, Torch of Defiance": 477, "Collision // Colossus": 540, "Gruul Spellbreaker": 1309, "Kami's Flare": 1597, "Kumano Faces Kakkazan": 1673, "Pelt Collector": 2135, "Voltaic Brawler": 3367, "Zhur-Taa Goblin": 3483, "Bonecrusher Giant_SB": 291, "Chandra, Torch of Defiance_SB": 478, "Cindervines_SB": 503, "Kami's Flare_SB": 1598, "Roiling Vortex_SB": 2439, "Weathered Runestone_SB": 3411, "Hazoret the Fervent_SB": 1364, "Stormcarved Coast": 2825, "Spikefield Hazard": 2751, "Izzet Charm": 1557, "Prismari Command": 2217, "Greasefang, Okiba Boss": 1284, "Parhelion II": 2122, "Shattered Sanctum": 2597, "Faithful Mending": 982, "Skysovereign, Consul Flagship": 2677, "Tainted Indulgence": 2906, "Collective Brutality": 533, "Raffine's Tower": 2269, "Stubborn Denial": 2843, "Dovin's Veto_SB": 782, "Silence_SB": 2635, "Fatal Push_SB": 996, "Vanishing Verse_SB": 3302, "Go Blank_SB": 1247, "Breeding Pool": 348, "Linvala, the Preserver": 1736, "Enigmatic Incarnation": 904, "Skyclave Apparition": 2667, "Savai Triome": 2503, "Thought Distortion_SB": 3039, "Archon of Emeria_SB": 116, "Ruric Thar, the Unbowed_SB": 2466, "Voldaren Epicure": 3362, "Ensoul Artifact": 906, "Darksteel Citadel": 649, "Shrapnel Blast": 2627, "Smuggler's Copter": 2695, "Rending Volley_SB": 2362, "Shadowspear_SB": 2591, "Voltage Surge_SB": 3366, "Experimental Frenzy_SB": 951, "Claim // Fame": 508, "Infuriate": 1494, "Extinction Event": 958, "Castle Locthwain": 442, "Paradoxical Outcome": 2121, "Fetid Pools": 1050, "Yorion, Sky Nomad": 3473, "Bishop of Wings": 228, "Righteous Valkyrie": 2403, "Resplendent Marshal": 2374, "Collected Company": 532, "Portable Hole": 2200, "Branchloft Pathway": 330, "Cave of the Frost Dragon": 454, "Overgrown Farmland": 2088, "Temple Garden": 2931, "Eiganjo, Seat of the Empire": 858, "Brutal Cathar_SB": 373, "Reidane, God of the Worthy_SB": 2350, "Archon of Absolution_SB": 114, "Shapers' Sanctuary_SB": 2593, "Brave the Elements_SB": 332, "Heroic Intervention_SB": 1406, "Dynamite Diver": 842, "Guidelight Synergist": 1317, "Kolodin, Triumph Caster": 1657, "Burner Rocket": 382, "Cloudspire Skycycle": 525, "Frenzied Goblin": 1124, "Count on Luck": 596, "Doubling Season_SB": 780, "Fanatical Firebrand_SB": 989, "Reckless Lackey_SB": 2327, "Howlsquad Heavy_SB": 1453, "Rundvelt Hordemaster_SB": 2461, "District Mascot": 758, "Shivan Devastator": 2612, "Zimone, Paradox Sculptor": 3485, "Tyvar, the Pummeler_SB": 3190, "Zopandrel, Hunger Dominus_SB": 3489, "Aurelia, the Warleader": 157, "Gilded Ghoda": 1205, "Fear of Infinity": 1008, "Laughing Jasper Flint_SB": 1688, "Rocky Roads": 2433, "Lumbering Worldwagon_SB": 1778, "Cosmic Rebirth_SB": 593, "Etched Familiar": 934, "Drake Hatcher_SB": 802, "Eddymurk Crab_SB": 852, "Mimeoplasm, Revered One": 1879, "Devouring Sugarmaw": 731, "Amalia Benavides Aguirre_SB": 56, "Elas il-Kor, Sadistic Pilgrim_SB": 860, "Fiendish Panda_SB": 1053, "Knight of Dawn's Light_SB": 1645, "Spin Out_SB": 2752, "Ravine Raider_SB": 2308, "Cindering Cutthroat_SB": 502, "Steampath Charger_SB": 2802, "Risky Shortcut_SB": 2411, "Spectral Interference": 2735, "Ruthless Negotiation_SB": 2474, "Map the Frontier": 1824, "No Witnesses_SB": 2013, "Silken Strength": 2638, "Divine Resilience": 766, "Greenhouse // Rickety Gazebo": 1295, "Mirror Room // Fractured Realm": 1892, "Radiant Grove": 2265, "Streetwise Negotiator_SB": 2837, "Winter, Cursed Rider": 3438, "Mondrak, Glory Dominus_SB": 1933, "Become Brutes_SB": 213, "Goblin Oriflamme": 1255, "Spyglass Siren_SB": 2775, "Realm-Scorcher Hellkite": 2317, "Sentinel of Lost Lore_SB": 2578, "Herd Migration_SB": 1401, "Kykar, Zephyr Awakener": 1678, "The Huntsman's Redemption_SB": 2982, "Lathril, Blade of the Elves_SB": 1686, "Armored Armadillo_SB": 126, "Gixian Infiltrator_SB": 1219, "Gloryheath Lynx_SB": 1244, "Threefold Thunderhulk_SB": 3065, "Cryptcaller Chariot": 616, "Case of the Locked Hothouse": 432, "Primeval Bounty": 2214, "Karn, Living Legacy_SB": 1601, "Disenchant": 743, "Captain Howler, Sea Scourge_SB": 416, "Cursed Recording_SB": 632, "Thirsting Roots": 3028, "Gigantosaurus": 1203, "Llanowar Stalker": 1749, "Ghalta, Primal Hunger_SB": 1186, "Gigantosaurus_SB": 1204, "Mindsparker_SB": 1880, "Rangers' Refueler": 2295, "Meeting of Minds": 1853, "Steel Hellkite_SB": 2803, "The Stasis Coffin": 3012, "The Everflowing Well": 2975, "Kellan Joins Up": 1617, "Ovika, Enigma Goliath_SB": 2109, "Quaketusk Boar": 2252, "Bestow Greatness_SB": 219, "Leaping Ambush": 1697, "Raucous Theater_SB": 2306, "Flowstone Infusion_SB": 1098, "Alesha, Who Laughs at Fate_SB": 50, "Progenitor Exarch": 2223, "Agatha of the Vile Cauldron": 32, "Detention Chariot": 728, "Push the Limit": 2242, "Gallant Strike": 1153, "Thundering Broodwagon": 3076, "Primal Might_SB": 2213, "Stern Lesson": 2807, "Reckless Handling": 2325, "Stormkeld Vanguard_SB": 2829, "Moonshaker Cavalry_SB": 1941, "Bramble Familiar_SB": 326, "Annie Joins Up_SB": 84, "Ancient Den": 69, "Boros Garrison": 305, "Experimental Synthesizer": 952, "Galvanic Blast": 1154, "Glint Hawk": 1237, "Great Furnace": 1287, "Journey to Nowhere": 1579, "Kor Skyfisher": 1661, "Lembas": 1704, "Makeshift Munitions": 1812, "Relic of Progenitus": 2355, "Rustvale Bridge": 2470, "Thraben Inspector": 3049, "Dust to Dust_SB": 834, "Electrickery_SB": 862, "Prismatic Strands_SB": 2220, "Pyroblast_SB": 2243, "Red Elemental Blast_SB": 2335, "Relic of Progenitus_SB": 2356, "Boomerang": 297, "Brainstorm": 324, "Cryptic Serpent": 620, "Deep Analysis": 682, "Delver of Secrets": 701, "Dragon Wings": 794, "L\u00f3rien Revealed": 1790, "Mental Note": 1860, "Murmuring Mystic": 1964, "Ponder": 2199, "Sleep of the Dead": 2682, "Snow-Covered Island": 2702, "Blue Elemental Blast_SB": 281, "Deem Inferior_SB": 681, "Dispel_SB": 749, "Hydroblast_SB": 1466, "Jace's Phantasm_SB": 1561, "Murmuring Mystic_SB": 1965, "Sleep of the Dead_SB": 2683, "Radiant Fountain": 2264, "Goldmire Bridge": 1261, "Bojuka Bog": 284, "Orzhov Basilica": 2071, "Sunlit Marsh": 2860, "Troll of Khazad-d\u00fbm": 3153, "Eagles of the North": 843, "Dawnbringer Cleric": 653, "Omen of the Dead": 2054, "Cast Down": 440, "Accursed Marauder": 12, "Refurbished Familiar": 2342, "Vault of Whispers": 3303, "Suffocating Fumes": 2846, "Campfire_SB": 406, "Arms of Hadar_SB": 130, "Unmake_SB": 3226, "Accursed Marauder_SB": 13, "Cast Down_SB": 441, "Beckon Apparition_SB": 211, "Thraben Charm_SB": 3048, "Thorn of the Black Rose_SB": 3035, "Arashin Cleric_SB": 97, "Lazav, Wearer of Faces_SB": 1694, "Harmless Offering_SB": 1345, "Return Triumphant": 2396, "Souls of the Lost_SB": 2725, "Slickshot Lockpicker_SB": 2689, "Flashfreeze": 1078, "Sunpearl Kirin": 2861, "Heritage Reclamation_SB": 1403, "Magmatic Hellkite_SB": 1803, "Interface Ace": 1512, "Synchronized Charge": 2899, "Surrak, Elusive Hunter": 2879, "Surrak, Elusive Hunter_SB": 2880, "Elspeth, Storm Slayer": 874, "Rally the Monastery": 2289, "Cori Mountain Monastery": 579, "Dispelling Exhale": 750, "Jeskai Revelation": 1568, "Marang River Regent": 1825, "Shiko, Paragon of the Way": 2608, "Herd Heirloom": 1398, "Cori-Steel Cutter": 580, "Jeskai Revelation_SB": 1569, "Voice of Victory_SB": 3355, "Tersa Lightshatter": 2955, "Desperate Measures": 722, "Rot-Curse Rakshasa": 2444, "Elspeth, Storm Slayer_SB": 875, "United Battlefront": 3224, "Sandsteppe Citadel": 2490, "Skirmish Rhino": 2656, "Sage of the Skies_SB": 2479, "Tersa Lightshatter_SB": 2956, "Winternight Stories": 3439, "Auroral Procession": 158, "Opulent Palace": 2065, "Rakshasa's Bargain": 2284, "Mistrise Village": 1904, "Glacial Dragonhunt": 1221, "Rediscover the Way": 2338, "Kishla Village": 1638, "Restless Vents_SB": 2392, "Roiling Dragonstorm": 2437, "Gilded Lotus_SB": 1206, "Magmatic Hellkite": 1802, "Sarkhan, Dragon Ascendant": 2500, "Pit of Offerings": 2178, "Static Snare_SB": 2797, "Kayla's Reconstruction_SB": 1611, "Unending Whisper": 3213, "Mystic Monastery": 1969, "Stormshriek Feral": 2830, "Stormshriek Feral_SB": 2831, "Wild Ride": 3423, "Cori-Steel Cutter_SB": 581, "Gulping Scraptrap": 1318, "Static Snare": 2796, "Frontline Rush": 1130, "Tempest Hawk": 2930, "Flamehold Grappler": 1074, "Cooped Up": 571, "Fresh Start_SB": 1126, "Two-Headed Hunter_SB": 3179, "Frostcliff Siege": 1132, "Duty Beyond Death_SB": 836, "Dalkovan Encampment": 641, "Frontier Bivouac": 1129, "Dragonologist": 800, "Scavenger Regent_SB": 2523, "Caustic Exhale": 451, "Disruptive Stormbrood": 752, "Scavenger Regent": 2520, "Qarsi Revenant_SB": 2249, "Bulwark Ox_SB": 379, "Ugin, Eye of the Storms": 3191, "Ugin, Eye of the Storms_SB": 3192, "New Way Forward": 1991, "Awaken the Honored Dead": 164, "Bloomvine Regent": 276, "Scavenger Regent // Exude Toxin // Scavenger Regent": 2521, "Teval, Arbiter of Virtue": 2957, "Caustic Exhale_SB": 452, "Fangkeeper's Familiar_SB": 992, "Mandible Justiciar": 1820, "Voidwing Hybrid": 3356, "Torpor Orb": 3123, "Mercurial Spelldancer": 1862, "Blightbelly Rat_SB": 252, "Devoted Duelist": 730, "Prowcatcher Specialist_SB": 2232, "Fortress Kin-Guard": 1114, "Salt Road Packbeast": 2485, "Inspiring Overseer_SB": 1509, "Salt Road Packbeast_SB": 2486, "Slumbering Keepguard": 2692, "The Princess Takes Flight": 3000, "Keldon Strike Team": 1615, "Sidisi, Regent of the Mire": 2631, "Gingerbrute_SB": 1209, "Undergrowth Leopard_SB": 3208, "Temur Tawnyback": 2945, "Eshki Dragonclaw": 923, "Spinewoods Paladin_SB": 2755, "Dragon Sniper": 791, "Nature's Rhythm": 1977, "Broken Wings_SB": 365, "Encroaching Dragonstorm": 887, "Drakuseth, Maw of Flames": 803, "Breaching Dragonstorm": 339, "Molten Exhale": 1917, "Molten Exhale_SB": 1918, "Kishla Skimmer": 1637, "Roar of Endless Song_SB": 2425, "Great Arashin City": 1286, "Maelstrom of the Spirit Dragon": 1798, "Songcrafter Mage": 2709, "Death Begets Life_SB": 671, "Qarsi Revenant": 2248, "Spectral Denial": 2733, "Overwhelming Surge_SB": 2108, "Corroding Dragonstorm": 584, "Clarion Conqueror_SB": 516, "Voice of Victory": 3354, "Bleachbone Verge_SB": 250, "Sage of the Skies": 2478, "Heritage Reclamation": 1402, "Helga, Skittish Seer": 1381, "Helga, Skittish Seer_SB": 1382, "Rakshasa's Bargain_SB": 2285, "Mistrise Village_SB": 1905, "Craterhoof Behemoth": 603, "Case of the Pilfered Proof": 434, "Coordinated Maneuver_SB": 574, "Winternight Stories_SB": 3440, "Descendant of Storms": 715, "Craterhoof Behemoth_SB": 604, "Severance Priest": 2589, "Yathan Roadwatcher": 3470, "Animist's Might": 78, "Marang River Regent_SB": 1826, "Stadium Headliner": 2781, "Scavenger Regent // Exude Toxin // Scavenger Regent_SB": 2522, "Don't Make a Sound_SB": 773, "Twists and Turns_SB": 3175, "Behind the Mask": 215, "Strategic Betrayal_SB": 2835, "Channeled Dragonfire": 481, "Seedglaive Mentor": 2569, "Sagu Wildling": 2480, "Dragonback Assault": 795, "Simulacrum Synthesizer_SB": 2646, "Ureni, the Song Unending": 3260, "Ringing Strike Mastery_SB": 2405, "Spectral Denial_SB": 2734, "Shiko, Paragon of the Way_SB": 2609, "Ureni, the Song Unending_SB": 3261, "Dispelling Exhale_SB": 751, "Twinmaw Stormbrood": 3170, "Fangkeeper's Familiar": 991, "Sinkhole Surveyor": 2648, "Muldrotha, the Gravetide_SB": 1958, "Fleeting Effigy": 1080, "Glacierwood Siege": 1223, "Disruptive Stormbrood_SB": 753, "Roiling Dragonstorm_SB": 2438, "Tinybones, Bauble Burglar_SB": 3092, "Dire Flail": 739, "Skullcap Snail": 2664, "Harried Spearguard": 1346, "Toxin Analysis_SB": 3128, "Rediscover the Way_SB": 2339, "Desperate Measures_SB": 723, "New Way Forward_SB": 1992, "Rotisserie Elemental_SB": 2445, "Dalkovan Packbeasts": 642, "Coordinated Maneuver": 573, "Mardu Devotee": 1831, "Warren Warleader_SB": 3400, "Toby, Beastie Befriender_SB": 3106, "Mardu Devotee_SB": 1832, "Resolute Reinforcements_SB": 2371, "Triumphant Chomp_SB": 3152, "Rampaging Raptor_SB": 2292, "Earthshaker Dreadmaw_SB": 846, "Temur Battlecrier": 2944, "Strategic Betrayal": 2834, "Dinotomaton": 738, "Dragon Whelp": 793, "Firespitter Whelp": 1070, "Mox Jasper": 1952, "Shivan Dragon": 2613, "Viashino Branchrider_SB": 3324, "Firebrand Archer_SB": 1066, "Twin Bolt_SB": 3164, "Rumbling Rockslide_SB": 2457, "Skyraker Giant_SB": 2673, "Breaching Dragonstorm_SB": 340, "Drakuseth, Maw of Flames_SB": 804, "Ticket Booth // Tunnel of Hate_SB": 3083, "All-Out Assault": 52, "Inevitable Defeat": 1487, "Neriv, Heart of the Storm": 1984, "Zurgo, Thunder's Decree": 3498, "Inevitable Defeat_SB": 1488, "Thunder of Unity_SB": 3075, "Windcrag Siege_SB": 3434, "Zurgo's Vanguard": 3497, "Duty Beyond Death": 835, "Kheru Goldkeeper": 1630, "Ambling Stormshell": 57, "Bedrock Tortoise": 214, "Ainok Wayfarer": 38, "Overwhelming Surge": 2107, "Stern Lesson_SB": 2808, "Rabid Bite": 2260, "Polliwallop": 2193, "Felothar, Dawn of the Abzan": 1043, "Channeled Dragonfire_SB": 482, "Corroding Dragonstorm_SB": 585, "Oracle of Tragedy_SB": 2067, "Mardu Siegebreaker": 1833, "Floriferous Vinewall": 1091, "Bovine Intervention_SB": 319, "Combat Courier": 546, "Itzquinth, Firstborn of Gishath_SB": 1553, "Intrepid Stablemaster": 1523, "Guardian Sunmare": 1311, "Treacherous Greed": 3141, "Twitching Doll_SB": 3177, "Under the Skin_SB": 3203, "Break the Spell": 344, "Skyserpent Seeker_SB": 2676, "Clarion Conquerer_SB": 514, "Commune with Nature": 553, "Coordinated Clobbering": 572, "Take the Fall_SB": 2911, "Serum Snare_SB": 2585, "Infectious Bite_SB": 1490, "Stasis Snare": 2793, "Tomb Trawler": 3115, "Mondrak, Glory Dominus": 1932, "Moment of Truth_SB": 1924, "Helping Hand_SB": 1391, "Adarkar Wastes_SB": 19, "Floodfarm Verge_SB": 1088, "Meticulous Archive_SB": 1867, "Seachrome Coast_SB": 2548, "Take Out the Trash_SB": 2908, "Hurkyl, Master Wizard_SB": 1462, "Runescale Stormbrood": 2463, "Nullpriest of Oblivion_SB": 2027, "Lord Skitter's Blessing": 1768, "Ayli, Eternal Pilgrim_SB": 171, "Stoic Sphinx": 2818, "Glarb, Calamity's Augur_SB": 1225, "Terror of the Peaks_SB": 2954, "Calamity, Galloping Inferno_SB": 400, "Kickoff Celebrations": 1631, "Clarion Conqueror // Clarion Conqueror_SB": 515, "Ghostly Dancers_SB": 1195, "Combat Thresher": 548, "Windcrag Siege": 3433, "Glacial Dragonhunt_SB": 1222, "Nomad Outpost": 2014, "Sonic Shrieker": 2710, "The Sibsig Ceremony": 3007, "Purging Stormbrood_SB": 2239, "Confounding Riddle_SB": 559, "Anafenza, Unyielding Lineage": 63, "Taurean Mauler": 2922, "Clay Champion": 518, "Nesting Bot_SB": 1986, "Restricted Office // Lecture Hall_SB": 2395, "Herd Heirloom_SB": 1399, "Dragonfire Blade": 796, "Monastery Messenger": 1929, "Fires of Victory_SB": 1069, "Bovine Intervention": 318, "Convenient Target_SB": 570, "Heliod, the Radiant Dawn_SB": 1384, "Watcher of the Wayside": 3403, "Twinmaw Stormbrood_SB": 3171, "Riling Dawnbreaker": 2404, "Awaken the Honored Dead_SB": 165, "Vampiric Rites_SB": 3298, "Fear of Lost Teeth_SB": 1013, "Bloodghast_SB": 264, "Vampire Gourmand_SB": 3293, "Shocking Sharpshooter": 2618, "Melek, Reforged Researcher": 1854, "Pyrrhic Blast": 2247, "Invasion of Ikoria": 1531, "Warden of the Grove": 3391, "Thunder of Unity": 3074, "Shock Brigade": 2616, "Frontline Rush_SB": 1131, "Dalkovan Packbeasts_SB": 643, "Descendant of Storms_SB": 716, "Worthy Cost_SB": 3458, "War Effort_SB": 3388, "Shocking Sharpshooter_SB": 2619, "Yarus, Roar of the Old Gods": 3469, "Sinkhole Surveyor_SB": 2649, "Branch of Vitu-Ghazi": 328, "Dragon Sniper_SB": 792, "Unyielding Gatekeeper_SB": 3247, "Osseous Exhale": 2073, "Frostcliff Siege_SB": 1133, "Unscrupulous Contractor": 3232, "Gearbane Orangutan_SB": 1169, "Servant of the Stinger_SB": 2587, "Blue Sun's Twilight": 282, "Deadly Riposte": 668, "Derelict Attic // Widow's Walk_SB": 714, "Spring Splasher": 2770, "Norn's Wellspring": 2018, "Case of the Uneaten Feast_SB": 439, "Reigning Victor": 2351, "Worthy Cost": 3457, "Bone-Cairn Butcher": 289, "Salt Road Skirmish": 2487, "Starry-Eyed Skyrider": 2789, "Dirgur Island Dragon": 741, "Aatchik, Emerald Radian": 0, "Rise of the Varmints": 2410, "Undergrowth Leopard": 3207, "Grasping Longneck_SB": 1282, "Watcher of the Wayside_SB": 3404, "Return Triumphant_SB": 2397, "Narset, Jeskai Waymaster": 1973, "Annihilating Glare_SB": 86, "Three Blind Mice_SB": 3057, "Lasyd Prowler": 1684, "Ob Nixilis, Captive Kingpin": 2034, "All Will Be One": 51, "Encroaching Mycosynth": 888, "Krenko, Baron of Tin Street": 1669, "Ice Out": 1467, "Crime Novelist": 609, "Breeches, Eager Pillager_SB": 347, "Convenient Target": 569, "Feral Encounter_SB": 1044, "Nature's Rhythm_SB": 1978, "Synchronized Charge_SB": 2900, "Viral Spawning_SB": 3335, "Grafted Butcher": 1275, "Voidwing Hybrid_SB": 3357, "Timeless Lotus": 3086, "Phyrexian Vindicator_SB": 2164, "Niv-Mizzet, Supreme_SB": 2007, "Perennation_SB": 2136, "Urabrask_SB": 3253, "Kiora, Sovereign of the Deep_SB": 1634}}