{"vocabulary": {"Anoint with Affliction": 89, "Archfiend of the Dross": 111, "Blooming Marsh": 265, "Caustic Bronco": 440, "Cut Down": 624, "Duress": 822, "Forest": 1104, "Fountainport": 1116, "Glissa Sunslayer": 1232, "Go for the Throat": 1242, "Llanowar Elves": 1734, "Llanowar Wastes": 1739, "Maelstrom Pulse": 1785, "Mosswood Dreadknight": 1937, "Preacher of the Schism": 2204, "Restless Cottage": 2377, "Sentinel of the Nameless City": 2571, "Soulstone Sanctuary": 2721, "Swamp": 2878, "Unholy Annex && Ritual Chamber": 3207, "Choking Miasma_SB": 487, "Cut Down_SB": 625, "Duress_SB": 823, "Ghost Vacuum_SB": 1187, "Gix's Command_SB": 1210, "Maelstrom Pulse_SB": 1786, "Nissa, Ascended Animist_SB": 1996, "Render Inert_SB": 2357, "Sheoldred, the Apocalypse_SB": 2597, "Tear Asunder_SB": 2921, "Vivien Reid_SB": 3339, "Darkslick Shores": 637, "Deep-Cavern Bat": 674, "Enduring Curiosity": 887, "Faerie Mastermind": 975, "Floodpits Drowner": 1086, "Gloomlake Verge": 1235, "Island": 1541, "Kaito, Bane of Nightmares": 1579, "Phantom Interference": 2141, "Restless Reef": 2380, "Sheoldred, the Apocalypse": 2596, "Spyglass Siren": 2769, "Underground River": 3197, "Anoint with Affliction_SB": 90, "Disdainful Stroke_SB": 735, "Disfigure_SB": 739, "Enduring Curiosity_SB": 888, "Negate_SB": 1972, "Tishana's Tidebinder_SB": 3089, "Burst Lightning": 378, "Emberheart Challenger": 876, "Heartfire Hero": 1363, "Hired Claw": 1421, "Lightning Strike": 1716, "Manifold Mouse": 1812, "Monastery Swiftspear": 1920, "Monstrous Rage": 1926, "Mountain": 1939, "Rockface Village": 2427, "Screaming Nemesis": 2531, "Witchstalker Frenzy": 3437, "Lithomantic Barrage_SB": 1729, "Obliterating Bolt_SB": 2029, "Sunspine Lynx_SB": 2862, "Torch the Tower_SB": 3110, "Twisted Fealty_SB": 3164, "Urabrask's Forge_SB": 3243, "Wrenn's Resolve_SB": 3455, "Cryptic Coat": 607, "Ertai Resurrected": 913, "Spectral Sailor": 2732, "Three Steps Ahead": 3053, "Tishana's Tidebinder": 3088, "Cryptic Coat_SB": 608, "The End_SB": 2967, "Unstoppable Slasher": 3229, "Gix, Yawgmoth Praetor_SB": 1212, "Go for the Throat_SB": 1243, "Kaito, Bane of Nightmares_SB": 1580, "Malicious Eclipse_SB": 1808, "Cavern of Souls": 446, "Floodfarm Verge": 1084, "Get Lost": 1171, "Hedge Maze": 1371, "Herd Migration": 1392, "Hushwood Verge": 1454, "Leyline Binding": 1699, "Lush Portico": 1776, "Meticulous Archive": 1857, "Overlord of the Floodpits": 2089, "Overlord of the Hauntwoods": 2091, "Overlord of the Mistmoors": 2093, "Plains": 2177, "Scrollshift": 2533, "Shadowy Backstreet": 2584, "Split Up": 2760, "Sunfall": 2853, "Up the Beanstalk": 3239, "Zur, Eternal Schemer": 3485, "Authority of the Consuls_SB": 154, "Doppelgang_SB": 770, "Elspeth's Smite_SB": 867, "Pawpatch Formation_SB": 2122, "Rest in Peace_SB": 2372, "Deadly Cover-Up": 656, "Deduce": 670, "Doomsday Excruciator": 766, "Jace, the Perfected Mind": 1554, "Quick Study": 2251, "Undercity Sewers": 3194, "Chrome Host Seedshark_SB": 489, "Analyze the Pollen": 65, "Bitter Reunion": 223, "Botanical Sanctum": 301, "Bushwhack": 380, "Copperline Gorge": 565, "Enduring Vitality": 893, "Fabled Passage": 965, "Karplusan Forest": 1594, "Pawpatch Formation": 2121, "Questing Druid": 2248, "Roaring Furnace && Steaming Sauna": 2422, "Song of Totentanz": 2701, "Stormchaser's Talent": 2823, "Tarnation Vista": 2914, "This Town Ain't Big Enough": 3024, "Thundertrap Trainer": 3073, "Torch the Tower": 3109, "Valley Floodcaller": 3272, "Yavimaya Coast": 3461, "Dissection Tools_SB": 748, "Floodpits Drowner_SB": 1087, "Pyroclasm_SB": 2240, "Questing Druid_SB": 2249, "Scavenging Ooze_SB": 2517, "Scorching Dragonfire_SB": 2520, "Unsummon_SB": 3232, "Might of the Meek": 1865, "Restless Ridgeline": 2382, "Scorching Dragonfire": 2519, "Snakeskin Veil": 2692, "Thornspire Verge": 3030, "Innkeeper's Talent_SB": 1488, "Pick Your Poison_SB": 2162, "Scorching Shot_SB": 2522, "Snakeskin Veil_SB": 2693, "Stingerback Terror_SB": 2808, "Witchstalker Frenzy_SB": 3438, "Withering Torment_SB": 3440, "Abhorrent Oculus": 2, "Adarkar Wastes": 19, "Chart a Course": 479, "Founding the Third Path": 1113, "Haughty Djinn": 1345, "Helping Hand": 1382, "Moment of Truth": 1913, "Negate": 1971, "Picklock Prankster": 2163, "Recommission": 2326, "Seachrome Coast": 2538, "Soul Partition": 2708, "Unsummon": 3231, "Exorcise_SB": 941, "Monastery Mentor_SB": 1918, "Sheltered by Ghosts_SB": 2592, "Soul Partition_SB": 2709, "Split Up_SB": 2761, "Temporary Lockdown_SB": 2941, "Scavenging Ooze": 2516, "Tear Asunder": 2920, "Virtue of Persistence": 3332, "Vivien Reid": 3338, "Aclazotz, Deepest Betrayal_SB": 16, "Mazemind Tome": 1839, "Shoot the Sheriff": 2613, "Spell Stutter": 2736, "Deadly Cover-Up_SB": 657, "Dreams of Steel and Oil_SB": 810, "Jace, the Perfected Mind_SB": 1555, "Kiora, the Rising Tide": 1625, "Silent Hallcreeper_SB": 2630, "Beza, the Bounding Spring": 214, "Crawling Barrens": 594, "Day of Judgment": 647, "Demolition Field": 695, "Elspeth's Smite": 866, "No More Lies": 2000, "Not on My Watch": 2013, "Restless Anchorage": 2373, "Sunken Citadel": 2856, "Temporary Lockdown": 2940, "Beza, the Bounding Spring_SB": 215, "Devout Decree_SB": 724, "Elesh Norn, Mother of Machines_SB": 862, "Mazemind Tome_SB": 1840, "Sheoldred's Edict": 2594, "Virtue of Persistence_SB": 3333, "Karplusan Forest_SB": 1595, "Aclazotz, Deepest Betrayal": 15, "Cruelclaw's Heist": 600, "Gix's Command": 1209, "Harvester of Misery": 1342, "Tranquil Frillback": 3124, "Underground Mortuary": 3195, "Harvester of Misery_SB": 1343, "Gix, Yawgmoth Praetor": 1211, "Blot Out_SB": 270, "Three Steps Ahead_SB": 3054, "Brushland": 360, "Glass Casket": 1220, "Boon-Bringer Valkyrie_SB": 292, "Lyra Dawnbringer_SB": 1778, "Outrageous Robbery_SB": 2080, "Commercial District": 539, "Razorverge Thicket": 2309, "Outrageous Robbery": 2079, "Archangel of Wrath": 107, "Urgent Necropsy": 3253, "Heaped Harvest": 1362, "Atraxa, Grand Unifier": 146, "Not on My Watch_SB": 2014, "Tranquil Frillback_SB": 3125, "Kaya, Intangible Slayer_SB": 1598, "Cache Grab": 382, "Eddymurk Crab": 845, "Into the Flood Maw": 1508, "Seed of Hope": 2559, "Sleight of Hand": 2677, "Tolarian Terror": 3102, "Herbology Instructor_SB": 1389, "Minor Misstep_SB": 1875, "Monstrous Emergence_SB": 1925, "Unable to Scream_SB": 3185, "Ajani, Caller of the Pride": 40, "Mockingbird": 1899, "Novice Inspector": 2015, "Regal Bunnicorn": 2341, "Sheltered by Ghosts": 2591, "Steel Seraph": 2801, "Subterranean Schooner": 2841, "Unidentified Hovership": 3211, "Warden of the Inner Sky": 3383, "Zoetic Glyph": 3477, "Ajani, Caller of the Pride_SB": 41, "Destroy Evil_SB": 717, "Get Lost_SB": 1172, "Loran of the Third Path_SB": 1753, "Archangel Elspeth": 103, "Caretaker's Talent": 410, "Carrot Cake": 415, "Enduring Innocence": 889, "Lay Down Arms": 1681, "Season of the Burrow": 2552, "Virtue of Loyalty": 3330, "Season of the Burrow_SB": 2553, "Tail Swipe": 2900, "Battlefield Forge": 196, "Case of the Gateway Express": 420, "Clockwork Percussionist": 512, "Gleeful Demolition": 1227, "Imodane's Recruiter": 1467, "Inspiring Vantage": 1502, "Knight-Errant of Eos": 1639, "Resolute Reinforcements": 2366, "Shivan Reef": 2606, "Spirebluff Canal": 2754, "Protect the Negotiators_SB": 2225, "Kaito, Cunning Infiltrator_SB": 1582, "Arabella, Abandoned Doll": 94, "Mirrex": 1879, "Painter's Studio && Defaced Gallery": 2109, "Shock": 2607, "Koth, Fire of Resistance_SB": 1652, "Mountain_SB": 1940, "Capricious Hellraiser": 404, "Brass's Tunnel-Grinder": 321, "Season of Weaving": 2550, "Chandra, Hope's Beacon": 464, "Thundering Falls": 3069, "Ill-Timed Explosion": 1464, "Roaring Furnace // Steaming Sauna": 2424, "Chandra, Flameshaper": 462, "Fires of Victory": 1066, "Soul-Guide Lantern_SB": 2714, "Ral, Crackling Wit_SB": 2284, "Abrade_SB": 5, "Brotherhood's End_SB": 358, "Eaten by Piranhas_SB": 843, "Virtue of Knowledge_SB": 3329, "Change the Equation_SB": 471, "Get Out": 1173, "Altanak, the Thrice-Called": 55, "Say Its Name": 2502, "Restless Vinestalk": 2388, "Haywire Mite_SB": 1354, "Trygon Predator_SB": 3147, "Bonny Pall, Clearcutter_SB": 286, "Overlord of the Floodpits_SB": 2090, "Liliana of the Veil": 1720, "Vraska, Betrayal's Sting": 3369, "Innkeeper's Talent": 1487, "Bloodthirsty Conqueror": 260, "Smuggler's Surprise": 2690, "Enduring Tenacity": 891, "Unholy Annex // Ritual Chamber": 3209, "Outcaster Trailblazer": 2076, "Glimpse the Core": 1230, "Starscape Cleric": 2787, "Liliana of the Veil_SB": 1721, "Citanul Stalwart": 495, "Dwynen, Gilt-Leaf Daen": 835, "Dwynen's Elite": 834, "Elvish Archdruid": 873, "Imperious Perfect": 1471, "Lathril, Blade of the Elves": 1674, "Leaf-Crowned Visionary": 1684, "Primal Might": 2207, "Three Tree City": 3055, "Tyvar the Bellicose": 3175, "Tyvar, the Pummeler": 3179, "Wildborn Preserver": 3416, "Assassin's Trophy_SB": 138, "Reclamation Sage_SB": 2325, "Tyvar's Stand_SB": 3177, "Skrelv, Defector Mite": 2652, "Silent Hallcreeper": 2629, "Kaito, Cunning Infiltrator": 1581, "Elesh Norn": 860, "Bloodletter of Aclazotz": 256, "Kaito, Dancing Shadow": 1583, "Lavaspur Boots": 1679, "Iridescent Vinelasher": 1538, "Caves of Koilos": 449, "Concealed Courtyard": 542, "Restless Fortress": 2378, "Rite of Replication": 2408, "Swiftfoot Boots_SB": 2883, "Day of Judgment_SB": 648, "White Sun's Twilight_SB": 3413, "Knight of Dusk's Shadow_SB": 1636, "Blue Sun's Twilight_SB": 273, "Boltwave": 277, "Boros Charm": 294, "Lightning Helix": 1714, "Slickshot Show-Off": 2683, "Ghitu Lavarunner": 1184, "Restless Bivouac": 2375, "Pillage the Bog": 2170, "Nowhere to Run_SB": 2017, "Liliana, Dreadhorde General_SB": 1723, "Healer's Hawk": 1361, "Hinterland Sanctifier": 1419, "Leonin Vanguard": 1694, "Ajani's Pridemate": 39, "Angel of Vitality": 74, "Resplendent Angel": 2368, "Scoured Barrens": 2524, "Marauding Blight-Priest": 1817, "Elas il-Kor, Sadistic Pilgrim": 853, "Authority of the Consuls": 153, "Phyrexian Arena": 2147, "Extinguish the Light_SB": 956, "Hero's Downfall_SB": 1397, "Feed the Swarm_SB": 1024, "Mortify_SB": 1934, "Horned Loch-Whale": 1437, "Voracious Greatshark": 3359, "The Irencrag": 2980, "Liliana, Dreadhorde General": 1722, "Bitter Triumph": 225, "Nine-Lives Familiar": 1994, "The End": 2966, "Nowhere to Run": 2016, "Deathmark_SB": 665, "Sheoldred's Edict_SB": 2595, "Malicious Eclipse": 1807, "The Cruelty of Gix": 2961, "Leyline of the Void_SB": 1707, "Valgavoth, Terror Eater_SB": 3268, "Wildwood Scourge": 3419, "Mild-Mannered Librarian": 1869, "Charming Prince": 476, "Skyknight Squire": 2664, "Gnarlid Colony": 1239, "Wary Thespian": 3392, "Dazzling Angel": 649, "Inspiring Paladin": 1501, "Mossborn Hydra": 1935, "Good-Fortune Unicorn": 1263, "Felidar Savior": 1032, "Armasaur Guide": 123, "Regal Caracal": 2343, "Felling Blow": 1035, "Biogenic Upgrade": 219, "Inspiring Call": 1498, "Pacifism": 2106, "Felidar Retreat": 1030, "Doubling Season": 771, "Anthem of Champions": 93, "Temple of Plenty": 2937, "Blossoming Sands": 267, "Vengeful Possession_SB": 3304, "Cruelclaw's Heist_SB": 601, "Scavenger's Talent": 2515, "Legions to Ashes": 1691, "Rottenmouth Viper": 2442, "High Noon_SB": 1416, "Trumpeting Carnosaur": 3146, "Breach the Multiverse": 327, "Raucous Theater": 2301, "Sulfurous Springs": 2845, "Drannith Ruins": 803, "Builder's Talent": 363, "Nurturing Pixie": 2020, "Hopeless Nightmare": 1435, "Case of the Stashed Skeleton": 426, "Tithing Blade": 3094, "Spring-Loaded Sawblades": 2767, "Helpful Hunter": 1381, "Neglected Manor": 1973, "Tinybones Joins Up_SB": 3082, "Parting Gust_SB": 2118, "Bandit's Talent_SB": 179, "Phyrexian Fleshgorger_SB": 2153, "Dreams of Steel and Oil": 809, "Decadent Dragon": 668, "Twinflame Tyrant": 3158, "Brotherhood's End": 357, "Blackcleave Cliffs": 228, "Blazemire Verge": 236, "Phyrexian Obliterator_SB": 2157, "Screaming Nemesis_SB": 2532, "Kellan, Planar Trailblazer": 1613, "Case of the Crimson Pulse_SB": 418, "Pawpatch Recruit": 2123, "Hunter's Talent": 1450, "Spinner of Souls": 2752, "Keen-Eyed Curator": 1604, "Sharp-Eyed Rookie": 2588, "Hard-Hitting Question": 1334, "Cankerbloom": 401, "Wrenn and Realmbreaker_SB": 3452, "Tail Swipe_SB": 2901, "Scrapshooter_SB": 2526, "Axebane Ferox_SB": 162, "Phyrexian Obliterator": 2156, "Flourishing Bloom-Kin": 1090, "Ghalta, Primal Hunger": 1179, "Scrapshooter": 2525, "Audacity": 148, "Hunter's Talent_SB": 1451, "Corpses of the Lost": 572, "Disturbing Mirth": 753, "Fear of Missing Out": 1010, "Final Vengeance": 1058, "Forsaken Miner": 1109, "Spiteful Hexmage": 2756, "Urabrask's Forge": 3242, "Immersturm Predator": 1466, "Restless Vents": 2386, "Tinybones, the Pickpocket": 3085, "Glistening Deluge_SB": 1234, "Sword of Once and Future_SB": 2889, "Furnace Reins_SB": 1144, "Blooming Blast_SB": 264, "Loran of the Third Path": 1752, "Crystal Barricade_SB": 612, "Infestation Sage": 1484, "Essence Channeler": 921, "Callous Sell-Sword": 394, "Charming Scoundrel": 477, "Searslicer Goblin": 2544, "Ruthless Lawbringer": 2466, "Alesha, Who Laughs at Fate": 50, "Perforating Artist": 2132, "Aurelia, the Law Above": 150, "Vampire Nighthawk_SB": 3285, "Voldaren Thrillseeker_SB": 3354, "Restless Spire": 2384, "Ral, Crackling Wit": 2283, "Teferi, Temporal Pilgrim": 2925, "Union of the Third Path": 3213, "Silver Scrutiny_SB": 2633, "Lightning Helix_SB": 1715, "Braids, Arisen Nightmare": 312, "Feed the Swarm": 1023, "Tinybones Joins Up": 3081, "Refute": 2339, "Rite of the Moth": 2411, "Valgavoth, Terror Eater": 3267, "Zombify": 3479, "Stab_SB": 2775, "Blot Out": 269, "Preacher of the Schism_SB": 2205, "Elegant Parlor": 857, "Luminous Rebuke": 1768, "Overlord of the Boilerbilges": 2087, "Seized from Slumber": 2566, "Kogla and Yidaro_SB": 1643, "Sunfall_SB": 2854, "Burst Lightning_SB": 379, "Roaring Furnace && Steaming Sauna_SB": 2423, "Up the Beanstalk_SB": 3240, "Volcanic Spite_SB": 3351, "Atraxa, Grand Unifier_SB": 147, "Evangel of Synthesis": 934, "Overlord of the Balemurk": 2085, "Steamcore Scholar": 2797, "Valgavoth's Faithful": 3263, "Stoic Sphinx_SB": 2815, "Elenda, Saint of Dusk": 858, "Zoraline, Cosmos Caller": 3481, "Caustic Bronco_SB": 441, "Doppelgang": 769, "Artist's Talent": 130, "Hearth Elemental": 1368, "Highway Robbery": 1417, "Urabrask": 3241, "Wrenn's Resolve": 3454, "Jaya, Fiery Negotiator_SB": 1559, "Crash Through": 591, "Drake Hatcher": 797, "Fugitive Codebreaker": 1133, "Opt": 2054, "Shore Up": 2615, "Slick Sequence": 2680, "Abhorrent Oculus_SB": 3, "Faerie Mastermind_SB": 976, "Into the Flood Maw_SB": 1509, "Lord Skitter, Sewer King": 1757, "Legions to Ashes_SB": 1692, "Raucous Carnival": 2299, "Shardmage's Rescue": 2586, "Knight of Grace_SB": 1638, "Barbed Batterfist": 185, "Twisted Fealty": 3163, "Slagstorm_SB": 2672, "Breach the Multiverse_SB": 328, "Armored Armadillo": 124, "Calix, Guided by Fate": 391, "Elvish Archivist": 874, "Ethereal Armor": 931, "Feather of Flight": 1016, "Optimistic Scavenger": 2056, "Royal Treatment": 2446, "Toadstool Admirer": 3096, "Calix, Guided by Fate_SB": 392, "Divine Resilience_SB": 760, "Unflinching Courage_SB": 3206, "Valorous Stance_SB": 3281, "Ephara's Dispersal_SB": 907, "Shore Up_SB": 2616, "Faebloom Trick": 970, "Neutralize the Guards_SB": 1981, "Thran Portal": 3044, "Yotian Frontliner": 3465, "Molten Collapse": 1904, "Piggy Bank": 2165, "Hostile Investigator_SB": 1442, "Bitter Triumph_SB": 226, "Fiery Annihilation_SB": 1051, "Basilisk Collar": 192, "Turn Inside Out": 3153, "Basilisk Collar_SB": 193, "Obliterating Bolt": 2028, "Roxanne, Starfall Savant": 2444, "Lukka, Bound to Ruin_SB": 1765, "Muerra, Trash Tactician_SB": 1946, "Rattleback Apothecary": 2298, "Lush Oasis": 1775, "Bristly Bill, Spine Sower": 349, "Freestrider Lookout": 1119, "Tatyova, Steward of Tides": 2918, "Outcaster Greenblade": 2075, "Colossal Rattlewurm": 531, "Sandstorm Verge": 2488, "Arid Archway": 121, "Llanowar Loamspeaker": 1737, "Festering Gulch": 1042, "Creosote Heath": 597, "Duelist of the Mind": 820, "Desert's Due": 711, "Goldvein Hydra": 1256, "Repulsive Mutation_SB": 2362, "Surge of Salvation_SB": 2868, "Herald of Eternal Dawn": 1384, "Live or Die": 1730, "Lively Dirge": 1731, "Final Showdown": 1056, "Loran's Escape": 1754, "Dawn's Truce": 643, "Temple of Silence": 2938, "Farsight Ritual": 990, "Temple of Malady": 2934, "Glissa Sunslayer_SB": 1233, "Calamity, Galloping Inferno": 389, "Loot, Exuberant Explorer": 1748, "Ruby, Daring Tracker": 2449, "Terror of the Peaks": 2950, "Vaultborn Tyrant": 3293, "Tyrranax Rex_SB": 3174, "Proft's Eidetic Memory": 2216, "Inquisitive Glimmer": 1490, "Entity Tracker": 904, "Gremlin Tamer_SB": 1292, "Ossification_SB": 2069, "Urza's Sylex_SB": 3259, "Tomb Trawler_SB": 3107, "Souls of the Lost": 2719, "Betrayer's Bargain_SB": 213, "Aftermath Analyst": 30, "Nissa, Resurgent Animist": 1997, "Worldsoul's Rage": 3445, "Escape Tunnel": 917, "Evolving Wilds": 937, "Spelunking": 2741, "Virtue of Strength": 3334, "Aetherize": 27, "Titania, Voice of Gaea_SB": 3093, "The Rollercrusher Ride_SB": 3000, "Strangled Cemetery": 2831, "Bonehoard Dracosaur": 283, "Invasion of Tarkir": 1530, "Incinerator of the Guilty": 1475, "Rivaz of the Claw": 2412, "Tyrant of Kher Ridges": 3170, "Pyroclasm": 2239, "Dragonlord's Servant": 794, "Carnelian Orb of Dragonkind": 412, "Kolaghan Warmonger": 1644, "Temple of Malice": 2935, "Push // Pull": 2235, "Push // Pull_SB": 2236, "Unholy Annex // Ritual Chamber_SB": 3210, "Elesh Norn, Mother of Machines": 861, "Thrun, Breaker of Silence_SB": 3065, "Cathar Commando": 435, "Knight of Grace": 1637, "Elenda, Saint of Dusk_SB": 859, "Cynical Loner": 627, "Sire of Seven Deaths": 2643, "Urborg Scavengers": 3248, "Valgavoth's Lair": 3264, "Zetalpa, Primal Dawn": 3473, "Plumecreed Escort": 2183, "Ertai Resurrected_SB": 914, "Phantom Interference_SB": 2142, "Rona, Herald of Invasion": 2437, "Koma, World-Eater": 1647, "No One Left Behind": 2002, "Abyssal Harvester": 10, "Gev, Scaled Scorch": 1177, "Laughing Jasper Flint": 1676, "Flamecache Gecko": 1071, "Thought-Stalker Warlock": 3035, "Mudflat Village": 1944, "Fireglass Mentor": 1065, "Ossification": 2068, "Annex Sentry": 81, "Skrelv's Hive": 2650, "White Sun's Twilight": 3412, "Phyrexian Vindicator": 2158, "Phyrexian Censor": 2149, "Volatile Fault": 3348, "Calamity's Wake_SB": 388, "Seal from Existence_SB": 2541, "Stasis Snare_SB": 2791, "Agatha's Soul Cauldron": 32, "Arcanis the Omnipotent": 102, "Chrome Host Seedshark": 488, "Ichormoon Gauntlet": 1461, "Jace Reawakened": 1551, "Jin-Gitaxias": 1564, "Peculiar Lighthouse": 2126, "Temple of Epiphany": 2933, "Galvanize_SB": 1152, "Nissa, Ascended Animist": 1995, "Tocasia's Welcome": 3099, "Sphinx of Forgotten Lore": 2743, "Vren, the Relentless": 3372, "Assassin's Trophy": 137, "Joint Exploration": 1571, "Titania's Command_SB": 3091, "Brineborn Cutthroat": 342, "Long River's Pull_SB": 1746, "Moment of Craving_SB": 1911, "Burglar Rat": 370, "Greedy Freebooter": 1286, "Psychic Whorl": 2228, "Painful Quandary": 2107, "Desecration Demon": 709, "Hidden Necropolis": 1406, "Rune-Scarred Demon": 2458, "Macabre Waltz": 1783, "Vampire Nighthawk": 3284, "Mindsplice Apparatus": 1872, "Temple of Deceit": 2931, "Hidden Cataract": 1403, "Halo Forager": 1323, "The Key to the Vault": 2984, "Phyrexian Arena_SB": 2148, "Pilfer_SB": 2169, "Aegis Turtle_SB": 23, "Invasion of Tarkir_SB": 1531, "Molten Collapse_SB": 1905, "Sentinel of the Nameless City_SB": 2572, "Torch the Witness_SB": 3112, "Kaya, Intangible Slayer": 1597, "Archangel of Wrath_SB": 108, "Aven Interrupter_SB": 157, "Deep-Cavern Bat_SB": 675, "Nullpriest of Oblivion": 2018, "Phyrexian Fleshgorger": 2152, "Terror Tide": 2948, "Cacophony Scamp": 384, "Chainsaw": 460, "Ozolith, the Shattered Spire": 2105, "Voldaren Thrillseeker": 3353, "Dazzling Denial": 650, "Flashfreeze_SB": 1077, "Dusk Rose Reliquary": 825, "Kellan, Daring Traveler": 1610, "Restless Prairie": 2379, "Teething Wurmlet": 2924, "Tough Cookie": 3116, "Azure Beastbinder": 167, "Long Goodbye_SB": 1744, "Inti, Seneschal of the Sun": 1504, "Fugitive Codebreaker_SB": 1134, "Honest Rutstein": 1431, "Malcolm, Alluring Scoundrel": 1804, "Marchesa, Dealer of Death": 1819, "Plaza of Heroes": 2182, "Rakdos Joins Up": 2275, "Relic of Legends": 2350, "Nashi, Searcher in the Dark_SB": 1966, "Cease // Desist_SB": 451, "Fountainport_SB": 1118, "Shoot the Sheriff_SB": 2614, "Valley Floodcaller_SB": 3273, "Glass Casket_SB": 1221, "The Huntsman's Redemption": 2977, "Disfigure": 738, "Sun-Blessed Healer": 2847, "Destroy Evil": 716, "Clifftop Lookout": 510, "Starfall Invocation": 2784, "Inspiration from Beyond": 1497, "Lumra, Bellow of the Woods": 1770, "Terramorphic Expanse": 2947, "Roxanne, Starfall Savant_SB": 2445, "Dreamdew Entrancer": 807, "Shock_SB": 2610, "The Eternal Wanderer": 2969, "Realmbreaker, the Invasion Tree_SB": 2315, "The Eternal Wanderer_SB": 2970, "Misery's Shadow_SB": 1887, "Assimilation Aegis": 139, "Case of the Crimson Pulse": 417, "Invasion of Tolvada": 1533, "Grand Abolisher_SB": 1271, "Wail of the Forgotten": 3374, "Filter Out_SB": 1054, "Shardmage's Rescue_SB": 2587, "Protect the Negotiators": 2224, "Splitskin Doll": 2762, "Spellbook Vendor": 2738, "Beseech the Mirror": 208, "Demonic Pact": 701, "Hostile Investigator": 1441, "Case of the Stashed Skeleton_SB": 427, "Etali, Primal Conqueror": 926, "The Infamous Cruelclaw": 2979, "Case of the Filched Falcon": 419, "Leyline Axe": 1698, "Kutzil, Malamet Exemplar": 1665, "Rona's Vortex": 2435, "Swamp_SB": 2879, "Runic Shot": 2460, "Herald of Eternal Dawn_SB": 1385, "Invasion of Ixalan": 1524, "Sun-Blessed Healer_SB": 2848, "Scorching Shot": 2521, "Emberheart Challenger_SB": 877, "Rockface Village_SB": 2428, "Squee, Dubious Monarch_SB": 2772, "Sphinx of Forgotten Lore_SB": 2744, "Feed the Cycle": 1020, "Monastery Mentor": 1917, "No More Lies_SB": 2001, "Seeker's Folly": 2561, "Requisition Raid_SB": 2365, "The Stone Brain_SB": 3009, "Aloe Alchemist": 54, "Cunning Coyote": 616, "Cease // Desist": 450, "Mortify": 1933, "Kutzil's Flanker_SB": 1664, "Soul Search_SB": 2711, "Thrun, Breaker of Silence": 3064, "Assimilation Aegis_SB": 140, "Serra Paragon": 2574, "Season of Gathering_SB": 2547, "The Cruelty of Gix_SB": 2962, "Valgavoth's Onslaught": 3265, "Harmless Offering": 1338, "Coveted Falcon": 588, "Fallaji Archaeologist": 981, "Impulse": 1474, "Portent of Calamity": 2200, "Drag to the Bottom": 780, "Greed's Gambit_SB": 1285, "Archfiend of the Dross_SB": 112, "Stab": 2774, "Vinereap Mentor": 3320, "Sorcerous Spyglass_SB": 2707, "Broodspinner_SB": 356, "The Gitrog, Ravenous Ride_SB": 2974, "Collector's Cage": 524, "Toby, Beastie Befriender": 3097, "Ajani, Sleeper Agent_SB": 44, "Serra Paragon_SB": 2575, "Wear Down_SB": 3401, "Wrenn and Realmbreaker": 3451, "Ferocification": 1040, "Wildfire Wickerfolk": 3418, "Axebane Ferox": 161, "Dragonhawk, Fate's Tempest": 792, "Pick Your Poison": 2161, "Sunspine Lynx": 2861, "Mishra's Foundry": 1890, "Untimely Malfunction_SB": 3234, "Two-Headed Hunter": 3168, "Giant Growth": 1194, "Heartflame Duelist_SB": 1367, "Valley Questcaller": 3275, "Finneas, Ace Archer": 1062, "Seasoned Warrenguard": 2555, "Valley Mightcaller": 3274, "Surge of Salvation": 2867, "Hop to It": 1432, "Banner of Kinship": 182, "Lupinflower Village": 1774, "Joust Through_SB": 1574, "Razorlash Transmogrant_SB": 2308, "Sanguine Evangelist": 2489, "Warleader's Call": 3387, "Invasion of Gobakhan_SB": 1522, "Invasion of Amonkhet": 1515, "Dreadwing Scavenger": 806, "Render Inert": 2356, "Arcane Proxy": 101, "Massacre Wurm_SB": 1834, "Change the Equation": 470, "Amalia Benavides Aguirre": 56, "Raise the Past": 2272, "Enduring Tenacity_SB": 892, "Sheoldred": 2593, "Bristlebud Farmer_SB": 347, "Fear of Impostors_SB": 1003, "Demonic Ruckus": 703, "Monstrous Emergence": 1924, "Don't Make a Sound": 764, "Invasion of Gobakhan": 1521, "The Wandering Rescuer": 3014, "Fiery Annihilation": 1050, "Tectonic Hazard_SB": 2923, "Make Your Own Luck": 1800, "Ancient Cornucopia": 69, "Omniscience": 2050, "Invasion of Arcavios": 1517, "Peerless Recycling_SB": 2128, "Beseech the Mirror_SB": 209, "Heroic Reinforcements_SB": 1400, "This Town Ain't Big Enough_SB": 3025, "Sleep-Cursed Faerie": 2676, "Faerie Dreamthief": 972, "Faerie Fencing": 973, "Ego Drain": 849, "Season of Loss": 2548, "Talion's Messenger_SB": 2910, "Misery's Shadow": 1886, "Obstinate Baloth_SB": 2033, "Third Path Iconoclast": 3020, "Reasonable Doubt": 2316, "Essence Scatter_SB": 924, "Wing Commando": 3427, "Stormcatch Mentor": 2822, "Elusive Otter": 871, "Blood Hustler": 248, "Deathcap Marionette": 664, "Eaten Alive": 841, "Fear of Being Hunted": 998, "Enduring Courage": 885, "Fell": 1033, "Jagged Barrens": 1556, "Bloodfell Caves": 253, "Parting Gust": 2117, "Painter's Studio // Defaced Gallery": 2111, "Bandit's Talent": 178, "Cerebral Confiscation_SB": 457, "Feed the Cycle_SB": 1021, "Rush of Dread": 2462, "Rankle's Prank": 2292, "Ruthless Negotiation": 2468, "Case of the Uneaten Feast": 428, "Balustrade Wurm_SB": 176, "Haunted Screen": 1351, "Prayer of Binding": 2203, "Kaya, Spirits' Justice": 1599, "Unwanted Remake": 3235, "Corrupted Conviction": 577, "Furnace Reins": 1143, "Vengeful Bloodwitch": 3302, "Chimil, the Inner Sun_SB": 484, "Urborg Scavengers_SB": 3249, "Insatiable Avarice_SB": 1493, "Rona's Vortex_SB": 2436, "Bonny Pall, Clearcutter": 285, "Invasion of Zendikar": 1534, "River's Rebuke": 2413, "Tatyova, Benthic Druid": 2917, "River's Rebuke_SB": 2414, "Primeval Bounty_SB": 2210, "Azure Beastbinder_SB": 168, "Koma, World-Eater_SB": 1648, "Urza's Sylex": 3258, "Exorcise": 940, "Dollmaker's Shop // Porcelain Gallery": 762, "Union of the Third Path_SB": 3214, "Regal Caracal_SB": 2344, "Kiora, the Rising Tide_SB": 1626, "Faebloom Trick_SB": 971, "Secluded Courtyard": 2557, "Throne of the Grim Captain": 3061, "Drana and Linvala_SB": 801, "Pest Control_SB": 2138, "The Kenriths' Royal Funeral_SB": 2983, "Nashi, Searcher in the Dark": 1965, "Saiba Cryptomancer": 2479, "Archangel Elspeth_SB": 104, "Plains_SB": 2178, "Rat Out_SB": 2295, "Chimil, the Inner Sun": 483, "Collector's Vault": 526, "Disenchant_SB": 737, "Vren, the Relentless_SB": 3373, "Seized from Slumber_SB": 2567, "Break Out": 332, "Cenote Scout": 454, "Patchwork Beastie": 2120, "Violent Urge": 3322, "Tyvar's Stand": 3176, "Zoetic Glyph_SB": 3478, "Regal Bunnicorn_SB": 2342, "Thornwood Falls": 3032, "Insidious Roots": 1496, "Defiled Crypt // Cadaver Lab": 688, "Coati Scavenger": 516, "Blanchwood Prowler": 231, "Cult Conscript": 614, "Osseous Sticktwister": 2067, "Skyfisher Spider": 2662, "Drag to the Roots": 781, "Jungle Hollow": 1577, "Deadly Brew": 654, "Confounding Riddle": 546, "Surgical Suite // Hospital Room": 2872, "Mischievous Pup": 1885, "Forlorn Flats": 1108, "Inspiring Overseer": 1499, "Hinterland Sanctifier_SB": 1420, "Cathar Commando_SB": 436, "Angel of Finality_SB": 73, "Fynn, the Fangbearer": 1145, "Infectious Bite": 1480, "Servant of the Stinger": 2578, "Ankle Biter": 80, "Bilious Skulldweller": 216, "Infectious Inquiry": 1482, "Vraska's Fall": 3367, "Feed the Infection": 1022, "Nimraiser Paladin": 1993, "The Hunter Maze": 2976, "The Dross Pits": 2963, "Urborg Repossession": 3246, "Soured Springs": 2723, "Spinewoods Armadillo": 2749, "Badlands Revival": 170, "Seize the Secrets": 2564, "Shroudstomper": 2623, "Copper Host Crusher": 563, "Bandit's Haul": 177, "Vinereap Mentor_SB": 3321, "Insidious Fungus_SB": 1495, "Rogue's Passage": 2430, "Rugged Highlands": 2450, "Thrashing Brontodon": 3047, "Giant Cindermaw": 1192, "Belligerent Yearling": 207, "Scytheclaw Raptor": 2536, "Triumphant Chomp": 3142, "Colossadactyl": 530, "Earthshaker Dreadmaw": 839, "Ixalli's Lorekeeper": 1547, "Itzquinth, Firstborn of Gishath": 1543, "Bristling Backwoods": 348, "Armored Kincaller_SB": 126, "Dewdrop Cure_SB": 726, "Fanatical Firebrand": 984, "Hellspur Brute": 1377, "Vial Smasher, Gleeful Grenadier": 3314, "At Knifepoint": 143, "Abrade": 4, "Mourner's Surprise_SB": 1941, "Caught in the Crossfire_SB": 438, "Scales of Shale_SB": 2509, "Wardens of the Cycle": 3384, "Kraul Whipcracker": 1653, "Binding Negotiation_SB": 218, "Demolition Field_SB": 696, "Keen-Eyed Curator_SB": 1605, "Unflinching Courage": 3205, "Overlord of the Mistmoors_SB": 2094, "Sanguine Evangelist_SB": 2490, "Virtue of Loyalty_SB": 3331, "Clay-Fired Bricks": 508, "Sandstorm Salvager": 2486, "Tolsimir, Midnight's Light": 3104, "Dreamdew Entrancer_SB": 808, "Aven Interrupter": 156, "Errant and Giada": 911, "Werefox Bodyguard": 3406, "Plumecreed Escort_SB": 2184, "Autonomous Assembler": 155, "Etali's Favor": 925, "Geological Appraiser": 1168, "Quintorius Kand": 2252, "Caretaker's Talent_SB": 411, "Luminous Rebuke_SB": 1769, "Candy Trail": 400, "Fomori Vault": 1097, "Massacre Wurm": 1833, "The Enigma Jewel": 2968, "Sheoldred_SB": 2598, "Felidar Retreat_SB": 1031, "Hired Claw_SB": 1422, "Stalactite Stalker": 2779, "Rottenmouth Viper_SB": 2443, "Unholy Annex && Ritual Chamber_SB": 3208, "Temple of Triumph": 2939, "Kayla's Command_SB": 1601, "Starfall Invocation_SB": 2785, "Spell Stutter_SB": 2737, "Thought-Stalker Warlock_SB": 3036, "Spinner of Souls_SB": 2753, "Mabel, Heir to Cragflame": 1781, "Fae Flight": 968, "Gremlin Tamer": 1291, "Pawpatch Recruit_SB": 2124, "Rat Out": 2294, "Planar Disruption_SB": 2180, "Shrouded Shepherd_SB": 2622, "Callous Sell-Sword_SB": 395, "Bitter Reunion_SB": 224, "Jace Reawakened_SB": 1552, "Demonic Counsel": 697, "Demonic Counsel_SB": 698, "Kaito, Dancing Shadow_SB": 1584, "Youthful Valkyrie": 3466, "Exemplar of Light": 938, "Lyra Dawnbringer": 1777, "Giada, Font of Hope": 1190, "Archangel of Tithes_SB": 106, "Warleader's Call_SB": 3388, "Anointed Peacekeeper": 91, "Recruitment Officer": 2328, "The Filigree Sylex_SB": 2973, "Phyrexian Censor_SB": 2150, "Dollmaker's Shop && Porcelain Gallery": 761, "Urgent Necropsy_SB": 3254, "The Swarmweaver": 3011, "The Elder Dragon War": 2964, "Restless Ridgeline_SB": 2383, "Gisa, the Hellraiser_SB": 1205, "Magebane Lizard_SB": 1790, "Cruel Somnophage": 599, "Molten Duplication": 1906, "Herbology Instructor": 1388, "Flowerfoot Swordmaster": 1093, "Restless Bivouac_SB": 2376, "Kami of Whispered Hopes": 1588, "Fauna Shaman": 993, "Diabolic Intent": 727, "Tyvar, Jubilant Brawler": 3178, "Lively Dirge_SB": 1732, "Haywire Mite": 1353, "Rubblebelt Maverick": 2448, "Scorn-Blade Berserker": 2523, "Snarling Gorehound": 2695, "Imperious Perfect_SB": 1472, "Sandstorm Salvager_SB": 2487, "Tough Cookie_SB": 3117, "Urborg Repossession_SB": 3247, "Lord Skitter, Sewer King_SB": 1758, "Archdruid's Charm": 109, "The Rollercrusher Ride": 2999, "Get Out_SB": 1174, "Raucous Carnival_SB": 2300, "Blossoming Tortoise": 268, "Cityscape Leveler": 496, "Titania's Command": 3090, "Argoth, Sanctum of Nature": 120, "Blast Zone": 234, "Cavernous Maw": 448, "Forgotten Monument": 1107, "Urza, Lord Protector": 3260, "Simulacrum Synthesizer": 2638, "Fabrication Foundry": 966, "Unstable Glyphbridge": 3226, "Braided Net": 310, "Thran Spider": 3045, "The Mightstone and Weakstone": 2989, "Withering Torment": 3439, "Skrelv's Hive_SB": 2651, "Osteomancer Adept": 2070, "Curious Forager": 620, "Thornvault Forager": 3031, "The Mycotyrant": 2994, "Sporogenic Infection_SB": 2765, "Agatha's Soul Cauldron_SB": 33, "Huskburster Swarm_SB": 1456, "Grievous Wound": 1294, "Torpor Orb_SB": 3115, "Funeral Room // Awakening Hall_SB": 1139, "Rise of the Dark Realms_SB": 2404, "Seize the Spoils": 2565, "Ichor Drinker": 1460, "Hungry Ghoul": 1449, "Cemetery Recruitment": 453, "Diregraf Ghoul": 732, "Skeleton Archer": 2645, "Sanguine Syphoner": 2491, "Mephitic Draught": 1853, "Not Dead After All": 2011, "Murder": 1950, "Canonized in Blood": 403, "Vampiric Rites": 3287, "Moment of Craving": 1910, "Offer Immortality": 2036, "Valley Rotcaller": 3276, "Scales of Shale": 2508, "Temple of Enlightenment": 2932, "Ezrim, Agency Chief_SB": 962, "Valkyrie's Call_SB": 3270, "Fumigate_SB": 1137, "Coppercoat Vanguard": 564, "Harbin, Vanguard Aviator": 1329, "Valiant Veteran": 3269, "Zephyr Sentinel": 3470, "Skystrike Officer": 2670, "Fortified Beachhead": 1110, "Raise the Past_SB": 2273, "Take Up the Shield_SB": 2905, "Royal Treatment_SB": 2447, "Unidentified Hovership_SB": 3212, "Gingerbrute": 1202, "Song of Totentanz_SB": 2702, "Vadmir, New Blood": 3261, "Arabella, Abandoned Doll_SB": 95, "Painter's Studio && Defaced Gallery_SB": 2110, "Leyline of Resonance": 1701, "Doorkeeper Thrull_SB": 768, "Tinybones, the Pickpocket_SB": 3086, "Pond Prophet": 2194, "Splash Portal": 2758, "Temple of Mystery": 2936, "Timely Interference": 3079, "Unable to Scream": 3184, "Vesuvan Duplimancy": 3309, "Dive Down_SB": 756, "Scrawling Crawler_SB": 2529, "Gnawing Vermin": 1240, "Hollow Marauder": 1426, "Huskburster Swarm": 1455, "Overwhelming Remorse": 2099, "Stubborn Burrowfiend": 2839, "Writhing Necromass": 3456, "Dryad Militant_SB": 818, "Subterranean Schooner_SB": 2842, "Mockingbird_SB": 1900, "Chandra, Hope's Beacon_SB": 465, "Bristlebud Farmer": 346, "Charred Foyer && Warped Space_SB": 478, "Virtue of Courage_SB": 3327, "Goddric, Cloaked Reveler": 1252, "Joust Through": 1573, "Akawalli, the Seething Tower": 47, "Absolving Lammasu_SB": 7, "Think Twice": 3018, "Micromancer_SB": 1863, "Coruscation Mage_SB": 581, "Dollmaker's Shop // Porcelain Gallery_SB": 763, "Fade from History_SB": 967, "Unstoppable Slasher_SB": 3230, "Bruse Tarl, Roving Rancher": 359, "Fblthp, Lost on the Range": 995, "Weakstone's Subjugation": 3398, "An Offer You Can't Refuse_SB": 63, "Fblthp, Lost on the Range_SB": 996, "Proft's Eidetic Memory_SB": 2217, "Weakstone's Subjugation_SB": 3399, "Bottomless Pool && Locker Room": 302, "Fear of Isolation": 1006, "Tithing Blade_SB": 3095, "Hidetsugu's Second Rite_SB": 1414, "The Swarmweaver_SB": 3012, "Werefox Bodyguard_SB": 3407, "Boon-Bringer Valkyrie": 291, "Imodane's Recruiter_SB": 1468, "Invasion of Karsus_SB": 1526, "Mirror Room && Fractured Realm_SB": 1881, "Sword of Wealth and Power_SB": 2891, "Wildfire Howl_SB": 3417, "Zurgo and Ojutai_SB": 3488, "Ethereal Armor_SB": 932, "Mabel, Heir to Cragflame_SB": 1782, "Halo Forager_SB": 1324, "Kitesail Larcenist": 1629, "Essence Scatter": 923, "Soulstone Sanctuary_SB": 2722, "Overprotect": 2095, "Ballyrush Banneret": 173, "Myrel, Shield of Argive_SB": 1958, "Siege Veteran_SB": 2625, "Steel Seraph_SB": 2802, "Ezrim, Agency Chief": 961, "Karn, Living Legacy": 1592, "Metropolis Reformer": 1860, "Omnivorous Flytrap": 2051, "Krenko's Buzzcrusher_SB": 1657, "Blood Spatter Analysis": 250, "Final Vengeance_SB": 1059, "Kellan, Inquisitive Prodigy": 1611, "Roaring Furnace // Steaming Sauna_SB": 2425, "Witch's Mark": 3435, "Kitsa, Otterball Elite": 1632, "Silverback Elder_SB": 2634, "Rundvelt Hordemaster": 2456, "Breeches, Eager Pillager": 336, "Squee, Dubious Monarch": 2771, "Krenko, Mob Boss": 1659, "Urborg Lhurgoyf": 3245, "Hidden Grotto": 1405, "Venerated Rotpriest": 3299, "Branchblight Stalker": 319, "Ichorspit Basilisk": 1462, "Maze's Mantle": 1838, "Viral Spawning": 3324, "Plague Nurse": 2176, "Venomous Brutalizer": 3306, "Tyrranax Atrocity": 3172, "Goliath Hatchery": 1260, "Paladin of Predation": 2113, "Tyrranax Rex": 3173, "Serum Snare": 2576, "Tainted Observer": 2903, "Experimental Augury": 945, "Thrummingbird": 3063, "Mesmerizing Dose": 1855, "Reject Imperfection": 2348, "Gitaxian Anatomist": 1206, "Vivisurgeon's Insight": 3340, "Lakeside Shack": 1670, "Simic Guildgate": 2637, "Tangled Islet": 2913, "Meat Locker // Drowned Diner": 1841, "Archangel of Tithes": 105, "Sigarda, Font of Blessings": 2627, "Angelic Intervention": 75, "The Witch's Vanity": 3016, "Greed's Gambit": 1284, "Awaken the Woods": 160, "Rampaging Baloths": 2286, "Portal to Phyrexia": 2198, "Omenpath Journey": 2049, "Poison Dart Frog": 2186, "Long Goodbye": 1743, "Break the Spell_SB": 335, "Migloz, Maze Crusher_SB": 1868, "Aetherize_SB": 28, "Under the Skin": 3192, "Seraphic Steed": 2573, "Hulking Raptor": 1448, "Vorinclex": 3361, "Cavern of Souls_SB": 447, "Goldvein Hydra_SB": 1257, "Meticulous Excavation_SB": 1859, "Cheeky House-Mouse": 481, "Rabid Gnaw": 2256, "Raging Battle Mouse": 2270, "Loran's Escape_SB": 1755, "Enduring Innocence_SB": 890, "The Witch's Vanity_SB": 3017, "Ill-Timed Explosion_SB": 1465, "Zoraline, Cosmos Caller_SB": 3482, "Teferi, Temporal Pilgrim_SB": 2926, "Lay Down Arms_SB": 1682, "Betrayer's Bargain": 212, "Undead Sprinter_SB": 3191, "Murky Sewer": 1953, "Deeproot Pilgrimage": 677, "Deeproot Wayfinder": 678, "Mistway Spy": 1896, "Vodalian Hexcatcher": 3342, "Realmbreaker, the Invasion Tree": 2314, "Metropolis Reformer_SB": 1861, "Might of the Meek_SB": 1866, "Seeker's Folly_SB": 2562, "Doomsday Excruciator_SB": 767, "Heartflame Duelist": 1366, "Norn's Inquisitor": 2009, "Crystal Grotto": 613, "Sunder the Gateway_SB": 2852, "Fear of Impostors": 1002, "Defabricate_SB": 680, "Twist Reality_SB": 3162, "Guardian of New Benalia": 1308, "Bottomless Pool // Locker Room": 304, "Viashino Pyromancer": 3316, "Vraska Joins Up": 3366, "Bloated Contaminator": 245, "Darkstar Augur": 639, "Necrogen Communion": 1969, "Thirsting Roots_SB": 3023, "Vraska, Betrayal's Sting_SB": 3370, "Jodah, the Unifier": 1567, "Myrel, Shield of Argive": 1957, "Hajar, Loyal Bodyguard": 1316, "Halana and Alena, Partners": 1318, "Inga and Esika": 1486, "Gwenna, Eyes of Gaea": 1315, "Jirina, Dauntless General": 1565, "Melira, the Living Cure": 1847, "Hajar, Loyal Bodyguard_SB": 1317, "Etali, Primal Conqueror_SB": 927, "Elesh Norn_SB": 863, "Surrak and Goreclaw_SB": 2875, "Pia Nalaar, Consul of Revival": 2160, "Invasion of Kaldheim": 1525, "Getaway Glamer_SB": 1176, "Curate": 618, "Ephara's Dispersal": 906, "Pest Control": 2137, "Heraldic Banner": 1386, "Gatekeeper of Malakir": 1162, "Heraldic Banner_SB": 1387, "Defiled Crypt // Cadaver Lab_SB": 689, "Spellgyre": 2739, "Karn's Sylex_SB": 1591, "Aegis Turtle": 22, "Enter the Enigma": 902, "Venerated Rotpriest_SB": 3300, "Ivy, Gleeful Spellthief_SB": 1546, "Arahbo, the First Fang": 97, "The Stone Brain": 3008, "Decadent Dragon_SB": 669, "Vein Ripper": 3296, "Viashino Pyromancer_SB": 3317, "Lightning Strike_SB": 1717, "Rite of the Dragoncaller": 2409, "Grabby Giant": 1267, "Horned Loch-Whale_SB": 1438, "Feldon's Cane_SB": 1026, "Pugnacious Hammerskull": 2230, "Jaya, Fiery Negotiator": 1558, "Gisa, the Hellraiser": 1204, "Sword of Once and Future": 2888, "Dragon Fodder": 783, "Goblin Surprise": 1251, "Seal from Existence": 2540, "Battlefly Swarm": 198, "Broodspinner": 355, "Green Sun's Twilight": 1287, "Solemn Simulacrum": 2698, "Ghalta, Stampede Tyrant": 1181, "Conduit Pylons": 543, "Maha, Its Feathers Night_SB": 1798, "Beastie Beatdown": 200, "Annie Joins Up": 84, "Huatli, Poet of Unity": 1445, "Fortune, Loyal Steed": 1112, "Invasion of Amonkhet_SB": 1516, "Thalia and The Gitrog Monster": 2956, "Surgical Suite && Hospital Room_SB": 2871, "Silver Scrutiny": 2632, "Island_SB": 1542, "Dissection Tools": 747, "Entity Tracker_SB": 905, "Rebel Salvo_SB": 2318, "Glarb, Calamity's Augur": 1218, "Insidious Fungus": 1494, "Muldrotha, the Gravetide": 1947, "Aether Channeler": 24, "Turn Inside Out_SB": 3154, "Defiled Crypt && Cadaver Lab": 686, "Exuberant Fuseling": 960, "Overlord of the Balemurk_SB": 2086, "Thundertrap Trainer_SB": 3074, "Abuelo's Awakening": 8, "Kitsa, Otterball Elite_SB": 1633, "Rona, Herald of Invasion_SB": 2438, "Season of Weaving_SB": 2551, "Unnerving Grasp_SB": 3221, "Fear of Surveillance": 1011, "Ruin-Lurker Bat": 2451, "Painter's Studio // Defaced Gallery_SB": 2112, "Tender Wildguide": 2944, "Wilt-Leaf Liege_SB": 3422, "Grand Entryway // Elegant Rotunda": 1273, "Skrelv, Defector Mite_SB": 2653, "Palani's Hatcher": 2114, "Temple of Abandon": 2930, "Blasphemous Edict_SB": 233, "Agrus Kos, Spirit of Justice": 37, "Muerra, Trash Tactician": 1945, "Insatiable Avarice": 1492, "Ashiok, Wicked Manipulator": 133, "Sawblade Skinripper": 2500, "Cosmic Rebirth": 582, "Kellan's Lightblades_SB": 1609, "Squirming Emergence": 2773, "Undead Sprinter": 3190, "At Knifepoint_SB": 144, "Monstrous Rage_SB": 1927, "Lunar Convocation": 1771, "Unwanted Remake_SB": 3236, "Smuggler's Surprise_SB": 2691, "Distorted Curiosity": 749, "Whisper of the Dross": 3410, "Bring the Ending": 343, "Drown in Ichor": 814, "Prologue to Phyresis": 2221, "Vraska's Fall_SB": 3368, "Bottomless Pool // Locker Room_SB": 305, "The Princess Takes Flight_SB": 2996, "Anim Pakal, Thousandth Moon_SB": 78, "Blasphemous Edict": 232, "Mechanized Warfare": 1844, "Adaptive Automaton": 18, "Three Tree Mascot": 3056, "Cankerbloom_SB": 402, "Terror Tide_SB": 2949, "Mischievous Mystic": 1884, "Twitching Doll": 3166, "Zul Ashur, Lich Lord": 3484, "Garruk's Uprising": 1154, "Defiler of Flesh": 691, "Kraul Whipcracker_SB": 1654, "High Noon": 1415, "Restless Reef_SB": 2381, "The Seedcore": 3001, "Hauntwoods Shrieker": 1352, "Lost Jitte": 1759, "Darkstar Augur_SB": 640, "Dreadmaw's Ire": 804, "Felonious Rage": 1036, "Manifold Mouse_SB": 1813, "Case of the Gateway Express_SB": 421, "Kambal, Profiteering Mayor": 1586, "Kambal, Profiteering Mayor_SB": 1587, "Kaya, Spirits' Justice_SB": 1600, "Oko, the Ringleader_SB": 2043, "Ivy, Gleeful Spellthief": 1545, "Invasion of Theros": 1532, "Annie Flash, the Veteran_SB": 83, "Jirina, Dauntless General_SB": 1566, "Defiled Crypt && Cadaver Lab_SB": 687, "Crumb and Get It": 602, "Dust Animus_SB": 828, "Slaughter Singer": 2673, "Jawbone Duelist": 1557, "Getaway Glamer": 1175, "Crawling Chorus": 595, "Fleeting Flight_SB": 1080, "Trash the Town_SB": 3131, "Bulk Up": 365, "Pugnacious Hammerskull_SB": 2231, "Lifecreed Duo": 1711, "Quick Draw_SB": 2250, "Kona, Rescue Beastie": 1649, "Time Stop": 3076, "Prophetic Prism": 2223, "Wishclaw Talisman_SB": 3433, "Coveted Falcon_SB": 589, "Cultivator's Caravan": 615, "Scene of the Crime": 2518, "Swooping Lookout": 2885, "Long River's Pull": 1745, "Abraded Bluffs": 6, "Blooming Blast": 263, "Combat Research": 536, "Recruitment Officer_SB": 2329, "Demonic Ruckus_SB": 704, "Impact Tremors_SB": 1470, "Conspiracy Unraveler": 552, "Matzalantli, the Great Door": 1835, "Reenact the Crime": 2337, "One with the Multiverse": 2053, "Walk with the Ancestors": 3375, "Meathook Massacre II_SB": 1843, "Coiling Rebirth": 518, "Anim Pakal, Thousandth Moon": 77, "Thundering Falls_SB": 3070, "Razorkin Needlehead": 2305, "Razorkin Needlehead_SB": 2306, "Highway Robbery_SB": 1418, "Dreadmaw's Ire_SB": 805, "Smash to Dust_SB": 2686, "Intrepid Paleontologist": 1512, "Bolt Bend_SB": 276, "Shipwreck Dowser": 2602, "Disturbing Conversion": 751, "Eerie Interference_SB": 848, "Builder's Talent_SB": 364, "Abuelo's Awakening_SB": 9, "Surge Engine": 2865, "Repulsive Mutation": 2361, "Sylvan Scavenging_SB": 2894, "Black Sun's Twilight": 227, "Ghost Vacuum": 1186, "Bloodletter of Aclazotz_SB": 257, "Wishclaw Talisman": 3432, "Vaultborn Tyrant_SB": 3294, "Feldon's Cane": 1025, "Treasure Map": 3134, "Neutralize the Guards": 1980, "Ayli, Eternal Pilgrim": 164, "Ball Lightning": 172, "Overlord of the Boilerbilges_SB": 2088, "Founding the Third Path_SB": 1114, "Satoru, the Infiltrator": 2496, "Etched Cornfield": 929, "Wilt-Leaf Liege": 3421, "Gumdrop Poisoner_SB": 1314, "Charge of the Mites": 474, "Expel the Interlopers": 943, "Annex Sentry_SB": 82, "Vraska, the Silencer": 3371, "Binding Negotiation": 217, "Kaervek, the Punisher": 1578, "Obstinate Baloth": 2032, "Bramble Familiar": 315, "Felonious Rage_SB": 1037, "Sphinx of the Final Word_SB": 2745, "Homicide Investigator_SB": 1430, "Rip, Spawn Hunter": 2401, "Pillage the Bog_SB": 2171, "Bartolom\u00e9 del Presidio": 189, "Funeral Room // Awakening Hall": 1138, "Market Gnome": 1823, "Nezumi Linkbreaker": 1986, "Outlaw Medic": 2077, "Legion Extruder": 1688, "Thousand Moons Smithy_SB": 3040, "Blightbelly Rat": 242, "Unnatural Restoration": 3218, "Whisper of the Dross_SB": 3411, "Overprotect_SB": 2096, "Carnivorous Canopy_SB": 413, "Fecund Greenshell": 1018, "Dawn's Truce_SB": 644, "Gleaming Geardrake": 1226, "Dowsing Device": 774, "Demand Answers": 694, "Syr Ginger, the Meal Ender": 2897, "The Mycosynth Gardens": 2993, "Saheeli, Filigree Master": 2477, "Saheeli, Filigree Master_SB": 2478, "Sire of Seven Deaths_SB": 2644, "The Tale of Tamiyo": 3013, "Contaminated Aquifer": 556, "The Surgical Bay": 3010, "Case of the Ransacked Lab": 425, "Ertai's Scorn_SB": 916, "Scrawling Crawler": 2528, "Final Showdown_SB": 1057, "Hollow Scavenger": 1428, "Night of the Sweets' Revenge": 1988, "Genesis Wave": 1167, "Archdruid's Charm_SB": 110, "Boros Charm_SB": 295, "Gaea's Gift": 1147, "Trash the Town": 3130, "Witness Protection_SB": 3442, "Banishing Light_SB": 181, "Imprisoned in the Moon_SB": 1473, "Inquisitive Glimmer_SB": 1491, "Refute_SB": 2340, "Hugs, Grisly Guardian": 1446, "Kogla and Yidaro": 1642, "Persistent Marshstalker": 2136, "Karumonix, the Rat King": 1596, "Lilypad Village": 1724, "Argentum Masticore": 118, "Hedron Archive": 1372, "Hall of Tagsin": 1321, "Tomakul Honor Guard": 3105, "Argentum Masticore_SB": 119, "Choking Miasma": 486, "Buried in the Garden": 371, "Polukranos Reborn": 2192, "Bite Down": 221, "Bite Down_SB": 222, "Untimely Malfunction": 3233, "Niv-Mizzet, Supreme": 1998, "Blazing Crescendo_SB": 238, "Captain Storm, Cosmium Raider": 407, "Corsair Captain": 579, "Malcolm, the Eyes": 1806, "Staunch Crewmate": 2795, "Lost Jitte_SB": 1760, "Lonely Arroyo": 1742, "The Millennium Calendar_SB": 2991, "Ruin-Lurker Bat_SB": 2452, "Leonin Vanguard_SB": 1695, "Veteran Survivor_SB": 3312, "Stormsplitter": 2830, "Ral's Reinforcements": 2282, "Corrupted Conviction_SB": 578, "Deadly Brew_SB": 655, "Lich-Knights' Conquest": 1709, "Greta, Sweettooth Scourge": 1293, "Sweettooth Witch": 2880, "Experimental Confectioner": 946, "Mintstrosity": 1876, "Scream Puff": 2530, "Gingerbread Hunter": 1201, "Back for Seconds": 169, "Welcome to Sweettooth": 3405, "Spider Food": 2746, "Feed the Cauldron": 1019, "Return from the Wilds": 2393, "Savor": 2499, "Three Bowls of Porridge": 3052, "Eriette's Tempting Apple": 909, "Not Dead After All_SB": 2012, "Sugar Rush_SB": 2844, "Candy Grapple_SB": 399, "Fell_SB": 1034, "Murder_SB": 1951, "Cheeky House-Mouse_SB": 482, "Burrowguard Mentor": 377, "Dryad Militant": 817, "Trostani, Three Whispers": 3145, "Oakhollow Village": 2024, "Pollen-Shield Hare": 2188, "Kutzil, Malamet Exemplar_SB": 1666, "Necrogen Rotpriest": 1970, "Contagious Vorrac": 555, "Armored Scrapgorger_SB": 128, "Forest_SB": 1105, "Invasion of Fiora_SB": 1520, "An Offer You Can't Refuse": 62, "Malcolm, Alluring Scoundrel_SB": 1805, "The Monumental Facade": 2992, "Solphim, Mayhem Dominus": 2700, "Sardian Cliffstomper": 2492, "Magmatic Sprinter": 1794, "Churning Reservoir": 490, "Sardian Cliffstomper_SB": 2493, "Monastery Swiftspear_SB": 1921, "Magmatic Sprinter_SB": 1795, "Churning Reservoir_SB": 491, "Zoyowa's Justice": 3483, "Trial of Agony": 3137, "Ojer Axonil, Deepest Might": 2039, "Generous Plunderer": 1166, "Brazen Collector": 326, "Firebrand Archer": 1063, "Leyline of Resonance_SB": 1702, "Ancestors' Aid_SB": 68, "Slickshot Show-Off_SB": 2684, "Gaea's Gift_SB": 1148, "Give In to Violence_SB": 1208, "Cityscape Leveler_SB": 497, "Nahiri's Resolve_SB": 1961, "Scrapwork Mutt": 2527, "Abandoned Campground": 1, "Kitnap_SB": 1631, "Braids, Arisen Nightmare_SB": 313, "Obyra, Dreaming Duelist": 2034, "Repel Calamity_SB": 2360, "Delney, Streetwise Lookout": 692, "Hare Apparent": 1337, "No Witnesses": 2004, "Stroke of Midnight": 2836, "Impact Tremors": 1469, "Pile On": 2166, "Call a Surprise Witness": 393, "Giant Cindermaw_SB": 1193, "Micromancer": 1862, "Ygra, Eater of All": 3462, "Maha, Its Feathers Night": 1797, "Massacre Girl, Known Killer": 1831, "Daggerfang Duo": 629, "Moonstone Harbinger": 1932, "Pestilent Syphoner": 2139, "Hoarding Recluse": 1425, "Deathbloom Gardener": 663, "Drown in Ichor_SB": 815, "Ghired, Mirror of the Wilds": 1182, "Bloodfeather Phoenix": 251, "Rakdos, the Muscle": 2278, "Rakdos, the Muscle_SB": 2279, "Rakdos Joins Up_SB": 2276, "Massacre Girl, Known Killer_SB": 1832, "Unyielding Gatekeeper": 3237, "Ghalta and Mavren": 1178, "Progenitus": 2219, "Manifest Dread": 1811, "Hide in Plain Sight": 1409, "Threats Around Every Corner": 3049, "Crystal Barricade": 611, "Green Sun's Twilight_SB": 1288, "Witness Protection": 3441, "Oblivious Bookworm": 2030, "Growing Dread": 1300, "Bubble Smuggler": 362, "Cryptid Inspector": 610, "Exit Specialist": 939, "Cursed Windbreaker": 623, "Break Down the Door": 331, "Surrak and Goreclaw": 2874, "Hard-Hitting Question_SB": 1335, "Polukranos Reborn_SB": 2193, "Hazardroot Herbalist": 1355, "Rabbit Response": 2254, "Treeguard Duo": 3135, "Uncharted Haven": 3188, "Warren Elder": 3389, "Head of the Homestead": 1359, "Head of the Homestead_SB": 1360, "Grab the Prize_SB": 1266, "Stroke of Midnight_SB": 2837, "Slagstorm": 2671, "Valley Flamecaller": 3271, "Dragonmaster Outcast": 795, "Magda, the Hoardmaster": 1788, "Tinybones, Bauble Burglar": 3083, "Hellspur Posse Boss": 1379, "Hellspur Brute_SB": 1378, "Cynical Loner_SB": 628, "Astor, Bearer of Blades": 141, "Bladehold War-Whip": 230, "Kellan, the Fae-Blooded": 1615, "Kemba, Kha Enduring": 1616, "Rebel Salvo": 2317, "Swiftfoot Boots": 2882, "Sword of Forge and Frontier": 2886, "Astor, Bearer of Blades_SB": 142, "Hidetsugu and Kairi": 1411, "Consuming Aberration": 554, "Knight of Dusk's Shadow": 1635, "Soul-Guide Lantern": 2713, "No One Left Behind_SB": 2003, "Dusk Legion Duelist": 824, "Stocking the Pantry": 2811, "Botanical Brawler": 300, "Tribute to the World Tree": 3139, "Railway Brawler": 2271, "Collector's Cage_SB": 525, "Evolved Sleeper": 935, "Friendly Teddy": 1124, "Rankle's Prank_SB": 2293, "Consumed by Greed_SB": 553, "Patchwork Banner": 2119, "Hop to It_SB": 1433, "Titania, Voice of Gaea": 3092, "Guardian of Ghirapur": 1307, "Desperate Bloodseeker": 712, "Rampaging Spiketail": 2289, "Barkform Harvester": 186, "Fae Flight_SB": 969, "Phoenix Chick": 2145, "Rush of Dread_SB": 2463, "Kitesail Larcenist_SB": 1630, "Magebane Lizard": 1789, "Ravine Raider": 2303, "Final Flourish_SB": 1055, "Time Stop_SB": 3077, "Drag the Canal_SB": 779, "Unnatural Restoration_SB": 3219, "Infectious Inquiry_SB": 1483, "Volcanic Spite": 3350, "Grab the Prize": 1265, "Taii Wakeen, Perfect Shot": 2899, "Unruly Catapult": 3222, "Glassworks // Shattered Yard_SB": 1223, "Samut, Vizier of Naktamun": 2483, "Rakdos Guildgate": 2274, "Izzet Guildgate": 1550, "Selesnya Guildgate": 2568, "Orzhov Guildgate": 2065, "Gruul Guildgate": 1303, "Boros Guildgate": 297, "Azorius Guildgate": 166, "Dimir Guildgate": 729, "Golgari Guildgate": 1259, "Maze's End": 1837, "Circuitous Route": 494, "Expedition Map": 942, "Dust Animus": 827, "Tribute to the World Tree_SB": 3140, "Hulking Metamorph": 1447, "Rest in Peace": 2371, "Surge Engine_SB": 2866, "Fake Your Own Death": 980, "Invasion of Ergamon": 1519, "Break Out_SB": 333, "Flamewake Phoenix_SB": 1074, "Beastie Beatdown_SB": 201, "Ego Drain_SB": 850, "Hearthborn Battler_SB": 1370, "Vengeful Possession": 3303, "Rabid Gnaw_SB": 2257, "Repair and Recharge": 2359, "Step Between Worlds_SB": 2803, "Hexgold Halberd": 1402, "Sporogenic Infection": 2764, "Skyfisher Spider_SB": 2663, "Kroxa and Kunoros": 1660, "Festerleech": 1043, "Fallaji Archaeologist_SB": 982, "The Wandering Rescuer_SB": 3015, "Oracle of Tragedy": 2059, "Tarrian's Journal": 2915, "Felidar Cub": 1028, "Knight-Errant of Eos_SB": 1640, "Dusk Rose Reliquary_SB": 826, "Ruthless Lawbringer_SB": 2467, "Felidar Cub_SB": 1029, "Worldwalker Helm": 3446, "Torch the Witness": 3111, "Detective's Satchel": 719, "Forensic Gadgeteer_SB": 1102, "Ice Out_SB": 1459, "Banishing Light": 180, "Evolving Adaptive": 936, "Garruk's Uprising_SB": 1155, "Unauthorized Exit": 3186, "Let's Play a Game_SB": 1697, "Chart a Course_SB": 480, "Johann's Stopgap_SB": 1569, "Flow of Knowledge_SB": 1092, "Roaming Throne_SB": 2420, "Quintorius Kand_SB": 2253, "Soul Search": 2710, "Surgical Suite && Hospital Room": 2870, "Razorlash Transmogrant": 2307, "Shrouded Shepherd": 2621, "Wandertale Mentor": 3378, "Vodalian Mindsinger_SB": 3343, "Llanowar Elves_SB": 1735, "Bonehoard Dracosaur_SB": 284, "Norin, Swift Survivalist": 2007, "Trapped in the Screen": 3128, "Ragged Playmate": 2268, "Trapped in the Screen_SB": 3129, "Ragged Playmate_SB": 2269, "Norin, Swift Survivalist_SB": 2008, "Splitskin Doll_SB": 2763, "Fear of Surveillance_SB": 1012, "Grand Entryway // Elegant Rotunda_SB": 1274, "Zurgo and Ojutai": 3487, "Dead Weight_SB": 653, "Think Twice_SB": 3019, "Take for a Ride_SB": 2906, "Fleeting Flight": 1079, "Mosswood Dreadknight_SB": 1938, "Boltwave_SB": 278, "Enduring Courage_SB": 886, "War Squeak_SB": 3381, "Spirebluff Canal_SB": 2755, "Chandra, Flameshaper_SB": 463, "Blazing Crescendo": 237, "Ajani, Sleeper Agent": 43, "Fumigate": 1136, "Great Train Heist": 1283, "Fiendish Panda": 1047, "Ashnod's Harvester": 135, "Warhost's Frenzy": 3386, "Glimmerlight": 1229, "Geralf, the Fleshwright": 1169, "Geralf, the Fleshwright_SB": 1170, "Claim Jumper_SB": 500, "Mirrex_SB": 1880, "Tectonic Hazard": 2922, "Chainsaw_SB": 461, "Vampire Gourmand": 3282, "Vraan, Executioner Thane": 3365, "Eaten Alive_SB": 842, "Wojek Investigator": 3443, "Rustler Rampage": 2464, "Recommission_SB": 2327, "Heroic Reinforcements": 1399, "Searslicer Goblin_SB": 2545, "Lost in the Maze_SB": 1762, "Stormchaser's Talent_SB": 2824, "Phyrexian Missionary": 2154, "Case of the Locked Hothouse_SB": 423, "Cactarantula": 385, "Stromkirk Noble": 2838, "Ojer Pakpatiq, Deepest Epoch": 2040, "Disturbing Conversion_SB": 752, "See Double_SB": 2558, "Enduring Vitality_SB": 894, "Koth, Fire of Resistance": 1651, "Lithomantic Barrage": 1728, "Audience with Trostani_SB": 149, "Leyline of the Void": 1706, "Sentinel of Lost Lore": 2569, "Virtue of Knowledge": 3328, "Wylie Duke, Atiin Hero": 3457, "Defiler of Dreams_SB": 690, "Stoke the Flames": 2816, "Volatile Fault_SB": 3349, "Omen Hawker": 2046, "Valgavoth's Onslaught_SB": 3266, "Kutzil's Flanker": 1663, "Extraordinary Journey": 958, "Gold Pan": 1254, "Extraordinary Journey_SB": 959, "Nurturing Pixie_SB": 2021, "Pearl of Wisdom": 2125, "Moonshaker Cavalry": 1930, "Fear of Lost Teeth": 1008, "Horrid Vigor": 1439, "Flesh Burrower": 1081, "Let's Play a Game": 1696, "Winter's Intervention": 3428, "Grasping Longneck": 1275, "Wickerfolk Thresher": 3414, "Cackling Slasher": 383, "Fear of the Dark": 1013, "Balemurk Leech": 171, "Give In to Violence": 1207, "Innocuous Rat": 1489, "Bashful Beastie": 191, "Defiant Survivor": 684, "Meathook Massacre II": 1842, "Vile Mutilator": 3319, "Analyze the Pollen_SB": 66, "Mistbreath Elder": 1892, "Bushwhack_SB": 381, "Mistbreath Elder_SB": 1893, "Realmbreaker's Grasp_SB": 2313, "Treeguard Duo_SB": 3136, "Stickytongue Sentinel_SB": 2807, "Sunshower Druid_SB": 2860, "Tumbleweed Rising_SB": 3148, "Polliwallop_SB": 2190, "Leyline of Transformation": 1704, "Saheeli's Lattice": 2476, "Hopeless Nightmare_SB": 1436, "Thrill of Possibility": 3059, "Etali, Primal Storm_SB": 928, "Corpses of the Lost_SB": 573, "Adamant Will": 17, "Goldvein Pick": 1258, "Moment of Triumph": 1912, "Pilfer": 2168, "Public Thoroughfare": 2229, "Roaming Throne": 2419, "Undying Malice": 3202, "Cancel_SB": 398, "Opt_SB": 2055, "Requisition Raid": 2364, "Anointed Peacekeeper_SB": 92, "Connecting the Dots_SB": 549, "Idyllic Beachfront": 1463, "Invasion of Regatha": 1528, "Hidetsugu's Second Rite": 1413, "Voracious Varmint_SB": 3360, "Ambush Wolf_SB": 59, "Makeshift Binding": 1801, "Deadly Riposte_SB": 660, "Nettle Guard_SB": 1979, "Dismal Backwater": 740, "Pelakka Wurm": 2129, "Extract a Confession_SB": 957, "Soul-Shackled Zombie_SB": 2716, "Unauthorized Exit_SB": 3187, "Jump Scare_SB": 1576, "Progenitus_SB": 2220, "Dewdrop Cure": 725, "Harvestrite Host": 1344, "Family Reunion_SB": 983, "Cut Short_SB": 626, "Annihilating Glare": 86, "Fanatical Offering": 986, "Sword of Wealth and Power": 2890, "Empyrean Eagle": 879, "Tranquil Cove": 3122, "Griffnaut Tracker_SB": 1296, "Lassoed by the Law": 1671, "Mabel's Mettle": 1780, "Skulduggery": 2654, "Skulduggery_SB": 2655, "Dead Weight": 652, "Minor Misstep": 1874, "Hopeful Vigil": 1434, "Restricted Office // Lecture Hall": 2389, "Central Elevator // Promising Stairs": 455, "Creeping Peeper": 596, "Underwater Tunnel // Slimy Aquarium": 3201, "Erratic Apparition": 912, "Dazzling Theater // Prop Room": 651, "Fear of Falling": 1001, "Fear of Abduction": 997, "Lionheart Glimmer": 1726, "Tunnel Surveyor_SB": 3152, "Stalked Researcher_SB": 2781, "Guide of Souls": 1309, "Ocelot Pride": 2035, "Ragavan, Nimble Pilferer": 2266, "Ajani, Nacatl Pariah": 42, "Phlage, Titan of Fire's Fury": 2144, "Galvanic Discharge": 1151, "Thraben Charm": 3041, "Static Prison": 2792, "Goblin Bombardment": 1244, "Arena of Glory": 117, "Arid Mesa": 122, "Flooded Strand": 1083, "Marsh Flats": 1828, "Sacred Foundry": 2472, "Fable of the Mirror-Breaker": 963, "Showdown of the Skalds": 2618, "Windswept Heath": 3426, "Fear, Fire, Foes!_SB": 1014, "Orim's Chant_SB": 2062, "Surgical Extraction_SB": 2869, "Drannith Magistrate_SB": 802, "Stony Silence_SB": 2818, "Wear // Tear_SB": 3400, "Showdown of the Skalds_SB": 2619, "Obsidian Charmaw_SB": 2031, "Polluted Delta": 2191, "Scalding Tarn": 2505, "Misty Rainforest": 1897, "Bloodstained Mire": 259, "Watery Grave": 3396, "Steam Vents": 2796, "Sink into Stupor": 2640, "Spell Snare": 2735, "Unearth": 3203, "Thoughtseize": 3037, "Fatal Push": 991, "Faithless Looting": 979, "Tamiyo, Inquisitive Student": 2912, "Psychic Frog": 2227, "Counterspell": 587, "Persist": 2135, "Force of Negation": 1098, "Brazen Borrower": 324, "Archon of Cruelty": 114, "Nihil Spellbomb_SB": 1991, "Consign to Memory_SB": 551, "Harbinger of the Seas_SB": 1331, "Stern Scolding_SB": 2806, "Fable of the Mirror-Breaker_SB": 964, "Blazing Rootwalla": 239, "Burning Inquiry": 373, "Detective's Phoenix": 718, "Flameblade Adept": 1070, "Goblin Lore": 1248, "Hollow One": 1427, "Lightning Bolt": 1713, "Stomping Ground": 2817, "Street Wraith": 2834, "Vengevine": 3305, "Wooded Foothills": 3444, "Cursed Totem_SB": 622, "Meltdown_SB": 1849, "Barbarian Ring": 184, "Sunbaked Canyon": 2849, "Eidolon of the Great Revel": 851, "Goblin Guide": 1247, "Lava Spike": 1678, "Rift Bolt": 2397, "Searing Blaze": 2542, "Skewer the Critics": 2646, "Skullcrack": 2658, "Flare of Duplication": 1075, "Smash to Smithereens_SB": 2687, "Faerie Macabre_SB": 974, "Ensnaring Bridge_SB": 900, "Primeval Titan": 2211, "Arboreal Grazer": 100, "Dryad of the Ilysian Grove": 819, "Dryad Arbor": 816, "Amulet of Vigor": 61, "Summoner's Pact": 2846, "Green Sun's Zenith": 1289, "Explore": 949, "Scapeshift": 2510, "Boseiju, Who Endures": 298, "Crumbling Vestige": 604, "Lotus Field": 1763, "Gruul Turf": 1305, "Simic Growth Chamber": 2636, "Hanweir Battlements": 1328, "Echoing Deeps": 844, "Mirrorpool": 1883, "Shifting Woodland": 2599, "Otawara, Soaring City": 2072, "Urza's Saga": 3257, "Valakut, the Molten Pinnacle": 3262, "Vesuva": 3307, "Tolaria West": 3101, "Urza's Cave": 3255, "Bojuka Bog_SB": 275, "Defense Grid_SB": 683, "Endurance_SB": 884, "Force of Vigor_SB": 1099, "Dismember_SB": 741, "Tireless Tracker_SB": 3087, "Vampires' Vengeance_SB": 3286, "Collector Ouphe_SB": 523, "Indomitable Creativity": 1477, "Prismatic Ending": 2214, "Wrenn and Six": 3453, "Blood Crypt": 247, "Xander's Lounge": 3458, "Jetmir's Garden": 1563, "Dwarven Mine": 833, "Boseiju, Who Endures_SB": 299, "Toxic Deluge_SB": 3118, "Hurkyl's Recall_SB": 1452, "Damping Sphere_SB": 633, "Cling to Dust": 511, "Harbinger of the Seas": 1330, "Murktide Regent": 1952, "Preordain": 2206, "Thought Scour": 3034, "Engineered Explosives_SB": 897, "Mystical Dispute_SB": 1960, "Spell Pierce_SB": 2734, "The Meathook Massacre_SB": 2988, "Orcish Bowmasters": 2061, "Godless Shrine": 1253, "Seasoned Pyromancer": 2554, "Phelia, Exuberant Shepherd": 2143, "Wrath of the Skies_SB": 3449, "Thoughtseize_SB": 3038, "Legion Loyalist": 1690, "Goblin Bushwhacker": 1245, "Devastating Summons": 721, "Reckless Bushwhacker": 2319, "Goblin Grenade": 1246, "Goblin Piledriver": 1250, "Mogg War Marshal": 1901, "Skirk Prospector": 2647, "Foundry Street Denizen": 1115, "Den of the Bugbear": 705, "Sokenzan, Crucible of Defiance": 2697, "Tormod's Crypt_SB": 3113, "Shattering Spree_SB": 2590, "Blood Moon_SB": 249, "Magus of the Moon_SB": 1796, "Reality Hemorrhage_SB": 2311, "Ziatora's Proving Ground": 3475, "Veil of Summer_SB": 3295, "Terastodon_SB": 2945, "Consider": 550, "Graveyard Trespasser": 1277, "Exquisite Firecraft_SB": 951, "Searing Blood_SB": 2543, "Tunnel Ignus_SB": 3150, "Vexing Bauble": 3313, "Hexdrinker_SB": 1401, "Colossal Skyturtle_SB": 532, "Generous Ent_SB": 1165, "Grist, the Hunger Tide_SB": 1299, "Chained to the Rocks": 458, "Chained to the Rocks_SB": 459, "Ragavan, Nimble Pilferer_SB": 2267, "Corrupt": 576, "Giant Growth_SB": 1195, "Over the Edge_SB": 2081, "Poison Dart Frog_SB": 2187, "Talion, the Kindly Lord": 2911, "Slice from the Shadows": 2679, "Come Back Wrong": 538, "Glassworks // Shattered Yard": 1222, "Beamtown Beatstick": 199, "Diamond Pick-Axe": 728, "Sunfire Torch": 2855, "Celestial Armor": 452, "Carrot Cake_SB": 416, "Edgewall Inn": 847, "Grievous Wound_SB": 1295, "Goliath Hatchery_SB": 1261, "Cathartic Parting_SB": 437, "Balmor, Battlemage Captain": 174, "Bria, Riptide Rogue": 339, "Freeze in Place": 1120, "Relic's Roar": 2353, "Run Away Together_SB": 2454, "Scalding Viper_SB": 2507, "Harrier Strix": 1341, "Snaremaster Sprite": 2694, "Living Phone": 1733, "Hardened Escort": 1336, "Unsettling Twins": 3224, "The Jolly Balloon Man": 2981, "Holy Cow": 1429, "Unsettling Twins_SB": 3225, "Raccoon Rallier_SB": 2258, "Feather of Flight_SB": 1017, "Rogue's Passage_SB": 2431, "Possessed Goat_SB": 2201, "The Jolly Balloon Man_SB": 2982, "Hammerhand_SB": 1327, "Heartfire Hero_SB": 1364, "Inti, Seneschal of the Sun_SB": 1505, "Pests of Honor": 2140, "Nettle Guard": 1978, "Three Blind Mice": 3050, "Dauntless Dismantler_SB": 642, "Phoenix Chick_SB": 2146, "Gleaming Barrier": 1224, "Gleaming Barrier_SB": 1225, "Solemn Simulacrum_SB": 2699, "Twinferno_SB": 3157, "Sure Strike_SB": 2864, "Mirran Banesplitter": 1878, "Heartfire Immolator": 1365, "Dwarven Forge-Chanter": 832, "Whiskerquill Scribe": 3408, "Sure Strike": 2863, "Ghitu Amplifier": 1183, "Furious Bellow": 1140, "Ancestors' Aid": 67, "Keldon Flamesage": 1606, "Brambleguard Captain": 317, "Johann, Apprentice Sorcerer": 1570, "Kraum, Violent Cacophony": 1655, "Razzle-Dazzler": 2310, "Vesuvan Drifter": 3308, "Thopter Mechanic": 3028, "Nightwhorl Hermit": 1990, "Iron-Fist Pulverizer": 1539, "Pyrotechnic Performer": 2241, "Fear of Burning Alive": 1000, "Swiftwater Cliffs": 2884, "Molten Tributary": 1909, "Defabricate": 679, "Aspirant's Ascent": 136, "Stop Cold": 2819, "Mishra's Command_SB": 1889, "Plan the Heist_SB": 2179, "Sleight of Hand_SB": 2678, "Kellan, Planar Trailblazer_SB": 1614, "Trick Shot_SB": 3141, "Violent Urge_SB": 3323, "Involuntary Cooldown_SB": 1537, "Out of Air_SB": 2074, "The Filigree Sylex": 2972, "Hellspur Posse Boss_SB": 1380, "Halo Hopper": 1325, "Charge of the Mites_SB": 475, "Grand Abolisher": 1270, "Unnerving Grasp": 3220, "Make Your Move_SB": 1799, "Fynn, the Fangbearer_SB": 1146, "Harbinger of the Tides": 1332, "Harbinger of the Tides_SB": 1333, "Bottomless Pool && Locker Room_SB": 303, "Pile On_SB": 2167, "Cat Collector": 433, "Growing Rites of Itlimoc": 1301, "Flowstone Infusion": 1094, "Coruscation Mage": 580, "Throw from the Saddle": 3062, "Arachnoid Adaptation": 96, "Hammerhand": 1326, "War Squeak": 3380, "Longstalk Brawl_SB": 1747, "Thrill of Possibility_SB": 3060, "Jump Scare": 1575, "Niko, Light of Hope": 1992, "Tunnel Surveyor": 3151, "Stalked Researcher": 2780, "Enter the Enigma_SB": 903, "Fear of Isolation_SB": 1007, "Into the Roil": 1510, "Into the Roil_SB": 1511, "Ayara, Widow of the Realm": 163, "Season of Gathering": 2546, "Warren Warleader": 3390, "Seasoned Warrenguard_SB": 2556, "Lionheart Glimmer_SB": 1727, "Horrid Vigor_SB": 1440, "Omnivorous Flytrap_SB": 2052, "Roc Hunter": 2426, "Feldon, Ronom Excavator": 1027, "Scalding Viper": 2506, "Trial of Agony_SB": 3138, "Adventuring Gear_SB": 21, "Vicious Clown_SB": 3318, "Fear of Being Hunted_SB": 999, "Rite of the Dragoncaller_SB": 2410, "Ghostly Dancers": 1188, "Demonic Pact_SB": 702, "Splash Portal_SB": 2759, "Valorous Stance": 3280, "Lodestone Needle": 1741, "Scytheclaw Raptor_SB": 2537, "Sawblade Skinripper_SB": 2501, "Pitiless Carnage_SB": 2175, "Bring the Ending_SB": 344, "Season of Loss_SB": 2549, "Zephyr Singer": 3471, "Spell Pierce": 2733, "Molt Tender": 1903, "Draconautics Engineer": 776, "Loot, the Pathfinder": 1750, "Afterburner Expert": 29, "Dredger's Insight": 811, "Restless Spire_SB": 2385, "Sunbillow Verge": 2850, "Grim Bauble": 1297, "Momentum Breaker": 1915, "Debris Beetle": 666, "Wastewood Verge": 3393, "Vein Ripper_SB": 3297, "Ketramose, the New Dawn": 1617, "Bleachbone Verge": 240, "Intimidation Tactics": 1506, "Surgical Suite // Hospital Room_SB": 2873, "Oildeep Gearhulk_SB": 2038, "Bloodghast": 254, "Lunar Convocation_SB": 1772, "Bartolom\u00e9 del Presidio_SB": 190, "Valley Rotcaller_SB": 3277, "Oildeep Gearhulk": 2037, "Haunt the Network_SB": 1348, "Willowrush Verge": 3420, "Gleeful Demolition_SB": 1228, "Ride's End": 2395, "Defend the Rider": 681, "Hazoret, Godseeker": 1357, "Eriette of the Charmed Apple": 908, "Monument to Endurance": 1928, "Outpace Oblivion_SB": 2078, "Cunning Coyote_SB": 617, "Thousand Moons Smithy": 3039, "Transmutation Font": 3127, "Braided Net_SB": 311, "Intimidation Tactics_SB": 1507, "The Speed Demon_SB": 3006, "Bounce Off": 306, "Nesting Bot": 1976, "Grim Bauble_SB": 1298, "Voyage Home": 3362, "Perilous Snare": 2133, "Chandra, Spark Hunter_SB": 467, "Momentum Breaker_SB": 1916, "Quag Feast": 2245, "Gastal Raider_SB": 1158, "Overgrown Zealot": 2084, "Transit Mage": 3126, "Brightglass Gearhulk": 341, "Voyager Glidecar": 3363, "Voyager Glidecar_SB": 3364, "Debris Beetle_SB": 667, "Fuel the Flames": 1131, "Skycrash": 2660, "Riverpyre Verge": 2418, "Broadside Barrage_SB": 352, "Fuel the Flames_SB": 1132, "Dropkick Bomber": 813, "Howlsquad Heavy": 1443, "Reckless Lackey": 2321, "Amonkhet Raceway": 60, "Marauding Mako": 1818, "Scrounging Skyray": 2535, "Broadside Barrage": 351, "Boosted Sloop": 293, "Bounce Off_SB": 307, "Thopter Fabricator_SB": 3027, "Count on Luck_SB": 586, "Mendicant Core, Guidelight": 1851, "Mu Yanling, Wind Rider": 1943, "The Skullspore Nexus": 3003, "Regal Imperiosaur": 2345, "Intrepid Paleontologist_SB": 1513, "Overlord of the Hauntwoods_SB": 2092, "Agonasaur Rex": 35, "Sandstalker Moloch_SB": 2484, "The Aetherspark": 2958, "Bringer of the Last Gift": 345, "Terisian Mindbreaker": 2946, "Skitterbeam Battalion": 2649, "Riverchurn Monument": 2415, "Diversion Unit": 757, "Gastal Thrillroller_SB": 1160, "Monument to Endurance_SB": 1929, "Spectacular Pileup": 2726, "Riptide Gearhulk": 2402, "Burnout Bashtronaut": 375, "Greasewrench Goblin": 1279, "Lifecraft Engine": 1710, "Gastal Thrillroller": 1159, "Coalstoke Gearhulk_SB": 515, "Visage Bandit": 3335, "Waxen Shapethief": 3397, "Coalstoke Gearhulk": 514, "Locust Spray": 1740, "Webstrike Elite": 3403, "Memory Guardian": 1850, "Shoreline Looter": 2617, "Engine Rat_SB": 896, "Zahur, Glory's Past": 3469, "Quag Feast_SB": 2246, "Essence Channeler_SB": 922, "Lunar Insight": 1773, "Atraxa's Fall_SB": 145, "Gruff Triplets": 1302, "Captain Howler, Sea Scourge": 405, "Jodah, the Unifier_SB": 1568, "Thunderous Velocipede": 3071, "Invasion of Regatha_SB": 1529, "Ketramose, the New Dawn_SB": 1618, "Dune Drifter": 821, "Ride's End_SB": 2396, "Chandra, Spark Hunter": 466, "Rampaging Raptor": 2287, "Agonasaur Rex_SB": 36, "Repurposing Bay": 2363, "Perilous Snare_SB": 2134, "Expel the Interlopers_SB": 944, "Visage of Dread": 3336, "Pit Automaton": 2172, "Visage of Dread_SB": 3337, "The Last Ride_SB": 2986, "Aether Syphon_SB": 26, "Red Sun's Twilight_SB": 2331, "Phyrexian Dragon Engine": 2151, "Mishra, Claimed by Gix": 1891, "Coiling Rebirth_SB": 519, "Collision Course_SB": 529, "Caelorna, Coral Tyrant_SB": 386, "Sazacap's Brew": 2504, "Invasion of Mercadia": 1527, "Playful Shove": 2181, "Lightwheel Enhancements": 1718, "The Speed Demon": 3005, "Gas Guzzler": 1156, "Spectral Interference_SB": 2731, "Say Its Name_SB": 2503, "Gastal Thrillseeker": 1161, "Far Fortune, End Boss": 989, "Overrun_SB": 2098, "Wardens of the Cycle_SB": 3385, "Painful Quandary_SB": 2108, "Leaf-Crowned Visionary_SB": 1685, "Mossborn Hydra_SB": 1936, "Drag to the Roots_SB": 782, "Stock Up": 2809, "Spectacular Pileup_SB": 2727, "Flow of Knowledge": 1091, "Claim Jumper": 499, "Starscape Cleric_SB": 2788, "Flotsam // Jetsam_SB": 1089, "Soul of Windgrace": 2712, "Melira, the Living Cure_SB": 1848, "Bloated Contaminator_SB": 246, "Diversion Unit_SB": 758, "Tyrox, Saurid Tyrant": 3171, "Engine Rat": 895, "Teysa, Opulent Oligarch": 2955, "Gonti, Night Minister": 1262, "Muraganda Raceway": 1949, "Gumdrop Poisoner": 1313, "Mindspring Merfolk": 1873, "Zephyr Singer_SB": 3472, "Tomik, Wielder of Law_SB": 3108, "Conduit of Worlds_SB": 545, "Optimistic Scavenger_SB": 2057, "Esoteric Duplicator": 920, "Explosive Derailment_SB": 950, "Mishra's Command": 1888, "Ratadrabik of Urborg": 2296, "Webstrike Elite_SB": 3404, "Heliod, the Radiant Dawn": 1375, "Twinblade Blessing": 3156, "Restless Anchorage_SB": 2374, "Defend the Rider_SB": 682, "Fearless Swashbuckler": 1015, "Unctus, Grand Metatect": 3189, "The Aetherspark_SB": 2959, "Lumbering Worldwagon": 1766, "Overrun": 2097, "The Last Ride": 2985, "Ancient Vendetta_SB": 72, "Demonic Junker": 699, "Nexus of Becoming": 1984, "Unstable Glyphbridge_SB": 3227, "Ancient Vendetta": 71, "Basri, Tomorrow's Champion": 194, "Skyseer's Chariot_SB": 2667, "Lassoed by the Law_SB": 1672, "Blast Zone_SB": 235, "Reclamation Sage": 2324, "Thalia and The Gitrog Monster_SB": 2957, "Ashiok, Wicked Manipulator_SB": 134, "Third Path Iconoclast_SB": 3021, "Ferocification_SB": 1041, "Become Brutes": 203, "Sword of Forge and Frontier_SB": 2887, "Veteran Survivor": 3311, "Kellan, Inquisitive Prodigy_SB": 1612, "Caradora, Heart of Alacria": 409, "Veteran Beastrider": 3310, "Skyseer's Chariot": 2666, "Valor's Flagship": 3278, "The Elder Dragon War_SB": 2965, "Spring-Loaded Sawblades_SB": 2768, "Urza's Command_SB": 3256, "Dive Down": 755, "Scrollshift_SB": 2534, "Full Throttle_SB": 1135, "Loot, the Key to Everything_SB": 1749, "Loot, the Pathfinder_SB": 1751, "Twining Twins": 3159, "Threadbind Clique": 3048, "Boommobile": 289, "Forging the Anchor": 1106, "Radiant Lotus": 2262, "The Mightstone and Weakstone_SB": 2990, "Boommobile_SB": 290, "Radiant Lotus_SB": 2263, "Volley Veteran": 3355, "Bloodthorn Flail": 261, "Flamewake Phoenix": 1073, "Cryptcaller Chariot_SB": 606, "Riptide Gearhulk_SB": 2403, "Riverchurn Monument_SB": 2416, "Spiteful Hexmage_SB": 2757, "Thopter Fabricator": 3026, "Wishing Well": 3434, "Frolicking Familiar": 1125, "Alania, Divergent Storm": 48, "Resplendent Angel_SB": 2369, "Tinker's Tote": 3080, "Cephalopod Sentry": 456, "Furnace Host Charger": 1141, "Clamorous Ironclad": 503, "Redshift, Rocketeer Chief": 2336, "Haunt the Network": 1347, "Sorcerous Spyglass": 2706, "Demonic Junker_SB": 700, "Halana and Alena, Partners_SB": 1319, "Valor's Flagship_SB": 3279, "Tocasia's Welcome_SB": 3100, "Stall Out": 2782, "Stall Out_SB": 2783, "Sovereign Okinec Ahau": 2724, "Gloryheath Lynx": 1237, "The Raven Man": 2997, "The Raven Man_SB": 2998, "Broodheart Engine": 354, "Gargantuan Leech": 1153, "Captivating Cave": 408, "Promising Vein": 2222, "Hidden Courtyard": 1404, "Bat Colony": 195, "Calamitous Cave-In": 387, "Hidden Volcano": 1408, "Marketback Walker": 1825, "Sylvan Scavenging": 2893, "Sab-Sunen, Luxa Embodied": 2470, "Simian Simulacrum": 2635, "Mold Adder_SB": 1902, "Boom Box": 287, "Possession Engine": 2202, "Conduit of Worlds": 544, "Broadcast Rambler": 350, "Virtue of Courage": 3326, "Leyline Binding_SB": 1700, "Likeness Looter": 1719, "Reluctant Role Model": 2354, "Bulwark Ox": 367, "Reluctant Role Model_SB": 2355, "The Goose Mother": 2975, "Market Gnome_SB": 1824, "Daretti, Rocketeer Engineer": 636, "Threefold Thunderhulk": 3057, "Tune Up": 3149, "Meteor Golem_SB": 1856, "Burnout Bashtronaut_SB": 376, "Gastal Raider": 1157, "Oviya, Automech Artisan": 2104, "Marketback Walker_SB": 1826, "The Skullspore Nexus_SB": 3004, "Cosmium Confluence": 584, "Festival of Embers": 1044, "Hidden Nursery": 1407, "Gossip's Talent": 1264, "Balustrade Wurm": 175, "Skycrash_SB": 2661, "Nexus of Becoming_SB": 1985, "Soulless Jailer_SB": 2718, "Collector's Vault_SB": 527, "Thran Spider_SB": 3046, "Akal Pakal, First Among Equals_SB": 46, "Sab-Sunen, Luxa Embodied_SB": 2471, "Earthrumbler": 838, "Oko, the Ringleader": 2042, "Forensic Researcher": 1103, "Deepfathom Echo": 676, "Chitin Gravestalker": 485, "Desperate Bloodseeker_SB": 713, "Starving Revenant_SB": 2789, "Steamcore Scholar_SB": 2798, "Ojer Pakpatiq, Deepest Epoch_SB": 2041, "Lavaspur Boots_SB": 1680, "Thunderous Velocipede_SB": 3072, "Fear of Infinity_SB": 1005, "Stock Up_SB": 2810, "Dredger's Insight_SB": 812, "Fauna Shaman_SB": 994, "Sunder the Gateway": 2851, "Malcator, Purity Overseer": 1803, "Night Market": 1987, "Stockpiling Celebrant": 2812, "Carrion Locust_SB": 414, "Skullcap Snail_SB": 2657, "Stockpiling Celebrant_SB": 2813, "Mocking Sprite": 1898, "Talion's Messenger": 2909, "Barrow Naughty": 188, "Faerie Slumber Party": 977, "Drag the Canal": 778, "Spellscorn Coven": 2740, "Etrata, Deadly Fugitive": 933, "Coerced to Kill": 517, "Unstoppable Plan_SB": 3228, "Shadow-Rite Priest": 2582, "Training Grounds": 3121, "Hoarding Broodlord": 1424, "Nahiri's Warcrafting_SB": 1962, "Baral and Kari Zev": 183, "Enigma Drake": 898, "Eroded Canyon": 910, "Trained Arynx": 3120, "Ornery Tumblewagg": 2063, "Giant Beaver": 1191, "Lagorin, Soul of Alacria": 1668, "Miriam, Herd Whisperer": 1877, "Congregation Gryff": 548, "Brightfield Glider": 340, "Run Over_SB": 2455, "Reject Imperfection_SB": 2349, "Vivisurgeon's Insight_SB": 3341, "Haunted Mire": 1349, "Overwhelming Remorse_SB": 2100, "Akal Pakal, First Among Equals": 45, "Forensic Gadgeteer": 1101, "Deduce_SB": 671, "Wreck Remover_SB": 3450, "Brave the Wilds": 323, "Fog of War_SB": 1096, "Oaken Siren": 2023, "Guidelight Optimizer": 1310, "Fountainport Bell": 1117, "Machine Over Matter_SB": 1784, "Armored Scrapgorger": 127, "Fierce Empath": 1049, "Spinewoods Paladin": 2750, "Phyrexian Missionary_SB": 2155, "Tranquil Cove_SB": 3123, "Exsanguinate_SB": 953, "Exsanguinate": 952, "Crumb and Get It_SB": 603, "Flame Lash": 1069, "Syr Ginger, the Meal Ender_SB": 2898, "Legion Extruder_SB": 1689, "Dawnwing Marshal": 646, "Savannah Lions": 2498, "Pitiless Carnage": 2174, "Fear of Infinity": 1004, "District Mascot": 750, "Shivan Devastator": 2604, "Zimone, Paradox Sculptor": 3476, "Tyvar, the Pummeler_SB": 3180, "Zopandrel, Hunger Dominus_SB": 3480, "Irreverent Gremlin": 1540, "Dynamite Diver": 836, "Guidelight Synergist": 1311, "Kolodin, Triumph Caster": 1646, "Burner Rocket": 372, "Cloudspire Skycycle": 513, "Frenzied Goblin": 1121, "Count on Luck": 585, "Doubling Season_SB": 772, "Fanatical Firebrand_SB": 985, "Frenzied Goblin_SB": 1122, "Reckless Lackey_SB": 2322, "Howlsquad Heavy_SB": 1444, "Rundvelt Hordemaster_SB": 2457, "Aurelia, the Warleader": 151, "Gilded Ghoda": 1199, "Vanish into Eternity_SB": 3289, "Voldaren Epicure": 3352, "Ensoul Artifact": 901, "Riverglide Pathway": 2417, "Darksteel Citadel": 641, "Shrapnel Blast": 2620, "Smuggler's Copter": 2689, "Rending Volley_SB": 2358, "Shadowspear_SB": 2583, "Voltage Surge_SB": 3357, "Aether Gust_SB": 25, "Annul_SB": 88, "Cragcrown Pathway": 590, "Mutavault": 1956, "Reckless Rage": 2323, "Soul-Scar Mage": 2715, "Hazoret the Fervent_SB": 1356, "Redcap Melee_SB": 2333, "Elvish Mystic": 875, "Nykthos, Shrine to Nyx": 2022, "Kiora, Behemoth Beckoner": 1623, "Cavalier of Thorns": 444, "Old-Growth Troll": 2044, "Lair of the Hydra": 1669, "Storm the Festival": 2820, "Ulvenwald Oddity": 3183, "Oath of Nissa": 2025, "Leyline of the Guildpact": 1705, "Emrakul, the Promised End_SB": 880, "Setessan Petitioner_SB": 2580, "Arasta of the Endless Web_SB": 99, "Ledger Shredder": 1687, "Arclight Phoenix": 116, "Fiery Impulse": 1052, "Lightning Axe": 1712, "Treasure Cruise": 3133, "Hall of Storm Giants": 1320, "Brazen Borrower_SB": 325, "Anger of the Gods_SB": 76, "Prismari Command_SB": 2213, "Omen of the Sea": 2048, "The Meathook Massacre": 2987, "Narset, Parter of Veils": 1964, "Field of Ruin": 1046, "Geier Reach Sanitarium": 1164, "Urborg, Tomb of Yawgmoth": 3250, "Clearwater Pathway": 509, "Hive of the Eye Tyrant": 1423, "Shipwreck Marsh": 2603, "Takenuma, Abandoned Mire": 2908, "Ashiok, Dream Render_SB": 131, "Yorion, Sky Nomad_SB": 3464, "Ashiok, Nightmare Muse_SB": 132, "Extinction Event_SB": 955, "Unlicensed Hearse_SB": 3216, "Ramunap Ruins": 2290, "Blightstep Pathway": 244, "Bloodtithe Harvester": 262, "Blade of the Oni": 229, "Hidetsugu Consumes All_SB": 1410, "Invoke Despair_SB": 1536, "Bishop of Wings": 220, "Righteous Valkyrie": 2398, "Resplendent Marshal": 2370, "Skyclave Apparition": 2659, "Collected Company": 520, "Kayla's Reconstruction": 1602, "Portable Hole": 2196, "Branchloft Pathway": 320, "Cave of the Frost Dragon": 445, "Overgrown Farmland": 2082, "Temple Garden": 2929, "Eiganjo, Seat of the Empire": 852, "Brutal Cathar_SB": 361, "Reidane, God of the Worthy_SB": 2346, "Archon of Absolution_SB": 113, "Shapers' Sanctuary_SB": 2585, "Brave the Elements_SB": 322, "Heroic Intervention_SB": 1398, "Kroxa, Titan of Death's Hunger": 1661, "Foreboding Ruins": 1100, "Invoke Despair": 1535, "Rakdos, Patron of Chaos": 2277, "Kolaghan's Command_SB": 1645, "Haunted Ridge": 1350, "Bonecrusher Giant": 281, "Burning-Tree Emissary": 374, "Chandra, Torch of Defiance": 468, "Collision // Colossus": 528, "Gruul Spellbreaker": 1304, "Kami's Flare": 1589, "Kumano Faces Kakkazan": 1662, "Pelt Collector": 2130, "Voltaic Brawler": 3358, "Zhur-Taa Goblin": 3474, "Bonecrusher Giant_SB": 282, "Chandra, Torch of Defiance_SB": 469, "Cindervines_SB": 493, "Kami's Flare_SB": 1590, "Roiling Vortex_SB": 2434, "Weathered Runestone_SB": 3402, "Sigarda's Aid": 2626, "Colossus Hammer": 534, "Raffine's Informant": 2264, "Sylvan Caryatid": 2892, "Eldritch Evolution": 855, "Overgrown Tomb": 2083, "Mana Confluence": 1809, "Soulflayer": 2717, "Collective Brutality_SB": 522, "Gifted Aetherborn_SB": 1196, "Bloodline Culling_SB": 258, "Deafening Silence_SB": 661, "Portable Hole_SB": 2197, "Grafdigger's Cage_SB": 1268, "Cauldron Familiar": 439, "Claim the Firstborn": 501, "Deadly Dispute": 658, "Mayhem Devil": 1836, "Witch's Oven": 3436, "Claim the Firstborn_SB": 502, "Ob Nixilis, the Adversary_SB": 2027, "Hallowed Fountain": 1322, "Indatha Triome": 1476, "Spara's Headquarters": 2725, "Zagoth Triome": 3468, "Vanishing Verse": 3290, "Leyline of Sanctity_SB": 1703, "Barrier Breach_SB": 187, "Knockout Blow_SB": 1641, "Stormcarved Coast": 2821, "Spikefield Hazard": 2747, "Izzet Charm": 1549, "Prismari Command": 2212, "Go Blank_SB": 1241, "Greasefang, Okiba Boss": 1278, "Parhelion II": 2116, "Shattered Sanctum": 2589, "Faithful Mending": 978, "Skysovereign, Consul Flagship": 2669, "Tainted Indulgence": 2902, "Collective Brutality": 521, "Raffine's Tower": 2265, "Stubborn Denial": 2840, "Dovin's Veto_SB": 773, "Silence_SB": 2628, "Fatal Push_SB": 992, "Vanishing Verse_SB": 3291, "Fetid Pools": 1045, "Yorion, Sky Nomad": 3463, "Breeding Pool": 338, "Linvala, the Preserver": 1725, "Enigmatic Incarnation": 899, "Savai Triome": 2497, "Thought Distortion_SB": 3033, "Archon of Emeria_SB": 115, "Ruric Thar, the Unbowed_SB": 2461, "Experimental Frenzy_SB": 947, "Claim // Fame": 498, "Infuriate": 1485, "Extinction Event": 954, "Castle Locthwain": 432, "Paradoxical Outcome": 2115, "Krenko's Buzzcrusher": 1656, "Furnace Punisher_SB": 1142, "Hearth Elemental_SB": 1369, "Laughing Jasper Flint_SB": 1677, "Rocky Roads": 2429, "Lumbering Worldwagon_SB": 1767, "Cosmic Rebirth_SB": 583, "Mondrak, Glory Dominus_SB": 1923, "Mimeoplasm, Revered One": 1870, "Devouring Sugarmaw": 723, "Amalia Benavides Aguirre_SB": 57, "Elas il-Kor, Sadistic Pilgrim_SB": 854, "Fiendish Panda_SB": 1048, "Knight of Dawn's Light_SB": 1634, "Spin Out_SB": 2748, "Ravine Raider_SB": 2304, "Cindering Cutthroat_SB": 492, "Steampath Charger_SB": 2799, "Risky Shortcut_SB": 2406, "Become Brutes_SB": 204, "Eddymurk Crab_SB": 846, "Tolarian Terror_SB": 3103, "Drake Hatcher_SB": 798, "Goblin Oriflamme": 1249, "Spectral Interference": 2730, "Ruthless Negotiation_SB": 2469, "Etched Familiar": 930, "Haughty Djinn_SB": 1346, "Map the Frontier": 1814, "No Witnesses_SB": 2005, "Winter, Cursed Rider": 3429, "Radiant Grove": 2261, "Streetwise Negotiator_SB": 2835, "Silken Strength": 2631, "Divine Resilience": 759, "Greenhouse // Rickety Gazebo": 1290, "Mirror Room // Fractured Realm": 1882, "Khenra Spellspear": 1619, "Herd Migration_SB": 1393, "Armored Armadillo_SB": 125, "Gixian Infiltrator_SB": 1213, "Kykar, Zephyr Awakener": 1667, "Realm-Scorcher Hellkite": 2312, "Sentinel of Lost Lore_SB": 2570, "Spyglass Siren_SB": 2770, "Lathril, Blade of the Elves_SB": 1675, "The Huntsman's Redemption_SB": 2978, "Gloryheath Lynx_SB": 1238, "Threefold Thunderhulk_SB": 3058, "Cryptcaller Chariot": 605, "Case of the Locked Hothouse": 422, "Walk-In Closet // Forgotten Cellar": 3376, "Primeval Bounty": 2209, "Mindsparker_SB": 1871, "Commune with Evil": 540, "Thirsting Roots": 3022, "Gigantosaurus": 1197, "Llanowar Greenwidow": 1736, "Llanowar Stalker": 1738, "Ghalta, Primal Hunger_SB": 1180, "Gigantosaurus_SB": 1198, "Disenchant": 736, "Captain Howler, Sea Scourge_SB": 406, "Cursed Recording_SB": 621, "Rangers' Refueler": 2291, "Meeting of Minds": 1845, "Steel Hellkite_SB": 2800, "Karn, Living Legacy_SB": 1593, "Grand Entryway && Elegant Rotunda": 1272, "Quaketusk Boar": 2247, "The Stasis Coffin": 3007, "The Everflowing Well": 2971, "Kellan Joins Up": 1608, "Ovika, Enigma Goliath_SB": 2103, "Lukka, Bound to Ruin": 1764, "Leaping Ambush": 1686, "Bestow Greatness_SB": 210, "Raucous Theater_SB": 2302, "Flowstone Infusion_SB": 1095, "Alesha, Who Laughs at Fate_SB": 51, "Stern Lesson": 2804, "Stormkeld Vanguard_SB": 2825, "Progenitor Exarch": 2218, "Primal Might_SB": 2208, "Agatha of the Vile Cauldron": 31, "Moonshaker Cavalry_SB": 1931, "Bramble Familiar_SB": 316, "Annie Joins Up_SB": 85, "Reckless Handling": 2320, "Detention Chariot": 720, "Push the Limit": 2237, "Gallant Strike": 1149, "Thundering Broodwagon": 3068, "Ancient Den": 70, "Boros Garrison": 296, "Experimental Synthesizer": 948, "Galvanic Blast": 1150, "Glint Hawk": 1231, "Great Furnace": 1282, "Journey to Nowhere": 1572, "Kor Skyfisher": 1650, "Lembas": 1693, "Makeshift Munitions": 1802, "Relic of Progenitus": 2351, "Rustvale Bridge": 2465, "Thraben Inspector": 3043, "Dust to Dust_SB": 829, "Electrickery_SB": 856, "Prismatic Strands_SB": 2215, "Pyroblast_SB": 2238, "Red Elemental Blast_SB": 2330, "Relic of Progenitus_SB": 2352, "Boomerang": 288, "Brainstorm": 314, "Cryptic Serpent": 609, "Deep Analysis": 673, "Delver of Secrets": 693, "Dragon Wings": 787, "L\u00f3rien Revealed": 1779, "Mental Note": 1852, "Murmuring Mystic": 1954, "Ponder": 2195, "Sleep of the Dead": 2674, "Snow-Covered Island": 2696, "Blue Elemental Blast_SB": 271, "Deem Inferior_SB": 672, "Dispel_SB": 742, "Hydroblast_SB": 1457, "Jace's Phantasm_SB": 1553, "Murmuring Mystic_SB": 1955, "Sleep of the Dead_SB": 2675, "Radiant Fountain": 2260, "Goldmire Bridge": 1255, "Bojuka Bog": 274, "Orzhov Basilica": 2064, "Sunlit Marsh": 2857, "Troll of Khazad-d\u00fbm": 3144, "Eagles of the North": 837, "Dawnbringer Cleric": 645, "Omen of the Dead": 2047, "Cast Down": 430, "Accursed Marauder": 13, "Refurbished Familiar": 2338, "Vault of Whispers": 3292, "Suffocating Fumes": 2843, "Campfire_SB": 396, "Arms of Hadar_SB": 129, "Unmake_SB": 3217, "Accursed Marauder_SB": 14, "Cast Down_SB": 431, "Beckon Apparition_SB": 202, "Thraben Charm_SB": 3042, "Thorn of the Black Rose_SB": 3029, "Arashin Cleric_SB": 98, "Lazav, Wearer of Faces_SB": 1683, "Harmless Offering_SB": 1339, "Return Triumphant": 2391, "Souls of the Lost_SB": 2720, "Slickshot Lockpicker_SB": 2682, "Flashfreeze": 1076, "Interface Ace": 1503, "Sunpearl Kirin": 2858, "Synchronized Charge": 2895, "Heritage Reclamation_SB": 1395, "Magmatic Hellkite_SB": 1793, "Surrak, Elusive Hunter": 2876, "Surrak, Elusive Hunter_SB": 2877, "Elspeth, Storm Slayer": 868, "Rally the Monastery": 2285, "Cori Mountain Monastery": 566, "Dispelling Exhale": 743, "Jeskai Revelation": 1561, "Marang River Regent": 1815, "Shiko, Paragon of the Way": 2600, "Tersa Lightshatter": 2952, "Cori-Steel Cutter": 570, "Jeskai Revelation_SB": 1562, "Voice of Victory_SB": 3345, "Herd Heirloom": 1390, "Sage of the Skies_SB": 2474, "Sandsteppe Citadel": 2485, "Skirmish Rhino": 2648, "Elspeth, Storm Slayer_SB": 869, "United Battlefront": 3215, "Desperate Measures": 714, "Rot-Curse Rakshasa": 2439, "Winternight Stories": 3430, "Auroral Procession": 152, "Opulent Palace": 2058, "Rakshasa's Bargain": 2280, "Glacial Dragonhunt": 1215, "Mistrise Village": 1894, "Tersa Lightshatter_SB": 2953, "Mystic Monastery": 1959, "Stormshriek Feral": 2828, "Stormshriek Feral_SB": 2829, "Wild Ride": 3415, "Roiling Dragonstorm": 2432, "Kishla Village": 1628, "Restless Vents_SB": 2387, "Cori-Steel Cutter_SB": 571, "Unending Whisper": 3204, "Static Snare": 2793, "Cooped Up": 559, "Flamehold Grappler": 1072, "Gulping Scraptrap": 1312, "Magmatic Hellkite": 1792, "Sarkhan, Dragon Ascendant": 2494, "Sarkhan, Soul Aflame": 2495, "Pit of Offerings": 2173, "Static Snare_SB": 2794, "Kayla's Reconstruction_SB": 1603, "Tempest Hawk": 2928, "Rediscover the Way": 2334, "Frontline Rush": 1127, "Gilded Lotus_SB": 1200, "Fresh Start_SB": 1123, "Frostcliff Siege": 1129, "Duty Beyond Death_SB": 831, "Dalkovan Encampment": 630, "Two-Headed Hunter_SB": 3169, "Frontier Bivouac": 1126, "Songcrafter Mage": 2703, "Death Begets Life_SB": 662, "Bloomvine Regent": 266, "Encroaching Dragonstorm": 881, "Ugin, Eye of the Storms": 3181, "Drakuseth, Maw of Flames": 799, "Breaching Dragonstorm": 329, "Molten Exhale": 1907, "Molten Exhale_SB": 1908, "Awaken the Honored Dead": 158, "Caustic Exhale": 442, "Disruptive Stormbrood": 745, "Scavenger Regent // Exude Toxin // Scavenger Regent": 2512, "Teval, Arbiter of Virtue": 2954, "Caustic Exhale_SB": 443, "Fangkeeper's Familiar_SB": 988, "Ugin, Eye of the Storms_SB": 3182, "New Way Forward": 1982, "Dragonologist": 796, "Bulwark Ox_SB": 368, "Mandible Justiciar": 1810, "Temur Tawnyback": 2943, "Eshki Dragonclaw": 918, "Spinewoods Paladin_SB": 2751, "Dragon Sniper": 784, "Nature's Rhythm": 1967, "Broken Wings_SB": 353, "Voidwing Hybrid": 3346, "Torpor Orb": 3114, "Mercurial Spelldancer": 1854, "Blightbelly Rat_SB": 243, "Devoted Duelist": 722, "Prowcatcher Specialist_SB": 2226, "Ghitu Lavarunner_SB": 1185, "Fortress Kin-Guard": 1111, "Salt Road Packbeast": 2480, "Inspiring Overseer_SB": 1500, "Salt Road Packbeast_SB": 2481, "Slumbering Keepguard": 2685, "The Princess Takes Flight": 2995, "Keldon Strike Team": 1607, "Sidisi, Regent of the Mire": 2624, "Gingerbrute_SB": 1203, "Undergrowth Leopard_SB": 3200, "Great Arashin City": 1280, "Maelstrom of the Spirit Dragon": 1787, "Qarsi Revenant_SB": 2244, "Kishla Skimmer": 1627, "Roar of Endless Song_SB": 2421, "Scavenger Regent_SB": 2514, "Scavenger Regent": 2511, "Qarsi Revenant": 2243, "Spectral Denial": 2728, "Overwhelming Surge_SB": 2102, "Corroding Dragonstorm": 574, "Sage of the Skies": 2473, "Heritage Reclamation": 1394, "Bleachbone Verge_SB": 241, "Voice of Victory": 3344, "Clarion Conqueror_SB": 506, "Helga, Skittish Seer": 1373, "Helga, Skittish Seer_SB": 1374, "Rakshasa's Bargain_SB": 2281, "Mistrise Village_SB": 1895, "Case of the Pilfered Proof": 424, "Coordinated Maneuver_SB": 562, "Winternight Stories_SB": 3431, "Craterhoof Behemoth": 592, "Craterhoof Behemoth_SB": 593, "Descendant of Storms": 707, "Severance Priest": 2581, "Yathan Roadwatcher": 3460, "Animist's Might": 79, "Seedglaive Mentor": 2560, "Stadium Headliner": 2776, "Scavenger Regent // Exude Toxin // Scavenger Regent_SB": 2513, "Behind the Mask": 206, "Marang River Regent_SB": 1816, "Don't Make a Sound_SB": 765, "Channeled Dragonfire": 472, "New Way Forward_SB": 1983, "Rotisserie Elemental_SB": 2441, "Twists and Turns_SB": 3165, "Strategic Betrayal_SB": 2833, "Fangkeeper's Familiar": 987, "Simulacrum Synthesizer_SB": 2639, "Sagu Wildling": 2475, "Desperate Measures_SB": 715, "Muldrotha, the Gravetide_SB": 1948, "Sinkhole Surveyor": 2641, "Dragonback Assault": 789, "Ringing Strike Mastery_SB": 2400, "Rediscover the Way_SB": 2335, "Tinybones, Bauble Burglar_SB": 3084, "Disruptive Stormbrood_SB": 746, "Glacierwood Siege": 1217, "Roiling Dragonstorm_SB": 2433, "Ureni, the Song Unending": 3251, "Shiko, Paragon of the Way_SB": 2601, "Ureni, the Song Unending_SB": 3252, "Dispelling Exhale_SB": 744, "Twinmaw Stormbrood": 3160, "Spectral Denial_SB": 2729, "Fleeting Effigy": 1078, "Dalkovan Packbeasts": 631, "Skullcap Snail": 2656, "Harried Spearguard": 1340, "Toxin Analysis_SB": 3119, "Dire Flail": 731, "Mardu Devotee": 1820, "Warren Warleader_SB": 3391, "Toby, Beastie Befriender_SB": 3098, "Mardu Devotee_SB": 1821, "Resolute Reinforcements_SB": 2367, "Mardu Siegebreaker": 1822, "Overwhelming Surge": 2101, "Stern Lesson_SB": 2805, "Coordinated Maneuver": 561, "Triumphant Chomp_SB": 3143, "Rampaging Raptor_SB": 2288, "Earthshaker Dreadmaw_SB": 840, "Temur Battlecrier": 2942, "Strategic Betrayal": 2832, "Kheru Goldkeeper": 1620, "Ambling Stormshell": 58, "Bedrock Tortoise": 205, "Dinotomaton": 730, "Dragon Whelp": 786, "Firespitter Whelp": 1068, "Mox Jasper": 1942, "Shivan Dragon": 2605, "Viashino Branchrider_SB": 3315, "Firebrand Archer_SB": 1064, "Twin Bolt_SB": 3155, "Rumbling Rockslide_SB": 2453, "Skyraker Giant_SB": 2665, "Breaching Dragonstorm_SB": 330, "Drakuseth, Maw of Flames_SB": 800, "Ticket Booth // Tunnel of Hate_SB": 3075, "Channeled Dragonfire_SB": 473, "All-Out Assault": 53, "Inevitable Defeat": 1478, "Neriv, Heart of the Storm": 1974, "Zurgo, Thunder's Decree": 3490, "Inevitable Defeat_SB": 1479, "Thunder of Unity_SB": 3067, "Windcrag Siege_SB": 3425, "Zurgo's Vanguard": 3489, "Duty Beyond Death": 830, "Ainok Wayfarer": 38, "Rabid Bite": 2255, "Polliwallop": 2189, "Felothar, Dawn of the Abzan": 1038, "Oracle of Tragedy_SB": 2060, "Corroding Dragonstorm_SB": 575, "Floriferous Vinewall": 1088, "Bovine Intervention_SB": 309, "Combat Courier": 535, "Twitching Doll_SB": 3167, "Under the Skin_SB": 3193, "Skyserpent Seeker_SB": 2668, "Break the Spell": 334, "Treacherous Greed": 3132, "Intrepid Stablemaster": 1514, "Guardian Sunmare": 1306, "Itzquinth, Firstborn of Gishath_SB": 1544, "Commune with Nature": 541, "Coordinated Clobbering": 560, "Take the Fall_SB": 2907, "Serum Snare_SB": 2577, "Infectious Bite_SB": 1481, "Elusive Otter_SB": 872, "Hurkyl, Master Wizard_SB": 1453, "Abyssal Harvester_SB": 11, "Clarion Conquerer_SB": 504, "Runescale Stormbrood": 2459, "Stasis Snare": 2790, "Moment of Truth_SB": 1914, "Helping Hand_SB": 1383, "Adarkar Wastes_SB": 20, "Floodfarm Verge_SB": 1085, "Meticulous Archive_SB": 1858, "Seachrome Coast_SB": 2539, "Mondrak, Glory Dominus": 1922, "Tomb Trawler": 3106, "Take Out the Trash_SB": 2904, "Convenient Target_SB": 558, "Kickoff Celebrations": 1621, "Nullpriest of Oblivion_SB": 2019, "Lord Skitter's Blessing": 1756, "Ayli, Eternal Pilgrim_SB": 165, "Stoic Sphinx": 2814, "Watcher of the Wayside": 3394, "Twinmaw Stormbrood_SB": 3161, "Confounding Riddle_SB": 547, "Glacial Dragonhunt_SB": 1216, "Combat Thresher": 537, "Windcrag Siege": 3424, "The Ancient One": 2960, "Nomad Outpost": 2006, "Sonic Shrieker": 2705, "The Sibsig Ceremony": 3002, "Purging Stormbrood_SB": 2234, "Curator of Destinies_SB": 619, "Glarb, Calamity's Augur_SB": 1219, "Heliod, the Radiant Dawn_SB": 1376, "Ghostly Dancers_SB": 1189, "Pyrrhic Blast": 2242, "Melek, Reforged Researcher": 1846, "Herd Heirloom_SB": 1391, "Vampiric Rites_SB": 3288, "Fear of Lost Teeth_SB": 1009, "Bloodghast_SB": 255, "Vampire Gourmand_SB": 3283, "Clarion Conqueror // Clarion Conqueror_SB": 505, "Taurean Mauler": 2919, "Anafenza, Unyielding Lineage": 64, "Clay Champion": 507, "Nesting Bot_SB": 1977, "Restricted Office // Lecture Hall_SB": 2390, "Dragonfire Blade": 791, "Monastery Messenger": 1919, "Shocking Sharpshooter": 2611, "Terror of the Peaks_SB": 2951, "Calamity, Galloping Inferno_SB": 390, "Fires of Victory_SB": 1067, "Bovine Intervention": 308, "Riling Dawnbreaker": 2399, "Awaken the Honored Dead_SB": 159, "Warden of the Grove": 3382, "Invasion of Ikoria": 1523, "Branch of Vitu-Ghazi": 318, "Dragon Sniper_SB": 785, "Revenge of the Rats": 2394, "Rise of the Varmints": 2405, "Undergrowth Leopard": 3199, "Grasping Longneck_SB": 1276, "Watcher of the Wayside_SB": 3395, "Shock Brigade": 2608, "Ratcatcher Trainee": 2297, "Deadly Riposte": 659, "Derelict Attic // Widow's Walk_SB": 706, "Reigning Victor": 2347, "Worthy Cost": 3447, "Bone-Cairn Butcher": 279, "Salt Road Skirmish": 2482, "Starry-Eyed Skyrider": 2786, "Dirgur Island Dragon": 733, "Aatchik, Emerald Radian": 0, "Yarus, Roar of the Old Gods": 3459, "Sinkhole Surveyor_SB": 2642, "Thunder of Unity": 3066, "Frontline Rush_SB": 1128, "Dalkovan Packbeasts_SB": 632, "Descendant of Storms_SB": 708, "Worthy Cost_SB": 3448, "War Effort_SB": 3379, "Shocking Sharpshooter_SB": 2612, "Unyielding Gatekeeper_SB": 3238, "Unscrupulous Contractor": 3223, "Gearbane Orangutan_SB": 1163, "Osseous Exhale": 2066, "Narset, Jeskai Waymaster": 1963, "Frostcliff Siege_SB": 1130, "Return Triumphant_SB": 2392, "Spring Splasher": 2766, "Norn's Wellspring": 2010, "Case of the Uneaten Feast_SB": 429, "Servant of the Stinger_SB": 2579, "Blue Sun's Twilight": 272, "Three Blind Mice_SB": 3051, "Bloodfeather Phoenix_SB": 252, "Annihilating Glare_SB": 87, "Lasyd Prowler": 1673, "Feral Encounter_SB": 1039, "Nature's Rhythm_SB": 1968, "Synchronized Charge_SB": 2896, "Viral Spawning_SB": 3325, "Ob Nixilis, Captive Kingpin": 2026, "All Will Be One": 52, "Encroaching Mycosynth": 882, "Krenko, Baron of Tin Street": 1658, "Ice Out": 1458, "Crime Novelist": 598, "Breeches, Eager Pillager_SB": 337, "Convenient Target": 557, "Niv-Mizzet, Supreme_SB": 1999, "Perennation_SB": 2131, "Timeless Lotus": 3078, "Phyrexian Vindicator_SB": 2159, "Urabrask_SB": 3244, "Grafted Butcher": 1269, "Voidwing Hybrid_SB": 3347, "Kiora, Sovereign of the Deep_SB": 1624, "Kalastria Highborn": 1585, "Cori Mountain Monastery_SB": 567, "Ertai's Scorn": 915, "Eshki Dragonclaw_SB": 919, "Songcrafter Mage_SB": 2704, "Bulk Up_SB": 366, "Eluge, the Shoreless Sea": 870, "Finale of Revelation": 1060, "Eliminate the Impossible": 864, "Eliminate the Impossible_SB": 865, "Finale of Revelation_SB": 1061, "Cat Collector_SB": 434, "Izoni, Center of the Web_SB": 1548, "Hazoret, Godseeker_SB": 1358, "Spelunking_SB": 2742, "Smile at Death": 2688, "Osteomancer Adept_SB": 2071, "Rot-Curse Rakshasa_SB": 2440, "Markov Baron": 1827, "Pulse Tracker": 2232, "Peer Past the Veil_SB": 2127, "Campus Guide_SB": 397, "Liberator, Urza's Battlethopter": 1708, "Racers' Scoreboard": 2259, "Redcap Gutter-Dweller_SB": 2332, "Dragon's Prey": 788, "Defibrillating Current": 685, "Alesha's Legacy": 49, "Emerge from the Cocoon": 878, "Midnight Mayhem": 1864, "Bone-Cairn Butcher_SB": 280, "Cori Mountain Stalwart_SB": 569, "Marshal of the Lost_SB": 1830, "Shock Brigade_SB": 2609, "Neriv, Heart of the Storm_SB": 1975, "Poised Practitioner_SB": 2185, "Filter Out": 1053, "Hero's Downfall": 1396, "Desecration Demon_SB": 710, "Lost in the Maze": 1761, "Whiskervale Forerunner": 3409, "Cori Mountain Stalwart": 568, "Underground River_SB": 3198, "Gloomlake Verge_SB": 1236, "Darkslick Shores_SB": 638, "Disdainful Stroke": 734, "Out Cold_SB": 2073, "Aggressive Sabotage_SB": 34, "Magmakin Artillerist": 1791, "Flood the Engine_SB": 1082, "Veloheart Bike": 3298, "Migloz, Maze Crusher": 1867, "Dragonhawk, Fate's Tempest_SB": 793, "Swiftblade Vindicator": 2881, "Hidetsugu and Kairi_SB": 1412, "Colossification_SB": 533, "Rite of Renewal": 2407, "Staff of Compleation": 2778, "Betor, Kin to All": 211, "Danitha, New Benalia's Light": 634, "Danitha, New Benalia's Light_SB": 635, "Walk-In Closet // Forgotten Cellar_SB": 3377, "Abzan Devotee": 12, "Gixian Puppeteer": 1214, "Oltec Matterweaver": 2045, "Disturbing Mirth_SB": 754, "Encroaching Mycosynth_SB": 883, "Stadium Headliner_SB": 2777, "Draconautics Engineer_SB": 777, "Bumbleflower's Sharepot": 369, "Volt Charge": 3356, "Great Arashin City_SB": 1281, "Underground Mortuary_SB": 3196, "Purging Stormbrood": 2233, "Piercing Exhale": 2164, "Wind-Scarred Crag": 3423, "Jeskai Devotee": 1560, "Kin-Tree Nurturer": 1622, "Nightblade Brigade": 1989, "Stormplain Detainment": 2826, "Marshal of the Lost": 1829, "Sunset Strikemaster": 2859, "Seize Opportunity": 2563, "Dragonback Lancer": 790, "Venerated Stormsinger": 3301, "Slickshot Lockpicker": 2681, "Invasion of Arcavios_SB": 1518, "Zur, Eternal Schemer_SB": 3486, "Portal to Phyrexia_SB": 2199, "Tarrian's Journal_SB": 2916, "Youthful Valkyrie_SB": 3467, "Battlefield Forge_SB": 197, "Tempest Hart": 2927, "Stormscale Scion": 2827, "Dracogenesis": 775}}