{"vocabulary": {"Burst Lightning": 375, "Emberheart Challenger": 868, "Heartfire Hero": 1352, "Hired Claw": 1410, "Lightning Strike": 1703, "Manifold Mouse": 1799, "Monastery Swiftspear": 1905, "Monstrous Rage": 1911, "Mountain": 1924, "Rockface Village": 2407, "Screaming Nemesis": 2512, "Witchstalker Frenzy": 3407, "Lithomantic Barrage_SB": 1716, "Sunspine Lynx_SB": 2839, "Torch the Tower_SB": 3085, "Twisted Fealty_SB": 3139, "Urabrask's Forge_SB": 3217, "Witchstalker Frenzy_SB": 3408, "Anoint with Affliction": 88, "Cut Down": 621, "Darkslick Shores": 632, "Deep-Cavern Bat": 669, "Enduring Curiosity": 878, "Faerie Mastermind": 966, "Floodpits Drowner": 1077, "Fountainport": 1107, "Gloomlake Verge": 1225, "Go for the Throat": 1232, "Island": 1530, "Kaito, Bane of Nightmares": 1567, "Phantom Interference": 2124, "Restless Reef": 2361, "Spyglass Siren": 2750, "Swamp": 2855, "Three Steps Ahead": 3028, "Underground River": 3171, "Unstoppable Slasher": 3203, "Unsummon": 3205, "Anoint with Affliction_SB": 89, "Blot Out_SB": 267, "Cut Down_SB": 622, "Disfigure_SB": 734, "Dreams of Steel and Oil_SB": 801, "Duress_SB": 814, "Ghost Vacuum_SB": 1178, "Gix's Command_SB": 1201, "Negate_SB": 1957, "Preacher of the Schism_SB": 2187, "Three Steps Ahead_SB": 3029, "Gix's Command": 1200, "Preacher of the Schism": 2186, "Sheoldred, the Apocalypse": 2576, "Undercity Sewers": 3169, "Disdainful Stroke_SB": 730, "Kaito, Bane of Nightmares_SB": 1568, "Malicious Eclipse_SB": 1795, "Phyrexian Fleshgorger_SB": 2136, "Sheoldred, the Apocalypse_SB": 2577, "Tishana's Tidebinder_SB": 3064, "Battlefield Forge": 195, "Boltwave": 274, "Boros Charm": 291, "Inspiring Vantage": 1491, "Lightning Helix": 1701, "Restless Bivouac": 2356, "Shardmage's Rescue": 2566, "Slickshot Show-Off": 2663, "Case of the Crimson Pulse_SB": 415, "Destroy Evil_SB": 712, "Fugitive Codebreaker_SB": 1125, "Lightning Helix_SB": 1702, "Screaming Nemesis_SB": 2513, "Archfiend of the Dross": 110, "Blackcleave Cliffs": 225, "Blazemire Verge": 233, "Blooming Marsh": 262, "Copperline Gorge": 561, "Glissa Sunslayer": 1222, "Karplusan Forest": 1582, "Llanowar Wastes": 1726, "Questing Druid": 2229, "Tear Asunder": 2896, "Torch the Tower": 3084, "Unholy Annex && Ritual Chamber": 3181, "Leyline of the Void_SB": 1694, "Tear Asunder_SB": 2897, "Fugitive Codebreaker": 1124, "Raucous Carnival": 2280, "Shock": 2587, "Obliterating Bolt_SB": 2013, "Scorching Shot_SB": 2503, "Case of the Crimson Pulse": 414, "Kellan, Planar Trailblazer": 1601, "Obliterating Bolt": 2012, "Restless Ridgeline": 2363, "Royal Treatment": 2426, "Thornspire Verge": 3005, "Cease // Desist_SB": 448, "Pawpatch Formation_SB": 2105, "Pick Your Poison_SB": 2145, "Pyroclasm_SB": 2221, "Royal Treatment_SB": 2427, "Scavenging Ooze_SB": 2498, "Analyze the Pollen": 64, "Bitter Reunion": 220, "Botanical Sanctum": 298, "Bushwhack": 377, "Enduring Vitality": 884, "Fabled Passage": 956, "Forest": 1095, "Pawpatch Formation": 2104, "Roaring Furnace && Steaming Sauna": 2402, "Song of Totentanz": 2681, "Stormchaser's Talent": 2803, "Tarnation Vista": 2890, "This Town Ain't Big Enough": 2999, "Thundertrap Trainer": 3048, "Up the Beanstalk": 3213, "Valley Floodcaller": 3246, "Yavimaya Coast": 3431, "Burst Lightning_SB": 376, "Into the Flood Maw_SB": 1498, "Invasion of Tarkir_SB": 1520, "Sorcerous Spyglass_SB": 2687, "Up the Beanstalk_SB": 3214, "Volcanic Spite_SB": 3323, "Archangel Elspeth": 102, "Beza, the Bounding Spring": 211, "Caretaker's Talent": 407, "Carrot Cake": 412, "Enduring Innocence": 880, "Get Lost": 1162, "Lay Down Arms": 1668, "Overlord of the Mistmoors": 2076, "Plains": 2159, "Soul Partition": 2688, "Sunfall": 2831, "Sunken Citadel": 2834, "Virtue of Loyalty": 3302, "Boon-Bringer Valkyrie_SB": 289, "Elspeth's Smite_SB": 858, "Exorcise_SB": 932, "Rest in Peace_SB": 2353, "Split Up_SB": 2741, "Temporary Lockdown_SB": 2916, "Hedge Maze": 1361, "Abrade_SB": 5, "Blue Sun's Twilight_SB": 270, "Dissection Tools_SB": 743, "Aclazotz, Deepest Betrayal_SB": 15, "Withering Torment_SB": 3410, "Knight of Grace_SB": 1625, "Authority of the Consuls_SB": 153, "Thran Portal": 3019, "Abhorrent Oculus": 2, "Adarkar Wastes": 18, "Chart a Course": 476, "Floodfarm Verge": 1075, "Founding the Third Path": 1104, "Haughty Djinn": 1334, "Helping Hand": 1372, "Kiora, the Rising Tide": 1612, "Meticulous Archive": 1843, "Moment of Truth": 1898, "Negate": 1956, "Picklock Prankster": 2146, "Recommission": 2307, "Seachrome Coast": 2519, "Get Lost_SB": 1163, "Monastery Mentor_SB": 1903, "Sheltered by Ghosts_SB": 2572, "Arabella, Abandoned Doll": 93, "Case of the Gateway Express": 417, "Clockwork Percussionist": 509, "Gleeful Demolition": 1217, "Imodane's Recruiter": 1456, "Knight-Errant of Eos": 1626, "Novice Inspector": 1999, "Painter's Studio && Defaced Gallery": 2092, "Resolute Reinforcements": 2347, "Sheltered by Ghosts": 2571, "Shivan Reef": 2586, "Spirebluff Canal": 2734, "Warden of the Inner Sky": 3354, "Protect the Negotiators_SB": 2207, "Floodpits Drowner_SB": 1078, "Roaring Furnace && Steaming Sauna_SB": 2403, "Scorching Dragonfire_SB": 2501, "Blot Out": 266, "Duress": 813, "Kaito, Cunning Infiltrator": 1569, "Soulstone Sanctuary": 2701, "Spectral Sailor": 2712, "Stab_SB": 2756, "Caustic Bronco": 437, "Llanowar Elves": 1721, "Mosswood Dreadknight": 1922, "Restless Cottage": 2358, "Scavenging Ooze": 2497, "Sentinel of the Nameless City": 2551, "Choking Miasma_SB": 484, "Liliana of the Veil_SB": 1708, "Nissa, Ascended Animist_SB": 1980, "Render Inert_SB": 2338, "Tranquil Frillback_SB": 3100, "Vivien Reid_SB": 3311, "Tishana's Tidebinder": 3063, "Flashfreeze_SB": 1068, "Innkeeper's Talent": 1476, "Demonic Ruckus": 698, "Snakeskin Veil": 2672, "Jaya, Fiery Negotiator_SB": 1548, "Bloodthirsty Conqueror": 257, "Maelstrom Pulse": 1772, "Underground Mortuary": 3170, "Cruelclaw's Heist_SB": 598, "Harvester of Misery_SB": 1332, "Tranquil Frillback": 3099, "Arcane Proxy": 100, "Commune with Evil": 536, "Deadly Cover-Up": 651, "Demonic Counsel": 692, "Doomsday Excruciator": 760, "Jace, the Perfected Mind": 1543, "Liliana of the Veil": 1707, "Overlord of the Balemurk": 2068, "Render Inert": 2337, "Kaito, Dancing Shadow_SB": 1572, "Liliana, Dreadhorde General_SB": 1710, "Might of the Meek": 1851, "Innkeeper's Talent_SB": 1477, "Questing Druid_SB": 2230, "Snakeskin Veil_SB": 2673, "Hearthborn Battler": 1359, "Dewdrop Cure_SB": 721, "Sheoldred's Edict_SB": 2575, "Cache Grab": 379, "Eddymurk Crab": 836, "Into the Flood Maw": 1497, "Seed of Hope": 2540, "Sleight of Hand": 2657, "Tolarian Terror": 3077, "Herbology Instructor_SB": 1379, "Minor Misstep_SB": 1860, "Monstrous Emergence_SB": 1910, "Unable to Scream_SB": 3160, "Mockingbird": 1884, "Dreams of Steel and Oil": 800, "Bloodletter of Aclazotz": 253, "Elspeth's Smite": 857, "Joust Through_SB": 1562, "Abyssal Harvester": 10, "Agatha's Soul Cauldron": 31, "Arcanis the Omnipotent": 101, "Bitter Triumph": 222, "Likeness Looter": 1706, "Overlord of the Floodpits": 2072, "Rona, Herald of Invasion": 2417, "Unholy Annex && Ritual Chamber_SB": 3182, "Ethereal Armor": 922, "Feather of Flight": 1007, "Optimistic Scavenger": 2039, "Nissa, Ascended Animist": 1979, "Sheoldred's Edict": 2574, "Shoot the Sheriff": 2593, "Virtue of Persistence": 3304, "Caustic Bronco_SB": 438, "Enduring Tenacity": 882, "Outrageous Robbery_SB": 2063, "Brushland": 357, "Cavern of Souls": 443, "Glass Casket": 1210, "Herd Migration": 1382, "Hushwood Verge": 1443, "Leyline Binding": 1686, "Lush Portico": 1763, "Overlord of the Hauntwoods": 2074, "Zur, Eternal Schemer": 3454, "Crystal Barricade_SB": 609, "Lyra Dawnbringer_SB": 1765, "Assimilation Aegis": 138, "Braided Net": 307, "Fabrication Foundry": 957, "Fomori Vault": 1088, "No More Lies": 1984, "Restless Anchorage": 2354, "Simulacrum Synthesizer": 2618, "The Mightstone and Weakstone": 2964, "Thran Spider": 3020, "Unstable Glyphbridge": 3200, "Beza, the Bounding Spring_SB": 212, "Change the Equation_SB": 468, "Devout Decree_SB": 719, "Karplusan Forest_SB": 1583, "Entity Tracker": 895, "Fae Flight": 959, "Grand Entryway && Elegant Rotunda": 1262, "Gremlin Tamer": 1280, "Inquisitive Glimmer": 1479, "Proft's Eidetic Memory": 2198, "Silent Hallcreeper": 2609, "Kitnap_SB": 1618, "Loran of the Third Path_SB": 1740, "Ossification_SB": 2052, "Chainsaw_SB": 458, "Flamewake Phoenix_SB": 1065, "Vivien Reid": 3310, "Stormsplitter": 2808, "Caves of Koilos": 446, "Concealed Courtyard": 538, "Elenda, Saint of Dusk": 849, "Mirrex": 1864, "Restless Fortress": 2359, "Shadowy Backstreet": 2564, "Nowhere to Run_SB": 2001, "Scrollshift": 2514, "Temporary Lockdown": 2915, "Doppelgang_SB": 764, "Not on My Watch_SB": 1998, "No One Left Behind": 1986, "Faerie Mastermind_SB": 967, "Feed the Swarm_SB": 1015, "Spelunking": 2721, "Drag the Canal_SB": 772, "Kaito, Cunning Infiltrator_SB": 1570, "Turn Inside Out": 3128, "Koth, Fire of Resistance_SB": 1639, "Aclazotz, Deepest Betrayal": 14, "Demolition Field": 690, "Stingerback Terror_SB": 2788, "Azure Beastbinder": 166, "Gix, Yawgmoth Praetor": 1202, "Enduring Curiosity_SB": 879, "Scatter Ray_SB": 2491, "Unstoppable Slasher_SB": 3204, "Opt": 2037, "Maelstrom Pulse_SB": 1773, "Shock_SB": 2590, "Mountain_SB": 1925, "Muerra, Trash Tactician_SB": 1931, "Go for the Throat_SB": 1233, "Loran of the Third Path": 1739, "Jace, the Perfected Mind_SB": 1544, "Silent Hallcreeper_SB": 2610, "Faebloom Trick": 961, "Brotherhood's End_SB": 355, "Cacophony Scamp": 381, "Callous Sell-Sword": 391, "Leyline of Resonance": 1688, "Overprotect": 2078, "Manifold Mouse_SB": 1800, "Phantom Interference_SB": 2125, "Aftermath Analyst": 29, "Argoth, Sanctum of Nature": 119, "Cosmic Rebirth": 578, "Elvish Regrower": 867, "Evolving Wilds": 928, "Felidar Retreat": 1021, "Lumra, Bellow of the Woods": 1757, "Nissa, Resurgent Animist": 1981, "Razorverge Thicket": 2290, "Springbloom Druid": 2749, "Titania, Voice of Gaea": 3067, "Tolsimir, Midnight's Light": 3079, "Enduring Innocence_SB": 881, "Reclamation Sage_SB": 2306, "Fear of Missing Out": 1001, "Steamcore Scholar": 2777, "Thundering Falls": 3044, "Voldaren Thrillseeker": 3325, "The Huntsman's Redemption": 2952, "Balustrade Wurm_SB": 175, "Archangel of Wrath": 106, "Atraxa, Grand Unifier": 145, "Commercial District": 535, "Sunfall_SB": 2832, "Elegant Parlor": 848, "Overlord of the Boilerbilges": 2070, "Secluded Courtyard": 2538, "Split Up": 2740, "Disfigure": 733, "Starscape Cleric": 2767, "Invasion of Ixalan": 1513, "Bristlebud Farmer_SB": 344, "Ral, Crackling Wit_SB": 2265, "Nowhere to Run": 2000, "Glissa Sunslayer_SB": 1223, "Valley Floodcaller_SB": 3247, "Deduce": 665, "Quick Study": 2232, "Chrome Host Seedshark_SB": 486, "Shardmage's Rescue_SB": 2567, "Evangel of Synthesis": 925, "Valgavoth's Faithful": 3237, "Valgavoth, Terror Eater": 3241, "Zombify": 3448, "Stoic Sphinx_SB": 2795, "Feed the Cycle": 1011, "Spell Stutter": 2716, "Sphinx of Forgotten Lore_SB": 2724, "Twisted Fealty": 3138, "Aegis Turtle_SB": 22, "Beseech the Mirror": 206, "Brotherhood's End": 354, "Demonic Pact": 696, "Disturbing Mirth": 748, "Final Vengeance": 1049, "Greedy Freebooter": 1275, "Harmless Offering": 1327, "Hopeless Nightmare": 1424, "Raucous Theater": 2282, "Restless Vents": 2367, "Sulfurous Springs": 2823, "Temple of Malice": 2910, "Tinybones Joins Up": 3056, "Urabrask's Forge": 3216, "Betrayer's Bargain_SB": 210, "Hostile Investigator_SB": 1431, "Virtue of Persistence_SB": 3305, "Cruelclaw's Heist": 597, "Harvester of Misery": 1331, "Protect the Negotiators": 2206, "Splitskin Doll": 2742, "Soul Partition_SB": 2689, "Unsummon_SB": 3206, "Drannith Ruins": 794, "Season of the Burrow": 2533, "Night of the Sweets' Revenge": 1973, "Heaped Harvest": 1351, "Welcome to Sweettooth": 3376, "Doubling Season": 765, "Collector's Vault": 523, "The Eternal Wanderer": 2944, "An Offer You Can't Refuse_SB": 62, "See Double_SB": 2539, "Cosmium Confluence_SB": 581, "Volatile Fault_SB": 3321, "Day of Judgment_SB": 643, "Deep-Cavern Bat_SB": 670, "Calix, Guided by Fate": 388, "Unable to Scream": 3159, "Invasion of Gobakhan_SB": 1511, "No More Lies_SB": 1985, "Break Out": 329, "Cenote Scout": 451, "Keen-Eyed Curator": 1592, "Tyvar, the Pummeler": 3154, "Violent Urge": 3294, "Wildfire Wickerfolk": 3389, "Haywire Mite_SB": 1343, "The Cruelty of Gix": 2936, "Soul-Guide Lantern_SB": 2694, "Archangel Elspeth_SB": 103, "Molten Collapse": 1889, "Piggy Bank": 2147, "Bring the Ending": 340, "Vraska's Fall": 3339, "Glistening Deluge_SB": 1224, "Phyrexian Arena_SB": 2131, "The Filigree Sylex_SB": 2948, "Tinybones, the Pickpocket": 3060, "Wrenn's Resolve_SB": 3425, "Cryptic Coat": 604, "Ertai Resurrected": 904, "Cryptic Coat_SB": 605, "The End_SB": 2942, "Gix, Yawgmoth Praetor_SB": 1203, "Crawling Barrens": 591, "Day of Judgment": 642, "Mazemind Tome": 1825, "Not on My Watch": 1997, "Elesh Norn, Mother of Machines_SB": 853, "Mazemind Tome_SB": 1826, "Scorching Dragonfire": 2500, "Deadly Cover-Up_SB": 652, "Refute": 2320, "Rite of the Moth": 2391, "Ajani, Caller of the Pride": 39, "Regal Bunnicorn": 2322, "Steel Seraph": 2781, "Subterranean Schooner": 2819, "Unidentified Hovership": 3185, "Zoetic Glyph": 3446, "Ajani, Caller of the Pride_SB": 40, "Season of the Burrow_SB": 2534, "Tail Swipe": 2876, "Outrageous Robbery": 2062, "Urgent Necropsy": 3227, "Kaya, Intangible Slayer_SB": 1586, "Infestation Sage": 1473, "Essence Channeler": 912, "Charming Scoundrel": 474, "Searslicer Goblin": 2525, "Elas il-Kor, Sadistic Pilgrim": 844, "Ruthless Lawbringer": 2446, "Alesha, Who Laughs at Fate": 49, "Perforating Artist": 2115, "Immersturm Predator": 1455, "Aurelia, the Law Above": 149, "Vampire Nighthawk_SB": 3259, "Voldaren Thrillseeker_SB": 3326, "Capricious Hellraiser": 401, "Brass's Tunnel-Grinder": 318, "Season of Weaving": 2531, "Chandra, Hope's Beacon": 461, "Ill-Timed Explosion": 1453, "Roaring Furnace // Steaming Sauna": 2404, "Chandra, Flameshaper": 459, "Fires of Victory": 1057, "Eaten by Piranhas_SB": 834, "Virtue of Knowledge_SB": 3301, "Vraska, Betrayal's Sting": 3341, "Smuggler's Surprise": 2670, "Unholy Annex // Ritual Chamber": 3183, "Outcaster Trailblazer": 2059, "Glimpse the Core": 1220, "Citanul Stalwart": 492, "Dwynen, Gilt-Leaf Daen": 826, "Dwynen's Elite": 825, "Elvish Archdruid": 864, "Imperious Perfect": 1460, "Lathril, Blade of the Elves": 1661, "Leaf-Crowned Visionary": 1671, "Primal Might": 2189, "Three Tree City": 3030, "Tyvar the Bellicose": 3150, "Wildborn Preserver": 3387, "Assassin's Trophy_SB": 137, "Tyvar's Stand_SB": 3152, "Skrelv, Defector Mite": 2632, "Elesh Norn": 851, "Kaito, Dancing Shadow": 1571, "Lavaspur Boots": 1666, "Iridescent Vinelasher": 1527, "Rite of Replication": 2388, "Swiftfoot Boots_SB": 2859, "White Sun's Twilight_SB": 3384, "Knight of Dusk's Shadow_SB": 1623, "Ghitu Lavarunner": 1175, "Healer's Hawk": 1350, "Hinterland Sanctifier": 1408, "Leonin Vanguard": 1681, "Ajani's Pridemate": 38, "Angel of Vitality": 73, "Resplendent Angel": 2349, "Scoured Barrens": 2505, "Marauding Blight-Priest": 1804, "Authority of the Consuls": 152, "Phyrexian Arena": 2130, "Extinguish the Light_SB": 947, "Hero's Downfall_SB": 1387, "Mortify_SB": 1919, "Get Out": 1164, "Altanak, the Thrice-Called": 54, "Say Its Name": 2482, "Restless Vinestalk": 2369, "Trygon Predator_SB": 3122, "Bonny Pall, Clearcutter_SB": 283, "Overlord of the Floodpits_SB": 2073, "Trumpeting Carnosaur": 3121, "Breach the Multiverse": 324, "Malicious Eclipse": 1794, "Valgavoth, Terror Eater_SB": 3242, "Wildwood Scourge": 3390, "Mild-Mannered Librarian": 1854, "Charming Prince": 473, "Skyknight Squire": 2644, "Gnarlid Colony": 1229, "Wary Thespian": 3363, "Dazzling Angel": 644, "Inspiring Paladin": 1490, "Mossborn Hydra": 1920, "Good-Fortune Unicorn": 1253, "Felidar Savior": 1023, "Armasaur Guide": 122, "Regal Caracal": 2324, "Felling Blow": 1026, "Biogenic Upgrade": 216, "Inspiring Call": 1487, "Pacifism": 2089, "Anthem of Champions": 92, "Temple of Plenty": 2912, "Blossoming Sands": 264, "Vengeful Possession_SB": 3276, "Scavenger's Talent": 2496, "Legions to Ashes": 1678, "Rottenmouth Viper": 2422, "High Noon_SB": 1405, "Braids, Arisen Nightmare": 309, "Feed the Swarm": 1014, "Spiteful Hexmage": 2736, "Horned Loch-Whale": 1426, "Voracious Greatshark": 3331, "The Irencrag": 2955, "Liliana, Dreadhorde General": 1709, "Nine-Lives Familiar": 1978, "The End": 2941, "Deathmark_SB": 660, "Pillage the Bog": 2152, "Decadent Dragon": 663, "Twinflame Tyrant": 3133, "Phyrexian Obliterator_SB": 2140, "Pawpatch Recruit": 2106, "Hunter's Talent": 1439, "Spinner of Souls": 2732, "Sharp-Eyed Rookie": 2568, "Hard-Hitting Question": 1323, "Cankerbloom": 398, "Wrenn and Realmbreaker_SB": 3422, "Tail Swipe_SB": 2877, "Scrapshooter_SB": 2507, "Axebane Ferox_SB": 161, "Phyrexian Obliterator": 2139, "Flourishing Bloom-Kin": 1081, "Ghalta, Primal Hunger": 1170, "Scrapshooter": 2506, "Audacity": 147, "Hunter's Talent_SB": 1440, "Case of the Stashed Skeleton": 423, "Corpses of the Lost": 568, "Forsaken Miner": 1100, "Sword of Once and Future_SB": 2865, "Furnace Reins_SB": 1135, "Builder's Talent": 360, "Nurturing Pixie": 2004, "Tithing Blade": 3069, "Spring-Loaded Sawblades": 2747, "Helpful Hunter": 1371, "Neglected Manor": 1958, "Tinybones Joins Up_SB": 3057, "Parting Gust_SB": 2101, "Bandit's Talent_SB": 178, "Blooming Blast_SB": 261, "Restless Spire": 2365, "Ral, Crackling Wit": 2264, "Teferi, Temporal Pilgrim": 2901, "Union of the Third Path": 3187, "Silver Scrutiny_SB": 2613, "Crash Through": 588, "Drake Hatcher": 788, "Shore Up": 2595, "Slick Sequence": 2660, "Abhorrent Oculus_SB": 3, "Luminous Rebuke": 1755, "Seized from Slumber": 2546, "Kogla and Yidaro_SB": 1630, "Zoraline, Cosmos Caller": 3450, "Atraxa, Grand Unifier_SB": 146, "Barbed Batterfist": 184, "Slagstorm_SB": 2652, "Artist's Talent": 129, "Hearth Elemental": 1357, "Highway Robbery": 1406, "Urabrask": 3215, "Wrenn's Resolve": 3424, "Lord Skitter, Sewer King": 1744, "Legions to Ashes_SB": 1679, "Doppelgang": 763, "Armored Armadillo": 123, "Elvish Archivist": 865, "Toadstool Admirer": 3071, "Calix, Guided by Fate_SB": 389, "Divine Resilience_SB": 754, "Unflinching Courage_SB": 3180, "Valorous Stance_SB": 3255, "Ephara's Dispersal_SB": 898, "Shore Up_SB": 2596, "Neutralize the Guards_SB": 1966, "Yotian Frontliner": 3435, "Roxanne, Starfall Savant": 2424, "Lukka, Bound to Ruin_SB": 1752, "Bitter Triumph_SB": 223, "Breach the Multiverse_SB": 325, "Fiery Annihilation_SB": 1042, "Basilisk Collar": 191, "Basilisk Collar_SB": 192, "Rattleback Apothecary": 2279, "Lush Oasis": 1762, "Bristly Bill, Spine Sower": 346, "Freestrider Lookout": 1110, "Tatyova, Steward of Tides": 2894, "Outcaster Greenblade": 2058, "Colossal Rattlewurm": 528, "Sandstorm Verge": 2468, "Arid Archway": 120, "Llanowar Loamspeaker": 1724, "Festering Gulch": 1033, "Creosote Heath": 594, "Duelist of the Mind": 811, "Desert's Due": 706, "Goldvein Hydra": 1246, "Repulsive Mutation_SB": 2343, "Farsight Ritual": 981, "Herald of Eternal Dawn": 1374, "Live or Die": 1717, "Lively Dirge": 1718, "Final Showdown": 1047, "Loran's Escape": 1741, "Dawn's Truce": 638, "Temple of Silence": 2913, "Gremlin Tamer_SB": 1281, "Urza's Sylex_SB": 3233, "Tomb Trawler_SB": 3082, "Souls of the Lost": 2699, "Temple of Malady": 2909, "Surge of Salvation_SB": 2845, "Calamity, Galloping Inferno": 386, "Loot, Exuberant Explorer": 1735, "Ruby, Daring Tracker": 2429, "Terror of the Peaks": 2925, "Vaultborn Tyrant": 3267, "Tyrranax Rex_SB": 3149, "Worldsoul's Rage": 3415, "Escape Tunnel": 908, "Virtue of Strength": 3306, "Aetherize": 26, "Titania, Voice of Gaea_SB": 3068, "The Rollercrusher Ride_SB": 2975, "Elesh Norn, Mother of Machines": 852, "Thrun, Breaker of Silence_SB": 3040, "Burglar Rat": 367, "Psychic Whorl": 2210, "Painful Quandary": 2090, "Desecration Demon": 704, "Hidden Necropolis": 1396, "Rune-Scarred Demon": 2438, "Macabre Waltz": 1770, "Vampire Nighthawk": 3258, "Sphinx of Forgotten Lore": 2723, "Mindsplice Apparatus": 1857, "Temple of Deceit": 2906, "Hidden Cataract": 1393, "Halo Forager": 1312, "The Key to the Vault": 2959, "Bonehoard Dracosaur": 280, "Invasion of Tarkir": 1519, "Incinerator of the Guilty": 1464, "Rivaz of the Claw": 2392, "Tyrant of Kher Ridges": 3145, "Pyroclasm": 2220, "Dragonlord's Servant": 785, "Carnelian Orb of Dragonkind": 409, "Kolaghan Warmonger": 1631, "Push // Pull": 2216, "Push // Pull_SB": 2217, "Cathar Commando": 432, "Knight of Grace": 1624, "Elenda, Saint of Dusk_SB": 850, "Cynical Loner": 624, "Sire of Seven Deaths": 2623, "Urborg Scavengers": 3222, "Valgavoth's Lair": 3238, "Zetalpa, Primal Dawn": 3442, "Plumecreed Escort": 2165, "Ertai Resurrected_SB": 905, "Koma, World-Eater": 1634, "Gev, Scaled Scorch": 1168, "Laughing Jasper Flint": 1663, "Flamecache Gecko": 1062, "Thought-Stalker Warlock": 3010, "Mudflat Village": 1929, "Fireglass Mentor": 1056, "Ossification": 2051, "Annex Sentry": 80, "Skrelv's Hive": 2630, "White Sun's Twilight": 3383, "Phyrexian Vindicator": 2141, "Phyrexian Censor": 2132, "Volatile Fault": 3320, "Calamity's Wake_SB": 385, "Seal from Existence_SB": 2522, "Stasis Snare_SB": 2771, "Chrome Host Seedshark": 485, "Ichormoon Gauntlet": 1450, "Jace Reawakened": 1540, "Jin-Gitaxias": 1552, "Peculiar Lighthouse": 2109, "Temple of Epiphany": 2908, "Galvanize_SB": 1143, "Unholy Annex // Ritual Chamber_SB": 3184, "Tocasia's Welcome": 3074, "Vren, the Relentless": 3344, "Assassin's Trophy": 136, "Joint Exploration": 1559, "Titania's Command_SB": 3066, "Brineborn Cutthroat": 339, "Long River's Pull_SB": 1733, "Moment of Craving_SB": 1896, "Strangled Cemetery": 2809, "Molten Collapse_SB": 1890, "Sentinel of the Nameless City_SB": 2552, "Torch the Witness_SB": 3087, "Kaya, Intangible Slayer": 1585, "Pilfer_SB": 2151, "Aven Interrupter_SB": 156, "Archangel of Wrath_SB": 107, "Nullpriest of Oblivion": 2002, "Phyrexian Fleshgorger": 2135, "Terror Tide": 2923, "Chainsaw": 457, "Ozolith, the Shattered Spire": 2088, "Dazzling Denial": 645, "Dusk Rose Reliquary": 816, "Kellan, Daring Traveler": 1598, "Restless Prairie": 2360, "Teething Wurmlet": 2900, "Tough Cookie": 3091, "Honest Rutstein": 1420, "Inti, Seneschal of the Sun": 1493, "Malcolm, Alluring Scoundrel": 1791, "Marchesa, Dealer of Death": 1806, "Plaza of Heroes": 2164, "Rakdos Joins Up": 2256, "Relic of Legends": 2331, "Nashi, Searcher in the Dark_SB": 1951, "Fountainport_SB": 1109, "Long Goodbye_SB": 1731, "Shoot the Sheriff_SB": 2594, "Glass Casket_SB": 1211, "Sun-Blessed Healer": 2825, "Clifftop Lookout": 507, "Starfall Invocation": 2764, "Destroy Evil": 711, "Inspiration from Beyond": 1486, "Terramorphic Expanse": 2922, "Roxanne, Starfall Savant_SB": 2425, "Dreamdew Entrancer": 798, "Misery's Shadow_SB": 1872, "Realmbreaker, the Invasion Tree_SB": 2296, "The Eternal Wanderer_SB": 2945, "Invasion of Tolvada": 1522, "Grand Abolisher_SB": 1261, "Wail of the Forgotten": 3346, "Filter Out_SB": 1045, "Spellbook Vendor": 2718, "Hostile Investigator": 1430, "Case of the Stashed Skeleton_SB": 424, "Etali, Primal Conqueror": 917, "The Infamous Cruelclaw": 2954, "Case of the Filched Falcon": 416, "Leyline Axe": 1685, "Kutzil, Malamet Exemplar": 1652, "Rona's Vortex": 2415, "Swamp_SB": 2856, "Runic Shot": 2440, "Herald of Eternal Dawn_SB": 1375, "Sun-Blessed Healer_SB": 2826, "Scorching Shot": 2502, "Emberheart Challenger_SB": 869, "Rockface Village_SB": 2408, "Squee, Dubious Monarch_SB": 2753, "Monastery Mentor": 1902, "Seeker's Folly": 2542, "The Stone Brain_SB": 2984, "Requisition Raid_SB": 2346, "Aloe Alchemist": 53, "Cunning Coyote": 613, "Cease // Desist": 447, "Mortify": 1918, "Kutzil's Flanker_SB": 1651, "Soul Search_SB": 2691, "Thrun, Breaker of Silence": 3039, "Assimilation Aegis_SB": 139, "Serra Paragon": 2554, "Season of Gathering_SB": 2528, "The Cruelty of Gix_SB": 2937, "Valgavoth's Onslaught": 3239, "Coveted Falcon": 585, "Fallaji Archaeologist": 972, "Impulse": 1463, "Portent of Calamity": 2182, "Drag to the Bottom": 773, "Greed's Gambit_SB": 1274, "Archfiend of the Dross_SB": 111, "Stab": 2755, "Vinereap Mentor": 3292, "Broodspinner_SB": 353, "The Gitrog, Ravenous Ride_SB": 2949, "Collector's Cage": 521, "Toby, Beastie Befriender": 3072, "Ajani, Sleeper Agent_SB": 43, "Wear Down_SB": 3372, "Sanguine Evangelist": 2469, "Warleader's Call": 3358, "Serra Paragon_SB": 2555, "Mishra's Foundry": 1875, "Untimely Malfunction_SB": 3208, "Two-Headed Hunter": 3143, "Giant Growth": 1185, "Heartflame Duelist_SB": 1356, "Valley Questcaller": 3249, "Finneas, Ace Archer": 1053, "Seasoned Warrenguard": 2536, "Valley Mightcaller": 3248, "Surge of Salvation": 2844, "Hop to It": 1421, "Banner of Kinship": 181, "Lupinflower Village": 1761, "Razorlash Transmogrant_SB": 2289, "Wrenn and Realmbreaker": 3421, "Ferocification": 1031, "Axebane Ferox": 160, "Dragonhawk, Fate's Tempest": 784, "Pick Your Poison": 2144, "Sunspine Lynx": 2838, "Invasion of Amonkhet": 1504, "Dreadwing Scavenger": 797, "Massacre Wurm_SB": 1820, "Change the Equation": 467, "Amalia Benavides Aguirre": 55, "Raise the Past": 2253, "Enduring Tenacity_SB": 883, "Sheoldred": 2573, "Fear of Impostors_SB": 994, "Monstrous Emergence": 1909, "Invasion of Gobakhan": 1510, "The Wandering Rescuer": 2989, "Don't Make a Sound": 758, "Fiery Annihilation": 1041, "Tectonic Hazard_SB": 2899, "Make Your Own Luck": 1787, "Ancient Cornucopia": 68, "Omniscience": 2033, "Invasion of Arcavios": 1506, "Peerless Recycling_SB": 2111, "Beseech the Mirror_SB": 207, "Heroic Reinforcements_SB": 1390, "This Town Ain't Big Enough_SB": 3000, "Sleep-Cursed Faerie": 2656, "Faerie Dreamthief": 963, "Faerie Fencing": 964, "Ego Drain": 840, "Season of Loss": 2529, "Talion's Messenger_SB": 2886, "Blood Hustler": 245, "Deathcap Marionette": 659, "Eaten Alive": 832, "Fear of Being Hunted": 989, "Enduring Courage": 876, "Fell": 1024, "Jagged Barrens": 1545, "Bloodfell Caves": 250, "Third Path Iconoclast": 2995, "Reasonable Doubt": 2297, "Essence Scatter_SB": 915, "Wing Commando": 3397, "Stormcatch Mentor": 2802, "Elusive Otter": 862, "Painter's Studio // Defaced Gallery": 2094, "Parting Gust": 2100, "Misery's Shadow": 1871, "Obstinate Baloth_SB": 2017, "Corrupted Conviction": 573, "Furnace Reins": 1134, "Vengeful Bloodwitch": 3274, "Kiora, the Rising Tide_SB": 1613, "Rankle's Prank": 2273, "Bandit's Talent": 177, "Ruthless Negotiation": 2448, "Case of the Uneaten Feast": 425, "Haunted Screen": 1340, "Prayer of Binding": 2185, "Kaya, Spirits' Justice": 1587, "Unwanted Remake": 3209, "Cerebral Confiscation_SB": 454, "Feed the Cycle_SB": 1012, "Chimil, the Inner Sun_SB": 481, "Urborg Scavengers_SB": 3223, "Insatiable Avarice_SB": 1482, "Rona's Vortex_SB": 2416, "Bonny Pall, Clearcutter": 282, "Invasion of Zendikar": 1523, "River's Rebuke": 2393, "Tatyova, Benthic Druid": 2893, "River's Rebuke_SB": 2394, "Primeval Bounty_SB": 2192, "Azure Beastbinder_SB": 167, "Koma, World-Eater_SB": 1635, "Urza's Sylex": 3232, "Exorcise": 931, "Dollmaker's Shop // Porcelain Gallery": 756, "Union of the Third Path_SB": 3188, "Regal Caracal_SB": 2325, "Rush of Dread": 2442, "Throne of the Grim Captain": 3036, "Drana and Linvala_SB": 792, "Pest Control_SB": 2121, "The Kenriths' Royal Funeral_SB": 2958, "Nashi, Searcher in the Dark": 1950, "Saiba Cryptomancer": 2459, "Faebloom Trick_SB": 962, "Plains_SB": 2160, "Chimil, the Inner Sun": 480, "Disenchant_SB": 732, "Vren, the Relentless_SB": 3345, "Rat Out_SB": 2276, "Seized from Slumber_SB": 2547, "Patchwork Beastie": 2103, "Tyvar's Stand": 3151, "Zoetic Glyph_SB": 3447, "Regal Bunnicorn_SB": 2323, "Thornwood Falls": 3007, "Insidious Roots": 1485, "Defiled Crypt // Cadaver Lab": 683, "Coati Scavenger": 513, "Blanchwood Prowler": 228, "Cult Conscript": 611, "Osseous Sticktwister": 2050, "Skyfisher Spider": 2642, "Drag to the Roots": 774, "Jungle Hollow": 1565, "Deadly Brew": 649, "Confounding Riddle": 542, "Surgical Suite // Hospital Room": 2849, "Mischievous Pup": 1870, "Forlorn Flats": 1099, "Inspiring Overseer": 1488, "Hinterland Sanctifier_SB": 1409, "Cathar Commando_SB": 433, "Angel of Finality_SB": 72, "Fynn, the Fangbearer": 1136, "Infectious Bite": 1469, "Servant of the Stinger": 2558, "Ankle Biter": 79, "Bilious Skulldweller": 213, "Infectious Inquiry": 1471, "Feed the Infection": 1013, "Nimraiser Paladin": 1977, "The Hunter Maze": 2951, "The Dross Pits": 2938, "Urborg Repossession": 3220, "Soured Springs": 2703, "Spinewoods Armadillo": 2729, "Badlands Revival": 169, "Seize the Secrets": 2544, "Shroudstomper": 2603, "Copper Host Crusher": 559, "Bandit's Haul": 176, "Vinereap Mentor_SB": 3293, "Insidious Fungus_SB": 1484, "Rogue's Passage": 2410, "Rugged Highlands": 2430, "Thrashing Brontodon": 3022, "Giant Cindermaw": 1183, "Belligerent Yearling": 205, "Scytheclaw Raptor": 2517, "Triumphant Chomp": 3117, "Colossadactyl": 527, "Earthshaker Dreadmaw": 830, "Ixalli's Lorekeeper": 1536, "Itzquinth, Firstborn of Gishath": 1532, "Bristling Backwoods": 345, "Armored Kincaller_SB": 125, "Fanatical Firebrand": 975, "Hellspur Brute": 1367, "Vial Smasher, Gleeful Grenadier": 3286, "At Knifepoint": 142, "Abrade": 4, "Mourner's Surprise_SB": 1926, "Caught in the Crossfire_SB": 435, "Scales of Shale_SB": 2489, "Wardens of the Cycle": 3355, "Kraul Whipcracker": 1640, "Binding Negotiation_SB": 215, "Demolition Field_SB": 691, "Keen-Eyed Curator_SB": 1593, "Unflinching Courage": 3179, "Overlord of the Mistmoors_SB": 2077, "Sanguine Evangelist_SB": 2470, "Virtue of Loyalty_SB": 3303, "Clay-Fired Bricks": 505, "Sandstorm Salvager": 2466, "Dreamdew Entrancer_SB": 799, "Aven Interrupter": 155, "Errant and Giada": 902, "Werefox Bodyguard": 3377, "Plumecreed Escort_SB": 2166, "Candy Trail": 397, "Massacre Wurm": 1819, "The Enigma Jewel": 2943, "Sheoldred_SB": 2578, "Felidar Retreat_SB": 1022, "Autonomous Assembler": 154, "Etali's Favor": 916, "Geological Appraiser": 1159, "Quintorius Kand": 2233, "Caretaker's Talent_SB": 408, "Luminous Rebuke_SB": 1756, "Hired Claw_SB": 1411, "Stalactite Stalker": 2759, "Rottenmouth Viper_SB": 2423, "Temple of Triumph": 2914, "Kayla's Command_SB": 1589, "Starfall Invocation_SB": 2765, "Spell Stutter_SB": 2717, "Thought-Stalker Warlock_SB": 3011, "Spinner of Souls_SB": 2733, "Mabel, Heir to Cragflame": 1768, "Pawpatch Recruit_SB": 2107, "Bitter Reunion_SB": 221, "Jace Reawakened_SB": 1541, "Rat Out": 2275, "Planar Disruption_SB": 2162, "Shrouded Shepherd_SB": 2602, "Callous Sell-Sword_SB": 392, "Demonic Counsel_SB": 693, "Youthful Valkyrie": 3436, "Exemplar of Light": 929, "Lyra Dawnbringer": 1764, "Giada, Font of Hope": 1181, "Archangel of Tithes_SB": 105, "Warleader's Call_SB": 3359, "Anointed Peacekeeper": 90, "Recruitment Officer": 2309, "Phyrexian Censor_SB": 2133, "Dollmaker's Shop && Porcelain Gallery": 755, "Urgent Necropsy_SB": 3228, "The Swarmweaver": 2986, "The Elder Dragon War": 2939, "Gisa, the Hellraiser_SB": 1196, "Restless Ridgeline_SB": 2364, "Magebane Lizard_SB": 1777, "Herbology Instructor": 1378, "Flowerfoot Swordmaster": 1084, "Restless Bivouac_SB": 2357, "Kami of Whispered Hopes": 1576, "Fauna Shaman": 984, "Diabolic Intent": 722, "Tyvar, Jubilant Brawler": 3153, "Lively Dirge_SB": 1719, "Cruel Somnophage": 596, "Molten Duplication": 1891, "Get Out_SB": 1165, "Blossoming Tortoise": 265, "Cityscape Leveler": 493, "Titania's Command": 3065, "Blast Zone": 231, "Cavernous Maw": 445, "Forgotten Monument": 1098, "Lord Skitter, Sewer King_SB": 1745, "Haywire Mite": 1342, "Rubblebelt Maverick": 2428, "Scorn-Blade Berserker": 2504, "Snarling Gorehound": 2675, "Imperious Perfect_SB": 1461, "Sandstorm Salvager_SB": 2467, "Tough Cookie_SB": 3092, "Urborg Repossession_SB": 3221, "Archdruid's Charm": 108, "The Rollercrusher Ride": 2974, "Skrelv's Hive_SB": 2631, "Withering Torment": 3409, "Osteomancer Adept": 2053, "Curious Forager": 617, "Thornvault Forager": 3006, "The Mycotyrant": 2969, "Sporogenic Infection_SB": 2745, "Agatha's Soul Cauldron_SB": 32, "Huskburster Swarm_SB": 1445, "Grievous Wound": 1283, "Torpor Orb_SB": 3090, "Funeral Room // Awakening Hall_SB": 1130, "Rise of the Dark Realms_SB": 2385, "Seize the Spoils": 2545, "Ichor Drinker": 1449, "Hungry Ghoul": 1438, "Cemetery Recruitment": 450, "Diregraf Ghoul": 727, "Skeleton Archer": 2625, "Sanguine Syphoner": 2471, "Mephitic Draught": 1839, "Not Dead After All": 1995, "Murder": 1935, "Canonized in Blood": 400, "Vampiric Rites": 3261, "Moment of Craving": 1895, "Offer Immortality": 2020, "Valley Rotcaller": 3250, "Scales of Shale": 2488, "Temple of Enlightenment": 2907, "Ezrim, Agency Chief_SB": 953, "Urza, Lord Protector": 3234, "Valkyrie's Call_SB": 3244, "Fumigate_SB": 1128, "Coppercoat Vanguard": 560, "Harbin, Vanguard Aviator": 1318, "Valiant Veteran": 3243, "Zephyr Sentinel": 3439, "Skystrike Officer": 2650, "Fortified Beachhead": 1101, "Raise the Past_SB": 2254, "Raucous Carnival_SB": 2281, "Take Up the Shield_SB": 2881, "Unidentified Hovership_SB": 3186, "Gingerbrute": 1193, "Song of Totentanz_SB": 2682, "Vadmir, New Blood": 3235, "Arabella, Abandoned Doll_SB": 94, "Painter's Studio && Defaced Gallery_SB": 2093, "Doorkeeper Thrull_SB": 762, "Tinybones, the Pickpocket_SB": 3061, "Pond Prophet": 2176, "Splash Portal": 2738, "Temple of Mystery": 2911, "Timely Interference": 3054, "Vesuvan Duplimancy": 3281, "Dive Down_SB": 750, "Scrawling Crawler_SB": 2510, "Gnawing Vermin": 1230, "Hollow Marauder": 1415, "Huskburster Swarm": 1444, "Overwhelming Remorse": 2082, "Stubborn Burrowfiend": 2817, "Writhing Necromass": 3426, "Dryad Militant_SB": 809, "Subterranean Schooner_SB": 2820, "Mockingbird_SB": 1885, "Chandra, Hope's Beacon_SB": 462, "Bristlebud Farmer": 343, "Charred Foyer && Warped Space_SB": 475, "Virtue of Courage_SB": 3299, "Goddric, Cloaked Reveler": 1242, "Joust Through": 1561, "Akawalli, the Seething Tower": 46, "Absolving Lammasu_SB": 7, "Dollmaker's Shop // Porcelain Gallery_SB": 757, "Think Twice": 2993, "Micromancer_SB": 1849, "Coruscation Mage_SB": 577, "Fade from History_SB": 958, "Bruse Tarl, Roving Rancher": 356, "Fblthp, Lost on the Range": 986, "Weakstone's Subjugation": 3369, "Fblthp, Lost on the Range_SB": 987, "Proft's Eidetic Memory_SB": 2199, "Weakstone's Subjugation_SB": 3370, "Bottomless Pool && Locker Room": 299, "Fear of Isolation": 997, "Tithing Blade_SB": 3070, "Hidetsugu's Second Rite_SB": 1403, "The Swarmweaver_SB": 2987, "Werefox Bodyguard_SB": 3378, "Boon-Bringer Valkyrie": 288, "Imodane's Recruiter_SB": 1457, "Invasion of Karsus_SB": 1515, "Mirror Room && Fractured Realm_SB": 1866, "Sword of Wealth and Power_SB": 2867, "Wildfire Howl_SB": 3388, "Zurgo and Ojutai_SB": 3457, "Ethereal Armor_SB": 923, "Halo Forager_SB": 1313, "Mabel, Heir to Cragflame_SB": 1769, "Kitesail Larcenist": 1616, "Essence Scatter": 914, "Soulstone Sanctuary_SB": 2702, "Ballyrush Banneret": 172, "Myrel, Shield of Argive_SB": 1943, "Siege Veteran_SB": 2605, "Steel Seraph_SB": 2782, "Ezrim, Agency Chief": 952, "Karn, Living Legacy": 1580, "Metropolis Reformer": 1846, "Omnivorous Flytrap": 2034, "Krenko's Buzzcrusher_SB": 1644, "Silverback Elder_SB": 2614, "Kellan, Inquisitive Prodigy": 1599, "Roaring Furnace // Steaming Sauna_SB": 2405, "Blood Spatter Analysis": 247, "Final Vengeance_SB": 1050, "Witch's Mark": 3405, "Kitsa, Otterball Elite": 1619, "The Witch's Vanity": 2991, "Greed's Gambit": 1273, "Urborg Lhurgoyf": 3219, "Hidden Grotto": 1395, "Rundvelt Hordemaster": 2436, "Breeches, Eager Pillager": 333, "Squee, Dubious Monarch": 2752, "Krenko, Mob Boss": 1646, "Venerated Rotpriest": 3272, "Branchblight Stalker": 316, "Ichorspit Basilisk": 1451, "Maze's Mantle": 1824, "Viral Spawning": 3296, "Plague Nurse": 2158, "Venomous Brutalizer": 3278, "Tyrranax Atrocity": 3147, "Goliath Hatchery": 1250, "Paladin of Predation": 2096, "Tyrranax Rex": 3148, "Serum Snare": 2556, "Tainted Observer": 2879, "Experimental Augury": 936, "Thrummingbird": 3038, "Mesmerizing Dose": 1841, "Reject Imperfection": 2329, "Gitaxian Anatomist": 1197, "Vivisurgeon's Insight": 3312, "Lakeside Shack": 1657, "Simic Guildgate": 2617, "Tangled Islet": 2889, "Meat Locker // Drowned Diner": 1827, "Archangel of Tithes": 104, "Sigarda, Font of Blessings": 2607, "Angelic Intervention": 74, "Awaken the Woods": 159, "Rampaging Baloths": 2267, "Portal to Phyrexia": 2180, "Omenpath Journey": 2032, "Poison Dart Frog": 2168, "Long Goodbye": 1730, "Break the Spell_SB": 332, "Migloz, Maze Crusher_SB": 1853, "Aetherize_SB": 27, "Under the Skin": 3167, "Seraphic Steed": 2553, "Hulking Raptor": 1437, "Vorinclex": 3333, "Cavern of Souls_SB": 444, "Goldvein Hydra_SB": 1247, "Meticulous Excavation_SB": 1845, "Cheeky House-Mouse": 478, "Rabid Gnaw": 2237, "Raging Battle Mouse": 2251, "Loran's Escape_SB": 1742, "The Witch's Vanity_SB": 2992, "Ill-Timed Explosion_SB": 1454, "Zoraline, Cosmos Caller_SB": 3451, "Teferi, Temporal Pilgrim_SB": 2902, "Lay Down Arms_SB": 1669, "Betrayer's Bargain": 209, "Undead Sprinter_SB": 3166, "Murky Sewer": 1938, "Deeproot Pilgrimage": 672, "Deeproot Wayfinder": 673, "Mistway Spy": 1881, "Vodalian Hexcatcher": 3314, "Realmbreaker, the Invasion Tree": 2295, "Metropolis Reformer_SB": 1847, "Seeker's Folly_SB": 2543, "Might of the Meek_SB": 1852, "Doomsday Excruciator_SB": 761, "Pia Nalaar, Consul of Revival": 2143, "Invasion of Kaldheim": 1514, "Heartflame Duelist": 1355, "Norn's Inquisitor": 1993, "Crystal Grotto": 610, "Sunder the Gateway_SB": 2830, "Bottomless Pool // Locker Room": 301, "Getaway Glamer_SB": 1167, "Viashino Pyromancer": 3288, "Vraska Joins Up": 3338, "Bloated Contaminator": 242, "Darkstar Augur": 634, "Necrogen Communion": 1954, "Thirsting Roots_SB": 2998, "Vraska, Betrayal's Sting_SB": 3342, "Jodah, the Unifier": 1555, "Myrel, Shield of Argive": 1942, "Hajar, Loyal Bodyguard": 1305, "Halana and Alena, Partners": 1307, "Inga and Esika": 1475, "Gwenna, Eyes of Gaea": 1304, "Jirina, Dauntless General": 1553, "Melira, the Living Cure": 1833, "Hajar, Loyal Bodyguard_SB": 1306, "Etali, Primal Conqueror_SB": 918, "Elesh Norn_SB": 854, "Surrak and Goreclaw_SB": 2852, "Fear of Impostors": 993, "Defabricate_SB": 675, "Twist Reality_SB": 3137, "Guardian of New Benalia": 1297, "Pest Control": 2120, "Heraldic Banner": 1376, "Gatekeeper of Malakir": 1153, "Heraldic Banner_SB": 1377, "Defiled Crypt // Cadaver Lab_SB": 684, "Karn's Sylex_SB": 1579, "Spellgyre": 2719, "Curate": 615, "Ephara's Dispersal": 897, "Arahbo, the First Fang": 96, "The Stone Brain": 2983, "Decadent Dragon_SB": 664, "Vein Ripper": 3270, "Viashino Pyromancer_SB": 3289, "Aegis Turtle": 21, "Enter the Enigma": 893, "Venerated Rotpriest_SB": 3273, "Ivy, Gleeful Spellthief_SB": 1535, "Jaya, Fiery Negotiator": 1547, "Lightning Strike_SB": 1704, "Rite of the Dragoncaller": 2389, "Grabby Giant": 1257, "Horned Loch-Whale_SB": 1427, "Feldon's Cane_SB": 1017, "Pugnacious Hammerskull": 2212, "Dragon Fodder": 776, "Goblin Surprise": 1241, "Sword of Once and Future": 2864, "Gisa, the Hellraiser": 1195, "Seal from Existence": 2521, "Battlefly Swarm": 196, "Broodspinner": 352, "Green Sun's Twilight": 1276, "Solemn Simulacrum": 2678, "Ghalta, Stampede Tyrant": 1172, "Invasion of Amonkhet_SB": 1505, "Beastie Beatdown": 198, "Annie Joins Up": 83, "Huatli, Poet of Unity": 1434, "Fortune, Loyal Steed": 1103, "Conduit Pylons": 539, "Maha, Its Feathers Night_SB": 1785, "Thalia and The Gitrog Monster": 2931, "Surgical Suite && Hospital Room_SB": 2848, "Silver Scrutiny": 2612, "Island_SB": 1531, "Dissection Tools": 742, "Entity Tracker_SB": 896, "Glarb, Calamity's Augur": 1208, "Insidious Fungus": 1483, "Muldrotha, the Gravetide": 1932, "Rebel Salvo_SB": 2299, "Aether Channeler": 23, "Turn Inside Out_SB": 3129, "Defiled Crypt && Cadaver Lab": 681, "Exuberant Fuseling": 951, "Overlord of the Balemurk_SB": 2069, "Thundertrap Trainer_SB": 3049, "Abuelo's Awakening": 8, "Kitsa, Otterball Elite_SB": 1620, "Rona, Herald of Invasion_SB": 2418, "Season of Weaving_SB": 2532, "Unnerving Grasp_SB": 3195, "Fear of Surveillance": 1002, "Ruin-Lurker Bat": 2431, "Wilt-Leaf Liege_SB": 3393, "Tender Wildguide": 2919, "Painter's Studio // Defaced Gallery_SB": 2095, "Grand Entryway // Elegant Rotunda": 1263, "Skrelv, Defector Mite_SB": 2633, "Palani's Hatcher": 2097, "Temple of Abandon": 2905, "Blasphemous Edict_SB": 230, "Insatiable Avarice": 1481, "Ashiok, Wicked Manipulator": 132, "Sawblade Skinripper": 2480, "Agrus Kos, Spirit of Justice": 36, "Muerra, Trash Tactician": 1930, "Kellan's Lightblades_SB": 1597, "Squirming Emergence": 2754, "Undead Sprinter": 3165, "At Knifepoint_SB": 143, "Monstrous Rage_SB": 1912, "Lunar Convocation": 1758, "Unwanted Remake_SB": 3210, "Smuggler's Surprise_SB": 2671, "Distorted Curiosity": 744, "Whisper of the Dross": 3381, "Drown in Ichor": 805, "Prologue to Phyresis": 2203, "Vraska's Fall_SB": 3340, "Bottomless Pool // Locker Room_SB": 302, "The Princess Takes Flight_SB": 2971, "Anim Pakal, Thousandth Moon_SB": 77, "Blasphemous Edict": 229, "Mechanized Warfare": 1830, "Adaptive Automaton": 17, "Three Tree Mascot": 3031, "Cankerbloom_SB": 399, "Terror Tide_SB": 2924, "Hauntwoods Shrieker": 1341, "Mischievous Mystic": 1869, "Twitching Doll": 3141, "Zul Ashur, Lich Lord": 3453, "Garruk's Uprising": 1145, "Defiler of Flesh": 686, "Kraul Whipcracker_SB": 1641, "High Noon": 1404, "Restless Reef_SB": 2362, "The Seedcore": 2976, "Lost Jitte": 1746, "Darkstar Augur_SB": 635, "Dreadmaw's Ire": 795, "Felonious Rage": 1027, "Case of the Gateway Express_SB": 418, "Kambal, Profiteering Mayor": 1574, "Kambal, Profiteering Mayor_SB": 1575, "Kaya, Spirits' Justice_SB": 1588, "Oko, the Ringleader_SB": 2027, "Ivy, Gleeful Spellthief": 1534, "Invasion of Theros": 1521, "Annie Flash, the Veteran_SB": 82, "Jirina, Dauntless General_SB": 1554, "Defiled Crypt && Cadaver Lab_SB": 682, "Dust Animus_SB": 819, "Crumb and Get It": 599, "Slaughter Singer": 2653, "Jawbone Duelist": 1546, "Getaway Glamer": 1166, "Crawling Chorus": 592, "Fleeting Flight_SB": 1071, "Trash the Town_SB": 3106, "Bulk Up": 362, "Pugnacious Hammerskull_SB": 2213, "Lifecreed Duo": 1698, "Quick Draw_SB": 2231, "Kona, Rescue Beastie": 1636, "Time Stop": 3051, "Prophetic Prism": 2205, "Wishclaw Talisman_SB": 3403, "Coveted Falcon_SB": 586, "Cultivator's Caravan": 612, "Scene of the Crime": 2499, "Swooping Lookout": 2861, "Long River's Pull": 1732, "Abraded Bluffs": 6, "Blooming Blast": 260, "Combat Research": 532, "Recruitment Officer_SB": 2310, "Conspiracy Unraveler": 548, "Matzalantli, the Great Door": 1821, "Reenact the Crime": 2318, "Demonic Ruckus_SB": 699, "Impact Tremors_SB": 1459, "Coiling Rebirth": 515, "One with the Multiverse": 2036, "Walk with the Ancestors": 3347, "Meathook Massacre II_SB": 1829, "Anim Pakal, Thousandth Moon": 76, "Thundering Falls_SB": 3045, "Razorkin Needlehead": 2286, "Razorkin Needlehead_SB": 2287, "Highway Robbery_SB": 1407, "Dreadmaw's Ire_SB": 796, "Smash to Dust_SB": 2666, "Intrepid Paleontologist": 1501, "Bolt Bend_SB": 273, "Shipwreck Dowser": 2582, "Disturbing Conversion": 746, "Eerie Interference_SB": 839, "Builder's Talent_SB": 361, "Abuelo's Awakening_SB": 9, "Surge Engine": 2842, "Repulsive Mutation": 2342, "Sylvan Scavenging_SB": 2870, "Black Sun's Twilight": 224, "Ghost Vacuum": 1177, "Bloodletter of Aclazotz_SB": 254, "Wishclaw Talisman": 3402, "Vaultborn Tyrant_SB": 3268, "Feldon's Cane": 1016, "Treasure Map": 3109, "Neutralize the Guards": 1965, "Ayli, Eternal Pilgrim": 163, "Ball Lightning": 171, "Overlord of the Boilerbilges_SB": 2071, "Founding the Third Path_SB": 1105, "Satoru, the Infiltrator": 2476, "Wilt-Leaf Liege": 3392, "Gumdrop Poisoner_SB": 1303, "Charge of the Mites": 471, "Expel the Interlopers": 934, "Annex Sentry_SB": 81, "Vraska, the Silencer": 3343, "Binding Negotiation": 214, "Kaervek, the Punisher": 1566, "Obstinate Baloth": 2016, "Bramble Familiar": 312, "Felonious Rage_SB": 1028, "Sphinx of the Final Word_SB": 2725, "Homicide Investigator_SB": 1419, "Rip, Spawn Hunter": 2382, "Etched Cornfield": 920, "Pillage the Bog_SB": 2153, "Bartolom\u00e9 del Presidio": 188, "Funeral Room // Awakening Hall": 1129, "Market Gnome": 1810, "Nezumi Linkbreaker": 1971, "Outlaw Medic": 2060, "Legion Extruder": 1675, "Thousand Moons Smithy_SB": 3015, "Blightbelly Rat": 239, "Unnatural Restoration": 3192, "Whisper of the Dross_SB": 3382, "Overprotect_SB": 2079, "Carnivorous Canopy_SB": 410, "Fecund Greenshell": 1009, "Dawn's Truce_SB": 639, "Gleaming Geardrake": 1216, "Dowsing Device": 768, "Demand Answers": 689, "Syr Ginger, the Meal Ender": 2873, "The Mycosynth Gardens": 2968, "Saheeli, Filigree Master": 2457, "Saheeli, Filigree Master_SB": 2458, "Sire of Seven Deaths_SB": 2624, "The Tale of Tamiyo": 2988, "Contaminated Aquifer": 552, "The Surgical Bay": 2985, "Case of the Ransacked Lab": 422, "Ertai's Scorn_SB": 907, "Scrawling Crawler": 2509, "Final Showdown_SB": 1048, "Hollow Scavenger": 1417, "Genesis Wave": 1158, "Archdruid's Charm_SB": 109, "Boros Charm_SB": 292, "Gaea's Gift": 1138, "Trash the Town": 3105, "Witness Protection_SB": 3412, "Banishing Light_SB": 180, "Imprisoned in the Moon_SB": 1462, "Inquisitive Glimmer_SB": 1480, "Refute_SB": 2321, "Hugs, Grisly Guardian": 1435, "Kogla and Yidaro": 1629, "Persistent Marshstalker": 2119, "Karumonix, the Rat King": 1584, "Lilypad Village": 1711, "Argentum Masticore": 117, "Hedron Archive": 1362, "Hall of Tagsin": 1310, "Tomakul Honor Guard": 3080, "Argentum Masticore_SB": 118, "Choking Miasma": 483, "Buried in the Garden": 368, "Polukranos Reborn": 2174, "Bite Down": 218, "Bite Down_SB": 219, "Untimely Malfunction": 3207, "Niv-Mizzet, Supreme": 1982, "Blazing Crescendo_SB": 235, "Captain Storm, Cosmium Raider": 404, "Corsair Captain": 575, "Malcolm, the Eyes": 1793, "Staunch Crewmate": 2775, "Lost Jitte_SB": 1747, "Lonely Arroyo": 1729, "The Millennium Calendar_SB": 2966, "Ruin-Lurker Bat_SB": 2432, "Leonin Vanguard_SB": 1682, "Veteran Survivor_SB": 3284, "Ral's Reinforcements": 2263, "Corrupted Conviction_SB": 574, "Deadly Brew_SB": 650, "Lich-Knights' Conquest": 1696, "Greta, Sweettooth Scourge": 1282, "Sweettooth Witch": 2857, "Experimental Confectioner": 937, "Mintstrosity": 1861, "Scream Puff": 2511, "Gingerbread Hunter": 1192, "Back for Seconds": 168, "Spider Food": 2726, "Feed the Cauldron": 1010, "Return from the Wilds": 2374, "Savor": 2479, "Three Bowls of Porridge": 3027, "Eriette's Tempting Apple": 900, "Not Dead After All_SB": 1996, "Sugar Rush_SB": 2822, "Candy Grapple_SB": 396, "Fell_SB": 1025, "Murder_SB": 1936, "Cheeky House-Mouse_SB": 479, "Burrowguard Mentor": 374, "Dryad Militant": 808, "Trostani, Three Whispers": 3120, "Oakhollow Village": 2008, "Pollen-Shield Hare": 2170, "Kutzil, Malamet Exemplar_SB": 1653, "Necrogen Rotpriest": 1955, "Contagious Vorrac": 551, "Armored Scrapgorger_SB": 127, "Forest_SB": 1096, "Invasion of Fiora_SB": 1509, "An Offer You Can't Refuse": 61, "Malcolm, Alluring Scoundrel_SB": 1792, "The Monumental Facade": 2967, "Solphim, Mayhem Dominus": 2680, "Sardian Cliffstomper": 2472, "Magmatic Sprinter": 1781, "Churning Reservoir": 487, "Sardian Cliffstomper_SB": 2473, "Monastery Swiftspear_SB": 1906, "Magmatic Sprinter_SB": 1782, "Churning Reservoir_SB": 488, "Zoyowa's Justice": 3452, "Trial of Agony": 3112, "Ojer Axonil, Deepest Might": 2023, "Generous Plunderer": 1157, "Brazen Collector": 323, "Firebrand Archer": 1054, "Leyline of Resonance_SB": 1689, "Ancestors' Aid_SB": 67, "Slickshot Show-Off_SB": 2664, "Gaea's Gift_SB": 1139, "Give In to Violence_SB": 1199, "Cityscape Leveler_SB": 494, "Nahiri's Resolve_SB": 1946, "Scrapwork Mutt": 2508, "Abandoned Campground": 1, "Braids, Arisen Nightmare_SB": 310, "Obyra, Dreaming Duelist": 2018, "Repel Calamity_SB": 2341, "Delney, Streetwise Lookout": 687, "Hare Apparent": 1326, "No Witnesses": 1988, "Stroke of Midnight": 2814, "Impact Tremors": 1458, "Pile On": 2148, "Call a Surprise Witness": 390, "Giant Cindermaw_SB": 1184, "Micromancer": 1848, "Ygra, Eater of All": 3432, "Maha, Its Feathers Night": 1784, "Massacre Girl, Known Killer": 1817, "Daggerfang Duo": 626, "Moonstone Harbinger": 1917, "Pestilent Syphoner": 2122, "Hoarding Recluse": 1414, "Deathbloom Gardener": 658, "Drown in Ichor_SB": 806, "Ghired, Mirror of the Wilds": 1173, "Bloodfeather Phoenix": 248, "Rakdos, the Muscle": 2259, "Rakdos, the Muscle_SB": 2260, "Rakdos Joins Up_SB": 2257, "Massacre Girl, Known Killer_SB": 1818, "Unyielding Gatekeeper": 3211, "Ghalta and Mavren": 1169, "Progenitus": 2201, "Manifest Dread": 1798, "Hide in Plain Sight": 1399, "Threats Around Every Corner": 3024, "Crystal Barricade": 608, "Green Sun's Twilight_SB": 1277, "Witness Protection": 3411, "Oblivious Bookworm": 2014, "Growing Dread": 1289, "Bubble Smuggler": 359, "Cryptid Inspector": 607, "Exit Specialist": 930, "Cursed Windbreaker": 620, "Break Down the Door": 328, "Surrak and Goreclaw": 2851, "Hard-Hitting Question_SB": 1324, "Polukranos Reborn_SB": 2175, "Hazardroot Herbalist": 1344, "Rabbit Response": 2235, "Treeguard Duo": 3110, "Uncharted Haven": 3163, "Warren Elder": 3360, "Head of the Homestead": 1348, "Head of the Homestead_SB": 1349, "Grab the Prize_SB": 1256, "Stroke of Midnight_SB": 2815, "Slagstorm": 2651, "Valley Flamecaller": 3245, "Dragonmaster Outcast": 786, "Magda, the Hoardmaster": 1775, "Tinybones, Bauble Burglar": 3058, "Hellspur Posse Boss": 1369, "Hellspur Brute_SB": 1368, "Cynical Loner_SB": 625, "Astor, Bearer of Blades": 140, "Bladehold War-Whip": 227, "Kellan, the Fae-Blooded": 1603, "Kemba, Kha Enduring": 1604, "Rebel Salvo": 2298, "Swiftfoot Boots": 2858, "Sword of Forge and Frontier": 2862, "Astor, Bearer of Blades_SB": 141, "Hidetsugu and Kairi": 1401, "Consuming Aberration": 550, "Knight of Dusk's Shadow": 1622, "Soul-Guide Lantern": 2693, "No One Left Behind_SB": 1987, "Dusk Legion Duelist": 815, "Stocking the Pantry": 2791, "Botanical Brawler": 297, "Tribute to the World Tree": 3114, "Railway Brawler": 2252, "Collector's Cage_SB": 522, "Patchwork Banner": 2102, "Hop to It_SB": 1422, "Evolved Sleeper": 926, "Friendly Teddy": 1115, "Rankle's Prank_SB": 2274, "Consumed by Greed_SB": 549, "Desperate Bloodseeker": 707, "Rampaging Spiketail": 2270, "Barkform Harvester": 185, "Guardian of Ghirapur": 1296, "Fae Flight_SB": 960, "Phoenix Chick": 2128, "Rush of Dread_SB": 2443, "Kitesail Larcenist_SB": 1617, "Magebane Lizard": 1776, "Ravine Raider": 2284, "Final Flourish_SB": 1046, "Time Stop_SB": 3052, "Unnatural Restoration_SB": 3193, "Infectious Inquiry_SB": 1472, "Volcanic Spite": 3322, "Grab the Prize": 1255, "Taii Wakeen, Perfect Shot": 2875, "Unruly Catapult": 3196, "Glassworks // Shattered Yard_SB": 1213, "Samut, Vizier of Naktamun": 2463, "Rakdos Guildgate": 2255, "Izzet Guildgate": 1539, "Selesnya Guildgate": 2548, "Orzhov Guildgate": 2048, "Gruul Guildgate": 1292, "Boros Guildgate": 294, "Azorius Guildgate": 165, "Dimir Guildgate": 724, "Golgari Guildgate": 1249, "Maze's End": 1823, "Circuitous Route": 491, "Expedition Map": 933, "Dust Animus": 818, "Tribute to the World Tree_SB": 3115, "Hulking Metamorph": 1436, "Rest in Peace": 2352, "Surge Engine_SB": 2843, "Fake Your Own Death": 971, "Invasion of Ergamon": 1508, "Break Out_SB": 330, "Beastie Beatdown_SB": 199, "Ego Drain_SB": 841, "Hearthborn Battler_SB": 1360, "Vengeful Possession": 3275, "Rabid Gnaw_SB": 2238, "Repair and Recharge": 2340, "Step Between Worlds_SB": 2783, "Hexgold Halberd": 1392, "Sporogenic Infection": 2744, "Skyfisher Spider_SB": 2643, "Kroxa and Kunoros": 1647, "Festerleech": 1034, "Fallaji Archaeologist_SB": 973, "The Wandering Rescuer_SB": 2990, "Oracle of Tragedy": 2042, "Tarrian's Journal": 2891, "Felidar Cub": 1019, "Knight-Errant of Eos_SB": 1627, "Dusk Rose Reliquary_SB": 817, "Ruthless Lawbringer_SB": 2447, "Felidar Cub_SB": 1020, "Worldwalker Helm": 3416, "Torch the Witness": 3086, "Detective's Satchel": 714, "Forensic Gadgeteer_SB": 1093, "Ice Out_SB": 1448, "Banishing Light": 179, "Evolving Adaptive": 927, "Garruk's Uprising_SB": 1146, "Unauthorized Exit": 3161, "Let's Play a Game_SB": 1684, "Chart a Course_SB": 477, "Johann's Stopgap_SB": 1557, "Flow of Knowledge_SB": 1083, "Roaming Throne_SB": 2400, "Quintorius Kand_SB": 2234, "Soul Search": 2690, "Surgical Suite && Hospital Room": 2847, "Razorlash Transmogrant": 2288, "Shrouded Shepherd": 2601, "Wandertale Mentor": 3349, "Vodalian Mindsinger_SB": 3315, "Llanowar Elves_SB": 1722, "Bonehoard Dracosaur_SB": 281, "Norin, Swift Survivalist": 1991, "Trapped in the Screen": 3103, "Ragged Playmate": 2249, "Trapped in the Screen_SB": 3104, "Ragged Playmate_SB": 2250, "Norin, Swift Survivalist_SB": 1992, "Splitskin Doll_SB": 2743, "Fear of Surveillance_SB": 1003, "Grand Entryway // Elegant Rotunda_SB": 1264, "Zurgo and Ojutai": 3456, "Dead Weight_SB": 648, "Fleeting Flight": 1070, "Take for a Ride_SB": 2882, "Boltwave_SB": 275, "Mosswood Dreadknight_SB": 1923, "Think Twice_SB": 2994, "Enduring Courage_SB": 877, "War Squeak_SB": 3352, "Spirebluff Canal_SB": 2735, "Chandra, Flameshaper_SB": 460, "Blazing Crescendo": 234, "Ajani, Sleeper Agent": 42, "Fumigate": 1127, "Great Train Heist": 1272, "Glimmerlight": 1219, "Fiendish Panda": 1038, "Ashnod's Harvester": 134, "Warhost's Frenzy": 3357, "Geralf, the Fleshwright": 1160, "Geralf, the Fleshwright_SB": 1161, "Claim Jumper_SB": 497, "Mirrex_SB": 1865, "Tectonic Hazard": 2898, "Vampire Gourmand": 3256, "Vraan, Executioner Thane": 3337, "Eaten Alive_SB": 833, "Wojek Investigator": 3413, "Rustler Rampage": 2444, "Recommission_SB": 2308, "Heroic Reinforcements": 1389, "Searslicer Goblin_SB": 2526, "Lost in the Maze_SB": 1749, "Stormchaser's Talent_SB": 2804, "Phyrexian Missionary": 2137, "Case of the Locked Hothouse_SB": 420, "Cactarantula": 382, "Stromkirk Noble": 2816, "Ojer Pakpatiq, Deepest Epoch": 2024, "Disturbing Conversion_SB": 747, "Enduring Vitality_SB": 885, "Koth, Fire of Resistance": 1638, "Lithomantic Barrage": 1715, "Audience with Trostani_SB": 148, "Leyline of the Void": 1693, "Sentinel of Lost Lore": 2549, "Wylie Duke, Atiin Hero": 3427, "Defiler of Dreams_SB": 685, "Stoke the Flames": 2796, "Omen Hawker": 2029, "Virtue of Knowledge": 3300, "Valgavoth's Onslaught_SB": 3240, "Kutzil's Flanker": 1650, "Extraordinary Journey": 949, "Gold Pan": 1244, "Extraordinary Journey_SB": 950, "Nurturing Pixie_SB": 2005, "Pearl of Wisdom": 2108, "Moonshaker Cavalry": 1915, "Fear of Lost Teeth": 999, "Horrid Vigor": 1428, "Flesh Burrower": 1072, "Let's Play a Game": 1683, "Winter's Intervention": 3398, "Grasping Longneck": 1265, "Wickerfolk Thresher": 3385, "Cackling Slasher": 380, "Fear of the Dark": 1004, "Balemurk Leech": 170, "Give In to Violence": 1198, "Innocuous Rat": 1478, "Bashful Beastie": 190, "Defiant Survivor": 679, "Meathook Massacre II": 1828, "Vile Mutilator": 3291, "Analyze the Pollen_SB": 65, "Corpses of the Lost_SB": 569, "Mistbreath Elder": 1877, "Bushwhack_SB": 378, "Mistbreath Elder_SB": 1878, "Realmbreaker's Grasp_SB": 2294, "Treeguard Duo_SB": 3111, "Stickytongue Sentinel_SB": 2787, "Sunshower Druid_SB": 2837, "Tumbleweed Rising_SB": 3123, "Polliwallop_SB": 2172, "Leyline of Transformation": 1691, "Saheeli's Lattice": 2456, "Hopeless Nightmare_SB": 1425, "Thrill of Possibility": 3034, "Etali, Primal Storm_SB": 919, "Idyllic Beachfront": 1452, "Adamant Will": 16, "Goldvein Pick": 1248, "Moment of Triumph": 1897, "Pilfer": 2150, "Public Thoroughfare": 2211, "Roaming Throne": 2399, "Undying Malice": 3176, "Cancel_SB": 395, "Opt_SB": 2038, "Requisition Raid": 2345, "Anointed Peacekeeper_SB": 91, "Connecting the Dots_SB": 545, "Voracious Varmint_SB": 3332, "Ambush Wolf_SB": 58, "Makeshift Binding": 1788, "Deadly Riposte_SB": 655, "Nettle Guard_SB": 1964, "Dismal Backwater": 735, "Pelakka Wurm": 2112, "Extract a Confession_SB": 948, "Soul-Shackled Zombie_SB": 2696, "Unauthorized Exit_SB": 3162, "Jump Scare_SB": 1564, "Progenitus_SB": 2202, "Dewdrop Cure": 720, "Harvestrite Host": 1333, "Family Reunion_SB": 974, "Cut Short_SB": 623, "Annihilating Glare": 85, "Fanatical Offering": 977, "Sword of Wealth and Power": 2866, "Empyrean Eagle": 871, "Tranquil Cove": 3097, "Griffnaut Tracker_SB": 1285, "Invasion of Regatha": 1517, "Hidetsugu's Second Rite": 1402, "Lassoed by the Law": 1658, "Skulduggery": 2634, "Skulduggery_SB": 2635, "Mabel's Mettle": 1767, "Dead Weight": 647, "Minor Misstep": 1859, "Hopeful Vigil": 1423, "Restricted Office // Lecture Hall": 2370, "Central Elevator // Promising Stairs": 452, "Creeping Peeper": 593, "Underwater Tunnel // Slimy Aquarium": 3175, "Erratic Apparition": 903, "Dazzling Theater // Prop Room": 646, "Fear of Falling": 992, "Fear of Abduction": 988, "Lionheart Glimmer": 1713, "Tunnel Surveyor_SB": 3127, "Stalked Researcher_SB": 2761, "Guide of Souls": 1298, "Ocelot Pride": 2019, "Ragavan, Nimble Pilferer": 2247, "Ajani, Nacatl Pariah": 41, "Phlage, Titan of Fire's Fury": 2127, "Galvanic Discharge": 1142, "Thraben Charm": 3016, "Static Prison": 2772, "Goblin Bombardment": 1234, "Arena of Glory": 116, "Arid Mesa": 121, "Flooded Strand": 1074, "Marsh Flats": 1815, "Sacred Foundry": 2452, "Fable of the Mirror-Breaker": 954, "Showdown of the Skalds": 2598, "Windswept Heath": 3396, "Fear, Fire, Foes!_SB": 1005, "Orim's Chant_SB": 2045, "Surgical Extraction_SB": 2846, "Drannith Magistrate_SB": 793, "Stony Silence_SB": 2798, "Wear // Tear_SB": 3371, "Showdown of the Skalds_SB": 2599, "Obsidian Charmaw_SB": 2015, "Polluted Delta": 2173, "Scalding Tarn": 2485, "Misty Rainforest": 1882, "Bloodstained Mire": 256, "Watery Grave": 3367, "Steam Vents": 2776, "Sink into Stupor": 2620, "Spell Snare": 2715, "Unearth": 3177, "Thoughtseize": 3012, "Fatal Push": 982, "Faithless Looting": 970, "Tamiyo, Inquisitive Student": 2888, "Psychic Frog": 2209, "Counterspell": 584, "Persist": 2118, "Force of Negation": 1089, "Brazen Borrower": 321, "Archon of Cruelty": 113, "Nihil Spellbomb_SB": 1975, "Consign to Memory_SB": 547, "Harbinger of the Seas_SB": 1320, "Stern Scolding_SB": 2786, "Fable of the Mirror-Breaker_SB": 955, "Blazing Rootwalla": 236, "Burning Inquiry": 370, "Detective's Phoenix": 713, "Flameblade Adept": 1061, "Goblin Lore": 1238, "Hollow One": 1416, "Lightning Bolt": 1700, "Stomping Ground": 2797, "Street Wraith": 2812, "Vengevine": 3277, "Wooded Foothills": 3414, "Cursed Totem_SB": 619, "Meltdown_SB": 1835, "Barbarian Ring": 183, "Sunbaked Canyon": 2827, "Eidolon of the Great Revel": 842, "Goblin Guide": 1237, "Lava Spike": 1665, "Rift Bolt": 2378, "Searing Blaze": 2523, "Skewer the Critics": 2626, "Skullcrack": 2638, "Flare of Duplication": 1066, "Smash to Smithereens_SB": 2667, "Faerie Macabre_SB": 965, "Ensnaring Bridge_SB": 891, "Primeval Titan": 2193, "Arboreal Grazer": 99, "Dryad of the Ilysian Grove": 810, "Dryad Arbor": 807, "Amulet of Vigor": 60, "Summoner's Pact": 2824, "Green Sun's Zenith": 1278, "Explore": 940, "Scapeshift": 2490, "Boseiju, Who Endures": 295, "Crumbling Vestige": 601, "Lotus Field": 1750, "Gruul Turf": 1294, "Simic Growth Chamber": 2616, "Hanweir Battlements": 1317, "Echoing Deeps": 835, "Mirrorpool": 1868, "Shifting Woodland": 2579, "Otawara, Soaring City": 2055, "Urza's Saga": 3231, "Valakut, the Molten Pinnacle": 3236, "Vesuva": 3279, "Tolaria West": 3076, "Urza's Cave": 3229, "Bojuka Bog_SB": 272, "Defense Grid_SB": 678, "Endurance_SB": 875, "Force of Vigor_SB": 1090, "Dismember_SB": 736, "Tireless Tracker_SB": 3062, "Vampires' Vengeance_SB": 3260, "Collector Ouphe_SB": 520, "Indomitable Creativity": 1466, "Prismatic Ending": 2196, "Wrenn and Six": 3423, "Blood Crypt": 244, "Xander's Lounge": 3428, "Jetmir's Garden": 1551, "Dwarven Mine": 824, "Boseiju, Who Endures_SB": 296, "Toxic Deluge_SB": 3093, "Hurkyl's Recall_SB": 1441, "Damping Sphere_SB": 630, "Cling to Dust": 508, "Harbinger of the Seas": 1319, "Murktide Regent": 1937, "Preordain": 2188, "Thought Scour": 3009, "Engineered Explosives_SB": 888, "Mystical Dispute_SB": 1945, "Spell Pierce_SB": 2714, "The Meathook Massacre_SB": 2963, "Orcish Bowmasters": 2044, "Godless Shrine": 1243, "Seasoned Pyromancer": 2535, "Phelia, Exuberant Shepherd": 2126, "Wrath of the Skies_SB": 3419, "Thoughtseize_SB": 3013, "Legion Loyalist": 1677, "Goblin Bushwhacker": 1235, "Devastating Summons": 716, "Reckless Bushwhacker": 2300, "Goblin Grenade": 1236, "Goblin Piledriver": 1240, "Mogg War Marshal": 1886, "Skirk Prospector": 2627, "Foundry Street Denizen": 1106, "Den of the Bugbear": 700, "Sokenzan, Crucible of Defiance": 2677, "Tormod's Crypt_SB": 3088, "Shattering Spree_SB": 2570, "Blood Moon_SB": 246, "Magus of the Moon_SB": 1783, "Reality Hemorrhage_SB": 2292, "Ziatora's Proving Ground": 3444, "Veil of Summer_SB": 3269, "Terastodon_SB": 2920, "Consider": 546, "Graveyard Trespasser": 1267, "Exquisite Firecraft_SB": 942, "Searing Blood_SB": 2524, "Tunnel Ignus_SB": 3125, "Vexing Bauble": 3285, "Hexdrinker_SB": 1391, "Colossal Skyturtle_SB": 529, "Generous Ent_SB": 1156, "Grist, the Hunger Tide_SB": 1288, "Chained to the Rocks": 455, "Chained to the Rocks_SB": 456, "Ragavan, Nimble Pilferer_SB": 2248, "Corrupt": 572, "Giant Growth_SB": 1186, "Over the Edge_SB": 2064, "Poison Dart Frog_SB": 2169, "Talion, the Kindly Lord": 2887, "Slice from the Shadows": 2659, "Come Back Wrong": 534, "Glassworks // Shattered Yard": 1212, "Beamtown Beatstick": 197, "Diamond Pick-Axe": 723, "Sunfire Torch": 2833, "Celestial Armor": 449, "Carrot Cake_SB": 413, "Balmor, Battlemage Captain": 173, "Bria, Riptide Rogue": 336, "Freeze in Place": 1111, "Relic's Roar": 2334, "Run Away Together_SB": 2434, "Scalding Viper_SB": 2487, "Edgewall Inn": 838, "Grievous Wound_SB": 1284, "Goliath Hatchery_SB": 1251, "Cathartic Parting_SB": 434, "Harrier Strix": 1330, "Snaremaster Sprite": 2674, "Living Phone": 1720, "Hardened Escort": 1325, "Unsettling Twins": 3198, "The Jolly Balloon Man": 2956, "Holy Cow": 1418, "Unsettling Twins_SB": 3199, "Raccoon Rallier_SB": 2239, "Feather of Flight_SB": 1008, "Rogue's Passage_SB": 2411, "Possessed Goat_SB": 2183, "The Jolly Balloon Man_SB": 2957, "Hammerhand_SB": 1316, "Heartfire Hero_SB": 1353, "Inti, Seneschal of the Sun_SB": 1494, "Pests of Honor": 2123, "Nettle Guard": 1963, "Three Blind Mice": 3025, "Dauntless Dismantler_SB": 637, "Phoenix Chick_SB": 2129, "Gleaming Barrier": 1214, "Gleaming Barrier_SB": 1215, "Solemn Simulacrum_SB": 2679, "Twinferno_SB": 3132, "Sure Strike_SB": 2841, "Mirran Banesplitter": 1863, "Heartfire Immolator": 1354, "Dwarven Forge-Chanter": 823, "Whiskerquill Scribe": 3379, "Sure Strike": 2840, "Ghitu Amplifier": 1174, "Furious Bellow": 1131, "Ancestors' Aid": 66, "Keldon Flamesage": 1594, "Brambleguard Captain": 314, "Johann, Apprentice Sorcerer": 1558, "Kraum, Violent Cacophony": 1642, "Razzle-Dazzler": 2291, "Vesuvan Drifter": 3280, "Thopter Mechanic": 3003, "Nightwhorl Hermit": 1974, "Iron-Fist Pulverizer": 1528, "Pyrotechnic Performer": 2222, "Fear of Burning Alive": 991, "Swiftwater Cliffs": 2860, "Molten Tributary": 1894, "Defabricate": 674, "Aspirant's Ascent": 135, "Stop Cold": 2799, "Mishra's Command_SB": 1874, "Plan the Heist_SB": 2161, "Sleight of Hand_SB": 2658, "Kellan, Planar Trailblazer_SB": 1602, "Trick Shot_SB": 3116, "Violent Urge_SB": 3295, "Involuntary Cooldown_SB": 1526, "Out of Air_SB": 2057, "The Filigree Sylex": 2947, "Halo Hopper": 1314, "Charge of the Mites_SB": 472, "Hellspur Posse Boss_SB": 1370, "Grand Abolisher": 1260, "Unnerving Grasp": 3194, "Fynn, the Fangbearer_SB": 1137, "Make Your Move_SB": 1786, "Harbinger of the Tides": 1321, "Harbinger of the Tides_SB": 1322, "Bottomless Pool && Locker Room_SB": 300, "Pile On_SB": 2149, "Cat Collector": 430, "Growing Rites of Itlimoc": 1290, "Flowstone Infusion": 1085, "Roc Hunter": 2406, "Feldon, Ronom Excavator": 1018, "Scalding Viper": 2486, "Coruscation Mage": 576, "Trial of Agony_SB": 3113, "Adventuring Gear_SB": 20, "Vicious Clown_SB": 3290, "Fear of Being Hunted_SB": 990, "Jump Scare": 1563, "Niko, Light of Hope": 1976, "Tunnel Surveyor": 3126, "Stalked Researcher": 2760, "Enter the Enigma_SB": 894, "Fear of Isolation_SB": 998, "Into the Roil": 1499, "Into the Roil_SB": 1500, "Throw from the Saddle": 3037, "Arachnoid Adaptation": 95, "Hammerhand": 1315, "War Squeak": 3351, "Longstalk Brawl_SB": 1734, "Thrill of Possibility_SB": 3035, "Season of Gathering": 2527, "Warren Warleader": 3361, "Seasoned Warrenguard_SB": 2537, "Lionheart Glimmer_SB": 1714, "Horrid Vigor_SB": 1429, "Omnivorous Flytrap_SB": 2035, "Ayara, Widow of the Realm": 162, "Rite of the Dragoncaller_SB": 2390, "Ghostly Dancers": 1179, "Demonic Pact_SB": 697, "Splash Portal_SB": 2739, "Valorous Stance": 3254, "Lodestone Needle": 1728, "Scytheclaw Raptor_SB": 2518, "Bring the Ending_SB": 341, "Sawblade Skinripper_SB": 2481, "Pitiless Carnage_SB": 2157, "Season of Loss_SB": 2530, "Zephyr Singer": 3440, "Spell Pierce": 2713, "Grim Bauble": 1286, "Momentum Breaker": 1900, "Sunbillow Verge": 2828, "Molt Tender": 1888, "Draconautics Engineer": 769, "Loot, the Pathfinder": 1737, "Afterburner Expert": 28, "Dredger's Insight": 802, "Restless Spire_SB": 2366, "Wastewood Verge": 3364, "Vein Ripper_SB": 3271, "Ketramose, the New Dawn": 1605, "Bleachbone Verge": 237, "Intimidation Tactics": 1495, "Outpace Oblivion_SB": 2061, "Debris Beetle": 661, "Oildeep Gearhulk": 2021, "Haunt the Network_SB": 1337, "Lunar Convocation_SB": 1759, "Bartolom\u00e9 del Presidio_SB": 189, "Valley Rotcaller_SB": 3251, "Oildeep Gearhulk_SB": 2022, "Ride's End": 2376, "Defend the Rider": 676, "Hazoret, Godseeker": 1346, "Eriette of the Charmed Apple": 899, "Surgical Suite // Hospital Room_SB": 2850, "Bloodghast": 251, "Gleeful Demolition_SB": 1218, "Willowrush Verge": 3391, "Monument to Endurance": 1913, "Cunning Coyote_SB": 614, "Thousand Moons Smithy": 3014, "Transmutation Font": 3102, "Braided Net_SB": 308, "Nesting Bot": 1961, "Grim Bauble_SB": 1287, "Voyage Home": 3334, "Perilous Snare": 2116, "Chandra, Spark Hunter_SB": 464, "Bounce Off": 303, "Intimidation Tactics_SB": 1496, "The Speed Demon_SB": 2981, "Momentum Breaker_SB": 1901, "Quag Feast": 2226, "Gastal Raider_SB": 1149, "Overgrown Zealot": 2067, "Transit Mage": 3101, "Brightglass Gearhulk": 338, "Voyager Glidecar": 3335, "Voyager Glidecar_SB": 3336, "Debris Beetle_SB": 662, "Fuel the Flames": 1122, "Skycrash": 2640, "Riverpyre Verge": 2398, "Broadside Barrage_SB": 349, "Fuel the Flames_SB": 1123, "Dropkick Bomber": 804, "Howlsquad Heavy": 1432, "Reckless Lackey": 2302, "Amonkhet Raceway": 59, "Marauding Mako": 1805, "Scrounging Skyray": 2516, "Broadside Barrage": 348, "Boosted Sloop": 290, "Bounce Off_SB": 304, "Thopter Fabricator_SB": 3002, "The Aetherspark": 2933, "Count on Luck_SB": 583, "Mendicant Core, Guidelight": 1837, "Mu Yanling, Wind Rider": 1928, "The Skullspore Nexus": 2978, "Regal Imperiosaur": 2326, "Intrepid Paleontologist_SB": 1502, "Overlord of the Hauntwoods_SB": 2075, "Bringer of the Last Gift": 342, "Terisian Mindbreaker": 2921, "Skitterbeam Battalion": 2629, "Riverchurn Monument": 2395, "Diversion Unit": 751, "Gastal Thrillroller_SB": 1151, "Monument to Endurance_SB": 1914, "Spectacular Pileup": 2706, "Riptide Gearhulk": 2383, "Burnout Bashtronaut": 372, "Greasewrench Goblin": 1269, "Lifecraft Engine": 1697, "Gastal Thrillroller": 1150, "Coalstoke Gearhulk_SB": 512, "Atraxa's Fall_SB": 144, "Locust Spray": 1727, "Webstrike Elite": 3374, "Memory Guardian": 1836, "Shoreline Looter": 2597, "Engine Rat_SB": 887, "Zahur, Glory's Past": 3438, "Quag Feast_SB": 2227, "Essence Channeler_SB": 913, "Lunar Insight": 1760, "Gruff Triplets": 1291, "Captain Howler, Sea Scourge": 402, "Jodah, the Unifier_SB": 1556, "Thunderous Velocipede": 3046, "Invasion of Regatha_SB": 1518, "Ketramose, the New Dawn_SB": 1606, "Agonasaur Rex": 34, "Sandstalker Moloch_SB": 2464, "Visage Bandit": 3307, "Waxen Shapethief": 3368, "Coalstoke Gearhulk": 511, "Dune Drifter": 812, "Ride's End_SB": 2377, "Chandra, Spark Hunter": 463, "Rampaging Raptor": 2268, "Agonasaur Rex_SB": 35, "Gumdrop Poisoner": 1302, "Repurposing Bay": 2344, "Perilous Snare_SB": 2117, "Expel the Interlopers_SB": 935, "Red Sun's Twilight_SB": 2312, "Lightwheel Enhancements": 1705, "Phyrexian Dragon Engine": 2134, "Mishra, Claimed by Gix": 1876, "Coiling Rebirth_SB": 516, "Collision Course_SB": 526, "Sazacap's Brew": 2484, "Invasion of Mercadia": 1516, "Playful Shove": 2163, "Caelorna, Coral Tyrant_SB": 383, "Visage of Dread": 3308, "Pit Automaton": 2154, "Visage of Dread_SB": 3309, "The Last Ride_SB": 2961, "Aether Syphon_SB": 25, "The Speed Demon": 2980, "Gas Guzzler": 1147, "Spectral Interference_SB": 2711, "Say Its Name_SB": 2483, "Stock Up": 2789, "Spectacular Pileup_SB": 2707, "Gastal Thrillseeker": 1152, "Far Fortune, End Boss": 980, "Flow of Knowledge": 1082, "Claim Jumper": 496, "Starscape Cleric_SB": 2768, "Flotsam // Jetsam_SB": 1080, "Soul of Windgrace": 2692, "Melira, the Living Cure_SB": 1834, "Bloated Contaminator_SB": 243, "The Aetherspark_SB": 2934, "Fearless Swashbuckler": 1006, "Unctus, Grand Metatect": 3164, "Diversion Unit_SB": 752, "Tomik, Wielder of Law_SB": 3083, "Engine Rat": 886, "Teysa, Opulent Oligarch": 2930, "Gonti, Night Minister": 1252, "Muraganda Raceway": 1934, "Mindspring Merfolk": 1858, "Zephyr Singer_SB": 3441, "Tyrox, Saurid Tyrant": 3146, "Conduit of Worlds_SB": 541, "Optimistic Scavenger_SB": 2040, "Esoteric Duplicator": 911, "Explosive Derailment_SB": 941, "Mishra's Command": 1873, "Overrun_SB": 2081, "Wardens of the Cycle_SB": 3356, "Painful Quandary_SB": 2091, "Leaf-Crowned Visionary_SB": 1672, "Mossborn Hydra_SB": 1921, "Drag to the Roots_SB": 775, "Webstrike Elite_SB": 3375, "Heliod, the Radiant Dawn": 1365, "Twinblade Blessing": 3131, "Restless Anchorage_SB": 2355, "Defend the Rider_SB": 677, "Ratadrabik of Urborg": 2277, "Demonic Junker": 694, "Nexus of Becoming": 1969, "Overrun": 2080, "The Last Ride": 2960, "Ancient Vendetta_SB": 71, "Lumbering Worldwagon": 1753, "Unstable Glyphbridge_SB": 3201, "Ancient Vendetta": 70, "Basri, Tomorrow's Champion": 193, "Skyseer's Chariot_SB": 2647, "Lassoed by the Law_SB": 1659, "Blast Zone_SB": 232, "Reclamation Sage": 2305, "Thalia and The Gitrog Monster_SB": 2932, "Ashiok, Wicked Manipulator_SB": 133, "Third Path Iconoclast_SB": 2996, "Ferocification_SB": 1032, "Become Brutes": 201, "Sword of Forge and Frontier_SB": 2863, "Veteran Survivor": 3283, "Kellan, Inquisitive Prodigy_SB": 1600, "Caradora, Heart of Alacria": 406, "Veteran Beastrider": 3282, "Skyseer's Chariot": 2646, "Valor's Flagship": 3252, "The Elder Dragon War_SB": 2940, "Spring-Loaded Sawblades_SB": 2748, "Urza's Command_SB": 3230, "Dive Down": 749, "Scrollshift_SB": 2515, "Full Throttle_SB": 1126, "Loot, the Key to Everything_SB": 1736, "Loot, the Pathfinder_SB": 1738, "Twining Twins": 3134, "Threadbind Clique": 3023, "Boommobile": 286, "Forging the Anchor": 1097, "Radiant Lotus": 2243, "The Mightstone and Weakstone_SB": 2965, "Boommobile_SB": 287, "Radiant Lotus_SB": 2244, "Volley Veteran": 3327, "Bloodthorn Flail": 258, "Flamewake Phoenix": 1064, "Cryptcaller Chariot_SB": 603, "Riptide Gearhulk_SB": 2384, "Riverchurn Monument_SB": 2396, "Spiteful Hexmage_SB": 2737, "Thopter Fabricator": 3001, "Furnace Host Charger": 1132, "Clamorous Ironclad": 500, "Wishing Well": 3404, "Frolicking Familiar": 1116, "Alania, Divergent Storm": 47, "Resplendent Angel_SB": 2350, "Tinker's Tote": 3055, "Cephalopod Sentry": 453, "Redshift, Rocketeer Chief": 2317, "Haunt the Network": 1336, "Sorcerous Spyglass": 2686, "Demonic Junker_SB": 695, "Halana and Alena, Partners_SB": 1308, "Valor's Flagship_SB": 3253, "Tocasia's Welcome_SB": 3075, "Stall Out": 2762, "Stall Out_SB": 2763, "Sovereign Okinec Ahau": 2704, "Gloryheath Lynx": 1227, "The Raven Man": 2972, "The Raven Man_SB": 2973, "Broodheart Engine": 351, "Marketback Walker": 1812, "Sylvan Scavenging": 2869, "Sab-Sunen, Luxa Embodied": 2450, "Simian Simulacrum": 2615, "Gargantuan Leech": 1144, "Captivating Cave": 405, "Promising Vein": 2204, "Hidden Courtyard": 1394, "Bat Colony": 194, "Calamitous Cave-In": 384, "Hidden Volcano": 1398, "Boom Box": 284, "Possession Engine": 2184, "Conduit of Worlds": 540, "Broadcast Rambler": 347, "Virtue of Courage": 3298, "Leyline Binding_SB": 1687, "Reluctant Role Model": 2335, "Bulwark Ox": 364, "Reluctant Role Model_SB": 2336, "The Goose Mother": 2950, "Mold Adder_SB": 1887, "Market Gnome_SB": 1811, "Daretti, Rocketeer Engineer": 631, "Threefold Thunderhulk": 3032, "Tune Up": 3124, "Meteor Golem_SB": 1842, "Burnout Bashtronaut_SB": 373, "Gastal Raider": 1148, "Oviya, Automech Artisan": 2087, "Marketback Walker_SB": 1813, "The Skullspore Nexus_SB": 2979, "Cosmium Confluence": 580, "Festival of Embers": 1035, "Hidden Nursery": 1397, "Gossip's Talent": 1254, "Balustrade Wurm": 174, "Skycrash_SB": 2641, "Nexus of Becoming_SB": 1970, "Soulless Jailer_SB": 2698, "Collector's Vault_SB": 524, "Thran Spider_SB": 3021, "Akal Pakal, First Among Equals_SB": 45, "Sab-Sunen, Luxa Embodied_SB": 2451, "Earthrumbler": 829, "Oko, the Ringleader": 2026, "Forensic Researcher": 1094, "Deepfathom Echo": 671, "Chitin Gravestalker": 482, "Desperate Bloodseeker_SB": 708, "Starving Revenant_SB": 2769, "Steamcore Scholar_SB": 2778, "Ojer Pakpatiq, Deepest Epoch_SB": 2025, "Lavaspur Boots_SB": 1667, "Thunderous Velocipede_SB": 3047, "Stock Up_SB": 2790, "Fear of Infinity_SB": 996, "Dredger's Insight_SB": 803, "Fauna Shaman_SB": 985, "Sunder the Gateway": 2829, "Malcator, Purity Overseer": 1790, "Night Market": 1972, "Stockpiling Celebrant": 2792, "Carrion Locust_SB": 411, "Skullcap Snail_SB": 2637, "Stockpiling Celebrant_SB": 2793, "Mocking Sprite": 1883, "Talion's Messenger": 2885, "Barrow Naughty": 187, "Faerie Slumber Party": 968, "Drag the Canal": 771, "Spellscorn Coven": 2720, "Etrata, Deadly Fugitive": 924, "Coerced to Kill": 514, "Unstoppable Plan_SB": 3202, "Shadow-Rite Priest": 2562, "Training Grounds": 3096, "Hoarding Broodlord": 1413, "Nahiri's Warcrafting_SB": 1947, "Baral and Kari Zev": 182, "Enigma Drake": 889, "Eroded Canyon": 901, "Trained Arynx": 3095, "Ornery Tumblewagg": 2046, "Giant Beaver": 1182, "Lagorin, Soul of Alacria": 1655, "Miriam, Herd Whisperer": 1862, "Congregation Gryff": 544, "Brightfield Glider": 337, "Run Over_SB": 2435, "Reject Imperfection_SB": 2330, "Vivisurgeon's Insight_SB": 3313, "Haunted Mire": 1338, "Overwhelming Remorse_SB": 2083, "Akal Pakal, First Among Equals": 44, "Forensic Gadgeteer": 1092, "Deduce_SB": 666, "Wreck Remover_SB": 3420, "Brave the Wilds": 320, "Fog of War_SB": 1087, "Oaken Siren": 2007, "Guidelight Optimizer": 1299, "Fountainport Bell": 1108, "Machine Over Matter_SB": 1771, "Armored Scrapgorger": 126, "Fierce Empath": 1040, "Spinewoods Paladin": 2730, "Phyrexian Missionary_SB": 2138, "Exsanguinate_SB": 944, "Tranquil Cove_SB": 3098, "Exsanguinate": 943, "Crumb and Get It_SB": 600, "Flame Lash": 1060, "Syr Ginger, the Meal Ender_SB": 2874, "Legion Extruder_SB": 1676, "Dawnwing Marshal": 641, "Savannah Lions": 2478, "Pitiless Carnage": 2156, "Fear of Infinity": 995, "District Mascot": 745, "Shivan Devastator": 2584, "Zimone, Paradox Sculptor": 3445, "Tyvar, the Pummeler_SB": 3155, "Zopandrel, Hunger Dominus_SB": 3449, "Irreverent Gremlin": 1529, "Dynamite Diver": 827, "Guidelight Synergist": 1300, "Kolodin, Triumph Caster": 1633, "Burner Rocket": 369, "Cloudspire Skycycle": 510, "Frenzied Goblin": 1112, "Count on Luck": 582, "Doubling Season_SB": 766, "Fanatical Firebrand_SB": 976, "Frenzied Goblin_SB": 1113, "Reckless Lackey_SB": 2303, "Howlsquad Heavy_SB": 1433, "Rundvelt Hordemaster_SB": 2437, "Aurelia, the Warleader": 150, "Gilded Ghoda": 1190, "Vanish into Eternity_SB": 3263, "Voldaren Epicure": 3324, "Ensoul Artifact": 892, "Riverglide Pathway": 2397, "Darksteel Citadel": 636, "Shrapnel Blast": 2600, "Smuggler's Copter": 2669, "Rending Volley_SB": 2339, "Shadowspear_SB": 2563, "Voltage Surge_SB": 3329, "Aether Gust_SB": 24, "Annul_SB": 87, "Cragcrown Pathway": 587, "Mutavault": 1941, "Reckless Rage": 2304, "Soul-Scar Mage": 2695, "Hazoret the Fervent_SB": 1345, "Redcap Melee_SB": 2314, "Elvish Mystic": 866, "Nykthos, Shrine to Nyx": 2006, "Kiora, Behemoth Beckoner": 1610, "Cavalier of Thorns": 441, "Old-Growth Troll": 2028, "Lair of the Hydra": 1656, "Storm the Festival": 2800, "Ulvenwald Oddity": 3158, "Oath of Nissa": 2009, "Leyline of the Guildpact": 1692, "Emrakul, the Promised End_SB": 872, "Setessan Petitioner_SB": 2560, "Arasta of the Endless Web_SB": 98, "Ledger Shredder": 1674, "Arclight Phoenix": 115, "Fiery Impulse": 1043, "Lightning Axe": 1699, "Treasure Cruise": 3108, "Hall of Storm Giants": 1309, "Brazen Borrower_SB": 322, "Anger of the Gods_SB": 75, "Prismari Command_SB": 2195, "Hallowed Fountain": 1311, "Overgrown Tomb": 2066, "Indatha Triome": 1465, "Spara's Headquarters": 2705, "Zagoth Triome": 3437, "Mana Confluence": 1796, "Vanishing Verse": 3264, "Extinction Event_SB": 946, "Leyline of Sanctity_SB": 1690, "Barrier Breach_SB": 186, "Knockout Blow_SB": 1628, "Ashiok, Dream Render_SB": 130, "Omen of the Sea": 2031, "The Meathook Massacre": 2962, "Narset, Parter of Veils": 1949, "Field of Ruin": 1037, "Geier Reach Sanitarium": 1155, "Urborg, Tomb of Yawgmoth": 3224, "Clearwater Pathway": 506, "Hive of the Eye Tyrant": 1412, "Shipwreck Marsh": 2583, "Takenuma, Abandoned Mire": 2884, "Yorion, Sky Nomad_SB": 3434, "Ashiok, Nightmare Muse_SB": 131, "Unlicensed Hearse_SB": 3190, "Ramunap Ruins": 2271, "Bishop of Wings": 217, "Righteous Valkyrie": 2379, "Resplendent Marshal": 2351, "Skyclave Apparition": 2639, "Collected Company": 517, "Kayla's Reconstruction": 1590, "Portable Hole": 2178, "Branchloft Pathway": 317, "Cave of the Frost Dragon": 442, "Overgrown Farmland": 2065, "Temple Garden": 2904, "Eiganjo, Seat of the Empire": 843, "Brutal Cathar_SB": 358, "Reidane, God of the Worthy_SB": 2327, "Archon of Absolution_SB": 112, "Shapers' Sanctuary_SB": 2565, "Brave the Elements_SB": 319, "Heroic Intervention_SB": 1388, "Blightstep Pathway": 241, "Bloodtithe Harvester": 259, "Blade of the Oni": 226, "Hidetsugu Consumes All_SB": 1400, "Invoke Despair_SB": 1525, "Haunted Ridge": 1339, "Bonecrusher Giant": 278, "Burning-Tree Emissary": 371, "Chandra, Torch of Defiance": 465, "Collision // Colossus": 525, "Gruul Spellbreaker": 1293, "Kami's Flare": 1577, "Kumano Faces Kakkazan": 1649, "Pelt Collector": 2113, "Voltaic Brawler": 3330, "Zhur-Taa Goblin": 3443, "Bonecrusher Giant_SB": 279, "Chandra, Torch of Defiance_SB": 466, "Cindervines_SB": 490, "Kami's Flare_SB": 1578, "Roiling Vortex_SB": 2414, "Weathered Runestone_SB": 3373, "Sigarda's Aid": 2606, "Colossus Hammer": 530, "Raffine's Informant": 2245, "Sylvan Caryatid": 2868, "Eldritch Evolution": 846, "Soulflayer": 2697, "Collective Brutality_SB": 519, "Gifted Aetherborn_SB": 1187, "Bloodline Culling_SB": 255, "Deafening Silence_SB": 656, "Portable Hole_SB": 2179, "Grafdigger's Cage_SB": 1258, "Cauldron Familiar": 436, "Claim the Firstborn": 498, "Deadly Dispute": 653, "Kroxa, Titan of Death's Hunger": 1648, "Mayhem Devil": 1822, "Witch's Oven": 3406, "Claim the Firstborn_SB": 499, "Ob Nixilis, the Adversary_SB": 2011, "Foreboding Ruins": 1091, "Invoke Despair": 1524, "Rakdos, Patron of Chaos": 2258, "Kolaghan's Command_SB": 1632, "Stormcarved Coast": 2801, "Spikefield Hazard": 2727, "Izzet Charm": 1538, "Prismari Command": 2194, "Go Blank_SB": 1231, "Greasefang, Okiba Boss": 1268, "Parhelion II": 2099, "Shattered Sanctum": 2569, "Faithful Mending": 969, "Skysovereign, Consul Flagship": 2649, "Tainted Indulgence": 2878, "Collective Brutality": 518, "Raffine's Tower": 2246, "Stubborn Denial": 2818, "Dovin's Veto_SB": 767, "Silence_SB": 2608, "Fatal Push_SB": 983, "Vanishing Verse_SB": 3265, "Fetid Pools": 1036, "Yorion, Sky Nomad": 3433, "Breeding Pool": 335, "Linvala, the Preserver": 1712, "Enigmatic Incarnation": 890, "Savai Triome": 2477, "Thought Distortion_SB": 3008, "Archon of Emeria_SB": 114, "Ruric Thar, the Unbowed_SB": 2441, "Experimental Frenzy_SB": 938, "Claim // Fame": 495, "Infuriate": 1474, "Extinction Event": 945, "Castle Locthwain": 429, "Paradoxical Outcome": 2098, "Krenko's Buzzcrusher": 1643, "Furnace Punisher_SB": 1133, "Hearth Elemental_SB": 1358, "Laughing Jasper Flint_SB": 1664, "Rocky Roads": 2409, "Lumbering Worldwagon_SB": 1754, "Cosmic Rebirth_SB": 579, "Mondrak, Glory Dominus_SB": 1908, "Mimeoplasm, Revered One": 1855, "Devouring Sugarmaw": 718, "Amalia Benavides Aguirre_SB": 56, "Elas il-Kor, Sadistic Pilgrim_SB": 845, "Fiendish Panda_SB": 1039, "Knight of Dawn's Light_SB": 1621, "Spin Out_SB": 2728, "Ravine Raider_SB": 2285, "Cindering Cutthroat_SB": 489, "Steampath Charger_SB": 2779, "Risky Shortcut_SB": 2387, "Become Brutes_SB": 202, "Eddymurk Crab_SB": 837, "Tolarian Terror_SB": 3078, "Drake Hatcher_SB": 789, "Goblin Oriflamme": 1239, "Spectral Interference": 2710, "Ruthless Negotiation_SB": 2449, "Etched Familiar": 921, "Haughty Djinn_SB": 1335, "Map the Frontier": 1801, "No Witnesses_SB": 1989, "Winter, Cursed Rider": 3399, "Silken Strength": 2611, "Divine Resilience": 753, "Greenhouse // Rickety Gazebo": 1279, "Mirror Room // Fractured Realm": 1867, "Khenra Spellspear": 1607, "Radiant Grove": 2242, "Streetwise Negotiator_SB": 2813, "Herd Migration_SB": 1383, "Armored Armadillo_SB": 124, "Gixian Infiltrator_SB": 1204, "Kykar, Zephyr Awakener": 1654, "Realm-Scorcher Hellkite": 2293, "Sentinel of Lost Lore_SB": 2550, "Spyglass Siren_SB": 2751, "Lathril, Blade of the Elves_SB": 1662, "The Huntsman's Redemption_SB": 2953, "Gloryheath Lynx_SB": 1228, "Threefold Thunderhulk_SB": 3033, "Cryptcaller Chariot": 602, "Case of the Locked Hothouse": 419, "Walk-In Closet // Forgotten Cellar": 3348, "Primeval Bounty": 2191, "Thirsting Roots": 2997, "Mindsparker_SB": 1856, "Gigantosaurus": 1188, "Llanowar Greenwidow": 1723, "Llanowar Stalker": 1725, "Ghalta, Primal Hunger_SB": 1171, "Gigantosaurus_SB": 1189, "Disenchant": 731, "Captain Howler, Sea Scourge_SB": 403, "Cursed Recording_SB": 618, "Steel Hellkite_SB": 2780, "Karn, Living Legacy_SB": 1581, "Rangers' Refueler": 2272, "Meeting of Minds": 1831, "Quaketusk Boar": 2228, "The Stasis Coffin": 2982, "The Everflowing Well": 2946, "Kellan Joins Up": 1596, "Ovika, Enigma Goliath_SB": 2086, "Lukka, Bound to Ruin": 1751, "Bestow Greatness_SB": 208, "Leaping Ambush": 1673, "Raucous Theater_SB": 2283, "Flowstone Infusion_SB": 1086, "Alesha, Who Laughs at Fate_SB": 50, "Stern Lesson": 2784, "Stormkeld Vanguard_SB": 2805, "Progenitor Exarch": 2200, "Agatha of the Vile Cauldron": 30, "Moonshaker Cavalry_SB": 1916, "Bramble Familiar_SB": 313, "Annie Joins Up_SB": 84, "Primal Might_SB": 2190, "Detention Chariot": 715, "Push the Limit": 2218, "Gallant Strike": 1140, "Thundering Broodwagon": 3043, "Reckless Handling": 2301, "Ancient Den": 69, "Boros Garrison": 293, "Experimental Synthesizer": 939, "Galvanic Blast": 1141, "Glint Hawk": 1221, "Great Furnace": 1271, "Journey to Nowhere": 1560, "Kor Skyfisher": 1637, "Lembas": 1680, "Makeshift Munitions": 1789, "Relic of Progenitus": 2332, "Rustvale Bridge": 2445, "Thraben Inspector": 3018, "Dust to Dust_SB": 820, "Electrickery_SB": 847, "Prismatic Strands_SB": 2197, "Pyroblast_SB": 2219, "Red Elemental Blast_SB": 2311, "Relic of Progenitus_SB": 2333, "Boomerang": 285, "Brainstorm": 311, "Cryptic Serpent": 606, "Deep Analysis": 668, "Delver of Secrets": 688, "Dragon Wings": 780, "L\u00f3rien Revealed": 1766, "Mental Note": 1838, "Murmuring Mystic": 1939, "Ponder": 2177, "Sleep of the Dead": 2654, "Snow-Covered Island": 2676, "Blue Elemental Blast_SB": 268, "Deem Inferior_SB": 667, "Dispel_SB": 737, "Hydroblast_SB": 1446, "Jace's Phantasm_SB": 1542, "Murmuring Mystic_SB": 1940, "Sleep of the Dead_SB": 2655, "Radiant Fountain": 2241, "Goldmire Bridge": 1245, "Bojuka Bog": 271, "Orzhov Basilica": 2047, "Sunlit Marsh": 2835, "Troll of Khazad-d\u00fbm": 3119, "Eagles of the North": 828, "Dawnbringer Cleric": 640, "Omen of the Dead": 2030, "Cast Down": 427, "Accursed Marauder": 12, "Refurbished Familiar": 2319, "Vault of Whispers": 3266, "Suffocating Fumes": 2821, "Campfire_SB": 393, "Arms of Hadar_SB": 128, "Unmake_SB": 3191, "Accursed Marauder_SB": 13, "Cast Down_SB": 428, "Beckon Apparition_SB": 200, "Thraben Charm_SB": 3017, "Thorn of the Black Rose_SB": 3004, "Arashin Cleric_SB": 97, "Lazav, Wearer of Faces_SB": 1670, "Harmless Offering_SB": 1328, "Return Triumphant": 2372, "Souls of the Lost_SB": 2700, "Slickshot Lockpicker_SB": 2662, "Flashfreeze": 1067, "Interface Ace": 1492, "Sunpearl Kirin": 2836, "Synchronized Charge": 2871, "Heritage Reclamation_SB": 1385, "Magmatic Hellkite_SB": 1780, "Surrak, Elusive Hunter": 2853, "Surrak, Elusive Hunter_SB": 2854, "Elspeth, Storm Slayer": 859, "Rally the Monastery": 2266, "Cori Mountain Monastery": 562, "Dispelling Exhale": 738, "Jeskai Revelation": 1549, "Marang River Regent": 1802, "Shiko, Paragon of the Way": 2580, "Herd Heirloom": 1380, "Cori-Steel Cutter": 566, "Jeskai Revelation_SB": 1550, "Voice of Victory_SB": 3317, "Desperate Measures": 709, "Rot-Curse Rakshasa": 2419, "Tersa Lightshatter": 2927, "Elspeth, Storm Slayer_SB": 860, "United Battlefront": 3189, "Sandsteppe Citadel": 2465, "Skirmish Rhino": 2628, "Sage of the Skies_SB": 2454, "Winternight Stories": 3400, "Auroral Procession": 151, "Opulent Palace": 2041, "Rakshasa's Bargain": 2261, "Mistrise Village": 1879, "Tersa Lightshatter_SB": 2928, "Glacial Dragonhunt": 1205, "Mystic Monastery": 1944, "Stormshriek Feral": 2806, "Stormshriek Feral_SB": 2807, "Wild Ride": 3386, "Roiling Dragonstorm": 2412, "Kishla Village": 1615, "Restless Vents_SB": 2368, "Cori-Steel Cutter_SB": 567, "Unending Whisper": 3178, "Static Snare": 2773, "Cooped Up": 555, "Flamehold Grappler": 1063, "Gulping Scraptrap": 1301, "Magmatic Hellkite": 1779, "Sarkhan, Dragon Ascendant": 2474, "Sarkhan, Soul Aflame": 2475, "Pit of Offerings": 2155, "Static Snare_SB": 2774, "Kayla's Reconstruction_SB": 1591, "Tempest Hawk": 2903, "Rediscover the Way": 2315, "Frontline Rush": 1118, "Gilded Lotus_SB": 1191, "Fresh Start_SB": 1114, "Dalkovan Encampment": 627, "Frostcliff Siege": 1120, "Duty Beyond Death_SB": 822, "Frontier Bivouac": 1117, "Two-Headed Hunter_SB": 3144, "Songcrafter Mage": 2683, "Death Begets Life_SB": 657, "Bloomvine Regent": 263, "Encroaching Dragonstorm": 873, "Ugin, Eye of the Storms": 3156, "Drakuseth, Maw of Flames": 790, "Breaching Dragonstorm": 326, "Molten Exhale": 1892, "Molten Exhale_SB": 1893, "Awaken the Honored Dead": 157, "Caustic Exhale": 439, "Disruptive Stormbrood": 740, "Scavenger Regent // Exude Toxin // Scavenger Regent": 2493, "Teval, Arbiter of Virtue": 2929, "Caustic Exhale_SB": 440, "Fangkeeper's Familiar_SB": 979, "Ugin, Eye of the Storms_SB": 3157, "New Way Forward": 1967, "Dragonologist": 787, "Bulwark Ox_SB": 365, "Mandible Justiciar": 1797, "Temur Tawnyback": 2918, "Eshki Dragonclaw": 909, "Spinewoods Paladin_SB": 2731, "Dragon Sniper": 777, "Nature's Rhythm": 1952, "Broken Wings_SB": 350, "Voidwing Hybrid": 3318, "Torpor Orb": 3089, "Mercurial Spelldancer": 1840, "Blightbelly Rat_SB": 240, "Devoted Duelist": 717, "Prowcatcher Specialist_SB": 2208, "Ghitu Lavarunner_SB": 1176, "Fortress Kin-Guard": 1102, "Salt Road Packbeast": 2460, "Inspiring Overseer_SB": 1489, "Salt Road Packbeast_SB": 2461, "Slumbering Keepguard": 2665, "The Princess Takes Flight": 2970, "Great Arashin City": 1270, "Maelstrom of the Spirit Dragon": 1774, "Qarsi Revenant_SB": 2225, "Kishla Skimmer": 1614, "Roar of Endless Song_SB": 2401, "Keldon Strike Team": 1595, "Sidisi, Regent of the Mire": 2604, "Gingerbrute_SB": 1194, "Undergrowth Leopard_SB": 3174, "Scavenger Regent_SB": 2495, "Scavenger Regent": 2492, "Overwhelming Surge_SB": 2085, "Qarsi Revenant": 2224, "Spectral Denial": 2708, "Corroding Dragonstorm": 570, "Sage of the Skies": 2453, "Heritage Reclamation": 1384, "Bleachbone Verge_SB": 238, "Voice of Victory": 3316, "Clarion Conqueror_SB": 503, "Helga, Skittish Seer": 1363, "Helga, Skittish Seer_SB": 1364, "Rakshasa's Bargain_SB": 2262, "Mistrise Village_SB": 1880, "Case of the Pilfered Proof": 421, "Coordinated Maneuver_SB": 558, "Winternight Stories_SB": 3401, "Craterhoof Behemoth": 589, "Craterhoof Behemoth_SB": 590, "Descendant of Storms": 702, "Severance Priest": 2561, "Yathan Roadwatcher": 3430, "Animist's Might": 78, "Scavenger Regent // Exude Toxin // Scavenger Regent_SB": 2494, "Seedglaive Mentor": 2541, "Stadium Headliner": 2757, "Behind the Mask": 204, "Don't Make a Sound_SB": 759, "Marang River Regent_SB": 1803, "Channeled Dragonfire": 469, "New Way Forward_SB": 1968, "Rotisserie Elemental_SB": 2421, "Twists and Turns_SB": 3140, "Strategic Betrayal_SB": 2811, "Simulacrum Synthesizer_SB": 2619, "Sagu Wildling": 2455, "Desperate Measures_SB": 710, "Muldrotha, the Gravetide_SB": 1933, "Fangkeeper's Familiar": 978, "Sinkhole Surveyor": 2621, "Dragonback Assault": 782, "Rediscover the Way_SB": 2316, "Ringing Strike Mastery_SB": 2381, "Disruptive Stormbrood_SB": 741, "Tinybones, Bauble Burglar_SB": 3059, "Glacierwood Siege": 1207, "Roiling Dragonstorm_SB": 2413, "Ureni, the Song Unending": 3225, "Shiko, Paragon of the Way_SB": 2581, "Ureni, the Song Unending_SB": 3226, "Spectral Denial_SB": 2709, "Dispelling Exhale_SB": 739, "Twinmaw Stormbrood": 3135, "Fleeting Effigy": 1069, "Dalkovan Packbeasts": 628, "Skullcap Snail": 2636, "Harried Spearguard": 1329, "Toxin Analysis_SB": 3094, "Dire Flail": 726, "Mardu Devotee": 1807, "Warren Warleader_SB": 3362, "Toby, Beastie Befriender_SB": 3073, "Mardu Devotee_SB": 1808, "Resolute Reinforcements_SB": 2348, "Mardu Siegebreaker": 1809, "Overwhelming Surge": 2084, "Stern Lesson_SB": 2785, "Coordinated Maneuver": 557, "Triumphant Chomp_SB": 3118, "Rampaging Raptor_SB": 2269, "Earthshaker Dreadmaw_SB": 831, "Temur Battlecrier": 2917, "Strategic Betrayal": 2810, "Kheru Goldkeeper": 1608, "Ambling Stormshell": 57, "Bedrock Tortoise": 203, "Dinotomaton": 725, "Dragon Whelp": 779, "Firespitter Whelp": 1059, "Mox Jasper": 1927, "Shivan Dragon": 2585, "Viashino Branchrider_SB": 3287, "Firebrand Archer_SB": 1055, "Twin Bolt_SB": 3130, "Rumbling Rockslide_SB": 2433, "Skyraker Giant_SB": 2645, "Breaching Dragonstorm_SB": 327, "Drakuseth, Maw of Flames_SB": 791, "Ticket Booth // Tunnel of Hate_SB": 3050, "Channeled Dragonfire_SB": 470, "All-Out Assault": 52, "Inevitable Defeat": 1467, "Neriv, Heart of the Storm": 1959, "Zurgo, Thunder's Decree": 3459, "Inevitable Defeat_SB": 1468, "Thunder of Unity_SB": 3042, "Windcrag Siege_SB": 3395, "Zurgo's Vanguard": 3458, "Duty Beyond Death": 821, "Ainok Wayfarer": 37, "Rabid Bite": 2236, "Polliwallop": 2171, "Felothar, Dawn of the Abzan": 1029, "Oracle of Tragedy_SB": 2043, "Corroding Dragonstorm_SB": 571, "Floriferous Vinewall": 1079, "Bovine Intervention_SB": 306, "Combat Courier": 531, "Twitching Doll_SB": 3142, "Under the Skin_SB": 3168, "Skyserpent Seeker_SB": 2648, "Break the Spell": 331, "Intrepid Stablemaster": 1503, "Guardian Sunmare": 1295, "Treacherous Greed": 3107, "Itzquinth, Firstborn of Gishath_SB": 1533, "Commune with Nature": 537, "Coordinated Clobbering": 556, "Take the Fall_SB": 2883, "Serum Snare_SB": 2557, "Infectious Bite_SB": 1470, "Elusive Otter_SB": 863, "Hurkyl, Master Wizard_SB": 1442, "Abyssal Harvester_SB": 11, "Clarion Conquerer_SB": 501, "Runescale Stormbrood": 2439, "Stasis Snare": 2770, "Moment of Truth_SB": 1899, "Helping Hand_SB": 1373, "Adarkar Wastes_SB": 19, "Floodfarm Verge_SB": 1076, "Meticulous Archive_SB": 1844, "Seachrome Coast_SB": 2520, "Mondrak, Glory Dominus": 1907, "Tomb Trawler": 3081, "Take Out the Trash_SB": 2880, "Convenient Target_SB": 554, "Kickoff Celebrations": 1609, "Nullpriest of Oblivion_SB": 2003, "Lord Skitter's Blessing": 1743, "Ayli, Eternal Pilgrim_SB": 164, "Stoic Sphinx": 2794, "Watcher of the Wayside": 3365, "Twinmaw Stormbrood_SB": 3136, "Confounding Riddle_SB": 543, "Glacial Dragonhunt_SB": 1206, "Combat Thresher": 533, "Windcrag Siege": 3394, "The Ancient One": 2935, "Nomad Outpost": 1990, "Sonic Shrieker": 2685, "The Sibsig Ceremony": 2977, "Purging Stormbrood_SB": 2215, "Curator of Destinies_SB": 616, "Glarb, Calamity's Augur_SB": 1209, "Heliod, the Radiant Dawn_SB": 1366, "Ghostly Dancers_SB": 1180, "Pyrrhic Blast": 2223, "Melek, Reforged Researcher": 1832, "Herd Heirloom_SB": 1381, "Vampiric Rites_SB": 3262, "Fear of Lost Teeth_SB": 1000, "Bloodghast_SB": 252, "Vampire Gourmand_SB": 3257, "Clarion Conqueror // Clarion Conqueror_SB": 502, "Taurean Mauler": 2895, "Anafenza, Unyielding Lineage": 63, "Clay Champion": 504, "Nesting Bot_SB": 1962, "Restricted Office // Lecture Hall_SB": 2371, "Dragonfire Blade": 783, "Monastery Messenger": 1904, "Terror of the Peaks_SB": 2926, "Calamity, Galloping Inferno_SB": 387, "Shocking Sharpshooter": 2591, "Fires of Victory_SB": 1058, "Bovine Intervention": 305, "Riling Dawnbreaker": 2380, "Awaken the Honored Dead_SB": 158, "Warden of the Grove": 3353, "Invasion of Ikoria": 1512, "Branch of Vitu-Ghazi": 315, "Dragon Sniper_SB": 778, "Revenge of the Rats": 2375, "Rise of the Varmints": 2386, "Undergrowth Leopard": 3173, "Grasping Longneck_SB": 1266, "Watcher of the Wayside_SB": 3366, "Shock Brigade": 2588, "Ratcatcher Trainee": 2278, "Deadly Riposte": 654, "Derelict Attic // Widow's Walk_SB": 701, "Reigning Victor": 2328, "Worthy Cost": 3417, "Bone-Cairn Butcher": 276, "Salt Road Skirmish": 2462, "Starry-Eyed Skyrider": 2766, "Dirgur Island Dragon": 728, "Aatchik, Emerald Radian": 0, "Yarus, Roar of the Old Gods": 3429, "Sinkhole Surveyor_SB": 2622, "Thunder of Unity": 3041, "Frontline Rush_SB": 1119, "Dalkovan Packbeasts_SB": 629, "Descendant of Storms_SB": 703, "Worthy Cost_SB": 3418, "War Effort_SB": 3350, "Shocking Sharpshooter_SB": 2592, "Unyielding Gatekeeper_SB": 3212, "Unscrupulous Contractor": 3197, "Gearbane Orangutan_SB": 1154, "Osseous Exhale": 2049, "Narset, Jeskai Waymaster": 1948, "Frostcliff Siege_SB": 1121, "Return Triumphant_SB": 2373, "Spring Splasher": 2746, "Norn's Wellspring": 1994, "Case of the Uneaten Feast_SB": 426, "Blue Sun's Twilight": 269, "Servant of the Stinger_SB": 2559, "Three Blind Mice_SB": 3026, "Bloodfeather Phoenix_SB": 249, "Annihilating Glare_SB": 86, "Lasyd Prowler": 1660, "Feral Encounter_SB": 1030, "Nature's Rhythm_SB": 1953, "Synchronized Charge_SB": 2872, "Viral Spawning_SB": 3297, "Ob Nixilis, Captive Kingpin": 2010, "All Will Be One": 51, "Encroaching Mycosynth": 874, "Krenko, Baron of Tin Street": 1645, "Ice Out": 1447, "Crime Novelist": 595, "Breeches, Eager Pillager_SB": 334, "Convenient Target": 553, "Niv-Mizzet, Supreme_SB": 1983, "Perennation_SB": 2114, "Timeless Lotus": 3053, "Phyrexian Vindicator_SB": 2142, "Urabrask_SB": 3218, "Grafted Butcher": 1259, "Voidwing Hybrid_SB": 3319, "Kiora, Sovereign of the Deep_SB": 1611, "Kalastria Highborn": 1573, "Cori Mountain Monastery_SB": 563, "Ertai's Scorn": 906, "Eshki Dragonclaw_SB": 910, "Songcrafter Mage_SB": 2684, "Bulk Up_SB": 363, "Eluge, the Shoreless Sea": 861, "Finale of Revelation": 1051, "Eliminate the Impossible": 855, "Eliminate the Impossible_SB": 856, "Finale of Revelation_SB": 1052, "Cat Collector_SB": 431, "Izoni, Center of the Web_SB": 1537, "Hazoret, Godseeker_SB": 1347, "Spelunking_SB": 2722, "Smile at Death": 2668, "Osteomancer Adept_SB": 2054, "Peer Past the Veil_SB": 2110, "Campus Guide_SB": 394, "Rot-Curse Rakshasa_SB": 2420, "Liberator, Urza's Battlethopter": 1695, "Racers' Scoreboard": 2240, "Markov Baron": 1814, "Pulse Tracker": 2214, "Redcap Gutter-Dweller_SB": 2313, "Dragon's Prey": 781, "Defibrillating Current": 680, "Alesha's Legacy": 48, "Emerge from the Cocoon": 870, "Midnight Mayhem": 1850, "Bone-Cairn Butcher_SB": 277, "Cori Mountain Stalwart_SB": 565, "Marshal of the Lost_SB": 1816, "Shock Brigade_SB": 2589, "Neriv, Heart of the Storm_SB": 1960, "Poised Practitioner_SB": 2167, "Filter Out": 1044, "Hero's Downfall": 1386, "Desecration Demon_SB": 705, "Lost in the Maze": 1748, "Whiskervale Forerunner": 3380, "Cori Mountain Stalwart": 564, "Underground River_SB": 3172, "Gloomlake Verge_SB": 1226, "Darkslick Shores_SB": 633, "Disdainful Stroke": 729, "Out Cold_SB": 2056, "Aggressive Sabotage_SB": 33, "Magmakin Artillerist": 1778, "Flood the Engine_SB": 1073, "Stadium Headliner_SB": 2758, "Draconautics Engineer_SB": 770, "Bumbleflower's Sharepot": 366, "Volt Charge": 3328, "Slickshot Lockpicker": 2661, "Invasion of Arcavios_SB": 1507, "Zur, Eternal Schemer_SB": 3455, "Portal to Phyrexia_SB": 2181, "Tarrian's Journal_SB": 2892}}