{"vocabulary": {"Anoint with Affliction": 88, "Cut Down": 621, "Darkslick Shores": 633, "Deep-Cavern Bat": 670, "Enduring Curiosity": 883, "Faerie Mastermind": 970, "Floodpits Drowner": 1079, "Gloomlake Verge": 1227, "Go for the Throat": 1234, "Island": 1526, "Kaito, Bane of Nightmares": 1563, "Mockingbird": 1887, "Phantom Interference": 2128, "Restless Reef": 2366, "Soulstone Sanctuary": 2707, "Spyglass Siren": 2754, "Swamp": 2864, "Underground River": 3179, "Blot Out_SB": 268, "Cut Down_SB": 622, "Deep-Cavern Bat_SB": 671, "Ghost Vacuum_SB": 1179, "Gix's Command_SB": 1202, "Go for the Throat_SB": 1235, "Mazemind Tome_SB": 1828, "Sheoldred, the Apocalypse_SB": 2583, "Three Steps Ahead_SB": 3038, "Tishana's Tidebinder_SB": 3073, "Fountainport": 1109, "Gix, Yawgmoth Praetor": 1203, "Sheoldred, the Apocalypse": 2582, "Tishana's Tidebinder": 3072, "Duress_SB": 820, "Malicious Eclipse_SB": 1796, "Negate_SB": 1960, "Misery's Shadow_SB": 1875, "Sheoldred's Edict_SB": 2581, "Adarkar Wastes": 19, "Ajani, Caller of the Pride": 40, "Floodfarm Verge": 1077, "No More Lies": 1987, "Novice Inspector": 2002, "Plains": 2164, "Regal Bunnicorn": 2327, "Restless Anchorage": 2359, "Seachrome Coast": 2524, "Sheltered by Ghosts": 2577, "Steel Seraph": 2786, "Subterranean Schooner": 2827, "Unidentified Hovership": 3193, "Warden of the Inner Sky": 3366, "Zoetic Glyph": 3460, "Destroy Evil_SB": 712, "Devout Decree_SB": 719, "Elspeth's Smite_SB": 864, "Loran of the Third Path_SB": 1741, "Rest in Peace_SB": 2358, "Analyze the Pollen": 65, "Bitter Reunion": 221, "Botanical Sanctum": 299, "Bushwhack": 377, "Copperline Gorge": 562, "Enduring Vitality": 889, "Fabled Passage": 960, "Forest": 1097, "Karplusan Forest": 1578, "Mountain": 1927, "Pawpatch Formation": 2108, "Questing Druid": 2234, "Roaring Furnace && Steaming Sauna": 2407, "Song of Totentanz": 2687, "Stormchaser's Talent": 2808, "Tarnation Vista": 2900, "This Town Ain't Big Enough": 3008, "Thundertrap Trainer": 3057, "Torch the Tower": 3092, "Up the Beanstalk": 3221, "Valley Floodcaller": 3254, "Yavimaya Coast": 3444, "Dissection Tools_SB": 743, "Floodpits Drowner_SB": 1080, "Pawpatch Formation_SB": 2109, "Scorching Dragonfire_SB": 2506, "Unable to Scream_SB": 3167, "Up the Beanstalk_SB": 3222, "Enduring Innocence": 885, "Get Lost": 1163, "Virtue of Loyalty": 3313, "Get Lost_SB": 1164, "Sheltered by Ghosts_SB": 2578, "Archfiend of the Dross": 110, "Blooming Marsh": 263, "Duress": 819, "Glissa Sunslayer": 1224, "Llanowar Elves": 1722, "Llanowar Wastes": 1727, "Maelstrom Pulse": 1773, "Mosswood Dreadknight": 1925, "Restless Cottage": 2363, "Unholy Annex && Ritual Chamber": 3189, "Maelstrom Pulse_SB": 1774, "Nissa, Ascended Animist_SB": 1983, "Scavenging Ooze_SB": 2503, "Tear Asunder_SB": 2907, "Tranquil Frillback_SB": 3108, "Beza, the Bounding Spring": 213, "Caretaker's Talent": 408, "Carrot Cake": 412, "Lay Down Arms": 1665, "Season of the Burrow": 2538, "Soul Partition": 2694, "Sunfall": 2839, "Sunken Citadel": 2842, "The Eternal Wanderer": 2955, "Authority of the Consuls_SB": 152, "Exorcise_SB": 937, "Realmbreaker, the Invasion Tree_SB": 2301, "Split Up_SB": 2746, "The Eternal Wanderer_SB": 2956, "Burst Lightning": 375, "Emberheart Challenger": 872, "Heartfire Hero": 1353, "Hired Claw": 1410, "Lightning Strike": 1703, "Manifold Mouse": 1800, "Monastery Swiftspear": 1908, "Monstrous Rage": 1914, "Rockface Village": 2412, "Screaming Nemesis": 2517, "Witchstalker Frenzy": 3420, "Lithomantic Barrage_SB": 1717, "Obliterating Bolt_SB": 2016, "Sunspine Lynx_SB": 2848, "Torch the Tower_SB": 3093, "Twisted Fealty_SB": 3147, "Urabrask's Forge_SB": 3225, "Witchstalker Frenzy_SB": 3421, "Dreams of Steel and Oil": 806, "Scavenging Ooze": 2502, "Tear Asunder": 2906, "Underground Mortuary": 3177, "Choking Miasma_SB": 484, "Harvester of Misery_SB": 1333, "Liliana of the Veil_SB": 1709, "Render Inert_SB": 2343, "Vivien Reid_SB": 3322, "Shock_SB": 2596, "Spectral Sailor": 2718, "Anoint with Affliction_SB": 89, "Disdainful Stroke_SB": 730, "Kellan, Planar Trailblazer": 1597, "Assimilation Aegis": 138, "Ajani, Caller of the Pride_SB": 41, "Doomsday Excruciator": 763, "Jace, the Perfected Mind": 1539, "Preacher of the Schism": 2191, "Sheoldred's Edict": 2580, "Spell Stutter": 2722, "Undercity Sewers": 3176, "Aclazotz, Deepest Betrayal_SB": 16, "Dreams of Steel and Oil_SB": 807, "Virtue of Persistence_SB": 3316, "Withering Torment_SB": 3423, "Battlefield Forge": 195, "Case of the Crimson Pulse": 414, "Ethereal Armor": 927, "Inspiring Vantage": 1487, "Loran's Escape": 1742, "Optimistic Scavenger": 2043, "Restless Bivouac": 2361, "Shardmage's Rescue": 2572, "Slickshot Show-Off": 2669, "Case of the Crimson Pulse_SB": 415, "Lightning Helix_SB": 1702, "Valorous Stance_SB": 3263, "Bloodletter of Aclazotz": 254, "Disfigure": 733, "Liliana of the Veil": 1708, "Phyrexian Fleshgorger": 2139, "Unstoppable Slasher": 3211, "Virtue of Persistence": 3315, "Cruelclaw's Heist_SB": 598, "Archangel Elspeth": 102, "Invasion of Tolvada": 1518, "Liliana, Dreadhorde General": 1710, "Shadowy Backstreet": 2570, "Boon-Bringer Valkyrie_SB": 290, "Cease // Desist_SB": 448, "Grand Abolisher_SB": 1262, "Kaya, Intangible Slayer_SB": 1582, "Outrageous Robbery_SB": 2068, "Bitter Triumph": 223, "Breach the Multiverse_SB": 326, "Atraxa, Grand Unifier": 145, "Chart a Course": 476, "Founding the Third Path": 1106, "Into the Flood Maw": 1493, "Kiora, the Rising Tide": 1609, "Picklock Prankster": 2150, "Valgavoth, Terror Eater": 3249, "Wail of the Forgotten": 3357, "Zombify": 3462, "Filter Out_SB": 1047, "Azure Beastbinder": 165, "Might of the Meek": 1854, "Restless Ridgeline": 2368, "Scorching Dragonfire": 2505, "Snakeskin Veil": 2678, "Thornspire Verge": 3014, "Fiery Annihilation_SB": 1044, "Innkeeper's Talent_SB": 1475, "Pick Your Poison_SB": 2149, "Questing Druid_SB": 2235, "Scorching Shot_SB": 2508, "Snakeskin Veil_SB": 2679, "Overlord of the Mistmoors": 2081, "Beza, the Bounding Spring_SB": 214, "Season of the Burrow_SB": 2539, "Glistening Deluge_SB": 1226, "Hostile Investigator_SB": 1431, "Gix's Command": 1201, "Three Steps Ahead": 3037, "Kaito, Bane of Nightmares_SB": 1564, "Cavern of Souls": 443, "Hedge Maze": 1361, "Herd Migration": 1382, "Hushwood Verge": 1443, "Leyline Binding": 1685, "Lush Portico": 1764, "Meticulous Archive": 1845, "Overlord of the Floodpits": 2077, "Overlord of the Hauntwoods": 2079, "Scrollshift": 2519, "Split Up": 2745, "Zur, Eternal Schemer": 3468, "Doppelgang_SB": 767, "Agatha's Soul Cauldron": 32, "Arcanis the Omnipotent": 101, "Fear of Missing Out": 1005, "Lightning Helix": 1701, "Proft's Eidetic Memory": 2203, "Shivan Reef": 2592, "Spirebluff Canal": 2739, "Steamcore Scholar": 2782, "Thundering Falls": 3053, "Voldaren Thrillseeker": 3336, "Abrade_SB": 5, "Pyroclasm_SB": 2226, "Disfigure_SB": 734, "Dreamdew Entrancer": 804, "Innkeeper's Talent": 1474, "Obliterating Bolt": 2015, "Screaming Nemesis_SB": 2518, "Aclazotz, Deepest Betrayal": 15, "Cruelclaw's Heist": 597, "Demolition Field": 691, "Harvester of Misery": 1332, "Tranquil Frillback": 3107, "Sentinel of the Nameless City": 2557, "Thrun, Breaker of Silence_SB": 3049, "Kaito, Cunning Infiltrator": 1565, "Abhorrent Oculus": 2, "Haughty Djinn": 1335, "Helping Hand": 1372, "Moment of Truth": 1901, "Negate": 1959, "Recommission": 2312, "Unsummon": 3213, "Monastery Mentor_SB": 1906, "Soul Partition_SB": 2695, "Temporary Lockdown_SB": 2927, "Shoot the Sheriff": 2599, "Case of the Gateway Express": 417, "Gleeful Demolition": 1219, "Imodane's Recruiter": 1455, "Knight-Errant of Eos": 1623, "Painter's Studio && Defaced Gallery": 2096, "Resolute Reinforcements": 2352, "Yotian Frontliner": 3448, "Protect the Negotiators_SB": 2212, "Wrenn's Resolve_SB": 3438, "Boltwave": 275, "Boros Charm": 292, "Thran Portal": 3028, "Shardmage's Rescue_SB": 2573, "Sword of Once and Future_SB": 2875, "Protect the Negotiators": 2211, "Splitskin Doll": 2747, "The End_SB": 2953, "Spellbook Vendor": 2724, "Blackcleave Cliffs": 226, "Blazemire Verge": 234, "Piggy Bank": 2152, "Raucous Theater": 2287, "Sulfurous Springs": 2831, "Beseech the Mirror": 207, "Brotherhood's End": 355, "Clockwork Percussionist": 509, "Demonic Pact": 697, "Disturbing Mirth": 749, "Final Vengeance": 1051, "Hopeless Nightmare": 1424, "Hostile Investigator": 1430, "Nowhere to Run": 2003, "Restless Vents": 2372, "Tinybones Joins Up": 3065, "Tinybones, the Pickpocket": 3069, "Urabrask's Forge": 3224, "Case of the Stashed Skeleton_SB": 424, "Feed the Swarm_SB": 1019, "Leyline of the Void_SB": 1693, "Deadly Cover-Up": 652, "Deduce": 666, "Quick Study": 2237, "Etali, Primal Conqueror": 922, "Molten Collapse": 1892, "Overlord of the Balemurk": 2073, "Push // Pull": 2221, "The Cruelty of Gix": 2947, "The Infamous Cruelclaw": 2965, "Trumpeting Carnosaur": 3129, "Brotherhood's End_SB": 356, "Molten Collapse_SB": 1893, "Elspeth's Smite": 863, "Sunfall_SB": 2840, "Day of Judgment": 643, "Mazemind Tome": 1827, "Ossification": 2055, "Surge of Salvation_SB": 2854, "Shock": 2593, "Herbology Instructor_SB": 1379, "Into the Flood Maw_SB": 1494, "Muerra, Trash Tactician_SB": 1934, "Temporary Lockdown": 2926, "Not on My Watch_SB": 2001, "Royal Treatment": 2431, "Aegis Turtle_SB": 23, "Burst Lightning_SB": 376, "Invasion of Tarkir_SB": 1516, "Volcanic Spite_SB": 3334, "Case of the Filched Falcon": 416, "Leyline Axe": 1684, "Cache Grab": 379, "Eddymurk Crab": 842, "Get Out": 1165, "Restless Vinestalk": 2374, "Sleight of Hand": 2663, "Tolarian Terror": 3086, "Mountain_SB": 1928, "Brushland": 358, "Dusk Rose Reliquary": 822, "Kellan, Daring Traveler": 1594, "Kutzil, Malamet Exemplar": 1649, "Razorverge Thicket": 2295, "Restless Prairie": 2365, "Teething Wurmlet": 2910, "Tough Cookie": 3099, "Aven Interrupter_SB": 155, "Tail Swipe_SB": 2887, "Glass Casket_SB": 1213, "Altanak, the Thrice-Called": 55, "Say Its Name": 2488, "Pawpatch Recruit": 2110, "Barbed Batterfist": 183, "Sentinel of the Nameless City_SB": 2558, "Caustic Bronco": 437, "Fugitive Codebreaker_SB": 1127, "Knight of Grace_SB": 1622, "Rona's Vortex": 2420, "Seed of Hope": 2545, "Nowhere to Run_SB": 2004, "Swamp_SB": 2865, "Shore Up": 2601, "Enduring Curiosity_SB": 884, "Runic Shot": 2445, "Herald of Eternal Dawn_SB": 1375, "Karplusan Forest_SB": 1579, "Minor Misstep_SB": 1863, "Monstrous Emergence_SB": 1913, "Blot Out": 267, "Vivien Reid": 3321, "Sharp-Eyed Rookie": 2574, "Preacher of the Schism_SB": 2192, "Kaito, Cunning Infiltrator_SB": 1566, "Inti, Seneschal of the Sun": 1489, "Invasion of Ixalan": 1509, "Ral, Crackling Wit_SB": 2270, "Sun-Blessed Healer_SB": 2834, "Stingerback Terror_SB": 2793, "Clifftop Lookout": 507, "Outrageous Robbery": 2067, "Pillage the Bog": 2157, "Seized from Slumber": 2552, "Starfall Invocation": 2769, "Archangel of Wrath_SB": 107, "Sphinx of Forgotten Lore_SB": 2729, "Ertai Resurrected": 909, "Mirrex": 1867, "Charming Scoundrel": 474, "Fugitive Codebreaker": 1126, "Emberheart Challenger_SB": 873, "Rockface Village_SB": 2413, "Squee, Dubious Monarch_SB": 2757, "Scorching Shot": 2507, "Feed the Cycle": 1015, "Monastery Mentor": 1905, "Faebloom Trick": 965, "Change the Equation_SB": 468, "Opt": 2041, "No More Lies_SB": 1988, "Seeker's Folly": 2547, "Tail Swipe": 2886, "Jace, the Perfected Mind_SB": 1540, "The Stone Brain_SB": 2993, "Stab_SB": 2760, "Arabella, Abandoned Doll": 93, "Requisition Raid_SB": 2351, "Aloe Alchemist": 54, "Cacophony Scamp": 381, "Cunning Coyote": 613, "Caves of Koilos": 446, "Cease // Desist": 447, "Concealed Courtyard": 539, "Kaya, Intangible Slayer": 1581, "Mortify": 1921, "Restless Fortress": 2364, "Union of the Third Path": 3195, "Elenda, Saint of Dusk_SB": 856, "Kutzil's Flanker_SB": 1648, "Soul Search_SB": 2697, "Thrun, Breaker of Silence": 3048, "Assimilation Aegis_SB": 139, "Serra Paragon": 2560, "Day of Judgment_SB": 644, "Desecration Demon": 705, "Season of Gathering_SB": 2533, "The Cruelty of Gix_SB": 2948, "Overlord of the Boilerbilges": 2075, "Valgavoth's Onslaught": 3247, "Torch the Witness_SB": 3095, "Phyrexian Fleshgorger_SB": 2140, "Raucous Carnival": 2285, "Harmless Offering": 1328, "Coveted Falcon": 585, "Fallaji Archaeologist": 976, "Tithing Blade": 3078, "Impulse": 1462, "Portent of Calamity": 2187, "Drag to the Bottom": 777, "Ill-Timed Explosion": 1452, "Greed's Gambit_SB": 1276, "Archfiend of the Dross_SB": 111, "Stab": 2759, "Vinereap Mentor": 3303, "Glissa Sunslayer_SB": 1225, "Sorcerous Spyglass_SB": 2693, "Elesh Norn, Mother of Machines": 858, "Archangel of Wrath": 106, "Commercial District": 536, "Broodspinner_SB": 354, "The Gitrog, Ravenous Ride_SB": 2960, "Caustic Bronco_SB": 438, "Collector's Cage": 521, "Nurturing Pixie": 2007, "Sun-Blessed Healer": 2833, "Toby, Beastie Befriender": 3081, "Ajani, Sleeper Agent_SB": 44, "Artist's Talent": 128, "Crash Through": 588, "Hearth Elemental": 1358, "Urabrask": 3223, "Wrenn's Resolve": 3437, "Jaya, Fiery Negotiator_SB": 1544, "Koth, Fire of Resistance_SB": 1636, "Wear Down_SB": 3384, "Deadly Cover-Up_SB": 653, "Sanguine Evangelist": 2475, "Warleader's Call": 3370, "Invasion of Gobakhan_SB": 1507, "Serra Paragon_SB": 2561, "Mishra's Foundry": 1878, "Untimely Malfunction_SB": 3216, "Callous Sell-Sword": 392, "Audacity": 147, "Two-Headed Hunter": 3151, "Giant Growth": 1186, "Tyvar's Stand_SB": 3159, "Soul-Guide Lantern_SB": 2700, "Unholy Annex // Ritual Chamber": 3191, "Chrome Host Seedshark_SB": 486, "Heartflame Duelist_SB": 1357, "Valley Questcaller": 3257, "Finneas, Ace Archer": 1055, "Hinterland Sanctifier": 1408, "Seasoned Warrenguard": 2541, "Valley Mightcaller": 3256, "Surge of Salvation": 2853, "Hop to It": 1421, "Banner of Kinship": 180, "Three Tree City": 3039, "Lupinflower Village": 1762, "Joust Through_SB": 1558, "Abyssal Harvester": 10, "Razorlash Transmogrant_SB": 2294, "Spinner of Souls": 2737, "Roxanne, Starfall Savant": 2429, "Wrenn and Realmbreaker": 3434, "Ferocification": 1033, "Ruby, Daring Tracker": 2434, "Wildfire Wickerfolk": 3401, "Hunter's Talent": 1439, "Axebane Ferox": 159, "Scrapshooter": 2511, "Dragonhawk, Fate's Tempest": 789, "Pick Your Poison": 2148, "Chainsaw": 457, "Keen-Eyed Curator": 1588, "Sunspine Lynx": 2847, "Evangel of Synthesis": 930, "Invasion of Amonkhet": 1500, "Dreadwing Scavenger": 803, "Malcolm, Alluring Scoundrel": 1792, "Render Inert": 2342, "Arcane Proxy": 100, "Massacre Wurm_SB": 1822, "Change the Equation": 467, "Helpful Hunter": 1371, "Starscape Cleric": 2772, "Elas il-Kor, Sadistic Pilgrim": 850, "Bloodthirsty Conqueror": 258, "Amalia Benavides Aguirre": 56, "Mudflat Village": 1932, "Raise the Past": 2258, "Enduring Tenacity_SB": 888, "Atraxa, Grand Unifier_SB": 146, "Highway Robbery": 1406, "Sheoldred": 2579, "Blue Sun's Twilight_SB": 271, "Bristlebud Farmer_SB": 345, "Elegant Parlor": 854, "Elesh Norn, Mother of Machines_SB": 859, "Fear of Impostors_SB": 998, "Long Goodbye_SB": 1732, "Spring-Loaded Sawblades": 2752, "Demonic Ruckus": 699, "Elenda, Saint of Dusk": 855, "Legions to Ashes": 1677, "Monstrous Emergence": 1912, "Invasion of Gobakhan": 1506, "The Wandering Rescuer": 2998, "Charming Prince": 473, "Don't Make a Sound": 761, "Silent Hallcreeper_SB": 2616, "Fiery Annihilation": 1043, "Loran of the Third Path": 1740, "Not on My Watch": 2000, "Tectonic Hazard_SB": 2909, "Glimpse the Core": 1222, "Smuggler's Surprise": 2676, "The Irencrag": 2966, "Vaultborn Tyrant": 3275, "Liliana, Dreadhorde General_SB": 1711, "Make Your Own Luck": 1788, "Ancient Cornucopia": 69, "Omniscience": 2037, "Invasion of Arcavios": 1502, "Peerless Recycling_SB": 2115, "Beseech the Mirror_SB": 208, "Heroic Reinforcements_SB": 1390, "This Town Ain't Big Enough_SB": 3009, "Sleep-Cursed Faerie": 2662, "Faerie Dreamthief": 967, "Faerie Fencing": 968, "Ego Drain": 846, "Season of Loss": 2534, "Talion's Messenger_SB": 2896, "Wing Commando": 3410, "Roaring Furnace // Steaming Sauna": 2409, "Ral, Crackling Wit": 2269, "Stormcatch Mentor": 2807, "Elusive Otter": 868, "Blood Hustler": 246, "Deathcap Marionette": 660, "Eaten Alive": 838, "Forsaken Miner": 1102, "Fear of Being Hunted": 993, "Enduring Courage": 881, "Fell": 1027, "Jagged Barrens": 1541, "Bloodfell Caves": 251, "Third Path Iconoclast": 3004, "Reasonable Doubt": 2302, "Essence Scatter_SB": 920, "Painter's Studio // Defaced Gallery": 2098, "Parting Gust": 2104, "Restless Spire": 2370, "Teferi, Temporal Pilgrim": 2911, "Silver Scrutiny_SB": 2619, "Misery's Shadow": 1874, "Obstinate Baloth_SB": 2020, "Braids, Arisen Nightmare": 310, "Greedy Freebooter": 1277, "Corrupted Conviction": 574, "Spiteful Hexmage": 2741, "Furnace Reins": 1136, "Vengeful Bloodwitch": 3284, "Bitter Triumph_SB": 224, "Overlord of the Floodpits_SB": 2078, "Trygon Predator_SB": 3130, "Kiora, the Rising Tide_SB": 1610, "Vampire Nighthawk_SB": 3267, "Rankle's Prank": 2278, "Bandit's Talent": 176, "Ruthless Negotiation": 2453, "Thought-Stalker Warlock": 3019, "Plumecreed Escort": 2170, "Marauding Blight-Priest": 1805, "Phyrexian Arena": 2134, "Case of the Uneaten Feast": 425, "Scoured Barrens": 2510, "Balustrade Wurm_SB": 174, "Assassin's Trophy_SB": 137, "Haunted Screen": 1341, "Prayer of Binding": 2190, "The End": 2952, "Kaya, Spirits' Justice": 1583, "Sandstorm Verge": 2474, "Unwanted Remake": 3217, "Capricious Hellraiser": 402, "Brass's Tunnel-Grinder": 319, "Season of Weaving": 2536, "Chandra, Hope's Beacon": 461, "Fires of Victory": 1059, "Horned Loch-Whale": 1426, "Chandra, Flameshaper": 459, "Virtue of Knowledge_SB": 3312, "Pilfer_SB": 2156, "Cerebral Confiscation_SB": 454, "Feed the Cycle_SB": 1016, "Chimil, the Inner Sun_SB": 481, "Urborg Scavengers_SB": 3231, "No One Left Behind": 1989, "Insatiable Avarice_SB": 1480, "Rona's Vortex_SB": 2421, "Bonny Pall, Clearcutter": 283, "Bristly Bill, Spine Sower": 347, "Invasion of Zendikar": 1519, "Loot, Exuberant Explorer": 1736, "Mossborn Hydra": 1923, "River's Rebuke": 2398, "Nissa, Resurgent Animist": 1984, "Tatyova, Benthic Druid": 2903, "Joint Exploration": 1555, "Koma, World-Eater": 1631, "River's Rebuke_SB": 2399, "Primeval Bounty_SB": 2197, "Haywire Mite_SB": 1344, "Azure Beastbinder_SB": 166, "Koma, World-Eater_SB": 1632, "Urza's Sylex": 3240, "Exorcise": 936, "Dollmaker's Shop // Porcelain Gallery": 759, "Union of the Third Path_SB": 3196, "Regal Caracal_SB": 2330, "Enduring Tenacity": 887, "Rush of Dread": 2447, "Secluded Courtyard": 2543, "Urza's Sylex_SB": 3241, "Plaza of Heroes": 2169, "Refute": 2325, "Throne of the Grim Captain": 3045, "Urborg Scavengers": 3230, "Valgavoth's Lair": 3246, "Zetalpa, Primal Dawn": 3456, "Drana and Linvala_SB": 798, "Pest Control_SB": 2125, "The Kenriths' Royal Funeral_SB": 2969, "Ephara's Dispersal_SB": 903, "Nashi, Searcher in the Dark": 1953, "Saiba Cryptomancer": 2464, "Silent Hallcreeper": 2615, "Phantom Interference_SB": 2129, "Archangel Elspeth_SB": 103, "Roaring Furnace && Steaming Sauna_SB": 2408, "Faebloom Trick_SB": 966, "Plains_SB": 2165, "Chimil, the Inner Sun": 480, "Collector's Vault": 523, "White Sun's Twilight": 3395, "Disenchant_SB": 732, "Rat Out_SB": 2281, "Moment of Craving_SB": 1899, "Vren, the Relentless_SB": 3356, "Gix, Yawgmoth Praetor_SB": 1204, "Seized from Slumber_SB": 2553, "Crystal Barricade_SB": 609, "Break Out": 330, "Cenote Scout": 451, "Patchwork Beastie": 2107, "Violent Urge": 3305, "Vengeful Possession_SB": 3287, "Turn Inside Out": 3136, "Furnace Reins_SB": 1137, "Dazzling Denial": 646, "Tyvar's Stand": 3158, "Zoetic Glyph_SB": 3461, "Regal Bunnicorn_SB": 2328, "Authority of the Consuls": 151, "Glass Casket": 1212, "Thornwood Falls": 3016, "Creosote Heath": 594, "Malicious Eclipse": 1795, "Festering Gulch": 1035, "Shroudstomper": 2609, "Forlorn Flats": 1101, "Outcaster Greenblade": 2062, "Spinewoods Armadillo": 2734, "Feed the Infection": 1017, "Copper Host Crusher": 560, "Badlands Revival": 168, "Bandit's Haul": 175, "Vinereap Mentor_SB": 3304, "Insidious Fungus_SB": 1482, "Hunter's Talent_SB": 1440, "Confounding Riddle": 543, "Surgical Suite // Hospital Room": 2858, "Mischievous Pup": 1873, "Inspiring Overseer": 1485, "Hinterland Sanctifier_SB": 1409, "Cathar Commando_SB": 433, "Angel of Finality_SB": 73, "Fynn, the Fangbearer": 1138, "Infectious Bite": 1467, "Vampire Nighthawk": 3266, "Servant of the Stinger": 2564, "Ankle Biter": 79, "Bilious Skulldweller": 215, "Infectious Inquiry": 1469, "Vraska's Fall": 3350, "Nimraiser Paladin": 1981, "The Hunter Maze": 2962, "The Dross Pits": 2949, "Urborg Repossession": 3228, "Wardens of the Cycle": 3367, "Honest Rutstein": 1420, "Kraul Whipcracker": 1637, "Strangled Cemetery": 2817, "Binding Negotiation_SB": 217, "Rogue's Passage": 2415, "Rugged Highlands": 2435, "Thrashing Brontodon": 3031, "Giant Cindermaw": 1184, "Belligerent Yearling": 206, "Scytheclaw Raptor": 2522, "Triumphant Chomp": 3125, "Colossadactyl": 527, "Earthshaker Dreadmaw": 836, "Ixalli's Lorekeeper": 1532, "Itzquinth, Firstborn of Gishath": 1528, "Bristling Backwoods": 346, "Armored Kincaller_SB": 124, "Insidious Roots": 1483, "Defiled Crypt // Cadaver Lab": 684, "Coati Scavenger": 513, "Blanchwood Prowler": 229, "Cult Conscript": 611, "Osseous Sticktwister": 2054, "Skyfisher Spider": 2648, "Drag to the Roots": 778, "Jungle Hollow": 1561, "Deadly Brew": 650, "Dewdrop Cure_SB": 721, "Fanatical Firebrand": 979, "Hellspur Brute": 1367, "Flamecache Gecko": 1064, "Fireglass Mentor": 1058, "Vial Smasher, Gleeful Grenadier": 3297, "At Knifepoint": 142, "Abrade": 4, "Mourner's Surprise_SB": 1929, "Caught in the Crossfire_SB": 435, "Scales of Shale_SB": 2495, "Soured Springs": 2709, "Lush Oasis": 1763, "Live or Die": 1718, "Seize the Secrets": 2550, "Shoot the Sheriff_SB": 2600, "Demolition Field_SB": 692, "Vraska, Betrayal's Sting": 3352, "Keen-Eyed Curator_SB": 1589, "Armored Armadillo": 122, "Feather of Flight": 1011, "Knight of Grace": 1621, "Toadstool Admirer": 3080, "Unflinching Courage": 3187, "Overlord of the Mistmoors_SB": 2082, "Sanguine Evangelist_SB": 2476, "Virtue of Loyalty_SB": 3314, "Clay-Fired Bricks": 505, "Sandstorm Salvager": 2472, "Skyknight Squire": 2650, "Tolsimir, Midnight's Light": 3088, "Builder's Talent": 361, "Nissa, Ascended Animist": 1982, "Dreamdew Entrancer_SB": 805, "Aven Interrupter": 154, "Errant and Giada": 907, "Werefox Bodyguard": 3389, "Plumecreed Escort_SB": 2171, "Autonomous Assembler": 153, "Etali's Favor": 921, "Geological Appraiser": 1160, "Luminous Rebuke": 1756, "Quintorius Kand": 2238, "Caretaker's Talent_SB": 409, "Luminous Rebuke_SB": 1757, "Candy Trail": 398, "Fomori Vault": 1090, "Massacre Wurm": 1821, "The Enigma Jewel": 2954, "Valgavoth's Faithful": 3245, "Sheoldred_SB": 2584, "Felidar Retreat_SB": 1026, "Lyra Dawnbringer_SB": 1766, "Hired Claw_SB": 1411, "Unsummon_SB": 3214, "Valley Floodcaller_SB": 3255, "Temple of Triumph": 2925, "Kayla's Command_SB": 1585, "Starfall Invocation_SB": 2770, "Scavenger's Talent": 2501, "Souls of the Lost": 2705, "Stalactite Stalker": 2764, "Bandit's Talent_SB": 177, "Rottenmouth Viper_SB": 2428, "Unholy Annex && Ritual Chamber_SB": 3190, "Spell Stutter_SB": 2723, "Thought-Stalker Warlock_SB": 3020, "Jace Reawakened": 1536, "Faerie Mastermind_SB": 971, "Spinner of Souls_SB": 2738, "Mabel, Heir to Cragflame": 1769, "Shore Up_SB": 2602, "Entity Tracker": 900, "Fae Flight": 963, "Gremlin Tamer": 1282, "Inquisitive Glimmer": 1477, "Pawpatch Recruit_SB": 2111, "Cryptic Coat_SB": 605, "Parting Gust_SB": 2105, "Bitter Reunion_SB": 222, "Jace Reawakened_SB": 1537, "Gremlin Tamer_SB": 1283, "Rat Out": 2280, "Planar Disruption_SB": 2167, "Shrouded Shepherd_SB": 2608, "Callous Sell-Sword_SB": 393, "Neutralize the Guards_SB": 1969, "Ertai Resurrected_SB": 910, "Demonic Counsel": 693, "Escape Tunnel": 913, "Kaito, Dancing Shadow": 1567, "Demonic Counsel_SB": 694, "Kaito, Dancing Shadow_SB": 1568, "Youthful Valkyrie": 3449, "Exemplar of Light": 934, "Lyra Dawnbringer": 1765, "Giada, Font of Hope": 1182, "Resplendent Angel": 2354, "Archangel of Tithes_SB": 105, "Warleader's Call_SB": 3371, "Anointed Peacekeeper": 90, "Recruitment Officer": 2314, "Skrelv, Defector Mite": 2638, "The Filigree Sylex_SB": 2959, "Phyrexian Censor_SB": 2137, "Dollmaker's Shop && Porcelain Gallery": 758, "Urgent Necropsy_SB": 3236, "The Swarmweaver": 2995, "The Elder Dragon War": 2950, "Restless Ridgeline_SB": 2369, "Gisa, the Hellraiser_SB": 1197, "Magebane Lizard_SB": 1778, "Slagstorm_SB": 2658, "Cruel Somnophage": 596, "Molten Duplication": 1894, "Herbology Instructor": 1378, "Flowerfoot Swordmaster": 1086, "Restless Bivouac_SB": 2362, "Assassin's Trophy": 136, "Kami of Whispered Hopes": 1572, "Fauna Shaman": 988, "Diabolic Intent": 722, "Tyvar, Jubilant Brawler": 3160, "Lively Dirge_SB": 1720, "Haywire Mite": 1343, "Rubblebelt Maverick": 2433, "Scorn-Blade Berserker": 2509, "Snarling Gorehound": 2681, "Imperious Perfect_SB": 1460, "Reclamation Sage_SB": 2311, "Sandstorm Salvager_SB": 2473, "Tough Cookie_SB": 3100, "Urborg Repossession_SB": 3229, "Lord Skitter, Sewer King_SB": 1746, "Archdruid's Charm": 108, "Calamity, Galloping Inferno": 388, "Sire of Seven Deaths": 2629, "The Rollercrusher Ride": 2984, "Tyrranax Rex_SB": 3156, "Get Out_SB": 1166, "Raucous Carnival_SB": 2286, "Blossoming Tortoise": 266, "Cityscape Leveler": 493, "Spelunking": 2727, "Titania's Command": 3074, "Argoth, Sanctum of Nature": 119, "Blast Zone": 232, "Cavernous Maw": 445, "Forgotten Monument": 1100, "Volatile Fault": 3331, "Urza, Lord Protector": 3242, "Simulacrum Synthesizer": 2624, "Fabrication Foundry": 961, "Unstable Glyphbridge": 3208, "Braided Net": 308, "Thran Spider": 3029, "The Mightstone and Weakstone": 2974, "Withering Torment": 3422, "Skrelv's Hive_SB": 2637, "Osteomancer Adept": 2057, "Curious Forager": 617, "Thornvault Forager": 3015, "The Mycotyrant": 2979, "Sporogenic Infection_SB": 2750, "Agatha's Soul Cauldron_SB": 33, "Titania, Voice of Gaea_SB": 3077, "Huskburster Swarm_SB": 1445, "Case of the Stashed Skeleton": 423, "Grievous Wound": 1285, "Torpor Orb_SB": 3098, "Funeral Room // Awakening Hall_SB": 1132, "Rise of the Dark Realms_SB": 2390, "Pyroclasm": 2225, "Seize the Spoils": 2551, "Ichor Drinker": 1449, "Hungry Ghoul": 1438, "Cemetery Recruitment": 450, "Diregraf Ghoul": 727, "Skeleton Archer": 2631, "Sanguine Syphoner": 2477, "Mephitic Draught": 1841, "Not Dead After All": 1998, "Murder": 1938, "Canonized in Blood": 401, "Vampiric Rites": 3269, "Moment of Craving": 1898, "Nullpriest of Oblivion": 2005, "Offer Immortality": 2023, "Urgent Necropsy": 3235, "Heaped Harvest": 1352, "Iridescent Vinelasher": 1523, "Gev, Scaled Scorch": 1169, "Valley Rotcaller": 3258, "Scales of Shale": 2494, "Terror of the Peaks": 2936, "Twinflame Tyrant": 3141, "Valgavoth, Terror Eater_SB": 3250, "Cryptic Coat": 604, "Temple of Enlightenment": 2918, "Ezrim, Agency Chief_SB": 957, "Valkyrie's Call_SB": 3252, "Fumigate_SB": 1130, "Cathar Commando": 432, "Coppercoat Vanguard": 561, "Harbin, Vanguard Aviator": 1319, "Valiant Veteran": 3251, "Zephyr Sentinel": 3453, "Skystrike Officer": 2656, "Fortified Beachhead": 1103, "Raise the Past_SB": 2259, "Take Up the Shield_SB": 2891, "Royal Treatment_SB": 2432, "Unidentified Hovership_SB": 3194, "Gingerbrute": 1194, "Goldvein Hydra": 1248, "Ozolith, the Shattered Spire": 2093, "Song of Totentanz_SB": 2688, "Alesha, Who Laughs at Fate": 50, "Vadmir, New Blood": 3243, "Arabella, Abandoned Doll_SB": 94, "Painter's Studio && Defaced Gallery_SB": 2097, "Stoic Sphinx_SB": 2800, "Leyline of Resonance": 1687, "Doorkeeper Thrull_SB": 765, "Tinybones, the Pickpocket_SB": 3070, "Outcaster Trailblazer": 2063, "Pond Prophet": 2181, "Splash Portal": 2743, "Temple of Mystery": 2922, "Timely Interference": 3063, "Unable to Scream": 3166, "Vesuvan Duplimancy": 3292, "Dive Down_SB": 752, "Scrawling Crawler_SB": 2515, "Gnawing Vermin": 1232, "Hollow Marauder": 1415, "Huskburster Swarm": 1444, "Overwhelming Remorse": 2087, "Stubborn Burrowfiend": 2825, "Writhing Necromass": 3439, "Basilisk Collar_SB": 191, "Dryad Militant_SB": 815, "Subterranean Schooner_SB": 2828, "Mockingbird_SB": 1888, "Chandra, Hope's Beacon_SB": 462, "Bristlebud Farmer": 344, "Charred Foyer && Warped Space_SB": 475, "Push // Pull_SB": 2222, "Virtue of Courage_SB": 3310, "Vren, the Relentless": 3355, "Abhorrent Oculus_SB": 3, "Destroy Evil": 711, "Goddric, Cloaked Reveler": 1244, "Aftermath Analyst": 30, "Crawling Barrens": 591, "Terramorphic Expanse": 2933, "Virtue of Strength": 3317, "Joust Through": 1557, "Akawalli, the Seething Tower": 47, "Absolving Lammasu_SB": 7, "Think Twice": 3002, "Micromancer_SB": 1852, "Dollmaker's Shop // Porcelain Gallery_SB": 760, "Coruscation Mage_SB": 578, "Phyrexian Obliterator_SB": 2144, "Fade from History_SB": 962, "Unholy Annex // Ritual Chamber_SB": 3192, "Unstoppable Slasher_SB": 3212, "Flashfreeze_SB": 1070, "Bruse Tarl, Roving Rancher": 357, "Fblthp, Lost on the Range": 990, "Weakstone's Subjugation": 3381, "An Offer You Can't Refuse_SB": 63, "Fblthp, Lost on the Range_SB": 991, "Proft's Eidetic Memory_SB": 2204, "Weakstone's Subjugation_SB": 3382, "Bottomless Pool && Locker Room": 300, "Fear of Isolation": 1001, "Tinybones Joins Up_SB": 3066, "Tithing Blade_SB": 3079, "Boon-Bringer Valkyrie": 289, "The Swarmweaver_SB": 2996, "Werefox Bodyguard_SB": 3390, "Invasion of Tarkir": 1515, "Hidetsugu's Second Rite_SB": 1403, "Temple of Epiphany": 2919, "Imodane's Recruiter_SB": 1456, "Invasion of Karsus_SB": 1511, "Mirror Room && Fractured Realm_SB": 1869, "Sword of Wealth and Power_SB": 2877, "Wildfire Howl_SB": 3400, "Zurgo and Ojutai_SB": 3471, "Roxanne, Starfall Savant_SB": 2430, "Ethereal Armor_SB": 928, "Halo Forager_SB": 1314, "Mabel, Heir to Cragflame_SB": 1770, "Kitesail Larcenist": 1613, "Essence Scatter": 919, "Ballyrush Banneret": 171, "Myrel, Shield of Argive_SB": 1946, "Siege Veteran_SB": 2611, "Steel Seraph_SB": 2787, "Overprotect": 2083, "Soulstone Sanctuary_SB": 2708, "Ezrim, Agency Chief": 956, "Karn, Living Legacy": 1576, "Metropolis Reformer": 1849, "Wrenn and Realmbreaker_SB": 3435, "Hard-Hitting Question": 1324, "Omnivorous Flytrap": 2038, "Decadent Dragon": 664, "Krenko's Buzzcrusher_SB": 1641, "Kellan, Inquisitive Prodigy": 1595, "Roaring Furnace // Steaming Sauna_SB": 2410, "Rottenmouth Viper": 2427, "Blood Spatter Analysis": 248, "Final Vengeance_SB": 1052, "Witch's Mark": 3418, "Kitsa, Otterball Elite": 1616, "Silverback Elder_SB": 2620, "Urborg Lhurgoyf": 3227, "Hidden Grotto": 1394, "Rite of the Moth": 2396, "Venerated Rotpriest": 3281, "Branchblight Stalker": 317, "Ichorspit Basilisk": 1450, "Maze's Mantle": 1826, "Viral Spawning": 3307, "Plague Nurse": 2163, "Venomous Brutalizer": 3289, "Tyrranax Atrocity": 3154, "Goliath Hatchery": 1252, "Paladin of Predation": 2100, "Tyrranax Rex": 3155, "Serum Snare": 2562, "Tainted Observer": 2889, "Experimental Augury": 941, "Thrummingbird": 3047, "Mesmerizing Dose": 1843, "Reject Imperfection": 2334, "Gitaxian Anatomist": 1198, "Vivisurgeon's Insight": 3323, "Basilisk Collar": 190, "Lakeside Shack": 1654, "Simic Guildgate": 2623, "Tangled Islet": 2899, "Meat Locker // Drowned Diner": 1829, "Archangel of Tithes": 104, "Sigarda, Font of Blessings": 2613, "Angelic Intervention": 74, "The Witch's Vanity": 3000, "Greed's Gambit": 1275, "Rundvelt Hordemaster": 2441, "Searslicer Goblin": 2530, "Breeches, Eager Pillager": 334, "Squee, Dubious Monarch": 2756, "Krenko, Mob Boss": 1643, "Long Goodbye": 1731, "White Sun's Twilight_SB": 3396, "Tatyova, Steward of Tides": 2904, "Awaken the Woods": 158, "Rampaging Baloths": 2272, "Portal to Phyrexia": 2185, "Omenpath Journey": 2036, "Poison Dart Frog": 2173, "Doubling Season": 768, "Break the Spell_SB": 333, "Migloz, Maze Crusher_SB": 1857, "Aetherize_SB": 28, "Under the Skin": 3174, "Seraphic Steed": 2559, "Hulking Raptor": 1437, "Vorinclex": 3344, "Cavern of Souls_SB": 444, "Fountainport_SB": 1111, "Goldvein Hydra_SB": 1249, "Meticulous Excavation_SB": 1848, "Cheeky House-Mouse": 478, "Rabid Gnaw": 2242, "Raging Battle Mouse": 2256, "Loran's Escape_SB": 1743, "Zoraline, Cosmos Caller": 3464, "Ossification_SB": 2056, "Enduring Innocence_SB": 886, "The Witch's Vanity_SB": 3001, "Zoraline, Cosmos Caller_SB": 3465, "Ill-Timed Explosion_SB": 1453, "Teferi, Temporal Pilgrim_SB": 2912, "Lay Down Arms_SB": 1666, "Betrayer's Bargain": 211, "Undead Sprinter_SB": 3173, "Murky Sewer": 1941, "Neglected Manor": 1961, "Deeproot Pilgrimage": 673, "Deeproot Wayfinder": 674, "Mistway Spy": 1884, "Vodalian Hexcatcher": 3325, "Realmbreaker, the Invasion Tree": 2300, "Metropolis Reformer_SB": 1850, "Might of the Meek_SB": 1855, "Seeker's Folly_SB": 2548, "Wildborn Preserver": 3399, "Doomsday Excruciator_SB": 764, "Heartflame Duelist": 1356, "Norn's Inquisitor": 1996, "Crystal Grotto": 610, "Sunder the Gateway_SB": 2838, "Fear of Impostors": 997, "Defabricate_SB": 676, "Twist Reality_SB": 3145, "Guardian of New Benalia": 1299, "Bottomless Pool // Locker Room": 302, "Nashi, Searcher in the Dark_SB": 1954, "Viashino Pyromancer": 3299, "Vraska Joins Up": 3349, "Bloated Contaminator": 243, "Darkstar Augur": 635, "Necrogen Communion": 1957, "Thirsting Roots_SB": 3007, "Swiftfoot Boots_SB": 2869, "Vraska, Betrayal's Sting_SB": 3353, "Rona, Herald of Invasion": 2422, "Jodah, the Unifier": 1551, "Myrel, Shield of Argive": 1945, "Hajar, Loyal Bodyguard": 1307, "Halana and Alena, Partners": 1309, "Inga and Esika": 1473, "Gwenna, Eyes of Gaea": 1306, "Jirina, Dauntless General": 1549, "Melira, the Living Cure": 1835, "Relic of Legends": 2336, "Hajar, Loyal Bodyguard_SB": 1308, "Etali, Primal Conqueror_SB": 923, "Elesh Norn_SB": 860, "Surrak and Goreclaw_SB": 2861, "Pia Nalaar, Consul of Revival": 2147, "Invasion of Kaldheim": 1510, "Getaway Glamer_SB": 1168, "Curate": 615, "Ephara's Dispersal": 902, "Pest Control": 2124, "Legions to Ashes_SB": 1678, "Heraldic Banner": 1376, "Gatekeeper of Malakir": 1154, "Heraldic Banner_SB": 1377, "Defiled Crypt // Cadaver Lab_SB": 685, "Twisted Fealty": 3146, "Drannith Ruins": 800, "Spellgyre": 2725, "Karn's Sylex_SB": 1575, "Aegis Turtle": 22, "Enter the Enigma": 898, "Venerated Rotpriest_SB": 3282, "Ivy, Gleeful Spellthief_SB": 1531, "Regal Caracal": 2329, "Arahbo, the First Fang": 96, "The Stone Brain": 2992, "High Noon_SB": 1405, "Decadent Dragon_SB": 665, "Vein Ripper": 3278, "Doppelgang": 766, "Viashino Pyromancer_SB": 3300, "Lightning Strike_SB": 1704, "Rite of the Dragoncaller": 2394, "Grabby Giant": 1258, "Horned Loch-Whale_SB": 1427, "Feldon's Cane_SB": 1021, "Pugnacious Hammerskull": 2216, "Corpses of the Lost": 569, "Immersturm Predator": 1454, "Laughing Jasper Flint": 1660, "Jaya, Fiery Negotiator": 1543, "Sword of Once and Future": 2874, "Dragon Fodder": 780, "Goblin Surprise": 1243, "Seal from Existence": 2526, "Battlefly Swarm": 197, "Drake Hatcher": 794, "Broodspinner": 353, "Green Sun's Twilight": 1278, "Solemn Simulacrum": 2684, "Ghalta, Stampede Tyrant": 1173, "Conduit Pylons": 540, "Maha, Its Feathers Night_SB": 1786, "Beastie Beatdown": 199, "Annie Joins Up": 83, "Huatli, Poet of Unity": 1434, "Fortune, Loyal Steed": 1105, "Gisa, the Hellraiser": 1196, "Invasion of Amonkhet_SB": 1501, "Thalia and The Gitrog Monster": 2942, "Surgical Suite && Hospital Room_SB": 2857, "Mindsplice Apparatus": 1860, "Silver Scrutiny": 2618, "Breach the Multiverse": 325, "Bonehoard Dracosaur": 281, "Island_SB": 1527, "Dissection Tools": 742, "Entity Tracker_SB": 901, "Rebel Salvo_SB": 2304, "Glarb, Calamity's Augur": 1210, "Insidious Fungus": 1481, "Muldrotha, the Gravetide": 1935, "Scrapshooter_SB": 2512, "Aether Channeler": 24, "Final Showdown": 1049, "Turn Inside Out_SB": 3137, "Defiled Crypt && Cadaver Lab": 682, "Exuberant Fuseling": 955, "Overlord of the Balemurk_SB": 2074, "Thundertrap Trainer_SB": 3058, "Abuelo's Awakening": 8, "Kitsa, Otterball Elite_SB": 1617, "Rona, Herald of Invasion_SB": 2423, "Season of Weaving_SB": 2537, "Unnerving Grasp_SB": 3203, "Calix, Guided by Fate": 390, "Fear of Surveillance": 1006, "Ruin-Lurker Bat": 2436, "Painter's Studio // Defaced Gallery_SB": 2099, "Tender Wildguide": 2930, "Wilt-Leaf Liege_SB": 3405, "Grand Entryway // Elegant Rotunda": 1264, "Skrelv, Defector Mite_SB": 2639, "Palani's Hatcher": 2101, "Temple of Abandon": 2916, "Temple of Malady": 2920, "Blasphemous Edict_SB": 231, "Agrus Kos, Spirit of Justice": 37, "Muerra, Trash Tactician": 1933, "Insatiable Avarice": 1479, "Ashiok, Wicked Manipulator": 131, "Perforating Artist": 2119, "Temple of Silence": 2924, "Betrayer's Bargain_SB": 212, "Sawblade Skinripper": 2486, "Cosmic Rebirth": 579, "Kellan's Lightblades_SB": 1593, "Squirming Emergence": 2758, "Lumra, Bellow of the Woods": 1758, "Terror Tide": 2934, "Undead Sprinter": 3172, "At Knifepoint_SB": 143, "Monstrous Rage_SB": 1915, "Essence Channeler": 917, "Lunar Convocation": 1759, "Unwanted Remake_SB": 3218, "Smuggler's Surprise_SB": 2677, "Distorted Curiosity": 744, "Whisper of the Dross": 3393, "Bring the Ending": 341, "Drown in Ichor": 811, "Prologue to Phyresis": 2208, "Vraska's Fall_SB": 3351, "Bottomless Pool // Locker Room_SB": 303, "The Princess Takes Flight_SB": 2981, "Anim Pakal, Thousandth Moon_SB": 77, "Phyrexian Obliterator": 2143, "Blasphemous Edict": 230, "Mechanized Warfare": 1832, "Adaptive Automaton": 18, "Three Tree Mascot": 3040, "Cankerbloom": 399, "Cankerbloom_SB": 400, "Terror Tide_SB": 2935, "Hauntwoods Shrieker": 1342, "Mischievous Mystic": 1872, "Lord Skitter, Sewer King": 1745, "Twitching Doll": 3149, "Zul Ashur, Lich Lord": 3467, "Garruk's Uprising": 1146, "Defiler of Flesh": 687, "Kraul Whipcracker_SB": 1638, "Restless Reef_SB": 2367, "Phyrexian Vindicator": 2145, "The Seedcore": 2985, "High Noon": 1404, "Lost Jitte": 1747, "Darkstar Augur_SB": 636, "Long River's Pull_SB": 1734, "Dreadmaw's Ire": 801, "Felonious Rage": 1029, "Manifold Mouse_SB": 1801, "Case of the Gateway Express_SB": 418, "Kambal, Profiteering Mayor": 1570, "Skrelv's Hive": 2636, "Kambal, Profiteering Mayor_SB": 1571, "Kaya, Spirits' Justice_SB": 1584, "Oko, the Ringleader_SB": 2030, "Ivy, Gleeful Spellthief": 1530, "Invasion of Theros": 1517, "Marchesa, Dealer of Death": 1807, "Annie Flash, the Veteran_SB": 82, "Jirina, Dauntless General_SB": 1550, "Defiled Crypt && Cadaver Lab_SB": 683, "Dust Animus_SB": 825, "Crumb and Get It": 599, "Annex Sentry": 80, "Slaughter Singer": 2659, "Jawbone Duelist": 1542, "Getaway Glamer": 1167, "Crawling Chorus": 592, "Fleeting Flight_SB": 1073, "Divine Resilience_SB": 756, "Trash the Town_SB": 3114, "Bulk Up": 363, "Pugnacious Hammerskull_SB": 2217, "Felidar Retreat": 1025, "Ajani's Pridemate": 39, "Lifecreed Duo": 1697, "Quick Draw_SB": 2236, "Kona, Rescue Beastie": 1633, "Aetherize": 27, "Citanul Stalwart": 492, "Rune-Scarred Demon": 2443, "Time Stop": 3060, "Prophetic Prism": 2210, "Wishclaw Talisman_SB": 3416, "Coveted Falcon_SB": 586, "Cultivator's Caravan": 612, "Scene of the Crime": 2504, "Swooping Lookout": 2871, "Long River's Pull": 1733, "Abraded Bluffs": 6, "Blooming Blast": 261, "Combat Research": 533, "Recruitment Officer_SB": 2315, "Conspiracy Unraveler": 549, "Matzalantli, the Great Door": 1823, "Reenact the Crime": 2323, "Demonic Ruckus_SB": 700, "Impact Tremors_SB": 1458, "One with the Multiverse": 2040, "Walk with the Ancestors": 3358, "Meathook Massacre II_SB": 1831, "Phyrexian Arena_SB": 2135, "Thundering Falls_SB": 3054, "Coiling Rebirth": 515, "Anim Pakal, Thousandth Moon": 76, "Razorkin Needlehead": 2291, "Razorkin Needlehead_SB": 2292, "Intrepid Paleontologist": 1497, "Ghalta, Primal Hunger": 1171, "Bolt Bend_SB": 274, "Highway Robbery_SB": 1407, "Dreadmaw's Ire_SB": 802, "Smash to Dust_SB": 2672, "Ayli, Eternal Pilgrim": 162, "Surge Engine": 2851, "Repulsive Mutation": 2347, "Repulsive Mutation_SB": 2348, "Sylvan Scavenging_SB": 2880, "Black Sun's Twilight": 225, "Shipwreck Dowser": 2588, "Disturbing Conversion": 747, "Eerie Interference_SB": 845, "Builder's Talent_SB": 362, "Abuelo's Awakening_SB": 9, "Lively Dirge": 1719, "Wishclaw Talisman": 3415, "Vaultborn Tyrant_SB": 3276, "Feldon's Cane": 1020, "Treasure Map": 3117, "Neutralize the Guards": 1968, "Ghost Vacuum": 1178, "Bloodletter of Aclazotz_SB": 255, "Ball Lightning": 170, "Overlord of the Boilerbilges_SB": 2076, "Founding the Third Path_SB": 1107, "Satoru, the Infiltrator": 2482, "Etched Cornfield": 925, "Wilt-Leaf Liege": 3404, "Axebane Ferox_SB": 160, "Gumdrop Poisoner_SB": 1305, "Charge of the Mites": 471, "Expel the Interlopers": 939, "Annex Sentry_SB": 81, "Vraska, the Silencer": 3354, "Binding Negotiation": 216, "Kaervek, the Punisher": 1562, "Arid Archway": 120, "Obstinate Baloth": 2019, "Bramble Familiar": 313, "Felonious Rage_SB": 1030, "Sphinx of the Final Word_SB": 2730, "Temple of Malice": 2921, "Homicide Investigator_SB": 1419, "Rip, Spawn Hunter": 2387, "Pillage the Bog_SB": 2158, "Bartolom\u00e9 del Presidio": 187, "Funeral Room // Awakening Hall": 1131, "Market Gnome": 1811, "Nezumi Linkbreaker": 1974, "Infestation Sage": 1471, "Outlaw Medic": 2064, "Legion Extruder": 1674, "Thousand Moons Smithy_SB": 3024, "Blightbelly Rat": 240, "Unnatural Restoration": 3200, "Whisper of the Dross_SB": 3394, "Overprotect_SB": 2084, "Carnivorous Canopy_SB": 410, "Fecund Greenshell": 1013, "Dawn's Truce_SB": 640, "Gleaming Geardrake": 1218, "Dowsing Device": 771, "Demand Answers": 690, "Syr Ginger, the Meal Ender": 2883, "The Mycosynth Gardens": 2978, "Saheeli, Filigree Master": 2462, "Saheeli, Filigree Master_SB": 2463, "Sire of Seven Deaths_SB": 2630, "The Tale of Tamiyo": 2997, "Contaminated Aquifer": 553, "The Surgical Bay": 2994, "Case of the Ransacked Lab": 422, "Ertai's Scorn_SB": 912, "Scrawling Crawler": 2514, "Dawn's Truce": 639, "Final Showdown_SB": 1050, "Hollow Scavenger": 1417, "Night of the Sweets' Revenge": 1976, "Genesis Wave": 1159, "Archdruid's Charm_SB": 109, "Boros Charm_SB": 293, "Colossal Rattlewurm": 528, "Freestrider Lookout": 1112, "Gaea's Gift": 1140, "Trash the Town": 3113, "Witness Protection_SB": 3425, "Banishing Light_SB": 179, "Imprisoned in the Moon_SB": 1461, "Inquisitive Glimmer_SB": 1478, "Refute_SB": 2326, "Hugs, Grisly Guardian": 1435, "Kogla and Yidaro": 1626, "Persistent Marshstalker": 2123, "Karumonix, the Rat King": 1580, "Lilypad Village": 1712, "Argentum Masticore": 117, "Hedron Archive": 1362, "Hall of Tagsin": 1312, "Tomakul Honor Guard": 3089, "Argentum Masticore_SB": 118, "Choking Miasma": 483, "Buried in the Garden": 368, "Tyvar, the Pummeler": 3161, "Polukranos Reborn": 2179, "Bite Down": 219, "Bite Down_SB": 220, "Untimely Malfunction": 3215, "Niv-Mizzet, Supreme": 1985, "Blazing Crescendo_SB": 236, "Captain Storm, Cosmium Raider": 405, "Corsair Captain": 576, "Malcolm, the Eyes": 1794, "Staunch Crewmate": 2780, "Lost Jitte_SB": 1748, "Lonely Arroyo": 1730, "The Millennium Calendar_SB": 2976, "Ruin-Lurker Bat_SB": 2437, "Leonin Vanguard_SB": 1681, "Veteran Survivor_SB": 3295, "Eaten by Piranhas_SB": 840, "Stormsplitter": 2815, "Ral's Reinforcements": 2268, "Corrupted Conviction_SB": 575, "Kogla and Yidaro_SB": 1627, "Deadly Brew_SB": 651, "Lich-Knights' Conquest": 1695, "Greta, Sweettooth Scourge": 1284, "Sweettooth Witch": 2866, "Experimental Confectioner": 942, "Mintstrosity": 1864, "Scream Puff": 2516, "Gingerbread Hunter": 1193, "Back for Seconds": 167, "Welcome to Sweettooth": 3388, "Spider Food": 2731, "Feed the Cauldron": 1014, "Return from the Wilds": 2379, "Savor": 2485, "Three Bowls of Porridge": 3036, "Eriette's Tempting Apple": 905, "Not Dead After All_SB": 1999, "Sugar Rush_SB": 2830, "Candy Grapple_SB": 397, "Hero's Downfall_SB": 1387, "Fell_SB": 1028, "Murder_SB": 1939, "Cheeky House-Mouse_SB": 479, "Burrowguard Mentor": 374, "Dryad Militant": 814, "Trostani, Three Whispers": 3128, "Oakhollow Village": 2011, "Pollen-Shield Hare": 2175, "Kutzil, Malamet Exemplar_SB": 1650, "Necrogen Rotpriest": 1958, "Contagious Vorrac": 552, "Armored Scrapgorger_SB": 126, "Forest_SB": 1098, "Invasion of Fiora_SB": 1505, "An Offer You Can't Refuse": 62, "Malcolm, Alluring Scoundrel_SB": 1793, "The Monumental Facade": 2977, "Solphim, Mayhem Dominus": 2686, "Sardian Cliffstomper": 2478, "Magmatic Sprinter": 1782, "Churning Reservoir": 487, "Sardian Cliffstomper_SB": 2479, "Monastery Swiftspear_SB": 1909, "Magmatic Sprinter_SB": 1783, "Churning Reservoir_SB": 488, "Zoyowa's Justice": 3466, "Trial of Agony": 3120, "Ojer Axonil, Deepest Might": 2026, "Generous Plunderer": 1158, "Brazen Collector": 324, "Firebrand Archer": 1056, "Leyline of Resonance_SB": 1688, "Ancestors' Aid_SB": 68, "Slickshot Show-Off_SB": 2670, "Dwynen's Elite": 831, "Leaf-Crowned Visionary": 1670, "Elvish Archdruid": 870, "Imperious Perfect": 1459, "Lathril, Blade of the Elves": 1658, "Tyvar the Bellicose": 3157, "Gaea's Gift_SB": 1141, "Give In to Violence_SB": 1200, "Cityscape Leveler_SB": 494, "Nahiri's Resolve_SB": 1949, "Scrapwork Mutt": 2513, "Repel Calamity_SB": 2346, "Abandoned Campground": 1, "Kitnap_SB": 1615, "Braids, Arisen Nightmare_SB": 311, "Obyra, Dreaming Duelist": 2021, "Knight of Dusk's Shadow_SB": 1620, "Delney, Streetwise Lookout": 688, "Hare Apparent": 1327, "No Witnesses": 1991, "Stroke of Midnight": 2822, "Impact Tremors": 1457, "Pile On": 2153, "Call a Surprise Witness": 391, "Giant Cindermaw_SB": 1185, "Micromancer": 1851, "Rattleback Apothecary": 2284, "Ygra, Eater of All": 3445, "Maha, Its Feathers Night": 1785, "Massacre Girl, Known Killer": 1819, "Daggerfang Duo": 625, "Moonstone Harbinger": 1920, "Pestilent Syphoner": 2126, "Hoarding Recluse": 1414, "Deathbloom Gardener": 659, "Drown in Ichor_SB": 812, "Ghired, Mirror of the Wilds": 1174, "Bloodfeather Phoenix": 249, "Rakdos, the Muscle": 2264, "Rakdos, the Muscle_SB": 2265, "Rakdos Joins Up_SB": 2262, "Massacre Girl, Known Killer_SB": 1820, "Unyielding Gatekeeper": 3219, "Ghalta and Mavren": 1170, "Progenitus": 2206, "Manifest Dread": 1799, "Hide in Plain Sight": 1398, "Threats Around Every Corner": 3033, "Blossoming Sands": 265, "Evolving Wilds": 933, "Temple of Plenty": 2923, "Crystal Barricade": 608, "Green Sun's Twilight_SB": 1279, "Witness Protection": 3424, "Oblivious Bookworm": 2017, "Growing Dread": 1291, "Bubble Smuggler": 360, "Cryptid Inspector": 607, "Exit Specialist": 935, "Cursed Windbreaker": 620, "Break Down the Door": 329, "Surrak and Goreclaw": 2860, "Hard-Hitting Question_SB": 1325, "Polukranos Reborn_SB": 2180, "Hazardroot Herbalist": 1345, "Rabbit Response": 2240, "Treeguard Duo": 3118, "Uncharted Haven": 3170, "Warren Elder": 3372, "Head of the Homestead": 1349, "Head of the Homestead_SB": 1350, "Grab the Prize_SB": 1257, "Stroke of Midnight_SB": 2823, "Slagstorm": 2657, "Dragonmaster Outcast": 792, "Magda, the Hoardmaster": 1776, "Tinybones, Bauble Burglar": 3067, "Hellspur Posse Boss": 1369, "Hellspur Brute_SB": 1368, "Cynical Loner_SB": 624, "Astor, Bearer of Blades": 140, "Bladehold War-Whip": 228, "Kellan, the Fae-Blooded": 1599, "Kemba, Kha Enduring": 1600, "Rebel Salvo": 2303, "Lavaspur Boots": 1663, "Swiftfoot Boots": 2868, "Sword of Forge and Frontier": 2872, "Astor, Bearer of Blades_SB": 141, "Hidetsugu and Kairi": 1400, "Consuming Aberration": 551, "Knight of Dusk's Shadow": 1619, "Soul-Guide Lantern": 2699, "Temple of Deceit": 2917, "No One Left Behind_SB": 1990, "Dusk Legion Duelist": 821, "Stocking the Pantry": 2796, "Botanical Brawler": 298, "Tribute to the World Tree": 3122, "Railway Brawler": 2257, "Collector's Cage_SB": 522, "Evolved Sleeper": 931, "Friendly Teddy": 1117, "Rankle's Prank_SB": 2279, "Consumed by Greed_SB": 550, "Tocasia's Welcome": 3083, "Patchwork Banner": 2106, "Hop to It_SB": 1422, "Titania, Voice of Gaea": 3076, "Guardian of Ghirapur": 1298, "Ruthless Lawbringer": 2451, "Desperate Bloodseeker": 707, "Rampaging Spiketail": 2275, "Barkform Harvester": 184, "Fae Flight_SB": 964, "Phoenix Chick": 2132, "Blooming Blast_SB": 262, "Rush of Dread_SB": 2448, "Kitesail Larcenist_SB": 1614, "Magebane Lizard": 1777, "Ravine Raider": 2289, "Valley Flamecaller": 3253, "Final Flourish_SB": 1048, "Time Stop_SB": 3061, "Drag the Canal_SB": 776, "Unnatural Restoration_SB": 3201, "Infectious Inquiry_SB": 1470, "Volcanic Spite": 3333, "Grab the Prize": 1256, "Taii Wakeen, Perfect Shot": 2885, "Unruly Catapult": 3204, "Glassworks // Shattered Yard_SB": 1215, "Samut, Vizier of Naktamun": 2468, "Rakdos Guildgate": 2260, "Izzet Guildgate": 1535, "Selesnya Guildgate": 2554, "Orzhov Guildgate": 2052, "Gruul Guildgate": 1294, "Boros Guildgate": 295, "Azorius Guildgate": 164, "Dimir Guildgate": 724, "Golgari Guildgate": 1251, "Maze's End": 1825, "Circuitous Route": 491, "Expedition Map": 938, "Dust Animus": 824, "Tribute to the World Tree_SB": 3123, "Hulking Metamorph": 1436, "Rest in Peace": 2357, "Surge Engine_SB": 2852, "Fake Your Own Death": 975, "Invasion of Ergamon": 1504, "Break Out_SB": 331, "Flamewake Phoenix_SB": 1067, "Beastie Beatdown_SB": 200, "Primal Might": 2194, "Ego Drain_SB": 847, "Dwynen, Gilt-Leaf Daen": 832, "Hearthborn Battler_SB": 1360, "Vengeful Possession": 3286, "Rabid Gnaw_SB": 2243, "Repair and Recharge": 2345, "Step Between Worlds_SB": 2788, "Hexgold Halberd": 1392, "Sporogenic Infection": 2749, "Skyfisher Spider_SB": 2649, "Rakdos Joins Up": 2261, "Kroxa and Kunoros": 1644, "Festerleech": 1036, "Fallaji Archaeologist_SB": 977, "The Wandering Rescuer_SB": 2999, "Oracle of Tragedy": 2046, "Tarrian's Journal": 2901, "Felidar Cub": 1023, "Knight-Errant of Eos_SB": 1624, "Dusk Rose Reliquary_SB": 823, "Ruthless Lawbringer_SB": 2452, "Felidar Cub_SB": 1024, "Worldwalker Helm": 3429, "Torch the Witness": 3094, "Detective's Satchel": 714, "Forensic Gadgeteer_SB": 1095, "Ice Out_SB": 1448, "Banishing Light": 178, "Evolving Adaptive": 932, "Garruk's Uprising_SB": 1147, "Unauthorized Exit": 3168, "Let's Play a Game_SB": 1683, "Chart a Course_SB": 477, "Johann's Stopgap_SB": 1553, "Flow of Knowledge_SB": 1085, "Roaming Throne_SB": 2405, "Quintorius Kand_SB": 2239, "Soul Search": 2696, "Surgical Suite && Hospital Room": 2856, "Razorlash Transmogrant": 2293, "Shrouded Shepherd": 2607, "Worldsoul's Rage": 3428, "Inspiration from Beyond": 1484, "Bonny Pall, Clearcutter_SB": 284, "Wandertale Mentor": 3361, "Vodalian Mindsinger_SB": 3326, "Llanowar Elves_SB": 1723, "Bonehoard Dracosaur_SB": 282, "Norin, Swift Survivalist": 1994, "Trapped in the Screen": 3111, "Ragged Playmate": 2254, "Trapped in the Screen_SB": 3112, "Ragged Playmate_SB": 2255, "Norin, Swift Survivalist_SB": 1995, "Splitskin Doll_SB": 2748, "Fear of Surveillance_SB": 1007, "Grand Entryway // Elegant Rotunda_SB": 1265, "Zurgo and Ojutai": 3470, "Dead Weight_SB": 649, "Think Twice_SB": 3003, "Take for a Ride_SB": 2892, "Fleeting Flight": 1072, "Mosswood Dreadknight_SB": 1926, "Boltwave_SB": 276, "Enduring Courage_SB": 882, "War Squeak_SB": 3364, "Spirebluff Canal_SB": 2740, "Chandra, Flameshaper_SB": 460, "Blazing Crescendo": 235, "Ajani, Sleeper Agent": 43, "Fumigate": 1129, "Great Train Heist": 1274, "Fiendish Panda": 1040, "Ashnod's Harvester": 133, "Warhost's Frenzy": 3369, "Glimmerlight": 1221, "Geralf, the Fleshwright": 1161, "Geralf, the Fleshwright_SB": 1162, "Claim Jumper_SB": 497, "Mirrex_SB": 1868, "Tectonic Hazard": 2908, "Chainsaw_SB": 458, "Vampire Gourmand": 3264, "Vraan, Executioner Thane": 3348, "Eaten Alive_SB": 839, "Wojek Investigator": 3426, "Rustler Rampage": 2449, "Calamity's Wake_SB": 387, "Recommission_SB": 2313, "Heroic Reinforcements": 1389, "Searslicer Goblin_SB": 2531, "Lost in the Maze_SB": 1750, "Herald of Eternal Dawn": 1374, "Stormchaser's Talent_SB": 2809, "Phyrexian Missionary": 2141, "Case of the Locked Hothouse_SB": 420, "Cactarantula": 383, "Stromkirk Noble": 2824, "Ojer Pakpatiq, Deepest Epoch": 2027, "Disturbing Conversion_SB": 748, "See Double_SB": 2544, "Enduring Vitality_SB": 890, "Koth, Fire of Resistance": 1635, "Lithomantic Barrage": 1716, "Audience with Trostani_SB": 148, "Leyline of the Void": 1692, "Sentinel of Lost Lore": 2555, "Wylie Duke, Atiin Hero": 3440, "Stoke the Flames": 2801, "Volatile Fault_SB": 3332, "Defiler of Dreams_SB": 686, "Omen Hawker": 2033, "Virtue of Knowledge": 3311, "Valgavoth's Onslaught_SB": 3248, "Kutzil's Flanker": 1647, "Extraordinary Journey": 953, "Gold Pan": 1246, "Extraordinary Journey_SB": 954, "Nurturing Pixie_SB": 2008, "Fear of Lost Teeth": 1003, "Horrid Vigor": 1428, "Flesh Burrower": 1074, "Let's Play a Game": 1682, "Winter's Intervention": 3411, "Grasping Longneck": 1266, "Wickerfolk Thresher": 3397, "Cackling Slasher": 380, "Fear of the Dark": 1008, "Balemurk Leech": 169, "Give In to Violence": 1199, "Innocuous Rat": 1476, "Bashful Beastie": 189, "Defiant Survivor": 680, "Meathook Massacre II": 1830, "Vile Mutilator": 3302, "Moonshaker Cavalry": 1918, "Pearl of Wisdom": 2112, "Analyze the Pollen_SB": 66, "Corpses of the Lost_SB": 570, "Anthem of Champions": 92, "Mistbreath Elder": 1880, "Bushwhack_SB": 378, "Mistbreath Elder_SB": 1881, "Realmbreaker's Grasp_SB": 2299, "Treeguard Duo_SB": 3119, "Stickytongue Sentinel_SB": 2792, "Sunshower Druid_SB": 2846, "Tumbleweed Rising_SB": 3131, "Polliwallop_SB": 2177, "Leyline of Transformation": 1690, "Saheeli's Lattice": 2461, "Hopeless Nightmare_SB": 1425, "Thrill of Possibility": 3043, "Etali, Primal Storm_SB": 924, "Idyllic Beachfront": 1451, "Healer's Hawk": 1351, "Adamant Will": 17, "Dazzling Angel": 645, "Goldvein Pick": 1250, "Moment of Triumph": 1900, "Pilfer": 2155, "Public Thoroughfare": 2215, "Roaming Throne": 2404, "Undying Malice": 3184, "Cancel_SB": 396, "Opt_SB": 2042, "Requisition Raid": 2350, "Anointed Peacekeeper_SB": 91, "Connecting the Dots_SB": 546, "Voracious Varmint_SB": 3343, "Ambush Wolf_SB": 59, "Makeshift Binding": 1789, "Deadly Riposte_SB": 656, "Nettle Guard_SB": 1967, "Dismal Backwater": 735, "Pelakka Wurm": 2116, "Extract a Confession_SB": 952, "Soul-Shackled Zombie_SB": 2702, "Unauthorized Exit_SB": 3169, "Invasion of Regatha": 1513, "Hidetsugu's Second Rite": 1402, "Jump Scare_SB": 1560, "Progenitus_SB": 2207, "Dewdrop Cure": 720, "Harvestrite Host": 1334, "Family Reunion_SB": 978, "Cut Short_SB": 623, "Annihilating Glare": 85, "Fanatical Offering": 981, "Sword of Wealth and Power": 2876, "Empyrean Eagle": 875, "Tranquil Cove": 3105, "Griffnaut Tracker_SB": 1287, "Lassoed by the Law": 1655, "Mabel's Mettle": 1768, "The Huntsman's Redemption": 2963, "Skulduggery": 2640, "Skulduggery_SB": 2641, "Dead Weight": 648, "Minor Misstep": 1862, "Hopeful Vigil": 1423, "Restricted Office // Lecture Hall": 2375, "Central Elevator // Promising Stairs": 452, "Creeping Peeper": 593, "Underwater Tunnel // Slimy Aquarium": 3183, "Erratic Apparition": 908, "Dazzling Theater // Prop Room": 647, "Fear of Falling": 996, "Fear of Abduction": 992, "Lionheart Glimmer": 1714, "Tunnel Surveyor_SB": 3135, "Stalked Researcher_SB": 2766, "Primeval Titan": 2198, "Otawara, Soaring City": 2059, "Amulet of Vigor": 61, "Arboreal Grazer": 99, "Dryad of the Ilysian Grove": 816, "Summoner's Pact": 2832, "Hanweir Battlements": 1318, "Shifting Woodland": 2585, "Boseiju, Who Endures": 296, "Mirrorpool": 1871, "Urza's Saga": 3239, "Crumbling Vestige": 601, "Gruul Turf": 1296, "Simic Growth Chamber": 2622, "Lotus Field": 1751, "Tolaria West": 3085, "Vesuva": 3290, "Valakut, the Molten Pinnacle": 3244, "Scapeshift": 2496, "Dryad Arbor": 813, "Green Sun's Zenith": 1280, "Echoing Deeps": 841, "Vexing Bauble": 3296, "Bojuka Bog_SB": 273, "Dismember_SB": 736, "Vampires' Vengeance_SB": 3268, "Hexdrinker_SB": 1391, "Colossal Skyturtle_SB": 529, "Generous Ent_SB": 1157, "Collector Ouphe_SB": 520, "Endurance_SB": 880, "Grist, the Hunger Tide_SB": 1290, "Force of Vigor_SB": 1092, "Polluted Delta": 2178, "Scalding Tarn": 2491, "Misty Rainforest": 1885, "Bloodstained Mire": 257, "Watery Grave": 3379, "Steam Vents": 2781, "Sink into Stupor": 2626, "Spell Snare": 2721, "Unearth": 3185, "Thoughtseize": 3021, "Fatal Push": 986, "Faithless Looting": 974, "Tamiyo, Inquisitive Student": 2898, "Psychic Frog": 2214, "Counterspell": 584, "Persist": 2122, "Force of Negation": 1091, "Brazen Borrower": 322, "Archon of Cruelty": 113, "Nihil Spellbomb_SB": 1979, "Surgical Extraction_SB": 2855, "Consign to Memory_SB": 548, "Harbinger of the Seas_SB": 1321, "Stern Scolding_SB": 2791, "Fable of the Mirror-Breaker_SB": 959, "Arena of Glory": 116, "Blazing Rootwalla": 237, "Burning Inquiry": 370, "Detective's Phoenix": 713, "Flameblade Adept": 1063, "Goblin Lore": 1240, "Hollow One": 1416, "Lightning Bolt": 1700, "Stomping Ground": 2802, "Street Wraith": 2820, "Vengevine": 3288, "Wooded Foothills": 3427, "Cursed Totem_SB": 619, "Meltdown_SB": 1837, "Obsidian Charmaw_SB": 2018, "Arid Mesa": 121, "Barbarian Ring": 182, "Sunbaked Canyon": 2835, "Eidolon of the Great Revel": 848, "Goblin Guide": 1239, "Lava Spike": 1662, "Rift Bolt": 2383, "Searing Blaze": 2528, "Skewer the Critics": 2632, "Skullcrack": 2644, "Flare of Duplication": 1068, "Smash to Smithereens_SB": 2673, "Faerie Macabre_SB": 969, "Ensnaring Bridge_SB": 896, "Explore": 945, "Urza's Cave": 3237, "Defense Grid_SB": 679, "Tireless Tracker_SB": 3071, "Indomitable Creativity": 1464, "Prismatic Ending": 2201, "Wrenn and Six": 3436, "Fable of the Mirror-Breaker": 958, "Blood Crypt": 245, "Sacred Foundry": 2457, "Xander's Lounge": 3441, "Jetmir's Garden": 1548, "Dwarven Mine": 830, "Flooded Strand": 1076, "Boseiju, Who Endures_SB": 297, "Toxic Deluge_SB": 3101, "Hurkyl's Recall_SB": 1441, "Damping Sphere_SB": 629, "Cling to Dust": 508, "Harbinger of the Seas": 1320, "Marsh Flats": 1816, "Murktide Regent": 1940, "Preordain": 2193, "Thought Scour": 3018, "Engineered Explosives_SB": 893, "Mystical Dispute_SB": 1948, "Spell Pierce_SB": 2720, "The Meathook Massacre_SB": 2973, "Orcish Bowmasters": 2048, "Ocelot Pride": 2022, "Godless Shrine": 1245, "Guide of Souls": 1300, "Seasoned Pyromancer": 2540, "Ajani, Nacatl Pariah": 42, "Phelia, Exuberant Shepherd": 2130, "Phlage, Titan of Fire's Fury": 2131, "Galvanic Discharge": 1144, "Goblin Bombardment": 1236, "Thraben Charm": 3025, "Orim's Chant_SB": 2049, "Wrath of the Skies_SB": 3432, "Thoughtseize_SB": 3022, "Showdown of the Skalds_SB": 2605, "Wear // Tear_SB": 3383, "Legion Loyalist": 1676, "Goblin Bushwhacker": 1237, "Devastating Summons": 716, "Reckless Bushwhacker": 2305, "Goblin Grenade": 1238, "Goblin Piledriver": 1242, "Mogg War Marshal": 1889, "Skirk Prospector": 2633, "Foundry Street Denizen": 1108, "Den of the Bugbear": 701, "Sokenzan, Crucible of Defiance": 2683, "Tormod's Crypt_SB": 3096, "Shattering Spree_SB": 2576, "Blood Moon_SB": 247, "Magus of the Moon_SB": 1784, "Reality Hemorrhage_SB": 2297, "Ziatora's Proving Ground": 3458, "Veil of Summer_SB": 3277, "Terastodon_SB": 2931, "Consider": 547, "Graveyard Trespasser": 1268, "Exquisite Firecraft_SB": 947, "Searing Blood_SB": 2529, "Tunnel Ignus_SB": 3133, "Ragavan, Nimble Pilferer": 2252, "Static Prison": 2777, "Showdown of the Skalds": 2604, "Windswept Heath": 3409, "Fear, Fire, Foes!_SB": 1009, "Drannith Magistrate_SB": 799, "Stony Silence_SB": 2803, "Chained to the Rocks": 455, "Chained to the Rocks_SB": 456, "Ragavan, Nimble Pilferer_SB": 2253, "Chrome Host Seedshark": 485, "Corrupt": 573, "Lukka, Bound to Ruin_SB": 1753, "Giant Growth_SB": 1187, "Duelist of the Mind": 817, "Over the Edge_SB": 2069, "Poison Dart Frog_SB": 2174, "Talion, the Kindly Lord": 2897, "Slice from the Shadows": 2665, "Come Back Wrong": 535, "Glassworks // Shattered Yard": 1214, "Beamtown Beatstick": 198, "Diamond Pick-Axe": 723, "Sunfire Torch": 2841, "Celestial Armor": 449, "Carrot Cake_SB": 413, "Edgewall Inn": 844, "Grievous Wound_SB": 1286, "Goliath Hatchery_SB": 1253, "Cathartic Parting_SB": 434, "Balmor, Battlemage Captain": 172, "Bria, Riptide Rogue": 337, "Freeze in Place": 1113, "Relic's Roar": 2339, "Run Away Together_SB": 2439, "Scalding Viper_SB": 2493, "Harrier Strix": 1331, "Snaremaster Sprite": 2680, "The Filigree Sylex": 2958, "Living Phone": 1721, "Hardened Escort": 1326, "Unsettling Twins": 3206, "The Jolly Balloon Man": 2967, "Holy Cow": 1418, "Unsettling Twins_SB": 3207, "Raccoon Rallier_SB": 2244, "Feather of Flight_SB": 1012, "Rogue's Passage_SB": 2416, "Possessed Goat_SB": 2188, "The Jolly Balloon Man_SB": 2968, "Hammerhand_SB": 1317, "Heartfire Hero_SB": 1354, "Inti, Seneschal of the Sun_SB": 1490, "Pests of Honor": 2127, "Nettle Guard": 1966, "Three Blind Mice": 3034, "Dauntless Dismantler_SB": 638, "Phoenix Chick_SB": 2133, "Gleaming Barrier": 1216, "Painful Quandary": 2094, "Gleaming Barrier_SB": 1217, "Solemn Simulacrum_SB": 2685, "Mirran Banesplitter": 1866, "Heartfire Immolator": 1355, "Dwarven Forge-Chanter": 829, "Whiskerquill Scribe": 3391, "Sure Strike": 2849, "Ghitu Amplifier": 1175, "Furious Bellow": 1133, "Ancestors' Aid": 67, "Keldon Flamesage": 1590, "Brambleguard Captain": 315, "Johann, Apprentice Sorcerer": 1554, "Kraum, Violent Cacophony": 1639, "Razzle-Dazzler": 2296, "Vesuvan Drifter": 3291, "Thopter Mechanic": 3012, "Nightwhorl Hermit": 1978, "Iron-Fist Pulverizer": 1524, "Pyrotechnic Performer": 2227, "Fear of Burning Alive": 995, "Swiftwater Cliffs": 2870, "Molten Tributary": 1897, "Peculiar Lighthouse": 2113, "Defabricate": 675, "Aspirant's Ascent": 135, "Stop Cold": 2804, "Mishra's Command_SB": 1877, "Plan the Heist_SB": 2166, "Sleight of Hand_SB": 2664, "Kellan, Planar Trailblazer_SB": 1598, "Trick Shot_SB": 3124, "Violent Urge_SB": 3306, "Involuntary Cooldown_SB": 1522, "Out of Air_SB": 2061, "Twinferno_SB": 3140, "Sure Strike_SB": 2850, "Charge of the Mites_SB": 472, "Halo Hopper": 1315, "Grand Abolisher": 1261, "Unnerving Grasp": 3202, "Hellspur Posse Boss_SB": 1370, "Make Your Move_SB": 1787, "Fynn, the Fangbearer_SB": 1139, "Harbinger of the Tides": 1322, "Harbinger of the Tides_SB": 1323, "Pile On_SB": 2154, "Bottomless Pool && Locker Room_SB": 301, "Cat Collector": 430, "Growing Rites of Itlimoc": 1292, "Flowstone Infusion": 1087, "Jump Scare": 1559, "Niko, Light of Hope": 1980, "Tunnel Surveyor": 3134, "Stalked Researcher": 2765, "Enter the Enigma_SB": 899, "Fear of Isolation_SB": 1002, "Into the Roil": 1495, "Into the Roil_SB": 1496, "Ayara, Widow of the Realm": 161, "Deathmark_SB": 661, "Coruscation Mage": 577, "Throw from the Saddle": 3046, "Arachnoid Adaptation": 95, "Hammerhand": 1316, "War Squeak": 3363, "Longstalk Brawl_SB": 1735, "Thrill of Possibility_SB": 3044, "Season of Gathering": 2532, "Warren Warleader": 3373, "Seasoned Warrenguard_SB": 2542, "Lionheart Glimmer_SB": 1715, "Horrid Vigor_SB": 1429, "Omnivorous Flytrap_SB": 2039, "Roc Hunter": 2411, "Feldon, Ronom Excavator": 1022, "Scalding Viper": 2492, "Trial of Agony_SB": 3121, "Adventuring Gear_SB": 21, "Vicious Clown_SB": 3301, "Fear of Being Hunted_SB": 994, "Rite of the Dragoncaller_SB": 2395, "Ghostly Dancers": 1180, "Demonic Pact_SB": 698, "Splash Portal_SB": 2744, "Valorous Stance": 3262, "Lodestone Needle": 1729, "Scytheclaw Raptor_SB": 2523, "Sawblade Skinripper_SB": 2487, "Pitiless Carnage_SB": 2162, "Bring the Ending_SB": 342, "Season of Loss_SB": 2535, "Zephyr Singer": 3454, "Spell Pierce": 2719, "Momentum Breaker": 1903, "Sunbillow Verge": 2836, "Grim Bauble": 1288, "Molt Tender": 1891, "Draconautics Engineer": 773, "Loot, the Pathfinder": 1738, "Afterburner Expert": 29, "Dredger's Insight": 808, "Restless Spire_SB": 2371, "Debris Beetle": 662, "Wastewood Verge": 3376, "Llanowar Loamspeaker": 1725, "Vein Ripper_SB": 3279, "Ketramose, the New Dawn": 1601, "Bleachbone Verge": 238, "Intimidation Tactics": 1491, "Outpace Oblivion_SB": 2066, "Bloodghast": 252, "Lunar Convocation_SB": 1760, "Bartolom\u00e9 del Presidio_SB": 188, "Valley Rotcaller_SB": 3259, "Oildeep Gearhulk_SB": 2025, "Oildeep Gearhulk": 2024, "Haunt the Network_SB": 1338, "Gleeful Demolition_SB": 1220, "Ride's End": 2381, "Defend the Rider": 677, "Hazoret, Godseeker": 1347, "Eriette of the Charmed Apple": 904, "Surgical Suite // Hospital Room_SB": 2859, "Willowrush Verge": 3403, "Monument to Endurance": 1916, "Cunning Coyote_SB": 614, "Thousand Moons Smithy": 3023, "Transmutation Font": 3110, "Braided Net_SB": 309, "Quag Feast": 2231, "Gastal Raider_SB": 1150, "Bounce Off": 304, "Intimidation Tactics_SB": 1492, "Voyage Home": 3345, "Perilous Snare": 2120, "Grim Bauble_SB": 1289, "Nesting Bot": 1964, "Chandra, Spark Hunter_SB": 464, "The Speed Demon_SB": 2990, "Momentum Breaker_SB": 1904, "Farsight Ritual": 985, "The Skullspore Nexus": 2987, "Regal Imperiosaur": 2331, "Intrepid Paleontologist_SB": 1498, "Overlord of the Hauntwoods_SB": 2080, "Voyager Glidecar": 3346, "Amonkhet Raceway": 60, "Overgrown Zealot": 2072, "Transit Mage": 3109, "Brightglass Gearhulk": 339, "Voyager Glidecar_SB": 3347, "Debris Beetle_SB": 663, "Fuel the Flames": 1124, "Skycrash": 2646, "Riverpyre Verge": 2403, "Broadside Barrage_SB": 350, "Fuel the Flames_SB": 1125, "Dropkick Bomber": 810, "Howlsquad Heavy": 1432, "Reckless Lackey": 2307, "Mendicant Core, Guidelight": 1839, "Mu Yanling, Wind Rider": 1931, "Marauding Mako": 1806, "Scrounging Skyray": 2521, "Broadside Barrage": 349, "Boosted Sloop": 291, "Bounce Off_SB": 305, "Thopter Fabricator_SB": 3011, "The Aetherspark": 2944, "Count on Luck_SB": 583, "Gruff Triplets": 1293, "Bringer of the Last Gift": 343, "Terisian Mindbreaker": 2932, "Skitterbeam Battalion": 2635, "Riverchurn Monument": 2400, "Diversion Unit": 753, "Gastal Thrillroller_SB": 1152, "Monument to Endurance_SB": 1917, "Spectacular Pileup": 2712, "Riptide Gearhulk": 2388, "Burnout Bashtronaut": 372, "Greasewrench Goblin": 1270, "Lifecraft Engine": 1696, "Gastal Thrillroller": 1151, "Coalstoke Gearhulk_SB": 512, "Locust Spray": 1728, "Atraxa's Fall_SB": 144, "Ketramose, the New Dawn_SB": 1602, "Webstrike Elite": 3386, "Memory Guardian": 1838, "Shoreline Looter": 2603, "Engine Rat_SB": 892, "Zahur, Glory's Past": 3452, "Quag Feast_SB": 2232, "Essence Channeler_SB": 918, "Lunar Insight": 1761, "Captain Howler, Sea Scourge": 403, "Jodah, the Unifier_SB": 1552, "Thunderous Velocipede": 3055, "Invasion of Regatha_SB": 1514, "Visage Bandit": 3318, "Waxen Shapethief": 3380, "Coalstoke Gearhulk": 511, "Dune Drifter": 818, "Ride's End_SB": 2382, "Rampaging Raptor": 2273, "Agonasaur Rex_SB": 36, "Chandra, Spark Hunter": 463, "Agonasaur Rex": 35, "Sandstalker Moloch_SB": 2470, "Red Sun's Twilight_SB": 2317, "Repurposing Bay": 2349, "Perilous Snare_SB": 2121, "Expel the Interlopers_SB": 940, "Lightwheel Enhancements": 1706, "Phyrexian Dragon Engine": 2138, "Mishra, Claimed by Gix": 1879, "Coiling Rebirth_SB": 516, "Collision Course_SB": 526, "Visage of Dread": 3319, "Pit Automaton": 2159, "Visage of Dread_SB": 3320, "The Last Ride_SB": 2971, "Aether Syphon_SB": 26, "Sazacap's Brew": 2490, "Invasion of Mercadia": 1512, "Playful Shove": 2168, "Caelorna, Coral Tyrant_SB": 385, "The Speed Demon": 2989, "Gas Guzzler": 1148, "Spectral Interference_SB": 2717, "Say Its Name_SB": 2489, "Stock Up": 2794, "Spectacular Pileup_SB": 2713, "Gastal Thrillseeker": 1153, "Far Fortune, End Boss": 984, "Overrun_SB": 2086, "Wardens of the Cycle_SB": 3368, "Painful Quandary_SB": 2095, "Leaf-Crowned Visionary_SB": 1671, "Mossborn Hydra_SB": 1924, "Drag to the Roots_SB": 779, "Ghitu Lavarunner": 1176, "Flow of Knowledge": 1084, "Claim Jumper": 496, "Starscape Cleric_SB": 2773, "Soul of Windgrace": 2698, "Flotsam // Jetsam_SB": 1082, "Melira, the Living Cure_SB": 1836, "Bloated Contaminator_SB": 244, "The Aetherspark_SB": 2945, "Fearless Swashbuckler": 1010, "Unctus, Grand Metatect": 3171, "Diversion Unit_SB": 754, "Tomik, Wielder of Law_SB": 3091, "Engine Rat": 891, "Teysa, Opulent Oligarch": 2941, "Gonti, Night Minister": 1254, "Muraganda Raceway": 1937, "Gumdrop Poisoner": 1304, "Tyrox, Saurid Tyrant": 3153, "Mindspring Merfolk": 1861, "Zephyr Singer_SB": 3455, "Conduit of Worlds_SB": 542, "Optimistic Scavenger_SB": 2044, "Esoteric Duplicator": 916, "Explosive Derailment_SB": 946, "Mishra's Command": 1876, "Webstrike Elite_SB": 3387, "Heliod, the Radiant Dawn": 1365, "Twinblade Blessing": 3139, "Restless Anchorage_SB": 2360, "Defend the Rider_SB": 678, "Demonic Junker": 695, "Nexus of Becoming": 1972, "Ratadrabik of Urborg": 2282, "Lumbering Worldwagon": 1754, "Overrun": 2085, "The Last Ride": 2970, "Ancient Vendetta_SB": 72, "Hidden Necropolis": 1395, "Unstable Glyphbridge_SB": 3209, "Ancient Vendetta": 71, "Basri, Tomorrow's Champion": 192, "Skyseer's Chariot_SB": 2653, "Lassoed by the Law_SB": 1656, "Blast Zone_SB": 233, "Reclamation Sage": 2310, "Thalia and The Gitrog Monster_SB": 2943, "Ashiok, Wicked Manipulator_SB": 132, "Third Path Iconoclast_SB": 3005, "Ferocification_SB": 1034, "Become Brutes": 202, "Sword of Forge and Frontier_SB": 2873, "Veteran Survivor": 3294, "The Elder Dragon War_SB": 2951, "Kellan, Inquisitive Prodigy_SB": 1596, "Caradora, Heart of Alacria": 407, "Veteran Beastrider": 3293, "Skyseer's Chariot": 2652, "Valor's Flagship": 3260, "Spring-Loaded Sawblades_SB": 2753, "Urza's Command_SB": 3238, "Dive Down": 751, "Scrollshift_SB": 2520, "Full Throttle_SB": 1128, "Loot, the Key to Everything_SB": 1737, "Loot, the Pathfinder_SB": 1739, "Twining Twins": 3142, "Threadbind Clique": 3032, "Boommobile": 287, "Forging the Anchor": 1099, "Radiant Lotus": 2248, "The Mightstone and Weakstone_SB": 2975, "Boommobile_SB": 288, "Radiant Lotus_SB": 2249, "Bloodthorn Flail": 259, "Flamewake Phoenix": 1066, "Cryptcaller Chariot_SB": 603, "Volley Veteran": 3338, "Riptide Gearhulk_SB": 2389, "Slick Sequence": 2666, "Spiteful Hexmage_SB": 2742, "Riverchurn Monument_SB": 2401, "Thopter Fabricator": 3010, "Furnace Host Charger": 1134, "Clamorous Ironclad": 500, "Wishing Well": 3417, "Frolicking Familiar": 1118, "Alania, Divergent Storm": 48, "Resplendent Angel_SB": 2355, "Tinker's Tote": 3064, "Cephalopod Sentry": 453, "Redshift, Rocketeer Chief": 2322, "Haunt the Network": 1337, "Sorcerous Spyglass": 2692, "Demonic Junker_SB": 696, "Stall Out": 2767, "Stall Out_SB": 2768, "Halana and Alena, Partners_SB": 1310, "Valor's Flagship_SB": 3261, "Tocasia's Welcome_SB": 3084, "The Raven Man": 2982, "The Raven Man_SB": 2983, "Sovereign Okinec Ahau": 2710, "Gloryheath Lynx": 1229, "Boom Box": 285, "Possession Engine": 2189, "Conduit of Worlds": 541, "Broadcast Rambler": 348, "Broodheart Engine": 352, "Gargantuan Leech": 1145, "Captivating Cave": 406, "Promising Vein": 2209, "Hidden Courtyard": 1393, "Bat Colony": 193, "Calamitous Cave-In": 386, "Hidden Volcano": 1397, "Marketback Walker": 1813, "Sylvan Scavenging": 2879, "Sab-Sunen, Luxa Embodied": 2455, "Simian Simulacrum": 2621, "Reluctant Role Model": 2340, "Bulwark Ox": 365, "Reluctant Role Model_SB": 2341, "The Goose Mother": 2961, "Virtue of Courage": 3309, "Leyline Binding_SB": 1686, "Likeness Looter": 1707, "Mold Adder_SB": 1890, "Market Gnome_SB": 1812, "Daretti, Rocketeer Engineer": 632, "Threefold Thunderhulk": 3041, "Tune Up": 3132, "Meteor Golem_SB": 1844, "Marketback Walker_SB": 1814, "Burnout Bashtronaut_SB": 373, "Gastal Raider": 1149, "Oviya, Automech Artisan": 2092, "The Skullspore Nexus_SB": 2988, "Cosmium Confluence": 581, "Festival of Embers": 1037, "Hidden Nursery": 1396, "Balustrade Wurm": 173, "Gossip's Talent": 1255, "Skycrash_SB": 2647, "Nexus of Becoming_SB": 1973, "Soulless Jailer_SB": 2704, "Collector's Vault_SB": 524, "Thran Spider_SB": 3030, "Sab-Sunen, Luxa Embodied_SB": 2456, "Akal Pakal, First Among Equals_SB": 46, "Earthrumbler": 835, "Oko, the Ringleader": 2029, "Forensic Researcher": 1096, "Deepfathom Echo": 672, "Chitin Gravestalker": 482, "Desperate Bloodseeker_SB": 708, "Starving Revenant_SB": 2774, "Steamcore Scholar_SB": 2783, "Ojer Pakpatiq, Deepest Epoch_SB": 2028, "Lavaspur Boots_SB": 1664, "Voldaren Thrillseeker_SB": 3337, "Thunderous Velocipede_SB": 3056, "Stock Up_SB": 2795, "Fear of Infinity_SB": 1000, "Dredger's Insight_SB": 809, "Fauna Shaman_SB": 989, "Sunder the Gateway": 2837, "Malcator, Purity Overseer": 1791, "Reject Imperfection_SB": 2335, "Vivisurgeon's Insight_SB": 3324, "Mocking Sprite": 1886, "Talion's Messenger": 2895, "Barrow Naughty": 186, "Faerie Slumber Party": 972, "Drag the Canal": 775, "Spellscorn Coven": 2726, "Etrata, Deadly Fugitive": 929, "Coerced to Kill": 514, "Unstoppable Plan_SB": 3210, "Shadow-Rite Priest": 2568, "Training Grounds": 3104, "Hoarding Broodlord": 1413, "Nahiri's Warcrafting_SB": 1950, "Baral and Kari Zev": 181, "Enigma Drake": 894, "Eroded Canyon": 906, "Trained Arynx": 3103, "Ornery Tumblewagg": 2050, "Giant Beaver": 1183, "Lagorin, Soul of Alacria": 1652, "Miriam, Herd Whisperer": 1865, "Congregation Gryff": 545, "Brightfield Glider": 338, "Run Over_SB": 2440, "Night Market": 1975, "Stockpiling Celebrant": 2797, "Carrion Locust_SB": 411, "Skullcap Snail_SB": 2643, "Stockpiling Celebrant_SB": 2798, "Macabre Waltz": 1771, "Wary Thespian": 3375, "Haunted Mire": 1339, "Overwhelming Remorse_SB": 2088, "Akal Pakal, First Among Equals": 45, "Forensic Gadgeteer": 1094, "Deduce_SB": 667, "Wreck Remover_SB": 3433, "Brave the Wilds": 321, "Fog of War_SB": 1089, "Oaken Siren": 2010, "Guidelight Optimizer": 1301, "Fountainport Bell": 1110, "Machine Over Matter_SB": 1772, "Armored Scrapgorger": 125, "Fierce Empath": 1042, "Spinewoods Paladin": 2735, "Phyrexian Missionary_SB": 2142, "Tranquil Cove_SB": 3106, "Exsanguinate": 948, "Exsanguinate_SB": 949, "Crumb and Get It_SB": 600, "Flame Lash": 1062, "Syr Ginger, the Meal Ender_SB": 2884, "Legion Extruder_SB": 1675, "Fear of Infinity": 999, "Pitiless Carnage": 2161, "Dawnwing Marshal": 642, "Leonin Vanguard": 1680, "Savannah Lions": 2484, "Aurelia, the Warleader": 149, "Gilded Ghoda": 1191, "Vanish into Eternity_SB": 3271, "Frenzied Goblin": 1114, "Count on Luck": 582, "Doubling Season_SB": 769, "Fanatical Firebrand_SB": 980, "Frenzied Goblin_SB": 1115, "Reckless Lackey_SB": 2308, "Howlsquad Heavy_SB": 1433, "Rundvelt Hordemaster_SB": 2442, "District Mascot": 746, "Shivan Devastator": 2590, "Zimone, Paradox Sculptor": 3459, "Tyvar, the Pummeler_SB": 3162, "Zopandrel, Hunger Dominus_SB": 3463, "Dynamite Diver": 833, "Guidelight Synergist": 1302, "Kolodin, Triumph Caster": 1630, "Burner Rocket": 369, "Cloudspire Skycycle": 510, "Irreverent Gremlin": 1525, "Blightstep Pathway": 242, "Bloodtithe Harvester": 260, "Cauldron Familiar": 436, "Deadly Dispute": 654, "Mayhem Devil": 1824, "Overgrown Tomb": 2071, "Witch's Oven": 3419, "Claim the Firstborn": 498, "Ob Nixilis, the Adversary_SB": 2014, "Unlicensed Hearse_SB": 3198, "Bishop of Wings": 218, "Righteous Valkyrie": 2384, "Resplendent Marshal": 2356, "Skyclave Apparition": 2645, "Collected Company": 517, "Kayla's Reconstruction": 1586, "Portable Hole": 2183, "Branchloft Pathway": 318, "Cave of the Frost Dragon": 442, "Overgrown Farmland": 2070, "Temple Garden": 2915, "Nykthos, Shrine to Nyx": 2009, "Eiganjo, Seat of the Empire": 849, "Brutal Cathar_SB": 359, "Reidane, God of the Worthy_SB": 2332, "Archon of Absolution_SB": 112, "Shapers' Sanctuary_SB": 2571, "Brave the Elements_SB": 320, "Heroic Intervention_SB": 1388, "Cragcrown Pathway": 587, "Mutavault": 1944, "Reckless Rage": 2309, "Soul-Scar Mage": 2701, "Hazoret the Fervent_SB": 1346, "Redcap Melee_SB": 2319, "Elvish Mystic": 871, "Kiora, Behemoth Beckoner": 1607, "Cavalier of Thorns": 441, "Old-Growth Troll": 2031, "Lair of the Hydra": 1653, "Storm the Festival": 2805, "Ulvenwald Oddity": 3165, "Oath of Nissa": 2012, "Leyline of the Guildpact": 1691, "Emrakul, the Promised End_SB": 876, "Setessan Petitioner_SB": 2566, "Arasta of the Endless Web_SB": 98, "Ledger Shredder": 1673, "Arclight Phoenix": 115, "Fiery Impulse": 1045, "Lightning Axe": 1699, "Treasure Cruise": 3116, "Riverglide Pathway": 2402, "Hall of Storm Giants": 1311, "Brazen Borrower_SB": 323, "Annul_SB": 87, "Aether Gust_SB": 25, "Anger of the Gods_SB": 75, "Prismari Command_SB": 2200, "Omen of the Sea": 2035, "The Meathook Massacre": 2972, "Narset, Parter of Veils": 1952, "Field of Ruin": 1039, "Geier Reach Sanitarium": 1156, "Urborg, Tomb of Yawgmoth": 3232, "Clearwater Pathway": 506, "Hive of the Eye Tyrant": 1412, "Shipwreck Marsh": 2589, "Takenuma, Abandoned Mire": 2894, "Ashiok, Dream Render_SB": 129, "Yorion, Sky Nomad_SB": 3447, "Ashiok, Nightmare Muse_SB": 130, "Extinction Event_SB": 951, "Ramunap Ruins": 2276, "Stormcarved Coast": 2806, "Spikefield Hazard": 2732, "Izzet Charm": 1534, "Prismari Command": 2199, "Blade of the Oni": 227, "Hidetsugu Consumes All_SB": 1399, "Invoke Despair_SB": 1521, "Haunted Ridge": 1340, "Bonecrusher Giant": 279, "Burning-Tree Emissary": 371, "Chandra, Torch of Defiance": 465, "Collision // Colossus": 525, "Gruul Spellbreaker": 1295, "Kami's Flare": 1573, "Kumano Faces Kakkazan": 1646, "Pelt Collector": 2117, "Voltaic Brawler": 3341, "Zhur-Taa Goblin": 3457, "Bonecrusher Giant_SB": 280, "Chandra, Torch of Defiance_SB": 466, "Cindervines_SB": 490, "Kami's Flare_SB": 1574, "Roiling Vortex_SB": 2419, "Weathered Runestone_SB": 3385, "Sigarda's Aid": 2612, "Colossus Hammer": 531, "Raffine's Informant": 2250, "Sylvan Caryatid": 2878, "Eldritch Evolution": 852, "Mana Confluence": 1797, "Soulflayer": 2703, "Collective Brutality_SB": 519, "Gifted Aetherborn_SB": 1188, "Bloodline Culling_SB": 256, "Deafening Silence_SB": 657, "Portable Hole_SB": 2184, "Grafdigger's Cage_SB": 1259, "Kroxa, Titan of Death's Hunger": 1645, "Claim the Firstborn_SB": 499, "Hallowed Fountain": 1313, "Indatha Triome": 1463, "Spara's Headquarters": 2711, "Zagoth Triome": 3451, "Vanishing Verse": 3272, "Leyline of Sanctity_SB": 1689, "Barrier Breach_SB": 185, "Knockout Blow_SB": 1625, "Foreboding Ruins": 1093, "Invoke Despair": 1520, "Rakdos, Patron of Chaos": 2263, "Kolaghan's Command_SB": 1629, "Fetid Pools": 1038, "Yorion, Sky Nomad": 3446, "Go Blank_SB": 1233, "Castle Locthwain": 429, "Paradoxical Outcome": 2102, "Greasefang, Okiba Boss": 1269, "Parhelion II": 2103, "Shattered Sanctum": 2575, "Faithful Mending": 973, "Skysovereign, Consul Flagship": 2655, "Tainted Indulgence": 2888, "Collective Brutality": 518, "Raffine's Tower": 2251, "Stubborn Denial": 2826, "Dovin's Veto_SB": 770, "Silence_SB": 2614, "Fatal Push_SB": 987, "Vanishing Verse_SB": 3273, "Breeding Pool": 336, "Linvala, the Preserver": 1713, "Enigmatic Incarnation": 895, "Savai Triome": 2483, "Thought Distortion_SB": 3017, "Archon of Emeria_SB": 114, "Ruric Thar, the Unbowed_SB": 2446, "Voldaren Epicure": 3335, "Ensoul Artifact": 897, "Darksteel Citadel": 637, "Shrapnel Blast": 2606, "Smuggler's Copter": 2675, "Rending Volley_SB": 2344, "Shadowspear_SB": 2569, "Voltage Surge_SB": 3340, "Experimental Frenzy_SB": 943, "Claim // Fame": 495, "Infuriate": 1472, "Extinction Event": 950, "Krenko's Buzzcrusher": 1640, "Furnace Punisher_SB": 1135, "Hearth Elemental_SB": 1359, "Titania's Command_SB": 3075, "Laughing Jasper Flint_SB": 1661, "Rocky Roads": 2414, "Lumbering Worldwagon_SB": 1755, "Cosmic Rebirth_SB": 580, "Mondrak, Glory Dominus_SB": 1911, "Mimeoplasm, Revered One": 1858, "Devouring Sugarmaw": 718, "Amalia Benavides Aguirre_SB": 57, "Elas il-Kor, Sadistic Pilgrim_SB": 851, "Fiendish Panda_SB": 1041, "Knight of Dawn's Light_SB": 1618, "Spin Out_SB": 2733, "Ravine Raider_SB": 2290, "Cindering Cutthroat_SB": 489, "Steampath Charger_SB": 2784, "Risky Shortcut_SB": 2392, "Become Brutes_SB": 203, "Eddymurk Crab_SB": 843, "Tolarian Terror_SB": 3087, "Drake Hatcher_SB": 795, "Goblin Oriflamme": 1241, "Spectral Interference": 2716, "Ruthless Negotiation_SB": 2454, "Etched Familiar": 926, "Haughty Djinn_SB": 1336, "Map the Frontier": 1802, "No Witnesses_SB": 1992, "Winter, Cursed Rider": 3412, "Radiant Grove": 2247, "Streetwise Negotiator_SB": 2821, "Silken Strength": 2617, "Divine Resilience": 755, "Greenhouse // Rickety Gazebo": 1281, "Mirror Room // Fractured Realm": 1870, "Unflinching Courage_SB": 3188, "Khenra Spellspear": 1603, "Herd Migration_SB": 1383, "Armored Armadillo_SB": 123, "Gixian Infiltrator_SB": 1205, "Kykar, Zephyr Awakener": 1651, "Realm-Scorcher Hellkite": 2298, "Sentinel of Lost Lore_SB": 2556, "Spyglass Siren_SB": 2755, "Lathril, Blade of the Elves_SB": 1659, "The Huntsman's Redemption_SB": 2964, "Gloryheath Lynx_SB": 1230, "Threefold Thunderhulk_SB": 3042, "Cryptcaller Chariot": 602, "Case of the Locked Hothouse": 419, "Walk-In Closet // Forgotten Cellar": 3359, "Primeval Bounty": 2196, "Commune with Evil": 537, "Thirsting Roots": 3006, "Mindsparker_SB": 1859, "Voracious Greatshark": 3342, "Gigantosaurus": 1189, "Llanowar Greenwidow": 1724, "Llanowar Stalker": 1726, "Ghalta, Primal Hunger_SB": 1172, "Gigantosaurus_SB": 1190, "Disenchant": 731, "Captain Howler, Sea Scourge_SB": 404, "Cursed Recording_SB": 618, "Karn, Living Legacy_SB": 1577, "Rangers' Refueler": 2277, "Meeting of Minds": 1833, "Steel Hellkite_SB": 2785, "Grand Entryway && Elegant Rotunda": 1263, "Quaketusk Boar": 2233, "The Stasis Coffin": 2991, "The Everflowing Well": 2957, "Kellan Joins Up": 1592, "Ovika, Enigma Goliath_SB": 2091, "Lukka, Bound to Ruin": 1752, "Bestow Greatness_SB": 209, "Leaping Ambush": 1672, "Raucous Theater_SB": 2288, "Flowstone Infusion_SB": 1088, "Alesha, Who Laughs at Fate_SB": 51, "Stormkeld Vanguard_SB": 2810, "Stern Lesson": 2789, "Progenitor Exarch": 2205, "Primal Might_SB": 2195, "Agatha of the Vile Cauldron": 31, "Feed the Swarm": 1018, "Moonshaker Cavalry_SB": 1919, "Bramble Familiar_SB": 314, "Annie Joins Up_SB": 84, "Reckless Handling": 2306, "Detention Chariot": 715, "Push the Limit": 2223, "Gallant Strike": 1142, "Thundering Broodwagon": 3052, "Ancient Den": 70, "Boros Garrison": 294, "Experimental Synthesizer": 944, "Galvanic Blast": 1143, "Glint Hawk": 1223, "Great Furnace": 1273, "Journey to Nowhere": 1556, "Kor Skyfisher": 1634, "Lembas": 1679, "Makeshift Munitions": 1790, "Relic of Progenitus": 2337, "Rustvale Bridge": 2450, "Thraben Inspector": 3027, "Dust to Dust_SB": 826, "Electrickery_SB": 853, "Prismatic Strands_SB": 2202, "Pyroblast_SB": 2224, "Red Elemental Blast_SB": 2316, "Relic of Progenitus_SB": 2338, "Boomerang": 286, "Brainstorm": 312, "Cryptic Serpent": 606, "Deep Analysis": 669, "Delver of Secrets": 689, "Dragon Wings": 784, "L\u00f3rien Revealed": 1767, "Mental Note": 1840, "Murmuring Mystic": 1942, "Ponder": 2182, "Sleep of the Dead": 2660, "Snow-Covered Island": 2682, "Blue Elemental Blast_SB": 269, "Deem Inferior_SB": 668, "Dispel_SB": 737, "Hydroblast_SB": 1446, "Jace's Phantasm_SB": 1538, "Murmuring Mystic_SB": 1943, "Sleep of the Dead_SB": 2661, "Radiant Fountain": 2246, "Goldmire Bridge": 1247, "Bojuka Bog": 272, "Orzhov Basilica": 2051, "Sunlit Marsh": 2843, "Troll of Khazad-d\u00fbm": 3127, "Eagles of the North": 834, "Dawnbringer Cleric": 641, "Omen of the Dead": 2034, "Cast Down": 427, "Accursed Marauder": 13, "Refurbished Familiar": 2324, "Vault of Whispers": 3274, "Suffocating Fumes": 2829, "Campfire_SB": 394, "Arms of Hadar_SB": 127, "Unmake_SB": 3199, "Accursed Marauder_SB": 14, "Cast Down_SB": 428, "Beckon Apparition_SB": 201, "Thraben Charm_SB": 3026, "Thorn of the Black Rose_SB": 3013, "Arashin Cleric_SB": 97, "Lazav, Wearer of Faces_SB": 1669, "Harmless Offering_SB": 1329, "Return Triumphant": 2377, "Souls of the Lost_SB": 2706, "Wildwood Scourge": 3402, "Slickshot Lockpicker_SB": 2668, "Flashfreeze": 1069, "Interface Ace": 1488, "Sunpearl Kirin": 2844, "Synchronized Charge": 2881, "Heritage Reclamation_SB": 1385, "Magmatic Hellkite_SB": 1781, "Surrak, Elusive Hunter": 2862, "Surrak, Elusive Hunter_SB": 2863, "Elspeth, Storm Slayer": 865, "Rally the Monastery": 2271, "Cori Mountain Monastery": 563, "Dispelling Exhale": 738, "Jeskai Revelation": 1546, "Marang River Regent": 1803, "Shiko, Paragon of the Way": 2586, "Herd Heirloom": 1380, "Cori-Steel Cutter": 567, "Jeskai Revelation_SB": 1547, "Voice of Victory_SB": 3328, "Tersa Lightshatter": 2938, "Sandsteppe Citadel": 2471, "Skirmish Rhino": 2634, "Elspeth, Storm Slayer_SB": 866, "United Battlefront": 3197, "Desperate Measures": 709, "Rot-Curse Rakshasa": 2424, "Sage of the Skies_SB": 2459, "Winternight Stories": 3413, "Auroral Procession": 150, "Opulent Palace": 2045, "Rakshasa's Bargain": 2266, "Glacial Dragonhunt": 1207, "Mistrise Village": 1882, "Tersa Lightshatter_SB": 2939, "Unending Whisper": 3186, "Wild Ride": 3398, "Mystic Monastery": 1947, "Stormshriek Feral": 2813, "Stormshriek Feral_SB": 2814, "Roiling Dragonstorm": 2417, "Kishla Village": 1612, "Restless Vents_SB": 2373, "Cori-Steel Cutter_SB": 568, "Cooped Up": 556, "Flamehold Grappler": 1065, "Gulping Scraptrap": 1303, "Static Snare": 2778, "Magmatic Hellkite": 1780, "Sarkhan, Dragon Ascendant": 2480, "Sarkhan, Soul Aflame": 2481, "Pit of Offerings": 2160, "Static Snare_SB": 2779, "Kayla's Reconstruction_SB": 1587, "Tempest Hawk": 2914, "Rediscover the Way": 2320, "Frontline Rush": 1120, "Gilded Lotus_SB": 1192, "Fresh Start_SB": 1116, "Frostcliff Siege": 1122, "Duty Beyond Death_SB": 828, "Dalkovan Encampment": 626, "Frontier Bivouac": 1119, "Two-Headed Hunter_SB": 3152, "Bloomvine Regent": 264, "Encroaching Dragonstorm": 877, "Ugin, Eye of the Storms": 3163, "Drakuseth, Maw of Flames": 796, "Breaching Dragonstorm": 327, "Molten Exhale": 1895, "Molten Exhale_SB": 1896, "Songcrafter Mage": 2689, "Death Begets Life_SB": 658, "Awaken the Honored Dead": 156, "Caustic Exhale": 439, "Disruptive Stormbrood": 740, "Scavenger Regent // Exude Toxin // Scavenger Regent": 2498, "Teval, Arbiter of Virtue": 2940, "Caustic Exhale_SB": 440, "Fangkeeper's Familiar_SB": 983, "Ugin, Eye of the Storms_SB": 3164, "New Way Forward": 1970, "Dragonologist": 793, "Bulwark Ox_SB": 366, "Temur Tawnyback": 2929, "Eshki Dragonclaw": 914, "Spinewoods Paladin_SB": 2736, "Mandible Justiciar": 1798, "Dragon Sniper": 781, "Nature's Rhythm": 1955, "Broken Wings_SB": 351, "Voidwing Hybrid": 3329, "Torpor Orb": 3097, "Mercurial Spelldancer": 1842, "Blightbelly Rat_SB": 241, "Devoted Duelist": 717, "Prowcatcher Specialist_SB": 2213, "Ghitu Lavarunner_SB": 1177, "Fortress Kin-Guard": 1104, "Salt Road Packbeast": 2465, "Inspiring Overseer_SB": 1486, "Salt Road Packbeast_SB": 2466, "Slumbering Keepguard": 2671, "The Princess Takes Flight": 2980, "Great Arashin City": 1271, "Maelstrom of the Spirit Dragon": 1775, "Qarsi Revenant_SB": 2230, "Kishla Skimmer": 1611, "Roar of Endless Song_SB": 2406, "Keldon Strike Team": 1591, "Sidisi, Regent of the Mire": 2610, "Gingerbrute_SB": 1195, "Undergrowth Leopard_SB": 3182, "Scavenger Regent_SB": 2500, "Scavenger Regent": 2497, "Overwhelming Surge_SB": 2090, "Qarsi Revenant": 2229, "Spectral Denial": 2714, "Corroding Dragonstorm": 571, "Sage of the Skies": 2458, "Heritage Reclamation": 1384, "Bleachbone Verge_SB": 239, "Voice of Victory": 3327, "Clarion Conqueror_SB": 503, "Helga, Skittish Seer": 1363, "Helga, Skittish Seer_SB": 1364, "Rakshasa's Bargain_SB": 2267, "Mistrise Village_SB": 1883, "Case of the Pilfered Proof": 421, "Coordinated Maneuver_SB": 559, "Winternight Stories_SB": 3414, "Craterhoof Behemoth": 589, "Craterhoof Behemoth_SB": 590, "Descendant of Storms": 703, "Severance Priest": 2567, "Yathan Roadwatcher": 3443, "Animist's Might": 78, "Flourishing Bloom-Kin": 1083, "Seedglaive Mentor": 2546, "Stadium Headliner": 2761, "Scavenger Regent // Exude Toxin // Scavenger Regent_SB": 2499, "Behind the Mask": 205, "Don't Make a Sound_SB": 762, "Marang River Regent_SB": 1804, "Channeled Dragonfire": 469, "New Way Forward_SB": 1971, "Rotisserie Elemental_SB": 2426, "Twists and Turns_SB": 3148, "Strategic Betrayal_SB": 2819, "Simulacrum Synthesizer_SB": 2625, "Sagu Wildling": 2460, "Desperate Measures_SB": 710, "Fangkeeper's Familiar": 982, "Muldrotha, the Gravetide_SB": 1936, "Sinkhole Surveyor": 2627, "Dragonback Assault": 786, "Rediscover the Way_SB": 2321, "Ringing Strike Mastery_SB": 2386, "Disruptive Stormbrood_SB": 741, "Tinybones, Bauble Burglar_SB": 3068, "Glacierwood Siege": 1209, "Roiling Dragonstorm_SB": 2418, "Ureni, the Song Unending": 3233, "Shiko, Paragon of the Way_SB": 2587, "Ureni, the Song Unending_SB": 3234, "Spectral Denial_SB": 2715, "Dispelling Exhale_SB": 739, "Twinmaw Stormbrood": 3143, "Fleeting Effigy": 1071, "Dalkovan Packbeasts": 627, "Skullcap Snail": 2642, "Harried Spearguard": 1330, "Toxin Analysis_SB": 3102, "Dire Flail": 726, "Mardu Devotee": 1808, "Warren Warleader_SB": 3374, "Toby, Beastie Befriender_SB": 3082, "Mardu Devotee_SB": 1809, "Resolute Reinforcements_SB": 2353, "Mardu Siegebreaker": 1810, "Overwhelming Surge": 2089, "Stern Lesson_SB": 2790, "Coordinated Maneuver": 558, "Triumphant Chomp_SB": 3126, "Rampaging Raptor_SB": 2274, "Earthshaker Dreadmaw_SB": 837, "Temur Battlecrier": 2928, "Strategic Betrayal": 2818, "Kheru Goldkeeper": 1604, "Ambling Stormshell": 58, "Bedrock Tortoise": 204, "Dinotomaton": 725, "Dragon Whelp": 783, "Dragonlord's Servant": 791, "Firespitter Whelp": 1061, "Kolaghan Warmonger": 1628, "Mox Jasper": 1930, "Shivan Dragon": 2591, "Viashino Branchrider_SB": 3298, "Firebrand Archer_SB": 1057, "Twin Bolt_SB": 3138, "Rumbling Rockslide_SB": 2438, "Skyraker Giant_SB": 2651, "Breaching Dragonstorm_SB": 328, "Drakuseth, Maw of Flames_SB": 797, "Ticket Booth // Tunnel of Hate_SB": 3059, "Channeled Dragonfire_SB": 470, "All-Out Assault": 53, "Inevitable Defeat": 1465, "Neriv, Heart of the Storm": 1962, "Zurgo, Thunder's Decree": 3473, "Inevitable Defeat_SB": 1466, "Thunder of Unity_SB": 3051, "Windcrag Siege_SB": 3408, "Zurgo's Vanguard": 3472, "Duty Beyond Death": 827, "Ainok Wayfarer": 38, "Rabid Bite": 2241, "Polliwallop": 2176, "Felothar, Dawn of the Abzan": 1031, "Oracle of Tragedy_SB": 2047, "Corroding Dragonstorm_SB": 572, "Floriferous Vinewall": 1081, "Bovine Intervention_SB": 307, "Combat Courier": 532, "Twitching Doll_SB": 3150, "Under the Skin_SB": 3175, "Skyserpent Seeker_SB": 2654, "Break the Spell": 332, "Treacherous Greed": 3115, "Intrepid Stablemaster": 1499, "Guardian Sunmare": 1297, "Itzquinth, Firstborn of Gishath_SB": 1529, "Commune with Nature": 538, "Coordinated Clobbering": 557, "Take the Fall_SB": 2893, "Serum Snare_SB": 2563, "Infectious Bite_SB": 1468, "Elusive Otter_SB": 869, "Hurkyl, Master Wizard_SB": 1442, "Stasis Snare_SB": 2776, "Seal from Existence_SB": 2527, "Abyssal Harvester_SB": 11, "Clarion Conquerer_SB": 501, "Runescale Stormbrood": 2444, "Stasis Snare": 2775, "Moment of Truth_SB": 1902, "Helping Hand_SB": 1373, "Adarkar Wastes_SB": 20, "Floodfarm Verge_SB": 1078, "Meticulous Archive_SB": 1846, "Seachrome Coast_SB": 2525, "Mondrak, Glory Dominus": 1910, "Tomb Trawler": 3090, "Take Out the Trash_SB": 2890, "Convenient Target_SB": 555, "Kickoff Celebrations": 1605, "Nullpriest of Oblivion_SB": 2006, "Lord Skitter's Blessing": 1744, "Ayli, Eternal Pilgrim_SB": 163, "Stoic Sphinx": 2799, "Watcher of the Wayside": 3377, "Twinmaw Stormbrood_SB": 3144, "Confounding Riddle_SB": 544, "Glacial Dragonhunt_SB": 1208, "Combat Thresher": 534, "Windcrag Siege": 3407, "The Ancient One": 2946, "Nomad Outpost": 1993, "Sonic Shrieker": 2691, "The Sibsig Ceremony": 2986, "Purging Stormbrood_SB": 2220, "Curator of Destinies_SB": 616, "Glarb, Calamity's Augur_SB": 1211, "Heliod, the Radiant Dawn_SB": 1366, "Ghostly Dancers_SB": 1181, "Pyrrhic Blast": 2228, "Melek, Reforged Researcher": 1834, "Herd Heirloom_SB": 1381, "Clarion Conqueror // Clarion Conqueror_SB": 502, "Taurean Mauler": 2905, "Anafenza, Unyielding Lineage": 64, "Clay Champion": 504, "Nesting Bot_SB": 1965, "Restricted Office // Lecture Hall_SB": 2376, "Dragonfire Blade": 788, "Monastery Messenger": 1907, "Shocking Sharpshooter": 2597, "Phyrexian Censor": 2136, "Terror of the Peaks_SB": 2937, "Calamity, Galloping Inferno_SB": 389, "Fires of Victory_SB": 1060, "Bovine Intervention": 306, "Vampiric Rites_SB": 3270, "Fear of Lost Teeth_SB": 1004, "Bloodghast_SB": 253, "Vampire Gourmand_SB": 3265, "Riling Dawnbreaker": 2385, "Awaken the Honored Dead_SB": 157, "Warden of the Grove": 3365, "Brineborn Cutthroat": 340, "Invasion of Ikoria": 1508, "Branch of Vitu-Ghazi": 316, "Dragon Sniper_SB": 782, "Revenge of the Rats": 2380, "Rise of the Varmints": 2391, "Undergrowth Leopard": 3181, "Grasping Longneck_SB": 1267, "Watcher of the Wayside_SB": 3378, "Shock Brigade": 2594, "Aatchik, Emerald Radian": 0, "Ratcatcher Trainee": 2283, "Deadly Riposte": 655, "Derelict Attic // Widow's Walk_SB": 702, "Reigning Victor": 2333, "Worthy Cost": 3430, "Bone-Cairn Butcher": 277, "Salt Road Skirmish": 2467, "Starry-Eyed Skyrider": 2771, "Dirgur Island Dragon": 728, "Yarus, Roar of the Old Gods": 3442, "Sinkhole Surveyor_SB": 2628, "Thunder of Unity": 3050, "Frontline Rush_SB": 1121, "Dalkovan Packbeasts_SB": 628, "Descendant of Storms_SB": 704, "Worthy Cost_SB": 3431, "War Effort_SB": 3362, "Shocking Sharpshooter_SB": 2598, "Unyielding Gatekeeper_SB": 3220, "Unscrupulous Contractor": 3205, "Gearbane Orangutan_SB": 1155, "Osseous Exhale": 2053, "Narset, Jeskai Waymaster": 1951, "Frostcliff Siege_SB": 1123, "Return Triumphant_SB": 2378, "Spring Splasher": 2751, "Norn's Wellspring": 1997, "Case of the Uneaten Feast_SB": 426, "Blue Sun's Twilight": 270, "Servant of the Stinger_SB": 2565, "Three Blind Mice_SB": 3035, "Bloodfeather Phoenix_SB": 250, "Annihilating Glare_SB": 86, "Lasyd Prowler": 1657, "Feral Encounter_SB": 1032, "Nature's Rhythm_SB": 1956, "Synchronized Charge_SB": 2882, "Viral Spawning_SB": 3308, "Ob Nixilis, Captive Kingpin": 2013, "All Will Be One": 52, "Encroaching Mycosynth": 878, "Krenko, Baron of Tin Street": 1642, "Ice Out": 1447, "Crime Novelist": 595, "Breeches, Eager Pillager_SB": 335, "Convenient Target": 554, "Niv-Mizzet, Supreme_SB": 1986, "Perennation_SB": 2118, "Timeless Lotus": 3062, "Phyrexian Vindicator_SB": 2146, "Urabrask_SB": 3226, "Grafted Butcher": 1260, "Voidwing Hybrid_SB": 3330, "Kiora, Sovereign of the Deep_SB": 1608, "Kalastria Highborn": 1569, "Cori Mountain Monastery_SB": 564, "Ertai's Scorn": 911, "Eshki Dragonclaw_SB": 915, "Songcrafter Mage_SB": 2690, "Bulk Up_SB": 364, "Cat Collector_SB": 431, "Eluge, the Shoreless Sea": 867, "Finale of Revelation": 1053, "Eliminate the Impossible": 861, "Eliminate the Impossible_SB": 862, "Finale of Revelation_SB": 1054, "Izoni, Center of the Web_SB": 1533, "Hazoret, Godseeker_SB": 1348, "Spelunking_SB": 2728, "Smile at Death": 2674, "Osteomancer Adept_SB": 2058, "Peer Past the Veil_SB": 2114, "Campus Guide_SB": 395, "Liberator, Urza's Battlethopter": 1694, "Racers' Scoreboard": 2245, "Rot-Curse Rakshasa_SB": 2425, "Markov Baron": 1815, "Pulse Tracker": 2218, "Redcap Gutter-Dweller_SB": 2318, "Dragon's Prey": 785, "Defibrillating Current": 681, "Alesha's Legacy": 49, "Emerge from the Cocoon": 874, "Midnight Mayhem": 1853, "Bone-Cairn Butcher_SB": 278, "Cori Mountain Stalwart_SB": 566, "Marshal of the Lost_SB": 1818, "Shock Brigade_SB": 2595, "Neriv, Heart of the Storm_SB": 1963, "Poised Practitioner_SB": 2172, "Filter Out": 1046, "Hero's Downfall": 1386, "Desecration Demon_SB": 706, "Whiskervale Forerunner": 3392, "Lost in the Maze": 1749, "Cori Mountain Stalwart": 565, "Underground River_SB": 3180, "Gloomlake Verge_SB": 1228, "Darkslick Shores_SB": 634, "Aggressive Sabotage_SB": 34, "Disdainful Stroke": 729, "Out Cold_SB": 2060, "Magmakin Artillerist": 1779, "Flood the Engine_SB": 1075, "Veloheart Bike": 3280, "Migloz, Maze Crusher": 1856, "Dragonhawk, Fate's Tempest_SB": 790, "Swiftblade Vindicator": 2867, "Hidetsugu and Kairi_SB": 1401, "Abzan Devotee": 12, "Gixian Puppeteer": 1206, "Colossification_SB": 530, "Rite of Renewal": 2393, "Staff of Compleation": 2763, "Betor, Kin to All": 210, "Danitha, New Benalia's Light": 630, "Danitha, New Benalia's Light_SB": 631, "Walk-In Closet // Forgotten Cellar_SB": 3360, "Oltec Matterweaver": 2032, "Disturbing Mirth_SB": 750, "Encroaching Mycosynth_SB": 879, "Mortify_SB": 1922, "Stadium Headliner_SB": 2762, "Draconautics Engineer_SB": 774, "Bumbleflower's Sharepot": 367, "Volt Charge": 3339, "Great Arashin City_SB": 1272, "Underground Mortuary_SB": 3178, "Purging Stormbrood": 2219, "Piercing Exhale": 2151, "Wind-Scarred Crag": 3406, "Jeskai Devotee": 1545, "Kin-Tree Nurturer": 1606, "Nightblade Brigade": 1977, "Stormplain Detainment": 2811, "Marshal of the Lost": 1817, "Sunset Strikemaster": 2845, "Seize Opportunity": 2549, "Dragonback Lancer": 787, "Venerated Stormsinger": 3283, "Elesh Norn": 857, "Slickshot Lockpicker": 2667, "Invasion of Arcavios_SB": 1503, "Zur, Eternal Schemer_SB": 3469, "Portal to Phyrexia_SB": 2186, "Tarrian's Journal_SB": 2902, "Youthful Valkyrie_SB": 3450, "Tempest Hart": 2913, "Stormscale Scion": 2812, "Dracogenesis": 772, "Battlefield Forge_SB": 196, "Distorted Curiosity_SB": 745, "Battle-Rage Blessing": 194, "Gnawing Crescendo": 1231, "Outlaws' Fury": 2065, "Ashnod's Intervention_SB": 134, "Lightshield Parry": 1705, "Lightfoot Technique": 1698, "Lazav, Familiar Stranger": 1667, "Stormsplitter_SB": 2816, "Samut, Vizier of Naktamun_SB": 2469, "Vengeful Bloodwitch_SB": 3285, "Rith, Liberated Primeval": 2397, "Meticulous Excavation": 1847, "Cacophony Scamp_SB": 382, "Lazav, Familiar Stranger_SB": 1668, "Cactusfolk Sureshot": 384, "Djeru and Hazoret": 757}}