{"vocabulary": {"Burst Lightning": 375, "Emberheart Challenger": 872, "Heartfire Hero": 1353, "Hired Claw": 1410, "Lightning Strike": 1703, "Manifold Mouse": 1800, "Monastery Swiftspear": 1908, "Monstrous Rage": 1914, "Mountain": 1926, "Rockface Village": 2411, "Screaming Nemesis": 2515, "Witchstalker Frenzy": 3418, "Lithomantic Barrage_SB": 1717, "Obliterating Bolt_SB": 2015, "Sunspine Lynx_SB": 2846, "Torch the Tower_SB": 3091, "Twisted Fealty_SB": 3145, "Urabrask's Forge_SB": 3223, "Adarkar Wastes": 19, "Assimilation Aegis": 138, "Case of the Filched Falcon": 416, "Floodfarm Verge": 1077, "Fountainport": 1109, "Get Lost": 1163, "Island": 1526, "Mockingbird": 1887, "No More Lies": 1986, "Novice Inspector": 2001, "Plains": 2163, "Regal Bunnicorn": 2326, "Restless Anchorage": 2358, "Seachrome Coast": 2522, "Shardmage's Rescue": 2570, "Sheltered by Ghosts": 2575, "Spyglass Siren": 2752, "Steel Seraph": 2784, "Tishana's Tidebinder": 3070, "Unidentified Hovership": 3191, "Warden of the Inner Sky": 3364, "Assimilation Aegis_SB": 139, "Authority of the Consuls_SB": 152, "Destroy Evil_SB": 712, "Elspeth's Smite_SB": 864, "Loran of the Third Path_SB": 1741, "Negate_SB": 1959, "Rest in Peace_SB": 2357, "Temporary Lockdown_SB": 2925, "Tishana's Tidebinder_SB": 3071, "Anoint with Affliction": 88, "Cut Down": 621, "Darkslick Shores": 633, "Enduring Curiosity": 883, "Faerie Mastermind": 970, "Floodpits Drowner": 1079, "Gloomlake Verge": 1227, "Go for the Throat": 1234, "Kaito, Bane of Nightmares": 1563, "Preacher of the Schism": 2190, "Restless Reef": 2365, "Spell Stutter": 2720, "Swamp": 2862, "Underground River": 3177, "Aclazotz, Deepest Betrayal_SB": 16, "Anoint with Affliction_SB": 89, "Blot Out_SB": 268, "Disdainful Stroke_SB": 730, "Duress_SB": 820, "Ghost Vacuum_SB": 1179, "Gix's Command_SB": 1202, "Preacher of the Schism_SB": 2191, "Sheoldred, the Apocalypse_SB": 2581, "Blooming Marsh": 263, "Desecration Demon": 705, "Dreams of Steel and Oil": 806, "Duress": 819, "Forest": 1097, "Glissa Sunslayer": 1224, "Llanowar Elves": 1722, "Llanowar Wastes": 1727, "Mosswood Dreadknight": 1924, "Restless Cottage": 2362, "Scavenging Ooze": 2500, "Sheoldred, the Apocalypse": 2580, "Soulstone Sanctuary": 2705, "Tear Asunder": 2904, "Unholy Annex && Ritual Chamber": 3187, "Choking Miasma_SB": 484, "Cut Down_SB": 622, "Harvester of Misery_SB": 1333, "Liliana of the Veil_SB": 1709, "Nissa, Ascended Animist_SB": 1982, "Render Inert_SB": 2342, "Scavenging Ooze_SB": 2501, "Season of Gathering_SB": 2531, "Tear Asunder_SB": 2905, "The Cruelty of Gix_SB": 2946, "Tranquil Frillback_SB": 3106, "Vivien Reid_SB": 3320, "Archfiend of the Dross": 110, "Underground Mortuary": 3175, "Unstoppable Slasher": 3209, "Beza, the Bounding Spring": 213, "Caretaker's Talent": 408, "Carrot Cake": 412, "Demolition Field": 691, "Enduring Innocence": 885, "Lay Down Arms": 1665, "Season of the Burrow": 2536, "Serra Paragon": 2558, "Soul Partition": 2692, "Sunfall": 2837, "Sunken Citadel": 2840, "Virtue of Loyalty": 3311, "Boon-Bringer Valkyrie_SB": 290, "Day of Judgment_SB": 644, "Exorcise_SB": 937, "Realmbreaker, the Invasion Tree_SB": 2300, "Azure Beastbinder": 165, "Phantom Interference": 2127, "Sheoldred's Edict_SB": 2579, "Three Steps Ahead_SB": 3036, "Sentinel of the Nameless City": 2555, "Tranquil Frillback": 3105, "Virtue of Persistence": 3313, "Dreams of Steel and Oil_SB": 807, "Virtue of Persistence_SB": 3314, "Analyze the Pollen": 65, "Botanical Sanctum": 299, "Bushwhack": 377, "Cache Grab": 379, "Eddymurk Crab": 842, "Hedge Maze": 1361, "Rona's Vortex": 2419, "Seed of Hope": 2543, "Sleight of Hand": 2661, "Stormchaser's Talent": 2806, "This Town Ain't Big Enough": 3006, "Tolarian Terror": 3084, "Unsummon": 3211, "Up the Beanstalk": 3219, "Yavimaya Coast": 3442, "Go for the Throat_SB": 1235, "Minor Misstep_SB": 1863, "Nowhere to Run_SB": 2003, "Pawpatch Formation_SB": 2108, "Pick Your Poison_SB": 2148, "Swamp_SB": 2863, "Deep-Cavern Bat": 670, "Deep-Cavern Bat_SB": 671, "Mazemind Tome_SB": 1828, "Battlefield Forge": 195, "Ethereal Armor": 927, "Inspiring Vantage": 1487, "Optimistic Scavenger": 2042, "Restless Bivouac": 2360, "Spellbook Vendor": 2722, "Lightning Helix_SB": 1702, "Maelstrom Pulse": 1773, "Shoot the Sheriff": 2597, "Vivien Reid": 3319, "Maelstrom Pulse_SB": 1774, "Abhorrent Oculus": 2, "Chart a Course": 476, "Founding the Third Path": 1106, "Haughty Djinn": 1335, "Helping Hand": 1372, "Kiora, the Rising Tide": 1609, "Meticulous Archive": 1845, "Moment of Truth": 1901, "Picklock Prankster": 2149, "Recommission": 2311, "Monastery Mentor_SB": 1906, "Split Up_SB": 2744, "Ertai Resurrected": 909, "Gix, Yawgmoth Praetor": 1203, "Three Steps Ahead": 3035, "Kaito, Cunning Infiltrator_SB": 1566, "Withering Torment_SB": 3421, "Cavern of Souls": 443, "Copperline Gorge": 562, "Karplusan Forest": 1578, "Overlord of the Boilerbilges": 2074, "Overlord of the Hauntwoods": 2078, "Scorching Dragonfire": 2503, "Thornspire Verge": 3012, "Torch the Tower": 3090, "Valgavoth's Onslaught": 3245, "Pyroclasm_SB": 2225, "Scorching Dragonfire_SB": 2504, "Torch the Witness_SB": 3093, "Sheoldred's Edict": 2578, "Undercity Sewers": 3174, "Phyrexian Fleshgorger_SB": 2139, "Cruelclaw's Heist": 597, "Gix's Command": 1201, "Harvester of Misery": 1332, "Thrun, Breaker of Silence": 3046, "Malicious Eclipse_SB": 1796, "Boltwave": 275, "Boros Charm": 292, "Fugitive Codebreaker": 1126, "Lightning Helix": 1701, "Raucous Carnival": 2284, "Slickshot Show-Off": 2667, "Fugitive Codebreaker_SB": 1127, "Scorching Shot_SB": 2506, "Sheltered by Ghosts_SB": 2576, "Herd Migration": 1382, "Hushwood Verge": 1443, "Leyline Binding": 1685, "Lush Portico": 1764, "Overlord of the Floodpits": 2076, "Overlord of the Mistmoors": 2080, "Shadowy Backstreet": 2568, "Split Up": 2743, "Zur, Eternal Schemer": 3466, "Doppelgang_SB": 767, "Not on My Watch_SB": 2000, "Get Lost_SB": 1164, "Harmless Offering": 1328, "Demonic Pact": 697, "Coveted Falcon": 585, "Thundertrap Trainer": 3055, "Fallaji Archaeologist": 976, "Tithing Blade": 3076, "Nowhere to Run": 2002, "Blazemire Verge": 234, "Raucous Theater": 2286, "Thundering Falls": 3051, "Impulse": 1462, "Portent of Calamity": 2186, "Drag to the Bottom": 777, "Ill-Timed Explosion": 1452, "Greed's Gambit_SB": 1276, "Brotherhood's End_SB": 356, "Archfiend of the Dross_SB": 111, "Leyline Axe": 1684, "Zoetic Glyph": 3458, "Glass Casket_SB": 1213, "Subterranean Schooner": 2825, "Protect the Negotiators_SB": 2211, "Barbed Batterfist": 183, "Pawpatch Recruit": 2109, "Questing Druid": 2233, "Restless Ridgeline": 2367, "Case of the Crimson Pulse_SB": 415, "Fiery Annihilation_SB": 1044, "Questing Druid_SB": 2234, "Sentinel of the Nameless City_SB": 2556, "Innkeeper's Talent": 1474, "Snakeskin Veil": 2676, "Caustic Bronco": 437, "Stab": 2757, "Vinereap Mentor": 3301, "Hostile Investigator_SB": 1431, "Archangel Elspeth": 102, "Beza, the Bounding Spring_SB": 214, "Season of the Burrow_SB": 2537, "Deadly Cover-Up": 652, "Outrageous Robbery": 2066, "Pillage the Bog": 2156, "Glissa Sunslayer_SB": 1225, "Outrageous Robbery_SB": 2067, "Sorcerous Spyglass_SB": 2691, "Elesh Norn, Mother of Machines": 858, "Scrollshift": 2517, "Temporary Lockdown": 2924, "Shock": 2591, "Witchstalker Frenzy_SB": 3419, "Into the Flood Maw": 1493, "Herbology Instructor_SB": 1379, "Monstrous Emergence_SB": 1913, "Unable to Scream_SB": 3165, "Obliterating Bolt": 2014, "Screaming Nemesis_SB": 2516, "Stab_SB": 2758, "The Eternal Wanderer": 2953, "The Eternal Wanderer_SB": 2954, "Archangel of Wrath": 106, "Atraxa, Grand Unifier": 145, "Brushland": 358, "Commercial District": 536, "Pawpatch Formation": 2107, "Archangel of Wrath_SB": 107, "Sunfall_SB": 2838, "Blot Out": 267, "Disfigure_SB": 734, "Negate": 1958, "Broodspinner_SB": 354, "The Gitrog, Ravenous Ride_SB": 2958, "Thrun, Breaker of Silence_SB": 3047, "Thran Portal": 3026, "Liliana of the Veil": 1708, "Mazemind Tome": 1827, "Caustic Bronco_SB": 438, "The End_SB": 2951, "Might of the Meek": 1854, "Innkeeper's Talent_SB": 1475, "Snakeskin Veil_SB": 2677, "Royal Treatment": 2430, "Collector's Cage": 521, "Kellan, Daring Traveler": 1594, "Nurturing Pixie": 2006, "Razorverge Thicket": 2294, "Restless Prairie": 2364, "Splitskin Doll": 2745, "Sun-Blessed Healer": 2831, "Toby, Beastie Befriender": 3079, "Ajani, Sleeper Agent_SB": 44, "Aven Interrupter_SB": 155, "Artist's Talent": 128, "Crash Through": 588, "Fabled Passage": 960, "Hearth Elemental": 1358, "Urabrask": 3221, "Urabrask's Forge": 3222, "Wrenn's Resolve": 3435, "Abrade_SB": 5, "Jaya, Fiery Negotiator_SB": 1544, "Koth, Fire of Resistance_SB": 1636, "Wear Down_SB": 3382, "Aclazotz, Deepest Betrayal": 15, "Deadly Cover-Up_SB": 653, "Shivan Reef": 2590, "Spirebluff Canal": 2737, "Resolute Reinforcements": 2351, "Yotian Frontliner": 3446, "Gleeful Demolition": 1219, "Knight-Errant of Eos": 1623, "Imodane's Recruiter": 1455, "Sanguine Evangelist": 2473, "Case of the Gateway Express": 417, "Warleader's Call": 3368, "Invasion of Gobakhan_SB": 1507, "No More Lies_SB": 1987, "Serra Paragon_SB": 2559, "Mishra's Foundry": 1878, "Untimely Malfunction_SB": 3214, "Cacophony Scamp": 381, "Callous Sell-Sword": 392, "Audacity": 147, "Two-Headed Hunter": 3149, "Giant Growth": 1186, "Tyvar's Stand_SB": 3157, "Soul-Guide Lantern_SB": 2698, "Unholy Annex // Ritual Chamber": 3189, "Bitter Triumph": 223, "Deduce": 666, "Doomsday Excruciator": 763, "Jace, the Perfected Mind": 1539, "Quick Study": 2236, "Chrome Host Seedshark_SB": 486, "Heartflame Duelist_SB": 1357, "Valley Questcaller": 3255, "Finneas, Ace Archer": 1055, "Hinterland Sanctifier": 1408, "Seasoned Warrenguard": 2539, "Valley Mightcaller": 3254, "Surge of Salvation": 2851, "Hop to It": 1421, "Banner of Kinship": 180, "Three Tree City": 3037, "Lupinflower Village": 1762, "Joust Through_SB": 1558, "Karplusan Forest_SB": 1579, "Knight of Grace_SB": 1622, "Arabella, Abandoned Doll": 93, "Clockwork Percussionist": 509, "Painter's Studio && Defaced Gallery": 2095, "Requisition Raid_SB": 2350, "Abyssal Harvester": 10, "Bloodletter of Aclazotz": 254, "Razorlash Transmogrant_SB": 2293, "Spinner of Souls": 2735, "Roxanne, Starfall Savant": 2428, "Wrenn and Realmbreaker": 3432, "Ferocification": 1033, "Ruby, Daring Tracker": 2433, "Wildfire Wickerfolk": 3399, "Hunter's Talent": 1439, "Axebane Ferox": 159, "Scrapshooter": 2509, "Dragonhawk, Fate's Tempest": 789, "Pick Your Poison": 2147, "Chainsaw": 457, "Keen-Eyed Curator": 1588, "Sunspine Lynx": 2845, "Evangel of Synthesis": 930, "Invasion of Amonkhet": 1500, "Dreadwing Scavenger": 803, "Etali, Primal Conqueror": 922, "The Cruelty of Gix": 2945, "Malcolm, Alluring Scoundrel": 1792, "Render Inert": 2341, "Mirrex": 1867, "Arcane Proxy": 100, "Massacre Wurm_SB": 1822, "Change the Equation": 467, "Helpful Hunter": 1371, "Starscape Cleric": 2770, "Elas il-Kor, Sadistic Pilgrim": 850, "Bloodthirsty Conqueror": 258, "Amalia Benavides Aguirre": 56, "Restless Fortress": 2363, "Concealed Courtyard": 539, "Caves of Koilos": 446, "Mudflat Village": 1931, "Raise the Past": 2257, "Overlord of the Balemurk": 2072, "Enduring Tenacity_SB": 888, "Atraxa, Grand Unifier_SB": 146, "Blackcleave Cliffs": 226, "Fear of Missing Out": 1005, "Highway Robbery": 1406, "Push // Pull": 2220, "Sheoldred": 2577, "Sulfurous Springs": 2829, "Trumpeting Carnosaur": 3127, "Valgavoth, Terror Eater": 3247, "Zombify": 3460, "Molten Collapse_SB": 1893, "Enduring Vitality": 889, "Invasion of Ixalan": 1509, "Roaring Furnace && Steaming Sauna": 2406, "Song of Totentanz": 2685, "Valley Floodcaller": 3252, "Floodpits Drowner_SB": 1080, "Ral, Crackling Wit_SB": 2269, "Bitter Reunion": 221, "Tarnation Vista": 2898, "Blue Sun's Twilight_SB": 271, "Dissection Tools_SB": 743, "Into the Flood Maw_SB": 1494, "Up the Beanstalk_SB": 3220, "Bristlebud Farmer_SB": 345, "Fear of Impostors_SB": 998, "Seized from Slumber": 2550, "Breach the Multiverse_SB": 326, "Jace, the Perfected Mind_SB": 1540, "Kaya, Intangible Slayer_SB": 1582, "Long Goodbye_SB": 1732, "Spring-Loaded Sawblades": 2750, "Devout Decree_SB": 719, "Demonic Ruckus": 699, "Kellan, Planar Trailblazer": 1597, "Day of Judgment": 643, "Elegant Parlor": 854, "Elesh Norn, Mother of Machines_SB": 859, "Monstrous Emergence": 1912, "Elspeth's Smite": 863, "The Stone Brain_SB": 2991, "Kaito, Bane of Nightmares_SB": 1564, "Charming Prince": 473, "Dusk Rose Reliquary": 822, "Don't Make a Sound": 761, "Kutzil's Flanker_SB": 1648, "Silent Hallcreeper_SB": 2614, "Invasion of Gobakhan": 1506, "The Wandering Rescuer": 2996, "Agatha's Soul Cauldron": 32, "Arcanis the Omnipotent": 101, "Proft's Eidetic Memory": 2202, "Steamcore Scholar": 2780, "Voldaren Thrillseeker": 3334, "Fiery Annihilation": 1043, "Loran of the Third Path": 1740, "Not on My Watch": 1999, "Tectonic Hazard_SB": 2907, "Clifftop Lookout": 507, "Glimpse the Core": 1222, "Smuggler's Surprise": 2674, "The Irencrag": 2964, "Vaultborn Tyrant": 3273, "Soul Partition_SB": 2693, "Elenda, Saint of Dusk": 855, "Legions to Ashes": 1677, "Make Your Own Luck": 1788, "Ancient Cornucopia": 69, "Omniscience": 2036, "Invasion of Arcavios": 1502, "Peerless Recycling_SB": 2114, "Beseech the Mirror_SB": 208, "Heroic Reinforcements_SB": 1390, "This Town Ain't Big Enough_SB": 3007, "Herald of Eternal Dawn_SB": 1375, "Sleep-Cursed Faerie": 2660, "Faerie Dreamthief": 967, "Faerie Fencing": 968, "Ego Drain": 846, "Season of Loss": 2532, "Glistening Deluge_SB": 1226, "Talion's Messenger_SB": 2894, "Leyline of the Void_SB": 1693, "Misery's Shadow": 1874, "Obstinate Baloth_SB": 2019, "Third Path Iconoclast": 3002, "Monastery Mentor": 1905, "Reasonable Doubt": 2301, "Essence Scatter_SB": 920, "Wing Commando": 3408, "Roaring Furnace // Steaming Sauna": 2408, "Ral, Crackling Wit": 2268, "Stormcatch Mentor": 2805, "Elusive Otter": 868, "Ajani, Caller of the Pride": 40, "Ajani, Caller of the Pride_SB": 41, "Blood Hustler": 246, "Deathcap Marionette": 660, "Eaten Alive": 838, "Forsaken Miner": 1102, "Fear of Being Hunted": 993, "Enduring Courage": 881, "Fell": 1027, "Jagged Barrens": 1541, "Bloodfell Caves": 251, "Liliana, Dreadhorde General_SB": 1711, "Restless Spire": 2369, "Teferi, Temporal Pilgrim": 2909, "Union of the Third Path": 3193, "Silver Scrutiny_SB": 2617, "Parting Gust": 2103, "Cruelclaw's Heist_SB": 598, "Spectral Sailor": 2716, "Painter's Studio // Defaced Gallery": 2097, "Bandit's Talent": 176, "Pilfer_SB": 2155, "Cerebral Confiscation_SB": 454, "Feed the Cycle_SB": 1016, "Enduring Tenacity": 887, "Rush of Dread": 2445, "Wrenn's Resolve_SB": 3436, "Vampire Nighthawk_SB": 3265, "Hopeless Nightmare": 1424, "Rankle's Prank": 2277, "Tinybones, the Pickpocket": 3067, "Ruthless Negotiation": 2451, "Thought-Stalker Warlock": 3017, "Plumecreed Escort": 2169, "Marauding Blight-Priest": 1805, "Phyrexian Arena": 2133, "Case of the Uneaten Feast": 425, "Scoured Barrens": 2508, "Balustrade Wurm_SB": 174, "Starfall Invocation": 2767, "Kaya, Intangible Slayer": 1581, "Assassin's Trophy_SB": 137, "Disfigure": 733, "Haunted Screen": 1341, "Prayer of Binding": 2189, "The End": 2950, "Kaya, Spirits' Justice": 1583, "Sandstorm Verge": 2472, "Unwanted Remake": 3215, "Surge of Salvation_SB": 2852, "Capricious Hellraiser": 402, "Brass's Tunnel-Grinder": 319, "Season of Weaving": 2534, "Chandra, Hope's Beacon": 461, "Fires of Victory": 1059, "Horned Loch-Whale": 1426, "Chandra, Flameshaper": 459, "Virtue of Knowledge_SB": 3310, "Braids, Arisen Nightmare": 310, "Disturbing Mirth": 749, "Final Vengeance": 1051, "Greedy Freebooter": 1277, "Corrupted Conviction": 574, "Restless Vents": 2371, "Spiteful Hexmage": 2739, "Furnace Reins": 1136, "Vengeful Bloodwitch": 3282, "Bitter Triumph_SB": 224, "Feed the Swarm_SB": 1019, "Kaito, Cunning Infiltrator": 1565, "Chimil, the Inner Sun_SB": 481, "Urborg Scavengers_SB": 3229, "No One Left Behind": 1988, "Insatiable Avarice_SB": 1480, "Rona's Vortex_SB": 2420, "Bonny Pall, Clearcutter": 283, "Bristly Bill, Spine Sower": 347, "Invasion of Zendikar": 1519, "Loot, Exuberant Explorer": 1736, "Mossborn Hydra": 1922, "River's Rebuke": 2397, "Nissa, Resurgent Animist": 1983, "Tatyova, Benthic Druid": 2901, "Joint Exploration": 1555, "Koma, World-Eater": 1631, "Restless Vinestalk": 2373, "River's Rebuke_SB": 2398, "Primeval Bounty_SB": 2196, "Haywire Mite_SB": 1344, "Azure Beastbinder_SB": 166, "Koma, World-Eater_SB": 1632, "Urza's Sylex": 3238, "Exorcise": 936, "Dollmaker's Shop // Porcelain Gallery": 759, "Union of the Third Path_SB": 3194, "Regal Caracal_SB": 2329, "Overlord of the Floodpits_SB": 2077, "Trygon Predator_SB": 3128, "Kiora, the Rising Tide_SB": 1610, "Secluded Courtyard": 2541, "Cease // Desist_SB": 448, "Urza's Sylex_SB": 3239, "Plaza of Heroes": 2168, "Refute": 2324, "Throne of the Grim Captain": 3043, "Urborg Scavengers": 3228, "Valgavoth's Lair": 3244, "Zetalpa, Primal Dawn": 3454, "Drana and Linvala_SB": 798, "Pest Control_SB": 2124, "The Kenriths' Royal Funeral_SB": 2967, "Nashi, Searcher in the Dark": 1952, "Saiba Cryptomancer": 2462, "Silent Hallcreeper": 2613, "Phantom Interference_SB": 2128, "Archangel Elspeth_SB": 103, "Roaring Furnace && Steaming Sauna_SB": 2407, "Faebloom Trick_SB": 966, "Opt": 2040, "Ephara's Dispersal_SB": 903, "Plains_SB": 2164, "Sword of Once and Future_SB": 2873, "Chimil, the Inner Sun": 480, "Collector's Vault": 523, "White Sun's Twilight": 3393, "Disenchant_SB": 732, "Aegis Turtle_SB": 23, "Burst Lightning_SB": 376, "Invasion of Tarkir_SB": 1516, "Volcanic Spite_SB": 3332, "Rat Out_SB": 2280, "Moment of Craving_SB": 1899, "Vren, the Relentless_SB": 3354, "Gix, Yawgmoth Praetor_SB": 1204, "Seized from Slumber_SB": 2551, "Crystal Barricade_SB": 609, "Break Out": 330, "Cenote Scout": 451, "Patchwork Beastie": 2106, "Violent Urge": 3303, "Vengeful Possession_SB": 3285, "Turn Inside Out": 3134, "Furnace Reins_SB": 1137, "Dazzling Denial": 646, "Tyvar's Stand": 3156, "Zoetic Glyph_SB": 3459, "Regal Bunnicorn_SB": 2327, "Authority of the Consuls": 151, "Glass Casket": 1212, "Say Its Name": 2486, "Altanak, the Thrice-Called": 55, "Thornwood Falls": 3014, "Change the Equation_SB": 468, "Creosote Heath": 594, "Malicious Eclipse": 1795, "Festering Gulch": 1035, "Shroudstomper": 2607, "Forlorn Flats": 1101, "Outcaster Greenblade": 2061, "Spinewoods Armadillo": 2732, "Cease // Desist": 447, "Feed the Infection": 1017, "Copper Host Crusher": 560, "Badlands Revival": 168, "Bandit's Haul": 175, "Vinereap Mentor_SB": 3302, "Insidious Fungus_SB": 1482, "Hunter's Talent_SB": 1440, "Confounding Riddle": 543, "Surgical Suite // Hospital Room": 2856, "Mischievous Pup": 1873, "Inspiring Overseer": 1485, "Hinterland Sanctifier_SB": 1409, "Cathar Commando_SB": 433, "Angel of Finality_SB": 73, "Fynn, the Fangbearer": 1138, "Infectious Bite": 1467, "Vampire Nighthawk": 3264, "Servant of the Stinger": 2562, "Ankle Biter": 79, "Bilious Skulldweller": 215, "Infectious Inquiry": 1469, "Vraska's Fall": 3348, "Nimraiser Paladin": 1980, "The Hunter Maze": 2960, "The Dross Pits": 2947, "Urborg Repossession": 3226, "Wardens of the Cycle": 3365, "Honest Rutstein": 1420, "Kraul Whipcracker": 1637, "Strangled Cemetery": 2815, "Binding Negotiation_SB": 217, "Rogue's Passage": 2414, "Rugged Highlands": 2434, "Thrashing Brontodon": 3029, "Giant Cindermaw": 1184, "Belligerent Yearling": 206, "Scytheclaw Raptor": 2520, "Triumphant Chomp": 3123, "Colossadactyl": 527, "Earthshaker Dreadmaw": 836, "Ixalli's Lorekeeper": 1532, "Itzquinth, Firstborn of Gishath": 1528, "Bristling Backwoods": 346, "Armored Kincaller_SB": 124, "Insidious Roots": 1483, "Defiled Crypt // Cadaver Lab": 684, "Coati Scavenger": 513, "Blanchwood Prowler": 229, "Cult Conscript": 611, "Osseous Sticktwister": 2053, "Skyfisher Spider": 2646, "Drag to the Roots": 778, "Jungle Hollow": 1561, "Deadly Brew": 650, "Dewdrop Cure_SB": 721, "Fanatical Firebrand": 979, "Hellspur Brute": 1367, "Flamecache Gecko": 1064, "Fireglass Mentor": 1058, "Vial Smasher, Gleeful Grenadier": 3295, "At Knifepoint": 142, "Abrade": 4, "Mourner's Surprise_SB": 1928, "Caught in the Crossfire_SB": 435, "Scales of Shale_SB": 2493, "Soured Springs": 2707, "Lush Oasis": 1763, "Live or Die": 1718, "Seize the Secrets": 2548, "Shoot the Sheriff_SB": 2598, "Demolition Field_SB": 692, "Vraska, Betrayal's Sting": 3350, "Keen-Eyed Curator_SB": 1589, "Armored Armadillo": 122, "Feather of Flight": 1011, "Knight of Grace": 1621, "Toadstool Admirer": 3078, "Unflinching Courage": 3185, "Overlord of the Mistmoors_SB": 2081, "Sanguine Evangelist_SB": 2474, "Virtue of Loyalty_SB": 3312, "Clay-Fired Bricks": 505, "Sandstorm Salvager": 2470, "Skyknight Squire": 2648, "Tolsimir, Midnight's Light": 3086, "Builder's Talent": 361, "Nissa, Ascended Animist": 1981, "Case of the Crimson Pulse": 414, "Dreamdew Entrancer": 804, "Dreamdew Entrancer_SB": 805, "Aven Interrupter": 154, "Errant and Giada": 907, "Werefox Bodyguard": 3387, "Plumecreed Escort_SB": 2170, "Faebloom Trick": 965, "Autonomous Assembler": 153, "Etali's Favor": 921, "Geological Appraiser": 1160, "Luminous Rebuke": 1756, "Quintorius Kand": 2237, "Caretaker's Talent_SB": 409, "Luminous Rebuke_SB": 1757, "Candy Trail": 398, "Fomori Vault": 1090, "Massacre Wurm": 1821, "The Enigma Jewel": 2952, "Valgavoth's Faithful": 3243, "Sheoldred_SB": 2582, "Felidar Retreat_SB": 1026, "Lyra Dawnbringer_SB": 1766, "Shock_SB": 2594, "Hired Claw_SB": 1411, "Unsummon_SB": 3212, "Valley Floodcaller_SB": 3253, "Temple of Triumph": 2923, "Kayla's Command_SB": 1585, "Starfall Invocation_SB": 2768, "Scavenger's Talent": 2499, "Souls of the Lost": 2703, "Stalactite Stalker": 2762, "Bandit's Talent_SB": 177, "Case of the Stashed Skeleton_SB": 424, "Rottenmouth Viper_SB": 2427, "Unholy Annex && Ritual Chamber_SB": 3188, "Spell Stutter_SB": 2721, "Thought-Stalker Warlock_SB": 3018, "Jace Reawakened": 1536, "Get Out": 1165, "Faerie Mastermind_SB": 971, "Teething Wurmlet": 2908, "Tough Cookie": 3097, "Tail Swipe_SB": 2885, "Spinner of Souls_SB": 2736, "Mabel, Heir to Cragflame": 1769, "Shore Up_SB": 2600, "Entity Tracker": 900, "Fae Flight": 963, "Gremlin Tamer": 1282, "Inquisitive Glimmer": 1477, "Pawpatch Recruit_SB": 2110, "Cryptic Coat_SB": 605, "Parting Gust_SB": 2104, "Bitter Reunion_SB": 222, "Jace Reawakened_SB": 1537, "Enduring Curiosity_SB": 884, "Gremlin Tamer_SB": 1283, "Rat Out": 2279, "Shore Up": 2599, "Planar Disruption_SB": 2166, "Shrouded Shepherd_SB": 2606, "Callous Sell-Sword_SB": 393, "Neutralize the Guards_SB": 1968, "Ertai Resurrected_SB": 910, "Demonic Counsel": 693, "Escape Tunnel": 913, "Kaito, Dancing Shadow": 1567, "Demonic Counsel_SB": 694, "Kaito, Dancing Shadow_SB": 1568, "Youthful Valkyrie": 3447, "Exemplar of Light": 934, "Lyra Dawnbringer": 1765, "Giada, Font of Hope": 1182, "Resplendent Angel": 2353, "Archangel of Tithes_SB": 105, "Sun-Blessed Healer_SB": 2832, "Warleader's Call_SB": 3369, "Anointed Peacekeeper": 90, "Recruitment Officer": 2313, "Skrelv, Defector Mite": 2636, "The Filigree Sylex_SB": 2957, "Phyrexian Censor_SB": 2136, "Dollmaker's Shop && Porcelain Gallery": 758, "Urgent Necropsy_SB": 3234, "The Swarmweaver": 2993, "Beseech the Mirror": 207, "The Elder Dragon War": 2948, "Restless Ridgeline_SB": 2368, "Gisa, the Hellraiser_SB": 1197, "Magebane Lizard_SB": 1778, "Assassin's Trophy": 136, "Kami of Whispered Hopes": 1572, "Fauna Shaman": 988, "Diabolic Intent": 722, "Tyvar, Jubilant Brawler": 3158, "Lively Dirge_SB": 1720, "Herbology Instructor": 1378, "Flowerfoot Swordmaster": 1086, "Restless Bivouac_SB": 2361, "Slagstorm_SB": 2656, "Cruel Somnophage": 596, "Molten Duplication": 1894, "Blossoming Tortoise": 266, "Cityscape Leveler": 493, "Spelunking": 2725, "Titania's Command": 3072, "Argoth, Sanctum of Nature": 119, "Blast Zone": 232, "Cavernous Maw": 445, "Forgotten Monument": 1100, "Volatile Fault": 3329, "Get Out_SB": 1166, "Lord Skitter, Sewer King_SB": 1746, "Haywire Mite": 1343, "Rubblebelt Maverick": 2432, "Scorn-Blade Berserker": 2507, "Snarling Gorehound": 2679, "Imperious Perfect_SB": 1460, "Reclamation Sage_SB": 2310, "Sandstorm Salvager_SB": 2471, "Tough Cookie_SB": 3098, "Urborg Repossession_SB": 3227, "Raucous Carnival_SB": 2285, "Archdruid's Charm": 108, "Calamity, Galloping Inferno": 388, "Sire of Seven Deaths": 2627, "The Rollercrusher Ride": 2982, "Tyrranax Rex_SB": 3154, "Terror of the Peaks": 2934, "The Infamous Cruelclaw": 2963, "Twinflame Tyrant": 3139, "Valgavoth, Terror Eater_SB": 3248, "Withering Torment": 3420, "Skrelv's Hive_SB": 2635, "Osteomancer Adept": 2056, "Curious Forager": 617, "Thornvault Forager": 3013, "The Mycotyrant": 2977, "Sporogenic Infection_SB": 2748, "Agatha's Soul Cauldron_SB": 33, "Titania, Voice of Gaea_SB": 3075, "Huskburster Swarm_SB": 1445, "Case of the Stashed Skeleton": 423, "Grievous Wound": 1285, "Torpor Orb_SB": 3096, "Funeral Room // Awakening Hall_SB": 1132, "Rise of the Dark Realms_SB": 2389, "Pyroclasm": 2224, "Brotherhood's End": 355, "Seize the Spoils": 2549, "Phyrexian Fleshgorger": 2138, "Ichor Drinker": 1449, "Hungry Ghoul": 1438, "Cemetery Recruitment": 450, "Diregraf Ghoul": 727, "Skeleton Archer": 2629, "Sanguine Syphoner": 2475, "Mephitic Draught": 1841, "Not Dead After All": 1997, "Murder": 1936, "Canonized in Blood": 401, "Vampiric Rites": 3267, "Moment of Craving": 1898, "Nullpriest of Oblivion": 2004, "Offer Immortality": 2022, "Urgent Necropsy": 3233, "Heaped Harvest": 1352, "Grand Abolisher_SB": 1262, "Iridescent Vinelasher": 1523, "Gev, Scaled Scorch": 1169, "Valley Rotcaller": 3256, "Scales of Shale": 2492, "Braided Net": 308, "Cryptic Coat": 604, "Simulacrum Synthesizer": 2622, "Temple of Enlightenment": 2916, "Unstable Glyphbridge": 3206, "Ezrim, Agency Chief_SB": 957, "Urza, Lord Protector": 3240, "Fabrication Foundry": 961, "Thran Spider": 3027, "The Mightstone and Weakstone": 2972, "Valkyrie's Call_SB": 3250, "Fumigate_SB": 1130, "Cathar Commando": 432, "Coppercoat Vanguard": 561, "Harbin, Vanguard Aviator": 1319, "Valiant Veteran": 3249, "Zephyr Sentinel": 3451, "Skystrike Officer": 2654, "Fortified Beachhead": 1103, "Raise the Past_SB": 2258, "Royal Treatment_SB": 2431, "Unidentified Hovership_SB": 3192, "Gingerbrute": 1194, "Goldvein Hydra": 1248, "Inti, Seneschal of the Sun": 1489, "Ozolith, the Shattered Spire": 2092, "Song of Totentanz_SB": 2686, "Alesha, Who Laughs at Fate": 50, "Vadmir, New Blood": 3241, "Stoic Sphinx_SB": 2798, "Arabella, Abandoned Doll_SB": 94, "Painter's Studio && Defaced Gallery_SB": 2096, "Take Up the Shield_SB": 2889, "Valorous Stance_SB": 3261, "Stingerback Terror_SB": 2791, "Scorching Shot": 2505, "Leyline of Resonance": 1687, "Doorkeeper Thrull_SB": 765, "Tinybones, the Pickpocket_SB": 3068, "Outcaster Trailblazer": 2062, "Pond Prophet": 2180, "Splash Portal": 2741, "Temple of Mystery": 2920, "Timely Interference": 3061, "Unable to Scream": 3164, "Vesuvan Duplimancy": 3290, "Dive Down_SB": 752, "Scrawling Crawler_SB": 2513, "Gnawing Vermin": 1232, "Hollow Marauder": 1415, "Huskburster Swarm": 1444, "Overwhelming Remorse": 2086, "Stubborn Burrowfiend": 2823, "Writhing Necromass": 3437, "Basilisk Collar_SB": 191, "Dryad Militant_SB": 815, "Subterranean Schooner_SB": 2826, "Piggy Bank": 2151, "Mockingbird_SB": 1888, "Chandra, Hope's Beacon_SB": 462, "Bristlebud Farmer": 344, "Charred Foyer && Warped Space_SB": 475, "Push // Pull_SB": 2221, "Virtue of Courage_SB": 3308, "Vren, the Relentless": 3353, "Abhorrent Oculus_SB": 3, "Destroy Evil": 711, "Shardmage's Rescue_SB": 2571, "Goddric, Cloaked Reveler": 1244, "Aftermath Analyst": 30, "Crawling Barrens": 591, "Terramorphic Expanse": 2931, "Virtue of Strength": 3315, "Joust Through": 1557, "Akawalli, the Seething Tower": 47, "Absolving Lammasu_SB": 7, "Think Twice": 3000, "Micromancer_SB": 1852, "Sphinx of Forgotten Lore_SB": 2727, "Coruscation Mage_SB": 578, "Dollmaker's Shop // Porcelain Gallery_SB": 760, "Elenda, Saint of Dusk_SB": 856, "Fade from History_SB": 962, "Phyrexian Obliterator_SB": 2143, "Unholy Annex // Ritual Chamber_SB": 3190, "Unstoppable Slasher_SB": 3210, "Flashfreeze_SB": 1070, "Bruse Tarl, Roving Rancher": 357, "Fblthp, Lost on the Range": 990, "Weakstone's Subjugation": 3379, "An Offer You Can't Refuse_SB": 63, "Fblthp, Lost on the Range_SB": 991, "Proft's Eidetic Memory_SB": 2203, "Weakstone's Subjugation_SB": 3380, "Mountain_SB": 1927, "Bottomless Pool && Locker Room": 300, "Fear of Isolation": 1001, "Tinybones Joins Up_SB": 3064, "Tithing Blade_SB": 3077, "Invasion of Tarkir": 1515, "Hidetsugu's Second Rite_SB": 1403, "The Swarmweaver_SB": 2994, "Werefox Bodyguard_SB": 3388, "Boon-Bringer Valkyrie": 289, "Temple of Epiphany": 2917, "Imodane's Recruiter_SB": 1456, "Invasion of Karsus_SB": 1511, "Mirror Room && Fractured Realm_SB": 1869, "Sword of Wealth and Power_SB": 2875, "Wildfire Howl_SB": 3398, "Zurgo and Ojutai_SB": 3469, "Roxanne, Starfall Savant_SB": 2429, "Tinybones Joins Up": 3063, "Ethereal Armor_SB": 928, "Mabel, Heir to Cragflame_SB": 1770, "Halo Forager_SB": 1314, "Essence Scatter": 919, "Kitesail Larcenist": 1613, "Soulstone Sanctuary_SB": 2706, "Overprotect": 2082, "Ballyrush Banneret": 171, "Protect the Negotiators": 2210, "Myrel, Shield of Argive_SB": 1944, "Siege Veteran_SB": 2609, "Steel Seraph_SB": 2785, "Ezrim, Agency Chief": 956, "Karn, Living Legacy": 1576, "Metropolis Reformer": 1849, "Hard-Hitting Question": 1324, "Omnivorous Flytrap": 2037, "Wrenn and Realmbreaker_SB": 3433, "Decadent Dragon": 664, "Krenko's Buzzcrusher_SB": 1641, "Kellan, Inquisitive Prodigy": 1595, "Roaring Furnace // Steaming Sauna_SB": 2409, "Final Vengeance_SB": 1052, "Silverback Elder_SB": 2618, "Rottenmouth Viper": 2426, "Blood Spatter Analysis": 248, "Witch's Mark": 3416, "Kitsa, Otterball Elite": 1616, "Rundvelt Hordemaster": 2440, "Searslicer Goblin": 2528, "Breeches, Eager Pillager": 334, "Squee, Dubious Monarch": 2754, "Krenko, Mob Boss": 1643, "Urborg Lhurgoyf": 3225, "Hidden Grotto": 1394, "Feed the Cycle": 1015, "Rite of the Moth": 2395, "Venerated Rotpriest": 3279, "Branchblight Stalker": 317, "Ichorspit Basilisk": 1450, "Maze's Mantle": 1826, "Viral Spawning": 3305, "Plague Nurse": 2162, "Venomous Brutalizer": 3287, "Tyrranax Atrocity": 3152, "Goliath Hatchery": 1252, "Paladin of Predation": 2099, "Tyrranax Rex": 3153, "Serum Snare": 2560, "Tainted Observer": 2887, "Experimental Augury": 941, "Thrummingbird": 3045, "Mesmerizing Dose": 1843, "Reject Imperfection": 2333, "Gitaxian Anatomist": 1198, "Vivisurgeon's Insight": 3321, "Basilisk Collar": 190, "Lakeside Shack": 1654, "Simic Guildgate": 2621, "Tangled Islet": 2897, "Meat Locker // Drowned Diner": 1829, "Archangel of Tithes": 104, "Sigarda, Font of Blessings": 2611, "Angelic Intervention": 74, "Loran's Escape": 1742, "The Witch's Vanity": 2998, "Greed's Gambit": 1275, "Tatyova, Steward of Tides": 2902, "Awaken the Woods": 158, "Rampaging Baloths": 2271, "Portal to Phyrexia": 2184, "Omenpath Journey": 2035, "Poison Dart Frog": 2172, "Doubling Season": 768, "Long Goodbye": 1731, "Liliana, Dreadhorde General": 1710, "White Sun's Twilight_SB": 3394, "Break the Spell_SB": 333, "Migloz, Maze Crusher_SB": 1857, "Aetherize_SB": 28, "Under the Skin": 3172, "Seraphic Steed": 2557, "Hulking Raptor": 1437, "Vorinclex": 3342, "Cavern of Souls_SB": 444, "Fountainport_SB": 1111, "Goldvein Hydra_SB": 1249, "Meticulous Excavation_SB": 1848, "Cheeky House-Mouse": 478, "Rabid Gnaw": 2241, "Raging Battle Mouse": 2255, "Loran's Escape_SB": 1743, "Zoraline, Cosmos Caller": 3462, "Ossification": 2054, "Ossification_SB": 2055, "Ill-Timed Explosion_SB": 1453, "Zoraline, Cosmos Caller_SB": 3463, "Enduring Innocence_SB": 886, "The Witch's Vanity_SB": 2999, "Teferi, Temporal Pilgrim_SB": 2910, "Lay Down Arms_SB": 1666, "Betrayer's Bargain": 211, "Undead Sprinter_SB": 3171, "Murky Sewer": 1939, "Neglected Manor": 1960, "Deeproot Pilgrimage": 673, "Deeproot Wayfinder": 674, "Mistway Spy": 1884, "Vodalian Hexcatcher": 3323, "Realmbreaker, the Invasion Tree": 2299, "Metropolis Reformer_SB": 1850, "Might of the Meek_SB": 1855, "Seeker's Folly_SB": 2546, "Wildborn Preserver": 3397, "Doomsday Excruciator_SB": 764, "Heartflame Duelist": 1356, "Norn's Inquisitor": 1995, "Crystal Grotto": 610, "Sunder the Gateway_SB": 2836, "Fear of Impostors": 997, "Defabricate_SB": 676, "Twist Reality_SB": 3143, "Guardian of New Benalia": 1299, "Bottomless Pool // Locker Room": 302, "Nashi, Searcher in the Dark_SB": 1953, "Viashino Pyromancer": 3297, "Vraska Joins Up": 3347, "Bloated Contaminator": 243, "Darkstar Augur": 635, "Necrogen Communion": 1956, "Thirsting Roots_SB": 3005, "Swiftfoot Boots_SB": 2867, "Vraska, Betrayal's Sting_SB": 3351, "Rona, Herald of Invasion": 2421, "Jodah, the Unifier": 1551, "Myrel, Shield of Argive": 1943, "Hajar, Loyal Bodyguard": 1307, "Halana and Alena, Partners": 1309, "Inga and Esika": 1473, "Gwenna, Eyes of Gaea": 1306, "Jirina, Dauntless General": 1549, "Melira, the Living Cure": 1835, "Relic of Legends": 2335, "Hajar, Loyal Bodyguard_SB": 1308, "Etali, Primal Conqueror_SB": 923, "Elesh Norn_SB": 860, "Surrak and Goreclaw_SB": 2859, "Pia Nalaar, Consul of Revival": 2146, "Invasion of Kaldheim": 1510, "Getaway Glamer_SB": 1168, "Curate": 615, "Ephara's Dispersal": 902, "Pest Control": 2123, "Legions to Ashes_SB": 1678, "Heraldic Banner": 1376, "Gatekeeper of Malakir": 1154, "Heraldic Banner_SB": 1377, "Defiled Crypt // Cadaver Lab_SB": 685, "Charming Scoundrel": 474, "Twisted Fealty": 3144, "Drannith Ruins": 800, "Spellgyre": 2723, "Karn's Sylex_SB": 1575, "Aegis Turtle": 22, "Enter the Enigma": 898, "Venerated Rotpriest_SB": 3280, "Ivy, Gleeful Spellthief_SB": 1531, "Regal Caracal": 2328, "Arahbo, the First Fang": 96, "The Stone Brain": 2990, "High Noon_SB": 1405, "Hostile Investigator": 1430, "Decadent Dragon_SB": 665, "Vein Ripper": 3276, "Doppelgang": 766, "Viashino Pyromancer_SB": 3298, "Lightning Strike_SB": 1704, "Rite of the Dragoncaller": 2393, "Grabby Giant": 1258, "Horned Loch-Whale_SB": 1427, "Feldon's Cane_SB": 1021, "Pugnacious Hammerskull": 2215, "Corpses of the Lost": 569, "Immersturm Predator": 1454, "Laughing Jasper Flint": 1660, "Jaya, Fiery Negotiator": 1543, "Sword of Once and Future": 2872, "Dragon Fodder": 780, "Goblin Surprise": 1243, "Seal from Existence": 2524, "Battlefly Swarm": 197, "Drake Hatcher": 794, "Broodspinner": 353, "Green Sun's Twilight": 1278, "Solemn Simulacrum": 2682, "Ghalta, Stampede Tyrant": 1173, "Conduit Pylons": 540, "Maha, Its Feathers Night_SB": 1786, "Beastie Beatdown": 199, "Annie Joins Up": 83, "Huatli, Poet of Unity": 1434, "Fortune, Loyal Steed": 1105, "Gisa, the Hellraiser": 1196, "Invasion of Amonkhet_SB": 1501, "Thalia and The Gitrog Monster": 2940, "Surgical Suite && Hospital Room_SB": 2855, "Mindsplice Apparatus": 1860, "Silver Scrutiny": 2616, "Breach the Multiverse": 325, "Bonehoard Dracosaur": 281, "Molten Collapse": 1892, "Island_SB": 1527, "Dissection Tools": 742, "Rebel Salvo_SB": 2303, "Glarb, Calamity's Augur": 1210, "Insidious Fungus": 1481, "Muldrotha, the Gravetide": 1933, "Scrapshooter_SB": 2510, "Entity Tracker_SB": 901, "Aether Channeler": 24, "Final Showdown": 1049, "Turn Inside Out_SB": 3135, "Defiled Crypt && Cadaver Lab": 682, "Exuberant Fuseling": 955, "Overlord of the Balemurk_SB": 2073, "Thundertrap Trainer_SB": 3056, "Abuelo's Awakening": 8, "Kitsa, Otterball Elite_SB": 1617, "Rona, Herald of Invasion_SB": 2422, "Season of Weaving_SB": 2535, "Unnerving Grasp_SB": 3201, "Calix, Guided by Fate": 390, "Fear of Surveillance": 1006, "Ruin-Lurker Bat": 2435, "Painter's Studio // Defaced Gallery_SB": 2098, "Tender Wildguide": 2928, "Wilt-Leaf Liege_SB": 3403, "Grand Entryway // Elegant Rotunda": 1264, "Skrelv, Defector Mite_SB": 2637, "Palani's Hatcher": 2100, "Temple of Abandon": 2914, "Temple of Malady": 2918, "Blasphemous Edict_SB": 231, "Agrus Kos, Spirit of Justice": 37, "Muerra, Trash Tactician": 1932, "Insatiable Avarice": 1479, "Ashiok, Wicked Manipulator": 131, "Perforating Artist": 2118, "Temple of Silence": 2922, "Betrayer's Bargain_SB": 212, "Sawblade Skinripper": 2484, "Cosmic Rebirth": 579, "Kellan's Lightblades_SB": 1593, "Squirming Emergence": 2756, "Lumra, Bellow of the Woods": 1758, "Wail of the Forgotten": 3355, "Terror Tide": 2932, "Undead Sprinter": 3170, "At Knifepoint_SB": 143, "Monstrous Rage_SB": 1915, "Essence Channeler": 917, "Lunar Convocation": 1759, "Unwanted Remake_SB": 3216, "Smuggler's Surprise_SB": 2675, "Distorted Curiosity": 744, "Whisper of the Dross": 3391, "Bring the Ending": 341, "Drown in Ichor": 811, "Prologue to Phyresis": 2207, "Vraska's Fall_SB": 3349, "Blasphemous Edict": 230, "Bottomless Pool // Locker Room_SB": 303, "The Princess Takes Flight_SB": 2979, "Anim Pakal, Thousandth Moon_SB": 77, "Adaptive Automaton": 18, "Three Tree Mascot": 3038, "Phyrexian Obliterator": 2142, "Tail Swipe": 2884, "Cankerbloom": 399, "Cankerbloom_SB": 400, "Terror Tide_SB": 2933, "Hauntwoods Shrieker": 1342, "Phyrexian Vindicator": 2144, "The Seedcore": 2983, "Mischievous Mystic": 1872, "Lord Skitter, Sewer King": 1745, "Mechanized Warfare": 1832, "Twitching Doll": 3147, "Zul Ashur, Lich Lord": 3465, "Garruk's Uprising": 1146, "Defiler of Flesh": 687, "Kraul Whipcracker_SB": 1638, "Filter Out_SB": 1047, "Invasion of Tolvada": 1518, "High Noon": 1404, "Restless Reef_SB": 2366, "Lost Jitte": 1747, "Darkstar Augur_SB": 636, "Dreadmaw's Ire": 801, "Felonious Rage": 1029, "Manifold Mouse_SB": 1801, "Long River's Pull_SB": 1734, "Soul Search_SB": 2695, "Case of the Gateway Express_SB": 418, "Kambal, Profiteering Mayor": 1570, "Skrelv's Hive": 2634, "Kambal, Profiteering Mayor_SB": 1571, "Kaya, Spirits' Justice_SB": 1584, "Oko, the Ringleader_SB": 2029, "Ivy, Gleeful Spellthief": 1530, "Invasion of Theros": 1517, "Marchesa, Dealer of Death": 1807, "Annie Flash, the Veteran_SB": 82, "Jirina, Dauntless General_SB": 1550, "Defiled Crypt && Cadaver Lab_SB": 683, "Crumb and Get It": 599, "Dust Animus_SB": 825, "Annex Sentry": 80, "Slaughter Singer": 2657, "Jawbone Duelist": 1542, "Getaway Glamer": 1167, "Crawling Chorus": 592, "Fleeting Flight_SB": 1073, "Divine Resilience_SB": 756, "Trash the Town_SB": 3112, "Bulk Up": 363, "Pugnacious Hammerskull_SB": 2216, "Felidar Retreat": 1025, "Ajani's Pridemate": 39, "Lifecreed Duo": 1697, "Quick Draw_SB": 2235, "Kona, Rescue Beastie": 1633, "Aetherize": 27, "Citanul Stalwart": 492, "Rune-Scarred Demon": 2442, "Time Stop": 3058, "Prophetic Prism": 2209, "Wishclaw Talisman_SB": 3414, "Coveted Falcon_SB": 586, "Cultivator's Caravan": 612, "Scene of the Crime": 2502, "Swooping Lookout": 2869, "Long River's Pull": 1733, "Abraded Bluffs": 6, "Blooming Blast": 261, "Combat Research": 533, "Recruitment Officer_SB": 2314, "Conspiracy Unraveler": 549, "Matzalantli, the Great Door": 1823, "Reenact the Crime": 2322, "Demonic Ruckus_SB": 700, "Impact Tremors_SB": 1458, "One with the Multiverse": 2039, "Walk with the Ancestors": 3356, "Meathook Massacre II_SB": 1831, "Phyrexian Arena_SB": 2134, "Coiling Rebirth": 515, "Anim Pakal, Thousandth Moon": 76, "Thundering Falls_SB": 3052, "Razorkin Needlehead": 2290, "Razorkin Needlehead_SB": 2291, "Highway Robbery_SB": 1407, "Dreadmaw's Ire_SB": 802, "Smash to Dust_SB": 2670, "Intrepid Paleontologist": 1497, "Ghalta, Primal Hunger": 1171, "Bolt Bend_SB": 274, "Shipwreck Dowser": 2586, "Disturbing Conversion": 747, "Eerie Interference_SB": 845, "Builder's Talent_SB": 362, "Abuelo's Awakening_SB": 9, "Surge Engine": 2849, "Repulsive Mutation": 2346, "Repulsive Mutation_SB": 2347, "Sylvan Scavenging_SB": 2878, "Black Sun's Twilight": 225, "Ghost Vacuum": 1178, "Bloodletter of Aclazotz_SB": 255, "Wishclaw Talisman": 3413, "Vaultborn Tyrant_SB": 3274, "Feldon's Cane": 1020, "Treasure Map": 3115, "Neutralize the Guards": 1967, "Ayli, Eternal Pilgrim": 162, "Lively Dirge": 1719, "Ball Lightning": 170, "Overlord of the Boilerbilges_SB": 2075, "Founding the Third Path_SB": 1107, "Satoru, the Infiltrator": 2480, "Etched Cornfield": 925, "Wilt-Leaf Liege": 3402, "Axebane Ferox_SB": 160, "Gumdrop Poisoner_SB": 1305, "Charge of the Mites": 471, "Expel the Interlopers": 939, "Annex Sentry_SB": 81, "Vraska, the Silencer": 3352, "Binding Negotiation": 216, "Kaervek, the Punisher": 1562, "Arid Archway": 120, "Obstinate Baloth": 2018, "Bramble Familiar": 313, "Felonious Rage_SB": 1030, "Sphinx of the Final Word_SB": 2728, "Temple of Malice": 2919, "Homicide Investigator_SB": 1419, "Rip, Spawn Hunter": 2386, "Pillage the Bog_SB": 2157, "Bartolom\u00e9 del Presidio": 187, "Funeral Room // Awakening Hall": 1131, "Market Gnome": 1811, "Nezumi Linkbreaker": 1973, "Infestation Sage": 1471, "Outlaw Medic": 2063, "Legion Extruder": 1674, "Thousand Moons Smithy_SB": 3022, "Blightbelly Rat": 240, "Unnatural Restoration": 3198, "Whisper of the Dross_SB": 3392, "Overprotect_SB": 2083, "Carnivorous Canopy_SB": 410, "Fecund Greenshell": 1013, "Dawn's Truce_SB": 640, "Gleaming Geardrake": 1218, "Dowsing Device": 771, "Demand Answers": 690, "Syr Ginger, the Meal Ender": 2881, "The Mycosynth Gardens": 2976, "Saheeli, Filigree Master": 2460, "Saheeli, Filigree Master_SB": 2461, "Sire of Seven Deaths_SB": 2628, "The Tale of Tamiyo": 2995, "Contaminated Aquifer": 553, "The Surgical Bay": 2992, "Case of the Ransacked Lab": 422, "Ertai's Scorn_SB": 912, "Scrawling Crawler": 2512, "Dawn's Truce": 639, "Final Showdown_SB": 1050, "Hollow Scavenger": 1417, "Night of the Sweets' Revenge": 1975, "Genesis Wave": 1159, "Archdruid's Charm_SB": 109, "Boros Charm_SB": 293, "Colossal Rattlewurm": 528, "Freestrider Lookout": 1112, "Gaea's Gift": 1140, "Trash the Town": 3111, "Witness Protection_SB": 3423, "Banishing Light_SB": 179, "Imprisoned in the Moon_SB": 1461, "Inquisitive Glimmer_SB": 1478, "Refute_SB": 2325, "Hugs, Grisly Guardian": 1435, "Kogla and Yidaro": 1626, "Persistent Marshstalker": 2122, "Karumonix, the Rat King": 1580, "Lilypad Village": 1712, "Argentum Masticore": 117, "Hedron Archive": 1362, "Hall of Tagsin": 1312, "Tomakul Honor Guard": 3087, "Argentum Masticore_SB": 118, "Choking Miasma": 483, "Buried in the Garden": 368, "Tyvar, the Pummeler": 3159, "Polukranos Reborn": 2178, "Bite Down": 219, "Bite Down_SB": 220, "Untimely Malfunction": 3213, "Niv-Mizzet, Supreme": 1984, "Blazing Crescendo_SB": 236, "Captain Storm, Cosmium Raider": 405, "Corsair Captain": 576, "Malcolm, the Eyes": 1794, "Staunch Crewmate": 2778, "Lost Jitte_SB": 1748, "Lonely Arroyo": 1730, "The Millennium Calendar_SB": 2974, "Ruin-Lurker Bat_SB": 2436, "Leonin Vanguard_SB": 1681, "Veteran Survivor_SB": 3293, "Eaten by Piranhas_SB": 840, "Stormsplitter": 2813, "Ral's Reinforcements": 2267, "Corrupted Conviction_SB": 575, "Kogla and Yidaro_SB": 1627, "Deadly Brew_SB": 651, "Lich-Knights' Conquest": 1695, "Necrogen Rotpriest": 1957, "Contagious Vorrac": 552, "Armored Scrapgorger_SB": 126, "Forest_SB": 1098, "Invasion of Fiora_SB": 1505, "Greta, Sweettooth Scourge": 1284, "Sweettooth Witch": 2864, "Experimental Confectioner": 942, "Mintstrosity": 1864, "Scream Puff": 2514, "Gingerbread Hunter": 1193, "Back for Seconds": 167, "Welcome to Sweettooth": 3386, "Spider Food": 2729, "Feed the Cauldron": 1014, "Return from the Wilds": 2378, "Savor": 2483, "Three Bowls of Porridge": 3034, "Eriette's Tempting Apple": 905, "Not Dead After All_SB": 1998, "Sugar Rush_SB": 2828, "Candy Grapple_SB": 397, "Hero's Downfall_SB": 1387, "Fell_SB": 1028, "Murder_SB": 1937, "Cheeky House-Mouse_SB": 479, "Burrowguard Mentor": 374, "Oakhollow Village": 2010, "Pollen-Shield Hare": 2174, "Kutzil, Malamet Exemplar_SB": 1650, "Dryad Militant": 814, "Trostani, Three Whispers": 3126, "Delney, Streetwise Lookout": 688, "Hare Apparent": 1327, "No Witnesses": 1990, "Stroke of Midnight": 2820, "Impact Tremors": 1457, "An Offer You Can't Refuse": 62, "Malcolm, Alluring Scoundrel_SB": 1793, "The Monumental Facade": 2975, "Solphim, Mayhem Dominus": 2684, "Sardian Cliffstomper": 2476, "Magmatic Sprinter": 1782, "Churning Reservoir": 487, "Sardian Cliffstomper_SB": 2477, "Monastery Swiftspear_SB": 1909, "Magmatic Sprinter_SB": 1783, "Churning Reservoir_SB": 488, "Zoyowa's Justice": 3464, "Trial of Agony": 3118, "Ojer Axonil, Deepest Might": 2025, "Generous Plunderer": 1158, "Brazen Collector": 324, "Firebrand Archer": 1056, "Leyline of Resonance_SB": 1688, "Ancestors' Aid_SB": 68, "Slickshot Show-Off_SB": 2668, "Dwynen's Elite": 831, "Leaf-Crowned Visionary": 1670, "Elvish Archdruid": 870, "Imperious Perfect": 1459, "Lathril, Blade of the Elves": 1658, "Tyvar the Bellicose": 3155, "Gaea's Gift_SB": 1141, "Give In to Violence_SB": 1200, "Cityscape Leveler_SB": 494, "Nahiri's Resolve_SB": 1948, "Scrapwork Mutt": 2511, "Repel Calamity_SB": 2345, "Abandoned Campground": 1, "Kitnap_SB": 1615, "Braids, Arisen Nightmare_SB": 311, "Obyra, Dreaming Duelist": 2020, "Knight of Dusk's Shadow_SB": 1620, "Pile On": 2152, "Call a Surprise Witness": 391, "Giant Cindermaw_SB": 1185, "Micromancer": 1851, "Rattleback Apothecary": 2283, "Ygra, Eater of All": 3443, "Maha, Its Feathers Night": 1785, "Massacre Girl, Known Killer": 1819, "Daggerfang Duo": 625, "Moonstone Harbinger": 1920, "Pestilent Syphoner": 2125, "Hoarding Recluse": 1414, "Deathbloom Gardener": 659, "Drown in Ichor_SB": 812, "Ghired, Mirror of the Wilds": 1174, "Bloodfeather Phoenix": 249, "Rakdos, the Muscle": 2263, "Rakdos, the Muscle_SB": 2264, "Rakdos Joins Up_SB": 2261, "Massacre Girl, Known Killer_SB": 1820, "Unyielding Gatekeeper": 3217, "Ghalta and Mavren": 1170, "Progenitus": 2205, "Manifest Dread": 1799, "Hide in Plain Sight": 1398, "Threats Around Every Corner": 3031, "Blossoming Sands": 265, "Evolving Wilds": 933, "Temple of Plenty": 2921, "Crystal Barricade": 608, "Green Sun's Twilight_SB": 1279, "Witness Protection": 3422, "Oblivious Bookworm": 2016, "Growing Dread": 1291, "Bubble Smuggler": 360, "Cryptid Inspector": 607, "Exit Specialist": 935, "Cursed Windbreaker": 620, "Break Down the Door": 329, "Surrak and Goreclaw": 2858, "Hard-Hitting Question_SB": 1325, "Polukranos Reborn_SB": 2179, "Hazardroot Herbalist": 1345, "Rabbit Response": 2239, "Treeguard Duo": 3116, "Uncharted Haven": 3168, "Warren Elder": 3370, "Head of the Homestead": 1349, "Head of the Homestead_SB": 1350, "Grab the Prize_SB": 1257, "Stroke of Midnight_SB": 2821, "Dragonmaster Outcast": 792, "Magda, the Hoardmaster": 1776, "Tinybones, Bauble Burglar": 3065, "Hellspur Posse Boss": 1369, "Hellspur Brute_SB": 1368, "Cynical Loner_SB": 624, "Astor, Bearer of Blades": 140, "Bladehold War-Whip": 228, "Kellan, the Fae-Blooded": 1599, "Kemba, Kha Enduring": 1600, "Rebel Salvo": 2302, "Lavaspur Boots": 1663, "Swiftfoot Boots": 2866, "Sword of Forge and Frontier": 2870, "Astor, Bearer of Blades_SB": 141, "Hidetsugu and Kairi": 1400, "Consuming Aberration": 551, "Knight of Dusk's Shadow": 1619, "Soul-Guide Lantern": 2697, "Temple of Deceit": 2915, "No One Left Behind_SB": 1989, "Dusk Legion Duelist": 821, "Stocking the Pantry": 2794, "Botanical Brawler": 298, "Tribute to the World Tree": 3120, "Railway Brawler": 2256, "Collector's Cage_SB": 522, "Evolved Sleeper": 931, "Friendly Teddy": 1117, "Rankle's Prank_SB": 2278, "Consumed by Greed_SB": 550, "Tocasia's Welcome": 3081, "Patchwork Banner": 2105, "Hop to It_SB": 1422, "Titania, Voice of Gaea": 3074, "Guardian of Ghirapur": 1298, "Ruthless Lawbringer": 2449, "Desperate Bloodseeker": 707, "Rampaging Spiketail": 2274, "Barkform Harvester": 184, "Fae Flight_SB": 964, "Phoenix Chick": 2131, "Squee, Dubious Monarch_SB": 2755, "Blooming Blast_SB": 262, "Rush of Dread_SB": 2446, "Kitesail Larcenist_SB": 1614, "Magebane Lizard": 1777, "Ravine Raider": 2288, "Valley Flamecaller": 3251, "Final Flourish_SB": 1048, "Time Stop_SB": 3059, "Drag the Canal_SB": 776, "Unnatural Restoration_SB": 3199, "Infectious Inquiry_SB": 1470, "Slagstorm": 2655, "Volcanic Spite": 3331, "Grab the Prize": 1256, "Taii Wakeen, Perfect Shot": 2883, "Unruly Catapult": 3202, "Glassworks // Shattered Yard_SB": 1215, "Samut, Vizier of Naktamun": 2466, "Rakdos Guildgate": 2259, "Izzet Guildgate": 1535, "Selesnya Guildgate": 2552, "Orzhov Guildgate": 2051, "Gruul Guildgate": 1294, "Boros Guildgate": 295, "Azorius Guildgate": 164, "Dimir Guildgate": 724, "Golgari Guildgate": 1251, "Maze's End": 1825, "Circuitous Route": 491, "Expedition Map": 938, "Dust Animus": 824, "Tribute to the World Tree_SB": 3121, "Hulking Metamorph": 1436, "Rest in Peace": 2356, "Surge Engine_SB": 2850, "Fake Your Own Death": 975, "Invasion of Ergamon": 1504, "Break Out_SB": 331, "Flamewake Phoenix_SB": 1067, "Beastie Beatdown_SB": 200, "Primal Might": 2193, "Ego Drain_SB": 847, "Hearthborn Battler_SB": 1360, "Vengeful Possession": 3284, "Rabid Gnaw_SB": 2242, "Repair and Recharge": 2344, "Step Between Worlds_SB": 2786, "Dwynen, Gilt-Leaf Daen": 832, "Hexgold Halberd": 1392, "Sporogenic Infection": 2747, "Skyfisher Spider_SB": 2647, "Rakdos Joins Up": 2260, "Kroxa and Kunoros": 1644, "Festerleech": 1036, "Fallaji Archaeologist_SB": 977, "The Wandering Rescuer_SB": 2997, "Worldwalker Helm": 3427, "Torch the Witness": 3092, "Detective's Satchel": 714, "Forensic Gadgeteer_SB": 1095, "Ice Out_SB": 1448, "Oracle of Tragedy": 2045, "Tarrian's Journal": 2899, "Felidar Cub": 1023, "Knight-Errant of Eos_SB": 1624, "Dusk Rose Reliquary_SB": 823, "Ruthless Lawbringer_SB": 2450, "Felidar Cub_SB": 1024, "Banishing Light": 178, "Sharp-Eyed Rookie": 2572, "Evolving Adaptive": 932, "Garruk's Uprising_SB": 1147, "Unauthorized Exit": 3166, "Let's Play a Game_SB": 1683, "Chart a Course_SB": 477, "Johann's Stopgap_SB": 1553, "Flow of Knowledge_SB": 1085, "Roaming Throne_SB": 2404, "Quintorius Kand_SB": 2238, "Soul Search": 2694, "Surgical Suite && Hospital Room": 2854, "Razorlash Transmogrant": 2292, "Worldsoul's Rage": 3426, "Inspiration from Beyond": 1484, "Bonny Pall, Clearcutter_SB": 284, "Shrouded Shepherd": 2605, "Wandertale Mentor": 3359, "Vodalian Mindsinger_SB": 3324, "Llanowar Elves_SB": 1723, "Bonehoard Dracosaur_SB": 282, "Norin, Swift Survivalist": 1993, "Trapped in the Screen": 3109, "Ragged Playmate": 2253, "Trapped in the Screen_SB": 3110, "Ragged Playmate_SB": 2254, "Norin, Swift Survivalist_SB": 1994, "Splitskin Doll_SB": 2746, "Fear of Surveillance_SB": 1007, "Grand Entryway // Elegant Rotunda_SB": 1265, "Zurgo and Ojutai": 3468, "Dead Weight_SB": 649, "Think Twice_SB": 3001, "Take for a Ride_SB": 2890, "Fleeting Flight": 1072, "Mosswood Dreadknight_SB": 1925, "Boltwave_SB": 276, "Enduring Courage_SB": 882, "War Squeak_SB": 3362, "Spirebluff Canal_SB": 2738, "Chandra, Flameshaper_SB": 460, "Blazing Crescendo": 235, "Ajani, Sleeper Agent": 43, "Fumigate": 1129, "Great Train Heist": 1274, "Fiendish Panda": 1040, "Ashnod's Harvester": 133, "Warhost's Frenzy": 3367, "Glimmerlight": 1221, "Geralf, the Fleshwright": 1161, "Geralf, the Fleshwright_SB": 1162, "Claim Jumper_SB": 497, "Mirrex_SB": 1868, "Tectonic Hazard": 2906, "Chainsaw_SB": 458, "Vampire Gourmand": 3262, "Vraan, Executioner Thane": 3346, "Eaten Alive_SB": 839, "Wojek Investigator": 3424, "Rustler Rampage": 2447, "Calamity's Wake_SB": 387, "Recommission_SB": 2312, "Heroic Reinforcements": 1389, "Searslicer Goblin_SB": 2529, "Lost in the Maze_SB": 1750, "Herald of Eternal Dawn": 1374, "Stormchaser's Talent_SB": 2807, "Phyrexian Missionary": 2140, "Case of the Locked Hothouse_SB": 420, "Cactarantula": 383, "Stromkirk Noble": 2822, "Ojer Pakpatiq, Deepest Epoch": 2026, "Disturbing Conversion_SB": 748, "See Double_SB": 2542, "Enduring Vitality_SB": 890, "Koth, Fire of Resistance": 1635, "Lithomantic Barrage": 1716, "Audience with Trostani_SB": 148, "Leyline of the Void": 1692, "Sentinel of Lost Lore": 2553, "Defiler of Dreams_SB": 686, "Wylie Duke, Atiin Hero": 3438, "Stoke the Flames": 2799, "Volatile Fault_SB": 3330, "Omen Hawker": 2032, "Virtue of Knowledge": 3309, "Valgavoth's Onslaught_SB": 3246, "Kutzil's Flanker": 1647, "Extraordinary Journey": 953, "Gold Pan": 1246, "Extraordinary Journey_SB": 954, "Nurturing Pixie_SB": 2007, "Pearl of Wisdom": 2111, "Moonshaker Cavalry": 1918, "Fear of Lost Teeth": 1003, "Horrid Vigor": 1428, "Flesh Burrower": 1074, "Let's Play a Game": 1682, "Winter's Intervention": 3409, "Grasping Longneck": 1266, "Wickerfolk Thresher": 3395, "Cackling Slasher": 380, "Fear of the Dark": 1008, "Balemurk Leech": 169, "Give In to Violence": 1199, "Innocuous Rat": 1476, "Bashful Beastie": 189, "Defiant Survivor": 680, "Meathook Massacre II": 1830, "Vile Mutilator": 3300, "Analyze the Pollen_SB": 66, "Corpses of the Lost_SB": 570, "Anthem of Champions": 92, "Mistbreath Elder": 1880, "Bushwhack_SB": 378, "Mistbreath Elder_SB": 1881, "Realmbreaker's Grasp_SB": 2298, "Treeguard Duo_SB": 3117, "Stickytongue Sentinel_SB": 2790, "Sunshower Druid_SB": 2844, "Tumbleweed Rising_SB": 3129, "Polliwallop_SB": 2176, "Leyline of Transformation": 1690, "Saheeli's Lattice": 2459, "Hopeless Nightmare_SB": 1425, "Thrill of Possibility": 3041, "Etali, Primal Storm_SB": 924, "Idyllic Beachfront": 1451, "Healer's Hawk": 1351, "Adamant Will": 17, "Dazzling Angel": 645, "Goldvein Pick": 1250, "Moment of Triumph": 1900, "Pilfer": 2154, "Public Thoroughfare": 2214, "Roaming Throne": 2403, "Undying Malice": 3182, "Cancel_SB": 396, "Opt_SB": 2041, "Requisition Raid": 2349, "Anointed Peacekeeper_SB": 91, "Connecting the Dots_SB": 546, "Voracious Varmint_SB": 3341, "Ambush Wolf_SB": 59, "Makeshift Binding": 1789, "Deadly Riposte_SB": 656, "Nettle Guard_SB": 1966, "Dismal Backwater": 735, "Pelakka Wurm": 2115, "Extract a Confession_SB": 952, "Soul-Shackled Zombie_SB": 2700, "Unauthorized Exit_SB": 3167, "Jump Scare_SB": 1560, "Progenitus_SB": 2206, "Dewdrop Cure": 720, "Harvestrite Host": 1334, "Family Reunion_SB": 978, "Cut Short_SB": 623, "Annihilating Glare": 85, "Fanatical Offering": 981, "Sword of Wealth and Power": 2874, "Empyrean Eagle": 875, "Tranquil Cove": 3103, "Griffnaut Tracker_SB": 1287, "Invasion of Regatha": 1513, "Hidetsugu's Second Rite": 1402, "Lassoed by the Law": 1655, "Cunning Coyote": 613, "Skulduggery": 2638, "Skulduggery_SB": 2639, "Mabel's Mettle": 1768, "The Huntsman's Redemption": 2961, "Dead Weight": 648, "Minor Misstep": 1862, "Hopeful Vigil": 1423, "Restricted Office // Lecture Hall": 2374, "Central Elevator // Promising Stairs": 452, "Creeping Peeper": 593, "Underwater Tunnel // Slimy Aquarium": 3181, "Erratic Apparition": 908, "Dazzling Theater // Prop Room": 647, "Fear of Falling": 996, "Fear of Abduction": 992, "Lionheart Glimmer": 1714, "Tunnel Surveyor_SB": 3133, "Stalked Researcher_SB": 2764, "Polluted Delta": 2177, "Scalding Tarn": 2489, "Misty Rainforest": 1885, "Bloodstained Mire": 257, "Watery Grave": 3377, "Steam Vents": 2779, "Sink into Stupor": 2624, "Spell Snare": 2719, "Unearth": 3183, "Thoughtseize": 3019, "Fatal Push": 986, "Faithless Looting": 974, "Tamiyo, Inquisitive Student": 2896, "Psychic Frog": 2213, "Counterspell": 584, "Persist": 2121, "Force of Negation": 1091, "Brazen Borrower": 322, "Archon of Cruelty": 113, "Nihil Spellbomb_SB": 1978, "Surgical Extraction_SB": 2853, "Consign to Memory_SB": 548, "Harbinger of the Seas_SB": 1321, "Stern Scolding_SB": 2789, "Fable of the Mirror-Breaker_SB": 959, "Arena of Glory": 116, "Blazing Rootwalla": 237, "Burning Inquiry": 370, "Detective's Phoenix": 713, "Flameblade Adept": 1063, "Goblin Lore": 1240, "Hollow One": 1416, "Lightning Bolt": 1700, "Stomping Ground": 2800, "Street Wraith": 2818, "Vengevine": 3286, "Wooded Foothills": 3425, "Cursed Totem_SB": 619, "Meltdown_SB": 1837, "Obsidian Charmaw_SB": 2017, "Arid Mesa": 121, "Barbarian Ring": 182, "Sunbaked Canyon": 2833, "Eidolon of the Great Revel": 848, "Goblin Guide": 1239, "Lava Spike": 1662, "Rift Bolt": 2382, "Searing Blaze": 2526, "Skewer the Critics": 2630, "Skullcrack": 2642, "Flare of Duplication": 1068, "Smash to Smithereens_SB": 2671, "Faerie Macabre_SB": 969, "Ensnaring Bridge_SB": 896, "Primeval Titan": 2197, "Arboreal Grazer": 99, "Dryad of the Ilysian Grove": 816, "Dryad Arbor": 813, "Amulet of Vigor": 61, "Summoner's Pact": 2830, "Green Sun's Zenith": 1280, "Explore": 945, "Scapeshift": 2494, "Boseiju, Who Endures": 296, "Crumbling Vestige": 601, "Lotus Field": 1751, "Gruul Turf": 1296, "Simic Growth Chamber": 2620, "Hanweir Battlements": 1318, "Echoing Deeps": 841, "Mirrorpool": 1871, "Shifting Woodland": 2583, "Otawara, Soaring City": 2058, "Urza's Saga": 3237, "Valakut, the Molten Pinnacle": 3242, "Vesuva": 3288, "Tolaria West": 3083, "Urza's Cave": 3235, "Bojuka Bog_SB": 273, "Defense Grid_SB": 679, "Endurance_SB": 880, "Force of Vigor_SB": 1092, "Dismember_SB": 736, "Tireless Tracker_SB": 3069, "Vampires' Vengeance_SB": 3266, "Collector Ouphe_SB": 520, "Indomitable Creativity": 1464, "Prismatic Ending": 2200, "Wrenn and Six": 3434, "Fable of the Mirror-Breaker": 958, "Blood Crypt": 245, "Sacred Foundry": 2455, "Xander's Lounge": 3439, "Jetmir's Garden": 1548, "Dwarven Mine": 830, "Flooded Strand": 1076, "Boseiju, Who Endures_SB": 297, "Toxic Deluge_SB": 3099, "Hurkyl's Recall_SB": 1441, "Damping Sphere_SB": 629, "Cling to Dust": 508, "Harbinger of the Seas": 1320, "Marsh Flats": 1816, "Murktide Regent": 1938, "Preordain": 2192, "Thought Scour": 3016, "Engineered Explosives_SB": 893, "Mystical Dispute_SB": 1946, "Spell Pierce_SB": 2718, "The Meathook Massacre_SB": 2971, "Orcish Bowmasters": 2047, "Ocelot Pride": 2021, "Godless Shrine": 1245, "Guide of Souls": 1300, "Seasoned Pyromancer": 2538, "Ajani, Nacatl Pariah": 42, "Phelia, Exuberant Shepherd": 2129, "Phlage, Titan of Fire's Fury": 2130, "Galvanic Discharge": 1144, "Goblin Bombardment": 1236, "Thraben Charm": 3023, "Orim's Chant_SB": 2048, "Wrath of the Skies_SB": 3430, "Thoughtseize_SB": 3020, "Showdown of the Skalds_SB": 2603, "Wear // Tear_SB": 3381, "Legion Loyalist": 1676, "Goblin Bushwhacker": 1237, "Devastating Summons": 716, "Reckless Bushwhacker": 2304, "Goblin Grenade": 1238, "Goblin Piledriver": 1242, "Mogg War Marshal": 1889, "Skirk Prospector": 2631, "Foundry Street Denizen": 1108, "Den of the Bugbear": 701, "Sokenzan, Crucible of Defiance": 2681, "Tormod's Crypt_SB": 3094, "Shattering Spree_SB": 2574, "Blood Moon_SB": 247, "Magus of the Moon_SB": 1784, "Reality Hemorrhage_SB": 2296, "Ziatora's Proving Ground": 3456, "Veil of Summer_SB": 3275, "Terastodon_SB": 2929, "Consider": 547, "Graveyard Trespasser": 1268, "Exquisite Firecraft_SB": 947, "Searing Blood_SB": 2527, "Tunnel Ignus_SB": 3131, "Ragavan, Nimble Pilferer": 2251, "Static Prison": 2775, "Showdown of the Skalds": 2602, "Windswept Heath": 3407, "Fear, Fire, Foes!_SB": 1009, "Drannith Magistrate_SB": 799, "Stony Silence_SB": 2801, "Vexing Bauble": 3294, "Hexdrinker_SB": 1391, "Colossal Skyturtle_SB": 529, "Generous Ent_SB": 1157, "Grist, the Hunger Tide_SB": 1290, "Chained to the Rocks": 455, "Chained to the Rocks_SB": 456, "Ragavan, Nimble Pilferer_SB": 2252, "Chrome Host Seedshark": 485, "Corrupt": 573, "Seeker's Folly": 2545, "Lukka, Bound to Ruin_SB": 1753, "Giant Growth_SB": 1187, "Duelist of the Mind": 817, "Talion, the Kindly Lord": 2895, "Slice from the Shadows": 2663, "Come Back Wrong": 535, "Glassworks // Shattered Yard": 1214, "Beamtown Beatstick": 198, "Diamond Pick-Axe": 723, "Sunfire Torch": 2839, "Celestial Armor": 449, "Carrot Cake_SB": 413, "Edgewall Inn": 844, "Grievous Wound_SB": 1286, "Goliath Hatchery_SB": 1253, "Cathartic Parting_SB": 434, "Balmor, Battlemage Captain": 172, "Bria, Riptide Rogue": 337, "Freeze in Place": 1113, "Relic's Roar": 2338, "Run Away Together_SB": 2438, "Scalding Viper_SB": 2491, "Over the Edge_SB": 2068, "Poison Dart Frog_SB": 2173, "Harrier Strix": 1331, "Snaremaster Sprite": 2678, "Living Phone": 1721, "Hardened Escort": 1326, "Unsettling Twins": 3204, "The Jolly Balloon Man": 2965, "Holy Cow": 1418, "Unsettling Twins_SB": 3205, "Raccoon Rallier_SB": 2243, "Feather of Flight_SB": 1012, "Rogue's Passage_SB": 2415, "Possessed Goat_SB": 2187, "The Jolly Balloon Man_SB": 2966, "Hammerhand_SB": 1317, "Heartfire Hero_SB": 1354, "Inti, Seneschal of the Sun_SB": 1490, "Pests of Honor": 2126, "Nettle Guard": 1965, "Three Blind Mice": 3032, "Emberheart Challenger_SB": 873, "Dauntless Dismantler_SB": 638, "Phoenix Chick_SB": 2132, "Gleaming Barrier": 1216, "Painful Quandary": 2093, "Gleaming Barrier_SB": 1217, "Solemn Simulacrum_SB": 2683, "Twinferno_SB": 3138, "Sure Strike_SB": 2848, "Mirran Banesplitter": 1866, "Heartfire Immolator": 1355, "Dwarven Forge-Chanter": 829, "Whiskerquill Scribe": 3389, "Sure Strike": 2847, "Ghitu Amplifier": 1175, "Furious Bellow": 1133, "Ancestors' Aid": 67, "Keldon Flamesage": 1590, "Brambleguard Captain": 315, "Johann, Apprentice Sorcerer": 1554, "Kraum, Violent Cacophony": 1639, "Razzle-Dazzler": 2295, "Vesuvan Drifter": 3289, "Thopter Mechanic": 3010, "Nightwhorl Hermit": 1977, "Iron-Fist Pulverizer": 1524, "Pyrotechnic Performer": 2226, "Fear of Burning Alive": 995, "Swiftwater Cliffs": 2868, "Molten Tributary": 1897, "Peculiar Lighthouse": 2112, "Defabricate": 675, "Aspirant's Ascent": 135, "Stop Cold": 2802, "Mishra's Command_SB": 1877, "Plan the Heist_SB": 2165, "Sleight of Hand_SB": 2662, "Kellan, Planar Trailblazer_SB": 1598, "Trick Shot_SB": 3122, "Violent Urge_SB": 3304, "Involuntary Cooldown_SB": 1522, "Out of Air_SB": 2060, "The Filigree Sylex": 2956, "Halo Hopper": 1315, "Charge of the Mites_SB": 472, "Hellspur Posse Boss_SB": 1370, "Grand Abolisher": 1261, "Unnerving Grasp": 3200, "Fynn, the Fangbearer_SB": 1139, "Make Your Move_SB": 1787, "Harbinger of the Tides": 1322, "Harbinger of the Tides_SB": 1323, "Bottomless Pool && Locker Room_SB": 301, "Cat Collector": 430, "Pile On_SB": 2153, "Growing Rites of Itlimoc": 1292, "Flowstone Infusion": 1087, "Roc Hunter": 2410, "Feldon, Ronom Excavator": 1022, "Scalding Viper": 2490, "Coruscation Mage": 577, "Trial of Agony_SB": 3119, "Adventuring Gear_SB": 21, "Vicious Clown_SB": 3299, "Fear of Being Hunted_SB": 994, "Jump Scare": 1559, "Niko, Light of Hope": 1979, "Tunnel Surveyor": 3132, "Stalked Researcher": 2763, "Enter the Enigma_SB": 899, "Fear of Isolation_SB": 1002, "Into the Roil": 1495, "Into the Roil_SB": 1496, "Ayara, Widow of the Realm": 161, "Deathmark_SB": 661, "Throw from the Saddle": 3044, "Arachnoid Adaptation": 95, "Hammerhand": 1316, "War Squeak": 3361, "Longstalk Brawl_SB": 1735, "Thrill of Possibility_SB": 3042, "Season of Gathering": 2530, "Warren Warleader": 3371, "Seasoned Warrenguard_SB": 2540, "Lionheart Glimmer_SB": 1715, "Horrid Vigor_SB": 1429, "Omnivorous Flytrap_SB": 2038, "Rite of the Dragoncaller_SB": 2394, "Ghostly Dancers": 1180, "Demonic Pact_SB": 698, "Splash Portal_SB": 2742, "Valorous Stance": 3260, "Lodestone Needle": 1729, "Scytheclaw Raptor_SB": 2521, "Bring the Ending_SB": 342, "Sawblade Skinripper_SB": 2485, "Pitiless Carnage_SB": 2161, "Season of Loss_SB": 2533, "Zephyr Singer": 3452, "Spell Pierce": 2717, "Grim Bauble": 1288, "Molt Tender": 1891, "Draconautics Engineer": 773, "Loot, the Pathfinder": 1738, "Afterburner Expert": 29, "Dredger's Insight": 808, "Restless Spire_SB": 2370, "Momentum Breaker": 1903, "Sunbillow Verge": 2834, "Debris Beetle": 662, "Wastewood Verge": 3374, "Llanowar Loamspeaker": 1725, "Vein Ripper_SB": 3277, "Ketramose, the New Dawn": 1601, "Bleachbone Verge": 238, "Intimidation Tactics": 1491, "Outpace Oblivion_SB": 2065, "Oildeep Gearhulk": 2023, "Haunt the Network_SB": 1338, "Lunar Convocation_SB": 1760, "Bartolom\u00e9 del Presidio_SB": 188, "Valley Rotcaller_SB": 3257, "Oildeep Gearhulk_SB": 2024, "Gleeful Demolition_SB": 1220, "Ride's End": 2380, "Defend the Rider": 677, "Hazoret, Godseeker": 1347, "Eriette of the Charmed Apple": 904, "Surgical Suite // Hospital Room_SB": 2857, "Bloodghast": 252, "Willowrush Verge": 3401, "Monument to Endurance": 1916, "Cunning Coyote_SB": 614, "Thousand Moons Smithy": 3021, "Transmutation Font": 3108, "Braided Net_SB": 309, "Voyage Home": 3343, "Perilous Snare": 2119, "Nesting Bot": 1963, "Chandra, Spark Hunter_SB": 464, "Bounce Off": 304, "Intimidation Tactics_SB": 1492, "The Speed Demon_SB": 2988, "Grim Bauble_SB": 1289, "Momentum Breaker_SB": 1904, "Farsight Ritual": 985, "Quag Feast": 2230, "Gastal Raider_SB": 1150, "Overgrown Zealot": 2071, "Transit Mage": 3107, "Brightglass Gearhulk": 339, "Voyager Glidecar": 3344, "Voyager Glidecar_SB": 3345, "Debris Beetle_SB": 663, "Fuel the Flames": 1124, "Skycrash": 2644, "Riverpyre Verge": 2402, "Broadside Barrage_SB": 350, "Fuel the Flames_SB": 1125, "Dropkick Bomber": 810, "Howlsquad Heavy": 1432, "Reckless Lackey": 2306, "Amonkhet Raceway": 60, "Kutzil, Malamet Exemplar": 1649, "Marauding Mako": 1806, "Scrounging Skyray": 2519, "Broadside Barrage": 349, "Boosted Sloop": 291, "Bounce Off_SB": 305, "Thopter Fabricator_SB": 3009, "Count on Luck_SB": 583, "Mendicant Core, Guidelight": 1839, "Mu Yanling, Wind Rider": 1930, "The Skullspore Nexus": 2985, "Regal Imperiosaur": 2330, "Intrepid Paleontologist_SB": 1498, "Overlord of the Hauntwoods_SB": 2079, "Agonasaur Rex": 35, "Sandstalker Moloch_SB": 2468, "The Aetherspark": 2942, "Bringer of the Last Gift": 343, "Terisian Mindbreaker": 2930, "Skitterbeam Battalion": 2633, "Riverchurn Monument": 2399, "Diversion Unit": 753, "Gastal Thrillroller_SB": 1152, "Monument to Endurance_SB": 1917, "Spectacular Pileup": 2710, "Riptide Gearhulk": 2387, "Burnout Bashtronaut": 372, "Greasewrench Goblin": 1270, "Lifecraft Engine": 1696, "Gastal Thrillroller": 1151, "Coalstoke Gearhulk_SB": 512, "Visage Bandit": 3316, "Waxen Shapethief": 3378, "Coalstoke Gearhulk": 511, "Locust Spray": 1728, "Webstrike Elite": 3384, "Memory Guardian": 1838, "Shoreline Looter": 2601, "Engine Rat_SB": 892, "Zahur, Glory's Past": 3450, "Quag Feast_SB": 2231, "Essence Channeler_SB": 918, "Lunar Insight": 1761, "Atraxa's Fall_SB": 144, "Gruff Triplets": 1293, "Captain Howler, Sea Scourge": 403, "Jodah, the Unifier_SB": 1552, "Thunderous Velocipede": 3053, "Invasion of Regatha_SB": 1514, "Ketramose, the New Dawn_SB": 1602, "Dune Drifter": 818, "Ride's End_SB": 2381, "Chandra, Spark Hunter": 463, "Rampaging Raptor": 2272, "Agonasaur Rex_SB": 36, "Repurposing Bay": 2348, "Perilous Snare_SB": 2120, "Expel the Interlopers_SB": 940, "Visage of Dread": 3317, "Pit Automaton": 2158, "Visage of Dread_SB": 3318, "The Last Ride_SB": 2969, "Aether Syphon_SB": 26, "Red Sun's Twilight_SB": 2316, "Phyrexian Dragon Engine": 2137, "Mishra, Claimed by Gix": 1879, "Coiling Rebirth_SB": 516, "Collision Course_SB": 526, "Caelorna, Coral Tyrant_SB": 385, "Sazacap's Brew": 2488, "Invasion of Mercadia": 1512, "Playful Shove": 2167, "Lightwheel Enhancements": 1706, "The Speed Demon": 2987, "Gas Guzzler": 1148, "Spectral Interference_SB": 2715, "Say Its Name_SB": 2487, "Gastal Thrillseeker": 1153, "Far Fortune, End Boss": 984, "Overrun_SB": 2085, "Wardens of the Cycle_SB": 3366, "Painful Quandary_SB": 2094, "Leaf-Crowned Visionary_SB": 1671, "Mossborn Hydra_SB": 1923, "Drag to the Roots_SB": 779, "Stock Up": 2792, "Spectacular Pileup_SB": 2711, "Flow of Knowledge": 1084, "Claim Jumper": 496, "Starscape Cleric_SB": 2771, "Ghitu Lavarunner": 1176, "Flotsam // Jetsam_SB": 1082, "Soul of Windgrace": 2696, "Melira, the Living Cure_SB": 1836, "Bloated Contaminator_SB": 244, "Diversion Unit_SB": 754, "Tyrox, Saurid Tyrant": 3151, "Engine Rat": 891, "Teysa, Opulent Oligarch": 2939, "Gonti, Night Minister": 1254, "Muraganda Raceway": 1935, "Gumdrop Poisoner": 1304, "Mindspring Merfolk": 1861, "Zephyr Singer_SB": 3453, "Tomik, Wielder of Law_SB": 3089, "Conduit of Worlds_SB": 542, "Optimistic Scavenger_SB": 2043, "Esoteric Duplicator": 916, "Explosive Derailment_SB": 946, "Mishra's Command": 1876, "Ratadrabik of Urborg": 2281, "Webstrike Elite_SB": 3385, "Heliod, the Radiant Dawn": 1365, "Twinblade Blessing": 3137, "Restless Anchorage_SB": 2359, "Defend the Rider_SB": 678, "Fearless Swashbuckler": 1010, "Unctus, Grand Metatect": 3169, "The Aetherspark_SB": 2943, "Hidden Necropolis": 1395, "Lumbering Worldwagon": 1754, "Overrun": 2084, "The Last Ride": 2968, "Ancient Vendetta_SB": 72, "Demonic Junker": 695, "Nexus of Becoming": 1971, "Unstable Glyphbridge_SB": 3207, "Ancient Vendetta": 71, "Basri, Tomorrow's Champion": 192, "Skyseer's Chariot_SB": 2651, "Lassoed by the Law_SB": 1656, "Blast Zone_SB": 233, "Reclamation Sage": 2309, "Thalia and The Gitrog Monster_SB": 2941, "Ashiok, Wicked Manipulator_SB": 132, "Third Path Iconoclast_SB": 3003, "Ferocification_SB": 1034, "Become Brutes": 202, "Sword of Forge and Frontier_SB": 2871, "Veteran Survivor": 3292, "Kellan, Inquisitive Prodigy_SB": 1596, "Caradora, Heart of Alacria": 407, "Veteran Beastrider": 3291, "Skyseer's Chariot": 2650, "Valor's Flagship": 3258, "The Elder Dragon War_SB": 2949, "Spring-Loaded Sawblades_SB": 2751, "Urza's Command_SB": 3236, "Dive Down": 751, "Scrollshift_SB": 2518, "Full Throttle_SB": 1128, "Loot, the Key to Everything_SB": 1737, "Loot, the Pathfinder_SB": 1739, "Twining Twins": 3140, "Threadbind Clique": 3030, "Boommobile": 287, "Forging the Anchor": 1099, "Radiant Lotus": 2247, "The Mightstone and Weakstone_SB": 2973, "Boommobile_SB": 288, "Radiant Lotus_SB": 2248, "Bloodthorn Flail": 259, "Flamewake Phoenix": 1066, "Cryptcaller Chariot_SB": 603, "Volley Veteran": 3336, "Riptide Gearhulk_SB": 2388, "Slick Sequence": 2664, "Spiteful Hexmage_SB": 2740, "Riverchurn Monument_SB": 2400, "Thopter Fabricator": 3008, "Furnace Host Charger": 1134, "Clamorous Ironclad": 500, "Wishing Well": 3415, "Frolicking Familiar": 1118, "Alania, Divergent Storm": 48, "Resplendent Angel_SB": 2354, "Tinker's Tote": 3062, "Cephalopod Sentry": 453, "Redshift, Rocketeer Chief": 2321, "Haunt the Network": 1337, "Sorcerous Spyglass": 2690, "Demonic Junker_SB": 696, "Halana and Alena, Partners_SB": 1310, "Valor's Flagship_SB": 3259, "Tocasia's Welcome_SB": 3082, "Stall Out": 2765, "Stall Out_SB": 2766, "Sovereign Okinec Ahau": 2708, "Gloryheath Lynx": 1229, "The Raven Man": 2980, "The Raven Man_SB": 2981, "Broodheart Engine": 352, "Marketback Walker": 1813, "Sylvan Scavenging": 2877, "Sab-Sunen, Luxa Embodied": 2453, "Simian Simulacrum": 2619, "Gargantuan Leech": 1145, "Captivating Cave": 406, "Promising Vein": 2208, "Hidden Courtyard": 1393, "Bat Colony": 193, "Calamitous Cave-In": 386, "Hidden Volcano": 1397, "Boom Box": 285, "Possession Engine": 2188, "Conduit of Worlds": 541, "Broadcast Rambler": 348, "Virtue of Courage": 3307, "Leyline Binding_SB": 1686, "Likeness Looter": 1707, "Reluctant Role Model": 2339, "Bulwark Ox": 365, "Reluctant Role Model_SB": 2340, "The Goose Mother": 2959, "Mold Adder_SB": 1890, "Market Gnome_SB": 1812, "Daretti, Rocketeer Engineer": 632, "Threefold Thunderhulk": 3039, "Tune Up": 3130, "Meteor Golem_SB": 1844, "Burnout Bashtronaut_SB": 373, "Gastal Raider": 1149, "Oviya, Automech Artisan": 2091, "Marketback Walker_SB": 1814, "The Skullspore Nexus_SB": 2986, "Cosmium Confluence": 581, "Festival of Embers": 1037, "Hidden Nursery": 1396, "Gossip's Talent": 1255, "Balustrade Wurm": 173, "Skycrash_SB": 2645, "Nexus of Becoming_SB": 1972, "Soulless Jailer_SB": 2702, "Collector's Vault_SB": 524, "Thran Spider_SB": 3028, "Akal Pakal, First Among Equals_SB": 46, "Sab-Sunen, Luxa Embodied_SB": 2454, "Earthrumbler": 835, "Oko, the Ringleader": 2028, "Forensic Researcher": 1096, "Deepfathom Echo": 672, "Chitin Gravestalker": 482, "Desperate Bloodseeker_SB": 708, "Starving Revenant_SB": 2772, "Steamcore Scholar_SB": 2781, "Ojer Pakpatiq, Deepest Epoch_SB": 2027, "Lavaspur Boots_SB": 1664, "Thunderous Velocipede_SB": 3054, "Voldaren Thrillseeker_SB": 3335, "Fear of Infinity_SB": 1000, "Stock Up_SB": 2793, "Dredger's Insight_SB": 809, "Fauna Shaman_SB": 989, "Sunder the Gateway": 2835, "Malcator, Purity Overseer": 1791, "Night Market": 1974, "Stockpiling Celebrant": 2795, "Carrion Locust_SB": 411, "Skullcap Snail_SB": 2641, "Stockpiling Celebrant_SB": 2796, "Mocking Sprite": 1886, "Talion's Messenger": 2893, "Barrow Naughty": 186, "Faerie Slumber Party": 972, "Drag the Canal": 775, "Spellscorn Coven": 2724, "Etrata, Deadly Fugitive": 929, "Coerced to Kill": 514, "Unstoppable Plan_SB": 3208, "Shadow-Rite Priest": 2566, "Training Grounds": 3102, "Hoarding Broodlord": 1413, "Nahiri's Warcrafting_SB": 1949, "Baral and Kari Zev": 181, "Enigma Drake": 894, "Eroded Canyon": 906, "Trained Arynx": 3101, "Ornery Tumblewagg": 2049, "Giant Beaver": 1183, "Lagorin, Soul of Alacria": 1652, "Miriam, Herd Whisperer": 1865, "Congregation Gryff": 545, "Brightfield Glider": 338, "Run Over_SB": 2439, "Reject Imperfection_SB": 2334, "Vivisurgeon's Insight_SB": 3322, "Macabre Waltz": 1771, "Wary Thespian": 3373, "Haunted Mire": 1339, "Overwhelming Remorse_SB": 2087, "Akal Pakal, First Among Equals": 45, "Forensic Gadgeteer": 1094, "Deduce_SB": 667, "Wreck Remover_SB": 3431, "Brave the Wilds": 321, "Fog of War_SB": 1089, "Oaken Siren": 2009, "Guidelight Optimizer": 1301, "Fountainport Bell": 1110, "Machine Over Matter_SB": 1772, "Armored Scrapgorger": 125, "Fierce Empath": 1042, "Spinewoods Paladin": 2733, "Phyrexian Missionary_SB": 2141, "Exsanguinate_SB": 949, "Tranquil Cove_SB": 3104, "Exsanguinate": 948, "Crumb and Get It_SB": 600, "Flame Lash": 1062, "Syr Ginger, the Meal Ender_SB": 2882, "Legion Extruder_SB": 1675, "Dawnwing Marshal": 642, "Leonin Vanguard": 1680, "Savannah Lions": 2482, "Pitiless Carnage": 2160, "Fear of Infinity": 999, "District Mascot": 746, "Shivan Devastator": 2588, "Zimone, Paradox Sculptor": 3457, "Tyvar, the Pummeler_SB": 3160, "Zopandrel, Hunger Dominus_SB": 3461, "Irreverent Gremlin": 1525, "Dynamite Diver": 833, "Guidelight Synergist": 1302, "Kolodin, Triumph Caster": 1630, "Burner Rocket": 369, "Cloudspire Skycycle": 510, "Frenzied Goblin": 1114, "Count on Luck": 582, "Doubling Season_SB": 769, "Fanatical Firebrand_SB": 980, "Frenzied Goblin_SB": 1115, "Reckless Lackey_SB": 2307, "Howlsquad Heavy_SB": 1433, "Rundvelt Hordemaster_SB": 2441, "Aurelia, the Warleader": 149, "Gilded Ghoda": 1191, "Vanish into Eternity_SB": 3269, "Hallowed Fountain": 1313, "Overgrown Tomb": 2070, "Indatha Triome": 1463, "Spara's Headquarters": 2709, "Zagoth Triome": 3449, "Mana Confluence": 1797, "Vanishing Verse": 3270, "Extinction Event_SB": 951, "Leyline of Sanctity_SB": 1689, "Barrier Breach_SB": 185, "Knockout Blow_SB": 1625, "Ashiok, Dream Render_SB": 129, "Blightstep Pathway": 242, "Bloodtithe Harvester": 260, "Cauldron Familiar": 436, "Deadly Dispute": 654, "Mayhem Devil": 1824, "Witch's Oven": 3417, "Claim the Firstborn": 498, "Ob Nixilis, the Adversary_SB": 2013, "Unlicensed Hearse_SB": 3196, "Bishop of Wings": 218, "Righteous Valkyrie": 2383, "Resplendent Marshal": 2355, "Skyclave Apparition": 2643, "Collected Company": 517, "Kayla's Reconstruction": 1586, "Portable Hole": 2182, "Branchloft Pathway": 318, "Cave of the Frost Dragon": 442, "Overgrown Farmland": 2069, "Temple Garden": 2913, "Nykthos, Shrine to Nyx": 2008, "Eiganjo, Seat of the Empire": 849, "Brutal Cathar_SB": 359, "Reidane, God of the Worthy_SB": 2331, "Archon of Absolution_SB": 112, "Shapers' Sanctuary_SB": 2569, "Brave the Elements_SB": 320, "Heroic Intervention_SB": 1388, "Cragcrown Pathway": 587, "Mutavault": 1942, "Reckless Rage": 2308, "Soul-Scar Mage": 2699, "Hazoret the Fervent_SB": 1346, "Redcap Melee_SB": 2318, "Elvish Mystic": 871, "Kiora, Behemoth Beckoner": 1607, "Cavalier of Thorns": 441, "Old-Growth Troll": 2030, "Lair of the Hydra": 1653, "Storm the Festival": 2803, "Ulvenwald Oddity": 3163, "Oath of Nissa": 2011, "Leyline of the Guildpact": 1691, "Emrakul, the Promised End_SB": 876, "Setessan Petitioner_SB": 2564, "Arasta of the Endless Web_SB": 98, "Ledger Shredder": 1673, "Arclight Phoenix": 115, "Fiery Impulse": 1045, "Lightning Axe": 1699, "Treasure Cruise": 3114, "Riverglide Pathway": 2401, "Hall of Storm Giants": 1311, "Brazen Borrower_SB": 323, "Annul_SB": 87, "Aether Gust_SB": 25, "Anger of the Gods_SB": 75, "Prismari Command_SB": 2199, "Omen of the Sea": 2034, "The Meathook Massacre": 2970, "Narset, Parter of Veils": 1951, "Field of Ruin": 1039, "Geier Reach Sanitarium": 1156, "Urborg, Tomb of Yawgmoth": 3230, "Clearwater Pathway": 506, "Hive of the Eye Tyrant": 1412, "Shipwreck Marsh": 2587, "Takenuma, Abandoned Mire": 2892, "Yorion, Sky Nomad_SB": 3445, "Ashiok, Nightmare Muse_SB": 130, "Ramunap Ruins": 2275, "Stormcarved Coast": 2804, "Spikefield Hazard": 2730, "Izzet Charm": 1534, "Prismari Command": 2198, "Blade of the Oni": 227, "Hidetsugu Consumes All_SB": 1399, "Invoke Despair_SB": 1521, "Haunted Ridge": 1340, "Bonecrusher Giant": 279, "Burning-Tree Emissary": 371, "Chandra, Torch of Defiance": 465, "Collision // Colossus": 525, "Gruul Spellbreaker": 1295, "Kami's Flare": 1573, "Kumano Faces Kakkazan": 1646, "Pelt Collector": 2116, "Voltaic Brawler": 3339, "Zhur-Taa Goblin": 3455, "Bonecrusher Giant_SB": 280, "Chandra, Torch of Defiance_SB": 466, "Cindervines_SB": 490, "Kami's Flare_SB": 1574, "Roiling Vortex_SB": 2418, "Weathered Runestone_SB": 3383, "Sigarda's Aid": 2610, "Colossus Hammer": 531, "Raffine's Informant": 2249, "Sylvan Caryatid": 2876, "Eldritch Evolution": 852, "Soulflayer": 2701, "Collective Brutality_SB": 519, "Gifted Aetherborn_SB": 1188, "Bloodline Culling_SB": 256, "Deafening Silence_SB": 657, "Portable Hole_SB": 2183, "Grafdigger's Cage_SB": 1259, "Kroxa, Titan of Death's Hunger": 1645, "Claim the Firstborn_SB": 499, "Foreboding Ruins": 1093, "Invoke Despair": 1520, "Rakdos, Patron of Chaos": 2262, "Kolaghan's Command_SB": 1629, "Fetid Pools": 1038, "Yorion, Sky Nomad": 3444, "Castle Locthwain": 429, "Paradoxical Outcome": 2101, "Greasefang, Okiba Boss": 1269, "Parhelion II": 2102, "Shattered Sanctum": 2573, "Faithful Mending": 973, "Skysovereign, Consul Flagship": 2653, "Tainted Indulgence": 2886, "Collective Brutality": 518, "Raffine's Tower": 2250, "Stubborn Denial": 2824, "Dovin's Veto_SB": 770, "Silence_SB": 2612, "Fatal Push_SB": 987, "Vanishing Verse_SB": 3271, "Go Blank_SB": 1233, "Voldaren Epicure": 3333, "Ensoul Artifact": 897, "Darksteel Citadel": 637, "Shrapnel Blast": 2604, "Smuggler's Copter": 2673, "Rending Volley_SB": 2343, "Shadowspear_SB": 2567, "Voltage Surge_SB": 3338, "Experimental Frenzy_SB": 943, "Claim // Fame": 495, "Infuriate": 1472, "Extinction Event": 950, "Breeding Pool": 336, "Linvala, the Preserver": 1713, "Enigmatic Incarnation": 895, "Savai Triome": 2481, "Thought Distortion_SB": 3015, "Archon of Emeria_SB": 114, "Ruric Thar, the Unbowed_SB": 2444, "Krenko's Buzzcrusher": 1640, "Furnace Punisher_SB": 1135, "Hearth Elemental_SB": 1359, "Titania's Command_SB": 3073, "Laughing Jasper Flint_SB": 1661, "Rocky Roads": 2413, "Lumbering Worldwagon_SB": 1755, "Cosmic Rebirth_SB": 580, "Mondrak, Glory Dominus_SB": 1911, "Mimeoplasm, Revered One": 1858, "Devouring Sugarmaw": 718, "Amalia Benavides Aguirre_SB": 57, "Elas il-Kor, Sadistic Pilgrim_SB": 851, "Fiendish Panda_SB": 1041, "Knight of Dawn's Light_SB": 1618, "Spin Out_SB": 2731, "Ravine Raider_SB": 2289, "Cindering Cutthroat_SB": 489, "Steampath Charger_SB": 2782, "Risky Shortcut_SB": 2391, "Become Brutes_SB": 203, "Eddymurk Crab_SB": 843, "Tolarian Terror_SB": 3085, "Drake Hatcher_SB": 795, "Goblin Oriflamme": 1241, "Spectral Interference": 2714, "Ruthless Negotiation_SB": 2452, "Etched Familiar": 926, "Haughty Djinn_SB": 1336, "Map the Frontier": 1802, "No Witnesses_SB": 1991, "Winter, Cursed Rider": 3410, "Silken Strength": 2615, "Divine Resilience": 755, "Greenhouse // Rickety Gazebo": 1281, "Mirror Room // Fractured Realm": 1870, "Unflinching Courage_SB": 3186, "Khenra Spellspear": 1603, "Radiant Grove": 2246, "Streetwise Negotiator_SB": 2819, "Herd Migration_SB": 1383, "Armored Armadillo_SB": 123, "Gixian Infiltrator_SB": 1205, "Kykar, Zephyr Awakener": 1651, "Realm-Scorcher Hellkite": 2297, "Sentinel of Lost Lore_SB": 2554, "Spyglass Siren_SB": 2753, "Lathril, Blade of the Elves_SB": 1659, "The Huntsman's Redemption_SB": 2962, "Gloryheath Lynx_SB": 1230, "Threefold Thunderhulk_SB": 3040, "Cryptcaller Chariot": 602, "Case of the Locked Hothouse": 419, "Walk-In Closet // Forgotten Cellar": 3357, "Primeval Bounty": 2195, "Mindsparker_SB": 1859, "Commune with Evil": 537, "Thirsting Roots": 3004, "Aloe Alchemist": 54, "Gigantosaurus": 1189, "Llanowar Greenwidow": 1724, "Llanowar Stalker": 1726, "Ghalta, Primal Hunger_SB": 1172, "Gigantosaurus_SB": 1190, "Disenchant": 731, "Captain Howler, Sea Scourge_SB": 404, "Cursed Recording_SB": 618, "Voracious Greatshark": 3340, "Rangers' Refueler": 2276, "Meeting of Minds": 1833, "Steel Hellkite_SB": 2783, "Karn, Living Legacy_SB": 1577, "Grand Entryway && Elegant Rotunda": 1263, "Quaketusk Boar": 2232, "Kellan Joins Up": 1592, "Ovika, Enigma Goliath_SB": 2090, "The Stasis Coffin": 2989, "The Everflowing Well": 2955, "Lukka, Bound to Ruin": 1752, "Leaping Ambush": 1672, "Bestow Greatness_SB": 209, "Raucous Theater_SB": 2287, "Rockface Village_SB": 2412, "Flowstone Infusion_SB": 1088, "Alesha, Who Laughs at Fate_SB": 51, "Stern Lesson": 2787, "Stormkeld Vanguard_SB": 2808, "Progenitor Exarch": 2204, "Primal Might_SB": 2194, "Agatha of the Vile Cauldron": 31, "Feed the Swarm": 1018, "Moonshaker Cavalry_SB": 1919, "Bramble Familiar_SB": 314, "Annie Joins Up_SB": 84, "Reckless Handling": 2305, "Detention Chariot": 715, "Push the Limit": 2222, "Gallant Strike": 1142, "Thundering Broodwagon": 3050, "Ancient Den": 70, "Boros Garrison": 294, "Experimental Synthesizer": 944, "Galvanic Blast": 1143, "Glint Hawk": 1223, "Great Furnace": 1273, "Journey to Nowhere": 1556, "Kor Skyfisher": 1634, "Lembas": 1679, "Makeshift Munitions": 1790, "Relic of Progenitus": 2336, "Rustvale Bridge": 2448, "Thraben Inspector": 3025, "Dust to Dust_SB": 826, "Electrickery_SB": 853, "Prismatic Strands_SB": 2201, "Pyroblast_SB": 2223, "Red Elemental Blast_SB": 2315, "Relic of Progenitus_SB": 2337, "Radiant Fountain": 2245, "Goldmire Bridge": 1247, "Bojuka Bog": 272, "Orzhov Basilica": 2050, "Sunlit Marsh": 2841, "Troll of Khazad-d\u00fbm": 3125, "Eagles of the North": 834, "Dawnbringer Cleric": 641, "Omen of the Dead": 2033, "Cast Down": 427, "Accursed Marauder": 13, "Refurbished Familiar": 2323, "Vault of Whispers": 3272, "Suffocating Fumes": 2827, "Campfire_SB": 394, "Arms of Hadar_SB": 127, "Unmake_SB": 3197, "Accursed Marauder_SB": 14, "Cast Down_SB": 428, "Beckon Apparition_SB": 201, "Thraben Charm_SB": 3024, "Thorn of the Black Rose_SB": 3011, "Arashin Cleric_SB": 97, "Boomerang": 286, "Brainstorm": 312, "Cryptic Serpent": 606, "Deep Analysis": 669, "Delver of Secrets": 689, "Dragon Wings": 784, "L\u00f3rien Revealed": 1767, "Mental Note": 1840, "Murmuring Mystic": 1940, "Ponder": 2181, "Sleep of the Dead": 2658, "Snow-Covered Island": 2680, "Blue Elemental Blast_SB": 269, "Deem Inferior_SB": 668, "Dispel_SB": 737, "Hydroblast_SB": 1446, "Jace's Phantasm_SB": 1538, "Murmuring Mystic_SB": 1941, "Sleep of the Dead_SB": 2659, "Lazav, Wearer of Faces_SB": 1669, "Harmless Offering_SB": 1329, "Return Triumphant": 2376, "Souls of the Lost_SB": 2704, "Wildwood Scourge": 3400, "Slickshot Lockpicker_SB": 2666, "Flashfreeze": 1069, "Cori-Steel Cutter": 567, "Heritage Reclamation": 1384, "Scavenger Regent // Exude Toxin // Scavenger Regent": 2496, "Qarsi Revenant": 2228, "Strategic Betrayal_SB": 2817, "Scavenger Regent // Exude Toxin // Scavenger Regent_SB": 2497, "Mistrise Village": 1882, "Roiling Dragonstorm": 2416, "Marang River Regent": 1803, "Jeskai Revelation_SB": 1547, "Voice of Victory_SB": 3326, "Clarion Conqueror_SB": 503, "Rakshasa's Bargain": 2265, "Fangkeeper's Familiar": 982, "Awaken the Honored Dead_SB": 157, "Heritage Reclamation_SB": 1385, "Interface Ace": 1488, "Sunpearl Kirin": 2842, "Synchronized Charge": 2879, "Magmatic Hellkite_SB": 1781, "Surrak, Elusive Hunter": 2860, "Surrak, Elusive Hunter_SB": 2861, "Elspeth, Storm Slayer": 865, "Rally the Monastery": 2270, "Cori Mountain Monastery": 563, "Dispelling Exhale": 738, "Jeskai Revelation": 1546, "Shiko, Paragon of the Way": 2584, "Desperate Measures": 709, "Rot-Curse Rakshasa": 2423, "Herd Heirloom": 1380, "Sage of the Skies_SB": 2457, "Elspeth, Storm Slayer_SB": 866, "United Battlefront": 3195, "Sandsteppe Citadel": 2469, "Skirmish Rhino": 2632, "Tersa Lightshatter": 2936, "Winternight Stories": 3411, "Auroral Procession": 150, "Opulent Palace": 2044, "Tersa Lightshatter_SB": 2937, "Glacial Dragonhunt": 1207, "Mystic Monastery": 1945, "Stormshriek Feral": 2811, "Stormshriek Feral_SB": 2812, "Wild Ride": 3396, "Kishla Village": 1612, "Restless Vents_SB": 2372, "Cori-Steel Cutter_SB": 568, "Unending Whisper": 3184, "Magmatic Hellkite": 1780, "Sarkhan, Dragon Ascendant": 2478, "Sarkhan, Soul Aflame": 2479, "Cooped Up": 556, "Flamehold Grappler": 1065, "Gulping Scraptrap": 1303, "Static Snare": 2776, "Pit of Offerings": 2159, "Static Snare_SB": 2777, "Kayla's Reconstruction_SB": 1587, "Tempest Hawk": 2912, "Rediscover the Way": 2319, "Frontline Rush": 1120, "Gilded Lotus_SB": 1192, "Fresh Start_SB": 1116, "Frostcliff Siege": 1122, "Duty Beyond Death_SB": 828, "Dalkovan Encampment": 626, "Two-Headed Hunter_SB": 3150, "Frontier Bivouac": 1119, "Songcrafter Mage": 2687, "Death Begets Life_SB": 658, "Bloomvine Regent": 264, "Encroaching Dragonstorm": 877, "Ugin, Eye of the Storms": 3161, "Drakuseth, Maw of Flames": 796, "Breaching Dragonstorm": 327, "Molten Exhale": 1895, "Molten Exhale_SB": 1896, "Awaken the Honored Dead": 156, "Caustic Exhale": 439, "Disruptive Stormbrood": 740, "Teval, Arbiter of Virtue": 2938, "Caustic Exhale_SB": 440, "Fangkeeper's Familiar_SB": 983, "Ugin, Eye of the Storms_SB": 3162, "New Way Forward": 1969, "Dragonologist": 793, "Bulwark Ox_SB": 366, "Mandible Justiciar": 1798, "Temur Tawnyback": 2927, "Eshki Dragonclaw": 914, "Spinewoods Paladin_SB": 2734, "Dragon Sniper": 781, "Nature's Rhythm": 1954, "Broken Wings_SB": 351, "Voidwing Hybrid": 3327, "Torpor Orb": 3095, "Mercurial Spelldancer": 1842, "Blightbelly Rat_SB": 241, "Devoted Duelist": 717, "Prowcatcher Specialist_SB": 2212, "Ghitu Lavarunner_SB": 1177, "Fortress Kin-Guard": 1104, "Salt Road Packbeast": 2463, "Inspiring Overseer_SB": 1486, "Salt Road Packbeast_SB": 2464, "Slumbering Keepguard": 2669, "The Princess Takes Flight": 2978, "Great Arashin City": 1271, "Maelstrom of the Spirit Dragon": 1775, "Qarsi Revenant_SB": 2229, "Kishla Skimmer": 1611, "Roar of Endless Song_SB": 2405, "Keldon Strike Team": 1591, "Sidisi, Regent of the Mire": 2608, "Gingerbrute_SB": 1195, "Undergrowth Leopard_SB": 3180, "Scavenger Regent_SB": 2498, "Scavenger Regent": 2495, "Overwhelming Surge_SB": 2089, "Spectral Denial": 2712, "Corroding Dragonstorm": 571, "Sage of the Skies": 2456, "Bleachbone Verge_SB": 239, "Voice of Victory": 3325, "Helga, Skittish Seer": 1363, "Helga, Skittish Seer_SB": 1364, "Rakshasa's Bargain_SB": 2266, "Mistrise Village_SB": 1883, "Case of the Pilfered Proof": 421, "Coordinated Maneuver_SB": 559, "Winternight Stories_SB": 3412, "Craterhoof Behemoth": 589, "Craterhoof Behemoth_SB": 590, "Descendant of Storms": 703, "Severance Priest": 2565, "Yathan Roadwatcher": 3441, "Animist's Might": 78, "Flourishing Bloom-Kin": 1083, "Seedglaive Mentor": 2544, "Stadium Headliner": 2759, "Behind the Mask": 205, "Don't Make a Sound_SB": 762, "Marang River Regent_SB": 1804, "Channeled Dragonfire": 469, "New Way Forward_SB": 1970, "Rotisserie Elemental_SB": 2425, "Twists and Turns_SB": 3146, "Simulacrum Synthesizer_SB": 2623, "Sagu Wildling": 2458, "Desperate Measures_SB": 710, "Muldrotha, the Gravetide_SB": 1934, "Sinkhole Surveyor": 2625, "Dragonback Assault": 786, "Rediscover the Way_SB": 2320, "Ringing Strike Mastery_SB": 2385, "Disruptive Stormbrood_SB": 741, "Tinybones, Bauble Burglar_SB": 3066, "Glacierwood Siege": 1209, "Roiling Dragonstorm_SB": 2417, "Dispelling Exhale_SB": 739, "Ureni, the Song Unending": 3231, "Shiko, Paragon of the Way_SB": 2585, "Ureni, the Song Unending_SB": 3232, "Twinmaw Stormbrood": 3141, "Spectral Denial_SB": 2713, "Fleeting Effigy": 1071, "Dalkovan Packbeasts": 627, "Skullcap Snail": 2640, "Harried Spearguard": 1330, "Toxin Analysis_SB": 3100, "Dire Flail": 726, "Mardu Devotee": 1808, "Warren Warleader_SB": 3372, "Toby, Beastie Befriender_SB": 3080, "Mardu Devotee_SB": 1809, "Resolute Reinforcements_SB": 2352, "Mardu Siegebreaker": 1810, "Overwhelming Surge": 2088, "Stern Lesson_SB": 2788, "Coordinated Maneuver": 558, "Triumphant Chomp_SB": 3124, "Rampaging Raptor_SB": 2273, "Earthshaker Dreadmaw_SB": 837, "Temur Battlecrier": 2926, "Strategic Betrayal": 2816, "Kheru Goldkeeper": 1604, "Ambling Stormshell": 58, "Bedrock Tortoise": 204, "Dinotomaton": 725, "Dragon Whelp": 783, "Dragonlord's Servant": 791, "Firespitter Whelp": 1061, "Kolaghan Warmonger": 1628, "Mox Jasper": 1929, "Shivan Dragon": 2589, "Viashino Branchrider_SB": 3296, "Firebrand Archer_SB": 1057, "Twin Bolt_SB": 3136, "Rumbling Rockslide_SB": 2437, "Skyraker Giant_SB": 2649, "Breaching Dragonstorm_SB": 328, "Drakuseth, Maw of Flames_SB": 797, "Ticket Booth // Tunnel of Hate_SB": 3057, "Channeled Dragonfire_SB": 470, "All-Out Assault": 53, "Inevitable Defeat": 1465, "Neriv, Heart of the Storm": 1961, "Zurgo, Thunder's Decree": 3471, "Inevitable Defeat_SB": 1466, "Thunder of Unity_SB": 3049, "Windcrag Siege_SB": 3406, "Zurgo's Vanguard": 3470, "Duty Beyond Death": 827, "Ainok Wayfarer": 38, "Rabid Bite": 2240, "Polliwallop": 2175, "Felothar, Dawn of the Abzan": 1031, "Oracle of Tragedy_SB": 2046, "Corroding Dragonstorm_SB": 572, "Floriferous Vinewall": 1081, "Bovine Intervention_SB": 307, "Combat Courier": 532, "Twitching Doll_SB": 3148, "Under the Skin_SB": 3173, "Skyserpent Seeker_SB": 2652, "Break the Spell": 332, "Intrepid Stablemaster": 1499, "Guardian Sunmare": 1297, "Treacherous Greed": 3113, "Itzquinth, Firstborn of Gishath_SB": 1529, "Commune with Nature": 538, "Coordinated Clobbering": 557, "Take the Fall_SB": 2891, "Serum Snare_SB": 2561, "Infectious Bite_SB": 1468, "Elusive Otter_SB": 869, "Hurkyl, Master Wizard_SB": 1442, "Stasis Snare_SB": 2774, "Seal from Existence_SB": 2525, "Abyssal Harvester_SB": 11, "Clarion Conquerer_SB": 501, "Runescale Stormbrood": 2443, "Stasis Snare": 2773, "Moment of Truth_SB": 1902, "Helping Hand_SB": 1373, "Adarkar Wastes_SB": 20, "Floodfarm Verge_SB": 1078, "Meticulous Archive_SB": 1846, "Seachrome Coast_SB": 2523, "Mondrak, Glory Dominus": 1910, "Tomb Trawler": 3088, "Take Out the Trash_SB": 2888, "Convenient Target_SB": 555, "Kickoff Celebrations": 1605, "Nullpriest of Oblivion_SB": 2005, "Lord Skitter's Blessing": 1744, "Ayli, Eternal Pilgrim_SB": 163, "Stoic Sphinx": 2797, "Watcher of the Wayside": 3375, "Twinmaw Stormbrood_SB": 3142, "Confounding Riddle_SB": 544, "Glacial Dragonhunt_SB": 1208, "Combat Thresher": 534, "Windcrag Siege": 3405, "The Ancient One": 2944, "Nomad Outpost": 1992, "Sonic Shrieker": 2689, "Curator of Destinies_SB": 616, "The Sibsig Ceremony": 2984, "Purging Stormbrood_SB": 2219, "Glarb, Calamity's Augur_SB": 1211, "Heliod, the Radiant Dawn_SB": 1366, "Ghostly Dancers_SB": 1181, "Pyrrhic Blast": 2227, "Melek, Reforged Researcher": 1834, "Herd Heirloom_SB": 1381, "Vampiric Rites_SB": 3268, "Fear of Lost Teeth_SB": 1004, "Bloodghast_SB": 253, "Vampire Gourmand_SB": 3263, "Taurean Mauler": 2903, "Anafenza, Unyielding Lineage": 64, "Clay Champion": 504, "Nesting Bot_SB": 1964, "Restricted Office // Lecture Hall_SB": 2375, "Dragonfire Blade": 788, "Monastery Messenger": 1907, "Shocking Sharpshooter": 2595, "Clarion Conqueror // Clarion Conqueror_SB": 502, "Phyrexian Censor": 2135, "Terror of the Peaks_SB": 2935, "Calamity, Galloping Inferno_SB": 389, "Fires of Victory_SB": 1060, "Bovine Intervention": 306, "Riling Dawnbreaker": 2384, "Warden of the Grove": 3363, "Brineborn Cutthroat": 340, "Invasion of Ikoria": 1508, "Branch of Vitu-Ghazi": 316, "Dragon Sniper_SB": 782, "Revenge of the Rats": 2379, "Rise of the Varmints": 2390, "Undergrowth Leopard": 3179, "Grasping Longneck_SB": 1267, "Watcher of the Wayside_SB": 3376, "Shock Brigade": 2592, "Ratcatcher Trainee": 2282, "Deadly Riposte": 655, "Derelict Attic // Widow's Walk_SB": 702, "Reigning Victor": 2332, "Worthy Cost": 3428, "Bone-Cairn Butcher": 277, "Salt Road Skirmish": 2465, "Starry-Eyed Skyrider": 2769, "Dirgur Island Dragon": 728, "Aatchik, Emerald Radian": 0, "Yarus, Roar of the Old Gods": 3440, "Sinkhole Surveyor_SB": 2626, "Thunder of Unity": 3048, "Frontline Rush_SB": 1121, "Dalkovan Packbeasts_SB": 628, "Descendant of Storms_SB": 704, "Worthy Cost_SB": 3429, "War Effort_SB": 3360, "Shocking Sharpshooter_SB": 2596, "Unyielding Gatekeeper_SB": 3218, "Unscrupulous Contractor": 3203, "Gearbane Orangutan_SB": 1155, "Osseous Exhale": 2052, "Narset, Jeskai Waymaster": 1950, "Frostcliff Siege_SB": 1123, "Return Triumphant_SB": 2377, "Spring Splasher": 2749, "Norn's Wellspring": 1996, "Case of the Uneaten Feast_SB": 426, "Blue Sun's Twilight": 270, "Servant of the Stinger_SB": 2563, "Three Blind Mice_SB": 3033, "Bloodfeather Phoenix_SB": 250, "Annihilating Glare_SB": 86, "Lasyd Prowler": 1657, "Feral Encounter_SB": 1032, "Nature's Rhythm_SB": 1955, "Synchronized Charge_SB": 2880, "Viral Spawning_SB": 3306, "Ob Nixilis, Captive Kingpin": 2012, "All Will Be One": 52, "Encroaching Mycosynth": 878, "Krenko, Baron of Tin Street": 1642, "Ice Out": 1447, "Crime Novelist": 595, "Breeches, Eager Pillager_SB": 335, "Convenient Target": 554, "Niv-Mizzet, Supreme_SB": 1985, "Perennation_SB": 2117, "Timeless Lotus": 3060, "Phyrexian Vindicator_SB": 2145, "Grafted Butcher": 1260, "Voidwing Hybrid_SB": 3328, "Urabrask_SB": 3224, "Kiora, Sovereign of the Deep_SB": 1608, "Kalastria Highborn": 1569, "Cori Mountain Monastery_SB": 564, "Ertai's Scorn": 911, "Eshki Dragonclaw_SB": 915, "Songcrafter Mage_SB": 2688, "Bulk Up_SB": 364, "Eluge, the Shoreless Sea": 867, "Finale of Revelation": 1053, "Eliminate the Impossible": 861, "Eliminate the Impossible_SB": 862, "Finale of Revelation_SB": 1054, "Cat Collector_SB": 431, "Izoni, Center of the Web_SB": 1533, "Hazoret, Godseeker_SB": 1348, "Spelunking_SB": 2726, "Smile at Death": 2672, "Osteomancer Adept_SB": 2057, "Peer Past the Veil_SB": 2113, "Campus Guide_SB": 395, "Liberator, Urza's Battlethopter": 1694, "Racers' Scoreboard": 2244, "Rot-Curse Rakshasa_SB": 2424, "Markov Baron": 1815, "Pulse Tracker": 2217, "Misery's Shadow_SB": 1875, "Redcap Gutter-Dweller_SB": 2317, "Dragon's Prey": 785, "Defibrillating Current": 681, "Alesha's Legacy": 49, "Emerge from the Cocoon": 874, "Midnight Mayhem": 1853, "Bone-Cairn Butcher_SB": 278, "Cori Mountain Stalwart_SB": 566, "Marshal of the Lost_SB": 1818, "Shock Brigade_SB": 2593, "Neriv, Heart of the Storm_SB": 1962, "Poised Practitioner_SB": 2171, "Filter Out": 1046, "Hero's Downfall": 1386, "Desecration Demon_SB": 706, "Whiskervale Forerunner": 3390, "Lost in the Maze": 1749, "Cori Mountain Stalwart": 565, "Underground River_SB": 3178, "Gloomlake Verge_SB": 1228, "Darkslick Shores_SB": 634, "Aggressive Sabotage_SB": 34, "Disdainful Stroke": 729, "Out Cold_SB": 2059, "Magmakin Artillerist": 1779, "Flood the Engine_SB": 1075, "Veloheart Bike": 3278, "Migloz, Maze Crusher": 1856, "Dragonhawk, Fate's Tempest_SB": 790, "Swiftblade Vindicator": 2865, "Hidetsugu and Kairi_SB": 1401, "Abzan Devotee": 12, "Gixian Puppeteer": 1206, "Colossification_SB": 530, "Rite of Renewal": 2392, "Staff of Compleation": 2761, "Betor, Kin to All": 210, "Danitha, New Benalia's Light": 630, "Danitha, New Benalia's Light_SB": 631, "Walk-In Closet // Forgotten Cellar_SB": 3358, "Oltec Matterweaver": 2031, "Disturbing Mirth_SB": 750, "Encroaching Mycosynth_SB": 879, "Mortify_SB": 1921, "Stadium Headliner_SB": 2760, "Draconautics Engineer_SB": 774, "Bumbleflower's Sharepot": 367, "Volt Charge": 3337, "Great Arashin City_SB": 1272, "Underground Mortuary_SB": 3176, "Purging Stormbrood": 2218, "Piercing Exhale": 2150, "Wind-Scarred Crag": 3404, "Jeskai Devotee": 1545, "Kin-Tree Nurturer": 1606, "Nightblade Brigade": 1976, "Stormplain Detainment": 2809, "Marshal of the Lost": 1817, "Sunset Strikemaster": 2843, "Seize Opportunity": 2547, "Dragonback Lancer": 787, "Venerated Stormsinger": 3281, "Elesh Norn": 857, "Slickshot Lockpicker": 2665, "Invasion of Arcavios_SB": 1503, "Zur, Eternal Schemer_SB": 3467, "Portal to Phyrexia_SB": 2185, "Tarrian's Journal_SB": 2900, "Youthful Valkyrie_SB": 3448, "Battlefield Forge_SB": 196, "Stormscale Scion": 2810, "Dracogenesis": 772, "Tempest Hart": 2911, "Battle-Rage Blessing": 194, "Gnawing Crescendo": 1231, "Outlaws' Fury": 2064, "Ashnod's Intervention_SB": 134, "Distorted Curiosity_SB": 745, "Lightshield Parry": 1705, "Lightfoot Technique": 1698, "Lazav, Familiar Stranger": 1667, "Stormsplitter_SB": 2814, "Samut, Vizier of Naktamun_SB": 2467, "Vengeful Bloodwitch_SB": 3283, "Rith, Liberated Primeval": 2396, "Meticulous Excavation": 1847, "Cacophony Scamp_SB": 382, "Lazav, Familiar Stranger_SB": 1668, "Cactusfolk Sureshot": 384, "Djeru and Hazoret": 757, "Naga Fleshcrafter_SB": 1947}}