{"vocabulary": {"Anoint with Affliction": 88, "Cut Down": 620, "Darkslick Shores": 632, "Enduring Curiosity": 881, "Faebloom Trick": 963, "Faerie Mastermind": 968, "Floodpits Drowner": 1075, "Gloomlake Verge": 1223, "Go for the Throat": 1230, "Harvester of Misery": 1327, "Island": 1522, "Kaito, Bane of Nightmares": 1559, "Mockingbird": 1882, "Restless Reef": 2356, "Soulstone Sanctuary": 2697, "Spell Stutter": 2712, "Spyglass Siren": 2744, "Swamp": 2856, "Tishana's Tidebinder": 3059, "Underground River": 3165, "Blot Out_SB": 269, "Cut Down_SB": 621, "Duress_SB": 818, "Ghost Vacuum_SB": 1175, "Gix's Command_SB": 1198, "Harvester of Misery_SB": 1328, "Negate_SB": 1954, "Neutralize the Guards_SB": 1963, "Sheoldred, the Apocalypse_SB": 2573, "Tishana's Tidebinder_SB": 3060, "Withering Torment_SB": 3410, "Adarkar Wastes": 19, "Battlefield Forge": 194, "Case of the Gateway Express": 419, "Clockwork Percussionist": 510, "Gleeful Demolition": 1215, "Imodane's Recruiter": 1450, "Inspiring Vantage": 1482, "Knight-Errant of Eos": 1619, "Novice Inspector": 1995, "Painter's Studio // Defaced Gallery": 2091, "Plains": 2157, "Resolute Reinforcements": 2342, "Restless Bivouac": 2351, "Seachrome Coast": 2513, "Sheltered by Ghosts": 2567, "Shivan Reef": 2582, "Spirebluff Canal": 2729, "Warden of the Inner Sky": 3354, "Disdainful Stroke_SB": 729, "Get Lost_SB": 1160, "Lithomantic Barrage_SB": 1713, "Protect the Negotiators_SB": 2203, "Sheltered by Ghosts_SB": 2568, "Torch the Tower_SB": 3080, "Zur, Eternal Schemer": 3456, "Overlord of the Hauntwoods": 2072, "Overlord of the Mistmoors": 2074, "Overlord of the Floodpits": 2070, "Get Lost": 1159, "Split Up": 2735, "Herd Migration": 1376, "Up the Beanstalk": 3207, "Cavern of Souls": 445, "Floodfarm Verge": 1073, "Forest": 1093, "Hedge Maze": 1355, "Hushwood Verge": 1438, "Lush Portico": 1760, "Meticulous Archive": 1841, "Secluded Courtyard": 2532, "Shadowy Backstreet": 2560, "Leyline Binding": 1681, "Sunfall": 2831, "Authority of the Consuls_SB": 151, "Joust Through_SB": 1554, "Pick Your Poison_SB": 2142, "Doppelgang_SB": 766, "Beza, the Bounding Spring_SB": 213, "Rest in Peace_SB": 2348, "Vivien Reid_SB": 3310, "Abhorrent Oculus": 2, "Haughty Djinn": 1330, "Helping Hand": 1366, "Recommission": 2302, "Founding the Third Path": 1102, "Chart a Course": 477, "Moment of Truth": 1896, "Kiora, the Rising Tide": 1605, "Sleight of Hand": 2653, "Picklock Prankster": 2143, "Into the Flood Maw": 1489, "Temporary Lockdown_SB": 2918, "Split Up_SB": 2736, "Exorcise_SB": 935, "Monastery Mentor_SB": 1901, "Caretaker's Talent": 410, "Carrot Cake": 414, "Enduring Innocence": 883, "Fountainport": 1105, "Lay Down Arms": 1661, "Soul Partition": 2684, "Beza, the Bounding Spring": 212, "Sunken Citadel": 2834, "Archangel Elspeth": 102, "Virtue of Loyalty": 3301, "Boon-Bringer Valkyrie_SB": 291, "Elspeth's Smite_SB": 862, "Mountain": 1921, "Rockface Village": 2402, "Heartfire Hero": 1347, "Monastery Swiftspear": 1903, "Hired Claw": 1404, "Burst Lightning": 377, "Screaming Nemesis": 2506, "Lightning Strike": 1699, "Monstrous Rage": 1909, "Manifold Mouse": 1796, "Emberheart Challenger": 870, "Witchstalker Frenzy": 3407, "Twisted Fealty_SB": 3133, "Urabrask's Forge_SB": 3211, "Obliterating Bolt_SB": 2009, "Sunspine Lynx_SB": 2840, "Witchstalker Frenzy_SB": 3408, "Deep-Cavern Bat": 669, "Anoint with Affliction_SB": 89, "Preacher of the Schism_SB": 2184, "Stab_SB": 2750, "Enduring Vitality": 887, "Roaring Furnace // Steaming Sauna": 2399, "Invasion of Ixalan": 1505, "Analyze the Pollen": 65, "This Town Ain't Big Enough": 2995, "Torch the Tower": 3079, "Botanical Sanctum": 300, "Thundertrap Trainer": 3044, "Opt": 2034, "Stormchaser's Talent": 2800, "Valley Floodcaller": 3242, "Fabled Passage": 958, "Copperline Gorge": 561, "Song of Totentanz": 2677, "Questing Druid": 2225, "Bitter Reunion": 220, "Yavimaya Coast": 3432, "Aegis Turtle_SB": 23, "Questing Druid_SB": 2226, "Azure Beastbinder_SB": 166, "Pawpatch Formation_SB": 2102, "Burst Lightning_SB": 378, "Jace, the Perfected Mind_SB": 1536, "Scorching Dragonfire_SB": 2495, "Capricious Hellraiser": 404, "Overlord of the Balemurk": 2066, "Fear of Missing Out": 1003, "Blackcleave Cliffs": 225, "Blazemire Verge": 233, "Cruel Somnophage": 595, "Molten Duplication": 1889, "Kaito, Cunning Infiltrator": 1561, "Ill-Timed Explosion": 1447, "Shoot the Sheriff": 2589, "Omniscience": 2030, "Season of Weaving": 2525, "Demonic Counsel": 693, "Chandra, Flameshaper": 460, "Chandra, Hope's Beacon": 462, "Raucous Theater": 2277, "Thundering Falls": 3040, "Leyline of the Void_SB": 1689, "Abrade_SB": 5, "Liliana of the Veil_SB": 1705, "Bushwhack": 379, "Herbology Instructor": 1372, "Tarnation Vista": 2891, "Karplusan Forest": 1575, "Pawpatch Formation": 2101, "Herbology Instructor_SB": 1373, "Dissection Tools_SB": 742, "Blue Sun's Twilight_SB": 272, "Screaming Nemesis_SB": 2507, "Up the Beanstalk_SB": 3208, "Into the Flood Maw_SB": 1490, "Floodpits Drowner_SB": 1076, "Ral, Crackling Wit_SB": 2261, "Flowerfoot Swordmaster": 1082, "Shardmage's Rescue": 2562, "Might of the Meek": 1850, "Lightning Helix": 1697, "Lupinflower Village": 1758, "Thran Portal": 3015, "Skrelv, Defector Mite": 2628, "Case of the Crimson Pulse_SB": 417, "Sword of Once and Future_SB": 2867, "Restless Bivouac_SB": 2352, "Kellan, Planar Trailblazer": 1593, "Fugitive Codebreaker": 1122, "Boros Charm": 293, "Slickshot Show-Off": 2659, "Boltwave": 276, "Lightning Helix_SB": 1698, "Destroy Evil_SB": 711, "Slagstorm_SB": 2648, "Knight of Grace_SB": 1618, "Restless Cottage": 2353, "Blooming Marsh": 263, "Assassin's Trophy": 135, "Kami of Whispered Hopes": 1568, "Blood Hustler": 245, "Fauna Shaman": 986, "Sleep-Cursed Faerie": 2652, "Fallaji Archaeologist": 974, "Diabolic Intent": 721, "Tyvar, Jubilant Brawler": 3146, "Agatha's Soul Cauldron": 32, "Underground Mortuary": 3163, "Bitter Triumph_SB": 223, "Shore Up_SB": 2592, "Lively Dirge_SB": 1716, "Assassin's Trophy_SB": 136, "Phantom Interference": 2121, "Three Steps Ahead": 3024, "Preacher of the Schism": 2183, "Sheoldred, the Apocalypse": 2572, "Three Steps Ahead_SB": 3025, "Aclazotz, Deepest Betrayal_SB": 16, "Archfiend of the Dross": 110, "Glissa Sunslayer": 1220, "Llanowar Elves": 1718, "Mosswood Dreadknight": 1919, "Scavenging Ooze": 2491, "Sentinel of the Nameless City": 2546, "Tranquil Frillback": 3094, "Duress": 817, "Tear Asunder": 2897, "Unholy Annex // Ritual Chamber": 3177, "Llanowar Wastes": 1723, "Choking Miasma_SB": 485, "Nissa, Ascended Animist_SB": 1976, "Tear Asunder_SB": 2898, "Tranquil Frillback_SB": 3095, "Soul Partition_SB": 2685, "Kutzil's Flanker_SB": 1644, "No More Lies_SB": 1981, "Yotian Frontliner": 3436, "Mirrex": 1863, "Blossoming Tortoise": 267, "Cityscape Leveler": 494, "Unwanted Remake": 3203, "Glimpse the Core": 1218, "White Sun's Twilight": 3383, "Spelunking": 2717, "Day of Judgment": 642, "Chimil, the Inner Sun": 481, "Titania's Command": 3061, "Argoth, Sanctum of Nature": 119, "Blast Zone": 231, "Cavernous Maw": 447, "Forgotten Monument": 1096, "Razorverge Thicket": 2285, "Restless Prairie": 2355, "Volatile Fault": 3319, "Crystal Barricade_SB": 608, "Thrun, Breaker of Silence_SB": 3036, "Soul-Guide Lantern_SB": 2690, "Surge of Salvation_SB": 2846, "The Eternal Wanderer_SB": 2947, "Ertai Resurrected_SB": 908, "Unstoppable Slasher": 3197, "Malicious Eclipse_SB": 1792, "Saiba Cryptomancer": 2454, "Sheoldred's Edict": 2570, "Go for the Throat_SB": 1231, "Ertai Resurrected": 907, "Shore Up": 2591, "Unsummon": 3199, "Get Out_SB": 1162, "Blot Out": 268, "Deadly Cover-Up": 651, "Deduce": 665, "Doomsday Excruciator": 762, "Jace, the Perfected Mind": 1535, "Mazemind Tome": 1823, "Nowhere to Run": 1996, "Undercity Sewers": 3162, "Lord Skitter, Sewer King_SB": 1742, "Vren, the Relentless_SB": 3344, "Roaring Furnace && Steaming Sauna": 2397, "Leyline Axe": 1680, "Regal Bunnicorn": 2317, "Steel Seraph": 2777, "Zoetic Glyph": 3448, "Restless Anchorage": 2349, "Loran of the Third Path_SB": 1737, "Render Inert_SB": 2333, "Temporary Lockdown": 2917, "Scrollshift": 2508, "Gix, Yawgmoth Praetor": 1199, "Azure Beastbinder": 165, "Dazzling Denial": 645, "Moment of Craving_SB": 1894, "Nowhere to Run_SB": 1997, "Caustic Bronco": 439, "Cruelclaw's Heist_SB": 597, "Deadly Cover-Up_SB": 652, "Outrageous Robbery_SB": 2061, "Scorching Dragonfire": 2494, "Pyroclasm_SB": 2217, "Elesh Norn, Mother of Machines": 856, "Not on My Watch_SB": 1994, "Royal Treatment": 2421, "Caustic Bronco_SB": 440, "Maelstrom Pulse_SB": 1770, "Archdruid's Charm": 108, "Calamity, Galloping Inferno": 390, "Commercial District": 536, "Overlord of the Boilerbilges": 2068, "Sire of Seven Deaths": 2619, "Smuggler's Surprise": 2666, "The Rollercrusher Ride": 2972, "Thornspire Verge": 3001, "Vaultborn Tyrant": 3263, "Brotherhood's End_SB": 358, "Tyrranax Rex_SB": 3142, "Cache Grab": 381, "Deadly Brew": 649, "Haywire Mite": 1337, "Honest Rutstein": 1414, "Insidious Roots": 1478, "Rubblebelt Maverick": 2423, "Scorn-Blade Berserker": 2498, "Snarling Gorehound": 2671, "Stalactite Stalker": 2754, "Voldaren Thrillseeker": 3324, "Haywire Mite_SB": 1338, "Imperious Perfect_SB": 1455, "Insidious Fungus_SB": 1477, "Reclamation Sage_SB": 2301, "Sandstorm Salvager_SB": 2463, "Tough Cookie_SB": 3087, "Urborg Repossession_SB": 3215, "Sheoldred's Edict_SB": 2571, "No More Lies": 1980, "Urza, Lord Protector": 3228, "Simulacrum Synthesizer": 2614, "Fabrication Foundry": 959, "Unstable Glyphbridge": 3194, "Spring-Loaded Sawblades": 2742, "Braided Net": 309, "Thran Spider": 3016, "The Mightstone and Weakstone": 2962, "Assimilation Aegis": 137, "Fomori Vault": 1086, "Demolition Field": 691, "Authority of the Consuls": 150, "Glistening Deluge_SB": 1222, "Vivien Reid": 3309, "Maelstrom Pulse": 1769, "Withering Torment": 3409, "Dreams of Steel and Oil_SB": 805, "The End_SB": 2944, "Nissa, Ascended Animist": 1975, "Outrageous Robbery": 2060, "Aclazotz, Deepest Betrayal": 15, "Disfigure_SB": 733, "Bloodletter of Aclazotz": 253, "Virtue of Persistence": 3303, "Liliana of the Veil": 1704, "Cruelclaw's Heist": 596, "Valgavoth, Terror Eater": 3236, "Geological Appraiser": 1156, "Autonomous Assembler": 152, "Trumpeting Carnosaur": 3116, "Quintorius Kand": 2229, "Etali's Favor": 919, "Mishra's Foundry": 1873, "Temple of Triumph": 2916, "Seized from Slumber": 2541, "Skrelv's Hive_SB": 2627, "Starfall Invocation_SB": 2761, "Scavenging Ooze_SB": 2492, "Dreamdew Entrancer_SB": 803, "Faerie Dreamthief": 965, "Osteomancer Adept": 2050, "Curious Forager": 616, "Thornvault Forager": 3002, "Mudflat Village": 1925, "The Mycotyrant": 2967, "Sporogenic Infection_SB": 2740, "Agatha's Soul Cauldron_SB": 33, "Titania, Voice of Gaea_SB": 3064, "Huskburster Swarm_SB": 1440, "Abyssal Harvester": 10, "Rush of Dread": 2436, "Case of the Stashed Skeleton": 425, "Grievous Wound": 1280, "Bloodthirsty Conqueror": 257, "Enduring Tenacity": 885, "The Cruelty of Gix": 2938, "Chimil, the Inner Sun_SB": 482, "Torpor Orb_SB": 3085, "Feed the Swarm_SB": 1016, "Funeral Room // Awakening Hall_SB": 1128, "Rise of the Dark Realms_SB": 2380, "Bitter Triumph": 222, "Pyroclasm": 2216, "Brotherhood's End": 357, "Seize the Spoils": 2540, "Zombify": 3450, "Atraxa, Grand Unifier": 144, "Phyrexian Fleshgorger": 2132, "Collector's Vault": 524, "Sulfurous Springs": 2823, "Glissa Sunslayer_SB": 1221, "Ichor Drinker": 1444, "Eaten Alive": 835, "Hungry Ghoul": 1433, "Cemetery Recruitment": 452, "Hopeless Nightmare": 1418, "Diregraf Ghoul": 726, "Skeleton Archer": 2621, "Sanguine Syphoner": 2466, "Mephitic Draught": 1837, "Not Dead After All": 1991, "Murder": 1930, "Canonized in Blood": 403, "Vampiric Rites": 3257, "Moment of Craving": 1893, "Nullpriest of Oblivion": 1998, "Offer Immortality": 2016, "Koma, World-Eater": 1627, "Plaza of Heroes": 2162, "Push // Pull": 2212, "Restless Vents": 2362, "Terror of the Peaks": 2927, "The Elder Dragon War": 2941, "The Infamous Cruelclaw": 2954, "Twinflame Tyrant": 3127, "Molten Collapse_SB": 1888, "Valgavoth, Terror Eater_SB": 3237, "Spectral Sailor": 2708, "Kaito, Cunning Infiltrator_SB": 1562, "Archangel of Wrath": 106, "Urgent Necropsy": 3221, "Heaped Harvest": 1346, "Kaya, Intangible Slayer_SB": 1579, "Elegant Parlor": 852, "Restless Fortress": 2354, "Grand Abolisher_SB": 1258, "Flamecache Gecko": 1060, "Iridescent Vinelasher": 1519, "Gev, Scaled Scorch": 1165, "Valley Rotcaller": 3246, "Thought-Stalker Warlock": 3006, "Fireglass Mentor": 1054, "Scales of Shale": 2483, "Wrenn's Resolve_SB": 3425, "Negate": 1953, "Cryptic Coat": 603, "Elspeth's Smite": 861, "Temple of Enlightenment": 2909, "Ezrim, Agency Chief_SB": 955, "Brushland": 360, "Elesh Norn, Mother of Machines_SB": 857, "Valkyrie's Call_SB": 3239, "Fumigate_SB": 1126, "Virtue of Loyalty_SB": 3302, "Devout Decree_SB": 718, "Virtue of Persistence_SB": 3304, "Recruitment Officer": 2304, "Cathar Commando": 434, "Coppercoat Vanguard": 560, "Harbin, Vanguard Aviator": 1314, "Valiant Veteran": 3238, "Zephyr Sentinel": 3441, "Skystrike Officer": 2646, "Surge of Salvation": 2845, "Fortified Beachhead": 1099, "Cathar Commando_SB": 435, "Archangel Elspeth_SB": 103, "Raise the Past_SB": 2250, "Season of the Burrow_SB": 2528, "Ancient Cornucopia": 69, "Sunfall_SB": 2832, "Shock": 2583, "Raucous Carnival": 2275, "Raucous Carnival_SB": 2276, "Eddymurk Crab": 839, "Rona's Vortex": 2410, "Seed of Hope": 2534, "Tolarian Terror": 3073, "Plains_SB": 2158, "Shrouded Shepherd_SB": 2598, "Swamp_SB": 2857, "Glass Casket_SB": 1209, "Regal Bunnicorn_SB": 2318, "Zoetic Glyph_SB": 3449, "Glass Casket": 1208, "Scorching Shot_SB": 2497, "Thrun, Breaker of Silence": 3035, "Collector's Cage": 522, "Pawpatch Recruit": 2103, "Sandstorm Salvager": 2462, "Sanguine Evangelist": 2464, "Skyknight Squire": 2640, "Unidentified Hovership": 3179, "Aven Interrupter_SB": 154, "Invasion of Gobakhan_SB": 1503, "Builder's Talent": 363, "Serra Paragon_SB": 2550, "Dusk Rose Reliquary": 820, "Kellan, Daring Traveler": 1590, "Teething Wurmlet": 2901, "Tough Cookie": 3086, "Royal Treatment_SB": 2422, "Unidentified Hovership_SB": 3180, "Mabel, Heir to Cragflame": 1765, "Unholy Annex && Ritual Chamber": 3175, "Restless Ridgeline": 2358, "Snakeskin Veil": 2668, "Innkeeper's Talent_SB": 1470, "Snakeskin Veil_SB": 2669, "Innkeeper's Talent": 1469, "Turn Inside Out": 3122, "Jaya, Fiery Negotiator_SB": 1540, "Chrome Host Seedshark_SB": 487, "Parting Gust": 2097, "Season of the Burrow": 2527, "The Stone Brain_SB": 2981, "Keen-Eyed Curator_SB": 1585, "Minor Misstep_SB": 1859, "Cacophony Scamp": 383, "Gingerbrute": 1190, "Goldvein Hydra": 1244, "Inti, Seneschal of the Sun": 1484, "Ozolith, the Shattered Spire": 2086, "Song of Totentanz_SB": 2678, "Unable to Scream_SB": 3153, "Alesha, Who Laughs at Fate": 50, "Vadmir, New Blood": 3229, "Furnace Reins_SB": 1133, "Untimely Malfunction_SB": 3202, "Ephara's Dispersal_SB": 901, "Stoic Sphinx_SB": 2792, "Cryptic Coat_SB": 604, "Quick Study": 2228, "Arabella, Abandoned Doll_SB": 94, "Painter's Studio && Defaced Gallery_SB": 2090, "Gix's Command": 1197, "Stab": 2749, "Mazemind Tome_SB": 1824, "Faerie Mastermind_SB": 969, "Take Up the Shield_SB": 2883, "Unsummon_SB": 3200, "Valorous Stance_SB": 3251, "Warleader's Call": 3358, "Warleader's Call_SB": 3359, "Demonic Ruckus": 698, "Optimistic Scavenger": 2036, "Spellbook Vendor": 2714, "Karplusan Forest_SB": 1576, "Subterranean Schooner": 2819, "Monstrous Emergence_SB": 1908, "Malcolm, Alluring Scoundrel": 1788, "Tail Swipe_SB": 2879, "Faebloom Trick_SB": 964, "Shock_SB": 2586, "Callous Sell-Sword": 394, "The Swarmweaver": 2983, "Liliana, Dreadhorde General_SB": 1707, "Stingerback Terror_SB": 2785, "Arabella, Abandoned Doll": 93, "Jace Reawakened": 1532, "Jace Reawakened_SB": 1533, "Obliterating Bolt": 2008, "Roaring Furnace && Steaming Sauna_SB": 2398, "Loran of the Third Path": 1736, "Scorching Shot": 2496, "Restless Ridgeline_SB": 2359, "Clay-Fired Bricks": 506, "Leyline of Resonance": 1683, "Doorkeeper Thrull_SB": 764, "Monastery Mentor": 1900, "Invasion of Tarkir_SB": 1512, "Volcanic Spite_SB": 3322, "Tinybones, the Pickpocket_SB": 3057, "Case of the Filched Falcon": 418, "Pawpatch Recruit_SB": 2104, "Toby, Beastie Befriender": 3068, "Tolsimir, Midnight's Light": 3075, "Spell Stutter_SB": 2713, "Dreamdew Entrancer": 802, "Outcaster Trailblazer": 2056, "Pond Prophet": 2174, "Splash Portal": 2733, "Temple of Mystery": 2913, "Timely Interference": 3050, "Unable to Scream": 3152, "Vesuvan Duplimancy": 3280, "Dive Down_SB": 751, "Scrawling Crawler_SB": 2504, "Dreams of Steel and Oil": 804, "Breach the Multiverse_SB": 327, "Change the Equation_SB": 469, "Painter's Studio && Defaced Gallery": 2089, "Feather of Flight": 1009, "Tectonic Hazard_SB": 2900, "Gnawing Vermin": 1228, "Hollow Marauder": 1409, "Huskburster Swarm": 1439, "Overwhelming Remorse": 2080, "Stubborn Burrowfiend": 2817, "Writhing Necromass": 3426, "Basilisk Collar_SB": 190, "Dryad Militant_SB": 813, "Day of Judgment_SB": 643, "Subterranean Schooner_SB": 2820, "Piggy Bank": 2145, "Urabrask's Forge": 3210, "Unholy Annex && Ritual Chamber_SB": 3176, "Malicious Eclipse": 1791, "Overlord of the Floodpits_SB": 2071, "Realmbreaker, the Invasion Tree_SB": 2291, "The End": 2943, "Enduring Curiosity_SB": 882, "Mockingbird_SB": 1883, "Anointed Peacekeeper": 90, "Chandra, Hope's Beacon_SB": 463, "Torch the Witness_SB": 3082, "Bristlebud Farmer": 346, "Dollmaker's Shop && Porcelain Gallery": 757, "Entity Tracker": 898, "Ethereal Armor": 925, "Fae Flight": 961, "Gremlin Tamer": 1277, "Inquisitive Glimmer": 1472, "Silent Hallcreeper": 2605, "Plumecreed Escort": 2163, "Luminous Rebuke": 1752, "Charred Foyer && Warped Space_SB": 476, "Luminous Rebuke_SB": 1753, "Push // Pull_SB": 2213, "Virtue of Courage_SB": 3298, "Long Goodbye_SB": 1728, "Tyvar's Stand_SB": 3145, "Vren, the Relentless": 3343, "Kaito, Bane of Nightmares_SB": 1560, "The Filigree Sylex_SB": 2950, "Pillage the Bog": 2150, "Abhorrent Oculus_SB": 3, "Deep-Cavern Bat_SB": 670, "Sanguine Evangelist_SB": 2465, "Destroy Evil": 710, "Shardmage's Rescue_SB": 2563, "Ajani, Caller of the Pride": 40, "Ajani, Caller of the Pride_SB": 41, "Sentinel of the Nameless City_SB": 2547, "Goddric, Cloaked Reveler": 1240, "Aftermath Analyst": 30, "Crawling Barrens": 590, "Escape Tunnel": 911, "Hearth Elemental": 1352, "Nissa, Resurgent Animist": 1977, "Terramorphic Expanse": 2924, "Virtue of Strength": 3305, "Barbed Batterfist": 182, "Splitskin Doll": 2737, "Phyrexian Censor_SB": 2130, "Joust Through": 1553, "Akawalli, the Seething Tower": 47, "Absolving Lammasu_SB": 7, "Valgavoth's Lair": 3233, "Change the Equation": 468, "Get Out": 1161, "Think Twice": 2990, "Micromancer_SB": 1848, "Sphinx of Forgotten Lore_SB": 2719, "Dollmaker's Shop // Porcelain Gallery_SB": 759, "Artist's Talent": 127, "Crash Through": 587, "Urabrask": 3209, "Wrenn's Resolve": 3424, "Coruscation Mage_SB": 577, "Phyrexian Obliterator_SB": 2137, "Fiery Annihilation_SB": 1040, "Fade from History_SB": 960, "Caves of Koilos": 448, "Kaya, Spirits' Justice": 1580, "Concealed Courtyard": 539, "Elenda, Saint of Dusk_SB": 854, "Unholy Annex // Ritual Chamber_SB": 3178, "Unstoppable Slasher_SB": 3198, "Flashfreeze_SB": 1066, "Aven Interrupter": 153, "Werefox Bodyguard": 3377, "Dewdrop Cure_SB": 720, "Bruse Tarl, Roving Rancher": 359, "Archangel of Wrath_SB": 107, "Fblthp, Lost on the Range": 988, "Weakstone's Subjugation": 3369, "An Offer You Can't Refuse_SB": 63, "Fblthp, Lost on the Range_SB": 989, "Proft's Eidetic Memory_SB": 2195, "Weakstone's Subjugation_SB": 3370, "Koth, Fire of Resistance_SB": 1632, "Mountain_SB": 1922, "Requisition Raid_SB": 2341, "Disfigure": 732, "The Wandering Rescuer": 2986, "Bottomless Pool && Locker Room": 301, "Fear of Isolation": 999, "Legions to Ashes": 1673, "Nurturing Pixie": 2000, "Tithing Blade": 3065, "Bandit's Talent_SB": 176, "Tinybones Joins Up_SB": 3053, "Tithing Blade_SB": 3066, "Invasion of Tarkir": 1511, "Bitter Reunion_SB": 221, "Hidetsugu's Second Rite_SB": 1397, "The Swarmweaver_SB": 2984, "Werefox Bodyguard_SB": 3378, "Boon-Bringer Valkyrie": 290, "Temple of Epiphany": 2910, "Imodane's Recruiter_SB": 1451, "Invasion of Karsus_SB": 1507, "Mirror Room && Fractured Realm_SB": 1865, "Sword of Wealth and Power_SB": 2869, "This Town Ain't Big Enough_SB": 2996, "Wildfire Howl_SB": 3388, "Zurgo and Ojutai_SB": 3459, "Tinybones Joins Up": 3052, "Ethereal Armor_SB": 926, "Lyra Dawnbringer_SB": 1762, "Regal Caracal_SB": 2320, "Roxanne, Starfall Savant_SB": 2420, "Faerie Fencing": 966, "Halo Forager_SB": 1309, "Mabel, Heir to Cragflame_SB": 1766, "Not on My Watch": 1993, "Kitesail Larcenist": 1609, "Essence Scatter": 917, "Essence Scatter_SB": 918, "Soulstone Sanctuary_SB": 2698, "Ballyrush Banneret": 170, "Protect the Negotiators": 2202, "Three Tree City": 3026, "Myrel, Shield of Argive_SB": 1938, "Siege Veteran_SB": 2601, "Steel Seraph_SB": 2778, "Overprotect": 2076, "Ezrim, Agency Chief": 954, "Karn, Living Legacy": 1573, "Metropolis Reformer": 1845, "Urza's Sylex_SB": 3227, "Wrenn and Realmbreaker_SB": 3422, "Altanak, the Thrice-Called": 55, "Break Out": 331, "Hard-Hitting Question": 1319, "Keen-Eyed Curator": 1584, "Omnivorous Flytrap": 2031, "Patchwork Beastie": 2100, "Say Its Name": 2477, "Violent Urge": 3293, "Wildfire Wickerfolk": 3389, "Wrenn and Realmbreaker": 3421, "Overlord of the Mistmoors_SB": 2075, "Spiteful Hexmage": 2731, "Pest Control_SB": 2118, "Tinybones, the Pickpocket": 3056, "Caretaker's Talent_SB": 411, "Sorcerous Spyglass_SB": 2683, "Disturbing Mirth": 748, "Final Vengeance": 1047, "Greedy Freebooter": 1272, "Scavenger's Talent": 2490, "Souls of the Lost": 2695, "Case of the Stashed Skeleton_SB": 426, "Rottenmouth Viper_SB": 2418, "Decadent Dragon": 663, "Krenko's Buzzcrusher_SB": 1637, "Silverback Elder_SB": 2610, "Demonic Pact": 696, "Harmless Offering": 1323, "Beseech the Mirror": 206, "Braids, Arisen Nightmare": 311, "Final Vengeance_SB": 1048, "Kellan, Inquisitive Prodigy": 1591, "Roaring Furnace // Steaming Sauna_SB": 2400, "Rottenmouth Viper": 2417, "Blood Spatter Analysis": 247, "Restless Vinestalk": 2364, "Witch's Mark": 3405, "Kitsa, Otterball Elite": 1612, "Vraska, Betrayal's Sting": 3340, "The Witch's Vanity": 2988, "Greed's Gambit": 1271, "Blanchwood Prowler": 228, "Urborg Lhurgoyf": 3213, "Hidden Grotto": 1388, "Feed the Cycle": 1013, "Season of Loss": 2523, "Fanatical Firebrand": 977, "Rundvelt Hordemaster": 2431, "Searslicer Goblin": 2519, "Breeches, Eager Pillager": 335, "Squee, Dubious Monarch": 2746, "Enduring Courage": 879, "Krenko, Mob Boss": 1639, "Rite of the Moth": 2386, "Venerated Rotpriest": 3269, "Branchblight Stalker": 318, "Ichorspit Basilisk": 1445, "Maze's Mantle": 1822, "Viral Spawning": 3295, "Plague Nurse": 2156, "Venomous Brutalizer": 3277, "Tyrranax Atrocity": 3140, "Goliath Hatchery": 1248, "Paladin of Predation": 2093, "Tyrranax Rex": 3141, "Serum Snare": 2551, "Tainted Observer": 2881, "Experimental Augury": 939, "Thrummingbird": 3034, "Mesmerizing Dose": 1839, "Reject Imperfection": 2324, "Gitaxian Anatomist": 1194, "Vivisurgeon's Insight": 3311, "Basilisk Collar": 189, "Lakeside Shack": 1650, "Lush Oasis": 1759, "Simic Guildgate": 2613, "Tangled Islet": 2890, "Thornwood Falls": 3003, "Meat Locker // Drowned Diner": 1825, "Giada, Font of Hope": 1178, "Archangel of Tithes": 104, "Resplendent Angel": 2344, "Lyra Dawnbringer": 1761, "Sigarda, Font of Blessings": 2603, "Angelic Intervention": 74, "Exemplar of Light": 932, "Loran's Escape": 1738, "Youthful Valkyrie": 3437, "Herald of Eternal Dawn_SB": 1369, "Tatyova, Steward of Tides": 2895, "Awaken the Woods": 158, "Joint Exploration": 1551, "Rampaging Baloths": 2263, "Invasion of Zendikar": 1515, "Portal to Phyrexia": 2178, "Omenpath Journey": 2029, "Clifftop Lookout": 508, "Bonny Pall, Clearcutter": 284, "Poison Dart Frog": 2166, "Mossborn Hydra": 1917, "Doubling Season": 767, "Long Goodbye": 1727, "Liliana, Dreadhorde General": 1706, "The Eternal Wanderer": 2946, "Teferi, Temporal Pilgrim": 2902, "Rona's Vortex_SB": 2411, "White Sun's Twilight_SB": 3384, "Break the Spell_SB": 334, "Migloz, Maze Crusher_SB": 1853, "Aetherize_SB": 28, "Under the Skin": 3160, "Seraphic Steed": 2548, "Hulking Raptor": 1432, "Spinewoods Armadillo": 2724, "Vorinclex": 3332, "Cavern of Souls_SB": 446, "Fountainport_SB": 1107, "Goldvein Hydra_SB": 1245, "Meticulous Excavation_SB": 1844, "Cheeky House-Mouse": 479, "Rabid Gnaw": 2233, "Raging Battle Mouse": 2247, "Valley Questcaller": 3245, "Loran's Escape_SB": 1739, "Zoraline, Cosmos Caller": 3452, "Ossification": 2048, "Ossification_SB": 2049, "Enduring Innocence_SB": 884, "The Witch's Vanity_SB": 2989, "Ill-Timed Explosion_SB": 1448, "Zoraline, Cosmos Caller_SB": 3453, "Abrade": 4, "Arcane Proxy": 100, "Teferi, Temporal Pilgrim_SB": 2903, "Lay Down Arms_SB": 1662, "Valley Floodcaller_SB": 3243, "Betrayer's Bargain": 210, "Corrupted Conviction": 573, "Furnace Reins": 1132, "Undead Sprinter_SB": 3159, "Spinner of Souls": 2727, "Murky Sewer": 1933, "Neglected Manor": 1955, "Cenote Scout": 453, "Deeproot Pilgrimage": 672, "Deeproot Wayfinder": 673, "Mistway Spy": 1879, "Vodalian Hexcatcher": 3313, "Serra Paragon": 2549, "Realmbreaker, the Invasion Tree": 2290, "Cease // Desist_SB": 450, "Metropolis Reformer_SB": 1846, "Atraxa, Grand Unifier_SB": 145, "Audacity": 146, "Might of the Meek_SB": 1851, "Phantom Interference_SB": 2122, "Seeker's Folly_SB": 2537, "Wildborn Preserver": 3387, "Heartflame Duelist": 1350, "Norn's Inquisitor": 1989, "Crystal Grotto": 609, "Sunder the Gateway_SB": 2830, "Pia Nalaar, Consul of Revival": 2140, "Case of the Crimson Pulse": 416, "Invasion of Kaldheim": 1506, "Doomsday Excruciator_SB": 763, "Rona, Herald of Invasion": 2412, "Jodah, the Unifier": 1547, "Myrel, Shield of Argive": 1937, "Hajar, Loyal Bodyguard": 1302, "Ruby, Daring Tracker": 2424, "Halana and Alena, Partners": 1304, "Inga and Esika": 1468, "Gwenna, Eyes of Gaea": 1301, "Jirina, Dauntless General": 1545, "Elas il-Kor, Sadistic Pilgrim": 847, "Melira, the Living Cure": 1831, "Relic of Legends": 2326, "Hajar, Loyal Bodyguard_SB": 1303, "Etali, Primal Conqueror_SB": 921, "Elesh Norn_SB": 858, "Surrak and Goreclaw_SB": 2853, "Getaway Glamer_SB": 1164, "Bottomless Pool // Locker Room": 303, "Nashi, Searcher in the Dark_SB": 1948, "Viashino Pyromancer": 3287, "Heartflame Duelist_SB": 1351, "Bilious Skulldweller": 214, "Fynn, the Fangbearer": 1134, "Infectious Bite": 1462, "Vraska Joins Up": 3337, "Bloated Contaminator": 242, "Darkstar Augur": 634, "Tyvar's Stand": 3144, "Necrogen Communion": 1951, "Thirsting Roots_SB": 2994, "Swiftfoot Boots_SB": 2861, "Vraska, Betrayal's Sting_SB": 3341, "Fear of Impostors": 995, "Defabricate_SB": 675, "Twist Reality_SB": 3131, "Charming Scoundrel": 475, "Twisted Fealty": 3132, "Spellgyre": 2715, "Armored Armadillo": 122, "Toadstool Admirer": 3067, "Guardian of New Benalia": 1294, "Unflinching Courage": 3173, "Pest Control": 2117, "Legions to Ashes_SB": 1674, "Cult Conscript": 610, "Forsaken Miner": 1098, "Heraldic Banner": 1370, "Gatekeeper of Malakir": 1150, "Defiled Crypt // Cadaver Lab": 683, "Heraldic Banner_SB": 1371, "Defiled Crypt // Cadaver Lab_SB": 684, "Drannith Ruins": 799, "Karn's Sylex_SB": 1572, "Curate": 614, "Ephara's Dispersal": 900, "The Stone Brain": 2980, "Bandit's Talent": 175, "High Noon_SB": 1399, "Misery's Shadow": 1869, "Hostile Investigator": 1425, "Decadent Dragon_SB": 664, "Dollmaker's Shop // Porcelain Gallery": 758, "Vein Ripper": 3266, "Obstinate Baloth_SB": 2013, "Doppelgang": 765, "Invasion of Arcavios": 1498, "Viashino Pyromancer_SB": 3288, "Aegis Turtle": 22, "Enter the Enigma": 896, "Venerated Rotpriest_SB": 3270, "Ivy, Gleeful Spellthief_SB": 1527, "Silent Hallcreeper_SB": 2606, "Immersturm Predator": 1449, "Laughing Jasper Flint": 1656, "Jaya, Fiery Negotiator": 1539, "The Cruelty of Gix_SB": 2939, "Corpses of the Lost": 568, "Thought-Stalker Warlock_SB": 3007, "Lightning Strike_SB": 1700, "Ral, Crackling Wit": 2260, "Rite of the Dragoncaller": 2384, "Horned Loch-Whale": 1420, "Grabby Giant": 1254, "Horned Loch-Whale_SB": 1421, "Feldon's Cane_SB": 1018, "Fires of Victory": 1055, "Brass's Tunnel-Grinder": 320, "Virtue of Knowledge_SB": 3300, "Pugnacious Hammerskull": 2207, "Shoot the Sheriff_SB": 2590, "Regal Caracal": 2319, "Arahbo, the First Fang": 96, "Gisa, the Hellraiser": 1192, "Sword of Once and Future": 2866, "Dragon Fodder": 779, "Goblin Surprise": 1239, "Sunspine Lynx": 2839, "Fear of Impostors_SB": 996, "Helpful Hunter": 1365, "Phyrexian Fleshgorger_SB": 2133, "Seal from Existence": 2515, "Fell": 1024, "Battlefly Swarm": 196, "Drake Hatcher": 793, "Broodspinner": 355, "Green Sun's Twilight": 1273, "Solemn Simulacrum": 2674, "Massacre Wurm": 1817, "Ghalta, Stampede Tyrant": 1169, "Etali, Primal Conqueror": 920, "Conduit Pylons": 540, "Live or Die": 1714, "Valgavoth's Faithful": 3231, "Maha, Its Feathers Night_SB": 1782, "Beastie Beatdown": 198, "Roxanne, Starfall Savant": 2419, "Annie Joins Up": 83, "Huatli, Poet of Unity": 1429, "Dragonhawk, Fate's Tempest": 788, "Fortune, Loyal Steed": 1101, "Ego Drain": 843, "Invasion of Amonkhet_SB": 1497, "Thalia and The Gitrog Monster": 2933, "Surgical Suite && Hospital Room_SB": 2849, "Mindsplice Apparatus": 1856, "Silver Scrutiny": 2608, "Breach the Multiverse": 326, "Bonehoard Dracosaur": 282, "Molten Collapse": 1887, "Archangel of Tithes_SB": 105, "Island_SB": 1523, "Dissection Tools": 741, "Proft's Eidetic Memory": 2194, "Drag to the Roots": 777, "Glarb, Calamity's Augur": 1206, "Insidious Fungus": 1476, "Muldrotha, the Gravetide": 1927, "Scrapshooter_SB": 2501, "Urgent Necropsy_SB": 3222, "Entity Tracker_SB": 899, "Rebel Salvo_SB": 2294, "Aether Channeler": 24, "Assimilation Aegis_SB": 138, "Final Showdown": 1045, "Turn Inside Out_SB": 3123, "Defiled Crypt && Cadaver Lab": 681, "Exuberant Fuseling": 953, "Overlord of the Balemurk_SB": 2067, "Thundertrap Trainer_SB": 3045, "Abuelo's Awakening": 8, "Confounding Riddle": 543, "Kitsa, Otterball Elite_SB": 1613, "Rona, Herald of Invasion_SB": 2413, "Season of Weaving_SB": 2526, "Unnerving Grasp_SB": 3189, "Calix, Guided by Fate": 392, "Fear of Surveillance": 1004, "Ruin-Lurker Bat": 2426, "Exorcise": 934, "Wilt-Leaf Liege_SB": 3393, "Tender Wildguide": 2921, "Parting Gust_SB": 2098, "Refute": 2315, "Painter's Studio // Defaced Gallery_SB": 2092, "Grand Entryway // Elegant Rotunda": 1260, "Skrelv, Defector Mite_SB": 2629, "Palani's Hatcher": 2094, "Temple of Abandon": 2907, "Temple of Malady": 2911, "Blasphemous Edict_SB": 230, "Agrus Kos, Spirit of Justice": 37, "Muerra, Trash Tactician": 1926, "The Irencrag": 2955, "Insatiable Avarice": 1474, "Kaya, Intangible Slayer": 1578, "Ashiok, Wicked Manipulator": 130, "Perforating Artist": 2112, "Temple of Silence": 2915, "Betrayer's Bargain_SB": 211, "Sawblade Skinripper": 2475, "Cosmic Rebirth": 578, "Kellan's Lightblades_SB": 1589, "Squirming Emergence": 2748, "Lumra, Bellow of the Woods": 1754, "Wail of the Forgotten": 3345, "Terror Tide": 2925, "Undead Sprinter": 3158, "At Knifepoint_SB": 142, "Caught in the Crossfire_SB": 437, "Monstrous Rage_SB": 1910, "Essence Channeler": 915, "Amalia Benavides Aguirre": 56, "Lunar Convocation": 1755, "Case of the Uneaten Feast": 427, "Raise the Past": 2249, "Scoured Barrens": 2499, "Unwanted Remake_SB": 3204, "Smuggler's Surprise_SB": 2667, "Don't Make a Sound": 760, "Sheoldred_SB": 2574, "Distorted Curiosity": 743, "Whisper of the Dross": 3381, "Bring the Ending": 343, "Drown in Ichor": 809, "Prologue to Phyresis": 2199, "Vraska's Fall_SB": 3339, "Blasphemous Edict": 229, "Bottomless Pool // Locker Room_SB": 304, "The Princess Takes Flight_SB": 2969, "Anim Pakal, Thousandth Moon_SB": 77, "Adaptive Automaton": 18, "Three Tree Mascot": 3027, "Phyrexian Obliterator": 2136, "Tail Swipe": 2878, "Hunter's Talent_SB": 1435, "Mechanized Warfare": 1828, "Cankerbloom": 401, "Broodspinner_SB": 356, "Cankerbloom_SB": 402, "Elenda, Saint of Dusk": 853, "Starscape Cleric": 2763, "Terror Tide_SB": 2926, "Hauntwoods Shrieker": 1336, "Valgavoth's Onslaught": 3234, "Balustrade Wurm_SB": 173, "Phyrexian Vindicator": 2138, "The Seedcore": 2973, "Mischievous Mystic": 1868, "Rankle's Prank": 2269, "Lord Skitter, Sewer King": 1741, "Twitching Doll": 3135, "Vinereap Mentor": 3291, "Zul Ashur, Lich Lord": 3455, "Garruk's Uprising": 1142, "Defiler of Flesh": 686, "Vampire Nighthawk_SB": 3255, "Kraul Whipcracker_SB": 1634, "Vinereap Mentor_SB": 3292, "Pick Your Poison": 2141, "Filter Out_SB": 1043, "Vengeful Possession_SB": 3275, "Invasion of Tolvada": 1514, "High Noon": 1398, "No One Left Behind": 1982, "Restless Reef_SB": 2357, "Lost Jitte": 1743, "Invasion of Gobakhan": 1502, "Darkstar Augur_SB": 635, "Dreadmaw's Ire": 800, "Felonious Rage": 1026, "Manifold Mouse_SB": 1797, "Long River's Pull_SB": 1730, "Soul Search_SB": 2687, "Case of the Gateway Express_SB": 420, "Finneas, Ace Archer": 1051, "Kambal, Profiteering Mayor": 1566, "Skrelv's Hive": 2626, "Kambal, Profiteering Mayor_SB": 1567, "Kaya, Spirits' Justice_SB": 1581, "Oko, the Ringleader_SB": 2023, "Ivy, Gleeful Spellthief": 1526, "Invasion of Theros": 1513, "Marchesa, Dealer of Death": 1803, "Annie Flash, the Veteran_SB": 82, "Jirina, Dauntless General_SB": 1546, "Sun-Blessed Healer_SB": 2826, "Wear Down_SB": 3372, "Nashi, Searcher in the Dark": 1947, "Defiled Crypt && Cadaver Lab_SB": 682, "Dust Animus_SB": 823, "Crumb and Get It": 598, "Feed the Cycle_SB": 1014, "Annex Sentry": 80, "Slaughter Singer": 2649, "Jawbone Duelist": 1538, "Getaway Glamer": 1163, "Crawling Chorus": 591, "Fleeting Flight_SB": 1069, "Divine Resilience_SB": 755, "Trash the Town_SB": 3101, "Bulk Up": 365, "Pugnacious Hammerskull_SB": 2208, "Felidar Retreat": 1022, "Giant Growth": 1182, "Hinterland Sanctifier": 1402, "Ajani's Pridemate": 39, "Lifecreed Duo": 1693, "Disenchant_SB": 731, "Quick Draw_SB": 2227, "Demolition Field_SB": 692, "Kona, Rescue Beastie": 1629, "Aetherize": 27, "Citanul Stalwart": 493, "Rune-Scarred Demon": 2433, "Time Stop": 3047, "Massacre Wurm_SB": 1818, "River's Rebuke_SB": 2389, "Prophetic Prism": 2201, "Wishclaw Talisman_SB": 3403, "Coveted Falcon_SB": 585, "Swooping Lookout": 2863, "Long River's Pull": 1729, "Abraded Bluffs": 6, "Blooming Blast": 261, "Combat Research": 533, "Recruitment Officer_SB": 2305, "Cultivator's Caravan": 611, "Scene of the Crime": 2493, "Demonic Ruckus_SB": 699, "Impact Tremors_SB": 1453, "Candy Trail": 400, "Conspiracy Unraveler": 549, "Matzalantli, the Great Door": 1819, "Reenact the Crime": 2313, "Magebane Lizard_SB": 1774, "One with the Multiverse": 2033, "Walk with the Ancestors": 3346, "Strangled Cemetery": 2809, "Meathook Massacre II_SB": 1827, "Phyrexian Arena_SB": 2128, "Thundering Falls_SB": 3041, "Coiling Rebirth": 516, "Hunter's Talent": 1434, "Hostile Investigator_SB": 1426, "Kaito, Dancing Shadow_SB": 1564, "Anim Pakal, Thousandth Moon": 76, "Razorkin Needlehead": 2281, "Razorkin Needlehead_SB": 2282, "Intrepid Paleontologist": 1493, "Ghalta, Primal Hunger": 1167, "Triumphant Chomp": 3112, "Ixalli's Lorekeeper": 1528, "Bolt Bend_SB": 275, "Highway Robbery_SB": 1401, "Dreadmaw's Ire_SB": 801, "Smash to Dust_SB": 2662, "Ayli, Eternal Pilgrim": 162, "Surge Engine": 2843, "Repulsive Mutation": 2337, "Monstrous Emergence": 1907, "Repulsive Mutation_SB": 2338, "Sylvan Scavenging_SB": 2872, "Black Sun's Twilight": 224, "The Enigma Jewel": 2945, "Shipwreck Dowser": 2578, "Starfall Invocation": 2760, "Disturbing Conversion": 746, "Eerie Interference_SB": 842, "Builder's Talent_SB": 364, "Abuelo's Awakening_SB": 9, "Lively Dirge": 1715, "Urborg Scavengers": 3216, "Zetalpa, Primal Dawn": 3444, "Wishclaw Talisman": 3402, "Vaultborn Tyrant_SB": 3264, "Feldon's Cane": 1017, "Treasure Map": 3104, "Neutralize the Guards": 1962, "Ghost Vacuum": 1174, "Bloodletter of Aclazotz_SB": 254, "Obstinate Baloth": 2012, "Ball Lightning": 169, "Overlord of the Boilerbilges_SB": 2069, "Founding the Third Path_SB": 1103, "Satoru, the Infiltrator": 2471, "Archfiend of the Dross_SB": 111, "Etched Cornfield": 923, "Errant and Giada": 905, "Plumecreed Escort_SB": 2164, "Wilt-Leaf Liege": 3392, "Axebane Ferox_SB": 160, "Gumdrop Poisoner_SB": 1300, "Charge of the Mites": 472, "Expel the Interlopers": 937, "Annex Sentry_SB": 81, "Vraska, the Silencer": 3342, "Binding Negotiation": 215, "Kaervek, the Punisher": 1558, "Festering Gulch": 1031, "Arid Archway": 120, "Bramble Familiar": 314, "Felonious Rage_SB": 1027, "Evangel of Synthesis": 928, "Sphinx of the Final Word_SB": 2720, "Temple of Malice": 2912, "Homicide Investigator_SB": 1413, "Bartolom\u00e9 del Presidio": 186, "Funeral Room // Awakening Hall": 1127, "Market Gnome": 1807, "Nezumi Linkbreaker": 1968, "Infestation Sage": 1466, "Outlaw Medic": 2057, "Vengeful Bloodwitch": 3272, "Pillage the Bog_SB": 2151, "Rip, Spawn Hunter": 2377, "Legion Extruder": 1670, "Thousand Moons Smithy_SB": 3011, "Blightbelly Rat": 239, "Vraska's Fall": 3338, "Infectious Inquiry": 1464, "Unnatural Restoration": 3186, "Whisper of the Dross_SB": 3382, "Overprotect_SB": 2077, "Carnivorous Canopy_SB": 412, "Fecund Greenshell": 1011, "Dawn's Truce_SB": 639, "Gleaming Geardrake": 1214, "Dowsing Device": 770, "Demand Answers": 690, "Syr Ginger, the Meal Ender": 2875, "The Mycosynth Gardens": 2966, "Saheeli, Filigree Master": 2452, "Saheeli, Filigree Master_SB": 2453, "Kaito, Dancing Shadow": 1563, "Sire of Seven Deaths_SB": 2620, "The Tale of Tamiyo": 2985, "Contaminated Aquifer": 553, "The Dross Pits": 2940, "The Surgical Bay": 2982, "Case of the Ransacked Lab": 424, "Ertai's Scorn_SB": 910, "Scrawling Crawler": 2503, "Dawn's Truce": 638, "Final Showdown_SB": 1046, "Hollow Scavenger": 1411, "Night of the Sweets' Revenge": 1970, "Genesis Wave": 1155, "Archdruid's Charm_SB": 109, "Boros Charm_SB": 294, "Seized from Slumber_SB": 2542, "Colossal Rattlewurm": 528, "Freestrider Lookout": 1108, "Gaea's Gift": 1136, "Trash the Town": 3100, "Witness Protection_SB": 3412, "Banishing Light_SB": 178, "Imprisoned in the Moon_SB": 1456, "Inquisitive Glimmer_SB": 1473, "Refute_SB": 2316, "Hugs, Grisly Guardian": 1430, "Kogla and Yidaro": 1622, "Persistent Marshstalker": 2116, "Karumonix, the Rat King": 1577, "Lilypad Village": 1708, "Argentum Masticore": 117, "Hedron Archive": 1356, "Hall of Tagsin": 1307, "Tomakul Honor Guard": 3076, "Knight of Grace": 1617, "Argentum Masticore_SB": 118, "Choking Miasma": 484, "Buried in the Garden": 370, "Bristly Bill, Spine Sower": 349, "Tyvar, the Pummeler": 3147, "Polukranos Reborn": 2172, "Bite Down": 218, "Bite Down_SB": 219, "Untimely Malfunction": 3201, "Niv-Mizzet, Supreme": 1978, "Blazing Crescendo_SB": 235, "Chainsaw": 458, "Captain Storm, Cosmium Raider": 407, "Corsair Captain": 575, "Malcolm, the Eyes": 1790, "Staunch Crewmate": 2771, "Lost Jitte_SB": 1744, "Lonely Arroyo": 1726, "The Millennium Calendar_SB": 2964, "Ruin-Lurker Bat_SB": 2427, "Leonin Vanguard_SB": 1677, "Veteran Survivor_SB": 3283, "Eaten by Piranhas_SB": 837, "Kiora, the Rising Tide_SB": 1606, "Phyrexian Arena": 2127, "Stormsplitter": 2807, "Ral's Reinforcements": 2259, "Corrupted Conviction_SB": 574, "Kogla and Yidaro_SB": 1623, "Deadly Brew_SB": 650, "Rat Out_SB": 2271, "Lich-Knights' Conquest": 1691, "Gix, Yawgmoth Praetor_SB": 1200, "Greta, Sweettooth Scourge": 1279, "Sweettooth Witch": 2858, "Experimental Confectioner": 940, "Mintstrosity": 1860, "Scream Puff": 2505, "Gingerbread Hunter": 1189, "Back for Seconds": 167, "Welcome to Sweettooth": 3376, "Spider Food": 2721, "Feed the Cauldron": 1012, "Return from the Wilds": 2369, "Savor": 2474, "Three Bowls of Porridge": 3023, "Eriette's Tempting Apple": 903, "Not Dead After All_SB": 1992, "Sugar Rush_SB": 2822, "Candy Grapple_SB": 399, "Hero's Downfall_SB": 1381, "Fell_SB": 1025, "Murder_SB": 1931, "Cheeky House-Mouse_SB": 480, "Rogue's Passage": 2405, "Burrowguard Mentor": 376, "Dryad Militant": 812, "Trostani, Three Whispers": 3115, "Hop to It": 1415, "Oakhollow Village": 2004, "Pollen-Shield Hare": 2168, "Seasoned Warrenguard": 2530, "Valley Mightcaller": 3244, "Kutzil, Malamet Exemplar_SB": 1646, "Necrogen Rotpriest": 1952, "Contagious Vorrac": 552, "Armored Scrapgorger_SB": 125, "Forest_SB": 1094, "Invasion of Fiora_SB": 1501, "An Offer You Can't Refuse": 62, "Invasion of Amonkhet": 1496, "Malcolm, Alluring Scoundrel_SB": 1789, "The Monumental Facade": 2965, "Solphim, Mayhem Dominus": 2676, "Sardian Cliffstomper": 2467, "Magmatic Sprinter": 1778, "Churning Reservoir": 488, "Sardian Cliffstomper_SB": 2468, "Monastery Swiftspear_SB": 1904, "Magmatic Sprinter_SB": 1779, "Churning Reservoir_SB": 489, "Zoyowa's Justice": 3454, "Trial of Agony": 3107, "Ojer Axonil, Deepest Might": 2019, "Generous Plunderer": 1154, "Brazen Collector": 325, "Firebrand Archer": 1052, "Leyline of Resonance_SB": 1684, "Fugitive Codebreaker_SB": 1123, "Ancestors' Aid_SB": 68, "Slickshot Show-Off_SB": 2660, "Dwynen's Elite": 829, "Leaf-Crowned Visionary": 1666, "Elvish Archdruid": 868, "Imperious Perfect": 1454, "Lathril, Blade of the Elves": 1654, "Tyvar the Bellicose": 3143, "Gaea's Gift_SB": 1137, "Give In to Violence_SB": 1196, "Cityscape Leveler_SB": 495, "Nahiri's Resolve_SB": 1943, "Scrapwork Mutt": 2502, "Repel Calamity_SB": 2336, "Abandoned Campground": 1, "Kitnap_SB": 1611, "Braids, Arisen Nightmare_SB": 312, "Obyra, Dreaming Duelist": 2014, "Knight of Dusk's Shadow_SB": 1616, "Union of the Third Path": 3181, "Delney, Streetwise Lookout": 688, "Hare Apparent": 1322, "No Witnesses": 1984, "Stroke of Midnight": 2814, "Impact Tremors": 1452, "Pile On": 2146, "Call a Surprise Witness": 393, "Giant Cindermaw_SB": 1181, "Micromancer": 1847, "Rattleback Apothecary": 2274, "Ygra, Eater of All": 3433, "Vampire Nighthawk": 3254, "Ankle Biter": 79, "Axebane Ferox": 159, "Maha, Its Feathers Night": 1781, "Massacre Girl, Known Killer": 1815, "Daggerfang Duo": 624, "Moonstone Harbinger": 1915, "Pestilent Syphoner": 2119, "Hoarding Recluse": 1408, "Deathbloom Gardener": 658, "Drown in Ichor_SB": 810, "Ghired, Mirror of the Wilds": 1170, "Portent of Calamity": 2180, "Bloodfeather Phoenix": 248, "Rakdos, the Muscle": 2255, "Rakdos, the Muscle_SB": 2256, "Rakdos Joins Up_SB": 2253, "Massacre Girl, Known Killer_SB": 1816, "Unyielding Gatekeeper": 3205, "Ghalta and Mavren": 1166, "Progenitus": 2197, "Manifest Dread": 1795, "Hide in Plain Sight": 1392, "Threats Around Every Corner": 3020, "Blossoming Sands": 266, "Evolving Wilds": 931, "Temple of Plenty": 2914, "Crystal Barricade": 607, "Green Sun's Twilight_SB": 1274, "Koma, World-Eater_SB": 1628, "Witness Protection": 3411, "Oblivious Bookworm": 2010, "Growing Dread": 1286, "Bubble Smuggler": 362, "Cryptid Inspector": 606, "Exit Specialist": 933, "Cursed Windbreaker": 619, "Break Down the Door": 330, "Surrak and Goreclaw": 2852, "Hard-Hitting Question_SB": 1320, "Polukranos Reborn_SB": 2173, "Banner of Kinship": 179, "Hazardroot Herbalist": 1339, "Rabbit Response": 2231, "Treeguard Duo": 3105, "Uncharted Haven": 3156, "Warren Elder": 3360, "Head of the Homestead": 1343, "Head of the Homestead_SB": 1344, "Grab the Prize_SB": 1253, "Stroke of Midnight_SB": 2815, "Slagstorm": 2647, "Desecration Demon": 704, "Dragonmaster Outcast": 791, "Inspiring Overseer": 1480, "Vial Smasher, Gleeful Grenadier": 3285, "Magda, the Hoardmaster": 1772, "Hellspur Brute": 1361, "At Knifepoint": 141, "Tinybones, Bauble Burglar": 3054, "Hellspur Posse Boss": 1363, "Hellspur Brute_SB": 1362, "Cynical Loner_SB": 623, "Astor, Bearer of Blades": 139, "Bladehold War-Whip": 227, "Kellan, the Fae-Blooded": 1595, "Kemba, Kha Enduring": 1596, "Rebel Salvo": 2293, "Lavaspur Boots": 1659, "Swiftfoot Boots": 2860, "Sword of Forge and Frontier": 2864, "Astor, Bearer of Blades_SB": 140, "Hidetsugu and Kairi": 1394, "Consuming Aberration": 551, "Cease // Desist": 449, "Knight of Dusk's Shadow": 1615, "Soul-Guide Lantern": 2689, "Temple of Deceit": 2908, "No One Left Behind_SB": 1983, "Season of Gathering_SB": 2522, "Tocasia's Welcome": 3070, "Patchwork Banner": 2099, "Hop to It_SB": 1416, "Evolved Sleeper": 929, "Friendly Teddy": 1113, "Rankle's Prank_SB": 2270, "Consumed by Greed_SB": 550, "Razorlash Transmogrant_SB": 2284, "Dusk Legion Duelist": 819, "Stocking the Pantry": 2788, "Botanical Brawler": 299, "Tribute to the World Tree": 3109, "Railway Brawler": 2248, "Collector's Cage_SB": 523, "Render Inert": 2332, "Titania, Voice of Gaea": 3063, "Loot, Exuberant Explorer": 1732, "Guardian of Ghirapur": 1293, "Ruthless Lawbringer": 2440, "Felidar Retreat_SB": 1023, "Throne of the Grim Captain": 3032, "Desperate Bloodseeker": 706, "Rampaging Spiketail": 2266, "Barkform Harvester": 183, "Fae Flight_SB": 962, "Phoenix Chick": 2125, "Squee, Dubious Monarch_SB": 2747, "Blooming Blast_SB": 262, "Enduring Tenacity_SB": 886, "Rush of Dread_SB": 2437, "Insatiable Avarice_SB": 1475, "Kitesail Larcenist_SB": 1610, "Magebane Lizard": 1773, "Ravine Raider": 2279, "Valley Flamecaller": 3240, "Final Flourish_SB": 1044, "Time Stop_SB": 3048, "Drag the Canal_SB": 775, "Unnatural Restoration_SB": 3187, "Infectious Inquiry_SB": 1465, "Urborg Scavengers_SB": 3217, "Volcanic Spite": 3321, "Grab the Prize": 1252, "Taii Wakeen, Perfect Shot": 2877, "Unruly Catapult": 3190, "Glassworks // Shattered Yard_SB": 1211, "Samut, Vizier of Naktamun": 2458, "Rakdos Guildgate": 2251, "Izzet Guildgate": 1531, "Selesnya Guildgate": 2543, "Orzhov Guildgate": 2045, "Gruul Guildgate": 1289, "Boros Guildgate": 296, "Azorius Guildgate": 164, "Dimir Guildgate": 723, "Golgari Guildgate": 1247, "Maze's End": 1821, "Circuitous Route": 492, "Expedition Map": 936, "Tatyova, Benthic Druid": 2894, "Dust Animus": 822, "Tribute to the World Tree_SB": 3110, "Hulking Metamorph": 1431, "Rest in Peace": 2347, "Surge Engine_SB": 2844, "Fake Your Own Death": 973, "Invasion of Ergamon": 1500, "Break Out_SB": 332, "Flamewake Phoenix_SB": 1063, "Beastie Beatdown_SB": 199, "Primal Might": 2186, "Ego Drain_SB": 844, "Dwynen, Gilt-Leaf Daen": 830, "Scales of Shale_SB": 2484, "Hearthborn Battler_SB": 1354, "Vengeful Possession": 3274, "Rabid Gnaw_SB": 2234, "Repair and Recharge": 2335, "Step Between Worlds_SB": 2779, "Scrapshooter": 2500, "Hexgold Halberd": 1386, "Sporogenic Infection": 2739, "Skyfisher Spider": 2638, "Skyfisher Spider_SB": 2639, "Rakdos Joins Up": 2252, "Kroxa and Kunoros": 1640, "Festerleech": 1032, "Fallaji Archaeologist_SB": 975, "The Wandering Rescuer_SB": 2987, "Make Your Own Luck": 1784, "Worldwalker Helm": 3416, "Torch the Witness": 3081, "Detective's Satchel": 713, "Forensic Gadgeteer_SB": 1091, "Ice Out_SB": 1443, "Sun-Blessed Healer": 2825, "Oracle of Tragedy": 2039, "Tarrian's Journal": 2892, "Felidar Cub": 1020, "Knight-Errant of Eos_SB": 1620, "Dusk Rose Reliquary_SB": 821, "Ruthless Lawbringer_SB": 2441, "Felidar Cub_SB": 1021, "Banishing Light": 177, "Sharp-Eyed Rookie": 2564, "Evolving Adaptive": 930, "Garruk's Uprising_SB": 1143, "Unauthorized Exit": 3154, "Let's Play a Game_SB": 1679, "Chart a Course_SB": 478, "Peerless Recycling_SB": 2108, "Johann's Stopgap_SB": 1549, "Flow of Knowledge_SB": 1081, "Roaming Throne_SB": 2395, "Quintorius Kand_SB": 2230, "Soul Search": 2686, "Heroic Reinforcements_SB": 1384, "Surgical Suite && Hospital Room": 2848, "Razorlash Transmogrant": 2283, "Surgical Suite // Hospital Room": 2850, "Worldsoul's Rage": 3415, "Inspiration from Beyond": 1479, "Bonny Pall, Clearcutter_SB": 285, "Shrouded Shepherd": 2597, "Wandertale Mentor": 3349, "Vodalian Mindsinger_SB": 3314, "Llanowar Elves_SB": 1719, "Bonehoard Dracosaur_SB": 283, "Norin, Swift Survivalist": 1987, "Trapped in the Screen": 3098, "Ragged Playmate": 2245, "Trapped in the Screen_SB": 3099, "Ragged Playmate_SB": 2246, "Norin, Swift Survivalist_SB": 1988, "Splitskin Doll_SB": 2738, "Fear of Surveillance_SB": 1005, "Grand Entryway // Elegant Rotunda_SB": 1261, "Zurgo and Ojutai": 3458, "Dead Weight_SB": 648, "Think Twice_SB": 2991, "Fleeting Flight": 1068, "Take for a Ride_SB": 2884, "Boltwave_SB": 277, "Mosswood Dreadknight_SB": 1920, "Sheoldred": 2569, "Enduring Courage_SB": 880, "War Squeak_SB": 3352, "Spirebluff Canal_SB": 2730, "Chandra, Flameshaper_SB": 461, "Blazing Crescendo": 234, "Ajani, Sleeper Agent": 43, "Ajani, Sleeper Agent_SB": 44, "Fumigate": 1125, "Great Train Heist": 1270, "Fiendish Panda": 1036, "Ashnod's Harvester": 132, "Wardens of the Cycle": 3355, "Warhost's Frenzy": 3357, "Glimmerlight": 1217, "Geralf, the Fleshwright": 1157, "Geralf, the Fleshwright_SB": 1158, "Claim Jumper_SB": 498, "Mirrex_SB": 1864, "Tectonic Hazard": 2899, "Chainsaw_SB": 459, "Steamcore Scholar": 2773, "Vampire Gourmand": 3252, "Vraan, Executioner Thane": 3336, "Eaten Alive_SB": 836, "Wojek Investigator": 3413, "Rustler Rampage": 2438, "Calamity's Wake_SB": 389, "Recommission_SB": 2303, "Heroic Reinforcements": 1383, "Searslicer Goblin_SB": 2520, "Lost in the Maze_SB": 1746, "Herald of Eternal Dawn": 1368, "Stormchaser's Talent_SB": 2801, "Phyrexian Missionary": 2134, "Case of the Locked Hothouse_SB": 422, "Cactarantula": 385, "Stromkirk Noble": 2816, "Ojer Pakpatiq, Deepest Epoch": 2020, "Disturbing Conversion_SB": 747, "See Double_SB": 2533, "Enduring Vitality_SB": 888, "Koth, Fire of Resistance": 1631, "Lithomantic Barrage": 1712, "Audience with Trostani_SB": 147, "Leyline of the Void": 1688, "Sentinel of Lost Lore": 2544, "Virtue of Knowledge": 3299, "Wylie Duke, Atiin Hero": 3427, "Defiler of Dreams_SB": 685, "Stoke the Flames": 2793, "Urza's Sylex": 3226, "Volatile Fault_SB": 3320, "Omen Hawker": 2026, "Jagged Barrens": 1537, "Hired Claw_SB": 1405, "Valgavoth's Onslaught_SB": 3235, "Kutzil's Flanker": 1643, "Extraordinary Journey": 951, "Gold Pan": 1242, "Extraordinary Journey_SB": 952, "Nurturing Pixie_SB": 2001, "Elusive Otter": 866, "Pearl of Wisdom": 2105, "Moonshaker Cavalry": 1913, "Fear of Lost Teeth": 1001, "Horrid Vigor": 1422, "Flesh Burrower": 1070, "Let's Play a Game": 1678, "Winter's Intervention": 3398, "Grasping Longneck": 1262, "Wickerfolk Thresher": 3385, "Cackling Slasher": 382, "Fear of the Dark": 1006, "Balemurk Leech": 168, "Give In to Violence": 1195, "Innocuous Rat": 1471, "Bashful Beastie": 188, "Defiant Survivor": 679, "Meathook Massacre II": 1826, "Vile Mutilator": 3290, "Analyze the Pollen_SB": 66, "Anthem of Champions": 92, "Mistbreath Elder": 1875, "Bushwhack_SB": 380, "Mistbreath Elder_SB": 1876, "Realmbreaker's Grasp_SB": 2289, "Treeguard Duo_SB": 3106, "Stickytongue Sentinel_SB": 2783, "Sunshower Druid_SB": 2838, "Tumbleweed Rising_SB": 3117, "Polliwallop_SB": 2170, "Leyline of Transformation": 1686, "Saheeli's Lattice": 2451, "Hopeless Nightmare_SB": 1419, "Thrill of Possibility": 3030, "Etali, Primal Storm_SB": 922, "Corpses of the Lost_SB": 569, "Healer's Hawk": 1345, "Adamant Will": 17, "Dazzling Angel": 644, "Goldvein Pick": 1246, "Marauding Blight-Priest": 1801, "Moment of Triumph": 1895, "Pilfer": 2148, "Public Thoroughfare": 2206, "Roaming Throne": 2394, "Undying Malice": 3170, "Angel of Finality_SB": 73, "Cancel_SB": 398, "Opt_SB": 2035, "Requisition Raid": 2340, "Anointed Peacekeeper_SB": 91, "Connecting the Dots_SB": 546, "Idyllic Beachfront": 1446, "Invasion of Regatha": 1509, "Hidetsugu's Second Rite": 1396, "Deathcap Marionette": 659, "Jungle Hollow": 1557, "Urborg Repossession": 3214, "Voracious Varmint_SB": 3331, "Ambush Wolf_SB": 59, "Makeshift Binding": 1785, "Deadly Riposte_SB": 655, "Nettle Guard_SB": 1961, "Dismal Backwater": 734, "Pelakka Wurm": 2109, "Extract a Confession_SB": 950, "Soul-Shackled Zombie_SB": 2692, "Unauthorized Exit_SB": 3155, "Jump Scare_SB": 1556, "Progenitus_SB": 2198, "Dewdrop Cure": 719, "Harvestrite Host": 1329, "Family Reunion_SB": 976, "Hinterland Sanctifier_SB": 1403, "Planar Disruption_SB": 2160, "Cut Short_SB": 622, "Annihilating Glare": 85, "Fanatical Offering": 979, "Sword of Wealth and Power": 2868, "Pilfer_SB": 2149, "Empyrean Eagle": 873, "Tranquil Cove": 3092, "Griffnaut Tracker_SB": 1282, "Shroudstomper": 2599, "Lassoed by the Law": 1651, "Mabel's Mettle": 1764, "The Huntsman's Redemption": 2952, "Cunning Coyote": 612, "Skulduggery": 2630, "Skulduggery_SB": 2631, "Beseech the Mirror_SB": 207, "Dead Weight": 647, "Minor Misstep": 1858, "Hopeful Vigil": 1417, "Restricted Office // Lecture Hall": 2365, "Central Elevator // Promising Stairs": 454, "Creeping Peeper": 592, "Underwater Tunnel // Slimy Aquarium": 3169, "Erratic Apparition": 906, "Dazzling Theater // Prop Room": 646, "Fear of Falling": 994, "Fear of Abduction": 990, "Lionheart Glimmer": 1710, "Gremlin Tamer_SB": 1278, "Tunnel Surveyor_SB": 3121, "Stalked Researcher_SB": 2756, "Guide of Souls": 1295, "Ocelot Pride": 2015, "Ragavan, Nimble Pilferer": 2243, "Ajani, Nacatl Pariah": 42, "Phlage, Titan of Fire's Fury": 2124, "Galvanic Discharge": 1140, "Thraben Charm": 3012, "Static Prison": 2768, "Goblin Bombardment": 1232, "Arena of Glory": 116, "Arid Mesa": 121, "Flooded Strand": 1072, "Marsh Flats": 1812, "Sacred Foundry": 2446, "Fable of the Mirror-Breaker": 956, "Showdown of the Skalds": 2594, "Windswept Heath": 3397, "Fear, Fire, Foes!_SB": 1007, "Orim's Chant_SB": 2042, "Surgical Extraction_SB": 2847, "Drannith Magistrate_SB": 798, "Stony Silence_SB": 2795, "Wear // Tear_SB": 3371, "Showdown of the Skalds_SB": 2595, "Obsidian Charmaw_SB": 2011, "Polluted Delta": 2171, "Scalding Tarn": 2480, "Misty Rainforest": 1880, "Bloodstained Mire": 256, "Watery Grave": 3367, "Steam Vents": 2772, "Sink into Stupor": 2616, "Spell Snare": 2711, "Unearth": 3171, "Thoughtseize": 3008, "Fatal Push": 984, "Faithless Looting": 972, "Tamiyo, Inquisitive Student": 2889, "Psychic Frog": 2205, "Counterspell": 583, "Persist": 2115, "Force of Negation": 1087, "Brazen Borrower": 323, "Archon of Cruelty": 113, "Nihil Spellbomb_SB": 1973, "Consign to Memory_SB": 548, "Harbinger of the Seas_SB": 1316, "Stern Scolding_SB": 2782, "Fable of the Mirror-Breaker_SB": 957, "Blazing Rootwalla": 236, "Burning Inquiry": 372, "Detective's Phoenix": 712, "Flameblade Adept": 1059, "Goblin Lore": 1236, "Hollow One": 1410, "Lightning Bolt": 1696, "Stomping Ground": 2794, "Street Wraith": 2812, "Vengevine": 3276, "Wooded Foothills": 3414, "Cursed Totem_SB": 618, "Meltdown_SB": 1833, "Barbarian Ring": 181, "Sunbaked Canyon": 2827, "Eidolon of the Great Revel": 845, "Goblin Guide": 1235, "Lava Spike": 1658, "Rift Bolt": 2373, "Searing Blaze": 2517, "Skewer the Critics": 2622, "Skullcrack": 2634, "Flare of Duplication": 1064, "Smash to Smithereens_SB": 2663, "Faerie Macabre_SB": 967, "Ensnaring Bridge_SB": 894, "Primeval Titan": 2189, "Arboreal Grazer": 99, "Dryad of the Ilysian Grove": 814, "Dryad Arbor": 811, "Amulet of Vigor": 61, "Summoner's Pact": 2824, "Green Sun's Zenith": 1275, "Explore": 943, "Scapeshift": 2485, "Boseiju, Who Endures": 297, "Crumbling Vestige": 600, "Lotus Field": 1747, "Gruul Turf": 1291, "Simic Growth Chamber": 2612, "Hanweir Battlements": 1313, "Echoing Deeps": 838, "Mirrorpool": 1867, "Shifting Woodland": 2575, "Otawara, Soaring City": 2052, "Urza's Saga": 3225, "Valakut, the Molten Pinnacle": 3230, "Vesuva": 3278, "Tolaria West": 3072, "Urza's Cave": 3223, "Bojuka Bog_SB": 274, "Defense Grid_SB": 678, "Endurance_SB": 878, "Force of Vigor_SB": 1088, "Dismember_SB": 735, "Tireless Tracker_SB": 3058, "Vampires' Vengeance_SB": 3256, "Collector Ouphe_SB": 521, "Indomitable Creativity": 1459, "Prismatic Ending": 2192, "Wrenn and Six": 3423, "Blood Crypt": 244, "Xander's Lounge": 3428, "Jetmir's Garden": 1544, "Dwarven Mine": 828, "Boseiju, Who Endures_SB": 298, "Toxic Deluge_SB": 3088, "Hurkyl's Recall_SB": 1436, "Damping Sphere_SB": 628, "Cling to Dust": 509, "Harbinger of the Seas": 1315, "Murktide Regent": 1932, "Preordain": 2185, "Thought Scour": 3005, "Engineered Explosives_SB": 891, "Mystical Dispute_SB": 1940, "Spell Pierce_SB": 2710, "The Meathook Massacre_SB": 2961, "Orcish Bowmasters": 2041, "Godless Shrine": 1241, "Seasoned Pyromancer": 2529, "Phelia, Exuberant Shepherd": 2123, "Wrath of the Skies_SB": 3419, "Thoughtseize_SB": 3009, "Legion Loyalist": 1672, "Goblin Bushwhacker": 1233, "Devastating Summons": 715, "Reckless Bushwhacker": 2295, "Goblin Grenade": 1234, "Goblin Piledriver": 1238, "Mogg War Marshal": 1884, "Skirk Prospector": 2623, "Foundry Street Denizen": 1104, "Den of the Bugbear": 700, "Sokenzan, Crucible of Defiance": 2673, "Tormod's Crypt_SB": 3083, "Shattering Spree_SB": 2566, "Blood Moon_SB": 246, "Magus of the Moon_SB": 1780, "Reality Hemorrhage_SB": 2287, "Ziatora's Proving Ground": 3446, "Veil of Summer_SB": 3265, "Terastodon_SB": 2922, "Consider": 547, "Graveyard Trespasser": 1264, "Exquisite Firecraft_SB": 945, "Searing Blood_SB": 2518, "Tunnel Ignus_SB": 3119, "Vexing Bauble": 3284, "Hexdrinker_SB": 1385, "Colossal Skyturtle_SB": 529, "Generous Ent_SB": 1153, "Grist, the Hunger Tide_SB": 1285, "Chained to the Rocks": 456, "Chained to the Rocks_SB": 457, "Ragavan, Nimble Pilferer_SB": 2244, "Chrome Host Seedshark": 486, "Corrupt": 572, "Ruthless Negotiation": 2442, "Seeker's Folly": 2536, "Lukka, Bound to Ruin_SB": 1749, "Giant Growth_SB": 1183, "Duelist of the Mind": 815, "Over the Edge_SB": 2062, "Poison Dart Frog_SB": 2167, "Talion, the Kindly Lord": 2888, "Slice from the Shadows": 2655, "Bloodfell Caves": 250, "Come Back Wrong": 535, "Glassworks // Shattered Yard": 1210, "Beamtown Beatstick": 197, "Diamond Pick-Axe": 722, "Sunfire Torch": 2833, "Celestial Armor": 451, "Carrot Cake_SB": 415, "Edgewall Inn": 841, "Grievous Wound_SB": 1281, "Goliath Hatchery_SB": 1249, "Cathartic Parting_SB": 436, "Balmor, Battlemage Captain": 171, "Stormcatch Mentor": 2799, "Bria, Riptide Rogue": 338, "Freeze in Place": 1109, "Relic's Roar": 2329, "Run Away Together_SB": 2429, "Scalding Viper_SB": 2482, "Harrier Strix": 1326, "Snaremaster Sprite": 2670, "Living Phone": 1717, "Hardened Escort": 1321, "Unsettling Twins": 3192, "The Jolly Balloon Man": 2956, "Holy Cow": 1412, "Unsettling Twins_SB": 3193, "Raccoon Rallier_SB": 2235, "Feather of Flight_SB": 1010, "Rogue's Passage_SB": 2406, "Possessed Goat_SB": 2181, "The Jolly Balloon Man_SB": 2957, "Giant Cindermaw": 1180, "Hammerhand_SB": 1312, "Heartfire Hero_SB": 1348, "Inti, Seneschal of the Sun_SB": 1485, "Pests of Honor": 2120, "Nettle Guard": 1960, "Three Blind Mice": 3021, "Emberheart Challenger_SB": 871, "Dauntless Dismantler_SB": 637, "Phoenix Chick_SB": 2126, "Gleaming Barrier": 1212, "Painful Quandary": 2087, "Gleaming Barrier_SB": 1213, "Solemn Simulacrum_SB": 2675, "Fear of Being Hunted": 991, "Twinferno_SB": 3126, "Sure Strike_SB": 2842, "Mirran Banesplitter": 1862, "Heartfire Immolator": 1349, "Dwarven Forge-Chanter": 827, "Whiskerquill Scribe": 3379, "Sure Strike": 2841, "Ghitu Amplifier": 1171, "Furious Bellow": 1129, "Ancestors' Aid": 67, "Keldon Flamesage": 1586, "Brambleguard Captain": 316, "Johann, Apprentice Sorcerer": 1550, "Kraum, Violent Cacophony": 1635, "Razzle-Dazzler": 2286, "Vesuvan Drifter": 3279, "Thopter Mechanic": 2999, "Nightwhorl Hermit": 1972, "Iron-Fist Pulverizer": 1520, "Pyrotechnic Performer": 2218, "Fear of Burning Alive": 993, "Swiftwater Cliffs": 2862, "Molten Tributary": 1892, "Peculiar Lighthouse": 2106, "Restless Spire": 2360, "Fiery Annihilation": 1039, "Defabricate": 674, "Seize the Secrets": 2539, "Aspirant's Ascent": 134, "Stop Cold": 2796, "Mishra's Command_SB": 1872, "Plan the Heist_SB": 2159, "Sleight of Hand_SB": 2654, "Kellan, Planar Trailblazer_SB": 1594, "Trick Shot_SB": 3111, "Violent Urge_SB": 3294, "Involuntary Cooldown_SB": 1518, "Out of Air_SB": 2054, "The Filigree Sylex": 2949, "Hellspur Posse Boss_SB": 1364, "Halo Hopper": 1310, "Charge of the Mites_SB": 473, "Grand Abolisher": 1257, "Unnerving Grasp": 3188, "Make Your Move_SB": 1783, "Fynn, the Fangbearer_SB": 1135, "Harbinger of the Tides": 1317, "Harbinger of the Tides_SB": 1318, "Bottomless Pool && Locker Room_SB": 302, "Pile On_SB": 2147, "Cat Collector": 432, "Growing Rites of Itlimoc": 1287, "Flowstone Infusion": 1083, "Coruscation Mage": 576, "Throw from the Saddle": 3033, "Arachnoid Adaptation": 95, "Hammerhand": 1311, "War Squeak": 3351, "Longstalk Brawl_SB": 1731, "Thrill of Possibility_SB": 3031, "Jump Scare": 1555, "Niko, Light of Hope": 1974, "Tunnel Surveyor": 3120, "Stalked Researcher": 2755, "Enter the Enigma_SB": 897, "Fear of Isolation_SB": 1000, "Into the Roil": 1491, "Into the Roil_SB": 1492, "Ayara, Widow of the Realm": 161, "Deathmark_SB": 660, "Season of Gathering": 2521, "Warren Warleader": 3361, "Seasoned Warrenguard_SB": 2531, "Lionheart Glimmer_SB": 1711, "Horrid Vigor_SB": 1423, "Omnivorous Flytrap_SB": 2032, "Roc Hunter": 2401, "Feldon, Ronom Excavator": 1019, "Scalding Viper": 2481, "Trial of Agony_SB": 3108, "Adventuring Gear_SB": 21, "Vicious Clown_SB": 3289, "Fear of Being Hunted_SB": 992, "Rite of the Dragoncaller_SB": 2385, "Ghostly Dancers": 1176, "Demonic Pact_SB": 697, "Splash Portal_SB": 2734, "Osseous Sticktwister": 2047, "Valorous Stance": 3250, "Lodestone Needle": 1725, "Scytheclaw Raptor_SB": 2512, "Sawblade Skinripper_SB": 2476, "Pitiless Carnage_SB": 2155, "Bring the Ending_SB": 344, "Season of Loss_SB": 2524, "Zephyr Singer": 3442, "Spell Pierce": 2709, "Molt Tender": 1886, "Draconautics Engineer": 772, "Loot, the Pathfinder": 1734, "Afterburner Expert": 29, "Dredger's Insight": 806, "Restless Spire_SB": 2361, "Sunbillow Verge": 2828, "Grim Bauble": 1283, "Momentum Breaker": 1898, "Debris Beetle": 661, "Wastewood Verge": 3364, "Llanowar Loamspeaker": 1721, "Vein Ripper_SB": 3267, "Ketramose, the New Dawn": 1597, "Bleachbone Verge": 237, "Intimidation Tactics": 1487, "Surgical Suite // Hospital Room_SB": 2851, "Oildeep Gearhulk_SB": 2018, "Bloodghast": 251, "Lunar Convocation_SB": 1756, "Bartolom\u00e9 del Presidio_SB": 187, "Valley Rotcaller_SB": 3247, "Oildeep Gearhulk": 2017, "Haunt the Network_SB": 1333, "Willowrush Verge": 3391, "Gleeful Demolition_SB": 1216, "Ride's End": 2371, "Defend the Rider": 676, "Hazoret, Godseeker": 1341, "Eriette of the Charmed Apple": 902, "Monument to Endurance": 1911, "Outpace Oblivion_SB": 2059, "Silver Scrutiny_SB": 2609, "Cunning Coyote_SB": 613, "Thousand Moons Smithy": 3010, "Transmutation Font": 3097, "Braided Net_SB": 310, "Intimidation Tactics_SB": 1488, "The Speed Demon_SB": 2978, "Bounce Off": 305, "Nesting Bot": 1958, "Grim Bauble_SB": 1284, "Voyage Home": 3333, "Perilous Snare": 2113, "Chandra, Spark Hunter_SB": 465, "Momentum Breaker_SB": 1899, "Farsight Ritual": 983, "Quag Feast": 2222, "Gastal Raider_SB": 1146, "Overgrown Zealot": 2065, "Transit Mage": 3096, "Brightglass Gearhulk": 340, "Voyager Glidecar": 3334, "Voyager Glidecar_SB": 3335, "Debris Beetle_SB": 662, "Fuel the Flames": 1120, "Skycrash": 2636, "Riverpyre Verge": 2393, "Broadside Barrage_SB": 352, "Fuel the Flames_SB": 1121, "Dropkick Bomber": 808, "Howlsquad Heavy": 1427, "Reckless Lackey": 2297, "Amonkhet Raceway": 60, "Kutzil, Malamet Exemplar": 1645, "Marauding Mako": 1802, "Scrounging Skyray": 2510, "Broadside Barrage": 351, "Boosted Sloop": 292, "Bounce Off_SB": 306, "Thopter Fabricator_SB": 2998, "Count on Luck_SB": 582, "Mendicant Core, Guidelight": 1835, "Mu Yanling, Wind Rider": 1924, "Belligerent Yearling": 205, "The Skullspore Nexus": 2975, "Regal Imperiosaur": 2321, "Intrepid Paleontologist_SB": 1494, "Overlord of the Hauntwoods_SB": 2073, "Agonasaur Rex": 35, "Sandstalker Moloch_SB": 2460, "The Aetherspark": 2935, "Bringer of the Last Gift": 345, "Terisian Mindbreaker": 2923, "Skitterbeam Battalion": 2625, "Riverchurn Monument": 2390, "Diversion Unit": 752, "Gastal Thrillroller_SB": 1148, "Monument to Endurance_SB": 1912, "Spectacular Pileup": 2702, "Riptide Gearhulk": 2378, "Burnout Bashtronaut": 374, "Greasewrench Goblin": 1266, "Lifecraft Engine": 1692, "Gastal Thrillroller": 1147, "Coalstoke Gearhulk_SB": 513, "Visage Bandit": 3306, "Waxen Shapethief": 3368, "Coalstoke Gearhulk": 512, "Locust Spray": 1724, "Webstrike Elite": 3374, "Memory Guardian": 1834, "Shoreline Looter": 2593, "Engine Rat_SB": 890, "Zahur, Glory's Past": 3440, "Quag Feast_SB": 2223, "Essence Channeler_SB": 916, "Lunar Insight": 1757, "Atraxa's Fall_SB": 143, "Gruff Triplets": 1288, "Captain Howler, Sea Scourge": 405, "Jodah, the Unifier_SB": 1548, "Thunderous Velocipede": 3042, "Invasion of Regatha_SB": 1510, "Ketramose, the New Dawn_SB": 1598, "Dune Drifter": 816, "Ride's End_SB": 2372, "Chandra, Spark Hunter": 464, "Rampaging Raptor": 2264, "Agonasaur Rex_SB": 36, "Repurposing Bay": 2339, "Perilous Snare_SB": 2114, "Spinner of Souls_SB": 2728, "Expel the Interlopers_SB": 938, "Visage of Dread": 3307, "Pit Automaton": 2152, "Visage of Dread_SB": 3308, "The Last Ride_SB": 2959, "Aether Syphon_SB": 26, "Red Sun's Twilight_SB": 2307, "Phyrexian Dragon Engine": 2131, "Mishra, Claimed by Gix": 1874, "Coiling Rebirth_SB": 517, "Collision Course_SB": 527, "Caelorna, Coral Tyrant_SB": 387, "Sazacap's Brew": 2479, "Invasion of Mercadia": 1508, "Playful Shove": 2161, "Lightwheel Enhancements": 1702, "The Speed Demon": 2977, "Gas Guzzler": 1144, "Spectral Interference_SB": 2707, "Say Its Name_SB": 2478, "Gastal Thrillseeker": 1149, "Far Fortune, End Boss": 982, "Overrun_SB": 2079, "Wardens of the Cycle_SB": 3356, "Painful Quandary_SB": 2088, "Leaf-Crowned Visionary_SB": 1667, "Mossborn Hydra_SB": 1918, "Drag to the Roots_SB": 778, "Stock Up": 2786, "Spectacular Pileup_SB": 2703, "Reasonable Doubt": 2292, "Flow of Knowledge": 1080, "Claim Jumper": 497, "Starscape Cleric_SB": 2764, "Ghitu Lavarunner": 1172, "Flotsam // Jetsam_SB": 1078, "Soul of Windgrace": 2688, "Binding Negotiation_SB": 216, "Melira, the Living Cure_SB": 1832, "Bloated Contaminator_SB": 243, "Diversion Unit_SB": 753, "Tyrox, Saurid Tyrant": 3139, "Scytheclaw Raptor": 2511, "Engine Rat": 889, "Teysa, Opulent Oligarch": 2932, "Gonti, Night Minister": 1250, "Muraganda Raceway": 1929, "Gumdrop Poisoner": 1299, "Mindspring Merfolk": 1857, "Zephyr Singer_SB": 3443, "Tomik, Wielder of Law_SB": 3078, "Conduit of Worlds_SB": 542, "Two-Headed Hunter": 3137, "Optimistic Scavenger_SB": 2037, "Esoteric Duplicator": 914, "Explosive Derailment_SB": 944, "Mishra's Command": 1871, "Ratadrabik of Urborg": 2272, "Webstrike Elite_SB": 3375, "Heliod, the Radiant Dawn": 1359, "Twinblade Blessing": 3125, "Restless Anchorage_SB": 2350, "Defend the Rider_SB": 677, "Fearless Swashbuckler": 1008, "Unctus, Grand Metatect": 3157, "The Aetherspark_SB": 2936, "Hidden Necropolis": 1389, "Lumbering Worldwagon": 1750, "Overrun": 2078, "The Last Ride": 2958, "Ancient Vendetta_SB": 72, "Demonic Junker": 694, "Nexus of Becoming": 1966, "Unstable Glyphbridge_SB": 3195, "Ancient Vendetta": 71, "Basri, Tomorrow's Champion": 191, "Skyseer's Chariot_SB": 2643, "Lassoed by the Law_SB": 1652, "Blast Zone_SB": 232, "Reclamation Sage": 2300, "Bristling Backwoods": 348, "Thalia and The Gitrog Monster_SB": 2934, "Ashiok, Wicked Manipulator_SB": 131, "Bristlebud Farmer_SB": 347, "Third Path Iconoclast_SB": 2992, "Ferocification_SB": 1030, "Forlorn Flats": 1097, "Become Brutes": 201, "Sword of Forge and Frontier_SB": 2865, "Veteran Survivor": 3282, "Coveted Falcon": 584, "Impulse": 1457, "Kellan, Inquisitive Prodigy_SB": 1592, "Caradora, Heart of Alacria": 409, "Veteran Beastrider": 3281, "Skyseer's Chariot": 2642, "Valor's Flagship": 3248, "The Elder Dragon War_SB": 2942, "Spring-Loaded Sawblades_SB": 2743, "Urza's Command_SB": 3224, "Dive Down": 750, "Scrollshift_SB": 2509, "Full Throttle_SB": 1124, "Loot, the Key to Everything_SB": 1733, "Loot, the Pathfinder_SB": 1735, "Coati Scavenger": 514, "Twining Twins": 3128, "Threadbind Clique": 3019, "Boommobile": 288, "Forging the Anchor": 1095, "Radiant Lotus": 2239, "The Mightstone and Weakstone_SB": 2963, "Boommobile_SB": 289, "Radiant Lotus_SB": 2240, "Volley Veteran": 3326, "Bloodthorn Flail": 259, "Flamewake Phoenix": 1062, "Cryptcaller Chariot_SB": 602, "Riptide Gearhulk_SB": 2379, "Slick Sequence": 2656, "Riverchurn Monument_SB": 2391, "Spiteful Hexmage_SB": 2732, "Thopter Fabricator": 2997, "Furnace Host Charger": 1130, "Clamorous Ironclad": 501, "Wishing Well": 3404, "Frolicking Familiar": 1114, "Alania, Divergent Storm": 48, "Resplendent Angel_SB": 2345, "Tinker's Tote": 3051, "Cephalopod Sentry": 455, "Haunt the Network": 1332, "Sorcerous Spyglass": 2682, "Demonic Junker_SB": 695, "Redshift, Rocketeer Chief": 2312, "Halana and Alena, Partners_SB": 1305, "Valor's Flagship_SB": 3249, "Tocasia's Welcome_SB": 3071, "Stall Out": 2757, "Stall Out_SB": 2758, "Sovereign Okinec Ahau": 2700, "Gloryheath Lynx": 1225, "Servant of the Stinger": 2553, "The Raven Man": 2970, "The Raven Man_SB": 2971, "Boom Box": 286, "Possession Engine": 2182, "Conduit of Worlds": 541, "Broadcast Rambler": 350, "Broodheart Engine": 354, "Gargantuan Leech": 1141, "Captivating Cave": 408, "Promising Vein": 2200, "Hidden Courtyard": 1387, "Bat Colony": 192, "Calamitous Cave-In": 388, "Hidden Volcano": 1391, "Marketback Walker": 1809, "Sylvan Scavenging": 2871, "Sab-Sunen, Luxa Embodied": 2444, "Simian Simulacrum": 2611, "Virtue of Courage": 3297, "Leyline Binding_SB": 1682, "Likeness Looter": 1703, "Reluctant Role Model": 2330, "Bulwark Ox": 367, "Reluctant Role Model_SB": 2331, "The Goose Mother": 2951, "Mold Adder_SB": 1885, "Market Gnome_SB": 1808, "Daretti, Rocketeer Engineer": 631, "Threefold Thunderhulk": 3028, "Tune Up": 3118, "Meteor Golem_SB": 1840, "Marketback Walker_SB": 1810, "Burnout Bashtronaut_SB": 375, "Gastal Raider": 1145, "Oviya, Automech Artisan": 2085, "Highway Robbery": 1400, "Itzquinth, Firstborn of Gishath": 1524, "The Skullspore Nexus_SB": 2976, "Cosmium Confluence": 580, "Festival of Embers": 1033, "Hidden Nursery": 1390, "Union of the Third Path_SB": 3182, "Charming Prince": 474, "Gossip's Talent": 1251, "Balustrade Wurm": 172, "Skycrash_SB": 2637, "Nexus of Becoming_SB": 1967, "Soulless Jailer_SB": 2694, "Akal Pakal, First Among Equals_SB": 46, "Collector's Vault_SB": 525, "Thran Spider_SB": 3017, "Sab-Sunen, Luxa Embodied_SB": 2445, "Earthrumbler": 833, "Oko, the Ringleader": 2022, "Forensic Researcher": 1092, "Deepfathom Echo": 671, "Chitin Gravestalker": 483, "Desperate Bloodseeker_SB": 707, "Starving Revenant_SB": 2765, "Steamcore Scholar_SB": 2774, "Ojer Pakpatiq, Deepest Epoch_SB": 2021, "Lavaspur Boots_SB": 1660, "Voldaren Thrillseeker_SB": 3325, "Thunderous Velocipede_SB": 3043, "Drana and Linvala_SB": 797, "Fear of Infinity_SB": 998, "Stock Up_SB": 2787, "Dredger's Insight_SB": 807, "Fauna Shaman_SB": 987, "Malcator, Purity Overseer": 1787, "Sunder the Gateway": 2829, "Macabre Waltz": 1767, "Wary Thespian": 3363, "Haunted Mire": 1334, "Overwhelming Remorse_SB": 2081, "Mocking Sprite": 1881, "Talion's Messenger": 2887, "Barrow Naughty": 185, "Faerie Slumber Party": 970, "Drag the Canal": 774, "Soured Springs": 2699, "Spellscorn Coven": 2716, "Etrata, Deadly Fugitive": 927, "Coerced to Kill": 515, "Unstoppable Plan_SB": 3196, "Shadow-Rite Priest": 2558, "Training Grounds": 3091, "Hoarding Broodlord": 1407, "Nahiri's Warcrafting_SB": 1944, "Baral and Kari Zev": 180, "Enigma Drake": 892, "Eroded Canyon": 904, "Trained Arynx": 3090, "Ornery Tumblewagg": 2043, "Giant Beaver": 1179, "Lagorin, Soul of Alacria": 1648, "Miriam, Herd Whisperer": 1861, "Congregation Gryff": 545, "Brightfield Glider": 339, "Creosote Heath": 593, "Run Over_SB": 2430, "Reject Imperfection_SB": 2325, "Vivisurgeon's Insight_SB": 3312, "Night Market": 1969, "Stockpiling Celebrant": 2789, "Carrion Locust_SB": 413, "Skullcap Snail_SB": 2633, "Stockpiling Celebrant_SB": 2790, "Akal Pakal, First Among Equals": 45, "Forensic Gadgeteer": 1090, "Deduce_SB": 666, "Wreck Remover_SB": 3420, "River's Rebuke": 2388, "Brave the Wilds": 322, "Fog of War_SB": 1085, "Oaken Siren": 2003, "Guidelight Optimizer": 1296, "Fountainport Bell": 1106, "Machine Over Matter_SB": 1768, "Armored Scrapgorger": 124, "Fierce Empath": 1038, "Spinewoods Paladin": 2725, "Phyrexian Missionary_SB": 2135, "Tranquil Cove_SB": 3093, "Exsanguinate_SB": 947, "Exsanguinate": 946, "Crumb and Get It_SB": 599, "Flame Lash": 1058, "Syr Ginger, the Meal Ender_SB": 2876, "Callous Sell-Sword_SB": 395, "Legion Extruder_SB": 1671, "Dawnwing Marshal": 641, "Leonin Vanguard": 1676, "Savannah Lions": 2473, "Pitiless Carnage": 2154, "Fear of Infinity": 997, "District Mascot": 745, "Shivan Devastator": 2580, "Zimone, Paradox Sculptor": 3447, "Tyvar, the Pummeler_SB": 3148, "Zopandrel, Hunger Dominus_SB": 3451, "Irreverent Gremlin": 1521, "Dynamite Diver": 831, "Guidelight Synergist": 1297, "Kolodin, Triumph Caster": 1626, "Burner Rocket": 371, "Cloudspire Skycycle": 511, "Frenzied Goblin": 1110, "Count on Luck": 581, "Doubling Season_SB": 768, "Fanatical Firebrand_SB": 978, "Frenzied Goblin_SB": 1111, "Reckless Lackey_SB": 2298, "Howlsquad Heavy_SB": 1428, "Rundvelt Hordemaster_SB": 2432, "Aurelia, the Warleader": 148, "Gilded Ghoda": 1187, "Vanish into Eternity_SB": 3259, "Voldaren Epicure": 3323, "Ensoul Artifact": 895, "Riverglide Pathway": 2392, "Darksteel Citadel": 636, "Shrapnel Blast": 2596, "Smuggler's Copter": 2665, "Rending Volley_SB": 2334, "Shadowspear_SB": 2559, "Voltage Surge_SB": 3328, "Aether Gust_SB": 25, "Annul_SB": 87, "Cragcrown Pathway": 586, "Mutavault": 1936, "Reckless Rage": 2299, "Soul-Scar Mage": 2691, "Hazoret the Fervent_SB": 1340, "Redcap Melee_SB": 2309, "Elvish Mystic": 869, "Nykthos, Shrine to Nyx": 2002, "Kiora, Behemoth Beckoner": 1603, "Cavalier of Thorns": 443, "Old-Growth Troll": 2024, "Lair of the Hydra": 1649, "Storm the Festival": 2797, "Ulvenwald Oddity": 3151, "Oath of Nissa": 2005, "Leyline of the Guildpact": 1687, "Emrakul, the Promised End_SB": 874, "Setessan Petitioner_SB": 2555, "Arasta of the Endless Web_SB": 98, "Ledger Shredder": 1669, "Arclight Phoenix": 115, "Fiery Impulse": 1041, "Lightning Axe": 1695, "Treasure Cruise": 3103, "Hall of Storm Giants": 1306, "Brazen Borrower_SB": 324, "Anger of the Gods_SB": 75, "Prismari Command_SB": 2191, "Omen of the Sea": 2028, "The Meathook Massacre": 2960, "Narset, Parter of Veils": 1946, "Field of Ruin": 1035, "Geier Reach Sanitarium": 1152, "Urborg, Tomb of Yawgmoth": 3218, "Clearwater Pathway": 507, "Hive of the Eye Tyrant": 1406, "Shipwreck Marsh": 2579, "Takenuma, Abandoned Mire": 2886, "Ashiok, Dream Render_SB": 128, "Yorion, Sky Nomad_SB": 3435, "Ashiok, Nightmare Muse_SB": 129, "Extinction Event_SB": 949, "Unlicensed Hearse_SB": 3184, "Ramunap Ruins": 2267, "Blightstep Pathway": 241, "Bloodtithe Harvester": 260, "Blade of the Oni": 226, "Hidetsugu Consumes All_SB": 1393, "Invoke Despair_SB": 1517, "Bishop of Wings": 217, "Righteous Valkyrie": 2374, "Resplendent Marshal": 2346, "Skyclave Apparition": 2635, "Collected Company": 518, "Kayla's Reconstruction": 1582, "Portable Hole": 2176, "Branchloft Pathway": 319, "Cave of the Frost Dragon": 444, "Overgrown Farmland": 2063, "Temple Garden": 2906, "Eiganjo, Seat of the Empire": 846, "Brutal Cathar_SB": 361, "Reidane, God of the Worthy_SB": 2322, "Archon of Absolution_SB": 112, "Shapers' Sanctuary_SB": 2561, "Brave the Elements_SB": 321, "Heroic Intervention_SB": 1382, "Kroxa, Titan of Death's Hunger": 1641, "Foreboding Ruins": 1089, "Invoke Despair": 1516, "Rakdos, Patron of Chaos": 2254, "Kolaghan's Command_SB": 1625, "Haunted Ridge": 1335, "Bonecrusher Giant": 280, "Burning-Tree Emissary": 373, "Chandra, Torch of Defiance": 466, "Collision // Colossus": 526, "Gruul Spellbreaker": 1290, "Kami's Flare": 1569, "Kumano Faces Kakkazan": 1642, "Pelt Collector": 2110, "Voltaic Brawler": 3329, "Zhur-Taa Goblin": 3445, "Bonecrusher Giant_SB": 281, "Chandra, Torch of Defiance_SB": 467, "Cindervines_SB": 491, "Kami's Flare_SB": 1570, "Roiling Vortex_SB": 2409, "Weathered Runestone_SB": 3373, "Sigarda's Aid": 2602, "Colossus Hammer": 531, "Raffine's Informant": 2241, "Sylvan Caryatid": 2870, "Eldritch Evolution": 849, "Overgrown Tomb": 2064, "Mana Confluence": 1793, "Soulflayer": 2693, "Collective Brutality_SB": 520, "Gifted Aetherborn_SB": 1184, "Bloodline Culling_SB": 255, "Deafening Silence_SB": 656, "Portable Hole_SB": 2177, "Grafdigger's Cage_SB": 1255, "Cauldron Familiar": 438, "Claim the Firstborn": 499, "Deadly Dispute": 653, "Mayhem Devil": 1820, "Witch's Oven": 3406, "Claim the Firstborn_SB": 500, "Ob Nixilis, the Adversary_SB": 2007, "Hallowed Fountain": 1308, "Indatha Triome": 1458, "Spara's Headquarters": 2701, "Zagoth Triome": 3439, "Vanishing Verse": 3260, "Leyline of Sanctity_SB": 1685, "Barrier Breach_SB": 184, "Knockout Blow_SB": 1621, "Stormcarved Coast": 2798, "Spikefield Hazard": 2722, "Izzet Charm": 1530, "Prismari Command": 2190, "Go Blank_SB": 1229, "Greasefang, Okiba Boss": 1265, "Parhelion II": 2096, "Shattered Sanctum": 2565, "Faithful Mending": 971, "Skysovereign, Consul Flagship": 2645, "Tainted Indulgence": 2880, "Collective Brutality": 519, "Raffine's Tower": 2242, "Stubborn Denial": 2818, "Dovin's Veto_SB": 769, "Silence_SB": 2604, "Fatal Push_SB": 985, "Vanishing Verse_SB": 3261, "Fetid Pools": 1034, "Yorion, Sky Nomad": 3434, "Breeding Pool": 337, "Linvala, the Preserver": 1709, "Enigmatic Incarnation": 893, "Savai Triome": 2472, "Thought Distortion_SB": 3004, "Archon of Emeria_SB": 114, "Ruric Thar, the Unbowed_SB": 2435, "Experimental Frenzy_SB": 941, "Claim // Fame": 496, "Infuriate": 1467, "Extinction Event": 948, "Castle Locthwain": 431, "Paradoxical Outcome": 2095, "Krenko's Buzzcrusher": 1636, "Furnace Punisher_SB": 1131, "Hearth Elemental_SB": 1353, "Laughing Jasper Flint_SB": 1657, "Drag to the Bottom": 776, "Titania's Command_SB": 3062, "Arcanis the Omnipotent": 101, "Rocky Roads": 2404, "Lumbering Worldwagon_SB": 1751, "Cosmic Rebirth_SB": 579, "Mondrak, Glory Dominus_SB": 1906, "Mimeoplasm, Revered One": 1854, "Devouring Sugarmaw": 717, "Amalia Benavides Aguirre_SB": 57, "Elas il-Kor, Sadistic Pilgrim_SB": 848, "Fiendish Panda_SB": 1037, "Knight of Dawn's Light_SB": 1614, "Spin Out_SB": 2723, "Ravine Raider_SB": 2280, "Cindering Cutthroat_SB": 490, "Steampath Charger_SB": 2775, "Risky Shortcut_SB": 2382, "Become Brutes_SB": 202, "Eddymurk Crab_SB": 840, "Tolarian Terror_SB": 3074, "Drake Hatcher_SB": 794, "Goblin Oriflamme": 1237, "Spectral Interference": 2706, "Ruthless Negotiation_SB": 2443, "Etched Familiar": 924, "Haughty Djinn_SB": 1331, "Outcaster Greenblade": 2055, "Map the Frontier": 1798, "No Witnesses_SB": 1985, "Winter, Cursed Rider": 3399, "Silken Strength": 2607, "Divine Resilience": 754, "Greenhouse // Rickety Gazebo": 1276, "Mirror Room // Fractured Realm": 1866, "Unflinching Courage_SB": 3174, "Khenra Spellspear": 1599, "Radiant Grove": 2238, "Streetwise Negotiator_SB": 2813, "Herd Migration_SB": 1377, "Armored Armadillo_SB": 123, "Gixian Infiltrator_SB": 1201, "Kykar, Zephyr Awakener": 1647, "Realm-Scorcher Hellkite": 2288, "Sentinel of Lost Lore_SB": 2545, "Spyglass Siren_SB": 2745, "The Huntsman's Redemption_SB": 2953, "Gisa, the Hellraiser_SB": 1193, "Lathril, Blade of the Elves_SB": 1655, "Gloryheath Lynx_SB": 1226, "Threefold Thunderhulk_SB": 3029, "Cryptcaller Chariot": 601, "Case of the Locked Hothouse": 421, "Walk-In Closet // Forgotten Cellar": 3347, "Primeval Bounty": 2188, "Mindsparker_SB": 1855, "Commune with Evil": 537, "Thirsting Roots": 2993, "Aloe Alchemist": 54, "Gigantosaurus": 1185, "Llanowar Greenwidow": 1720, "Llanowar Stalker": 1722, "Ghalta, Primal Hunger_SB": 1168, "Gigantosaurus_SB": 1186, "Disenchant": 730, "Captain Howler, Sea Scourge_SB": 406, "Cursed Recording_SB": 617, "Voracious Greatshark": 3330, "Rangers' Refueler": 2268, "Meeting of Minds": 1829, "Steel Hellkite_SB": 2776, "Karn, Living Legacy_SB": 1574, "Grand Entryway && Elegant Rotunda": 1259, "Quaketusk Boar": 2224, "The Stasis Coffin": 2979, "The Everflowing Well": 2948, "Kellan Joins Up": 1588, "Ovika, Enigma Goliath_SB": 2084, "Lukka, Bound to Ruin": 1748, "Bestow Greatness_SB": 208, "Leaping Ambush": 1668, "Raucous Theater_SB": 2278, "Rockface Village_SB": 2403, "Flowstone Infusion_SB": 1084, "Alesha, Who Laughs at Fate_SB": 51, "Stern Lesson": 2780, "Stormkeld Vanguard_SB": 2802, "Progenitor Exarch": 2196, "Feed the Swarm": 1015, "Agatha of the Vile Cauldron": 31, "Moonshaker Cavalry_SB": 1914, "Bramble Familiar_SB": 315, "Annie Joins Up_SB": 84, "Primal Might_SB": 2187, "Reckless Handling": 2296, "Detention Chariot": 714, "Push the Limit": 2214, "Gallant Strike": 1138, "Thundering Broodwagon": 3039, "Ancient Den": 70, "Boros Garrison": 295, "Experimental Synthesizer": 942, "Galvanic Blast": 1139, "Glint Hawk": 1219, "Great Furnace": 1269, "Journey to Nowhere": 1552, "Kor Skyfisher": 1630, "Lembas": 1675, "Makeshift Munitions": 1786, "Relic of Progenitus": 2327, "Rustvale Bridge": 2439, "Thraben Inspector": 3014, "Dust to Dust_SB": 824, "Electrickery_SB": 850, "Prismatic Strands_SB": 2193, "Pyroblast_SB": 2215, "Red Elemental Blast_SB": 2306, "Relic of Progenitus_SB": 2328, "Boomerang": 287, "Brainstorm": 313, "Cryptic Serpent": 605, "Deep Analysis": 668, "Delver of Secrets": 689, "Dragon Wings": 783, "L\u00f3rien Revealed": 1763, "Mental Note": 1836, "Murmuring Mystic": 1934, "Ponder": 2175, "Sleep of the Dead": 2650, "Snow-Covered Island": 2672, "Blue Elemental Blast_SB": 270, "Deem Inferior_SB": 667, "Dispel_SB": 736, "Hydroblast_SB": 1441, "Jace's Phantasm_SB": 1534, "Murmuring Mystic_SB": 1935, "Sleep of the Dead_SB": 2651, "Radiant Fountain": 2237, "Goldmire Bridge": 1243, "Bojuka Bog": 273, "Orzhov Basilica": 2044, "Sunlit Marsh": 2835, "Troll of Khazad-d\u00fbm": 3114, "Eagles of the North": 832, "Dawnbringer Cleric": 640, "Omen of the Dead": 2027, "Cast Down": 429, "Accursed Marauder": 13, "Refurbished Familiar": 2314, "Vault of Whispers": 3262, "Suffocating Fumes": 2821, "Campfire_SB": 396, "Arms of Hadar_SB": 126, "Unmake_SB": 3185, "Accursed Marauder_SB": 14, "Cast Down_SB": 430, "Beckon Apparition_SB": 200, "Thraben Charm_SB": 3013, "Thorn of the Black Rose_SB": 3000, "Arashin Cleric_SB": 97, "Lazav, Wearer of Faces_SB": 1665, "Harmless Offering_SB": 1324, "Return Triumphant": 2367, "Souls of the Lost_SB": 2696, "Wildwood Scourge": 3390, "Slickshot Lockpicker_SB": 2658, "Flashfreeze": 1065, "Cori-Steel Cutter": 566, "Heritage Reclamation": 1378, "Scavenger Regent // Exude Toxin // Scavenger Regent": 2487, "Qarsi Revenant": 2220, "Strategic Betrayal_SB": 2811, "Scavenger Regent // Exude Toxin // Scavenger Regent_SB": 2488, "Mistrise Village": 1877, "Roiling Dragonstorm": 2407, "Marang River Regent": 1799, "Jeskai Revelation_SB": 1543, "Voice of Victory_SB": 3316, "Clarion Conqueror_SB": 504, "Rakshasa's Bargain": 2257, "Fangkeeper's Familiar": 980, "Awaken the Honored Dead_SB": 157, "Heritage Reclamation_SB": 1379, "Interface Ace": 1483, "Sunpearl Kirin": 2836, "Synchronized Charge": 2873, "Magmatic Hellkite_SB": 1777, "Surrak, Elusive Hunter": 2854, "Surrak, Elusive Hunter_SB": 2855, "Elspeth, Storm Slayer": 863, "Rally the Monastery": 2262, "Cori Mountain Monastery": 562, "Dispelling Exhale": 737, "Jeskai Revelation": 1542, "Shiko, Paragon of the Way": 2576, "Herd Heirloom": 1374, "Tersa Lightshatter": 2929, "Sandsteppe Citadel": 2461, "Skirmish Rhino": 2624, "Elspeth, Storm Slayer_SB": 864, "United Battlefront": 3183, "Desperate Measures": 708, "Rot-Curse Rakshasa": 2414, "Sage of the Skies_SB": 2448, "Auroral Procession": 149, "Opulent Palace": 2038, "Winternight Stories": 3400, "Glacial Dragonhunt": 1203, "Tersa Lightshatter_SB": 2930, "Wild Ride": 3386, "Mystic Monastery": 1939, "Stormshriek Feral": 2805, "Stormshriek Feral_SB": 2806, "Unending Whisper": 3172, "Kishla Village": 1608, "Restless Vents_SB": 2363, "Cori-Steel Cutter_SB": 567, "Static Snare": 2769, "Cooped Up": 556, "Flamehold Grappler": 1061, "Gulping Scraptrap": 1298, "Magmatic Hellkite": 1776, "Sarkhan, Dragon Ascendant": 2469, "Sarkhan, Soul Aflame": 2470, "Pit of Offerings": 2153, "Static Snare_SB": 2770, "Kayla's Reconstruction_SB": 1583, "Tempest Hawk": 2905, "Rediscover the Way": 2310, "Frontline Rush": 1116, "Gilded Lotus_SB": 1188, "Fresh Start_SB": 1112, "Frostcliff Siege": 1118, "Duty Beyond Death_SB": 826, "Dalkovan Encampment": 625, "Two-Headed Hunter_SB": 3138, "Frontier Bivouac": 1115, "Awaken the Honored Dead": 156, "Bloomvine Regent": 264, "Caustic Exhale": 441, "Disruptive Stormbrood": 739, "Teval, Arbiter of Virtue": 2931, "Ugin, Eye of the Storms": 3149, "Caustic Exhale_SB": 442, "Fangkeeper's Familiar_SB": 981, "Songcrafter Mage": 2679, "Death Begets Life_SB": 657, "Encroaching Dragonstorm": 875, "Drakuseth, Maw of Flames": 795, "Breaching Dragonstorm": 328, "Molten Exhale": 1890, "Molten Exhale_SB": 1891, "Bulwark Ox_SB": 368, "Ugin, Eye of the Storms_SB": 3150, "New Way Forward": 1964, "Dragonologist": 792, "Temur Tawnyback": 2920, "Eshki Dragonclaw": 912, "Rugged Highlands": 2425, "Spinewoods Paladin_SB": 2726, "Mandible Justiciar": 1794, "Dragon Sniper": 780, "Nature's Rhythm": 1949, "Broken Wings_SB": 353, "Voidwing Hybrid": 3317, "Torpor Orb": 3084, "Mercurial Spelldancer": 1838, "Blightbelly Rat_SB": 240, "Devoted Duelist": 716, "Prowcatcher Specialist_SB": 2204, "Ghitu Lavarunner_SB": 1173, "Fortress Kin-Guard": 1100, "Salt Road Packbeast": 2455, "Inspiring Overseer_SB": 1481, "Salt Road Packbeast_SB": 2456, "Slumbering Keepguard": 2661, "The Princess Takes Flight": 2968, "Keldon Strike Team": 1587, "Sidisi, Regent of the Mire": 2600, "Gingerbrute_SB": 1191, "Undergrowth Leopard_SB": 3168, "Great Arashin City": 1267, "Maelstrom of the Spirit Dragon": 1771, "Qarsi Revenant_SB": 2221, "Kishla Skimmer": 1607, "Roar of Endless Song_SB": 2396, "Scavenger Regent_SB": 2489, "Scavenger Regent": 2486, "Overwhelming Surge_SB": 2083, "Spectral Denial": 2704, "Corroding Dragonstorm": 570, "Sage of the Skies": 2447, "Bleachbone Verge_SB": 238, "Voice of Victory": 3315, "Helga, Skittish Seer": 1357, "Helga, Skittish Seer_SB": 1358, "Rakshasa's Bargain_SB": 2258, "Mistrise Village_SB": 1878, "Case of the Pilfered Proof": 423, "Coordinated Maneuver_SB": 559, "Winternight Stories_SB": 3401, "Craterhoof Behemoth": 588, "Craterhoof Behemoth_SB": 589, "Descendant of Storms": 702, "Severance Priest": 2556, "Yathan Roadwatcher": 3430, "Animist's Might": 78, "Flourishing Bloom-Kin": 1079, "Seedglaive Mentor": 2535, "Stadium Headliner": 2751, "Behind the Mask": 204, "Marang River Regent_SB": 1800, "Don't Make a Sound_SB": 761, "Channeled Dragonfire": 470, "New Way Forward_SB": 1965, "Rotisserie Elemental_SB": 2416, "Twists and Turns_SB": 3134, "Simulacrum Synthesizer_SB": 2615, "Sagu Wildling": 2449, "Desperate Measures_SB": 709, "Muldrotha, the Gravetide_SB": 1928, "Sinkhole Surveyor": 2617, "Dragonback Assault": 785, "Rediscover the Way_SB": 2311, "Ringing Strike Mastery_SB": 2376, "Tinybones, Bauble Burglar_SB": 3055, "Disruptive Stormbrood_SB": 740, "Glacierwood Siege": 1205, "Roiling Dragonstorm_SB": 2408, "Ureni, the Song Unending": 3219, "Shiko, Paragon of the Way_SB": 2577, "Ureni, the Song Unending_SB": 3220, "Spectral Denial_SB": 2705, "Dispelling Exhale_SB": 738, "Twinmaw Stormbrood": 3129, "Fleeting Effigy": 1067, "Dalkovan Packbeasts": 626, "Skullcap Snail": 2632, "Harried Spearguard": 1325, "Toxin Analysis_SB": 3089, "Dire Flail": 725, "Mardu Devotee": 1804, "Warren Warleader_SB": 3362, "Toby, Beastie Befriender_SB": 3069, "Mardu Devotee_SB": 1805, "Resolute Reinforcements_SB": 2343, "Mardu Siegebreaker": 1806, "Overwhelming Surge": 2082, "Stern Lesson_SB": 2781, "Coordinated Maneuver": 558, "Triumphant Chomp_SB": 3113, "Rampaging Raptor_SB": 2265, "Earthshaker Dreadmaw_SB": 834, "Temur Battlecrier": 2919, "Strategic Betrayal": 2810, "Kheru Goldkeeper": 1600, "Ambling Stormshell": 58, "Bedrock Tortoise": 203, "Dinotomaton": 724, "Dragon Whelp": 782, "Dragonlord's Servant": 790, "Firespitter Whelp": 1057, "Kolaghan Warmonger": 1624, "Mox Jasper": 1923, "Shivan Dragon": 2581, "Viashino Branchrider_SB": 3286, "Firebrand Archer_SB": 1053, "Twin Bolt_SB": 3124, "Rumbling Rockslide_SB": 2428, "Skyraker Giant_SB": 2641, "Breaching Dragonstorm_SB": 329, "Drakuseth, Maw of Flames_SB": 796, "Ticket Booth // Tunnel of Hate_SB": 3046, "Channeled Dragonfire_SB": 471, "All-Out Assault": 53, "Inevitable Defeat": 1460, "Neriv, Heart of the Storm": 1956, "Zurgo, Thunder's Decree": 3461, "Inevitable Defeat_SB": 1461, "Thunder of Unity_SB": 3038, "Windcrag Siege_SB": 3396, "Zurgo's Vanguard": 3460, "Duty Beyond Death": 825, "Ainok Wayfarer": 38, "Rabid Bite": 2232, "Polliwallop": 2169, "Felothar, Dawn of the Abzan": 1028, "Oracle of Tragedy_SB": 2040, "Corroding Dragonstorm_SB": 571, "Floriferous Vinewall": 1077, "Bovine Intervention_SB": 308, "Combat Courier": 532, "Twitching Doll_SB": 3136, "Under the Skin_SB": 3161, "Skyserpent Seeker_SB": 2644, "Break the Spell": 333, "Treacherous Greed": 3102, "Intrepid Stablemaster": 1495, "Guardian Sunmare": 1292, "Itzquinth, Firstborn of Gishath_SB": 1525, "Commune with Nature": 538, "Coordinated Clobbering": 557, "Take the Fall_SB": 2885, "Serum Snare_SB": 2552, "Infectious Bite_SB": 1463, "Elusive Otter_SB": 867, "Hurkyl, Master Wizard_SB": 1437, "Stasis Snare_SB": 2767, "Seal from Existence_SB": 2516, "Abyssal Harvester_SB": 11, "Clarion Conquerer_SB": 502, "Runescale Stormbrood": 2434, "Stasis Snare": 2766, "Moment of Truth_SB": 1897, "Helping Hand_SB": 1367, "Adarkar Wastes_SB": 20, "Floodfarm Verge_SB": 1074, "Meticulous Archive_SB": 1842, "Seachrome Coast_SB": 2514, "Mondrak, Glory Dominus": 1905, "Kraul Whipcracker": 1633, "Tomb Trawler": 3077, "Take Out the Trash_SB": 2882, "Convenient Target_SB": 555, "Kickoff Celebrations": 1601, "Nullpriest of Oblivion_SB": 1999, "Lord Skitter's Blessing": 1740, "Ayli, Eternal Pilgrim_SB": 163, "Stoic Sphinx": 2791, "Watcher of the Wayside": 3365, "Twinmaw Stormbrood_SB": 3130, "Confounding Riddle_SB": 544, "Glacial Dragonhunt_SB": 1204, "Combat Thresher": 534, "Windcrag Siege": 3395, "The Ancient One": 2937, "Nomad Outpost": 1986, "Sonic Shrieker": 2681, "The Sibsig Ceremony": 2974, "Purging Stormbrood_SB": 2211, "Curator of Destinies_SB": 615, "Glarb, Calamity's Augur_SB": 1207, "Heliod, the Radiant Dawn_SB": 1360, "Ghostly Dancers_SB": 1177, "Pyrrhic Blast": 2219, "Melek, Reforged Researcher": 1830, "Herd Heirloom_SB": 1375, "Vampiric Rites_SB": 3258, "Fear of Lost Teeth_SB": 1002, "Bloodghast_SB": 252, "Vampire Gourmand_SB": 3253, "Taurean Mauler": 2896, "Anafenza, Unyielding Lineage": 64, "Clay Champion": 505, "Nesting Bot_SB": 1959, "Restricted Office // Lecture Hall_SB": 2366, "Dragonfire Blade": 787, "Monastery Messenger": 1902, "Shocking Sharpshooter": 2587, "Clarion Conqueror // Clarion Conqueror_SB": 503, "Phyrexian Censor": 2129, "Terror of the Peaks_SB": 2928, "Calamity, Galloping Inferno_SB": 391, "Fires of Victory_SB": 1056, "Bovine Intervention": 307, "Riling Dawnbreaker": 2375, "Warden of the Grove": 3353, "Brineborn Cutthroat": 342, "Invasion of Ikoria": 1504, "Branch of Vitu-Ghazi": 317, "Dragon Sniper_SB": 781, "Revenge of the Rats": 2370, "Rise of the Varmints": 2381, "Undergrowth Leopard": 3167, "Grasping Longneck_SB": 1263, "Watcher of the Wayside_SB": 3366, "Shock Brigade": 2584, "Ratcatcher Trainee": 2273, "Deadly Riposte": 654, "Derelict Attic // Widow's Walk_SB": 701, "Reigning Victor": 2323, "Worthy Cost": 3417, "Bone-Cairn Butcher": 278, "Salt Road Skirmish": 2457, "Starry-Eyed Skyrider": 2762, "Dirgur Island Dragon": 727, "Aatchik, Emerald Radian": 0, "Thrashing Brontodon": 3018, "Yarus, Roar of the Old Gods": 3429, "Sinkhole Surveyor_SB": 2618, "Thunder of Unity": 3037, "Frontline Rush_SB": 1117, "Dalkovan Packbeasts_SB": 627, "Descendant of Storms_SB": 703, "Worthy Cost_SB": 3418, "War Effort_SB": 3350, "Shocking Sharpshooter_SB": 2588, "Unyielding Gatekeeper_SB": 3206, "Unscrupulous Contractor": 3191, "Gearbane Orangutan_SB": 1151, "Osseous Exhale": 2046, "Narset, Jeskai Waymaster": 1945, "Frostcliff Siege_SB": 1119, "Return Triumphant_SB": 2368, "Spring Splasher": 2741, "Norn's Wellspring": 1990, "Case of the Uneaten Feast_SB": 428, "Blue Sun's Twilight": 271, "Servant of the Stinger_SB": 2554, "Three Blind Mice_SB": 3022, "Bloodfeather Phoenix_SB": 249, "Annihilating Glare_SB": 86, "Lasyd Prowler": 1653, "Feral Encounter_SB": 1029, "Nature's Rhythm_SB": 1950, "Synchronized Charge_SB": 2874, "Viral Spawning_SB": 3296, "Ob Nixilis, Captive Kingpin": 2006, "All Will Be One": 52, "Encroaching Mycosynth": 876, "Krenko, Baron of Tin Street": 1638, "Ice Out": 1442, "Crime Novelist": 594, "Breeches, Eager Pillager_SB": 336, "Convenient Target": 554, "Niv-Mizzet, Supreme_SB": 1979, "Perennation_SB": 2111, "Timeless Lotus": 3049, "Phyrexian Vindicator_SB": 2139, "Urabrask_SB": 3212, "Grafted Butcher": 1256, "Voidwing Hybrid_SB": 3318, "Kiora, Sovereign of the Deep_SB": 1604, "Kalastria Highborn": 1565, "Cori Mountain Monastery_SB": 563, "Ertai's Scorn": 909, "Eshki Dragonclaw_SB": 913, "Songcrafter Mage_SB": 2680, "Bulk Up_SB": 366, "Eluge, the Shoreless Sea": 865, "Finale of Revelation": 1049, "Eliminate the Impossible": 859, "Eliminate the Impossible_SB": 860, "Finale of Revelation_SB": 1050, "Cat Collector_SB": 433, "Izoni, Center of the Web_SB": 1529, "Hazoret, Godseeker_SB": 1342, "Spelunking_SB": 2718, "Smile at Death": 2664, "Osteomancer Adept_SB": 2051, "Peer Past the Veil_SB": 2107, "Campus Guide_SB": 397, "Liberator, Urza's Battlethopter": 1690, "Racers' Scoreboard": 2236, "Rot-Curse Rakshasa_SB": 2415, "Markov Baron": 1811, "Pulse Tracker": 2209, "Misery's Shadow_SB": 1870, "Redcap Gutter-Dweller_SB": 2308, "Dragon's Prey": 784, "Defibrillating Current": 680, "Alesha's Legacy": 49, "Emerge from the Cocoon": 872, "Midnight Mayhem": 1849, "Bone-Cairn Butcher_SB": 279, "Cori Mountain Stalwart_SB": 565, "Marshal of the Lost_SB": 1814, "Shock Brigade_SB": 2585, "Neriv, Heart of the Storm_SB": 1957, "Poised Practitioner_SB": 2165, "Filter Out": 1042, "Hero's Downfall": 1380, "Desecration Demon_SB": 705, "Whiskervale Forerunner": 3380, "Lost in the Maze": 1745, "Cori Mountain Stalwart": 564, "Underground River_SB": 3166, "Gloomlake Verge_SB": 1224, "Darkslick Shores_SB": 633, "Aggressive Sabotage_SB": 34, "Disdainful Stroke": 728, "Out Cold_SB": 2053, "Magmakin Artillerist": 1775, "Flood the Engine_SB": 1071, "Veloheart Bike": 3268, "Migloz, Maze Crusher": 1852, "Dragonhawk, Fate's Tempest_SB": 789, "Swiftblade Vindicator": 2859, "Hidetsugu and Kairi_SB": 1395, "Colossification_SB": 530, "Rite of Renewal": 2383, "Staff of Compleation": 2753, "Betor, Kin to All": 209, "Danitha, New Benalia's Light": 629, "Danitha, New Benalia's Light_SB": 630, "Walk-In Closet // Forgotten Cellar_SB": 3348, "Abzan Devotee": 12, "Gixian Puppeteer": 1202, "Oltec Matterweaver": 2025, "Disturbing Mirth_SB": 749, "Encroaching Mycosynth_SB": 877, "Mortify_SB": 1916, "Stadium Headliner_SB": 2752, "Draconautics Engineer_SB": 773, "Bandit's Haul": 174, "Bumbleflower's Sharepot": 369, "Volt Charge": 3327, "Great Arashin City_SB": 1268, "Underground Mortuary_SB": 3164, "Purging Stormbrood": 2210, "Piercing Exhale": 2144, "Wind-Scarred Crag": 3394, "Jeskai Devotee": 1541, "Kin-Tree Nurturer": 1602, "Nightblade Brigade": 1971, "Stormplain Detainment": 2803, "Marshal of the Lost": 1813, "Sunset Strikemaster": 2837, "Seize Opportunity": 2538, "Dragonback Lancer": 786, "Venerated Stormsinger": 3271, "Elesh Norn": 855, "Slickshot Lockpicker": 2657, "Invasion of Arcavios_SB": 1499, "Zur, Eternal Schemer_SB": 3457, "Portal to Phyrexia_SB": 2179, "Tarrian's Journal_SB": 2893, "Youthful Valkyrie_SB": 3438, "Battlefield Forge_SB": 195, "Stormscale Scion": 2804, "Dracogenesis": 771, "Tempest Hart": 2904, "Lightshield Parry": 1701, "Lightfoot Technique": 1694, "Battle-Rage Blessing": 193, "Gnawing Crescendo": 1227, "Outlaws' Fury": 2058, "Ashnod's Intervention_SB": 133, "Distorted Curiosity_SB": 744, "Lazav, Familiar Stranger": 1663, "Stormsplitter_SB": 2808, "Samut, Vizier of Naktamun_SB": 2459, "Vengeful Bloodwitch_SB": 3273, "Rith, Liberated Primeval": 2387, "Meticulous Excavation": 1843, "Cacophony Scamp_SB": 384, "Lazav, Familiar Stranger_SB": 1664, "Cactusfolk Sureshot": 386, "Djeru and Hazoret": 756, "Naga Fleshcrafter_SB": 1942, "Sagu Wildling_SB": 2450, "Host of the Hereafter_SB": 1424, "Bloomvine Regent_SB": 265, "Stillness in Motion_SB": 2784, "Stalwart Successor_SB": 2759, "Defossilize_SB": 687, "Valgavoth's Faithful_SB": 3232, "Naga Fleshcrafter": 1941, "Avenger of the Fallen_SB": 155, "Bloodthirsty Conqueror_SB": 258, "Brightglass Gearhulk_SB": 341, "Valley Flamecaller_SB": 3241, "Karn's Sylex": 1571, "Intimidation Campaign_SB": 1486, "Electroduplicate": 851, "Yathan Roadwatcher_SB": 3431, "Severance Priest_SB": 2557}}