{"vocabulary": {"Cavern of Souls": 446, "Floodfarm Verge": 1086, "Forest": 1106, "Get Lost": 1173, "Hedge Maze": 1373, "Herd Migration": 1394, "Hushwood Verge": 1456, "Island": 1543, "Leyline Binding": 1701, "Lush Portico": 1778, "Meticulous Archive": 1859, "Overlord of the Floodpits": 2091, "Overlord of the Hauntwoods": 2093, "Overlord of the Mistmoors": 2095, "Plains": 2179, "Scrollshift": 2535, "Shadowy Backstreet": 2586, "Split Up": 2762, "Sunfall": 2856, "Swamp": 2881, "Up the Beanstalk": 3242, "Zur, Eternal Schemer": 3488, "Authority of the Consuls_SB": 154, "Doppelgang_SB": 771, "Elspeth's Smite_SB": 868, "Negate_SB": 1974, "Pawpatch Formation_SB": 2124, "Rest in Peace_SB": 2374, "Anoint with Affliction": 89, "Cut Down": 625, "Darkslick Shores": 638, "Deep-Cavern Bat": 675, "Enduring Curiosity": 889, "Faerie Mastermind": 977, "Fountainport": 1118, "Gloomlake Verge": 1237, "Go for the Throat": 1244, "Kaito, Bane of Nightmares": 1581, "Kaito, Cunning Infiltrator": 1583, "Phantom Interference": 2143, "Preacher of the Schism": 2206, "Restless Reef": 2382, "Spyglass Siren": 2772, "Three Steps Ahead": 3056, "Underground River": 3200, "Anoint with Affliction_SB": 90, "Blot Out_SB": 270, "Cut Down_SB": 626, "Disdainful Stroke_SB": 736, "Duress_SB": 824, "Gix's Command_SB": 1212, "Sheoldred, the Apocalypse_SB": 2599, "Tishana's Tidebinder_SB": 3092, "Unholy Annex && Ritual Chamber_SB": 3211, "Archangel of Wrath": 107, "Atraxa, Grand Unifier": 146, "Beza, the Bounding Spring": 214, "Brushland": 360, "Commercial District": 539, "Mountain": 1941, "Pawpatch Formation": 2123, "Temporary Lockdown": 2943, "Thornspire Verge": 3033, "Underground Mortuary": 3198, "Beza, the Bounding Spring_SB": 215, "Ghost Vacuum_SB": 1189, "Nissa, Ascended Animist_SB": 1998, "Sunfall_SB": 2857, "Tranquil Frillback_SB": 3128, "Elegant Parlor": 858, "Overlord of the Boilerbilges": 2089, "Secluded Courtyard": 2559, "Jace, the Perfected Mind_SB": 1557, "Temporary Lockdown_SB": 2944, "Archangel Elspeth": 103, "Caretaker's Talent": 410, "Carrot Cake": 415, "Enduring Innocence": 891, "Lay Down Arms": 1683, "Soul Partition": 2710, "Sunken Citadel": 2859, "Virtue of Loyalty": 3333, "Boon-Bringer Valkyrie_SB": 292, "Exorcise_SB": 943, "Split Up_SB": 2763, "Archfiend of the Dross": 111, "Bloodletter of Aclazotz": 256, "Duress": 823, "Soulstone Sanctuary": 2723, "Undercity Sewers": 3197, "Unholy Annex && Ritual Chamber": 3210, "Unstoppable Slasher": 3232, "Liliana of the Veil_SB": 1723, "Malicious Eclipse_SB": 1810, "Abyssal Harvester": 10, "Blooming Marsh": 265, "Dreams of Steel and Oil": 810, "Glissa Sunslayer": 1234, "Llanowar Elves": 1736, "Llanowar Wastes": 1741, "Mosswood Dreadknight": 1939, "Restless Cottage": 2379, "Scavenging Ooze": 2518, "Sheoldred, the Apocalypse": 2598, "The Huntsman's Redemption": 2980, "Tranquil Frillback": 3127, "Aclazotz, Deepest Betrayal_SB": 16, "Balustrade Wurm_SB": 176, "Harvester of Misery_SB": 1345, "Tear Asunder_SB": 2924, "Abhorrent Oculus": 2, "Adarkar Wastes": 19, "Chart a Course": 479, "Elspeth's Smite": 867, "Founding the Third Path": 1115, "Haughty Djinn": 1347, "Helping Hand": 1384, "Kiora, the Rising Tide": 1627, "Opt": 2056, "Picklock Prankster": 2165, "Recommission": 2328, "Seachrome Coast": 2540, "Sleight of Hand": 2679, "Into the Flood Maw_SB": 1511, "Phantom Interference_SB": 2144, "Agatha's Soul Cauldron": 32, "Arcanis the Omnipotent": 102, "Fear of Missing Out": 1012, "Inspiring Vantage": 1504, "Lightning Helix": 1716, "Proft's Eidetic Memory": 2218, "Shivan Reef": 2608, "Spirebluff Canal": 2756, "Steamcore Scholar": 2800, "Thundering Falls": 3072, "Torch the Tower": 3112, "Voldaren Thrillseeker": 3356, "Brotherhood's End_SB": 358, "Destroy Evil_SB": 718, "Lithomantic Barrage_SB": 1731, "Pyroclasm_SB": 2242, "Sheltered by Ghosts_SB": 2594, "Analyze the Pollen": 65, "Botanical Sanctum": 301, "Bushwhack": 380, "Copperline Gorge": 565, "Enduring Vitality": 895, "Fabled Passage": 967, "Karplusan Forest": 1596, "Questing Druid": 2250, "Roaring Furnace && Steaming Sauna": 2424, "Song of Totentanz": 2703, "Stormchaser's Talent": 2826, "Tarnation Vista": 2917, "This Town Ain't Big Enough": 3027, "Thundertrap Trainer": 3076, "Valley Floodcaller": 3275, "Yavimaya Coast": 3464, "Herbology Instructor_SB": 1391, "Scorching Dragonfire_SB": 2522, "Aftermath Analyst": 30, "Argoth, Sanctum of Nature": 120, "Cache Grab": 382, "Cosmic Rebirth": 582, "Elvish Regrower": 877, "Evolving Wilds": 939, "Felidar Retreat": 1032, "Lumra, Bellow of the Woods": 1772, "Nissa, Resurgent Animist": 1999, "Razorverge Thicket": 2311, "Springbloom Druid": 2771, "Titania, Voice of Gaea": 3095, "Tolsimir, Midnight's Light": 3107, "Vivien Reid": 3341, "Enduring Innocence_SB": 892, "Pick Your Poison_SB": 2164, "Reclamation Sage_SB": 2327, "Scavenging Ooze_SB": 2519, "Faebloom Trick": 972, "Floodpits Drowner": 1088, "Moment of Truth": 1915, "No One Left Behind": 2004, "Dreams of Steel and Oil_SB": 811, "Faerie Mastermind_SB": 978, "Feed the Swarm_SB": 1026, "Burst Lightning": 378, "Emberheart Challenger": 878, "Heartfire Hero": 1365, "Hired Claw": 1423, "Lightning Strike": 1718, "Manifold Mouse": 1814, "Monastery Swiftspear": 1922, "Monstrous Rage": 1928, "Rockface Village": 2429, "Screaming Nemesis": 2533, "Witchstalker Frenzy": 3440, "Koth, Fire of Resistance_SB": 1654, "Sunspine Lynx_SB": 2865, "Torch the Tower_SB": 3113, "Twisted Fealty_SB": 3167, "Urabrask's Forge_SB": 3246, "Choking Miasma_SB": 487, "Liliana, Dreadhorde General_SB": 1725, "Render Inert_SB": 2359, "Glass Casket": 1222, "Spelunking": 2743, "Lyra Dawnbringer_SB": 1780, "Outrageous Robbery_SB": 2082, "Tishana's Tidebinder": 3091, "Obliterating Bolt_SB": 2031, "Bloodthirsty Conqueror": 260, "Demolition Field": 696, "Disfigure": 739, "Starscape Cleric": 2790, "Maelstrom Pulse_SB": 1788, "Vivien Reid_SB": 3342, "Negate": 1973, "Unsummon": 3234, "Get Lost_SB": 1174, "Monastery Mentor_SB": 1920, "Disfigure_SB": 740, "Preacher of the Schism_SB": 2207, "Three Steps Ahead_SB": 3057, "Blot Out": 269, "Aclazotz, Deepest Betrayal": 15, "Sentinel of the Nameless City": 2573, "Bitter Reunion": 223, "Dissection Tools_SB": 749, "Floodpits Drowner_SB": 1089, "Screaming Nemesis_SB": 2534, "Up the Beanstalk_SB": 3243, "Nowhere to Run": 2018, "Glissa Sunslayer_SB": 1235, "Go for the Throat_SB": 1245, "Valley Floodcaller_SB": 3276, "Bitter Triumph": 225, "Deadly Cover-Up": 657, "Deduce": 671, "Doomsday Excruciator": 767, "Jace, the Perfected Mind": 1556, "Quick Study": 2253, "Chrome Host Seedshark_SB": 489, "Caustic Bronco": 440, "Battlefield Forge": 196, "Boros Charm": 294, "Might of the Meek": 1867, "Raucous Carnival": 2301, "Restless Bivouac": 2377, "Shardmage's Rescue": 2588, "Case of the Crimson Pulse_SB": 418, "Devout Decree_SB": 725, "Knight of Grace_SB": 1640, "Shardmage's Rescue_SB": 2589, "Loran of the Third Path": 1754, "Evangel of Synthesis": 936, "Overlord of the Balemurk": 2087, "Valgavoth's Faithful": 3266, "Valgavoth, Terror Eater": 3270, "Zombify": 3482, "Phyrexian Fleshgorger_SB": 2155, "Stoic Sphinx_SB": 2818, "Stingerback Terror_SB": 2811, "Witchstalker Frenzy_SB": 3441, "Feed the Cycle": 1022, "Gix, Yawgmoth Praetor": 1213, "Spell Stutter": 2738, "Invasion of Ixalan": 1526, "Seed of Hope": 2561, "Bristlebud Farmer_SB": 347, "Ral, Crackling Wit_SB": 2286, "Gix's Command": 1211, "Tear Asunder": 2923, "Sphinx of Forgotten Lore_SB": 2746, "Spectral Sailor": 2734, "Shock": 2609, "Twisted Fealty": 3166, "Scorching Shot_SB": 2524, "Mockingbird": 1901, "Burst Lightning_SB": 379, "Invasion of Tarkir_SB": 1533, "Sorcerous Spyglass_SB": 2709, "Volcanic Spite_SB": 3354, "Aegis Turtle_SB": 23, "Abrade_SB": 5, "Beseech the Mirror": 208, "Blackcleave Cliffs": 228, "Blazemire Verge": 236, "Brotherhood's End": 357, "Demonic Pact": 702, "Disturbing Mirth": 754, "Final Vengeance": 1060, "Greedy Freebooter": 1288, "Harmless Offering": 1340, "Hopeless Nightmare": 1437, "Raucous Theater": 2303, "Restless Vents": 2388, "Sulfurous Springs": 2848, "Temple of Malice": 2938, "Tinybones Joins Up": 3084, "Urabrask's Forge": 3245, "Betrayer's Bargain_SB": 213, "Cruelclaw's Heist_SB": 602, "Hostile Investigator_SB": 1444, "Virtue of Persistence_SB": 3336, "Withering Torment_SB": 3443, "Case of the Gateway Express": 420, "Gleeful Demolition": 1229, "Imodane's Recruiter": 1469, "Knight-Errant of Eos": 1641, "Novice Inspector": 2017, "Protect the Negotiators": 2226, "Resolute Reinforcements": 2368, "Sheltered by Ghosts": 2593, "Splitskin Doll": 2764, "Warden of the Inner Sky": 3386, "Protect the Negotiators_SB": 2227, "Cruelclaw's Heist": 601, "Harvester of Misery": 1344, "Maelstrom Pulse": 1787, "Innkeeper's Talent": 1489, "Snakeskin Veil": 2694, "Kaito, Cunning Infiltrator_SB": 1584, "Drannith Ruins": 804, "Soul Partition_SB": 2711, "Unsummon_SB": 3235, "Boltwave": 277, "Fugitive Codebreaker": 1135, "Slickshot Show-Off": 2685, "Thran Portal": 3047, "Lightning Helix_SB": 1717, "Season of the Burrow": 2554, "Night of the Sweets' Revenge": 1990, "Heaped Harvest": 1364, "Welcome to Sweettooth": 3408, "Doubling Season": 772, "Collector's Vault": 526, "The Eternal Wanderer": 2972, "An Offer You Can't Refuse_SB": 63, "See Double_SB": 2560, "Cosmium Confluence_SB": 585, "Volatile Fault_SB": 3352, "Day of Judgment_SB": 649, "Deep-Cavern Bat_SB": 676, "Sheoldred's Edict_SB": 2597, "Kaito, Bane of Nightmares_SB": 1582, "Shoot the Sheriff": 2615, "Virtue of Persistence": 3335, "Flashfreeze_SB": 1079, "Calix, Guided by Fate": 391, "Entity Tracker": 906, "Inquisitive Glimmer": 1492, "Optimistic Scavenger": 2058, "Restless Anchorage": 2375, "Silent Hallcreeper": 2631, "Unable to Scream": 3187, "Invasion of Gobakhan_SB": 1524, "No More Lies_SB": 2003, "Break Out": 332, "Cenote Scout": 454, "Keen-Eyed Curator": 1606, "Obliterating Bolt": 2030, "Restless Ridgeline": 2384, "Tyvar, the Pummeler": 3182, "Violent Urge": 3325, "Wildfire Wickerfolk": 3421, "Haywire Mite_SB": 1356, "Liliana of the Veil": 1722, "The Cruelty of Gix": 2964, "Soul-Guide Lantern_SB": 2716, "Nowhere to Run_SB": 2019, "Roaring Furnace && Steaming Sauna_SB": 2425, "Innkeeper's Talent_SB": 1490, "Questing Druid_SB": 2251, "Snakeskin Veil_SB": 2695, "Molten Collapse": 1906, "Piggy Bank": 2167, "Archangel Elspeth_SB": 104, "Bring the Ending": 343, "Mirrex": 1881, "Sheoldred's Edict": 2596, "Vraska's Fall": 3370, "Glistening Deluge_SB": 1236, "Phyrexian Arena_SB": 2150, "The Filigree Sylex_SB": 2976, "Tinybones, the Pickpocket": 3088, "Ethereal Armor": 933, "Fae Flight": 970, "Grand Entryway && Elegant Rotunda": 1274, "Gremlin Tamer": 1293, "Crystal Barricade_SB": 613, "Ossification_SB": 2071, "Clockwork Percussionist": 512, "Wrenn's Resolve_SB": 3458, "The End_SB": 2970, "Enduring Curiosity_SB": 890, "Cryptic Coat": 608, "Ertai Resurrected": 915, "Cryptic Coat_SB": 609, "Gix, Yawgmoth Praetor_SB": 1214, "Mazemind Tome": 1841, "Deadly Cover-Up_SB": 658, "Crawling Barrens": 595, "Day of Judgment": 648, "No More Lies": 2002, "Not on My Watch": 2015, "Elesh Norn, Mother of Machines_SB": 863, "Mazemind Tome_SB": 1842, "Silent Hallcreeper_SB": 2632, "Scorching Dragonfire": 2521, "Karplusan Forest_SB": 1597, "Outrageous Robbery": 2081, "Urgent Necropsy": 3256, "Not on My Watch_SB": 2016, "Kaya, Intangible Slayer_SB": 1600, "Eddymurk Crab": 846, "Into the Flood Maw": 1510, "Tolarian Terror": 3105, "Minor Misstep_SB": 1877, "Monstrous Emergence_SB": 1927, "Unable to Scream_SB": 3188, "Ajani, Caller of the Pride": 40, "Regal Bunnicorn": 2343, "Steel Seraph": 2804, "Subterranean Schooner": 2844, "Unidentified Hovership": 3214, "Zoetic Glyph": 3480, "Ajani, Caller of the Pride_SB": 41, "Loran of the Third Path_SB": 1755, "Season of the Burrow_SB": 2555, "Tail Swipe": 2903, "Arabella, Abandoned Doll": 94, "Painter's Studio && Defaced Gallery": 2111, "Caves of Koilos": 449, "Refute": 2341, "Rite of the Moth": 2413, "Stab_SB": 2778, "Mountain_SB": 1942, "Infestation Sage": 1486, "Essence Channeler": 923, "Callous Sell-Sword": 394, "Charming Scoundrel": 477, "Searslicer Goblin": 2546, "Elas il-Kor, Sadistic Pilgrim": 854, "Ruthless Lawbringer": 2468, "Alesha, Who Laughs at Fate": 50, "Perforating Artist": 2134, "Immersturm Predator": 1468, "Aurelia, the Law Above": 150, "Concealed Courtyard": 542, "Vampire Nighthawk_SB": 3288, "Voldaren Thrillseeker_SB": 3357, "Capricious Hellraiser": 404, "Brass's Tunnel-Grinder": 321, "Season of Weaving": 2552, "Chandra, Hope's Beacon": 464, "Ill-Timed Explosion": 1466, "Roaring Furnace // Steaming Sauna": 2426, "Chandra, Flameshaper": 462, "Fires of Victory": 1068, "Eaten by Piranhas_SB": 844, "Virtue of Knowledge_SB": 3332, "Change the Equation_SB": 471, "Vraska, Betrayal's Sting": 3372, "Smuggler's Surprise": 2692, "Enduring Tenacity": 893, "Unholy Annex // Ritual Chamber": 3212, "Outcaster Trailblazer": 2078, "Glimpse the Core": 1232, "Citanul Stalwart": 495, "Dwynen, Gilt-Leaf Daen": 836, "Dwynen's Elite": 835, "Elvish Archdruid": 874, "Imperious Perfect": 1473, "Lathril, Blade of the Elves": 1676, "Leaf-Crowned Visionary": 1686, "Primal Might": 2209, "Three Tree City": 3058, "Tyvar the Bellicose": 3178, "Wildborn Preserver": 3419, "Assassin's Trophy_SB": 138, "Tyvar's Stand_SB": 3180, "Skrelv, Defector Mite": 2654, "Elesh Norn": 861, "Kaito, Dancing Shadow": 1585, "Lavaspur Boots": 1681, "Iridescent Vinelasher": 1540, "Restless Fortress": 2380, "Rite of Replication": 2410, "Swiftfoot Boots_SB": 2886, "White Sun's Twilight_SB": 3416, "Knight of Dusk's Shadow_SB": 1638, "Blue Sun's Twilight_SB": 273, "Ghitu Lavarunner": 1186, "Healer's Hawk": 1363, "Hinterland Sanctifier": 1421, "Leonin Vanguard": 1696, "Ajani's Pridemate": 39, "Angel of Vitality": 74, "Resplendent Angel": 2370, "Scoured Barrens": 2526, "Marauding Blight-Priest": 1819, "Authority of the Consuls": 153, "Phyrexian Arena": 2149, "Extinguish the Light_SB": 958, "Hero's Downfall_SB": 1399, "Mortify_SB": 1936, "Get Out": 1175, "Altanak, the Thrice-Called": 55, "Say Its Name": 2504, "Restless Vinestalk": 2390, "Trygon Predator_SB": 3150, "Bonny Pall, Clearcutter_SB": 286, "Overlord of the Floodpits_SB": 2092, "Trumpeting Carnosaur": 3149, "Breach the Multiverse": 327, "Malicious Eclipse": 1809, "Leyline of the Void_SB": 1709, "Valgavoth, Terror Eater_SB": 3271, "Wildwood Scourge": 3422, "Mild-Mannered Librarian": 1871, "Charming Prince": 476, "Skyknight Squire": 2666, "Gnarlid Colony": 1241, "Wary Thespian": 3395, "Dazzling Angel": 650, "Inspiring Paladin": 1503, "Mossborn Hydra": 1937, "Good-Fortune Unicorn": 1265, "Felidar Savior": 1034, "Armasaur Guide": 123, "Regal Caracal": 2345, "Felling Blow": 1037, "Biogenic Upgrade": 219, "Inspiring Call": 1500, "Pacifism": 2108, "Anthem of Champions": 93, "Temple of Plenty": 2940, "Blossoming Sands": 267, "Vengeful Possession_SB": 3307, "Scavenger's Talent": 2517, "Legions to Ashes": 1693, "Rottenmouth Viper": 2444, "High Noon_SB": 1418, "Braids, Arisen Nightmare": 312, "Feed the Swarm": 1025, "Spiteful Hexmage": 2758, "Horned Loch-Whale": 1439, "Voracious Greatshark": 3362, "The Irencrag": 2983, "Liliana, Dreadhorde General": 1724, "Nine-Lives Familiar": 1996, "The End": 2969, "Deathmark_SB": 666, "Pillage the Bog": 2172, "Decadent Dragon": 669, "Twinflame Tyrant": 3161, "Phyrexian Obliterator_SB": 2159, "Kellan, Planar Trailblazer": 1615, "Pawpatch Recruit": 2125, "Hunter's Talent": 1452, "Spinner of Souls": 2754, "Sharp-Eyed Rookie": 2590, "Hard-Hitting Question": 1336, "Cankerbloom": 401, "Wrenn and Realmbreaker_SB": 3455, "Tail Swipe_SB": 2904, "Scrapshooter_SB": 2528, "Axebane Ferox_SB": 162, "Phyrexian Obliterator": 2158, "Flourishing Bloom-Kin": 1092, "Ghalta, Primal Hunger": 1181, "Scrapshooter": 2527, "Audacity": 148, "Hunter's Talent_SB": 1453, "Case of the Stashed Skeleton": 426, "Corpses of the Lost": 572, "Forsaken Miner": 1111, "Sword of Once and Future_SB": 2892, "Furnace Reins_SB": 1146, "Builder's Talent": 363, "Nurturing Pixie": 2022, "Tithing Blade": 3097, "Spring-Loaded Sawblades": 2769, "Helpful Hunter": 1383, "Neglected Manor": 1975, "Tinybones Joins Up_SB": 3085, "Parting Gust_SB": 2120, "Bandit's Talent_SB": 179, "Blooming Blast_SB": 264, "Restless Spire": 2386, "Ral, Crackling Wit": 2285, "Teferi, Temporal Pilgrim": 2928, "Union of the Third Path": 3216, "Silver Scrutiny_SB": 2635, "Crash Through": 592, "Drake Hatcher": 798, "Shore Up": 2617, "Slick Sequence": 2682, "Abhorrent Oculus_SB": 3, "Luminous Rebuke": 1770, "Seized from Slumber": 2568, "Kogla and Yidaro_SB": 1645, "Elenda, Saint of Dusk": 859, "Zoraline, Cosmos Caller": 3484, "Atraxa, Grand Unifier_SB": 147, "Barbed Batterfist": 185, "Jaya, Fiery Negotiator_SB": 1561, "Slagstorm_SB": 2674, "Artist's Talent": 130, "Hearth Elemental": 1370, "Highway Robbery": 1419, "Urabrask": 3244, "Wrenn's Resolve": 3457, "Lord Skitter, Sewer King": 1759, "Legions to Ashes_SB": 1694, "Caustic Bronco_SB": 441, "Doppelgang": 770, "Armored Armadillo": 124, "Elvish Archivist": 875, "Feather of Flight": 1018, "Royal Treatment": 2448, "Toadstool Admirer": 3099, "Calix, Guided by Fate_SB": 392, "Divine Resilience_SB": 761, "Unflinching Courage_SB": 3209, "Valorous Stance_SB": 3284, "Ephara's Dispersal_SB": 909, "Shore Up_SB": 2618, "Yotian Frontliner": 3468, "Neutralize the Guards_SB": 1983, "Roxanne, Starfall Savant": 2446, "Lukka, Bound to Ruin_SB": 1767, "Muerra, Trash Tactician_SB": 1948, "Fiery Annihilation_SB": 1053, "Bitter Triumph_SB": 226, "Breach the Multiverse_SB": 328, "Basilisk Collar": 192, "Turn Inside Out": 3156, "Basilisk Collar_SB": 193, "Rattleback Apothecary": 2300, "Lush Oasis": 1777, "Bristly Bill, Spine Sower": 349, "Freestrider Lookout": 1121, "Tatyova, Steward of Tides": 2921, "Outcaster Greenblade": 2077, "Colossal Rattlewurm": 531, "Sandstorm Verge": 2490, "Arid Archway": 121, "Llanowar Loamspeaker": 1739, "Festering Gulch": 1044, "Creosote Heath": 598, "Duelist of the Mind": 821, "Desert's Due": 712, "Goldvein Hydra": 1258, "Repulsive Mutation_SB": 2364, "Surge of Salvation_SB": 2871, "Herald of Eternal Dawn": 1386, "Live or Die": 1732, "Lively Dirge": 1733, "Final Showdown": 1058, "Loran's Escape": 1756, "Dawn's Truce": 644, "Temple of Silence": 2941, "Farsight Ritual": 992, "Temple of Malady": 2937, "Calamity, Galloping Inferno": 389, "Loot, Exuberant Explorer": 1750, "Ruby, Daring Tracker": 2451, "Terror of the Peaks": 2953, "Vaultborn Tyrant": 3296, "Tyrranax Rex_SB": 3177, "Gremlin Tamer_SB": 1294, "Urza's Sylex_SB": 3262, "Tomb Trawler_SB": 3110, "Souls of the Lost": 2721, "Worldsoul's Rage": 3448, "Escape Tunnel": 919, "Virtue of Strength": 3337, "Aetherize": 27, "Titania, Voice of Gaea_SB": 3096, "The Rollercrusher Ride_SB": 3003, "Strangled Cemetery": 2834, "Elesh Norn, Mother of Machines": 862, "Thrun, Breaker of Silence_SB": 3068, "Unholy Annex // Ritual Chamber_SB": 3213, "Bonehoard Dracosaur": 283, "Invasion of Tarkir": 1532, "Incinerator of the Guilty": 1477, "Rivaz of the Claw": 2414, "Tyrant of Kher Ridges": 3173, "Pyroclasm": 2241, "Dragonlord's Servant": 795, "Carnelian Orb of Dragonkind": 412, "Kolaghan Warmonger": 1646, "Push // Pull": 2237, "Push // Pull_SB": 2238, "Cathar Commando": 435, "Knight of Grace": 1639, "Elenda, Saint of Dusk_SB": 860, "Cynical Loner": 628, "Sire of Seven Deaths": 2645, "Urborg Scavengers": 3251, "Valgavoth's Lair": 3267, "Zetalpa, Primal Dawn": 3476, "Plumecreed Escort": 2185, "Ertai Resurrected_SB": 916, "Rona, Herald of Invasion": 2439, "Koma, World-Eater": 1649, "Gev, Scaled Scorch": 1179, "Laughing Jasper Flint": 1678, "Flamecache Gecko": 1073, "Thought-Stalker Warlock": 3038, "Mudflat Village": 1946, "Fireglass Mentor": 1067, "Ossification": 2070, "Annex Sentry": 81, "Skrelv's Hive": 2652, "White Sun's Twilight": 3415, "Phyrexian Vindicator": 2160, "Phyrexian Censor": 2151, "Volatile Fault": 3351, "Calamity's Wake_SB": 388, "Seal from Existence_SB": 2543, "Stasis Snare_SB": 2794, "Chrome Host Seedshark": 488, "Ichormoon Gauntlet": 1463, "Jace Reawakened": 1553, "Jin-Gitaxias": 1566, "Peculiar Lighthouse": 2128, "Temple of Epiphany": 2936, "Galvanize_SB": 1154, "Nissa, Ascended Animist": 1997, "Tocasia's Welcome": 3102, "Sphinx of Forgotten Lore": 2745, "Vren, the Relentless": 3375, "Assassin's Trophy": 137, "Joint Exploration": 1573, "Titania's Command_SB": 3094, "Brineborn Cutthroat": 342, "Long River's Pull_SB": 1748, "Moment of Craving_SB": 1913, "Burglar Rat": 370, "Psychic Whorl": 2230, "Painful Quandary": 2109, "Desecration Demon": 710, "Hidden Necropolis": 1408, "Rune-Scarred Demon": 2460, "Macabre Waltz": 1785, "Vampire Nighthawk": 3287, "Mindsplice Apparatus": 1874, "Temple of Deceit": 2934, "Hidden Cataract": 1405, "Halo Forager": 1325, "The Key to the Vault": 2987, "Molten Collapse_SB": 1907, "Sentinel of the Nameless City_SB": 2574, "Torch the Witness_SB": 3115, "Kaya, Intangible Slayer": 1599, "Pilfer_SB": 2171, "Aven Interrupter_SB": 157, "Archangel of Wrath_SB": 108, "Nullpriest of Oblivion": 2020, "Phyrexian Fleshgorger": 2154, "Terror Tide": 2951, "Cacophony Scamp": 384, "Chainsaw": 460, "Ozolith, the Shattered Spire": 2107, "Dazzling Denial": 651, "Dusk Rose Reliquary": 826, "Kellan, Daring Traveler": 1612, "Restless Prairie": 2381, "Teething Wurmlet": 2927, "Tough Cookie": 3119, "Azure Beastbinder": 167, "Inti, Seneschal of the Sun": 1506, "Fugitive Codebreaker_SB": 1136, "Honest Rutstein": 1433, "Malcolm, Alluring Scoundrel": 1806, "Marchesa, Dealer of Death": 1821, "Plaza of Heroes": 2184, "Rakdos Joins Up": 2277, "Relic of Legends": 2352, "Nashi, Searcher in the Dark_SB": 1968, "Cease // Desist_SB": 451, "Fountainport_SB": 1120, "Long Goodbye_SB": 1746, "Shoot the Sheriff_SB": 2616, "Glass Casket_SB": 1223, "Sun-Blessed Healer": 2850, "Destroy Evil": 717, "Inspiration from Beyond": 1499, "Terramorphic Expanse": 2950, "Roxanne, Starfall Savant_SB": 2447, "Dreamdew Entrancer": 808, "Clifftop Lookout": 510, "Starfall Invocation": 2787, "Shock_SB": 2612, "Realmbreaker, the Invasion Tree_SB": 2317, "The Eternal Wanderer_SB": 2973, "Misery's Shadow_SB": 1889, "Case of the Crimson Pulse": 417, "Invasion of Tolvada": 1535, "Grand Abolisher_SB": 1273, "Wail of the Forgotten": 3377, "Filter Out_SB": 1056, "Assimilation Aegis": 139, "Spellbook Vendor": 2740, "Hostile Investigator": 1443, "Case of the Stashed Skeleton_SB": 427, "Etali, Primal Conqueror": 928, "The Infamous Cruelclaw": 2982, "Case of the Filched Falcon": 419, "Leyline Axe": 1700, "Kutzil, Malamet Exemplar": 1667, "Rona's Vortex": 2437, "Swamp_SB": 2882, "Runic Shot": 2462, "Herald of Eternal Dawn_SB": 1387, "Sun-Blessed Healer_SB": 2851, "Scorching Shot": 2523, "Emberheart Challenger_SB": 879, "Rockface Village_SB": 2430, "Squee, Dubious Monarch_SB": 2775, "Monastery Mentor": 1919, "Seeker's Folly": 2563, "Requisition Raid_SB": 2367, "The Stone Brain_SB": 3012, "Aloe Alchemist": 54, "Cunning Coyote": 617, "Cease // Desist": 450, "Mortify": 1935, "Kutzil's Flanker_SB": 1666, "Soul Search_SB": 2713, "Thrun, Breaker of Silence": 3067, "Assimilation Aegis_SB": 140, "Serra Paragon": 2576, "Season of Gathering_SB": 2549, "The Cruelty of Gix_SB": 2965, "Valgavoth's Onslaught": 3268, "Coveted Falcon": 589, "Fallaji Archaeologist": 983, "Impulse": 1476, "Portent of Calamity": 2202, "Drag to the Bottom": 781, "Greed's Gambit_SB": 1287, "Archfiend of the Dross_SB": 112, "Stab": 2777, "Vinereap Mentor": 3323, "Broodspinner_SB": 356, "The Gitrog, Ravenous Ride_SB": 2977, "Collector's Cage": 524, "Toby, Beastie Befriender": 3100, "Ajani, Sleeper Agent_SB": 44, "Serra Paragon_SB": 2577, "Wear Down_SB": 3404, "Sanguine Evangelist": 2491, "Warleader's Call": 3390, "Mishra's Foundry": 1892, "Untimely Malfunction_SB": 3237, "Two-Headed Hunter": 3171, "Giant Growth": 1196, "Heartflame Duelist_SB": 1369, "Valley Questcaller": 3278, "Finneas, Ace Archer": 1064, "Seasoned Warrenguard": 2557, "Valley Mightcaller": 3277, "Surge of Salvation": 2870, "Hop to It": 1434, "Banner of Kinship": 182, "Lupinflower Village": 1776, "Joust Through_SB": 1576, "Razorlash Transmogrant_SB": 2310, "Wrenn and Realmbreaker": 3454, "Ferocification": 1042, "Axebane Ferox": 161, "Dragonhawk, Fate's Tempest": 793, "Pick Your Poison": 2163, "Sunspine Lynx": 2864, "Invasion of Amonkhet": 1517, "Dreadwing Scavenger": 807, "Render Inert": 2358, "Arcane Proxy": 101, "Massacre Wurm_SB": 1836, "Change the Equation": 470, "Amalia Benavides Aguirre": 56, "Raise the Past": 2274, "Enduring Tenacity_SB": 894, "Sheoldred": 2595, "Fear of Impostors_SB": 1005, "Demonic Ruckus": 704, "Invasion of Gobakhan": 1523, "The Wandering Rescuer": 3017, "Don't Make a Sound": 765, "Monstrous Emergence": 1926, "Fiery Annihilation": 1052, "Tectonic Hazard_SB": 2926, "Make Your Own Luck": 1802, "Ancient Cornucopia": 69, "Omniscience": 2052, "Invasion of Arcavios": 1519, "Peerless Recycling_SB": 2130, "Beseech the Mirror_SB": 209, "Heroic Reinforcements_SB": 1402, "This Town Ain't Big Enough_SB": 3028, "Sleep-Cursed Faerie": 2678, "Faerie Dreamthief": 974, "Faerie Fencing": 975, "Ego Drain": 850, "Season of Loss": 2550, "Talion's Messenger_SB": 2913, "Third Path Iconoclast": 3023, "Reasonable Doubt": 2318, "Essence Scatter_SB": 926, "Wing Commando": 3430, "Stormcatch Mentor": 2825, "Elusive Otter": 872, "Misery's Shadow": 1888, "Obstinate Baloth_SB": 2035, "Blood Hustler": 248, "Deathcap Marionette": 665, "Eaten Alive": 842, "Fear of Being Hunted": 1000, "Enduring Courage": 887, "Fell": 1035, "Jagged Barrens": 1558, "Bloodfell Caves": 253, "Parting Gust": 2119, "Painter's Studio // Defaced Gallery": 2113, "Bandit's Talent": 178, "Cerebral Confiscation_SB": 457, "Feed the Cycle_SB": 1023, "Rush of Dread": 2464, "Rankle's Prank": 2294, "Ruthless Negotiation": 2470, "Case of the Uneaten Feast": 428, "Haunted Screen": 1353, "Prayer of Binding": 2205, "Kaya, Spirits' Justice": 1601, "Unwanted Remake": 3238, "Corrupted Conviction": 577, "Furnace Reins": 1145, "Vengeful Bloodwitch": 3305, "Chimil, the Inner Sun_SB": 484, "Urborg Scavengers_SB": 3252, "Insatiable Avarice_SB": 1495, "Rona's Vortex_SB": 2438, "Bonny Pall, Clearcutter": 285, "Invasion of Zendikar": 1536, "River's Rebuke": 2415, "Tatyova, Benthic Druid": 2920, "River's Rebuke_SB": 2416, "Primeval Bounty_SB": 2212, "Azure Beastbinder_SB": 168, "Koma, World-Eater_SB": 1650, "Urza's Sylex": 3261, "Exorcise": 942, "Dollmaker's Shop // Porcelain Gallery": 763, "Union of the Third Path_SB": 3217, "Regal Caracal_SB": 2346, "Kiora, the Rising Tide_SB": 1628, "Throne of the Grim Captain": 3064, "Drana and Linvala_SB": 802, "Pest Control_SB": 2140, "The Kenriths' Royal Funeral_SB": 2986, "Nashi, Searcher in the Dark": 1967, "Saiba Cryptomancer": 2481, "Faebloom Trick_SB": 973, "Plains_SB": 2180, "Chimil, the Inner Sun": 483, "Disenchant_SB": 738, "Vren, the Relentless_SB": 3376, "Rat Out_SB": 2297, "Seized from Slumber_SB": 2569, "Patchwork Beastie": 2122, "Tyvar's Stand": 3179, "Zoetic Glyph_SB": 3481, "Regal Bunnicorn_SB": 2344, "Thornwood Falls": 3035, "Wardens of the Cycle": 3387, "Kraul Whipcracker": 1655, "Binding Negotiation_SB": 218, "Confounding Riddle": 546, "Surgical Suite // Hospital Room": 2875, "Mischievous Pup": 1887, "Forlorn Flats": 1110, "Inspiring Overseer": 1501, "Hinterland Sanctifier_SB": 1422, "Cathar Commando_SB": 436, "Angel of Finality_SB": 73, "Fynn, the Fangbearer": 1147, "Infectious Bite": 1482, "Servant of the Stinger": 2580, "Ankle Biter": 80, "Bilious Skulldweller": 216, "Infectious Inquiry": 1484, "Feed the Infection": 1024, "Nimraiser Paladin": 1995, "The Hunter Maze": 2979, "The Dross Pits": 2966, "Urborg Repossession": 3249, "Soured Springs": 2725, "Spinewoods Armadillo": 2751, "Badlands Revival": 170, "Seize the Secrets": 2566, "Shroudstomper": 2625, "Copper Host Crusher": 563, "Bandit's Haul": 177, "Vinereap Mentor_SB": 3324, "Insidious Fungus_SB": 1497, "Rogue's Passage": 2432, "Rugged Highlands": 2452, "Thrashing Brontodon": 3050, "Giant Cindermaw": 1194, "Belligerent Yearling": 207, "Scytheclaw Raptor": 2538, "Triumphant Chomp": 3145, "Colossadactyl": 530, "Earthshaker Dreadmaw": 840, "Ixalli's Lorekeeper": 1549, "Itzquinth, Firstborn of Gishath": 1545, "Bristling Backwoods": 348, "Armored Kincaller_SB": 126, "Insidious Roots": 1498, "Defiled Crypt // Cadaver Lab": 689, "Coati Scavenger": 516, "Blanchwood Prowler": 231, "Cult Conscript": 615, "Osseous Sticktwister": 2069, "Skyfisher Spider": 2664, "Drag to the Roots": 782, "Jungle Hollow": 1579, "Deadly Brew": 655, "Dewdrop Cure_SB": 727, "Fanatical Firebrand": 986, "Hellspur Brute": 1379, "Vial Smasher, Gleeful Grenadier": 3317, "At Knifepoint": 143, "Abrade": 4, "Mourner's Surprise_SB": 1943, "Caught in the Crossfire_SB": 438, "Scales of Shale_SB": 2511, "Demolition Field_SB": 697, "Keen-Eyed Curator_SB": 1607, "Unflinching Courage": 3208, "Overlord of the Mistmoors_SB": 2096, "Sanguine Evangelist_SB": 2492, "Virtue of Loyalty_SB": 3334, "Clay-Fired Bricks": 508, "Sandstorm Salvager": 2488, "Aven Interrupter": 156, "Errant and Giada": 913, "Werefox Bodyguard": 3409, "Plumecreed Escort_SB": 2186, "Dreamdew Entrancer_SB": 809, "Autonomous Assembler": 155, "Etali's Favor": 927, "Geological Appraiser": 1170, "Quintorius Kand": 2254, "Caretaker's Talent_SB": 411, "Luminous Rebuke_SB": 1771, "Candy Trail": 400, "Fomori Vault": 1099, "Massacre Wurm": 1835, "The Enigma Jewel": 2971, "Sheoldred_SB": 2600, "Felidar Retreat_SB": 1033, "Hired Claw_SB": 1424, "Temple of Triumph": 2942, "Kayla's Command_SB": 1603, "Starfall Invocation_SB": 2788, "Stalactite Stalker": 2782, "Rottenmouth Viper_SB": 2445, "Spell Stutter_SB": 2739, "Thought-Stalker Warlock_SB": 3039, "Spinner of Souls_SB": 2755, "Mabel, Heir to Cragflame": 1783, "Pawpatch Recruit_SB": 2126, "Bitter Reunion_SB": 224, "Jace Reawakened_SB": 1554, "Rat Out": 2296, "Planar Disruption_SB": 2182, "Shrouded Shepherd_SB": 2624, "Callous Sell-Sword_SB": 395, "Demonic Counsel": 698, "Demonic Counsel_SB": 699, "Kaito, Dancing Shadow_SB": 1586, "Youthful Valkyrie": 3469, "Exemplar of Light": 940, "Lyra Dawnbringer": 1779, "Giada, Font of Hope": 1192, "Archangel of Tithes_SB": 106, "Warleader's Call_SB": 3391, "Anointed Peacekeeper": 91, "Recruitment Officer": 2330, "Phyrexian Censor_SB": 2152, "Dollmaker's Shop && Porcelain Gallery": 762, "Urgent Necropsy_SB": 3257, "The Swarmweaver": 3014, "The Elder Dragon War": 2967, "Gisa, the Hellraiser_SB": 1207, "Restless Ridgeline_SB": 2385, "Magebane Lizard_SB": 1792, "Cruel Somnophage": 600, "Molten Duplication": 1908, "Herbology Instructor": 1390, "Flowerfoot Swordmaster": 1095, "Restless Bivouac_SB": 2378, "Kami of Whispered Hopes": 1590, "Fauna Shaman": 995, "Diabolic Intent": 728, "Tyvar, Jubilant Brawler": 3181, "Lively Dirge_SB": 1734, "Haywire Mite": 1355, "Rubblebelt Maverick": 2450, "Scorn-Blade Berserker": 2525, "Snarling Gorehound": 2697, "Imperious Perfect_SB": 1474, "Sandstorm Salvager_SB": 2489, "Tough Cookie_SB": 3120, "Urborg Repossession_SB": 3250, "Lord Skitter, Sewer King_SB": 1760, "Archdruid's Charm": 109, "The Rollercrusher Ride": 3002, "Get Out_SB": 1176, "Raucous Carnival_SB": 2302, "Blossoming Tortoise": 268, "Cityscape Leveler": 496, "Titania's Command": 3093, "Blast Zone": 234, "Cavernous Maw": 448, "Forgotten Monument": 1109, "Skrelv's Hive_SB": 2653, "Urza, Lord Protector": 3263, "Simulacrum Synthesizer": 2640, "Fabrication Foundry": 968, "Unstable Glyphbridge": 3229, "Braided Net": 310, "Thran Spider": 3048, "The Mightstone and Weakstone": 2992, "Withering Torment": 3442, "Osteomancer Adept": 2072, "Curious Forager": 621, "Thornvault Forager": 3034, "The Mycotyrant": 2997, "Sporogenic Infection_SB": 2767, "Agatha's Soul Cauldron_SB": 33, "Huskburster Swarm_SB": 1458, "Grievous Wound": 1296, "Torpor Orb_SB": 3118, "Funeral Room // Awakening Hall_SB": 1141, "Rise of the Dark Realms_SB": 2406, "Seize the Spoils": 2567, "Ichor Drinker": 1462, "Hungry Ghoul": 1451, "Cemetery Recruitment": 453, "Diregraf Ghoul": 733, "Skeleton Archer": 2647, "Sanguine Syphoner": 2493, "Mephitic Draught": 1855, "Not Dead After All": 2013, "Murder": 1952, "Canonized in Blood": 403, "Vampiric Rites": 3290, "Moment of Craving": 1912, "Offer Immortality": 2038, "Valley Rotcaller": 3279, "Scales of Shale": 2510, "Temple of Enlightenment": 2935, "Ezrim, Agency Chief_SB": 964, "Valkyrie's Call_SB": 3273, "Fumigate_SB": 1139, "Coppercoat Vanguard": 564, "Harbin, Vanguard Aviator": 1331, "Valiant Veteran": 3272, "Zephyr Sentinel": 3473, "Skystrike Officer": 2672, "Fortified Beachhead": 1112, "Raise the Past_SB": 2275, "Take Up the Shield_SB": 2908, "Royal Treatment_SB": 2449, "Unidentified Hovership_SB": 3215, "Gingerbrute": 1204, "Vadmir, New Blood": 3264, "Song of Totentanz_SB": 2704, "Arabella, Abandoned Doll_SB": 95, "Painter's Studio && Defaced Gallery_SB": 2112, "Leyline of Resonance": 1703, "Doorkeeper Thrull_SB": 769, "Tinybones, the Pickpocket_SB": 3089, "Pond Prophet": 2196, "Splash Portal": 2760, "Temple of Mystery": 2939, "Timely Interference": 3082, "Vesuvan Duplimancy": 3312, "Dive Down_SB": 757, "Scrawling Crawler_SB": 2531, "Gnawing Vermin": 1242, "Hollow Marauder": 1428, "Huskburster Swarm": 1457, "Overwhelming Remorse": 2101, "Stubborn Burrowfiend": 2842, "Writhing Necromass": 3459, "Dryad Militant_SB": 819, "Subterranean Schooner_SB": 2845, "Mockingbird_SB": 1902, "Chandra, Hope's Beacon_SB": 465, "Bristlebud Farmer": 346, "Charred Foyer && Warped Space_SB": 478, "Virtue of Courage_SB": 3330, "Goddric, Cloaked Reveler": 1254, "Joust Through": 1575, "Akawalli, the Seething Tower": 47, "Absolving Lammasu_SB": 7, "Think Twice": 3021, "Micromancer_SB": 1865, "Coruscation Mage_SB": 581, "Dollmaker's Shop // Porcelain Gallery_SB": 764, "Fade from History_SB": 969, "Unstoppable Slasher_SB": 3233, "Bruse Tarl, Roving Rancher": 359, "Fblthp, Lost on the Range": 997, "Weakstone's Subjugation": 3401, "Fblthp, Lost on the Range_SB": 998, "Proft's Eidetic Memory_SB": 2219, "Weakstone's Subjugation_SB": 3402, "Bottomless Pool && Locker Room": 302, "Fear of Isolation": 1008, "Tithing Blade_SB": 3098, "The Swarmweaver_SB": 3015, "Werefox Bodyguard_SB": 3410, "Boon-Bringer Valkyrie": 291, "Hidetsugu's Second Rite_SB": 1416, "Imodane's Recruiter_SB": 1470, "Invasion of Karsus_SB": 1528, "Mirror Room && Fractured Realm_SB": 1883, "Sword of Wealth and Power_SB": 2894, "Wildfire Howl_SB": 3420, "Zurgo and Ojutai_SB": 3491, "Ethereal Armor_SB": 934, "Mabel, Heir to Cragflame_SB": 1784, "Halo Forager_SB": 1326, "Kitesail Larcenist": 1631, "Essence Scatter": 925, "Soulstone Sanctuary_SB": 2724, "Ballyrush Banneret": 173, "Myrel, Shield of Argive_SB": 1960, "Siege Veteran_SB": 2627, "Steel Seraph_SB": 2805, "Overprotect": 2097, "Ezrim, Agency Chief": 963, "Karn, Living Legacy": 1594, "Metropolis Reformer": 1862, "Omnivorous Flytrap": 2053, "Krenko's Buzzcrusher_SB": 1659, "Silverback Elder_SB": 2636, "Final Vengeance_SB": 1061, "Kellan, Inquisitive Prodigy": 1613, "Roaring Furnace // Steaming Sauna_SB": 2427, "Blood Spatter Analysis": 250, "Witch's Mark": 3438, "Kitsa, Otterball Elite": 1634, "The Witch's Vanity": 3019, "Greed's Gambit": 1286, "Rundvelt Hordemaster": 2458, "Breeches, Eager Pillager": 336, "Squee, Dubious Monarch": 2774, "Krenko, Mob Boss": 1661, "Urborg Lhurgoyf": 3248, "Hidden Grotto": 1407, "Venerated Rotpriest": 3302, "Branchblight Stalker": 319, "Ichorspit Basilisk": 1464, "Maze's Mantle": 1840, "Viral Spawning": 3327, "Plague Nurse": 2178, "Venomous Brutalizer": 3309, "Tyrranax Atrocity": 3175, "Goliath Hatchery": 1262, "Paladin of Predation": 2115, "Tyrranax Rex": 3176, "Serum Snare": 2578, "Tainted Observer": 2906, "Experimental Augury": 947, "Thrummingbird": 3066, "Mesmerizing Dose": 1857, "Reject Imperfection": 2350, "Gitaxian Anatomist": 1208, "Vivisurgeon's Insight": 3343, "Lakeside Shack": 1672, "Simic Guildgate": 2639, "Tangled Islet": 2916, "Meat Locker // Drowned Diner": 1843, "Archangel of Tithes": 105, "Sigarda, Font of Blessings": 2629, "Angelic Intervention": 75, "Awaken the Woods": 160, "Rampaging Baloths": 2288, "Portal to Phyrexia": 2200, "Omenpath Journey": 2051, "Poison Dart Frog": 2188, "Long Goodbye": 1745, "Break the Spell_SB": 335, "Migloz, Maze Crusher_SB": 1870, "Aetherize_SB": 28, "Under the Skin": 3195, "Seraphic Steed": 2575, "Hulking Raptor": 1450, "Vorinclex": 3364, "Cavern of Souls_SB": 447, "Goldvein Hydra_SB": 1259, "Meticulous Excavation_SB": 1861, "Cheeky House-Mouse": 481, "Rabid Gnaw": 2258, "Raging Battle Mouse": 2272, "Loran's Escape_SB": 1757, "Ill-Timed Explosion_SB": 1467, "The Witch's Vanity_SB": 3020, "Zoraline, Cosmos Caller_SB": 3485, "Teferi, Temporal Pilgrim_SB": 2929, "Lay Down Arms_SB": 1684, "Betrayer's Bargain": 212, "Undead Sprinter_SB": 3194, "Murky Sewer": 1955, "Deeproot Pilgrimage": 678, "Deeproot Wayfinder": 679, "Mistway Spy": 1898, "Vodalian Hexcatcher": 3345, "Realmbreaker, the Invasion Tree": 2316, "Metropolis Reformer_SB": 1863, "Seeker's Folly_SB": 2564, "Might of the Meek_SB": 1868, "Pia Nalaar, Consul of Revival": 2162, "Invasion of Kaldheim": 1527, "Doomsday Excruciator_SB": 768, "Heartflame Duelist": 1368, "Norn's Inquisitor": 2011, "Crystal Grotto": 614, "Sunder the Gateway_SB": 2855, "Fear of Impostors": 1004, "Defabricate_SB": 681, "Twist Reality_SB": 3165, "Jodah, the Unifier": 1569, "Myrel, Shield of Argive": 1959, "Hajar, Loyal Bodyguard": 1318, "Halana and Alena, Partners": 1320, "Inga and Esika": 1488, "Gwenna, Eyes of Gaea": 1317, "Jirina, Dauntless General": 1567, "Melira, the Living Cure": 1849, "Hajar, Loyal Bodyguard_SB": 1319, "Etali, Primal Conqueror_SB": 929, "Elesh Norn_SB": 864, "Surrak and Goreclaw_SB": 2878, "Bottomless Pool // Locker Room": 304, "Viashino Pyromancer": 3319, "Vraska Joins Up": 3369, "Bloated Contaminator": 245, "Darkstar Augur": 640, "Necrogen Communion": 1971, "Thirsting Roots_SB": 3026, "Vraska, Betrayal's Sting_SB": 3373, "Getaway Glamer_SB": 1178, "Spellgyre": 2741, "Pest Control": 2139, "Heraldic Banner": 1388, "Gatekeeper of Malakir": 1164, "Heraldic Banner_SB": 1389, "Defiled Crypt // Cadaver Lab_SB": 690, "Karn's Sylex_SB": 1593, "Guardian of New Benalia": 1310, "Curate": 619, "Ephara's Dispersal": 908, "The Stone Brain": 3011, "Decadent Dragon_SB": 670, "Vein Ripper": 3299, "Viashino Pyromancer_SB": 3320, "Aegis Turtle": 22, "Enter the Enigma": 904, "Venerated Rotpriest_SB": 3303, "Ivy, Gleeful Spellthief_SB": 1548, "Jaya, Fiery Negotiator": 1560, "Lightning Strike_SB": 1719, "Rite of the Dragoncaller": 2411, "Grabby Giant": 1269, "Horned Loch-Whale_SB": 1440, "Feldon's Cane_SB": 1028, "Pugnacious Hammerskull": 2232, "Arahbo, the First Fang": 97, "Dragon Fodder": 784, "Goblin Surprise": 1253, "Sword of Once and Future": 2891, "Gisa, the Hellraiser": 1206, "Seal from Existence": 2542, "Battlefly Swarm": 198, "Broodspinner": 355, "Green Sun's Twilight": 1289, "Solemn Simulacrum": 2700, "Ghalta, Stampede Tyrant": 1183, "Conduit Pylons": 543, "Maha, Its Feathers Night_SB": 1800, "Beastie Beatdown": 200, "Annie Joins Up": 84, "Huatli, Poet of Unity": 1447, "Fortune, Loyal Steed": 1114, "Invasion of Amonkhet_SB": 1518, "Thalia and The Gitrog Monster": 2959, "Surgical Suite && Hospital Room_SB": 2874, "Silver Scrutiny": 2634, "Island_SB": 1544, "Dissection Tools": 748, "Entity Tracker_SB": 907, "Glarb, Calamity's Augur": 1220, "Insidious Fungus": 1496, "Muldrotha, the Gravetide": 1949, "Rebel Salvo_SB": 2320, "Aether Channeler": 24, "Turn Inside Out_SB": 3157, "Defiled Crypt && Cadaver Lab": 687, "Exuberant Fuseling": 962, "Overlord of the Balemurk_SB": 2088, "Thundertrap Trainer_SB": 3077, "Abuelo's Awakening": 8, "Kitsa, Otterball Elite_SB": 1635, "Rona, Herald of Invasion_SB": 2440, "Season of Weaving_SB": 2553, "Unnerving Grasp_SB": 3224, "Fear of Surveillance": 1013, "Ruin-Lurker Bat": 2453, "Wilt-Leaf Liege_SB": 3425, "Tender Wildguide": 2947, "Painter's Studio // Defaced Gallery_SB": 2114, "Grand Entryway // Elegant Rotunda": 1275, "Skrelv, Defector Mite_SB": 2655, "Palani's Hatcher": 2116, "Temple of Abandon": 2933, "Blasphemous Edict_SB": 233, "Insatiable Avarice": 1494, "Ashiok, Wicked Manipulator": 133, "Sawblade Skinripper": 2502, "Agrus Kos, Spirit of Justice": 37, "Muerra, Trash Tactician": 1947, "Kellan's Lightblades_SB": 1611, "Squirming Emergence": 2776, "Undead Sprinter": 3193, "At Knifepoint_SB": 144, "Monstrous Rage_SB": 1929, "Lunar Convocation": 1773, "Unwanted Remake_SB": 3239, "Smuggler's Surprise_SB": 2693, "Distorted Curiosity": 750, "Whisper of the Dross": 3413, "Drown in Ichor": 815, "Prologue to Phyresis": 2223, "Vraska's Fall_SB": 3371, "Blasphemous Edict": 232, "Bottomless Pool // Locker Room_SB": 305, "The Princess Takes Flight_SB": 2999, "Anim Pakal, Thousandth Moon_SB": 78, "Adaptive Automaton": 18, "Three Tree Mascot": 3059, "Mechanized Warfare": 1846, "Cankerbloom_SB": 402, "Terror Tide_SB": 2952, "Hauntwoods Shrieker": 1354, "The Seedcore": 3004, "Mischievous Mystic": 1886, "Twitching Doll": 3169, "Zul Ashur, Lich Lord": 3487, "Garruk's Uprising": 1156, "Defiler of Flesh": 692, "Kraul Whipcracker_SB": 1656, "High Noon": 1417, "Restless Reef_SB": 2383, "Lost Jitte": 1761, "Dreadmaw's Ire": 805, "Felonious Rage": 1038, "Manifold Mouse_SB": 1815, "Darkstar Augur_SB": 641, "Case of the Gateway Express_SB": 421, "Kambal, Profiteering Mayor": 1588, "Kambal, Profiteering Mayor_SB": 1589, "Kaya, Spirits' Justice_SB": 1602, "Oko, the Ringleader_SB": 2045, "Ivy, Gleeful Spellthief": 1547, "Invasion of Theros": 1534, "Annie Flash, the Veteran_SB": 83, "Jirina, Dauntless General_SB": 1568, "Defiled Crypt && Cadaver Lab_SB": 688, "Dust Animus_SB": 829, "Crumb and Get It": 603, "Slaughter Singer": 2675, "Jawbone Duelist": 1559, "Getaway Glamer": 1177, "Crawling Chorus": 596, "Fleeting Flight_SB": 1082, "Trash the Town_SB": 3134, "Bulk Up": 365, "Pugnacious Hammerskull_SB": 2233, "Lifecreed Duo": 1713, "Quick Draw_SB": 2252, "Kona, Rescue Beastie": 1651, "Time Stop": 3079, "Prophetic Prism": 2225, "Wishclaw Talisman_SB": 3436, "Coveted Falcon_SB": 590, "Cultivator's Caravan": 616, "Scene of the Crime": 2520, "Swooping Lookout": 2888, "Long River's Pull": 1747, "Abraded Bluffs": 6, "Blooming Blast": 263, "Combat Research": 536, "Recruitment Officer_SB": 2331, "Conspiracy Unraveler": 552, "Matzalantli, the Great Door": 1837, "Reenact the Crime": 2339, "Demonic Ruckus_SB": 705, "Impact Tremors_SB": 1472, "One with the Multiverse": 2055, "Walk with the Ancestors": 3378, "Meathook Massacre II_SB": 1845, "Coiling Rebirth": 518, "Anim Pakal, Thousandth Moon": 77, "Thundering Falls_SB": 3073, "Razorkin Needlehead": 2307, "Razorkin Needlehead_SB": 2308, "Highway Robbery_SB": 1420, "Dreadmaw's Ire_SB": 806, "Smash to Dust_SB": 2688, "Intrepid Paleontologist": 1514, "Bolt Bend_SB": 276, "Shipwreck Dowser": 2604, "Disturbing Conversion": 752, "Eerie Interference_SB": 849, "Builder's Talent_SB": 364, "Abuelo's Awakening_SB": 9, "Surge Engine": 2868, "Repulsive Mutation": 2363, "Sylvan Scavenging_SB": 2897, "Black Sun's Twilight": 227, "Ghost Vacuum": 1188, "Bloodletter of Aclazotz_SB": 257, "Wishclaw Talisman": 3435, "Vaultborn Tyrant_SB": 3297, "Feldon's Cane": 1027, "Treasure Map": 3137, "Neutralize the Guards": 1982, "Ayli, Eternal Pilgrim": 164, "Ball Lightning": 172, "Overlord of the Boilerbilges_SB": 2090, "Founding the Third Path_SB": 1116, "Satoru, the Infiltrator": 2498, "Etched Cornfield": 931, "Wilt-Leaf Liege": 3424, "Gumdrop Poisoner_SB": 1316, "Charge of the Mites": 474, "Expel the Interlopers": 945, "Annex Sentry_SB": 82, "Vraska, the Silencer": 3374, "Binding Negotiation": 217, "Kaervek, the Punisher": 1580, "Obstinate Baloth": 2034, "Bramble Familiar": 315, "Felonious Rage_SB": 1039, "Sphinx of the Final Word_SB": 2747, "Homicide Investigator_SB": 1432, "Rip, Spawn Hunter": 2403, "Bartolom\u00e9 del Presidio": 189, "Funeral Room // Awakening Hall": 1140, "Market Gnome": 1825, "Nezumi Linkbreaker": 1988, "Outlaw Medic": 2079, "Pillage the Bog_SB": 2173, "Legion Extruder": 1690, "Thousand Moons Smithy_SB": 3043, "Blightbelly Rat": 242, "Unnatural Restoration": 3221, "Whisper of the Dross_SB": 3414, "Overprotect_SB": 2098, "Carnivorous Canopy_SB": 413, "Fecund Greenshell": 1020, "Dawn's Truce_SB": 645, "Gleaming Geardrake": 1228, "Dowsing Device": 775, "Demand Answers": 695, "Syr Ginger, the Meal Ender": 2900, "The Mycosynth Gardens": 2996, "Saheeli, Filigree Master": 2479, "Saheeli, Filigree Master_SB": 2480, "Sire of Seven Deaths_SB": 2646, "The Tale of Tamiyo": 3016, "Contaminated Aquifer": 556, "The Surgical Bay": 3013, "Case of the Ransacked Lab": 425, "Ertai's Scorn_SB": 918, "Scrawling Crawler": 2530, "Final Showdown_SB": 1059, "Hollow Scavenger": 1430, "Genesis Wave": 1169, "Archdruid's Charm_SB": 110, "Boros Charm_SB": 295, "Gaea's Gift": 1149, "Trash the Town": 3133, "Witness Protection_SB": 3445, "Banishing Light_SB": 181, "Imprisoned in the Moon_SB": 1475, "Inquisitive Glimmer_SB": 1493, "Refute_SB": 2342, "Hugs, Grisly Guardian": 1448, "Kogla and Yidaro": 1644, "Persistent Marshstalker": 2138, "Karumonix, the Rat King": 1598, "Lilypad Village": 1726, "Argentum Masticore": 118, "Hedron Archive": 1374, "Hall of Tagsin": 1323, "Tomakul Honor Guard": 3108, "Argentum Masticore_SB": 119, "Choking Miasma": 486, "Buried in the Garden": 371, "Polukranos Reborn": 2194, "Bite Down": 221, "Bite Down_SB": 222, "Untimely Malfunction": 3236, "Niv-Mizzet, Supreme": 2000, "Blazing Crescendo_SB": 238, "Captain Storm, Cosmium Raider": 407, "Corsair Captain": 579, "Malcolm, the Eyes": 1808, "Staunch Crewmate": 2798, "Lost Jitte_SB": 1762, "Lonely Arroyo": 1744, "The Millennium Calendar_SB": 2994, "Ruin-Lurker Bat_SB": 2454, "Leonin Vanguard_SB": 1697, "Veteran Survivor_SB": 3315, "Stormsplitter": 2833, "Ral's Reinforcements": 2284, "Corrupted Conviction_SB": 578, "Deadly Brew_SB": 656, "Lich-Knights' Conquest": 1711, "Greta, Sweettooth Scourge": 1295, "Sweettooth Witch": 2883, "Experimental Confectioner": 948, "Mintstrosity": 1878, "Scream Puff": 2532, "Gingerbread Hunter": 1203, "Back for Seconds": 169, "Spider Food": 2748, "Feed the Cauldron": 1021, "Return from the Wilds": 2395, "Savor": 2501, "Three Bowls of Porridge": 3055, "Eriette's Tempting Apple": 911, "Not Dead After All_SB": 2014, "Sugar Rush_SB": 2847, "Candy Grapple_SB": 399, "Fell_SB": 1036, "Murder_SB": 1953, "Cheeky House-Mouse_SB": 482, "Burrowguard Mentor": 377, "Dryad Militant": 818, "Trostani, Three Whispers": 3148, "Oakhollow Village": 2026, "Pollen-Shield Hare": 2190, "Kutzil, Malamet Exemplar_SB": 1668, "Necrogen Rotpriest": 1972, "Contagious Vorrac": 555, "Armored Scrapgorger_SB": 128, "Forest_SB": 1107, "Invasion of Fiora_SB": 1522, "An Offer You Can't Refuse": 62, "Malcolm, Alluring Scoundrel_SB": 1807, "The Monumental Facade": 2995, "Solphim, Mayhem Dominus": 2702, "Sardian Cliffstomper": 2494, "Magmatic Sprinter": 1796, "Churning Reservoir": 490, "Sardian Cliffstomper_SB": 2495, "Monastery Swiftspear_SB": 1923, "Magmatic Sprinter_SB": 1797, "Churning Reservoir_SB": 491, "Zoyowa's Justice": 3486, "Trial of Agony": 3140, "Ojer Axonil, Deepest Might": 2041, "Generous Plunderer": 1168, "Brazen Collector": 326, "Firebrand Archer": 1065, "Leyline of Resonance_SB": 1704, "Ancestors' Aid_SB": 68, "Slickshot Show-Off_SB": 2686, "Gaea's Gift_SB": 1150, "Give In to Violence_SB": 1210, "Cityscape Leveler_SB": 497, "Nahiri's Resolve_SB": 1963, "Scrapwork Mutt": 2529, "Abandoned Campground": 1, "Kitnap_SB": 1633, "Braids, Arisen Nightmare_SB": 313, "Obyra, Dreaming Duelist": 2036, "Repel Calamity_SB": 2362, "Delney, Streetwise Lookout": 693, "Hare Apparent": 1339, "No Witnesses": 2006, "Stroke of Midnight": 2839, "Impact Tremors": 1471, "Pile On": 2168, "Call a Surprise Witness": 393, "Giant Cindermaw_SB": 1195, "Micromancer": 1864, "Ygra, Eater of All": 3465, "Maha, Its Feathers Night": 1799, "Massacre Girl, Known Killer": 1833, "Daggerfang Duo": 630, "Moonstone Harbinger": 1934, "Pestilent Syphoner": 2141, "Hoarding Recluse": 1427, "Deathbloom Gardener": 664, "Drown in Ichor_SB": 816, "Ghired, Mirror of the Wilds": 1184, "Bloodfeather Phoenix": 251, "Rakdos, the Muscle": 2280, "Rakdos, the Muscle_SB": 2281, "Rakdos Joins Up_SB": 2278, "Massacre Girl, Known Killer_SB": 1834, "Unyielding Gatekeeper": 3240, "Ghalta and Mavren": 1180, "Progenitus": 2221, "Manifest Dread": 1813, "Hide in Plain Sight": 1411, "Threats Around Every Corner": 3052, "Crystal Barricade": 612, "Green Sun's Twilight_SB": 1290, "Witness Protection": 3444, "Oblivious Bookworm": 2032, "Growing Dread": 1302, "Bubble Smuggler": 362, "Cryptid Inspector": 611, "Exit Specialist": 941, "Cursed Windbreaker": 624, "Break Down the Door": 331, "Surrak and Goreclaw": 2877, "Hard-Hitting Question_SB": 1337, "Polukranos Reborn_SB": 2195, "Hazardroot Herbalist": 1357, "Rabbit Response": 2256, "Treeguard Duo": 3138, "Uncharted Haven": 3191, "Warren Elder": 3392, "Head of the Homestead": 1361, "Head of the Homestead_SB": 1362, "Grab the Prize_SB": 1268, "Stroke of Midnight_SB": 2840, "Slagstorm": 2673, "Valley Flamecaller": 3274, "Dragonmaster Outcast": 796, "Magda, the Hoardmaster": 1790, "Tinybones, Bauble Burglar": 3086, "Hellspur Posse Boss": 1381, "Hellspur Brute_SB": 1380, "Cynical Loner_SB": 629, "Astor, Bearer of Blades": 141, "Bladehold War-Whip": 230, "Kellan, the Fae-Blooded": 1617, "Kemba, Kha Enduring": 1618, "Rebel Salvo": 2319, "Swiftfoot Boots": 2885, "Sword of Forge and Frontier": 2889, "Astor, Bearer of Blades_SB": 142, "Hidetsugu and Kairi": 1413, "Consuming Aberration": 554, "Knight of Dusk's Shadow": 1637, "Soul-Guide Lantern": 2715, "No One Left Behind_SB": 2005, "Dusk Legion Duelist": 825, "Stocking the Pantry": 2814, "Botanical Brawler": 300, "Tribute to the World Tree": 3142, "Railway Brawler": 2273, "Collector's Cage_SB": 525, "Evolved Sleeper": 937, "Friendly Teddy": 1126, "Rankle's Prank_SB": 2295, "Consumed by Greed_SB": 553, "Patchwork Banner": 2121, "Hop to It_SB": 1435, "Guardian of Ghirapur": 1309, "Desperate Bloodseeker": 713, "Rampaging Spiketail": 2291, "Barkform Harvester": 186, "Fae Flight_SB": 971, "Phoenix Chick": 2147, "Rush of Dread_SB": 2465, "Kitesail Larcenist_SB": 1632, "Magebane Lizard": 1791, "Ravine Raider": 2305, "Final Flourish_SB": 1057, "Time Stop_SB": 3080, "Drag the Canal_SB": 780, "Unnatural Restoration_SB": 3222, "Infectious Inquiry_SB": 1485, "Volcanic Spite": 3353, "Grab the Prize": 1267, "Taii Wakeen, Perfect Shot": 2902, "Unruly Catapult": 3225, "Glassworks // Shattered Yard_SB": 1225, "Samut, Vizier of Naktamun": 2485, "Rakdos Guildgate": 2276, "Izzet Guildgate": 1552, "Selesnya Guildgate": 2570, "Orzhov Guildgate": 2067, "Gruul Guildgate": 1305, "Boros Guildgate": 297, "Azorius Guildgate": 166, "Dimir Guildgate": 730, "Golgari Guildgate": 1261, "Maze's End": 1839, "Circuitous Route": 494, "Expedition Map": 944, "Dust Animus": 828, "Tribute to the World Tree_SB": 3143, "Hulking Metamorph": 1449, "Rest in Peace": 2373, "Surge Engine_SB": 2869, "Fake Your Own Death": 982, "Invasion of Ergamon": 1521, "Break Out_SB": 333, "Flamewake Phoenix_SB": 1076, "Beastie Beatdown_SB": 201, "Ego Drain_SB": 851, "Hearthborn Battler_SB": 1372, "Vengeful Possession": 3306, "Rabid Gnaw_SB": 2259, "Repair and Recharge": 2361, "Step Between Worlds_SB": 2806, "Hexgold Halberd": 1404, "Sporogenic Infection": 2766, "Skyfisher Spider_SB": 2665, "Kroxa and Kunoros": 1662, "Festerleech": 1045, "Fallaji Archaeologist_SB": 984, "The Wandering Rescuer_SB": 3018, "Oracle of Tragedy": 2061, "Tarrian's Journal": 2918, "Felidar Cub": 1030, "Knight-Errant of Eos_SB": 1642, "Dusk Rose Reliquary_SB": 827, "Ruthless Lawbringer_SB": 2469, "Felidar Cub_SB": 1031, "Worldwalker Helm": 3449, "Torch the Witness": 3114, "Detective's Satchel": 720, "Forensic Gadgeteer_SB": 1104, "Ice Out_SB": 1461, "Banishing Light": 180, "Evolving Adaptive": 938, "Garruk's Uprising_SB": 1157, "Unauthorized Exit": 3189, "Let's Play a Game_SB": 1699, "Chart a Course_SB": 480, "Johann's Stopgap_SB": 1571, "Flow of Knowledge_SB": 1094, "Roaming Throne_SB": 2422, "Quintorius Kand_SB": 2255, "Soul Search": 2712, "Surgical Suite && Hospital Room": 2873, "Razorlash Transmogrant": 2309, "Shrouded Shepherd": 2623, "Wandertale Mentor": 3381, "Vodalian Mindsinger_SB": 3346, "Llanowar Elves_SB": 1737, "Bonehoard Dracosaur_SB": 284, "Norin, Swift Survivalist": 2009, "Trapped in the Screen": 3131, "Ragged Playmate": 2270, "Trapped in the Screen_SB": 3132, "Ragged Playmate_SB": 2271, "Norin, Swift Survivalist_SB": 2010, "Splitskin Doll_SB": 2765, "Fear of Surveillance_SB": 1014, "Grand Entryway // Elegant Rotunda_SB": 1276, "Zurgo and Ojutai": 3490, "Dead Weight_SB": 654, "Think Twice_SB": 3022, "Take for a Ride_SB": 2909, "Fleeting Flight": 1081, "Mosswood Dreadknight_SB": 1940, "Boltwave_SB": 278, "Enduring Courage_SB": 888, "War Squeak_SB": 3384, "Spirebluff Canal_SB": 2757, "Chandra, Flameshaper_SB": 463, "Fumigate": 1138, "Blazing Crescendo": 237, "Ajani, Sleeper Agent": 43, "Great Train Heist": 1285, "Glimmerlight": 1231, "Fiendish Panda": 1049, "Ashnod's Harvester": 135, "Warhost's Frenzy": 3389, "Geralf, the Fleshwright": 1171, "Geralf, the Fleshwright_SB": 1172, "Claim Jumper_SB": 500, "Mirrex_SB": 1882, "Tectonic Hazard": 2925, "Chainsaw_SB": 461, "Vampire Gourmand": 3285, "Vraan, Executioner Thane": 3368, "Eaten Alive_SB": 843, "Wojek Investigator": 3446, "Rustler Rampage": 2466, "Recommission_SB": 2329, "Heroic Reinforcements": 1401, "Searslicer Goblin_SB": 2547, "Lost in the Maze_SB": 1764, "Stormchaser's Talent_SB": 2827, "Phyrexian Missionary": 2156, "Case of the Locked Hothouse_SB": 423, "Cactarantula": 385, "Stromkirk Noble": 2841, "Ojer Pakpatiq, Deepest Epoch": 2042, "Disturbing Conversion_SB": 753, "Enduring Vitality_SB": 896, "Koth, Fire of Resistance": 1653, "Lithomantic Barrage": 1730, "Audience with Trostani_SB": 149, "Leyline of the Void": 1708, "Sentinel of Lost Lore": 2571, "Wylie Duke, Atiin Hero": 3460, "Stoke the Flames": 2819, "Defiler of Dreams_SB": 691, "Omen Hawker": 2048, "Virtue of Knowledge": 3331, "Valgavoth's Onslaught_SB": 3269, "Kutzil's Flanker": 1665, "Extraordinary Journey": 960, "Gold Pan": 1256, "Extraordinary Journey_SB": 961, "Nurturing Pixie_SB": 2023, "Fear of Lost Teeth": 1010, "Horrid Vigor": 1441, "Flesh Burrower": 1083, "Let's Play a Game": 1698, "Winter's Intervention": 3431, "Grasping Longneck": 1277, "Wickerfolk Thresher": 3417, "Cackling Slasher": 383, "Fear of the Dark": 1015, "Balemurk Leech": 171, "Give In to Violence": 1209, "Innocuous Rat": 1491, "Bashful Beastie": 191, "Defiant Survivor": 685, "Meathook Massacre II": 1844, "Vile Mutilator": 3322, "Moonshaker Cavalry": 1932, "Pearl of Wisdom": 2127, "Analyze the Pollen_SB": 66, "Corpses of the Lost_SB": 573, "Mistbreath Elder": 1894, "Bushwhack_SB": 381, "Mistbreath Elder_SB": 1895, "Realmbreaker's Grasp_SB": 2315, "Treeguard Duo_SB": 3139, "Stickytongue Sentinel_SB": 2810, "Sunshower Druid_SB": 2863, "Tumbleweed Rising_SB": 3151, "Polliwallop_SB": 2192, "Leyline of Transformation": 1706, "Saheeli's Lattice": 2478, "Hopeless Nightmare_SB": 1438, "Thrill of Possibility": 3062, "Etali, Primal Storm_SB": 930, "Idyllic Beachfront": 1465, "Adamant Will": 17, "Goldvein Pick": 1260, "Moment of Triumph": 1914, "Pilfer": 2170, "Public Thoroughfare": 2231, "Roaming Throne": 2421, "Undying Malice": 3205, "Cancel_SB": 398, "Opt_SB": 2057, "Requisition Raid": 2366, "Anointed Peacekeeper_SB": 92, "Connecting the Dots_SB": 549, "Voracious Varmint_SB": 3363, "Ambush Wolf_SB": 59, "Makeshift Binding": 1803, "Deadly Riposte_SB": 661, "Nettle Guard_SB": 1981, "Dismal Backwater": 741, "Pelakka Wurm": 2131, "Extract a Confession_SB": 959, "Soul-Shackled Zombie_SB": 2718, "Unauthorized Exit_SB": 3190, "Invasion of Regatha": 1530, "Hidetsugu's Second Rite": 1415, "Jump Scare_SB": 1578, "Progenitus_SB": 2222, "Dewdrop Cure": 726, "Harvestrite Host": 1346, "Family Reunion_SB": 985, "Cut Short_SB": 627, "Annihilating Glare": 86, "Fanatical Offering": 988, "Sword of Wealth and Power": 2893, "Empyrean Eagle": 881, "Tranquil Cove": 3125, "Griffnaut Tracker_SB": 1298, "Lassoed by the Law": 1673, "Skulduggery": 2656, "Skulduggery_SB": 2657, "Mabel's Mettle": 1782, "Dead Weight": 653, "Minor Misstep": 1876, "Hopeful Vigil": 1436, "Restricted Office // Lecture Hall": 2391, "Central Elevator // Promising Stairs": 455, "Creeping Peeper": 597, "Underwater Tunnel // Slimy Aquarium": 3204, "Erratic Apparition": 914, "Dazzling Theater // Prop Room": 652, "Fear of Falling": 1003, "Fear of Abduction": 999, "Lionheart Glimmer": 1728, "Tunnel Surveyor_SB": 3155, "Stalked Researcher_SB": 2784, "Guide of Souls": 1311, "Ocelot Pride": 2037, "Ragavan, Nimble Pilferer": 2268, "Ajani, Nacatl Pariah": 42, "Phlage, Titan of Fire's Fury": 2146, "Galvanic Discharge": 1153, "Thraben Charm": 3044, "Static Prison": 2795, "Goblin Bombardment": 1246, "Arena of Glory": 117, "Arid Mesa": 122, "Flooded Strand": 1085, "Marsh Flats": 1830, "Sacred Foundry": 2474, "Fable of the Mirror-Breaker": 965, "Showdown of the Skalds": 2620, "Windswept Heath": 3429, "Fear, Fire, Foes!_SB": 1016, "Orim's Chant_SB": 2064, "Surgical Extraction_SB": 2872, "Drannith Magistrate_SB": 803, "Stony Silence_SB": 2821, "Wear // Tear_SB": 3403, "Showdown of the Skalds_SB": 2621, "Obsidian Charmaw_SB": 2033, "Polluted Delta": 2193, "Scalding Tarn": 2507, "Misty Rainforest": 1899, "Bloodstained Mire": 259, "Watery Grave": 3399, "Steam Vents": 2799, "Sink into Stupor": 2642, "Spell Snare": 2737, "Unearth": 3206, "Thoughtseize": 3040, "Fatal Push": 993, "Faithless Looting": 981, "Tamiyo, Inquisitive Student": 2915, "Psychic Frog": 2229, "Counterspell": 588, "Persist": 2137, "Force of Negation": 1100, "Brazen Borrower": 324, "Archon of Cruelty": 114, "Nihil Spellbomb_SB": 1993, "Consign to Memory_SB": 551, "Harbinger of the Seas_SB": 1333, "Stern Scolding_SB": 2809, "Fable of the Mirror-Breaker_SB": 966, "Blazing Rootwalla": 239, "Burning Inquiry": 373, "Detective's Phoenix": 719, "Flameblade Adept": 1072, "Goblin Lore": 1250, "Hollow One": 1429, "Lightning Bolt": 1715, "Stomping Ground": 2820, "Street Wraith": 2837, "Vengevine": 3308, "Wooded Foothills": 3447, "Cursed Totem_SB": 623, "Meltdown_SB": 1851, "Barbarian Ring": 184, "Sunbaked Canyon": 2852, "Eidolon of the Great Revel": 852, "Goblin Guide": 1249, "Lava Spike": 1680, "Rift Bolt": 2399, "Searing Blaze": 2544, "Skewer the Critics": 2648, "Skullcrack": 2660, "Flare of Duplication": 1077, "Smash to Smithereens_SB": 2689, "Faerie Macabre_SB": 976, "Ensnaring Bridge_SB": 902, "Primeval Titan": 2213, "Arboreal Grazer": 100, "Dryad of the Ilysian Grove": 820, "Dryad Arbor": 817, "Amulet of Vigor": 61, "Summoner's Pact": 2849, "Green Sun's Zenith": 1291, "Explore": 951, "Scapeshift": 2512, "Boseiju, Who Endures": 298, "Crumbling Vestige": 605, "Lotus Field": 1765, "Gruul Turf": 1307, "Simic Growth Chamber": 2638, "Hanweir Battlements": 1330, "Echoing Deeps": 845, "Mirrorpool": 1885, "Shifting Woodland": 2601, "Otawara, Soaring City": 2074, "Urza's Saga": 3260, "Valakut, the Molten Pinnacle": 3265, "Vesuva": 3310, "Tolaria West": 3104, "Urza's Cave": 3258, "Bojuka Bog_SB": 275, "Defense Grid_SB": 684, "Endurance_SB": 886, "Force of Vigor_SB": 1101, "Dismember_SB": 742, "Tireless Tracker_SB": 3090, "Vampires' Vengeance_SB": 3289, "Collector Ouphe_SB": 523, "Indomitable Creativity": 1479, "Prismatic Ending": 2216, "Wrenn and Six": 3456, "Blood Crypt": 247, "Xander's Lounge": 3461, "Jetmir's Garden": 1565, "Dwarven Mine": 834, "Boseiju, Who Endures_SB": 299, "Toxic Deluge_SB": 3121, "Hurkyl's Recall_SB": 1454, "Damping Sphere_SB": 634, "Cling to Dust": 511, "Harbinger of the Seas": 1332, "Murktide Regent": 1954, "Preordain": 2208, "Thought Scour": 3037, "Engineered Explosives_SB": 899, "Mystical Dispute_SB": 1962, "Spell Pierce_SB": 2736, "The Meathook Massacre_SB": 2991, "Orcish Bowmasters": 2063, "Godless Shrine": 1255, "Seasoned Pyromancer": 2556, "Phelia, Exuberant Shepherd": 2145, "Wrath of the Skies_SB": 3452, "Thoughtseize_SB": 3041, "Legion Loyalist": 1692, "Goblin Bushwhacker": 1247, "Devastating Summons": 722, "Reckless Bushwhacker": 2321, "Goblin Grenade": 1248, "Goblin Piledriver": 1252, "Mogg War Marshal": 1903, "Skirk Prospector": 2649, "Foundry Street Denizen": 1117, "Den of the Bugbear": 706, "Sokenzan, Crucible of Defiance": 2699, "Tormod's Crypt_SB": 3116, "Shattering Spree_SB": 2592, "Blood Moon_SB": 249, "Magus of the Moon_SB": 1798, "Reality Hemorrhage_SB": 2313, "Ziatora's Proving Ground": 3478, "Veil of Summer_SB": 3298, "Terastodon_SB": 2948, "Consider": 550, "Graveyard Trespasser": 1279, "Exquisite Firecraft_SB": 953, "Searing Blood_SB": 2545, "Tunnel Ignus_SB": 3153, "Vexing Bauble": 3316, "Hexdrinker_SB": 1403, "Colossal Skyturtle_SB": 532, "Generous Ent_SB": 1167, "Grist, the Hunger Tide_SB": 1301, "Chained to the Rocks": 458, "Chained to the Rocks_SB": 459, "Ragavan, Nimble Pilferer_SB": 2269, "Corrupt": 576, "Giant Growth_SB": 1197, "Come Back Wrong": 538, "Glassworks // Shattered Yard": 1224, "Talion, the Kindly Lord": 2914, "Slice from the Shadows": 2681, "Over the Edge_SB": 2083, "Poison Dart Frog_SB": 2189, "Beamtown Beatstick": 199, "Diamond Pick-Axe": 729, "Sunfire Torch": 2858, "Celestial Armor": 452, "Carrot Cake_SB": 416, "Edgewall Inn": 848, "Grievous Wound_SB": 1297, "Goliath Hatchery_SB": 1263, "Cathartic Parting_SB": 437, "Balmor, Battlemage Captain": 174, "Bria, Riptide Rogue": 339, "Freeze in Place": 1122, "Relic's Roar": 2355, "Run Away Together_SB": 2456, "Scalding Viper_SB": 2509, "Harrier Strix": 1343, "Snaremaster Sprite": 2696, "The Filigree Sylex": 2975, "Living Phone": 1735, "Hardened Escort": 1338, "Unsettling Twins": 3227, "The Jolly Balloon Man": 2984, "Holy Cow": 1431, "Unsettling Twins_SB": 3228, "Raccoon Rallier_SB": 2260, "Feather of Flight_SB": 1019, "Rogue's Passage_SB": 2433, "Possessed Goat_SB": 2203, "The Jolly Balloon Man_SB": 2985, "Hammerhand_SB": 1329, "Heartfire Hero_SB": 1366, "Inti, Seneschal of the Sun_SB": 1507, "Pests of Honor": 2142, "Nettle Guard": 1980, "Three Blind Mice": 3053, "Dauntless Dismantler_SB": 643, "Phoenix Chick_SB": 2148, "Gleaming Barrier": 1226, "Gleaming Barrier_SB": 1227, "Solemn Simulacrum_SB": 2701, "Twinferno_SB": 3160, "Sure Strike_SB": 2867, "Mirran Banesplitter": 1880, "Heartfire Immolator": 1367, "Dwarven Forge-Chanter": 833, "Whiskerquill Scribe": 3411, "Sure Strike": 2866, "Ghitu Amplifier": 1185, "Furious Bellow": 1142, "Ancestors' Aid": 67, "Keldon Flamesage": 1608, "Brambleguard Captain": 317, "Johann, Apprentice Sorcerer": 1572, "Kraum, Violent Cacophony": 1657, "Razzle-Dazzler": 2312, "Vesuvan Drifter": 3311, "Thopter Mechanic": 3031, "Nightwhorl Hermit": 1992, "Iron-Fist Pulverizer": 1541, "Pyrotechnic Performer": 2243, "Fear of Burning Alive": 1002, "Swiftwater Cliffs": 2887, "Molten Tributary": 1911, "Defabricate": 680, "Aspirant's Ascent": 136, "Stop Cold": 2822, "Mishra's Command_SB": 1891, "Plan the Heist_SB": 2181, "Sleight of Hand_SB": 2680, "Kellan, Planar Trailblazer_SB": 1616, "Trick Shot_SB": 3144, "Violent Urge_SB": 3326, "Involuntary Cooldown_SB": 1539, "Out of Air_SB": 2076, "Charge of the Mites_SB": 475, "Halo Hopper": 1327, "Hellspur Posse Boss_SB": 1382, "Grand Abolisher": 1272, "Unnerving Grasp": 3223, "Make Your Move_SB": 1801, "Fynn, the Fangbearer_SB": 1148, "Harbinger of the Tides": 1334, "Harbinger of the Tides_SB": 1335, "Pile On_SB": 2169, "Cat Collector": 433, "Bottomless Pool && Locker Room_SB": 303, "Growing Rites of Itlimoc": 1303, "Flowstone Infusion": 1096, "Jump Scare": 1577, "Niko, Light of Hope": 1994, "Tunnel Surveyor": 3154, "Stalked Researcher": 2783, "Enter the Enigma_SB": 905, "Fear of Isolation_SB": 1009, "Into the Roil": 1512, "Into the Roil_SB": 1513, "Ayara, Widow of the Realm": 163, "Coruscation Mage": 580, "Throw from the Saddle": 3065, "Arachnoid Adaptation": 96, "Hammerhand": 1328, "War Squeak": 3383, "Longstalk Brawl_SB": 1749, "Thrill of Possibility_SB": 3063, "Season of Gathering": 2548, "Warren Warleader": 3393, "Seasoned Warrenguard_SB": 2558, "Lionheart Glimmer_SB": 1729, "Horrid Vigor_SB": 1442, "Omnivorous Flytrap_SB": 2054, "Roc Hunter": 2428, "Feldon, Ronom Excavator": 1029, "Scalding Viper": 2508, "Trial of Agony_SB": 3141, "Adventuring Gear_SB": 21, "Vicious Clown_SB": 3321, "Fear of Being Hunted_SB": 1001, "Rite of the Dragoncaller_SB": 2412, "Ghostly Dancers": 1190, "Demonic Pact_SB": 703, "Splash Portal_SB": 2761, "Valorous Stance": 3283, "Lodestone Needle": 1743, "Scytheclaw Raptor_SB": 2539, "Sawblade Skinripper_SB": 2503, "Pitiless Carnage_SB": 2177, "Bring the Ending_SB": 344, "Season of Loss_SB": 2551, "Zephyr Singer": 3474, "Spell Pierce": 2735, "Grim Bauble": 1299, "Momentum Breaker": 1917, "Sunbillow Verge": 2853, "Molt Tender": 1905, "Draconautics Engineer": 777, "Loot, the Pathfinder": 1752, "Afterburner Expert": 29, "Dredger's Insight": 812, "Restless Spire_SB": 2387, "Debris Beetle": 667, "Wastewood Verge": 3396, "Vein Ripper_SB": 3300, "Ketramose, the New Dawn": 1619, "Bleachbone Verge": 240, "Intimidation Tactics": 1508, "Outpace Oblivion_SB": 2080, "Oildeep Gearhulk": 2039, "Haunt the Network_SB": 1350, "Bloodghast": 254, "Lunar Convocation_SB": 1774, "Bartolom\u00e9 del Presidio_SB": 190, "Valley Rotcaller_SB": 3280, "Oildeep Gearhulk_SB": 2040, "Ride's End": 2397, "Defend the Rider": 682, "Hazoret, Godseeker": 1359, "Eriette of the Charmed Apple": 910, "Surgical Suite // Hospital Room_SB": 2876, "Gleeful Demolition_SB": 1230, "Monument to Endurance": 1930, "Willowrush Verge": 3423, "Cunning Coyote_SB": 618, "Thousand Moons Smithy": 3042, "Transmutation Font": 3130, "Braided Net_SB": 311, "Intimidation Tactics_SB": 1509, "The Speed Demon_SB": 3009, "Bounce Off": 306, "Nesting Bot": 1978, "Grim Bauble_SB": 1300, "Voyage Home": 3365, "Perilous Snare": 2135, "Chandra, Spark Hunter_SB": 467, "Momentum Breaker_SB": 1918, "Quag Feast": 2247, "Gastal Raider_SB": 1160, "Overgrown Zealot": 2086, "Transit Mage": 3129, "Brightglass Gearhulk": 341, "Voyager Glidecar": 3366, "Voyager Glidecar_SB": 3367, "Debris Beetle_SB": 668, "Fuel the Flames": 1133, "Skycrash": 2662, "Riverpyre Verge": 2420, "Broadside Barrage_SB": 352, "Fuel the Flames_SB": 1134, "Dropkick Bomber": 814, "Howlsquad Heavy": 1445, "Reckless Lackey": 2323, "Amonkhet Raceway": 60, "Marauding Mako": 1820, "Scrounging Skyray": 2537, "Broadside Barrage": 351, "Boosted Sloop": 293, "Bounce Off_SB": 307, "Thopter Fabricator_SB": 3030, "Count on Luck_SB": 587, "Mendicant Core, Guidelight": 1853, "Mu Yanling, Wind Rider": 1945, "The Skullspore Nexus": 3006, "Regal Imperiosaur": 2347, "Intrepid Paleontologist_SB": 1515, "Overlord of the Hauntwoods_SB": 2094, "Agonasaur Rex": 35, "Sandstalker Moloch_SB": 2486, "The Aetherspark": 2961, "Bringer of the Last Gift": 345, "Terisian Mindbreaker": 2949, "Skitterbeam Battalion": 2651, "Riverchurn Monument": 2417, "Diversion Unit": 758, "Gastal Thrillroller_SB": 1162, "Monument to Endurance_SB": 1931, "Spectacular Pileup": 2728, "Riptide Gearhulk": 2404, "Burnout Bashtronaut": 375, "Greasewrench Goblin": 1281, "Lifecraft Engine": 1712, "Gastal Thrillroller": 1161, "Coalstoke Gearhulk_SB": 515, "Visage Bandit": 3338, "Waxen Shapethief": 3400, "Coalstoke Gearhulk": 514, "Locust Spray": 1742, "Webstrike Elite": 3406, "Memory Guardian": 1852, "Shoreline Looter": 2619, "Engine Rat_SB": 898, "Zahur, Glory's Past": 3472, "Quag Feast_SB": 2248, "Essence Channeler_SB": 924, "Lunar Insight": 1775, "Atraxa's Fall_SB": 145, "Gruff Triplets": 1304, "Captain Howler, Sea Scourge": 405, "Jodah, the Unifier_SB": 1570, "Thunderous Velocipede": 3074, "Invasion of Regatha_SB": 1531, "Ketramose, the New Dawn_SB": 1620, "Dune Drifter": 822, "Ride's End_SB": 2398, "Chandra, Spark Hunter": 466, "Rampaging Raptor": 2289, "Agonasaur Rex_SB": 36, "Repurposing Bay": 2365, "Perilous Snare_SB": 2136, "Expel the Interlopers_SB": 946, "Visage of Dread": 3339, "Pit Automaton": 2174, "Visage of Dread_SB": 3340, "The Last Ride_SB": 2989, "Aether Syphon_SB": 26, "Red Sun's Twilight_SB": 2333, "Phyrexian Dragon Engine": 2153, "Mishra, Claimed by Gix": 1893, "Coiling Rebirth_SB": 519, "Collision Course_SB": 529, "Caelorna, Coral Tyrant_SB": 386, "Sazacap's Brew": 2506, "Invasion of Mercadia": 1529, "Playful Shove": 2183, "Lightwheel Enhancements": 1720, "The Speed Demon": 3008, "Gas Guzzler": 1158, "Spectral Interference_SB": 2733, "Say Its Name_SB": 2505, "Gastal Thrillseeker": 1163, "Far Fortune, End Boss": 991, "Overrun_SB": 2100, "Wardens of the Cycle_SB": 3388, "Painful Quandary_SB": 2110, "Leaf-Crowned Visionary_SB": 1687, "Mossborn Hydra_SB": 1938, "Drag to the Roots_SB": 783, "Stock Up": 2812, "Spectacular Pileup_SB": 2729, "Flow of Knowledge": 1093, "Claim Jumper": 499, "Starscape Cleric_SB": 2791, "Flotsam // Jetsam_SB": 1091, "Soul of Windgrace": 2714, "Melira, the Living Cure_SB": 1850, "Bloated Contaminator_SB": 246, "Diversion Unit_SB": 759, "Tyrox, Saurid Tyrant": 3174, "Engine Rat": 897, "Teysa, Opulent Oligarch": 2958, "Gonti, Night Minister": 1264, "Muraganda Raceway": 1951, "Gumdrop Poisoner": 1315, "Mindspring Merfolk": 1875, "Zephyr Singer_SB": 3475, "Tomik, Wielder of Law_SB": 3111, "Conduit of Worlds_SB": 545, "Optimistic Scavenger_SB": 2059, "Esoteric Duplicator": 922, "Explosive Derailment_SB": 952, "Mishra's Command": 1890, "Ratadrabik of Urborg": 2298, "Webstrike Elite_SB": 3407, "Heliod, the Radiant Dawn": 1377, "Twinblade Blessing": 3159, "Restless Anchorage_SB": 2376, "Defend the Rider_SB": 683, "Fearless Swashbuckler": 1017, "Unctus, Grand Metatect": 3192, "The Aetherspark_SB": 2962, "Lumbering Worldwagon": 1768, "Overrun": 2099, "The Last Ride": 2988, "Ancient Vendetta_SB": 72, "Demonic Junker": 700, "Nexus of Becoming": 1986, "Unstable Glyphbridge_SB": 3230, "Ancient Vendetta": 71, "Basri, Tomorrow's Champion": 194, "Skyseer's Chariot_SB": 2669, "Lassoed by the Law_SB": 1674, "Blast Zone_SB": 235, "Reclamation Sage": 2326, "Ashiok, Wicked Manipulator_SB": 134, "Third Path Iconoclast_SB": 3024, "Thalia and The Gitrog Monster_SB": 2960, "Ferocification_SB": 1043, "Become Brutes": 203, "Sword of Forge and Frontier_SB": 2890, "Veteran Survivor": 3314, "Kellan, Inquisitive Prodigy_SB": 1614, "Caradora, Heart of Alacria": 409, "Veteran Beastrider": 3313, "Skyseer's Chariot": 2668, "Valor's Flagship": 3281, "The Elder Dragon War_SB": 2968, "Spring-Loaded Sawblades_SB": 2770, "Urza's Command_SB": 3259, "Dive Down": 756, "Scrollshift_SB": 2536, "Full Throttle_SB": 1137, "Loot, the Key to Everything_SB": 1751, "Loot, the Pathfinder_SB": 1753, "Twining Twins": 3162, "Threadbind Clique": 3051, "Boommobile": 289, "Forging the Anchor": 1108, "Radiant Lotus": 2264, "The Mightstone and Weakstone_SB": 2993, "Boommobile_SB": 290, "Radiant Lotus_SB": 2265, "Volley Veteran": 3358, "Bloodthorn Flail": 261, "Flamewake Phoenix": 1075, "Cryptcaller Chariot_SB": 607, "Riptide Gearhulk_SB": 2405, "Riverchurn Monument_SB": 2418, "Spiteful Hexmage_SB": 2759, "Thopter Fabricator": 3029, "Furnace Host Charger": 1143, "Clamorous Ironclad": 503, "Wishing Well": 3437, "Frolicking Familiar": 1127, "Alania, Divergent Storm": 48, "Resplendent Angel_SB": 2371, "Tinker's Tote": 3083, "Cephalopod Sentry": 456, "Redshift, Rocketeer Chief": 2338, "Haunt the Network": 1349, "Sorcerous Spyglass": 2708, "Demonic Junker_SB": 701, "Halana and Alena, Partners_SB": 1321, "Valor's Flagship_SB": 3282, "Tocasia's Welcome_SB": 3103, "Stall Out": 2785, "Stall Out_SB": 2786, "Sovereign Okinec Ahau": 2726, "Gloryheath Lynx": 1239, "The Raven Man": 3000, "The Raven Man_SB": 3001, "Broodheart Engine": 354, "Gargantuan Leech": 1155, "Captivating Cave": 408, "Promising Vein": 2224, "Hidden Courtyard": 1406, "Bat Colony": 195, "Calamitous Cave-In": 387, "Hidden Volcano": 1410, "Marketback Walker": 1827, "Sylvan Scavenging": 2896, "Sab-Sunen, Luxa Embodied": 2472, "Simian Simulacrum": 2637, "Mold Adder_SB": 1904, "Boom Box": 287, "Possession Engine": 2204, "Conduit of Worlds": 544, "Broadcast Rambler": 350, "Virtue of Courage": 3329, "Leyline Binding_SB": 1702, "Likeness Looter": 1721, "Reluctant Role Model": 2356, "Bulwark Ox": 367, "Reluctant Role Model_SB": 2357, "The Goose Mother": 2978, "Market Gnome_SB": 1826, "Daretti, Rocketeer Engineer": 637, "Threefold Thunderhulk": 3060, "Tune Up": 3152, "Meteor Golem_SB": 1858, "Burnout Bashtronaut_SB": 376, "Gastal Raider": 1159, "Oviya, Automech Artisan": 2106, "Marketback Walker_SB": 1828, "The Skullspore Nexus_SB": 3007, "Cosmium Confluence": 584, "Festival of Embers": 1046, "Hidden Nursery": 1409, "Gossip's Talent": 1266, "Balustrade Wurm": 175, "Skycrash_SB": 2663, "Nexus of Becoming_SB": 1987, "Soulless Jailer_SB": 2720, "Collector's Vault_SB": 527, "Thran Spider_SB": 3049, "Akal Pakal, First Among Equals_SB": 46, "Sab-Sunen, Luxa Embodied_SB": 2473, "Earthrumbler": 839, "Oko, the Ringleader": 2044, "Forensic Researcher": 1105, "Deepfathom Echo": 677, "Chitin Gravestalker": 485, "Desperate Bloodseeker_SB": 714, "Starving Revenant_SB": 2792, "Steamcore Scholar_SB": 2801, "Ojer Pakpatiq, Deepest Epoch_SB": 2043, "Lavaspur Boots_SB": 1682, "Thunderous Velocipede_SB": 3075, "Fear of Infinity_SB": 1007, "Stock Up_SB": 2813, "Dredger's Insight_SB": 813, "Fauna Shaman_SB": 996, "Malcator, Purity Overseer": 1805, "Sunder the Gateway": 2854, "Night Market": 1989, "Stockpiling Celebrant": 2815, "Carrion Locust_SB": 414, "Skullcap Snail_SB": 2659, "Stockpiling Celebrant_SB": 2816, "Mocking Sprite": 1900, "Talion's Messenger": 2912, "Barrow Naughty": 188, "Faerie Slumber Party": 979, "Drag the Canal": 779, "Spellscorn Coven": 2742, "Etrata, Deadly Fugitive": 935, "Coerced to Kill": 517, "Unstoppable Plan_SB": 3231, "Shadow-Rite Priest": 2584, "Training Grounds": 3124, "Hoarding Broodlord": 1426, "Nahiri's Warcrafting_SB": 1964, "Baral and Kari Zev": 183, "Enigma Drake": 900, "Eroded Canyon": 912, "Trained Arynx": 3123, "Ornery Tumblewagg": 2065, "Giant Beaver": 1193, "Lagorin, Soul of Alacria": 1670, "Miriam, Herd Whisperer": 1879, "Congregation Gryff": 548, "Brightfield Glider": 340, "Run Over_SB": 2457, "Reject Imperfection_SB": 2351, "Vivisurgeon's Insight_SB": 3344, "Haunted Mire": 1351, "Overwhelming Remorse_SB": 2102, "Akal Pakal, First Among Equals": 45, "Forensic Gadgeteer": 1103, "Deduce_SB": 672, "Wreck Remover_SB": 3453, "Brave the Wilds": 323, "Fog of War_SB": 1098, "Oaken Siren": 2025, "Guidelight Optimizer": 1312, "Fountainport Bell": 1119, "Machine Over Matter_SB": 1786, "Armored Scrapgorger": 127, "Fierce Empath": 1051, "Spinewoods Paladin": 2752, "Phyrexian Missionary_SB": 2157, "Tranquil Cove_SB": 3126, "Exsanguinate_SB": 955, "Exsanguinate": 954, "Crumb and Get It_SB": 604, "Flame Lash": 1071, "Syr Ginger, the Meal Ender_SB": 2901, "Legion Extruder_SB": 1691, "Dawnwing Marshal": 647, "Savannah Lions": 2500, "Pitiless Carnage": 2176, "Fear of Infinity": 1006, "District Mascot": 751, "Shivan Devastator": 2606, "Zimone, Paradox Sculptor": 3479, "Tyvar, the Pummeler_SB": 3183, "Zopandrel, Hunger Dominus_SB": 3483, "Irreverent Gremlin": 1542, "Dynamite Diver": 837, "Guidelight Synergist": 1313, "Kolodin, Triumph Caster": 1648, "Burner Rocket": 372, "Cloudspire Skycycle": 513, "Frenzied Goblin": 1123, "Count on Luck": 586, "Doubling Season_SB": 773, "Fanatical Firebrand_SB": 987, "Frenzied Goblin_SB": 1124, "Reckless Lackey_SB": 2324, "Howlsquad Heavy_SB": 1446, "Rundvelt Hordemaster_SB": 2459, "Aurelia, the Warleader": 151, "Gilded Ghoda": 1201, "Vanish into Eternity_SB": 3292, "Voldaren Epicure": 3355, "Ensoul Artifact": 903, "Riverglide Pathway": 2419, "Darksteel Citadel": 642, "Shrapnel Blast": 2622, "Smuggler's Copter": 2691, "Rending Volley_SB": 2360, "Shadowspear_SB": 2585, "Voltage Surge_SB": 3360, "Aether Gust_SB": 25, "Annul_SB": 88, "Cragcrown Pathway": 591, "Mutavault": 1958, "Reckless Rage": 2325, "Soul-Scar Mage": 2717, "Hazoret the Fervent_SB": 1358, "Redcap Melee_SB": 2335, "Elvish Mystic": 876, "Nykthos, Shrine to Nyx": 2024, "Kiora, Behemoth Beckoner": 1625, "Cavalier of Thorns": 444, "Old-Growth Troll": 2046, "Lair of the Hydra": 1671, "Storm the Festival": 2823, "Ulvenwald Oddity": 3186, "Oath of Nissa": 2027, "Leyline of the Guildpact": 1707, "Emrakul, the Promised End_SB": 882, "Setessan Petitioner_SB": 2582, "Arasta of the Endless Web_SB": 99, "Ledger Shredder": 1689, "Arclight Phoenix": 116, "Fiery Impulse": 1054, "Lightning Axe": 1714, "Treasure Cruise": 3136, "Hall of Storm Giants": 1322, "Brazen Borrower_SB": 325, "Anger of the Gods_SB": 76, "Prismari Command_SB": 2215, "Omen of the Sea": 2050, "The Meathook Massacre": 2990, "Narset, Parter of Veils": 1966, "Field of Ruin": 1048, "Geier Reach Sanitarium": 1166, "Urborg, Tomb of Yawgmoth": 3253, "Clearwater Pathway": 509, "Hive of the Eye Tyrant": 1425, "Shipwreck Marsh": 2605, "Takenuma, Abandoned Mire": 2911, "Ashiok, Dream Render_SB": 131, "Yorion, Sky Nomad_SB": 3467, "Ashiok, Nightmare Muse_SB": 132, "Extinction Event_SB": 957, "Unlicensed Hearse_SB": 3219, "Ramunap Ruins": 2292, "Blightstep Pathway": 244, "Bloodtithe Harvester": 262, "Blade of the Oni": 229, "Hidetsugu Consumes All_SB": 1412, "Invoke Despair_SB": 1538, "Bishop of Wings": 220, "Righteous Valkyrie": 2400, "Resplendent Marshal": 2372, "Skyclave Apparition": 2661, "Collected Company": 520, "Kayla's Reconstruction": 1604, "Portable Hole": 2198, "Branchloft Pathway": 320, "Cave of the Frost Dragon": 445, "Overgrown Farmland": 2084, "Temple Garden": 2932, "Eiganjo, Seat of the Empire": 853, "Brutal Cathar_SB": 361, "Reidane, God of the Worthy_SB": 2348, "Archon of Absolution_SB": 113, "Shapers' Sanctuary_SB": 2587, "Brave the Elements_SB": 322, "Heroic Intervention_SB": 1400, "Kroxa, Titan of Death's Hunger": 1663, "Foreboding Ruins": 1102, "Invoke Despair": 1537, "Rakdos, Patron of Chaos": 2279, "Kolaghan's Command_SB": 1647, "Haunted Ridge": 1352, "Bonecrusher Giant": 281, "Burning-Tree Emissary": 374, "Chandra, Torch of Defiance": 468, "Collision // Colossus": 528, "Gruul Spellbreaker": 1306, "Kami's Flare": 1591, "Kumano Faces Kakkazan": 1664, "Pelt Collector": 2132, "Voltaic Brawler": 3361, "Zhur-Taa Goblin": 3477, "Bonecrusher Giant_SB": 282, "Chandra, Torch of Defiance_SB": 469, "Cindervines_SB": 493, "Kami's Flare_SB": 1592, "Roiling Vortex_SB": 2436, "Weathered Runestone_SB": 3405, "Sigarda's Aid": 2628, "Colossus Hammer": 534, "Raffine's Informant": 2266, "Sylvan Caryatid": 2895, "Eldritch Evolution": 856, "Overgrown Tomb": 2085, "Mana Confluence": 1811, "Soulflayer": 2719, "Collective Brutality_SB": 522, "Gifted Aetherborn_SB": 1198, "Bloodline Culling_SB": 258, "Deafening Silence_SB": 662, "Portable Hole_SB": 2199, "Grafdigger's Cage_SB": 1270, "Cauldron Familiar": 439, "Claim the Firstborn": 501, "Deadly Dispute": 659, "Mayhem Devil": 1838, "Witch's Oven": 3439, "Claim the Firstborn_SB": 502, "Ob Nixilis, the Adversary_SB": 2029, "Hallowed Fountain": 1324, "Indatha Triome": 1478, "Spara's Headquarters": 2727, "Zagoth Triome": 3471, "Vanishing Verse": 3293, "Leyline of Sanctity_SB": 1705, "Barrier Breach_SB": 187, "Knockout Blow_SB": 1643, "Stormcarved Coast": 2824, "Spikefield Hazard": 2749, "Izzet Charm": 1551, "Prismari Command": 2214, "Go Blank_SB": 1243, "Greasefang, Okiba Boss": 1280, "Parhelion II": 2118, "Shattered Sanctum": 2591, "Faithful Mending": 980, "Skysovereign, Consul Flagship": 2671, "Tainted Indulgence": 2905, "Collective Brutality": 521, "Raffine's Tower": 2267, "Stubborn Denial": 2843, "Dovin's Veto_SB": 774, "Silence_SB": 2630, "Fatal Push_SB": 994, "Vanishing Verse_SB": 3294, "Fetid Pools": 1047, "Yorion, Sky Nomad": 3466, "Breeding Pool": 338, "Linvala, the Preserver": 1727, "Enigmatic Incarnation": 901, "Savai Triome": 2499, "Thought Distortion_SB": 3036, "Archon of Emeria_SB": 115, "Ruric Thar, the Unbowed_SB": 2463, "Experimental Frenzy_SB": 949, "Claim // Fame": 498, "Infuriate": 1487, "Extinction Event": 956, "Castle Locthwain": 432, "Paradoxical Outcome": 2117, "Krenko's Buzzcrusher": 1658, "Furnace Punisher_SB": 1144, "Hearth Elemental_SB": 1371, "Laughing Jasper Flint_SB": 1679, "Rocky Roads": 2431, "Lumbering Worldwagon_SB": 1769, "Cosmic Rebirth_SB": 583, "Mimeoplasm, Revered One": 1872, "Devouring Sugarmaw": 724, "Amalia Benavides Aguirre_SB": 57, "Elas il-Kor, Sadistic Pilgrim_SB": 855, "Fiendish Panda_SB": 1050, "Knight of Dawn's Light_SB": 1636, "Spin Out_SB": 2750, "Ravine Raider_SB": 2306, "Cindering Cutthroat_SB": 492, "Steampath Charger_SB": 2802, "Risky Shortcut_SB": 2408, "Become Brutes_SB": 204, "Mondrak, Glory Dominus_SB": 1925, "Eddymurk Crab_SB": 847, "Tolarian Terror_SB": 3106, "Drake Hatcher_SB": 799, "Goblin Oriflamme": 1251, "Spectral Interference": 2732, "Ruthless Negotiation_SB": 2471, "Haughty Djinn_SB": 1348, "Etched Familiar": 932, "Map the Frontier": 1816, "No Witnesses_SB": 2007, "Winter, Cursed Rider": 3432, "Silken Strength": 2633, "Divine Resilience": 760, "Greenhouse // Rickety Gazebo": 1292, "Mirror Room // Fractured Realm": 1884, "Khenra Spellspear": 1621, "Radiant Grove": 2263, "Streetwise Negotiator_SB": 2838, "Herd Migration_SB": 1395, "Armored Armadillo_SB": 125, "Gixian Infiltrator_SB": 1215, "Kykar, Zephyr Awakener": 1669, "Realm-Scorcher Hellkite": 2314, "Sentinel of Lost Lore_SB": 2572, "Spyglass Siren_SB": 2773, "Lathril, Blade of the Elves_SB": 1677, "The Huntsman's Redemption_SB": 2981, "Gloryheath Lynx_SB": 1240, "Threefold Thunderhulk_SB": 3061, "Cryptcaller Chariot": 606, "Case of the Locked Hothouse": 422, "Walk-In Closet // Forgotten Cellar": 3379, "Primeval Bounty": 2211, "Commune with Evil": 540, "Thirsting Roots": 3025, "Mindsparker_SB": 1873, "Gigantosaurus": 1199, "Llanowar Greenwidow": 1738, "Llanowar Stalker": 1740, "Ghalta, Primal Hunger_SB": 1182, "Gigantosaurus_SB": 1200, "Disenchant": 737, "Captain Howler, Sea Scourge_SB": 406, "Cursed Recording_SB": 622, "Rangers' Refueler": 2293, "Meeting of Minds": 1847, "Steel Hellkite_SB": 2803, "Karn, Living Legacy_SB": 1595, "Quaketusk Boar": 2249, "Kellan Joins Up": 1610, "Ovika, Enigma Goliath_SB": 2105, "The Stasis Coffin": 3010, "The Everflowing Well": 2974, "Lukka, Bound to Ruin": 1766, "Bestow Greatness_SB": 210, "Leaping Ambush": 1688, "Raucous Theater_SB": 2304, "Flowstone Infusion_SB": 1097, "Alesha, Who Laughs at Fate_SB": 51, "Stern Lesson": 2807, "Stormkeld Vanguard_SB": 2828, "Progenitor Exarch": 2220, "Agatha of the Vile Cauldron": 31, "Moonshaker Cavalry_SB": 1933, "Bramble Familiar_SB": 316, "Annie Joins Up_SB": 85, "Primal Might_SB": 2210, "Detention Chariot": 721, "Push the Limit": 2239, "Gallant Strike": 1151, "Thundering Broodwagon": 3071, "Reckless Handling": 2322, "Ancient Den": 70, "Boros Garrison": 296, "Experimental Synthesizer": 950, "Galvanic Blast": 1152, "Glint Hawk": 1233, "Great Furnace": 1284, "Journey to Nowhere": 1574, "Kor Skyfisher": 1652, "Lembas": 1695, "Makeshift Munitions": 1804, "Relic of Progenitus": 2353, "Rustvale Bridge": 2467, "Thraben Inspector": 3046, "Dust to Dust_SB": 830, "Electrickery_SB": 857, "Prismatic Strands_SB": 2217, "Pyroblast_SB": 2240, "Red Elemental Blast_SB": 2332, "Relic of Progenitus_SB": 2354, "Boomerang": 288, "Brainstorm": 314, "Cryptic Serpent": 610, "Deep Analysis": 674, "Delver of Secrets": 694, "Dragon Wings": 788, "L\u00f3rien Revealed": 1781, "Mental Note": 1854, "Murmuring Mystic": 1956, "Ponder": 2197, "Sleep of the Dead": 2676, "Snow-Covered Island": 2698, "Blue Elemental Blast_SB": 271, "Deem Inferior_SB": 673, "Dispel_SB": 743, "Hydroblast_SB": 1459, "Jace's Phantasm_SB": 1555, "Murmuring Mystic_SB": 1957, "Sleep of the Dead_SB": 2677, "Radiant Fountain": 2262, "Goldmire Bridge": 1257, "Bojuka Bog": 274, "Orzhov Basilica": 2066, "Sunlit Marsh": 2860, "Troll of Khazad-d\u00fbm": 3147, "Eagles of the North": 838, "Dawnbringer Cleric": 646, "Omen of the Dead": 2049, "Cast Down": 430, "Accursed Marauder": 13, "Refurbished Familiar": 2340, "Vault of Whispers": 3295, "Suffocating Fumes": 2846, "Campfire_SB": 396, "Arms of Hadar_SB": 129, "Unmake_SB": 3220, "Accursed Marauder_SB": 14, "Cast Down_SB": 431, "Beckon Apparition_SB": 202, "Thraben Charm_SB": 3045, "Thorn of the Black Rose_SB": 3032, "Arashin Cleric_SB": 98, "Lazav, Wearer of Faces_SB": 1685, "Harmless Offering_SB": 1341, "Return Triumphant": 2393, "Souls of the Lost_SB": 2722, "Slickshot Lockpicker_SB": 2684, "Flashfreeze": 1078, "Interface Ace": 1505, "Sunpearl Kirin": 2861, "Synchronized Charge": 2898, "Heritage Reclamation_SB": 1397, "Magmatic Hellkite_SB": 1795, "Surrak, Elusive Hunter": 2879, "Surrak, Elusive Hunter_SB": 2880, "Elspeth, Storm Slayer": 869, "Rally the Monastery": 2287, "Cori Mountain Monastery": 566, "Dispelling Exhale": 744, "Jeskai Revelation": 1563, "Marang River Regent": 1817, "Shiko, Paragon of the Way": 2602, "Herd Heirloom": 1392, "Cori-Steel Cutter": 570, "Jeskai Revelation_SB": 1564, "Voice of Victory_SB": 3348, "Tersa Lightshatter": 2955, "Desperate Measures": 715, "Rot-Curse Rakshasa": 2441, "Elspeth, Storm Slayer_SB": 870, "United Battlefront": 3218, "Sandsteppe Citadel": 2487, "Skirmish Rhino": 2650, "Sage of the Skies_SB": 2476, "Tersa Lightshatter_SB": 2956, "Winternight Stories": 3433, "Auroral Procession": 152, "Opulent Palace": 2060, "Rakshasa's Bargain": 2282, "Mistrise Village": 1896, "Glacial Dragonhunt": 1217, "Mystic Monastery": 1961, "Stormshriek Feral": 2831, "Stormshriek Feral_SB": 2832, "Wild Ride": 3418, "Kishla Village": 1630, "Restless Vents_SB": 2389, "Cori-Steel Cutter_SB": 571, "Unending Whisper": 3207, "Roiling Dragonstorm": 2434, "Magmatic Hellkite": 1794, "Sarkhan, Dragon Ascendant": 2496, "Sarkhan, Soul Aflame": 2497, "Static Snare": 2796, "Cooped Up": 559, "Flamehold Grappler": 1074, "Gulping Scraptrap": 1314, "Pit of Offerings": 2175, "Static Snare_SB": 2797, "Kayla's Reconstruction_SB": 1605, "Tempest Hawk": 2931, "Rediscover the Way": 2336, "Frontline Rush": 1129, "Gilded Lotus_SB": 1202, "Fresh Start_SB": 1125, "Dalkovan Encampment": 631, "Frostcliff Siege": 1131, "Duty Beyond Death_SB": 832, "Frontier Bivouac": 1128, "Two-Headed Hunter_SB": 3172, "Songcrafter Mage": 2705, "Death Begets Life_SB": 663, "Bloomvine Regent": 266, "Encroaching Dragonstorm": 883, "Ugin, Eye of the Storms": 3184, "Drakuseth, Maw of Flames": 800, "Breaching Dragonstorm": 329, "Molten Exhale": 1909, "Molten Exhale_SB": 1910, "Awaken the Honored Dead": 158, "Caustic Exhale": 442, "Disruptive Stormbrood": 746, "Scavenger Regent // Exude Toxin // Scavenger Regent": 2514, "Teval, Arbiter of Virtue": 2957, "Caustic Exhale_SB": 443, "Fangkeeper's Familiar_SB": 990, "Ugin, Eye of the Storms_SB": 3185, "New Way Forward": 1984, "Dragonologist": 797, "Bulwark Ox_SB": 368, "Mandible Justiciar": 1812, "Temur Tawnyback": 2946, "Eshki Dragonclaw": 920, "Spinewoods Paladin_SB": 2753, "Dragon Sniper": 785, "Nature's Rhythm": 1969, "Broken Wings_SB": 353, "Voidwing Hybrid": 3349, "Torpor Orb": 3117, "Mercurial Spelldancer": 1856, "Blightbelly Rat_SB": 243, "Devoted Duelist": 723, "Prowcatcher Specialist_SB": 2228, "Ghitu Lavarunner_SB": 1187, "Fortress Kin-Guard": 1113, "Salt Road Packbeast": 2482, "Inspiring Overseer_SB": 1502, "Salt Road Packbeast_SB": 2483, "Slumbering Keepguard": 2687, "The Princess Takes Flight": 2998, "Great Arashin City": 1282, "Maelstrom of the Spirit Dragon": 1789, "Qarsi Revenant_SB": 2246, "Kishla Skimmer": 1629, "Roar of Endless Song_SB": 2423, "Keldon Strike Team": 1609, "Sidisi, Regent of the Mire": 2626, "Gingerbrute_SB": 1205, "Undergrowth Leopard_SB": 3203, "Scavenger Regent_SB": 2516, "Scavenger Regent": 2513, "Overwhelming Surge_SB": 2104, "Qarsi Revenant": 2245, "Spectral Denial": 2730, "Corroding Dragonstorm": 574, "Sage of the Skies": 2475, "Heritage Reclamation": 1396, "Bleachbone Verge_SB": 241, "Clarion Conqueror_SB": 506, "Voice of Victory": 3347, "Helga, Skittish Seer": 1375, "Helga, Skittish Seer_SB": 1376, "Rakshasa's Bargain_SB": 2283, "Mistrise Village_SB": 1897, "Case of the Pilfered Proof": 424, "Coordinated Maneuver_SB": 562, "Winternight Stories_SB": 3434, "Craterhoof Behemoth": 593, "Craterhoof Behemoth_SB": 594, "Descendant of Storms": 708, "Severance Priest": 2583, "Yathan Roadwatcher": 3463, "Animist's Might": 79, "Seedglaive Mentor": 2562, "Stadium Headliner": 2779, "Scavenger Regent // Exude Toxin // Scavenger Regent_SB": 2515, "Behind the Mask": 206, "Don't Make a Sound_SB": 766, "Marang River Regent_SB": 1818, "Channeled Dragonfire": 472, "New Way Forward_SB": 1985, "Rotisserie Elemental_SB": 2443, "Twists and Turns_SB": 3168, "Strategic Betrayal_SB": 2836, "Fangkeeper's Familiar": 989, "Simulacrum Synthesizer_SB": 2641, "Sagu Wildling": 2477, "Desperate Measures_SB": 716, "Muldrotha, the Gravetide_SB": 1950, "Sinkhole Surveyor": 2643, "Dragonback Assault": 790, "Rediscover the Way_SB": 2337, "Ringing Strike Mastery_SB": 2402, "Disruptive Stormbrood_SB": 747, "Tinybones, Bauble Burglar_SB": 3087, "Glacierwood Siege": 1219, "Roiling Dragonstorm_SB": 2435, "Ureni, the Song Unending": 3254, "Shiko, Paragon of the Way_SB": 2603, "Ureni, the Song Unending_SB": 3255, "Spectral Denial_SB": 2731, "Dispelling Exhale_SB": 745, "Twinmaw Stormbrood": 3163, "Fleeting Effigy": 1080, "Dalkovan Packbeasts": 632, "Skullcap Snail": 2658, "Harried Spearguard": 1342, "Toxin Analysis_SB": 3122, "Dire Flail": 732, "Mardu Devotee": 1822, "Warren Warleader_SB": 3394, "Toby, Beastie Befriender_SB": 3101, "Mardu Devotee_SB": 1823, "Resolute Reinforcements_SB": 2369, "Mardu Siegebreaker": 1824, "Overwhelming Surge": 2103, "Stern Lesson_SB": 2808, "Coordinated Maneuver": 561, "Triumphant Chomp_SB": 3146, "Rampaging Raptor_SB": 2290, "Earthshaker Dreadmaw_SB": 841, "Temur Battlecrier": 2945, "Strategic Betrayal": 2835, "Kheru Goldkeeper": 1622, "Ambling Stormshell": 58, "Bedrock Tortoise": 205, "Dinotomaton": 731, "Dragon Whelp": 787, "Firespitter Whelp": 1070, "Mox Jasper": 1944, "Shivan Dragon": 2607, "Viashino Branchrider_SB": 3318, "Firebrand Archer_SB": 1066, "Twin Bolt_SB": 3158, "Rumbling Rockslide_SB": 2455, "Skyraker Giant_SB": 2667, "Breaching Dragonstorm_SB": 330, "Drakuseth, Maw of Flames_SB": 801, "Ticket Booth // Tunnel of Hate_SB": 3078, "Channeled Dragonfire_SB": 473, "All-Out Assault": 53, "Inevitable Defeat": 1480, "Neriv, Heart of the Storm": 1976, "Zurgo, Thunder's Decree": 3493, "Inevitable Defeat_SB": 1481, "Thunder of Unity_SB": 3070, "Windcrag Siege_SB": 3428, "Zurgo's Vanguard": 3492, "Duty Beyond Death": 831, "Ainok Wayfarer": 38, "Rabid Bite": 2257, "Polliwallop": 2191, "Felothar, Dawn of the Abzan": 1040, "Oracle of Tragedy_SB": 2062, "Corroding Dragonstorm_SB": 575, "Floriferous Vinewall": 1090, "Bovine Intervention_SB": 309, "Combat Courier": 535, "Twitching Doll_SB": 3170, "Under the Skin_SB": 3196, "Skyserpent Seeker_SB": 2670, "Break the Spell": 334, "Treacherous Greed": 3135, "Intrepid Stablemaster": 1516, "Guardian Sunmare": 1308, "Itzquinth, Firstborn of Gishath_SB": 1546, "Commune with Nature": 541, "Coordinated Clobbering": 560, "Take the Fall_SB": 2910, "Serum Snare_SB": 2579, "Infectious Bite_SB": 1483, "Elusive Otter_SB": 873, "Hurkyl, Master Wizard_SB": 1455, "Abyssal Harvester_SB": 11, "Clarion Conquerer_SB": 504, "Runescale Stormbrood": 2461, "Stasis Snare": 2793, "Moment of Truth_SB": 1916, "Helping Hand_SB": 1385, "Adarkar Wastes_SB": 20, "Floodfarm Verge_SB": 1087, "Meticulous Archive_SB": 1860, "Seachrome Coast_SB": 2541, "Mondrak, Glory Dominus": 1924, "Tomb Trawler": 3109, "Take Out the Trash_SB": 2907, "Convenient Target_SB": 558, "Kickoff Celebrations": 1623, "Nullpriest of Oblivion_SB": 2021, "Lord Skitter's Blessing": 1758, "Ayli, Eternal Pilgrim_SB": 165, "Stoic Sphinx": 2817, "Watcher of the Wayside": 3397, "Twinmaw Stormbrood_SB": 3164, "Confounding Riddle_SB": 547, "Glacial Dragonhunt_SB": 1218, "Combat Thresher": 537, "Windcrag Siege": 3427, "The Ancient One": 2963, "Nomad Outpost": 2008, "Sonic Shrieker": 2707, "The Sibsig Ceremony": 3005, "Purging Stormbrood_SB": 2236, "Curator of Destinies_SB": 620, "Glarb, Calamity's Augur_SB": 1221, "Heliod, the Radiant Dawn_SB": 1378, "Ghostly Dancers_SB": 1191, "Pyrrhic Blast": 2244, "Melek, Reforged Researcher": 1848, "Herd Heirloom_SB": 1393, "Vampiric Rites_SB": 3291, "Fear of Lost Teeth_SB": 1011, "Bloodghast_SB": 255, "Vampire Gourmand_SB": 3286, "Clarion Conqueror // Clarion Conqueror_SB": 505, "Taurean Mauler": 2922, "Anafenza, Unyielding Lineage": 64, "Clay Champion": 507, "Nesting Bot_SB": 1979, "Restricted Office // Lecture Hall_SB": 2392, "Dragonfire Blade": 792, "Monastery Messenger": 1921, "Shocking Sharpshooter": 2613, "Terror of the Peaks_SB": 2954, "Calamity, Galloping Inferno_SB": 390, "Fires of Victory_SB": 1069, "Bovine Intervention": 308, "Riling Dawnbreaker": 2401, "Awaken the Honored Dead_SB": 159, "Warden of the Grove": 3385, "Invasion of Ikoria": 1525, "Branch of Vitu-Ghazi": 318, "Dragon Sniper_SB": 786, "Revenge of the Rats": 2396, "Rise of the Varmints": 2407, "Undergrowth Leopard": 3202, "Grasping Longneck_SB": 1278, "Watcher of the Wayside_SB": 3398, "Shock Brigade": 2610, "Ratcatcher Trainee": 2299, "Deadly Riposte": 660, "Derelict Attic // Widow's Walk_SB": 707, "Reigning Victor": 2349, "Worthy Cost": 3450, "Bone-Cairn Butcher": 279, "Salt Road Skirmish": 2484, "Starry-Eyed Skyrider": 2789, "Dirgur Island Dragon": 734, "Aatchik, Emerald Radian": 0, "Yarus, Roar of the Old Gods": 3462, "Sinkhole Surveyor_SB": 2644, "Thunder of Unity": 3069, "Frontline Rush_SB": 1130, "Dalkovan Packbeasts_SB": 633, "Descendant of Storms_SB": 709, "Worthy Cost_SB": 3451, "War Effort_SB": 3382, "Shocking Sharpshooter_SB": 2614, "Unyielding Gatekeeper_SB": 3241, "Unscrupulous Contractor": 3226, "Gearbane Orangutan_SB": 1165, "Osseous Exhale": 2068, "Narset, Jeskai Waymaster": 1965, "Frostcliff Siege_SB": 1132, "Return Triumphant_SB": 2394, "Spring Splasher": 2768, "Norn's Wellspring": 2012, "Case of the Uneaten Feast_SB": 429, "Servant of the Stinger_SB": 2581, "Blue Sun's Twilight": 272, "Three Blind Mice_SB": 3054, "Bloodfeather Phoenix_SB": 252, "Annihilating Glare_SB": 87, "Lasyd Prowler": 1675, "Feral Encounter_SB": 1041, "Nature's Rhythm_SB": 1970, "Synchronized Charge_SB": 2899, "Viral Spawning_SB": 3328, "Ob Nixilis, Captive Kingpin": 2028, "All Will Be One": 52, "Encroaching Mycosynth": 884, "Krenko, Baron of Tin Street": 1660, "Ice Out": 1460, "Crime Novelist": 599, "Breeches, Eager Pillager_SB": 337, "Convenient Target": 557, "Niv-Mizzet, Supreme_SB": 2001, "Perennation_SB": 2133, "Timeless Lotus": 3081, "Phyrexian Vindicator_SB": 2161, "Urabrask_SB": 3247, "Grafted Butcher": 1271, "Voidwing Hybrid_SB": 3350, "Kiora, Sovereign of the Deep_SB": 1626, "Kalastria Highborn": 1587, "Cori Mountain Monastery_SB": 567, "Ertai's Scorn": 917, "Eshki Dragonclaw_SB": 921, "Songcrafter Mage_SB": 2706, "Bulk Up_SB": 366, "Eluge, the Shoreless Sea": 871, "Finale of Revelation": 1062, "Eliminate the Impossible": 865, "Eliminate the Impossible_SB": 866, "Finale of Revelation_SB": 1063, "Cat Collector_SB": 434, "Izoni, Center of the Web_SB": 1550, "Hazoret, Godseeker_SB": 1360, "Spelunking_SB": 2744, "Smile at Death": 2690, "Osteomancer Adept_SB": 2073, "Rot-Curse Rakshasa_SB": 2442, "Markov Baron": 1829, "Pulse Tracker": 2234, "Peer Past the Veil_SB": 2129, "Campus Guide_SB": 397, "Liberator, Urza's Battlethopter": 1710, "Racers' Scoreboard": 2261, "Redcap Gutter-Dweller_SB": 2334, "Dragon's Prey": 789, "Defibrillating Current": 686, "Alesha's Legacy": 49, "Emerge from the Cocoon": 880, "Midnight Mayhem": 1866, "Bone-Cairn Butcher_SB": 280, "Cori Mountain Stalwart_SB": 569, "Marshal of the Lost_SB": 1832, "Shock Brigade_SB": 2611, "Neriv, Heart of the Storm_SB": 1977, "Poised Practitioner_SB": 2187, "Filter Out": 1055, "Hero's Downfall": 1398, "Desecration Demon_SB": 711, "Lost in the Maze": 1763, "Whiskervale Forerunner": 3412, "Cori Mountain Stalwart": 568, "Underground River_SB": 3201, "Gloomlake Verge_SB": 1238, "Darkslick Shores_SB": 639, "Disdainful Stroke": 735, "Out Cold_SB": 2075, "Aggressive Sabotage_SB": 34, "Magmakin Artillerist": 1793, "Flood the Engine_SB": 1084, "Veloheart Bike": 3301, "Migloz, Maze Crusher": 1869, "Dragonhawk, Fate's Tempest_SB": 794, "Swiftblade Vindicator": 2884, "Hidetsugu and Kairi_SB": 1414, "Colossification_SB": 533, "Rite of Renewal": 2409, "Staff of Compleation": 2781, "Betor, Kin to All": 211, "Danitha, New Benalia's Light": 635, "Danitha, New Benalia's Light_SB": 636, "Walk-In Closet // Forgotten Cellar_SB": 3380, "Abzan Devotee": 12, "Gixian Puppeteer": 1216, "Oltec Matterweaver": 2047, "Disturbing Mirth_SB": 755, "Encroaching Mycosynth_SB": 885, "Stadium Headliner_SB": 2780, "Draconautics Engineer_SB": 778, "Bumbleflower's Sharepot": 369, "Volt Charge": 3359, "Great Arashin City_SB": 1283, "Underground Mortuary_SB": 3199, "Purging Stormbrood": 2235, "Piercing Exhale": 2166, "Wind-Scarred Crag": 3426, "Jeskai Devotee": 1562, "Kin-Tree Nurturer": 1624, "Nightblade Brigade": 1991, "Stormplain Detainment": 2829, "Marshal of the Lost": 1831, "Sunset Strikemaster": 2862, "Seize Opportunity": 2565, "Dragonback Lancer": 791, "Venerated Stormsinger": 3304, "Slickshot Lockpicker": 2683, "Invasion of Arcavios_SB": 1520, "Zur, Eternal Schemer_SB": 3489, "Portal to Phyrexia_SB": 2201, "Tarrian's Journal_SB": 2919, "Youthful Valkyrie_SB": 3470, "Battlefield Forge_SB": 197, "Stormscale Scion": 2830, "Dracogenesis": 776, "Tempest Hart": 2930}}