{"vocabulary": {"Burst Lightning": 376, "Copperline Gorge": 563, "Emberheart Challenger": 873, "Heartfire Hero": 1352, "Hired Claw": 1409, "Karplusan Forest": 1578, "Lightning Strike": 1703, "Manifold Mouse": 1800, "Monastery Swiftspear": 1908, "Monstrous Rage": 1914, "Mountain": 1926, "Rockface Village": 2412, "Screaming Nemesis": 2517, "Thornspire Verge": 3015, "Witchstalker Frenzy": 3422, "Lithomantic Barrage_SB": 1717, "Pawpatch Formation_SB": 2109, "Sunspine Lynx_SB": 2850, "Torch the Tower_SB": 3094, "Twisted Fealty_SB": 3148, "Urabrask's Forge_SB": 3226, "Mosswood Dreadknight": 1924, "Sentinel of the Nameless City": 2557, "Sheoldred, the Apocalypse": 2582, "Cut Down": 622, "Go for the Throat": 1234, "Cavern of Souls": 444, "Restless Cottage": 2363, "Llanowar Wastes": 1727, "Blooming Marsh": 263, "Forest": 1097, "Deep-Cavern Bat": 671, "Glissa Sunslayer": 1224, "Snakeskin Veil": 2678, "Duress": 820, "Misery's Shadow": 1874, "Scrapshooter": 2511, "Swamp": 2866, "Keen-Eyed Curator": 1588, "Sheoldred's Edict": 2580, "Underground Mortuary": 3178, "Liliana of the Veil_SB": 1709, "Long Goodbye_SB": 1732, "Cut Down_SB": 623, "Duress_SB": 821, "Snakeskin Veil_SB": 2679, "Sheoldred's Edict_SB": 2581, "Tear Asunder_SB": 2909, "Maelstrom Pulse_SB": 1774, "Choking Miasma_SB": 485, "Gix's Command_SB": 1202, "Obstinate Baloth_SB": 2020, "Adarkar Wastes": 19, "Fountainport": 1109, "Novice Inspector": 2002, "Seachrome Coast": 2524, "Spyglass Siren": 2754, "Subterranean Schooner": 2829, "Warden of the Inner Sky": 3368, "Zoetic Glyph": 3462, "Island": 1526, "Plains": 2164, "Steel Seraph": 2787, "Floodfarm Verge": 1077, "Restless Anchorage": 2359, "Regal Bunnicorn": 2327, "Mockingbird": 1887, "Sheltered by Ghosts": 2577, "Unidentified Hovership": 3194, "No More Lies": 1987, "Ajani, Caller of the Pride": 40, "Tishana's Tidebinder_SB": 3074, "Destroy Evil_SB": 714, "Elspeth's Smite_SB": 865, "Get Lost_SB": 1164, "Negate_SB": 1960, "Loran of the Third Path_SB": 1741, "Ghost Vacuum_SB": 1179, "Ajani, Caller of the Pride_SB": 41, "Rest in Peace_SB": 2358, "Bushwhack": 378, "Spirebluff Canal": 2739, "Wing Commando": 3412, "Fabled Passage": 961, "Invasion of Ixalan": 1509, "Roaring Furnace // Steaming Sauna": 2409, "Sleight of Hand": 2663, "Song of Totentanz": 2687, "Ral, Crackling Wit": 2269, "Questing Druid": 2234, "This Town Ain't Big Enough": 3009, "Yavimaya Coast": 3446, "Torch the Tower": 3093, "Up the Beanstalk": 3222, "Stormcatch Mentor": 2809, "Botanical Sanctum": 300, "Elusive Otter": 869, "Disdainful Stroke_SB": 732, "Floodpits Drowner_SB": 1080, "Soul-Guide Lantern_SB": 2700, "Caretaker's Talent": 409, "Phantom Interference": 2128, "Shivan Reef": 2592, "Inspiring Vantage": 1487, "Thundering Falls": 3054, "Third Path Iconoclast": 3005, "Warleader's Call": 3372, "Monastery Mentor": 1905, "Battlefield Forge": 195, "Helping Hand": 1371, "Into the Flood Maw": 1493, "Sunfall": 2841, "Reasonable Doubt": 2302, "Meticulous Archive": 1845, "Elspeth's Smite": 864, "Picklock Prankster": 2150, "Get Lost": 1163, "Authority of the Consuls_SB": 152, "Essence Scatter_SB": 921, "Ral, Crackling Wit_SB": 2270, "Devout Decree_SB": 721, "Enduring Curiosity": 884, "Kaito, Bane of Nightmares": 1563, "Anoint with Affliction": 88, "Tishana's Tidebinder": 3073, "Azure Beastbinder": 165, "Faerie Mastermind": 971, "Gloomlake Verge": 1227, "Darkslick Shores": 634, "Restless Reef": 2366, "Underground River": 3180, "Floodpits Drowner": 1079, "Preacher of the Schism": 2191, "Three Steps Ahead_SB": 3039, "Anoint with Affliction_SB": 89, "Blot Out_SB": 269, "Sheoldred, the Apocalypse_SB": 2583, "Blood Hustler": 246, "Deathcap Marionette": 661, "Eaten Alive": 839, "Clockwork Percussionist": 510, "Forsaken Miner": 1102, "Fear of Being Hunted": 994, "Enduring Courage": 882, "Fell": 1028, "Aclazotz, Deepest Betrayal": 15, "Unholy Annex // Ritual Chamber": 3192, "Jagged Barrens": 1541, "Bloodfell Caves": 251, "Three Steps Ahead": 3038, "Unstoppable Slasher": 3212, "Nowhere to Run": 2003, "Withering Torment_SB": 3425, "Restless Ridgeline": 2368, "Innkeeper's Talent": 1474, "Pawpatch Recruit": 2110, "Scorching Shot_SB": 2508, "Sleep-Cursed Faerie": 2662, "Faerie Dreamthief": 968, "Faerie Fencing": 969, "Ego Drain": 847, "Spell Stutter": 2722, "Invasion of Amonkhet": 1500, "Undercity Sewers": 3177, "Season of Loss": 2534, "Glistening Deluge_SB": 1226, "Talion's Messenger_SB": 2898, "Go for the Throat_SB": 1235, "Leyline of the Void_SB": 1693, "Overlord of the Hauntwoods": 2079, "Atraxa, Grand Unifier": 145, "Make Your Own Luck": 1788, "Herd Migration": 1381, "Ancient Cornucopia": 69, "Leyline Binding": 1685, "Omniscience": 2037, "Invasion of Arcavios": 1502, "Shadowy Backstreet": 2570, "Hushwood Verge": 1443, "Lush Portico": 1764, "Hedge Maze": 1360, "Not on My Watch_SB": 2001, "Outrageous Robbery_SB": 2068, "Peerless Recycling_SB": 2115, "Beseech the Mirror_SB": 208, "Heroic Reinforcements_SB": 1389, "Sunfall_SB": 2842, "This Town Ain't Big Enough_SB": 3010, "Herald of Eternal Dawn_SB": 1374, "Kaito, Bane of Nightmares_SB": 1564, "Gleeful Demolition": 1219, "Imodane's Recruiter": 1455, "Resolute Reinforcements": 2352, "Knight-Errant of Eos": 1623, "Painter's Studio // Defaced Gallery": 2098, "Case of the Gateway Express": 418, "Yotian Frontliner": 3450, "Mirrex": 1867, "Protect the Negotiators_SB": 2212, "Sheltered by Ghosts_SB": 2578, "Boros Charm": 293, "Boltwave": 276, "Lightning Helix": 1701, "Shock": 2593, "Slickshot Show-Off": 2669, "Fugitive Codebreaker": 1126, "Raucous Carnival": 2285, "Restless Bivouac": 2361, "Thran Portal": 3029, "Fugitive Codebreaker_SB": 1127, "Obliterating Bolt_SB": 2016, "Screaming Nemesis_SB": 2518, "Archfiend of the Dross": 110, "Soulstone Sanctuary": 2707, "Llanowar Elves": 1722, "Maelstrom Pulse": 1773, "Scavenging Ooze": 2502, "Tranquil Frillback": 3108, "Nissa, Ascended Animist_SB": 1983, "Tranquil Frillback_SB": 3109, "Stab_SB": 2760, "Beza, the Bounding Spring": 213, "Enduring Innocence": 886, "Loran of the Third Path": 1740, "Carrot Cake": 413, "Parting Gust": 2104, "Virtue of Loyalty": 3315, "Soul Partition": 2694, "Lay Down Arms": 1665, "Archangel Elspeth": 102, "Sunken Citadel": 2844, "Season of the Burrow": 2538, "Sanguine Evangelist": 2475, "Exorcise_SB": 938, "Boon-Bringer Valkyrie_SB": 291, "Jace, the Perfected Mind_SB": 1540, "Virtue of Persistence": 3317, "Deadly Cover-Up": 653, "Tear Asunder": 2908, "Scavenging Ooze_SB": 2503, "Cruelclaw's Heist_SB": 599, "Liliana, Dreadhorde General_SB": 1711, "Doomsday Excruciator": 765, "Jace, the Perfected Mind": 1539, "Aclazotz, Deepest Betrayal_SB": 16, "Dreams of Steel and Oil_SB": 808, "Malicious Eclipse_SB": 1796, "The End_SB": 2955, "Virtue of Persistence_SB": 3318, "Overlord of the Mistmoors": 2081, "Leyline Axe": 1684, "Spectral Sailor": 2718, "Nowhere to Run_SB": 2004, "Render Inert_SB": 2343, "Disfigure_SB": 736, "Vivien Reid_SB": 3324, "Restless Spire": 2370, "Teferi, Temporal Pilgrim": 2913, "Union of the Third Path": 3196, "Ill-Timed Explosion": 1452, "Day of Judgment": 644, "Split Up": 2745, "Silver Scrutiny_SB": 2619, "Caustic Bronco": 438, "Dreams of Steel and Oil": 807, "Harvester of Misery_SB": 1332, "Might of the Meek": 1854, "Questing Druid_SB": 2235, "Tolarian Terror": 3087, "Eddymurk Crab": 843, "Analyze the Pollen": 65, "Seed of Hope": 2545, "Stormchaser's Talent": 2810, "Unsummon": 3214, "Cache Grab": 380, "Overlord of the Floodpits_SB": 2078, "Trygon Predator_SB": 3131, "Dissection Tools_SB": 745, "Kiora, the Rising Tide_SB": 1610, "Bloodthirsty Conqueror": 258, "Enduring Tenacity": 888, "Starscape Cleric": 2773, "Bloodletter of Aclazotz": 254, "Rush of Dread": 2446, "Harvester of Misery": 1331, "Vivien Reid": 3323, "Vampire Nighthawk_SB": 3269, "Gix's Command": 1201, "Overlord of the Balemurk": 2073, "Brushland": 359, "Caves of Koilos": 447, "Liliana of the Veil": 1708, "The Cruelty of Gix": 2949, "Kaya, Intangible Slayer_SB": 1582, "Hopeless Nightmare": 1423, "Rankle's Prank": 2278, "Tinybones, the Pickpocket": 3070, "Bandit's Talent": 176, "Ruthless Negotiation": 2452, "Thought-Stalker Warlock": 3020, "Demolition Field": 693, "Split Up_SB": 2746, "Ertai Resurrected": 910, "Plumecreed Escort": 2170, "Bitter Triumph": 223, "Marauding Blight-Priest": 1805, "Phyrexian Arena": 2134, "Case of the Uneaten Feast": 426, "Restless Fortress": 2364, "Scoured Barrens": 2510, "Blot Out": 268, "Balustrade Wurm_SB": 174, "Seized from Slumber": 2552, "Scrollshift": 2519, "Outrageous Robbery": 2067, "Clifftop Lookout": 508, "Starfall Invocation": 2770, "Pillage the Bog": 2157, "Razorverge Thicket": 2295, "Kaya, Intangible Slayer": 1581, "Archangel of Wrath_SB": 107, "Assassin's Trophy_SB": 137, "Disfigure": 735, "Not on My Watch": 2000, "Cruelclaw's Heist": 598, "Haunted Screen": 1340, "Prayer of Binding": 2190, "The End": 2954, "Kaya, Spirits' Justice": 1583, "Concealed Courtyard": 540, "Sandstorm Verge": 2474, "Unwanted Remake": 3218, "Realmbreaker, the Invasion Tree_SB": 2301, "Surge of Salvation_SB": 2856, "Deadly Cover-Up_SB": 654, "Capricious Hellraiser": 403, "Brass's Tunnel-Grinder": 320, "Bitter Reunion": 221, "Season of Weaving": 2536, "Chandra, Hope's Beacon": 462, "Moment of Truth": 1901, "Fires of Victory": 1059, "Horned Loch-Whale": 1425, "Artist's Talent": 128, "Chandra, Flameshaper": 460, "Abrade_SB": 5, "Brotherhood's End_SB": 357, "Virtue of Knowledge_SB": 3314, "Scorching Dragonfire_SB": 2506, "Pyroclasm_SB": 2226, "Gix, Yawgmoth Praetor": 1203, "Pilfer_SB": 2156, "Cerebral Confiscation_SB": 455, "Feed the Cycle_SB": 1017, "Blackcleave Cliffs": 226, "Blazemire Verge": 234, "Braids, Arisen Nightmare": 311, "Disturbing Mirth": 751, "Final Vengeance": 1051, "Greedy Freebooter": 1276, "Corrupted Conviction": 575, "Restless Vents": 2372, "Spiteful Hexmage": 2741, "Sulfurous Springs": 2833, "Urabrask's Forge": 3225, "Furnace Reins": 1136, "Vengeful Bloodwitch": 3286, "Bitter Triumph_SB": 224, "Feed the Swarm_SB": 1020, "Kaito, Cunning Infiltrator": 1565, "Chimil, the Inner Sun_SB": 482, "Urborg Scavengers_SB": 3232, "Case of the Crimson Pulse_SB": 416, "Chart a Course": 477, "Founding the Third Path": 1106, "Haughty Djinn": 1334, "No One Left Behind": 1989, "Abhorrent Oculus": 2, "Kiora, the Rising Tide": 1609, "Kaito, Cunning Infiltrator_SB": 1566, "Insatiable Avarice_SB": 1480, "Rona's Vortex_SB": 2421, "Bonny Pall, Clearcutter": 284, "Bristly Bill, Spine Sower": 348, "Invasion of Zendikar": 1519, "Loot, Exuberant Explorer": 1736, "Mossborn Hydra": 1922, "River's Rebuke": 2398, "Nissa, Resurgent Animist": 1984, "Tatyova, Benthic Druid": 2905, "Joint Exploration": 1555, "Koma, World-Eater": 1631, "Restless Vinestalk": 2374, "River's Rebuke_SB": 2399, "Primeval Bounty_SB": 2197, "Haywire Mite_SB": 1343, "Azure Beastbinder_SB": 166, "Koma, World-Eater_SB": 1632, "Urza's Sylex": 3241, "Exorcise": 937, "The Eternal Wanderer": 2957, "Dollmaker's Shop // Porcelain Gallery": 761, "Union of the Third Path_SB": 3197, "Regal Caracal_SB": 2330, "Temporary Lockdown_SB": 2929, "The Stone Brain_SB": 2994, "Kellan, Planar Trailblazer": 1597, "Obliterating Bolt": 2015, "Wrenn's Resolve_SB": 3440, "Faebloom Trick_SB": 967, "Serra Paragon_SB": 2561, "Preacher of the Schism_SB": 2192, "Elegant Parlor": 855, "Overlord of the Boilerbilges": 2075, "Secluded Courtyard": 2543, "Zur, Eternal Schemer": 3470, "Cease // Desist_SB": 449, "Elesh Norn, Mother of Machines_SB": 860, "Glass Casket_SB": 1213, "Season of the Burrow_SB": 2539, "Temporary Lockdown": 2928, "Urza's Sylex_SB": 3242, "Don't Make a Sound": 763, "Elenda, Saint of Dusk": 856, "Malcolm, Alluring Scoundrel": 1792, "Plaza of Heroes": 2169, "Refute": 2325, "Throne of the Grim Captain": 3046, "Urborg Scavengers": 3231, "Valgavoth's Lair": 3248, "Zetalpa, Primal Dawn": 3458, "Drana and Linvala_SB": 800, "Pest Control_SB": 2125, "The Kenriths' Royal Funeral_SB": 2970, "Lightning Helix_SB": 1702, "Opt": 2041, "Ephara's Dispersal_SB": 904, "Herbology Instructor_SB": 1378, "Pick Your Poison_SB": 2149, "Overlord of the Floodpits": 2077, "Pawpatch Formation": 2108, "Beza, the Bounding Spring_SB": 214, "Doppelgang_SB": 769, "Nashi, Searcher in the Dark": 1953, "Saiba Cryptomancer": 2464, "Silent Hallcreeper": 2615, "Phantom Interference_SB": 2129, "Shardmage's Rescue": 2572, "Archangel Elspeth_SB": 103, "Sorcerous Spyglass_SB": 2693, "Commercial District": 537, "Roaring Furnace && Steaming Sauna_SB": 2408, "Minor Misstep_SB": 1863, "Monastery Mentor_SB": 1906, "Plains_SB": 2165, "Enduring Vitality": 890, "Roaring Furnace && Steaming Sauna": 2407, "Thundertrap Trainer": 3058, "Valley Floodcaller": 3256, "Stab": 2759, "Unholy Annex && Ritual Chamber": 3190, "Vinereap Mentor": 3305, "Rat Out_SB": 2281, "Deep-Cavern Bat_SB": 672, "Witchstalker Frenzy_SB": 3423, "Recommission": 2312, "Sword of Once and Future_SB": 2877, "Chimil, the Inner Sun": 481, "Collector's Vault": 524, "The Irencrag": 2967, "White Sun's Twilight": 3397, "Disenchant_SB": 734, "Chrome Host Seedshark_SB": 487, "Shoot the Sheriff": 2599, "Tarnation Vista": 2902, "Aegis Turtle_SB": 23, "Burst Lightning_SB": 377, "Into the Flood Maw_SB": 1494, "Invasion of Tarkir_SB": 1516, "Up the Beanstalk_SB": 3223, "Volcanic Spite_SB": 3336, "Collector's Cage": 522, "Kellan, Daring Traveler": 1594, "Nurturing Pixie": 2007, "Restless Prairie": 2365, "Splitskin Doll": 2747, "Sun-Blessed Healer": 2835, "Toby, Beastie Befriender": 3082, "Ajani, Sleeper Agent_SB": 44, "Aven Interrupter_SB": 155, "Serra Paragon": 2560, "Quick Study": 2237, "Moment of Craving_SB": 1899, "Vren, the Relentless_SB": 3358, "Gix, Yawgmoth Praetor_SB": 1204, "Rona's Vortex": 2420, "Swamp_SB": 2867, "Crystal Barricade_SB": 610, "Seized from Slumber_SB": 2553, "Arabella, Abandoned Doll": 93, "Requisition Raid_SB": 2351, "Break Out": 331, "Cenote Scout": 452, "Fear of Missing Out": 1006, "Patchwork Beastie": 2107, "Violent Urge": 3307, "Wildfire Wickerfolk": 3403, "Wrenn and Realmbreaker": 3436, "Untimely Malfunction_SB": 3217, "Vengeful Possession_SB": 3289, "Callous Sell-Sword": 393, "Turn Inside Out": 3137, "Furnace Reins_SB": 1137, "Assimilation Aegis": 138, "Glissa Sunslayer_SB": 1225, "Dazzling Denial": 647, "Tyvar's Stand": 3159, "Demonic Ruckus": 701, "Optimistic Scavenger": 2043, "Spellbook Vendor": 2724, "Monstrous Emergence_SB": 1913, "Unable to Scream_SB": 3168, "The Eternal Wanderer_SB": 2958, "Royal Treatment": 2431, "No More Lies_SB": 1988, "Zoetic Glyph_SB": 3463, "Thrun, Breaker of Silence_SB": 3050, "Authority of the Consuls": 151, "Glass Casket": 1212, "Regal Bunnicorn_SB": 2328, "Say Its Name": 2488, "Altanak, the Thrice-Called": 55, "Thornwood Falls": 3017, "Negate": 1959, "Change the Equation_SB": 469, "Wardens of the Cycle": 3369, "Cease // Desist": 448, "Honest Rutstein": 1419, "Kraul Whipcracker": 1637, "Festering Gulch": 1035, "Strangled Cemetery": 2819, "Binding Negotiation_SB": 217, "Confounding Riddle": 544, "Surgical Suite // Hospital Room": 2860, "Mischievous Pup": 1873, "Helpful Hunter": 1370, "Tithing Blade": 3079, "Forlorn Flats": 1101, "Inspiring Overseer": 1485, "Hinterland Sanctifier_SB": 1408, "Cathar Commando_SB": 434, "Knight of Grace_SB": 1622, "Angel of Finality_SB": 73, "Fynn, the Fangbearer": 1138, "Infectious Bite": 1467, "Vampire Nighthawk": 3268, "Servant of the Stinger": 2564, "Ankle Biter": 79, "Bilious Skulldweller": 215, "Infectious Inquiry": 1469, "Vraska's Fall": 3352, "Feed the Infection": 1018, "Nimraiser Paladin": 1981, "The Hunter Maze": 2963, "The Dross Pits": 2951, "Urborg Repossession": 3229, "Soured Springs": 2709, "Lush Oasis": 1763, "Outcaster Greenblade": 2062, "Spinewoods Armadillo": 2734, "Malicious Eclipse": 1795, "Live or Die": 1718, "Badlands Revival": 168, "Deduce": 667, "Seize the Secrets": 2550, "Shoot the Sheriff_SB": 2600, "Creosote Heath": 595, "Shroudstomper": 2609, "Copper Host Crusher": 561, "Bandit's Haul": 175, "Vinereap Mentor_SB": 3306, "Insidious Fungus_SB": 1482, "Hunter's Talent_SB": 1440, "Rogue's Passage": 2415, "Rugged Highlands": 2435, "Thrashing Brontodon": 3032, "Giant Cindermaw": 1184, "Belligerent Yearling": 206, "Scytheclaw Raptor": 2522, "Triumphant Chomp": 3126, "Colossadactyl": 528, "Earthshaker Dreadmaw": 837, "Ixalli's Lorekeeper": 1532, "Itzquinth, Firstborn of Gishath": 1528, "Bristling Backwoods": 347, "Armored Kincaller_SB": 124, "Insidious Roots": 1483, "Defiled Crypt // Cadaver Lab": 685, "Coati Scavenger": 514, "Blanchwood Prowler": 229, "Cult Conscript": 612, "Osseous Sticktwister": 2054, "Skyfisher Spider": 2648, "Drag to the Roots": 780, "Jungle Hollow": 1561, "Deadly Brew": 651, "Dewdrop Cure_SB": 723, "Fanatical Firebrand": 980, "Hellspur Brute": 1366, "Flamecache Gecko": 1064, "Mudflat Village": 1931, "Fireglass Mentor": 1058, "Vial Smasher, Gleeful Grenadier": 3299, "At Knifepoint": 142, "Abrade": 4, "Mourner's Surprise_SB": 1928, "Caught in the Crossfire_SB": 436, "Scales of Shale_SB": 2495, "Vraska, Betrayal's Sting": 3354, "Demolition Field_SB": 694, "Mazemind Tome_SB": 1828, "Keen-Eyed Curator_SB": 1589, "Armored Armadillo": 122, "Audacity": 147, "Ethereal Armor": 928, "Feather of Flight": 1012, "Knight of Grace": 1621, "Toadstool Admirer": 3081, "Unflinching Courage": 3188, "Invasion of Gobakhan_SB": 1507, "Overlord of the Mistmoors_SB": 2082, "Sanguine Evangelist_SB": 2476, "Virtue of Loyalty_SB": 3316, "Clay-Fired Bricks": 506, "Tectonic Hazard_SB": 2911, "Jaya, Fiery Negotiator_SB": 1544, "Sandstorm Salvager": 2472, "Skyknight Squire": 2650, "Tolsimir, Midnight's Light": 3089, "Builder's Talent": 362, "Nissa, Ascended Animist": 1982, "Koth, Fire of Resistance_SB": 1636, "Case of the Crimson Pulse": 415, "Mazemind Tome": 1827, "Aven Interrupter": 154, "Errant and Giada": 908, "Werefox Bodyguard": 3391, "Kutzil's Flanker_SB": 1648, "Plumecreed Escort_SB": 2171, "Dreamdew Entrancer": 805, "Dreamdew Entrancer_SB": 806, "Archangel of Wrath": 106, "Autonomous Assembler": 153, "Etali's Favor": 922, "Geological Appraiser": 1160, "Luminous Rebuke": 1756, "Mishra's Foundry": 1878, "Quintorius Kand": 2238, "Trumpeting Carnosaur": 3130, "Caretaker's Talent_SB": 410, "Luminous Rebuke_SB": 1757, "Candy Trail": 399, "Fomori Vault": 1090, "Massacre Wurm": 1821, "The Enigma Jewel": 2956, "Valgavoth's Faithful": 3246, "Valgavoth, Terror Eater": 3251, "Zombify": 3464, "Sheoldred_SB": 2584, "Felidar Retreat_SB": 1027, "Lyra Dawnbringer_SB": 1766, "Shock_SB": 2596, "Soul Partition_SB": 2695, "Faebloom Trick": 966, "Hired Claw_SB": 1410, "Unsummon_SB": 3215, "Valley Floodcaller_SB": 3257, "Temple of Triumph": 2927, "The Wandering Rescuer": 2999, "Kayla's Command_SB": 1585, "Starfall Invocation_SB": 2771, "Scavenger's Talent": 2501, "Souls of the Lost": 2705, "Stalactite Stalker": 2764, "Bandit's Talent_SB": 177, "Case of the Stashed Skeleton_SB": 425, "Rottenmouth Viper_SB": 2428, "Unholy Annex && Ritual Chamber_SB": 3191, "Spinner of Souls": 2737, "Day of Judgment_SB": 645, "Spell Stutter_SB": 2723, "Thought-Stalker Warlock_SB": 3021, "Dusk Rose Reliquary": 823, "Teething Wurmlet": 2912, "Tough Cookie": 3100, "Tail Swipe_SB": 2889, "Jace Reawakened": 1536, "Get Out": 1165, "Faerie Mastermind_SB": 972, "Spinner of Souls_SB": 2738, "Mabel, Heir to Cragflame": 1769, "Fiery Annihilation_SB": 1044, "Innkeeper's Talent_SB": 1475, "Shore Up_SB": 2602, "Wear Down_SB": 3386, "Entity Tracker": 901, "Fae Flight": 964, "Gremlin Tamer": 1281, "Inquisitive Glimmer": 1477, "Pawpatch Recruit_SB": 2111, "Torch the Witness_SB": 3096, "Cryptic Coat_SB": 606, "Proft's Eidetic Memory": 2203, "Scorching Dragonfire": 2505, "Bitter Reunion_SB": 222, "Jace Reawakened_SB": 1537, "Parting Gust_SB": 2105, "Ertai Resurrected_SB": 911, "Rat Out": 2280, "Enduring Curiosity_SB": 885, "Gremlin Tamer_SB": 1282, "Fallaji Archaeologist": 977, "Shore Up": 2601, "Planar Disruption_SB": 2167, "Shrouded Shepherd_SB": 2608, "Callous Sell-Sword_SB": 394, "Neutralize the Guards_SB": 1969, "Demonic Counsel": 695, "Escape Tunnel": 914, "Kaito, Dancing Shadow": 1567, "Demonic Counsel_SB": 696, "Kaito, Dancing Shadow_SB": 1568, "Youthful Valkyrie": 3451, "Exemplar of Light": 935, "Lyra Dawnbringer": 1765, "Giada, Font of Hope": 1182, "Resplendent Angel": 2354, "Surge of Salvation": 2855, "Archangel of Tithes_SB": 105, "Sun-Blessed Healer_SB": 2836, "Warleader's Call_SB": 3373, "Anointed Peacekeeper": 90, "Invasion of Gobakhan": 1506, "Recruitment Officer": 2314, "Skrelv, Defector Mite": 2638, "The Filigree Sylex_SB": 2961, "Phyrexian Censor_SB": 2137, "Dollmaker's Shop && Porcelain Gallery": 760, "Painter's Studio && Defaced Gallery": 2096, "Breach the Multiverse_SB": 327, "Urgent Necropsy_SB": 3237, "Case of the Filched Falcon": 417, "Thrun, Breaker of Silence": 3049, "The Swarmweaver": 2996, "Abyssal Harvester": 10, "Change the Equation": 468, "Archfiend of the Dross_SB": 111, "Beseech the Mirror": 207, "The Elder Dragon War": 2952, "Molten Collapse_SB": 1893, "Restless Ridgeline_SB": 2369, "Tyvar's Stand_SB": 3160, "Gisa, the Hellraiser_SB": 1197, "Evangel of Synthesis": 931, "Phyrexian Fleshgorger_SB": 2140, "Magebane Lizard_SB": 1778, "Joust Through_SB": 1558, "Herbology Instructor": 1377, "Blue Sun's Twilight_SB": 272, "Flowerfoot Swordmaster": 1086, "Lupinflower Village": 1762, "Restless Bivouac_SB": 2362, "Slagstorm_SB": 2658, "Assassin's Trophy": 136, "Kami of Whispered Hopes": 1572, "Fauna Shaman": 989, "Diabolic Intent": 724, "Tyvar, Jubilant Brawler": 3161, "Agatha's Soul Cauldron": 32, "Lively Dirge_SB": 1720, "Cruel Somnophage": 597, "Molten Duplication": 1894, "Raucous Theater": 2287, "Lord Skitter, Sewer King_SB": 1746, "Blossoming Tortoise": 267, "Cityscape Leveler": 494, "Glimpse the Core": 1222, "Spelunking": 2727, "Titania's Command": 3075, "Argoth, Sanctum of Nature": 119, "Blast Zone": 232, "Cavernous Maw": 446, "Forgotten Monument": 1100, "Volatile Fault": 3333, "Get Out_SB": 1166, "Haywire Mite": 1342, "Rubblebelt Maverick": 2433, "Scorn-Blade Berserker": 2509, "Snarling Gorehound": 2681, "Voldaren Thrillseeker": 3338, "Imperious Perfect_SB": 1460, "Reclamation Sage_SB": 2311, "Sandstorm Salvager_SB": 2473, "Tough Cookie_SB": 3101, "Urborg Repossession_SB": 3230, "Raucous Carnival_SB": 2286, "Elesh Norn, Mother of Machines": 859, "Caustic Bronco_SB": 439, "Archdruid's Charm": 108, "Calamity, Galloping Inferno": 389, "Sire of Seven Deaths": 2629, "Smuggler's Surprise": 2676, "The Rollercrusher Ride": 2985, "Vaultborn Tyrant": 3277, "Tyrranax Rex_SB": 3157, "Skrelv's Hive_SB": 2637, "Withering Torment": 3424, "Osteomancer Adept": 2057, "Curious Forager": 618, "Thornvault Forager": 3016, "The Mycotyrant": 2980, "Sporogenic Infection_SB": 2750, "Agatha's Soul Cauldron_SB": 33, "Titania, Voice of Gaea_SB": 3078, "Huskburster Swarm_SB": 1445, "Case of the Stashed Skeleton": 424, "Grievous Wound": 1284, "Torpor Orb_SB": 3099, "Funeral Room // Awakening Hall_SB": 1132, "Rise of the Dark Realms_SB": 2390, "Pyroclasm": 2225, "Brotherhood's End": 356, "Seize the Spoils": 2551, "Phyrexian Fleshgorger": 2139, "Ichor Drinker": 1449, "Hungry Ghoul": 1438, "Cemetery Recruitment": 451, "Diregraf Ghoul": 729, "Skeleton Archer": 2631, "Sanguine Syphoner": 2477, "Mephitic Draught": 1841, "Not Dead After All": 1998, "Murder": 1936, "Canonized in Blood": 402, "Vampiric Rites": 3271, "Moment of Craving": 1898, "Nullpriest of Oblivion": 2005, "Offer Immortality": 2023, "Push // Pull": 2221, "Terror of the Peaks": 2938, "The Infamous Cruelclaw": 2966, "Twinflame Tyrant": 3142, "Valgavoth, Terror Eater_SB": 3252, "Urgent Necropsy": 3236, "Heaped Harvest": 1351, "Grand Abolisher_SB": 1262, "Iridescent Vinelasher": 1523, "Gev, Scaled Scorch": 1169, "Valley Rotcaller": 3260, "Scales of Shale": 2494, "Braided Net": 309, "Cryptic Coat": 605, "Simulacrum Synthesizer": 2624, "Temple of Enlightenment": 2920, "Unstable Glyphbridge": 3209, "Ezrim, Agency Chief_SB": 958, "Urza, Lord Protector": 3243, "Fabrication Foundry": 962, "Spring-Loaded Sawblades": 2752, "Thran Spider": 3030, "The Mightstone and Weakstone": 2975, "Valkyrie's Call_SB": 3254, "Fumigate_SB": 1130, "Cathar Commando": 433, "Coppercoat Vanguard": 562, "Harbin, Vanguard Aviator": 1318, "Valiant Veteran": 3253, "Zephyr Sentinel": 3455, "Skystrike Officer": 2656, "Fortified Beachhead": 1103, "Raise the Past_SB": 2259, "Royal Treatment_SB": 2432, "Unidentified Hovership_SB": 3195, "Cacophony Scamp": 382, "Gingerbrute": 1194, "Goldvein Hydra": 1248, "Inti, Seneschal of the Sun": 1489, "Ozolith, the Shattered Spire": 2093, "Alesha, Who Laughs at Fate": 50, "Vadmir, New Blood": 3244, "Song of Totentanz_SB": 2688, "Arabella, Abandoned Doll_SB": 94, "Painter's Studio && Defaced Gallery_SB": 2097, "Stoic Sphinx_SB": 2802, "Take Up the Shield_SB": 2893, "Valorous Stance_SB": 3265, "Karplusan Forest_SB": 1579, "Stingerback Terror_SB": 2795, "Scorching Shot": 2507, "Leyline of Resonance": 1687, "Doorkeeper Thrull_SB": 767, "Tinybones, the Pickpocket_SB": 3071, "Outcaster Trailblazer": 2063, "Pond Prophet": 2181, "Splash Portal": 2743, "Temple of Mystery": 2924, "Timely Interference": 3064, "Unable to Scream": 3167, "Vesuvan Duplimancy": 3294, "Dive Down_SB": 754, "Scrawling Crawler_SB": 2515, "Gnawing Vermin": 1232, "Hollow Marauder": 1414, "Huskburster Swarm": 1444, "Overwhelming Remorse": 2087, "Stubborn Burrowfiend": 2827, "Writhing Necromass": 3441, "Basilisk Collar_SB": 191, "Dryad Militant_SB": 816, "Subterranean Schooner_SB": 2830, "Piggy Bank": 2152, "Mockingbird_SB": 1888, "Chandra, Hope's Beacon_SB": 463, "Bristlebud Farmer": 345, "Charred Foyer && Warped Space_SB": 476, "Push // Pull_SB": 2222, "Virtue of Courage_SB": 3312, "Vren, the Relentless": 3357, "Abhorrent Oculus_SB": 3, "Destroy Evil": 713, "Shardmage's Rescue_SB": 2573, "Sentinel of the Nameless City_SB": 2558, "Goddric, Cloaked Reveler": 1244, "Aftermath Analyst": 30, "Crawling Barrens": 592, "Hearth Elemental": 1357, "Terramorphic Expanse": 2935, "Virtue of Strength": 3319, "Barbed Batterfist": 183, "Joust Through": 1557, "Akawalli, the Seething Tower": 47, "Absolving Lammasu_SB": 7, "Crash Through": 589, "Urabrask": 3224, "Wrenn's Resolve": 3439, "Coruscation Mage_SB": 579, "Think Twice": 3003, "Micromancer_SB": 1852, "Sphinx of Forgotten Lore_SB": 2729, "Dollmaker's Shop // Porcelain Gallery_SB": 762, "Elenda, Saint of Dusk_SB": 857, "Fade from History_SB": 963, "Phyrexian Obliterator_SB": 2144, "Unholy Annex // Ritual Chamber_SB": 3193, "Unstoppable Slasher_SB": 3213, "Flashfreeze_SB": 1070, "Bruse Tarl, Roving Rancher": 358, "Fblthp, Lost on the Range": 991, "Weakstone's Subjugation": 3383, "An Offer You Can't Refuse_SB": 63, "Fblthp, Lost on the Range_SB": 992, "Proft's Eidetic Memory_SB": 2204, "Weakstone's Subjugation_SB": 3384, "Mountain_SB": 1927, "Bottomless Pool && Locker Room": 301, "Fear of Isolation": 1002, "Legions to Ashes": 1677, "Tinybones Joins Up_SB": 3067, "Tithing Blade_SB": 3080, "The Swarmweaver_SB": 2997, "Werefox Bodyguard_SB": 3392, "Boon-Bringer Valkyrie": 290, "Invasion of Tarkir": 1515, "Hidetsugu's Second Rite_SB": 1402, "Temple of Epiphany": 2921, "Imodane's Recruiter_SB": 1456, "Invasion of Karsus_SB": 1511, "Mirror Room && Fractured Realm_SB": 1869, "Sword of Wealth and Power_SB": 2879, "Wildfire Howl_SB": 3402, "Zurgo and Ojutai_SB": 3473, "Tinybones Joins Up": 3066, "Ethereal Armor_SB": 929, "Roxanne, Starfall Savant_SB": 2430, "Mabel, Heir to Cragflame_SB": 1770, "Halo Forager_SB": 1313, "Kitesail Larcenist": 1613, "Essence Scatter": 920, "Soulstone Sanctuary_SB": 2708, "Overprotect": 2083, "Ballyrush Banneret": 171, "Protect the Negotiators": 2211, "Three Tree City": 3040, "Myrel, Shield of Argive_SB": 1944, "Siege Veteran_SB": 2611, "Steel Seraph_SB": 2788, "Ezrim, Agency Chief": 957, "Karn, Living Legacy": 1576, "Metropolis Reformer": 1849, "Wrenn and Realmbreaker_SB": 3437, "Hard-Hitting Question": 1323, "Omnivorous Flytrap": 2038, "Decadent Dragon": 665, "Krenko's Buzzcrusher_SB": 1641, "Silverback Elder_SB": 2620, "Kellan, Inquisitive Prodigy": 1595, "Roaring Furnace // Steaming Sauna_SB": 2410, "Rottenmouth Viper": 2427, "Blood Spatter Analysis": 248, "Demonic Pact": 699, "Harmless Offering": 1327, "Final Vengeance_SB": 1052, "Witch's Mark": 3420, "Kitsa, Otterball Elite": 1616, "The Witch's Vanity": 3001, "Greed's Gambit": 1275, "Urborg Lhurgoyf": 3228, "Hidden Grotto": 1393, "Feed the Cycle": 1016, "Rundvelt Hordemaster": 2441, "Searslicer Goblin": 2530, "Breeches, Eager Pillager": 335, "Squee, Dubious Monarch": 2756, "Krenko, Mob Boss": 1643, "Rite of the Moth": 2396, "Venerated Rotpriest": 3283, "Branchblight Stalker": 318, "Ichorspit Basilisk": 1450, "Maze's Mantle": 1826, "Viral Spawning": 3309, "Plague Nurse": 2163, "Venomous Brutalizer": 3291, "Tyrranax Atrocity": 3155, "Goliath Hatchery": 1252, "Paladin of Predation": 2100, "Tyrranax Rex": 3156, "Serum Snare": 2562, "Tainted Observer": 2891, "Experimental Augury": 942, "Thrummingbird": 3048, "Mesmerizing Dose": 1843, "Reject Imperfection": 2334, "Gitaxian Anatomist": 1198, "Vivisurgeon's Insight": 3325, "Basilisk Collar": 190, "Lakeside Shack": 1654, "Simic Guildgate": 2623, "Tangled Islet": 2901, "Meat Locker // Drowned Diner": 1829, "Archangel of Tithes": 104, "Sigarda, Font of Blessings": 2613, "Angelic Intervention": 74, "Loran's Escape": 1742, "Tatyova, Steward of Tides": 2906, "Awaken the Woods": 158, "Rampaging Baloths": 2272, "Portal to Phyrexia": 2185, "Omenpath Journey": 2036, "Poison Dart Frog": 2173, "Doubling Season": 770, "Long Goodbye": 1731, "Liliana, Dreadhorde General": 1710, "White Sun's Twilight_SB": 3398, "Break the Spell_SB": 334, "Migloz, Maze Crusher_SB": 1857, "Aetherize_SB": 28, "Under the Skin": 3175, "Seraphic Steed": 2559, "Hulking Raptor": 1437, "Vorinclex": 3346, "Cavern of Souls_SB": 445, "Fountainport_SB": 1111, "Goldvein Hydra_SB": 1249, "Meticulous Excavation_SB": 1848, "Cheeky House-Mouse": 479, "Rabid Gnaw": 2242, "Raging Battle Mouse": 2256, "Valley Questcaller": 3259, "Loran's Escape_SB": 1743, "Zoraline, Cosmos Caller": 3466, "Ossification": 2055, "Ossification_SB": 2056, "Enduring Innocence_SB": 887, "The Witch's Vanity_SB": 3002, "Ill-Timed Explosion_SB": 1453, "Zoraline, Cosmos Caller_SB": 3467, "Arcane Proxy": 100, "Teferi, Temporal Pilgrim_SB": 2914, "Lay Down Arms_SB": 1666, "Betrayer's Bargain": 211, "Undead Sprinter_SB": 3174, "Murky Sewer": 1939, "Neglected Manor": 1961, "Deeproot Pilgrimage": 674, "Deeproot Wayfinder": 675, "Mistway Spy": 1884, "Vodalian Hexcatcher": 3327, "Realmbreaker, the Invasion Tree": 2300, "Metropolis Reformer_SB": 1850, "Wildborn Preserver": 3401, "Atraxa, Grand Unifier_SB": 146, "Seeker's Folly_SB": 2548, "Might of the Meek_SB": 1855, "Charming Scoundrel": 475, "Twisted Fealty": 3147, "Doomsday Excruciator_SB": 766, "Pia Nalaar, Consul of Revival": 2147, "Invasion of Kaldheim": 1510, "Heartflame Duelist": 1355, "Norn's Inquisitor": 1996, "Crystal Grotto": 611, "Sunder the Gateway_SB": 2840, "Bottomless Pool // Locker Room": 303, "Nashi, Searcher in the Dark_SB": 1954, "Getaway Glamer_SB": 1168, "Viashino Pyromancer": 3301, "Heartflame Duelist_SB": 1356, "Vraska Joins Up": 3351, "Bloated Contaminator": 243, "Darkstar Augur": 636, "Necrogen Communion": 1957, "Thirsting Roots_SB": 3008, "Swiftfoot Boots_SB": 2871, "Vraska, Betrayal's Sting_SB": 3355, "Rona, Herald of Invasion": 2422, "Jodah, the Unifier": 1551, "Myrel, Shield of Argive": 1943, "Hajar, Loyal Bodyguard": 1306, "Ruby, Daring Tracker": 2434, "Halana and Alena, Partners": 1308, "Inga and Esika": 1473, "Gwenna, Eyes of Gaea": 1305, "Jirina, Dauntless General": 1549, "Elas il-Kor, Sadistic Pilgrim": 851, "Melira, the Living Cure": 1835, "Relic of Legends": 2336, "Hajar, Loyal Bodyguard_SB": 1307, "Etali, Primal Conqueror_SB": 924, "Elesh Norn_SB": 861, "Surrak and Goreclaw_SB": 2863, "Fear of Impostors": 998, "Defabricate_SB": 677, "Twist Reality_SB": 3146, "Guardian of New Benalia": 1298, "Pest Control": 2124, "Legions to Ashes_SB": 1678, "Heraldic Banner": 1375, "Gatekeeper of Malakir": 1154, "Heraldic Banner_SB": 1376, "Defiled Crypt // Cadaver Lab_SB": 686, "Karn's Sylex_SB": 1575, "Drannith Ruins": 802, "Spellgyre": 2725, "Curate": 616, "Ephara's Dispersal": 903, "Regal Caracal": 2329, "Arahbo, the First Fang": 96, "The Stone Brain": 2993, "High Noon_SB": 1404, "Hostile Investigator": 1430, "Decadent Dragon_SB": 666, "Vein Ripper": 3280, "Doppelgang": 768, "Viashino Pyromancer_SB": 3302, "Aegis Turtle": 22, "Enter the Enigma": 899, "Venerated Rotpriest_SB": 3284, "Ivy, Gleeful Spellthief_SB": 1531, "Silent Hallcreeper_SB": 2616, "Immersturm Predator": 1454, "Laughing Jasper Flint": 1660, "Jaya, Fiery Negotiator": 1543, "The Cruelty of Gix_SB": 2950, "Corpses of the Lost": 570, "Lightning Strike_SB": 1704, "Rite of the Dragoncaller": 2394, "Grabby Giant": 1258, "Horned Loch-Whale_SB": 1426, "Feldon's Cane_SB": 1022, "Pugnacious Hammerskull": 2216, "Dragon Fodder": 782, "Goblin Surprise": 1243, "Sunspine Lynx": 2849, "Fear of Impostors_SB": 999, "Sword of Once and Future": 2876, "Gisa, the Hellraiser": 1196, "Seal from Existence": 2526, "Battlefly Swarm": 197, "Drake Hatcher": 796, "Broodspinner": 354, "Green Sun's Twilight": 1277, "Solemn Simulacrum": 2684, "Ghalta, Stampede Tyrant": 1173, "Invasion of Amonkhet_SB": 1501, "Beastie Beatdown": 199, "Roxanne, Starfall Savant": 2429, "Annie Joins Up": 83, "Etali, Primal Conqueror": 923, "Huatli, Poet of Unity": 1434, "Dragonhawk, Fate's Tempest": 791, "Fortune, Loyal Steed": 1105, "Conduit Pylons": 541, "Maha, Its Feathers Night_SB": 1786, "Bonehoard Dracosaur": 282, "Molten Collapse": 1892, "Thalia and The Gitrog Monster": 2944, "Surgical Suite && Hospital Room_SB": 2859, "Mindsplice Apparatus": 1860, "Silver Scrutiny": 2618, "Breach the Multiverse": 326, "Island_SB": 1527, "Dissection Tools": 744, "Entity Tracker_SB": 902, "Glarb, Calamity's Augur": 1210, "Insidious Fungus": 1481, "Muldrotha, the Gravetide": 1933, "Scrapshooter_SB": 2512, "Rebel Salvo_SB": 2304, "Assimilation Aegis_SB": 139, "Aether Channeler": 24, "Final Showdown": 1049, "Turn Inside Out_SB": 3138, "Defiled Crypt && Cadaver Lab": 683, "Exuberant Fuseling": 956, "Overlord of the Balemurk_SB": 2074, "Thundertrap Trainer_SB": 3059, "Abuelo's Awakening": 8, "Kitsa, Otterball Elite_SB": 1617, "Rona, Herald of Invasion_SB": 2423, "Season of Weaving_SB": 2537, "Unnerving Grasp_SB": 3204, "Calix, Guided by Fate": 391, "Fear of Surveillance": 1007, "Ruin-Lurker Bat": 2436, "Wilt-Leaf Liege_SB": 3407, "Tender Wildguide": 2932, "Painter's Studio // Defaced Gallery_SB": 2099, "Grand Entryway // Elegant Rotunda": 1264, "Skrelv, Defector Mite_SB": 2639, "Palani's Hatcher": 2101, "Temple of Abandon": 2918, "Temple of Malady": 2922, "Blasphemous Edict_SB": 231, "Insatiable Avarice": 1479, "Ashiok, Wicked Manipulator": 131, "Perforating Artist": 2119, "Temple of Silence": 2926, "Betrayer's Bargain_SB": 212, "Sawblade Skinripper": 2486, "Agrus Kos, Spirit of Justice": 37, "Muerra, Trash Tactician": 1932, "Cosmic Rebirth": 580, "Kellan's Lightblades_SB": 1593, "Squirming Emergence": 2758, "Lumra, Bellow of the Woods": 1758, "Wail of the Forgotten": 3359, "Terror Tide": 2936, "Undead Sprinter": 3173, "At Knifepoint_SB": 143, "Monstrous Rage_SB": 1915, "Essence Channeler": 918, "Amalia Benavides Aguirre": 56, "Lunar Convocation": 1759, "Raise the Past": 2258, "Unwanted Remake_SB": 3219, "Smuggler's Surprise_SB": 2677, "Distorted Curiosity": 746, "Whisper of the Dross": 3395, "Bring the Ending": 342, "Drown in Ichor": 812, "Prologue to Phyresis": 2208, "Vraska's Fall_SB": 3353, "Blasphemous Edict": 230, "Bottomless Pool // Locker Room_SB": 304, "The Princess Takes Flight_SB": 2982, "Anim Pakal, Thousandth Moon_SB": 77, "Adaptive Automaton": 18, "Three Tree Mascot": 3041, "Phyrexian Obliterator": 2143, "Tail Swipe": 2888, "Cankerbloom": 400, "Broodspinner_SB": 355, "Cankerbloom_SB": 401, "Terror Tide_SB": 2937, "Hauntwoods Shrieker": 1341, "Valgavoth's Onslaught": 3249, "Phyrexian Vindicator": 2145, "The Seedcore": 2986, "Mischievous Mystic": 1872, "Lord Skitter, Sewer King": 1745, "Twitching Doll": 3150, "Zul Ashur, Lich Lord": 3469, "Garruk's Uprising": 1146, "Defiler of Flesh": 688, "Kraul Whipcracker_SB": 1638, "Pick Your Poison": 2148, "Filter Out_SB": 1047, "Invasion of Tolvada": 1518, "High Noon": 1403, "Mechanized Warfare": 1832, "Restless Reef_SB": 2367, "Lost Jitte": 1747, "Darkstar Augur_SB": 637, "Dreadmaw's Ire": 803, "Felonious Rage": 1030, "Manifold Mouse_SB": 1801, "Long River's Pull_SB": 1734, "Soul Search_SB": 2697, "Case of the Gateway Express_SB": 419, "Finneas, Ace Archer": 1055, "Kambal, Profiteering Mayor": 1570, "Skrelv's Hive": 2636, "Kambal, Profiteering Mayor_SB": 1571, "Kaya, Spirits' Justice_SB": 1584, "Oko, the Ringleader_SB": 2030, "Ivy, Gleeful Spellthief": 1530, "Invasion of Theros": 1517, "Marchesa, Dealer of Death": 1807, "Annie Flash, the Veteran_SB": 82, "Jirina, Dauntless General_SB": 1550, "Defiled Crypt && Cadaver Lab_SB": 684, "Crumb and Get It": 600, "Dust Animus_SB": 826, "Annex Sentry": 80, "Slaughter Singer": 2659, "Jawbone Duelist": 1542, "Getaway Glamer": 1167, "Crawling Chorus": 593, "Fleeting Flight_SB": 1073, "Divine Resilience_SB": 758, "Trash the Town_SB": 3115, "Bulk Up": 364, "Pugnacious Hammerskull_SB": 2217, "Felidar Retreat": 1026, "Giant Growth": 1186, "Hinterland Sanctifier": 1407, "Ajani's Pridemate": 39, "Lifecreed Duo": 1697, "Quick Draw_SB": 2236, "Kona, Rescue Beastie": 1633, "Aetherize": 27, "Citanul Stalwart": 493, "Rune-Scarred Demon": 2443, "Time Stop": 3061, "Massacre Wurm_SB": 1822, "Prophetic Prism": 2210, "Wishclaw Talisman_SB": 3418, "Coveted Falcon_SB": 587, "Cultivator's Caravan": 613, "Scene of the Crime": 2504, "Swooping Lookout": 2873, "Long River's Pull": 1733, "Abraded Bluffs": 6, "Blooming Blast": 261, "Combat Research": 534, "Recruitment Officer_SB": 2315, "Conspiracy Unraveler": 550, "Matzalantli, the Great Door": 1823, "Reenact the Crime": 2323, "Demonic Ruckus_SB": 702, "Impact Tremors_SB": 1458, "One with the Multiverse": 2040, "Walk with the Ancestors": 3360, "Meathook Massacre II_SB": 1831, "Phyrexian Arena_SB": 2135, "Coiling Rebirth": 516, "Anim Pakal, Thousandth Moon": 76, "Hunter's Talent": 1439, "Hostile Investigator_SB": 1431, "Thundering Falls_SB": 3055, "Razorkin Needlehead": 2291, "Razorkin Needlehead_SB": 2292, "Highway Robbery_SB": 1406, "Dreadmaw's Ire_SB": 804, "Smash to Dust_SB": 2672, "Intrepid Paleontologist": 1497, "Ghalta, Primal Hunger": 1171, "Bolt Bend_SB": 275, "Shipwreck Dowser": 2588, "Disturbing Conversion": 749, "Eerie Interference_SB": 846, "Builder's Talent_SB": 363, "Abuelo's Awakening_SB": 9, "Surge Engine": 2853, "Repulsive Mutation": 2347, "Monstrous Emergence": 1912, "Repulsive Mutation_SB": 2348, "Sylvan Scavenging_SB": 2882, "Black Sun's Twilight": 225, "Ghost Vacuum": 1178, "Bloodletter of Aclazotz_SB": 255, "Wishclaw Talisman": 3417, "Vaultborn Tyrant_SB": 3278, "Feldon's Cane": 1021, "Treasure Map": 3118, "Neutralize the Guards": 1968, "Ayli, Eternal Pilgrim": 162, "Lively Dirge": 1719, "Ball Lightning": 170, "Overlord of the Boilerbilges_SB": 2076, "Founding the Third Path_SB": 1107, "Satoru, the Infiltrator": 2482, "Etched Cornfield": 926, "Wilt-Leaf Liege": 3406, "Axebane Ferox_SB": 160, "Gumdrop Poisoner_SB": 1304, "Charge of the Mites": 472, "Expel the Interlopers": 940, "Annex Sentry_SB": 81, "Vraska, the Silencer": 3356, "Binding Negotiation": 216, "Kaervek, the Punisher": 1562, "Arid Archway": 120, "Obstinate Baloth": 2019, "Bramble Familiar": 314, "Felonious Rage_SB": 1031, "Sphinx of the Final Word_SB": 2730, "Temple of Malice": 2923, "Homicide Investigator_SB": 1418, "Rip, Spawn Hunter": 2387, "Pillage the Bog_SB": 2158, "Bartolom\u00e9 del Presidio": 187, "Funeral Room // Awakening Hall": 1131, "Market Gnome": 1811, "Nezumi Linkbreaker": 1974, "Infestation Sage": 1471, "Outlaw Medic": 2064, "Legion Extruder": 1674, "Thousand Moons Smithy_SB": 3025, "Blightbelly Rat": 240, "Unnatural Restoration": 3201, "Whisper of the Dross_SB": 3396, "Overprotect_SB": 2084, "Carnivorous Canopy_SB": 411, "Fecund Greenshell": 1014, "Dawn's Truce_SB": 641, "Gleaming Geardrake": 1218, "Dowsing Device": 773, "Demand Answers": 692, "Syr Ginger, the Meal Ender": 2885, "The Mycosynth Gardens": 2979, "Saheeli, Filigree Master": 2462, "Saheeli, Filigree Master_SB": 2463, "Sire of Seven Deaths_SB": 2630, "The Tale of Tamiyo": 2998, "Contaminated Aquifer": 554, "The Surgical Bay": 2995, "Case of the Ransacked Lab": 423, "Ertai's Scorn_SB": 913, "Scrawling Crawler": 2514, "Dawn's Truce": 640, "Final Showdown_SB": 1050, "Hollow Scavenger": 1416, "Night of the Sweets' Revenge": 1976, "Genesis Wave": 1159, "Archdruid's Charm_SB": 109, "Boros Charm_SB": 294, "Colossal Rattlewurm": 529, "Freestrider Lookout": 1112, "Gaea's Gift": 1140, "Trash the Town": 3114, "Witness Protection_SB": 3427, "Banishing Light_SB": 179, "Imprisoned in the Moon_SB": 1461, "Inquisitive Glimmer_SB": 1478, "Refute_SB": 2326, "Hugs, Grisly Guardian": 1435, "Kogla and Yidaro": 1626, "Persistent Marshstalker": 2123, "Karumonix, the Rat King": 1580, "Lilypad Village": 1712, "Argentum Masticore": 117, "Hedron Archive": 1361, "Hall of Tagsin": 1311, "Tomakul Honor Guard": 3090, "Argentum Masticore_SB": 118, "Choking Miasma": 484, "Buried in the Garden": 369, "Tyvar, the Pummeler": 3162, "Polukranos Reborn": 2179, "Bite Down": 219, "Bite Down_SB": 220, "Untimely Malfunction": 3216, "Niv-Mizzet, Supreme": 1985, "Blazing Crescendo_SB": 236, "Chainsaw": 458, "Captain Storm, Cosmium Raider": 406, "Corsair Captain": 577, "Malcolm, the Eyes": 1794, "Staunch Crewmate": 2781, "Lost Jitte_SB": 1748, "Lonely Arroyo": 1730, "The Millennium Calendar_SB": 2977, "Ruin-Lurker Bat_SB": 2437, "Leonin Vanguard_SB": 1681, "Veteran Survivor_SB": 3297, "Eaten by Piranhas_SB": 841, "Stormsplitter": 2817, "Ral's Reinforcements": 2268, "Corrupted Conviction_SB": 576, "Kogla and Yidaro_SB": 1627, "Deadly Brew_SB": 652, "Lich-Knights' Conquest": 1695, "Necrogen Rotpriest": 1958, "Contagious Vorrac": 553, "Armored Scrapgorger_SB": 126, "Forest_SB": 1098, "Invasion of Fiora_SB": 1505, "Greta, Sweettooth Scourge": 1283, "Sweettooth Witch": 2868, "Experimental Confectioner": 943, "Mintstrosity": 1864, "Scream Puff": 2516, "Gingerbread Hunter": 1193, "Back for Seconds": 167, "Welcome to Sweettooth": 3390, "Spider Food": 2731, "Feed the Cauldron": 1015, "Return from the Wilds": 2379, "Savor": 2485, "Three Bowls of Porridge": 3037, "Eriette's Tempting Apple": 906, "Not Dead After All_SB": 1999, "Sugar Rush_SB": 2832, "Candy Grapple_SB": 398, "Hero's Downfall_SB": 1386, "Fell_SB": 1029, "Murder_SB": 1937, "Cheeky House-Mouse_SB": 480, "Burrowguard Mentor": 375, "Hop to It": 1420, "Oakhollow Village": 2011, "Pollen-Shield Hare": 2175, "Seasoned Warrenguard": 2541, "Valley Mightcaller": 3258, "Kutzil, Malamet Exemplar_SB": 1650, "Dryad Militant": 815, "Trostani, Three Whispers": 3129, "Delney, Streetwise Lookout": 690, "Hare Apparent": 1326, "No Witnesses": 1991, "Stroke of Midnight": 2824, "Impact Tremors": 1457, "An Offer You Can't Refuse": 62, "Malcolm, Alluring Scoundrel_SB": 1793, "The Monumental Facade": 2978, "Solphim, Mayhem Dominus": 2686, "Sardian Cliffstomper": 2478, "Magmatic Sprinter": 1782, "Churning Reservoir": 488, "Sardian Cliffstomper_SB": 2479, "Monastery Swiftspear_SB": 1909, "Magmatic Sprinter_SB": 1783, "Churning Reservoir_SB": 489, "Zoyowa's Justice": 3468, "Trial of Agony": 3121, "Ojer Axonil, Deepest Might": 2026, "Generous Plunderer": 1158, "Brazen Collector": 325, "Firebrand Archer": 1056, "Leyline of Resonance_SB": 1688, "Ancestors' Aid_SB": 68, "Slickshot Show-Off_SB": 2670, "Dwynen's Elite": 832, "Leaf-Crowned Visionary": 1670, "Elvish Archdruid": 871, "Imperious Perfect": 1459, "Lathril, Blade of the Elves": 1658, "Tyvar the Bellicose": 3158, "Gaea's Gift_SB": 1141, "Give In to Violence_SB": 1200, "Cityscape Leveler_SB": 495, "Nahiri's Resolve_SB": 1949, "Scrapwork Mutt": 2513, "Repel Calamity_SB": 2346, "Abandoned Campground": 1, "Kitnap_SB": 1615, "Braids, Arisen Nightmare_SB": 312, "Obyra, Dreaming Duelist": 2021, "Knight of Dusk's Shadow_SB": 1620, "Pile On": 2153, "Call a Surprise Witness": 392, "Giant Cindermaw_SB": 1185, "Micromancer": 1851, "Rattleback Apothecary": 2284, "Ygra, Eater of All": 3447, "Axebane Ferox": 159, "Maha, Its Feathers Night": 1785, "Massacre Girl, Known Killer": 1819, "Daggerfang Duo": 626, "Moonstone Harbinger": 1920, "Pestilent Syphoner": 2126, "Hoarding Recluse": 1413, "Deathbloom Gardener": 660, "Drown in Ichor_SB": 813, "Ghired, Mirror of the Wilds": 1174, "Portent of Calamity": 2187, "Bloodfeather Phoenix": 249, "Rakdos, the Muscle": 2264, "Rakdos, the Muscle_SB": 2265, "Rakdos Joins Up_SB": 2262, "Massacre Girl, Known Killer_SB": 1820, "Unyielding Gatekeeper": 3220, "Ghalta and Mavren": 1170, "Progenitus": 2206, "Manifest Dread": 1799, "Hide in Plain Sight": 1397, "Threats Around Every Corner": 3034, "Blossoming Sands": 266, "Evolving Wilds": 934, "Temple of Plenty": 2925, "Crystal Barricade": 609, "Green Sun's Twilight_SB": 1278, "Witness Protection": 3426, "Oblivious Bookworm": 2017, "Growing Dread": 1290, "Bubble Smuggler": 361, "Cryptid Inspector": 608, "Exit Specialist": 936, "Cursed Windbreaker": 621, "Break Down the Door": 330, "Surrak and Goreclaw": 2862, "Hard-Hitting Question_SB": 1324, "Polukranos Reborn_SB": 2180, "Banner of Kinship": 180, "Hazardroot Herbalist": 1344, "Rabbit Response": 2240, "Treeguard Duo": 3119, "Uncharted Haven": 3171, "Warren Elder": 3374, "Head of the Homestead": 1348, "Head of the Homestead_SB": 1349, "Grab the Prize_SB": 1257, "Stroke of Midnight_SB": 2825, "Desecration Demon": 707, "Dragonmaster Outcast": 794, "Magda, the Hoardmaster": 1776, "Tinybones, Bauble Burglar": 3068, "Hellspur Posse Boss": 1368, "Hellspur Brute_SB": 1367, "Cynical Loner_SB": 625, "Astor, Bearer of Blades": 140, "Bladehold War-Whip": 228, "Kellan, the Fae-Blooded": 1599, "Kemba, Kha Enduring": 1600, "Rebel Salvo": 2303, "Lavaspur Boots": 1663, "Swiftfoot Boots": 2870, "Sword of Forge and Frontier": 2874, "Astor, Bearer of Blades_SB": 141, "Hidetsugu and Kairi": 1399, "Consuming Aberration": 552, "Knight of Dusk's Shadow": 1619, "Soul-Guide Lantern": 2699, "Temple of Deceit": 2919, "No One Left Behind_SB": 1990, "Season of Gathering_SB": 2533, "Dusk Legion Duelist": 822, "Stocking the Pantry": 2798, "Botanical Brawler": 299, "Tribute to the World Tree": 3123, "Railway Brawler": 2257, "Collector's Cage_SB": 523, "Evolved Sleeper": 932, "Friendly Teddy": 1117, "Rankle's Prank_SB": 2279, "Consumed by Greed_SB": 551, "Razorlash Transmogrant_SB": 2294, "Tocasia's Welcome": 3084, "Patchwork Banner": 2106, "Hop to It_SB": 1421, "Render Inert": 2342, "Titania, Voice of Gaea": 3077, "Guardian of Ghirapur": 1297, "Ruthless Lawbringer": 2450, "Desperate Bloodseeker": 709, "Rampaging Spiketail": 2275, "Barkform Harvester": 184, "Fae Flight_SB": 965, "Phoenix Chick": 2132, "Squee, Dubious Monarch_SB": 2757, "Blooming Blast_SB": 262, "Enduring Tenacity_SB": 889, "Rush of Dread_SB": 2447, "Kitesail Larcenist_SB": 1614, "Magebane Lizard": 1777, "Ravine Raider": 2289, "Valley Flamecaller": 3255, "Final Flourish_SB": 1048, "Time Stop_SB": 3062, "Drag the Canal_SB": 778, "Unnatural Restoration_SB": 3202, "Infectious Inquiry_SB": 1470, "Slagstorm": 2657, "Volcanic Spite": 3335, "Grab the Prize": 1256, "Taii Wakeen, Perfect Shot": 2887, "Unruly Catapult": 3205, "Glassworks // Shattered Yard_SB": 1215, "Samut, Vizier of Naktamun": 2468, "Rakdos Guildgate": 2260, "Izzet Guildgate": 1535, "Selesnya Guildgate": 2554, "Orzhov Guildgate": 2052, "Gruul Guildgate": 1293, "Boros Guildgate": 296, "Azorius Guildgate": 164, "Dimir Guildgate": 726, "Golgari Guildgate": 1251, "Maze's End": 1825, "Circuitous Route": 492, "Expedition Map": 939, "Dust Animus": 825, "Tribute to the World Tree_SB": 3124, "Hulking Metamorph": 1436, "Rest in Peace": 2357, "Surge Engine_SB": 2854, "Fake Your Own Death": 976, "Invasion of Ergamon": 1504, "Break Out_SB": 332, "Flamewake Phoenix_SB": 1067, "Beastie Beatdown_SB": 200, "Primal Might": 2194, "Ego Drain_SB": 848, "Hearthborn Battler_SB": 1359, "Vengeful Possession": 3288, "Rabid Gnaw_SB": 2243, "Repair and Recharge": 2345, "Step Between Worlds_SB": 2789, "Dwynen, Gilt-Leaf Daen": 833, "Hexgold Halberd": 1391, "Sporogenic Infection": 2749, "Skyfisher Spider_SB": 2649, "Rakdos Joins Up": 2261, "Kroxa and Kunoros": 1644, "Festerleech": 1036, "Fallaji Archaeologist_SB": 978, "The Wandering Rescuer_SB": 3000, "Worldwalker Helm": 3431, "Torch the Witness": 3095, "Detective's Satchel": 716, "Forensic Gadgeteer_SB": 1095, "Ice Out_SB": 1448, "Oracle of Tragedy": 2046, "Tarrian's Journal": 2903, "Felidar Cub": 1024, "Knight-Errant of Eos_SB": 1624, "Dusk Rose Reliquary_SB": 824, "Ruthless Lawbringer_SB": 2451, "Felidar Cub_SB": 1025, "Banishing Light": 178, "Sharp-Eyed Rookie": 2574, "Evolving Adaptive": 933, "Garruk's Uprising_SB": 1147, "Unauthorized Exit": 3169, "Let's Play a Game_SB": 1683, "Chart a Course_SB": 478, "Johann's Stopgap_SB": 1553, "Flow of Knowledge_SB": 1085, "Roaming Throne_SB": 2405, "Quintorius Kand_SB": 2239, "Soul Search": 2696, "Surgical Suite && Hospital Room": 2858, "Razorlash Transmogrant": 2293, "Worldsoul's Rage": 3430, "Inspiration from Beyond": 1484, "Bonny Pall, Clearcutter_SB": 285, "Wandertale Mentor": 3363, "Vodalian Mindsinger_SB": 3328, "Llanowar Elves_SB": 1723, "Bonehoard Dracosaur_SB": 283, "Norin, Swift Survivalist": 1994, "Trapped in the Screen": 3112, "Ragged Playmate": 2254, "Trapped in the Screen_SB": 3113, "Ragged Playmate_SB": 2255, "Norin, Swift Survivalist_SB": 1995, "Splitskin Doll_SB": 2748, "Fear of Surveillance_SB": 1008, "Grand Entryway // Elegant Rotunda_SB": 1265, "Shrouded Shepherd": 2607, "Zurgo and Ojutai": 3472, "Dead Weight_SB": 650, "Think Twice_SB": 3004, "Take for a Ride_SB": 2894, "Fleeting Flight": 1072, "Mosswood Dreadknight_SB": 1925, "Boltwave_SB": 277, "Sheoldred": 2579, "Enduring Courage_SB": 883, "War Squeak_SB": 3366, "Spirebluff Canal_SB": 2740, "Chandra, Flameshaper_SB": 461, "Fumigate": 1129, "Blazing Crescendo": 235, "Ajani, Sleeper Agent": 43, "Great Train Heist": 1274, "Glimmerlight": 1221, "Fiendish Panda": 1040, "Ashnod's Harvester": 133, "Warhost's Frenzy": 3371, "Geralf, the Fleshwright": 1161, "Geralf, the Fleshwright_SB": 1162, "Claim Jumper_SB": 498, "Mirrex_SB": 1868, "Tectonic Hazard": 2910, "Chainsaw_SB": 459, "Steamcore Scholar": 2783, "Vampire Gourmand": 3266, "Vraan, Executioner Thane": 3350, "Eaten Alive_SB": 840, "Wojek Investigator": 3428, "Rustler Rampage": 2448, "Calamity's Wake_SB": 388, "Recommission_SB": 2313, "Heroic Reinforcements": 1388, "Searslicer Goblin_SB": 2531, "Lost in the Maze_SB": 1750, "Herald of Eternal Dawn": 1373, "Stormchaser's Talent_SB": 2811, "Phyrexian Missionary": 2141, "Cactarantula": 384, "Case of the Locked Hothouse_SB": 421, "Stromkirk Noble": 2826, "Ojer Pakpatiq, Deepest Epoch": 2027, "Disturbing Conversion_SB": 750, "See Double_SB": 2544, "Enduring Vitality_SB": 891, "Koth, Fire of Resistance": 1635, "Lithomantic Barrage": 1716, "Audience with Trostani_SB": 148, "Leyline of the Void": 1692, "Sentinel of Lost Lore": 2555, "Virtue of Knowledge": 3313, "Wylie Duke, Atiin Hero": 3442, "Defiler of Dreams_SB": 687, "Stoke the Flames": 2803, "Volatile Fault_SB": 3334, "Omen Hawker": 2033, "Valgavoth's Onslaught_SB": 3250, "Kutzil's Flanker": 1647, "Extraordinary Journey": 954, "Gold Pan": 1246, "Extraordinary Journey_SB": 955, "Nurturing Pixie_SB": 2008, "Pearl of Wisdom": 2112, "Moonshaker Cavalry": 1918, "Fear of Lost Teeth": 1004, "Horrid Vigor": 1427, "Flesh Burrower": 1074, "Let's Play a Game": 1682, "Winter's Intervention": 3413, "Grasping Longneck": 1266, "Wickerfolk Thresher": 3399, "Cackling Slasher": 381, "Fear of the Dark": 1009, "Balemurk Leech": 169, "Give In to Violence": 1199, "Innocuous Rat": 1476, "Bashful Beastie": 189, "Defiant Survivor": 681, "Meathook Massacre II": 1830, "Vile Mutilator": 3304, "Analyze the Pollen_SB": 66, "Corpses of the Lost_SB": 571, "Anthem of Champions": 92, "Mistbreath Elder": 1880, "Bushwhack_SB": 379, "Mistbreath Elder_SB": 1881, "Realmbreaker's Grasp_SB": 2299, "Treeguard Duo_SB": 3120, "Stickytongue Sentinel_SB": 2793, "Sunshower Druid_SB": 2848, "Tumbleweed Rising_SB": 3132, "Polliwallop_SB": 2177, "Leyline of Transformation": 1690, "Saheeli's Lattice": 2461, "Hopeless Nightmare_SB": 1424, "Thrill of Possibility": 3044, "Etali, Primal Storm_SB": 925, "Healer's Hawk": 1350, "Adamant Will": 17, "Dazzling Angel": 646, "Goldvein Pick": 1250, "Moment of Triumph": 1900, "Pilfer": 2155, "Public Thoroughfare": 2215, "Roaming Throne": 2404, "Undying Malice": 3185, "Cancel_SB": 397, "Opt_SB": 2042, "Requisition Raid": 2350, "Anointed Peacekeeper_SB": 91, "Connecting the Dots_SB": 547, "Idyllic Beachfront": 1451, "Voracious Varmint_SB": 3345, "Ambush Wolf_SB": 59, "Makeshift Binding": 1789, "Deadly Riposte_SB": 657, "Nettle Guard_SB": 1967, "Invasion of Regatha": 1513, "Hidetsugu's Second Rite": 1401, "Dismal Backwater": 737, "Pelakka Wurm": 2116, "Extract a Confession_SB": 953, "Soul-Shackled Zombie_SB": 2702, "Unauthorized Exit_SB": 3170, "Jump Scare_SB": 1560, "Progenitus_SB": 2207, "Dewdrop Cure": 722, "Harvestrite Host": 1333, "Family Reunion_SB": 979, "Cut Short_SB": 624, "Annihilating Glare": 85, "Fanatical Offering": 982, "Sword of Wealth and Power": 2878, "Empyrean Eagle": 876, "Tranquil Cove": 3106, "Griffnaut Tracker_SB": 1286, "Lassoed by the Law": 1655, "Mabel's Mettle": 1768, "The Huntsman's Redemption": 2964, "Cunning Coyote": 614, "Skulduggery": 2640, "Skulduggery_SB": 2641, "Dead Weight": 649, "Minor Misstep": 1862, "Hopeful Vigil": 1422, "Restricted Office // Lecture Hall": 2375, "Central Elevator // Promising Stairs": 453, "Creeping Peeper": 594, "Underwater Tunnel // Slimy Aquarium": 3184, "Erratic Apparition": 909, "Dazzling Theater // Prop Room": 648, "Fear of Falling": 997, "Fear of Abduction": 993, "Lionheart Glimmer": 1714, "Tunnel Surveyor_SB": 3136, "Stalked Researcher_SB": 2766, "Primeval Titan": 2198, "Otawara, Soaring City": 2059, "Amulet of Vigor": 61, "Arboreal Grazer": 99, "Dryad of the Ilysian Grove": 817, "Summoner's Pact": 2834, "Hanweir Battlements": 1317, "Shifting Woodland": 2585, "Boseiju, Who Endures": 297, "Mirrorpool": 1871, "Urza's Saga": 3240, "Crumbling Vestige": 602, "Gruul Turf": 1295, "Simic Growth Chamber": 2622, "Lotus Field": 1751, "Tolaria West": 3086, "Vesuva": 3292, "Valakut, the Molten Pinnacle": 3245, "Scapeshift": 2496, "Dryad Arbor": 814, "Green Sun's Zenith": 1279, "Echoing Deeps": 842, "Vexing Bauble": 3298, "Bojuka Bog_SB": 274, "Dismember_SB": 738, "Vampires' Vengeance_SB": 3270, "Hexdrinker_SB": 1390, "Colossal Skyturtle_SB": 530, "Generous Ent_SB": 1157, "Collector Ouphe_SB": 521, "Endurance_SB": 881, "Grist, the Hunger Tide_SB": 1289, "Force of Vigor_SB": 1092, "Polluted Delta": 2178, "Scalding Tarn": 2491, "Misty Rainforest": 1885, "Bloodstained Mire": 257, "Watery Grave": 3381, "Steam Vents": 2782, "Sink into Stupor": 2626, "Spell Snare": 2721, "Unearth": 3186, "Thoughtseize": 3022, "Fatal Push": 987, "Faithless Looting": 975, "Tamiyo, Inquisitive Student": 2900, "Psychic Frog": 2214, "Counterspell": 585, "Persist": 2122, "Force of Negation": 1091, "Brazen Borrower": 323, "Archon of Cruelty": 113, "Nihil Spellbomb_SB": 1979, "Surgical Extraction_SB": 2857, "Consign to Memory_SB": 549, "Harbinger of the Seas_SB": 1320, "Stern Scolding_SB": 2792, "Fable of the Mirror-Breaker_SB": 960, "Arena of Glory": 116, "Blazing Rootwalla": 237, "Burning Inquiry": 371, "Detective's Phoenix": 715, "Flameblade Adept": 1063, "Goblin Lore": 1240, "Hollow One": 1415, "Lightning Bolt": 1700, "Stomping Ground": 2804, "Street Wraith": 2822, "Vengevine": 3290, "Wooded Foothills": 3429, "Cursed Totem_SB": 620, "Meltdown_SB": 1837, "Obsidian Charmaw_SB": 2018, "Arid Mesa": 121, "Barbarian Ring": 182, "Sunbaked Canyon": 2837, "Eidolon of the Great Revel": 849, "Goblin Guide": 1239, "Lava Spike": 1662, "Rift Bolt": 2383, "Searing Blaze": 2528, "Skewer the Critics": 2632, "Skullcrack": 2644, "Flare of Duplication": 1068, "Smash to Smithereens_SB": 2673, "Faerie Macabre_SB": 970, "Ensnaring Bridge_SB": 897, "Explore": 946, "Urza's Cave": 3238, "Defense Grid_SB": 680, "Tireless Tracker_SB": 3072, "Indomitable Creativity": 1464, "Prismatic Ending": 2201, "Wrenn and Six": 3438, "Fable of the Mirror-Breaker": 959, "Blood Crypt": 245, "Sacred Foundry": 2456, "Xander's Lounge": 3443, "Jetmir's Garden": 1548, "Dwarven Mine": 831, "Flooded Strand": 1076, "Boseiju, Who Endures_SB": 298, "Toxic Deluge_SB": 3102, "Hurkyl's Recall_SB": 1441, "Damping Sphere_SB": 630, "Cling to Dust": 509, "Harbinger of the Seas": 1319, "Marsh Flats": 1816, "Murktide Regent": 1938, "Preordain": 2193, "Thought Scour": 3019, "Engineered Explosives_SB": 894, "Mystical Dispute_SB": 1946, "Spell Pierce_SB": 2720, "The Meathook Massacre_SB": 2974, "Orcish Bowmasters": 2048, "Ocelot Pride": 2022, "Godless Shrine": 1245, "Guide of Souls": 1299, "Seasoned Pyromancer": 2540, "Ajani, Nacatl Pariah": 42, "Phelia, Exuberant Shepherd": 2130, "Phlage, Titan of Fire's Fury": 2131, "Galvanic Discharge": 1144, "Goblin Bombardment": 1236, "Thraben Charm": 3026, "Orim's Chant_SB": 2049, "Wrath of the Skies_SB": 3434, "Thoughtseize_SB": 3023, "Showdown of the Skalds_SB": 2605, "Wear // Tear_SB": 3385, "Legion Loyalist": 1676, "Goblin Bushwhacker": 1237, "Devastating Summons": 718, "Reckless Bushwhacker": 2305, "Goblin Grenade": 1238, "Goblin Piledriver": 1242, "Mogg War Marshal": 1889, "Skirk Prospector": 2633, "Foundry Street Denizen": 1108, "Den of the Bugbear": 703, "Sokenzan, Crucible of Defiance": 2683, "Tormod's Crypt_SB": 3097, "Shattering Spree_SB": 2576, "Blood Moon_SB": 247, "Magus of the Moon_SB": 1784, "Reality Hemorrhage_SB": 2297, "Ziatora's Proving Ground": 3460, "Veil of Summer_SB": 3279, "Terastodon_SB": 2933, "Consider": 548, "Graveyard Trespasser": 1268, "Exquisite Firecraft_SB": 948, "Searing Blood_SB": 2529, "Tunnel Ignus_SB": 3134, "Ragavan, Nimble Pilferer": 2252, "Static Prison": 2778, "Showdown of the Skalds": 2604, "Windswept Heath": 3411, "Fear, Fire, Foes!_SB": 1010, "Drannith Magistrate_SB": 801, "Stony Silence_SB": 2805, "Chained to the Rocks": 456, "Chained to the Rocks_SB": 457, "Ragavan, Nimble Pilferer_SB": 2253, "Chrome Host Seedshark": 486, "Corrupt": 574, "Seeker's Folly": 2547, "Lukka, Bound to Ruin_SB": 1753, "Giant Growth_SB": 1187, "Duelist of the Mind": 818, "Talion, the Kindly Lord": 2899, "Slice from the Shadows": 2665, "Over the Edge_SB": 2069, "Poison Dart Frog_SB": 2174, "Come Back Wrong": 536, "Glassworks // Shattered Yard": 1214, "Beamtown Beatstick": 198, "Diamond Pick-Axe": 725, "Sunfire Torch": 2843, "Celestial Armor": 450, "Carrot Cake_SB": 414, "Edgewall Inn": 845, "Grievous Wound_SB": 1285, "Goliath Hatchery_SB": 1253, "Cathartic Parting_SB": 435, "Balmor, Battlemage Captain": 172, "Bria, Riptide Rogue": 338, "Freeze in Place": 1113, "Relic's Roar": 2339, "Run Away Together_SB": 2439, "Scalding Viper_SB": 2493, "Keldon Flamesage": 1590, "Brambleguard Captain": 316, "Johann, Apprentice Sorcerer": 1554, "Kraum, Violent Cacophony": 1639, "Razzle-Dazzler": 2296, "Vesuvan Drifter": 3293, "Snaremaster Sprite": 2680, "Thopter Mechanic": 3013, "Nightwhorl Hermit": 1978, "Iron-Fist Pulverizer": 1524, "Pyrotechnic Performer": 2227, "Fear of Burning Alive": 996, "Swiftwater Cliffs": 2872, "Molten Tributary": 1897, "Peculiar Lighthouse": 2113, "Fiery Annihilation": 1043, "Defabricate": 676, "Aspirant's Ascent": 135, "Stop Cold": 2806, "Mishra's Command_SB": 1877, "Plan the Heist_SB": 2166, "Sleight of Hand_SB": 2664, "Kellan, Planar Trailblazer_SB": 1598, "Trick Shot_SB": 3125, "Violent Urge_SB": 3308, "Involuntary Cooldown_SB": 1522, "Out of Air_SB": 2061, "Harrier Strix": 1330, "The Filigree Sylex": 2960, "Living Phone": 1721, "Hardened Escort": 1325, "Unsettling Twins": 3207, "The Jolly Balloon Man": 2968, "Holy Cow": 1417, "Unsettling Twins_SB": 3208, "Raccoon Rallier_SB": 2244, "Feather of Flight_SB": 1013, "Rogue's Passage_SB": 2416, "Possessed Goat_SB": 2188, "The Jolly Balloon Man_SB": 2969, "Hammerhand_SB": 1316, "Heartfire Hero_SB": 1353, "Inti, Seneschal of the Sun_SB": 1490, "Pests of Honor": 2127, "Nettle Guard": 1966, "Three Blind Mice": 3035, "Emberheart Challenger_SB": 874, "Dauntless Dismantler_SB": 639, "Phoenix Chick_SB": 2133, "Gleaming Barrier": 1216, "Painful Quandary": 2094, "Gleaming Barrier_SB": 1217, "Solemn Simulacrum_SB": 2685, "Twinferno_SB": 3141, "Sure Strike_SB": 2852, "Mirran Banesplitter": 1866, "Heartfire Immolator": 1354, "Dwarven Forge-Chanter": 830, "Whiskerquill Scribe": 3393, "Sure Strike": 2851, "Ghitu Amplifier": 1175, "Furious Bellow": 1133, "Ancestors' Aid": 67, "Charge of the Mites_SB": 473, "Grand Abolisher": 1261, "Unnerving Grasp": 3203, "Halo Hopper": 1314, "Hellspur Posse Boss_SB": 1369, "Fynn, the Fangbearer_SB": 1139, "Make Your Move_SB": 1787, "Harbinger of the Tides": 1321, "Harbinger of the Tides_SB": 1322, "Bottomless Pool && Locker Room_SB": 302, "Pile On_SB": 2154, "Cat Collector": 431, "Growing Rites of Itlimoc": 1291, "Flowstone Infusion": 1087, "Coruscation Mage": 578, "Throw from the Saddle": 3047, "Arachnoid Adaptation": 95, "Hammerhand": 1315, "War Squeak": 3365, "Longstalk Brawl_SB": 1735, "Thrill of Possibility_SB": 3045, "Jump Scare": 1559, "Niko, Light of Hope": 1980, "Tunnel Surveyor": 3135, "Stalked Researcher": 2765, "Enter the Enigma_SB": 900, "Fear of Isolation_SB": 1003, "Into the Roil": 1495, "Into the Roil_SB": 1496, "Ayara, Widow of the Realm": 161, "Deathmark_SB": 662, "Season of Gathering": 2532, "Warren Warleader": 3375, "Seasoned Warrenguard_SB": 2542, "Lionheart Glimmer_SB": 1715, "Horrid Vigor_SB": 1428, "Omnivorous Flytrap_SB": 2039, "Roc Hunter": 2411, "Feldon, Ronom Excavator": 1023, "Scalding Viper": 2492, "Trial of Agony_SB": 3122, "Adventuring Gear_SB": 21, "Vicious Clown_SB": 3303, "Fear of Being Hunted_SB": 995, "Rite of the Dragoncaller_SB": 2395, "Ghostly Dancers": 1180, "Demonic Pact_SB": 700, "Splash Portal_SB": 2744, "Valorous Stance": 3264, "Lodestone Needle": 1729, "Scytheclaw Raptor_SB": 2523, "Sawblade Skinripper_SB": 2487, "Pitiless Carnage_SB": 2162, "Bring the Ending_SB": 343, "Season of Loss_SB": 2535, "Zephyr Singer": 3456, "Spell Pierce": 2719, "Molt Tender": 1891, "Draconautics Engineer": 775, "Loot, the Pathfinder": 1738, "Afterburner Expert": 29, "Dredger's Insight": 809, "Restless Spire_SB": 2371, "Sunbillow Verge": 2838, "Grim Bauble": 1287, "Momentum Breaker": 1903, "Debris Beetle": 663, "Wastewood Verge": 3378, "Llanowar Loamspeaker": 1725, "Vein Ripper_SB": 3281, "Ketramose, the New Dawn": 1601, "Bleachbone Verge": 238, "Intimidation Tactics": 1491, "Oildeep Gearhulk_SB": 2025, "Bloodghast": 252, "Lunar Convocation_SB": 1760, "Bartolom\u00e9 del Presidio_SB": 188, "Valley Rotcaller_SB": 3261, "Oildeep Gearhulk": 2024, "Haunt the Network_SB": 1337, "Ride's End": 2381, "Defend the Rider": 678, "Hazoret, Godseeker": 1346, "Eriette of the Charmed Apple": 905, "Surgical Suite // Hospital Room_SB": 2861, "Gleeful Demolition_SB": 1220, "Willowrush Verge": 3405, "Monument to Endurance": 1916, "Outpace Oblivion_SB": 2066, "Cunning Coyote_SB": 615, "Thousand Moons Smithy": 3024, "Transmutation Font": 3111, "Braided Net_SB": 310, "Grim Bauble_SB": 1288, "Nesting Bot": 1964, "Chandra, Spark Hunter_SB": 465, "Bounce Off": 305, "Intimidation Tactics_SB": 1492, "The Speed Demon_SB": 2991, "Voyage Home": 3347, "Perilous Snare": 2120, "Momentum Breaker_SB": 1904, "Farsight Ritual": 986, "Quag Feast": 2231, "Gastal Raider_SB": 1150, "Overgrown Zealot": 2072, "Transit Mage": 3110, "Brightglass Gearhulk": 340, "Voyager Glidecar": 3348, "Voyager Glidecar_SB": 3349, "Debris Beetle_SB": 664, "Fuel the Flames": 1124, "Skycrash": 2646, "Riverpyre Verge": 2403, "Broadside Barrage_SB": 351, "Fuel the Flames_SB": 1125, "Dropkick Bomber": 811, "Howlsquad Heavy": 1432, "Reckless Lackey": 2307, "Amonkhet Raceway": 60, "Kutzil, Malamet Exemplar": 1649, "Marauding Mako": 1806, "Scrounging Skyray": 2521, "Broadside Barrage": 350, "Boosted Sloop": 292, "Bounce Off_SB": 306, "Thopter Fabricator_SB": 3012, "Count on Luck_SB": 584, "Mendicant Core, Guidelight": 1839, "Mu Yanling, Wind Rider": 1930, "The Skullspore Nexus": 2988, "Regal Imperiosaur": 2331, "Intrepid Paleontologist_SB": 1498, "Overlord of the Hauntwoods_SB": 2080, "Agonasaur Rex": 35, "Sandstalker Moloch_SB": 2470, "The Aetherspark": 2946, "Bringer of the Last Gift": 344, "Terisian Mindbreaker": 2934, "Skitterbeam Battalion": 2635, "Riverchurn Monument": 2400, "Diversion Unit": 755, "Gastal Thrillroller_SB": 1152, "Monument to Endurance_SB": 1917, "Spectacular Pileup": 2712, "Riptide Gearhulk": 2388, "Burnout Bashtronaut": 373, "Greasewrench Goblin": 1270, "Lifecraft Engine": 1696, "Gastal Thrillroller": 1151, "Coalstoke Gearhulk_SB": 513, "Visage Bandit": 3320, "Waxen Shapethief": 3382, "Coalstoke Gearhulk": 512, "Locust Spray": 1728, "Webstrike Elite": 3388, "Memory Guardian": 1838, "Shoreline Looter": 2603, "Engine Rat_SB": 893, "Zahur, Glory's Past": 3454, "Quag Feast_SB": 2232, "Essence Channeler_SB": 919, "Lunar Insight": 1761, "Atraxa's Fall_SB": 144, "Gruff Triplets": 1292, "Captain Howler, Sea Scourge": 404, "Jodah, the Unifier_SB": 1552, "Thunderous Velocipede": 3056, "Invasion of Regatha_SB": 1514, "Ketramose, the New Dawn_SB": 1602, "Dune Drifter": 819, "Ride's End_SB": 2382, "Chandra, Spark Hunter": 464, "Rampaging Raptor": 2273, "Agonasaur Rex_SB": 36, "Repurposing Bay": 2349, "Perilous Snare_SB": 2121, "Expel the Interlopers_SB": 941, "Visage of Dread": 3321, "Pit Automaton": 2159, "Visage of Dread_SB": 3322, "The Last Ride_SB": 2972, "Aether Syphon_SB": 26, "Red Sun's Twilight_SB": 2317, "Phyrexian Dragon Engine": 2138, "Mishra, Claimed by Gix": 1879, "Coiling Rebirth_SB": 517, "Collision Course_SB": 527, "Caelorna, Coral Tyrant_SB": 386, "Sazacap's Brew": 2490, "Invasion of Mercadia": 1512, "Playful Shove": 2168, "Lightwheel Enhancements": 1706, "The Speed Demon": 2990, "Gas Guzzler": 1148, "Spectral Interference_SB": 2717, "Say Its Name_SB": 2489, "Gastal Thrillseeker": 1153, "Far Fortune, End Boss": 985, "Overrun_SB": 2086, "Wardens of the Cycle_SB": 3370, "Painful Quandary_SB": 2095, "Leaf-Crowned Visionary_SB": 1671, "Mossborn Hydra_SB": 1923, "Drag to the Roots_SB": 781, "Stock Up": 2796, "Spectacular Pileup_SB": 2713, "Flow of Knowledge": 1084, "Claim Jumper": 497, "Starscape Cleric_SB": 2774, "Ghitu Lavarunner": 1176, "Flotsam // Jetsam_SB": 1082, "Soul of Windgrace": 2698, "Melira, the Living Cure_SB": 1836, "Bloated Contaminator_SB": 244, "Diversion Unit_SB": 756, "Tyrox, Saurid Tyrant": 3154, "Engine Rat": 892, "Teysa, Opulent Oligarch": 2943, "Gonti, Night Minister": 1254, "Muraganda Raceway": 1935, "Gumdrop Poisoner": 1303, "Mindspring Merfolk": 1861, "Zephyr Singer_SB": 3457, "Tomik, Wielder of Law_SB": 3092, "Conduit of Worlds_SB": 543, "Two-Headed Hunter": 3152, "Optimistic Scavenger_SB": 2044, "Esoteric Duplicator": 917, "Explosive Derailment_SB": 947, "Mishra's Command": 1876, "Ratadrabik of Urborg": 2282, "Webstrike Elite_SB": 3389, "Heliod, the Radiant Dawn": 1364, "Twinblade Blessing": 3140, "Restless Anchorage_SB": 2360, "Defend the Rider_SB": 679, "Fearless Swashbuckler": 1011, "Unctus, Grand Metatect": 3172, "The Aetherspark_SB": 2947, "Hidden Necropolis": 1394, "Lumbering Worldwagon": 1754, "Overrun": 2085, "The Last Ride": 2971, "Ancient Vendetta_SB": 72, "Demonic Junker": 697, "Nexus of Becoming": 1972, "Unstable Glyphbridge_SB": 3210, "Ancient Vendetta": 71, "Basri, Tomorrow's Champion": 192, "Skyseer's Chariot_SB": 2653, "Lassoed by the Law_SB": 1656, "Blast Zone_SB": 233, "Reclamation Sage": 2310, "Ashiok, Wicked Manipulator_SB": 132, "Bristlebud Farmer_SB": 346, "Third Path Iconoclast_SB": 3006, "Thalia and The Gitrog Monster_SB": 2945, "Ferocification_SB": 1034, "Become Brutes": 202, "Sword of Forge and Frontier_SB": 2875, "Veteran Survivor": 3296, "Coveted Falcon": 586, "Impulse": 1462, "The Elder Dragon War_SB": 2953, "Kellan, Inquisitive Prodigy_SB": 1596, "Caradora, Heart of Alacria": 408, "Veteran Beastrider": 3295, "Skyseer's Chariot": 2652, "Valor's Flagship": 3262, "Spring-Loaded Sawblades_SB": 2753, "Urza's Command_SB": 3239, "Dive Down": 753, "Scrollshift_SB": 2520, "Full Throttle_SB": 1128, "Loot, the Key to Everything_SB": 1737, "Loot, the Pathfinder_SB": 1739, "Twining Twins": 3143, "Threadbind Clique": 3033, "Boommobile": 288, "Forging the Anchor": 1099, "Radiant Lotus": 2248, "The Mightstone and Weakstone_SB": 2976, "Boommobile_SB": 289, "Radiant Lotus_SB": 2249, "Bloodthorn Flail": 259, "Flamewake Phoenix": 1066, "Cryptcaller Chariot_SB": 604, "Volley Veteran": 3340, "Slick Sequence": 2666, "Spiteful Hexmage_SB": 2742, "Riptide Gearhulk_SB": 2389, "Riverchurn Monument_SB": 2401, "Thopter Fabricator": 3011, "Furnace Host Charger": 1134, "Clamorous Ironclad": 501, "Wishing Well": 3419, "Frolicking Familiar": 1118, "Alania, Divergent Storm": 48, "Resplendent Angel_SB": 2355, "Tinker's Tote": 3065, "Cephalopod Sentry": 454, "Redshift, Rocketeer Chief": 2322, "Haunt the Network": 1336, "Sorcerous Spyglass": 2692, "Demonic Junker_SB": 698, "Halana and Alena, Partners_SB": 1309, "Valor's Flagship_SB": 3263, "Tocasia's Welcome_SB": 3085, "Stall Out": 2767, "Stall Out_SB": 2768, "Sovereign Okinec Ahau": 2710, "Gloryheath Lynx": 1229, "The Raven Man": 2983, "The Raven Man_SB": 2984, "Broodheart Engine": 353, "Marketback Walker": 1813, "Sylvan Scavenging": 2881, "Sab-Sunen, Luxa Embodied": 2454, "Simian Simulacrum": 2621, "Gargantuan Leech": 1145, "Captivating Cave": 407, "Promising Vein": 2209, "Hidden Courtyard": 1392, "Bat Colony": 193, "Calamitous Cave-In": 387, "Hidden Volcano": 1396, "Boom Box": 286, "Possession Engine": 2189, "Conduit of Worlds": 542, "Broadcast Rambler": 349, "Virtue of Courage": 3311, "Leyline Binding_SB": 1686, "Likeness Looter": 1707, "Reluctant Role Model": 2340, "Bulwark Ox": 366, "Reluctant Role Model_SB": 2341, "The Goose Mother": 2962, "Mold Adder_SB": 1890, "Market Gnome_SB": 1812, "Daretti, Rocketeer Engineer": 633, "Threefold Thunderhulk": 3042, "Tune Up": 3133, "Meteor Golem_SB": 1844, "Burnout Bashtronaut_SB": 374, "Gastal Raider": 1149, "Oviya, Automech Artisan": 2092, "Marketback Walker_SB": 1814, "Highway Robbery": 1405, "The Skullspore Nexus_SB": 2989, "Cosmium Confluence": 582, "Festival of Embers": 1037, "Hidden Nursery": 1395, "Charming Prince": 474, "Gossip's Talent": 1255, "Balustrade Wurm": 173, "Skycrash_SB": 2647, "Nexus of Becoming_SB": 1973, "Soulless Jailer_SB": 2704, "Akal Pakal, First Among Equals_SB": 46, "Collector's Vault_SB": 525, "Thran Spider_SB": 3031, "Sab-Sunen, Luxa Embodied_SB": 2455, "Earthrumbler": 836, "Oko, the Ringleader": 2029, "Forensic Researcher": 1096, "Deepfathom Echo": 673, "Chitin Gravestalker": 483, "Desperate Bloodseeker_SB": 710, "Starving Revenant_SB": 2775, "Steamcore Scholar_SB": 2784, "Ojer Pakpatiq, Deepest Epoch_SB": 2028, "Lavaspur Boots_SB": 1664, "Voldaren Thrillseeker_SB": 3339, "Thunderous Velocipede_SB": 3057, "Stock Up_SB": 2797, "Fear of Infinity_SB": 1001, "Dredger's Insight_SB": 810, "Fauna Shaman_SB": 990, "Mocking Sprite": 1886, "Talion's Messenger": 2897, "Barrow Naughty": 186, "Faerie Slumber Party": 973, "Drag the Canal": 777, "Spellscorn Coven": 2726, "Malcator, Purity Overseer": 1791, "Sunder the Gateway": 2839, "Night Market": 1975, "Stockpiling Celebrant": 2799, "Carrion Locust_SB": 412, "Skullcap Snail_SB": 2643, "Stockpiling Celebrant_SB": 2800, "Etrata, Deadly Fugitive": 930, "Coerced to Kill": 515, "Unstoppable Plan_SB": 3211, "Shadow-Rite Priest": 2568, "Training Grounds": 3105, "Hoarding Broodlord": 1412, "Nahiri's Warcrafting_SB": 1950, "Baral and Kari Zev": 181, "Enigma Drake": 895, "Eroded Canyon": 907, "Trained Arynx": 3104, "Ornery Tumblewagg": 2050, "Giant Beaver": 1183, "Lagorin, Soul of Alacria": 1652, "Miriam, Herd Whisperer": 1865, "Congregation Gryff": 546, "Brightfield Glider": 339, "Run Over_SB": 2440, "Reject Imperfection_SB": 2335, "Vivisurgeon's Insight_SB": 3326, "Macabre Waltz": 1771, "Wary Thespian": 3377, "Haunted Mire": 1338, "Overwhelming Remorse_SB": 2088, "Akal Pakal, First Among Equals": 45, "Forensic Gadgeteer": 1094, "Deduce_SB": 668, "Wreck Remover_SB": 3435, "Brave the Wilds": 322, "Fog of War_SB": 1089, "Oaken Siren": 2010, "Guidelight Optimizer": 1300, "Fountainport Bell": 1110, "Machine Over Matter_SB": 1772, "Armored Scrapgorger": 125, "Fierce Empath": 1042, "Spinewoods Paladin": 2735, "Phyrexian Missionary_SB": 2142, "Tranquil Cove_SB": 3107, "Exsanguinate_SB": 950, "Exsanguinate": 949, "Crumb and Get It_SB": 601, "Flame Lash": 1062, "Syr Ginger, the Meal Ender_SB": 2886, "Legion Extruder_SB": 1675, "Dawnwing Marshal": 643, "Leonin Vanguard": 1680, "Savannah Lions": 2484, "Pitiless Carnage": 2161, "Fear of Infinity": 1000, "Aurelia, the Warleader": 149, "Gilded Ghoda": 1191, "Vanish into Eternity_SB": 3273, "Frenzied Goblin": 1114, "Count on Luck": 583, "Doubling Season_SB": 771, "Fanatical Firebrand_SB": 981, "Frenzied Goblin_SB": 1115, "Reckless Lackey_SB": 2308, "Howlsquad Heavy_SB": 1433, "Rundvelt Hordemaster_SB": 2442, "District Mascot": 748, "Shivan Devastator": 2590, "Zimone, Paradox Sculptor": 3461, "Tyvar, the Pummeler_SB": 3163, "Zopandrel, Hunger Dominus_SB": 3465, "Dynamite Diver": 834, "Guidelight Synergist": 1301, "Kolodin, Triumph Caster": 1630, "Burner Rocket": 370, "Cloudspire Skycycle": 511, "Irreverent Gremlin": 1525, "Blightstep Pathway": 242, "Bloodtithe Harvester": 260, "Cauldron Familiar": 437, "Deadly Dispute": 655, "Mayhem Devil": 1824, "Overgrown Tomb": 2071, "Witch's Oven": 3421, "Claim the Firstborn": 499, "Ob Nixilis, the Adversary_SB": 2014, "Unlicensed Hearse_SB": 3199, "Bishop of Wings": 218, "Righteous Valkyrie": 2384, "Resplendent Marshal": 2356, "Skyclave Apparition": 2645, "Collected Company": 518, "Kayla's Reconstruction": 1586, "Portable Hole": 2183, "Branchloft Pathway": 319, "Cave of the Frost Dragon": 443, "Overgrown Farmland": 2070, "Temple Garden": 2917, "Nykthos, Shrine to Nyx": 2009, "Eiganjo, Seat of the Empire": 850, "Brutal Cathar_SB": 360, "Reidane, God of the Worthy_SB": 2332, "Archon of Absolution_SB": 112, "Shapers' Sanctuary_SB": 2571, "Brave the Elements_SB": 321, "Heroic Intervention_SB": 1387, "Cragcrown Pathway": 588, "Mutavault": 1942, "Reckless Rage": 2309, "Soul-Scar Mage": 2701, "Hazoret the Fervent_SB": 1345, "Redcap Melee_SB": 2319, "Elvish Mystic": 872, "Kiora, Behemoth Beckoner": 1607, "Cavalier of Thorns": 442, "Old-Growth Troll": 2031, "Lair of the Hydra": 1653, "Storm the Festival": 2807, "Ulvenwald Oddity": 3166, "Oath of Nissa": 2012, "Leyline of the Guildpact": 1691, "Emrakul, the Promised End_SB": 877, "Setessan Petitioner_SB": 2566, "Arasta of the Endless Web_SB": 98, "Ledger Shredder": 1673, "Arclight Phoenix": 115, "Fiery Impulse": 1045, "Lightning Axe": 1699, "Treasure Cruise": 3117, "Riverglide Pathway": 2402, "Hall of Storm Giants": 1310, "Brazen Borrower_SB": 324, "Annul_SB": 87, "Aether Gust_SB": 25, "Anger of the Gods_SB": 75, "Prismari Command_SB": 2200, "Omen of the Sea": 2035, "The Meathook Massacre": 2973, "Narset, Parter of Veils": 1952, "Field of Ruin": 1039, "Geier Reach Sanitarium": 1156, "Urborg, Tomb of Yawgmoth": 3233, "Clearwater Pathway": 507, "Hive of the Eye Tyrant": 1411, "Shipwreck Marsh": 2589, "Takenuma, Abandoned Mire": 2896, "Ashiok, Dream Render_SB": 129, "Yorion, Sky Nomad_SB": 3449, "Ashiok, Nightmare Muse_SB": 130, "Extinction Event_SB": 952, "Ramunap Ruins": 2276, "Stormcarved Coast": 2808, "Spikefield Hazard": 2732, "Izzet Charm": 1534, "Prismari Command": 2199, "Blade of the Oni": 227, "Hidetsugu Consumes All_SB": 1398, "Invoke Despair_SB": 1521, "Haunted Ridge": 1339, "Bonecrusher Giant": 280, "Burning-Tree Emissary": 372, "Chandra, Torch of Defiance": 466, "Collision // Colossus": 526, "Gruul Spellbreaker": 1294, "Kami's Flare": 1573, "Kumano Faces Kakkazan": 1646, "Pelt Collector": 2117, "Voltaic Brawler": 3343, "Zhur-Taa Goblin": 3459, "Bonecrusher Giant_SB": 281, "Chandra, Torch of Defiance_SB": 467, "Cindervines_SB": 491, "Kami's Flare_SB": 1574, "Roiling Vortex_SB": 2419, "Weathered Runestone_SB": 3387, "Sigarda's Aid": 2612, "Colossus Hammer": 532, "Raffine's Informant": 2250, "Sylvan Caryatid": 2880, "Eldritch Evolution": 853, "Mana Confluence": 1797, "Soulflayer": 2703, "Collective Brutality_SB": 520, "Gifted Aetherborn_SB": 1188, "Bloodline Culling_SB": 256, "Deafening Silence_SB": 658, "Portable Hole_SB": 2184, "Grafdigger's Cage_SB": 1259, "Kroxa, Titan of Death's Hunger": 1645, "Claim the Firstborn_SB": 500, "Hallowed Fountain": 1312, "Indatha Triome": 1463, "Spara's Headquarters": 2711, "Zagoth Triome": 3453, "Vanishing Verse": 3274, "Leyline of Sanctity_SB": 1689, "Barrier Breach_SB": 185, "Knockout Blow_SB": 1625, "Foreboding Ruins": 1093, "Invoke Despair": 1520, "Rakdos, Patron of Chaos": 2263, "Kolaghan's Command_SB": 1629, "Fetid Pools": 1038, "Yorion, Sky Nomad": 3448, "Go Blank_SB": 1233, "Castle Locthwain": 430, "Paradoxical Outcome": 2102, "Greasefang, Okiba Boss": 1269, "Parhelion II": 2103, "Shattered Sanctum": 2575, "Faithful Mending": 974, "Skysovereign, Consul Flagship": 2655, "Tainted Indulgence": 2890, "Collective Brutality": 519, "Raffine's Tower": 2251, "Stubborn Denial": 2828, "Dovin's Veto_SB": 772, "Silence_SB": 2614, "Fatal Push_SB": 988, "Vanishing Verse_SB": 3275, "Breeding Pool": 337, "Linvala, the Preserver": 1713, "Enigmatic Incarnation": 896, "Savai Triome": 2483, "Thought Distortion_SB": 3018, "Archon of Emeria_SB": 114, "Ruric Thar, the Unbowed_SB": 2445, "Voldaren Epicure": 3337, "Ensoul Artifact": 898, "Darksteel Citadel": 638, "Shrapnel Blast": 2606, "Smuggler's Copter": 2675, "Rending Volley_SB": 2344, "Shadowspear_SB": 2569, "Voltage Surge_SB": 3342, "Experimental Frenzy_SB": 944, "Claim // Fame": 496, "Infuriate": 1472, "Extinction Event": 951, "Krenko's Buzzcrusher": 1640, "Furnace Punisher_SB": 1135, "Hearth Elemental_SB": 1358, "Laughing Jasper Flint_SB": 1661, "Arcanis the Omnipotent": 101, "Drag to the Bottom": 779, "Titania's Command_SB": 3076, "Rocky Roads": 2414, "Lumbering Worldwagon_SB": 1755, "Cosmic Rebirth_SB": 581, "Mondrak, Glory Dominus_SB": 1911, "Mimeoplasm, Revered One": 1858, "Devouring Sugarmaw": 720, "Amalia Benavides Aguirre_SB": 57, "Elas il-Kor, Sadistic Pilgrim_SB": 852, "Fiendish Panda_SB": 1041, "Knight of Dawn's Light_SB": 1618, "Spin Out_SB": 2733, "Ravine Raider_SB": 2290, "Cindering Cutthroat_SB": 490, "Steampath Charger_SB": 2785, "Risky Shortcut_SB": 2392, "Become Brutes_SB": 203, "Eddymurk Crab_SB": 844, "Tolarian Terror_SB": 3088, "Drake Hatcher_SB": 797, "Goblin Oriflamme": 1241, "Spectral Interference": 2716, "Ruthless Negotiation_SB": 2453, "Etched Familiar": 927, "Haughty Djinn_SB": 1335, "Map the Frontier": 1802, "No Witnesses_SB": 1992, "Khenra Spellspear": 1603, "Silken Strength": 2617, "Divine Resilience": 757, "Greenhouse // Rickety Gazebo": 1280, "Mirror Room // Fractured Realm": 1870, "Unflinching Courage_SB": 3189, "Radiant Grove": 2247, "Streetwise Negotiator_SB": 2823, "Winter, Cursed Rider": 3414, "Herd Migration_SB": 1382, "Gixian Infiltrator_SB": 1205, "Armored Armadillo_SB": 123, "Kykar, Zephyr Awakener": 1651, "Realm-Scorcher Hellkite": 2298, "Sentinel of Lost Lore_SB": 2556, "Spyglass Siren_SB": 2755, "Lathril, Blade of the Elves_SB": 1659, "The Huntsman's Redemption_SB": 2965, "Gloryheath Lynx_SB": 1230, "Threefold Thunderhulk_SB": 3043, "Cryptcaller Chariot": 603, "Case of the Locked Hothouse": 420, "Walk-In Closet // Forgotten Cellar": 3361, "Primeval Bounty": 2196, "Commune with Evil": 538, "Thirsting Roots": 3007, "Mindsparker_SB": 1859, "Voracious Greatshark": 3344, "Aloe Alchemist": 54, "Gigantosaurus": 1189, "Llanowar Greenwidow": 1724, "Llanowar Stalker": 1726, "Ghalta, Primal Hunger_SB": 1172, "Gigantosaurus_SB": 1190, "Disenchant": 733, "Captain Howler, Sea Scourge_SB": 405, "Cursed Recording_SB": 619, "Karn, Living Legacy_SB": 1577, "Rangers' Refueler": 2277, "Meeting of Minds": 1833, "Steel Hellkite_SB": 2786, "Grand Entryway && Elegant Rotunda": 1263, "Quaketusk Boar": 2233, "The Stasis Coffin": 2992, "The Everflowing Well": 2959, "Kellan Joins Up": 1592, "Ovika, Enigma Goliath_SB": 2091, "Lukka, Bound to Ruin": 1752, "Leaping Ambush": 1672, "Bestow Greatness_SB": 209, "Raucous Theater_SB": 2288, "Rockface Village_SB": 2413, "Flowstone Infusion_SB": 1088, "Alesha, Who Laughs at Fate_SB": 51, "Stern Lesson": 2790, "Stormkeld Vanguard_SB": 2812, "Progenitor Exarch": 2205, "Primal Might_SB": 2195, "Feed the Swarm": 1019, "Agatha of the Vile Cauldron": 31, "Moonshaker Cavalry_SB": 1919, "Bramble Familiar_SB": 315, "Annie Joins Up_SB": 84, "Reckless Handling": 2306, "Detention Chariot": 717, "Push the Limit": 2223, "Gallant Strike": 1142, "Thundering Broodwagon": 3053, "Ancient Den": 70, "Boros Garrison": 295, "Experimental Synthesizer": 945, "Galvanic Blast": 1143, "Glint Hawk": 1223, "Great Furnace": 1273, "Journey to Nowhere": 1556, "Kor Skyfisher": 1634, "Lembas": 1679, "Makeshift Munitions": 1790, "Relic of Progenitus": 2337, "Rustvale Bridge": 2449, "Thraben Inspector": 3028, "Dust to Dust_SB": 827, "Electrickery_SB": 854, "Prismatic Strands_SB": 2202, "Pyroblast_SB": 2224, "Red Elemental Blast_SB": 2316, "Relic of Progenitus_SB": 2338, "Boomerang": 287, "Brainstorm": 313, "Cryptic Serpent": 607, "Deep Analysis": 670, "Delver of Secrets": 691, "Dragon Wings": 786, "L\u00f3rien Revealed": 1767, "Mental Note": 1840, "Murmuring Mystic": 1940, "Ponder": 2182, "Sleep of the Dead": 2660, "Snow-Covered Island": 2682, "Blue Elemental Blast_SB": 270, "Deem Inferior_SB": 669, "Dispel_SB": 739, "Hydroblast_SB": 1446, "Jace's Phantasm_SB": 1538, "Murmuring Mystic_SB": 1941, "Sleep of the Dead_SB": 2661, "Radiant Fountain": 2246, "Goldmire Bridge": 1247, "Bojuka Bog": 273, "Orzhov Basilica": 2051, "Sunlit Marsh": 2845, "Troll of Khazad-d\u00fbm": 3128, "Eagles of the North": 835, "Dawnbringer Cleric": 642, "Omen of the Dead": 2034, "Cast Down": 428, "Accursed Marauder": 13, "Refurbished Familiar": 2324, "Vault of Whispers": 3276, "Suffocating Fumes": 2831, "Campfire_SB": 395, "Arms of Hadar_SB": 127, "Unmake_SB": 3200, "Accursed Marauder_SB": 14, "Cast Down_SB": 429, "Beckon Apparition_SB": 201, "Thraben Charm_SB": 3027, "Thorn of the Black Rose_SB": 3014, "Arashin Cleric_SB": 97, "Lazav, Wearer of Faces_SB": 1669, "Harmless Offering_SB": 1328, "Return Triumphant": 2377, "Souls of the Lost_SB": 2706, "Wildwood Scourge": 3404, "Slickshot Lockpicker_SB": 2668, "Flashfreeze": 1069, "Cori-Steel Cutter": 568, "Heritage Reclamation": 1383, "Scavenger Regent // Exude Toxin // Scavenger Regent": 2498, "Qarsi Revenant": 2229, "Strategic Betrayal_SB": 2821, "Scavenger Regent // Exude Toxin // Scavenger Regent_SB": 2499, "Mistrise Village": 1882, "Roiling Dragonstorm": 2417, "Marang River Regent": 1803, "Jeskai Revelation_SB": 1547, "Voice of Victory_SB": 3330, "Clarion Conqueror_SB": 504, "Rakshasa's Bargain": 2266, "Fangkeeper's Familiar": 983, "Awaken the Honored Dead_SB": 157, "Heritage Reclamation_SB": 1384, "Interface Ace": 1488, "Sunpearl Kirin": 2846, "Synchronized Charge": 2883, "Magmatic Hellkite_SB": 1781, "Surrak, Elusive Hunter": 2864, "Surrak, Elusive Hunter_SB": 2865, "Elspeth, Storm Slayer": 866, "Rally the Monastery": 2271, "Cori Mountain Monastery": 564, "Dispelling Exhale": 740, "Jeskai Revelation": 1546, "Shiko, Paragon of the Way": 2586, "Tersa Lightshatter": 2940, "Herd Heirloom": 1379, "Sage of the Skies_SB": 2458, "Sandsteppe Citadel": 2471, "Skirmish Rhino": 2634, "Elspeth, Storm Slayer_SB": 867, "United Battlefront": 3198, "Desperate Measures": 711, "Rot-Curse Rakshasa": 2424, "Winternight Stories": 3415, "Auroral Procession": 150, "Opulent Palace": 2045, "Glacial Dragonhunt": 1207, "Tersa Lightshatter_SB": 2941, "Mystic Monastery": 1945, "Stormshriek Feral": 2815, "Stormshriek Feral_SB": 2816, "Wild Ride": 3400, "Kishla Village": 1612, "Restless Vents_SB": 2373, "Cori-Steel Cutter_SB": 569, "Unending Whisper": 3187, "Magmatic Hellkite": 1780, "Sarkhan, Dragon Ascendant": 2480, "Sarkhan, Soul Aflame": 2481, "Static Snare": 2779, "Flamehold Grappler": 1065, "Gulping Scraptrap": 1302, "Cooped Up": 557, "Pit of Offerings": 2160, "Static Snare_SB": 2780, "Kayla's Reconstruction_SB": 1587, "Tempest Hawk": 2916, "Rediscover the Way": 2320, "Frontline Rush": 1120, "Gilded Lotus_SB": 1192, "Fresh Start_SB": 1116, "Frostcliff Siege": 1122, "Duty Beyond Death_SB": 829, "Dalkovan Encampment": 627, "Two-Headed Hunter_SB": 3153, "Frontier Bivouac": 1119, "Awaken the Honored Dead": 156, "Bloomvine Regent": 264, "Caustic Exhale": 440, "Disruptive Stormbrood": 742, "Teval, Arbiter of Virtue": 2942, "Ugin, Eye of the Storms": 3164, "Caustic Exhale_SB": 441, "Fangkeeper's Familiar_SB": 984, "Songcrafter Mage": 2689, "Death Begets Life_SB": 659, "Encroaching Dragonstorm": 878, "Drakuseth, Maw of Flames": 798, "Breaching Dragonstorm": 328, "Molten Exhale": 1895, "Molten Exhale_SB": 1896, "Bulwark Ox_SB": 367, "Ugin, Eye of the Storms_SB": 3165, "New Way Forward": 1970, "Dragonologist": 795, "Temur Tawnyback": 2931, "Eshki Dragonclaw": 915, "Spinewoods Paladin_SB": 2736, "Mandible Justiciar": 1798, "Dragon Sniper": 783, "Nature's Rhythm": 1955, "Broken Wings_SB": 352, "Voidwing Hybrid": 3331, "Torpor Orb": 3098, "Mercurial Spelldancer": 1842, "Blightbelly Rat_SB": 241, "Devoted Duelist": 719, "Prowcatcher Specialist_SB": 2213, "Ghitu Lavarunner_SB": 1177, "Fortress Kin-Guard": 1104, "Salt Road Packbeast": 2465, "Inspiring Overseer_SB": 1486, "Salt Road Packbeast_SB": 2466, "Slumbering Keepguard": 2671, "The Princess Takes Flight": 2981, "Keldon Strike Team": 1591, "Sidisi, Regent of the Mire": 2610, "Gingerbrute_SB": 1195, "Undergrowth Leopard_SB": 3183, "Great Arashin City": 1271, "Maelstrom of the Spirit Dragon": 1775, "Qarsi Revenant_SB": 2230, "Kishla Skimmer": 1611, "Roar of Endless Song_SB": 2406, "Scavenger Regent_SB": 2500, "Scavenger Regent": 2497, "Spectral Denial": 2714, "Overwhelming Surge_SB": 2090, "Corroding Dragonstorm": 572, "Sage of the Skies": 2457, "Bleachbone Verge_SB": 239, "Voice of Victory": 3329, "Helga, Skittish Seer": 1362, "Helga, Skittish Seer_SB": 1363, "Rakshasa's Bargain_SB": 2267, "Mistrise Village_SB": 1883, "Case of the Pilfered Proof": 422, "Coordinated Maneuver_SB": 560, "Winternight Stories_SB": 3416, "Craterhoof Behemoth": 590, "Craterhoof Behemoth_SB": 591, "Descendant of Storms": 705, "Severance Priest": 2567, "Yathan Roadwatcher": 3445, "Animist's Might": 78, "Flourishing Bloom-Kin": 1083, "Seedglaive Mentor": 2546, "Stadium Headliner": 2761, "Behind the Mask": 205, "Don't Make a Sound_SB": 764, "Marang River Regent_SB": 1804, "Channeled Dragonfire": 470, "New Way Forward_SB": 1971, "Rotisserie Elemental_SB": 2426, "Twists and Turns_SB": 3149, "Simulacrum Synthesizer_SB": 2625, "Sagu Wildling": 2459, "Desperate Measures_SB": 712, "Muldrotha, the Gravetide_SB": 1934, "Sinkhole Surveyor": 2627, "Dragonback Assault": 788, "Rediscover the Way_SB": 2321, "Ringing Strike Mastery_SB": 2386, "Disruptive Stormbrood_SB": 743, "Tinybones, Bauble Burglar_SB": 3069, "Glacierwood Siege": 1209, "Roiling Dragonstorm_SB": 2418, "Dispelling Exhale_SB": 741, "Ureni, the Song Unending": 3234, "Shiko, Paragon of the Way_SB": 2587, "Ureni, the Song Unending_SB": 3235, "Twinmaw Stormbrood": 3144, "Spectral Denial_SB": 2715, "Fleeting Effigy": 1071, "Dalkovan Packbeasts": 628, "Skullcap Snail": 2642, "Harried Spearguard": 1329, "Toxin Analysis_SB": 3103, "Dire Flail": 728, "Mardu Devotee": 1808, "Warren Warleader_SB": 3376, "Toby, Beastie Befriender_SB": 3083, "Mardu Devotee_SB": 1809, "Resolute Reinforcements_SB": 2353, "Mardu Siegebreaker": 1810, "Overwhelming Surge": 2089, "Stern Lesson_SB": 2791, "Coordinated Maneuver": 559, "Triumphant Chomp_SB": 3127, "Rampaging Raptor_SB": 2274, "Earthshaker Dreadmaw_SB": 838, "Temur Battlecrier": 2930, "Strategic Betrayal": 2820, "Kheru Goldkeeper": 1604, "Ambling Stormshell": 58, "Bedrock Tortoise": 204, "Dinotomaton": 727, "Dragon Whelp": 785, "Dragonlord's Servant": 793, "Firespitter Whelp": 1061, "Kolaghan Warmonger": 1628, "Mox Jasper": 1929, "Shivan Dragon": 2591, "Viashino Branchrider_SB": 3300, "Firebrand Archer_SB": 1057, "Twin Bolt_SB": 3139, "Rumbling Rockslide_SB": 2438, "Skyraker Giant_SB": 2651, "Breaching Dragonstorm_SB": 329, "Drakuseth, Maw of Flames_SB": 799, "Ticket Booth // Tunnel of Hate_SB": 3060, "Channeled Dragonfire_SB": 471, "All-Out Assault": 53, "Inevitable Defeat": 1465, "Neriv, Heart of the Storm": 1962, "Zurgo, Thunder's Decree": 3475, "Inevitable Defeat_SB": 1466, "Thunder of Unity_SB": 3052, "Windcrag Siege_SB": 3410, "Zurgo's Vanguard": 3474, "Duty Beyond Death": 828, "Ainok Wayfarer": 38, "Rabid Bite": 2241, "Polliwallop": 2176, "Felothar, Dawn of the Abzan": 1032, "Oracle of Tragedy_SB": 2047, "Corroding Dragonstorm_SB": 573, "Floriferous Vinewall": 1081, "Bovine Intervention_SB": 308, "Combat Courier": 533, "Twitching Doll_SB": 3151, "Under the Skin_SB": 3176, "Skyserpent Seeker_SB": 2654, "Break the Spell": 333, "Intrepid Stablemaster": 1499, "Guardian Sunmare": 1296, "Treacherous Greed": 3116, "Itzquinth, Firstborn of Gishath_SB": 1529, "Commune with Nature": 539, "Coordinated Clobbering": 558, "Take the Fall_SB": 2895, "Serum Snare_SB": 2563, "Infectious Bite_SB": 1468, "Elusive Otter_SB": 870, "Hurkyl, Master Wizard_SB": 1442, "Stasis Snare_SB": 2777, "Seal from Existence_SB": 2527, "Abyssal Harvester_SB": 11, "Clarion Conquerer_SB": 502, "Runescale Stormbrood": 2444, "Stasis Snare": 2776, "Moment of Truth_SB": 1902, "Helping Hand_SB": 1372, "Adarkar Wastes_SB": 20, "Floodfarm Verge_SB": 1078, "Meticulous Archive_SB": 1846, "Seachrome Coast_SB": 2525, "Mondrak, Glory Dominus": 1910, "Tomb Trawler": 3091, "Take Out the Trash_SB": 2892, "Convenient Target_SB": 556, "Kickoff Celebrations": 1605, "Nullpriest of Oblivion_SB": 2006, "Lord Skitter's Blessing": 1744, "Ayli, Eternal Pilgrim_SB": 163, "Stoic Sphinx": 2801, "Watcher of the Wayside": 3379, "Twinmaw Stormbrood_SB": 3145, "Confounding Riddle_SB": 545, "Glacial Dragonhunt_SB": 1208, "Combat Thresher": 535, "Windcrag Siege": 3409, "The Ancient One": 2948, "Nomad Outpost": 1993, "Sonic Shrieker": 2691, "Curator of Destinies_SB": 617, "The Sibsig Ceremony": 2987, "Purging Stormbrood_SB": 2220, "Glarb, Calamity's Augur_SB": 1211, "Heliod, the Radiant Dawn_SB": 1365, "Ghostly Dancers_SB": 1181, "Pyrrhic Blast": 2228, "Melek, Reforged Researcher": 1834, "Herd Heirloom_SB": 1380, "Vampiric Rites_SB": 3272, "Fear of Lost Teeth_SB": 1005, "Bloodghast_SB": 253, "Vampire Gourmand_SB": 3267, "Taurean Mauler": 2907, "Anafenza, Unyielding Lineage": 64, "Clay Champion": 505, "Nesting Bot_SB": 1965, "Restricted Office // Lecture Hall_SB": 2376, "Dragonfire Blade": 790, "Monastery Messenger": 1907, "Shocking Sharpshooter": 2597, "Clarion Conqueror // Clarion Conqueror_SB": 503, "Phyrexian Censor": 2136, "Terror of the Peaks_SB": 2939, "Calamity, Galloping Inferno_SB": 390, "Fires of Victory_SB": 1060, "Bovine Intervention": 307, "Riling Dawnbreaker": 2385, "Warden of the Grove": 3367, "Brineborn Cutthroat": 341, "Invasion of Ikoria": 1508, "Branch of Vitu-Ghazi": 317, "Dragon Sniper_SB": 784, "Revenge of the Rats": 2380, "Rise of the Varmints": 2391, "Undergrowth Leopard": 3182, "Grasping Longneck_SB": 1267, "Watcher of the Wayside_SB": 3380, "Shock Brigade": 2594, "Ratcatcher Trainee": 2283, "Deadly Riposte": 656, "Derelict Attic // Widow's Walk_SB": 704, "Reigning Victor": 2333, "Worthy Cost": 3432, "Bone-Cairn Butcher": 278, "Salt Road Skirmish": 2467, "Starry-Eyed Skyrider": 2772, "Dirgur Island Dragon": 730, "Aatchik, Emerald Radian": 0, "Yarus, Roar of the Old Gods": 3444, "Sinkhole Surveyor_SB": 2628, "Thunder of Unity": 3051, "Frontline Rush_SB": 1121, "Dalkovan Packbeasts_SB": 629, "Descendant of Storms_SB": 706, "Worthy Cost_SB": 3433, "War Effort_SB": 3364, "Shocking Sharpshooter_SB": 2598, "Unyielding Gatekeeper_SB": 3221, "Unscrupulous Contractor": 3206, "Gearbane Orangutan_SB": 1155, "Osseous Exhale": 2053, "Narset, Jeskai Waymaster": 1951, "Frostcliff Siege_SB": 1123, "Return Triumphant_SB": 2378, "Spring Splasher": 2751, "Norn's Wellspring": 1997, "Case of the Uneaten Feast_SB": 427, "Blue Sun's Twilight": 271, "Servant of the Stinger_SB": 2565, "Three Blind Mice_SB": 3036, "Bloodfeather Phoenix_SB": 250, "Annihilating Glare_SB": 86, "Lasyd Prowler": 1657, "Feral Encounter_SB": 1033, "Nature's Rhythm_SB": 1956, "Synchronized Charge_SB": 2884, "Viral Spawning_SB": 3310, "Ob Nixilis, Captive Kingpin": 2013, "All Will Be One": 52, "Encroaching Mycosynth": 879, "Krenko, Baron of Tin Street": 1642, "Ice Out": 1447, "Crime Novelist": 596, "Breeches, Eager Pillager_SB": 336, "Convenient Target": 555, "Niv-Mizzet, Supreme_SB": 1986, "Perennation_SB": 2118, "Timeless Lotus": 3063, "Phyrexian Vindicator_SB": 2146, "Grafted Butcher": 1260, "Voidwing Hybrid_SB": 3332, "Urabrask_SB": 3227, "Kiora, Sovereign of the Deep_SB": 1608, "Kalastria Highborn": 1569, "Cori Mountain Monastery_SB": 565, "Ertai's Scorn": 912, "Eshki Dragonclaw_SB": 916, "Songcrafter Mage_SB": 2690, "Bulk Up_SB": 365, "Eluge, the Shoreless Sea": 868, "Finale of Revelation": 1053, "Eliminate the Impossible": 862, "Eliminate the Impossible_SB": 863, "Finale of Revelation_SB": 1054, "Cat Collector_SB": 432, "Izoni, Center of the Web_SB": 1533, "Hazoret, Godseeker_SB": 1347, "Spelunking_SB": 2728, "Smile at Death": 2674, "Osteomancer Adept_SB": 2058, "Peer Past the Veil_SB": 2114, "Campus Guide_SB": 396, "Liberator, Urza's Battlethopter": 1694, "Racers' Scoreboard": 2245, "Rot-Curse Rakshasa_SB": 2425, "Markov Baron": 1815, "Pulse Tracker": 2218, "Misery's Shadow_SB": 1875, "Redcap Gutter-Dweller_SB": 2318, "Dragon's Prey": 787, "Defibrillating Current": 682, "Alesha's Legacy": 49, "Emerge from the Cocoon": 875, "Midnight Mayhem": 1853, "Bone-Cairn Butcher_SB": 279, "Cori Mountain Stalwart_SB": 567, "Marshal of the Lost_SB": 1818, "Shock Brigade_SB": 2595, "Neriv, Heart of the Storm_SB": 1963, "Poised Practitioner_SB": 2172, "Filter Out": 1046, "Hero's Downfall": 1385, "Desecration Demon_SB": 708, "Whiskervale Forerunner": 3394, "Lost in the Maze": 1749, "Cori Mountain Stalwart": 566, "Underground River_SB": 3181, "Gloomlake Verge_SB": 1228, "Darkslick Shores_SB": 635, "Aggressive Sabotage_SB": 34, "Disdainful Stroke": 731, "Out Cold_SB": 2060, "Magmakin Artillerist": 1779, "Flood the Engine_SB": 1075, "Veloheart Bike": 3282, "Migloz, Maze Crusher": 1856, "Dragonhawk, Fate's Tempest_SB": 792, "Swiftblade Vindicator": 2869, "Hidetsugu and Kairi_SB": 1400, "Abzan Devotee": 12, "Gixian Puppeteer": 1206, "Colossification_SB": 531, "Rite of Renewal": 2393, "Staff of Compleation": 2763, "Betor, Kin to All": 210, "Danitha, New Benalia's Light": 631, "Danitha, New Benalia's Light_SB": 632, "Walk-In Closet // Forgotten Cellar_SB": 3362, "Oltec Matterweaver": 2032, "Disturbing Mirth_SB": 752, "Encroaching Mycosynth_SB": 880, "Mortify_SB": 1921, "Stadium Headliner_SB": 2762, "Draconautics Engineer_SB": 776, "Bumbleflower's Sharepot": 368, "Volt Charge": 3341, "Great Arashin City_SB": 1272, "Underground Mortuary_SB": 3179, "Purging Stormbrood": 2219, "Piercing Exhale": 2151, "Wind-Scarred Crag": 3408, "Jeskai Devotee": 1545, "Kin-Tree Nurturer": 1606, "Nightblade Brigade": 1977, "Stormplain Detainment": 2813, "Marshal of the Lost": 1817, "Sunset Strikemaster": 2847, "Seize Opportunity": 2549, "Dragonback Lancer": 789, "Venerated Stormsinger": 3285, "Elesh Norn": 858, "Slickshot Lockpicker": 2667, "Invasion of Arcavios_SB": 1503, "Zur, Eternal Schemer_SB": 3471, "Portal to Phyrexia_SB": 2186, "Tarrian's Journal_SB": 2904, "Youthful Valkyrie_SB": 3452, "Battlefield Forge_SB": 196, "Tempest Hart": 2915, "Stormscale Scion": 2814, "Dracogenesis": 774, "Battle-Rage Blessing": 194, "Gnawing Crescendo": 1231, "Outlaws' Fury": 2065, "Ashnod's Intervention_SB": 134, "Distorted Curiosity_SB": 747, "Lightshield Parry": 1705, "Lightfoot Technique": 1698, "Lazav, Familiar Stranger": 1667, "Stormsplitter_SB": 2818, "Samut, Vizier of Naktamun_SB": 2469, "Vengeful Bloodwitch_SB": 3287, "Rith, Liberated Primeval": 2397, "Meticulous Excavation": 1847, "Cacophony Scamp_SB": 383, "Lazav, Familiar Stranger_SB": 1668, "Cactusfolk Sureshot": 385, "Djeru and Hazoret": 759, "Naga Fleshcrafter_SB": 1948, "Sagu Wildling_SB": 2460, "Host of the Hereafter_SB": 1429, "Bloomvine Regent_SB": 265, "Stillness in Motion_SB": 2794, "Stalwart Successor_SB": 2769, "Defossilize_SB": 689, "Valgavoth's Faithful_SB": 3247, "Naga Fleshcrafter": 1947}}