{"vocabulary": {"Analyze the Pollen": 64, "Calamity, Galloping Inferno": 398, "Cavern of Souls": 454, "Copperline Gorge": 577, "Forest": 1105, "Fountainport": 1117, "Glimpse the Core": 1234, "Karplusan Forest": 1600, "Llanowar Elves": 1743, "Mountain": 1947, "Obliterating Bolt": 2034, "Overlord of the Boilerbilges": 2091, "Overlord of the Hauntwoods": 2095, "Sentinel of the Nameless City": 2577, "Smuggler's Surprise": 2694, "Thornspire Verge": 3034, "Torch the Tower": 3116, "Vaultborn Tyrant": 3302, "Brotherhood's End_SB": 369, "Ghost Vacuum_SB": 1191, "Lithomantic Barrage_SB": 1738, "Obliterating Bolt_SB": 2035, "Pawpatch Formation_SB": 2126, "Pyroclasm_SB": 2243, "Tranquil Frillback_SB": 3132, "Up the Beanstalk_SB": 3247, "Emberheart Challenger": 881, "Heartfire Hero": 1368, "Hired Claw": 1428, "Lightning Strike": 1725, "Manifold Mouse": 1820, "Monastery Swiftspear": 1928, "Monstrous Rage": 1934, "Rockface Village": 2429, "Screaming Nemesis": 2538, "Shock": 2613, "Witchstalker Frenzy": 3443, "Torch the Tower_SB": 3117, "Twisted Fealty_SB": 3172, "Urabrask's Forge_SB": 3250, "Witchstalker Frenzy_SB": 3444, "Anoint with Affliction": 88, "Archfiend of the Dross": 111, "Blooming Marsh": 274, "Caustic Bronco": 448, "Cut Down": 634, "Duress": 825, "Glissa Sunslayer": 1236, "Go for the Throat": 1246, "Llanowar Wastes": 1748, "Mosswood Dreadknight": 1945, "Restless Cottage": 2379, "Swamp": 2880, "Tranquil Frillback": 3131, "Unholy Annex && Ritual Chamber": 3214, "Choking Miasma_SB": 495, "Duress_SB": 826, "Gix's Command_SB": 1214, "Harvester of Misery_SB": 1348, "Liliana of the Veil_SB": 1730, "Nissa, Ascended Animist_SB": 2002, "Tear Asunder_SB": 2922, "Battlefield Forge": 203, "Beza, the Bounding Spring": 221, "Caretaker's Talent": 419, "Carrot Cake": 424, "Demolition Field": 702, "Elegant Parlor": 862, "Enduring Innocence": 892, "Inspiring Vantage": 1509, "Lightning Helix": 1723, "Overlord of the Mistmoors": 2097, "Plains": 2180, "Sun-Blessed Healer": 2848, "Sunfall": 2854, "Sunken Citadel": 2857, "Temple of Triumph": 2939, "Campus Renovation_SB": 406, "Exorcise_SB": 943, "Loran of the Third Path_SB": 1763, "Overlord of the Mistmoors_SB": 2098, "Rest in Peace_SB": 2374, "Scrollshift_SB": 2541, "Burst Lightning": 387, "Demonic Ruckus": 710, "Questing Druid": 2251, "Restless Ridgeline": 2385, "Slickshot Show-Off": 2688, "Snakeskin Veil": 2696, "Twinferno": 3164, "Two-Headed Hunter": 3176, "Archangel Elspeth": 103, "Get Lost": 1175, "Lay Down Arms": 1690, "Soul Partition": 2711, "Virtue of Loyalty": 3338, "Boon-Bringer Valkyrie_SB": 300, "Elspeth's Smite_SB": 871, "Temporary Lockdown_SB": 2941, "Dreams of Steel and Oil": 811, "Underground Mortuary": 3203, "Render Inert_SB": 2359, "Bushwhack": 389, "Might of the Meek": 1873, "Pick Your Poison_SB": 2165, "Questing Druid_SB": 2252, "Scorching Shot_SB": 2529, "Split Up_SB": 2763, "Ethereal Armor": 933, "Feather of Flight": 1019, "Optimistic Scavenger": 2061, "Restless Bivouac": 2377, "Shardmage's Rescue": 2592, "Sheltered by Ghosts": 2597, "Thran Portal": 3048, "Destroy Evil_SB": 723, "Get Lost_SB": 1176, "Lightning Helix_SB": 1724, "Boros Charm": 302, "Screaming Nemesis_SB": 2539, "Shock_SB": 2615, "Bloodletter of Aclazotz": 264, "Caves of Koilos": 457, "Concealed Courtyard": 553, "Legions to Ashes": 1700, "Liliana of the Veil": 1729, "Restless Fortress": 2381, "Shadowy Backstreet": 2590, "Temporary Lockdown": 2940, "Unstoppable Slasher": 3236, "Virtue of Persistence": 3340, "Blot Out_SB": 279, "Dreams of Steel and Oil_SB": 812, "Kaya, Intangible Slayer_SB": 1604, "Legions to Ashes_SB": 1701, "Sheoldred, the Apocalypse_SB": 2603, "Deep-Cavern Bat": 682, "Maelstrom Pulse": 1794, "Vivien Reid": 3346, "Anoint with Affliction_SB": 89, "Vivien Reid_SB": 3347, "Botanical Sanctum": 309, "Dissection Tools": 752, "Enduring Vitality": 896, "Fabled Passage": 967, "Hedge Maze": 1377, "Island": 1548, "Roaring Furnace && Steaming Sauna": 2424, "Song of Totentanz": 2705, "Stormchaser's Talent": 2825, "Tarnation Vista": 2916, "This Town Ain't Big Enough": 3028, "Thundertrap Trainer": 3079, "Unable to Scream": 3192, "Up the Beanstalk": 3246, "Valley Floodcaller": 3280, "Yavimaya Coast": 3467, "Dissection Tools_SB": 753, "Herbology Instructor_SB": 1395, "Negate_SB": 1980, "Unable to Scream_SB": 3193, "Valley Floodcaller_SB": 3281, "Volcanic Spite_SB": 3359, "Darkslick Shores": 645, "Enduring Curiosity": 890, "Faerie Mastermind": 977, "Gloomlake Verge": 1240, "Kaito, Bane of Nightmares": 1585, "Preacher of the Schism": 2206, "Restless Reef": 2383, "Sheoldred, the Apocalypse": 2602, "Spyglass Siren": 2772, "Underground River": 3204, "Aclazotz, Deepest Betrayal_SB": 15, "Disdainful Stroke_SB": 740, "Kaito, Bane of Nightmares_SB": 1586, "Malicious Eclipse_SB": 1816, "Tishana's Tidebinder_SB": 3095, "Withering Torment_SB": 3446, "Soulstone Sanctuary": 2724, "Tear Asunder": 2921, "Cut Down_SB": 635, "Cruelclaw's Heist_SB": 611, "Scavenging Ooze": 2523, "Scavenging Ooze_SB": 2524, "Atraxa, Grand Unifier": 151, "Elspeth's Smite": 870, "Floodfarm Verge": 1085, "Hushwood Verge": 1461, "Leyline Binding": 1708, "Lush Portico": 1785, "Meticulous Archive": 1864, "Not on My Watch": 2019, "Overlord of the Floodpits": 2093, "Undercity Sewers": 3202, "Zur, Eternal Schemer": 3490, "Cavern of Souls_SB": 455, "Not on My Watch_SB": 2020, "Planar Disruption_SB": 2183, "The Stone Brain_SB": 3012, "Mazemind Tome": 1845, "Outrageous Robbery_SB": 2084, "Adarkar Wastes": 18, "Case of the Gateway Express": 429, "Clockwork Percussionist": 523, "Gleeful Demolition": 1231, "Heroic Reinforcements": 1405, "Imodane's Recruiter": 1474, "Knight-Errant of Eos": 1648, "Mirrex": 1887, "Novice Inspector": 2021, "Resolute Reinforcements": 2368, "Seachrome Coast": 2545, "Shivan Reef": 2612, "Spirebluff Canal": 2756, "Warden of the Inner Sky": 3389, "Protect the Negotiators_SB": 2229, "Sheltered by Ghosts_SB": 2598, "Abhorrent Oculus": 2, "Chart a Course": 487, "Founding the Third Path": 1114, "Haughty Djinn": 1350, "Helping Hand": 1388, "Into the Flood Maw": 1515, "Moment of Truth": 1921, "Phantom Interference": 2144, "Picklock Prankster": 2166, "Recommission": 2329, "Monastery Mentor_SB": 1926, "Sheoldred's Edict": 2600, "Liliana, Dreadhorde General_SB": 1732, "Sheoldred's Edict_SB": 2601, "Boltwave": 286, "Fugitive Codebreaker": 1134, "Raucous Carnival": 2301, "Fugitive Codebreaker_SB": 1135, "Maelstrom Pulse_SB": 1795, "Goddric, Cloaked Reveler": 1256, "Squee, Dubious Monarch": 2774, "Arabella, Abandoned Doll": 93, "Splitskin Doll_SB": 2765, "Case of the Crimson Pulse_SB": 427, "Entity Tracker": 907, "Gremlin Tamer": 1294, "Inquisitive Glimmer": 1497, "Restless Anchorage": 2375, "Silent Hallcreeper": 2634, "Kitnap_SB": 1639, "No More Lies_SB": 2007, "Ossification_SB": 2074, "Crystal Barricade_SB": 622, "Brushland": 371, "Nissa, Ascended Animist": 2001, "Razorverge Thicket": 2312, "Split Up": 2762, "The Eternal Wanderer": 2971, "Beza, the Bounding Spring_SB": 222, "Clement, the Worrywort": 520, "Pond Prophet": 2196, "Dour Port-Mage": 779, "Long River Lurker": 1754, "Dreamdew Entrancer": 809, "Mistbreath Elder": 1900, "Sunshower Druid": 2860, "Splash Portal": 2760, "Valley Mightcaller": 3282, "Three Tree Scribe": 3061, "Oakhollow Village": 2030, "Lilypad Village": 1733, "Virtue of Courage": 3334, "Authority of the Consuls_SB": 160, "Heartflame Duelist_SB": 1372, "Slagstorm_SB": 2678, "Floodpits Drowner": 1087, "Mockingbird": 1907, "Three Steps Ahead": 3057, "Sunspine Lynx_SB": 2863, "Kellan, Planar Trailblazer": 1620, "Herd Migration": 1398, "Scrollshift": 2540, "Doppelgang_SB": 776, "Innkeeper's Talent_SB": 1495, "Snakeskin Veil_SB": 2697, "Aclazotz, Deepest Betrayal": 14, "Bloodthirsty Conqueror_SB": 269, "Gix's Command": 1213, "Season of the Burrow_SB": 2560, "Archangel Elspeth_SB": 104, "The Eternal Wanderer_SB": 2972, "Mountain_SB": 1948, "Kiora, the Rising Tide": 1633, "Unsummon": 3238, "Silent Hallcreeper_SB": 2635, "Bitter Reunion": 230, "Pawpatch Formation": 2125, "Aetherize_SB": 27, "Floodpits Drowner_SB": 1088, "Into the Flood Maw_SB": 1516, "Roaring Furnace && Steaming Sauna_SB": 2425, "Scorching Dragonfire_SB": 2527, "Three Steps Ahead_SB": 3058, "Elesh Norn, Mother of Machines": 867, "Kaito, Cunning Infiltrator": 1587, "Sphinx of Forgotten Lore": 2745, "Tinybones, the Pickpocket": 3091, "Tishana's Tidebinder": 3094, "Feldon's Cane_SB": 1029, "Soul-Guide Lantern_SB": 2717, "Unstoppable Slasher_SB": 3237, "Aftermath Analyst": 29, "Pillage the Bog": 2173, "Mudflat Village": 1952, "Pitiless Carnage": 2177, "Iridescent Vinelasher": 1545, "Spelunking": 2744, "Evolving Wilds": 939, "Escape Tunnel": 920, "Nissa, Resurgent Animist": 2003, "Lumra, Bellow of the Woods": 1779, "Glissa Sunslayer_SB": 1237, "Doomsday Excruciator": 772, "Jace, the Perfected Mind": 1560, "The End_SB": 2969, "Virtue of Persistence_SB": 3341, "Beseech the Mirror": 216, "Blackcleave Cliffs": 235, "Blazemire Verge": 244, "Brotherhood's End": 368, "Demonic Pact": 708, "Disturbing Mirth": 759, "Final Vengeance": 1060, "Harmless Offering": 1342, "Hopeless Nightmare": 1442, "Raucous Theater": 2303, "Restless Vents": 2389, "Sulfurous Springs": 2846, "Tinybones Joins Up": 3087, "Urabrask's Forge": 3249, "Archfiend of the Dross_SB": 112, "Feed the Swarm_SB": 1027, "Hostile Investigator_SB": 1449, "Torpor Orb_SB": 3122, "Spell Stutter": 2739, "Loot, Exuberant Explorer": 1758, "Felidar Retreat": 1033, "Conduit Pylons": 554, "Arid Archway": 122, "Spinewoods Armadillo": 2751, "Mossborn Hydra": 1943, "Herald of Eternal Dawn": 1390, "Ossification": 2073, "Demolition Field_SB": 703, "Giant Cindermaw_SB": 1197, "Fires of Victory": 1066, "Capricious Hellraiser": 413, "Chandra, Hope's Beacon": 472, "Brass's Tunnel-Grinder": 330, "Ill-Timed Explosion": 1471, "Thundering Falls": 3075, "Season of Weaving": 2557, "Artist's Talent": 131, "Ral, Crackling Wit": 2285, "Roaring Furnace // Steaming Sauna": 2426, "Abrade_SB": 5, "Betrayer's Bargain_SB": 220, "Virtue of Knowledge_SB": 3337, "Ral, Crackling Wit_SB": 2286, "Bandit's Talent": 185, "Braids, Arisen Nightmare": 321, "Nowhere to Run": 2022, "Nurturing Pixie": 2026, "Loran of the Third Path": 1762, "Tithing Blade": 3100, "Zoraline, Cosmos Caller": 3486, "Shardmage's Rescue_SB": 2593, "Painter's Studio && Defaced Gallery": 2113, "Unholy Annex // Ritual Chamber": 3216, "Fade from History_SB": 969, "Reclamation Sage_SB": 2328, "Azure Beastbinder": 173, "Shoot the Sheriff": 2618, "Deadly Cover-Up_SB": 665, "Jace, the Perfected Mind_SB": 1561, "Sleight of Hand": 2683, "Day of Judgment": 654, "Deadly Cover-Up": 664, "Devout Decree_SB": 730, "Elenda, Saint of Dusk_SB": 865, "Flashfreeze_SB": 1077, "Bitter Triumph": 232, "Caustic Bronco_SB": 449, "Soul Partition_SB": 2712, "Dead Weight": 659, "Faerie Dreamthief": 974, "Fallaji Archaeologist": 983, "Gixian Puppeteer": 1218, "Gnawing Vermin": 1244, "Invasion of Amonkhet": 1522, "Kitesail Larcenist": 1637, "Overlord of the Balemurk": 2089, "Revenge of the Rats": 2397, "Terror Ballista": 2948, "The Ancient One": 2961, "Wail of the Forgotten": 3381, "Nowhere to Run_SB": 2023, "Razorlash Transmogrant_SB": 2310, "Innkeeper's Talent": 1494, "Ghitu Lavarunner": 1188, "Heartflame Duelist": 1371, "Mishra's Foundry": 1898, "Viashino Pyromancer": 3323, "Spinner of Souls": 2754, "Rush of Dread": 2465, "Pitiless Carnage_SB": 2178, "Not Dead After All_SB": 2018, "No More Lies": 2006, "Scorching Shot": 2528, "Dewdrop Cure_SB": 732, "Requisition Raid_SB": 2367, "Unholy Annex // Ritual Chamber_SB": 3217, "Case of the Crimson Pulse": 426, "Thrill of Possibility": 3064, "Artist's Talent_SB": 132, "Blooming Blast_SB": 273, "Djeru and Hazoret": 766, "Elenda, Saint of Dusk": 864, "Garna, Bloodfist of Keld": 1156, "Hajar, Loyal Bodyguard": 1320, "Honest Rutstein": 1438, "Inti, Seneschal of the Sun": 1511, "Jodah, the Unifier": 1572, "Kellan, Daring Traveler": 1617, "Kellan, the Kid": 1623, "Plaza of Heroes": 2185, "Relic of Legends": 2352, "Rona, Herald of Invasion": 2440, "Secluded Courtyard": 2564, "Sigarda, Font of Blessings": 2632, "Ertai Resurrected_SB": 917, "Jirina, Dauntless General_SB": 1571, "Steamcore Scholar": 2798, "Malcolm, Alluring Scoundrel": 1812, "Spectral Sailor": 2735, "Opt": 2059, "Proft's Eidetic Memory": 2219, "Subterranean Schooner": 2842, "Azure Beastbinder_SB": 174, "Plumecreed Escort_SB": 2187, "Shore Up_SB": 2621, "Turn Inside Out": 3160, "Untimely Malfunction_SB": 3241, "Ethereal Armor_SB": 934, "Abyssal Harvester": 10, "Bloodthirsty Conqueror": 268, "Enduring Tenacity": 894, "Abyssal Harvester_SB": 11, "Cathar Commando": 443, "Knight of Grace": 1646, "Ajani, Caller of the Pride_SB": 41, "Harvester of Misery": 1347, "Outrageous Robbery": 2083, "Breach the Multiverse_SB": 337, "Deep-Cavern Bat_SB": 683, "Phyrexian Fleshgorger": 2155, "Phyrexian Fleshgorger_SB": 2156, "Glistening Deluge_SB": 1238, "Go for the Throat_SB": 1247, "Doorkeeper Thrull_SB": 774, "Faerie Mastermind_SB": 978, "Sunfall_SB": 2855, "Negate": 1979, "Rottenmouth Viper": 2444, "Molten Collapse": 1912, "Parting Gust": 2121, "Season of the Burrow": 2559, "Serra Paragon_SB": 2581, "Gix, Yawgmoth Praetor": 1215, "Gix, Yawgmoth Praetor_SB": 1216, "Assassin's Trophy": 142, "Temple of Malady": 2934, "White Sun's Twilight": 3417, "Heaped Harvest": 1367, "Hero's Downfall": 1402, "Kaya, Intangible Slayer": 1603, "Liliana, Dreadhorde General": 1731, "Temple of Plenty": 2937, "Temple of Silence": 2938, "Mortify_SB": 1942, "Leyline of the Void_SB": 1717, "White Sun's Twilight_SB": 3418, "Painter's Studio // Defaced Gallery": 2115, "Painter's Studio // Defaced Gallery_SB": 2116, "Disfigure": 743, "Kaito, Cunning Infiltrator_SB": 1588, "Preacher of the Schism_SB": 2207, "Bloodfeather Phoenix": 259, "Stoke the Flames": 2818, "Ball Lightning": 179, "Abraded Bluffs": 6, "Grab the Prize": 1269, "Lyra Dawnbringer_SB": 1787, "Metropolis Reformer_SB": 1868, "Virtue of Courage_SB": 3335, "Ertai Resurrected": 916, "Faebloom Trick": 972, "Case of the Uneaten Feast": 437, "Fiendish Panda": 1050, "Hinterland Sanctifier": 1426, "Exemplar of Light": 940, "Authority of the Consuls": 159, "Amalia Benavides Aguirre": 55, "Sword of Once and Future_SB": 2891, "Combat Research": 546, "Plumecreed Escort": 2186, "Get Out": 1177, "Shore Up": 2620, "Fear of Impostors": 1004, "Haughty Djinn_SB": 1351, "Brineborn Cutthroat_SB": 353, "Horned Loch-Whale_SB": 1445, "Flow of Knowledge_SB": 1093, "Ertai's Scorn_SB": 919, "Urza's Rebuff_SB": 3264, "Withering Torment": 3445, "Bitter Triumph_SB": 233, "Shoot the Sheriff_SB": 2619, "Razorkin Needlehead_SB": 2308, "Cacophony Scamp": 393, "Callous Sell-Sword": 403, "Felonious Rage": 1039, "Leyline of Resonance": 1711, "Aven Interrupter": 162, "Horned Loch-Whale": 1444, "Brineborn Cutthroat": 352, "Say Its Name": 2508, "Altanak, the Thrice-Called": 54, "Desecration Demon": 716, "Blue Sun's Twilight_SB": 282, "Overlord of the Floodpits_SB": 2094, "Cease // Desist_SB": 459, "Lay Down Arms_SB": 1691, "Gatekeeper of Malakir": 1166, "Vampire Nighthawk": 3292, "Kalastria Highborn": 1591, "Ichor Drinker": 1467, "Driver of the Dead": 815, "Nullpriest of Oblivion": 2024, "Pulse Tracker": 2236, "Infestation Sage": 1491, "Vengeful Bloodwitch": 3309, "Sheoldred_SB": 2604, "Fireglass Mentor": 1065, "Flamecache Gecko": 1071, "Gev, Scaled Scorch": 1181, "Laughing Jasper Flint": 1685, "Thought-Stalker Warlock": 3039, "Valley Flamecaller": 3279, "Commercial District": 549, "Terror of the Peaks": 2951, "Valgavoth, Terror Eater": 3275, "Roxanne, Starfall Savant": 2446, "Invasion of Zendikar": 1540, "Chimil, the Inner Sun_SB": 492, "Thrun, Breaker of Silence_SB": 3070, "Obstinate Baloth_SB": 2039, "Urborg Scavengers_SB": 3256, "Vraska, Betrayal's Sting_SB": 3377, "Pilfer_SB": 2172, "Serra Paragon": 2580, "Annex Sentry_SB": 81, "Manifold Mouse_SB": 1821, "Sanguine Evangelist": 2492, "Valgavoth's Faithful": 3271, "Cynical Loner": 637, "The Infamous Cruelclaw": 2981, "Trumpeting Carnosaur": 3153, "Etali, Primal Conqueror": 928, "Coiling Rebirth": 529, "No One Left Behind": 2008, "Push // Pull": 2238, "The Infamous Cruelclaw_SB": 2982, "Overlord of the Balemurk_SB": 2090, "Undergrowth Recon": 3207, "Walk-In Closet // Forgotten Cellar": 3383, "Errant and Giada": 914, "The Wandering Rescuer": 3018, "Lost Jitte": 1769, "Invasion of Gobakhan_SB": 1528, "Joust Through_SB": 1579, "Twinflame Tyrant": 3166, "Invasion of Tarkir": 1536, "Carnelian Orb of Dragonkind": 421, "Stingerback Terror": 2809, "Sarkhan, Soul Aflame": 2499, "An Offer You Can't Refuse": 61, "Slagstorm": 2677, "An Offer You Can't Refuse_SB": 62, "Omniscience": 2055, "The Cruelty of Gix": 2963, "Squirming Emergence": 2776, "Drag to the Roots_SB": 787, "Unwanted Remake_SB": 3243, "Archangel of Wrath": 107, "Destroy Evil": 722, "Boros Charm_SB": 303, "Buried in the Garden": 380, "Clifftop Lookout": 521, "Fecund Greenshell": 1021, "Genesis Wave": 1171, "Tender Wildguide": 2944, "Wrenn and Realmbreaker": 3457, "Spellbook Vendor": 2741, "Valgavoth's Lair": 3272, "Trapped in the Screen_SB": 3136, "Change the Equation_SB": 479, "Greedy Freebooter": 1289, "Spiteful Hexmage": 2758, "Feed the Cycle": 1023, "Scavenger's Talent": 2522, "Llanowar Greenwidow": 1745, "Dragonhawk, Fate's Tempest": 795, "Scorching Dragonfire": 2526, "Zurgo and Ojutai": 3491, "Elesh Norn, Mother of Machines_SB": 868, "Subterranean Schooner_SB": 2843, "Vraska, Betrayal's Sting": 3376, "Pillage the Bog_SB": 2174, "Deduce": 678, "Exorcise": 942, "Disenchant_SB": 742, "Worldsoul's Rage": 3451, "Virtue of Strength": 3342, "War Squeak": 3386, "Hero's Downfall_SB": 1403, "Roaring Furnace // Steaming Sauna_SB": 2427, "Final Showdown_SB": 1059, "Unwanted Remake": 3242, "Refute": 2341, "Chrome Host Seedshark_SB": 497, "Curator of Destinies_SB": 629, "Day of Judgment_SB": 655, "High Noon_SB": 1421, "Case of the Stashed Skeleton": 435, "Rankle's Prank": 2294, "Greed's Gambit": 1287, "Molten Collapse_SB": 1913, "Sire of Seven Deaths_SB": 2649, "Builder's Talent": 374, "Green Sun's Twilight": 1290, "Lukka, Bound to Ruin": 1773, "Ashroot Animist": 139, "Polukranos Reborn": 2194, "Ruby, Daring Tracker": 2451, "Hard-Hitting Question_SB": 1339, "Muerra, Trash Tactician_SB": 1954, "Overprotect": 2099, "Urgent Necropsy_SB": 3261, "Soulless Jailer_SB": 2721, "Surge of Salvation_SB": 2869, "Archangel of Wrath_SB": 108, "Tyrranax Rex_SB": 3182, "Unholy Annex && Ritual Chamber_SB": 3215, "Imodane's Recruiter_SB": 1475, "Barbed Batterfist": 192, "Embereth Veteran": 880, "Bloodfeather Phoenix_SB": 260, "Jaya, Fiery Negotiator_SB": 1565, "Zombify": 3484, "Drannith Ruins": 805, "Disfigure_SB": 744, "Fear of Missing Out": 1012, "Koma, World-Eater": 1656, "The Elder Dragon War": 2966, "Valgavoth, Terror Eater_SB": 3276, "Agatha's Soul Cauldron": 33, "Arcanis the Omnipotent": 101, "Basilisk Collar_SB": 200, "Primal Might": 2210, "Evangel of Synthesis": 936, "Enduring Curiosity_SB": 891, "Luminous Rebuke": 1777, "Seized from Slumber": 2572, "Steel Seraph": 2802, "Cathar Commando_SB": 444, "Case of the Filched Falcon": 428, "Regal Bunnicorn": 2343, "Unidentified Hovership": 3218, "Zoetic Glyph": 3482, "Fear of Impostors_SB": 1005, "Smash to Dust_SB": 2691, "Fae Flight": 970, "Aloe Alchemist": 53, "Audacity": 153, "Cunning Coyote": 626, "Ferocification_SB": 1044, "Lightning Strike_SB": 1726, "Audacity_SB": 154, "Cache Grab": 391, "Cease // Desist": 458, "Demand Answers": 701, "Stormsplitter": 2830, "Lord Skitter, Sewer King_SB": 1768, "Starfall Invocation": 2785, "Hunter's Talent": 1457, "Sleep-Cursed Faerie": 2682, "Change the Equation": 478, "Tough Cookie": 3123, "Gingerbrute": 1206, "Surge Engine": 2866, "Teething Wurmlet": 2925, "Hard-Hitting Question": 1338, "Restless Vinestalk": 2391, "Tyvar's Stand_SB": 3185, "Repulsive Mutation_SB": 2364, "Haywire Mite_SB": 1359, "Toby, Beastie Befriender": 3103, "Overprotect_SB": 2100, "Giant Growth": 1198, "Restless Ridgeline_SB": 2386, "Long River's Pull": 1755, "Geological Appraiser": 1172, "Kogla and Yidaro_SB": 1652, "Lukka, Bound to Ruin_SB": 1774, "Roxanne, Starfall Savant_SB": 2447, "Starscape Cleric": 2788, "Bladecoil Serpent_SB": 237, "Darkstar Augur_SB": 647, "Pyroclasm": 2242, "Tinybones, Bauble Burglar": 3089, "Long Goodbye_SB": 1753, "Sphinx of Forgotten Lore_SB": 2746, "Ashnod's Intervention": 138, "Dreadmaw's Ire": 806, "Razortrap Gorge": 2311, "Invasion of Regatha": 1534, "Abrade": 4, "Farsight Ritual": 992, "Black Sun's Twilight": 234, "Freestrider Lookout": 1120, "Kaervek, the Punisher_SB": 1584, "Keen-Eyed Curator": 1610, "Tyvar, the Pummeler": 3187, "Surrak, the Hunt Caller": 2879, "Pawpatch Recruit": 2127, "Wildborn Preserver_SB": 3422, "Tail Swipe_SB": 2903, "Regal Caracal": 2345, "Vengeful Possession_SB": 3311, "Valley Questcaller": 3283, "Mabel, Heir to Cragflame": 1790, "Picnic Ruiner": 2167, "Witch's Mark": 3441, "Stromkirk Noble": 2839, "Searslicer Goblin": 2551, "Coppercoat Vanguard": 575, "Reclamation Sage": 2327, "Blot Out": 278, "Case of the Locked Hothouse_SB": 432, "Surge of Salvation": 2868, "Thrun, Breaker of Silence": 3069, "Ajani's Pridemate": 39, "Arahbo, the First Fang": 96, "Banishing Light": 187, "Joust Through": 1578, "Prideful Parent": 2209, "Savannah Lions": 2502, "Skyknight Squire": 2670, "Banishing Light_SB": 188, "Claws Out_SB": 516, "Raise the Past_SB": 2275, "Kutzil's Flanker_SB": 1673, "Sentinel of the Nameless City_SB": 2578, "Koth, Fire of Resistance_SB": 1661, "Grand Entryway // Elegant Rotunda": 1277, "Getaway Glamer": 1179, "Sharp-Eyed Rookie": 2594, "Moment of Craving_SB": 1919, "Rite of the Moth": 2413, "Yotian Frontliner": 3471, "Cityscape Leveler": 505, "Sire of Seven Deaths": 2648, "Anim Pakal, Thousandth Moon": 76, "Jirina, Dauntless General": 1570, "Recruitment Officer": 2331, "Deathmark_SB": 673, "Knight of Grace_SB": 1647, "Insidious Roots": 1503, "Kami of Whispered Hopes": 1594, "Kitsa, Otterball Elite": 1640, "Lively Dirge": 1740, "Osteomancer Adept": 2075, "Seed of Hope": 2566, "Skyfisher Spider": 2668, "Twitching Doll": 3174, "Tyvar, Jubilant Brawler": 3186, "Voldaren Thrillseeker": 3361, "Arcanis the Omnipotent_SB": 102, "Feed the Cycle_SB": 1024, "Insidious Fungus_SB": 1502, "Stab_SB": 2778, "Enduring Innocence_SB": 893, "Ruin-Lurker Bat": 2453, "Healer's Hawk": 1366, "Dazzling Denial": 657, "Empyrean Eagle": 883, "Lupinflower Village": 1783, "Coruscation Mage": 589, "Firebrand Archer": 1063, "Blooming Blast": 272, "Bloated Contaminator": 253, "Elusive Otter": 874, "Ivy, Gleeful Spellthief": 1552, "Jawbone Duelist": 1563, "Skrelv, Defector Mite": 2658, "Venerated Rotpriest": 3307, "Skrelv's Hive": 2656, "Aspirant's Ascent": 140, "Bring the Ending": 354, "Fleeting Reflection": 1081, "High Stride": 1422, "Prologue to Phyresis": 2224, "Enter the Enigma": 905, "Crawling Chorus": 605, "Infectious Bite": 1487, "Distorted Curiosity": 754, "Bring the Ending_SB": 355, "Prologue to Phyresis_SB": 2225, "Skrelv's Hive_SB": 2657, "This Town Ain't Big Enough_SB": 3029, "Distorted Curiosity_SB": 755, "Aspirant's Ascent_SB": 141, "High Stride_SB": 1423, "Fleeting Reflection_SB": 1082, "Enter the Enigma_SB": 906, "Elusive Otter_SB": 875, "Temple of Deceit": 2931, "Requisition Raid": 2366, "Outcaster Trailblazer": 2079, "Doubling Season": 777, "Elegant Parlor_SB": 863, "Pawpatch Recruit_SB": 2128, "Deeproot Wayfinder": 686, "Fountainport_SB": 1119, "Restless Cottage_SB": 2380, "Scrapshooter": 2532, "Witness Protection_SB": 3448, "Witness Protection": 3447, "Calamity's Wake_SB": 397, "Phyrexian Arena": 2150, "Resplendent Angel": 2370, "Youthful Valkyrie": 3472, "Giada, Font of Hope": 1194, "Boon-Bringer Valkyrie": 299, "Lyra Dawnbringer": 1786, "Guardian of Ghirapur": 1310, "Archangel of Tithes": 105, "Assimilation Aegis": 144, "Braided Net": 319, "Fabrication Foundry": 968, "Fomori Vault": 1098, "Fumigate": 1137, "Simulacrum Synthesizer": 2643, "The Mightstone and Weakstone": 2992, "Thran Spider": 3049, "Unstable Glyphbridge": 3233, "Kaervek, the Punisher": 1583, "Cheeky House-Mouse": 489, "Flowerfoot Swordmaster": 1094, "Essence Channeler": 923, "Hammerhand": 1330, "Sawblade Scamp": 2505, "Tectonic Hazard_SB": 2924, "Unsummon_SB": 3239, "Ephara's Dispersal": 909, "Citanul Stalwart": 504, "Dwynen's Elite": 837, "Elvish Archdruid": 876, "Imperious Perfect": 1478, "Leaf-Crowned Visionary": 1693, "Llanowar Loamspeaker": 1746, "Surrak and Goreclaw": 2875, "Three Tree City": 3059, "Tyvar the Bellicose": 3183, "Dwynen, Gilt-Leaf Daen_SB": 839, "Knight of Dawn's Light": 1642, "Raise the Past": 2274, "Elas il-Kor, Sadistic Pilgrim": 857, "Helpful Hunter": 1387, "Leyline of Hope_SB": 1710, "Enduring Tenacity_SB": 895, "Burst Lightning_SB": 388, "Invasion of Tarkir_SB": 1537, "Sorcerous Spyglass_SB": 2710, "Massacre Wurm_SB": 1840, "Chupacabra Echo": 498, "Razorlash Transmogrant": 2309, "Huskburster Swarm_SB": 1463, "Season of Loss_SB": 2556, "Terror Tide_SB": 2950, "Hearthborn Battler": 1375, "Glass Casket": 1224, "Phyrexian Arena_SB": 2151, "Runic Shot_SB": 2463, "Vampire Nighthawk_SB": 3293, "Basilisk Collar": 199, "Prophetic Prism": 2227, "Eaten Alive": 845, "Souls of the Lost": 2722, "Rottenmouth Viper_SB": 2445, "Hop to It": 1439, "Ratcatcher Trainee": 2299, "Midnight Mayhem": 1871, "Scytheclaw Raptor_SB": 2544, "Norn's Inquisitor": 2015, "Dusk Rose Reliquary": 828, "Spring-Loaded Sawblades": 2769, "Guardian of the Great Door": 1312, "Lonely Arroyo": 1751, "Abandoned Campground": 1, "Sunder the Gateway_SB": 2853, "Phoenix Chick": 2148, "Impact Tremors": 1476, "Electrostatic Infantry": 861, "Reckless Lackey": 2324, "Kindlespark Duo": 1630, "Rodeo Pyromancers": 2432, "The Autonomous Furnace": 2962, "Ral's Reinforcements": 2284, "Skewer Slinger_SB": 2651, "Deadeye Duelist_SB": 661, "Thunder Salvo_SB": 3071, "Wrenn's Resolve": 3460, "Khenra Spellspear": 1627, "Fear of Being Hunted": 1000, "Frenzied Goblin_SB": 1123, "Vile Mutilator": 3327, "Shroudstomper": 2628, "Gloomfang Mauler": 1239, "Possessed Goat": 2202, "Splitskin Doll": 2764, "Live or Die": 1739, "Commune with Evil": 550, "Scoured Barrens": 2531, "Tocasia's Dig Site": 3105, "Magebane Lizard_SB": 1799, "Eddymurk Crab": 849, "Tolarian Terror": 3109, "Thornwood Falls": 3036, "Confounding Riddle": 557, "Monstrous Emergence_SB": 1933, "Maze's End": 1843, "Expedition Map": 944, "Orzhov Guildgate": 2070, "Rakdos Guildgate": 2276, "Selesnya Guildgate": 2574, "Simic Guildgate": 2642, "Izzet Guildgate": 1556, "Azorius Guildgate": 172, "Boros Guildgate": 305, "Dimir Guildgate": 735, "Golgari Guildgate": 1263, "Gruul Guildgate": 1306, "Circuitous Route": 503, "Beanstalk Wurm": 207, "Urborg Repossession": 3253, "Malicious Eclipse": 1815, "Insidious Fungus": 1501, "Muldrotha, the Gravetide": 1955, "Tatyova, Benthic Druid": 2918, "Savor_SB": 2504, "Atraxa's Fall_SB": 150, "Desperate Bloodseeker_SB": 719, "Brightblade Stoat_SB": 349, "Ravine Raider": 2305, "Agate-Blade Assassin": 31, "Scales of Shale": 2514, "Jagged Barrens": 1562, "Outlaws' Fury": 2081, "Bake into a Pie_SB": 177, "Hazardous Blast_SB": 1360, "Turn Inside Out_SB": 3161, "Agate Assault_SB": 30, "Norin, Swift Survivalist": 2013, "Vicious Clown": 3325, "Irreverent Gremlin": 1547, "Goblin Surprise": 1255, "Wind-Scarred Crag": 3429, "Elesh Norn": 866, "Dewdrop Cure": 731, "Krenko, Mob Boss": 1668, "Involuntary Employment_SB": 1544, "Union of the Third Path": 3220, "Teferi, Temporal Pilgrim": 2926, "Portal to Phyrexia": 2200, "Flow of Knowledge": 1092, "Soul-Guide Lantern": 2716, "Essence Scatter": 925, "Idyllic Beachfront": 1470, "Contaminated Aquifer": 567, "Terramorphic Expanse": 2947, "Vanish into Eternity": 3297, "Marauding Brinefang": 1826, "Deadly Riposte_SB": 668, "Vanish into Eternity_SB": 3298, "Coppercoat Vanguard_SB": 576, "Garna, Bloodfist of Keld_SB": 1157, "Coati Scavenger": 527, "Ozolith, the Shattered Spire": 2109, "Rubblebelt Maverick": 2450, "Snarling Gorehound": 2699, "Strangled Cemetery": 2831, "Ambush Wolf_SB": 58, "Dead Weight_SB": 660, "Fog of War_SB": 1097, "Voracious Varmint_SB": 3367, "Hidetsugu's Second Rite": 1418, "Wrenn's Resolve_SB": 3461, "Ghitu Lavarunner_SB": 1189, "Boulderbranch Golem": 314, "Fierce Empath": 1052, "Galewind Moose": 1150, "Gossip's Talent": 1268, "Gruff Triplets": 1305, "Lush Oasis": 1784, "Mirage Mesa": 1884, "Outcaster Greenblade": 2078, "Tyrranax Rex": 3181, "Sunshower Druid_SB": 2861, "Patchwork Banner": 2123, "Etched Cornfield": 931, "Hare Apparent": 1341, "Banner of Kinship": 189, "Kayla's Reconstruction": 1608, "Baylen, the Haymaker": 205, "Rugged Highlands": 2452, "Blossoming Sands": 276, "Hinterland Sanctifier_SB": 1427, "Dragon Fodder": 788, "Warleader's Call": 3393, "Enduring Courage": 888, "Dollmaker's Shop // Porcelain Gallery": 768, "Griffnaut Tracker_SB": 1299, "Keldon Strike Team_SB": 1614, "Midnight Reaper": 1872, "Nezumi Linkbreaker": 1993, "Bartolom\u00e9 del Presidio": 196, "Vampire Gourmand": 3290, "Neglected Manor": 1981, "Forlorn Flats": 1109, "Soul-Shackled Zombie_SB": 2719, "Corrupt": 585, "Savor": 2503, "Servant of the Stinger": 2584, "Moment of Craving": 1918, "Desperate Bloodseeker": 718, "Candy Trail": 409, "Marauding Blight-Priest": 1825, "Murder": 1958, "Sanguine Indulgence_SB": 2494, "Spellgyre": 2742, "Aetherize": 26, "Swiftwater Cliffs": 2886, "Tranquil Cove": 3129, "Quick Study": 2254, "Peculiar Lighthouse": 2130, "Union of the Third Path_SB": 3221, "Tolarian Terror_SB": 3110, "Defiled Crypt // Cadaver Lab": 695, "Blanchwood Prowler": 239, "Cult Conscript": 624, "Osseous Sticktwister": 2072, "Drag to the Roots": 786, "Jungle Hollow": 1582, "Deadly Brew": 662, "Swiftblade Vindicator": 2883, "Bulk Up": 376, "Chandra, Flameshaper": 470, "Leyline Axe": 1707, "The Jolly Balloon Man": 2984, "Sporogenic Infection": 2766, "Commune with Evil_SB": 551, "Fear of Missing Out_SB": 1013, "Archmage of Runes": 113, "Metamorphic Blast": 1862, "Don't Make a Sound": 770, "Ertai's Scorn": 918, "Curate": 628, "Unauthorized Exit": 3194, "The Tale of Tamiyo_SB": 3017, "Strix Lookout_SB": 2836, "Harrier Strix_SB": 1346, "Twist Reality_SB": 3170, "Forsaken Miner": 1110, "Thought-Stalker Warlock_SB": 3040, "Arcane Proxy": 100, "Demonic Counsel": 704, "Render Inert": 2358, "Kaito, Dancing Shadow_SB": 1590, "Likeness Looter": 1728, "Minor Misstep_SB": 1882, "Royal Treatment": 2448, "Royal Treatment_SB": 2449, "Grand Entryway && Elegant Rotunda": 1276, "Chainsaw_SB": 469, "Flamewake Phoenix_SB": 1074, "Karplusan Forest_SB": 1601, "Drag the Canal_SB": 784, "Stingerback Terror_SB": 2810, "Scatter Ray_SB": 2517, "Phantom Interference_SB": 2145, "Argoth, Sanctum of Nature": 121, "Cosmic Rebirth": 591, "Elvish Regrower": 879, "Springbloom Druid": 2771, "Titania, Voice of Gaea": 3098, "Tolsimir, Midnight's Light": 3111, "The Huntsman's Redemption": 2979, "Balustrade Wurm_SB": 183, "Invasion of Ixalan": 1530, "Bristlebud Farmer_SB": 358, "Stoic Sphinx_SB": 2817, "Twisted Fealty": 3171, "Temple of Malice": 2935, "Protect the Negotiators": 2228, "Cruelclaw's Heist": 610, "Aegis Turtle_SB": 22, "Night of the Sweets' Revenge": 1995, "Welcome to Sweettooth": 3411, "Collector's Vault": 537, "See Double_SB": 2565, "Cosmium Confluence_SB": 594, "Volatile Fault_SB": 3357, "Calix, Guided by Fate": 400, "Break Out": 341, "Cenote Scout": 462, "Violent Urge": 3330, "Wildfire Wickerfolk": 3424, "Piggy Bank": 2168, "Vraska's Fall": 3374, "The Filigree Sylex_SB": 2975, "Ephara's Dispersal_SB": 910, "Tail Swipe": 2902, "Armored Armadillo": 125, "Elvish Archivist": 877, "Toadstool Admirer": 3102, "Calix, Guided by Fate_SB": 401, "Divine Resilience_SB": 765, "Unflinching Courage_SB": 3213, "Valorous Stance_SB": 3289, "Ajani, Caller of the Pride": 40, "Fiery Annihilation_SB": 1054, "Crawling Barrens": 604, "Mazemind Tome_SB": 1846, "Crash Through": 601, "Drake Hatcher": 799, "Restless Spire": 2387, "Slick Sequence": 2686, "Abhorrent Oculus_SB": 3, "Feed the Swarm": 1026, "Cryptic Coat": 617, "Cryptic Coat_SB": 618, "Neutralize the Guards_SB": 1988, "Breach the Multiverse": 336, "Tinybones Joins Up_SB": 3088, "Parting Gust_SB": 2122, "Bandit's Talent_SB": 186, "Trygon Predator_SB": 3154, "Bonny Pall, Clearcutter_SB": 294, "Dwynen, Gilt-Leaf Daen": 838, "Lathril, Blade of the Elves": 1683, "Wildborn Preserver": 3421, "Assassin's Trophy_SB": 143, "Leonin Vanguard": 1703, "Angel of Vitality": 73, "Extinguish the Light_SB": 958, "Voracious Greatshark": 3366, "The Irencrag": 2983, "Nine-Lives Familiar": 2000, "The End": 2968, "Wildwood Scourge": 3425, "Mild-Mannered Librarian": 1876, "Charming Prince": 484, "Gnarlid Colony": 1243, "Wary Thespian": 3398, "Dazzling Angel": 656, "Inspiring Paladin": 1508, "Good-Fortune Unicorn": 1267, "Felidar Savior": 1035, "Armasaur Guide": 124, "Felling Blow": 1038, "Biogenic Upgrade": 226, "Inspiring Call": 1505, "Pacifism": 2110, "Anthem of Champions": 92, "Kaito, Dancing Shadow": 1589, "Lavaspur Boots": 1688, "Rite of Replication": 2410, "Swiftfoot Boots_SB": 2885, "Knight of Dusk's Shadow_SB": 1645, "Charming Scoundrel": 485, "Ruthless Lawbringer": 2469, "Alesha, Who Laughs at Fate": 49, "Perforating Artist": 2135, "Immersturm Predator": 1473, "Aurelia, the Law Above": 156, "Voldaren Thrillseeker_SB": 3362, "Urgent Necropsy": 3260, "Eaten by Piranhas_SB": 847, "Decadent Dragon": 676, "Phyrexian Obliterator_SB": 2160, "Silver Scrutiny_SB": 2638, "Phyrexian Obliterator": 2159, "Flourishing Bloom-Kin": 1091, "Ghalta, Primal Hunger": 1183, "Hunter's Talent_SB": 1458, "Wrenn and Realmbreaker_SB": 3458, "Corpses of the Lost": 581, "Furnace Reins_SB": 1145, "Cankerbloom": 410, "Scrapshooter_SB": 2533, "Axebane Ferox_SB": 168, "Atraxa, Grand Unifier_SB": 152, "Hearth Elemental": 1373, "Highway Robbery": 1424, "Urabrask": 3248, "Lord Skitter, Sewer King": 1767, "Doppelgang": 775, "Vren, the Relentless": 3379, "Torch the Witness_SB": 3119, "Aven Interrupter_SB": 163, "Terror Tide": 2949, "Bonehoard Dracosaur": 291, "Incinerator of the Guilty": 1482, "Rivaz of the Claw": 2414, "Tyrant of Kher Ridges": 3178, "Dragonlord's Servant": 796, "Kolaghan Warmonger": 1653, "Push // Pull_SB": 2239, "Annex Sentry": 80, "Phyrexian Vindicator": 2161, "Phyrexian Censor": 2152, "Volatile Fault": 3356, "Seal from Existence_SB": 2548, "Stasis Snare_SB": 2792, "Chrome Host Seedshark": 496, "Ichormoon Gauntlet": 1468, "Jace Reawakened": 1557, "Jin-Gitaxias": 1569, "Temple of Epiphany": 2933, "Galvanize_SB": 1154, "Tocasia's Welcome": 3106, "Gremlin Tamer_SB": 1295, "Urza's Sylex_SB": 3267, "Tomb Trawler_SB": 3114, "Urborg Scavengers": 3255, "Zetalpa, Primal Dawn": 3478, "Joint Exploration": 1576, "Titania's Command_SB": 3097, "Long River's Pull_SB": 1756, "Burglar Rat": 379, "Psychic Whorl": 2232, "Painful Quandary": 2111, "Hidden Necropolis": 1412, "Rune-Scarred Demon": 2460, "Macabre Waltz": 1792, "Mindsplice Apparatus": 1879, "Hidden Cataract": 1409, "Halo Forager": 1327, "The Key to the Vault": 2987, "Titania, Voice of Gaea_SB": 3099, "The Rollercrusher Ride_SB": 3003, "Final Showdown": 1058, "Loran's Escape": 1764, "Dawn's Truce": 650, "Rattleback Apothecary": 2300, "Bristly Bill, Spine Sower": 360, "Tatyova, Steward of Tides": 2919, "Colossal Rattlewurm": 542, "Sandstorm Verge": 2491, "Festering Gulch": 1045, "Creosote Heath": 607, "Duelist of the Mind": 823, "Desert's Due": 717, "Goldvein Hydra": 1260, "Restless Prairie": 2382, "Inspiration from Beyond": 1504, "Glass Casket_SB": 1225, "Chainsaw": 468, "Marchesa, Dealer of Death": 1828, "Rakdos Joins Up": 2277, "Nashi, Searcher in the Dark_SB": 1974, "Misery's Shadow_SB": 1895, "Realmbreaker, the Invasion Tree_SB": 2318, "Invasion of Tolvada": 1539, "Grand Abolisher_SB": 1275, "Filter Out_SB": 1056, "Kutzil, Malamet Exemplar": 1674, "Hostile Investigator": 1448, "Case of the Stashed Skeleton_SB": 436, "Rona's Vortex": 2438, "Swamp_SB": 2881, "Runic Shot": 2462, "Herald of Eternal Dawn_SB": 1391, "Sun-Blessed Healer_SB": 2849, "Emberheart Challenger_SB": 882, "Rockface Village_SB": 2430, "Squee, Dubious Monarch_SB": 2775, "Monastery Mentor": 1925, "Mortify": 1941, "Soul Search_SB": 2714, "Assimilation Aegis_SB": 145, "Seeker's Folly": 2568, "Season of Gathering_SB": 2554, "The Cruelty of Gix_SB": 2964, "Valgavoth's Onslaught": 3273, "Coveted Falcon": 598, "Impulse": 1481, "Portent of Calamity": 2201, "Drag to the Bottom": 785, "Greed's Gambit_SB": 1288, "Stab": 2777, "Vinereap Mentor": 3328, "Monstrous Emergence": 1932, "Invasion of Gobakhan": 1527, "Fiery Annihilation": 1053, "Sheoldred": 2599, "Finneas, Ace Archer": 1062, "Seasoned Warrenguard": 2562, "Ferocification": 1043, "Axebane Ferox": 167, "Pick Your Poison": 2164, "Sunspine Lynx": 2862, "Dreadwing Scavenger": 808, "Collector's Cage": 535, "Ajani, Sleeper Agent_SB": 44, "Wear Down_SB": 3407, "Broodspinner_SB": 367, "The Gitrog, Ravenous Ride_SB": 2976, "Vren, the Relentless_SB": 3380, "Chimil, the Inner Sun": 491, "Rat Out_SB": 2297, "Plains_SB": 2181, "Faebloom Trick_SB": 973, "Throne of the Grim Captain": 3066, "Drana and Linvala_SB": 803, "Pest Control_SB": 2141, "The Kenriths' Royal Funeral_SB": 2986, "Rona's Vortex_SB": 2439, "Nashi, Searcher in the Dark": 1973, "Saiba Cryptomancer": 2482, "Third Path Iconoclast": 3024, "Reasonable Doubt": 2319, "Essence Scatter_SB": 926, "Blood Hustler": 256, "Deathcap Marionette": 672, "Fell": 1036, "Bloodfell Caves": 261, "Faerie Fencing": 975, "Ego Drain": 853, "Season of Loss": 2555, "Talion's Messenger_SB": 2912, "Make Your Own Luck": 1808, "Ancient Cornucopia": 68, "Invasion of Arcavios": 1524, "Peerless Recycling_SB": 2131, "Beseech the Mirror_SB": 217, "Heroic Reinforcements_SB": 1406, "Wing Commando": 3433, "Stormcatch Mentor": 2824, "Ruthless Negotiation": 2471, "Misery's Shadow": 1894, "Haunted Screen": 1356, "Prayer of Binding": 2205, "Kaya, Spirits' Justice": 1605, "Cerebral Confiscation_SB": 465, "Corrupted Conviction": 586, "Furnace Reins": 1144, "Bonny Pall, Clearcutter": 293, "River's Rebuke": 2415, "River's Rebuke_SB": 2416, "Primeval Bounty_SB": 2213, "Koma, World-Eater_SB": 1657, "Kiora, the Rising Tide_SB": 1634, "Urza's Sylex": 3266, "Regal Caracal_SB": 2346, "Insatiable Avarice_SB": 1500, "Zoetic Glyph_SB": 3483, "Patchwork Beastie": 2124, "Seized from Slumber_SB": 2573, "Tyvar's Stand": 3184, "Unflinching Courage": 3212, "Sanguine Evangelist_SB": 2493, "Virtue of Loyalty_SB": 3339, "Keen-Eyed Curator_SB": 1611, "Regal Bunnicorn_SB": 2344, "Fanatical Firebrand": 986, "Hellspur Brute": 1383, "Vial Smasher, Gleeful Grenadier": 3321, "At Knifepoint": 148, "Mourner's Surprise_SB": 1949, "Caught in the Crossfire_SB": 446, "Scales of Shale_SB": 2515, "Surgical Suite // Hospital Room": 2873, "Mischievous Pup": 1893, "Inspiring Overseer": 1506, "Angel of Finality_SB": 72, "Fynn, the Fangbearer": 1146, "Ankle Biter": 79, "Bilious Skulldweller": 223, "Infectious Inquiry": 1489, "Feed the Infection": 1025, "Nimraiser Paladin": 1999, "The Hunter Maze": 2978, "The Dross Pits": 2965, "Soured Springs": 2726, "Badlands Revival": 176, "Seize the Secrets": 2570, "Wardens of the Cycle": 3390, "Kraul Whipcracker": 1662, "Binding Negotiation_SB": 225, "Copper Host Crusher": 574, "Bandit's Haul": 184, "Vinereap Mentor_SB": 3329, "Rogue's Passage": 2433, "Thrashing Brontodon": 3051, "Giant Cindermaw": 1196, "Belligerent Yearling": 215, "Scytheclaw Raptor": 2543, "Triumphant Chomp": 3149, "Colossadactyl": 541, "Earthshaker Dreadmaw": 843, "Ixalli's Lorekeeper": 1554, "Itzquinth, Firstborn of Gishath": 1550, "Bristling Backwoods": 359, "Armored Kincaller_SB": 127, "Clay-Fired Bricks": 518, "Sandstorm Salvager": 2489, "Dreamdew Entrancer_SB": 810, "Werefox Bodyguard": 3412, "Autonomous Assembler": 161, "Etali's Favor": 927, "Quintorius Kand": 2255, "Caretaker's Talent_SB": 420, "Luminous Rebuke_SB": 1778, "Massacre Wurm": 1839, "The Enigma Jewel": 2970, "Felidar Retreat_SB": 1034, "Hired Claw_SB": 1429, "Kayla's Command_SB": 1607, "Starfall Invocation_SB": 2786, "Stalactite Stalker": 2780, "Spell Stutter_SB": 2740, "Spinner of Souls_SB": 2755, "The Swarmweaver": 3014, "Gisa, the Hellraiser_SB": 1209, "Anointed Peacekeeper": 90, "Shrouded Shepherd_SB": 2627, "Phyrexian Censor_SB": 2153, "Dollmaker's Shop && Porcelain Gallery": 767, "Demonic Counsel_SB": 705, "Archangel of Tithes_SB": 106, "Bitter Reunion_SB": 231, "Jace Reawakened_SB": 1558, "Warleader's Call_SB": 3394, "Callous Sell-Sword_SB": 404, "Rat Out": 2296, "Unidentified Hovership_SB": 3219, "Arabella, Abandoned Doll_SB": 94, "Painter's Studio && Defaced Gallery_SB": 2114, "Get Out_SB": 1178, "Take Up the Shield_SB": 2907, "Scorn-Blade Berserker": 2530, "Vadmir, New Blood": 3269, "Song of Totentanz_SB": 2706, "Raucous Carnival_SB": 2302, "Archdruid's Charm": 109, "The Rollercrusher Ride": 3002, "Haywire Mite": 1358, "Imperious Perfect_SB": 1479, "Sandstorm Salvager_SB": 2490, "Tough Cookie_SB": 3124, "Urborg Repossession_SB": 3254, "Hungry Ghoul": 1456, "Cemetery Recruitment": 461, "Diregraf Ghoul": 738, "Skeleton Archer": 2650, "Sanguine Syphoner": 2495, "Mephitic Draught": 1859, "Not Dead After All": 2017, "Canonized in Blood": 412, "Vampiric Rites": 3295, "Offer Immortality": 2042, "Seize the Spoils": 2571, "Curious Forager": 630, "Thornvault Forager": 3035, "The Mycotyrant": 2997, "Sporogenic Infection_SB": 2767, "Agatha's Soul Cauldron_SB": 34, "Grievous Wound": 1297, "Funeral Room // Awakening Hall_SB": 1140, "Rise of the Dark Realms_SB": 2407, "Temple of Enlightenment": 2932, "Ezrim, Agency Chief_SB": 964, "Valkyrie's Call_SB": 3278, "Fumigate_SB": 1138, "Harbin, Vanguard Aviator": 1333, "Valiant Veteran": 3277, "Zephyr Sentinel": 3475, "Skystrike Officer": 2676, "Fortified Beachhead": 1111, "Valley Rotcaller": 3284, "Cruel Somnophage": 609, "Molten Duplication": 1914, "Restless Bivouac_SB": 2378, "Fauna Shaman": 995, "Diabolic Intent": 733, "Lively Dirge_SB": 1741, "Herbology Instructor": 1394, "Blossoming Tortoise": 277, "Titania's Command": 3096, "Blast Zone": 242, "Cavernous Maw": 456, "Forgotten Monument": 1108, "Urza, Lord Protector": 3268, "Tinybones, the Pickpocket_SB": 3092, "Temple of Mystery": 2936, "Timely Interference": 3085, "Vesuvan Duplimancy": 3316, "Dive Down_SB": 761, "Scrawling Crawler_SB": 2536, "Hollow Marauder": 1433, "Huskburster Swarm": 1462, "Overwhelming Remorse": 2103, "Stubborn Burrowfiend": 2840, "Writhing Necromass": 3462, "Dryad Militant_SB": 821, "Mockingbird_SB": 1908, "Chandra, Hope's Beacon_SB": 473, "Bristlebud Farmer": 357, "Charred Foyer && Warped Space_SB": 486, "Bruse Tarl, Roving Rancher": 370, "Think Twice": 3022, "Micromancer_SB": 1870, "Coruscation Mage_SB": 590, "Fblthp, Lost on the Range": 997, "Weakstone's Subjugation": 3404, "Fblthp, Lost on the Range_SB": 998, "Proft's Eidetic Memory_SB": 2220, "Weakstone's Subjugation_SB": 3405, "Dollmaker's Shop // Porcelain Gallery_SB": 769, "Akawalli, the Seething Tower": 47, "Absolving Lammasu_SB": 7, "Bottomless Pool && Locker Room": 310, "Fear of Isolation": 1008, "Tithing Blade_SB": 3101, "Hidetsugu's Second Rite_SB": 1419, "The Swarmweaver_SB": 3015, "Werefox Bodyguard_SB": 3413, "Invasion of Karsus_SB": 1532, "Mirror Room && Fractured Realm_SB": 1889, "Sword of Wealth and Power_SB": 2893, "Wildfire Howl_SB": 3423, "Zurgo and Ojutai_SB": 3492, "Halo Forager_SB": 1328, "Mabel, Heir to Cragflame_SB": 1791, "Soulstone Sanctuary_SB": 2725, "Ballyrush Banneret": 180, "Myrel, Shield of Argive_SB": 1966, "Siege Veteran_SB": 2630, "Steel Seraph_SB": 2803, "Ezrim, Agency Chief": 963, "Karn, Living Legacy": 1598, "Metropolis Reformer": 1867, "Omnivorous Flytrap": 2056, "Krenko's Buzzcrusher_SB": 1666, "Break the Spell_SB": 344, "Migloz, Maze Crusher_SB": 1875, "Rundvelt Hordemaster": 2458, "Breeches, Eager Pillager": 345, "Final Vengeance_SB": 1061, "Kellan, Inquisitive Prodigy": 1618, "Blood Spatter Analysis": 258, "Urborg Lhurgoyf": 3252, "Hidden Grotto": 1411, "Silverback Elder_SB": 2639, "Branchblight Stalker": 328, "Ichorspit Basilisk": 1469, "Maze's Mantle": 1844, "Viral Spawning": 3332, "Plague Nurse": 2179, "Venomous Brutalizer": 3313, "Tyrranax Atrocity": 3180, "Goliath Hatchery": 1264, "Paladin of Predation": 2117, "Serum Snare": 2582, "Tainted Observer": 2905, "Experimental Augury": 947, "Thrummingbird": 3068, "Mesmerizing Dose": 1861, "Reject Imperfection": 2350, "Gitaxian Anatomist": 1210, "Vivisurgeon's Insight": 3348, "Lakeside Shack": 1679, "Tangled Islet": 2915, "Meat Locker // Drowned Diner": 1847, "Awaken the Woods": 166, "Rampaging Baloths": 2288, "Omenpath Journey": 2054, "Poison Dart Frog": 2188, "Angelic Intervention": 74, "Long Goodbye": 1752, "The Witch's Vanity": 3020, "Under the Skin": 3200, "Seraphic Steed": 2579, "Hulking Raptor": 1455, "Vorinclex": 3368, "Goldvein Hydra_SB": 1261, "Meticulous Excavation_SB": 1866, "Rabid Gnaw": 2259, "Raging Battle Mouse": 2272, "Loran's Escape_SB": 1765, "The Witch's Vanity_SB": 3021, "Zoraline, Cosmos Caller_SB": 3487, "Teferi, Temporal Pilgrim_SB": 2927, "Ill-Timed Explosion_SB": 1472, "Realmbreaker, the Invasion Tree": 2317, "Murky Sewer": 1961, "Seeker's Folly_SB": 2569, "Might of the Meek_SB": 1874, "Deeproot Pilgrimage": 685, "Mistway Spy": 1904, "Vodalian Hexcatcher": 3350, "Betrayer's Bargain": 219, "Undead Sprinter_SB": 3199, "Viashino Pyromancer_SB": 3324, "Jaya, Fiery Negotiator": 1564, "The Stone Brain": 3011, "Defabricate_SB": 688, "Decadent Dragon_SB": 677, "Vein Ripper": 3305, "Thalia and The Gitrog Monster": 2957, "Surgical Suite && Hospital Room_SB": 2872, "Pugnacious Hammerskull": 2234, "Defiled Crypt // Cadaver Lab_SB": 696, "Beastie Beatdown": 208, "Annie Joins Up": 83, "Huatli, Poet of Unity": 1452, "Fortune, Loyal Steed": 1113, "Sword of Once and Future": 2890, "Pest Control": 2140, "Vraska Joins Up": 3373, "Necrogen Communion": 1977, "Darkstar Augur": 646, "Thirsting Roots_SB": 3027, "Heraldic Banner": 1392, "Heraldic Banner_SB": 1393, "Etali, Primal Conqueror_SB": 929, "Maha, Its Feathers Night_SB": 1806, "Silver Scrutiny": 2637, "Invasion of Amonkhet_SB": 1523, "Gisa, the Hellraiser": 1208, "Seal from Existence": 2547, "Battlefly Swarm": 204, "Broodspinner": 366, "Solemn Simulacrum": 2702, "Ghalta, Stampede Tyrant": 1185, "Myrel, Shield of Argive": 1965, "Halana and Alena, Partners": 1322, "Inga and Esika": 1493, "Gwenna, Eyes of Gaea": 1319, "Melira, the Living Cure": 1853, "Hajar, Loyal Bodyguard_SB": 1321, "Elesh Norn_SB": 869, "Surrak and Goreclaw_SB": 2876, "Guardian of New Benalia": 1311, "Aegis Turtle": 21, "Venerated Rotpriest_SB": 3308, "Ivy, Gleeful Spellthief_SB": 1553, "Rite of the Dragoncaller": 2411, "Grabby Giant": 1271, "Karn's Sylex_SB": 1597, "Bottomless Pool // Locker Room": 312, "Getaway Glamer_SB": 1180, "Pia Nalaar, Consul of Revival": 2163, "Invasion of Kaldheim": 1531, "Doomsday Excruciator_SB": 773, "Crystal Grotto": 623, "Island_SB": 1549, "Entity Tracker_SB": 908, "Rebel Salvo_SB": 2321, "Glarb, Calamity's Augur": 1222, "Aether Channeler": 23, "Defiled Crypt && Cadaver Lab": 693, "Exuberant Fuseling": 962, "Thundertrap Trainer_SB": 3080, "Abuelo's Awakening": 8, "Kitsa, Otterball Elite_SB": 1641, "Rona, Herald of Invasion_SB": 2441, "Season of Weaving_SB": 2558, "Unnerving Grasp_SB": 3228, "Swooping Lookout": 2887, "Demonic Ruckus_SB": 711, "Impact Tremors_SB": 1477, "High Noon": 1420, "Wishclaw Talisman_SB": 3439, "Coveted Falcon_SB": 599, "Kona, Rescue Beastie": 1658, "Cultivator's Caravan": 625, "Scene of the Crime": 2525, "Cankerbloom_SB": 411, "Conspiracy Unraveler": 563, "Matzalantli, the Great Door": 1841, "Reenact the Crime": 2339, "Lifecreed Duo": 1720, "Dust Animus_SB": 831, "Pugnacious Hammerskull_SB": 2235, "Recruitment Officer_SB": 2332, "Fear of Surveillance": 1014, "Invasion of Theros": 1538, "Smuggler's Surprise_SB": 2695, "Oko, the Ringleader_SB": 2049, "Muerra, Trash Tactician": 1953, "Adaptive Automaton": 17, "Three Tree Mascot": 3060, "Undead Sprinter": 3198, "At Knifepoint_SB": 149, "Monstrous Rage_SB": 1935, "Wilt-Leaf Liege_SB": 3428, "Kellan's Lightblades_SB": 1616, "Defiled Crypt && Cadaver Lab_SB": 694, "Annie Flash, the Veteran_SB": 82, "Insatiable Avarice": 1499, "Time Stop": 3082, "The Seedcore": 3004, "Slaughter Singer": 2679, "Fleeting Flight_SB": 1080, "Trash the Town_SB": 3138, "Sawblade Skinripper": 2506, "Ashiok, Wicked Manipulator": 135, "Palani's Hatcher": 2118, "Temple of Abandon": 2930, "Blasphemous Edict_SB": 241, "Crumb and Get It": 612, "Quick Draw_SB": 2253, "Hauntwoods Shrieker": 1357, "Zul Ashur, Lich Lord": 3489, "Garruk's Uprising": 1158, "Defiler of Flesh": 698, "Kraul Whipcracker_SB": 1663, "Agrus Kos, Spirit of Justice": 37, "Mischievous Mystic": 1892, "Skrelv, Defector Mite_SB": 2659, "Mechanized Warfare": 1850, "Blasphemous Edict": 240, "Bottomless Pool // Locker Room_SB": 313, "The Princess Takes Flight_SB": 2999, "Anim Pakal, Thousandth Moon_SB": 77, "Drown in Ichor": 817, "Kambal, Profiteering Mayor": 1592, "Kambal, Profiteering Mayor_SB": 1593, "Kaya, Spirits' Justice_SB": 1606, "Case of the Gateway Express_SB": 430, "Whisper of the Dross": 3415, "Vraska's Fall_SB": 3375, "Restless Reef_SB": 2384, "Lunar Convocation": 1780, "Vraska, the Silencer": 3378, "Binding Negotiation": 224, "Overlord of the Boilerbilges_SB": 2092, "Charge of the Mites": 482, "Expel the Interlopers": 945, "Wilt-Leaf Liege": 3427, "Gumdrop Poisoner_SB": 1318, "Founding the Third Path_SB": 1115, "Homicide Investigator_SB": 1437, "Bramble Familiar": 324, "Obstinate Baloth": 2038, "Satoru, the Infiltrator": 2500, "Sphinx of the Final Word_SB": 2747, "Burrowguard Mentor": 386, "Pollen-Shield Hare": 2190, "Hop to It_SB": 1440, "Dragonmaster Outcast": 797, "Generous Plunderer": 1170, "Ghired, Mirror of the Wilds": 1186, "Evolved Sleeper": 937, "Friendly Teddy": 1125, "Scrawling Crawler": 2535, "Rankle's Prank_SB": 2295, "Consumed by Greed_SB": 564, "Final Flourish_SB": 1057, "Time Stop_SB": 3083, "Unnatural Restoration_SB": 3226, "Infectious Inquiry_SB": 1490, "Polukranos Reborn_SB": 2195, "Kitesail Larcenist_SB": 1638, "Rakdos, the Muscle": 2280, "Magda, the Hoardmaster": 1797, "Hellspur Posse Boss": 1385, "Hellspur Brute_SB": 1384, "Cynical Loner_SB": 638, "Astor, Bearer of Blades": 146, "Bladehold War-Whip": 238, "Kellan, the Fae-Blooded": 1622, "Kemba, Kha Enduring": 1624, "Rebel Salvo": 2320, "Swiftfoot Boots": 2884, "Sword of Forge and Frontier": 2888, "Astor, Bearer of Blades_SB": 147, "Hidetsugu and Kairi": 1417, "Consuming Aberration": 565, "Knight of Dusk's Shadow": 1644, "No One Left Behind_SB": 2009, "Dusk Legion Duelist": 827, "Stocking the Pantry": 2813, "Botanical Brawler": 308, "Tribute to the World Tree": 3146, "Railway Brawler": 2273, "Archdruid's Charm_SB": 110, "Collector's Cage_SB": 536, "Rampaging Spiketail": 2291, "Barkform Harvester": 193, "Magebane Lizard": 1798, "Fae Flight_SB": 971, "Rush of Dread_SB": 2466, "Imprisoned in the Moon_SB": 1480, "Inquisitive Glimmer_SB": 1498, "Refute_SB": 2342, "Micromancer": 1869, "Hugs, Grisly Guardian": 1453, "Kogla and Yidaro": 1651, "Persistent Marshstalker": 2139, "Karumonix, the Rat King": 1602, "Argentum Masticore": 119, "Hedron Archive": 1378, "The Mycosynth Gardens": 2996, "Hall of Tagsin": 1325, "Legion Extruder": 1697, "Tomakul Honor Guard": 3112, "Blazing Crescendo_SB": 246, "Choking Miasma": 494, "Argentum Masticore_SB": 120, "Niv-Mizzet, Supreme": 2004, "Untimely Malfunction": 3240, "Captain Storm, Cosmium Raider": 416, "Corsair Captain": 588, "Gleaming Geardrake": 1230, "Malcolm, the Eyes": 1814, "Staunch Crewmate": 2796, "Lost Jitte_SB": 1770, "Intrepid Paleontologist": 1519, "Bolt Bend_SB": 285, "Felonious Rage_SB": 1040, "Thundering Falls_SB": 3076, "Walk with the Ancestors": 3382, "Meathook Massacre II_SB": 1849, "Vaultborn Tyrant_SB": 3303, "Feldon's Cane": 1028, "Treasure Map": 3141, "Neutralize the Guards": 1987, "Ayli, Eternal Pilgrim": 170, "Shipwreck Dowser": 2608, "One with the Multiverse": 2058, "Disturbing Conversion": 757, "Eerie Interference_SB": 852, "Builder's Talent_SB": 375, "Abuelo's Awakening_SB": 9, "Razorkin Needlehead": 2307, "Highway Robbery_SB": 1425, "Dreadmaw's Ire_SB": 807, "Repulsive Mutation": 2363, "Sylvan Scavenging_SB": 2896, "Ghost Vacuum": 1190, "Bloodletter of Aclazotz_SB": 265, "Wishclaw Talisman": 3438, "Pile On": 2169, "Corrupted Conviction_SB": 587, "Deadly Brew_SB": 663, "Kutzil, Malamet Exemplar_SB": 1675, "Bite Down": 228, "Ygra, Eater of All": 3468, "Maha, Its Feathers Night": 1805, "Massacre Girl, Known Killer": 1837, "Daggerfang Duo": 639, "Moonstone Harbinger": 1940, "Pestilent Syphoner": 2142, "Hoarding Recluse": 1432, "Deathbloom Gardener": 671, "Drown in Ichor_SB": 818, "Rakdos, the Muscle_SB": 2281, "Rakdos Joins Up_SB": 2278, "Massacre Girl, Known Killer_SB": 1838, "Unyielding Gatekeeper": 3244, "Ghalta and Mavren": 1182, "Progenitus": 2222, "Manifest Dread": 1819, "Hide in Plain Sight": 1415, "Threats Around Every Corner": 3053, "Call a Surprise Witness": 402, "Surgical Suite && Hospital Room": 2871, "Soul Search": 2713, "Crystal Barricade": 621, "Green Sun's Twilight_SB": 1291, "Quintorius Kand_SB": 2256, "Roaming Throne_SB": 2422, "Fake Your Own Death": 982, "Volcanic Spite": 3358, "Taii Wakeen, Perfect Shot": 2901, "Unruly Catapult": 3229, "Glassworks // Shattered Yard_SB": 1227, "Hulking Metamorph": 1454, "Rest in Peace": 2373, "Surge Engine_SB": 2867, "Dust Animus": 830, "Trostani, Three Whispers": 3152, "Tribute to the World Tree_SB": 3147, "Syr Ginger, the Meal Ender": 2899, "Dowsing Device": 781, "Saheeli, Filigree Master_SB": 2481, "Vengeful Possession": 3310, "Rabid Gnaw_SB": 2260, "Repair and Recharge": 2361, "Step Between Worlds_SB": 2804, "Invasion of Ergamon": 1525, "Break Out_SB": 342, "Beastie Beatdown_SB": 209, "Samut, Vizier of Naktamun": 2486, "Trash the Town": 3137, "Hearthborn Battler_SB": 1376, "Ego Drain_SB": 854, "Invasion of Fiora_SB": 1526, "Scrapwork Mutt": 2534, "Dawn's Truce_SB": 651, "Necrogen Rotpriest": 1978, "Contagious Vorrac": 566, "Armored Scrapgorger_SB": 129, "Forest_SB": 1106, "The Millennium Calendar_SB": 2994, "Ruin-Lurker Bat_SB": 2454, "Leonin Vanguard_SB": 1704, "Veteran Survivor_SB": 3319, "Oblivious Bookworm": 2036, "Growing Dread": 1303, "Bubble Smuggler": 373, "Cryptid Inspector": 620, "Exit Specialist": 941, "Cursed Windbreaker": 633, "Break Down the Door": 340, "Gaea's Gift_SB": 1149, "Hazardroot Herbalist": 1361, "Rabbit Response": 2257, "Treeguard Duo": 3142, "Uncharted Haven": 3196, "Warren Elder": 3395, "Head of the Homestead": 1364, "Head of the Homestead_SB": 1365, "Solphim, Mayhem Dominus": 2704, "Grab the Prize_SB": 1270, "Stroke of Midnight_SB": 2838, "Delney, Streetwise Lookout": 699, "No Witnesses": 2010, "Stroke of Midnight": 2837, "Cheeky House-Mouse_SB": 490, "Dryad Militant": 820, "Greta, Sweettooth Scourge": 1296, "Sweettooth Witch": 2882, "Experimental Confectioner": 948, "Mintstrosity": 1883, "Scream Puff": 2537, "Gingerbread Hunter": 1205, "Back for Seconds": 175, "Spider Food": 2748, "Feed the Cauldron": 1022, "Return from the Wilds": 2396, "Three Bowls of Porridge": 3056, "Eriette's Tempting Apple": 912, "Sugar Rush_SB": 2845, "Candy Grapple_SB": 408, "Fell_SB": 1037, "Murder_SB": 1959, "Obyra, Dreaming Duelist": 2040, "Repel Calamity_SB": 2362, "Malcolm, Alluring Scoundrel_SB": 1813, "Zoyowa's Justice": 3488, "Trial of Agony": 3144, "Ojer Axonil, Deepest Might": 2045, "Brazen Collector": 335, "Leyline of Resonance_SB": 1712, "Ancestors' Aid_SB": 67, "Slickshot Show-Off_SB": 2689, "Give In to Violence_SB": 1212, "Cityscape Leveler_SB": 506, "Nahiri's Resolve_SB": 1969, "The Monumental Facade": 2995, "Sardian Cliffstomper": 2496, "Magmatic Sprinter": 1802, "Churning Reservoir": 499, "Sardian Cliffstomper_SB": 2497, "Monastery Swiftspear_SB": 1929, "Magmatic Sprinter_SB": 1803, "Churning Reservoir_SB": 500, "Braids, Arisen Nightmare_SB": 322, "Lich-Knights' Conquest": 1718, "Worldwalker Helm": 3452, "Torch the Witness": 3118, "Detective's Satchel": 725, "Forensic Gadgeteer_SB": 1103, "Ice Out_SB": 1466, "Evolving Adaptive": 938, "Garruk's Uprising_SB": 1159, "The Wandering Rescuer_SB": 3019, "Market Gnome": 1832, "Oracle of Tragedy": 2064, "Tarrian's Journal": 2917, "Felidar Cub": 1031, "Knight-Errant of Eos_SB": 1649, "Dusk Rose Reliquary_SB": 829, "Ruthless Lawbringer_SB": 2470, "Felidar Cub_SB": 1032, "Vraan, Executioner Thane": 3372, "Eaten Alive_SB": 846, "Claim Jumper_SB": 509, "Mirrex_SB": 1888, "Tectonic Hazard": 2923, "Boltwave_SB": 287, "War Squeak_SB": 3387, "Geralf, the Fleshwright": 1173, "Geralf, the Fleshwright_SB": 1174, "Searslicer Goblin_SB": 2552, "Take for a Ride_SB": 2908, "Wojek Investigator": 3449, "Rustler Rampage": 2467, "Recommission_SB": 2330, "Hexgold Halberd": 1408, "Shrouded Shepherd": 2626, "Skyfisher Spider_SB": 2669, "Let's Play a Game_SB": 1706, "Chart a Course_SB": 488, "Johann's Stopgap_SB": 1574, "Trapped in the Screen": 3135, "Ragged Playmate": 2270, "Ragged Playmate_SB": 2271, "Norin, Swift Survivalist_SB": 2014, "Fear of Surveillance_SB": 1015, "Grand Entryway // Elegant Rotunda_SB": 1278, "Llanowar Elves_SB": 1744, "Bonehoard Dracosaur_SB": 292, "Wandertale Mentor": 3384, "Vodalian Mindsinger_SB": 3351, "Festerleech": 1046, "Fallaji Archaeologist_SB": 984, "Kroxa and Kunoros": 1669, "Chandra, Flameshaper_SB": 471, "Ajani, Sleeper Agent": 43, "Blazing Crescendo": 245, "Enduring Courage_SB": 889, "Warhost's Frenzy": 3392, "Great Train Heist": 1286, "Spirebluff Canal_SB": 2757, "Ashnod's Harvester": 137, "Rip, Spawn Hunter": 2404, "Funeral Room // Awakening Hall": 1139, "Outlaw Medic": 2080, "Blightbelly Rat": 250, "Unnatural Restoration": 3225, "Whisper of the Dross_SB": 3416, "Carnivorous Canopy_SB": 422, "Bite Down_SB": 229, "Gaea's Gift": 1148, "Thousand Moons Smithy_SB": 3044, "The Tale of Tamiyo": 3016, "The Surgical Bay": 3013, "Case of the Ransacked Lab": 434, "Saheeli, Filigree Master": 2480, "Hollow Scavenger": 1435, "Mosswood Dreadknight_SB": 1946, "Stormchaser's Talent_SB": 2826, "Phyrexian Missionary": 2157, "Lost in the Maze_SB": 1771, "Cactarantula": 394, "Glimmerlight": 1233, "Fleeting Flight": 1079, "Think Twice_SB": 3023, "Defiler of Dreams_SB": 697, "Lithomantic Barrage": 1737, "Enduring Vitality_SB": 897, "Ojer Pakpatiq, Deepest Epoch": 2046, "Disturbing Conversion_SB": 758, "Koth, Fire of Resistance": 1660, "Wylie Duke, Atiin Hero": 3463, "Omen Hawker": 2051, "Sentinel of Lost Lore": 2575, "Audience with Trostani_SB": 155, "Leyline of the Void": 1716, "Virtue of Knowledge": 3336, "Valgavoth's Onslaught_SB": 3274, "Kutzil's Flanker": 1672, "Extraordinary Journey": 960, "Gold Pan": 1258, "Extraordinary Journey_SB": 961, "Nurturing Pixie_SB": 2027, "Moonshaker Cavalry": 1938, "Pearl of Wisdom": 2129, "Fear of Lost Teeth": 1010, "Horrid Vigor": 1446, "Flesh Burrower": 1083, "Let's Play a Game": 1705, "Winter's Intervention": 3434, "Grasping Longneck": 1279, "Wickerfolk Thresher": 3419, "Cackling Slasher": 392, "Fear of the Dark": 1016, "Balemurk Leech": 178, "Give In to Violence": 1211, "Innocuous Rat": 1496, "Bashful Beastie": 198, "Defiant Survivor": 692, "Meathook Massacre II": 1848, "Etali, Primal Storm_SB": 930, "Bushwhack_SB": 390, "Mistbreath Elder_SB": 1901, "Realmbreaker's Grasp_SB": 2316, "Treeguard Duo_SB": 3143, "Stickytongue Sentinel_SB": 2808, "Tumbleweed Rising_SB": 3155, "Polliwallop_SB": 2192, "Leyline of Transformation": 1714, "Saheeli's Lattice": 2479, "Hopeless Nightmare_SB": 1443, "Corpses of the Lost_SB": 582, "Adamant Will": 16, "Goldvein Pick": 1262, "Moment of Triumph": 1920, "Pilfer": 2171, "Public Thoroughfare": 2233, "Roaming Throne": 2421, "Undying Malice": 3209, "Cancel_SB": 407, "Opt_SB": 2060, "Anointed Peacekeeper_SB": 91, "Connecting the Dots_SB": 560, "Analyze the Pollen_SB": 65, "Makeshift Binding": 1809, "Nettle Guard_SB": 1986, "Jump Scare_SB": 1581, "Progenitus_SB": 2223, "Harvestrite Host": 1349, "Family Reunion_SB": 985, "Cut Short_SB": 636, "Annihilating Glare": 85, "Fanatical Offering": 988, "Sword of Wealth and Power": 2892, "Dismal Backwater": 745, "Pelakka Wurm": 2132, "Extract a Confession_SB": 959, "Unauthorized Exit_SB": 3195, "Lassoed by the Law": 1680, "Mabel's Mettle": 1789, "Skulduggery": 2660, "Skulduggery_SB": 2661, "Minor Misstep": 1881, "Hopeful Vigil": 1441, "Restricted Office // Lecture Hall": 2392, "Central Elevator // Promising Stairs": 463, "Creeping Peeper": 606, "Underwater Tunnel // Slimy Aquarium": 3208, "Erratic Apparition": 915, "Dazzling Theater // Prop Room": 658, "Fear of Falling": 1003, "Fear of Abduction": 999, "Lionheart Glimmer": 1735, "Tunnel Surveyor_SB": 3159, "Stalked Researcher_SB": 2782, "Arena of Glory": 118, "Blazing Rootwalla": 247, "Bloodstained Mire": 267, "Burning Inquiry": 382, "Detective's Phoenix": 724, "Faithless Looting": 981, "Flameblade Adept": 1070, "Goblin Lore": 1252, "Hollow One": 1434, "Lightning Bolt": 1722, "Stomping Ground": 2819, "Street Wraith": 2834, "Vengevine": 3312, "Wooded Foothills": 3450, "Cursed Totem_SB": 632, "Meltdown_SB": 1855, "Obsidian Charmaw_SB": 2037, "Surgical Extraction_SB": 2870, "Arid Mesa": 123, "Barbarian Ring": 191, "Sunbaked Canyon": 2850, "Eidolon of the Great Revel": 855, "Goblin Guide": 1251, "Lava Spike": 1687, "Rift Bolt": 2400, "Searing Blaze": 2549, "Skewer the Critics": 2652, "Skullcrack": 2664, "Flare of Duplication": 1075, "Smash to Smithereens_SB": 2692, "Faerie Macabre_SB": 976, "Ensnaring Bridge_SB": 903, "Primeval Titan": 2214, "Arboreal Grazer": 99, "Dryad of the Ilysian Grove": 822, "Dryad Arbor": 819, "Amulet of Vigor": 60, "Summoner's Pact": 2847, "Green Sun's Zenith": 1292, "Explore": 951, "Scapeshift": 2516, "Boseiju, Who Endures": 306, "Misty Rainforest": 1905, "Crumbling Vestige": 614, "Lotus Field": 1772, "Gruul Turf": 1308, "Simic Growth Chamber": 2641, "Hanweir Battlements": 1332, "Echoing Deeps": 848, "Mirrorpool": 1891, "Shifting Woodland": 2605, "Otawara, Soaring City": 2076, "Urza's Saga": 3265, "Valakut, the Molten Pinnacle": 3270, "Vesuva": 3314, "Tolaria West": 3108, "Urza's Cave": 3262, "Bojuka Bog_SB": 284, "Defense Grid_SB": 691, "Endurance_SB": 887, "Force of Vigor_SB": 1100, "Dismember_SB": 746, "Tireless Tracker_SB": 3093, "Vampires' Vengeance_SB": 3294, "Collector Ouphe_SB": 534, "Indomitable Creativity": 1484, "Prismatic Ending": 2217, "Archon of Cruelty": 115, "Wrenn and Six": 3459, "Fable of the Mirror-Breaker": 965, "Persist": 2138, "Blood Crypt": 255, "Sacred Foundry": 2475, "Xander's Lounge": 3464, "Jetmir's Garden": 1568, "Dwarven Mine": 836, "Flooded Strand": 1084, "Scalding Tarn": 2511, "Boseiju, Who Endures_SB": 307, "Toxic Deluge_SB": 3125, "Hurkyl's Recall_SB": 1459, "Damping Sphere_SB": 643, "Cling to Dust": 522, "Counterspell": 597, "Fatal Push": 993, "Force of Negation": 1099, "Harbinger of the Seas": 1334, "Marsh Flats": 1836, "Murktide Regent": 1960, "Polluted Delta": 2193, "Preordain": 2208, "Psychic Frog": 2231, "Sink into Stupor": 2645, "Spell Snare": 2738, "Thought Scour": 3038, "Unearth": 3210, "Watery Grave": 3402, "Consign to Memory_SB": 562, "Engineered Explosives_SB": 900, "Mystical Dispute_SB": 1968, "Nihil Spellbomb_SB": 1997, "Spell Pierce_SB": 2737, "The Meathook Massacre_SB": 2991, "Brazen Borrower": 333, "Thoughtseize": 3041, "Orcish Bowmasters": 2066, "Steam Vents": 2797, "Stern Scolding_SB": 2807, "Harbinger of the Seas_SB": 1335, "Ocelot Pride": 2041, "Godless Shrine": 1257, "Guide of Souls": 1313, "Seasoned Pyromancer": 2561, "Ajani, Nacatl Pariah": 42, "Phelia, Exuberant Shepherd": 2146, "Phlage, Titan of Fire's Fury": 2147, "Galvanic Discharge": 1153, "Goblin Bombardment": 1248, "Thraben Charm": 3045, "Orim's Chant_SB": 2067, "Wrath of the Skies_SB": 3455, "Thoughtseize_SB": 3042, "Showdown of the Skalds_SB": 2624, "Wear // Tear_SB": 3406, "Legion Loyalist": 1699, "Goblin Bushwhacker": 1249, "Devastating Summons": 727, "Reckless Bushwhacker": 2322, "Goblin Grenade": 1250, "Goblin Piledriver": 1254, "Mogg War Marshal": 1909, "Skirk Prospector": 2653, "Foundry Street Denizen": 1116, "Den of the Bugbear": 712, "Sokenzan, Crucible of Defiance": 2701, "Tormod's Crypt_SB": 3120, "Shattering Spree_SB": 2596, "Blood Moon_SB": 257, "Magus of the Moon_SB": 1804, "Reality Hemorrhage_SB": 2314, "Ziatora's Proving Ground": 3480, "Veil of Summer_SB": 3304, "Terastodon_SB": 2945, "Tamiyo, Inquisitive Student": 2914, "Fable of the Mirror-Breaker_SB": 966, "Ragavan, Nimble Pilferer": 2268, "Static Prison": 2793, "Showdown of the Skalds": 2623, "Windswept Heath": 3432, "Fear, Fire, Foes!_SB": 1017, "Drannith Magistrate_SB": 804, "Stony Silence_SB": 2820, "Vexing Bauble": 3320, "Hexdrinker_SB": 1407, "Colossal Skyturtle_SB": 543, "Generous Ent_SB": 1169, "Grist, the Hunger Tide_SB": 1302, "Chained to the Rocks": 466, "Chained to the Rocks_SB": 467, "Ragavan, Nimble Pilferer_SB": 2269, "Exquisite Firecraft_SB": 953, "Searing Blood_SB": 2550, "Tunnel Ignus_SB": 3157, "Consider": 561, "Graveyard Trespasser": 1281, "Giant Growth_SB": 1199, "Over the Edge_SB": 2085, "Poison Dart Frog_SB": 2189, "Come Back Wrong": 548, "Glassworks // Shattered Yard": 1226, "Beamtown Beatstick": 206, "Diamond Pick-Axe": 734, "Sunfire Torch": 2856, "Celestial Armor": 460, "Carrot Cake_SB": 425, "Edgewall Inn": 851, "Grievous Wound_SB": 1298, "Goliath Hatchery_SB": 1265, "Cathartic Parting_SB": 445, "Balmor, Battlemage Captain": 181, "Bria, Riptide Rogue": 348, "Freeze in Place": 1121, "Relic's Roar": 2355, "Run Away Together_SB": 2456, "Scalding Viper_SB": 2513, "Talion, the Kindly Lord": 2913, "Slice from the Shadows": 2685, "Defabricate": 687, "Grand Abolisher": 1274, "Unnerving Grasp": 3227, "Halo Hopper": 1329, "Hellspur Posse Boss_SB": 1386, "Harrier Strix": 1345, "Snaremaster Sprite": 2698, "The Filigree Sylex": 2974, "Living Phone": 1742, "Hardened Escort": 1340, "Unsettling Twins": 3231, "Holy Cow": 1436, "Unsettling Twins_SB": 3232, "Raccoon Rallier_SB": 2261, "Feather of Flight_SB": 1020, "Rogue's Passage_SB": 2434, "Possessed Goat_SB": 2203, "The Jolly Balloon Man_SB": 2985, "Hammerhand_SB": 1331, "Heartfire Hero_SB": 1369, "Inti, Seneschal of the Sun_SB": 1512, "Gleaming Barrier": 1228, "Gleaming Barrier_SB": 1229, "Solemn Simulacrum_SB": 2703, "Pests of Honor": 2143, "Nettle Guard": 1985, "Three Blind Mice": 3054, "Dauntless Dismantler_SB": 649, "Phoenix Chick_SB": 2149, "Charge of the Mites_SB": 483, "Keldon Flamesage": 1612, "Brambleguard Captain": 326, "Johann, Apprentice Sorcerer": 1575, "Kraum, Violent Cacophony": 1664, "Razzle-Dazzler": 2313, "Vesuvan Drifter": 3315, "Thopter Mechanic": 3032, "Nightwhorl Hermit": 1996, "Iron-Fist Pulverizer": 1546, "Pyrotechnic Performer": 2244, "Fear of Burning Alive": 1002, "Molten Tributary": 1917, "Stop Cold": 2821, "Mishra's Command_SB": 1897, "Plan the Heist_SB": 2182, "Sleight of Hand_SB": 2684, "Kellan, Planar Trailblazer_SB": 1621, "Trick Shot_SB": 3148, "Violent Urge_SB": 3331, "Involuntary Cooldown_SB": 1543, "Out of Air_SB": 2077, "Mirran Banesplitter": 1886, "Heartfire Immolator": 1370, "Dwarven Forge-Chanter": 835, "Whiskerquill Scribe": 3414, "Sure Strike": 2864, "Ghitu Amplifier": 1187, "Furious Bellow": 1141, "Ancestors' Aid": 66, "Twinferno_SB": 3165, "Sure Strike_SB": 2865, "Fynn, the Fangbearer_SB": 1147, "Make Your Move_SB": 1807, "Harbinger of the Tides": 1336, "Harbinger of the Tides_SB": 1337, "Bottomless Pool && Locker Room_SB": 311, "Pile On_SB": 2170, "Cat Collector": 442, "Growing Rites of Itlimoc": 1304, "Flowstone Infusion": 1095, "Jump Scare": 1580, "Niko, Light of Hope": 1998, "Tunnel Surveyor": 3158, "Stalked Researcher": 2781, "Fear of Isolation_SB": 1009, "Ayara, Widow of the Realm": 169, "Throw from the Saddle": 3067, "Arachnoid Adaptation": 95, "Longstalk Brawl_SB": 1757, "Thrill of Possibility_SB": 3065, "Season of Gathering": 2553, "Warren Warleader": 3396, "Seasoned Warrenguard_SB": 2563, "Lionheart Glimmer_SB": 1736, "Horrid Vigor_SB": 1447, "Omnivorous Flytrap_SB": 2057, "Roc Hunter": 2428, "Feldon, Ronom Excavator": 1030, "Scalding Viper": 2512, "Trial of Agony_SB": 3145, "Adventuring Gear_SB": 20, "Vicious Clown_SB": 3326, "Fear of Being Hunted_SB": 1001, "Into the Roil": 1517, "Into the Roil_SB": 1518, "Rite of the Dragoncaller_SB": 2412, "Splash Portal_SB": 2761, "Ghostly Dancers": 1192, "Demonic Pact_SB": 709, "Valorous Stance": 3288, "Lodestone Needle": 1750, "Sawblade Skinripper_SB": 2507, "Zephyr Singer": 3476, "Cunning Coyote_SB": 627, "Lunar Convocation_SB": 1781, "Bartolom\u00e9 del Presidio_SB": 197, "Valley Rotcaller_SB": 3285, "Bloodghast": 262, "Spell Pierce": 2736, "Debris Beetle": 674, "Wastewood Verge": 3399, "Vein Ripper_SB": 3306, "Ketramose, the New Dawn": 1625, "Bleachbone Verge": 248, "Intimidation Tactics": 1513, "Grim Bauble": 1300, "Momentum Breaker": 1923, "Outpace Oblivion_SB": 2082, "Ride's End": 2398, "Molt Tender": 1911, "Draconautics Engineer": 782, "Loot, the Pathfinder": 1760, "Afterburner Expert": 28, "Dredger's Insight": 813, "Restless Spire_SB": 2388, "Oildeep Gearhulk_SB": 2044, "Oildeep Gearhulk": 2043, "Haunt the Network_SB": 1353, "Sunbillow Verge": 2851, "Willowrush Verge": 3426, "Surgical Suite // Hospital Room_SB": 2874, "Thousand Moons Smithy": 3043, "Transmutation Font": 3134, "Braided Net_SB": 320, "Eriette of the Charmed Apple": 911, "Monument to Endurance": 1936, "Defend the Rider": 689, "Hazoret, Godseeker": 1363, "Gleeful Demolition_SB": 1232, "Riptide Gearhulk": 2405, "Riverchurn Monument": 2417, "Optimistic Scavenger_SB": 2062, "Overlord of the Hauntwoods_SB": 2096, "Explosive Derailment_SB": 952, "Chandra, Spark Hunter_SB": 475, "Diversion Unit": 762, "Voyage Home": 3369, "Perilous Snare": 2136, "Esoteric Duplicator": 922, "Repurposing Bay": 2365, "Diversion Unit_SB": 763, "Aether Syphon_SB": 25, "Monument to Endurance_SB": 1937, "Marauding Mako": 1827, "Bounce Off": 315, "Brightglass Gearhulk": 351, "Voyager Glidecar": 3370, "Greasewrench Goblin": 1283, "Scrounging Skyray": 2542, "Riverpyre Verge": 2420, "Bounce Off_SB": 316, "Chandra, Spark Hunter": 474, "Captain Howler, Sea Scourge": 414, "Phyrexian Dragon Engine": 2154, "Gastal Thrillroller": 1163, "Mishra's Command": 1896, "Transit Mage": 3133, "The Aetherspark": 2959, "Overgrown Zealot": 2088, "Conduit of Worlds_SB": 556, "Nesting Bot": 1983, "Howlsquad Heavy": 1450, "Count on Luck_SB": 596, "Mendicant Core, Guidelight": 1857, "Mu Yanling, Wind Rider": 1951, "Agonasaur Rex": 35, "Sandstalker Moloch_SB": 2487, "Intimidation Tactics_SB": 1514, "Grim Bauble_SB": 1301, "Momentum Breaker_SB": 1924, "The Speed Demon_SB": 3009, "Lumbering Worldwagon": 1775, "Mindspring Merfolk": 1880, "Lifecraft Engine": 1719, "Caelorna, Coral Tyrant_SB": 395, "Overrun": 2101, "Gastal Thrillroller_SB": 1164, "Burnout Bashtronaut": 384, "Gastal Thrillseeker": 1165, "The Speed Demon": 3008, "The Last Ride": 2988, "Amonkhet Raceway": 59, "Ancient Vendetta_SB": 71, "Memory Guardian": 1856, "Demonic Junker": 706, "Nexus of Becoming": 1991, "Broadside Barrage": 362, "Boosted Sloop": 301, "Broadside Barrage_SB": 363, "Thopter Fabricator_SB": 3031, "Lightwheel Enhancements": 1727, "Regal Imperiosaur": 2347, "Tyrox, Saurid Tyrant": 3179, "Tomik, Wielder of Law_SB": 3115, "Engine Rat": 898, "Teysa, Opulent Oligarch": 2956, "Gonti, Night Minister": 1266, "Muraganda Raceway": 1957, "Gumdrop Poisoner": 1317, "Zephyr Singer_SB": 3477, "Ratadrabik of Urborg": 2298, "Voyager Glidecar_SB": 3371, "Debris Beetle_SB": 675, "Fuel the Flames": 1132, "Skycrash": 2666, "Fuel the Flames_SB": 1133, "Dropkick Bomber": 816, "Quag Feast": 2248, "Gastal Raider_SB": 1162, "Thunderous Velocipede": 3077, "Ketramose, the New Dawn_SB": 1626, "Locust Spray": 1749, "The Skullspore Nexus": 3006, "Intrepid Paleontologist_SB": 1520, "Invasion of Regatha_SB": 1535, "Spectacular Pileup": 2729, "Coalstoke Gearhulk_SB": 526, "Terisian Mindbreaker": 2946, "Skitterbeam Battalion": 2655, "Webstrike Elite_SB": 3410, "Bringer of the Last Gift": 356, "Thalia and The Gitrog Monster_SB": 2958, "Ride's End_SB": 2399, "Zahur, Glory's Past": 3474, "Spectral Interference_SB": 2734, "Say Its Name_SB": 2509, "Stock Up": 2811, "Spectacular Pileup_SB": 2730, "Gas Guzzler": 1160, "Far Fortune, End Boss": 991, "Overrun_SB": 2102, "Wardens of the Cycle_SB": 3391, "Painful Quandary_SB": 2112, "Leaf-Crowned Visionary_SB": 1694, "Mossborn Hydra_SB": 1944, "Blast Zone_SB": 243, "Collision Course_SB": 540, "Sazacap's Brew": 2510, "Invasion of Mercadia": 1533, "Playful Shove": 2184, "Red Sun's Twilight_SB": 2334, "Mishra, Claimed by Gix": 1899, "Heliod, the Radiant Dawn": 1381, "Twinblade Blessing": 3163, "Restless Anchorage_SB": 2376, "Webstrike Elite": 3409, "Coiling Rebirth_SB": 530, "Fearless Swashbuckler": 1018, "Unctus, Grand Metatect": 3197, "The Aetherspark_SB": 2960, "Melira, the Living Cure_SB": 1854, "Bloated Contaminator_SB": 254, "Defend the Rider_SB": 690, "Claim Jumper": 508, "Starscape Cleric_SB": 2789, "Flotsam // Jetsam_SB": 1090, "Soul of Windgrace": 2715, "Perilous Snare_SB": 2137, "Expel the Interlopers_SB": 946, "Visage of Dread": 3344, "Pit Automaton": 2175, "Visage of Dread_SB": 3345, "The Last Ride_SB": 2989, "Jodah, the Unifier_SB": 1573, "Ancient Vendetta": 70, "Basri, Tomorrow's Champion": 201, "Skyseer's Chariot_SB": 2673, "Unstable Glyphbridge_SB": 3234, "Full Throttle_SB": 1136, "Loot, the Key to Everything_SB": 1759, "Loot, the Pathfinder_SB": 1761, "Lassoed by the Law_SB": 1681, "Quag Feast_SB": 2249, "Third Path Iconoclast_SB": 3025, "Ashiok, Wicked Manipulator_SB": 136, "Rampaging Raptor": 2289, "Agonasaur Rex_SB": 36, "Visage Bandit": 3343, "Waxen Shapethief": 3403, "Coalstoke Gearhulk": 525, "Shoreline Looter": 2622, "Engine Rat_SB": 899, "Dune Drifter": 824, "Essence Channeler_SB": 924, "Lunar Insight": 1782, "Sword of Forge and Frontier_SB": 2889, "Become Brutes": 211, "Spring-Loaded Sawblades_SB": 2770, "Urza's Command_SB": 3263, "Dive Down": 760, "Caradora, Heart of Alacria": 418, "Veteran Beastrider": 3317, "Skyseer's Chariot": 2672, "Valor's Flagship": 3286, "The Elder Dragon War_SB": 2967, "Kellan, Inquisitive Prodigy_SB": 1619, "Veteran Survivor": 3318, "Twining Twins": 3167, "Threadbind Clique": 3052, "Boommobile_SB": 298, "Radiant Lotus_SB": 2265, "Boommobile": 297, "Forging the Anchor": 1107, "Radiant Lotus": 2264, "The Mightstone and Weakstone_SB": 2993, "Bloodthorn Flail": 270, "Flamewake Phoenix": 1073, "Cryptcaller Chariot_SB": 616, "Spiteful Hexmage_SB": 2759, "Riverchurn Monument_SB": 2418, "Riptide Gearhulk_SB": 2406, "Volley Veteran": 3363, "Redshift, Rocketeer Chief": 2338, "Thopter Fabricator": 3030, "Furnace Host Charger": 1142, "Clamorous Ironclad": 512, "Wishing Well": 3440, "Frolicking Familiar": 1126, "Alania, Divergent Storm": 48, "Resplendent Angel_SB": 2371, "Tinker's Tote": 3086, "Cephalopod Sentry": 464, "Haunt the Network": 1352, "Sorcerous Spyglass": 2709, "Demonic Junker_SB": 707, "Marketback Walker": 1834, "Sylvan Scavenging": 2895, "Sab-Sunen, Luxa Embodied": 2473, "Simian Simulacrum": 2640, "Marketback Walker_SB": 1835, "Reluctant Role Model": 2356, "Bulwark Ox": 377, "Reluctant Role Model_SB": 2357, "Boom Box": 295, "Possession Engine": 2204, "Conduit of Worlds": 555, "Broadcast Rambler": 361, "Broodheart Engine": 365, "Gargantuan Leech": 1155, "Captivating Cave": 417, "Promising Vein": 2226, "Hidden Courtyard": 1410, "Bat Colony": 202, "Calamitous Cave-In": 396, "Hidden Volcano": 1414, "Daretti, Rocketeer Engineer": 644, "Threefold Thunderhulk": 3062, "Tune Up": 3156, "Meteor Golem_SB": 1863, "Market Gnome_SB": 1833, "Leyline Binding_SB": 1709, "The Goose Mother": 2977, "Gastal Raider": 1161, "Oviya, Automech Artisan": 2108, "Mold Adder_SB": 1910, "Burnout Bashtronaut_SB": 385, "The Skullspore Nexus_SB": 3007, "Sovereign Okinec Ahau": 2727, "Gloryheath Lynx": 1241, "The Raven Man": 3000, "The Raven Man_SB": 3001, "Halana and Alena, Partners_SB": 1323, "Valor's Flagship_SB": 3287, "Stall Out": 2783, "Stall Out_SB": 2784, "Tocasia's Welcome_SB": 3107, "Cosmium Confluence": 593, "Festival of Embers": 1047, "Hidden Nursery": 1413, "Balustrade Wurm": 182, "Skycrash_SB": 2667, "Nexus of Becoming_SB": 1992, "Akal Pakal, First Among Equals_SB": 46, "Collector's Vault_SB": 538, "Thran Spider_SB": 3050, "Sab-Sunen, Luxa Embodied_SB": 2474, "Earthrumbler": 842, "Thunderous Velocipede_SB": 3078, "Lavaspur Boots_SB": 1689, "Chitin Gravestalker": 493, "Starving Revenant_SB": 2790, "Stock Up_SB": 2812, "Fear of Infinity_SB": 1007, "Ojer Pakpatiq, Deepest Epoch_SB": 2047, "Oko, the Ringleader": 2048, "Forensic Researcher": 1104, "Deepfathom Echo": 684, "Steamcore Scholar_SB": 2799, "Dredger's Insight_SB": 814, "Fauna Shaman_SB": 996, "Malcator, Purity Overseer": 1811, "Sunder the Gateway": 2852, "Phyrexian Missionary_SB": 2158, "Night Market": 1994, "Stockpiling Celebrant": 2814, "Carrion Locust_SB": 423, "Skullcap Snail_SB": 2663, "Stockpiling Celebrant_SB": 2815, "Baral and Kari Zev": 190, "Enigma Drake": 901, "Eroded Canyon": 913, "Trained Arynx": 3127, "Ornery Tumblewagg": 2068, "Giant Beaver": 1195, "Lagorin, Soul of Alacria": 1677, "Miriam, Herd Whisperer": 1885, "Congregation Gryff": 559, "Brightfield Glider": 350, "Run Over_SB": 2457, "Reject Imperfection_SB": 2351, "Vivisurgeon's Insight_SB": 3349, "Haunted Mire": 1354, "Overwhelming Remorse_SB": 2104, "Akal Pakal, First Among Equals": 45, "Forensic Gadgeteer": 1102, "Deduce_SB": 679, "Wreck Remover_SB": 3456, "Brave the Wilds": 332, "Armored Scrapgorger": 128, "Spinewoods Paladin": 2752, "Mocking Sprite": 1906, "Talion's Messenger": 2911, "Barrow Naughty": 195, "Faerie Slumber Party": 979, "Drag the Canal": 783, "Spellscorn Coven": 2743, "Etrata, Deadly Fugitive": 935, "Coerced to Kill": 528, "Unstoppable Plan_SB": 3235, "Shadow-Rite Priest": 2588, "Training Grounds": 3128, "Hoarding Broodlord": 1431, "Nahiri's Warcrafting_SB": 1970, "Oaken Siren": 2029, "Guidelight Optimizer": 1314, "Fountainport Bell": 1118, "Machine Over Matter_SB": 1793, "Crumb and Get It_SB": 613, "Flame Lash": 1069, "Exsanguinate_SB": 955, "Exsanguinate": 954, "Tranquil Cove_SB": 3130, "Syr Ginger, the Meal Ender_SB": 2900, "Legion Extruder_SB": 1698, "Hearth Elemental_SB": 1374, "Furnace Punisher_SB": 1143, "Krenko's Buzzcrusher": 1665, "Greasefang, Okiba Boss": 1282, "Parhelion II": 2120, "Shattered Sanctum": 2595, "Faithful Mending": 980, "Skysovereign, Consul Flagship": 2675, "Tainted Indulgence": 2904, "Hallowed Fountain": 1326, "Collective Brutality": 532, "Geier Reach Sanitarium": 1168, "Raffine's Tower": 2267, "Stubborn Denial": 2841, "Vanishing Verse": 3299, "Dovin's Veto_SB": 780, "Ashiok, Dream Render_SB": 133, "Silence_SB": 2633, "Fatal Push_SB": 994, "Deafening Silence_SB": 669, "Vanishing Verse_SB": 3300, "Unlicensed Hearse_SB": 3223, "Omen of the Sea": 2053, "The Meathook Massacre": 2990, "Narset, Parter of Veils": 1972, "Field of Ruin": 1049, "Urborg, Tomb of Yawgmoth": 3257, "Clearwater Pathway": 519, "Hive of the Eye Tyrant": 1430, "Shipwreck Marsh": 2609, "Takenuma, Abandoned Mire": 2910, "Aether Gust_SB": 24, "Yorion, Sky Nomad_SB": 3470, "Ashiok, Nightmare Muse_SB": 134, "Extinction Event_SB": 957, "Reckless Rage": 2326, "Soul-Scar Mage": 2718, "Ramunap Ruins": 2292, "Cragcrown Pathway": 600, "Mutavault": 1964, "Redcap Melee_SB": 2335, "Blightstep Pathway": 252, "Bloodtithe Harvester": 271, "Blade of the Oni": 236, "Hidetsugu Consumes All_SB": 1416, "Invoke Despair_SB": 1542, "Kroxa, Titan of Death's Hunger": 1670, "Foreboding Ruins": 1101, "Invoke Despair": 1541, "Rakdos, Patron of Chaos": 2279, "Kolaghan's Command_SB": 1654, "Haunted Ridge": 1355, "Anger of the Gods_SB": 75, "Ledger Shredder": 1696, "Arclight Phoenix": 117, "Fiery Impulse": 1055, "Lightning Axe": 1721, "Treasure Cruise": 3140, "Riverglide Pathway": 2419, "Hall of Storm Giants": 1324, "Brazen Borrower_SB": 334, "Annul_SB": 87, "Prismari Command_SB": 2216, "Bonecrusher Giant": 289, "Burning-Tree Emissary": 383, "Chandra, Torch of Defiance": 476, "Collision // Colossus": 539, "Gruul Spellbreaker": 1307, "Kami's Flare": 1595, "Kumano Faces Kakkazan": 1671, "Pelt Collector": 2133, "Voltaic Brawler": 3365, "Zhur-Taa Goblin": 3479, "Bonecrusher Giant_SB": 290, "Chandra, Torch of Defiance_SB": 477, "Cindervines_SB": 502, "Kami's Flare_SB": 1596, "Roiling Vortex_SB": 2437, "Weathered Runestone_SB": 3408, "Cauldron Familiar": 447, "Claim the Firstborn": 510, "Deadly Dispute": 666, "Mayhem Devil": 1842, "Overgrown Tomb": 2087, "Witch's Oven": 3442, "Claim the Firstborn_SB": 511, "Ob Nixilis, the Adversary_SB": 2033, "Indatha Triome": 1483, "Spara's Headquarters": 2728, "Zagoth Triome": 3473, "Mana Confluence": 1817, "Leyline of Sanctity_SB": 1713, "Barrier Breach_SB": 194, "Knockout Blow_SB": 1650, "Dawnwing Marshal": 653, "Sigarda's Aid": 2631, "Colossus Hammer": 544, "Raffine's Informant": 2266, "Sylvan Caryatid": 2894, "Eldritch Evolution": 859, "Soulflayer": 2720, "Collective Brutality_SB": 533, "Gifted Aetherborn_SB": 1200, "Bloodline Culling_SB": 266, "Portable Hole_SB": 2199, "Grafdigger's Cage_SB": 1272, "Elvish Mystic": 878, "Nykthos, Shrine to Nyx": 2028, "Kiora, Behemoth Beckoner": 1631, "Cavalier of Thorns": 452, "Old-Growth Troll": 2050, "Lair of the Hydra": 1678, "Storm the Festival": 2822, "Ulvenwald Oddity": 3191, "Oath of Nissa": 2031, "Leyline of the Guildpact": 1715, "Emrakul, the Promised End_SB": 884, "Setessan Petitioner_SB": 2586, "Arasta of the Endless Web_SB": 98, "Stormcarved Coast": 2823, "Spikefield Hazard": 2749, "Izzet Charm": 1555, "Prismari Command": 2215, "Go Blank_SB": 1245, "Breeding Pool": 347, "Linvala, the Preserver": 1734, "Enigmatic Incarnation": 902, "Skyclave Apparition": 2665, "Savai Triome": 2501, "Thought Distortion_SB": 3037, "Archon of Emeria_SB": 116, "Ruric Thar, the Unbowed_SB": 2464, "Voldaren Epicure": 3360, "Ensoul Artifact": 904, "Darksteel Citadel": 648, "Shrapnel Blast": 2625, "Smuggler's Copter": 2693, "Rending Volley_SB": 2360, "Shadowspear_SB": 2589, "Voltage Surge_SB": 3364, "Hazoret the Fervent_SB": 1362, "Experimental Frenzy_SB": 949, "Claim // Fame": 507, "Infuriate": 1492, "Extinction Event": 956, "Castle Locthwain": 441, "Paradoxical Outcome": 2119, "Fetid Pools": 1048, "Yorion, Sky Nomad": 3469, "Fear of Infinity": 1006, "Bishop of Wings": 227, "Righteous Valkyrie": 2401, "Resplendent Marshal": 2372, "Collected Company": 531, "Portable Hole": 2198, "Branchloft Pathway": 329, "Cave of the Frost Dragon": 453, "Overgrown Farmland": 2086, "Temple Garden": 2929, "Eiganjo, Seat of the Empire": 856, "Brutal Cathar_SB": 372, "Reidane, God of the Worthy_SB": 2348, "Archon of Absolution_SB": 114, "Shapers' Sanctuary_SB": 2591, "Brave the Elements_SB": 331, "Heroic Intervention_SB": 1404, "Dynamite Diver": 840, "Guidelight Synergist": 1315, "Kolodin, Triumph Caster": 1655, "Burner Rocket": 381, "Cloudspire Skycycle": 524, "Frenzied Goblin": 1122, "Count on Luck": 595, "Doubling Season_SB": 778, "Fanatical Firebrand_SB": 987, "Reckless Lackey_SB": 2325, "Howlsquad Heavy_SB": 1451, "Rundvelt Hordemaster_SB": 2459, "District Mascot": 756, "Shivan Devastator": 2610, "Zimone, Paradox Sculptor": 3481, "Tyvar, the Pummeler_SB": 3188, "Zopandrel, Hunger Dominus_SB": 3485, "Aurelia, the Warleader": 157, "Gilded Ghoda": 1203, "Laughing Jasper Flint_SB": 1686, "Rocky Roads": 2431, "Lumbering Worldwagon_SB": 1776, "Cosmic Rebirth_SB": 592, "Drake Hatcher_SB": 800, "Eddymurk Crab_SB": 850, "Etched Familiar": 932, "Mimeoplasm, Revered One": 1877, "Devouring Sugarmaw": 729, "Amalia Benavides Aguirre_SB": 56, "Elas il-Kor, Sadistic Pilgrim_SB": 858, "Fiendish Panda_SB": 1051, "Knight of Dawn's Light_SB": 1643, "Spin Out_SB": 2750, "Ravine Raider_SB": 2306, "Cindering Cutthroat_SB": 501, "Steampath Charger_SB": 2800, "Risky Shortcut_SB": 2409, "Spectral Interference": 2733, "Ruthless Negotiation_SB": 2472, "Map the Frontier": 1822, "No Witnesses_SB": 2011, "Silken Strength": 2636, "Divine Resilience": 764, "Greenhouse // Rickety Gazebo": 1293, "Mirror Room // Fractured Realm": 1890, "Radiant Grove": 2263, "Streetwise Negotiator_SB": 2835, "Winter, Cursed Rider": 3435, "Mondrak, Glory Dominus_SB": 1931, "Become Brutes_SB": 212, "Goblin Oriflamme": 1253, "Spyglass Siren_SB": 2773, "Realm-Scorcher Hellkite": 2315, "Sentinel of Lost Lore_SB": 2576, "Herd Migration_SB": 1399, "Kykar, Zephyr Awakener": 1676, "The Huntsman's Redemption_SB": 2980, "Lathril, Blade of the Elves_SB": 1684, "Gixian Infiltrator_SB": 1217, "Armored Armadillo_SB": 126, "Gloryheath Lynx_SB": 1242, "Threefold Thunderhulk_SB": 3063, "Cryptcaller Chariot": 615, "Case of the Locked Hothouse": 431, "Primeval Bounty": 2212, "Karn, Living Legacy_SB": 1599, "Cursed Recording_SB": 631, "Thirsting Roots": 3026, "Disenchant": 741, "Captain Howler, Sea Scourge_SB": 415, "Gigantosaurus": 1201, "Llanowar Stalker": 1747, "Ghalta, Primal Hunger_SB": 1184, "Gigantosaurus_SB": 1202, "Mindsparker_SB": 1878, "Rangers' Refueler": 2293, "Meeting of Minds": 1851, "Steel Hellkite_SB": 2801, "The Stasis Coffin": 3010, "The Everflowing Well": 2973, "Kellan Joins Up": 1615, "Ovika, Enigma Goliath_SB": 2107, "Quaketusk Boar": 2250, "Leaping Ambush": 1695, "Bestow Greatness_SB": 218, "Raucous Theater_SB": 2304, "Flowstone Infusion_SB": 1096, "Alesha, Who Laughs at Fate_SB": 50, "Agatha of the Vile Cauldron": 32, "Progenitor Exarch": 2221, "Detention Chariot": 726, "Push the Limit": 2240, "Gallant Strike": 1151, "Thundering Broodwagon": 3074, "Reckless Handling": 2323, "Stern Lesson": 2805, "Stormkeld Vanguard_SB": 2827, "Moonshaker Cavalry_SB": 1939, "Bramble Familiar_SB": 325, "Annie Joins Up_SB": 84, "Primal Might_SB": 2211, "Ancient Den": 69, "Boros Garrison": 304, "Experimental Synthesizer": 950, "Galvanic Blast": 1152, "Glint Hawk": 1235, "Great Furnace": 1285, "Journey to Nowhere": 1577, "Kor Skyfisher": 1659, "Lembas": 1702, "Makeshift Munitions": 1810, "Relic of Progenitus": 2353, "Rustvale Bridge": 2468, "Thraben Inspector": 3047, "Dust to Dust_SB": 832, "Electrickery_SB": 860, "Prismatic Strands_SB": 2218, "Pyroblast_SB": 2241, "Red Elemental Blast_SB": 2333, "Relic of Progenitus_SB": 2354, "Boomerang": 296, "Brainstorm": 323, "Cryptic Serpent": 619, "Deep Analysis": 681, "Delver of Secrets": 700, "Dragon Wings": 792, "L\u00f3rien Revealed": 1788, "Mental Note": 1858, "Murmuring Mystic": 1962, "Ponder": 2197, "Sleep of the Dead": 2680, "Snow-Covered Island": 2700, "Blue Elemental Blast_SB": 280, "Deem Inferior_SB": 680, "Dispel_SB": 747, "Hydroblast_SB": 1464, "Jace's Phantasm_SB": 1559, "Murmuring Mystic_SB": 1963, "Sleep of the Dead_SB": 2681, "Radiant Fountain": 2262, "Goldmire Bridge": 1259, "Bojuka Bog": 283, "Orzhov Basilica": 2069, "Sunlit Marsh": 2858, "Troll of Khazad-d\u00fbm": 3151, "Eagles of the North": 841, "Dawnbringer Cleric": 652, "Omen of the Dead": 2052, "Cast Down": 439, "Accursed Marauder": 12, "Refurbished Familiar": 2340, "Vault of Whispers": 3301, "Suffocating Fumes": 2844, "Campfire_SB": 405, "Arms of Hadar_SB": 130, "Unmake_SB": 3224, "Accursed Marauder_SB": 13, "Cast Down_SB": 440, "Beckon Apparition_SB": 210, "Thraben Charm_SB": 3046, "Thorn of the Black Rose_SB": 3033, "Arashin Cleric_SB": 97, "Lazav, Wearer of Faces_SB": 1692, "Harmless Offering_SB": 1343, "Return Triumphant": 2394, "Souls of the Lost_SB": 2723, "Slickshot Lockpicker_SB": 2687, "Flashfreeze": 1076, "Sunpearl Kirin": 2859, "Synchronized Charge": 2897, "Heritage Reclamation_SB": 1401, "Magmatic Hellkite_SB": 1801, "Interface Ace": 1510, "Elspeth, Storm Slayer": 872, "Cori Mountain Monastery": 578, "Dispelling Exhale": 748, "Jeskai Revelation": 1566, "Marang River Regent": 1823, "Shiko, Paragon of the Way": 2606, "Surrak, Elusive Hunter": 2877, "Surrak, Elusive Hunter_SB": 2878, "Rally the Monastery": 2287, "Cori-Steel Cutter": 579, "Jeskai Revelation_SB": 1567, "Voice of Victory_SB": 3353, "Herd Heirloom": 1396, "Sage of the Skies_SB": 2477, "Elspeth, Storm Slayer_SB": 873, "United Battlefront": 3222, "Sandsteppe Citadel": 2488, "Skirmish Rhino": 2654, "Desperate Measures": 720, "Rot-Curse Rakshasa": 2442, "Tersa Lightshatter": 2953, "Winternight Stories": 3436, "Auroral Procession": 158, "Opulent Palace": 2063, "Rakshasa's Bargain": 2282, "Glacial Dragonhunt": 1219, "Mistrise Village": 1902, "Tersa Lightshatter_SB": 2954, "Rediscover the Way": 2336, "Kishla Village": 1636, "Restless Vents_SB": 2390, "Roiling Dragonstorm": 2435, "Gilded Lotus_SB": 1204, "Static Snare": 2794, "Magmatic Hellkite": 1800, "Sarkhan, Dragon Ascendant": 2498, "Pit of Offerings": 2176, "Static Snare_SB": 2795, "Kayla's Reconstruction_SB": 1609, "Cori-Steel Cutter_SB": 580, "Unending Whisper": 3211, "Mystic Monastery": 1967, "Stormshriek Feral": 2828, "Stormshriek Feral_SB": 2829, "Wild Ride": 3420, "Gulping Scraptrap": 1316, "Frontline Rush": 1128, "Tempest Hawk": 2928, "Flamehold Grappler": 1072, "Cooped Up": 570, "Fresh Start_SB": 1124, "Two-Headed Hunter_SB": 3177, "Frostcliff Siege": 1130, "Duty Beyond Death_SB": 834, "Dalkovan Encampment": 640, "Frontier Bivouac": 1127, "Dragonologist": 798, "Scavenger Regent_SB": 2521, "Caustic Exhale": 450, "Disruptive Stormbrood": 750, "Scavenger Regent": 2518, "Qarsi Revenant_SB": 2247, "Bulwark Ox_SB": 378, "Ugin, Eye of the Storms": 3189, "Ugin, Eye of the Storms_SB": 3190, "New Way Forward": 1989, "Awaken the Honored Dead": 164, "Bloomvine Regent": 275, "Scavenger Regent // Exude Toxin // Scavenger Regent": 2519, "Teval, Arbiter of Virtue": 2955, "Caustic Exhale_SB": 451, "Fangkeeper's Familiar_SB": 990, "Mandible Justiciar": 1818, "Voidwing Hybrid": 3354, "Torpor Orb": 3121, "Mercurial Spelldancer": 1860, "Blightbelly Rat_SB": 251, "Devoted Duelist": 728, "Prowcatcher Specialist_SB": 2230, "Fortress Kin-Guard": 1112, "Salt Road Packbeast": 2483, "Inspiring Overseer_SB": 1507, "Salt Road Packbeast_SB": 2484, "Slumbering Keepguard": 2690, "The Princess Takes Flight": 2998, "Keldon Strike Team": 1613, "Sidisi, Regent of the Mire": 2629, "Gingerbrute_SB": 1207, "Undergrowth Leopard_SB": 3206, "Temur Tawnyback": 2943, "Eshki Dragonclaw": 921, "Spinewoods Paladin_SB": 2753, "Dragon Sniper": 789, "Nature's Rhythm": 1975, "Broken Wings_SB": 364, "Encroaching Dragonstorm": 885, "Drakuseth, Maw of Flames": 801, "Breaching Dragonstorm": 338, "Molten Exhale": 1915, "Molten Exhale_SB": 1916, "Kishla Skimmer": 1635, "Roar of Endless Song_SB": 2423, "Great Arashin City": 1284, "Maelstrom of the Spirit Dragon": 1796, "Songcrafter Mage": 2707, "Death Begets Life_SB": 670, "Qarsi Revenant": 2246, "Spectral Denial": 2731, "Overwhelming Surge_SB": 2106, "Corroding Dragonstorm": 583, "Clarion Conqueror_SB": 515, "Voice of Victory": 3352, "Bleachbone Verge_SB": 249, "Sage of the Skies": 2476, "Heritage Reclamation": 1400, "Helga, Skittish Seer": 1379, "Helga, Skittish Seer_SB": 1380, "Rakshasa's Bargain_SB": 2283, "Mistrise Village_SB": 1903, "Craterhoof Behemoth": 602, "Case of the Pilfered Proof": 433, "Coordinated Maneuver_SB": 573, "Winternight Stories_SB": 3437, "Craterhoof Behemoth_SB": 603, "Descendant of Storms": 714, "Severance Priest": 2587, "Yathan Roadwatcher": 3466, "Animist's Might": 78, "Marang River Regent_SB": 1824, "Stadium Headliner": 2779, "Scavenger Regent // Exude Toxin // Scavenger Regent_SB": 2520, "Don't Make a Sound_SB": 771, "Twists and Turns_SB": 3173, "Behind the Mask": 214, "Strategic Betrayal_SB": 2833, "Channeled Dragonfire": 480, "Seedglaive Mentor": 2567, "Sagu Wildling": 2478, "Dragonback Assault": 793, "Simulacrum Synthesizer_SB": 2644, "Ureni, the Song Unending": 3258, "Ringing Strike Mastery_SB": 2403, "Spectral Denial_SB": 2732, "Shiko, Paragon of the Way_SB": 2607, "Ureni, the Song Unending_SB": 3259, "Dispelling Exhale_SB": 749, "Twinmaw Stormbrood": 3168, "Fangkeeper's Familiar": 989, "Sinkhole Surveyor": 2646, "Muldrotha, the Gravetide_SB": 1956, "Fleeting Effigy": 1078, "Glacierwood Siege": 1221, "Disruptive Stormbrood_SB": 751, "Roiling Dragonstorm_SB": 2436, "Tinybones, Bauble Burglar_SB": 3090, "Dire Flail": 737, "Skullcap Snail": 2662, "Harried Spearguard": 1344, "Toxin Analysis_SB": 3126, "Rediscover the Way_SB": 2337, "Desperate Measures_SB": 721, "New Way Forward_SB": 1990, "Rotisserie Elemental_SB": 2443, "Dalkovan Packbeasts": 641, "Coordinated Maneuver": 572, "Mardu Devotee": 1829, "Warren Warleader_SB": 3397, "Toby, Beastie Befriender_SB": 3104, "Mardu Devotee_SB": 1830, "Resolute Reinforcements_SB": 2369, "Triumphant Chomp_SB": 3150, "Rampaging Raptor_SB": 2290, "Earthshaker Dreadmaw_SB": 844, "Temur Battlecrier": 2942, "Strategic Betrayal": 2832, "Dinotomaton": 736, "Dragon Whelp": 791, "Firespitter Whelp": 1068, "Mox Jasper": 1950, "Shivan Dragon": 2611, "Viashino Branchrider_SB": 3322, "Firebrand Archer_SB": 1064, "Twin Bolt_SB": 3162, "Rumbling Rockslide_SB": 2455, "Skyraker Giant_SB": 2671, "Breaching Dragonstorm_SB": 339, "Drakuseth, Maw of Flames_SB": 802, "Ticket Booth // Tunnel of Hate_SB": 3081, "All-Out Assault": 52, "Inevitable Defeat": 1485, "Neriv, Heart of the Storm": 1982, "Zurgo, Thunder's Decree": 3494, "Inevitable Defeat_SB": 1486, "Thunder of Unity_SB": 3073, "Windcrag Siege_SB": 3431, "Zurgo's Vanguard": 3493, "Duty Beyond Death": 833, "Kheru Goldkeeper": 1628, "Ambling Stormshell": 57, "Bedrock Tortoise": 213, "Ainok Wayfarer": 38, "Overwhelming Surge": 2105, "Stern Lesson_SB": 2806, "Rabid Bite": 2258, "Polliwallop": 2191, "Felothar, Dawn of the Abzan": 1041, "Channeled Dragonfire_SB": 481, "Corroding Dragonstorm_SB": 584, "Oracle of Tragedy_SB": 2065, "Mardu Siegebreaker": 1831, "Floriferous Vinewall": 1089, "Bovine Intervention_SB": 318, "Combat Courier": 545, "Itzquinth, Firstborn of Gishath_SB": 1551, "Intrepid Stablemaster": 1521, "Guardian Sunmare": 1309, "Treacherous Greed": 3139, "Twitching Doll_SB": 3175, "Under the Skin_SB": 3201, "Break the Spell": 343, "Skyserpent Seeker_SB": 2674, "Clarion Conquerer_SB": 513, "Commune with Nature": 552, "Coordinated Clobbering": 571, "Take the Fall_SB": 2909, "Serum Snare_SB": 2583, "Infectious Bite_SB": 1488, "Stasis Snare": 2791, "Tomb Trawler": 3113, "Mondrak, Glory Dominus": 1930, "Moment of Truth_SB": 1922, "Helping Hand_SB": 1389, "Adarkar Wastes_SB": 19, "Floodfarm Verge_SB": 1086, "Meticulous Archive_SB": 1865, "Seachrome Coast_SB": 2546, "Hurkyl, Master Wizard_SB": 1460, "Take Out the Trash_SB": 2906, "Runescale Stormbrood": 2461, "Nullpriest of Oblivion_SB": 2025, "Lord Skitter's Blessing": 1766, "Ayli, Eternal Pilgrim_SB": 171, "Stoic Sphinx": 2816, "Glarb, Calamity's Augur_SB": 1223, "Terror of the Peaks_SB": 2952, "Calamity, Galloping Inferno_SB": 399, "Kickoff Celebrations": 1629, "Clarion Conqueror // Clarion Conqueror_SB": 514, "Ghostly Dancers_SB": 1193, "Combat Thresher": 547, "Windcrag Siege": 3430, "Glacial Dragonhunt_SB": 1220, "Nomad Outpost": 2012, "Sonic Shrieker": 2708, "The Sibsig Ceremony": 3005, "Purging Stormbrood_SB": 2237, "Confounding Riddle_SB": 558, "Anafenza, Unyielding Lineage": 63, "Taurean Mauler": 2920, "Clay Champion": 517, "Nesting Bot_SB": 1984, "Restricted Office // Lecture Hall_SB": 2393, "Herd Heirloom_SB": 1397, "Dragonfire Blade": 794, "Monastery Messenger": 1927, "Fires of Victory_SB": 1067, "Bovine Intervention": 317, "Convenient Target_SB": 569, "Heliod, the Radiant Dawn_SB": 1382, "Watcher of the Wayside": 3400, "Twinmaw Stormbrood_SB": 3169, "Riling Dawnbreaker": 2402, "Awaken the Honored Dead_SB": 165, "Vampiric Rites_SB": 3296, "Fear of Lost Teeth_SB": 1011, "Bloodghast_SB": 263, "Vampire Gourmand_SB": 3291, "Shocking Sharpshooter": 2616, "Melek, Reforged Researcher": 1852, "Pyrrhic Blast": 2245, "Invasion of Ikoria": 1529, "Warden of the Grove": 3388, "Thunder of Unity": 3072, "Shock Brigade": 2614, "Frontline Rush_SB": 1129, "Dalkovan Packbeasts_SB": 642, "Descendant of Storms_SB": 715, "Worthy Cost_SB": 3454, "War Effort_SB": 3385, "Shocking Sharpshooter_SB": 2617, "Yarus, Roar of the Old Gods": 3465, "Sinkhole Surveyor_SB": 2647, "Branch of Vitu-Ghazi": 327, "Dragon Sniper_SB": 790, "Unyielding Gatekeeper_SB": 3245, "Osseous Exhale": 2071, "Frostcliff Siege_SB": 1131, "Unscrupulous Contractor": 3230, "Gearbane Orangutan_SB": 1167, "Servant of the Stinger_SB": 2585, "Blue Sun's Twilight": 281, "Deadly Riposte": 667, "Derelict Attic // Widow's Walk_SB": 713, "Spring Splasher": 2768, "Norn's Wellspring": 2016, "Case of the Uneaten Feast_SB": 438, "Reigning Victor": 2349, "Worthy Cost": 3453, "Bone-Cairn Butcher": 288, "Salt Road Skirmish": 2485, "Starry-Eyed Skyrider": 2787, "Dirgur Island Dragon": 739, "Aatchik, Emerald Radian": 0, "Rise of the Varmints": 2408, "Undergrowth Leopard": 3205, "Grasping Longneck_SB": 1280, "Watcher of the Wayside_SB": 3401, "Return Triumphant_SB": 2395, "Narset, Jeskai Waymaster": 1971, "Annihilating Glare_SB": 86, "Three Blind Mice_SB": 3055, "Lasyd Prowler": 1682, "Ob Nixilis, Captive Kingpin": 2032, "All Will Be One": 51, "Encroaching Mycosynth": 886, "Krenko, Baron of Tin Street": 1667, "Ice Out": 1465, "Crime Novelist": 608, "Breeches, Eager Pillager_SB": 346, "Convenient Target": 568, "Feral Encounter_SB": 1042, "Nature's Rhythm_SB": 1976, "Synchronized Charge_SB": 2898, "Viral Spawning_SB": 3333, "Grafted Butcher": 1273, "Voidwing Hybrid_SB": 3355, "Niv-Mizzet, Supreme_SB": 2005, "Perennation_SB": 2134, "Timeless Lotus": 3084, "Phyrexian Vindicator_SB": 2162, "Urabrask_SB": 3251, "Kiora, Sovereign of the Deep_SB": 1632}}