{"vocabulary": {"Portent of Calamity": 2192, "Plains": 2171, "Valgavoth's Lair": 3261, "Overlord of the Balemurk": 2082, "Swamp": 2872, "Overlord of the Mistmoors": 2090, "Twitching Doll": 3164, "The Swarmweaver": 3005, "Forest": 1101, "Go for the Throat": 1243, "Shoot the Sheriff": 2610, "Overlord of the Hauntwoods": 2088, "Sunfall": 2846, "The Eternal Wanderer": 2962, "Glissa Sunslayer": 1233, "Hushwood Verge": 1458, "Underground Mortuary": 3193, "Meticulous Archive": 1860, "Shadowy Backstreet": 2582, "Floodfarm Verge": 1081, "Llanowar Wastes": 1743, "Gloomlake Verge": 1237, "Lush Portico": 1781, "Underground River": 3194, "The Irencrag": 2974, "Ghost Vacuum_SB": 1188, "Negate_SB": 1975, "Pawpatch Formation_SB": 2119, "Tear Asunder_SB": 2913, "Cavern of Souls_SB": 454, "Cease // Desist_SB": 458, "Pest Control_SB": 2133, "Copperline Gorge": 575, "Emberheart Challenger": 879, "Heartfire Hero": 1365, "Innkeeper's Talent": 1490, "Karplusan Forest": 1597, "Manifold Mouse": 1816, "Might of the Meek": 1869, "Monastery Swiftspear": 1924, "Monstrous Rage": 1930, "Mountain": 1943, "Questing Druid": 2242, "Restless Ridgeline": 2376, "Rockface Village": 2420, "Scorching Shot": 2519, "Shock": 2605, "Slickshot Show-Off": 2680, "Snakeskin Veil": 2688, "Thornspire Verge": 3025, "Torch the Tower": 3106, "Obliterating Bolt_SB": 2028, "Questing Druid_SB": 2243, "Scorching Shot_SB": 2520, "Torch the Tower_SB": 3107, "Urabrask's Forge_SB": 3240, "Anoint with Affliction": 87, "Cut Down": 631, "Darkslick Shores": 642, "Deep-Cavern Bat": 679, "Enduring Curiosity": 887, "Faerie Mastermind": 974, "Fountainport": 1113, "Gix, Yawgmoth Praetor": 1212, "Island": 1545, "Kaito, Bane of Nightmares": 1582, "Phantom Interference": 2136, "Phyrexian Fleshgorger": 2147, "Restless Reef": 2374, "Sheoldred, the Apocalypse": 2594, "Spyglass Siren": 2764, "Three Steps Ahead": 3048, "Aclazotz, Deepest Betrayal_SB": 15, "Blot Out_SB": 279, "Cut Down_SB": 632, "Disdainful Stroke_SB": 738, "Duress_SB": 824, "Gix's Command_SB": 1211, "Sheoldred, the Apocalypse_SB": 2595, "Tishana's Tidebinder_SB": 3085, "Virtue of Persistence_SB": 3329, "Cavern of Souls": 453, "Commercial District": 548, "Elegant Parlor": 860, "Fabled Passage": 964, "Get Lost": 1172, "Leyline Binding": 1703, "Lightning Helix": 1718, "Overlord of the Boilerbilges": 2084, "Temporary Lockdown": 2931, "Unyielding Gatekeeper": 3234, "Up the Beanstalk": 3236, "Beza, the Bounding Spring_SB": 222, "Elspeth's Smite_SB": 869, "Etali, Primal Conqueror_SB": 926, "Exorcise_SB": 940, "Nissa, Ascended Animist_SB": 1997, "Rest in Peace_SB": 2365, "Split Up_SB": 2755, "Tranquil Frillback_SB": 3122, "Wear Down_SB": 3395, "Atraxa, Grand Unifier": 150, "Elspeth's Smite": 868, "Glarb, Calamity's Augur": 1219, "Hedge Maze": 1374, "Not on My Watch": 2013, "Overlord of the Floodpits": 2086, "Thran Portal": 3039, "Undercity Sewers": 3192, "Zur, Eternal Schemer": 3479, "Not on My Watch_SB": 2014, "Planar Disruption_SB": 2174, "Temporary Lockdown_SB": 2932, "Archfiend of the Dross": 110, "Blooming Marsh": 274, "Caustic Bronco": 447, "Duress": 823, "Mosswood Dreadknight": 1941, "Restless Cottage": 2370, "Tranquil Frillback": 3121, "Unholy Annex && Ritual Chamber": 3204, "Choking Miasma_SB": 494, "Dreams of Steel and Oil_SB": 810, "Harvester of Misery_SB": 1345, "Liliana of the Veil_SB": 1725, "Hired Claw": 1425, "Lightning Strike": 1720, "Screaming Nemesis": 2529, "Witchstalker Frenzy": 3432, "Lithomantic Barrage_SB": 1733, "Twisted Fealty_SB": 3162, "Adarkar Wastes": 18, "Enduring Innocence": 889, "Floodpits Drowner": 1083, "Mockingbird": 1903, "No More Lies": 2000, "Novice Inspector": 2015, "Plumecreed Escort": 2177, "Restless Anchorage": 2366, "Seachrome Coast": 2536, "Sheltered by Ghosts": 2589, "Virtue of Loyalty": 3326, "Warden of the Inner Sky": 3377, "Destroy Evil_SB": 721, "Get Lost_SB": 1173, "Loran of the Third Path_SB": 1758, "Protect the Negotiators_SB": 2220, "Sheltered by Ghosts_SB": 2590, "Battlefield Forge": 203, "Case of the Gateway Express": 428, "Clockwork Percussionist": 522, "Gleeful Demolition": 1228, "Imodane's Recruiter": 1470, "Inspiring Vantage": 1505, "Knight-Errant of Eos": 1644, "Resolute Reinforcements": 2359, "Shivan Reef": 2604, "Spirebluff Canal": 2748, "Warleader's Call": 3381, "Floodpits Drowner_SB": 1084, "Witchstalker Frenzy_SB": 3433, "Analyze the Pollen": 63, "Market Gnome": 1828, "Jace, the Perfected Mind_SB": 1558, "Render Inert_SB": 2350, "Sunfall_SB": 2847, "Brushland": 370, "Herd Migration": 1395, "Seized from Slumber": 2564, "Split Up": 2754, "Doppelgang_SB": 774, "Pugnacious Hammerskull_SB": 2226, "Dreams of Steel and Oil": 809, "Sentinel of the Nameless City": 2569, "Cruelclaw's Heist_SB": 608, "Unholy Annex && Ritual Chamber_SB": 3205, "Preacher of the Schism": 2197, "Anoint with Affliction_SB": 88, "Cacophony Scamp": 392, "Callous Sell-Sword": 402, "Leyline of Resonance": 1706, "Turn Inside Out": 3150, "Overprotect_SB": 2093, "Screaming Nemesis_SB": 2530, "Snakeskin Veil_SB": 2689, "Caves of Koilos": 456, "Concealed Courtyard": 552, "Legions to Ashes": 1695, "Nowhere to Run": 2016, "Restless Fortress": 2372, "Season of the Burrow": 2550, "Zoraline, Cosmos Caller": 3475, "Kaya, Intangible Slayer_SB": 1601, "Legions to Ashes_SB": 1696, "Demonic Ruckus": 707, "Ethereal Armor": 930, "Feather of Flight": 1016, "Optimistic Scavenger": 2054, "Shardmage's Rescue": 2584, "Lightning Helix_SB": 1719, "Aclazotz, Deepest Betrayal": 14, "Cruelclaw's Heist": 607, "Demolition Field": 699, "Gix's Command": 1210, "Harvester of Misery": 1344, "Liliana of the Veil": 1724, "Tear Asunder": 2912, "Malicious Eclipse_SB": 1812, "The End_SB": 2960, "Metropolis Reformer_SB": 1864, "Scrollshift_SB": 2532, "Archangel Elspeth": 102, "Beza, the Bounding Spring": 221, "Caretaker's Talent": 418, "Carrot Cake": 423, "Lay Down Arms": 1685, "Loran of the Third Path": 1757, "Sunken Citadel": 2849, "Boon-Bringer Valkyrie_SB": 300, "Ossification_SB": 2067, "Season of the Burrow_SB": 2551, "Ertai Resurrected": 913, "Unstoppable Slasher": 3226, "Bushwhack": 388, "Innkeeper's Talent_SB": 1491, "Pick Your Poison_SB": 2156, "Mirrex": 1883, "Azure Beastbinder": 172, "Disfigure_SB": 742, "Faerie Mastermind_SB": 975, "Kaito, Bane of Nightmares_SB": 1583, "Sheoldred's Edict": 2592, "Abhorrent Oculus": 2, "Chart a Course": 486, "Haughty Djinn": 1347, "Helping Hand": 1385, "Into the Flood Maw": 1511, "Moment of Truth": 1917, "Picklock Prankster": 2157, "Recommission": 2320, "Sleight of Hand": 2675, "Soul Partition": 2703, "Silent Hallcreeper_SB": 2627, "Lord Skitter, Sewer King": 1762, "Archangel of Wrath": 106, "Blackcleave Cliffs": 235, "Destroy Evil": 720, "Exorcise": 939, "Raucous Theater": 2294, "Deadly Cover-Up_SB": 662, "Kambal, Profiteering Mayor_SB": 1590, "The Eternal Wanderer_SB": 2963, "Blazemire Verge": 244, "Fear of Missing Out": 1009, "Molten Collapse": 1908, "Piggy Bank": 2159, "Restless Vents": 2380, "Sulfurous Springs": 2838, "Pyroclasm_SB": 2234, "Geological Appraiser": 1169, "Nissa, Ascended Animist": 1996, "Archangel of Wrath_SB": 107, "Kogla and Yidaro_SB": 1648, "Lukka, Bound to Ruin_SB": 1770, "Roxanne, Starfall Savant_SB": 2438, "Bloodletter of Aclazotz": 264, "Caustic Bronco_SB": 448, "Phyrexian Fleshgorger_SB": 2148, "Withering Torment_SB": 3435, "Obliterating Bolt": 2027, "Drannith Ruins": 803, "Nowhere to Run_SB": 2017, "Entity Tracker": 904, "Inquisitive Glimmer": 1493, "Proft's Eidetic Memory": 2210, "Silent Hallcreeper": 2626, "Kitnap_SB": 1635, "Bitter Reunion": 230, "Botanical Sanctum": 309, "Enduring Vitality": 893, "Fallaji Archaeologist": 980, "Pawpatch Formation": 2118, "Roaring Furnace && Steaming Sauna": 2415, "Song of Totentanz": 2697, "Stormchaser's Talent": 2817, "Tarnation Vista": 2907, "This Town Ain't Big Enough": 3019, "Thundertrap Trainer": 3070, "Valley Floodcaller": 3269, "Yavimaya Coast": 3456, "Dissection Tools_SB": 751, "Into the Flood Maw_SB": 1512, "Roaring Furnace && Steaming Sauna_SB": 2416, "Shock_SB": 2607, "Sorcerous Spyglass_SB": 2702, "Up the Beanstalk_SB": 3237, "Volcanic Spite_SB": 3346, "Sheoldred's Edict_SB": 2593, "Disfigure": 741, "Sandstorm Verge": 2482, "Virtue of Persistence": 3328, "Doomsday Excruciator": 770, "Jace, the Perfected Mind": 1557, "Spell Stutter": 2731, "Tishana's Tidebinder": 3084, "Archfiend of the Dross_SB": 111, "Spiteful Hexmage": 2750, "Case of the Crimson Pulse_SB": 426, "Change the Equation": 477, "Bovine Intervention_SB": 318, "Change the Equation_SB": 478, "Monastery Mentor_SB": 1922, "Pyroclasm": 2233, "Urabrask's Forge": 3239, "Go for the Throat_SB": 1244, "Overlord of the Boilerbilges_SB": 2085, "Black Sun's Twilight": 234, "Corrupt": 583, "Deadly Cover-Up": 661, "Freestrider Lookout": 1116, "Gisa, the Hellraiser": 1205, "Haunted Mire": 1351, "Outrageous Robbery": 2076, "Iridescent Vinelasher_SB": 1542, "Kaervek, the Punisher_SB": 1581, "Outrageous Robbery_SB": 2077, "Blue Sun's Twilight_SB": 282, "Cheeky House-Mouse": 488, "Flowerfoot Swordmaster": 1090, "Loran's Escape": 1759, "Mabel, Heir to Cragflame": 1786, "Rabid Gnaw": 2250, "Valley Questcaller": 3272, "Nettle Guard_SB": 1981, "Seedglaive Mentor_SB": 2559, "Tectonic Hazard_SB": 2915, "Blot Out": 278, "Long Goodbye_SB": 1748, "Invasion of Ixalan": 1526, "Ral, Crackling Wit": 2276, "Scorching Dragonfire": 2517, "Ral, Crackling Wit_SB": 2277, "Scorching Dragonfire_SB": 2518, "Arabella, Abandoned Doll": 92, "Fear of Isolation": 1005, "Gremlin Tamer_SB": 1292, "Soul Partition_SB": 2704, "Overprotect": 2092, "Manifold Mouse_SB": 1817, "Aven Interrupter": 161, "Errant and Giada": 911, "Malcolm, Alluring Scoundrel": 1808, "Invasion of Gobakhan_SB": 1524, "Kutzil's Flanker_SB": 1668, "Werefox Bodyguard_SB": 3401, "Sunspine Lynx_SB": 2855, "Mishra's Foundry": 1894, "Deduce": 675, "Farsight Ritual": 989, "Malicious Eclipse": 1811, "Chrome Host Seedshark_SB": 496, "Bloodletter of Aclazotz_SB": 265, "Abrade_SB": 5, "Bristlebud Farmer_SB": 357, "Ghost Vacuum": 1187, "Iridescent Vinelasher": 1541, "Pillage the Bog": 2164, "Shore Up": 2612, "Lost in the Maze": 1766, "Subterranean Schooner": 2834, "Three Steps Ahead_SB": 3049, "Long Goodbye": 1747, "Scrollshift": 2531, "The Stone Brain_SB": 3003, "Founding the Third Path": 1110, "Negate": 1974, "Goddric, Cloaked Reveler": 1253, "Break Out": 341, "Cenote Scout": 461, "Keen-Eyed Curator": 1607, "Patchwork Beastie": 2117, "Seed of Hope": 2557, "Violent Urge": 3319, "Wildfire Wickerfolk": 3412, "Haywire Mite_SB": 1356, "Escape Tunnel": 917, "Rush of Dread": 2456, "Kaervek, the Punisher": 1580, "Breach the Multiverse_SB": 337, "Deep-Cavern Bat_SB": 680, "Dissection Tools": 750, "Unable to Scream": 3182, "Herbology Instructor_SB": 1392, "Unable to Scream_SB": 3183, "Valley Floodcaller_SB": 3270, "Conduit Pylons": 553, "Hidden Grotto": 1408, "Phyrexian Arena": 2142, "Phyrexian Arena_SB": 2143, "Gremlin Tamer": 1291, "Overlord of the Mistmoors_SB": 2091, "Protect the Negotiators": 2219, "Splitskin Doll": 2756, "Ertai Resurrected_SB": 914, "Painter's Studio && Defaced Gallery": 2106, "Fortune, Loyal Steed": 1109, "Frontier Seeker": 1124, "Sunder the Gateway_SB": 2845, "Unholy Annex // Ritual Chamber": 3206, "Parting Gust": 2114, "Serra Paragon_SB": 2573, "Bitter Triumph": 232, "Bristling Backwoods": 358, "Rugged Highlands": 2443, "Great Train Heist_SB": 1283, "Sanguine Evangelist": 2483, "Season of Weaving_SB": 2549, "Faerie Dreamthief": 971, "Spell Stutter_SB": 2732, "Braids, Arisen Nightmare": 321, "Corpses of the Lost": 579, "Disturbing Mirth": 757, "Fear of Lost Teeth": 1007, "Final Vengeance": 1056, "Hopeless Nightmare": 1439, "Razortrap Gorge": 2302, "Mirran Banesplitter": 1882, "Jaya, Fiery Negotiator_SB": 1562, "Case of the Stashed Skeleton": 434, "Forsaken Miner": 1106, "Tinybones Joins Up": 3077, "Tinybones, the Pickpocket": 3081, "Day of Judgment": 651, "Maelstrom Pulse": 1790, "Authority of the Consuls_SB": 159, "Devout Decree_SB": 728, "Flashfreeze_SB": 1073, "Evangel of Synthesis": 933, "Steamcore Scholar": 2790, "Valgavoth's Faithful": 3260, "Valgavoth, Terror Eater": 3264, "Zombify": 3473, "Desecration Demon_SB": 714, "Wail of the Forgotten_SB": 3369, "Gix, Yawgmoth Praetor_SB": 1213, "Calamity, Galloping Inferno": 397, "Llanowar Elves": 1738, "Outcaster Trailblazer": 2072, "Roxanne, Starfall Savant": 2437, "Smuggler's Surprise": 2686, "Spinewoods Armadillo": 2743, "Trumpeting Carnosaur": 3143, "Vaultborn Tyrant": 3291, "Brotherhood's End_SB": 368, "Heroic Reinforcements": 1402, "Basilisk Collar_SB": 200, "No One Left Behind": 2002, "Glistening Deluge_SB": 1235, "Unstoppable Slasher_SB": 3227, "Scavenging Ooze": 2514, "Vivien Reid": 3334, "Liliana, Dreadhorde General_SB": 1727, "Maelstrom Pulse_SB": 1791, "No More Lies_SB": 2001, "Burst Lightning": 386, "Giant Growth": 1195, "Restless Ridgeline_SB": 2377, "Beseech the Mirror": 216, "Phyrexian Obliterator": 2151, "Back for Seconds_SB": 175, "Case of the Stashed Skeleton_SB": 435, "Homicide Investigator_SB": 1434, "Leyline of the Void_SB": 1712, "Soulstone Sanctuary": 2716, "Scavenging Ooze_SB": 2515, "Vivien Reid_SB": 3335, "Dreadmaw's Ire": 804, "Picnic Ruiner": 2158, "Furnace Reins_SB": 1142, "Witch's Mark_SB": 3430, "Boros Charm": 302, "Fugitive Codebreaker": 1131, "Raucous Carnival": 2292, "Restless Bivouac": 2368, "Dewdrop Cure_SB": 730, "Fugitive Codebreaker_SB": 1132, "Requisition Raid_SB": 2358, "Squee, Dubious Monarch": 2766, "Abyssal Harvester": 10, "Twinferno": 3154, "Two-Headed Hunter": 3166, "Sun-Blessed Healer": 2840, "Temple of Triumph": 2930, "Campus Renovation_SB": 405, "Glimpse the Core": 1231, "Mazemind Tome": 1841, "Boltwave": 286, "Splitskin Doll_SB": 2757, "Crystal Barricade_SB": 619, "Razorverge Thicket": 2303, "Clement, the Worrywort": 519, "Pond Prophet": 2187, "Dour Port-Mage": 777, "Long River Lurker": 1749, "Dreamdew Entrancer": 807, "Mistbreath Elder": 1896, "Sunshower Druid": 2852, "Splash Portal": 2752, "Valley Mightcaller": 3271, "Three Tree Scribe": 3052, "Oakhollow Village": 2024, "Lilypad Village": 1728, "Virtue of Courage": 3322, "Heartflame Duelist_SB": 1369, "Slagstorm_SB": 2670, "Kellan, Planar Trailblazer": 1617, "Bloodthirsty Conqueror_SB": 269, "Archangel Elspeth_SB": 103, "Aetherize_SB": 27, "Elesh Norn, Mother of Machines": 865, "Kiora, the Rising Tide": 1629, "Unsummon": 3228, "Mountain_SB": 1944, "Kaito, Cunning Infiltrator": 1584, "Sphinx of Forgotten Lore": 2737, "Feldon's Cane_SB": 1026, "Soul-Guide Lantern_SB": 2709, "Fade from History_SB": 966, "Brotherhood's End": 367, "Demonic Pact": 705, "Harmless Offering": 1339, "Feed the Swarm_SB": 1024, "Hostile Investigator_SB": 1446, "Torpor Orb_SB": 3112, "Loot, Exuberant Explorer": 1753, "Felidar Retreat": 1030, "Arid Archway": 121, "Mossborn Hydra": 1939, "Spelunking": 2736, "Herald of Eternal Dawn": 1387, "Ossification": 2066, "Demolition Field_SB": 700, "Giant Cindermaw_SB": 1194, "Fires of Victory": 1062, "Capricious Hellraiser": 412, "Chandra, Hope's Beacon": 471, "Brass's Tunnel-Grinder": 330, "Ill-Timed Explosion": 1467, "Thundering Falls": 3066, "Season of Weaving": 2548, "Artist's Talent": 130, "Roaring Furnace // Steaming Sauna": 2417, "Betrayer's Bargain_SB": 220, "Virtue of Knowledge_SB": 3325, "Bandit's Talent": 185, "Nurturing Pixie": 2020, "Tithing Blade": 3090, "Shardmage's Rescue_SB": 2585, "Aftermath Analyst": 29, "Mudflat Village": 1948, "Pitiless Carnage": 2168, "Evolving Wilds": 936, "Nissa, Resurgent Animist": 1998, "Lumra, Bellow of the Woods": 1775, "Glissa Sunslayer_SB": 1234, "Elenda, Saint of Dusk_SB": 863, "Dead Weight": 656, "Gixian Puppeteer": 1215, "Gnawing Vermin": 1241, "Invasion of Amonkhet": 1518, "Kitesail Larcenist": 1633, "Revenge of the Rats": 2388, "Terror Ballista": 2939, "The Ancient One": 2952, "Wail of the Forgotten": 3368, "Razorlash Transmogrant_SB": 2301, "Reclamation Sage_SB": 2319, "Ghitu Lavarunner": 1185, "Heartflame Duelist": 1368, "Viashino Pyromancer": 3312, "Spinner of Souls": 2746, "Pitiless Carnage_SB": 2169, "Not Dead After All_SB": 2012, "Unholy Annex // Ritual Chamber_SB": 3207, "Case of the Crimson Pulse": 425, "Thrill of Possibility": 3055, "Artist's Talent_SB": 131, "Blooming Blast_SB": 273, "Djeru and Hazoret": 764, "Elenda, Saint of Dusk": 862, "Garna, Bloodfist of Keld": 1153, "Hajar, Loyal Bodyguard": 1317, "Honest Rutstein": 1435, "Inti, Seneschal of the Sun": 1507, "Jodah, the Unifier": 1569, "Kellan, Daring Traveler": 1614, "Kellan, the Kid": 1620, "Plaza of Heroes": 2176, "Relic of Legends": 2343, "Rona, Herald of Invasion": 2431, "Secluded Courtyard": 2555, "Sigarda, Font of Blessings": 2624, "Jirina, Dauntless General_SB": 1568, "Spectral Sailor": 2727, "Opt": 2052, "Azure Beastbinder_SB": 173, "Plumecreed Escort_SB": 2178, "Shore Up_SB": 2613, "Untimely Malfunction_SB": 3231, "Ethereal Armor_SB": 931, "Bloodthirsty Conqueror": 268, "Enduring Tenacity": 891, "Abyssal Harvester_SB": 11, "Cathar Commando": 442, "Knight of Grace": 1642, "Ajani, Caller of the Pride_SB": 41, "Doorkeeper Thrull_SB": 772, "Rottenmouth Viper": 2435, "Assassin's Trophy": 141, "Temple of Malady": 2925, "Bloodfeather Phoenix": 259, "Stoke the Flames": 2810, "Ball Lightning": 179, "Abraded Bluffs": 6, "Grab the Prize": 1266, "Lyra Dawnbringer_SB": 1783, "Virtue of Courage_SB": 3323, "White Sun's Twilight": 3405, "Heaped Harvest": 1364, "Hero's Downfall": 1399, "Kaya, Intangible Slayer": 1600, "Liliana, Dreadhorde General": 1726, "Temple of Plenty": 2928, "Temple of Silence": 2929, "Mortify_SB": 1938, "White Sun's Twilight_SB": 3406, "Combat Research": 545, "Get Out": 1174, "Faebloom Trick": 969, "Fear of Impostors": 1001, "Haughty Djinn_SB": 1348, "Brineborn Cutthroat_SB": 352, "Horned Loch-Whale_SB": 1442, "Flow of Knowledge_SB": 1089, "Ertai's Scorn_SB": 916, "Urza's Rebuff_SB": 3253, "Case of the Uneaten Feast": 436, "Fiendish Panda": 1046, "Hinterland Sanctifier": 1423, "Exemplar of Light": 937, "Authority of the Consuls": 158, "Amalia Benavides Aguirre": 54, "Sword of Once and Future_SB": 2883, "Kaito, Cunning Infiltrator_SB": 1585, "Preacher of the Schism_SB": 2198, "Painter's Studio // Defaced Gallery": 2108, "Painter's Studio // Defaced Gallery_SB": 2109, "Say Its Name": 2499, "Altanak, the Thrice-Called": 53, "Brineborn Cutthroat": 351, "Withering Torment": 3434, "Bitter Triumph_SB": 233, "Shoot the Sheriff_SB": 2611, "Felonious Rage": 1036, "Razorkin Needlehead_SB": 2299, "Horned Loch-Whale": 1441, "Desecration Demon": 713, "Overlord of the Floodpits_SB": 2087, "Lay Down Arms_SB": 1686, "Gatekeeper of Malakir": 1163, "Vampire Nighthawk": 3281, "Kalastria Highborn": 1588, "Ichor Drinker": 1463, "Driver of the Dead": 813, "Nullpriest of Oblivion": 2018, "Pulse Tracker": 2227, "Infestation Sage": 1487, "Vengeful Bloodwitch": 3298, "Sheoldred_SB": 2596, "Fireglass Mentor": 1061, "Flamecache Gecko": 1067, "Gev, Scaled Scorch": 1178, "Laughing Jasper Flint": 1680, "Thought-Stalker Warlock": 3030, "Valley Flamecaller": 3268, "Terror of the Peaks": 2942, "Invasion of Zendikar": 1536, "Chimil, the Inner Sun_SB": 491, "Thrun, Breaker of Silence_SB": 3061, "Obstinate Baloth_SB": 2032, "Urborg Scavengers_SB": 3245, "Vraska, Betrayal's Sting_SB": 3364, "Pilfer_SB": 2163, "Serra Paragon": 2572, "Annex Sentry_SB": 80, "Cynical Loner": 634, "The Infamous Cruelclaw": 2972, "Etali, Primal Conqueror": 925, "Coiling Rebirth": 528, "Push // Pull": 2229, "The Infamous Cruelclaw_SB": 2973, "Overlord of the Balemurk_SB": 2083, "Undergrowth Recon": 3197, "Walk-In Closet // Forgotten Cellar": 3371, "The Wandering Rescuer": 3009, "Lost Jitte": 1764, "Joust Through_SB": 1576, "Twinflame Tyrant": 3156, "Invasion of Tarkir": 1532, "Carnelian Orb of Dragonkind": 420, "Stingerback Terror": 2801, "Sarkhan, Soul Aflame": 2490, "An Offer You Can't Refuse": 60, "Slagstorm": 2669, "An Offer You Can't Refuse_SB": 61, "Omniscience": 2048, "The Cruelty of Gix": 2954, "Squirming Emergence": 2768, "Drag to the Roots_SB": 785, "Unwanted Remake_SB": 3233, "Unwanted Remake": 3232, "Refute": 2332, "Curator of Destinies_SB": 626, "Day of Judgment_SB": 652, "High Noon_SB": 1418, "Buried in the Garden": 379, "Clifftop Lookout": 520, "Fecund Greenshell": 1018, "Genesis Wave": 1168, "Tender Wildguide": 2935, "Wrenn and Realmbreaker": 3446, "Spellbook Vendor": 2733, "Trapped in the Screen_SB": 3126, "Greedy Freebooter": 1286, "Feed the Cycle": 1020, "Scavenger's Talent": 2513, "Llanowar Greenwidow": 1740, "Dragonhawk, Fate's Tempest": 793, "Zurgo and Ojutai": 3480, "Elesh Norn, Mother of Machines_SB": 866, "Subterranean Schooner_SB": 2835, "Vraska, Betrayal's Sting": 3363, "Pillage the Bog_SB": 2165, "Disenchant_SB": 740, "Worldsoul's Rage": 3440, "Virtue of Strength": 3330, "War Squeak": 3374, "Hero's Downfall_SB": 1400, "Roaring Furnace // Steaming Sauna_SB": 2418, "Final Showdown_SB": 1055, "Boros Charm_SB": 303, "Rankle's Prank": 2285, "Greed's Gambit": 1284, "Molten Collapse_SB": 1909, "Sire of Seven Deaths_SB": 2641, "Builder's Talent": 373, "Green Sun's Twilight": 1287, "Lukka, Bound to Ruin": 1769, "Ashroot Animist": 138, "Polukranos Reborn": 2185, "Ruby, Daring Tracker": 2442, "Hard-Hitting Question_SB": 1336, "Muerra, Trash Tactician_SB": 1950, "Urgent Necropsy_SB": 3250, "Soulless Jailer_SB": 2713, "Surge of Salvation_SB": 2861, "Tyrranax Rex_SB": 3172, "Imodane's Recruiter_SB": 1471, "Barbed Batterfist": 192, "Embereth Veteran": 878, "Bloodfeather Phoenix_SB": 260, "Koma, World-Eater": 1652, "The Elder Dragon War": 2957, "Valgavoth, Terror Eater_SB": 3265, "Agatha's Soul Cauldron": 33, "Arcanis the Omnipotent": 100, "Primal Might": 2201, "Enduring Curiosity_SB": 888, "Luminous Rebuke": 1773, "Steel Seraph": 2794, "Cathar Commando_SB": 443, "Case of the Filched Falcon": 427, "Regal Bunnicorn": 2334, "Unidentified Hovership": 3208, "Zoetic Glyph": 3471, "Fear of Impostors_SB": 1002, "Smash to Dust_SB": 2683, "Fae Flight": 967, "Aloe Alchemist": 52, "Audacity": 152, "Cunning Coyote": 623, "Ferocification_SB": 1040, "Lightning Strike_SB": 1721, "Audacity_SB": 153, "Cache Grab": 390, "Cease // Desist": 457, "Demand Answers": 698, "Stormsplitter": 2822, "Lord Skitter, Sewer King_SB": 1763, "Starfall Invocation": 2777, "Hunter's Talent": 1454, "Sleep-Cursed Faerie": 2674, "Tough Cookie": 3113, "Gingerbrute": 1203, "Surge Engine": 2858, "Teething Wurmlet": 2916, "Hard-Hitting Question": 1335, "Restless Vinestalk": 2382, "Tyvar's Stand_SB": 3175, "Repulsive Mutation_SB": 2355, "Toby, Beastie Befriender": 3093, "Long River's Pull": 1750, "Starscape Cleric": 2780, "Bladecoil Serpent_SB": 237, "Darkstar Augur_SB": 644, "Tinybones, Bauble Burglar": 3079, "Sphinx of Forgotten Lore_SB": 2738, "Ashnod's Intervention": 137, "Tyvar, the Pummeler": 3177, "Surrak, the Hunt Caller": 2871, "Pawpatch Recruit": 2120, "Wildborn Preserver_SB": 3410, "Tail Swipe_SB": 2894, "Regal Caracal": 2336, "Vengeful Possession_SB": 3300, "Witch's Mark": 3429, "Stromkirk Noble": 2831, "Searslicer Goblin": 2542, "Coppercoat Vanguard": 573, "Reclamation Sage": 2318, "Case of the Locked Hothouse_SB": 431, "Koth, Fire of Resistance_SB": 1657, "Surge of Salvation": 2860, "Thrun, Breaker of Silence": 3060, "Ajani's Pridemate": 39, "Arahbo, the First Fang": 95, "Banishing Light": 187, "Joust Through": 1575, "Prideful Parent": 2200, "Savannah Lions": 2493, "Skyknight Squire": 2662, "Banishing Light_SB": 188, "Claws Out_SB": 515, "Raise the Past_SB": 2266, "Sentinel of the Nameless City_SB": 2570, "Abrade": 4, "Grand Entryway // Elegant Rotunda": 1273, "Getaway Glamer": 1176, "Sharp-Eyed Rookie": 2586, "Moment of Craving_SB": 1915, "Rite of the Moth": 2404, "Yotian Frontliner": 3460, "Cityscape Leveler": 504, "Sire of Seven Deaths": 2640, "Anim Pakal, Thousandth Moon": 75, "Jirina, Dauntless General": 1567, "Recruitment Officer": 2322, "Deathmark_SB": 670, "Knight of Grace_SB": 1643, "Insidious Roots": 1499, "Kami of Whispered Hopes": 1591, "Kitsa, Otterball Elite": 1636, "Lively Dirge": 1735, "Osteomancer Adept": 2068, "Skyfisher Spider": 2660, "Tyvar, Jubilant Brawler": 3176, "Voldaren Thrillseeker": 3348, "Arcanis the Omnipotent_SB": 101, "Feed the Cycle_SB": 1021, "Insidious Fungus_SB": 1498, "Stab_SB": 2770, "Enduring Innocence_SB": 890, "Coruscation Mage": 587, "Firebrand Archer": 1059, "Blooming Blast": 272, "Ruin-Lurker Bat": 2444, "Healer's Hawk": 1363, "Dazzling Denial": 654, "Empyrean Eagle": 881, "Lupinflower Village": 1779, "Bloated Contaminator": 253, "Elusive Otter": 872, "Ivy, Gleeful Spellthief": 1549, "Jawbone Duelist": 1560, "Skrelv, Defector Mite": 2650, "Venerated Rotpriest": 3296, "Skrelv's Hive": 2648, "Aspirant's Ascent": 139, "Bring the Ending": 353, "Fleeting Reflection": 1077, "High Stride": 1419, "Prologue to Phyresis": 2215, "Enter the Enigma": 902, "Crawling Chorus": 603, "Infectious Bite": 1483, "Distorted Curiosity": 752, "Bring the Ending_SB": 354, "Prologue to Phyresis_SB": 2216, "Skrelv's Hive_SB": 2649, "This Town Ain't Big Enough_SB": 3020, "Distorted Curiosity_SB": 753, "Aspirant's Ascent_SB": 140, "High Stride_SB": 1420, "Fleeting Reflection_SB": 1078, "Enter the Enigma_SB": 903, "Elusive Otter_SB": 873, "Temple of Deceit": 2922, "Requisition Raid": 2357, "Doubling Season": 775, "Elegant Parlor_SB": 861, "Pawpatch Recruit_SB": 2121, "Deeproot Wayfinder": 683, "Fountainport_SB": 1115, "Restless Cottage_SB": 2371, "Scrapshooter": 2523, "Invasion of Regatha": 1530, "Resplendent Angel": 2361, "Youthful Valkyrie": 3461, "Giada, Font of Hope": 1191, "Boon-Bringer Valkyrie": 299, "Lyra Dawnbringer": 1782, "Guardian of Ghirapur": 1307, "Archangel of Tithes": 104, "Witness Protection_SB": 3437, "Witness Protection": 3436, "Calamity's Wake_SB": 396, "Assimilation Aegis": 143, "Braided Net": 319, "Fabrication Foundry": 965, "Fomori Vault": 1094, "Fumigate": 1134, "Simulacrum Synthesizer": 2635, "The Mightstone and Weakstone": 2983, "Thran Spider": 3040, "Unstable Glyphbridge": 3223, "Essence Channeler": 920, "Hammerhand": 1327, "Sawblade Scamp": 2496, "Citanul Stalwart": 503, "Dwynen's Elite": 835, "Elvish Archdruid": 874, "Imperious Perfect": 1474, "Leaf-Crowned Visionary": 1688, "Llanowar Loamspeaker": 1741, "Surrak and Goreclaw": 2867, "Three Tree City": 3050, "Tyvar the Bellicose": 3173, "Dwynen, Gilt-Leaf Daen_SB": 837, "Ephara's Dispersal": 906, "Unsummon_SB": 3229, "Knight of Dawn's Light": 1638, "Raise the Past": 2265, "Elas il-Kor, Sadistic Pilgrim": 855, "Helpful Hunter": 1384, "Leyline of Hope_SB": 1705, "Enduring Tenacity_SB": 892, "Burst Lightning_SB": 387, "Invasion of Tarkir_SB": 1533, "Massacre Wurm_SB": 1836, "Hearthborn Battler": 1372, "Glass Casket": 1221, "Chupacabra Echo": 497, "Razorlash Transmogrant": 2300, "Huskburster Swarm_SB": 1460, "Season of Loss_SB": 2547, "Terror Tide_SB": 2941, "Runic Shot_SB": 2454, "Vampire Nighthawk_SB": 3282, "Basilisk Collar": 199, "Prophetic Prism": 2218, "Eaten Alive": 843, "Souls of the Lost": 2714, "Rottenmouth Viper_SB": 2436, "Hop to It": 1436, "Ratcatcher Trainee": 2290, "Midnight Mayhem": 1867, "Scytheclaw Raptor_SB": 2535, "Norn's Inquisitor": 2009, "Dusk Rose Reliquary": 826, "Spring-Loaded Sawblades": 2761, "Guardian of the Great Door": 1309, "Lonely Arroyo": 1746, "Abandoned Campground": 1, "Phoenix Chick": 2140, "Impact Tremors": 1472, "Electrostatic Infantry": 859, "Reckless Lackey": 2315, "Kindlespark Duo": 1627, "Rodeo Pyromancers": 2423, "The Autonomous Furnace": 2953, "Ral's Reinforcements": 2275, "Skewer Slinger_SB": 2643, "Deadeye Duelist_SB": 658, "Thunder Salvo_SB": 3062, "Wrenn's Resolve": 3449, "Khenra Spellspear": 1624, "Fear of Being Hunted": 997, "Frenzied Goblin_SB": 1119, "Vile Mutilator": 3316, "Shroudstomper": 2620, "Gloomfang Mauler": 1236, "Possessed Goat": 2193, "Live or Die": 1734, "Commune with Evil": 549, "Scoured Barrens": 2522, "Tocasia's Dig Site": 3095, "Magebane Lizard_SB": 1795, "Defiled Crypt // Cadaver Lab": 692, "Coati Scavenger": 526, "Blanchwood Prowler": 239, "Cult Conscript": 621, "Osseous Sticktwister": 2065, "Drag to the Roots": 784, "Jungle Hollow": 1579, "Deadly Brew": 659, "Strangled Cemetery": 2823, "Maze's End": 1839, "Expedition Map": 941, "Orzhov Guildgate": 2063, "Rakdos Guildgate": 2267, "Selesnya Guildgate": 2566, "Simic Guildgate": 2634, "Izzet Guildgate": 1553, "Azorius Guildgate": 171, "Boros Guildgate": 305, "Dimir Guildgate": 733, "Golgari Guildgate": 1260, "Gruul Guildgate": 1303, "Circuitous Route": 502, "Beanstalk Wurm": 207, "Urborg Repossession": 3242, "Insidious Fungus": 1497, "Muldrotha, the Gravetide": 1951, "Tatyova, Benthic Druid": 2909, "Savor_SB": 2495, "Atraxa's Fall_SB": 149, "Desperate Bloodseeker_SB": 717, "Brightblade Stoat_SB": 348, "Ravine Raider": 2296, "Agate-Blade Assassin": 31, "Scales of Shale": 2505, "Jagged Barrens": 1559, "Outlaws' Fury": 2074, "Bake into a Pie_SB": 177, "Hazardous Blast_SB": 1357, "Turn Inside Out_SB": 3151, "Agate Assault_SB": 30, "Norin, Swift Survivalist": 2007, "Vicious Clown": 3314, "Irreverent Gremlin": 1544, "Goblin Surprise": 1252, "Wind-Scarred Crag": 3417, "Elesh Norn": 864, "Dewdrop Cure": 729, "Krenko, Mob Boss": 1663, "Involuntary Employment_SB": 1540, "Union of the Third Path": 3210, "Teferi, Temporal Pilgrim": 2917, "Portal to Phyrexia": 2191, "Flow of Knowledge": 1088, "Soul-Guide Lantern": 2708, "Essence Scatter": 922, "Idyllic Beachfront": 1466, "Contaminated Aquifer": 566, "Terramorphic Expanse": 2938, "Vanish into Eternity": 3286, "Marauding Brinefang": 1822, "Deadly Riposte_SB": 665, "Vanish into Eternity_SB": 3287, "Savor": 2494, "Servant of the Stinger": 2576, "Moment of Craving": 1914, "Desperate Bloodseeker": 716, "Candy Trail": 408, "Marauding Blight-Priest": 1821, "Murder": 1954, "Sanguine Indulgence_SB": 2485, "Soul-Shackled Zombie_SB": 2711, "Coppercoat Vanguard_SB": 574, "Garna, Bloodfist of Keld_SB": 1154, "Spellgyre": 2734, "Aetherize": 26, "Swiftwater Cliffs": 2878, "Tranquil Cove": 3119, "Quick Study": 2245, "Peculiar Lighthouse": 2123, "Union of the Third Path_SB": 3211, "Tolarian Terror_SB": 3100, "Griffnaut Tracker_SB": 1296, "Hidetsugu's Second Rite": 1415, "Wrenn's Resolve_SB": 3450, "Ghitu Lavarunner_SB": 1186, "Boulderbranch Golem": 314, "Fierce Empath": 1048, "Galewind Moose": 1147, "Gossip's Talent": 1265, "Gruff Triplets": 1302, "Lush Oasis": 1780, "Mirage Mesa": 1880, "Outcaster Greenblade": 2071, "Tyrranax Rex": 3171, "Monstrous Emergence_SB": 1929, "Sunshower Druid_SB": 2853, "Patchwork Banner": 2116, "Etched Cornfield": 928, "Hare Apparent": 1338, "Banner of Kinship": 189, "Kayla's Reconstruction": 1605, "Baylen, the Haymaker": 205, "Blossoming Sands": 276, "Hinterland Sanctifier_SB": 1424, "Dragon Fodder": 786, "Enduring Courage": 885, "Dollmaker's Shop // Porcelain Gallery": 766, "Keldon Strike Team_SB": 1611, "Midnight Reaper": 1868, "Nezumi Linkbreaker": 1988, "Snarling Gorehound": 2691, "Bartolom\u00e9 del Presidio": 196, "Vampire Gourmand": 3279, "Neglected Manor": 1976, "Forlorn Flats": 1105, "Ozolith, the Shattered Spire": 2102, "Rubblebelt Maverick": 2441, "Ambush Wolf_SB": 57, "Dead Weight_SB": 657, "Fog of War_SB": 1093, "Voracious Varmint_SB": 3354, "Eddymurk Crab": 847, "Tolarian Terror": 3099, "Thornwood Falls": 3027, "Confounding Riddle": 556, "Swiftblade Vindicator": 2875, "Bulk Up": 375, "Chandra, Flameshaper": 469, "Leyline Axe": 1702, "The Jolly Balloon Man": 2975, "Sporogenic Infection": 2758, "Commune with Evil_SB": 550, "Fear of Missing Out_SB": 1010, "Archmage of Runes": 112, "Metamorphic Blast": 1858, "Don't Make a Sound": 768, "Ertai's Scorn": 915, "Curate": 625, "Unauthorized Exit": 3184, "The Tale of Tamiyo_SB": 3008, "Strix Lookout_SB": 2828, "Harrier Strix_SB": 1343, "Twist Reality_SB": 3160, "Thought-Stalker Warlock_SB": 3031, "Arcane Proxy": 99, "Demonic Counsel": 701, "Render Inert": 2349, "Kaito, Dancing Shadow_SB": 1587, "Likeness Looter": 1723, "Minor Misstep_SB": 1878, "Royal Treatment": 2439, "Royal Treatment_SB": 2440, "Grand Entryway && Elegant Rotunda": 1272, "Chainsaw_SB": 468, "Flamewake Phoenix_SB": 1070, "Karplusan Forest_SB": 1598, "Drag the Canal_SB": 782, "Stingerback Terror_SB": 2802, "Scatter Ray_SB": 2508, "Phantom Interference_SB": 2137, "Argoth, Sanctum of Nature": 120, "Cosmic Rebirth": 589, "Elvish Regrower": 877, "Springbloom Druid": 2763, "Titania, Voice of Gaea": 3088, "Tolsimir, Midnight's Light": 3101, "The Huntsman's Redemption": 2970, "Balustrade Wurm_SB": 183, "Stoic Sphinx_SB": 2809, "Twisted Fealty": 3161, "Temple of Malice": 2926, "Aegis Turtle_SB": 22, "Night of the Sweets' Revenge": 1990, "Welcome to Sweettooth": 3399, "Collector's Vault": 536, "See Double_SB": 2556, "Cosmium Confluence_SB": 592, "Volatile Fault_SB": 3344, "Calix, Guided by Fate": 399, "Vraska's Fall": 3361, "The Filigree Sylex_SB": 2966, "Ephara's Dispersal_SB": 907, "Armored Armadillo": 124, "Elvish Archivist": 875, "Toadstool Admirer": 3092, "Calix, Guided by Fate_SB": 400, "Divine Resilience_SB": 763, "Unflinching Courage_SB": 3203, "Valorous Stance_SB": 3278, "Ajani, Caller of the Pride": 40, "Tail Swipe": 2893, "Fiery Annihilation_SB": 1050, "Feed the Swarm": 1023, "Crash Through": 599, "Drake Hatcher": 797, "Restless Spire": 2378, "Slick Sequence": 2678, "Abhorrent Oculus_SB": 3, "Crawling Barrens": 602, "Mazemind Tome_SB": 1842, "Cryptic Coat": 614, "Cryptic Coat_SB": 615, "Neutralize the Guards_SB": 1983, "Tinybones Joins Up_SB": 3078, "Parting Gust_SB": 2115, "Bandit's Talent_SB": 186, "Trygon Predator_SB": 3144, "Bonny Pall, Clearcutter_SB": 294, "Dwynen, Gilt-Leaf Daen": 836, "Lathril, Blade of the Elves": 1678, "Wildborn Preserver": 3409, "Assassin's Trophy_SB": 142, "Leonin Vanguard": 1698, "Angel of Vitality": 72, "Extinguish the Light_SB": 955, "Breach the Multiverse": 336, "Voracious Greatshark": 3353, "Nine-Lives Familiar": 1995, "The End": 2959, "Wildwood Scourge": 3413, "Mild-Mannered Librarian": 1872, "Charming Prince": 483, "Gnarlid Colony": 1240, "Wary Thespian": 3386, "Dazzling Angel": 653, "Inspiring Paladin": 1504, "Good-Fortune Unicorn": 1264, "Felidar Savior": 1032, "Armasaur Guide": 123, "Felling Blow": 1035, "Biogenic Upgrade": 226, "Inspiring Call": 1501, "Pacifism": 2103, "Anthem of Champions": 91, "Kaito, Dancing Shadow": 1586, "Lavaspur Boots": 1683, "Rite of Replication": 2401, "Swiftfoot Boots_SB": 2877, "Knight of Dusk's Shadow_SB": 1641, "Charming Scoundrel": 484, "Ruthless Lawbringer": 2460, "Alesha, Who Laughs at Fate": 49, "Perforating Artist": 2127, "Immersturm Predator": 1469, "Aurelia, the Law Above": 155, "Voldaren Thrillseeker_SB": 3349, "Urgent Necropsy": 3249, "Eaten by Piranhas_SB": 845, "Decadent Dragon": 673, "Phyrexian Obliterator_SB": 2152, "Silver Scrutiny_SB": 2630, "Cankerbloom": 409, "Wrenn and Realmbreaker_SB": 3447, "Scrapshooter_SB": 2524, "Axebane Ferox_SB": 167, "Flourishing Bloom-Kin": 1087, "Ghalta, Primal Hunger": 1180, "Hunter's Talent_SB": 1455, "Atraxa, Grand Unifier_SB": 151, "Doppelgang": 773, "Hearth Elemental": 1370, "Highway Robbery": 1421, "Urabrask": 3238, "Vren, the Relentless": 3366, "Torch the Witness_SB": 3109, "Aven Interrupter_SB": 162, "Terror Tide": 2940, "Bonehoard Dracosaur": 291, "Incinerator of the Guilty": 1478, "Rivaz of the Claw": 2405, "Tyrant of Kher Ridges": 3168, "Dragonlord's Servant": 794, "Kolaghan Warmonger": 1649, "Push // Pull_SB": 2230, "Urborg Scavengers": 3244, "Zetalpa, Primal Dawn": 3467, "Annex Sentry": 79, "Phyrexian Vindicator": 2153, "Phyrexian Censor": 2144, "Volatile Fault": 3343, "Seal from Existence_SB": 2539, "Stasis Snare_SB": 2784, "Chrome Host Seedshark": 495, "Ichormoon Gauntlet": 1464, "Jace Reawakened": 1554, "Jin-Gitaxias": 1566, "Temple of Epiphany": 2924, "Galvanize_SB": 1151, "Tocasia's Welcome": 3096, "Urza's Sylex_SB": 3256, "Tomb Trawler_SB": 3104, "Joint Exploration": 1573, "Titania's Command_SB": 3087, "Long River's Pull_SB": 1751, "Burglar Rat": 378, "Psychic Whorl": 2223, "Painful Quandary": 2104, "Hidden Necropolis": 1409, "Rune-Scarred Demon": 2451, "Macabre Waltz": 1788, "Mindsplice Apparatus": 1875, "Hidden Cataract": 1406, "Halo Forager": 1324, "The Key to the Vault": 2978, "Final Showdown": 1054, "Dawn's Truce": 647, "Rattleback Apothecary": 2291, "Bristly Bill, Spine Sower": 359, "Tatyova, Steward of Tides": 2910, "Colossal Rattlewurm": 541, "Festering Gulch": 1041, "Creosote Heath": 605, "Duelist of the Mind": 821, "Desert's Due": 715, "Goldvein Hydra": 1257, "Titania, Voice of Gaea_SB": 3089, "The Rollercrusher Ride_SB": 2994, "Restless Prairie": 2373, "Inspiration from Beyond": 1500, "Glass Casket_SB": 1222, "Chainsaw": 467, "Marchesa, Dealer of Death": 1824, "Rakdos Joins Up": 2268, "Nashi, Searcher in the Dark_SB": 1970, "Misery's Shadow_SB": 1891, "Realmbreaker, the Invasion Tree_SB": 2309, "Invasion of Tolvada": 1535, "Grand Abolisher_SB": 1271, "Filter Out_SB": 1052, "Kutzil, Malamet Exemplar": 1669, "Hostile Investigator": 1445, "Rona's Vortex": 2429, "Swamp_SB": 2873, "Runic Shot": 2453, "Herald of Eternal Dawn_SB": 1388, "Sun-Blessed Healer_SB": 2841, "Emberheart Challenger_SB": 880, "Rockface Village_SB": 2421, "Squee, Dubious Monarch_SB": 2767, "Monastery Mentor": 1921, "Seeker's Folly": 2560, "Mortify": 1937, "Soul Search_SB": 2706, "Assimilation Aegis_SB": 144, "Season of Gathering_SB": 2545, "The Cruelty of Gix_SB": 2955, "Valgavoth's Onslaught": 3262, "Stab": 2769, "Vinereap Mentor": 3317, "Coveted Falcon": 596, "Impulse": 1477, "Drag to the Bottom": 783, "Greed's Gambit_SB": 1285, "Monstrous Emergence": 1928, "Invasion of Gobakhan": 1523, "Fiery Annihilation": 1049, "Sheoldred": 2591, "Finneas, Ace Archer": 1058, "Seasoned Warrenguard": 2553, "Ferocification": 1039, "Axebane Ferox": 166, "Pick Your Poison": 2155, "Sunspine Lynx": 2854, "Dreadwing Scavenger": 806, "Collector's Cage": 534, "Ajani, Sleeper Agent_SB": 44, "Broodspinner_SB": 366, "The Gitrog, Ravenous Ride_SB": 2967, "Vren, the Relentless_SB": 3367, "Chimil, the Inner Sun": 490, "Rat Out_SB": 2288, "Plains_SB": 2172, "Faebloom Trick_SB": 970, "Throne of the Grim Captain": 3057, "Drana and Linvala_SB": 801, "The Kenriths' Royal Funeral_SB": 2977, "Rona's Vortex_SB": 2430, "Nashi, Searcher in the Dark": 1969, "Saiba Cryptomancer": 2473, "Third Path Iconoclast": 3015, "Reasonable Doubt": 2310, "Essence Scatter_SB": 923, "Blood Hustler": 256, "Deathcap Marionette": 669, "Fell": 1033, "Bloodfell Caves": 261, "Faerie Fencing": 972, "Ego Drain": 851, "Season of Loss": 2546, "Talion's Messenger_SB": 2903, "Make Your Own Luck": 1804, "Ancient Cornucopia": 67, "Invasion of Arcavios": 1520, "Peerless Recycling_SB": 2124, "Beseech the Mirror_SB": 217, "Heroic Reinforcements_SB": 1403, "Wing Commando": 3421, "Stormcatch Mentor": 2816, "Misery's Shadow": 1890, "Ruthless Negotiation": 2462, "Haunted Screen": 1353, "Prayer of Binding": 2196, "Kaya, Spirits' Justice": 1602, "Cerebral Confiscation_SB": 464, "Bonny Pall, Clearcutter": 293, "River's Rebuke": 2406, "River's Rebuke_SB": 2407, "Primeval Bounty_SB": 2204, "Koma, World-Eater_SB": 1653, "Insatiable Avarice_SB": 1496, "Urza's Sylex": 3255, "Regal Caracal_SB": 2337, "Kiora, the Rising Tide_SB": 1630, "Corrupted Conviction": 584, "Furnace Reins": 1141, "Zoetic Glyph_SB": 3472, "Seized from Slumber_SB": 2565, "Tyvar's Stand": 3174, "Unflinching Courage": 3202, "Sanguine Evangelist_SB": 2484, "Virtue of Loyalty_SB": 3327, "Keen-Eyed Curator_SB": 1608, "Regal Bunnicorn_SB": 2335, "Fanatical Firebrand": 983, "Hellspur Brute": 1380, "Vial Smasher, Gleeful Grenadier": 3310, "At Knifepoint": 147, "Mourner's Surprise_SB": 1945, "Caught in the Crossfire_SB": 445, "Scales of Shale_SB": 2506, "Surgical Suite // Hospital Room": 2865, "Mischievous Pup": 1889, "Inspiring Overseer": 1502, "Angel of Finality_SB": 71, "Fynn, the Fangbearer": 1143, "Ankle Biter": 78, "Bilious Skulldweller": 223, "Infectious Inquiry": 1485, "Feed the Infection": 1022, "Nimraiser Paladin": 1994, "The Hunter Maze": 2969, "The Dross Pits": 2956, "Soured Springs": 2718, "Badlands Revival": 176, "Seize the Secrets": 2562, "Wardens of the Cycle": 3378, "Kraul Whipcracker": 1658, "Binding Negotiation_SB": 225, "Copper Host Crusher": 572, "Bandit's Haul": 184, "Vinereap Mentor_SB": 3318, "Rogue's Passage": 2424, "Thrashing Brontodon": 3042, "Giant Cindermaw": 1193, "Belligerent Yearling": 215, "Scytheclaw Raptor": 2534, "Triumphant Chomp": 3139, "Colossadactyl": 540, "Earthshaker Dreadmaw": 841, "Ixalli's Lorekeeper": 1551, "Itzquinth, Firstborn of Gishath": 1547, "Armored Kincaller_SB": 126, "Clay-Fired Bricks": 517, "Sandstorm Salvager": 2480, "Dreamdew Entrancer_SB": 808, "Werefox Bodyguard": 3400, "Autonomous Assembler": 160, "Etali's Favor": 924, "Quintorius Kand": 2246, "Caretaker's Talent_SB": 419, "Luminous Rebuke_SB": 1774, "Massacre Wurm": 1835, "The Enigma Jewel": 2961, "Felidar Retreat_SB": 1031, "Hired Claw_SB": 1426, "Stalactite Stalker": 2772, "Kayla's Command_SB": 1604, "Starfall Invocation_SB": 2778, "Spinner of Souls_SB": 2747, "Gisa, the Hellraiser_SB": 1206, "Callous Sell-Sword_SB": 403, "Anointed Peacekeeper": 89, "Shrouded Shepherd_SB": 2619, "Phyrexian Censor_SB": 2145, "Dollmaker's Shop && Porcelain Gallery": 765, "Demonic Counsel_SB": 702, "Archangel of Tithes_SB": 105, "Bitter Reunion_SB": 231, "Jace Reawakened_SB": 1555, "Warleader's Call_SB": 3382, "Rat Out": 2287, "Unidentified Hovership_SB": 3209, "Arabella, Abandoned Doll_SB": 93, "Painter's Studio && Defaced Gallery_SB": 2107, "Take Up the Shield_SB": 2898, "Get Out_SB": 1175, "Scorn-Blade Berserker": 2521, "Vadmir, New Blood": 3258, "Song of Totentanz_SB": 2698, "Raucous Carnival_SB": 2293, "Archdruid's Charm": 108, "The Rollercrusher Ride": 2993, "Haywire Mite": 1355, "Imperious Perfect_SB": 1475, "Sandstorm Salvager_SB": 2481, "Tough Cookie_SB": 3114, "Urborg Repossession_SB": 3243, "Hungry Ghoul": 1453, "Cemetery Recruitment": 460, "Diregraf Ghoul": 736, "Skeleton Archer": 2642, "Sanguine Syphoner": 2486, "Mephitic Draught": 1855, "Not Dead After All": 2011, "Canonized in Blood": 411, "Vampiric Rites": 3284, "Offer Immortality": 2035, "Seize the Spoils": 2563, "Curious Forager": 627, "Thornvault Forager": 3026, "The Mycotyrant": 2988, "Sporogenic Infection_SB": 2759, "Agatha's Soul Cauldron_SB": 34, "Grievous Wound": 1294, "Funeral Room // Awakening Hall_SB": 1137, "Rise of the Dark Realms_SB": 2398, "Temple of Enlightenment": 2923, "Ezrim, Agency Chief_SB": 961, "Valkyrie's Call_SB": 3267, "Fumigate_SB": 1135, "Harbin, Vanguard Aviator": 1330, "Valiant Veteran": 3266, "Zephyr Sentinel": 3464, "Skystrike Officer": 2668, "Fortified Beachhead": 1107, "Valley Rotcaller": 3273, "Cruel Somnophage": 606, "Molten Duplication": 1910, "Restless Bivouac_SB": 2369, "Fauna Shaman": 992, "Diabolic Intent": 731, "Lively Dirge_SB": 1736, "Herbology Instructor": 1391, "Blossoming Tortoise": 277, "Titania's Command": 3086, "Blast Zone": 242, "Cavernous Maw": 455, "Forgotten Monument": 1104, "Urza, Lord Protector": 3257, "Tinybones, the Pickpocket_SB": 3082, "Temple of Mystery": 2927, "Timely Interference": 3075, "Vesuvan Duplimancy": 3305, "Dive Down_SB": 759, "Scrawling Crawler_SB": 2527, "Hollow Marauder": 1430, "Huskburster Swarm": 1459, "Overwhelming Remorse": 2096, "Stubborn Burrowfiend": 2832, "Writhing Necromass": 3451, "Dryad Militant_SB": 819, "Mockingbird_SB": 1904, "Chandra, Hope's Beacon_SB": 472, "Bristlebud Farmer": 356, "Charred Foyer && Warped Space_SB": 485, "Bruse Tarl, Roving Rancher": 369, "Fblthp, Lost on the Range": 994, "Weakstone's Subjugation": 3392, "Fblthp, Lost on the Range_SB": 995, "Proft's Eidetic Memory_SB": 2211, "Weakstone's Subjugation_SB": 3393, "Think Twice": 3013, "Micromancer_SB": 1866, "Coruscation Mage_SB": 588, "Dollmaker's Shop // Porcelain Gallery_SB": 767, "Akawalli, the Seething Tower": 47, "Absolving Lammasu_SB": 7, "Bottomless Pool && Locker Room": 310, "Tithing Blade_SB": 3091, "Hidetsugu's Second Rite_SB": 1416, "The Swarmweaver_SB": 3006, "Invasion of Karsus_SB": 1528, "Mirror Room && Fractured Realm_SB": 1885, "Sword of Wealth and Power_SB": 2885, "Wildfire Howl_SB": 3411, "Zurgo and Ojutai_SB": 3481, "Mabel, Heir to Cragflame_SB": 1787, "Halo Forager_SB": 1325, "Soulstone Sanctuary_SB": 2717, "Ballyrush Banneret": 180, "Myrel, Shield of Argive_SB": 1962, "Siege Veteran_SB": 2622, "Steel Seraph_SB": 2795, "Ezrim, Agency Chief": 960, "Karn, Living Legacy": 1595, "Metropolis Reformer": 1863, "Omnivorous Flytrap": 2049, "Krenko's Buzzcrusher_SB": 1662, "Break the Spell_SB": 344, "Migloz, Maze Crusher_SB": 1871, "Rundvelt Hordemaster": 2449, "Breeches, Eager Pillager": 345, "Final Vengeance_SB": 1057, "Kellan, Inquisitive Prodigy": 1615, "Blood Spatter Analysis": 258, "Urborg Lhurgoyf": 3241, "Silverback Elder_SB": 2631, "Branchblight Stalker": 328, "Ichorspit Basilisk": 1465, "Maze's Mantle": 1840, "Viral Spawning": 3321, "Plague Nurse": 2170, "Venomous Brutalizer": 3302, "Tyrranax Atrocity": 3170, "Goliath Hatchery": 1261, "Paladin of Predation": 2110, "Serum Snare": 2574, "Tainted Observer": 2896, "Experimental Augury": 944, "Thrummingbird": 3059, "Mesmerizing Dose": 1857, "Reject Imperfection": 2341, "Gitaxian Anatomist": 1207, "Vivisurgeon's Insight": 3336, "Lakeside Shack": 1674, "Tangled Islet": 2906, "Meat Locker // Drowned Diner": 1843, "Angelic Intervention": 73, "Awaken the Woods": 165, "Rampaging Baloths": 2279, "Omenpath Journey": 2047, "Poison Dart Frog": 2179, "The Witch's Vanity": 3011, "Under the Skin": 3190, "Seraphic Steed": 2571, "Hulking Raptor": 1452, "Vorinclex": 3355, "Goldvein Hydra_SB": 1258, "Meticulous Excavation_SB": 1862, "Raging Battle Mouse": 2263, "Loran's Escape_SB": 1760, "The Witch's Vanity_SB": 3012, "Zoraline, Cosmos Caller_SB": 3476, "Teferi, Temporal Pilgrim_SB": 2918, "Ill-Timed Explosion_SB": 1468, "Realmbreaker, the Invasion Tree": 2308, "Murky Sewer": 1957, "Seeker's Folly_SB": 2561, "Might of the Meek_SB": 1870, "Deeproot Pilgrimage": 682, "Mistway Spy": 1900, "Vodalian Hexcatcher": 3338, "Betrayer's Bargain": 219, "Undead Sprinter_SB": 3189, "Viashino Pyromancer_SB": 3313, "Jaya, Fiery Negotiator": 1561, "The Stone Brain": 3002, "Defabricate_SB": 685, "Decadent Dragon_SB": 674, "Vein Ripper": 3294, "Thalia and The Gitrog Monster": 2948, "Surgical Suite && Hospital Room_SB": 2864, "Pugnacious Hammerskull": 2225, "Defiled Crypt // Cadaver Lab_SB": 693, "Beastie Beatdown": 208, "Annie Joins Up": 82, "Huatli, Poet of Unity": 1449, "Sword of Once and Future": 2882, "Pest Control": 2132, "Vraska Joins Up": 3360, "Necrogen Communion": 1972, "Darkstar Augur": 643, "Thirsting Roots_SB": 3018, "Heraldic Banner": 1389, "Heraldic Banner_SB": 1390, "Maha, Its Feathers Night_SB": 1802, "Silver Scrutiny": 2629, "Invasion of Amonkhet_SB": 1519, "Seal from Existence": 2538, "Battlefly Swarm": 204, "Broodspinner": 365, "Solemn Simulacrum": 2694, "Ghalta, Stampede Tyrant": 1182, "Karn's Sylex_SB": 1594, "Myrel, Shield of Argive": 1961, "Halana and Alena, Partners": 1319, "Inga and Esika": 1489, "Gwenna, Eyes of Gaea": 1316, "Melira, the Living Cure": 1849, "Hajar, Loyal Bodyguard_SB": 1318, "Elesh Norn_SB": 867, "Surrak and Goreclaw_SB": 2868, "Guardian of New Benalia": 1308, "Aegis Turtle": 21, "Venerated Rotpriest_SB": 3297, "Ivy, Gleeful Spellthief_SB": 1550, "Rite of the Dragoncaller": 2402, "Grabby Giant": 1268, "Bottomless Pool // Locker Room": 312, "Getaway Glamer_SB": 1177, "Pia Nalaar, Consul of Revival": 2154, "Invasion of Kaldheim": 1527, "Doomsday Excruciator_SB": 771, "Crystal Grotto": 620, "Island_SB": 1546, "Entity Tracker_SB": 905, "Rebel Salvo_SB": 2312, "Aether Channeler": 23, "Defiled Crypt && Cadaver Lab": 690, "Exuberant Fuseling": 959, "Thundertrap Trainer_SB": 3071, "Abuelo's Awakening": 8, "Kitsa, Otterball Elite_SB": 1637, "Rona, Herald of Invasion_SB": 2432, "Unnerving Grasp_SB": 3218, "Swooping Lookout": 2879, "Demonic Ruckus_SB": 708, "Impact Tremors_SB": 1473, "High Noon": 1417, "Wishclaw Talisman_SB": 3427, "Coveted Falcon_SB": 597, "Kona, Rescue Beastie": 1654, "Cultivator's Caravan": 622, "Scene of the Crime": 2516, "Cankerbloom_SB": 410, "Conspiracy Unraveler": 562, "Matzalantli, the Great Door": 1837, "Reenact the Crime": 2330, "Lifecreed Duo": 1715, "Dust Animus_SB": 829, "Recruitment Officer_SB": 2323, "Fear of Surveillance": 1011, "Invasion of Theros": 1534, "Smuggler's Surprise_SB": 2687, "Oko, the Ringleader_SB": 2042, "Muerra, Trash Tactician": 1949, "Adaptive Automaton": 17, "Three Tree Mascot": 3051, "Undead Sprinter": 3188, "At Knifepoint_SB": 148, "Monstrous Rage_SB": 1931, "Wilt-Leaf Liege_SB": 3416, "Kellan's Lightblades_SB": 1613, "Defiled Crypt && Cadaver Lab_SB": 691, "Annie Flash, the Veteran_SB": 81, "Insatiable Avarice": 1495, "Time Stop": 3073, "The Seedcore": 2995, "Slaughter Singer": 2671, "Fleeting Flight_SB": 1076, "Trash the Town_SB": 3128, "Sawblade Skinripper": 2497, "Ashiok, Wicked Manipulator": 134, "Palani's Hatcher": 2111, "Temple of Abandon": 2921, "Blasphemous Edict_SB": 241, "Crumb and Get It": 609, "Quick Draw_SB": 2244, "Hauntwoods Shrieker": 1354, "Zul Ashur, Lich Lord": 3478, "Garruk's Uprising": 1155, "Defiler of Flesh": 695, "Kraul Whipcracker_SB": 1659, "Agrus Kos, Spirit of Justice": 37, "Mischievous Mystic": 1888, "Skrelv, Defector Mite_SB": 2651, "Mechanized Warfare": 1846, "Blasphemous Edict": 240, "Bottomless Pool // Locker Room_SB": 313, "The Princess Takes Flight_SB": 2990, "Anim Pakal, Thousandth Moon_SB": 76, "Drown in Ichor": 815, "Kambal, Profiteering Mayor": 1589, "Kaya, Spirits' Justice_SB": 1603, "Case of the Gateway Express_SB": 429, "Whisper of the Dross": 3403, "Vraska's Fall_SB": 3362, "Restless Reef_SB": 2375, "Lunar Convocation": 1776, "Vraska, the Silencer": 3365, "Binding Negotiation": 224, "Wilt-Leaf Liege": 3415, "Gumdrop Poisoner_SB": 1315, "Charge of the Mites": 481, "Expel the Interlopers": 942, "Founding the Third Path_SB": 1111, "Bramble Familiar": 324, "Obstinate Baloth": 2031, "Satoru, the Infiltrator": 2491, "Sphinx of the Final Word_SB": 2739, "Burrowguard Mentor": 385, "Pollen-Shield Hare": 2181, "Hop to It_SB": 1437, "Dragonmaster Outcast": 795, "Generous Plunderer": 1167, "Ghired, Mirror of the Wilds": 1183, "Evolved Sleeper": 934, "Friendly Teddy": 1121, "Scrawling Crawler": 2526, "Rankle's Prank_SB": 2286, "Consumed by Greed_SB": 563, "Unnatural Restoration_SB": 3216, "Infectious Inquiry_SB": 1486, "Final Flourish_SB": 1053, "Time Stop_SB": 3074, "Polukranos Reborn_SB": 2186, "Magebane Lizard": 1794, "Rakdos, the Muscle": 2271, "Magda, the Hoardmaster": 1793, "Hellspur Posse Boss": 1382, "Hellspur Brute_SB": 1381, "Cynical Loner_SB": 635, "Astor, Bearer of Blades": 145, "Bladehold War-Whip": 238, "Kellan, the Fae-Blooded": 1619, "Kemba, Kha Enduring": 1621, "Rebel Salvo": 2311, "Swiftfoot Boots": 2876, "Sword of Forge and Frontier": 2880, "Astor, Bearer of Blades_SB": 146, "Hidetsugu and Kairi": 1414, "Consuming Aberration": 564, "Knight of Dusk's Shadow": 1640, "No One Left Behind_SB": 2003, "Dusk Legion Duelist": 825, "Stocking the Pantry": 2805, "Botanical Brawler": 308, "Tribute to the World Tree": 3136, "Railway Brawler": 2264, "Archdruid's Charm_SB": 109, "Collector's Cage_SB": 535, "Rampaging Spiketail": 2282, "Barkform Harvester": 193, "Fae Flight_SB": 968, "Rush of Dread_SB": 2457, "Kitesail Larcenist_SB": 1634, "Imprisoned in the Moon_SB": 1476, "Inquisitive Glimmer_SB": 1494, "Refute_SB": 2333, "Hugs, Grisly Guardian": 1450, "Kogla and Yidaro": 1647, "Persistent Marshstalker": 2131, "Karumonix, the Rat King": 1599, "Argentum Masticore": 118, "Hedron Archive": 1375, "The Mycosynth Gardens": 2987, "Hall of Tagsin": 1322, "Legion Extruder": 1692, "Tomakul Honor Guard": 3102, "Blazing Crescendo_SB": 246, "Choking Miasma": 493, "Argentum Masticore_SB": 119, "Niv-Mizzet, Supreme": 1999, "Untimely Malfunction": 3230, "Captain Storm, Cosmium Raider": 415, "Corsair Captain": 586, "Gleaming Geardrake": 1227, "Malcolm, the Eyes": 1810, "Staunch Crewmate": 2788, "Lost Jitte_SB": 1765, "Intrepid Paleontologist": 1515, "Bolt Bend_SB": 285, "Felonious Rage_SB": 1037, "Thundering Falls_SB": 3067, "Walk with the Ancestors": 3370, "Meathook Massacre II_SB": 1845, "Vaultborn Tyrant_SB": 3292, "Feldon's Cane": 1025, "Treasure Map": 3131, "Neutralize the Guards": 1982, "Ayli, Eternal Pilgrim": 169, "Shipwreck Dowser": 2600, "One with the Multiverse": 2051, "Disturbing Conversion": 755, "Eerie Interference_SB": 850, "Builder's Talent_SB": 374, "Abuelo's Awakening_SB": 9, "Razorkin Needlehead": 2298, "Highway Robbery_SB": 1422, "Dreadmaw's Ire_SB": 805, "Repulsive Mutation": 2354, "Sylvan Scavenging_SB": 2888, "Wishclaw Talisman": 3426, "Micromancer": 1865, "Massacre Girl, Known Killer": 1833, "Invasion of Fiora_SB": 1522, "Pile On": 2160, "Corrupted Conviction_SB": 585, "Deadly Brew_SB": 660, "Kutzil, Malamet Exemplar_SB": 1670, "Bite Down": 228, "Ygra, Eater of All": 3457, "Maha, Its Feathers Night": 1801, "Daggerfang Duo": 636, "Moonstone Harbinger": 1936, "Pestilent Syphoner": 2134, "Hoarding Recluse": 1429, "Deathbloom Gardener": 668, "Drown in Ichor_SB": 816, "Rakdos, the Muscle_SB": 2272, "Rakdos Joins Up_SB": 2269, "Massacre Girl, Known Killer_SB": 1834, "Ghalta and Mavren": 1179, "Progenitus": 2213, "Manifest Dread": 1815, "Hide in Plain Sight": 1412, "Threats Around Every Corner": 3044, "Crystal Barricade": 618, "Green Sun's Twilight_SB": 1288, "Call a Surprise Witness": 401, "Surgical Suite && Hospital Room": 2863, "Soul Search": 2705, "Quintorius Kand_SB": 2247, "Roaming Throne_SB": 2413, "Fake Your Own Death": 979, "Volcanic Spite": 3345, "Taii Wakeen, Perfect Shot": 2892, "Unruly Catapult": 3219, "Glassworks // Shattered Yard_SB": 1224, "Hulking Metamorph": 1451, "Rest in Peace": 2364, "Surge Engine_SB": 2859, "Dust Animus": 828, "Trostani, Three Whispers": 3142, "Tribute to the World Tree_SB": 3137, "Repair and Recharge": 2352, "Step Between Worlds_SB": 2796, "Vengeful Possession": 3299, "Rabid Gnaw_SB": 2251, "Invasion of Ergamon": 1521, "Break Out_SB": 342, "Beastie Beatdown_SB": 209, "Hearthborn Battler_SB": 1373, "Samut, Vizier of Naktamun": 2477, "Trash the Town": 3127, "Ego Drain_SB": 852, "Syr Ginger, the Meal Ender": 2890, "Dowsing Device": 779, "Saheeli, Filigree Master_SB": 2472, "Dawn's Truce_SB": 648, "Necrogen Rotpriest": 1973, "Contagious Vorrac": 565, "Armored Scrapgorger_SB": 128, "Forest_SB": 1102, "The Millennium Calendar_SB": 2985, "Ruin-Lurker Bat_SB": 2445, "Leonin Vanguard_SB": 1699, "Veteran Survivor_SB": 3308, "Oblivious Bookworm": 2029, "Growing Dread": 1300, "Bubble Smuggler": 372, "Cryptid Inspector": 617, "Exit Specialist": 938, "Cursed Windbreaker": 630, "Break Down the Door": 340, "Gaea's Gift_SB": 1146, "Hazardroot Herbalist": 1358, "Rabbit Response": 2248, "Treeguard Duo": 3132, "Uncharted Haven": 3186, "Warren Elder": 3383, "Head of the Homestead": 1361, "Head of the Homestead_SB": 1362, "Solphim, Mayhem Dominus": 2696, "Grab the Prize_SB": 1267, "Stroke of Midnight_SB": 2830, "Delney, Streetwise Lookout": 696, "No Witnesses": 2004, "Stroke of Midnight": 2829, "Greta, Sweettooth Scourge": 1293, "Sweettooth Witch": 2874, "Experimental Confectioner": 945, "Mintstrosity": 1879, "Scream Puff": 2528, "Gingerbread Hunter": 1202, "Back for Seconds": 174, "Spider Food": 2740, "Feed the Cauldron": 1019, "Return from the Wilds": 2387, "Three Bowls of Porridge": 3047, "Eriette's Tempting Apple": 909, "Sugar Rush_SB": 2837, "Candy Grapple_SB": 407, "Fell_SB": 1034, "Murder_SB": 1955, "Cheeky House-Mouse_SB": 489, "Dryad Militant": 818, "Scrapwork Mutt": 2525, "Obyra, Dreaming Duelist": 2033, "Repel Calamity_SB": 2353, "Malcolm, Alluring Scoundrel_SB": 1809, "The Monumental Facade": 2986, "Sardian Cliffstomper": 2487, "Magmatic Sprinter": 1798, "Churning Reservoir": 498, "Sardian Cliffstomper_SB": 2488, "Monastery Swiftspear_SB": 1925, "Magmatic Sprinter_SB": 1799, "Churning Reservoir_SB": 499, "Give In to Violence_SB": 1209, "Cityscape Leveler_SB": 505, "Nahiri's Resolve_SB": 1965, "Zoyowa's Justice": 3477, "Trial of Agony": 3134, "Ojer Axonil, Deepest Might": 2038, "Brazen Collector": 335, "Leyline of Resonance_SB": 1707, "Ancestors' Aid_SB": 66, "Slickshot Show-Off_SB": 2681, "Lich-Knights' Conquest": 1713, "Braids, Arisen Nightmare_SB": 322, "Worldwalker Helm": 3441, "Torch the Witness": 3108, "Detective's Satchel": 723, "Forensic Gadgeteer_SB": 1099, "Ice Out_SB": 1462, "Evolving Adaptive": 935, "Garruk's Uprising_SB": 1156, "The Wandering Rescuer_SB": 3010, "Oracle of Tragedy": 2057, "Tarrian's Journal": 2908, "Felidar Cub": 1028, "Knight-Errant of Eos_SB": 1645, "Dusk Rose Reliquary_SB": 827, "Ruthless Lawbringer_SB": 2461, "Felidar Cub_SB": 1029, "Vraan, Executioner Thane": 3359, "Eaten Alive_SB": 844, "Claim Jumper_SB": 508, "Mirrex_SB": 1884, "Tectonic Hazard": 2914, "Boltwave_SB": 287, "War Squeak_SB": 3375, "Geralf, the Fleshwright": 1170, "Geralf, the Fleshwright_SB": 1171, "Searslicer Goblin_SB": 2543, "Take for a Ride_SB": 2899, "Wojek Investigator": 3438, "Rustler Rampage": 2458, "Recommission_SB": 2321, "Hexgold Halberd": 1405, "Shrouded Shepherd": 2618, "Skyfisher Spider_SB": 2661, "Let's Play a Game_SB": 1701, "Chart a Course_SB": 487, "Johann's Stopgap_SB": 1571, "Trapped in the Screen": 3125, "Ragged Playmate": 2261, "Ragged Playmate_SB": 2262, "Norin, Swift Survivalist_SB": 2008, "Fear of Surveillance_SB": 1012, "Grand Entryway // Elegant Rotunda_SB": 1274, "Llanowar Elves_SB": 1739, "Bonehoard Dracosaur_SB": 292, "Wandertale Mentor": 3372, "Vodalian Mindsinger_SB": 3339, "Festerleech": 1042, "Fallaji Archaeologist_SB": 981, "Kroxa and Kunoros": 1664, "Chandra, Flameshaper_SB": 470, "Ajani, Sleeper Agent": 43, "Blazing Crescendo": 245, "Warhost's Frenzy": 3380, "Great Train Heist": 1282, "Enduring Courage_SB": 886, "Spirebluff Canal_SB": 2749, "Ashnod's Harvester": 136, "Rip, Spawn Hunter": 2395, "Funeral Room // Awakening Hall": 1136, "Outlaw Medic": 2073, "Blightbelly Rat": 250, "Unnatural Restoration": 3215, "Whisper of the Dross_SB": 3404, "Carnivorous Canopy_SB": 421, "Bite Down_SB": 229, "Gaea's Gift": 1145, "Thousand Moons Smithy_SB": 3035, "The Tale of Tamiyo": 3007, "The Surgical Bay": 3004, "Case of the Ransacked Lab": 433, "Saheeli, Filigree Master": 2471, "Hollow Scavenger": 1432, "Mosswood Dreadknight_SB": 1942, "Stormchaser's Talent_SB": 2818, "Phyrexian Missionary": 2149, "Lost in the Maze_SB": 1767, "Cactarantula": 393, "Glimmerlight": 1230, "Fleeting Flight": 1075, "Think Twice_SB": 3014, "Defiler of Dreams_SB": 694, "Lithomantic Barrage": 1732, "Enduring Vitality_SB": 894, "Ojer Pakpatiq, Deepest Epoch": 2039, "Disturbing Conversion_SB": 756, "Koth, Fire of Resistance": 1656, "Wylie Duke, Atiin Hero": 3452, "Omen Hawker": 2044, "Audience with Trostani_SB": 154, "Leyline of the Void": 1711, "Sentinel of Lost Lore": 2567, "Virtue of Knowledge": 3324, "Valgavoth's Onslaught_SB": 3263, "Kutzil's Flanker": 1667, "Extraordinary Journey": 957, "Gold Pan": 1255, "Extraordinary Journey_SB": 958, "Nurturing Pixie_SB": 2021, "Moonshaker Cavalry": 1934, "Pearl of Wisdom": 2122, "Horrid Vigor": 1443, "Flesh Burrower": 1079, "Let's Play a Game": 1700, "Winter's Intervention": 3422, "Grasping Longneck": 1275, "Wickerfolk Thresher": 3407, "Cackling Slasher": 391, "Fear of the Dark": 1013, "Balemurk Leech": 178, "Give In to Violence": 1208, "Innocuous Rat": 1492, "Bashful Beastie": 198, "Defiant Survivor": 689, "Meathook Massacre II": 1844, "Leyline of Transformation": 1709, "Saheeli's Lattice": 2470, "Hopeless Nightmare_SB": 1440, "Bushwhack_SB": 389, "Mistbreath Elder_SB": 1897, "Realmbreaker's Grasp_SB": 2307, "Treeguard Duo_SB": 3133, "Stickytongue Sentinel_SB": 2800, "Tumbleweed Rising_SB": 3145, "Polliwallop_SB": 2183, "Etali, Primal Storm_SB": 927, "Corpses of the Lost_SB": 580, "Adamant Will": 16, "Goldvein Pick": 1259, "Moment of Triumph": 1916, "Pilfer": 2162, "Public Thoroughfare": 2224, "Roaming Throne": 2412, "Undying Malice": 3199, "Cancel_SB": 406, "Opt_SB": 2053, "Anointed Peacekeeper_SB": 90, "Connecting the Dots_SB": 559, "Analyze the Pollen_SB": 64, "Makeshift Binding": 1805, "Jump Scare_SB": 1578, "Progenitus_SB": 2214, "Harvestrite Host": 1346, "Family Reunion_SB": 982, "Cut Short_SB": 633, "Annihilating Glare": 84, "Fanatical Offering": 985, "Sword of Wealth and Power": 2884, "Dismal Backwater": 743, "Pelakka Wurm": 2125, "Extract a Confession_SB": 956, "Unauthorized Exit_SB": 3185, "Lassoed by the Law": 1675, "Mabel's Mettle": 1785, "Skulduggery": 2652, "Skulduggery_SB": 2653, "Minor Misstep": 1877, "Hopeful Vigil": 1438, "Restricted Office // Lecture Hall": 2383, "Central Elevator // Promising Stairs": 462, "Creeping Peeper": 604, "Underwater Tunnel // Slimy Aquarium": 3198, "Erratic Apparition": 912, "Dazzling Theater // Prop Room": 655, "Fear of Falling": 1000, "Fear of Abduction": 996, "Lionheart Glimmer": 1730, "Tunnel Surveyor_SB": 3149, "Stalked Researcher_SB": 2774, "Polluted Delta": 2184, "Scalding Tarn": 2502, "Misty Rainforest": 1901, "Bloodstained Mire": 267, "Watery Grave": 3390, "Steam Vents": 2789, "Sink into Stupor": 2637, "Spell Snare": 2730, "Unearth": 3200, "Thoughtseize": 3032, "Fatal Push": 990, "Faithless Looting": 978, "Tamiyo, Inquisitive Student": 2905, "Psychic Frog": 2222, "Counterspell": 595, "Persist": 2130, "Force of Negation": 1095, "Brazen Borrower": 333, "Archon of Cruelty": 114, "Nihil Spellbomb_SB": 1992, "Surgical Extraction_SB": 2862, "Consign to Memory_SB": 561, "Harbinger of the Seas_SB": 1332, "Stern Scolding_SB": 2799, "Fable of the Mirror-Breaker_SB": 963, "Arena of Glory": 117, "Blazing Rootwalla": 247, "Burning Inquiry": 381, "Detective's Phoenix": 722, "Flameblade Adept": 1066, "Goblin Lore": 1249, "Hollow One": 1431, "Lightning Bolt": 1717, "Stomping Ground": 2811, "Street Wraith": 2826, "Vengevine": 3301, "Wooded Foothills": 3439, "Cursed Totem_SB": 629, "Meltdown_SB": 1851, "Obsidian Charmaw_SB": 2030, "Arid Mesa": 122, "Barbarian Ring": 191, "Sunbaked Canyon": 2842, "Eidolon of the Great Revel": 853, "Goblin Guide": 1248, "Lava Spike": 1682, "Rift Bolt": 2391, "Searing Blaze": 2540, "Skewer the Critics": 2644, "Skullcrack": 2656, "Flare of Duplication": 1071, "Smash to Smithereens_SB": 2684, "Faerie Macabre_SB": 973, "Ensnaring Bridge_SB": 900, "Primeval Titan": 2205, "Arboreal Grazer": 98, "Dryad of the Ilysian Grove": 820, "Dryad Arbor": 817, "Amulet of Vigor": 59, "Summoner's Pact": 2839, "Green Sun's Zenith": 1289, "Explore": 948, "Scapeshift": 2507, "Boseiju, Who Endures": 306, "Crumbling Vestige": 611, "Lotus Field": 1768, "Gruul Turf": 1305, "Simic Growth Chamber": 2633, "Hanweir Battlements": 1329, "Echoing Deeps": 846, "Mirrorpool": 1887, "Shifting Woodland": 2597, "Otawara, Soaring City": 2069, "Urza's Saga": 3254, "Valakut, the Molten Pinnacle": 3259, "Vesuva": 3303, "Tolaria West": 3098, "Urza's Cave": 3251, "Bojuka Bog_SB": 284, "Defense Grid_SB": 688, "Endurance_SB": 884, "Force of Vigor_SB": 1096, "Dismember_SB": 744, "Tireless Tracker_SB": 3083, "Vampires' Vengeance_SB": 3283, "Collector Ouphe_SB": 533, "Indomitable Creativity": 1480, "Prismatic Ending": 2208, "Wrenn and Six": 3448, "Fable of the Mirror-Breaker": 962, "Blood Crypt": 255, "Sacred Foundry": 2466, "Xander's Lounge": 3453, "Jetmir's Garden": 1565, "Dwarven Mine": 834, "Flooded Strand": 1080, "Boseiju, Who Endures_SB": 307, "Toxic Deluge_SB": 3115, "Hurkyl's Recall_SB": 1456, "Damping Sphere_SB": 640, "Cling to Dust": 521, "Harbinger of the Seas": 1331, "Marsh Flats": 1832, "Murktide Regent": 1956, "Preordain": 2199, "Thought Scour": 3029, "Engineered Explosives_SB": 897, "Mystical Dispute_SB": 1964, "Spell Pierce_SB": 2729, "The Meathook Massacre_SB": 2982, "Orcish Bowmasters": 2059, "Ocelot Pride": 2034, "Godless Shrine": 1254, "Guide of Souls": 1310, "Seasoned Pyromancer": 2552, "Ajani, Nacatl Pariah": 42, "Phelia, Exuberant Shepherd": 2138, "Phlage, Titan of Fire's Fury": 2139, "Galvanic Discharge": 1150, "Goblin Bombardment": 1245, "Thraben Charm": 3036, "Orim's Chant_SB": 2060, "Wrath of the Skies_SB": 3444, "Thoughtseize_SB": 3033, "Showdown of the Skalds_SB": 2616, "Wear // Tear_SB": 3394, "Legion Loyalist": 1694, "Goblin Bushwhacker": 1246, "Devastating Summons": 725, "Reckless Bushwhacker": 2313, "Goblin Grenade": 1247, "Goblin Piledriver": 1251, "Mogg War Marshal": 1905, "Skirk Prospector": 2645, "Foundry Street Denizen": 1112, "Den of the Bugbear": 709, "Sokenzan, Crucible of Defiance": 2693, "Tormod's Crypt_SB": 3110, "Shattering Spree_SB": 2588, "Blood Moon_SB": 257, "Magus of the Moon_SB": 1800, "Reality Hemorrhage_SB": 2305, "Consider": 560, "Graveyard Trespasser": 1277, "Exquisite Firecraft_SB": 950, "Searing Blood_SB": 2541, "Tunnel Ignus_SB": 3147, "Ragavan, Nimble Pilferer": 2259, "Static Prison": 2785, "Showdown of the Skalds": 2615, "Windswept Heath": 3420, "Fear, Fire, Foes!_SB": 1014, "Drannith Magistrate_SB": 802, "Stony Silence_SB": 2812, "Vexing Bauble": 3309, "Hexdrinker_SB": 1404, "Colossal Skyturtle_SB": 542, "Generous Ent_SB": 1166, "Grist, the Hunger Tide_SB": 1299, "Chained to the Rocks": 465, "Chained to the Rocks_SB": 466, "Ragavan, Nimble Pilferer_SB": 2260, "Ziatora's Proving Ground": 3469, "Veil of Summer_SB": 3293, "Terastodon_SB": 2936, "Giant Growth_SB": 1196, "Talion, the Kindly Lord": 2904, "Slice from the Shadows": 2677, "Come Back Wrong": 547, "Glassworks // Shattered Yard": 1223, "Beamtown Beatstick": 206, "Diamond Pick-Axe": 732, "Sunfire Torch": 2848, "Celestial Armor": 459, "Carrot Cake_SB": 424, "Edgewall Inn": 849, "Grievous Wound_SB": 1295, "Goliath Hatchery_SB": 1262, "Cathartic Parting_SB": 444, "Balmor, Battlemage Captain": 181, "Bria, Riptide Rogue": 347, "Freeze in Place": 1117, "Relic's Roar": 2346, "Run Away Together_SB": 2447, "Scalding Viper_SB": 2504, "Over the Edge_SB": 2078, "Poison Dart Frog_SB": 2180, "Defabricate": 684, "Grand Abolisher": 1270, "Unnerving Grasp": 3217, "Hellspur Posse Boss_SB": 1383, "Halo Hopper": 1326, "Harrier Strix": 1342, "Snaremaster Sprite": 2690, "The Filigree Sylex": 2965, "Living Phone": 1737, "Hardened Escort": 1337, "Unsettling Twins": 3221, "Holy Cow": 1433, "Unsettling Twins_SB": 3222, "Raccoon Rallier_SB": 2252, "Feather of Flight_SB": 1017, "Rogue's Passage_SB": 2425, "Possessed Goat_SB": 2194, "The Jolly Balloon Man_SB": 2976, "Hammerhand_SB": 1328, "Heartfire Hero_SB": 1366, "Inti, Seneschal of the Sun_SB": 1508, "Pests of Honor": 2135, "Nettle Guard": 1980, "Three Blind Mice": 3045, "Dauntless Dismantler_SB": 646, "Phoenix Chick_SB": 2141, "Twinferno_SB": 3155, "Sure Strike_SB": 2857, "Gleaming Barrier": 1225, "Gleaming Barrier_SB": 1226, "Solemn Simulacrum_SB": 2695, "Charge of the Mites_SB": 482, "Keldon Flamesage": 1609, "Brambleguard Captain": 326, "Johann, Apprentice Sorcerer": 1572, "Kraum, Violent Cacophony": 1660, "Razzle-Dazzler": 2304, "Vesuvan Drifter": 3304, "Thopter Mechanic": 3023, "Nightwhorl Hermit": 1991, "Iron-Fist Pulverizer": 1543, "Pyrotechnic Performer": 2235, "Fear of Burning Alive": 999, "Molten Tributary": 1913, "Stop Cold": 2813, "Mishra's Command_SB": 1893, "Plan the Heist_SB": 2173, "Sleight of Hand_SB": 2676, "Kellan, Planar Trailblazer_SB": 1618, "Trick Shot_SB": 3138, "Violent Urge_SB": 3320, "Involuntary Cooldown_SB": 1539, "Out of Air_SB": 2070, "Heartfire Immolator": 1367, "Dwarven Forge-Chanter": 833, "Whiskerquill Scribe": 3402, "Sure Strike": 2856, "Ghitu Amplifier": 1184, "Furious Bellow": 1138, "Ancestors' Aid": 65, "Fynn, the Fangbearer_SB": 1144, "Make Your Move_SB": 1803, "Harbinger of the Tides": 1333, "Harbinger of the Tides_SB": 1334, "Pile On_SB": 2161, "Cat Collector": 441, "Bottomless Pool && Locker Room_SB": 311, "Growing Rites of Itlimoc": 1301, "Flowstone Infusion": 1091, "Jump Scare": 1577, "Niko, Light of Hope": 1993, "Tunnel Surveyor": 3148, "Stalked Researcher": 2773, "Fear of Isolation_SB": 1006, "Into the Roil": 1513, "Into the Roil_SB": 1514, "Ayara, Widow of the Realm": 168, "Throw from the Saddle": 3058, "Arachnoid Adaptation": 94, "Longstalk Brawl_SB": 1752, "Thrill of Possibility_SB": 3056, "Season of Gathering": 2544, "Warren Warleader": 3384, "Seasoned Warrenguard_SB": 2554, "Lionheart Glimmer_SB": 1731, "Horrid Vigor_SB": 1444, "Omnivorous Flytrap_SB": 2050, "Roc Hunter": 2419, "Feldon, Ronom Excavator": 1027, "Scalding Viper": 2503, "Trial of Agony_SB": 3135, "Adventuring Gear_SB": 20, "Vicious Clown_SB": 3315, "Fear of Being Hunted_SB": 998, "Rite of the Dragoncaller_SB": 2403, "Splash Portal_SB": 2753, "Ghostly Dancers": 1189, "Demonic Pact_SB": 706, "Valorous Stance": 3277, "Lodestone Needle": 1745, "Sawblade Skinripper_SB": 2498, "Zephyr Singer": 3465, "Cunning Coyote_SB": 624, "Lunar Convocation_SB": 1777, "Bartolom\u00e9 del Presidio_SB": 197, "Valley Rotcaller_SB": 3274, "Bloodghast": 262, "Debris Beetle": 671, "Wastewood Verge": 3387, "Vein Ripper_SB": 3295, "Ketramose, the New Dawn": 1622, "Bleachbone Verge": 248, "Intimidation Tactics": 1509, "Grim Bauble": 1297, "Momentum Breaker": 1919, "Spell Pierce": 2728, "Outpace Oblivion_SB": 2075, "Ride's End": 2389, "Molt Tender": 1907, "Draconautics Engineer": 780, "Loot, the Pathfinder": 1755, "Afterburner Expert": 28, "Dredger's Insight": 811, "Restless Spire_SB": 2379, "Oildeep Gearhulk_SB": 2037, "Oildeep Gearhulk": 2036, "Haunt the Network_SB": 1350, "Sunbillow Verge": 2843, "Eriette of the Charmed Apple": 908, "Surgical Suite // Hospital Room_SB": 2866, "Thousand Moons Smithy": 3034, "Transmutation Font": 3124, "Braided Net_SB": 320, "Willowrush Verge": 3414, "Defend the Rider": 686, "Hazoret, Godseeker": 1360, "Monument to Endurance": 1932, "Gleeful Demolition_SB": 1229, "Chandra, Spark Hunter_SB": 474, "Diversion Unit": 760, "Riptide Gearhulk": 2396, "Voyage Home": 3356, "Perilous Snare": 2128, "Esoteric Duplicator": 919, "Repurposing Bay": 2356, "Diversion Unit_SB": 761, "Aether Syphon_SB": 25, "Monument to Endurance_SB": 1933, "Riverchurn Monument": 2408, "Explosive Derailment_SB": 949, "Overlord of the Hauntwoods_SB": 2089, "Captain Howler, Sea Scourge": 413, "Marauding Mako": 1823, "Scrounging Skyray": 2533, "Riverpyre Verge": 2411, "Phyrexian Dragon Engine": 2146, "Gastal Thrillroller": 1160, "Mishra's Command": 1892, "Greasewrench Goblin": 1279, "Bounce Off": 315, "Bounce Off_SB": 316, "Optimistic Scavenger_SB": 2055, "Brightglass Gearhulk": 350, "Voyager Glidecar": 3357, "Chandra, Spark Hunter": 473, "Grim Bauble_SB": 1298, "Momentum Breaker_SB": 1920, "The Aetherspark": 2950, "Nesting Bot": 1978, "Howlsquad Heavy": 1447, "Count on Luck_SB": 594, "Mendicant Core, Guidelight": 1853, "Mu Yanling, Wind Rider": 1947, "Agonasaur Rex": 35, "Sandstalker Moloch_SB": 2478, "Intimidation Tactics_SB": 1510, "Transit Mage": 3123, "Overgrown Zealot": 2081, "Conduit of Worlds_SB": 555, "Lightwheel Enhancements": 1722, "Memory Guardian": 1852, "The Speed Demon_SB": 3000, "Lumbering Worldwagon": 1771, "Mindspring Merfolk": 1876, "Lifecraft Engine": 1714, "Caelorna, Coral Tyrant_SB": 394, "Overrun": 2094, "Burnout Bashtronaut": 383, "Gastal Thrillseeker": 1162, "The Speed Demon": 2999, "The Last Ride": 2979, "Amonkhet Raceway": 58, "Ancient Vendetta_SB": 70, "Demonic Junker": 703, "Nexus of Becoming": 1986, "Webstrike Elite_SB": 3398, "Gastal Thrillroller_SB": 1161, "Regal Imperiosaur": 2338, "Tyrox, Saurid Tyrant": 3169, "Tomik, Wielder of Law_SB": 3105, "Engine Rat": 895, "Teysa, Opulent Oligarch": 2947, "Gonti, Night Minister": 1263, "Muraganda Raceway": 1953, "Zephyr Singer_SB": 3466, "Ratadrabik of Urborg": 2289, "Gumdrop Poisoner": 1314, "Broadside Barrage": 361, "Boosted Sloop": 301, "Broadside Barrage_SB": 362, "Thopter Fabricator_SB": 3022, "Voyager Glidecar_SB": 3358, "Debris Beetle_SB": 672, "Fuel the Flames": 1129, "Skycrash": 2658, "Fuel the Flames_SB": 1130, "Dropkick Bomber": 814, "Quag Feast": 2239, "Gastal Raider_SB": 1159, "Invasion of Regatha_SB": 1531, "Ketramose, the New Dawn_SB": 1623, "Locust Spray": 1744, "The Skullspore Nexus": 2997, "Intrepid Paleontologist_SB": 1516, "Thunderous Velocipede": 3068, "Spectacular Pileup": 2721, "Coalstoke Gearhulk_SB": 525, "Bringer of the Last Gift": 355, "Terisian Mindbreaker": 2937, "Skitterbeam Battalion": 2647, "Blast Zone_SB": 243, "Heliod, the Radiant Dawn": 1378, "Twinblade Blessing": 3153, "Thalia and The Gitrog Monster_SB": 2949, "Ride's End_SB": 2390, "Zahur, Glory's Past": 3463, "Spectral Interference_SB": 2726, "Say Its Name_SB": 2500, "Stock Up": 2803, "Spectacular Pileup_SB": 2722, "Gas Guzzler": 1157, "Far Fortune, End Boss": 988, "Overrun_SB": 2095, "Wardens of the Cycle_SB": 3379, "Painful Quandary_SB": 2105, "Leaf-Crowned Visionary_SB": 1689, "Mossborn Hydra_SB": 1940, "Collision Course_SB": 539, "Sazacap's Brew": 2501, "Invasion of Mercadia": 1529, "Playful Shove": 2175, "Red Sun's Twilight_SB": 2325, "Coiling Rebirth_SB": 529, "Restless Anchorage_SB": 2367, "Webstrike Elite": 3397, "Defend the Rider_SB": 687, "Fearless Swashbuckler": 1015, "Unctus, Grand Metatect": 3187, "The Aetherspark_SB": 2951, "Melira, the Living Cure_SB": 1850, "Bloated Contaminator_SB": 254, "Mishra, Claimed by Gix": 1895, "Perilous Snare_SB": 2129, "Claim Jumper": 507, "Starscape Cleric_SB": 2781, "Flotsam // Jetsam_SB": 1086, "Soul of Windgrace": 2707, "Expel the Interlopers_SB": 943, "Visage of Dread": 3332, "Pit Automaton": 2166, "Visage of Dread_SB": 3333, "The Last Ride_SB": 2980, "Jodah, the Unifier_SB": 1570, "Basri, Tomorrow's Champion": 201, "Skyseer's Chariot_SB": 2665, "Unstable Glyphbridge_SB": 3224, "Ancient Vendetta": 69, "Full Throttle_SB": 1133, "Loot, the Key to Everything_SB": 1754, "Loot, the Pathfinder_SB": 1756, "Lassoed by the Law_SB": 1676, "Quag Feast_SB": 2240, "Third Path Iconoclast_SB": 3016, "Ashiok, Wicked Manipulator_SB": 135, "Rampaging Raptor": 2280, "Agonasaur Rex_SB": 36, "Dune Drifter": 822, "Shoreline Looter": 2614, "Engine Rat_SB": 896, "Essence Channeler_SB": 921, "Visage Bandit": 3331, "Waxen Shapethief": 3391, "Coalstoke Gearhulk": 524, "Lunar Insight": 1778, "Sword of Forge and Frontier_SB": 2881, "Become Brutes": 211, "Spring-Loaded Sawblades_SB": 2762, "Urza's Command_SB": 3252, "Dive Down": 758, "Caradora, Heart of Alacria": 417, "Veteran Beastrider": 3306, "Skyseer's Chariot": 2664, "Valor's Flagship": 3275, "The Elder Dragon War_SB": 2958, "Kellan, Inquisitive Prodigy_SB": 1616, "Veteran Survivor": 3307, "Twining Twins": 3157, "Threadbind Clique": 3043, "Boommobile_SB": 298, "Radiant Lotus_SB": 2256, "Boommobile": 297, "Forging the Anchor": 1103, "Radiant Lotus": 2255, "The Mightstone and Weakstone_SB": 2984, "Bloodthorn Flail": 270, "Flamewake Phoenix": 1069, "Cryptcaller Chariot_SB": 613, "Spiteful Hexmage_SB": 2751, "Riverchurn Monument_SB": 2409, "Riptide Gearhulk_SB": 2397, "Volley Veteran": 3350, "Redshift, Rocketeer Chief": 2329, "Thopter Fabricator": 3021, "Furnace Host Charger": 1139, "Clamorous Ironclad": 511, "Wishing Well": 3428, "Frolicking Familiar": 1122, "Alania, Divergent Storm": 48, "Resplendent Angel_SB": 2362, "Tinker's Tote": 3076, "Cephalopod Sentry": 463, "Haunt the Network": 1349, "Sorcerous Spyglass": 2701, "Demonic Junker_SB": 704, "Marketback Walker_SB": 1831, "Marketback Walker": 1830, "Sylvan Scavenging": 2887, "Sab-Sunen, Luxa Embodied": 2464, "Simian Simulacrum": 2632, "Gargantuan Leech": 1152, "Captivating Cave": 416, "Promising Vein": 2217, "Hidden Courtyard": 1407, "Bat Colony": 202, "Calamitous Cave-In": 395, "Hidden Volcano": 1411, "Leyline Binding_SB": 1704, "Reluctant Role Model": 2347, "Bulwark Ox": 376, "Reluctant Role Model_SB": 2348, "Boom Box": 295, "Possession Engine": 2195, "Conduit of Worlds": 554, "Broadcast Rambler": 360, "Broodheart Engine": 364, "Daretti, Rocketeer Engineer": 641, "Threefold Thunderhulk": 3053, "Tune Up": 3146, "Meteor Golem_SB": 1859, "Market Gnome_SB": 1829, "Gastal Raider": 1158, "Oviya, Automech Artisan": 2101, "Mold Adder_SB": 1906, "The Goose Mother": 2968, "The Skullspore Nexus_SB": 2998, "Burnout Bashtronaut_SB": 384, "Sovereign Okinec Ahau": 2719, "Gloryheath Lynx": 1238, "The Raven Man": 2991, "The Raven Man_SB": 2992, "Stall Out": 2775, "Stall Out_SB": 2776, "Halana and Alena, Partners_SB": 1320, "Valor's Flagship_SB": 3276, "Tocasia's Welcome_SB": 3097, "Cosmium Confluence": 591, "Festival of Embers": 1043, "Hidden Nursery": 1410, "Balustrade Wurm": 182, "Skycrash_SB": 2659, "Nexus of Becoming_SB": 1987, "Collector's Vault_SB": 537, "Thran Spider_SB": 3041, "Akal Pakal, First Among Equals_SB": 46, "Sab-Sunen, Luxa Embodied_SB": 2465, "Earthrumbler": 840, "Lavaspur Boots_SB": 1684, "Thunderous Velocipede_SB": 3069, "Chitin Gravestalker": 492, "Starving Revenant_SB": 2782, "Stock Up_SB": 2804, "Fear of Infinity_SB": 1004, "Ojer Pakpatiq, Deepest Epoch_SB": 2040, "Oko, the Ringleader": 2041, "Forensic Researcher": 1100, "Deepfathom Echo": 681, "Steamcore Scholar_SB": 2791, "Dredger's Insight_SB": 812, "Fauna Shaman_SB": 993, "Malcator, Purity Overseer": 1807, "Sunder the Gateway": 2844, "Phyrexian Missionary_SB": 2150, "Reject Imperfection_SB": 2342, "Vivisurgeon's Insight_SB": 3337, "Baral and Kari Zev": 190, "Enigma Drake": 898, "Eroded Canyon": 910, "Trained Arynx": 3117, "Ornery Tumblewagg": 2061, "Giant Beaver": 1192, "Lagorin, Soul of Alacria": 1672, "Miriam, Herd Whisperer": 1881, "Congregation Gryff": 558, "Brightfield Glider": 349, "Run Over_SB": 2448, "Night Market": 1989, "Stockpiling Celebrant": 2806, "Carrion Locust_SB": 422, "Skullcap Snail_SB": 2655, "Stockpiling Celebrant_SB": 2807, "Overwhelming Remorse_SB": 2097, "Akal Pakal, First Among Equals": 45, "Forensic Gadgeteer": 1098, "Deduce_SB": 676, "Wreck Remover_SB": 3445, "Brave the Wilds": 332, "Armored Scrapgorger": 127, "Spinewoods Paladin": 2744, "Mocking Sprite": 1902, "Talion's Messenger": 2902, "Barrow Naughty": 195, "Faerie Slumber Party": 976, "Drag the Canal": 781, "Spellscorn Coven": 2735, "Etrata, Deadly Fugitive": 932, "Coerced to Kill": 527, "Unstoppable Plan_SB": 3225, "Shadow-Rite Priest": 2580, "Training Grounds": 3118, "Hoarding Broodlord": 1428, "Nahiri's Warcrafting_SB": 1966, "Oaken Siren": 2023, "Guidelight Optimizer": 1311, "Fountainport Bell": 1114, "Machine Over Matter_SB": 1789, "Crumb and Get It_SB": 610, "Flame Lash": 1065, "Exsanguinate_SB": 952, "Exsanguinate": 951, "Tranquil Cove_SB": 3120, "Syr Ginger, the Meal Ender_SB": 2891, "Legion Extruder_SB": 1693, "Hearth Elemental_SB": 1371, "Furnace Punisher_SB": 1140, "Krenko's Buzzcrusher": 1661, "Ledger Shredder": 1691, "Arclight Phoenix": 116, "Fiery Impulse": 1051, "Lightning Axe": 1716, "Treasure Cruise": 3130, "Riverglide Pathway": 2410, "Hall of Storm Giants": 1321, "Brazen Borrower_SB": 334, "Annul_SB": 86, "Aether Gust_SB": 24, "Anger of the Gods_SB": 74, "Prismari Command_SB": 2207, "Omen of the Sea": 2046, "The Meathook Massacre": 2981, "Narset, Parter of Veils": 1968, "Field of Ruin": 1045, "Geier Reach Sanitarium": 1165, "Urborg, Tomb of Yawgmoth": 3246, "Clearwater Pathway": 518, "Hive of the Eye Tyrant": 1427, "Shipwreck Marsh": 2601, "Takenuma, Abandoned Mire": 2901, "Ashiok, Dream Render_SB": 132, "Yorion, Sky Nomad_SB": 3459, "Ashiok, Nightmare Muse_SB": 133, "Extinction Event_SB": 954, "Unlicensed Hearse_SB": 3213, "Reckless Rage": 2317, "Soul-Scar Mage": 2710, "Ramunap Ruins": 2283, "Cragcrown Pathway": 598, "Mutavault": 1960, "Redcap Melee_SB": 2326, "Blightstep Pathway": 252, "Bloodtithe Harvester": 271, "Blade of the Oni": 236, "Hidetsugu Consumes All_SB": 1413, "Invoke Despair_SB": 1538, "Kroxa, Titan of Death's Hunger": 1665, "Foreboding Ruins": 1097, "Invoke Despair": 1537, "Rakdos, Patron of Chaos": 2270, "Kolaghan's Command_SB": 1650, "Elvish Mystic": 876, "Nykthos, Shrine to Nyx": 2022, "Kiora, Behemoth Beckoner": 1628, "Cavalier of Thorns": 451, "Old-Growth Troll": 2043, "Lair of the Hydra": 1673, "Storm the Festival": 2814, "Ulvenwald Oddity": 3181, "Oath of Nissa": 2025, "Leyline of the Guildpact": 1710, "Emrakul, the Promised End_SB": 882, "Setessan Petitioner_SB": 2578, "Arasta of the Endless Web_SB": 97, "Haunted Ridge": 1352, "Sigarda's Aid": 2623, "Colossus Hammer": 543, "Raffine's Informant": 2257, "Sylvan Caryatid": 2886, "Eldritch Evolution": 857, "Overgrown Tomb": 2080, "Mana Confluence": 1813, "Soulflayer": 2712, "Collective Brutality_SB": 532, "Gifted Aetherborn_SB": 1197, "Bloodline Culling_SB": 266, "Deafening Silence_SB": 666, "Portable Hole_SB": 2190, "Grafdigger's Cage_SB": 1269, "Cauldron Familiar": 446, "Claim the Firstborn": 509, "Deadly Dispute": 663, "Mayhem Devil": 1838, "Witch's Oven": 3431, "Claim the Firstborn_SB": 510, "Ob Nixilis, the Adversary_SB": 2026, "Hallowed Fountain": 1323, "Indatha Triome": 1479, "Spara's Headquarters": 2720, "Zagoth Triome": 3462, "Vanishing Verse": 3288, "Leyline of Sanctity_SB": 1708, "Barrier Breach_SB": 194, "Knockout Blow_SB": 1646, "Dawnwing Marshal": 650, "Bonecrusher Giant": 289, "Burning-Tree Emissary": 382, "Chandra, Torch of Defiance": 475, "Collision // Colossus": 538, "Gruul Spellbreaker": 1304, "Kami's Flare": 1592, "Kumano Faces Kakkazan": 1666, "Pelt Collector": 2126, "Voltaic Brawler": 3352, "Zhur-Taa Goblin": 3468, "Bonecrusher Giant_SB": 290, "Chandra, Torch of Defiance_SB": 476, "Cindervines_SB": 501, "Kami's Flare_SB": 1593, "Roiling Vortex_SB": 2428, "Weathered Runestone_SB": 3396, "Hazoret the Fervent_SB": 1359, "Fetid Pools": 1044, "Yorion, Sky Nomad": 3458, "Greasefang, Okiba Boss": 1278, "Parhelion II": 2113, "Shattered Sanctum": 2587, "Faithful Mending": 977, "Skysovereign, Consul Flagship": 2667, "Tainted Indulgence": 2895, "Collective Brutality": 531, "Raffine's Tower": 2258, "Stubborn Denial": 2833, "Dovin's Veto_SB": 778, "Silence_SB": 2625, "Fatal Push_SB": 991, "Vanishing Verse_SB": 3289, "Go Blank_SB": 1242, "Breeding Pool": 346, "Linvala, the Preserver": 1729, "Enigmatic Incarnation": 899, "Skyclave Apparition": 2657, "Savai Triome": 2492, "Thought Distortion_SB": 3028, "Archon of Emeria_SB": 115, "Ruric Thar, the Unbowed_SB": 2455, "Stormcarved Coast": 2815, "Spikefield Hazard": 2741, "Izzet Charm": 1552, "Prismari Command": 2206, "Voldaren Epicure": 3347, "Ensoul Artifact": 901, "Darksteel Citadel": 645, "Shrapnel Blast": 2617, "Smuggler's Copter": 2685, "Rending Volley_SB": 2351, "Shadowspear_SB": 2581, "Voltage Surge_SB": 3351, "Claim // Fame": 506, "Infuriate": 1488, "Extinction Event": 953, "Castle Locthwain": 440, "Paradoxical Outcome": 2112, "Experimental Frenzy_SB": 946, "Bishop of Wings": 227, "Righteous Valkyrie": 2392, "Resplendent Marshal": 2363, "Collected Company": 530, "Portable Hole": 2189, "Branchloft Pathway": 329, "Cave of the Frost Dragon": 452, "Overgrown Farmland": 2079, "Temple Garden": 2920, "Eiganjo, Seat of the Empire": 854, "Brutal Cathar_SB": 371, "Reidane, God of the Worthy_SB": 2339, "Archon of Absolution_SB": 113, "Shapers' Sanctuary_SB": 2583, "Brave the Elements_SB": 331, "Heroic Intervention_SB": 1401, "Dynamite Diver": 838, "Guidelight Synergist": 1312, "Kolodin, Triumph Caster": 1651, "Burner Rocket": 380, "Cloudspire Skycycle": 523, "Frenzied Goblin": 1118, "Count on Luck": 593, "Doubling Season_SB": 776, "Fanatical Firebrand_SB": 984, "Reckless Lackey_SB": 2316, "Howlsquad Heavy_SB": 1448, "Rundvelt Hordemaster_SB": 2450, "District Mascot": 754, "Shivan Devastator": 2602, "Zimone, Paradox Sculptor": 3470, "Tyvar, the Pummeler_SB": 3178, "Zopandrel, Hunger Dominus_SB": 3474, "Aurelia, the Warleader": 156, "Gilded Ghoda": 1200, "Fear of Infinity": 1003, "Laughing Jasper Flint_SB": 1681, "Rocky Roads": 2422, "Lumbering Worldwagon_SB": 1772, "Cosmic Rebirth_SB": 590, "Etched Familiar": 929, "Drake Hatcher_SB": 798, "Eddymurk Crab_SB": 848, "Mimeoplasm, Revered One": 1873, "Devouring Sugarmaw": 727, "Amalia Benavides Aguirre_SB": 55, "Elas il-Kor, Sadistic Pilgrim_SB": 856, "Fiendish Panda_SB": 1047, "Knight of Dawn's Light_SB": 1639, "Spin Out_SB": 2742, "Ravine Raider_SB": 2297, "Cindering Cutthroat_SB": 500, "Steampath Charger_SB": 2792, "Risky Shortcut_SB": 2400, "Spectral Interference": 2725, "Ruthless Negotiation_SB": 2463, "Map the Frontier": 1818, "No Witnesses_SB": 2005, "Silken Strength": 2628, "Divine Resilience": 762, "Greenhouse // Rickety Gazebo": 1290, "Mirror Room // Fractured Realm": 1886, "Radiant Grove": 2254, "Streetwise Negotiator_SB": 2827, "Winter, Cursed Rider": 3423, "Mondrak, Glory Dominus_SB": 1927, "Become Brutes_SB": 212, "Goblin Oriflamme": 1250, "Spyglass Siren_SB": 2765, "Realm-Scorcher Hellkite": 2306, "Sentinel of Lost Lore_SB": 2568, "Herd Migration_SB": 1396, "Kykar, Zephyr Awakener": 1671, "The Huntsman's Redemption_SB": 2971, "Lathril, Blade of the Elves_SB": 1679, "Gixian Infiltrator_SB": 1214, "Armored Armadillo_SB": 125, "Gloryheath Lynx_SB": 1239, "Threefold Thunderhulk_SB": 3054, "Cryptcaller Chariot": 612, "Case of the Locked Hothouse": 430, "Primeval Bounty": 2203, "Karn, Living Legacy_SB": 1596, "Cursed Recording_SB": 628, "Thirsting Roots": 3017, "Disenchant": 739, "Captain Howler, Sea Scourge_SB": 414, "Gigantosaurus": 1198, "Llanowar Stalker": 1742, "Ghalta, Primal Hunger_SB": 1181, "Gigantosaurus_SB": 1199, "Mindsparker_SB": 1874, "Rangers' Refueler": 2284, "Meeting of Minds": 1847, "Steel Hellkite_SB": 2793, "The Stasis Coffin": 3001, "The Everflowing Well": 2964, "Kellan Joins Up": 1612, "Ovika, Enigma Goliath_SB": 2100, "Quaketusk Boar": 2241, "Bestow Greatness_SB": 218, "Leaping Ambush": 1690, "Raucous Theater_SB": 2295, "Flowstone Infusion_SB": 1092, "Alesha, Who Laughs at Fate_SB": 50, "Agatha of the Vile Cauldron": 32, "Progenitor Exarch": 2212, "Detention Chariot": 724, "Push the Limit": 2231, "Gallant Strike": 1148, "Thundering Broodwagon": 3065, "Primal Might_SB": 2202, "Reckless Handling": 2314, "Stern Lesson": 2797, "Stormkeld Vanguard_SB": 2819, "Moonshaker Cavalry_SB": 1935, "Bramble Familiar_SB": 325, "Annie Joins Up_SB": 83, "Ancient Den": 68, "Boros Garrison": 304, "Experimental Synthesizer": 947, "Galvanic Blast": 1149, "Glint Hawk": 1232, "Great Furnace": 1281, "Journey to Nowhere": 1574, "Kor Skyfisher": 1655, "Lembas": 1697, "Makeshift Munitions": 1806, "Relic of Progenitus": 2344, "Rustvale Bridge": 2459, "Thraben Inspector": 3038, "Dust to Dust_SB": 830, "Electrickery_SB": 858, "Prismatic Strands_SB": 2209, "Pyroblast_SB": 2232, "Red Elemental Blast_SB": 2324, "Relic of Progenitus_SB": 2345, "Boomerang": 296, "Brainstorm": 323, "Cryptic Serpent": 616, "Deep Analysis": 678, "Delver of Secrets": 697, "Dragon Wings": 790, "L\u00f3rien Revealed": 1784, "Mental Note": 1854, "Murmuring Mystic": 1958, "Ponder": 2188, "Sleep of the Dead": 2672, "Snow-Covered Island": 2692, "Blue Elemental Blast_SB": 280, "Deem Inferior_SB": 677, "Dispel_SB": 745, "Hydroblast_SB": 1461, "Jace's Phantasm_SB": 1556, "Murmuring Mystic_SB": 1959, "Sleep of the Dead_SB": 2673, "Radiant Fountain": 2253, "Goldmire Bridge": 1256, "Bojuka Bog": 283, "Orzhov Basilica": 2062, "Sunlit Marsh": 2850, "Troll of Khazad-d\u00fbm": 3141, "Eagles of the North": 839, "Dawnbringer Cleric": 649, "Omen of the Dead": 2045, "Cast Down": 438, "Accursed Marauder": 12, "Refurbished Familiar": 2331, "Vault of Whispers": 3290, "Suffocating Fumes": 2836, "Campfire_SB": 404, "Arms of Hadar_SB": 129, "Unmake_SB": 3214, "Accursed Marauder_SB": 13, "Cast Down_SB": 439, "Beckon Apparition_SB": 210, "Thraben Charm_SB": 3037, "Thorn of the Black Rose_SB": 3024, "Arashin Cleric_SB": 96, "Lazav, Wearer of Faces_SB": 1687, "Harmless Offering_SB": 1340, "Return Triumphant": 2385, "Souls of the Lost_SB": 2715, "Slickshot Lockpicker_SB": 2679, "Flashfreeze": 1072, "Sunpearl Kirin": 2851, "Heritage Reclamation_SB": 1398, "Magmatic Hellkite_SB": 1797, "Interface Ace": 1506, "Synchronized Charge": 2889, "Surrak, Elusive Hunter": 2869, "Surrak, Elusive Hunter_SB": 2870, "Elspeth, Storm Slayer": 870, "Rally the Monastery": 2278, "Cori Mountain Monastery": 576, "Dispelling Exhale": 746, "Jeskai Revelation": 1563, "Marang River Regent": 1819, "Shiko, Paragon of the Way": 2598, "Tersa Lightshatter": 2944, "Cori-Steel Cutter": 577, "Jeskai Revelation_SB": 1564, "Voice of Victory_SB": 3341, "Herd Heirloom": 1393, "Sage of the Skies_SB": 2468, "Sandsteppe Citadel": 2479, "Skirmish Rhino": 2646, "Elspeth, Storm Slayer_SB": 871, "United Battlefront": 3212, "Desperate Measures": 718, "Rot-Curse Rakshasa": 2433, "Winternight Stories": 3424, "Auroral Procession": 157, "Opulent Palace": 2056, "Rakshasa's Bargain": 2273, "Glacial Dragonhunt": 1216, "Mistrise Village": 1898, "Tersa Lightshatter_SB": 2945, "Rediscover the Way": 2327, "Kishla Village": 1632, "Restless Vents_SB": 2381, "Roiling Dragonstorm": 2426, "Gilded Lotus_SB": 1201, "Magmatic Hellkite": 1796, "Sarkhan, Dragon Ascendant": 2489, "Pit of Offerings": 2167, "Static Snare_SB": 2787, "Kayla's Reconstruction_SB": 1606, "Cori-Steel Cutter_SB": 578, "Unending Whisper": 3201, "Mystic Monastery": 1963, "Stormshriek Feral": 2820, "Stormshriek Feral_SB": 2821, "Wild Ride": 3408, "Gulping Scraptrap": 1313, "Tempest Hawk": 2919, "Frontline Rush": 1125, "Static Snare": 2786, "Flamehold Grappler": 1068, "Cooped Up": 568, "Fresh Start_SB": 1120, "Two-Headed Hunter_SB": 3167, "Frostcliff Siege": 1127, "Duty Beyond Death_SB": 832, "Dalkovan Encampment": 637, "Frontier Bivouac": 1123, "Dragonologist": 796, "Scavenger Regent_SB": 2512, "Caustic Exhale": 449, "Disruptive Stormbrood": 748, "Scavenger Regent": 2509, "Qarsi Revenant_SB": 2238, "Bulwark Ox_SB": 377, "Ugin, Eye of the Storms": 3179, "Ugin, Eye of the Storms_SB": 3180, "New Way Forward": 1984, "Awaken the Honored Dead": 163, "Bloomvine Regent": 275, "Scavenger Regent // Exude Toxin // Scavenger Regent": 2510, "Teval, Arbiter of Virtue": 2946, "Caustic Exhale_SB": 450, "Fangkeeper's Familiar_SB": 987, "Mandible Justiciar": 1814, "Dragon Sniper": 787, "Nature's Rhythm": 1971, "Broken Wings_SB": 363, "Voidwing Hybrid": 3342, "Torpor Orb": 3111, "Mercurial Spelldancer": 1856, "Blightbelly Rat_SB": 251, "Devoted Duelist": 726, "Prowcatcher Specialist_SB": 2221, "Fortress Kin-Guard": 1108, "Salt Road Packbeast": 2474, "Inspiring Overseer_SB": 1503, "Salt Road Packbeast_SB": 2475, "Slumbering Keepguard": 2682, "The Princess Takes Flight": 2989, "Keldon Strike Team": 1610, "Sidisi, Regent of the Mire": 2621, "Gingerbrute_SB": 1204, "Undergrowth Leopard_SB": 3196, "Temur Tawnyback": 2934, "Eshki Dragonclaw": 918, "Spinewoods Paladin_SB": 2745, "Encroaching Dragonstorm": 883, "Drakuseth, Maw of Flames": 799, "Breaching Dragonstorm": 338, "Molten Exhale": 1911, "Molten Exhale_SB": 1912, "Kishla Skimmer": 1631, "Roar of Endless Song_SB": 2414, "Great Arashin City": 1280, "Maelstrom of the Spirit Dragon": 1792, "Songcrafter Mage": 2699, "Death Begets Life_SB": 667, "Qarsi Revenant": 2237, "Spectral Denial": 2723, "Overwhelming Surge_SB": 2099, "Corroding Dragonstorm": 581, "Clarion Conqueror_SB": 514, "Voice of Victory": 3340, "Bleachbone Verge_SB": 249, "Sage of the Skies": 2467, "Heritage Reclamation": 1397, "Helga, Skittish Seer": 1376, "Helga, Skittish Seer_SB": 1377, "Rakshasa's Bargain_SB": 2274, "Mistrise Village_SB": 1899, "Winternight Stories_SB": 3425, "Case of the Pilfered Proof": 432, "Coordinated Maneuver_SB": 571, "Craterhoof Behemoth": 600, "Craterhoof Behemoth_SB": 601, "Descendant of Storms": 711, "Severance Priest": 2579, "Yathan Roadwatcher": 3455, "Animist's Might": 77, "Marang River Regent_SB": 1820, "Stadium Headliner": 2771, "Scavenger Regent // Exude Toxin // Scavenger Regent_SB": 2511, "Don't Make a Sound_SB": 769, "Twists and Turns_SB": 3163, "Behind the Mask": 214, "Strategic Betrayal_SB": 2825, "Channeled Dragonfire": 479, "Seedglaive Mentor": 2558, "Sagu Wildling": 2469, "Dragonback Assault": 791, "Simulacrum Synthesizer_SB": 2636, "Ureni, the Song Unending": 3247, "Ringing Strike Mastery_SB": 2394, "Spectral Denial_SB": 2724, "Shiko, Paragon of the Way_SB": 2599, "Ureni, the Song Unending_SB": 3248, "Dispelling Exhale_SB": 747, "Twinmaw Stormbrood": 3158, "Fangkeeper's Familiar": 986, "Sinkhole Surveyor": 2638, "Muldrotha, the Gravetide_SB": 1952, "Roiling Dragonstorm_SB": 2427, "Fleeting Effigy": 1074, "Glacierwood Siege": 1218, "Disruptive Stormbrood_SB": 749, "Tinybones, Bauble Burglar_SB": 3080, "Dire Flail": 735, "Skullcap Snail": 2654, "Harried Spearguard": 1341, "Toxin Analysis_SB": 3116, "Rediscover the Way_SB": 2328, "Desperate Measures_SB": 719, "New Way Forward_SB": 1985, "Rotisserie Elemental_SB": 2434, "Dalkovan Packbeasts": 638, "Coordinated Maneuver": 570, "Mardu Devotee": 1825, "Warren Warleader_SB": 3385, "Toby, Beastie Befriender_SB": 3094, "Mardu Devotee_SB": 1826, "Resolute Reinforcements_SB": 2360, "Triumphant Chomp_SB": 3140, "Rampaging Raptor_SB": 2281, "Earthshaker Dreadmaw_SB": 842, "Temur Battlecrier": 2933, "Strategic Betrayal": 2824, "Dinotomaton": 734, "Dragon Whelp": 789, "Firespitter Whelp": 1064, "Mox Jasper": 1946, "Shivan Dragon": 2603, "Viashino Branchrider_SB": 3311, "Firebrand Archer_SB": 1060, "Twin Bolt_SB": 3152, "Rumbling Rockslide_SB": 2446, "Skyraker Giant_SB": 2663, "Breaching Dragonstorm_SB": 339, "Drakuseth, Maw of Flames_SB": 800, "Ticket Booth // Tunnel of Hate_SB": 3072, "All-Out Assault": 51, "Inevitable Defeat": 1481, "Neriv, Heart of the Storm": 1977, "Zurgo, Thunder's Decree": 3483, "Inevitable Defeat_SB": 1482, "Thunder of Unity_SB": 3064, "Windcrag Siege_SB": 3419, "Zurgo's Vanguard": 3482, "Duty Beyond Death": 831, "Kheru Goldkeeper": 1625, "Ambling Stormshell": 56, "Bedrock Tortoise": 213, "Ainok Wayfarer": 38, "Overwhelming Surge": 2098, "Stern Lesson_SB": 2798, "Rabid Bite": 2249, "Polliwallop": 2182, "Felothar, Dawn of the Abzan": 1038, "Channeled Dragonfire_SB": 480, "Corroding Dragonstorm_SB": 582, "Oracle of Tragedy_SB": 2058, "Mardu Siegebreaker": 1827, "Floriferous Vinewall": 1085, "Combat Courier": 544, "Itzquinth, Firstborn of Gishath_SB": 1548, "Intrepid Stablemaster": 1517, "Guardian Sunmare": 1306, "Treacherous Greed": 3129, "Twitching Doll_SB": 3165, "Under the Skin_SB": 3191, "Break the Spell": 343, "Skyserpent Seeker_SB": 2666, "Clarion Conquerer_SB": 512, "Commune with Nature": 551, "Coordinated Clobbering": 569, "Take the Fall_SB": 2900, "Serum Snare_SB": 2575, "Infectious Bite_SB": 1484, "Stasis Snare": 2783, "Tomb Trawler": 3103, "Mondrak, Glory Dominus": 1926, "Moment of Truth_SB": 1918, "Helping Hand_SB": 1386, "Adarkar Wastes_SB": 19, "Floodfarm Verge_SB": 1082, "Meticulous Archive_SB": 1861, "Seachrome Coast_SB": 2537, "Hurkyl, Master Wizard_SB": 1457, "Take Out the Trash_SB": 2897, "Runescale Stormbrood": 2452, "Lord Skitter's Blessing": 1761, "Ayli, Eternal Pilgrim_SB": 170, "Nullpriest of Oblivion_SB": 2019, "Stoic Sphinx": 2808, "Glarb, Calamity's Augur_SB": 1220, "Terror of the Peaks_SB": 2943, "Calamity, Galloping Inferno_SB": 398, "Kickoff Celebrations": 1626, "Clarion Conqueror // Clarion Conqueror_SB": 513, "Ghostly Dancers_SB": 1190, "Combat Thresher": 546, "Windcrag Siege": 3418, "Glacial Dragonhunt_SB": 1217, "Nomad Outpost": 2006, "Sonic Shrieker": 2700, "The Sibsig Ceremony": 2996, "Purging Stormbrood_SB": 2228, "Confounding Riddle_SB": 557, "Anafenza, Unyielding Lineage": 62, "Taurean Mauler": 2911, "Clay Champion": 516, "Nesting Bot_SB": 1979, "Restricted Office // Lecture Hall_SB": 2384, "Herd Heirloom_SB": 1394, "Dragonfire Blade": 792, "Monastery Messenger": 1923, "Fires of Victory_SB": 1063, "Bovine Intervention": 317, "Convenient Target_SB": 567, "Heliod, the Radiant Dawn_SB": 1379, "Watcher of the Wayside": 3388, "Twinmaw Stormbrood_SB": 3159, "Riling Dawnbreaker": 2393, "Awaken the Honored Dead_SB": 164, "Vampiric Rites_SB": 3285, "Fear of Lost Teeth_SB": 1008, "Bloodghast_SB": 263, "Vampire Gourmand_SB": 3280, "Shocking Sharpshooter": 2608, "Melek, Reforged Researcher": 1848, "Pyrrhic Blast": 2236, "Invasion of Ikoria": 1525, "Warden of the Grove": 3376, "Thunder of Unity": 3063, "Shock Brigade": 2606, "Frontline Rush_SB": 1126, "Dalkovan Packbeasts_SB": 639, "Descendant of Storms_SB": 712, "Worthy Cost_SB": 3443, "War Effort_SB": 3373, "Shocking Sharpshooter_SB": 2609, "Yarus, Roar of the Old Gods": 3454, "Sinkhole Surveyor_SB": 2639, "Branch of Vitu-Ghazi": 327, "Dragon Sniper_SB": 788, "Unyielding Gatekeeper_SB": 3235, "Osseous Exhale": 2064, "Frostcliff Siege_SB": 1128, "Unscrupulous Contractor": 3220, "Gearbane Orangutan_SB": 1164, "Servant of the Stinger_SB": 2577, "Blue Sun's Twilight": 281, "Deadly Riposte": 664, "Derelict Attic // Widow's Walk_SB": 710, "Spring Splasher": 2760, "Norn's Wellspring": 2010, "Case of the Uneaten Feast_SB": 437, "Reigning Victor": 2340, "Worthy Cost": 3442, "Bone-Cairn Butcher": 288, "Salt Road Skirmish": 2476, "Starry-Eyed Skyrider": 2779, "Dirgur Island Dragon": 737, "Aatchik, Emerald Radian": 0, "Rise of the Varmints": 2399, "Undergrowth Leopard": 3195, "Grasping Longneck_SB": 1276, "Watcher of the Wayside_SB": 3389, "Return Triumphant_SB": 2386, "Narset, Jeskai Waymaster": 1967, "Annihilating Glare_SB": 85, "Three Blind Mice_SB": 3046, "Lasyd Prowler": 1677}}