{"vocabulary": {"Anoint with Affliction": 89, "Cut Down": 625, "Darkslick Shores": 638, "Deep-Cavern Bat": 675, "Enduring Curiosity": 888, "Faerie Mastermind": 976, "Floodpits Drowner": 1087, "Fountainport": 1117, "Gloomlake Verge": 1236, "Go for the Throat": 1243, "Island": 1542, "Kaito, Bane of Nightmares": 1580, "Phantom Interference": 2142, "Preacher of the Schism": 2205, "Restless Reef": 2381, "Spyglass Siren": 2770, "Swamp": 2879, "Underground River": 3198, "Anoint with Affliction_SB": 90, "Duress_SB": 824, "Ghost Vacuum_SB": 1188, "Gix's Command_SB": 1211, "Kaito, Bane of Nightmares_SB": 1581, "Malicious Eclipse_SB": 1809, "Negate_SB": 1973, "Phyrexian Fleshgorger_SB": 2154, "Sheoldred, the Apocalypse_SB": 2598, "Tishana's Tidebinder_SB": 3090, "Analyze the Pollen": 65, "Blooming Marsh": 265, "Botanical Sanctum": 301, "Bushwhack": 380, "Copperline Gorge": 565, "Duress": 823, "Enduring Vitality": 894, "Fabled Passage": 966, "Forest": 1105, "Mountain": 1940, "Nowhere to Run": 2017, "Questing Druid": 2249, "Roaring Furnace && Steaming Sauna": 2423, "Song of Totentanz": 2702, "Stormchaser's Talent": 2824, "Tarnation Vista": 2915, "This Town Ain't Big Enough": 3025, "Thundertrap Trainer": 3074, "Torch the Tower": 3110, "Up the Beanstalk": 3240, "Valley Floodcaller": 3273, "Go for the Throat_SB": 1244, "Herbology Instructor_SB": 1390, "Pawpatch Formation_SB": 2123, "Pyroclasm_SB": 2241, "Tear Asunder_SB": 2922, "Up the Beanstalk_SB": 3241, "Aclazotz, Deepest Betrayal": 15, "Archfiend of the Dross": 111, "Cruelclaw's Heist": 601, "Demolition Field": 696, "Gix's Command": 1210, "Glissa Sunslayer": 1233, "Harvester of Misery": 1343, "Llanowar Wastes": 1740, "Maelstrom Pulse": 1786, "Mosswood Dreadknight": 1938, "Restless Cottage": 2378, "Scavenging Ooze": 2517, "Sheoldred, the Apocalypse": 2597, "Tear Asunder": 2921, "Tranquil Frillback": 3125, "Underground Mortuary": 3196, "Harvester of Misery_SB": 1344, "Maelstrom Pulse_SB": 1787, "Nissa, Ascended Animist_SB": 1997, "Vivien Reid_SB": 3340, "Bitter Reunion": 223, "Karplusan Forest": 1595, "Pawpatch Formation": 2122, "Yavimaya Coast": 3462, "Dissection Tools_SB": 749, "Floodpits Drowner_SB": 1088, "Scorching Dragonfire_SB": 2521, "Screaming Nemesis_SB": 2533, "Burst Lightning": 378, "Emberheart Challenger": 877, "Heartfire Hero": 1364, "Hired Claw": 1422, "Lightning Strike": 1717, "Manifold Mouse": 1813, "Monastery Swiftspear": 1921, "Monstrous Rage": 1927, "Rockface Village": 2428, "Screaming Nemesis": 2532, "Witchstalker Frenzy": 3438, "Lithomantic Barrage_SB": 1730, "Sunspine Lynx_SB": 2863, "Torch the Tower_SB": 3111, "Twisted Fealty_SB": 3165, "Urabrask's Forge_SB": 3244, "Archangel Elspeth": 103, "Beza, the Bounding Spring": 214, "Caretaker's Talent": 410, "Carrot Cake": 415, "Enduring Innocence": 890, "Get Lost": 1172, "Lay Down Arms": 1682, "Overlord of the Mistmoors": 2094, "Plains": 2178, "Soul Partition": 2709, "Sunfall": 2854, "Sunken Citadel": 2857, "Virtue of Loyalty": 3331, "Authority of the Consuls_SB": 154, "Boon-Bringer Valkyrie_SB": 292, "Elspeth's Smite_SB": 868, "Exorcise_SB": 942, "Rest in Peace_SB": 2373, "Adarkar Wastes": 19, "Battlefield Forge": 196, "Case of the Gateway Express": 420, "Gleeful Demolition": 1228, "Imodane's Recruiter": 1468, "Inspiring Vantage": 1503, "Knight-Errant of Eos": 1640, "Novice Inspector": 2016, "Protect the Negotiators": 2225, "Resolute Reinforcements": 2367, "Seachrome Coast": 2539, "Sheltered by Ghosts": 2592, "Shivan Reef": 2607, "Spirebluff Canal": 2755, "Splitskin Doll": 2763, "Warden of the Inner Sky": 3384, "Destroy Evil_SB": 718, "Disdainful Stroke_SB": 736, "Get Lost_SB": 1173, "Protect the Negotiators_SB": 2226, "Sheltered by Ghosts_SB": 2593, "Llanowar Elves": 1735, "Sentinel of the Nameless City": 2572, "Soulstone Sanctuary": 2722, "Unholy Annex && Ritual Chamber": 3208, "Vivien Reid": 3339, "Choking Miasma_SB": 487, "Dreams of Steel and Oil_SB": 811, "Gix, Yawgmoth Praetor": 1212, "Spectral Sailor": 2733, "Spell Stutter": 2737, "Three Steps Ahead": 3054, "Undercity Sewers": 3195, "Beseech the Mirror": 208, "Blackcleave Cliffs": 228, "Blazemire Verge": 236, "Brotherhood's End": 357, "Demonic Pact": 702, "Disturbing Mirth": 754, "Dreams of Steel and Oil": 810, "Final Vengeance": 1059, "Greedy Freebooter": 1287, "Harmless Offering": 1339, "Hopeless Nightmare": 1436, "Raucous Theater": 2302, "Restless Vents": 2387, "Sulfurous Springs": 2846, "Temple of Malice": 2936, "Tinybones Joins Up": 3082, "Urabrask's Forge": 3243, "Aclazotz, Deepest Betrayal_SB": 16, "Betrayer's Bargain_SB": 213, "Cruelclaw's Heist_SB": 602, "Hostile Investigator_SB": 1443, "Liliana, Dreadhorde General_SB": 1724, "Render Inert_SB": 2358, "Virtue of Persistence_SB": 3334, "Withering Torment_SB": 3441, "Abrade_SB": 5, "Aegis Turtle_SB": 23, "Burst Lightning_SB": 379, "Into the Flood Maw_SB": 1510, "Invasion of Tarkir_SB": 1532, "Scavenging Ooze_SB": 2518, "Volcanic Spite_SB": 3352, "Cavern of Souls": 446, "Floodfarm Verge": 1085, "Hedge Maze": 1372, "Herd Migration": 1393, "Hushwood Verge": 1455, "Leyline Binding": 1700, "Lush Portico": 1777, "Meticulous Archive": 1858, "Overlord of the Floodpits": 2090, "Overlord of the Hauntwoods": 2092, "Scrollshift": 2534, "Shadowy Backstreet": 2585, "Split Up": 2761, "Zur, Eternal Schemer": 3486, "Doppelgang_SB": 771, "Blot Out_SB": 270, "Loran of the Third Path": 1753, "Jace, the Perfected Mind_SB": 1556, "Split Up_SB": 2762, "Temporary Lockdown_SB": 2942, "Cut Down_SB": 626, "Three Steps Ahead_SB": 3055, "Innkeeper's Talent": 1488, "Snakeskin Veil": 2693, "Thornspire Verge": 3031, "Obliterating Bolt_SB": 2030, "Witchstalker Frenzy_SB": 3439, "Drannith Ruins": 804, "Disfigure_SB": 740, "Kaito, Cunning Infiltrator_SB": 1583, "Abhorrent Oculus": 2, "Chart a Course": 479, "Founding the Third Path": 1114, "Haughty Djinn": 1346, "Helping Hand": 1383, "Moment of Truth": 1914, "Negate": 1972, "Picklock Prankster": 2164, "Recommission": 2327, "Unsummon": 3232, "Soul Partition_SB": 2710, "Unsummon_SB": 3233, "Boltwave": 277, "Boros Charm": 294, "Fugitive Codebreaker": 1134, "Lightning Helix": 1715, "Raucous Carnival": 2300, "Restless Bivouac": 2376, "Shardmage's Rescue": 2587, "Shock": 2608, "Slickshot Show-Off": 2684, "Thran Portal": 3045, "Case of the Crimson Pulse_SB": 418, "Lightning Helix_SB": 1716, "Scorching Shot_SB": 2523, "Shardmage's Rescue_SB": 2588, "Caustic Bronco": 440, "Liliana of the Veil_SB": 1722, "Tranquil Frillback_SB": 3126, "Season of the Burrow": 2553, "Night of the Sweets' Revenge": 1989, "Heaped Harvest": 1363, "Welcome to Sweettooth": 3406, "Doubling Season": 772, "Collector's Vault": 526, "Brushland": 360, "Razorverge Thicket": 2310, "The Eternal Wanderer": 2970, "An Offer You Can't Refuse_SB": 63, "Devout Decree_SB": 725, "See Double_SB": 2559, "Cosmium Confluence_SB": 585, "Volatile Fault_SB": 3350, "Day of Judgment_SB": 649, "Tishana's Tidebinder": 3089, "Unstoppable Slasher": 3230, "Deep-Cavern Bat_SB": 676, "Sheoldred's Edict_SB": 2596, "Shoot the Sheriff": 2614, "Virtue of Persistence": 3333, "Flashfreeze_SB": 1078, "Lyra Dawnbringer_SB": 1779, "Calix, Guided by Fate": 391, "Entity Tracker": 905, "Inquisitive Glimmer": 1491, "Optimistic Scavenger": 2057, "Restless Anchorage": 2374, "Silent Hallcreeper": 2630, "Unable to Scream": 3185, "Invasion of Gobakhan_SB": 1523, "No More Lies_SB": 2002, "Break Out": 332, "Cenote Scout": 454, "Fear of Missing Out": 1011, "Keen-Eyed Curator": 1605, "Obliterating Bolt": 2029, "Restless Ridgeline": 2383, "Seed of Hope": 2560, "The Huntsman's Redemption": 2978, "Tyvar, the Pummeler": 3180, "Violent Urge": 3323, "Voldaren Thrillseeker": 3354, "Wildfire Wickerfolk": 3419, "Balustrade Wurm_SB": 176, "Haywire Mite_SB": 1355, "Koth, Fire of Resistance_SB": 1653, "Atraxa, Grand Unifier": 146, "Bitter Triumph": 225, "Liliana of the Veil": 1721, "The Cruelty of Gix": 2962, "Valgavoth, Terror Eater": 3268, "Zombify": 3480, "Soul-Guide Lantern_SB": 2715, "Nowhere to Run_SB": 2018, "Feed the Swarm_SB": 1025, "Agatha's Soul Cauldron": 32, "Arcanis the Omnipotent": 102, "Kiora, the Rising Tide": 1626, "Proft's Eidetic Memory": 2217, "Steamcore Scholar": 2798, "Thundering Falls": 3070, "Brotherhood's End_SB": 358, "Roaring Furnace && Steaming Sauna_SB": 2424, "Commercial District": 539, "Elegant Parlor": 858, "Overlord of the Boilerbilges": 2088, "Beza, the Bounding Spring_SB": 215, "Faebloom Trick": 971, "Might of the Meek": 1866, "Innkeeper's Talent_SB": 1489, "Pick Your Poison_SB": 2163, "Questing Druid_SB": 2250, "Snakeskin Veil_SB": 2694, "Monastery Mentor_SB": 1919, "Archangel Elspeth_SB": 104, "Molten Collapse": 1905, "Piggy Bank": 2166, "Clockwork Percussionist": 512, "Bring the Ending": 343, "Deadly Cover-Up": 657, "Deduce": 671, "Doomsday Excruciator": 767, "Jace, the Perfected Mind": 1555, "Mirrex": 1880, "Sheoldred's Edict": 2595, "Vraska's Fall": 3368, "Glistening Deluge_SB": 1235, "Phyrexian Arena_SB": 2149, "The Filigree Sylex_SB": 2974, "Tinybones, the Pickpocket": 3086, "Ethereal Armor": 932, "Fae Flight": 969, "Grand Entryway && Elegant Rotunda": 1273, "Gremlin Tamer": 1292, "Crystal Barricade_SB": 613, "Ossification_SB": 2070, "Quick Study": 2252, "Chrome Host Seedshark_SB": 489, "The End_SB": 2968, "Wrenn's Resolve_SB": 3456, "Cryptic Coat": 608, "Ertai Resurrected": 914, "Cryptic Coat_SB": 609, "Crawling Barrens": 595, "Day of Judgment": 648, "Elspeth's Smite": 867, "Mazemind Tome": 1840, "No More Lies": 2001, "Not on My Watch": 2014, "Temporary Lockdown": 2941, "Elesh Norn, Mother of Machines_SB": 863, "Mazemind Tome_SB": 1841, "Gix, Yawgmoth Praetor_SB": 1213, "Enduring Curiosity_SB": 889, "Stingerback Terror_SB": 2809, "Deadly Cover-Up_SB": 658, "Silent Hallcreeper_SB": 2631, "Scorching Dragonfire": 2520, "Caves of Koilos": 449, "Refute": 2340, "Rite of the Moth": 2412, "Loran of the Third Path_SB": 1754, "Stab_SB": 2776, "Outrageous Robbery": 2080, "Archangel of Wrath": 107, "Urgent Necropsy": 3254, "Not on My Watch_SB": 2015, "Kaya, Intangible Slayer_SB": 1599, "Glass Casket": 1221, "Outrageous Robbery_SB": 2081, "Karplusan Forest_SB": 1596, "Cache Grab": 382, "Eddymurk Crab": 846, "Into the Flood Maw": 1509, "Sleight of Hand": 2678, "Tolarian Terror": 3103, "Minor Misstep_SB": 1876, "Monstrous Emergence_SB": 1926, "Unable to Scream_SB": 3186, "Ajani, Caller of the Pride": 40, "Mockingbird": 1900, "Regal Bunnicorn": 2342, "Steel Seraph": 2802, "Subterranean Schooner": 2842, "Unidentified Hovership": 3212, "Zoetic Glyph": 3478, "Ajani, Caller of the Pride_SB": 41, "Season of the Burrow_SB": 2554, "Tail Swipe": 2901, "Arabella, Abandoned Doll": 94, "Painter's Studio && Defaced Gallery": 2110, "Mountain_SB": 1941, "Unholy Annex // Ritual Chamber": 3210, "Capricious Hellraiser": 404, "Brass's Tunnel-Grinder": 321, "Season of Weaving": 2551, "Chandra, Hope's Beacon": 464, "Ill-Timed Explosion": 1465, "Roaring Furnace // Steaming Sauna": 2425, "Chandra, Flameshaper": 462, "Fires of Victory": 1067, "Ral, Crackling Wit_SB": 2285, "Eaten by Piranhas_SB": 844, "Virtue of Knowledge_SB": 3330, "Change the Equation_SB": 471, "Get Out": 1174, "Altanak, the Thrice-Called": 55, "Say Its Name": 2503, "Restless Vinestalk": 2389, "Trygon Predator_SB": 3148, "Bonny Pall, Clearcutter_SB": 286, "Overlord of the Floodpits_SB": 2091, "Vraska, Betrayal's Sting": 3370, "Bloodthirsty Conqueror": 260, "Smuggler's Surprise": 2691, "Enduring Tenacity": 892, "Outcaster Trailblazer": 2077, "Glimpse the Core": 1231, "Starscape Cleric": 2788, "Citanul Stalwart": 495, "Dwynen, Gilt-Leaf Daen": 836, "Dwynen's Elite": 835, "Elvish Archdruid": 874, "Imperious Perfect": 1472, "Lathril, Blade of the Elves": 1675, "Leaf-Crowned Visionary": 1685, "Primal Might": 2208, "Three Tree City": 3056, "Tyvar the Bellicose": 3176, "Wildborn Preserver": 3417, "Assassin's Trophy_SB": 138, "Reclamation Sage_SB": 2326, "Tyvar's Stand_SB": 3178, "Skrelv, Defector Mite": 2653, "Kaito, Cunning Infiltrator": 1582, "Elesh Norn": 861, "Bloodletter of Aclazotz": 256, "Kaito, Dancing Shadow": 1584, "Lavaspur Boots": 1680, "Iridescent Vinelasher": 1539, "Concealed Courtyard": 542, "Restless Fortress": 2379, "Rite of Replication": 2409, "Swiftfoot Boots_SB": 2884, "White Sun's Twilight_SB": 3414, "Knight of Dusk's Shadow_SB": 1637, "Blue Sun's Twilight_SB": 273, "Ghitu Lavarunner": 1185, "Pillage the Bog": 2171, "Healer's Hawk": 1362, "Hinterland Sanctifier": 1420, "Leonin Vanguard": 1695, "Ajani's Pridemate": 39, "Angel of Vitality": 74, "Resplendent Angel": 2369, "Scoured Barrens": 2525, "Marauding Blight-Priest": 1818, "Elas il-Kor, Sadistic Pilgrim": 854, "Authority of the Consuls": 153, "Phyrexian Arena": 2148, "Extinguish the Light_SB": 957, "Hero's Downfall_SB": 1398, "Mortify_SB": 1935, "Horned Loch-Whale": 1438, "Voracious Greatshark": 3360, "The Irencrag": 2981, "Liliana, Dreadhorde General": 1723, "Nine-Lives Familiar": 1995, "The End": 2967, "Deathmark_SB": 666, "Malicious Eclipse": 1808, "Leyline of the Void_SB": 1708, "Valgavoth, Terror Eater_SB": 3269, "Wildwood Scourge": 3420, "Mild-Mannered Librarian": 1870, "Charming Prince": 476, "Skyknight Squire": 2665, "Gnarlid Colony": 1240, "Wary Thespian": 3393, "Dazzling Angel": 650, "Inspiring Paladin": 1502, "Mossborn Hydra": 1936, "Good-Fortune Unicorn": 1264, "Felidar Savior": 1033, "Armasaur Guide": 123, "Regal Caracal": 2344, "Felling Blow": 1036, "Biogenic Upgrade": 219, "Inspiring Call": 1499, "Pacifism": 2107, "Felidar Retreat": 1031, "Anthem of Champions": 93, "Temple of Plenty": 2938, "Blossoming Sands": 267, "Vengeful Possession_SB": 3305, "Scavenger's Talent": 2516, "Legions to Ashes": 1692, "Rottenmouth Viper": 2443, "High Noon_SB": 1417, "Trumpeting Carnosaur": 3147, "Breach the Multiverse": 327, "Builder's Talent": 363, "Nurturing Pixie": 2021, "Case of the Stashed Skeleton": 426, "Tithing Blade": 3095, "Spring-Loaded Sawblades": 2768, "Helpful Hunter": 1382, "Neglected Manor": 1974, "Tinybones Joins Up_SB": 3083, "Parting Gust_SB": 2119, "Bandit's Talent_SB": 179, "Decadent Dragon": 669, "Twinflame Tyrant": 3159, "Phyrexian Obliterator_SB": 2158, "Kellan, Planar Trailblazer": 1614, "Pawpatch Recruit": 2124, "Hunter's Talent": 1451, "Spinner of Souls": 2753, "Sharp-Eyed Rookie": 2589, "Hard-Hitting Question": 1335, "Cankerbloom": 401, "Wrenn and Realmbreaker_SB": 3453, "Tail Swipe_SB": 2902, "Scrapshooter_SB": 2527, "Axebane Ferox_SB": 162, "Phyrexian Obliterator": 2157, "Flourishing Bloom-Kin": 1091, "Ghalta, Primal Hunger": 1180, "Scrapshooter": 2526, "Audacity": 148, "Hunter's Talent_SB": 1452, "Corpses of the Lost": 572, "Forsaken Miner": 1110, "Spiteful Hexmage": 2757, "Immersturm Predator": 1467, "Sword of Once and Future_SB": 2890, "Furnace Reins_SB": 1145, "Blooming Blast_SB": 264, "Infestation Sage": 1485, "Essence Channeler": 922, "Callous Sell-Sword": 394, "Charming Scoundrel": 477, "Searslicer Goblin": 2545, "Ruthless Lawbringer": 2467, "Alesha, Who Laughs at Fate": 50, "Perforating Artist": 2133, "Aurelia, the Law Above": 150, "Vampire Nighthawk_SB": 3286, "Voldaren Thrillseeker_SB": 3355, "Restless Spire": 2385, "Ral, Crackling Wit": 2284, "Teferi, Temporal Pilgrim": 2926, "Union of the Third Path": 3214, "Silver Scrutiny_SB": 2634, "Braids, Arisen Nightmare": 312, "Feed the Swarm": 1024, "Blot Out": 269, "Preacher of the Schism_SB": 2206, "Luminous Rebuke": 1769, "Seized from Slumber": 2567, "Kogla and Yidaro_SB": 1644, "Sunfall_SB": 2855, "Elenda, Saint of Dusk": 859, "Zoraline, Cosmos Caller": 3482, "Atraxa, Grand Unifier_SB": 147, "Evangel of Synthesis": 935, "Overlord of the Balemurk": 2086, "Valgavoth's Faithful": 3264, "Stoic Sphinx_SB": 2816, "Barbed Batterfist": 185, "Twisted Fealty": 3164, "Jaya, Fiery Negotiator_SB": 1560, "Slagstorm_SB": 2673, "Knight of Grace_SB": 1639, "Artist's Talent": 130, "Hearth Elemental": 1369, "Highway Robbery": 1418, "Urabrask": 3242, "Wrenn's Resolve": 3455, "Crash Through": 592, "Drake Hatcher": 798, "Opt": 2055, "Shore Up": 2616, "Slick Sequence": 2681, "Abhorrent Oculus_SB": 3, "Faerie Mastermind_SB": 977, "Lord Skitter, Sewer King": 1758, "Legions to Ashes_SB": 1693, "Caustic Bronco_SB": 441, "Doppelgang": 770, "Armored Armadillo": 124, "Elvish Archivist": 875, "Feather of Flight": 1017, "Royal Treatment": 2447, "Toadstool Admirer": 3097, "Calix, Guided by Fate_SB": 392, "Divine Resilience_SB": 761, "Unflinching Courage_SB": 3207, "Valorous Stance_SB": 3282, "Ephara's Dispersal_SB": 908, "Shore Up_SB": 2617, "Neutralize the Guards_SB": 1982, "Yotian Frontliner": 3466, "Breach the Multiverse_SB": 328, "Roxanne, Starfall Savant": 2445, "Lukka, Bound to Ruin_SB": 1766, "Muerra, Trash Tactician_SB": 1947, "Fiery Annihilation_SB": 1052, "Bitter Triumph_SB": 226, "Basilisk Collar": 192, "Turn Inside Out": 3154, "Basilisk Collar_SB": 193, "Farsight Ritual": 991, "Rattleback Apothecary": 2299, "Lush Oasis": 1776, "Bristly Bill, Spine Sower": 349, "Freestrider Lookout": 1120, "Tatyova, Steward of Tides": 2919, "Outcaster Greenblade": 2076, "Colossal Rattlewurm": 531, "Sandstorm Verge": 2489, "Arid Archway": 121, "Llanowar Loamspeaker": 1738, "Festering Gulch": 1043, "Creosote Heath": 598, "Duelist of the Mind": 821, "Desert's Due": 712, "Goldvein Hydra": 1257, "Repulsive Mutation_SB": 2363, "Temple of Malady": 2935, "Glissa Sunslayer_SB": 1234, "Herald of Eternal Dawn": 1385, "Live or Die": 1731, "Lively Dirge": 1732, "Final Showdown": 1057, "Loran's Escape": 1755, "Dawn's Truce": 644, "Temple of Silence": 2939, "Gremlin Tamer_SB": 1293, "Urza's Sylex_SB": 3260, "Tomb Trawler_SB": 3108, "Souls of the Lost": 2720, "Surge of Salvation_SB": 2869, "Aftermath Analyst": 30, "Nissa, Resurgent Animist": 1998, "Worldsoul's Rage": 3446, "Escape Tunnel": 918, "Evolving Wilds": 938, "Spelunking": 2742, "Virtue of Strength": 3335, "Aetherize": 27, "Titania, Voice of Gaea_SB": 3094, "The Rollercrusher Ride_SB": 3001, "Calamity, Galloping Inferno": 389, "Loot, Exuberant Explorer": 1749, "Ruby, Daring Tracker": 2450, "Terror of the Peaks": 2951, "Vaultborn Tyrant": 3294, "Tyrranax Rex_SB": 3175, "Strangled Cemetery": 2832, "Bonehoard Dracosaur": 283, "Invasion of Tarkir": 1531, "Incinerator of the Guilty": 1476, "Rivaz of the Claw": 2413, "Tyrant of Kher Ridges": 3171, "Pyroclasm": 2240, "Dragonlord's Servant": 795, "Carnelian Orb of Dragonkind": 412, "Kolaghan Warmonger": 1645, "Push // Pull": 2236, "Push // Pull_SB": 2237, "Unholy Annex // Ritual Chamber_SB": 3211, "Elesh Norn, Mother of Machines": 862, "Thrun, Breaker of Silence_SB": 3066, "Cathar Commando": 435, "Knight of Grace": 1638, "Elenda, Saint of Dusk_SB": 860, "Cynical Loner": 628, "Sire of Seven Deaths": 2644, "Urborg Scavengers": 3249, "Valgavoth's Lair": 3265, "Zetalpa, Primal Dawn": 3474, "Plumecreed Escort": 2184, "Ertai Resurrected_SB": 915, "Phantom Interference_SB": 2143, "Rona, Herald of Invasion": 2438, "Koma, World-Eater": 1648, "No One Left Behind": 2003, "Abyssal Harvester": 10, "Gev, Scaled Scorch": 1178, "Laughing Jasper Flint": 1677, "Flamecache Gecko": 1072, "Thought-Stalker Warlock": 3036, "Mudflat Village": 1945, "Fireglass Mentor": 1066, "Ossification": 2069, "Annex Sentry": 81, "Skrelv's Hive": 2651, "White Sun's Twilight": 3413, "Phyrexian Vindicator": 2159, "Phyrexian Censor": 2150, "Volatile Fault": 3349, "Calamity's Wake_SB": 388, "Seal from Existence_SB": 2542, "Stasis Snare_SB": 2792, "Chrome Host Seedshark": 488, "Ichormoon Gauntlet": 1462, "Jace Reawakened": 1552, "Jin-Gitaxias": 1565, "Peculiar Lighthouse": 2127, "Temple of Epiphany": 2934, "Galvanize_SB": 1153, "Nissa, Ascended Animist": 1996, "Tocasia's Welcome": 3100, "Sphinx of Forgotten Lore": 2744, "Vren, the Relentless": 3373, "Assassin's Trophy": 137, "Joint Exploration": 1572, "Titania's Command_SB": 3092, "Brineborn Cutthroat": 342, "Long River's Pull_SB": 1747, "Moment of Craving_SB": 1912, "Burglar Rat": 370, "Psychic Whorl": 2229, "Painful Quandary": 2108, "Desecration Demon": 710, "Hidden Necropolis": 1407, "Rune-Scarred Demon": 2459, "Macabre Waltz": 1784, "Vampire Nighthawk": 3285, "Mindsplice Apparatus": 1873, "Temple of Deceit": 2932, "Hidden Cataract": 1404, "Halo Forager": 1324, "The Key to the Vault": 2985, "Molten Collapse_SB": 1906, "Sentinel of the Nameless City_SB": 2573, "Torch the Witness_SB": 3113, "Archangel of Wrath_SB": 108, "Pilfer_SB": 2170, "Kaya, Intangible Slayer": 1598, "Aven Interrupter_SB": 157, "Nullpriest of Oblivion": 2019, "Phyrexian Fleshgorger": 2153, "Terror Tide": 2949, "Dazzling Denial": 651, "Cacophony Scamp": 384, "Chainsaw": 460, "Ozolith, the Shattered Spire": 2106, "Dusk Rose Reliquary": 826, "Kellan, Daring Traveler": 1611, "Restless Prairie": 2380, "Teething Wurmlet": 2925, "Tough Cookie": 3117, "Azure Beastbinder": 167, "Inti, Seneschal of the Sun": 1505, "Fugitive Codebreaker_SB": 1135, "Honest Rutstein": 1432, "Malcolm, Alluring Scoundrel": 1805, "Marchesa, Dealer of Death": 1820, "Plaza of Heroes": 2183, "Rakdos Joins Up": 2276, "Relic of Legends": 2351, "Nashi, Searcher in the Dark_SB": 1967, "Cease // Desist_SB": 451, "Fountainport_SB": 1119, "Long Goodbye_SB": 1745, "Shoot the Sheriff_SB": 2615, "Valley Floodcaller_SB": 3274, "Glass Casket_SB": 1222, "Disfigure": 739, "Sun-Blessed Healer": 2848, "Destroy Evil": 717, "Clifftop Lookout": 510, "Starfall Invocation": 2785, "Inspiration from Beyond": 1498, "Lumra, Bellow of the Woods": 1771, "Terramorphic Expanse": 2948, "Roxanne, Starfall Savant_SB": 2446, "Dreamdew Entrancer": 808, "Shock_SB": 2611, "Misery's Shadow_SB": 1888, "Realmbreaker, the Invasion Tree_SB": 2316, "The Eternal Wanderer_SB": 2971, "Assimilation Aegis": 139, "Case of the Crimson Pulse": 417, "Invasion of Tolvada": 1534, "Grand Abolisher_SB": 1272, "Wail of the Forgotten": 3375, "Filter Out_SB": 1055, "Spellbook Vendor": 2739, "Hostile Investigator": 1442, "Case of the Stashed Skeleton_SB": 427, "Etali, Primal Conqueror": 927, "The Infamous Cruelclaw": 2980, "Case of the Filched Falcon": 419, "Leyline Axe": 1699, "Kutzil, Malamet Exemplar": 1666, "Rona's Vortex": 2436, "Swamp_SB": 2880, "Runic Shot": 2461, "Herald of Eternal Dawn_SB": 1386, "Invasion of Ixalan": 1525, "Sun-Blessed Healer_SB": 2849, "Scorching Shot": 2522, "Sphinx of Forgotten Lore_SB": 2745, "Emberheart Challenger_SB": 878, "Rockface Village_SB": 2429, "Squee, Dubious Monarch_SB": 2773, "Feed the Cycle": 1021, "Monastery Mentor": 1918, "Seeker's Folly": 2562, "Requisition Raid_SB": 2366, "The Stone Brain_SB": 3010, "Aloe Alchemist": 54, "Cunning Coyote": 617, "Cease // Desist": 450, "Mortify": 1934, "Kutzil's Flanker_SB": 1665, "Soul Search_SB": 2712, "Thrun, Breaker of Silence": 3065, "Assimilation Aegis_SB": 140, "Serra Paragon": 2575, "Season of Gathering_SB": 2548, "The Cruelty of Gix_SB": 2963, "Valgavoth's Onslaught": 3266, "Coveted Falcon": 589, "Fallaji Archaeologist": 982, "Impulse": 1475, "Portent of Calamity": 2201, "Drag to the Bottom": 781, "Greed's Gambit_SB": 1286, "Archfiend of the Dross_SB": 112, "Stab": 2775, "Vinereap Mentor": 3321, "Sorcerous Spyglass_SB": 2708, "Broodspinner_SB": 356, "The Gitrog, Ravenous Ride_SB": 2975, "Collector's Cage": 524, "Toby, Beastie Befriender": 3098, "Ajani, Sleeper Agent_SB": 44, "Serra Paragon_SB": 2576, "Wear Down_SB": 3402, "Wrenn and Realmbreaker": 3452, "Ferocification": 1041, "Axebane Ferox": 161, "Dragonhawk, Fate's Tempest": 793, "Pick Your Poison": 2162, "Sunspine Lynx": 2862, "Mishra's Foundry": 1891, "Untimely Malfunction_SB": 3235, "Two-Headed Hunter": 3169, "Giant Growth": 1195, "Heartflame Duelist_SB": 1368, "Valley Questcaller": 3276, "Finneas, Ace Archer": 1063, "Seasoned Warrenguard": 2556, "Valley Mightcaller": 3275, "Surge of Salvation": 2868, "Hop to It": 1433, "Banner of Kinship": 182, "Lupinflower Village": 1775, "Joust Through_SB": 1575, "Razorlash Transmogrant_SB": 2309, "Sanguine Evangelist": 2490, "Warleader's Call": 3388, "Invasion of Amonkhet": 1516, "Dreadwing Scavenger": 807, "Render Inert": 2357, "Arcane Proxy": 101, "Massacre Wurm_SB": 1835, "Change the Equation": 470, "Amalia Benavides Aguirre": 56, "Raise the Past": 2273, "Enduring Tenacity_SB": 893, "Sheoldred": 2594, "Bristlebud Farmer_SB": 347, "Fear of Impostors_SB": 1004, "Demonic Ruckus": 704, "Monstrous Emergence": 1925, "Don't Make a Sound": 765, "Invasion of Gobakhan": 1522, "The Wandering Rescuer": 3015, "Fiery Annihilation": 1051, "Tectonic Hazard_SB": 2924, "Make Your Own Luck": 1801, "Ancient Cornucopia": 69, "Omniscience": 2051, "Invasion of Arcavios": 1518, "Peerless Recycling_SB": 2129, "Beseech the Mirror_SB": 209, "Heroic Reinforcements_SB": 1401, "This Town Ain't Big Enough_SB": 3026, "Sleep-Cursed Faerie": 2677, "Faerie Dreamthief": 973, "Faerie Fencing": 974, "Ego Drain": 850, "Season of Loss": 2549, "Talion's Messenger_SB": 2911, "Misery's Shadow": 1887, "Obstinate Baloth_SB": 2034, "Third Path Iconoclast": 3021, "Reasonable Doubt": 2317, "Essence Scatter_SB": 925, "Wing Commando": 3428, "Stormcatch Mentor": 2823, "Elusive Otter": 872, "Blood Hustler": 248, "Deathcap Marionette": 665, "Eaten Alive": 842, "Fear of Being Hunted": 999, "Enduring Courage": 886, "Fell": 1034, "Jagged Barrens": 1557, "Bloodfell Caves": 253, "Parting Gust": 2118, "Painter's Studio // Defaced Gallery": 2112, "Bandit's Talent": 178, "Cerebral Confiscation_SB": 457, "Feed the Cycle_SB": 1022, "Rush of Dread": 2463, "Rankle's Prank": 2293, "Ruthless Negotiation": 2469, "Case of the Uneaten Feast": 428, "Haunted Screen": 1352, "Prayer of Binding": 2204, "Kaya, Spirits' Justice": 1600, "Unwanted Remake": 3236, "Corrupted Conviction": 577, "Furnace Reins": 1144, "Vengeful Bloodwitch": 3303, "Chimil, the Inner Sun_SB": 484, "Urborg Scavengers_SB": 3250, "Insatiable Avarice_SB": 1494, "Rona's Vortex_SB": 2437, "Bonny Pall, Clearcutter": 285, "Invasion of Zendikar": 1535, "River's Rebuke": 2414, "Tatyova, Benthic Druid": 2918, "River's Rebuke_SB": 2415, "Primeval Bounty_SB": 2211, "Azure Beastbinder_SB": 168, "Koma, World-Eater_SB": 1649, "Urza's Sylex": 3259, "Exorcise": 941, "Dollmaker's Shop // Porcelain Gallery": 763, "Union of the Third Path_SB": 3215, "Regal Caracal_SB": 2345, "Kiora, the Rising Tide_SB": 1627, "Faebloom Trick_SB": 972, "Secluded Courtyard": 2558, "Throne of the Grim Captain": 3062, "Drana and Linvala_SB": 802, "Pest Control_SB": 2139, "The Kenriths' Royal Funeral_SB": 2984, "Nashi, Searcher in the Dark": 1966, "Saiba Cryptomancer": 2480, "Plains_SB": 2179, "Rat Out_SB": 2296, "Chimil, the Inner Sun": 483, "Disenchant_SB": 738, "Vren, the Relentless_SB": 3374, "Seized from Slumber_SB": 2568, "Patchwork Beastie": 2121, "Tyvar's Stand": 3177, "Zoetic Glyph_SB": 3479, "Regal Bunnicorn_SB": 2343, "Thornwood Falls": 3033, "Insidious Roots": 1497, "Defiled Crypt // Cadaver Lab": 689, "Coati Scavenger": 516, "Blanchwood Prowler": 231, "Cult Conscript": 615, "Osseous Sticktwister": 2068, "Skyfisher Spider": 2663, "Drag to the Roots": 782, "Jungle Hollow": 1578, "Deadly Brew": 655, "Confounding Riddle": 546, "Surgical Suite // Hospital Room": 2873, "Mischievous Pup": 1886, "Forlorn Flats": 1109, "Inspiring Overseer": 1500, "Hinterland Sanctifier_SB": 1421, "Cathar Commando_SB": 436, "Angel of Finality_SB": 73, "Fynn, the Fangbearer": 1146, "Infectious Bite": 1481, "Servant of the Stinger": 2579, "Ankle Biter": 80, "Bilious Skulldweller": 216, "Infectious Inquiry": 1483, "Feed the Infection": 1023, "Nimraiser Paladin": 1994, "The Hunter Maze": 2977, "The Dross Pits": 2964, "Urborg Repossession": 3247, "Soured Springs": 2724, "Spinewoods Armadillo": 2750, "Badlands Revival": 170, "Seize the Secrets": 2565, "Shroudstomper": 2624, "Copper Host Crusher": 563, "Bandit's Haul": 177, "Vinereap Mentor_SB": 3322, "Insidious Fungus_SB": 1496, "Rogue's Passage": 2431, "Rugged Highlands": 2451, "Thrashing Brontodon": 3048, "Giant Cindermaw": 1193, "Belligerent Yearling": 207, "Scytheclaw Raptor": 2537, "Triumphant Chomp": 3143, "Colossadactyl": 530, "Earthshaker Dreadmaw": 840, "Ixalli's Lorekeeper": 1548, "Itzquinth, Firstborn of Gishath": 1544, "Bristling Backwoods": 348, "Armored Kincaller_SB": 126, "Dewdrop Cure_SB": 727, "Fanatical Firebrand": 985, "Hellspur Brute": 1378, "Vial Smasher, Gleeful Grenadier": 3315, "At Knifepoint": 143, "Abrade": 4, "Mourner's Surprise_SB": 1942, "Caught in the Crossfire_SB": 438, "Scales of Shale_SB": 2510, "Wardens of the Cycle": 3385, "Kraul Whipcracker": 1654, "Binding Negotiation_SB": 218, "Demolition Field_SB": 697, "Keen-Eyed Curator_SB": 1606, "Unflinching Courage": 3206, "Overlord of the Mistmoors_SB": 2095, "Sanguine Evangelist_SB": 2491, "Virtue of Loyalty_SB": 3332, "Clay-Fired Bricks": 508, "Sandstorm Salvager": 2487, "Tolsimir, Midnight's Light": 3105, "Dreamdew Entrancer_SB": 809, "Aven Interrupter": 156, "Errant and Giada": 912, "Werefox Bodyguard": 3407, "Plumecreed Escort_SB": 2185, "Autonomous Assembler": 155, "Etali's Favor": 926, "Geological Appraiser": 1169, "Quintorius Kand": 2253, "Caretaker's Talent_SB": 411, "Luminous Rebuke_SB": 1770, "Candy Trail": 400, "Fomori Vault": 1098, "Massacre Wurm": 1834, "The Enigma Jewel": 2969, "Sheoldred_SB": 2599, "Felidar Retreat_SB": 1032, "Hired Claw_SB": 1423, "Stalactite Stalker": 2780, "Rottenmouth Viper_SB": 2444, "Unholy Annex && Ritual Chamber_SB": 3209, "Temple of Triumph": 2940, "Kayla's Command_SB": 1602, "Starfall Invocation_SB": 2786, "Spell Stutter_SB": 2738, "Thought-Stalker Warlock_SB": 3037, "Spinner of Souls_SB": 2754, "Mabel, Heir to Cragflame": 1782, "Pawpatch Recruit_SB": 2125, "Rat Out": 2295, "Planar Disruption_SB": 2181, "Shrouded Shepherd_SB": 2623, "Callous Sell-Sword_SB": 395, "Bitter Reunion_SB": 224, "Jace Reawakened_SB": 1553, "Demonic Counsel": 698, "Demonic Counsel_SB": 699, "Kaito, Dancing Shadow_SB": 1585, "Youthful Valkyrie": 3467, "Exemplar of Light": 939, "Lyra Dawnbringer": 1778, "Giada, Font of Hope": 1191, "Archangel of Tithes_SB": 106, "Warleader's Call_SB": 3389, "Anointed Peacekeeper": 91, "Recruitment Officer": 2329, "Phyrexian Censor_SB": 2151, "Dollmaker's Shop && Porcelain Gallery": 762, "Urgent Necropsy_SB": 3255, "The Swarmweaver": 3012, "The Elder Dragon War": 2965, "Restless Ridgeline_SB": 2384, "Gisa, the Hellraiser_SB": 1206, "Magebane Lizard_SB": 1791, "Cruel Somnophage": 600, "Molten Duplication": 1907, "Herbology Instructor": 1389, "Flowerfoot Swordmaster": 1094, "Restless Bivouac_SB": 2377, "Kami of Whispered Hopes": 1589, "Fauna Shaman": 994, "Diabolic Intent": 728, "Tyvar, Jubilant Brawler": 3179, "Lively Dirge_SB": 1733, "Haywire Mite": 1354, "Rubblebelt Maverick": 2449, "Scorn-Blade Berserker": 2524, "Snarling Gorehound": 2696, "Imperious Perfect_SB": 1473, "Sandstorm Salvager_SB": 2488, "Tough Cookie_SB": 3118, "Urborg Repossession_SB": 3248, "Lord Skitter, Sewer King_SB": 1759, "Archdruid's Charm": 109, "The Rollercrusher Ride": 3000, "Get Out_SB": 1175, "Raucous Carnival_SB": 2301, "Blossoming Tortoise": 268, "Cityscape Leveler": 496, "Titania's Command": 3091, "Argoth, Sanctum of Nature": 120, "Blast Zone": 234, "Cavernous Maw": 448, "Forgotten Monument": 1108, "Urza, Lord Protector": 3261, "Simulacrum Synthesizer": 2639, "Fabrication Foundry": 967, "Unstable Glyphbridge": 3227, "Braided Net": 310, "Thran Spider": 3046, "The Mightstone and Weakstone": 2990, "Withering Torment": 3440, "Skrelv's Hive_SB": 2652, "Osteomancer Adept": 2071, "Curious Forager": 621, "Thornvault Forager": 3032, "The Mycotyrant": 2995, "Sporogenic Infection_SB": 2766, "Agatha's Soul Cauldron_SB": 33, "Huskburster Swarm_SB": 1457, "Grievous Wound": 1295, "Torpor Orb_SB": 3116, "Funeral Room // Awakening Hall_SB": 1140, "Rise of the Dark Realms_SB": 2405, "Seize the Spoils": 2566, "Ichor Drinker": 1461, "Hungry Ghoul": 1450, "Cemetery Recruitment": 453, "Diregraf Ghoul": 733, "Skeleton Archer": 2646, "Sanguine Syphoner": 2492, "Mephitic Draught": 1854, "Not Dead After All": 2012, "Murder": 1951, "Canonized in Blood": 403, "Vampiric Rites": 3288, "Moment of Craving": 1911, "Offer Immortality": 2037, "Valley Rotcaller": 3277, "Scales of Shale": 2509, "Temple of Enlightenment": 2933, "Ezrim, Agency Chief_SB": 963, "Valkyrie's Call_SB": 3271, "Fumigate_SB": 1138, "Coppercoat Vanguard": 564, "Harbin, Vanguard Aviator": 1330, "Valiant Veteran": 3270, "Zephyr Sentinel": 3471, "Skystrike Officer": 2671, "Fortified Beachhead": 1111, "Raise the Past_SB": 2274, "Take Up the Shield_SB": 2906, "Royal Treatment_SB": 2448, "Unidentified Hovership_SB": 3213, "Gingerbrute": 1203, "Song of Totentanz_SB": 2703, "Vadmir, New Blood": 3262, "Arabella, Abandoned Doll_SB": 95, "Painter's Studio && Defaced Gallery_SB": 2111, "Leyline of Resonance": 1702, "Doorkeeper Thrull_SB": 769, "Tinybones, the Pickpocket_SB": 3087, "Pond Prophet": 2195, "Splash Portal": 2759, "Temple of Mystery": 2937, "Timely Interference": 3080, "Vesuvan Duplimancy": 3310, "Dive Down_SB": 757, "Scrawling Crawler_SB": 2530, "Gnawing Vermin": 1241, "Hollow Marauder": 1427, "Huskburster Swarm": 1456, "Overwhelming Remorse": 2100, "Stubborn Burrowfiend": 2840, "Writhing Necromass": 3457, "Dryad Militant_SB": 819, "Subterranean Schooner_SB": 2843, "Mockingbird_SB": 1901, "Chandra, Hope's Beacon_SB": 465, "Bristlebud Farmer": 346, "Charred Foyer && Warped Space_SB": 478, "Virtue of Courage_SB": 3328, "Goddric, Cloaked Reveler": 1253, "Joust Through": 1574, "Akawalli, the Seething Tower": 47, "Absolving Lammasu_SB": 7, "Think Twice": 3019, "Micromancer_SB": 1864, "Coruscation Mage_SB": 581, "Dollmaker's Shop // Porcelain Gallery_SB": 764, "Fade from History_SB": 968, "Unstoppable Slasher_SB": 3231, "Bruse Tarl, Roving Rancher": 359, "Fblthp, Lost on the Range": 996, "Weakstone's Subjugation": 3399, "Fblthp, Lost on the Range_SB": 997, "Proft's Eidetic Memory_SB": 2218, "Weakstone's Subjugation_SB": 3400, "Bottomless Pool && Locker Room": 302, "Fear of Isolation": 1007, "Tithing Blade_SB": 3096, "Hidetsugu's Second Rite_SB": 1415, "The Swarmweaver_SB": 3013, "Werefox Bodyguard_SB": 3408, "Boon-Bringer Valkyrie": 291, "Imodane's Recruiter_SB": 1469, "Invasion of Karsus_SB": 1527, "Mirror Room && Fractured Realm_SB": 1882, "Sword of Wealth and Power_SB": 2892, "Wildfire Howl_SB": 3418, "Zurgo and Ojutai_SB": 3489, "Ethereal Armor_SB": 933, "Mabel, Heir to Cragflame_SB": 1783, "Halo Forager_SB": 1325, "Kitesail Larcenist": 1630, "Essence Scatter": 924, "Soulstone Sanctuary_SB": 2723, "Overprotect": 2096, "Ballyrush Banneret": 173, "Myrel, Shield of Argive_SB": 1959, "Siege Veteran_SB": 2626, "Steel Seraph_SB": 2803, "Ezrim, Agency Chief": 962, "Karn, Living Legacy": 1593, "Metropolis Reformer": 1861, "Omnivorous Flytrap": 2052, "Krenko's Buzzcrusher_SB": 1658, "Blood Spatter Analysis": 250, "Final Vengeance_SB": 1060, "Kellan, Inquisitive Prodigy": 1612, "Roaring Furnace // Steaming Sauna_SB": 2426, "Witch's Mark": 3436, "Kitsa, Otterball Elite": 1633, "Silverback Elder_SB": 2635, "Rundvelt Hordemaster": 2457, "Breeches, Eager Pillager": 336, "Squee, Dubious Monarch": 2772, "Krenko, Mob Boss": 1660, "Urborg Lhurgoyf": 3246, "Hidden Grotto": 1406, "Venerated Rotpriest": 3300, "Branchblight Stalker": 319, "Ichorspit Basilisk": 1463, "Maze's Mantle": 1839, "Viral Spawning": 3325, "Plague Nurse": 2177, "Venomous Brutalizer": 3307, "Tyrranax Atrocity": 3173, "Goliath Hatchery": 1261, "Paladin of Predation": 2114, "Tyrranax Rex": 3174, "Serum Snare": 2577, "Tainted Observer": 2904, "Experimental Augury": 946, "Thrummingbird": 3064, "Mesmerizing Dose": 1856, "Reject Imperfection": 2349, "Gitaxian Anatomist": 1207, "Vivisurgeon's Insight": 3341, "Lakeside Shack": 1671, "Simic Guildgate": 2638, "Tangled Islet": 2914, "Meat Locker // Drowned Diner": 1842, "Archangel of Tithes": 105, "Sigarda, Font of Blessings": 2628, "Angelic Intervention": 75, "The Witch's Vanity": 3017, "Greed's Gambit": 1285, "Awaken the Woods": 160, "Rampaging Baloths": 2287, "Portal to Phyrexia": 2199, "Omenpath Journey": 2050, "Poison Dart Frog": 2187, "Long Goodbye": 1744, "Break the Spell_SB": 335, "Migloz, Maze Crusher_SB": 1869, "Aetherize_SB": 28, "Under the Skin": 3193, "Seraphic Steed": 2574, "Hulking Raptor": 1449, "Vorinclex": 3362, "Cavern of Souls_SB": 447, "Goldvein Hydra_SB": 1258, "Meticulous Excavation_SB": 1860, "Cheeky House-Mouse": 481, "Rabid Gnaw": 2257, "Raging Battle Mouse": 2271, "Loran's Escape_SB": 1756, "Enduring Innocence_SB": 891, "The Witch's Vanity_SB": 3018, "Ill-Timed Explosion_SB": 1466, "Zoraline, Cosmos Caller_SB": 3483, "Teferi, Temporal Pilgrim_SB": 2927, "Lay Down Arms_SB": 1683, "Betrayer's Bargain": 212, "Undead Sprinter_SB": 3192, "Murky Sewer": 1954, "Deeproot Pilgrimage": 678, "Deeproot Wayfinder": 679, "Mistway Spy": 1897, "Vodalian Hexcatcher": 3343, "Realmbreaker, the Invasion Tree": 2315, "Metropolis Reformer_SB": 1862, "Might of the Meek_SB": 1867, "Seeker's Folly_SB": 2563, "Doomsday Excruciator_SB": 768, "Heartflame Duelist": 1367, "Norn's Inquisitor": 2010, "Crystal Grotto": 614, "Sunder the Gateway_SB": 2853, "Fear of Impostors": 1003, "Defabricate_SB": 681, "Twist Reality_SB": 3163, "Guardian of New Benalia": 1309, "Bottomless Pool // Locker Room": 304, "Viashino Pyromancer": 3317, "Vraska Joins Up": 3367, "Bloated Contaminator": 245, "Darkstar Augur": 640, "Necrogen Communion": 1970, "Thirsting Roots_SB": 3024, "Vraska, Betrayal's Sting_SB": 3371, "Jodah, the Unifier": 1568, "Myrel, Shield of Argive": 1958, "Hajar, Loyal Bodyguard": 1317, "Halana and Alena, Partners": 1319, "Inga and Esika": 1487, "Gwenna, Eyes of Gaea": 1316, "Jirina, Dauntless General": 1566, "Melira, the Living Cure": 1848, "Hajar, Loyal Bodyguard_SB": 1318, "Etali, Primal Conqueror_SB": 928, "Elesh Norn_SB": 864, "Surrak and Goreclaw_SB": 2876, "Pia Nalaar, Consul of Revival": 2161, "Invasion of Kaldheim": 1526, "Getaway Glamer_SB": 1177, "Curate": 619, "Ephara's Dispersal": 907, "Pest Control": 2138, "Heraldic Banner": 1387, "Gatekeeper of Malakir": 1163, "Heraldic Banner_SB": 1388, "Defiled Crypt // Cadaver Lab_SB": 690, "Spellgyre": 2740, "Karn's Sylex_SB": 1592, "Aegis Turtle": 22, "Enter the Enigma": 903, "Venerated Rotpriest_SB": 3301, "Ivy, Gleeful Spellthief_SB": 1547, "Arahbo, the First Fang": 97, "The Stone Brain": 3009, "Decadent Dragon_SB": 670, "Vein Ripper": 3297, "Viashino Pyromancer_SB": 3318, "Lightning Strike_SB": 1718, "Rite of the Dragoncaller": 2410, "Grabby Giant": 1268, "Horned Loch-Whale_SB": 1439, "Feldon's Cane_SB": 1027, "Pugnacious Hammerskull": 2231, "Jaya, Fiery Negotiator": 1559, "Gisa, the Hellraiser": 1205, "Sword of Once and Future": 2889, "Dragon Fodder": 784, "Goblin Surprise": 1252, "Seal from Existence": 2541, "Battlefly Swarm": 198, "Broodspinner": 355, "Green Sun's Twilight": 1288, "Solemn Simulacrum": 2699, "Ghalta, Stampede Tyrant": 1182, "Conduit Pylons": 543, "Maha, Its Feathers Night_SB": 1799, "Beastie Beatdown": 200, "Annie Joins Up": 84, "Huatli, Poet of Unity": 1446, "Fortune, Loyal Steed": 1113, "Invasion of Amonkhet_SB": 1517, "Thalia and The Gitrog Monster": 2957, "Surgical Suite && Hospital Room_SB": 2872, "Silver Scrutiny": 2633, "Island_SB": 1543, "Dissection Tools": 748, "Entity Tracker_SB": 906, "Rebel Salvo_SB": 2319, "Glarb, Calamity's Augur": 1219, "Insidious Fungus": 1495, "Muldrotha, the Gravetide": 1948, "Aether Channeler": 24, "Turn Inside Out_SB": 3155, "Defiled Crypt && Cadaver Lab": 687, "Exuberant Fuseling": 961, "Overlord of the Balemurk_SB": 2087, "Thundertrap Trainer_SB": 3075, "Abuelo's Awakening": 8, "Kitsa, Otterball Elite_SB": 1634, "Rona, Herald of Invasion_SB": 2439, "Season of Weaving_SB": 2552, "Unnerving Grasp_SB": 3222, "Fear of Surveillance": 1012, "Ruin-Lurker Bat": 2452, "Painter's Studio // Defaced Gallery_SB": 2113, "Tender Wildguide": 2945, "Wilt-Leaf Liege_SB": 3423, "Grand Entryway // Elegant Rotunda": 1274, "Skrelv, Defector Mite_SB": 2654, "Palani's Hatcher": 2115, "Temple of Abandon": 2931, "Blasphemous Edict_SB": 233, "Agrus Kos, Spirit of Justice": 37, "Muerra, Trash Tactician": 1946, "Insatiable Avarice": 1493, "Ashiok, Wicked Manipulator": 133, "Sawblade Skinripper": 2501, "Cosmic Rebirth": 582, "Kellan's Lightblades_SB": 1610, "Squirming Emergence": 2774, "Undead Sprinter": 3191, "At Knifepoint_SB": 144, "Monstrous Rage_SB": 1928, "Lunar Convocation": 1772, "Unwanted Remake_SB": 3237, "Smuggler's Surprise_SB": 2692, "Distorted Curiosity": 750, "Whisper of the Dross": 3411, "Drown in Ichor": 815, "Prologue to Phyresis": 2222, "Vraska's Fall_SB": 3369, "Bottomless Pool // Locker Room_SB": 305, "The Princess Takes Flight_SB": 2997, "Anim Pakal, Thousandth Moon_SB": 78, "Blasphemous Edict": 232, "Mechanized Warfare": 1845, "Adaptive Automaton": 18, "Three Tree Mascot": 3057, "Cankerbloom_SB": 402, "Terror Tide_SB": 2950, "Mischievous Mystic": 1885, "Twitching Doll": 3167, "Zul Ashur, Lich Lord": 3485, "Garruk's Uprising": 1155, "Defiler of Flesh": 692, "Kraul Whipcracker_SB": 1655, "High Noon": 1416, "Restless Reef_SB": 2382, "The Seedcore": 3002, "Hauntwoods Shrieker": 1353, "Lost Jitte": 1760, "Darkstar Augur_SB": 641, "Dreadmaw's Ire": 805, "Felonious Rage": 1037, "Manifold Mouse_SB": 1814, "Case of the Gateway Express_SB": 421, "Kambal, Profiteering Mayor": 1587, "Kambal, Profiteering Mayor_SB": 1588, "Kaya, Spirits' Justice_SB": 1601, "Oko, the Ringleader_SB": 2044, "Ivy, Gleeful Spellthief": 1546, "Invasion of Theros": 1533, "Annie Flash, the Veteran_SB": 83, "Jirina, Dauntless General_SB": 1567, "Defiled Crypt && Cadaver Lab_SB": 688, "Crumb and Get It": 603, "Dust Animus_SB": 829, "Slaughter Singer": 2674, "Jawbone Duelist": 1558, "Getaway Glamer": 1176, "Crawling Chorus": 596, "Fleeting Flight_SB": 1081, "Trash the Town_SB": 3132, "Bulk Up": 365, "Pugnacious Hammerskull_SB": 2232, "Lifecreed Duo": 1712, "Quick Draw_SB": 2251, "Kona, Rescue Beastie": 1650, "Time Stop": 3077, "Prophetic Prism": 2224, "Wishclaw Talisman_SB": 3434, "Coveted Falcon_SB": 590, "Cultivator's Caravan": 616, "Scene of the Crime": 2519, "Swooping Lookout": 2886, "Long River's Pull": 1746, "Abraded Bluffs": 6, "Blooming Blast": 263, "Combat Research": 536, "Recruitment Officer_SB": 2330, "Demonic Ruckus_SB": 705, "Impact Tremors_SB": 1471, "Conspiracy Unraveler": 552, "Matzalantli, the Great Door": 1836, "Reenact the Crime": 2338, "One with the Multiverse": 2054, "Walk with the Ancestors": 3376, "Meathook Massacre II_SB": 1844, "Coiling Rebirth": 518, "Anim Pakal, Thousandth Moon": 77, "Thundering Falls_SB": 3071, "Razorkin Needlehead": 2306, "Razorkin Needlehead_SB": 2307, "Highway Robbery_SB": 1419, "Dreadmaw's Ire_SB": 806, "Smash to Dust_SB": 2687, "Intrepid Paleontologist": 1513, "Bolt Bend_SB": 276, "Shipwreck Dowser": 2603, "Disturbing Conversion": 752, "Eerie Interference_SB": 849, "Builder's Talent_SB": 364, "Abuelo's Awakening_SB": 9, "Surge Engine": 2866, "Repulsive Mutation": 2362, "Sylvan Scavenging_SB": 2895, "Black Sun's Twilight": 227, "Ghost Vacuum": 1187, "Bloodletter of Aclazotz_SB": 257, "Wishclaw Talisman": 3433, "Vaultborn Tyrant_SB": 3295, "Feldon's Cane": 1026, "Treasure Map": 3135, "Neutralize the Guards": 1981, "Ayli, Eternal Pilgrim": 164, "Ball Lightning": 172, "Overlord of the Boilerbilges_SB": 2089, "Founding the Third Path_SB": 1115, "Satoru, the Infiltrator": 2497, "Etched Cornfield": 930, "Wilt-Leaf Liege": 3422, "Gumdrop Poisoner_SB": 1315, "Charge of the Mites": 474, "Expel the Interlopers": 944, "Annex Sentry_SB": 82, "Vraska, the Silencer": 3372, "Binding Negotiation": 217, "Kaervek, the Punisher": 1579, "Obstinate Baloth": 2033, "Bramble Familiar": 315, "Felonious Rage_SB": 1038, "Sphinx of the Final Word_SB": 2746, "Homicide Investigator_SB": 1431, "Rip, Spawn Hunter": 2402, "Pillage the Bog_SB": 2172, "Bartolom\u00e9 del Presidio": 189, "Funeral Room // Awakening Hall": 1139, "Market Gnome": 1824, "Nezumi Linkbreaker": 1987, "Outlaw Medic": 2078, "Legion Extruder": 1689, "Thousand Moons Smithy_SB": 3041, "Blightbelly Rat": 242, "Unnatural Restoration": 3219, "Whisper of the Dross_SB": 3412, "Overprotect_SB": 2097, "Carnivorous Canopy_SB": 413, "Fecund Greenshell": 1019, "Dawn's Truce_SB": 645, "Gleaming Geardrake": 1227, "Dowsing Device": 775, "Demand Answers": 695, "Syr Ginger, the Meal Ender": 2898, "The Mycosynth Gardens": 2994, "Saheeli, Filigree Master": 2478, "Saheeli, Filigree Master_SB": 2479, "Sire of Seven Deaths_SB": 2645, "The Tale of Tamiyo": 3014, "Contaminated Aquifer": 556, "The Surgical Bay": 3011, "Case of the Ransacked Lab": 425, "Ertai's Scorn_SB": 917, "Scrawling Crawler": 2529, "Final Showdown_SB": 1058, "Hollow Scavenger": 1429, "Genesis Wave": 1168, "Archdruid's Charm_SB": 110, "Boros Charm_SB": 295, "Gaea's Gift": 1148, "Trash the Town": 3131, "Witness Protection_SB": 3443, "Banishing Light_SB": 181, "Imprisoned in the Moon_SB": 1474, "Inquisitive Glimmer_SB": 1492, "Refute_SB": 2341, "Hugs, Grisly Guardian": 1447, "Kogla and Yidaro": 1643, "Persistent Marshstalker": 2137, "Karumonix, the Rat King": 1597, "Lilypad Village": 1725, "Argentum Masticore": 118, "Hedron Archive": 1373, "Hall of Tagsin": 1322, "Tomakul Honor Guard": 3106, "Argentum Masticore_SB": 119, "Choking Miasma": 486, "Buried in the Garden": 371, "Polukranos Reborn": 2193, "Bite Down": 221, "Bite Down_SB": 222, "Untimely Malfunction": 3234, "Niv-Mizzet, Supreme": 1999, "Blazing Crescendo_SB": 238, "Captain Storm, Cosmium Raider": 407, "Corsair Captain": 579, "Malcolm, the Eyes": 1807, "Staunch Crewmate": 2796, "Lost Jitte_SB": 1761, "Lonely Arroyo": 1743, "The Millennium Calendar_SB": 2992, "Ruin-Lurker Bat_SB": 2453, "Leonin Vanguard_SB": 1696, "Veteran Survivor_SB": 3313, "Stormsplitter": 2831, "Ral's Reinforcements": 2283, "Corrupted Conviction_SB": 578, "Deadly Brew_SB": 656, "Lich-Knights' Conquest": 1710, "Greta, Sweettooth Scourge": 1294, "Sweettooth Witch": 2881, "Experimental Confectioner": 947, "Mintstrosity": 1877, "Scream Puff": 2531, "Gingerbread Hunter": 1202, "Back for Seconds": 169, "Spider Food": 2747, "Feed the Cauldron": 1020, "Return from the Wilds": 2394, "Savor": 2500, "Three Bowls of Porridge": 3053, "Eriette's Tempting Apple": 910, "Not Dead After All_SB": 2013, "Sugar Rush_SB": 2845, "Candy Grapple_SB": 399, "Fell_SB": 1035, "Murder_SB": 1952, "Cheeky House-Mouse_SB": 482, "Burrowguard Mentor": 377, "Dryad Militant": 818, "Trostani, Three Whispers": 3146, "Oakhollow Village": 2025, "Pollen-Shield Hare": 2189, "Kutzil, Malamet Exemplar_SB": 1667, "Necrogen Rotpriest": 1971, "Contagious Vorrac": 555, "Armored Scrapgorger_SB": 128, "Forest_SB": 1106, "Invasion of Fiora_SB": 1521, "An Offer You Can't Refuse": 62, "Malcolm, Alluring Scoundrel_SB": 1806, "The Monumental Facade": 2993, "Solphim, Mayhem Dominus": 2701, "Sardian Cliffstomper": 2493, "Magmatic Sprinter": 1795, "Churning Reservoir": 490, "Sardian Cliffstomper_SB": 2494, "Monastery Swiftspear_SB": 1922, "Magmatic Sprinter_SB": 1796, "Churning Reservoir_SB": 491, "Zoyowa's Justice": 3484, "Trial of Agony": 3138, "Ojer Axonil, Deepest Might": 2040, "Generous Plunderer": 1167, "Brazen Collector": 326, "Firebrand Archer": 1064, "Leyline of Resonance_SB": 1703, "Ancestors' Aid_SB": 68, "Slickshot Show-Off_SB": 2685, "Gaea's Gift_SB": 1149, "Give In to Violence_SB": 1209, "Cityscape Leveler_SB": 497, "Nahiri's Resolve_SB": 1962, "Scrapwork Mutt": 2528, "Abandoned Campground": 1, "Kitnap_SB": 1632, "Braids, Arisen Nightmare_SB": 313, "Obyra, Dreaming Duelist": 2035, "Repel Calamity_SB": 2361, "Delney, Streetwise Lookout": 693, "Hare Apparent": 1338, "No Witnesses": 2005, "Stroke of Midnight": 2837, "Impact Tremors": 1470, "Pile On": 2167, "Call a Surprise Witness": 393, "Giant Cindermaw_SB": 1194, "Micromancer": 1863, "Ygra, Eater of All": 3463, "Maha, Its Feathers Night": 1798, "Massacre Girl, Known Killer": 1832, "Daggerfang Duo": 630, "Moonstone Harbinger": 1933, "Pestilent Syphoner": 2140, "Hoarding Recluse": 1426, "Deathbloom Gardener": 664, "Drown in Ichor_SB": 816, "Ghired, Mirror of the Wilds": 1183, "Bloodfeather Phoenix": 251, "Rakdos, the Muscle": 2279, "Rakdos, the Muscle_SB": 2280, "Rakdos Joins Up_SB": 2277, "Massacre Girl, Known Killer_SB": 1833, "Unyielding Gatekeeper": 3238, "Ghalta and Mavren": 1179, "Progenitus": 2220, "Manifest Dread": 1812, "Hide in Plain Sight": 1410, "Threats Around Every Corner": 3050, "Crystal Barricade": 612, "Green Sun's Twilight_SB": 1289, "Witness Protection": 3442, "Oblivious Bookworm": 2031, "Growing Dread": 1301, "Bubble Smuggler": 362, "Cryptid Inspector": 611, "Exit Specialist": 940, "Cursed Windbreaker": 624, "Break Down the Door": 331, "Surrak and Goreclaw": 2875, "Hard-Hitting Question_SB": 1336, "Polukranos Reborn_SB": 2194, "Hazardroot Herbalist": 1356, "Rabbit Response": 2255, "Treeguard Duo": 3136, "Uncharted Haven": 3189, "Warren Elder": 3390, "Head of the Homestead": 1360, "Head of the Homestead_SB": 1361, "Grab the Prize_SB": 1267, "Stroke of Midnight_SB": 2838, "Slagstorm": 2672, "Valley Flamecaller": 3272, "Dragonmaster Outcast": 796, "Magda, the Hoardmaster": 1789, "Tinybones, Bauble Burglar": 3084, "Hellspur Posse Boss": 1380, "Hellspur Brute_SB": 1379, "Cynical Loner_SB": 629, "Astor, Bearer of Blades": 141, "Bladehold War-Whip": 230, "Kellan, the Fae-Blooded": 1616, "Kemba, Kha Enduring": 1617, "Rebel Salvo": 2318, "Swiftfoot Boots": 2883, "Sword of Forge and Frontier": 2887, "Astor, Bearer of Blades_SB": 142, "Hidetsugu and Kairi": 1412, "Consuming Aberration": 554, "Knight of Dusk's Shadow": 1636, "Soul-Guide Lantern": 2714, "No One Left Behind_SB": 2004, "Dusk Legion Duelist": 825, "Stocking the Pantry": 2812, "Botanical Brawler": 300, "Tribute to the World Tree": 3140, "Railway Brawler": 2272, "Collector's Cage_SB": 525, "Evolved Sleeper": 936, "Friendly Teddy": 1125, "Rankle's Prank_SB": 2294, "Consumed by Greed_SB": 553, "Patchwork Banner": 2120, "Hop to It_SB": 1434, "Titania, Voice of Gaea": 3093, "Guardian of Ghirapur": 1308, "Desperate Bloodseeker": 713, "Rampaging Spiketail": 2290, "Barkform Harvester": 186, "Fae Flight_SB": 970, "Phoenix Chick": 2146, "Rush of Dread_SB": 2464, "Kitesail Larcenist_SB": 1631, "Magebane Lizard": 1790, "Ravine Raider": 2304, "Final Flourish_SB": 1056, "Time Stop_SB": 3078, "Drag the Canal_SB": 780, "Unnatural Restoration_SB": 3220, "Infectious Inquiry_SB": 1484, "Volcanic Spite": 3351, "Grab the Prize": 1266, "Taii Wakeen, Perfect Shot": 2900, "Unruly Catapult": 3223, "Glassworks // Shattered Yard_SB": 1224, "Samut, Vizier of Naktamun": 2484, "Rakdos Guildgate": 2275, "Izzet Guildgate": 1551, "Selesnya Guildgate": 2569, "Orzhov Guildgate": 2066, "Gruul Guildgate": 1304, "Boros Guildgate": 297, "Azorius Guildgate": 166, "Dimir Guildgate": 730, "Golgari Guildgate": 1260, "Maze's End": 1838, "Circuitous Route": 494, "Expedition Map": 943, "Dust Animus": 828, "Tribute to the World Tree_SB": 3141, "Hulking Metamorph": 1448, "Rest in Peace": 2372, "Surge Engine_SB": 2867, "Fake Your Own Death": 981, "Invasion of Ergamon": 1520, "Break Out_SB": 333, "Flamewake Phoenix_SB": 1075, "Beastie Beatdown_SB": 201, "Ego Drain_SB": 851, "Hearthborn Battler_SB": 1371, "Vengeful Possession": 3304, "Rabid Gnaw_SB": 2258, "Repair and Recharge": 2360, "Step Between Worlds_SB": 2804, "Hexgold Halberd": 1403, "Sporogenic Infection": 2765, "Skyfisher Spider_SB": 2664, "Kroxa and Kunoros": 1661, "Festerleech": 1044, "Fallaji Archaeologist_SB": 983, "The Wandering Rescuer_SB": 3016, "Oracle of Tragedy": 2060, "Tarrian's Journal": 2916, "Felidar Cub": 1029, "Knight-Errant of Eos_SB": 1641, "Dusk Rose Reliquary_SB": 827, "Ruthless Lawbringer_SB": 2468, "Felidar Cub_SB": 1030, "Worldwalker Helm": 3447, "Torch the Witness": 3112, "Detective's Satchel": 720, "Forensic Gadgeteer_SB": 1103, "Ice Out_SB": 1460, "Banishing Light": 180, "Evolving Adaptive": 937, "Garruk's Uprising_SB": 1156, "Unauthorized Exit": 3187, "Let's Play a Game_SB": 1698, "Chart a Course_SB": 480, "Johann's Stopgap_SB": 1570, "Flow of Knowledge_SB": 1093, "Roaming Throne_SB": 2421, "Quintorius Kand_SB": 2254, "Soul Search": 2711, "Surgical Suite && Hospital Room": 2871, "Razorlash Transmogrant": 2308, "Shrouded Shepherd": 2622, "Wandertale Mentor": 3379, "Vodalian Mindsinger_SB": 3344, "Llanowar Elves_SB": 1736, "Bonehoard Dracosaur_SB": 284, "Norin, Swift Survivalist": 2008, "Trapped in the Screen": 3129, "Ragged Playmate": 2269, "Trapped in the Screen_SB": 3130, "Ragged Playmate_SB": 2270, "Norin, Swift Survivalist_SB": 2009, "Splitskin Doll_SB": 2764, "Fear of Surveillance_SB": 1013, "Grand Entryway // Elegant Rotunda_SB": 1275, "Zurgo and Ojutai": 3488, "Dead Weight_SB": 654, "Think Twice_SB": 3020, "Take for a Ride_SB": 2907, "Fleeting Flight": 1080, "Mosswood Dreadknight_SB": 1939, "Boltwave_SB": 278, "Enduring Courage_SB": 887, "War Squeak_SB": 3382, "Spirebluff Canal_SB": 2756, "Chandra, Flameshaper_SB": 463, "Blazing Crescendo": 237, "Ajani, Sleeper Agent": 43, "Fumigate": 1137, "Great Train Heist": 1284, "Fiendish Panda": 1048, "Ashnod's Harvester": 135, "Warhost's Frenzy": 3387, "Glimmerlight": 1230, "Geralf, the Fleshwright": 1170, "Geralf, the Fleshwright_SB": 1171, "Claim Jumper_SB": 500, "Mirrex_SB": 1881, "Tectonic Hazard": 2923, "Chainsaw_SB": 461, "Vampire Gourmand": 3283, "Vraan, Executioner Thane": 3366, "Eaten Alive_SB": 843, "Wojek Investigator": 3444, "Rustler Rampage": 2465, "Recommission_SB": 2328, "Heroic Reinforcements": 1400, "Searslicer Goblin_SB": 2546, "Lost in the Maze_SB": 1763, "Stormchaser's Talent_SB": 2825, "Phyrexian Missionary": 2155, "Case of the Locked Hothouse_SB": 423, "Cactarantula": 385, "Stromkirk Noble": 2839, "Ojer Pakpatiq, Deepest Epoch": 2041, "Disturbing Conversion_SB": 753, "Enduring Vitality_SB": 895, "Koth, Fire of Resistance": 1652, "Lithomantic Barrage": 1729, "Audience with Trostani_SB": 149, "Leyline of the Void": 1707, "Sentinel of Lost Lore": 2570, "Virtue of Knowledge": 3329, "Defiler of Dreams_SB": 691, "Wylie Duke, Atiin Hero": 3458, "Stoke the Flames": 2817, "Omen Hawker": 2047, "Valgavoth's Onslaught_SB": 3267, "Kutzil's Flanker": 1664, "Extraordinary Journey": 959, "Gold Pan": 1255, "Extraordinary Journey_SB": 960, "Nurturing Pixie_SB": 2022, "Moonshaker Cavalry": 1931, "Pearl of Wisdom": 2126, "Fear of Lost Teeth": 1009, "Horrid Vigor": 1440, "Flesh Burrower": 1082, "Let's Play a Game": 1697, "Winter's Intervention": 3429, "Grasping Longneck": 1276, "Wickerfolk Thresher": 3415, "Cackling Slasher": 383, "Fear of the Dark": 1014, "Balemurk Leech": 171, "Give In to Violence": 1208, "Innocuous Rat": 1490, "Bashful Beastie": 191, "Defiant Survivor": 685, "Meathook Massacre II": 1843, "Vile Mutilator": 3320, "Analyze the Pollen_SB": 66, "Mistbreath Elder": 1893, "Bushwhack_SB": 381, "Mistbreath Elder_SB": 1894, "Realmbreaker's Grasp_SB": 2314, "Treeguard Duo_SB": 3137, "Stickytongue Sentinel_SB": 2808, "Sunshower Druid_SB": 2861, "Tumbleweed Rising_SB": 3149, "Polliwallop_SB": 2191, "Leyline of Transformation": 1705, "Saheeli's Lattice": 2477, "Hopeless Nightmare_SB": 1437, "Thrill of Possibility": 3060, "Etali, Primal Storm_SB": 929, "Corpses of the Lost_SB": 573, "Adamant Will": 17, "Goldvein Pick": 1259, "Moment of Triumph": 1913, "Pilfer": 2169, "Public Thoroughfare": 2230, "Roaming Throne": 2420, "Undying Malice": 3203, "Cancel_SB": 398, "Opt_SB": 2056, "Requisition Raid": 2365, "Anointed Peacekeeper_SB": 92, "Connecting the Dots_SB": 549, "Idyllic Beachfront": 1464, "Annihilating Glare": 86, "Fanatical Offering": 987, "Sword of Wealth and Power": 2891, "Makeshift Binding": 1802, "Deadly Riposte_SB": 661, "Nettle Guard_SB": 1980, "Dismal Backwater": 741, "Pelakka Wurm": 2130, "Extract a Confession_SB": 958, "Soul-Shackled Zombie_SB": 2717, "Unauthorized Exit_SB": 3188, "Jump Scare_SB": 1577, "Progenitus_SB": 2221, "Dewdrop Cure": 726, "Harvestrite Host": 1345, "Family Reunion_SB": 984, "Cut Short_SB": 627, "Voracious Varmint_SB": 3361, "Ambush Wolf_SB": 59, "Empyrean Eagle": 880, "Tranquil Cove": 3123, "Griffnaut Tracker_SB": 1297, "Invasion of Regatha": 1529, "Hidetsugu's Second Rite": 1414, "Lassoed by the Law": 1672, "Mabel's Mettle": 1781, "Skulduggery": 2655, "Skulduggery_SB": 2656, "Dead Weight": 653, "Minor Misstep": 1875, "Hopeful Vigil": 1435, "Restricted Office // Lecture Hall": 2390, "Central Elevator // Promising Stairs": 455, "Creeping Peeper": 597, "Underwater Tunnel // Slimy Aquarium": 3202, "Erratic Apparition": 913, "Dazzling Theater // Prop Room": 652, "Fear of Falling": 1002, "Fear of Abduction": 998, "Lionheart Glimmer": 1727, "Tunnel Surveyor_SB": 3153, "Stalked Researcher_SB": 2782, "Guide of Souls": 1310, "Ocelot Pride": 2036, "Ragavan, Nimble Pilferer": 2267, "Ajani, Nacatl Pariah": 42, "Phlage, Titan of Fire's Fury": 2145, "Galvanic Discharge": 1152, "Thraben Charm": 3042, "Static Prison": 2793, "Goblin Bombardment": 1245, "Arena of Glory": 117, "Arid Mesa": 122, "Flooded Strand": 1084, "Marsh Flats": 1829, "Sacred Foundry": 2473, "Fable of the Mirror-Breaker": 964, "Showdown of the Skalds": 2619, "Windswept Heath": 3427, "Fear, Fire, Foes!_SB": 1015, "Orim's Chant_SB": 2063, "Surgical Extraction_SB": 2870, "Drannith Magistrate_SB": 803, "Stony Silence_SB": 2819, "Wear // Tear_SB": 3401, "Showdown of the Skalds_SB": 2620, "Obsidian Charmaw_SB": 2032, "Polluted Delta": 2192, "Scalding Tarn": 2506, "Misty Rainforest": 1898, "Bloodstained Mire": 259, "Watery Grave": 3397, "Steam Vents": 2797, "Sink into Stupor": 2641, "Spell Snare": 2736, "Unearth": 3204, "Thoughtseize": 3038, "Fatal Push": 992, "Faithless Looting": 980, "Tamiyo, Inquisitive Student": 2913, "Psychic Frog": 2228, "Counterspell": 588, "Persist": 2136, "Force of Negation": 1099, "Brazen Borrower": 324, "Archon of Cruelty": 114, "Nihil Spellbomb_SB": 1992, "Consign to Memory_SB": 551, "Harbinger of the Seas_SB": 1332, "Stern Scolding_SB": 2807, "Fable of the Mirror-Breaker_SB": 965, "Blazing Rootwalla": 239, "Burning Inquiry": 373, "Detective's Phoenix": 719, "Flameblade Adept": 1071, "Goblin Lore": 1249, "Hollow One": 1428, "Lightning Bolt": 1714, "Stomping Ground": 2818, "Street Wraith": 2835, "Vengevine": 3306, "Wooded Foothills": 3445, "Cursed Totem_SB": 623, "Meltdown_SB": 1850, "Barbarian Ring": 184, "Sunbaked Canyon": 2850, "Eidolon of the Great Revel": 852, "Goblin Guide": 1248, "Lava Spike": 1679, "Rift Bolt": 2398, "Searing Blaze": 2543, "Skewer the Critics": 2647, "Skullcrack": 2659, "Flare of Duplication": 1076, "Smash to Smithereens_SB": 2688, "Faerie Macabre_SB": 975, "Ensnaring Bridge_SB": 901, "Primeval Titan": 2212, "Arboreal Grazer": 100, "Dryad of the Ilysian Grove": 820, "Dryad Arbor": 817, "Amulet of Vigor": 61, "Summoner's Pact": 2847, "Green Sun's Zenith": 1290, "Explore": 950, "Scapeshift": 2511, "Boseiju, Who Endures": 298, "Crumbling Vestige": 605, "Lotus Field": 1764, "Gruul Turf": 1306, "Simic Growth Chamber": 2637, "Hanweir Battlements": 1329, "Echoing Deeps": 845, "Mirrorpool": 1884, "Shifting Woodland": 2600, "Otawara, Soaring City": 2073, "Urza's Saga": 3258, "Valakut, the Molten Pinnacle": 3263, "Vesuva": 3308, "Tolaria West": 3102, "Urza's Cave": 3256, "Bojuka Bog_SB": 275, "Defense Grid_SB": 684, "Endurance_SB": 885, "Force of Vigor_SB": 1100, "Dismember_SB": 742, "Tireless Tracker_SB": 3088, "Vampires' Vengeance_SB": 3287, "Collector Ouphe_SB": 523, "Indomitable Creativity": 1478, "Prismatic Ending": 2215, "Wrenn and Six": 3454, "Blood Crypt": 247, "Xander's Lounge": 3459, "Jetmir's Garden": 1564, "Dwarven Mine": 834, "Boseiju, Who Endures_SB": 299, "Toxic Deluge_SB": 3119, "Hurkyl's Recall_SB": 1453, "Damping Sphere_SB": 634, "Cling to Dust": 511, "Harbinger of the Seas": 1331, "Murktide Regent": 1953, "Preordain": 2207, "Thought Scour": 3035, "Engineered Explosives_SB": 898, "Mystical Dispute_SB": 1961, "Spell Pierce_SB": 2735, "The Meathook Massacre_SB": 2989, "Orcish Bowmasters": 2062, "Godless Shrine": 1254, "Seasoned Pyromancer": 2555, "Phelia, Exuberant Shepherd": 2144, "Wrath of the Skies_SB": 3450, "Thoughtseize_SB": 3039, "Legion Loyalist": 1691, "Goblin Bushwhacker": 1246, "Devastating Summons": 722, "Reckless Bushwhacker": 2320, "Goblin Grenade": 1247, "Goblin Piledriver": 1251, "Mogg War Marshal": 1902, "Skirk Prospector": 2648, "Foundry Street Denizen": 1116, "Den of the Bugbear": 706, "Sokenzan, Crucible of Defiance": 2698, "Tormod's Crypt_SB": 3114, "Shattering Spree_SB": 2591, "Blood Moon_SB": 249, "Magus of the Moon_SB": 1797, "Reality Hemorrhage_SB": 2312, "Ziatora's Proving Ground": 3476, "Veil of Summer_SB": 3296, "Terastodon_SB": 2946, "Consider": 550, "Graveyard Trespasser": 1278, "Exquisite Firecraft_SB": 952, "Searing Blood_SB": 2544, "Tunnel Ignus_SB": 3151, "Vexing Bauble": 3314, "Hexdrinker_SB": 1402, "Colossal Skyturtle_SB": 532, "Generous Ent_SB": 1166, "Grist, the Hunger Tide_SB": 1300, "Chained to the Rocks": 458, "Chained to the Rocks_SB": 459, "Ragavan, Nimble Pilferer_SB": 2268, "Corrupt": 576, "Giant Growth_SB": 1196, "Over the Edge_SB": 2082, "Poison Dart Frog_SB": 2188, "Talion, the Kindly Lord": 2912, "Slice from the Shadows": 2680, "Come Back Wrong": 538, "Glassworks // Shattered Yard": 1223, "Beamtown Beatstick": 199, "Diamond Pick-Axe": 729, "Sunfire Torch": 2856, "Celestial Armor": 452, "Carrot Cake_SB": 416, "Edgewall Inn": 848, "Grievous Wound_SB": 1296, "Goliath Hatchery_SB": 1262, "Cathartic Parting_SB": 437, "Balmor, Battlemage Captain": 174, "Bria, Riptide Rogue": 339, "Freeze in Place": 1121, "Relic's Roar": 2354, "Run Away Together_SB": 2455, "Scalding Viper_SB": 2508, "Harrier Strix": 1342, "Snaremaster Sprite": 2695, "Living Phone": 1734, "Hardened Escort": 1337, "Unsettling Twins": 3225, "The Jolly Balloon Man": 2982, "Holy Cow": 1430, "Unsettling Twins_SB": 3226, "Raccoon Rallier_SB": 2259, "Feather of Flight_SB": 1018, "Rogue's Passage_SB": 2432, "Possessed Goat_SB": 2202, "The Jolly Balloon Man_SB": 2983, "Hammerhand_SB": 1328, "Heartfire Hero_SB": 1365, "Inti, Seneschal of the Sun_SB": 1506, "Pests of Honor": 2141, "Nettle Guard": 1979, "Three Blind Mice": 3051, "Dauntless Dismantler_SB": 643, "Phoenix Chick_SB": 2147, "Gleaming Barrier": 1225, "Gleaming Barrier_SB": 1226, "Solemn Simulacrum_SB": 2700, "Twinferno_SB": 3158, "Sure Strike_SB": 2865, "Mirran Banesplitter": 1879, "Heartfire Immolator": 1366, "Dwarven Forge-Chanter": 833, "Whiskerquill Scribe": 3409, "Sure Strike": 2864, "Ghitu Amplifier": 1184, "Furious Bellow": 1141, "Ancestors' Aid": 67, "Keldon Flamesage": 1607, "Brambleguard Captain": 317, "Johann, Apprentice Sorcerer": 1571, "Kraum, Violent Cacophony": 1656, "Razzle-Dazzler": 2311, "Vesuvan Drifter": 3309, "Thopter Mechanic": 3029, "Nightwhorl Hermit": 1991, "Iron-Fist Pulverizer": 1540, "Pyrotechnic Performer": 2242, "Fear of Burning Alive": 1001, "Swiftwater Cliffs": 2885, "Molten Tributary": 1910, "Defabricate": 680, "Aspirant's Ascent": 136, "Stop Cold": 2820, "Mishra's Command_SB": 1890, "Plan the Heist_SB": 2180, "Sleight of Hand_SB": 2679, "Kellan, Planar Trailblazer_SB": 1615, "Trick Shot_SB": 3142, "Violent Urge_SB": 3324, "Involuntary Cooldown_SB": 1538, "Out of Air_SB": 2075, "The Filigree Sylex": 2973, "Halo Hopper": 1326, "Charge of the Mites_SB": 475, "Hellspur Posse Boss_SB": 1381, "Grand Abolisher": 1271, "Unnerving Grasp": 3221, "Make Your Move_SB": 1800, "Fynn, the Fangbearer_SB": 1147, "Harbinger of the Tides": 1333, "Harbinger of the Tides_SB": 1334, "Pile On_SB": 2168, "Cat Collector": 433, "Bottomless Pool && Locker Room_SB": 303, "Growing Rites of Itlimoc": 1302, "Flowstone Infusion": 1095, "Season of Gathering": 2547, "Warren Warleader": 3391, "Seasoned Warrenguard_SB": 2557, "Lionheart Glimmer_SB": 1728, "Horrid Vigor_SB": 1441, "Omnivorous Flytrap_SB": 2053, "Jump Scare": 1576, "Niko, Light of Hope": 1993, "Tunnel Surveyor": 3152, "Stalked Researcher": 2781, "Enter the Enigma_SB": 904, "Fear of Isolation_SB": 1008, "Into the Roil": 1511, "Into the Roil_SB": 1512, "Ayara, Widow of the Realm": 163, "Coruscation Mage": 580, "Throw from the Saddle": 3063, "Arachnoid Adaptation": 96, "Hammerhand": 1327, "War Squeak": 3381, "Longstalk Brawl_SB": 1748, "Thrill of Possibility_SB": 3061, "Roc Hunter": 2427, "Feldon, Ronom Excavator": 1028, "Scalding Viper": 2507, "Trial of Agony_SB": 3139, "Adventuring Gear_SB": 21, "Vicious Clown_SB": 3319, "Fear of Being Hunted_SB": 1000, "Rite of the Dragoncaller_SB": 2411, "Ghostly Dancers": 1189, "Demonic Pact_SB": 703, "Splash Portal_SB": 2760, "Valorous Stance": 3281, "Lodestone Needle": 1742, "Scytheclaw Raptor_SB": 2538, "Sawblade Skinripper_SB": 2502, "Pitiless Carnage_SB": 2176, "Bring the Ending_SB": 344, "Season of Loss_SB": 2550, "Zephyr Singer": 3472, "Spell Pierce": 2734, "Molt Tender": 1904, "Draconautics Engineer": 777, "Loot, the Pathfinder": 1751, "Afterburner Expert": 29, "Dredger's Insight": 812, "Restless Spire_SB": 2386, "Sunbillow Verge": 2851, "Grim Bauble": 1298, "Momentum Breaker": 1916, "Debris Beetle": 667, "Wastewood Verge": 3394, "Vein Ripper_SB": 3298, "Ketramose, the New Dawn": 1618, "Bleachbone Verge": 240, "Intimidation Tactics": 1507, "Surgical Suite // Hospital Room_SB": 2874, "Oildeep Gearhulk_SB": 2039, "Bloodghast": 254, "Lunar Convocation_SB": 1773, "Bartolom\u00e9 del Presidio_SB": 190, "Valley Rotcaller_SB": 3278, "Oildeep Gearhulk": 2038, "Haunt the Network_SB": 1349, "Willowrush Verge": 3421, "Gleeful Demolition_SB": 1229, "Ride's End": 2396, "Defend the Rider": 682, "Hazoret, Godseeker": 1358, "Eriette of the Charmed Apple": 909, "Monument to Endurance": 1929, "Outpace Oblivion_SB": 2079, "Cunning Coyote_SB": 618, "Thousand Moons Smithy": 3040, "Transmutation Font": 3128, "Braided Net_SB": 311, "Intimidation Tactics_SB": 1508, "The Speed Demon_SB": 3007, "Bounce Off": 306, "Nesting Bot": 1977, "Grim Bauble_SB": 1299, "Voyage Home": 3363, "Perilous Snare": 2134, "Chandra, Spark Hunter_SB": 467, "Momentum Breaker_SB": 1917, "Quag Feast": 2246, "Gastal Raider_SB": 1159, "Overgrown Zealot": 2085, "Transit Mage": 3127, "Brightglass Gearhulk": 341, "Voyager Glidecar": 3364, "Voyager Glidecar_SB": 3365, "Debris Beetle_SB": 668, "Fuel the Flames": 1132, "Skycrash": 2661, "Riverpyre Verge": 2419, "Broadside Barrage_SB": 352, "Fuel the Flames_SB": 1133, "Dropkick Bomber": 814, "Howlsquad Heavy": 1444, "Reckless Lackey": 2322, "Amonkhet Raceway": 60, "Marauding Mako": 1819, "Scrounging Skyray": 2536, "Broadside Barrage": 351, "Boosted Sloop": 293, "Bounce Off_SB": 307, "Thopter Fabricator_SB": 3028, "Count on Luck_SB": 587, "Mendicant Core, Guidelight": 1852, "Mu Yanling, Wind Rider": 1944, "The Skullspore Nexus": 3004, "Regal Imperiosaur": 2346, "Intrepid Paleontologist_SB": 1514, "Overlord of the Hauntwoods_SB": 2093, "Agonasaur Rex": 35, "Sandstalker Moloch_SB": 2485, "The Aetherspark": 2959, "Bringer of the Last Gift": 345, "Terisian Mindbreaker": 2947, "Skitterbeam Battalion": 2650, "Riverchurn Monument": 2416, "Diversion Unit": 758, "Gastal Thrillroller_SB": 1161, "Monument to Endurance_SB": 1930, "Spectacular Pileup": 2727, "Riptide Gearhulk": 2403, "Burnout Bashtronaut": 375, "Greasewrench Goblin": 1280, "Lifecraft Engine": 1711, "Gastal Thrillroller": 1160, "Coalstoke Gearhulk_SB": 515, "Visage Bandit": 3336, "Waxen Shapethief": 3398, "Coalstoke Gearhulk": 514, "Locust Spray": 1741, "Webstrike Elite": 3404, "Memory Guardian": 1851, "Shoreline Looter": 2618, "Engine Rat_SB": 897, "Zahur, Glory's Past": 3470, "Quag Feast_SB": 2247, "Essence Channeler_SB": 923, "Lunar Insight": 1774, "Atraxa's Fall_SB": 145, "Gruff Triplets": 1303, "Captain Howler, Sea Scourge": 405, "Jodah, the Unifier_SB": 1569, "Thunderous Velocipede": 3072, "Invasion of Regatha_SB": 1530, "Ketramose, the New Dawn_SB": 1619, "Dune Drifter": 822, "Ride's End_SB": 2397, "Chandra, Spark Hunter": 466, "Rampaging Raptor": 2288, "Agonasaur Rex_SB": 36, "Repurposing Bay": 2364, "Perilous Snare_SB": 2135, "Expel the Interlopers_SB": 945, "Visage of Dread": 3337, "Pit Automaton": 2173, "Visage of Dread_SB": 3338, "The Last Ride_SB": 2987, "Aether Syphon_SB": 26, "Red Sun's Twilight_SB": 2332, "Phyrexian Dragon Engine": 2152, "Mishra, Claimed by Gix": 1892, "Coiling Rebirth_SB": 519, "Collision Course_SB": 529, "Caelorna, Coral Tyrant_SB": 386, "Sazacap's Brew": 2505, "Invasion of Mercadia": 1528, "Playful Shove": 2182, "Lightwheel Enhancements": 1719, "The Speed Demon": 3006, "Gas Guzzler": 1157, "Spectral Interference_SB": 2732, "Say Its Name_SB": 2504, "Gastal Thrillseeker": 1162, "Far Fortune, End Boss": 990, "Overrun_SB": 2099, "Wardens of the Cycle_SB": 3386, "Painful Quandary_SB": 2109, "Leaf-Crowned Visionary_SB": 1686, "Mossborn Hydra_SB": 1937, "Drag to the Roots_SB": 783, "Stock Up": 2810, "Spectacular Pileup_SB": 2728, "Flow of Knowledge": 1092, "Claim Jumper": 499, "Starscape Cleric_SB": 2789, "Flotsam // Jetsam_SB": 1090, "Soul of Windgrace": 2713, "Melira, the Living Cure_SB": 1849, "Bloated Contaminator_SB": 246, "Diversion Unit_SB": 759, "Tyrox, Saurid Tyrant": 3172, "Engine Rat": 896, "Teysa, Opulent Oligarch": 2956, "Gonti, Night Minister": 1263, "Muraganda Raceway": 1950, "Gumdrop Poisoner": 1314, "Mindspring Merfolk": 1874, "Zephyr Singer_SB": 3473, "Tomik, Wielder of Law_SB": 3109, "Conduit of Worlds_SB": 545, "Optimistic Scavenger_SB": 2058, "Esoteric Duplicator": 921, "Explosive Derailment_SB": 951, "Mishra's Command": 1889, "Ratadrabik of Urborg": 2297, "Webstrike Elite_SB": 3405, "Heliod, the Radiant Dawn": 1376, "Twinblade Blessing": 3157, "Restless Anchorage_SB": 2375, "Defend the Rider_SB": 683, "Fearless Swashbuckler": 1016, "Unctus, Grand Metatect": 3190, "The Aetherspark_SB": 2960, "Lumbering Worldwagon": 1767, "Overrun": 2098, "The Last Ride": 2986, "Ancient Vendetta_SB": 72, "Demonic Junker": 700, "Nexus of Becoming": 1985, "Unstable Glyphbridge_SB": 3228, "Ancient Vendetta": 71, "Basri, Tomorrow's Champion": 194, "Skyseer's Chariot_SB": 2668, "Lassoed by the Law_SB": 1673, "Blast Zone_SB": 235, "Reclamation Sage": 2325, "Thalia and The Gitrog Monster_SB": 2958, "Ashiok, Wicked Manipulator_SB": 134, "Third Path Iconoclast_SB": 3022, "Ferocification_SB": 1042, "Become Brutes": 203, "Sword of Forge and Frontier_SB": 2888, "Veteran Survivor": 3312, "Kellan, Inquisitive Prodigy_SB": 1613, "Caradora, Heart of Alacria": 409, "Veteran Beastrider": 3311, "Skyseer's Chariot": 2667, "Valor's Flagship": 3279, "The Elder Dragon War_SB": 2966, "Spring-Loaded Sawblades_SB": 2769, "Urza's Command_SB": 3257, "Dive Down": 756, "Scrollshift_SB": 2535, "Full Throttle_SB": 1136, "Loot, the Key to Everything_SB": 1750, "Loot, the Pathfinder_SB": 1752, "Twining Twins": 3160, "Threadbind Clique": 3049, "Boommobile": 289, "Forging the Anchor": 1107, "Radiant Lotus": 2263, "The Mightstone and Weakstone_SB": 2991, "Boommobile_SB": 290, "Radiant Lotus_SB": 2264, "Volley Veteran": 3356, "Bloodthorn Flail": 261, "Flamewake Phoenix": 1074, "Cryptcaller Chariot_SB": 607, "Riptide Gearhulk_SB": 2404, "Riverchurn Monument_SB": 2417, "Spiteful Hexmage_SB": 2758, "Thopter Fabricator": 3027, "Wishing Well": 3435, "Frolicking Familiar": 1126, "Alania, Divergent Storm": 48, "Resplendent Angel_SB": 2370, "Tinker's Tote": 3081, "Cephalopod Sentry": 456, "Furnace Host Charger": 1142, "Clamorous Ironclad": 503, "Redshift, Rocketeer Chief": 2337, "Haunt the Network": 1348, "Sorcerous Spyglass": 2707, "Demonic Junker_SB": 701, "Halana and Alena, Partners_SB": 1320, "Valor's Flagship_SB": 3280, "Tocasia's Welcome_SB": 3101, "Stall Out": 2783, "Stall Out_SB": 2784, "Sovereign Okinec Ahau": 2725, "Gloryheath Lynx": 1238, "The Raven Man": 2998, "The Raven Man_SB": 2999, "Broodheart Engine": 354, "Gargantuan Leech": 1154, "Captivating Cave": 408, "Promising Vein": 2223, "Hidden Courtyard": 1405, "Bat Colony": 195, "Calamitous Cave-In": 387, "Hidden Volcano": 1409, "Marketback Walker": 1826, "Sylvan Scavenging": 2894, "Sab-Sunen, Luxa Embodied": 2471, "Simian Simulacrum": 2636, "Mold Adder_SB": 1903, "Boom Box": 287, "Possession Engine": 2203, "Conduit of Worlds": 544, "Broadcast Rambler": 350, "Virtue of Courage": 3327, "Leyline Binding_SB": 1701, "Likeness Looter": 1720, "Reluctant Role Model": 2355, "Bulwark Ox": 367, "Reluctant Role Model_SB": 2356, "The Goose Mother": 2976, "Market Gnome_SB": 1825, "Daretti, Rocketeer Engineer": 637, "Threefold Thunderhulk": 3058, "Tune Up": 3150, "Meteor Golem_SB": 1857, "Burnout Bashtronaut_SB": 376, "Gastal Raider": 1158, "Oviya, Automech Artisan": 2105, "Marketback Walker_SB": 1827, "The Skullspore Nexus_SB": 3005, "Cosmium Confluence": 584, "Festival of Embers": 1045, "Hidden Nursery": 1408, "Gossip's Talent": 1265, "Balustrade Wurm": 175, "Skycrash_SB": 2662, "Nexus of Becoming_SB": 1986, "Soulless Jailer_SB": 2719, "Collector's Vault_SB": 527, "Thran Spider_SB": 3047, "Akal Pakal, First Among Equals_SB": 46, "Sab-Sunen, Luxa Embodied_SB": 2472, "Earthrumbler": 839, "Oko, the Ringleader": 2043, "Forensic Researcher": 1104, "Deepfathom Echo": 677, "Chitin Gravestalker": 485, "Desperate Bloodseeker_SB": 714, "Starving Revenant_SB": 2790, "Steamcore Scholar_SB": 2799, "Ojer Pakpatiq, Deepest Epoch_SB": 2042, "Lavaspur Boots_SB": 1681, "Thunderous Velocipede_SB": 3073, "Fear of Infinity_SB": 1006, "Stock Up_SB": 2811, "Dredger's Insight_SB": 813, "Fauna Shaman_SB": 995, "Sunder the Gateway": 2852, "Malcator, Purity Overseer": 1804, "Night Market": 1988, "Stockpiling Celebrant": 2813, "Carrion Locust_SB": 414, "Skullcap Snail_SB": 2658, "Stockpiling Celebrant_SB": 2814, "Mocking Sprite": 1899, "Talion's Messenger": 2910, "Barrow Naughty": 188, "Faerie Slumber Party": 978, "Drag the Canal": 779, "Spellscorn Coven": 2741, "Etrata, Deadly Fugitive": 934, "Coerced to Kill": 517, "Unstoppable Plan_SB": 3229, "Shadow-Rite Priest": 2583, "Training Grounds": 3122, "Hoarding Broodlord": 1425, "Nahiri's Warcrafting_SB": 1963, "Baral and Kari Zev": 183, "Enigma Drake": 899, "Eroded Canyon": 911, "Trained Arynx": 3121, "Ornery Tumblewagg": 2064, "Giant Beaver": 1192, "Lagorin, Soul of Alacria": 1669, "Miriam, Herd Whisperer": 1878, "Congregation Gryff": 548, "Brightfield Glider": 340, "Run Over_SB": 2456, "Reject Imperfection_SB": 2350, "Vivisurgeon's Insight_SB": 3342, "Haunted Mire": 1350, "Overwhelming Remorse_SB": 2101, "Akal Pakal, First Among Equals": 45, "Forensic Gadgeteer": 1102, "Deduce_SB": 672, "Wreck Remover_SB": 3451, "Brave the Wilds": 323, "Fog of War_SB": 1097, "Oaken Siren": 2024, "Guidelight Optimizer": 1311, "Fountainport Bell": 1118, "Machine Over Matter_SB": 1785, "Armored Scrapgorger": 127, "Fierce Empath": 1050, "Spinewoods Paladin": 2751, "Phyrexian Missionary_SB": 2156, "Tranquil Cove_SB": 3124, "Exsanguinate_SB": 954, "Exsanguinate": 953, "Crumb and Get It_SB": 604, "Flame Lash": 1070, "Syr Ginger, the Meal Ender_SB": 2899, "Legion Extruder_SB": 1690, "Dawnwing Marshal": 647, "Savannah Lions": 2499, "Pitiless Carnage": 2175, "Fear of Infinity": 1005, "District Mascot": 751, "Shivan Devastator": 2605, "Zimone, Paradox Sculptor": 3477, "Tyvar, the Pummeler_SB": 3181, "Zopandrel, Hunger Dominus_SB": 3481, "Irreverent Gremlin": 1541, "Dynamite Diver": 837, "Guidelight Synergist": 1312, "Kolodin, Triumph Caster": 1647, "Burner Rocket": 372, "Cloudspire Skycycle": 513, "Frenzied Goblin": 1122, "Count on Luck": 586, "Doubling Season_SB": 773, "Fanatical Firebrand_SB": 986, "Frenzied Goblin_SB": 1123, "Reckless Lackey_SB": 2323, "Howlsquad Heavy_SB": 1445, "Rundvelt Hordemaster_SB": 2458, "Aurelia, the Warleader": 151, "Gilded Ghoda": 1200, "Vanish into Eternity_SB": 3290, "Voldaren Epicure": 3353, "Ensoul Artifact": 902, "Riverglide Pathway": 2418, "Darksteel Citadel": 642, "Shrapnel Blast": 2621, "Smuggler's Copter": 2690, "Rending Volley_SB": 2359, "Shadowspear_SB": 2584, "Voltage Surge_SB": 3358, "Aether Gust_SB": 25, "Annul_SB": 88, "Cragcrown Pathway": 591, "Mutavault": 1957, "Reckless Rage": 2324, "Soul-Scar Mage": 2716, "Hazoret the Fervent_SB": 1357, "Redcap Melee_SB": 2334, "Elvish Mystic": 876, "Nykthos, Shrine to Nyx": 2023, "Kiora, Behemoth Beckoner": 1624, "Cavalier of Thorns": 444, "Old-Growth Troll": 2045, "Lair of the Hydra": 1670, "Storm the Festival": 2821, "Ulvenwald Oddity": 3184, "Oath of Nissa": 2026, "Leyline of the Guildpact": 1706, "Emrakul, the Promised End_SB": 881, "Setessan Petitioner_SB": 2581, "Arasta of the Endless Web_SB": 99, "Ledger Shredder": 1688, "Arclight Phoenix": 116, "Fiery Impulse": 1053, "Lightning Axe": 1713, "Treasure Cruise": 3134, "Hall of Storm Giants": 1321, "Brazen Borrower_SB": 325, "Anger of the Gods_SB": 76, "Prismari Command_SB": 2214, "Omen of the Sea": 2049, "The Meathook Massacre": 2988, "Narset, Parter of Veils": 1965, "Field of Ruin": 1047, "Geier Reach Sanitarium": 1165, "Urborg, Tomb of Yawgmoth": 3251, "Clearwater Pathway": 509, "Hive of the Eye Tyrant": 1424, "Shipwreck Marsh": 2604, "Takenuma, Abandoned Mire": 2909, "Ashiok, Dream Render_SB": 131, "Yorion, Sky Nomad_SB": 3465, "Ashiok, Nightmare Muse_SB": 132, "Extinction Event_SB": 956, "Unlicensed Hearse_SB": 3217, "Ramunap Ruins": 2291, "Blightstep Pathway": 244, "Bloodtithe Harvester": 262, "Blade of the Oni": 229, "Hidetsugu Consumes All_SB": 1411, "Invoke Despair_SB": 1537, "Bishop of Wings": 220, "Righteous Valkyrie": 2399, "Resplendent Marshal": 2371, "Skyclave Apparition": 2660, "Collected Company": 520, "Kayla's Reconstruction": 1603, "Portable Hole": 2197, "Branchloft Pathway": 320, "Cave of the Frost Dragon": 445, "Overgrown Farmland": 2083, "Temple Garden": 2930, "Eiganjo, Seat of the Empire": 853, "Brutal Cathar_SB": 361, "Reidane, God of the Worthy_SB": 2347, "Archon of Absolution_SB": 113, "Shapers' Sanctuary_SB": 2586, "Brave the Elements_SB": 322, "Heroic Intervention_SB": 1399, "Kroxa, Titan of Death's Hunger": 1662, "Foreboding Ruins": 1101, "Invoke Despair": 1536, "Rakdos, Patron of Chaos": 2278, "Kolaghan's Command_SB": 1646, "Haunted Ridge": 1351, "Bonecrusher Giant": 281, "Burning-Tree Emissary": 374, "Chandra, Torch of Defiance": 468, "Collision // Colossus": 528, "Gruul Spellbreaker": 1305, "Kami's Flare": 1590, "Kumano Faces Kakkazan": 1663, "Pelt Collector": 2131, "Voltaic Brawler": 3359, "Zhur-Taa Goblin": 3475, "Bonecrusher Giant_SB": 282, "Chandra, Torch of Defiance_SB": 469, "Cindervines_SB": 493, "Kami's Flare_SB": 1591, "Roiling Vortex_SB": 2435, "Weathered Runestone_SB": 3403, "Sigarda's Aid": 2627, "Colossus Hammer": 534, "Raffine's Informant": 2265, "Sylvan Caryatid": 2893, "Eldritch Evolution": 856, "Overgrown Tomb": 2084, "Mana Confluence": 1810, "Soulflayer": 2718, "Collective Brutality_SB": 522, "Gifted Aetherborn_SB": 1197, "Bloodline Culling_SB": 258, "Deafening Silence_SB": 662, "Portable Hole_SB": 2198, "Grafdigger's Cage_SB": 1269, "Cauldron Familiar": 439, "Claim the Firstborn": 501, "Deadly Dispute": 659, "Mayhem Devil": 1837, "Witch's Oven": 3437, "Claim the Firstborn_SB": 502, "Ob Nixilis, the Adversary_SB": 2028, "Hallowed Fountain": 1323, "Indatha Triome": 1477, "Spara's Headquarters": 2726, "Zagoth Triome": 3469, "Vanishing Verse": 3291, "Leyline of Sanctity_SB": 1704, "Barrier Breach_SB": 187, "Knockout Blow_SB": 1642, "Stormcarved Coast": 2822, "Spikefield Hazard": 2748, "Izzet Charm": 1550, "Prismari Command": 2213, "Go Blank_SB": 1242, "Greasefang, Okiba Boss": 1279, "Parhelion II": 2117, "Shattered Sanctum": 2590, "Faithful Mending": 979, "Skysovereign, Consul Flagship": 2670, "Tainted Indulgence": 2903, "Collective Brutality": 521, "Raffine's Tower": 2266, "Stubborn Denial": 2841, "Dovin's Veto_SB": 774, "Silence_SB": 2629, "Fatal Push_SB": 993, "Vanishing Verse_SB": 3292, "Fetid Pools": 1046, "Yorion, Sky Nomad": 3464, "Breeding Pool": 338, "Linvala, the Preserver": 1726, "Enigmatic Incarnation": 900, "Savai Triome": 2498, "Thought Distortion_SB": 3034, "Archon of Emeria_SB": 115, "Ruric Thar, the Unbowed_SB": 2462, "Experimental Frenzy_SB": 948, "Claim // Fame": 498, "Infuriate": 1486, "Extinction Event": 955, "Castle Locthwain": 432, "Paradoxical Outcome": 2116, "Krenko's Buzzcrusher": 1657, "Furnace Punisher_SB": 1143, "Hearth Elemental_SB": 1370, "Laughing Jasper Flint_SB": 1678, "Rocky Roads": 2430, "Lumbering Worldwagon_SB": 1768, "Cosmic Rebirth_SB": 583, "Mondrak, Glory Dominus_SB": 1924, "Mimeoplasm, Revered One": 1871, "Devouring Sugarmaw": 724, "Amalia Benavides Aguirre_SB": 57, "Elas il-Kor, Sadistic Pilgrim_SB": 855, "Fiendish Panda_SB": 1049, "Knight of Dawn's Light_SB": 1635, "Spin Out_SB": 2749, "Ravine Raider_SB": 2305, "Cindering Cutthroat_SB": 492, "Steampath Charger_SB": 2800, "Risky Shortcut_SB": 2407, "Become Brutes_SB": 204, "Eddymurk Crab_SB": 847, "Tolarian Terror_SB": 3104, "Drake Hatcher_SB": 799, "Goblin Oriflamme": 1250, "Spectral Interference": 2731, "Ruthless Negotiation_SB": 2470, "Etched Familiar": 931, "Haughty Djinn_SB": 1347, "Map the Frontier": 1815, "No Witnesses_SB": 2006, "Winter, Cursed Rider": 3430, "Radiant Grove": 2262, "Streetwise Negotiator_SB": 2836, "Silken Strength": 2632, "Divine Resilience": 760, "Greenhouse // Rickety Gazebo": 1291, "Mirror Room // Fractured Realm": 1883, "Khenra Spellspear": 1620, "Herd Migration_SB": 1394, "Armored Armadillo_SB": 125, "Gixian Infiltrator_SB": 1214, "Kykar, Zephyr Awakener": 1668, "Realm-Scorcher Hellkite": 2313, "Sentinel of Lost Lore_SB": 2571, "Spyglass Siren_SB": 2771, "Lathril, Blade of the Elves_SB": 1676, "The Huntsman's Redemption_SB": 2979, "Gloryheath Lynx_SB": 1239, "Threefold Thunderhulk_SB": 3059, "Cryptcaller Chariot": 606, "Case of the Locked Hothouse": 422, "Walk-In Closet // Forgotten Cellar": 3377, "Primeval Bounty": 2210, "Mindsparker_SB": 1872, "Commune with Evil": 540, "Thirsting Roots": 3023, "Gigantosaurus": 1198, "Llanowar Greenwidow": 1737, "Llanowar Stalker": 1739, "Ghalta, Primal Hunger_SB": 1181, "Gigantosaurus_SB": 1199, "Disenchant": 737, "Captain Howler, Sea Scourge_SB": 406, "Cursed Recording_SB": 622, "Rangers' Refueler": 2292, "Meeting of Minds": 1846, "Steel Hellkite_SB": 2801, "Karn, Living Legacy_SB": 1594, "Quaketusk Boar": 2248, "The Stasis Coffin": 3008, "The Everflowing Well": 2972, "Kellan Joins Up": 1609, "Ovika, Enigma Goliath_SB": 2104, "Lukka, Bound to Ruin": 1765, "Leaping Ambush": 1687, "Bestow Greatness_SB": 210, "Raucous Theater_SB": 2303, "Flowstone Infusion_SB": 1096, "Alesha, Who Laughs at Fate_SB": 51, "Stern Lesson": 2805, "Stormkeld Vanguard_SB": 2826, "Progenitor Exarch": 2219, "Primal Might_SB": 2209, "Agatha of the Vile Cauldron": 31, "Moonshaker Cavalry_SB": 1932, "Bramble Familiar_SB": 316, "Annie Joins Up_SB": 85, "Reckless Handling": 2321, "Detention Chariot": 721, "Push the Limit": 2238, "Gallant Strike": 1150, "Thundering Broodwagon": 3069, "Ancient Den": 70, "Boros Garrison": 296, "Experimental Synthesizer": 949, "Galvanic Blast": 1151, "Glint Hawk": 1232, "Great Furnace": 1283, "Journey to Nowhere": 1573, "Kor Skyfisher": 1651, "Lembas": 1694, "Makeshift Munitions": 1803, "Relic of Progenitus": 2352, "Rustvale Bridge": 2466, "Thraben Inspector": 3044, "Dust to Dust_SB": 830, "Electrickery_SB": 857, "Prismatic Strands_SB": 2216, "Pyroblast_SB": 2239, "Red Elemental Blast_SB": 2331, "Relic of Progenitus_SB": 2353, "Boomerang": 288, "Brainstorm": 314, "Cryptic Serpent": 610, "Deep Analysis": 674, "Delver of Secrets": 694, "Dragon Wings": 788, "L\u00f3rien Revealed": 1780, "Mental Note": 1853, "Murmuring Mystic": 1955, "Ponder": 2196, "Sleep of the Dead": 2675, "Snow-Covered Island": 2697, "Blue Elemental Blast_SB": 271, "Deem Inferior_SB": 673, "Dispel_SB": 743, "Hydroblast_SB": 1458, "Jace's Phantasm_SB": 1554, "Murmuring Mystic_SB": 1956, "Sleep of the Dead_SB": 2676, "Radiant Fountain": 2261, "Goldmire Bridge": 1256, "Bojuka Bog": 274, "Orzhov Basilica": 2065, "Sunlit Marsh": 2858, "Troll of Khazad-d\u00fbm": 3145, "Eagles of the North": 838, "Dawnbringer Cleric": 646, "Omen of the Dead": 2048, "Cast Down": 430, "Accursed Marauder": 13, "Refurbished Familiar": 2339, "Vault of Whispers": 3293, "Suffocating Fumes": 2844, "Campfire_SB": 396, "Arms of Hadar_SB": 129, "Unmake_SB": 3218, "Accursed Marauder_SB": 14, "Cast Down_SB": 431, "Beckon Apparition_SB": 202, "Thraben Charm_SB": 3043, "Thorn of the Black Rose_SB": 3030, "Arashin Cleric_SB": 98, "Lazav, Wearer of Faces_SB": 1684, "Harmless Offering_SB": 1340, "Return Triumphant": 2392, "Souls of the Lost_SB": 2721, "Slickshot Lockpicker_SB": 2683, "Flashfreeze": 1077, "Interface Ace": 1504, "Sunpearl Kirin": 2859, "Synchronized Charge": 2896, "Heritage Reclamation_SB": 1396, "Magmatic Hellkite_SB": 1794, "Surrak, Elusive Hunter": 2877, "Surrak, Elusive Hunter_SB": 2878, "Elspeth, Storm Slayer": 869, "Rally the Monastery": 2286, "Cori Mountain Monastery": 566, "Dispelling Exhale": 744, "Jeskai Revelation": 1562, "Marang River Regent": 1816, "Shiko, Paragon of the Way": 2601, "Tersa Lightshatter": 2953, "Cori-Steel Cutter": 570, "Jeskai Revelation_SB": 1563, "Voice of Victory_SB": 3346, "Herd Heirloom": 1391, "Sage of the Skies_SB": 2475, "Sandsteppe Citadel": 2486, "Skirmish Rhino": 2649, "Elspeth, Storm Slayer_SB": 870, "United Battlefront": 3216, "Desperate Measures": 715, "Rot-Curse Rakshasa": 2440, "Winternight Stories": 3431, "Auroral Procession": 152, "Opulent Palace": 2059, "Rakshasa's Bargain": 2281, "Glacial Dragonhunt": 1216, "Mistrise Village": 1895, "Tersa Lightshatter_SB": 2954, "Mystic Monastery": 1960, "Stormshriek Feral": 2829, "Stormshriek Feral_SB": 2830, "Wild Ride": 3416, "Roiling Dragonstorm": 2433, "Kishla Village": 1629, "Restless Vents_SB": 2388, "Cori-Steel Cutter_SB": 571, "Unending Whisper": 3205, "Static Snare": 2794, "Cooped Up": 559, "Flamehold Grappler": 1073, "Gulping Scraptrap": 1313, "Magmatic Hellkite": 1793, "Sarkhan, Dragon Ascendant": 2495, "Sarkhan, Soul Aflame": 2496, "Pit of Offerings": 2174, "Static Snare_SB": 2795, "Kayla's Reconstruction_SB": 1604, "Tempest Hawk": 2929, "Rediscover the Way": 2335, "Frontline Rush": 1128, "Gilded Lotus_SB": 1201, "Fresh Start_SB": 1124, "Frostcliff Siege": 1130, "Duty Beyond Death_SB": 832, "Dalkovan Encampment": 631, "Two-Headed Hunter_SB": 3170, "Frontier Bivouac": 1127, "Songcrafter Mage": 2704, "Death Begets Life_SB": 663, "Bloomvine Regent": 266, "Encroaching Dragonstorm": 882, "Ugin, Eye of the Storms": 3182, "Drakuseth, Maw of Flames": 800, "Breaching Dragonstorm": 329, "Molten Exhale": 1908, "Molten Exhale_SB": 1909, "Awaken the Honored Dead": 158, "Caustic Exhale": 442, "Disruptive Stormbrood": 746, "Scavenger Regent // Exude Toxin // Scavenger Regent": 2513, "Teval, Arbiter of Virtue": 2955, "Caustic Exhale_SB": 443, "Fangkeeper's Familiar_SB": 989, "Ugin, Eye of the Storms_SB": 3183, "New Way Forward": 1983, "Dragonologist": 797, "Bulwark Ox_SB": 368, "Mandible Justiciar": 1811, "Temur Tawnyback": 2944, "Eshki Dragonclaw": 919, "Spinewoods Paladin_SB": 2752, "Dragon Sniper": 785, "Nature's Rhythm": 1968, "Broken Wings_SB": 353, "Voidwing Hybrid": 3347, "Torpor Orb": 3115, "Mercurial Spelldancer": 1855, "Blightbelly Rat_SB": 243, "Devoted Duelist": 723, "Prowcatcher Specialist_SB": 2227, "Ghitu Lavarunner_SB": 1186, "Fortress Kin-Guard": 1112, "Salt Road Packbeast": 2481, "Inspiring Overseer_SB": 1501, "Salt Road Packbeast_SB": 2482, "Slumbering Keepguard": 2686, "The Princess Takes Flight": 2996, "Keldon Strike Team": 1608, "Sidisi, Regent of the Mire": 2625, "Gingerbrute_SB": 1204, "Undergrowth Leopard_SB": 3201, "Great Arashin City": 1281, "Maelstrom of the Spirit Dragon": 1788, "Qarsi Revenant_SB": 2245, "Kishla Skimmer": 1628, "Roar of Endless Song_SB": 2422, "Scavenger Regent_SB": 2515, "Scavenger Regent": 2512, "Qarsi Revenant": 2244, "Spectral Denial": 2729, "Overwhelming Surge_SB": 2103, "Corroding Dragonstorm": 574, "Sage of the Skies": 2474, "Heritage Reclamation": 1395, "Bleachbone Verge_SB": 241, "Voice of Victory": 3345, "Clarion Conqueror_SB": 506, "Helga, Skittish Seer": 1374, "Helga, Skittish Seer_SB": 1375, "Rakshasa's Bargain_SB": 2282, "Mistrise Village_SB": 1896, "Case of the Pilfered Proof": 424, "Coordinated Maneuver_SB": 562, "Winternight Stories_SB": 3432, "Craterhoof Behemoth": 593, "Craterhoof Behemoth_SB": 594, "Descendant of Storms": 708, "Severance Priest": 2582, "Yathan Roadwatcher": 3461, "Animist's Might": 79, "Seedglaive Mentor": 2561, "Stadium Headliner": 2777, "Scavenger Regent // Exude Toxin // Scavenger Regent_SB": 2514, "Behind the Mask": 206, "Marang River Regent_SB": 1817, "Don't Make a Sound_SB": 766, "Channeled Dragonfire": 472, "New Way Forward_SB": 1984, "Rotisserie Elemental_SB": 2442, "Twists and Turns_SB": 3166, "Strategic Betrayal_SB": 2834, "Fangkeeper's Familiar": 988, "Simulacrum Synthesizer_SB": 2640, "Sagu Wildling": 2476, "Desperate Measures_SB": 716, "Muldrotha, the Gravetide_SB": 1949, "Sinkhole Surveyor": 2642, "Dragonback Assault": 790, "Ringing Strike Mastery_SB": 2401, "Rediscover the Way_SB": 2336, "Tinybones, Bauble Burglar_SB": 3085, "Disruptive Stormbrood_SB": 747, "Glacierwood Siege": 1218, "Roiling Dragonstorm_SB": 2434, "Ureni, the Song Unending": 3252, "Shiko, Paragon of the Way_SB": 2602, "Ureni, the Song Unending_SB": 3253, "Dispelling Exhale_SB": 745, "Twinmaw Stormbrood": 3161, "Spectral Denial_SB": 2730, "Fleeting Effigy": 1079, "Dalkovan Packbeasts": 632, "Skullcap Snail": 2657, "Harried Spearguard": 1341, "Toxin Analysis_SB": 3120, "Dire Flail": 732, "Mardu Devotee": 1821, "Warren Warleader_SB": 3392, "Toby, Beastie Befriender_SB": 3099, "Mardu Devotee_SB": 1822, "Resolute Reinforcements_SB": 2368, "Mardu Siegebreaker": 1823, "Overwhelming Surge": 2102, "Stern Lesson_SB": 2806, "Coordinated Maneuver": 561, "Triumphant Chomp_SB": 3144, "Rampaging Raptor_SB": 2289, "Earthshaker Dreadmaw_SB": 841, "Temur Battlecrier": 2943, "Strategic Betrayal": 2833, "Kheru Goldkeeper": 1621, "Ambling Stormshell": 58, "Bedrock Tortoise": 205, "Dinotomaton": 731, "Dragon Whelp": 787, "Firespitter Whelp": 1069, "Mox Jasper": 1943, "Shivan Dragon": 2606, "Viashino Branchrider_SB": 3316, "Firebrand Archer_SB": 1065, "Twin Bolt_SB": 3156, "Rumbling Rockslide_SB": 2454, "Skyraker Giant_SB": 2666, "Breaching Dragonstorm_SB": 330, "Drakuseth, Maw of Flames_SB": 801, "Ticket Booth // Tunnel of Hate_SB": 3076, "Channeled Dragonfire_SB": 473, "All-Out Assault": 53, "Inevitable Defeat": 1479, "Neriv, Heart of the Storm": 1975, "Zurgo, Thunder's Decree": 3491, "Inevitable Defeat_SB": 1480, "Thunder of Unity_SB": 3068, "Windcrag Siege_SB": 3426, "Zurgo's Vanguard": 3490, "Duty Beyond Death": 831, "Ainok Wayfarer": 38, "Rabid Bite": 2256, "Polliwallop": 2190, "Felothar, Dawn of the Abzan": 1039, "Oracle of Tragedy_SB": 2061, "Corroding Dragonstorm_SB": 575, "Floriferous Vinewall": 1089, "Bovine Intervention_SB": 309, "Combat Courier": 535, "Twitching Doll_SB": 3168, "Under the Skin_SB": 3194, "Skyserpent Seeker_SB": 2669, "Break the Spell": 334, "Treacherous Greed": 3133, "Intrepid Stablemaster": 1515, "Guardian Sunmare": 1307, "Itzquinth, Firstborn of Gishath_SB": 1545, "Commune with Nature": 541, "Coordinated Clobbering": 560, "Take the Fall_SB": 2908, "Serum Snare_SB": 2578, "Infectious Bite_SB": 1482, "Elusive Otter_SB": 873, "Hurkyl, Master Wizard_SB": 1454, "Abyssal Harvester_SB": 11, "Clarion Conquerer_SB": 504, "Runescale Stormbrood": 2460, "Stasis Snare": 2791, "Moment of Truth_SB": 1915, "Helping Hand_SB": 1384, "Adarkar Wastes_SB": 20, "Floodfarm Verge_SB": 1086, "Meticulous Archive_SB": 1859, "Seachrome Coast_SB": 2540, "Mondrak, Glory Dominus": 1923, "Tomb Trawler": 3107, "Take Out the Trash_SB": 2905, "Convenient Target_SB": 558, "Kickoff Celebrations": 1622, "Nullpriest of Oblivion_SB": 2020, "Lord Skitter's Blessing": 1757, "Ayli, Eternal Pilgrim_SB": 165, "Stoic Sphinx": 2815, "Watcher of the Wayside": 3395, "Twinmaw Stormbrood_SB": 3162, "Confounding Riddle_SB": 547, "Glacial Dragonhunt_SB": 1217, "Combat Thresher": 537, "Windcrag Siege": 3425, "The Ancient One": 2961, "Nomad Outpost": 2007, "Sonic Shrieker": 2706, "The Sibsig Ceremony": 3003, "Purging Stormbrood_SB": 2235, "Curator of Destinies_SB": 620, "Glarb, Calamity's Augur_SB": 1220, "Heliod, the Radiant Dawn_SB": 1377, "Ghostly Dancers_SB": 1190, "Pyrrhic Blast": 2243, "Melek, Reforged Researcher": 1847, "Herd Heirloom_SB": 1392, "Vampiric Rites_SB": 3289, "Fear of Lost Teeth_SB": 1010, "Bloodghast_SB": 255, "Vampire Gourmand_SB": 3284, "Clarion Conqueror // Clarion Conqueror_SB": 505, "Taurean Mauler": 2920, "Anafenza, Unyielding Lineage": 64, "Clay Champion": 507, "Nesting Bot_SB": 1978, "Restricted Office // Lecture Hall_SB": 2391, "Dragonfire Blade": 792, "Monastery Messenger": 1920, "Shocking Sharpshooter": 2612, "Terror of the Peaks_SB": 2952, "Calamity, Galloping Inferno_SB": 390, "Fires of Victory_SB": 1068, "Bovine Intervention": 308, "Riling Dawnbreaker": 2400, "Awaken the Honored Dead_SB": 159, "Warden of the Grove": 3383, "Invasion of Ikoria": 1524, "Branch of Vitu-Ghazi": 318, "Dragon Sniper_SB": 786, "Revenge of the Rats": 2395, "Rise of the Varmints": 2406, "Undergrowth Leopard": 3200, "Grasping Longneck_SB": 1277, "Watcher of the Wayside_SB": 3396, "Shock Brigade": 2609, "Ratcatcher Trainee": 2298, "Deadly Riposte": 660, "Derelict Attic // Widow's Walk_SB": 707, "Reigning Victor": 2348, "Worthy Cost": 3448, "Bone-Cairn Butcher": 279, "Salt Road Skirmish": 2483, "Starry-Eyed Skyrider": 2787, "Dirgur Island Dragon": 734, "Aatchik, Emerald Radian": 0, "Yarus, Roar of the Old Gods": 3460, "Sinkhole Surveyor_SB": 2643, "Thunder of Unity": 3067, "Frontline Rush_SB": 1129, "Dalkovan Packbeasts_SB": 633, "Descendant of Storms_SB": 709, "Worthy Cost_SB": 3449, "War Effort_SB": 3380, "Shocking Sharpshooter_SB": 2613, "Unyielding Gatekeeper_SB": 3239, "Unscrupulous Contractor": 3224, "Gearbane Orangutan_SB": 1164, "Osseous Exhale": 2067, "Narset, Jeskai Waymaster": 1964, "Frostcliff Siege_SB": 1131, "Return Triumphant_SB": 2393, "Spring Splasher": 2767, "Norn's Wellspring": 2011, "Case of the Uneaten Feast_SB": 429, "Servant of the Stinger_SB": 2580, "Blue Sun's Twilight": 272, "Three Blind Mice_SB": 3052, "Bloodfeather Phoenix_SB": 252, "Annihilating Glare_SB": 87, "Lasyd Prowler": 1674, "Feral Encounter_SB": 1040, "Nature's Rhythm_SB": 1969, "Synchronized Charge_SB": 2897, "Viral Spawning_SB": 3326, "Ob Nixilis, Captive Kingpin": 2027, "All Will Be One": 52, "Encroaching Mycosynth": 883, "Krenko, Baron of Tin Street": 1659, "Ice Out": 1459, "Crime Novelist": 599, "Breeches, Eager Pillager_SB": 337, "Convenient Target": 557, "Niv-Mizzet, Supreme_SB": 2000, "Perennation_SB": 2132, "Timeless Lotus": 3079, "Phyrexian Vindicator_SB": 2160, "Urabrask_SB": 3245, "Grafted Butcher": 1270, "Voidwing Hybrid_SB": 3348, "Kiora, Sovereign of the Deep_SB": 1625, "Kalastria Highborn": 1586, "Cori Mountain Monastery_SB": 567, "Ertai's Scorn": 916, "Eshki Dragonclaw_SB": 920, "Songcrafter Mage_SB": 2705, "Bulk Up_SB": 366, "Eluge, the Shoreless Sea": 871, "Finale of Revelation": 1061, "Eliminate the Impossible": 865, "Eliminate the Impossible_SB": 866, "Finale of Revelation_SB": 1062, "Cat Collector_SB": 434, "Izoni, Center of the Web_SB": 1549, "Hazoret, Godseeker_SB": 1359, "Spelunking_SB": 2743, "Smile at Death": 2689, "Osteomancer Adept_SB": 2072, "Rot-Curse Rakshasa_SB": 2441, "Markov Baron": 1828, "Pulse Tracker": 2233, "Peer Past the Veil_SB": 2128, "Campus Guide_SB": 397, "Liberator, Urza's Battlethopter": 1709, "Racers' Scoreboard": 2260, "Redcap Gutter-Dweller_SB": 2333, "Dragon's Prey": 789, "Defibrillating Current": 686, "Alesha's Legacy": 49, "Emerge from the Cocoon": 879, "Midnight Mayhem": 1865, "Bone-Cairn Butcher_SB": 280, "Cori Mountain Stalwart_SB": 569, "Marshal of the Lost_SB": 1831, "Shock Brigade_SB": 2610, "Neriv, Heart of the Storm_SB": 1976, "Poised Practitioner_SB": 2186, "Filter Out": 1054, "Hero's Downfall": 1397, "Desecration Demon_SB": 711, "Lost in the Maze": 1762, "Whiskervale Forerunner": 3410, "Cori Mountain Stalwart": 568, "Underground River_SB": 3199, "Gloomlake Verge_SB": 1237, "Darkslick Shores_SB": 639, "Disdainful Stroke": 735, "Out Cold_SB": 2074, "Aggressive Sabotage_SB": 34, "Magmakin Artillerist": 1792, "Flood the Engine_SB": 1083, "Veloheart Bike": 3299, "Migloz, Maze Crusher": 1868, "Dragonhawk, Fate's Tempest_SB": 794, "Swiftblade Vindicator": 2882, "Hidetsugu and Kairi_SB": 1413, "Colossification_SB": 533, "Rite of Renewal": 2408, "Staff of Compleation": 2779, "Betor, Kin to All": 211, "Danitha, New Benalia's Light": 635, "Danitha, New Benalia's Light_SB": 636, "Walk-In Closet // Forgotten Cellar_SB": 3378, "Abzan Devotee": 12, "Gixian Puppeteer": 1215, "Oltec Matterweaver": 2046, "Disturbing Mirth_SB": 755, "Encroaching Mycosynth_SB": 884, "Stadium Headliner_SB": 2778, "Draconautics Engineer_SB": 778, "Bumbleflower's Sharepot": 369, "Volt Charge": 3357, "Great Arashin City_SB": 1282, "Underground Mortuary_SB": 3197, "Purging Stormbrood": 2234, "Piercing Exhale": 2165, "Wind-Scarred Crag": 3424, "Jeskai Devotee": 1561, "Kin-Tree Nurturer": 1623, "Nightblade Brigade": 1990, "Stormplain Detainment": 2827, "Marshal of the Lost": 1830, "Sunset Strikemaster": 2860, "Seize Opportunity": 2564, "Dragonback Lancer": 791, "Venerated Stormsinger": 3302, "Slickshot Lockpicker": 2682, "Invasion of Arcavios_SB": 1519, "Zur, Eternal Schemer_SB": 3487, "Portal to Phyrexia_SB": 2200, "Tarrian's Journal_SB": 2917, "Youthful Valkyrie_SB": 3468, "Battlefield Forge_SB": 197, "Stormscale Scion": 2828, "Dracogenesis": 776, "Tempest Hart": 2928}}