{"vocabulary": {"Anoint with Affliction": 86, "Cut Down": 623, "Darkslick Shores": 633, "Deep-Cavern Bat": 669, "Enduring Curiosity": 873, "Faerie Mastermind": 960, "Fountainport": 1099, "Gix, Yawgmoth Praetor": 1197, "Gloomlake Verge": 1221, "Go for the Throat": 1227, "Island": 1527, "Kaito, Bane of Nightmares": 1564, "Phantom Interference": 2112, "Preacher of the Schism": 2173, "Restless Reef": 2349, "Sheoldred, the Apocalypse": 2565, "Spyglass Siren": 2732, "Swamp": 2838, "Three Steps Ahead": 3014, "Underground River": 3159, "Anoint with Affliction_SB": 87, "Blot Out_SB": 276, "Cut Down_SB": 624, "Disdainful Stroke_SB": 725, "Duress_SB": 810, "Ghost Vacuum_SB": 1173, "Gix's Command_SB": 1196, "Negate_SB": 1953, "Sheoldred, the Apocalypse_SB": 2566, "Tishana's Tidebinder_SB": 3050, "Emberheart Challenger": 865, "Heartfire Hero": 1348, "Hired Claw": 1408, "Lightning Strike": 1700, "Manifold Mouse": 1795, "Monastery Swiftspear": 1903, "Monstrous Rage": 1908, "Mountain": 1921, "Rockface Village": 2393, "Screaming Nemesis": 2501, "Shock": 2576, "Witchstalker Frenzy": 3393, "Lithomantic Barrage_SB": 1713, "Torch the Tower_SB": 3072, "Twisted Fealty_SB": 3127, "Urabrask's Forge_SB": 3203, "Demolition Field": 689, "Disfigure": 728, "Ertai Resurrected": 899, "Gix's Command": 1195, "Into the Flood Maw": 1494, "Undercity Sewers": 3157, "Unstoppable Slasher": 3190, "Aclazotz, Deepest Betrayal_SB": 14, "Harvester of Misery_SB": 1328, "Aclazotz, Deepest Betrayal": 13, "Analyze the Pollen": 62, "Archfiend of the Dross": 109, "Blooming Marsh": 271, "Cruelclaw's Heist": 599, "Forest": 1087, "Glissa Sunslayer": 1217, "Harvester of Misery": 1327, "Liliana of the Veil": 1704, "Llanowar Wastes": 1723, "Mosswood Dreadknight": 1919, "Restless Cottage": 2345, "Tear Asunder": 2878, "Tranquil Frillback": 3086, "Underground Mortuary": 3158, "Liliana of the Veil_SB": 1705, "Malicious Eclipse_SB": 1791, "Nissa, Ascended Animist_SB": 1975, "Tear Asunder_SB": 2879, "The End_SB": 2926, "Caustic Bronco": 441, "Duress": 809, "Unholy Annex && Ritual Chamber": 3168, "Choking Miasma_SB": 488, "Tranquil Frillback_SB": 3087, "Dreams of Steel and Oil_SB": 796, "Koth, Fire of Resistance_SB": 1638, "Obliterating Bolt_SB": 2004, "Sunspine Lynx_SB": 2821, "Tectonic Hazard_SB": 2881, "Witchstalker Frenzy_SB": 3394, "Blot Out": 275, "Dreams of Steel and Oil": 795, "Fabled Passage": 950, "Freestrider Lookout": 1102, "Ghost Vacuum": 1172, "Gisa, the Hellraiser": 1190, "Iridescent Vinelasher": 1523, "Pillage the Bog": 2140, "Sunken Citadel": 2815, "Virtue of Persistence": 3291, "Deadly Cover-Up_SB": 653, "Kaervek, the Punisher_SB": 1563, "Outrageous Robbery_SB": 2053, "Floodpits Drowner": 1069, "Mockingbird": 1882, "Tishana's Tidebinder": 3049, "Blackcleave Cliffs": 232, "Blazemire Verge": 241, "Fear of Missing Out": 995, "Molten Collapse": 1887, "Piggy Bank": 2135, "Raucous Theater": 2270, "Restless Vents": 2355, "Sulfurous Springs": 2804, "Torch the Tower": 3071, "Cruelclaw's Heist_SB": 600, "Pyroclasm_SB": 2210, "Bushwhack": 382, "Copperline Gorge": 567, "Karplusan Forest": 1579, "Might of the Meek": 1848, "Questing Druid": 2218, "Restless Ridgeline": 2351, "Snakeskin Veil": 2657, "Thornspire Verge": 2991, "Innkeeper's Talent_SB": 1474, "Pawpatch Formation_SB": 2095, "Pick Your Poison_SB": 2132, "Questing Druid_SB": 2219, "Snakeskin Veil_SB": 2658, "Battlefield Forge": 200, "Demonic Ruckus": 697, "Ethereal Armor": 916, "Feather of Flight": 1002, "Inspiring Vantage": 1488, "Optimistic Scavenger": 2030, "Plains": 2147, "Shardmage's Rescue": 2555, "Sheltered by Ghosts": 2560, "Get Lost_SB": 1158, "Lightning Helix_SB": 1699, "Bitter Reunion": 227, "Botanical Sanctum": 304, "Enduring Vitality": 879, "Pawpatch Formation": 2094, "Roaring Furnace && Steaming Sauna": 2388, "Song of Totentanz": 2666, "Stormchaser's Talent": 2783, "Tarnation Vista": 2873, "This Town Ain't Big Enough": 2985, "Thundertrap Trainer": 3035, "Up the Beanstalk": 3199, "Valley Floodcaller": 3232, "Yavimaya Coast": 3414, "Blue Sun's Twilight_SB": 278, "Dissection Tools_SB": 738, "Into the Flood Maw_SB": 1495, "Screaming Nemesis_SB": 2502, "Up the Beanstalk_SB": 3200, "Volcanic Spite_SB": 3309, "Artist's Talent": 129, "Brass's Tunnel-Grinder": 324, "Capricious Hellraiser": 406, "Cavern of Souls": 447, "Chandra, Hope's Beacon": 465, "Fires of Victory": 1048, "Ill-Timed Explosion": 1450, "Mirrex": 1862, "Moment of Truth": 1896, "Ral, Crackling Wit": 2252, "Season of Weaving": 2520, "Shivan Reef": 2575, "Spirebluff Canal": 2716, "Thundering Falls": 3031, "Abrade_SB": 4, "Betrayer's Bargain_SB": 217, "Brotherhood's End_SB": 362, "Ral, Crackling Wit_SB": 2253, "Soul-Guide Lantern_SB": 2677, "Virtue of Knowledge_SB": 3288, "Brushland": 364, "Hedge Maze": 1357, "Herd Migration": 1378, "Hushwood Verge": 1441, "Leyline Binding": 1683, "Lush Portico": 1760, "Meticulous Archive": 1839, "Not on My Watch": 1990, "Overlord of the Hauntwoods": 2064, "Overlord of the Mistmoors": 2066, "Seized from Slumber": 2536, "Shadowy Backstreet": 2553, "Split Up": 2722, "Sunfall": 2812, "Temporary Lockdown": 2897, "Zur, Eternal Schemer": 3438, "Beza, the Bounding Spring_SB": 219, "Doppelgang_SB": 761, "Pugnacious Hammerskull_SB": 2202, "Rest in Peace_SB": 2340, "Sentinel of the Nameless City": 2541, "Adarkar Wastes": 17, "Enduring Innocence": 875, "Entity Tracker": 890, "Floodfarm Verge": 1067, "Inquisitive Glimmer": 1476, "Proft's Eidetic Memory": 2186, "Restless Anchorage": 2341, "Seachrome Coast": 2508, "Silent Hallcreeper": 2596, "Gremlin Tamer_SB": 1275, "Loran of the Third Path_SB": 1738, "Ossification_SB": 2043, "Bitter Triumph": 229, "Withering Torment_SB": 3396, "The Cruelty of Gix_SB": 2921, "Fear of Isolation": 991, "Soul Partition_SB": 2672, "Render Inert_SB": 2325, "Sheoldred's Edict": 2563, "Cacophony Scamp": 386, "Callous Sell-Sword": 396, "Cunning Coyote": 615, "Embereth Veteran": 864, "Hearth Elemental": 1353, "Mirran Banesplitter": 1861, "Painter's Studio && Defaced Gallery": 2082, "Phoenix Chick": 2116, "Turn Inside Out": 3115, "Wrenn's Resolve_SB": 3409, "Arabella, Abandoned Doll": 91, "Case of the Gateway Express": 422, "Clockwork Percussionist": 516, "Gleeful Demolition": 1212, "Imodane's Recruiter": 1453, "Knight-Errant of Eos": 1625, "Novice Inspector": 1992, "Resolute Reinforcements": 2334, "Warden of the Inner Sky": 3338, "Destroy Evil_SB": 709, "Protect the Negotiators_SB": 2196, "Sheltered by Ghosts_SB": 2561, "Abhorrent Oculus": 1, "Chart a Course": 480, "Haughty Djinn": 1330, "Helping Hand": 1368, "No More Lies": 1978, "Picklock Prankster": 2133, "Recommission": 2296, "Sleight of Hand": 2644, "Soul Partition": 2671, "Elspeth's Smite_SB": 855, "Exorcise_SB": 926, "Silent Hallcreeper_SB": 2597, "Temporary Lockdown_SB": 2898, "Restless Bivouac": 2343, "Slickshot Show-Off": 2649, "Thran Portal": 3005, "Archangel Elspeth": 101, "Beza, the Bounding Spring": 218, "Caretaker's Talent": 412, "Carrot Cake": 417, "Get Lost": 1157, "Lay Down Arms": 1665, "Loran of the Third Path": 1737, "Boon-Bringer Valkyrie_SB": 295, "Innkeeper's Talent": 1473, "Scorching Shot_SB": 2492, "Plumecreed Escort": 2153, "Virtue of Loyalty": 3289, "Painter's Studio && Defaced Gallery_SB": 2083, "Tail Swipe": 2859, "Doomsday Excruciator": 757, "Jace, the Perfected Mind": 1539, "Virtue of Persistence_SB": 3292, "Atraxa, Grand Unifier": 149, "Elspeth's Smite": 854, "Glarb, Calamity's Augur": 1203, "Overlord of the Floodpits": 2062, "Cavern of Souls_SB": 448, "Glarb, Calamity's Augur_SB": 1204, "Not on My Watch_SB": 1991, "Break Out": 335, "Cenote Scout": 455, "Keen-Eyed Curator": 1589, "Obliterating Bolt": 2003, "Patchwork Beastie": 2093, "Rubblebelt Maverick": 2414, "Wildfire Wickerfolk": 3373, "Yavimaya Iconoclast": 3415, "Haywire Mite_SB": 1339, "Shock_SB": 2578, "Split Up_SB": 2723, "Warden of the Inner Sky_SB": 3339, "Archangel of Wrath": 105, "Caves of Koilos": 450, "Concealed Courtyard": 545, "Destroy Evil": 708, "Elegant Parlor": 846, "Exorcise": 925, "Lightning Helix": 1698, "Restless Fortress": 2347, "Kambal, Profiteering Mayor_SB": 1572, "Lord Skitter, Sewer King": 1741, "Season of the Burrow": 2522, "Zoraline, Cosmos Caller": 3434, "Legions to Ashes_SB": 1676, "Market Gnome": 1807, "Jace, the Perfected Mind_SB": 1540, "Sunfall_SB": 2813, "Roaring Furnace && Steaming Sauna_SB": 2389, "Royal Treatment": 2412, "Scorching Shot": 2491, "Legions to Ashes": 1675, "Nowhere to Run": 1993, "Kaya, Intangible Slayer_SB": 1583, "Monastery Mentor_SB": 1901, "Kaito, Bane of Nightmares_SB": 1565, "Scrollshift": 2503, "Phyrexian Fleshgorger": 2123, "Commercial District": 541, "Overlord of the Boilerbilges": 2060, "Unyielding Gatekeeper": 3198, "Etali, Primal Conqueror_SB": 912, "Wear Down_SB": 3356, "Planar Disruption_SB": 2150, "Unholy Annex && Ritual Chamber_SB": 3169, "Metropolis Reformer_SB": 1843, "Scrollshift_SB": 2504, "Leyline of Resonance": 1686, "Overprotect_SB": 2069, "Warleader's Call": 3343, "Floodpits Drowner_SB": 1070, "Season of the Burrow_SB": 2523, "Portent of Calamity": 2168, "Valgavoth's Lair": 3224, "Overlord of the Balemurk": 2058, "Twitching Doll": 3129, "The Swarmweaver": 2971, "Shoot the Sheriff": 2580, "The Eternal Wanderer": 2928, "The Irencrag": 2940, "Cease // Desist_SB": 452, "Pest Control_SB": 2109, "Azure Beastbinder": 169, "Disfigure_SB": 729, "Faerie Mastermind_SB": 961, "The Eternal Wanderer_SB": 2929, "Geological Appraiser": 1154, "Nissa, Ascended Animist": 1974, "Archangel of Wrath_SB": 106, "Kogla and Yidaro_SB": 1629, "Lukka, Bound to Ruin_SB": 1749, "Roxanne, Starfall Savant_SB": 2411, "Bloodletter of Aclazotz": 261, "Caustic Bronco_SB": 442, "Phyrexian Fleshgorger_SB": 2124, "Drannith Ruins": 789, "Nowhere to Run_SB": 1994, "Kitnap_SB": 1616, "Fallaji Archaeologist": 966, "Sorcerous Spyglass_SB": 2670, "Sheoldred's Edict_SB": 2564, "Sandstorm Verge": 2454, "Spell Stutter": 2699, "Archfiend of the Dross_SB": 110, "Spiteful Hexmage": 2718, "Case of the Crimson Pulse_SB": 420, "Change the Equation": 471, "Bovine Intervention_SB": 313, "Change the Equation_SB": 472, "Pyroclasm": 2209, "Urabrask's Forge": 3202, "Go for the Throat_SB": 1228, "Overlord of the Boilerbilges_SB": 2061, "Black Sun's Twilight": 231, "Corrupt": 575, "Deadly Cover-Up": 652, "Haunted Mire": 1334, "Outrageous Robbery": 2052, "Iridescent Vinelasher_SB": 1524, "Cheeky House-Mouse": 482, "Flowerfoot Swordmaster": 1076, "Loran's Escape": 1739, "Mabel, Heir to Cragflame": 1765, "Rabid Gnaw": 2226, "Valley Questcaller": 3235, "Nettle Guard_SB": 1959, "Seedglaive Mentor_SB": 2531, "Long Goodbye_SB": 1728, "Invasion of Ixalan": 1508, "Scorching Dragonfire": 2489, "Scorching Dragonfire_SB": 2490, "Overprotect": 2068, "Manifold Mouse_SB": 1796, "Aven Interrupter": 160, "Errant and Giada": 897, "Malcolm, Alluring Scoundrel": 1787, "Invasion of Gobakhan_SB": 1507, "Kutzil's Flanker_SB": 1649, "Werefox Bodyguard_SB": 3362, "Mishra's Foundry": 1873, "Deduce": 665, "Farsight Ritual": 975, "Malicious Eclipse": 1790, "Chrome Host Seedshark_SB": 490, "Bloodletter of Aclazotz_SB": 262, "Bristlebud Farmer_SB": 351, "Lost in the Maze": 1745, "Subterranean Schooner": 2800, "Three Steps Ahead_SB": 3015, "Shore Up": 2582, "Long Goodbye": 1727, "Founding the Third Path": 1096, "Negate": 1952, "Goddric, Cloaked Reveler": 1237, "The Stone Brain_SB": 2969, "Seed of Hope": 2529, "Violent Urge": 3282, "Escape Tunnel": 903, "Rush of Dread": 2429, "Kaervek, the Punisher": 1562, "Breach the Multiverse_SB": 331, "Deep-Cavern Bat_SB": 670, "Dissection Tools": 737, "Unable to Scream": 3147, "Herbology Instructor_SB": 1375, "Unable to Scream_SB": 3148, "Valley Floodcaller_SB": 3233, "Gremlin Tamer": 1274, "Overlord of the Mistmoors_SB": 2067, "Protect the Negotiators": 2195, "Splitskin Doll": 2724, "Conduit Pylons": 546, "Hidden Grotto": 1391, "Phyrexian Arena": 2118, "Phyrexian Arena_SB": 2119, "Ertai Resurrected_SB": 900, "Fortune, Loyal Steed": 1095, "Frontier Seeker": 1110, "Sunder the Gateway_SB": 2811, "Faerie Dreamthief": 957, "Spell Stutter_SB": 2700, "Parting Gust": 2090, "Serra Paragon_SB": 2545, "Unholy Annex // Ritual Chamber": 3170, "Great Train Heist_SB": 1266, "Sanguine Evangelist": 2455, "Season of Weaving_SB": 2521, "Braids, Arisen Nightmare": 316, "Corpses of the Lost": 571, "Disturbing Mirth": 744, "Fear of Lost Teeth": 993, "Final Vengeance": 1042, "Hopeless Nightmare": 1422, "Razortrap Gorge": 2278, "Bristling Backwoods": 352, "Rugged Highlands": 2416, "Jaya, Fiery Negotiator_SB": 1544, "Case of the Stashed Skeleton": 428, "Forsaken Miner": 1092, "Tinybones Joins Up": 3042, "Tinybones, the Pickpocket": 3046, "Evangel of Synthesis": 919, "Steamcore Scholar": 2757, "Valgavoth's Faithful": 3223, "Valgavoth, Terror Eater": 3227, "Zombify": 3432, "Desecration Demon_SB": 702, "Wail of the Forgotten_SB": 3332, "Gix, Yawgmoth Praetor_SB": 1198, "Day of Judgment": 642, "Maelstrom Pulse": 1769, "Authority of the Consuls_SB": 158, "Devout Decree_SB": 716, "Flashfreeze_SB": 1059, "Calamity, Galloping Inferno": 391, "Llanowar Elves": 1718, "Outcaster Trailblazer": 2048, "Roxanne, Starfall Savant": 2410, "Smuggler's Surprise": 2655, "Spinewoods Armadillo": 2711, "Trumpeting Carnosaur": 3108, "Vaultborn Tyrant": 3254, "Heroic Reinforcements": 1385, "No One Left Behind": 1980, "Glistening Deluge_SB": 1219, "Unstoppable Slasher_SB": 3191, "Scavenging Ooze": 2486, "Vivien Reid": 3297, "Liliana, Dreadhorde General_SB": 1707, "Maelstrom Pulse_SB": 1770, "Basilisk Collar_SB": 197, "Burst Lightning": 380, "Giant Growth": 1180, "Restless Ridgeline_SB": 2352, "No More Lies_SB": 1979, "Beseech the Mirror": 213, "Phyrexian Obliterator": 2127, "Back for Seconds_SB": 172, "Case of the Stashed Skeleton_SB": 429, "Homicide Investigator_SB": 1417, "Leyline of the Void_SB": 1692, "Dreadmaw's Ire": 790, "Picnic Ruiner": 2134, "Furnace Reins_SB": 1127, "Witch's Mark_SB": 3391, "Soulstone Sanctuary": 2684, "Scavenging Ooze_SB": 2487, "Vivien Reid_SB": 3298, "Boros Charm": 297, "Fugitive Codebreaker": 1116, "Raucous Carnival": 2268, "Dewdrop Cure_SB": 718, "Fugitive Codebreaker_SB": 1117, "Requisition Raid_SB": 2333, "Squee, Dubious Monarch": 2734, "Abyssal Harvester": 9, "Twinferno": 3119, "Two-Headed Hunter": 3131, "Sun-Blessed Healer": 2806, "Temple of Triumph": 2896, "Campus Renovation_SB": 399, "Glimpse the Core": 1215, "Mazemind Tome": 1820, "Boltwave": 282, "Splitskin Doll_SB": 2725, "Crystal Barricade_SB": 611, "Razorverge Thicket": 2279, "Clement, the Worrywort": 513, "Pond Prophet": 2163, "Dour Port-Mage": 764, "Long River Lurker": 1729, "Dreamdew Entrancer": 793, "Mistbreath Elder": 1875, "Sunshower Druid": 2818, "Splash Portal": 2720, "Valley Mightcaller": 3234, "Three Tree Scribe": 3018, "Oakhollow Village": 2000, "Lilypad Village": 1708, "Virtue of Courage": 3285, "Heartflame Duelist_SB": 1352, "Slagstorm_SB": 2639, "Kellan, Planar Trailblazer": 1599, "Bloodthirsty Conqueror_SB": 266, "Archangel Elspeth_SB": 102, "Aetherize_SB": 26, "Elesh Norn, Mother of Machines": 851, "Kiora, the Rising Tide": 1610, "Unsummon": 3192, "Mountain_SB": 1922, "Kaito, Cunning Infiltrator": 1566, "Sphinx of Forgotten Lore": 2705, "Feldon's Cane_SB": 1012, "Aftermath Analyst": 28, "Mudflat Village": 1926, "Pitiless Carnage": 2144, "Spelunking": 2704, "Evolving Wilds": 922, "Nissa, Resurgent Animist": 1976, "Lumra, Bellow of the Woods": 1754, "Glissa Sunslayer_SB": 1218, "Brotherhood's End": 361, "Demonic Pact": 695, "Harmless Offering": 1322, "Feed the Swarm_SB": 1010, "Hostile Investigator_SB": 1429, "Torpor Orb_SB": 3077, "Loot, Exuberant Explorer": 1733, "Felidar Retreat": 1016, "Arid Archway": 120, "Mossborn Hydra": 1917, "Herald of Eternal Dawn": 1370, "Ossification": 2042, "Demolition Field_SB": 690, "Giant Cindermaw_SB": 1179, "Roaring Furnace // Steaming Sauna": 2390, "Bandit's Talent": 182, "Nurturing Pixie": 1996, "Tithing Blade": 3055, "Shardmage's Rescue_SB": 2556, "Fade from History_SB": 952, "Reclamation Sage_SB": 2295, "Elenda, Saint of Dusk_SB": 849, "Dead Weight": 647, "Gixian Puppeteer": 1200, "Gnawing Vermin": 1225, "Invasion of Amonkhet": 1501, "Kitesail Larcenist": 1614, "Revenge of the Rats": 2363, "Terror Ballista": 2905, "The Ancient One": 2918, "Wail of the Forgotten": 3331, "Razorlash Transmogrant_SB": 2277, "Ghitu Lavarunner": 1170, "Heartflame Duelist": 1351, "Viashino Pyromancer": 3275, "Spinner of Souls": 2714, "Pitiless Carnage_SB": 2145, "Not Dead After All_SB": 1989, "Unholy Annex // Ritual Chamber_SB": 3171, "Case of the Crimson Pulse": 419, "Thrill of Possibility": 3021, "Artist's Talent_SB": 130, "Blooming Blast_SB": 270, "Djeru and Hazoret": 751, "Elenda, Saint of Dusk": 848, "Garna, Bloodfist of Keld": 1138, "Hajar, Loyal Bodyguard": 1300, "Honest Rutstein": 1418, "Inti, Seneschal of the Sun": 1490, "Jodah, the Unifier": 1551, "Kellan, Daring Traveler": 1596, "Kellan, the Kid": 1602, "Plaza of Heroes": 2152, "Relic of Legends": 2318, "Rona, Herald of Invasion": 2404, "Secluded Courtyard": 2527, "Sigarda, Font of Blessings": 2594, "Jirina, Dauntless General_SB": 1550, "Spectral Sailor": 2695, "Opt": 2028, "Azure Beastbinder_SB": 170, "Plumecreed Escort_SB": 2154, "Shore Up_SB": 2583, "Untimely Malfunction_SB": 3195, "Ethereal Armor_SB": 917, "Bloodthirsty Conqueror": 265, "Enduring Tenacity": 877, "Abyssal Harvester_SB": 10, "Cathar Commando": 436, "Knight of Grace": 1623, "Ajani, Caller of the Pride_SB": 40, "Doorkeeper Thrull_SB": 759, "Rottenmouth Viper": 2408, "Assassin's Trophy": 140, "Temple of Malady": 2891, "White Sun's Twilight": 3366, "Heaped Harvest": 1347, "Hero's Downfall": 1382, "Kaya, Intangible Slayer": 1582, "Liliana, Dreadhorde General": 1706, "Temple of Plenty": 2894, "Temple of Silence": 2895, "Mortify_SB": 1916, "White Sun's Twilight_SB": 3367, "Painter's Studio // Defaced Gallery": 2084, "Painter's Studio // Defaced Gallery_SB": 2085, "Kaito, Cunning Infiltrator_SB": 1567, "Preacher of the Schism_SB": 2174, "Bloodfeather Phoenix": 256, "Stoke the Flames": 2776, "Ball Lightning": 176, "Abraded Bluffs": 5, "Grab the Prize": 1250, "Lyra Dawnbringer_SB": 1762, "Virtue of Courage_SB": 3286, "Faebloom Trick": 955, "Case of the Uneaten Feast": 430, "Fiendish Panda": 1032, "Hinterland Sanctifier": 1406, "Exemplar of Light": 923, "Authority of the Consuls": 157, "Amalia Benavides Aguirre": 53, "Sword of Once and Future_SB": 2849, "Combat Research": 539, "Get Out": 1159, "Fear of Impostors": 987, "Haughty Djinn_SB": 1331, "Brineborn Cutthroat_SB": 346, "Horned Loch-Whale_SB": 1425, "Flow of Knowledge_SB": 1075, "Ertai's Scorn_SB": 902, "Urza's Rebuff_SB": 3216, "Withering Torment": 3395, "Bitter Triumph_SB": 230, "Shoot the Sheriff_SB": 2581, "Razorkin Needlehead_SB": 2275, "Felonious Rage": 1022, "Horned Loch-Whale": 1424, "Brineborn Cutthroat": 345, "Say Its Name": 2471, "Altanak, the Thrice-Called": 52, "Desecration Demon": 701, "Overlord of the Floodpits_SB": 2063, "Lay Down Arms_SB": 1666, "Gatekeeper of Malakir": 1148, "Vampire Nighthawk": 3244, "Kalastria Highborn": 1570, "Ichor Drinker": 1446, "Driver of the Dead": 799, "Nullpriest of Oblivion": 1995, "Pulse Tracker": 2203, "Infestation Sage": 1470, "Vengeful Bloodwitch": 3261, "Sheoldred_SB": 2567, "Fireglass Mentor": 1047, "Flamecache Gecko": 1053, "Gev, Scaled Scorch": 1163, "Laughing Jasper Flint": 1660, "Thought-Stalker Warlock": 2996, "Valley Flamecaller": 3231, "Terror of the Peaks": 2908, "Invasion of Zendikar": 1518, "Chimil, the Inner Sun_SB": 485, "Thrun, Breaker of Silence_SB": 3027, "Obstinate Baloth_SB": 2008, "Urborg Scavengers_SB": 3208, "Vraska, Betrayal's Sting_SB": 3327, "Pilfer_SB": 2139, "Serra Paragon": 2544, "Annex Sentry_SB": 79, "Cynical Loner": 626, "The Infamous Cruelclaw": 2938, "Etali, Primal Conqueror": 911, "Coiling Rebirth": 522, "Push // Pull": 2205, "The Infamous Cruelclaw_SB": 2939, "Overlord of the Balemurk_SB": 2059, "Undergrowth Recon": 3161, "Walk-In Closet // Forgotten Cellar": 3334, "The Wandering Rescuer": 2975, "Lost Jitte": 1743, "Joust Through_SB": 1558, "Twinflame Tyrant": 3121, "Invasion of Tarkir": 1514, "Carnelian Orb of Dragonkind": 414, "Stingerback Terror": 2768, "Sarkhan, Soul Aflame": 2462, "An Offer You Can't Refuse": 59, "Slagstorm": 2638, "An Offer You Can't Refuse_SB": 60, "Omniscience": 2024, "The Cruelty of Gix": 2920, "Squirming Emergence": 2736, "Drag to the Roots_SB": 772, "Unwanted Remake_SB": 3197, "Boros Charm_SB": 298, "Buried in the Garden": 373, "Clifftop Lookout": 514, "Fecund Greenshell": 1004, "Genesis Wave": 1153, "Tender Wildguide": 2901, "Wrenn and Realmbreaker": 3405, "Spellbook Vendor": 2701, "Trapped in the Screen_SB": 3091, "Greedy Freebooter": 1269, "Feed the Cycle": 1006, "Scavenger's Talent": 2485, "Llanowar Greenwidow": 1720, "Dragonhawk, Fate's Tempest": 779, "Zurgo and Ojutai": 3439, "Elesh Norn, Mother of Machines_SB": 852, "Final Showdown_SB": 1041, "Subterranean Schooner_SB": 2801, "Vraska, Betrayal's Sting": 3326, "Pillage the Bog_SB": 2141, "Disenchant_SB": 727, "Worldsoul's Rage": 3401, "Virtue of Strength": 3293, "War Squeak": 3336, "Hero's Downfall_SB": 1383, "Roaring Furnace // Steaming Sauna_SB": 2391, "Unwanted Remake": 3196, "Refute": 2308, "Curator of Destinies_SB": 618, "Day of Judgment_SB": 643, "High Noon_SB": 1401, "Rankle's Prank": 2261, "Greed's Gambit": 1267, "Molten Collapse_SB": 1888, "Sire of Seven Deaths_SB": 2610, "Builder's Talent": 367, "Green Sun's Twilight": 1270, "Lukka, Bound to Ruin": 1748, "Ashroot Animist": 137, "Polukranos Reborn": 2161, "Ruby, Daring Tracker": 2415, "Hard-Hitting Question_SB": 1319, "Muerra, Trash Tactician_SB": 1928, "Urgent Necropsy_SB": 3213, "Soulless Jailer_SB": 2681, "Surge of Salvation_SB": 2827, "Tyrranax Rex_SB": 3137, "Imodane's Recruiter_SB": 1454, "Barbed Batterfist": 189, "Bloodfeather Phoenix_SB": 257, "Koma, World-Eater": 1633, "The Elder Dragon War": 2923, "Valgavoth, Terror Eater_SB": 3228, "Agatha's Soul Cauldron": 32, "Arcanis the Omnipotent": 99, "Primal Might": 2177, "Enduring Curiosity_SB": 874, "Luminous Rebuke": 1752, "Steel Seraph": 2761, "Cathar Commando_SB": 437, "Case of the Filched Falcon": 421, "Regal Bunnicorn": 2310, "Unidentified Hovership": 3172, "Zoetic Glyph": 3430, "Fear of Impostors_SB": 988, "Smash to Dust_SB": 2652, "Fae Flight": 953, "Aloe Alchemist": 51, "Audacity": 151, "Ferocification_SB": 1026, "Lightning Strike_SB": 1701, "Audacity_SB": 152, "Cache Grab": 384, "Cease // Desist": 451, "Demand Answers": 688, "Stormsplitter": 2788, "Lord Skitter, Sewer King_SB": 1742, "Starfall Invocation": 2745, "Hunter's Talent": 1437, "Sleep-Cursed Faerie": 2643, "Tough Cookie": 3078, "Gingerbrute": 1188, "Surge Engine": 2824, "Teething Wurmlet": 2882, "Hard-Hitting Question": 1318, "Restless Vinestalk": 2357, "Tyvar's Stand_SB": 3140, "Repulsive Mutation_SB": 2330, "Toby, Beastie Befriender": 3058, "Long River's Pull": 1730, "Starscape Cleric": 2747, "Bladecoil Serpent_SB": 234, "Darkstar Augur_SB": 635, "Tinybones, Bauble Burglar": 3044, "Sphinx of Forgotten Lore_SB": 2706, "Ashnod's Intervention": 136, "Abrade": 3, "Tyvar, the Pummeler": 3142, "Surrak, the Hunt Caller": 2837, "Pawpatch Recruit": 2096, "Wildborn Preserver_SB": 3371, "Tail Swipe_SB": 2860, "Cityscape Leveler": 498, "Sire of Seven Deaths": 2609, "Regal Caracal": 2312, "Vengeful Possession_SB": 3263, "Witch's Mark": 3390, "Stromkirk Noble": 2797, "Searslicer Goblin": 2514, "Coppercoat Vanguard": 565, "Reclamation Sage": 2294, "Case of the Locked Hothouse_SB": 425, "Surge of Salvation": 2826, "Thrun, Breaker of Silence": 3026, "Ajani's Pridemate": 38, "Arahbo, the First Fang": 94, "Banishing Light": 184, "Joust Through": 1557, "Prideful Parent": 2176, "Savannah Lions": 2465, "Skyknight Squire": 2631, "Banishing Light_SB": 185, "Claws Out_SB": 509, "Raise the Past_SB": 2242, "Sentinel of the Nameless City_SB": 2542, "Grand Entryway // Elegant Rotunda": 1257, "Getaway Glamer": 1161, "Sharp-Eyed Rookie": 2557, "Moment of Craving_SB": 1894, "Rite of the Moth": 2377, "Yotian Frontliner": 3419, "Deeproot Wayfinder": 673, "Fountainport_SB": 1101, "Restless Cottage_SB": 2346, "Anim Pakal, Thousandth Moon": 74, "Jirina, Dauntless General": 1549, "Recruitment Officer": 2298, "Deathmark_SB": 660, "Knight of Grace_SB": 1624, "Insidious Roots": 1482, "Kami of Whispered Hopes": 1573, "Kitsa, Otterball Elite": 1617, "Lively Dirge": 1715, "Osteomancer Adept": 2044, "Skyfisher Spider": 2629, "Tyvar, Jubilant Brawler": 3141, "Voldaren Thrillseeker": 3311, "Arcanis the Omnipotent_SB": 100, "Feed the Cycle_SB": 1007, "Insidious Fungus_SB": 1481, "Stab_SB": 2738, "Enduring Innocence_SB": 876, "Ruin-Lurker Bat": 2417, "Healer's Hawk": 1346, "Dazzling Denial": 645, "Empyrean Eagle": 867, "Lupinflower Village": 1758, "Coruscation Mage": 579, "Firebrand Archer": 1045, "Blooming Blast": 269, "Bloated Contaminator": 250, "Elusive Otter": 858, "Ivy, Gleeful Spellthief": 1531, "Jawbone Duelist": 1542, "Skrelv, Defector Mite": 2619, "Venerated Rotpriest": 3259, "Skrelv's Hive": 2617, "Aspirant's Ascent": 138, "Bring the Ending": 347, "Fleeting Reflection": 1063, "High Stride": 1402, "Prologue to Phyresis": 2191, "Enter the Enigma": 888, "Crawling Chorus": 595, "Infectious Bite": 1466, "Distorted Curiosity": 739, "Bring the Ending_SB": 348, "Prologue to Phyresis_SB": 2192, "Skrelv's Hive_SB": 2618, "This Town Ain't Big Enough_SB": 2986, "Distorted Curiosity_SB": 740, "Aspirant's Ascent_SB": 139, "High Stride_SB": 1403, "Fleeting Reflection_SB": 1064, "Enter the Enigma_SB": 889, "Elusive Otter_SB": 859, "Temple of Deceit": 2888, "Requisition Raid": 2332, "Doubling Season": 762, "Elegant Parlor_SB": 847, "Pawpatch Recruit_SB": 2097, "Scrapshooter": 2495, "Witness Protection_SB": 3398, "Witness Protection": 3397, "Calamity's Wake_SB": 390, "Resplendent Angel": 2336, "Youthful Valkyrie": 3420, "Giada, Font of Hope": 1176, "Boon-Bringer Valkyrie": 294, "Lyra Dawnbringer": 1761, "Guardian of Ghirapur": 1290, "Archangel of Tithes": 103, "Invasion of Regatha": 1512, "Assimilation Aegis": 142, "Braided Net": 314, "Fabrication Foundry": 951, "Fomori Vault": 1080, "Fumigate": 1119, "Simulacrum Synthesizer": 2605, "The Mightstone and Weakstone": 2949, "Thran Spider": 3006, "Unstable Glyphbridge": 3187, "Hammerhand": 1310, "Sawblade Scamp": 2468, "Essence Channeler": 906, "Citanul Stalwart": 497, "Dwynen's Elite": 821, "Elvish Archdruid": 860, "Imperious Perfect": 1457, "Leaf-Crowned Visionary": 1668, "Llanowar Loamspeaker": 1721, "Surrak and Goreclaw": 2833, "Three Tree City": 3016, "Tyvar the Bellicose": 3138, "Dwynen, Gilt-Leaf Daen_SB": 823, "Ephara's Dispersal": 892, "Unsummon_SB": 3193, "Burst Lightning_SB": 381, "Invasion of Tarkir_SB": 1515, "Knight of Dawn's Light": 1619, "Raise the Past": 2241, "Elas il-Kor, Sadistic Pilgrim": 841, "Helpful Hunter": 1367, "Leyline of Hope_SB": 1685, "Enduring Tenacity_SB": 878, "Massacre Wurm_SB": 1815, "Chupacabra Echo": 491, "Razorlash Transmogrant": 2276, "Huskburster Swarm_SB": 1443, "Season of Loss_SB": 2519, "Terror Tide_SB": 2907, "Hearthborn Battler": 1355, "Glass Casket": 1205, "Runic Shot_SB": 2427, "Vampire Nighthawk_SB": 3245, "Basilisk Collar": 196, "Prophetic Prism": 2194, "Eaten Alive": 829, "Souls of the Lost": 2682, "Rottenmouth Viper_SB": 2409, "Hidetsugu's Second Rite": 1398, "Ghitu Lavarunner_SB": 1171, "Involuntary Employment_SB": 1522, "Hop to It": 1419, "Ratcatcher Trainee": 2266, "Midnight Mayhem": 1846, "Scytheclaw Raptor_SB": 2507, "Norn's Inquisitor": 1986, "Dusk Rose Reliquary": 812, "Spring-Loaded Sawblades": 2729, "Guardian of the Great Door": 1292, "Lonely Arroyo": 1726, "Abandoned Campground": 0, "Impact Tremors": 1455, "Electrostatic Infantry": 845, "Reckless Lackey": 2291, "Kindlespark Duo": 1608, "Rodeo Pyromancers": 2396, "The Autonomous Furnace": 2919, "Ral's Reinforcements": 2251, "Skewer Slinger_SB": 2612, "Deadeye Duelist_SB": 649, "Thunder Salvo_SB": 3028, "Wrenn's Resolve": 3408, "Khenra Spellspear": 1606, "Fear of Being Hunted": 983, "Frenzied Goblin_SB": 1105, "Vile Mutilator": 3279, "Shroudstomper": 2590, "Gloomfang Mauler": 1220, "Possessed Goat": 2169, "Live or Die": 1714, "Commune with Evil": 542, "Scoured Barrens": 2494, "Tocasia's Dig Site": 3060, "Magebane Lizard_SB": 1774, "Eddymurk Crab": 833, "Tolarian Terror": 3064, "Thornwood Falls": 2993, "Confounding Riddle": 549, "Monstrous Emergence_SB": 1907, "Maze's End": 1818, "Expedition Map": 927, "Orzhov Guildgate": 2039, "Rakdos Guildgate": 2243, "Selesnya Guildgate": 2538, "Simic Guildgate": 2604, "Izzet Guildgate": 1535, "Azorius Guildgate": 168, "Boros Guildgate": 300, "Dimir Guildgate": 721, "Golgari Guildgate": 1244, "Gruul Guildgate": 1286, "Circuitous Route": 496, "Beanstalk Wurm": 204, "Urborg Repossession": 3205, "Insidious Fungus": 1480, "Muldrotha, the Gravetide": 1929, "Tatyova, Benthic Druid": 2875, "Savor_SB": 2467, "Atraxa's Fall_SB": 148, "Desperate Bloodseeker_SB": 705, "Brightblade Stoat_SB": 342, "Ravine Raider": 2272, "Agate-Blade Assassin": 30, "Scales of Shale": 2477, "Jagged Barrens": 1541, "Outlaws' Fury": 2050, "Bake into a Pie_SB": 174, "Hazardous Blast_SB": 1340, "Turn Inside Out_SB": 3116, "Agate Assault_SB": 29, "Norin, Swift Survivalist": 1984, "Vicious Clown": 3277, "Irreverent Gremlin": 1526, "Goblin Surprise": 1236, "Wind-Scarred Crag": 3378, "Elesh Norn": 850, "Dewdrop Cure": 717, "Krenko, Mob Boss": 1644, "Union of the Third Path": 3174, "Teferi, Temporal Pilgrim": 2883, "Portal to Phyrexia": 2167, "Flow of Knowledge": 1074, "Soul-Guide Lantern": 2676, "Essence Scatter": 908, "Idyllic Beachfront": 1449, "Contaminated Aquifer": 558, "Terramorphic Expanse": 2904, "Vanish into Eternity": 3249, "Marauding Brinefang": 1801, "Deadly Riposte_SB": 655, "Vanish into Eternity_SB": 3250, "Coppercoat Vanguard_SB": 566, "Garna, Bloodfist of Keld_SB": 1139, "Spellgyre": 2702, "Aetherize": 25, "Swiftwater Cliffs": 2844, "Tranquil Cove": 3084, "Quick Study": 2221, "Peculiar Lighthouse": 2099, "Union of the Third Path_SB": 3175, "Tolarian Terror_SB": 3065, "Griffnaut Tracker_SB": 1279, "Boulderbranch Golem": 309, "Fierce Empath": 1034, "Galewind Moose": 1132, "Gossip's Talent": 1249, "Gruff Triplets": 1285, "Lush Oasis": 1759, "Mirage Mesa": 1859, "Outcaster Greenblade": 2047, "Tyrranax Rex": 3136, "Sunshower Druid_SB": 2819, "Patchwork Banner": 2092, "Etched Cornfield": 914, "Hare Apparent": 1321, "Banner of Kinship": 186, "Kayla's Reconstruction": 1587, "Baylen, the Haymaker": 202, "Blossoming Sands": 273, "Hinterland Sanctifier_SB": 1407, "Dragon Fodder": 773, "Enduring Courage": 871, "Dollmaker's Shop // Porcelain Gallery": 753, "Keldon Strike Team_SB": 1593, "Midnight Reaper": 1847, "Nezumi Linkbreaker": 1966, "Snarling Gorehound": 2660, "Bartolom\u00e9 del Presidio": 193, "Vampire Gourmand": 3242, "Neglected Manor": 1954, "Forlorn Flats": 1091, "Soul-Shackled Zombie_SB": 2679, "Savor": 2466, "Servant of the Stinger": 2548, "Moment of Craving": 1893, "Desperate Bloodseeker": 704, "Candy Trail": 402, "Marauding Blight-Priest": 1800, "Murder": 1932, "Sanguine Indulgence_SB": 2457, "Coati Scavenger": 520, "Ozolith, the Shattered Spire": 2078, "Strangled Cemetery": 2789, "Ambush Wolf_SB": 56, "Dead Weight_SB": 648, "Fog of War_SB": 1079, "Voracious Varmint_SB": 3317, "Defiled Crypt // Cadaver Lab": 682, "Blanchwood Prowler": 236, "Cult Conscript": 613, "Osseous Sticktwister": 2041, "Drag to the Roots": 771, "Jungle Hollow": 1561, "Deadly Brew": 650, "Bulk Up": 369, "Chandra, Flameshaper": 463, "Swiftblade Vindicator": 2841, "Leyline Axe": 1682, "The Jolly Balloon Man": 2941, "Sporogenic Infection": 2726, "Commune with Evil_SB": 543, "Fear of Missing Out_SB": 996, "Archmage of Runes": 111, "Metamorphic Blast": 1837, "Don't Make a Sound": 755, "Ertai's Scorn": 901, "Curate": 617, "Unauthorized Exit": 3149, "The Tale of Tamiyo_SB": 2974, "Strix Lookout_SB": 2794, "Harrier Strix_SB": 1326, "Twist Reality_SB": 3125, "Thought-Stalker Warlock_SB": 2997, "Arcane Proxy": 98, "Demonic Counsel": 691, "Render Inert": 2324, "Kaito, Dancing Shadow_SB": 1569, "Likeness Looter": 1703, "Minor Misstep_SB": 1857, "Royal Treatment_SB": 2413, "Karplusan Forest_SB": 1580, "Chainsaw_SB": 462, "Flamewake Phoenix_SB": 1056, "Grand Entryway && Elegant Rotunda": 1256, "Drag the Canal_SB": 769, "Stingerback Terror_SB": 2769, "Scatter Ray_SB": 2480, "Argoth, Sanctum of Nature": 119, "Cosmic Rebirth": 581, "Elvish Regrower": 863, "Springbloom Druid": 2731, "Titania, Voice of Gaea": 3053, "Tolsimir, Midnight's Light": 3066, "Phantom Interference_SB": 2113, "The Huntsman's Redemption": 2936, "Balustrade Wurm_SB": 180, "Stoic Sphinx_SB": 2775, "Twisted Fealty": 3126, "Temple of Malice": 2892, "Aegis Turtle_SB": 21, "Night of the Sweets' Revenge": 1968, "Welcome to Sweettooth": 3360, "Collector's Vault": 530, "See Double_SB": 2528, "Cosmium Confluence_SB": 584, "Volatile Fault_SB": 3307, "Calix, Guided by Fate": 393, "Vraska's Fall": 3324, "The Filigree Sylex_SB": 2932, "Armored Armadillo": 123, "Elvish Archivist": 861, "Toadstool Admirer": 3057, "Calix, Guided by Fate_SB": 394, "Divine Resilience_SB": 750, "Unflinching Courage_SB": 3167, "Valorous Stance_SB": 3241, "Ephara's Dispersal_SB": 893, "Ajani, Caller of the Pride": 39, "Fiery Annihilation_SB": 1036, "Crash Through": 591, "Drake Hatcher": 783, "Restless Spire": 2353, "Slick Sequence": 2647, "Abhorrent Oculus_SB": 2, "Feed the Swarm": 1009, "Crawling Barrens": 594, "Mazemind Tome_SB": 1821, "Cryptic Coat": 606, "Cryptic Coat_SB": 607, "Neutralize the Guards_SB": 1961, "Tinybones Joins Up_SB": 3043, "Parting Gust_SB": 2091, "Bandit's Talent_SB": 183, "Trygon Predator_SB": 3109, "Bonny Pall, Clearcutter_SB": 289, "Dwynen, Gilt-Leaf Daen": 822, "Lathril, Blade of the Elves": 1658, "Wildborn Preserver": 3370, "Assassin's Trophy_SB": 141, "Leonin Vanguard": 1678, "Angel of Vitality": 71, "Extinguish the Light_SB": 941, "Breach the Multiverse": 330, "Voracious Greatshark": 3316, "Nine-Lives Familiar": 1973, "The End": 2925, "Wildwood Scourge": 3374, "Mild-Mannered Librarian": 1851, "Charming Prince": 477, "Gnarlid Colony": 1224, "Wary Thespian": 3348, "Dazzling Angel": 644, "Inspiring Paladin": 1487, "Good-Fortune Unicorn": 1248, "Felidar Savior": 1018, "Armasaur Guide": 122, "Felling Blow": 1021, "Biogenic Upgrade": 223, "Inspiring Call": 1484, "Pacifism": 2079, "Anthem of Champions": 90, "Kaito, Dancing Shadow": 1568, "Lavaspur Boots": 1663, "Rite of Replication": 2374, "Swiftfoot Boots_SB": 2843, "Knight of Dusk's Shadow_SB": 1622, "Charming Scoundrel": 478, "Ruthless Lawbringer": 2433, "Alesha, Who Laughs at Fate": 48, "Perforating Artist": 2103, "Immersturm Predator": 1452, "Aurelia, the Law Above": 154, "Voldaren Thrillseeker_SB": 3312, "Urgent Necropsy": 3212, "Eaten by Piranhas_SB": 831, "Decadent Dragon": 663, "Phyrexian Obliterator_SB": 2128, "Silver Scrutiny_SB": 2600, "Flourishing Bloom-Kin": 1073, "Ghalta, Primal Hunger": 1165, "Hunter's Talent_SB": 1438, "Wrenn and Realmbreaker_SB": 3406, "Cankerbloom": 403, "Scrapshooter_SB": 2496, "Axebane Ferox_SB": 165, "Atraxa, Grand Unifier_SB": 150, "Doppelgang": 760, "Highway Robbery": 1404, "Urabrask": 3201, "Vren, the Relentless": 3329, "Torch the Witness_SB": 3074, "Aven Interrupter_SB": 161, "Terror Tide": 2906, "Bonehoard Dracosaur": 286, "Incinerator of the Guilty": 1461, "Rivaz of the Claw": 2378, "Tyrant of Kher Ridges": 3133, "Dragonlord's Servant": 780, "Kolaghan Warmonger": 1630, "Push // Pull_SB": 2206, "Annex Sentry": 78, "Phyrexian Vindicator": 2129, "Phyrexian Censor": 2120, "Volatile Fault": 3306, "Seal from Existence_SB": 2511, "Stasis Snare_SB": 2751, "Chrome Host Seedshark": 489, "Ichormoon Gauntlet": 1447, "Jace Reawakened": 1536, "Jin-Gitaxias": 1548, "Temple of Epiphany": 2890, "Galvanize_SB": 1136, "Tocasia's Welcome": 3061, "Urza's Sylex_SB": 3219, "Tomb Trawler_SB": 3069, "Urborg Scavengers": 3207, "Zetalpa, Primal Dawn": 3426, "Joint Exploration": 1555, "Titania's Command_SB": 3052, "Long River's Pull_SB": 1731, "Burglar Rat": 372, "Psychic Whorl": 2199, "Painful Quandary": 2080, "Hidden Necropolis": 1392, "Rune-Scarred Demon": 2424, "Macabre Waltz": 1767, "Mindsplice Apparatus": 1854, "Hidden Cataract": 1389, "Halo Forager": 1307, "The Key to the Vault": 2944, "Titania, Voice of Gaea_SB": 3054, "The Rollercrusher Ride_SB": 2960, "Final Showdown": 1040, "Dawn's Truce": 638, "Rattleback Apothecary": 2267, "Bristly Bill, Spine Sower": 353, "Tatyova, Steward of Tides": 2876, "Colossal Rattlewurm": 535, "Festering Gulch": 1027, "Creosote Heath": 597, "Duelist of the Mind": 807, "Desert's Due": 703, "Goldvein Hydra": 1241, "Restless Prairie": 2348, "Inspiration from Beyond": 1483, "Glass Casket_SB": 1206, "Chainsaw": 461, "Marchesa, Dealer of Death": 1803, "Rakdos Joins Up": 2244, "Nashi, Searcher in the Dark_SB": 1948, "Invasion of Tolvada": 1517, "Grand Abolisher_SB": 1255, "Misery's Shadow_SB": 1870, "Realmbreaker, the Invasion Tree_SB": 2285, "Filter Out_SB": 1038, "Kutzil, Malamet Exemplar": 1650, "Hostile Investigator": 1428, "Rona's Vortex": 2402, "Swamp_SB": 2839, "Runic Shot": 2426, "Herald of Eternal Dawn_SB": 1371, "Sun-Blessed Healer_SB": 2807, "Emberheart Challenger_SB": 866, "Rockface Village_SB": 2394, "Squee, Dubious Monarch_SB": 2735, "Monastery Mentor": 1900, "Mortify": 1915, "Soul Search_SB": 2674, "Assimilation Aegis_SB": 143, "Seeker's Folly": 2532, "Season of Gathering_SB": 2517, "Valgavoth's Onslaught": 3225, "Coveted Falcon": 588, "Impulse": 1460, "Drag to the Bottom": 770, "Greed's Gambit_SB": 1268, "Stab": 2737, "Vinereap Mentor": 3280, "Monstrous Emergence": 1906, "Invasion of Gobakhan": 1506, "Fiery Annihilation": 1035, "Finneas, Ace Archer": 1044, "Seasoned Warrenguard": 2525, "Collector's Cage": 528, "Ajani, Sleeper Agent_SB": 43, "Ferocification": 1025, "Axebane Ferox": 164, "Pick Your Poison": 2131, "Sunspine Lynx": 2820, "Dreadwing Scavenger": 792, "Sheoldred": 2562, "Broodspinner_SB": 360, "The Gitrog, Ravenous Ride_SB": 2933, "Vren, the Relentless_SB": 3330, "Chimil, the Inner Sun": 484, "Rat Out_SB": 2264, "Plains_SB": 2148, "Faebloom Trick_SB": 956, "Throne of the Grim Captain": 3023, "Drana and Linvala_SB": 787, "The Kenriths' Royal Funeral_SB": 2943, "Rona's Vortex_SB": 2403, "Nashi, Searcher in the Dark": 1947, "Saiba Cryptomancer": 2446, "Third Path Iconoclast": 2981, "Reasonable Doubt": 2286, "Essence Scatter_SB": 909, "Blood Hustler": 253, "Deathcap Marionette": 659, "Fell": 1019, "Bloodfell Caves": 258, "Faerie Fencing": 958, "Ego Drain": 837, "Season of Loss": 2518, "Talion's Messenger_SB": 2869, "Make Your Own Luck": 1783, "Ancient Cornucopia": 66, "Invasion of Arcavios": 1503, "Peerless Recycling_SB": 2100, "Beseech the Mirror_SB": 214, "Heroic Reinforcements_SB": 1386, "Wing Commando": 3382, "Stormcatch Mentor": 2782, "Misery's Shadow": 1869, "Haunted Screen": 1336, "Prayer of Binding": 2172, "Kaya, Spirits' Justice": 1584, "Cerebral Confiscation_SB": 458, "Corrupted Conviction": 576, "Furnace Reins": 1126, "Ruthless Negotiation": 2435, "Kiora, the Rising Tide_SB": 1611, "Bonny Pall, Clearcutter": 288, "River's Rebuke": 2379, "River's Rebuke_SB": 2380, "Primeval Bounty_SB": 2180, "Koma, World-Eater_SB": 1634, "Urza's Sylex": 3218, "Regal Caracal_SB": 2313, "Insatiable Avarice_SB": 1479, "Zoetic Glyph_SB": 3431, "Seized from Slumber_SB": 2537, "Tyvar's Stand": 3139, "Keen-Eyed Curator_SB": 1590, "Unflinching Courage": 3166, "Sanguine Evangelist_SB": 2456, "Virtue of Loyalty_SB": 3290, "Regal Bunnicorn_SB": 2311, "Fanatical Firebrand": 969, "Hellspur Brute": 1363, "Vial Smasher, Gleeful Grenadier": 3273, "At Knifepoint": 146, "Mourner's Surprise_SB": 1923, "Caught in the Crossfire_SB": 439, "Scales of Shale_SB": 2478, "Fynn, the Fangbearer": 1128, "Ankle Biter": 77, "Bilious Skulldweller": 220, "Infectious Inquiry": 1468, "Feed the Infection": 1008, "Nimraiser Paladin": 1972, "The Hunter Maze": 2935, "The Dross Pits": 2922, "Soured Springs": 2686, "Badlands Revival": 173, "Seize the Secrets": 2534, "Wardens of the Cycle": 3340, "Kraul Whipcracker": 1639, "Binding Negotiation_SB": 222, "Copper Host Crusher": 564, "Bandit's Haul": 181, "Vinereap Mentor_SB": 3281, "Rogue's Passage": 2397, "Thrashing Brontodon": 3008, "Giant Cindermaw": 1178, "Belligerent Yearling": 212, "Scytheclaw Raptor": 2506, "Triumphant Chomp": 3104, "Colossadactyl": 534, "Earthshaker Dreadmaw": 827, "Ixalli's Lorekeeper": 1533, "Itzquinth, Firstborn of Gishath": 1529, "Armored Kincaller_SB": 125, "Surgical Suite // Hospital Room": 2831, "Mischievous Pup": 1868, "Inspiring Overseer": 1485, "Angel of Finality_SB": 70, "Clay-Fired Bricks": 511, "Sandstorm Salvager": 2452, "Dreamdew Entrancer_SB": 794, "Werefox Bodyguard": 3361, "Autonomous Assembler": 159, "Etali's Favor": 910, "Quintorius Kand": 2222, "Caretaker's Talent_SB": 413, "Luminous Rebuke_SB": 1753, "Massacre Wurm": 1814, "The Enigma Jewel": 2927, "Felidar Retreat_SB": 1017, "Hired Claw_SB": 1409, "Kayla's Command_SB": 1586, "Starfall Invocation_SB": 2746, "Stalactite Stalker": 2740, "Spinner of Souls_SB": 2715, "Gisa, the Hellraiser_SB": 1191, "Bitter Reunion_SB": 228, "Jace Reawakened_SB": 1537, "Anointed Peacekeeper": 88, "Shrouded Shepherd_SB": 2589, "Phyrexian Censor_SB": 2121, "Dollmaker's Shop && Porcelain Gallery": 752, "Demonic Counsel_SB": 692, "Archangel of Tithes_SB": 104, "Warleader's Call_SB": 3344, "Callous Sell-Sword_SB": 397, "Rat Out": 2263, "Unidentified Hovership_SB": 3173, "Arabella, Abandoned Doll_SB": 92, "Take Up the Shield_SB": 2864, "Get Out_SB": 1160, "Scorn-Blade Berserker": 2493, "Vadmir, New Blood": 3221, "Song of Totentanz_SB": 2667, "Raucous Carnival_SB": 2269, "Archdruid's Charm": 107, "The Rollercrusher Ride": 2959, "Haywire Mite": 1338, "Imperious Perfect_SB": 1458, "Sandstorm Salvager_SB": 2453, "Tough Cookie_SB": 3079, "Urborg Repossession_SB": 3206, "Hungry Ghoul": 1436, "Cemetery Recruitment": 454, "Diregraf Ghoul": 724, "Skeleton Archer": 2611, "Sanguine Syphoner": 2458, "Mephitic Draught": 1834, "Not Dead After All": 1988, "Canonized in Blood": 405, "Vampiric Rites": 3247, "Offer Immortality": 2011, "Seize the Spoils": 2535, "Curious Forager": 619, "Thornvault Forager": 2992, "The Mycotyrant": 2954, "Sporogenic Infection_SB": 2727, "Agatha's Soul Cauldron_SB": 33, "Grievous Wound": 1277, "Funeral Room // Awakening Hall_SB": 1122, "Rise of the Dark Realms_SB": 2372, "Temple of Enlightenment": 2889, "Ezrim, Agency Chief_SB": 947, "Valkyrie's Call_SB": 3230, "Fumigate_SB": 1120, "Harbin, Vanguard Aviator": 1313, "Valiant Veteran": 3229, "Zephyr Sentinel": 3423, "Skystrike Officer": 2637, "Fortified Beachhead": 1093, "Valley Rotcaller": 3236, "Cruel Somnophage": 598, "Molten Duplication": 1889, "Restless Bivouac_SB": 2344, "Fauna Shaman": 978, "Diabolic Intent": 719, "Lively Dirge_SB": 1716, "Herbology Instructor": 1374, "Blossoming Tortoise": 274, "Titania's Command": 3051, "Blast Zone": 239, "Cavernous Maw": 449, "Forgotten Monument": 1090, "Urza, Lord Protector": 3220, "Tinybones, the Pickpocket_SB": 3047, "Temple of Mystery": 2893, "Timely Interference": 3040, "Vesuvan Duplimancy": 3268, "Dive Down_SB": 746, "Scrawling Crawler_SB": 2499, "Hollow Marauder": 1413, "Huskburster Swarm": 1442, "Overwhelming Remorse": 2072, "Stubborn Burrowfiend": 2798, "Writhing Necromass": 3410, "Dryad Militant_SB": 805, "Mockingbird_SB": 1883, "Chandra, Hope's Beacon_SB": 466, "Bristlebud Farmer": 350, "Charred Foyer && Warped Space_SB": 479, "Bruse Tarl, Roving Rancher": 363, "Fblthp, Lost on the Range": 980, "Weakstone's Subjugation": 3353, "Fblthp, Lost on the Range_SB": 981, "Proft's Eidetic Memory_SB": 2187, "Weakstone's Subjugation_SB": 3354, "Think Twice": 2979, "Micromancer_SB": 1845, "Coruscation Mage_SB": 580, "Dollmaker's Shop // Porcelain Gallery_SB": 754, "Akawalli, the Seething Tower": 46, "Absolving Lammasu_SB": 6, "Bottomless Pool && Locker Room": 305, "Tithing Blade_SB": 3056, "The Swarmweaver_SB": 2972, "Hidetsugu's Second Rite_SB": 1399, "Invasion of Karsus_SB": 1510, "Mirror Room && Fractured Realm_SB": 1864, "Sword of Wealth and Power_SB": 2851, "Wildfire Howl_SB": 3372, "Zurgo and Ojutai_SB": 3440, "Mabel, Heir to Cragflame_SB": 1766, "Halo Forager_SB": 1308, "Ballyrush Banneret": 177, "Myrel, Shield of Argive_SB": 1940, "Siege Veteran_SB": 2592, "Steel Seraph_SB": 2762, "Soulstone Sanctuary_SB": 2685, "Ezrim, Agency Chief": 946, "Karn, Living Legacy": 1577, "Metropolis Reformer": 1842, "Omnivorous Flytrap": 2025, "Krenko's Buzzcrusher_SB": 1643, "Migloz, Maze Crusher_SB": 1850, "Break the Spell_SB": 338, "Rundvelt Hordemaster": 2422, "Breeches, Eager Pillager": 339, "Final Vengeance_SB": 1043, "Blood Spatter Analysis": 255, "Urborg Lhurgoyf": 3204, "Kellan, Inquisitive Prodigy": 1597, "Branchblight Stalker": 322, "Ichorspit Basilisk": 1448, "Maze's Mantle": 1819, "Viral Spawning": 3284, "Plague Nurse": 2146, "Venomous Brutalizer": 3265, "Tyrranax Atrocity": 3135, "Goliath Hatchery": 1245, "Paladin of Predation": 2086, "Serum Snare": 2546, "Tainted Observer": 2862, "Experimental Augury": 930, "Thrummingbird": 3025, "Mesmerizing Dose": 1836, "Reject Imperfection": 2316, "Gitaxian Anatomist": 1192, "Vivisurgeon's Insight": 3299, "Lakeside Shack": 1655, "Tangled Islet": 2872, "Meat Locker // Drowned Diner": 1822, "Angelic Intervention": 72, "Silverback Elder_SB": 2601, "Awaken the Woods": 163, "Rampaging Baloths": 2255, "Omenpath Journey": 2023, "Poison Dart Frog": 2155, "The Witch's Vanity": 2977, "Under the Skin": 3155, "Seraphic Steed": 2543, "Hulking Raptor": 1435, "Vorinclex": 3318, "Goldvein Hydra_SB": 1242, "Meticulous Excavation_SB": 1841, "Raging Battle Mouse": 2239, "Loran's Escape_SB": 1740, "The Witch's Vanity_SB": 2978, "Zoraline, Cosmos Caller_SB": 3435, "Teferi, Temporal Pilgrim_SB": 2884, "Ill-Timed Explosion_SB": 1451, "Realmbreaker, the Invasion Tree": 2284, "Murky Sewer": 1935, "Might of the Meek_SB": 1849, "Seeker's Folly_SB": 2533, "Deeproot Pilgrimage": 672, "Mistway Spy": 1879, "Vodalian Hexcatcher": 3301, "Betrayer's Bargain": 216, "Undead Sprinter_SB": 3154, "Viashino Pyromancer_SB": 3276, "Vein Ripper": 3257, "Jaya, Fiery Negotiator": 1543, "The Stone Brain": 2968, "Defabricate_SB": 675, "Decadent Dragon_SB": 664, "Thalia and The Gitrog Monster": 2914, "Surgical Suite && Hospital Room_SB": 2830, "Pugnacious Hammerskull": 2201, "Defiled Crypt // Cadaver Lab_SB": 683, "Beastie Beatdown": 205, "Annie Joins Up": 81, "Huatli, Poet of Unity": 1432, "Pest Control": 2108, "Vraska Joins Up": 3323, "Necrogen Communion": 1950, "Darkstar Augur": 634, "Thirsting Roots_SB": 2984, "Heraldic Banner": 1372, "Heraldic Banner_SB": 1373, "Silver Scrutiny": 2599, "Invasion of Amonkhet_SB": 1502, "Seal from Existence": 2510, "Battlefly Swarm": 201, "Broodspinner": 359, "Solemn Simulacrum": 2663, "Ghalta, Stampede Tyrant": 1167, "Maha, Its Feathers Night_SB": 1781, "Sword of Once and Future": 2848, "Myrel, Shield of Argive": 1939, "Halana and Alena, Partners": 1302, "Inga and Esika": 1472, "Gwenna, Eyes of Gaea": 1299, "Melira, the Living Cure": 1828, "Hajar, Loyal Bodyguard_SB": 1301, "Elesh Norn_SB": 853, "Surrak and Goreclaw_SB": 2834, "Guardian of New Benalia": 1291, "Aegis Turtle": 20, "Venerated Rotpriest_SB": 3260, "Ivy, Gleeful Spellthief_SB": 1532, "Karn's Sylex_SB": 1576, "Rite of the Dragoncaller": 2375, "Grabby Giant": 1252, "Bottomless Pool // Locker Room": 307, "Getaway Glamer_SB": 1162, "Pia Nalaar, Consul of Revival": 2130, "Invasion of Kaldheim": 1509, "Doomsday Excruciator_SB": 758, "Crystal Grotto": 612, "Island_SB": 1528, "Entity Tracker_SB": 891, "Rebel Salvo_SB": 2288, "Aether Channeler": 22, "Defiled Crypt && Cadaver Lab": 680, "Exuberant Fuseling": 945, "Thundertrap Trainer_SB": 3036, "Abuelo's Awakening": 7, "Kitsa, Otterball Elite_SB": 1618, "Rona, Herald of Invasion_SB": 2405, "Unnerving Grasp_SB": 3182, "Swooping Lookout": 2845, "Demonic Ruckus_SB": 698, "Impact Tremors_SB": 1456, "Wishclaw Talisman_SB": 3388, "Coveted Falcon_SB": 589, "High Noon": 1400, "Kona, Rescue Beastie": 1635, "Cultivator's Caravan": 614, "Scene of the Crime": 2488, "Cankerbloom_SB": 404, "Conspiracy Unraveler": 554, "Matzalantli, the Great Door": 1816, "Reenact the Crime": 2306, "Lifecreed Duo": 1695, "Dust Animus_SB": 815, "Fear of Surveillance": 997, "Recruitment Officer_SB": 2299, "Adaptive Automaton": 16, "Three Tree Mascot": 3017, "Invasion of Theros": 1516, "Smuggler's Surprise_SB": 2656, "Muerra, Trash Tactician": 1927, "Oko, the Ringleader_SB": 2018, "Undead Sprinter": 3153, "At Knifepoint_SB": 147, "Monstrous Rage_SB": 1909, "Wilt-Leaf Liege_SB": 3377, "Kellan's Lightblades_SB": 1595, "Insatiable Avarice": 1478, "Defiled Crypt && Cadaver Lab_SB": 681, "Annie Flash, the Veteran_SB": 80, "Crumb and Get It": 601, "Time Stop": 3038, "The Seedcore": 2961, "Slaughter Singer": 2640, "Fleeting Flight_SB": 1062, "Trash the Town_SB": 3093, "Sawblade Skinripper": 2469, "Ashiok, Wicked Manipulator": 133, "Palani's Hatcher": 2087, "Temple of Abandon": 2887, "Blasphemous Edict_SB": 238, "Quick Draw_SB": 2220, "Hauntwoods Shrieker": 1337, "Zul Ashur, Lich Lord": 3437, "Garruk's Uprising": 1140, "Defiler of Flesh": 685, "Kraul Whipcracker_SB": 1640, "Agrus Kos, Spirit of Justice": 36, "Mischievous Mystic": 1867, "Skrelv, Defector Mite_SB": 2620, "Mechanized Warfare": 1825, "Blasphemous Edict": 237, "Bottomless Pool // Locker Room_SB": 308, "The Princess Takes Flight_SB": 2956, "Anim Pakal, Thousandth Moon_SB": 75, "Drown in Ichor": 801, "Kambal, Profiteering Mayor": 1571, "Kaya, Spirits' Justice_SB": 1585, "Case of the Gateway Express_SB": 423, "Whisper of the Dross": 3364, "Vraska's Fall_SB": 3325, "Restless Reef_SB": 2350, "Lunar Convocation": 1755, "Vraska, the Silencer": 3328, "Binding Negotiation": 221, "Charge of the Mites": 475, "Expel the Interlopers": 928, "Wilt-Leaf Liege": 3376, "Gumdrop Poisoner_SB": 1298, "Obstinate Baloth": 2007, "Bramble Familiar": 319, "Sphinx of the Final Word_SB": 2707, "Founding the Third Path_SB": 1097, "Satoru, the Infiltrator": 2463, "Burrowguard Mentor": 379, "Pollen-Shield Hare": 2157, "Hop to It_SB": 1420, "Dragonmaster Outcast": 781, "Generous Plunderer": 1152, "Ghired, Mirror of the Wilds": 1168, "Evolved Sleeper": 920, "Friendly Teddy": 1107, "Scrawling Crawler": 2498, "Rankle's Prank_SB": 2262, "Consumed by Greed_SB": 555, "Final Flourish_SB": 1039, "Time Stop_SB": 3039, "Unnatural Restoration_SB": 3180, "Infectious Inquiry_SB": 1469, "Polukranos Reborn_SB": 2162, "Kitesail Larcenist_SB": 1615, "Rakdos, the Muscle": 2247, "Magda, the Hoardmaster": 1772, "Hellspur Posse Boss": 1365, "Hellspur Brute_SB": 1364, "Cynical Loner_SB": 627, "Astor, Bearer of Blades": 144, "Bladehold War-Whip": 235, "Kellan, the Fae-Blooded": 1601, "Kemba, Kha Enduring": 1603, "Rebel Salvo": 2287, "Swiftfoot Boots": 2842, "Sword of Forge and Frontier": 2846, "Astor, Bearer of Blades_SB": 145, "Hidetsugu and Kairi": 1397, "Consuming Aberration": 556, "Knight of Dusk's Shadow": 1621, "No One Left Behind_SB": 1981, "Dusk Legion Duelist": 811, "Stocking the Pantry": 2772, "Botanical Brawler": 303, "Tribute to the World Tree": 3101, "Railway Brawler": 2240, "Archdruid's Charm_SB": 108, "Collector's Cage_SB": 529, "Rampaging Spiketail": 2258, "Barkform Harvester": 190, "Magebane Lizard": 1773, "Fae Flight_SB": 954, "Rush of Dread_SB": 2430, "Imprisoned in the Moon_SB": 1459, "Inquisitive Glimmer_SB": 1477, "Refute_SB": 2309, "Micromancer": 1844, "Hugs, Grisly Guardian": 1433, "Kogla and Yidaro": 1628, "Persistent Marshstalker": 2107, "Karumonix, the Rat King": 1581, "Argentum Masticore": 117, "Hedron Archive": 1358, "The Mycosynth Gardens": 2953, "Hall of Tagsin": 1305, "Legion Extruder": 1672, "Tomakul Honor Guard": 3067, "Blazing Crescendo_SB": 243, "Choking Miasma": 487, "Argentum Masticore_SB": 118, "Niv-Mizzet, Supreme": 1977, "Untimely Malfunction": 3194, "Captain Storm, Cosmium Raider": 409, "Corsair Captain": 578, "Gleaming Geardrake": 1211, "Malcolm, the Eyes": 1789, "Staunch Crewmate": 2755, "Lost Jitte_SB": 1744, "Intrepid Paleontologist": 1498, "Bolt Bend_SB": 281, "Felonious Rage_SB": 1023, "Thundering Falls_SB": 3032, "One with the Multiverse": 2027, "Vaultborn Tyrant_SB": 3255, "Feldon's Cane": 1011, "Treasure Map": 3096, "Neutralize the Guards": 1960, "Shipwreck Dowser": 2571, "Disturbing Conversion": 742, "Eerie Interference_SB": 836, "Builder's Talent_SB": 368, "Abuelo's Awakening_SB": 8, "Razorkin Needlehead": 2274, "Highway Robbery_SB": 1405, "Dreadmaw's Ire_SB": 791, "Wishclaw Talisman": 3387, "Walk with the Ancestors": 3333, "Meathook Massacre II_SB": 1824, "Repulsive Mutation": 2329, "Sylvan Scavenging_SB": 2854, "Pile On": 2136, "Corrupted Conviction_SB": 577, "Deadly Brew_SB": 651, "Kutzil, Malamet Exemplar_SB": 1651, "Bite Down": 225, "Ygra, Eater of All": 3416, "Maha, Its Feathers Night": 1780, "Massacre Girl, Known Killer": 1812, "Daggerfang Duo": 628, "Moonstone Harbinger": 1914, "Pestilent Syphoner": 2110, "Hoarding Recluse": 1412, "Deathbloom Gardener": 658, "Drown in Ichor_SB": 802, "Rakdos, the Muscle_SB": 2248, "Rakdos Joins Up_SB": 2245, "Massacre Girl, Known Killer_SB": 1813, "Ghalta and Mavren": 1164, "Progenitus": 2189, "Manifest Dread": 1794, "Hide in Plain Sight": 1395, "Threats Around Every Corner": 3010, "Crystal Barricade": 610, "Green Sun's Twilight_SB": 1271, "Call a Surprise Witness": 395, "Soul Search": 2673, "Quintorius Kand_SB": 2223, "Surgical Suite && Hospital Room": 2829, "Roaming Throne_SB": 2386, "Fake Your Own Death": 965, "Volcanic Spite": 3308, "Taii Wakeen, Perfect Shot": 2858, "Unruly Catapult": 3183, "Glassworks // Shattered Yard_SB": 1208, "Hulking Metamorph": 1434, "Rest in Peace": 2339, "Surge Engine_SB": 2825, "Dust Animus": 814, "Trostani, Three Whispers": 3107, "Tribute to the World Tree_SB": 3102, "Syr Ginger, the Meal Ender": 2856, "Dowsing Device": 766, "Saheeli, Filigree Master_SB": 2445, "Vengeful Possession": 3262, "Rabid Gnaw_SB": 2227, "Repair and Recharge": 2327, "Step Between Worlds_SB": 2763, "Invasion of Ergamon": 1504, "Break Out_SB": 336, "Beastie Beatdown_SB": 206, "Samut, Vizier of Naktamun": 2449, "Trash the Town": 3092, "Hearthborn Battler_SB": 1356, "Ego Drain_SB": 838, "Invasion of Fiora_SB": 1505, "Scrapwork Mutt": 2497, "Dawn's Truce_SB": 639, "Necrogen Rotpriest": 1951, "Contagious Vorrac": 557, "Armored Scrapgorger_SB": 127, "Forest_SB": 1088, "The Millennium Calendar_SB": 2951, "Ruin-Lurker Bat_SB": 2418, "Leonin Vanguard_SB": 1679, "Veteran Survivor_SB": 3271, "Oblivious Bookworm": 2005, "Growing Dread": 1283, "Bubble Smuggler": 366, "Cryptid Inspector": 609, "Exit Specialist": 924, "Cursed Windbreaker": 622, "Break Down the Door": 334, "Gaea's Gift_SB": 1131, "Hazardroot Herbalist": 1341, "Rabbit Response": 2224, "Treeguard Duo": 3097, "Uncharted Haven": 3151, "Warren Elder": 3345, "Head of the Homestead": 1344, "Head of the Homestead_SB": 1345, "Solphim, Mayhem Dominus": 2665, "Grab the Prize_SB": 1251, "Stroke of Midnight_SB": 2796, "Delney, Streetwise Lookout": 686, "No Witnesses": 1982, "Stroke of Midnight": 2795, "Greta, Sweettooth Scourge": 1276, "Sweettooth Witch": 2840, "Experimental Confectioner": 931, "Mintstrosity": 1858, "Scream Puff": 2500, "Gingerbread Hunter": 1187, "Back for Seconds": 171, "Spider Food": 2708, "Feed the Cauldron": 1005, "Return from the Wilds": 2362, "Three Bowls of Porridge": 3013, "Eriette's Tempting Apple": 895, "Sugar Rush_SB": 2803, "Candy Grapple_SB": 401, "Fell_SB": 1020, "Murder_SB": 1933, "Cheeky House-Mouse_SB": 483, "Dryad Militant": 804, "Obyra, Dreaming Duelist": 2009, "Repel Calamity_SB": 2328, "Malcolm, Alluring Scoundrel_SB": 1788, "Zoyowa's Justice": 3436, "Trial of Agony": 3099, "Ojer Axonil, Deepest Might": 2014, "Brazen Collector": 329, "Leyline of Resonance_SB": 1687, "Ancestors' Aid_SB": 65, "Slickshot Show-Off_SB": 2650, "Give In to Violence_SB": 1194, "Cityscape Leveler_SB": 499, "Nahiri's Resolve_SB": 1943, "The Monumental Facade": 2952, "Sardian Cliffstomper": 2459, "Magmatic Sprinter": 1777, "Churning Reservoir": 492, "Sardian Cliffstomper_SB": 2460, "Monastery Swiftspear_SB": 1904, "Magmatic Sprinter_SB": 1778, "Churning Reservoir_SB": 493, "Braids, Arisen Nightmare_SB": 317, "Lich-Knights' Conquest": 1693, "Ayli, Eternal Pilgrim": 167, "Worldwalker Helm": 3402, "Torch the Witness": 3073, "Detective's Satchel": 711, "Forensic Gadgeteer_SB": 1085, "Ice Out_SB": 1445, "The Wandering Rescuer_SB": 2976, "Evolving Adaptive": 921, "Garruk's Uprising_SB": 1141, "Oracle of Tragedy": 2033, "Tarrian's Journal": 2874, "Felidar Cub": 1014, "Knight-Errant of Eos_SB": 1626, "Dusk Rose Reliquary_SB": 813, "Ruthless Lawbringer_SB": 2434, "Felidar Cub_SB": 1015, "Vraan, Executioner Thane": 3322, "Eaten Alive_SB": 830, "Claim Jumper_SB": 502, "Mirrex_SB": 1863, "Tectonic Hazard": 2880, "Boltwave_SB": 283, "War Squeak_SB": 3337, "Geralf, the Fleshwright": 1155, "Geralf, the Fleshwright_SB": 1156, "Searslicer Goblin_SB": 2515, "Take for a Ride_SB": 2865, "Wojek Investigator": 3399, "Rustler Rampage": 2431, "Recommission_SB": 2297, "Hexgold Halberd": 1388, "Shrouded Shepherd": 2588, "Skyfisher Spider_SB": 2630, "Let's Play a Game_SB": 1681, "Chart a Course_SB": 481, "Johann's Stopgap_SB": 1553, "Trapped in the Screen": 3090, "Ragged Playmate": 2237, "Ragged Playmate_SB": 2238, "Norin, Swift Survivalist_SB": 1985, "Fear of Surveillance_SB": 998, "Grand Entryway // Elegant Rotunda_SB": 1258, "Llanowar Elves_SB": 1719, "Bonehoard Dracosaur_SB": 287, "Wandertale Mentor": 3335, "Vodalian Mindsinger_SB": 3302, "Festerleech": 1028, "Fallaji Archaeologist_SB": 967, "Kroxa and Kunoros": 1645, "Chandra, Flameshaper_SB": 464, "Ajani, Sleeper Agent": 42, "Blazing Crescendo": 242, "Warhost's Frenzy": 3342, "Great Train Heist": 1265, "Enduring Courage_SB": 872, "Spirebluff Canal_SB": 2717, "Ashnod's Harvester": 135, "Rip, Spawn Hunter": 2369, "Funeral Room // Awakening Hall": 1121, "Outlaw Medic": 2049, "Blightbelly Rat": 247, "Unnatural Restoration": 3179, "Whisper of the Dross_SB": 3365, "Carnivorous Canopy_SB": 415, "Bite Down_SB": 226, "Gaea's Gift": 1130, "Thousand Moons Smithy_SB": 3001, "The Tale of Tamiyo": 2973, "The Surgical Bay": 2970, "Case of the Ransacked Lab": 427, "Saheeli, Filigree Master": 2444, "Hollow Scavenger": 1415, "Mosswood Dreadknight_SB": 1920, "Stormchaser's Talent_SB": 2784, "Phyrexian Missionary": 2125, "Lost in the Maze_SB": 1746, "Cactarantula": 387, "Glimmerlight": 1214, "Fleeting Flight": 1061, "Think Twice_SB": 2980, "Defiler of Dreams_SB": 684, "Lithomantic Barrage": 1712, "Enduring Vitality_SB": 880, "Ojer Pakpatiq, Deepest Epoch": 2015, "Disturbing Conversion_SB": 743, "Koth, Fire of Resistance": 1637, "Wylie Duke, Atiin Hero": 3411, "Omen Hawker": 2020, "Audience with Trostani_SB": 153, "Leyline of the Void": 1691, "Sentinel of Lost Lore": 2539, "Virtue of Knowledge": 3287, "Valgavoth's Onslaught_SB": 3226, "Kutzil's Flanker": 1648, "Extraordinary Journey": 943, "Gold Pan": 1239, "Extraordinary Journey_SB": 944, "Nurturing Pixie_SB": 1997, "Moonshaker Cavalry": 1912, "Pearl of Wisdom": 2098, "Horrid Vigor": 1426, "Flesh Burrower": 1065, "Let's Play a Game": 1680, "Winter's Intervention": 3383, "Grasping Longneck": 1259, "Wickerfolk Thresher": 3368, "Cackling Slasher": 385, "Fear of the Dark": 999, "Balemurk Leech": 175, "Give In to Violence": 1193, "Innocuous Rat": 1475, "Bashful Beastie": 195, "Defiant Survivor": 679, "Meathook Massacre II": 1823, "Bushwhack_SB": 383, "Mistbreath Elder_SB": 1876, "Realmbreaker's Grasp_SB": 2283, "Treeguard Duo_SB": 3098, "Stickytongue Sentinel_SB": 2767, "Tumbleweed Rising_SB": 3110, "Polliwallop_SB": 2159, "Leyline of Transformation": 1689, "Saheeli's Lattice": 2443, "Hopeless Nightmare_SB": 1423, "Etali, Primal Storm_SB": 913, "Corpses of the Lost_SB": 572, "Adamant Will": 15, "Goldvein Pick": 1243, "Moment of Triumph": 1895, "Pilfer": 2138, "Public Thoroughfare": 2200, "Roaming Throne": 2385, "Undying Malice": 3163, "Cancel_SB": 400, "Opt_SB": 2029, "Anointed Peacekeeper_SB": 89, "Connecting the Dots_SB": 551, "Analyze the Pollen_SB": 63, "Makeshift Binding": 1784, "Jump Scare_SB": 1560, "Progenitus_SB": 2190, "Harvestrite Host": 1329, "Family Reunion_SB": 968, "Cut Short_SB": 625, "Annihilating Glare": 83, "Fanatical Offering": 971, "Sword of Wealth and Power": 2850, "Dismal Backwater": 730, "Pelakka Wurm": 2101, "Extract a Confession_SB": 942, "Unauthorized Exit_SB": 3150, "Lassoed by the Law": 1656, "Mabel's Mettle": 1764, "Skulduggery": 2621, "Skulduggery_SB": 2622, "Minor Misstep": 1856, "Hopeful Vigil": 1421, "Restricted Office // Lecture Hall": 2358, "Central Elevator // Promising Stairs": 456, "Creeping Peeper": 596, "Underwater Tunnel // Slimy Aquarium": 3162, "Erratic Apparition": 898, "Dazzling Theater // Prop Room": 646, "Fear of Falling": 986, "Fear of Abduction": 982, "Lionheart Glimmer": 1710, "Tunnel Surveyor_SB": 3114, "Stalked Researcher_SB": 2742, "Polluted Delta": 2160, "Scalding Tarn": 2474, "Misty Rainforest": 1880, "Bloodstained Mire": 264, "Watery Grave": 3351, "Steam Vents": 2756, "Sink into Stupor": 2607, "Spell Snare": 2698, "Unearth": 3164, "Thoughtseize": 2998, "Fatal Push": 976, "Faithless Looting": 964, "Tamiyo, Inquisitive Student": 2871, "Psychic Frog": 2198, "Counterspell": 587, "Persist": 2106, "Force of Negation": 1081, "Brazen Borrower": 327, "Archon of Cruelty": 113, "Nihil Spellbomb_SB": 1970, "Surgical Extraction_SB": 2828, "Consign to Memory_SB": 553, "Harbinger of the Seas_SB": 1315, "Stern Scolding_SB": 2766, "Fable of the Mirror-Breaker_SB": 949, "Arena of Glory": 116, "Blazing Rootwalla": 244, "Burning Inquiry": 375, "Detective's Phoenix": 710, "Flameblade Adept": 1052, "Goblin Lore": 1233, "Hollow One": 1414, "Lightning Bolt": 1697, "Stomping Ground": 2777, "Street Wraith": 2792, "Vengevine": 3264, "Wooded Foothills": 3400, "Cursed Totem_SB": 621, "Meltdown_SB": 1830, "Obsidian Charmaw_SB": 2006, "Arid Mesa": 121, "Barbarian Ring": 188, "Sunbaked Canyon": 2808, "Eidolon of the Great Revel": 839, "Goblin Guide": 1232, "Lava Spike": 1662, "Rift Bolt": 2366, "Searing Blaze": 2512, "Skewer the Critics": 2613, "Skullcrack": 2625, "Flare of Duplication": 1057, "Smash to Smithereens_SB": 2653, "Faerie Macabre_SB": 959, "Ensnaring Bridge_SB": 886, "Primeval Titan": 2181, "Arboreal Grazer": 97, "Dryad of the Ilysian Grove": 806, "Dryad Arbor": 803, "Amulet of Vigor": 58, "Summoner's Pact": 2805, "Green Sun's Zenith": 1272, "Explore": 934, "Scapeshift": 2479, "Boseiju, Who Endures": 301, "Crumbling Vestige": 603, "Lotus Field": 1747, "Gruul Turf": 1288, "Simic Growth Chamber": 2603, "Hanweir Battlements": 1312, "Echoing Deeps": 832, "Mirrorpool": 1866, "Shifting Woodland": 2568, "Otawara, Soaring City": 2045, "Urza's Saga": 3217, "Valakut, the Molten Pinnacle": 3222, "Vesuva": 3266, "Tolaria West": 3063, "Urza's Cave": 3214, "Bojuka Bog_SB": 280, "Defense Grid_SB": 678, "Endurance_SB": 870, "Force of Vigor_SB": 1082, "Dismember_SB": 731, "Tireless Tracker_SB": 3048, "Vampires' Vengeance_SB": 3246, "Collector Ouphe_SB": 527, "Indomitable Creativity": 1463, "Prismatic Ending": 2184, "Wrenn and Six": 3407, "Fable of the Mirror-Breaker": 948, "Blood Crypt": 252, "Sacred Foundry": 2439, "Xander's Lounge": 3412, "Jetmir's Garden": 1547, "Dwarven Mine": 820, "Flooded Strand": 1066, "Boseiju, Who Endures_SB": 302, "Toxic Deluge_SB": 3080, "Hurkyl's Recall_SB": 1439, "Damping Sphere_SB": 631, "Cling to Dust": 515, "Harbinger of the Seas": 1314, "Marsh Flats": 1811, "Murktide Regent": 1934, "Preordain": 2175, "Thought Scour": 2995, "Engineered Explosives_SB": 883, "Mystical Dispute_SB": 1942, "Spell Pierce_SB": 2697, "The Meathook Massacre_SB": 2948, "Orcish Bowmasters": 2035, "Ocelot Pride": 2010, "Godless Shrine": 1238, "Guide of Souls": 1293, "Seasoned Pyromancer": 2524, "Ajani, Nacatl Pariah": 41, "Phelia, Exuberant Shepherd": 2114, "Phlage, Titan of Fire's Fury": 2115, "Galvanic Discharge": 1135, "Goblin Bombardment": 1229, "Thraben Charm": 3002, "Orim's Chant_SB": 2036, "Wrath of the Skies_SB": 3403, "Thoughtseize_SB": 2999, "Showdown of the Skalds_SB": 2586, "Wear // Tear_SB": 3355, "Legion Loyalist": 1674, "Goblin Bushwhacker": 1230, "Devastating Summons": 713, "Reckless Bushwhacker": 2289, "Goblin Grenade": 1231, "Goblin Piledriver": 1235, "Mogg War Marshal": 1884, "Skirk Prospector": 2614, "Foundry Street Denizen": 1098, "Den of the Bugbear": 699, "Sokenzan, Crucible of Defiance": 2662, "Tormod's Crypt_SB": 3075, "Shattering Spree_SB": 2559, "Blood Moon_SB": 254, "Magus of the Moon_SB": 1779, "Reality Hemorrhage_SB": 2281, "Consider": 552, "Graveyard Trespasser": 1260, "Exquisite Firecraft_SB": 936, "Searing Blood_SB": 2513, "Tunnel Ignus_SB": 3112, "Ragavan, Nimble Pilferer": 2235, "Static Prison": 2752, "Showdown of the Skalds": 2585, "Windswept Heath": 3381, "Fear, Fire, Foes!_SB": 1000, "Drannith Magistrate_SB": 788, "Stony Silence_SB": 2778, "Vexing Bauble": 3272, "Hexdrinker_SB": 1387, "Colossal Skyturtle_SB": 536, "Generous Ent_SB": 1151, "Grist, the Hunger Tide_SB": 1282, "Chained to the Rocks": 459, "Chained to the Rocks_SB": 460, "Ragavan, Nimble Pilferer_SB": 2236, "Ziatora's Proving Ground": 3428, "Veil of Summer_SB": 3256, "Terastodon_SB": 2902, "Giant Growth_SB": 1181, "Talion, the Kindly Lord": 2870, "Slice from the Shadows": 2646, "Over the Edge_SB": 2054, "Poison Dart Frog_SB": 2156, "Come Back Wrong": 540, "Glassworks // Shattered Yard": 1207, "Beamtown Beatstick": 203, "Diamond Pick-Axe": 720, "Sunfire Torch": 2814, "Celestial Armor": 453, "Carrot Cake_SB": 418, "Edgewall Inn": 835, "Grievous Wound_SB": 1278, "Goliath Hatchery_SB": 1246, "Cathartic Parting_SB": 438, "Balmor, Battlemage Captain": 178, "Bria, Riptide Rogue": 341, "Freeze in Place": 1103, "Relic's Roar": 2321, "Run Away Together_SB": 2420, "Scalding Viper_SB": 2476, "Defabricate": 674, "Grand Abolisher": 1254, "Unnerving Grasp": 3181, "Hellspur Posse Boss_SB": 1366, "Halo Hopper": 1309, "Harrier Strix": 1325, "Snaremaster Sprite": 2659, "The Filigree Sylex": 2931, "Living Phone": 1717, "Hardened Escort": 1320, "Unsettling Twins": 3185, "Holy Cow": 1416, "Unsettling Twins_SB": 3186, "Raccoon Rallier_SB": 2228, "Feather of Flight_SB": 1003, "Rogue's Passage_SB": 2398, "Possessed Goat_SB": 2170, "The Jolly Balloon Man_SB": 2942, "Hammerhand_SB": 1311, "Heartfire Hero_SB": 1349, "Inti, Seneschal of the Sun_SB": 1491, "Gleaming Barrier": 1209, "Gleaming Barrier_SB": 1210, "Solemn Simulacrum_SB": 2664, "Pests of Honor": 2111, "Nettle Guard": 1958, "Three Blind Mice": 3011, "Dauntless Dismantler_SB": 637, "Phoenix Chick_SB": 2117, "Charge of the Mites_SB": 476, "Keldon Flamesage": 1591, "Brambleguard Captain": 321, "Johann, Apprentice Sorcerer": 1554, "Kraum, Violent Cacophony": 1641, "Razzle-Dazzler": 2280, "Vesuvan Drifter": 3267, "Thopter Mechanic": 2989, "Nightwhorl Hermit": 1969, "Iron-Fist Pulverizer": 1525, "Pyrotechnic Performer": 2211, "Fear of Burning Alive": 985, "Molten Tributary": 1892, "Stop Cold": 2779, "Mishra's Command_SB": 1872, "Plan the Heist_SB": 2149, "Sleight of Hand_SB": 2645, "Kellan, Planar Trailblazer_SB": 1600, "Trick Shot_SB": 3103, "Violent Urge_SB": 3283, "Involuntary Cooldown_SB": 1521, "Out of Air_SB": 2046, "Heartfire Immolator": 1350, "Dwarven Forge-Chanter": 819, "Whiskerquill Scribe": 3363, "Sure Strike": 2822, "Ghitu Amplifier": 1169, "Furious Bellow": 1123, "Ancestors' Aid": 64, "Twinferno_SB": 3120, "Sure Strike_SB": 2823, "Fynn, the Fangbearer_SB": 1129, "Make Your Move_SB": 1782, "Harbinger of the Tides": 1316, "Harbinger of the Tides_SB": 1317, "Bottomless Pool && Locker Room_SB": 306, "Pile On_SB": 2137, "Cat Collector": 435, "Growing Rites of Itlimoc": 1284, "Flowstone Infusion": 1077, "Jump Scare": 1559, "Niko, Light of Hope": 1971, "Tunnel Surveyor": 3113, "Stalked Researcher": 2741, "Fear of Isolation_SB": 992, "Ayara, Widow of the Realm": 166, "Throw from the Saddle": 3024, "Arachnoid Adaptation": 93, "Longstalk Brawl_SB": 1732, "Thrill of Possibility_SB": 3022, "Season of Gathering": 2516, "Warren Warleader": 3346, "Seasoned Warrenguard_SB": 2526, "Lionheart Glimmer_SB": 1711, "Horrid Vigor_SB": 1427, "Omnivorous Flytrap_SB": 2026, "Roc Hunter": 2392, "Feldon, Ronom Excavator": 1013, "Scalding Viper": 2475, "Trial of Agony_SB": 3100, "Adventuring Gear_SB": 19, "Vicious Clown_SB": 3278, "Fear of Being Hunted_SB": 984, "Into the Roil": 1496, "Into the Roil_SB": 1497, "Rite of the Dragoncaller_SB": 2376, "Splash Portal_SB": 2721, "Ghostly Dancers": 1174, "Demonic Pact_SB": 696, "Valorous Stance": 3240, "Lodestone Needle": 1725, "Sawblade Skinripper_SB": 2470, "Zephyr Singer": 3424, "Bloodghast": 259, "Lunar Convocation_SB": 1756, "Bartolom\u00e9 del Presidio_SB": 194, "Valley Rotcaller_SB": 3237, "Cunning Coyote_SB": 616, "Debris Beetle": 661, "Wastewood Verge": 3349, "Vein Ripper_SB": 3258, "Ketramose, the New Dawn": 1604, "Bleachbone Verge": 245, "Intimidation Tactics": 1492, "Grim Bauble": 1280, "Momentum Breaker": 1898, "Spell Pierce": 2696, "Outpace Oblivion_SB": 2051, "Ride's End": 2364, "Molt Tender": 1886, "Draconautics Engineer": 767, "Loot, the Pathfinder": 1735, "Afterburner Expert": 27, "Dredger's Insight": 797, "Restless Spire_SB": 2354, "Oildeep Gearhulk_SB": 2013, "Oildeep Gearhulk": 2012, "Haunt the Network_SB": 1333, "Sunbillow Verge": 2809, "Eriette of the Charmed Apple": 894, "Surgical Suite // Hospital Room_SB": 2832, "Thousand Moons Smithy": 3000, "Transmutation Font": 3089, "Braided Net_SB": 315, "Willowrush Verge": 3375, "Defend the Rider": 676, "Hazoret, Godseeker": 1343, "Monument to Endurance": 1910, "Gleeful Demolition_SB": 1213, "Overlord of the Hauntwoods_SB": 2065, "Chandra, Spark Hunter_SB": 468, "Diversion Unit": 747, "Riptide Gearhulk": 2370, "Voyage Home": 3319, "Perilous Snare": 2104, "Esoteric Duplicator": 905, "Repurposing Bay": 2331, "Diversion Unit_SB": 748, "Aether Syphon_SB": 24, "Monument to Endurance_SB": 1911, "Riverchurn Monument": 2381, "Explosive Derailment_SB": 935, "Captain Howler, Sea Scourge": 407, "Marauding Mako": 1802, "Scrounging Skyray": 2505, "Riverpyre Verge": 2384, "Phyrexian Dragon Engine": 2122, "Gastal Thrillroller": 1145, "Mishra's Command": 1871, "Greasewrench Goblin": 1262, "Bounce Off": 310, "Bounce Off_SB": 311, "Optimistic Scavenger_SB": 2031, "Brightglass Gearhulk": 344, "Voyager Glidecar": 3320, "Chandra, Spark Hunter": 467, "Grim Bauble_SB": 1281, "Momentum Breaker_SB": 1899, "The Aetherspark": 2916, "Nesting Bot": 1956, "Howlsquad Heavy": 1430, "Count on Luck_SB": 586, "Mendicant Core, Guidelight": 1832, "Mu Yanling, Wind Rider": 1925, "Agonasaur Rex": 34, "Sandstalker Moloch_SB": 2450, "Intimidation Tactics_SB": 1493, "Transit Mage": 3088, "Overgrown Zealot": 2057, "Conduit of Worlds_SB": 548, "Lightwheel Enhancements": 1702, "Memory Guardian": 1831, "The Speed Demon_SB": 2966, "Lumbering Worldwagon": 1750, "Mindspring Merfolk": 1855, "Lifecraft Engine": 1694, "Caelorna, Coral Tyrant_SB": 388, "Overrun": 2070, "Burnout Bashtronaut": 377, "Gastal Thrillseeker": 1147, "The Speed Demon": 2965, "The Last Ride": 2945, "Amonkhet Raceway": 57, "Ancient Vendetta_SB": 69, "Demonic Junker": 693, "Nexus of Becoming": 1964, "Webstrike Elite_SB": 3359, "Gastal Thrillroller_SB": 1146, "Regal Imperiosaur": 2314, "Tyrox, Saurid Tyrant": 3134, "Tomik, Wielder of Law_SB": 3070, "Engine Rat": 881, "Teysa, Opulent Oligarch": 2913, "Gonti, Night Minister": 1247, "Muraganda Raceway": 1931, "Zephyr Singer_SB": 3425, "Ratadrabik of Urborg": 2265, "Gumdrop Poisoner": 1297, "Broadside Barrage": 355, "Boosted Sloop": 296, "Broadside Barrage_SB": 356, "Thopter Fabricator_SB": 2988, "Voyager Glidecar_SB": 3321, "Debris Beetle_SB": 662, "Fuel the Flames": 1114, "Skycrash": 2627, "Fuel the Flames_SB": 1115, "Dropkick Bomber": 800, "Quag Feast": 2215, "Gastal Raider_SB": 1144, "Thunderous Velocipede": 3033, "Ketramose, the New Dawn_SB": 1605, "Locust Spray": 1724, "The Skullspore Nexus": 2963, "Intrepid Paleontologist_SB": 1499, "Invasion of Regatha_SB": 1513, "Spectacular Pileup": 2689, "Coalstoke Gearhulk_SB": 519, "Bringer of the Last Gift": 349, "Terisian Mindbreaker": 2903, "Skitterbeam Battalion": 2616, "Red Sun's Twilight_SB": 2301, "Heliod, the Radiant Dawn": 1361, "Twinblade Blessing": 3118, "Thalia and The Gitrog Monster_SB": 2915, "Ride's End_SB": 2365, "Zahur, Glory's Past": 3422, "Spectral Interference_SB": 2694, "Say Its Name_SB": 2472, "Stock Up": 2770, "Spectacular Pileup_SB": 2690, "Gas Guzzler": 1142, "Far Fortune, End Boss": 974, "Overrun_SB": 2071, "Wardens of the Cycle_SB": 3341, "Painful Quandary_SB": 2081, "Leaf-Crowned Visionary_SB": 1669, "Mossborn Hydra_SB": 1918, "Blast Zone_SB": 240, "Collision Course_SB": 533, "Sazacap's Brew": 2473, "Invasion of Mercadia": 1511, "Playful Shove": 2151, "Mishra, Claimed by Gix": 1874, "Restless Anchorage_SB": 2342, "Webstrike Elite": 3358, "Coiling Rebirth_SB": 523, "Fearless Swashbuckler": 1001, "Unctus, Grand Metatect": 3152, "The Aetherspark_SB": 2917, "Melira, the Living Cure_SB": 1829, "Bloated Contaminator_SB": 251, "Defend the Rider_SB": 677, "Perilous Snare_SB": 2105, "Claim Jumper": 501, "Starscape Cleric_SB": 2748, "Flotsam // Jetsam_SB": 1072, "Soul of Windgrace": 2675, "Expel the Interlopers_SB": 929, "Visage of Dread": 3295, "Pit Automaton": 2142, "Visage of Dread_SB": 3296, "The Last Ride_SB": 2946, "Jodah, the Unifier_SB": 1552, "Ancient Vendetta": 68, "Basri, Tomorrow's Champion": 198, "Skyseer's Chariot_SB": 2634, "Unstable Glyphbridge_SB": 3188, "Full Throttle_SB": 1118, "Loot, the Key to Everything_SB": 1734, "Loot, the Pathfinder_SB": 1736, "Lassoed by the Law_SB": 1657, "Quag Feast_SB": 2216, "Third Path Iconoclast_SB": 2982, "Ashiok, Wicked Manipulator_SB": 134, "Rampaging Raptor": 2256, "Agonasaur Rex_SB": 35, "Visage Bandit": 3294, "Waxen Shapethief": 3352, "Coalstoke Gearhulk": 518, "Shoreline Looter": 2584, "Engine Rat_SB": 882, "Dune Drifter": 808, "Essence Channeler_SB": 907, "Lunar Insight": 1757, "Sword of Forge and Frontier_SB": 2847, "Become Brutes": 208, "Spring-Loaded Sawblades_SB": 2730, "Urza's Command_SB": 3215, "Dive Down": 745, "Caradora, Heart of Alacria": 411, "Veteran Beastrider": 3269, "Skyseer's Chariot": 2633, "Valor's Flagship": 3238, "The Elder Dragon War_SB": 2924, "Kellan, Inquisitive Prodigy_SB": 1598, "Veteran Survivor": 3270, "Twining Twins": 3122, "Threadbind Clique": 3009, "Boommobile_SB": 293, "Radiant Lotus_SB": 2232, "Boommobile": 292, "Forging the Anchor": 1089, "Radiant Lotus": 2231, "The Mightstone and Weakstone_SB": 2950, "Bloodthorn Flail": 267, "Flamewake Phoenix": 1055, "Cryptcaller Chariot_SB": 605, "Spiteful Hexmage_SB": 2719, "Riverchurn Monument_SB": 2382, "Riptide Gearhulk_SB": 2371, "Volley Veteran": 3313, "Redshift, Rocketeer Chief": 2305, "Thopter Fabricator": 2987, "Haunt the Network": 1332, "Sorcerous Spyglass": 2669, "Demonic Junker_SB": 694, "Furnace Host Charger": 1124, "Clamorous Ironclad": 505, "Wishing Well": 3389, "Frolicking Familiar": 1108, "Alania, Divergent Storm": 47, "Resplendent Angel_SB": 2337, "Tinker's Tote": 3041, "Cephalopod Sentry": 457, "Marketback Walker_SB": 1810, "Marketback Walker": 1809, "Sylvan Scavenging": 2853, "Sab-Sunen, Luxa Embodied": 2437, "Simian Simulacrum": 2602, "Broodheart Engine": 358, "Reluctant Role Model": 2322, "Bulwark Ox": 370, "Reluctant Role Model_SB": 2323, "Boom Box": 290, "Possession Engine": 2171, "Conduit of Worlds": 547, "Broadcast Rambler": 354, "Gargantuan Leech": 1137, "Captivating Cave": 410, "Promising Vein": 2193, "Hidden Courtyard": 1390, "Bat Colony": 199, "Calamitous Cave-In": 389, "Hidden Volcano": 1394, "Daretti, Rocketeer Engineer": 632, "Threefold Thunderhulk": 3019, "Tune Up": 3111, "Meteor Golem_SB": 1838, "Market Gnome_SB": 1808, "Leyline Binding_SB": 1684, "The Goose Mother": 2934, "Gastal Raider": 1143, "Oviya, Automech Artisan": 2077, "Mold Adder_SB": 1885, "The Skullspore Nexus_SB": 2964, "Burnout Bashtronaut_SB": 378, "Sovereign Okinec Ahau": 2687, "Gloryheath Lynx": 1222, "The Raven Man": 2957, "The Raven Man_SB": 2958, "Halana and Alena, Partners_SB": 1303, "Valor's Flagship_SB": 3239, "Tocasia's Welcome_SB": 3062, "Stall Out": 2743, "Stall Out_SB": 2744, "Cosmium Confluence": 583, "Festival of Embers": 1029, "Hidden Nursery": 1393, "Balustrade Wurm": 179, "Skycrash_SB": 2628, "Nexus of Becoming_SB": 1965, "Akal Pakal, First Among Equals_SB": 45, "Collector's Vault_SB": 531, "Thran Spider_SB": 3007, "Sab-Sunen, Luxa Embodied_SB": 2438, "Earthrumbler": 826, "Lavaspur Boots_SB": 1664, "Thunderous Velocipede_SB": 3034, "Chitin Gravestalker": 486, "Starving Revenant_SB": 2749, "Stock Up_SB": 2771, "Fear of Infinity_SB": 990, "Oko, the Ringleader": 2017, "Forensic Researcher": 1086, "Deepfathom Echo": 671, "Steamcore Scholar_SB": 2758, "Ojer Pakpatiq, Deepest Epoch_SB": 2016, "Dredger's Insight_SB": 798, "Fauna Shaman_SB": 979, "Malcator, Purity Overseer": 1786, "Sunder the Gateway": 2810, "Phyrexian Missionary_SB": 2126, "Reject Imperfection_SB": 2317, "Vivisurgeon's Insight_SB": 3300, "Baral and Kari Zev": 187, "Enigma Drake": 884, "Eroded Canyon": 896, "Trained Arynx": 3082, "Ornery Tumblewagg": 2037, "Giant Beaver": 1177, "Lagorin, Soul of Alacria": 1653, "Miriam, Herd Whisperer": 1860, "Congregation Gryff": 550, "Brightfield Glider": 343, "Run Over_SB": 2421, "Night Market": 1967, "Stockpiling Celebrant": 2773, "Carrion Locust_SB": 416, "Skullcap Snail_SB": 2624, "Stockpiling Celebrant_SB": 2774, "Overwhelming Remorse_SB": 2073, "Akal Pakal, First Among Equals": 44, "Forensic Gadgeteer": 1084, "Deduce_SB": 666, "Wreck Remover_SB": 3404, "Brave the Wilds": 326, "Armored Scrapgorger": 126, "Spinewoods Paladin": 2712, "Mocking Sprite": 1881, "Talion's Messenger": 2868, "Barrow Naughty": 192, "Faerie Slumber Party": 962, "Drag the Canal": 768, "Spellscorn Coven": 2703, "Etrata, Deadly Fugitive": 918, "Coerced to Kill": 521, "Unstoppable Plan_SB": 3189, "Shadow-Rite Priest": 2551, "Training Grounds": 3083, "Hoarding Broodlord": 1411, "Nahiri's Warcrafting_SB": 1944, "Oaken Siren": 1999, "Guidelight Optimizer": 1294, "Fountainport Bell": 1100, "Machine Over Matter_SB": 1768, "Crumb and Get It_SB": 602, "Flame Lash": 1051, "Exsanguinate_SB": 938, "Exsanguinate": 937, "Tranquil Cove_SB": 3085, "Syr Ginger, the Meal Ender_SB": 2857, "Legion Extruder_SB": 1673, "Furnace Punisher_SB": 1125, "Hearth Elemental_SB": 1354, "Krenko's Buzzcrusher": 1642, "Ledger Shredder": 1671, "Arclight Phoenix": 115, "Fiery Impulse": 1037, "Lightning Axe": 1696, "Treasure Cruise": 3095, "Riverglide Pathway": 2383, "Hall of Storm Giants": 1304, "Brazen Borrower_SB": 328, "Annul_SB": 85, "Aether Gust_SB": 23, "Anger of the Gods_SB": 73, "Prismari Command_SB": 2183, "Omen of the Sea": 2022, "The Meathook Massacre": 2947, "Narset, Parter of Veils": 1946, "Field of Ruin": 1031, "Geier Reach Sanitarium": 1150, "Urborg, Tomb of Yawgmoth": 3209, "Clearwater Pathway": 512, "Hive of the Eye Tyrant": 1410, "Shipwreck Marsh": 2572, "Takenuma, Abandoned Mire": 2867, "Ashiok, Dream Render_SB": 131, "Yorion, Sky Nomad_SB": 3418, "Ashiok, Nightmare Muse_SB": 132, "Extinction Event_SB": 940, "Unlicensed Hearse_SB": 3177, "Reckless Rage": 2293, "Soul-Scar Mage": 2678, "Ramunap Ruins": 2259, "Cragcrown Pathway": 590, "Mutavault": 1938, "Redcap Melee_SB": 2302, "Blightstep Pathway": 249, "Bloodtithe Harvester": 268, "Blade of the Oni": 233, "Hidetsugu Consumes All_SB": 1396, "Invoke Despair_SB": 1520, "Kroxa, Titan of Death's Hunger": 1646, "Foreboding Ruins": 1083, "Invoke Despair": 1519, "Rakdos, Patron of Chaos": 2246, "Kolaghan's Command_SB": 1631, "Elvish Mystic": 862, "Nykthos, Shrine to Nyx": 1998, "Kiora, Behemoth Beckoner": 1609, "Cavalier of Thorns": 445, "Old-Growth Troll": 2019, "Lair of the Hydra": 1654, "Storm the Festival": 2780, "Ulvenwald Oddity": 3146, "Oath of Nissa": 2001, "Leyline of the Guildpact": 1690, "Emrakul, the Promised End_SB": 868, "Setessan Petitioner_SB": 2549, "Arasta of the Endless Web_SB": 96, "Haunted Ridge": 1335, "Sigarda's Aid": 2593, "Colossus Hammer": 537, "Raffine's Informant": 2233, "Sylvan Caryatid": 2852, "Eldritch Evolution": 843, "Overgrown Tomb": 2056, "Mana Confluence": 1792, "Soulflayer": 2680, "Collective Brutality_SB": 526, "Gifted Aetherborn_SB": 1182, "Bloodline Culling_SB": 263, "Deafening Silence_SB": 656, "Portable Hole_SB": 2166, "Grafdigger's Cage_SB": 1253, "Cauldron Familiar": 440, "Claim the Firstborn": 503, "Deadly Dispute": 654, "Mayhem Devil": 1817, "Witch's Oven": 3392, "Claim the Firstborn_SB": 504, "Ob Nixilis, the Adversary_SB": 2002, "Hallowed Fountain": 1306, "Indatha Triome": 1462, "Spara's Headquarters": 2688, "Zagoth Triome": 3421, "Vanishing Verse": 3251, "Leyline of Sanctity_SB": 1688, "Barrier Breach_SB": 191, "Knockout Blow_SB": 1627, "Dawnwing Marshal": 641, "Bonecrusher Giant": 284, "Burning-Tree Emissary": 376, "Chandra, Torch of Defiance": 469, "Collision // Colossus": 532, "Gruul Spellbreaker": 1287, "Kami's Flare": 1574, "Kumano Faces Kakkazan": 1647, "Pelt Collector": 2102, "Voltaic Brawler": 3315, "Zhur-Taa Goblin": 3427, "Bonecrusher Giant_SB": 285, "Chandra, Torch of Defiance_SB": 470, "Cindervines_SB": 495, "Kami's Flare_SB": 1575, "Roiling Vortex_SB": 2401, "Weathered Runestone_SB": 3357, "Hazoret the Fervent_SB": 1342, "Fetid Pools": 1030, "Yorion, Sky Nomad": 3417, "Greasefang, Okiba Boss": 1261, "Parhelion II": 2089, "Shattered Sanctum": 2558, "Faithful Mending": 963, "Skysovereign, Consul Flagship": 2636, "Tainted Indulgence": 2861, "Collective Brutality": 525, "Raffine's Tower": 2234, "Stubborn Denial": 2799, "Dovin's Veto_SB": 765, "Silence_SB": 2595, "Fatal Push_SB": 977, "Vanishing Verse_SB": 3252, "Go Blank_SB": 1226, "Breeding Pool": 340, "Linvala, the Preserver": 1709, "Enigmatic Incarnation": 885, "Skyclave Apparition": 2626, "Savai Triome": 2464, "Thought Distortion_SB": 2994, "Archon of Emeria_SB": 114, "Ruric Thar, the Unbowed_SB": 2428, "Bishop of Wings": 224, "Righteous Valkyrie": 2367, "Resplendent Marshal": 2338, "Collected Company": 524, "Portable Hole": 2165, "Branchloft Pathway": 323, "Cave of the Frost Dragon": 446, "Overgrown Farmland": 2055, "Temple Garden": 2886, "Eiganjo, Seat of the Empire": 840, "Brutal Cathar_SB": 365, "Reidane, God of the Worthy_SB": 2315, "Archon of Absolution_SB": 112, "Shapers' Sanctuary_SB": 2554, "Brave the Elements_SB": 325, "Heroic Intervention_SB": 1384, "Voldaren Epicure": 3310, "Ensoul Artifact": 887, "Darksteel Citadel": 636, "Shrapnel Blast": 2587, "Smuggler's Copter": 2654, "Rending Volley_SB": 2326, "Shadowspear_SB": 2552, "Voltage Surge_SB": 3314, "Claim // Fame": 500, "Infuriate": 1471, "Extinction Event": 939, "Castle Locthwain": 434, "Paradoxical Outcome": 2088, "Experimental Frenzy_SB": 932, "Stormcarved Coast": 2781, "Spikefield Hazard": 2709, "Izzet Charm": 1534, "Prismari Command": 2182, "Fear of Infinity": 989, "Aurelia, the Warleader": 155, "Gilded Ghoda": 1185, "District Mascot": 741, "Shivan Devastator": 2573, "Zimone, Paradox Sculptor": 3429, "Tyvar, the Pummeler_SB": 3143, "Zopandrel, Hunger Dominus_SB": 3433, "Frenzied Goblin": 1104, "Count on Luck": 585, "Doubling Season_SB": 763, "Fanatical Firebrand_SB": 970, "Reckless Lackey_SB": 2292, "Howlsquad Heavy_SB": 1431, "Rundvelt Hordemaster_SB": 2423, "Dynamite Diver": 824, "Guidelight Synergist": 1295, "Kolodin, Triumph Caster": 1632, "Burner Rocket": 374, "Cloudspire Skycycle": 517, "Laughing Jasper Flint_SB": 1661, "Rocky Roads": 2395, "Lumbering Worldwagon_SB": 1751, "Cosmic Rebirth_SB": 582, "Etched Familiar": 915, "Drake Hatcher_SB": 784, "Eddymurk Crab_SB": 834, "Mimeoplasm, Revered One": 1852, "Devouring Sugarmaw": 715, "Amalia Benavides Aguirre_SB": 54, "Elas il-Kor, Sadistic Pilgrim_SB": 842, "Fiendish Panda_SB": 1033, "Knight of Dawn's Light_SB": 1620, "Spin Out_SB": 2710, "Ravine Raider_SB": 2273, "Cindering Cutthroat_SB": 494, "Steampath Charger_SB": 2759, "Risky Shortcut_SB": 2373, "Spectral Interference": 2693, "Ruthless Negotiation_SB": 2436, "Map the Frontier": 1797, "No Witnesses_SB": 1983, "Silken Strength": 2598, "Divine Resilience": 749, "Greenhouse // Rickety Gazebo": 1273, "Mirror Room // Fractured Realm": 1865, "Winter, Cursed Rider": 3384, "Radiant Grove": 2230, "Streetwise Negotiator_SB": 2793, "Become Brutes_SB": 209, "Mondrak, Glory Dominus_SB": 1905, "Goblin Oriflamme": 1234, "Spyglass Siren_SB": 2733, "Realm-Scorcher Hellkite": 2282, "Sentinel of Lost Lore_SB": 2540, "Herd Migration_SB": 1379, "Kykar, Zephyr Awakener": 1652, "The Huntsman's Redemption_SB": 2937, "Lathril, Blade of the Elves_SB": 1659, "Gixian Infiltrator_SB": 1199, "Armored Armadillo_SB": 124, "Gloryheath Lynx_SB": 1223, "Threefold Thunderhulk_SB": 3020, "Cryptcaller Chariot": 604, "Case of the Locked Hothouse": 424, "Primeval Bounty": 2179, "Karn, Living Legacy_SB": 1578, "Steel Hellkite_SB": 2760, "Cursed Recording_SB": 620, "Thirsting Roots": 2983, "Gigantosaurus": 1183, "Llanowar Stalker": 1722, "Ghalta, Primal Hunger_SB": 1166, "Gigantosaurus_SB": 1184, "Disenchant": 726, "Captain Howler, Sea Scourge_SB": 408, "Mindsparker_SB": 1853, "Rangers' Refueler": 2260, "Meeting of Minds": 1826, "The Stasis Coffin": 2967, "The Everflowing Well": 2930, "Kellan Joins Up": 1594, "Ovika, Enigma Goliath_SB": 2076, "Quaketusk Boar": 2217, "Bestow Greatness_SB": 215, "Leaping Ambush": 1670, "Raucous Theater_SB": 2271, "Flowstone Infusion_SB": 1078, "Alesha, Who Laughs at Fate_SB": 49, "Progenitor Exarch": 2188, "Agatha of the Vile Cauldron": 31, "Detention Chariot": 712, "Push the Limit": 2207, "Gallant Strike": 1133, "Thundering Broodwagon": 3030, "Reckless Handling": 2290, "Stern Lesson": 2764, "Stormkeld Vanguard_SB": 2785, "Moonshaker Cavalry_SB": 1913, "Bramble Familiar_SB": 320, "Annie Joins Up_SB": 82, "Primal Might_SB": 2178, "Ancient Den": 67, "Boros Garrison": 299, "Experimental Synthesizer": 933, "Galvanic Blast": 1134, "Glint Hawk": 1216, "Great Furnace": 1264, "Journey to Nowhere": 1556, "Kor Skyfisher": 1636, "Lembas": 1677, "Makeshift Munitions": 1785, "Relic of Progenitus": 2319, "Rustvale Bridge": 2432, "Thraben Inspector": 3004, "Dust to Dust_SB": 816, "Electrickery_SB": 844, "Prismatic Strands_SB": 2185, "Pyroblast_SB": 2208, "Red Elemental Blast_SB": 2300, "Relic of Progenitus_SB": 2320, "Boomerang": 291, "Brainstorm": 318, "Cryptic Serpent": 608, "Deep Analysis": 668, "Delver of Secrets": 687, "Dragon Wings": 776, "L\u00f3rien Revealed": 1763, "Mental Note": 1833, "Murmuring Mystic": 1936, "Ponder": 2164, "Sleep of the Dead": 2641, "Snow-Covered Island": 2661, "Blue Elemental Blast_SB": 277, "Deem Inferior_SB": 667, "Dispel_SB": 732, "Hydroblast_SB": 1444, "Jace's Phantasm_SB": 1538, "Murmuring Mystic_SB": 1937, "Sleep of the Dead_SB": 2642, "Radiant Fountain": 2229, "Goldmire Bridge": 1240, "Bojuka Bog": 279, "Orzhov Basilica": 2038, "Sunlit Marsh": 2816, "Troll of Khazad-d\u00fbm": 3106, "Eagles of the North": 825, "Dawnbringer Cleric": 640, "Omen of the Dead": 2021, "Cast Down": 432, "Accursed Marauder": 11, "Refurbished Familiar": 2307, "Vault of Whispers": 3253, "Suffocating Fumes": 2802, "Campfire_SB": 398, "Arms of Hadar_SB": 128, "Unmake_SB": 3178, "Accursed Marauder_SB": 12, "Cast Down_SB": 433, "Beckon Apparition_SB": 207, "Thraben Charm_SB": 3003, "Thorn of the Black Rose_SB": 2990, "Arashin Cleric_SB": 95, "Lazav, Wearer of Faces_SB": 1667, "Harmless Offering_SB": 1323, "Return Triumphant": 2360, "Souls of the Lost_SB": 2683, "Slickshot Lockpicker_SB": 2648, "Flashfreeze": 1058, "Synchronized Charge": 2855, "Heritage Reclamation_SB": 1381, "Magmatic Hellkite_SB": 1776, "Sunpearl Kirin": 2817, "Interface Ace": 1489, "Surrak, Elusive Hunter": 2835, "Surrak, Elusive Hunter_SB": 2836, "Elspeth, Storm Slayer": 856, "Rally the Monastery": 2254, "Cori Mountain Monastery": 568, "Dispelling Exhale": 733, "Jeskai Revelation": 1545, "Marang River Regent": 1798, "Shiko, Paragon of the Way": 2569, "Herd Heirloom": 1376, "Cori-Steel Cutter": 569, "Jeskai Revelation_SB": 1546, "Voice of Victory_SB": 3304, "Tersa Lightshatter": 2910, "Elspeth, Storm Slayer_SB": 857, "United Battlefront": 3176, "Sandsteppe Citadel": 2451, "Skirmish Rhino": 2615, "Desperate Measures": 706, "Rot-Curse Rakshasa": 2406, "Sage of the Skies_SB": 2441, "Winternight Stories": 3385, "Auroral Procession": 156, "Opulent Palace": 2032, "Rakshasa's Bargain": 2249, "Mistrise Village": 1877, "Tersa Lightshatter_SB": 2911, "Glacial Dragonhunt": 1201, "Rediscover the Way": 2303, "Kishla Village": 1613, "Restless Vents_SB": 2356, "Roiling Dragonstorm": 2399, "Gilded Lotus_SB": 1186, "Magmatic Hellkite": 1775, "Sarkhan, Dragon Ascendant": 2461, "Pit of Offerings": 2143, "Static Snare_SB": 2754, "Kayla's Reconstruction_SB": 1588, "Unending Whisper": 3165, "Mystic Monastery": 1941, "Stormshriek Feral": 2786, "Stormshriek Feral_SB": 2787, "Wild Ride": 3369, "Cori-Steel Cutter_SB": 570, "Gulping Scraptrap": 1296, "Static Snare": 2753, "Frontline Rush": 1111, "Tempest Hawk": 2885, "Flamehold Grappler": 1054, "Cooped Up": 560, "Fresh Start_SB": 1106, "Two-Headed Hunter_SB": 3132, "Frostcliff Siege": 1112, "Duty Beyond Death_SB": 818, "Dalkovan Encampment": 629, "Frontier Bivouac": 1109, "Dragonologist": 782, "Scavenger Regent_SB": 2484, "Caustic Exhale": 443, "Disruptive Stormbrood": 735, "Scavenger Regent": 2481, "Qarsi Revenant_SB": 2214, "Bulwark Ox_SB": 371, "Ugin, Eye of the Storms": 3144, "Ugin, Eye of the Storms_SB": 3145, "New Way Forward": 1962, "Awaken the Honored Dead": 162, "Bloomvine Regent": 272, "Scavenger Regent // Exude Toxin // Scavenger Regent": 2482, "Teval, Arbiter of Virtue": 2912, "Caustic Exhale_SB": 444, "Fangkeeper's Familiar_SB": 973, "Mandible Justiciar": 1793, "Voidwing Hybrid": 3305, "Torpor Orb": 3076, "Mercurial Spelldancer": 1835, "Blightbelly Rat_SB": 248, "Devoted Duelist": 714, "Prowcatcher Specialist_SB": 2197, "Fortress Kin-Guard": 1094, "Salt Road Packbeast": 2447, "Inspiring Overseer_SB": 1486, "Salt Road Packbeast_SB": 2448, "Slumbering Keepguard": 2651, "The Princess Takes Flight": 2955, "Keldon Strike Team": 1592, "Sidisi, Regent of the Mire": 2591, "Gingerbrute_SB": 1189, "Undergrowth Leopard_SB": 3160, "Temur Tawnyback": 2900, "Eshki Dragonclaw": 904, "Spinewoods Paladin_SB": 2713, "Dragon Sniper": 774, "Nature's Rhythm": 1949, "Broken Wings_SB": 357, "Encroaching Dragonstorm": 869, "Drakuseth, Maw of Flames": 785, "Breaching Dragonstorm": 332, "Molten Exhale": 1890, "Molten Exhale_SB": 1891, "Kishla Skimmer": 1612, "Roar of Endless Song_SB": 2387, "Great Arashin City": 1263, "Maelstrom of the Spirit Dragon": 1771, "Songcrafter Mage": 2668, "Death Begets Life_SB": 657, "Qarsi Revenant": 2213, "Spectral Denial": 2691, "Overwhelming Surge_SB": 2075, "Corroding Dragonstorm": 573, "Voice of Victory": 3303, "Clarion Conqueror_SB": 508, "Bleachbone Verge_SB": 246, "Sage of the Skies": 2440, "Heritage Reclamation": 1380, "Helga, Skittish Seer": 1359, "Helga, Skittish Seer_SB": 1360, "Rakshasa's Bargain_SB": 2250, "Mistrise Village_SB": 1878, "Craterhoof Behemoth": 592, "Case of the Pilfered Proof": 426, "Coordinated Maneuver_SB": 563, "Winternight Stories_SB": 3386, "Craterhoof Behemoth_SB": 593, "Descendant of Storms": 700, "Severance Priest": 2550, "Yathan Roadwatcher": 3413, "Animist's Might": 76, "Marang River Regent_SB": 1799, "Stadium Headliner": 2739, "Scavenger Regent // Exude Toxin // Scavenger Regent_SB": 2483, "Don't Make a Sound_SB": 756, "Twists and Turns_SB": 3128, "Behind the Mask": 211, "Strategic Betrayal_SB": 2791, "Channeled Dragonfire": 473, "Seedglaive Mentor": 2530, "Sagu Wildling": 2442, "Dragonback Assault": 777, "Simulacrum Synthesizer_SB": 2606, "Ureni, the Song Unending": 3210, "Ringing Strike Mastery_SB": 2368, "Spectral Denial_SB": 2692, "Shiko, Paragon of the Way_SB": 2570, "Ureni, the Song Unending_SB": 3211, "Dispelling Exhale_SB": 734, "Twinmaw Stormbrood": 3123, "Fangkeeper's Familiar": 972, "Sinkhole Surveyor": 2608, "Muldrotha, the Gravetide_SB": 1930, "Fleeting Effigy": 1060, "Glacierwood Siege": 1202, "Disruptive Stormbrood_SB": 736, "Roiling Dragonstorm_SB": 2400, "Tinybones, Bauble Burglar_SB": 3045, "Dire Flail": 723, "Skullcap Snail": 2623, "Harried Spearguard": 1324, "Toxin Analysis_SB": 3081, "Rediscover the Way_SB": 2304, "Desperate Measures_SB": 707, "New Way Forward_SB": 1963, "Rotisserie Elemental_SB": 2407, "Dalkovan Packbeasts": 630, "Coordinated Maneuver": 562, "Mardu Devotee": 1804, "Warren Warleader_SB": 3347, "Toby, Beastie Befriender_SB": 3059, "Mardu Devotee_SB": 1805, "Resolute Reinforcements_SB": 2335, "Triumphant Chomp_SB": 3105, "Rampaging Raptor_SB": 2257, "Earthshaker Dreadmaw_SB": 828, "Temur Battlecrier": 2899, "Strategic Betrayal": 2790, "Dinotomaton": 722, "Dragon Whelp": 775, "Firespitter Whelp": 1050, "Mox Jasper": 1924, "Shivan Dragon": 2574, "Viashino Branchrider_SB": 3274, "Firebrand Archer_SB": 1046, "Twin Bolt_SB": 3117, "Rumbling Rockslide_SB": 2419, "Skyraker Giant_SB": 2632, "Breaching Dragonstorm_SB": 333, "Drakuseth, Maw of Flames_SB": 786, "Ticket Booth // Tunnel of Hate_SB": 3037, "All-Out Assault": 50, "Inevitable Defeat": 1464, "Neriv, Heart of the Storm": 1955, "Zurgo, Thunder's Decree": 3442, "Inevitable Defeat_SB": 1465, "Thunder of Unity_SB": 3029, "Windcrag Siege_SB": 3380, "Zurgo's Vanguard": 3441, "Duty Beyond Death": 817, "Kheru Goldkeeper": 1607, "Ambling Stormshell": 55, "Bedrock Tortoise": 210, "Ainok Wayfarer": 37, "Overwhelming Surge": 2074, "Stern Lesson_SB": 2765, "Rabid Bite": 2225, "Polliwallop": 2158, "Felothar, Dawn of the Abzan": 1024, "Channeled Dragonfire_SB": 474, "Corroding Dragonstorm_SB": 574, "Oracle of Tragedy_SB": 2034, "Mardu Siegebreaker": 1806, "Floriferous Vinewall": 1071, "Combat Courier": 538, "Clarion Conquerer_SB": 506, "Commune with Nature": 544, "Coordinated Clobbering": 561, "Take the Fall_SB": 2866, "Serum Snare_SB": 2547, "Infectious Bite_SB": 1467, "Stasis Snare": 2750, "Itzquinth, Firstborn of Gishath_SB": 1530, "Break the Spell": 337, "Treacherous Greed": 3094, "Intrepid Stablemaster": 1500, "Guardian Sunmare": 1289, "Skyserpent Seeker_SB": 2635, "Twitching Doll_SB": 3130, "Under the Skin_SB": 3156, "Tomb Trawler": 3068, "Hurkyl, Master Wizard_SB": 1440, "Moment of Truth_SB": 1897, "Helping Hand_SB": 1369, "Adarkar Wastes_SB": 18, "Floodfarm Verge_SB": 1068, "Meticulous Archive_SB": 1840, "Seachrome Coast_SB": 2509, "Take Out the Trash_SB": 2863, "Runescale Stormbrood": 2425, "Clay Champion": 510, "Nesting Bot_SB": 1957, "Herd Heirloom_SB": 1377, "Taurean Mauler": 2877, "Restricted Office // Lecture Hall_SB": 2359, "Twinmaw Stormbrood_SB": 3124, "Watcher of the Wayside": 3350, "Monastery Messenger": 1902, "Dragonfire Blade": 778, "Bovine Intervention": 312, "Purging Stormbrood_SB": 2204, "Anafenza, Unyielding Lineage": 61, "Windcrag Siege": 3379, "Fires of Victory_SB": 1049, "Clarion Conqueror // Clarion Conqueror_SB": 507, "Ghostly Dancers_SB": 1175, "Terror of the Peaks_SB": 2909, "Calamity, Galloping Inferno_SB": 392, "Shocking Sharpshooter": 2579, "Pyrrhic Blast": 2212, "Melek, Reforged Researcher": 1827, "Vampiric Rites_SB": 3248, "Fear of Lost Teeth_SB": 994, "Bloodghast_SB": 260, "Vampire Gourmand_SB": 3243, "Convenient Target_SB": 559, "Heliod, the Radiant Dawn_SB": 1362, "Unscrupulous Contractor": 3184, "The Sibsig Ceremony": 2962, "Gearbane Orangutan_SB": 1149, "Osseous Exhale": 2040, "Frostcliff Siege_SB": 1113, "Spring Splasher": 2728, "Shock Brigade": 2577, "Norn's Wellspring": 1987, "Case of the Uneaten Feast_SB": 431, "Return Triumphant_SB": 2361, "Three Blind Mice_SB": 3012, "Narset, Jeskai Waymaster": 1945, "Annihilating Glare_SB": 84}}