{"vocabulary": {"Emberheart Challenger": 855, "Heartfire Hero": 1333, "Hired Claw": 1391, "Lightning Strike": 1683, "Manifold Mouse": 1778, "Monastery Swiftspear": 1884, "Monstrous Rage": 1889, "Mountain": 1902, "Rockface Village": 2366, "Screaming Nemesis": 2474, "Shock": 2549, "Witchstalker Frenzy": 3355, "Lithomantic Barrage_SB": 1696, "Obliterating Bolt_SB": 1982, "Torch the Tower_SB": 3040, "Twisted Fealty_SB": 3094, "Urabrask's Forge_SB": 3169, "Witchstalker Frenzy_SB": 3356, "Adarkar Wastes": 17, "Cavern of Souls": 441, "Enduring Curiosity": 863, "Enduring Innocence": 865, "Entity Tracker": 880, "Ethereal Armor": 906, "Floodfarm Verge": 1055, "Inquisitive Glimmer": 1459, "Island": 1510, "No More Lies": 1957, "Optimistic Scavenger": 2008, "Plains": 2124, "Proft's Eidetic Memory": 2163, "Restless Anchorage": 2316, "Seachrome Coast": 2481, "Sheltered by Ghosts": 2533, "Silent Hallcreeper": 2568, "Destroy Evil_SB": 700, "Disdainful Stroke_SB": 716, "Gremlin Tamer_SB": 1260, "Negate_SB": 1933, "Ossification_SB": 2020, "Rest in Peace_SB": 2315, "Copperline Gorge": 558, "Innkeeper's Talent": 1456, "Karplusan Forest": 1562, "Might of the Meek": 1830, "Questing Druid": 2193, "Restless Ridgeline": 2326, "Slickshot Show-Off": 2621, "Snakeskin Veil": 2629, "Thornspire Verge": 2960, "Lightning Strike_SB": 1684, "Pawpatch Formation_SB": 2072, "Questing Druid_SB": 2194, "Scorching Shot_SB": 2465, "Screaming Nemesis_SB": 2475, "Snakeskin Veil_SB": 2630, "Demolition Field": 680, "Spellbook Vendor": 2673, "Stenn, Paranoid Partisan": 2734, "Loran of the Third Path_SB": 1721, "Anoint with Affliction": 84, "Blooming Marsh": 268, "Cut Down": 614, "Deadly Cover-Up": 643, "Duress": 799, "Forest": 1075, "Fountainport": 1087, "Gix's Command": 1180, "Glissa Sunslayer": 1202, "Go for the Throat": 1212, "Harvester of Misery": 1312, "Llanowar Wastes": 1706, "Outrageous Robbery": 2029, "Overlord of the Hauntwoods": 2041, "Pillage the Bog": 2117, "Restless Cottage": 2320, "Sheoldred, the Apocalypse": 2538, "Sunken Citadel": 2787, "Swamp": 2810, "Tear Asunder": 2849, "Underground Mortuary": 3125, "Up the Beanstalk": 3165, "Virtue of Persistence": 3255, "Aclazotz, Deepest Betrayal_SB": 14, "Blot Out_SB": 273, "Breach the Multiverse_SB": 327, "Cruelclaw's Heist_SB": 591, "Cut Down_SB": 615, "Deep-Cavern Bat_SB": 661, "Duress_SB": 800, "Ghost Vacuum_SB": 1159, "Nissa, Ascended Animist_SB": 1954, "Outrageous Robbery_SB": 2030, "Tear Asunder_SB": 2850, "The End_SB": 2896, "Tranquil Frillback_SB": 3055, "Audacity": 149, "Botanical Sanctum": 301, "Brushland": 360, "Calix, Guided by Fate": 388, "Razorverge Thicket": 2254, "Royal Treatment": 2385, "Shardmage's Rescue": 2528, "Valgavoth's Lair": 3190, "Yavimaya Coast": 3376, "Elspeth's Smite_SB": 845, "Get Lost_SB": 1144, "Shardmage's Rescue_SB": 2529, "Pawpatch Recruit": 2073, "Case of the Crimson Pulse_SB": 415, "Pick Your Poison_SB": 2109, "Sword of Once and Future_SB": 2821, "Aclazotz, Deepest Betrayal": 13, "Beza, the Bounding Spring": 216, "Caves of Koilos": 444, "Concealed Courtyard": 537, "Deep-Cavern Bat": 660, "Get Lost": 1143, "Legions to Ashes": 1658, "Liliana of the Veil": 1687, "Restless Fortress": 2322, "Shadowy Backstreet": 2526, "Temporary Lockdown": 2868, "Kaya, Intangible Slayer_SB": 1566, "Legions to Ashes_SB": 1659, "Liliana of the Veil_SB": 1688, "Sunfall_SB": 2785, "Zoraline, Cosmos Caller_SB": 3397, "Darkslick Shores": 624, "Ertai Resurrected": 889, "Faerie Mastermind": 950, "Gloomlake Verge": 1206, "Kaito, Bane of Nightmares": 1547, "Phantom Interference": 2089, "Preacher of the Schism": 2150, "Restless Reef": 2324, "Spyglass Siren": 2703, "Three Steps Ahead": 2982, "Underground River": 3126, "Dreams of Steel and Oil_SB": 786, "Gix's Command_SB": 1181, "Malicious Eclipse_SB": 1774, "Sheoldred, the Apocalypse_SB": 2539, "Tishana's Tidebinder_SB": 3018, "Anoint with Affliction_SB": 85, "Fae Flight": 943, "Gremlin Tamer": 1259, "Ossification": 2019, "Exorcise_SB": 916, "Koth, Fire of Resistance_SB": 1621, "Sunspine Lynx_SB": 2793, "Archfiend of the Dross": 107, "Caustic Bronco": 435, "Dreams of Steel and Oil": 785, "Mosswood Dreadknight": 1900, "Sentinel of the Nameless City": 2514, "Tranquil Frillback": 3054, "Unholy Annex && Ritual Chamber": 3135, "Choking Miasma_SB": 482, "Harvester of Misery_SB": 1313, "Floodpits Drowner": 1057, "Mockingbird": 1864, "Tishana's Tidebinder": 3017, "Unstoppable Slasher": 3156, "Sheoldred's Edict_SB": 2537, "Unholy Annex && Ritual Chamber_SB": 3136, "Break Out": 331, "Cankerbloom": 398, "Cenote Scout": 449, "Fear of Missing Out": 984, "Keen-Eyed Curator": 1572, "Obliterating Bolt": 1981, "Patchwork Beastie": 2070, "Seed of Hope": 2502, "Violent Urge": 3246, "Wildfire Wickerfolk": 3336, "Wrenn and Realmbreaker": 3367, "Haywire Mite_SB": 1324, "Analyze the Pollen": 61, "Bushwhack": 378, "Enduring Vitality": 869, "Into the Flood Maw": 1477, "Pawpatch Formation": 2071, "Scorching Dragonfire": 2462, "Sleight of Hand": 2616, "Song of Totentanz": 2638, "Spirebluff Canal": 2688, "Stormchaser's Talent": 2755, "This Town Ain't Big Enough": 2954, "Thundertrap Trainer": 3003, "Torch the Tower": 3039, "Valley Floodcaller": 3198, "Abrade_SB": 4, "Dissection Tools_SB": 729, "Pyroclasm_SB": 2186, "Up the Beanstalk_SB": 3166, "Fabled Passage": 940, "Faerie Dreamthief": 947, "Gix, Yawgmoth Praetor": 1182, "Undercity Sewers": 3124, "Neutralize the Guards_SB": 1940, "Shoot the Sheriff_SB": 2553, "Battlefield Forge": 198, "Demonic Ruckus": 688, "Feather of Flight": 991, "Inspiring Vantage": 1471, "Lightning Helix_SB": 1682, "Bitter Triumph": 227, "Mirrex": 1844, "Withering Torment_SB": 3358, "Bloodletter of Aclazotz": 258, "Blot Out": 272, "Bloodletter of Aclazotz_SB": 259, "Azure Beastbinder": 167, "Drannith Ruins": 779, "Shoot the Sheriff": 2552, "Disfigure_SB": 720, "Nowhere to Run_SB": 1972, "Arabella, Abandoned Doll": 89, "Case of the Gateway Express": 417, "Clockwork Percussionist": 508, "Gleeful Demolition": 1197, "Imodane's Recruiter": 1436, "Knight-Errant of Eos": 1608, "Novice Inspector": 1970, "Resolute Reinforcements": 2309, "Shivan Reef": 2548, "Warden of the Inner Sky": 3302, "Protect the Negotiators_SB": 2173, "Sheltered by Ghosts_SB": 2534, "Innkeeper's Talent_SB": 1457, "Turn Inside Out": 3083, "Doomsday Excruciator": 748, "Impulse": 1443, "Jace, the Perfected Mind": 1522, "Quick Study": 2196, "Chrome Host Seedshark_SB": 484, "Spell Stutter_SB": 2672, "Sheoldred's Edict": 2536, "Hedge Maze": 1342, "Herd Migration": 1361, "Hushwood Verge": 1424, "Leyline Binding": 1666, "Lush Portico": 1743, "Meticulous Archive": 1821, "Overlord of the Floodpits": 2039, "Overlord of the Mistmoors": 2043, "Scrollshift": 2476, "Split Up": 2694, "Sunfall": 2784, "Zur, Eternal Schemer": 3400, "Beza, the Bounding Spring_SB": 217, "Not on My Watch_SB": 1969, "Temporary Lockdown_SB": 2869, "Betrayer's Bargain": 214, "Blackcleave Cliffs": 230, "Blazemire Verge": 239, "Braids, Arisen Nightmare": 312, "Corrupted Conviction": 567, "Disturbing Mirth": 735, "Fear of Lost Teeth": 983, "Final Vengeance": 1031, "Greedy Freebooter": 1254, "Restless Vents": 2330, "Spiteful Hexmage": 2690, "Sulfurous Springs": 2776, "Urabrask's Forge": 3168, "Braids, Arisen Nightmare_SB": 313, "Furnace Reins_SB": 1114, "The Witch's Vanity_SB": 2947, "Cache Grab": 380, "Eddymurk Crab": 823, "Get Out": 1145, "Monastery Mentor": 1882, "Tolarian Terror": 3032, "Ephara's Dispersal_SB": 883, "Ill-Timed Explosion_SB": 1434, "Mountain_SB": 1903, "Bitter Reunion": 225, "Roaring Furnace && Steaming Sauna": 2361, "Tarnation Vista": 2845, "Into the Flood Maw_SB": 1478, "Roaring Furnace && Steaming Sauna_SB": 2362, "Shock_SB": 2550, "Volcanic Spite_SB": 3273, "Render Inert_SB": 2300, "Decadent Dragon": 654, "Molten Collapse": 1869, "Piggy Bank": 2112, "Rakdos, Patron of Chaos": 2221, "Raucous Theater": 2245, "Kitnap_SB": 1599, "Soul Partition_SB": 2644, "Cruelclaw's Heist": 590, "Phyrexian Fleshgorger": 2100, "Glistening Deluge_SB": 1204, "Misery's Shadow_SB": 1852, "Not on My Watch": 1968, "Seized from Slumber": 2509, "Doppelgang_SB": 752, "Pugnacious Hammerskull_SB": 2179, "Torch the Witness_SB": 3042, "Freestrider Lookout": 1090, "Ghost Vacuum": 1158, "Gisa, the Hellraiser": 1175, "Iridescent Vinelasher": 1506, "Deadly Cover-Up_SB": 644, "Kaervek, the Punisher_SB": 1546, "Disfigure": 719, "Tectonic Hazard_SB": 2852, "Blue Sun's Twilight_SB": 275, "Artist's Talent": 127, "Brass's Tunnel-Grinder": 320, "Capricious Hellraiser": 401, "Chandra, Hope's Beacon": 459, "Fires of Victory": 1037, "Ill-Timed Explosion": 1433, "Moment of Truth": 1878, "Ral, Crackling Wit": 2227, "Season of Weaving": 2493, "Thundering Falls": 2999, "Betrayer's Bargain_SB": 215, "Brotherhood's End_SB": 358, "Ral, Crackling Wit_SB": 2228, "Soul-Guide Lantern_SB": 2649, "Virtue of Knowledge_SB": 3252, "The Cruelty of Gix_SB": 2891, "Fear of Isolation": 981, "Cacophony Scamp": 382, "Callous Sell-Sword": 391, "Cunning Coyote": 606, "Embereth Veteran": 854, "Hearth Elemental": 1338, "Mirran Banesplitter": 1843, "Painter's Studio && Defaced Gallery": 2059, "Phoenix Chick": 2093, "Wrenn's Resolve_SB": 3371, "Abhorrent Oculus": 1, "Chart a Course": 474, "Haughty Djinn": 1315, "Helping Hand": 1352, "Picklock Prankster": 2110, "Recommission": 2271, "Soul Partition": 2643, "Silent Hallcreeper_SB": 2569, "Restless Bivouac": 2318, "Thran Portal": 2974, "Archangel Elspeth": 99, "Caretaker's Talent": 407, "Carrot Cake": 412, "Lay Down Arms": 1648, "Loran of the Third Path": 1720, "Boon-Bringer Valkyrie_SB": 292, "Plumecreed Escort": 2130, "Virtue of Loyalty": 3253, "Painter's Studio && Defaced Gallery_SB": 2060, "Tail Swipe": 2831, "Virtue of Persistence_SB": 3256, "Split Up_SB": 2695, "Warden of the Inner Sky_SB": 3303, "Atraxa, Grand Unifier": 147, "Elspeth's Smite": 844, "Glarb, Calamity's Augur": 1188, "Cavern of Souls_SB": 442, "Glarb, Calamity's Augur_SB": 1189, "Rubblebelt Maverick": 2387, "Yavimaya Iconoclast": 3377, "Archangel of Wrath": 103, "Destroy Evil": 699, "Elegant Parlor": 836, "Exorcise": 915, "Lightning Helix": 1681, "Kambal, Profiteering Mayor_SB": 1555, "Lord Skitter, Sewer King": 1724, "Season of the Burrow": 2495, "Zoraline, Cosmos Caller": 3396, "Market Gnome": 1790, "Jace, the Perfected Mind_SB": 1523, "Scorching Shot": 2464, "Kaito, Bane of Nightmares_SB": 1548, "Nowhere to Run": 1971, "Monastery Mentor_SB": 1883, "Commercial District": 533, "Overlord of the Boilerbilges": 2037, "Unyielding Gatekeeper": 3164, "Etali, Primal Conqueror_SB": 902, "Wear Down_SB": 3319, "Planar Disruption_SB": 2127, "Metropolis Reformer_SB": 1825, "Scrollshift_SB": 2477, "Leyline of Resonance": 1669, "Overprotect_SB": 2046, "Warleader's Call": 3307, "Floodpits Drowner_SB": 1058, "Season of the Burrow_SB": 2496, "Faerie Mastermind_SB": 951, "Portent of Calamity": 2145, "Overlord of the Balemurk": 2035, "Twitching Doll": 3096, "The Swarmweaver": 2940, "The Eternal Wanderer": 2898, "The Irencrag": 2910, "Cease // Desist_SB": 446, "Pest Control_SB": 2086, "The Eternal Wanderer_SB": 2899, "Geological Appraiser": 1140, "Nissa, Ascended Animist": 1953, "Archangel of Wrath_SB": 104, "Kogla and Yidaro_SB": 1612, "Lukka, Bound to Ruin_SB": 1732, "Roxanne, Starfall Savant_SB": 2384, "Caustic Bronco_SB": 436, "Phyrexian Fleshgorger_SB": 2101, "Fallaji Archaeologist": 956, "Sorcerous Spyglass_SB": 2642, "Archfiend of the Dross_SB": 108, "Sandstorm Verge": 2427, "Spell Stutter": 2671, "Change the Equation": 465, "Bovine Intervention_SB": 309, "Change the Equation_SB": 466, "Pyroclasm": 2185, "Go for the Throat_SB": 1213, "Overlord of the Boilerbilges_SB": 2038, "Black Sun's Twilight": 229, "Corrupt": 566, "Haunted Mire": 1319, "Iridescent Vinelasher_SB": 1507, "Cheeky House-Mouse": 476, "Flowerfoot Swordmaster": 1064, "Loran's Escape": 1722, "Mabel, Heir to Cragflame": 1748, "Rabid Gnaw": 2201, "Valley Questcaller": 3201, "Nettle Guard_SB": 1938, "Seedglaive Mentor_SB": 2504, "Invasion of Ixalan": 1491, "Scorching Dragonfire_SB": 2463, "Overprotect": 2045, "Manifold Mouse_SB": 1779, "Aven Interrupter": 158, "Errant and Giada": 887, "Malcolm, Alluring Scoundrel": 1770, "Invasion of Gobakhan_SB": 1490, "Kutzil's Flanker_SB": 1632, "Werefox Bodyguard_SB": 3325, "Mishra's Foundry": 1855, "Deduce": 656, "Farsight Ritual": 965, "Malicious Eclipse": 1773, "Bristlebud Farmer_SB": 347, "Long Goodbye_SB": 1711, "Long Goodbye": 1710, "Lost in the Maze": 1728, "Subterranean Schooner": 2772, "Three Steps Ahead_SB": 2983, "Shore Up": 2554, "The Stone Brain_SB": 2938, "Founding the Third Path": 1084, "Negate": 1932, "Goddric, Cloaked Reveler": 1222, "Escape Tunnel": 893, "Rush of Dread": 2402, "Kaervek, the Punisher": 1545, "Dissection Tools": 728, "Unable to Scream": 3114, "Herbology Instructor_SB": 1359, "Unable to Scream_SB": 3115, "Valley Floodcaller_SB": 3199, "Overlord of the Mistmoors_SB": 2044, "Conduit Pylons": 538, "Hidden Grotto": 1374, "Phyrexian Arena": 2095, "Phyrexian Arena_SB": 2096, "Protect the Negotiators": 2172, "Splitskin Doll": 2696, "Ertai Resurrected_SB": 890, "Fortune, Loyal Steed": 1083, "Frontier Seeker": 1098, "Sunder the Gateway_SB": 2783, "Parting Gust": 2067, "Serra Paragon_SB": 2518, "Unholy Annex // Ritual Chamber": 3137, "Great Train Heist_SB": 1251, "Sanguine Evangelist": 2428, "Season of Weaving_SB": 2494, "Corpses of the Lost": 562, "Hopeless Nightmare": 1405, "Razortrap Gorge": 2253, "Bristling Backwoods": 348, "Rugged Highlands": 2389, "Jaya, Fiery Negotiator_SB": 1527, "Case of the Stashed Skeleton": 423, "Forsaken Miner": 1080, "Tinybones Joins Up": 3010, "Tinybones, the Pickpocket": 3014, "Day of Judgment": 633, "Maelstrom Pulse": 1752, "Authority of the Consuls_SB": 156, "Devout Decree_SB": 707, "Flashfreeze_SB": 1047, "Evangel of Synthesis": 909, "Steamcore Scholar": 2728, "Valgavoth's Faithful": 3189, "Valgavoth, Terror Eater": 3193, "Zombify": 3394, "Desecration Demon_SB": 693, "Wail of the Forgotten_SB": 3296, "Gix, Yawgmoth Praetor_SB": 1183, "Calamity, Galloping Inferno": 387, "Llanowar Elves": 1701, "Outcaster Trailblazer": 2025, "Roxanne, Starfall Savant": 2383, "Smuggler's Surprise": 2627, "Spinewoods Armadillo": 2683, "Trumpeting Carnosaur": 3076, "Vaultborn Tyrant": 3218, "No One Left Behind": 1959, "Unstoppable Slasher_SB": 3157, "Scavenging Ooze": 2459, "Vivien Reid": 3261, "Liliana, Dreadhorde General_SB": 1690, "Maelstrom Pulse_SB": 1753, "Basilisk Collar_SB": 195, "Heroic Reinforcements": 1368, "No More Lies_SB": 1958, "Burst Lightning": 376, "Soulstone Sanctuary": 2656, "Scavenging Ooze_SB": 2460, "Vivien Reid_SB": 3262, "Giant Growth": 1165, "Restless Ridgeline_SB": 2327, "Dreadmaw's Ire": 780, "Picnic Ruiner": 2111, "Witch's Mark_SB": 3353, "Beseech the Mirror": 211, "Phyrexian Obliterator": 2104, "Back for Seconds_SB": 170, "Case of the Stashed Skeleton_SB": 424, "Homicide Investigator_SB": 1400, "Leyline of the Void_SB": 1675, "Squee, Dubious Monarch": 2705, "Abyssal Harvester": 9, "Boros Charm": 294, "Fugitive Codebreaker": 1103, "Raucous Carnival": 2243, "Dewdrop Cure_SB": 709, "Fugitive Codebreaker_SB": 1104, "Requisition Raid_SB": 2308, "Sun-Blessed Healer": 2778, "Temple of Triumph": 2867, "Campus Renovation_SB": 394, "Twinferno": 3087, "Two-Headed Hunter": 3098, "Glimpse the Core": 1200, "Boltwave": 279, "Mazemind Tome": 1803, "Splitskin Doll_SB": 2697, "Crystal Barricade_SB": 602, "Clement, the Worrywort": 505, "Pond Prophet": 2140, "Dour Port-Mage": 755, "Long River Lurker": 1712, "Dreamdew Entrancer": 783, "Mistbreath Elder": 1857, "Sunshower Druid": 2790, "Splash Portal": 2692, "Valley Mightcaller": 3200, "Three Tree Scribe": 2986, "Oakhollow Village": 1978, "Lilypad Village": 1691, "Virtue of Courage": 3249, "Heartflame Duelist_SB": 1337, "Slagstorm_SB": 2611, "Kellan, Planar Trailblazer": 1582, "Bloodthirsty Conqueror_SB": 263, "Archangel Elspeth_SB": 100, "Kiora, the Rising Tide": 1593, "Unsummon": 3158, "Aetherize_SB": 26, "Elesh Norn, Mother of Machines": 841, "Aftermath Analyst": 28, "Mudflat Village": 1907, "Pitiless Carnage": 2121, "Spelunking": 2676, "Evolving Wilds": 912, "Nissa, Resurgent Animist": 1955, "Lumra, Bellow of the Woods": 1737, "Glissa Sunslayer_SB": 1203, "Brotherhood's End": 357, "Demonic Pact": 686, "Harmless Offering": 1307, "Feed the Swarm_SB": 999, "Hostile Investigator_SB": 1412, "Torpor Orb_SB": 3045, "Loot, Exuberant Explorer": 1716, "Felidar Retreat": 1005, "Arid Archway": 118, "Mossborn Hydra": 1898, "Herald of Eternal Dawn": 1354, "Demolition Field_SB": 681, "Giant Cindermaw_SB": 1164, "Roaring Furnace // Steaming Sauna": 2363, "Bandit's Talent": 180, "Nurturing Pixie": 1974, "Tithing Blade": 3023, "Fade from History_SB": 942, "Kaito, Cunning Infiltrator": 1549, "Sphinx of Forgotten Lore": 2677, "Feldon's Cane_SB": 1001, "Reclamation Sage_SB": 2270, "Elenda, Saint of Dusk_SB": 839, "Dead Weight": 638, "Gixian Puppeteer": 1185, "Gnawing Vermin": 1210, "Invasion of Amonkhet": 1484, "Kitesail Larcenist": 1597, "Revenge of the Rats": 2336, "Terror Ballista": 2876, "The Ancient One": 2888, "Wail of the Forgotten": 3295, "Razorlash Transmogrant_SB": 2252, "Ghitu Lavarunner": 1156, "Heartflame Duelist": 1336, "Viashino Pyromancer": 3239, "Spinner of Souls": 2686, "Pitiless Carnage_SB": 2122, "Not Dead After All_SB": 1967, "Unholy Annex // Ritual Chamber_SB": 3138, "Case of the Crimson Pulse": 414, "Thrill of Possibility": 2989, "Artist's Talent_SB": 128, "Blooming Blast_SB": 267, "Djeru and Hazoret": 742, "Elenda, Saint of Dusk": 838, "Garna, Bloodfist of Keld": 1125, "Hajar, Loyal Bodyguard": 1285, "Honest Rutstein": 1401, "Inti, Seneschal of the Sun": 1473, "Jodah, the Unifier": 1534, "Kellan, Daring Traveler": 1579, "Kellan, the Kid": 1585, "Plaza of Heroes": 2129, "Relic of Legends": 2293, "Rona, Herald of Invasion": 2377, "Secluded Courtyard": 2500, "Sigarda, Font of Blessings": 2566, "Jirina, Dauntless General_SB": 1533, "Spectral Sailor": 2667, "Opt": 2006, "Azure Beastbinder_SB": 168, "Plumecreed Escort_SB": 2131, "Shore Up_SB": 2555, "Untimely Malfunction_SB": 3161, "Ethereal Armor_SB": 907, "Bloodthirsty Conqueror": 262, "Enduring Tenacity": 867, "Abyssal Harvester_SB": 10, "Doorkeeper Thrull_SB": 750, "Cathar Commando": 430, "Knight of Grace": 1606, "Ajani, Caller of the Pride_SB": 40, "Bloodfeather Phoenix": 254, "Stoke the Flames": 2748, "Ball Lightning": 174, "Abraded Bluffs": 5, "Grab the Prize": 1235, "Lyra Dawnbringer_SB": 1745, "Virtue of Courage_SB": 3250, "Assassin's Trophy": 138, "Temple of Malady": 2862, "Rottenmouth Viper": 2381, "Painter's Studio // Defaced Gallery": 2061, "Painter's Studio // Defaced Gallery_SB": 2062, "White Sun's Twilight": 3329, "Heaped Harvest": 1332, "Hero's Downfall": 1365, "Kaya, Intangible Slayer": 1565, "Liliana, Dreadhorde General": 1689, "Temple of Plenty": 2865, "Temple of Silence": 2866, "Mortify_SB": 1897, "White Sun's Twilight_SB": 3330, "Combat Research": 531, "Faebloom Trick": 945, "Fear of Impostors": 977, "Haughty Djinn_SB": 1316, "Brineborn Cutthroat_SB": 342, "Horned Loch-Whale_SB": 1408, "Flow of Knowledge_SB": 1063, "Ertai's Scorn_SB": 892, "Urza's Rebuff_SB": 3182, "Case of the Uneaten Feast": 425, "Fiendish Panda": 1021, "Hinterland Sanctifier": 1389, "Exemplar of Light": 913, "Authority of the Consuls": 155, "Amalia Benavides Aguirre": 53, "Kaito, Cunning Infiltrator_SB": 1550, "Preacher of the Schism_SB": 2151, "Say Its Name": 2444, "Altanak, the Thrice-Called": 52, "Brineborn Cutthroat": 341, "Razorkin Needlehead_SB": 2250, "Horned Loch-Whale": 1407, "Felonious Rage": 1011, "Withering Torment": 3357, "Bitter Triumph_SB": 228, "Desecration Demon": 692, "Overlord of the Floodpits_SB": 2040, "Lay Down Arms_SB": 1649, "Undergrowth Recon": 3128, "Walk-In Closet // Forgotten Cellar": 3298, "Fireglass Mentor": 1036, "Flamecache Gecko": 1041, "Gev, Scaled Scorch": 1149, "Laughing Jasper Flint": 1643, "Thought-Stalker Warlock": 2965, "Valley Flamecaller": 3197, "Joust Through_SB": 1541, "Terror of the Peaks": 2879, "Invasion of Zendikar": 1501, "Chimil, the Inner Sun_SB": 479, "Thrun, Breaker of Silence_SB": 2995, "Obstinate Baloth_SB": 1986, "Urborg Scavengers_SB": 3174, "Sheoldred_SB": 2540, "Vraska, Betrayal's Sting_SB": 3291, "Pilfer_SB": 2116, "Serra Paragon": 2517, "Annex Sentry_SB": 78, "Gatekeeper of Malakir": 1135, "Vampire Nighthawk": 3209, "Kalastria Highborn": 1553, "Ichor Drinker": 1429, "Driver of the Dead": 789, "Nullpriest of Oblivion": 1973, "Pulse Tracker": 2180, "Infestation Sage": 1453, "Vengeful Bloodwitch": 3225, "The Wandering Rescuer": 2944, "Lost Jitte": 1726, "Twinflame Tyrant": 3089, "Invasion of Tarkir": 1497, "Carnelian Orb of Dragonkind": 409, "Stingerback Terror": 2740, "Sarkhan, Soul Aflame": 2435, "An Offer You Can't Refuse": 59, "Slagstorm": 2610, "An Offer You Can't Refuse_SB": 60, "Omniscience": 2002, "The Cruelty of Gix": 2890, "Squirming Emergence": 2707, "Drag to the Roots_SB": 763, "Unwanted Remake_SB": 3163, "Cynical Loner": 617, "The Infamous Cruelclaw": 2908, "Etali, Primal Conqueror": 901, "Coiling Rebirth": 514, "Push // Pull": 2181, "The Infamous Cruelclaw_SB": 2909, "Overlord of the Balemurk_SB": 2036, "Boros Charm_SB": 295, "Rankle's Prank": 2236, "Greed's Gambit": 1252, "Molten Collapse_SB": 1870, "Sire of Seven Deaths_SB": 2582, "Trapped in the Screen_SB": 3059, "Feed the Cycle": 995, "Scavenger's Talent": 2458, "Llanowar Greenwidow": 1703, "Dragonhawk, Fate's Tempest": 769, "Zurgo and Ojutai": 3401, "Elesh Norn, Mother of Machines_SB": 842, "Final Showdown_SB": 1030, "Subterranean Schooner_SB": 2773, "Vraska, Betrayal's Sting": 3290, "Pillage the Bog_SB": 2118, "Disenchant_SB": 718, "Worldsoul's Rage": 3363, "Virtue of Strength": 3257, "War Squeak": 3300, "Hero's Downfall_SB": 1366, "Buried in the Garden": 369, "Clifftop Lookout": 506, "Fecund Greenshell": 993, "Genesis Wave": 1139, "Tender Wildguide": 2872, "Unwanted Remake": 3162, "Refute": 2283, "Curator of Destinies_SB": 609, "Day of Judgment_SB": 634, "High Noon_SB": 1384, "Builder's Talent": 363, "Green Sun's Twilight": 1255, "Lukka, Bound to Ruin": 1731, "Ashroot Animist": 135, "Polukranos Reborn": 2138, "Ruby, Daring Tracker": 2388, "Hard-Hitting Question_SB": 1304, "Muerra, Trash Tactician_SB": 1909, "Urgent Necropsy_SB": 3179, "Soulless Jailer_SB": 2653, "Surge of Salvation_SB": 2799, "Tyrranax Rex_SB": 3104, "Roaring Furnace // Steaming Sauna_SB": 2364, "Hunter's Talent": 1420, "Imodane's Recruiter_SB": 1437, "Barbed Batterfist": 187, "Bloodfeather Phoenix_SB": 255, "Koma, World-Eater": 1616, "The Elder Dragon War": 2893, "Valgavoth, Terror Eater_SB": 3194, "Agatha's Soul Cauldron": 32, "Arcanis the Omnipotent": 97, "Primal Might": 2154, "Enduring Curiosity_SB": 864, "Luminous Rebuke": 1735, "Steel Seraph": 2732, "Cathar Commando_SB": 431, "Case of the Filched Falcon": 416, "Regal Bunnicorn": 2285, "Unidentified Hovership": 3139, "Zoetic Glyph": 3392, "Fear of Impostors_SB": 978, "Smash to Dust_SB": 2624, "Aloe Alchemist": 51, "Ferocification_SB": 1015, "Audacity_SB": 150, "Cease // Desist": 445, "Demand Answers": 679, "Stormsplitter": 2760, "Lord Skitter, Sewer King_SB": 1725, "Starfall Invocation": 2716, "Sleep-Cursed Faerie": 2615, "Tough Cookie": 3046, "Gingerbrute": 1173, "Surge Engine": 2796, "Teething Wurmlet": 2853, "Hard-Hitting Question": 1303, "Restless Vinestalk": 2332, "Tyvar's Stand_SB": 3107, "Repulsive Mutation_SB": 2305, "Toby, Beastie Befriender": 3026, "Long River's Pull": 1713, "Starscape Cleric": 2718, "Bladecoil Serpent_SB": 232, "Darkstar Augur_SB": 626, "Tinybones, Bauble Burglar": 3012, "Sphinx of Forgotten Lore_SB": 2678, "Ashnod's Intervention": 134, "Abrade": 3, "Tyvar, the Pummeler": 3109, "Surrak, the Hunt Caller": 2809, "Wildborn Preserver_SB": 3334, "Tail Swipe_SB": 2832, "Regal Caracal": 2287, "Vengeful Possession_SB": 3227, "Witch's Mark": 3352, "Stromkirk Noble": 2769, "Searslicer Goblin": 2487, "Coppercoat Vanguard": 556, "Reclamation Sage": 2269, "Case of the Locked Hothouse_SB": 420, "Surge of Salvation": 2798, "Thrun, Breaker of Silence": 2994, "Ajani's Pridemate": 38, "Arahbo, the First Fang": 92, "Banishing Light": 182, "Joust Through": 1540, "Prideful Parent": 2153, "Savannah Lions": 2438, "Skyknight Squire": 2603, "Banishing Light_SB": 183, "Claws Out_SB": 502, "Raise the Past_SB": 2217, "Sentinel of the Nameless City_SB": 2515, "Grand Entryway // Elegant Rotunda": 1242, "Getaway Glamer": 1147, "Sharp-Eyed Rookie": 2530, "Moment of Craving_SB": 1876, "Rite of the Moth": 2350, "Yotian Frontliner": 3381, "Cityscape Leveler": 492, "Sire of Seven Deaths": 2581, "Anim Pakal, Thousandth Moon": 73, "Jirina, Dauntless General": 1532, "Recruitment Officer": 2273, "Deathmark_SB": 651, "Knight of Grace_SB": 1607, "Insidious Roots": 1465, "Kami of Whispered Hopes": 1556, "Kitsa, Otterball Elite": 1600, "Lively Dirge": 1698, "Osteomancer Adept": 2021, "Skyfisher Spider": 2601, "Tyvar, Jubilant Brawler": 3108, "Voldaren Thrillseeker": 3275, "Arcanis the Omnipotent_SB": 98, "Feed the Cycle_SB": 996, "Insidious Fungus_SB": 1464, "Stab_SB": 2709, "Enduring Innocence_SB": 866, "Ruin-Lurker Bat": 2390, "Healer's Hawk": 1331, "Dazzling Denial": 636, "Empyrean Eagle": 857, "Lupinflower Village": 1741, "Coruscation Mage": 570, "Firebrand Archer": 1034, "Blooming Blast": 266, "Temple of Deceit": 2859, "Requisition Raid": 2307, "Doubling Season": 753, "Bloated Contaminator": 248, "Elusive Otter": 848, "Ivy, Gleeful Spellthief": 1514, "Jawbone Duelist": 1525, "Skrelv, Defector Mite": 2591, "Venerated Rotpriest": 3223, "Skrelv's Hive": 2589, "Aspirant's Ascent": 136, "Bring the Ending": 343, "Fleeting Reflection": 1051, "High Stride": 1385, "Prologue to Phyresis": 2168, "Enter the Enigma": 878, "Crawling Chorus": 586, "Infectious Bite": 1449, "Distorted Curiosity": 730, "Bring the Ending_SB": 344, "Prologue to Phyresis_SB": 2169, "Skrelv's Hive_SB": 2590, "This Town Ain't Big Enough_SB": 2955, "Distorted Curiosity_SB": 731, "Aspirant's Ascent_SB": 137, "High Stride_SB": 1386, "Fleeting Reflection_SB": 1052, "Enter the Enigma_SB": 879, "Elusive Otter_SB": 849, "Elegant Parlor_SB": 837, "Pawpatch Recruit_SB": 2074, "Deeproot Wayfinder": 664, "Fountainport_SB": 1089, "Restless Cottage_SB": 2321, "Scrapshooter": 2468, "Witness Protection_SB": 3360, "Resplendent Angel": 2311, "Youthful Valkyrie": 3382, "Giada, Font of Hope": 1161, "Boon-Bringer Valkyrie": 291, "Lyra Dawnbringer": 1744, "Guardian of Ghirapur": 1275, "Archangel of Tithes": 101, "Invasion of Regatha": 1495, "Witness Protection": 3359, "Calamity's Wake_SB": 386, "Assimilation Aegis": 140, "Braided Net": 310, "Fabrication Foundry": 941, "Fomori Vault": 1068, "Fumigate": 1106, "Simulacrum Synthesizer": 2577, "The Mightstone and Weakstone": 2919, "Thran Spider": 2975, "Unstable Glyphbridge": 3153, "Hammerhand": 1295, "Sawblade Scamp": 2441, "Essence Channeler": 896, "Unsummon_SB": 3159, "Ephara's Dispersal": 882, "Citanul Stalwart": 491, "Dwynen's Elite": 811, "Elvish Archdruid": 850, "Imperious Perfect": 1440, "Leaf-Crowned Visionary": 1651, "Llanowar Loamspeaker": 1704, "Surrak and Goreclaw": 2805, "Three Tree City": 2984, "Tyvar the Bellicose": 3105, "Dwynen, Gilt-Leaf Daen_SB": 813, "Knight of Dawn's Light": 1602, "Raise the Past": 2216, "Elas il-Kor, Sadistic Pilgrim": 831, "Helpful Hunter": 1351, "Leyline of Hope_SB": 1668, "Enduring Tenacity_SB": 868, "Burst Lightning_SB": 377, "Invasion of Tarkir_SB": 1498, "Massacre Wurm_SB": 1798, "Hearthborn Battler": 1340, "Glass Casket": 1190, "Chupacabra Echo": 485, "Razorlash Transmogrant": 2251, "Huskburster Swarm_SB": 1426, "Season of Loss_SB": 2492, "Terror Tide_SB": 2878, "Runic Shot_SB": 2400, "Vampire Nighthawk_SB": 3210, "Basilisk Collar": 194, "Prophetic Prism": 2171, "Eaten Alive": 819, "Souls of the Lost": 2654, "Rottenmouth Viper_SB": 2382, "Hop to It": 1402, "Ratcatcher Trainee": 2241, "Midnight Mayhem": 1828, "Scytheclaw Raptor_SB": 2480, "Norn's Inquisitor": 1965, "Dusk Rose Reliquary": 802, "Spring-Loaded Sawblades": 2700, "Guardian of the Great Door": 1277, "Lonely Arroyo": 1709, "Abandoned Campground": 0, "Impact Tremors": 1438, "Electrostatic Infantry": 835, "Reckless Lackey": 2266, "Kindlespark Duo": 1591, "Rodeo Pyromancers": 2369, "The Autonomous Furnace": 2889, "Ral's Reinforcements": 2226, "Skewer Slinger_SB": 2584, "Deadeye Duelist_SB": 640, "Thunder Salvo_SB": 2996, "Wrenn's Resolve": 3370, "Khenra Spellspear": 1589, "Fear of Being Hunted": 973, "Frenzied Goblin_SB": 1093, "Vile Mutilator": 3243, "Shroudstomper": 2562, "Gloomfang Mauler": 1205, "Possessed Goat": 2146, "Live or Die": 1697, "Commune with Evil": 534, "Scoured Barrens": 2467, "Tocasia's Dig Site": 3028, "Magebane Lizard_SB": 1757, "Defiled Crypt // Cadaver Lab": 673, "Coati Scavenger": 512, "Blanchwood Prowler": 234, "Cult Conscript": 604, "Osseous Sticktwister": 2018, "Drag to the Roots": 762, "Jungle Hollow": 1544, "Deadly Brew": 641, "Strangled Cemetery": 2761, "Thornwood Falls": 2962, "Confounding Riddle": 541, "Monstrous Emergence_SB": 1888, "Maze's End": 1801, "Expedition Map": 917, "Orzhov Guildgate": 2017, "Rakdos Guildgate": 2218, "Selesnya Guildgate": 2511, "Simic Guildgate": 2576, "Izzet Guildgate": 1518, "Azorius Guildgate": 166, "Boros Guildgate": 297, "Dimir Guildgate": 712, "Golgari Guildgate": 1229, "Gruul Guildgate": 1271, "Circuitous Route": 490, "Beanstalk Wurm": 202, "Urborg Repossession": 3171, "Insidious Fungus": 1463, "Muldrotha, the Gravetide": 1910, "Tatyova, Benthic Druid": 2847, "Savor_SB": 2440, "Atraxa's Fall_SB": 146, "Desperate Bloodseeker_SB": 696, "Brightblade Stoat_SB": 338, "Ravine Raider": 2247, "Agate-Blade Assassin": 30, "Scales of Shale": 2450, "Jagged Barrens": 1524, "Outlaws' Fury": 2027, "Bake into a Pie_SB": 172, "Hazardous Blast_SB": 1325, "Turn Inside Out_SB": 3084, "Agate Assault_SB": 29, "Norin, Swift Survivalist": 1963, "Vicious Clown": 3241, "Irreverent Gremlin": 1509, "Goblin Surprise": 1221, "Wind-Scarred Crag": 3341, "Elesh Norn": 840, "Dewdrop Cure": 708, "Krenko, Mob Boss": 1627, "Involuntary Employment_SB": 1505, "Union of the Third Path": 3141, "Teferi, Temporal Pilgrim": 2854, "Portal to Phyrexia": 2144, "Flow of Knowledge": 1062, "Soul-Guide Lantern": 2648, "Essence Scatter": 898, "Idyllic Beachfront": 1432, "Contaminated Aquifer": 550, "Terramorphic Expanse": 2875, "Vanish into Eternity": 3213, "Marauding Brinefang": 1784, "Deadly Riposte_SB": 646, "Vanish into Eternity_SB": 3214, "Coppercoat Vanguard_SB": 557, "Garna, Bloodfist of Keld_SB": 1126, "Ozolith, the Shattered Spire": 2055, "Snarling Gorehound": 2632, "Ambush Wolf_SB": 56, "Dead Weight_SB": 639, "Fog of War_SB": 1067, "Voracious Varmint_SB": 3281, "Hidetsugu's Second Rite": 1381, "Ghitu Lavarunner_SB": 1157, "Boulderbranch Golem": 306, "Fierce Empath": 1023, "Galewind Moose": 1119, "Gossip's Talent": 1234, "Gruff Triplets": 1270, "Lush Oasis": 1742, "Mirage Mesa": 1841, "Outcaster Greenblade": 2024, "Tyrranax Rex": 3103, "Sunshower Druid_SB": 2791, "Patchwork Banner": 2069, "Etched Cornfield": 904, "Hare Apparent": 1306, "Banner of Kinship": 184, "Kayla's Reconstruction": 1570, "Baylen, the Haymaker": 200, "Blossoming Sands": 270, "Hinterland Sanctifier_SB": 1390, "Dragon Fodder": 764, "Enduring Courage": 861, "Dollmaker's Shop // Porcelain Gallery": 744, "Griffnaut Tracker_SB": 1264, "Keldon Strike Team_SB": 1576, "Midnight Reaper": 1829, "Nezumi Linkbreaker": 1945, "Bartolom\u00e9 del Presidio": 191, "Vampire Gourmand": 3208, "Neglected Manor": 1934, "Forlorn Flats": 1079, "Soul-Shackled Zombie_SB": 2651, "Savor": 2439, "Servant of the Stinger": 2521, "Moment of Craving": 1875, "Desperate Bloodseeker": 695, "Candy Trail": 397, "Marauding Blight-Priest": 1783, "Murder": 1913, "Sanguine Indulgence_SB": 2430, "Spellgyre": 2674, "Aetherize": 25, "Swiftwater Cliffs": 2816, "Tranquil Cove": 3052, "Peculiar Lighthouse": 2076, "Union of the Third Path_SB": 3142, "Tolarian Terror_SB": 3033, "Leyline Axe": 1665, "The Jolly Balloon Man": 2911, "Sporogenic Infection": 2698, "Commune with Evil_SB": 535, "Fear of Missing Out_SB": 985, "Swiftblade Vindicator": 2813, "Bulk Up": 365, "Chandra, Flameshaper": 457, "Archmage of Runes": 109, "Metamorphic Blast": 1819, "Don't Make a Sound": 746, "Ertai's Scorn": 891, "Curate": 608, "Unauthorized Exit": 3116, "The Tale of Tamiyo_SB": 2943, "Strix Lookout_SB": 2766, "Harrier Strix_SB": 1311, "Twist Reality_SB": 3092, "Thought-Stalker Warlock_SB": 2966, "Arcane Proxy": 96, "Demonic Counsel": 682, "Render Inert": 2299, "Kaito, Dancing Shadow_SB": 1552, "Likeness Looter": 1686, "Minor Misstep_SB": 1839, "Royal Treatment_SB": 2386, "Grand Entryway && Elegant Rotunda": 1241, "Chainsaw_SB": 456, "Flamewake Phoenix_SB": 1044, "Drag the Canal_SB": 760, "Karplusan Forest_SB": 1563, "Stingerback Terror_SB": 2741, "Scatter Ray_SB": 2453, "Phantom Interference_SB": 2090, "The Huntsman's Redemption": 2906, "Balustrade Wurm_SB": 178, "Argoth, Sanctum of Nature": 117, "Cosmic Rebirth": 572, "Elvish Regrower": 853, "Springbloom Druid": 2702, "Titania, Voice of Gaea": 3021, "Tolsimir, Midnight's Light": 3034, "Stoic Sphinx_SB": 2747, "Twisted Fealty": 3093, "Temple of Malice": 2863, "Aegis Turtle_SB": 21, "Night of the Sweets' Revenge": 1947, "Welcome to Sweettooth": 3323, "Collector's Vault": 522, "See Double_SB": 2501, "Cosmium Confluence_SB": 575, "Volatile Fault_SB": 3271, "Vraska's Fall": 3288, "The Filigree Sylex_SB": 2902, "Armored Armadillo": 121, "Elvish Archivist": 851, "Toadstool Admirer": 3025, "Calix, Guided by Fate_SB": 389, "Divine Resilience_SB": 741, "Unflinching Courage_SB": 3134, "Valorous Stance_SB": 3207, "Ajani, Caller of the Pride": 39, "Fiery Annihilation_SB": 1025, "Cryptic Coat": 597, "Cryptic Coat_SB": 598, "Crash Through": 582, "Drake Hatcher": 773, "Restless Spire": 2328, "Slick Sequence": 2619, "Abhorrent Oculus_SB": 2, "Feed the Swarm": 998, "Crawling Barrens": 585, "Mazemind Tome_SB": 1804, "Tinybones Joins Up_SB": 3011, "Parting Gust_SB": 2068, "Bandit's Talent_SB": 181, "Trygon Predator_SB": 3077, "Bonny Pall, Clearcutter_SB": 286, "Kaito, Dancing Shadow": 1551, "Lavaspur Boots": 1646, "Rite of Replication": 2347, "Swiftfoot Boots_SB": 2815, "Knight of Dusk's Shadow_SB": 1605, "Leonin Vanguard": 1661, "Angel of Vitality": 70, "Extinguish the Light_SB": 931, "Breach the Multiverse": 326, "Voracious Greatshark": 3280, "Nine-Lives Familiar": 1952, "The End": 2895, "Dwynen, Gilt-Leaf Daen": 812, "Lathril, Blade of the Elves": 1641, "Wildborn Preserver": 3333, "Assassin's Trophy_SB": 139, "Wildwood Scourge": 3337, "Mild-Mannered Librarian": 1833, "Charming Prince": 471, "Gnarlid Colony": 1209, "Wary Thespian": 3312, "Dazzling Angel": 635, "Inspiring Paladin": 1470, "Good-Fortune Unicorn": 1233, "Felidar Savior": 1007, "Armasaur Guide": 120, "Felling Blow": 1010, "Biogenic Upgrade": 221, "Inspiring Call": 1467, "Pacifism": 2056, "Anthem of Champions": 88, "Silver Scrutiny_SB": 2572, "Charming Scoundrel": 472, "Ruthless Lawbringer": 2406, "Alesha, Who Laughs at Fate": 48, "Perforating Artist": 2080, "Immersturm Predator": 1435, "Aurelia, the Law Above": 152, "Voldaren Thrillseeker_SB": 3276, "Urgent Necropsy": 3178, "Eaten by Piranhas_SB": 821, "Phyrexian Obliterator_SB": 2105, "Flourishing Bloom-Kin": 1061, "Ghalta, Primal Hunger": 1151, "Hunter's Talent_SB": 1421, "Wrenn and Realmbreaker_SB": 3368, "Scrapshooter_SB": 2469, "Axebane Ferox_SB": 163, "Atraxa, Grand Unifier_SB": 148, "Doppelgang": 751, "Highway Robbery": 1387, "Urabrask": 3167, "Vren, the Relentless": 3293, "Aven Interrupter_SB": 159, "Terror Tide": 2877, "Bonehoard Dracosaur": 283, "Incinerator of the Guilty": 1444, "Rivaz of the Claw": 2351, "Tyrant of Kher Ridges": 3100, "Dragonlord's Servant": 770, "Kolaghan Warmonger": 1613, "Push // Pull_SB": 2182, "Urborg Scavengers": 3173, "Zetalpa, Primal Dawn": 3388, "Annex Sentry": 77, "Phyrexian Vindicator": 2106, "Phyrexian Censor": 2097, "Volatile Fault": 3270, "Seal from Existence_SB": 2484, "Stasis Snare_SB": 2722, "Chrome Host Seedshark": 483, "Ichormoon Gauntlet": 1430, "Jace Reawakened": 1519, "Jin-Gitaxias": 1531, "Temple of Epiphany": 2861, "Galvanize_SB": 1123, "Tocasia's Welcome": 3029, "Rattleback Apothecary": 2242, "Bristly Bill, Spine Sower": 349, "Tatyova, Steward of Tides": 2848, "Colossal Rattlewurm": 527, "Festering Gulch": 1016, "Creosote Heath": 588, "Duelist of the Mind": 797, "Desert's Due": 694, "Goldvein Hydra": 1226, "Urza's Sylex_SB": 3185, "Tomb Trawler_SB": 3037, "Joint Exploration": 1538, "Titania's Command_SB": 3020, "Long River's Pull_SB": 1714, "Burglar Rat": 368, "Psychic Whorl": 2176, "Painful Quandary": 2057, "Hidden Necropolis": 1375, "Rune-Scarred Demon": 2397, "Macabre Waltz": 1750, "Mindsplice Apparatus": 1836, "Hidden Cataract": 1372, "Halo Forager": 1292, "The Key to the Vault": 2914, "Final Showdown": 1029, "Dawn's Truce": 629, "Titania, Voice of Gaea_SB": 3022, "The Rollercrusher Ride_SB": 2930, "Restless Prairie": 2323, "Glass Casket_SB": 1191, "Inspiration from Beyond": 1466, "Chainsaw": 455, "Marchesa, Dealer of Death": 1786, "Rakdos Joins Up": 2219, "Nashi, Searcher in the Dark_SB": 1928, "Realmbreaker, the Invasion Tree_SB": 2260, "Invasion of Tolvada": 1500, "Grand Abolisher_SB": 1240, "Filter Out_SB": 1027, "Kutzil, Malamet Exemplar": 1633, "Hostile Investigator": 1411, "Rona's Vortex": 2375, "Swamp_SB": 2811, "Runic Shot": 2399, "Herald of Eternal Dawn_SB": 1355, "Sun-Blessed Healer_SB": 2779, "Emberheart Challenger_SB": 856, "Rockface Village_SB": 2367, "Squee, Dubious Monarch_SB": 2706, "Mortify": 1896, "Soul Search_SB": 2646, "Assimilation Aegis_SB": 141, "Seeker's Folly": 2505, "Season of Gathering_SB": 2490, "Valgavoth's Onslaught": 3191, "Stab": 2708, "Vinereap Mentor": 3244, "Coveted Falcon": 579, "Drag to the Bottom": 761, "Greed's Gambit_SB": 1253, "Monstrous Emergence": 1887, "Invasion of Gobakhan": 1489, "Fiery Annihilation": 1024, "Sheoldred": 2535, "Finneas, Ace Archer": 1033, "Seasoned Warrenguard": 2498, "Ferocification": 1014, "Axebane Ferox": 162, "Pick Your Poison": 2108, "Sunspine Lynx": 2792, "Dreadwing Scavenger": 782, "Collector's Cage": 520, "Ajani, Sleeper Agent_SB": 43, "Broodspinner_SB": 356, "The Gitrog, Ravenous Ride_SB": 2903, "Vren, the Relentless_SB": 3294, "Chimil, the Inner Sun": 478, "Rat Out_SB": 2239, "Plains_SB": 2125, "Faebloom Trick_SB": 946, "Throne of the Grim Captain": 2991, "Drana and Linvala_SB": 777, "The Kenriths' Royal Funeral_SB": 2913, "Rona's Vortex_SB": 2376, "Nashi, Searcher in the Dark": 1927, "Saiba Cryptomancer": 2419, "Cerebral Confiscation_SB": 452, "Third Path Iconoclast": 2950, "Reasonable Doubt": 2261, "Essence Scatter_SB": 899, "Blood Hustler": 251, "Deathcap Marionette": 650, "Fell": 1008, "Bloodfell Caves": 256, "Faerie Fencing": 948, "Ego Drain": 827, "Season of Loss": 2491, "Talion's Messenger_SB": 2841, "Make Your Own Luck": 1766, "Ancient Cornucopia": 65, "Invasion of Arcavios": 1486, "Peerless Recycling_SB": 2077, "Beseech the Mirror_SB": 212, "Heroic Reinforcements_SB": 1369, "Wing Commando": 3344, "Stormcatch Mentor": 2754, "Misery's Shadow": 1851, "Ruthless Negotiation": 2408, "Haunted Screen": 1321, "Prayer of Binding": 2149, "Kaya, Spirits' Justice": 1567, "Furnace Reins": 1113, "Kiora, the Rising Tide_SB": 1594, "Bonny Pall, Clearcutter": 285, "River's Rebuke": 2352, "River's Rebuke_SB": 2353, "Primeval Bounty_SB": 2157, "Koma, World-Eater_SB": 1617, "Urza's Sylex": 3184, "Regal Caracal_SB": 2288, "Insatiable Avarice_SB": 1462, "Zoetic Glyph_SB": 3393, "Seized from Slumber_SB": 2510, "Tyvar's Stand": 3106, "Keen-Eyed Curator_SB": 1573, "Unflinching Courage": 3133, "Sanguine Evangelist_SB": 2429, "Virtue of Loyalty_SB": 3254, "Regal Bunnicorn_SB": 2286, "Fanatical Firebrand": 959, "Hellspur Brute": 1347, "Vial Smasher, Gleeful Grenadier": 3237, "At Knifepoint": 144, "Mourner's Surprise_SB": 1904, "Caught in the Crossfire_SB": 433, "Scales of Shale_SB": 2451, "Surgical Suite // Hospital Room": 2803, "Mischievous Pup": 1850, "Inspiring Overseer": 1468, "Angel of Finality_SB": 69, "Fynn, the Fangbearer": 1115, "Ankle Biter": 76, "Bilious Skulldweller": 218, "Infectious Inquiry": 1451, "Feed the Infection": 997, "Nimraiser Paladin": 1951, "The Hunter Maze": 2905, "The Dross Pits": 2892, "Soured Springs": 2658, "Badlands Revival": 171, "Seize the Secrets": 2507, "Copper Host Crusher": 555, "Bandit's Haul": 179, "Vinereap Mentor_SB": 3245, "Wardens of the Cycle": 3304, "Kraul Whipcracker": 1622, "Binding Negotiation_SB": 220, "Rogue's Passage": 2370, "Thrashing Brontodon": 2977, "Giant Cindermaw": 1163, "Belligerent Yearling": 210, "Scytheclaw Raptor": 2479, "Triumphant Chomp": 3072, "Colossadactyl": 526, "Earthshaker Dreadmaw": 817, "Ixalli's Lorekeeper": 1516, "Itzquinth, Firstborn of Gishath": 1512, "Armored Kincaller_SB": 123, "Clay-Fired Bricks": 503, "Sandstorm Salvager": 2425, "Dreamdew Entrancer_SB": 784, "Werefox Bodyguard": 3324, "Autonomous Assembler": 157, "Etali's Favor": 900, "Quintorius Kand": 2197, "Caretaker's Talent_SB": 408, "Luminous Rebuke_SB": 1736, "Massacre Wurm": 1797, "The Enigma Jewel": 2897, "Felidar Retreat_SB": 1006, "Hired Claw_SB": 1392, "Kayla's Command_SB": 1569, "Starfall Invocation_SB": 2717, "Stalactite Stalker": 2711, "Spinner of Souls_SB": 2687, "Gisa, the Hellraiser_SB": 1176, "Anointed Peacekeeper": 86, "Shrouded Shepherd_SB": 2561, "Phyrexian Censor_SB": 2098, "Dollmaker's Shop && Porcelain Gallery": 743, "Demonic Counsel_SB": 683, "Archangel of Tithes_SB": 102, "Bitter Reunion_SB": 226, "Jace Reawakened_SB": 1520, "Warleader's Call_SB": 3308, "Callous Sell-Sword_SB": 392, "Rat Out": 2238, "Unidentified Hovership_SB": 3140, "Arabella, Abandoned Doll_SB": 90, "Take Up the Shield_SB": 2836, "Get Out_SB": 1146, "Scorn-Blade Berserker": 2466, "Vadmir, New Blood": 3187, "Song of Totentanz_SB": 2639, "Raucous Carnival_SB": 2244, "Archdruid's Charm": 105, "The Rollercrusher Ride": 2929, "Haywire Mite": 1323, "Imperious Perfect_SB": 1441, "Sandstorm Salvager_SB": 2426, "Tough Cookie_SB": 3047, "Urborg Repossession_SB": 3172, "Hungry Ghoul": 1419, "Cemetery Recruitment": 448, "Diregraf Ghoul": 715, "Skeleton Archer": 2583, "Sanguine Syphoner": 2431, "Mephitic Draught": 1816, "Not Dead After All": 1966, "Canonized in Blood": 400, "Vampiric Rites": 3212, "Offer Immortality": 1989, "Curious Forager": 610, "Thornvault Forager": 2961, "The Mycotyrant": 2924, "Sporogenic Infection_SB": 2699, "Agatha's Soul Cauldron_SB": 33, "Grievous Wound": 1262, "Funeral Room // Awakening Hall_SB": 1109, "Rise of the Dark Realms_SB": 2345, "Seize the Spoils": 2508, "Valkyrie's Call_SB": 3196, "Fumigate_SB": 1107, "Harbin, Vanguard Aviator": 1298, "Valiant Veteran": 3195, "Zephyr Sentinel": 3385, "Skystrike Officer": 2609, "Fortified Beachhead": 1081, "Temple of Enlightenment": 2860, "Ezrim, Agency Chief_SB": 937, "Cruel Somnophage": 589, "Molten Duplication": 1871, "Restless Bivouac_SB": 2319, "Fauna Shaman": 968, "Diabolic Intent": 710, "Lively Dirge_SB": 1699, "Herbology Instructor": 1358, "Blossoming Tortoise": 271, "Titania's Command": 3019, "Blast Zone": 237, "Cavernous Maw": 443, "Forgotten Monument": 1078, "Urza, Lord Protector": 3186, "Valley Rotcaller": 3202, "Tinybones, the Pickpocket_SB": 3015, "Temple of Mystery": 2864, "Timely Interference": 3008, "Vesuvan Duplimancy": 3232, "Dive Down_SB": 737, "Scrawling Crawler_SB": 2472, "Hollow Marauder": 1396, "Huskburster Swarm": 1425, "Overwhelming Remorse": 2049, "Stubborn Burrowfiend": 2770, "Writhing Necromass": 3372, "Dryad Militant_SB": 795, "Mockingbird_SB": 1865, "Bristlebud Farmer": 346, "Chandra, Hope's Beacon_SB": 460, "Charred Foyer && Warped Space_SB": 473, "Bruse Tarl, Roving Rancher": 359, "Coruscation Mage_SB": 571, "Think Twice": 2948, "Micromancer_SB": 1827, "Fblthp, Lost on the Range": 970, "Weakstone's Subjugation": 3316, "Fblthp, Lost on the Range_SB": 971, "Proft's Eidetic Memory_SB": 2164, "Weakstone's Subjugation_SB": 3317, "Dollmaker's Shop // Porcelain Gallery_SB": 745, "Akawalli, the Seething Tower": 46, "Absolving Lammasu_SB": 6, "Bottomless Pool && Locker Room": 302, "Tithing Blade_SB": 3024, "Hidetsugu's Second Rite_SB": 1382, "The Swarmweaver_SB": 2941, "Invasion of Karsus_SB": 1493, "Mirror Room && Fractured Realm_SB": 1846, "Sword of Wealth and Power_SB": 2823, "Wildfire Howl_SB": 3335, "Zurgo and Ojutai_SB": 3402, "Mabel, Heir to Cragflame_SB": 1749, "Halo Forager_SB": 1293, "Soulstone Sanctuary_SB": 2657, "Ballyrush Banneret": 175, "Myrel, Shield of Argive_SB": 1921, "Siege Veteran_SB": 2564, "Steel Seraph_SB": 2733, "Ezrim, Agency Chief": 936, "Karn, Living Legacy": 1560, "Metropolis Reformer": 1824, "Omnivorous Flytrap": 2003, "Krenko's Buzzcrusher_SB": 1626, "Migloz, Maze Crusher_SB": 1832, "Break the Spell_SB": 334, "Rundvelt Hordemaster": 2395, "Breeches, Eager Pillager": 335, "Final Vengeance_SB": 1032, "Kellan, Inquisitive Prodigy": 1580, "Blood Spatter Analysis": 253, "Urborg Lhurgoyf": 3170, "Silverback Elder_SB": 2573, "Branchblight Stalker": 318, "Ichorspit Basilisk": 1431, "Maze's Mantle": 1802, "Viral Spawning": 3248, "Plague Nurse": 2123, "Venomous Brutalizer": 3229, "Tyrranax Atrocity": 3102, "Goliath Hatchery": 1230, "Paladin of Predation": 2063, "Serum Snare": 2519, "Tainted Observer": 2834, "Experimental Augury": 920, "Thrummingbird": 2993, "Mesmerizing Dose": 1818, "Reject Imperfection": 2291, "Gitaxian Anatomist": 1177, "Vivisurgeon's Insight": 3263, "Lakeside Shack": 1638, "Tangled Islet": 2844, "Meat Locker // Drowned Diner": 1805, "Awaken the Woods": 161, "Rampaging Baloths": 2230, "Omenpath Journey": 2001, "Poison Dart Frog": 2132, "Angelic Intervention": 71, "The Witch's Vanity": 2946, "Under the Skin": 3122, "Hulking Raptor": 1418, "Vorinclex": 3282, "Goldvein Hydra_SB": 1227, "Seraphic Steed": 2516, "Meticulous Excavation_SB": 1823, "Raging Battle Mouse": 2214, "Loran's Escape_SB": 1723, "Teferi, Temporal Pilgrim_SB": 2855, "Realmbreaker, the Invasion Tree": 2259, "Murky Sewer": 1916, "Seeker's Folly_SB": 2506, "Might of the Meek_SB": 1831, "Deeproot Pilgrimage": 663, "Mistway Spy": 1861, "Vodalian Hexcatcher": 3265, "Undead Sprinter_SB": 3121, "Viashino Pyromancer_SB": 3240, "Jaya, Fiery Negotiator": 1526, "The Stone Brain": 2937, "Defabricate_SB": 666, "Decadent Dragon_SB": 655, "Vein Ripper": 3221, "Thalia and The Gitrog Monster": 2884, "Surgical Suite && Hospital Room_SB": 2802, "Doomsday Excruciator_SB": 749, "Pugnacious Hammerskull": 2178, "Defiled Crypt // Cadaver Lab_SB": 674, "Beastie Beatdown": 203, "Annie Joins Up": 80, "Huatli, Poet of Unity": 1415, "Pest Control": 2085, "Vraska Joins Up": 3287, "Necrogen Communion": 1930, "Darkstar Augur": 625, "Thirsting Roots_SB": 2953, "Heraldic Banner": 1356, "Heraldic Banner_SB": 1357, "Silver Scrutiny": 2571, "Invasion of Amonkhet_SB": 1485, "Seal from Existence": 2483, "Battlefly Swarm": 199, "Broodspinner": 355, "Solemn Simulacrum": 2635, "Ghalta, Stampede Tyrant": 1153, "Maha, Its Feathers Night_SB": 1764, "Sword of Once and Future": 2820, "Myrel, Shield of Argive": 1920, "Halana and Alena, Partners": 1287, "Inga and Esika": 1455, "Gwenna, Eyes of Gaea": 1284, "Melira, the Living Cure": 1810, "Hajar, Loyal Bodyguard_SB": 1286, "Elesh Norn_SB": 843, "Surrak and Goreclaw_SB": 2806, "Guardian of New Benalia": 1276, "Aegis Turtle": 20, "Venerated Rotpriest_SB": 3224, "Ivy, Gleeful Spellthief_SB": 1515, "Karn's Sylex_SB": 1559, "Rite of the Dragoncaller": 2348, "Grabby Giant": 1237, "Bottomless Pool // Locker Room": 304, "Getaway Glamer_SB": 1148, "Pia Nalaar, Consul of Revival": 2107, "Invasion of Kaldheim": 1492, "Crystal Grotto": 603, "Island_SB": 1511, "Entity Tracker_SB": 881, "Rebel Salvo_SB": 2263, "Aether Channeler": 22, "Defiled Crypt && Cadaver Lab": 671, "Exuberant Fuseling": 935, "Thundertrap Trainer_SB": 3004, "Abuelo's Awakening": 7, "Kitsa, Otterball Elite_SB": 1601, "Rona, Herald of Invasion_SB": 2378, "Unnerving Grasp_SB": 3149, "Swooping Lookout": 2817, "Demonic Ruckus_SB": 689, "Impact Tremors_SB": 1439, "Wishclaw Talisman_SB": 3350, "Coveted Falcon_SB": 580, "High Noon": 1383, "Kona, Rescue Beastie": 1618, "Cultivator's Caravan": 605, "Scene of the Crime": 2461, "Cankerbloom_SB": 399, "Conspiracy Unraveler": 546, "Matzalantli, the Great Door": 1799, "Reenact the Crime": 2281, "Lifecreed Duo": 1678, "Dust Animus_SB": 805, "Fear of Surveillance": 986, "Recruitment Officer_SB": 2274, "Adaptive Automaton": 16, "Three Tree Mascot": 2985, "Invasion of Theros": 1499, "Smuggler's Surprise_SB": 2628, "Muerra, Trash Tactician": 1908, "Oko, the Ringleader_SB": 1996, "Undead Sprinter": 3120, "At Knifepoint_SB": 145, "Monstrous Rage_SB": 1890, "Wilt-Leaf Liege_SB": 3340, "Kellan's Lightblades_SB": 1578, "Defiled Crypt && Cadaver Lab_SB": 672, "Annie Flash, the Veteran_SB": 79, "Insatiable Avarice": 1461, "Time Stop": 3006, "The Seedcore": 2931, "Slaughter Singer": 2612, "Fleeting Flight_SB": 1050, "Trash the Town_SB": 3061, "Sawblade Skinripper": 2442, "Ashiok, Wicked Manipulator": 131, "Palani's Hatcher": 2064, "Temple of Abandon": 2858, "Blasphemous Edict_SB": 236, "Crumb and Get It": 592, "Quick Draw_SB": 2195, "Hauntwoods Shrieker": 1322, "Zul Ashur, Lich Lord": 3399, "Garruk's Uprising": 1127, "Defiler of Flesh": 676, "Kraul Whipcracker_SB": 1623, "Agrus Kos, Spirit of Justice": 36, "Mischievous Mystic": 1849, "Skrelv, Defector Mite_SB": 2592, "Mechanized Warfare": 1808, "Blasphemous Edict": 235, "Bottomless Pool // Locker Room_SB": 305, "The Princess Takes Flight_SB": 2926, "Anim Pakal, Thousandth Moon_SB": 74, "Drown in Ichor": 791, "Kambal, Profiteering Mayor": 1554, "Kaya, Spirits' Justice_SB": 1568, "Case of the Gateway Express_SB": 418, "Whisper of the Dross": 3327, "Vraska's Fall_SB": 3289, "Restless Reef_SB": 2325, "Lunar Convocation": 1738, "Vraska, the Silencer": 3292, "Binding Negotiation": 219, "Charge of the Mites": 469, "Expel the Interlopers": 918, "Wilt-Leaf Liege": 3339, "Gumdrop Poisoner_SB": 1283, "Founding the Third Path_SB": 1085, "Bramble Familiar": 315, "Obstinate Baloth": 1985, "Satoru, the Infiltrator": 2436, "Sphinx of the Final Word_SB": 2679, "Burrowguard Mentor": 375, "Pollen-Shield Hare": 2134, "Hop to It_SB": 1403, "Dragonmaster Outcast": 771, "Generous Plunderer": 1138, "Ghired, Mirror of the Wilds": 1154, "Evolved Sleeper": 910, "Friendly Teddy": 1095, "Scrawling Crawler": 2471, "Rankle's Prank_SB": 2237, "Consumed by Greed_SB": 547, "Unnatural Restoration_SB": 3147, "Infectious Inquiry_SB": 1452, "Final Flourish_SB": 1028, "Time Stop_SB": 3007, "Polukranos Reborn_SB": 2139, "Magebane Lizard": 1756, "Rakdos, the Muscle": 2222, "Magda, the Hoardmaster": 1755, "Hellspur Posse Boss": 1349, "Hellspur Brute_SB": 1348, "Cynical Loner_SB": 618, "Astor, Bearer of Blades": 142, "Bladehold War-Whip": 233, "Kellan, the Fae-Blooded": 1584, "Kemba, Kha Enduring": 1586, "Rebel Salvo": 2262, "Swiftfoot Boots": 2814, "Sword of Forge and Frontier": 2818, "Astor, Bearer of Blades_SB": 143, "Hidetsugu and Kairi": 1380, "Consuming Aberration": 548, "Knight of Dusk's Shadow": 1604, "No One Left Behind_SB": 1960, "Dusk Legion Duelist": 801, "Stocking the Pantry": 2744, "Botanical Brawler": 300, "Tribute to the World Tree": 3069, "Railway Brawler": 2215, "Archdruid's Charm_SB": 106, "Collector's Cage_SB": 521, "Rampaging Spiketail": 2233, "Barkform Harvester": 188, "Fae Flight_SB": 944, "Rush of Dread_SB": 2403, "Kitesail Larcenist_SB": 1598, "Imprisoned in the Moon_SB": 1442, "Inquisitive Glimmer_SB": 1460, "Refute_SB": 2284, "Hugs, Grisly Guardian": 1416, "Kogla and Yidaro": 1611, "Persistent Marshstalker": 2084, "Karumonix, the Rat King": 1564, "Argentum Masticore": 115, "Hedron Archive": 1343, "The Mycosynth Gardens": 2923, "Hall of Tagsin": 1290, "Legion Extruder": 1655, "Tomakul Honor Guard": 3035, "Blazing Crescendo_SB": 241, "Choking Miasma": 481, "Argentum Masticore_SB": 116, "Niv-Mizzet, Supreme": 1956, "Untimely Malfunction": 3160, "Captain Storm, Cosmium Raider": 404, "Corsair Captain": 569, "Gleaming Geardrake": 1196, "Malcolm, the Eyes": 1772, "Staunch Crewmate": 2726, "Lost Jitte_SB": 1727, "Intrepid Paleontologist": 1481, "Bolt Bend_SB": 278, "Felonious Rage_SB": 1012, "Thundering Falls_SB": 3000, "Walk with the Ancestors": 3297, "Meathook Massacre II_SB": 1807, "Vaultborn Tyrant_SB": 3219, "Feldon's Cane": 1000, "Treasure Map": 3064, "Neutralize the Guards": 1939, "Ayli, Eternal Pilgrim": 165, "Shipwreck Dowser": 2544, "One with the Multiverse": 2005, "Disturbing Conversion": 733, "Eerie Interference_SB": 826, "Builder's Talent_SB": 364, "Abuelo's Awakening_SB": 8, "Razorkin Needlehead": 2249, "Highway Robbery_SB": 1388, "Dreadmaw's Ire_SB": 781, "Repulsive Mutation": 2304, "Sylvan Scavenging_SB": 2826, "Wishclaw Talisman": 3349, "Micromancer": 1826, "Massacre Girl, Known Killer": 1795, "Invasion of Fiora_SB": 1488, "Pile On": 2113, "Corrupted Conviction_SB": 568, "Deadly Brew_SB": 642, "Kutzil, Malamet Exemplar_SB": 1634, "Bite Down": 223, "Ygra, Eater of All": 3378, "Maha, Its Feathers Night": 1763, "Daggerfang Duo": 619, "Moonstone Harbinger": 1895, "Pestilent Syphoner": 2087, "Hoarding Recluse": 1395, "Deathbloom Gardener": 649, "Drown in Ichor_SB": 792, "Rakdos, the Muscle_SB": 2223, "Rakdos Joins Up_SB": 2220, "Massacre Girl, Known Killer_SB": 1796, "Ghalta and Mavren": 1150, "Progenitus": 2166, "Manifest Dread": 1777, "Hide in Plain Sight": 1378, "Threats Around Every Corner": 2979, "Crystal Barricade": 601, "Green Sun's Twilight_SB": 1256, "Call a Surprise Witness": 390, "Soul Search": 2645, "Quintorius Kand_SB": 2198, "Surgical Suite && Hospital Room": 2801, "Roaming Throne_SB": 2359, "Oblivious Bookworm": 1983, "Growing Dread": 1268, "Bubble Smuggler": 362, "Cryptid Inspector": 600, "Exit Specialist": 914, "Cursed Windbreaker": 613, "Break Down the Door": 330, "Gaea's Gift_SB": 1118, "Fake Your Own Death": 955, "Volcanic Spite": 3272, "Taii Wakeen, Perfect Shot": 2830, "Unruly Catapult": 3150, "Glassworks // Shattered Yard_SB": 1193, "Hulking Metamorph": 1417, "Rest in Peace": 2314, "Surge Engine_SB": 2797, "Dust Animus": 804, "Trostani, Three Whispers": 3075, "Tribute to the World Tree_SB": 3070, "Repair and Recharge": 2302, "Step Between Worlds_SB": 2735, "Vengeful Possession": 3226, "Rabid Gnaw_SB": 2202, "Invasion of Ergamon": 1487, "Break Out_SB": 332, "Beastie Beatdown_SB": 204, "Hearthborn Battler_SB": 1341, "Samut, Vizier of Naktamun": 2422, "Trash the Town": 3060, "Ego Drain_SB": 828, "Syr Ginger, the Meal Ender": 2828, "Dowsing Device": 757, "Saheeli, Filigree Master_SB": 2418, "Necrogen Rotpriest": 1931, "Contagious Vorrac": 549, "Armored Scrapgorger_SB": 125, "Forest_SB": 1076, "Dawn's Truce_SB": 630, "The Millennium Calendar_SB": 2921, "Ruin-Lurker Bat_SB": 2391, "Leonin Vanguard_SB": 1662, "Veteran Survivor_SB": 3235, "Hazardroot Herbalist": 1326, "Rabbit Response": 2199, "Treeguard Duo": 3065, "Uncharted Haven": 3118, "Warren Elder": 3309, "Head of the Homestead": 1329, "Head of the Homestead_SB": 1330, "Solphim, Mayhem Dominus": 2637, "Grab the Prize_SB": 1236, "Stroke of Midnight_SB": 2768, "Delney, Streetwise Lookout": 677, "No Witnesses": 1961, "Stroke of Midnight": 2767, "Greta, Sweettooth Scourge": 1261, "Sweettooth Witch": 2812, "Experimental Confectioner": 921, "Mintstrosity": 1840, "Scream Puff": 2473, "Gingerbread Hunter": 1172, "Back for Seconds": 169, "Spider Food": 2680, "Feed the Cauldron": 994, "Return from the Wilds": 2335, "Three Bowls of Porridge": 2981, "Eriette's Tempting Apple": 885, "Sugar Rush_SB": 2775, "Candy Grapple_SB": 396, "Fell_SB": 1009, "Murder_SB": 1914, "Cheeky House-Mouse_SB": 477, "Dryad Militant": 794, "Scrapwork Mutt": 2470, "Lich-Knights' Conquest": 1676, "Obyra, Dreaming Duelist": 1987, "Repel Calamity_SB": 2303, "Malcolm, Alluring Scoundrel_SB": 1771, "The Monumental Facade": 2922, "Sardian Cliffstomper": 2432, "Magmatic Sprinter": 1760, "Churning Reservoir": 486, "Sardian Cliffstomper_SB": 2433, "Monastery Swiftspear_SB": 1885, "Magmatic Sprinter_SB": 1761, "Churning Reservoir_SB": 487, "Give In to Violence_SB": 1179, "Cityscape Leveler_SB": 493, "Nahiri's Resolve_SB": 1924, "Zoyowa's Justice": 3398, "Trial of Agony": 3067, "Ojer Axonil, Deepest Might": 1992, "Brazen Collector": 325, "Leyline of Resonance_SB": 1670, "Ancestors' Aid_SB": 64, "Slickshot Show-Off_SB": 2622, "Worldwalker Helm": 3364, "Torch the Witness": 3041, "Detective's Satchel": 702, "Forensic Gadgeteer_SB": 1073, "Ice Out_SB": 1428, "The Wandering Rescuer_SB": 2945, "Evolving Adaptive": 911, "Garruk's Uprising_SB": 1128, "Oracle of Tragedy": 2011, "Tarrian's Journal": 2846, "Felidar Cub": 1003, "Knight-Errant of Eos_SB": 1609, "Dusk Rose Reliquary_SB": 803, "Ruthless Lawbringer_SB": 2407, "Felidar Cub_SB": 1004, "Vraan, Executioner Thane": 3286, "Eaten Alive_SB": 820, "Geralf, the Fleshwright": 1141, "Geralf, the Fleshwright_SB": 1142, "Claim Jumper_SB": 496, "Mirrex_SB": 1845, "Tectonic Hazard": 2851, "Boltwave_SB": 280, "War Squeak_SB": 3301, "Searslicer Goblin_SB": 2488, "Take for a Ride_SB": 2837, "Wojek Investigator": 3361, "Rustler Rampage": 2404, "Recommission_SB": 2272, "Hexgold Halberd": 1371, "Shrouded Shepherd": 2560, "Skyfisher Spider_SB": 2602, "Let's Play a Game_SB": 1664, "Chart a Course_SB": 475, "Johann's Stopgap_SB": 1536, "Trapped in the Screen": 3058, "Ragged Playmate": 2212, "Ragged Playmate_SB": 2213, "Norin, Swift Survivalist_SB": 1964, "Fear of Surveillance_SB": 987, "Grand Entryway // Elegant Rotunda_SB": 1243, "Llanowar Elves_SB": 1702, "Bonehoard Dracosaur_SB": 284, "Wandertale Mentor": 3299, "Vodalian Mindsinger_SB": 3266, "Festerleech": 1017, "Fallaji Archaeologist_SB": 957, "Kroxa and Kunoros": 1628, "Chandra, Flameshaper_SB": 458, "Blazing Crescendo": 240, "Ajani, Sleeper Agent": 42, "Enduring Courage_SB": 862, "Warhost's Frenzy": 3306, "Great Train Heist": 1250, "Spirebluff Canal_SB": 2689, "Ashnod's Harvester": 133, "Rip, Spawn Hunter": 2342, "Funeral Room // Awakening Hall": 1108, "Outlaw Medic": 2026, "Bite Down_SB": 224, "Gaea's Gift": 1117, "Thousand Moons Smithy_SB": 2970, "Blightbelly Rat": 245, "Unnatural Restoration": 3146, "Whisper of the Dross_SB": 3328, "Carnivorous Canopy_SB": 410, "The Tale of Tamiyo": 2942, "The Surgical Bay": 2939, "Case of the Ransacked Lab": 422, "Saheeli, Filigree Master": 2417, "Hollow Scavenger": 1398, "Mosswood Dreadknight_SB": 1901, "Phyrexian Missionary": 2102, "Stormchaser's Talent_SB": 2756, "Lost in the Maze_SB": 1729, "Cactarantula": 383, "Glimmerlight": 1199, "Fleeting Flight": 1049, "Think Twice_SB": 2949, "Defiler of Dreams_SB": 675, "Lithomantic Barrage": 1695, "Enduring Vitality_SB": 870, "Ojer Pakpatiq, Deepest Epoch": 1993, "Disturbing Conversion_SB": 734, "Koth, Fire of Resistance": 1620, "Omen Hawker": 1998, "Wylie Duke, Atiin Hero": 3373, "Audience with Trostani_SB": 151, "Leyline of the Void": 1674, "Sentinel of Lost Lore": 2512, "Virtue of Knowledge": 3251, "Valgavoth's Onslaught_SB": 3192, "Kutzil's Flanker": 1631, "Extraordinary Journey": 933, "Gold Pan": 1224, "Extraordinary Journey_SB": 934, "Nurturing Pixie_SB": 1975, "Moonshaker Cavalry": 1893, "Pearl of Wisdom": 2075, "Horrid Vigor": 1409, "Flesh Burrower": 1053, "Let's Play a Game": 1663, "Winter's Intervention": 3345, "Grasping Longneck": 1244, "Wickerfolk Thresher": 3331, "Cackling Slasher": 381, "Fear of the Dark": 988, "Balemurk Leech": 173, "Give In to Violence": 1178, "Innocuous Rat": 1458, "Bashful Beastie": 193, "Defiant Survivor": 670, "Meathook Massacre II": 1806, "Leyline of Transformation": 1672, "Saheeli's Lattice": 2416, "Hopeless Nightmare_SB": 1406, "Bushwhack_SB": 379, "Mistbreath Elder_SB": 1858, "Realmbreaker's Grasp_SB": 2258, "Treeguard Duo_SB": 3066, "Stickytongue Sentinel_SB": 2739, "Tumbleweed Rising_SB": 3078, "Polliwallop_SB": 2136, "Etali, Primal Storm_SB": 903, "Corpses of the Lost_SB": 563, "Adamant Will": 15, "Goldvein Pick": 1228, "Moment of Triumph": 1877, "Pilfer": 2115, "Public Thoroughfare": 2177, "Roaming Throne": 2358, "Undying Malice": 3130, "Cancel_SB": 395, "Opt_SB": 2007, "Anointed Peacekeeper_SB": 87, "Connecting the Dots_SB": 543, "Analyze the Pollen_SB": 62, "Dismal Backwater": 721, "Pelakka Wurm": 2078, "Extract a Confession_SB": 932, "Unauthorized Exit_SB": 3117, "Jump Scare_SB": 1543, "Progenitus_SB": 2167, "Harvestrite Host": 1314, "Family Reunion_SB": 958, "Cut Short_SB": 616, "Annihilating Glare": 82, "Fanatical Offering": 961, "Sword of Wealth and Power": 2822, "Makeshift Binding": 1767, "Lassoed by the Law": 1639, "Mabel's Mettle": 1747, "Skulduggery": 2593, "Skulduggery_SB": 2594, "Minor Misstep": 1838, "Hopeful Vigil": 1404, "Restricted Office // Lecture Hall": 2333, "Central Elevator // Promising Stairs": 450, "Creeping Peeper": 587, "Underwater Tunnel // Slimy Aquarium": 3129, "Erratic Apparition": 888, "Dazzling Theater // Prop Room": 637, "Fear of Falling": 976, "Fear of Abduction": 972, "Lionheart Glimmer": 1693, "Tunnel Surveyor_SB": 3082, "Stalked Researcher_SB": 2713, "Arid Mesa": 119, "Barbarian Ring": 186, "Bloodstained Mire": 261, "Sunbaked Canyon": 2780, "Eidolon of the Great Revel": 829, "Goblin Guide": 1217, "Lava Spike": 1645, "Lightning Bolt": 1680, "Rift Bolt": 2339, "Searing Blaze": 2485, "Skewer the Critics": 2585, "Skullcrack": 2597, "Flare of Duplication": 1045, "Smash to Smithereens_SB": 2625, "Surgical Extraction_SB": 2800, "Faerie Macabre_SB": 949, "Ensnaring Bridge_SB": 876, "Polluted Delta": 2137, "Scalding Tarn": 2447, "Misty Rainforest": 1862, "Watery Grave": 3314, "Steam Vents": 2727, "Sink into Stupor": 2579, "Spell Snare": 2670, "Unearth": 3131, "Thoughtseize": 2967, "Fatal Push": 966, "Faithless Looting": 954, "Tamiyo, Inquisitive Student": 2843, "Psychic Frog": 2175, "Counterspell": 578, "Persist": 2083, "Force of Negation": 1069, "Brazen Borrower": 323, "Archon of Cruelty": 111, "Nihil Spellbomb_SB": 1949, "Consign to Memory_SB": 545, "Harbinger of the Seas_SB": 1300, "Stern Scolding_SB": 2738, "Fable of the Mirror-Breaker_SB": 939, "Arena of Glory": 114, "Blazing Rootwalla": 242, "Burning Inquiry": 371, "Detective's Phoenix": 701, "Flameblade Adept": 1040, "Goblin Lore": 1218, "Hollow One": 1397, "Stomping Ground": 2749, "Street Wraith": 2764, "Vengevine": 3228, "Wooded Foothills": 3362, "Cursed Totem_SB": 612, "Meltdown_SB": 1812, "Obsidian Charmaw_SB": 1984, "Primeval Titan": 2158, "Arboreal Grazer": 95, "Dryad of the Ilysian Grove": 796, "Dryad Arbor": 793, "Amulet of Vigor": 58, "Summoner's Pact": 2777, "Green Sun's Zenith": 1257, "Explore": 924, "Scapeshift": 2452, "Boseiju, Who Endures": 298, "Crumbling Vestige": 594, "Lotus Field": 1730, "Gruul Turf": 1273, "Simic Growth Chamber": 2575, "Hanweir Battlements": 1297, "Echoing Deeps": 822, "Mirrorpool": 1848, "Shifting Woodland": 2541, "Otawara, Soaring City": 2022, "Urza's Saga": 3183, "Valakut, the Molten Pinnacle": 3188, "Vesuva": 3230, "Tolaria West": 3031, "Urza's Cave": 3180, "Bojuka Bog_SB": 277, "Defense Grid_SB": 669, "Endurance_SB": 860, "Force of Vigor_SB": 1070, "Dismember_SB": 722, "Tireless Tracker_SB": 3016, "Vampires' Vengeance_SB": 3211, "Collector Ouphe_SB": 519, "Indomitable Creativity": 1446, "Prismatic Ending": 2161, "Wrenn and Six": 3369, "Fable of the Mirror-Breaker": 938, "Blood Crypt": 250, "Sacred Foundry": 2412, "Xander's Lounge": 3374, "Jetmir's Garden": 1530, "Dwarven Mine": 810, "Flooded Strand": 1054, "Boseiju, Who Endures_SB": 299, "Toxic Deluge_SB": 3048, "Hurkyl's Recall_SB": 1422, "Damping Sphere_SB": 622, "Cling to Dust": 507, "Harbinger of the Seas": 1299, "Marsh Flats": 1794, "Murktide Regent": 1915, "Preordain": 2152, "Thought Scour": 2964, "Engineered Explosives_SB": 873, "Mystical Dispute_SB": 1923, "Spell Pierce_SB": 2669, "The Meathook Massacre_SB": 2918, "Orcish Bowmasters": 2013, "Ocelot Pride": 1988, "Godless Shrine": 1223, "Guide of Souls": 1278, "Seasoned Pyromancer": 2497, "Ajani, Nacatl Pariah": 41, "Phelia, Exuberant Shepherd": 2091, "Phlage, Titan of Fire's Fury": 2092, "Galvanic Discharge": 1122, "Goblin Bombardment": 1214, "Thraben Charm": 2971, "Orim's Chant_SB": 2014, "Wrath of the Skies_SB": 3365, "Thoughtseize_SB": 2968, "Showdown of the Skalds_SB": 2558, "Wear // Tear_SB": 3318, "Legion Loyalist": 1657, "Goblin Bushwhacker": 1215, "Devastating Summons": 704, "Reckless Bushwhacker": 2264, "Goblin Grenade": 1216, "Goblin Piledriver": 1220, "Mogg War Marshal": 1866, "Skirk Prospector": 2586, "Foundry Street Denizen": 1086, "Den of the Bugbear": 690, "Sokenzan, Crucible of Defiance": 2634, "Tormod's Crypt_SB": 3043, "Shattering Spree_SB": 2532, "Blood Moon_SB": 252, "Magus of the Moon_SB": 1762, "Reality Hemorrhage_SB": 2256, "Consider": 544, "Graveyard Trespasser": 1245, "Exquisite Firecraft_SB": 926, "Searing Blood_SB": 2486, "Tunnel Ignus_SB": 3080, "Vexing Bauble": 3236, "Hexdrinker_SB": 1370, "Colossal Skyturtle_SB": 528, "Generous Ent_SB": 1137, "Grist, the Hunger Tide_SB": 1267, "Chained to the Rocks": 453, "Chained to the Rocks_SB": 454, "Drannith Magistrate_SB": 778, "Ragavan, Nimble Pilferer_SB": 2211, "Stony Silence_SB": 2750, "Ragavan, Nimble Pilferer": 2210, "Static Prison": 2723, "Showdown of the Skalds": 2557, "Windswept Heath": 3343, "Fear, Fire, Foes!_SB": 989, "Ziatora's Proving Ground": 3390, "Veil of Summer_SB": 3220, "Terastodon_SB": 2873, "Giant Growth_SB": 1166, "Over the Edge_SB": 2031, "Poison Dart Frog_SB": 2133, "Come Back Wrong": 532, "Glassworks // Shattered Yard": 1192, "Beamtown Beatstick": 201, "Diamond Pick-Axe": 711, "Sunfire Torch": 2786, "Celestial Armor": 447, "Carrot Cake_SB": 413, "Edgewall Inn": 825, "Grievous Wound_SB": 1263, "Goliath Hatchery_SB": 1231, "Cathartic Parting_SB": 432, "Balmor, Battlemage Captain": 176, "Bria, Riptide Rogue": 337, "Freeze in Place": 1091, "Relic's Roar": 2296, "Run Away Together_SB": 2393, "Scalding Viper_SB": 2449, "Talion, the Kindly Lord": 2842, "Slice from the Shadows": 2618, "Defabricate": 665, "Grand Abolisher": 1239, "Unnerving Grasp": 3148, "Halo Hopper": 1294, "Hellspur Posse Boss_SB": 1350, "Harrier Strix": 1310, "Snaremaster Sprite": 2631, "The Filigree Sylex": 2901, "Living Phone": 1700, "Hardened Escort": 1305, "Unsettling Twins": 3151, "Holy Cow": 1399, "Unsettling Twins_SB": 3152, "Raccoon Rallier_SB": 2203, "Feather of Flight_SB": 992, "Rogue's Passage_SB": 2371, "Possessed Goat_SB": 2147, "The Jolly Balloon Man_SB": 2912, "Hammerhand_SB": 1296, "Heartfire Hero_SB": 1334, "Inti, Seneschal of the Sun_SB": 1474, "Gleaming Barrier": 1194, "Gleaming Barrier_SB": 1195, "Solemn Simulacrum_SB": 2636, "Pests of Honor": 2088, "Nettle Guard": 1937, "Three Blind Mice": 2980, "Dauntless Dismantler_SB": 628, "Phoenix Chick_SB": 2094, "Charge of the Mites_SB": 470, "Keldon Flamesage": 1574, "Brambleguard Captain": 317, "Johann, Apprentice Sorcerer": 1537, "Kraum, Violent Cacophony": 1624, "Razzle-Dazzler": 2255, "Vesuvan Drifter": 3231, "Thopter Mechanic": 2958, "Nightwhorl Hermit": 1948, "Iron-Fist Pulverizer": 1508, "Pyrotechnic Performer": 2187, "Fear of Burning Alive": 975, "Molten Tributary": 1874, "Stop Cold": 2751, "Mishra's Command_SB": 1854, "Plan the Heist_SB": 2126, "Sleight of Hand_SB": 2617, "Kellan, Planar Trailblazer_SB": 1583, "Trick Shot_SB": 3071, "Violent Urge_SB": 3247, "Involuntary Cooldown_SB": 1504, "Out of Air_SB": 2023, "Heartfire Immolator": 1335, "Dwarven Forge-Chanter": 809, "Whiskerquill Scribe": 3326, "Sure Strike": 2794, "Ghitu Amplifier": 1155, "Furious Bellow": 1110, "Ancestors' Aid": 63, "Twinferno_SB": 3088, "Sure Strike_SB": 2795, "Fynn, the Fangbearer_SB": 1116, "Make Your Move_SB": 1765, "Harbinger of the Tides": 1301, "Harbinger of the Tides_SB": 1302, "Bottomless Pool && Locker Room_SB": 303, "Pile On_SB": 2114, "Cat Collector": 429, "Growing Rites of Itlimoc": 1269, "Flowstone Infusion": 1065, "Jump Scare": 1542, "Niko, Light of Hope": 1950, "Tunnel Surveyor": 3081, "Stalked Researcher": 2712, "Fear of Isolation_SB": 982, "Ayara, Widow of the Realm": 164, "Throw from the Saddle": 2992, "Arachnoid Adaptation": 91, "Longstalk Brawl_SB": 1715, "Thrill of Possibility_SB": 2990, "Season of Gathering": 2489, "Warren Warleader": 3310, "Seasoned Warrenguard_SB": 2499, "Lionheart Glimmer_SB": 1694, "Horrid Vigor_SB": 1410, "Omnivorous Flytrap_SB": 2004, "Roc Hunter": 2365, "Feldon, Ronom Excavator": 1002, "Scalding Viper": 2448, "Trial of Agony_SB": 3068, "Adventuring Gear_SB": 19, "Vicious Clown_SB": 3242, "Fear of Being Hunted_SB": 974, "Into the Roil": 1479, "Into the Roil_SB": 1480, "Rite of the Dragoncaller_SB": 2349, "Splash Portal_SB": 2693, "Ghostly Dancers": 1160, "Demonic Pact_SB": 687, "Valorous Stance": 3206, "Lodestone Needle": 1708, "Sawblade Skinripper_SB": 2443, "Zephyr Singer": 3386, "Cunning Coyote_SB": 607, "Bloodghast": 257, "Lunar Convocation_SB": 1739, "Bartolom\u00e9 del Presidio_SB": 192, "Valley Rotcaller_SB": 3203, "Debris Beetle": 652, "Wastewood Verge": 3313, "Vein Ripper_SB": 3222, "Ketramose, the New Dawn": 1587, "Bleachbone Verge": 243, "Intimidation Tactics": 1475, "Grim Bauble": 1265, "Momentum Breaker": 1880, "Spell Pierce": 2668, "Outpace Oblivion_SB": 2028, "Ride's End": 2337, "Molt Tender": 1868, "Draconautics Engineer": 758, "Loot, the Pathfinder": 1718, "Afterburner Expert": 27, "Dredger's Insight": 787, "Restless Spire_SB": 2329, "Oildeep Gearhulk_SB": 1991, "Oildeep Gearhulk": 1990, "Haunt the Network_SB": 1318, "Sunbillow Verge": 2781, "Willowrush Verge": 3338, "Eriette of the Charmed Apple": 884, "Surgical Suite // Hospital Room_SB": 2804, "Thousand Moons Smithy": 2969, "Transmutation Font": 3057, "Braided Net_SB": 311, "Defend the Rider": 667, "Hazoret, Godseeker": 1328, "Monument to Endurance": 1891, "Gleeful Demolition_SB": 1198, "Explosive Derailment_SB": 925, "Chandra, Spark Hunter_SB": 462, "Riptide Gearhulk": 2343, "Riverchurn Monument": 2354, "Diversion Unit": 738, "Voyage Home": 3283, "Perilous Snare": 2081, "Esoteric Duplicator": 895, "Repurposing Bay": 2306, "Diversion Unit_SB": 739, "Aether Syphon_SB": 24, "Monument to Endurance_SB": 1892, "Overlord of the Hauntwoods_SB": 2042, "Captain Howler, Sea Scourge": 402, "Marauding Mako": 1785, "Scrounging Skyray": 2478, "Riverpyre Verge": 2357, "Phyrexian Dragon Engine": 2099, "Gastal Thrillroller": 1132, "Mishra's Command": 1853, "Greasewrench Goblin": 1247, "Bounce Off": 307, "Bounce Off_SB": 308, "Optimistic Scavenger_SB": 2009, "Brightglass Gearhulk": 340, "Voyager Glidecar": 3284, "Chandra, Spark Hunter": 461, "Grim Bauble_SB": 1266, "Momentum Breaker_SB": 1881, "The Aetherspark": 2886, "Nesting Bot": 1936, "Howlsquad Heavy": 1413, "Count on Luck_SB": 577, "Mendicant Core, Guidelight": 1814, "Mu Yanling, Wind Rider": 1906, "Agonasaur Rex": 34, "Sandstalker Moloch_SB": 2423, "Intimidation Tactics_SB": 1476, "Transit Mage": 3056, "Overgrown Zealot": 2034, "Conduit of Worlds_SB": 540, "Lightwheel Enhancements": 1685, "Memory Guardian": 1813, "The Speed Demon_SB": 2935, "Lumbering Worldwagon": 1733, "Mindspring Merfolk": 1837, "Lifecraft Engine": 1677, "Caelorna, Coral Tyrant_SB": 384, "Overrun": 2047, "Burnout Bashtronaut": 373, "Gastal Thrillseeker": 1134, "The Speed Demon": 2934, "The Last Ride": 2915, "Amonkhet Raceway": 57, "Ancient Vendetta_SB": 68, "Demonic Junker": 684, "Nexus of Becoming": 1943, "Webstrike Elite_SB": 3322, "Gastal Thrillroller_SB": 1133, "Regal Imperiosaur": 2289, "Tyrox, Saurid Tyrant": 3101, "Tomik, Wielder of Law_SB": 3038, "Engine Rat": 871, "Teysa, Opulent Oligarch": 2883, "Gonti, Night Minister": 1232, "Muraganda Raceway": 1912, "Zephyr Singer_SB": 3387, "Ratadrabik of Urborg": 2240, "Gumdrop Poisoner": 1282, "Broadside Barrage": 351, "Boosted Sloop": 293, "Broadside Barrage_SB": 352, "Thopter Fabricator_SB": 2957, "Voyager Glidecar_SB": 3285, "Debris Beetle_SB": 653, "Fuel the Flames": 1101, "Skycrash": 2599, "Fuel the Flames_SB": 1102, "Dropkick Bomber": 790, "Quag Feast": 2190, "Gastal Raider_SB": 1131, "Thunderous Velocipede": 3001, "Ketramose, the New Dawn_SB": 1588, "Locust Spray": 1707, "The Skullspore Nexus": 2932, "Intrepid Paleontologist_SB": 1482, "Invasion of Regatha_SB": 1496, "Spectacular Pileup": 2661, "Coalstoke Gearhulk_SB": 511, "Terisian Mindbreaker": 2874, "Skitterbeam Battalion": 2588, "Bringer of the Last Gift": 345, "Spectral Interference_SB": 2666, "Say Its Name_SB": 2445, "Heliod, the Radiant Dawn": 1346, "Twinblade Blessing": 3086, "Thalia and The Gitrog Monster_SB": 2885, "Ride's End_SB": 2338, "Zahur, Glory's Past": 3384, "Stock Up": 2742, "Spectacular Pileup_SB": 2662, "Gas Guzzler": 1129, "Far Fortune, End Boss": 964, "Overrun_SB": 2048, "Wardens of the Cycle_SB": 3305, "Painful Quandary_SB": 2058, "Leaf-Crowned Visionary_SB": 1652, "Mossborn Hydra_SB": 1899, "Blast Zone_SB": 238, "Collision Course_SB": 525, "Sazacap's Brew": 2446, "Invasion of Mercadia": 1494, "Playful Shove": 2128, "Red Sun's Twilight_SB": 2276, "Coiling Rebirth_SB": 515, "Restless Anchorage_SB": 2317, "Webstrike Elite": 3321, "Defend the Rider_SB": 668, "Fearless Swashbuckler": 990, "Unctus, Grand Metatect": 3119, "The Aetherspark_SB": 2887, "Melira, the Living Cure_SB": 1811, "Bloated Contaminator_SB": 249, "Mishra, Claimed by Gix": 1856, "Perilous Snare_SB": 2082, "Claim Jumper": 495, "Starscape Cleric_SB": 2719, "Flotsam // Jetsam_SB": 1060, "Soul of Windgrace": 2647, "Expel the Interlopers_SB": 919, "Visage of Dread": 3259, "Pit Automaton": 2119, "Visage of Dread_SB": 3260, "The Last Ride_SB": 2916, "Jodah, the Unifier_SB": 1535, "Basri, Tomorrow's Champion": 196, "Skyseer's Chariot_SB": 2606, "Unstable Glyphbridge_SB": 3154, "Ancient Vendetta": 67, "Full Throttle_SB": 1105, "Loot, the Key to Everything_SB": 1717, "Loot, the Pathfinder_SB": 1719, "Lassoed by the Law_SB": 1640, "Quag Feast_SB": 2191, "Third Path Iconoclast_SB": 2951, "Ashiok, Wicked Manipulator_SB": 132, "Rampaging Raptor": 2231, "Agonasaur Rex_SB": 35, "Dune Drifter": 798, "Shoreline Looter": 2556, "Engine Rat_SB": 872, "Essence Channeler_SB": 897, "Visage Bandit": 3258, "Waxen Shapethief": 3315, "Coalstoke Gearhulk": 510, "Lunar Insight": 1740, "Sword of Forge and Frontier_SB": 2819, "Spring-Loaded Sawblades_SB": 2701, "Urza's Command_SB": 3181, "Dive Down": 736, "Become Brutes": 206, "Caradora, Heart of Alacria": 406, "Veteran Beastrider": 3233, "Skyseer's Chariot": 2605, "Valor's Flagship": 3204, "The Elder Dragon War_SB": 2894, "Veteran Survivor": 3234, "Kellan, Inquisitive Prodigy_SB": 1581, "Twining Twins": 3090, "Threadbind Clique": 2978, "Boommobile_SB": 290, "Radiant Lotus_SB": 2207, "Boommobile": 289, "Forging the Anchor": 1077, "Radiant Lotus": 2206, "The Mightstone and Weakstone_SB": 2920, "Bloodthorn Flail": 264, "Flamewake Phoenix": 1043, "Cryptcaller Chariot_SB": 596, "Spiteful Hexmage_SB": 2691, "Riverchurn Monument_SB": 2355, "Riptide Gearhulk_SB": 2344, "Volley Veteran": 3277, "Redshift, Rocketeer Chief": 2280, "Thopter Fabricator": 2956, "Haunt the Network": 1317, "Sorcerous Spyglass": 2641, "Demonic Junker_SB": 685, "Wishing Well": 3351, "Frolicking Familiar": 1096, "Alania, Divergent Storm": 47, "Resplendent Angel_SB": 2312, "Tinker's Tote": 3009, "Cephalopod Sentry": 451, "Furnace Host Charger": 1111, "Clamorous Ironclad": 499, "Marketback Walker_SB": 1793, "Marketback Walker": 1792, "Sylvan Scavenging": 2825, "Sab-Sunen, Luxa Embodied": 2410, "Simian Simulacrum": 2574, "Gargantuan Leech": 1124, "Captivating Cave": 405, "Promising Vein": 2170, "Hidden Courtyard": 1373, "Bat Colony": 197, "Calamitous Cave-In": 385, "Hidden Volcano": 1377, "Leyline Binding_SB": 1667, "Reluctant Role Model": 2297, "Bulwark Ox": 366, "Reluctant Role Model_SB": 2298, "Boom Box": 287, "Possession Engine": 2148, "Conduit of Worlds": 539, "Broadcast Rambler": 350, "Broodheart Engine": 354, "Daretti, Rocketeer Engineer": 623, "Threefold Thunderhulk": 2987, "Tune Up": 3079, "Meteor Golem_SB": 1820, "Market Gnome_SB": 1791, "Gastal Raider": 1130, "Oviya, Automech Artisan": 2054, "Mold Adder_SB": 1867, "The Goose Mother": 2904, "The Skullspore Nexus_SB": 2933, "Burnout Bashtronaut_SB": 374, "Sovereign Okinec Ahau": 2659, "Gloryheath Lynx": 1207, "The Raven Man": 2927, "The Raven Man_SB": 2928, "Stall Out": 2714, "Stall Out_SB": 2715, "Halana and Alena, Partners_SB": 1288, "Valor's Flagship_SB": 3205, "Tocasia's Welcome_SB": 3030, "Cosmium Confluence": 574, "Festival of Embers": 1018, "Hidden Nursery": 1376, "Balustrade Wurm": 177, "Skycrash_SB": 2600, "Nexus of Becoming_SB": 1944, "Collector's Vault_SB": 523, "Thran Spider_SB": 2976, "Akal Pakal, First Among Equals_SB": 45, "Sab-Sunen, Luxa Embodied_SB": 2411, "Earthrumbler": 816, "Lavaspur Boots_SB": 1647, "Thunderous Velocipede_SB": 3002, "Chitin Gravestalker": 480, "Starving Revenant_SB": 2720, "Stock Up_SB": 2743, "Fear of Infinity_SB": 980, "Ojer Pakpatiq, Deepest Epoch_SB": 1994, "Oko, the Ringleader": 1995, "Forensic Researcher": 1074, "Deepfathom Echo": 662, "Steamcore Scholar_SB": 2729, "Dredger's Insight_SB": 788, "Fauna Shaman_SB": 969, "Malcator, Purity Overseer": 1769, "Sunder the Gateway": 2782, "Phyrexian Missionary_SB": 2103, "Reject Imperfection_SB": 2292, "Vivisurgeon's Insight_SB": 3264, "Baral and Kari Zev": 185, "Enigma Drake": 874, "Eroded Canyon": 886, "Trained Arynx": 3050, "Ornery Tumblewagg": 2015, "Giant Beaver": 1162, "Lagorin, Soul of Alacria": 1636, "Miriam, Herd Whisperer": 1842, "Congregation Gryff": 542, "Brightfield Glider": 339, "Run Over_SB": 2394, "Night Market": 1946, "Stockpiling Celebrant": 2745, "Carrion Locust_SB": 411, "Skullcap Snail_SB": 2596, "Stockpiling Celebrant_SB": 2746, "Overwhelming Remorse_SB": 2050, "Akal Pakal, First Among Equals": 44, "Forensic Gadgeteer": 1072, "Deduce_SB": 657, "Wreck Remover_SB": 3366, "Brave the Wilds": 322, "Armored Scrapgorger": 124, "Spinewoods Paladin": 2684, "Mocking Sprite": 1863, "Talion's Messenger": 2840, "Barrow Naughty": 190, "Faerie Slumber Party": 952, "Drag the Canal": 759, "Spellscorn Coven": 2675, "Etrata, Deadly Fugitive": 908, "Coerced to Kill": 513, "Unstoppable Plan_SB": 3155, "Shadow-Rite Priest": 2524, "Training Grounds": 3051, "Hoarding Broodlord": 1394, "Nahiri's Warcrafting_SB": 1925, "Oaken Siren": 1977, "Guidelight Optimizer": 1279, "Fountainport Bell": 1088, "Machine Over Matter_SB": 1751, "Crumb and Get It_SB": 593, "Flame Lash": 1039, "Exsanguinate_SB": 928, "Exsanguinate": 927, "Tranquil Cove_SB": 3053, "Syr Ginger, the Meal Ender_SB": 2829, "Legion Extruder_SB": 1656, "Hearth Elemental_SB": 1339, "Furnace Punisher_SB": 1112, "Krenko's Buzzcrusher": 1625, "Fear of Infinity": 979, "Ledger Shredder": 1654, "Arclight Phoenix": 113, "Fiery Impulse": 1026, "Lightning Axe": 1679, "Treasure Cruise": 3063, "Riverglide Pathway": 2356, "Hall of Storm Giants": 1289, "Brazen Borrower_SB": 324, "Annul_SB": 83, "Aether Gust_SB": 23, "Anger of the Gods_SB": 72, "Prismari Command_SB": 2160, "Omen of the Sea": 2000, "The Meathook Massacre": 2917, "Narset, Parter of Veils": 1926, "Field of Ruin": 1020, "Geier Reach Sanitarium": 1136, "Urborg, Tomb of Yawgmoth": 3175, "Clearwater Pathway": 504, "Hive of the Eye Tyrant": 1393, "Shipwreck Marsh": 2545, "Takenuma, Abandoned Mire": 2839, "Ashiok, Dream Render_SB": 129, "Yorion, Sky Nomad_SB": 3380, "Ashiok, Nightmare Muse_SB": 130, "Extinction Event_SB": 930, "Unlicensed Hearse_SB": 3144, "Reckless Rage": 2268, "Soul-Scar Mage": 2650, "Ramunap Ruins": 2234, "Cragcrown Pathway": 581, "Mutavault": 1919, "Redcap Melee_SB": 2277, "Blightstep Pathway": 247, "Bloodtithe Harvester": 265, "Blade of the Oni": 231, "Hidetsugu Consumes All_SB": 1379, "Invoke Despair_SB": 1503, "Kroxa, Titan of Death's Hunger": 1629, "Foreboding Ruins": 1071, "Invoke Despair": 1502, "Kolaghan's Command_SB": 1614, "Elvish Mystic": 852, "Nykthos, Shrine to Nyx": 1976, "Kiora, Behemoth Beckoner": 1592, "Cavalier of Thorns": 439, "Old-Growth Troll": 1997, "Lair of the Hydra": 1637, "Storm the Festival": 2752, "Ulvenwald Oddity": 3113, "Oath of Nissa": 1979, "Leyline of the Guildpact": 1673, "Emrakul, the Promised End_SB": 858, "Setessan Petitioner_SB": 2522, "Arasta of the Endless Web_SB": 94, "Haunted Ridge": 1320, "Sigarda's Aid": 2565, "Colossus Hammer": 529, "Raffine's Informant": 2208, "Sylvan Caryatid": 2824, "Eldritch Evolution": 833, "Overgrown Tomb": 2033, "Mana Confluence": 1775, "Soulflayer": 2652, "Collective Brutality_SB": 518, "Gifted Aetherborn_SB": 1167, "Bloodline Culling_SB": 260, "Deafening Silence_SB": 647, "Portable Hole_SB": 2143, "Grafdigger's Cage_SB": 1238, "Cauldron Familiar": 434, "Claim the Firstborn": 497, "Deadly Dispute": 645, "Mayhem Devil": 1800, "Witch's Oven": 3354, "Claim the Firstborn_SB": 498, "Ob Nixilis, the Adversary_SB": 1980, "Hallowed Fountain": 1291, "Indatha Triome": 1445, "Spara's Headquarters": 2660, "Zagoth Triome": 3383, "Vanishing Verse": 3215, "Leyline of Sanctity_SB": 1671, "Barrier Breach_SB": 189, "Knockout Blow_SB": 1610, "Dawnwing Marshal": 632, "Bonecrusher Giant": 281, "Burning-Tree Emissary": 372, "Chandra, Torch of Defiance": 463, "Collision // Colossus": 524, "Gruul Spellbreaker": 1272, "Kami's Flare": 1557, "Kumano Faces Kakkazan": 1630, "Pelt Collector": 2079, "Voltaic Brawler": 3279, "Zhur-Taa Goblin": 3389, "Bonecrusher Giant_SB": 282, "Chandra, Torch of Defiance_SB": 464, "Cindervines_SB": 489, "Kami's Flare_SB": 1558, "Roiling Vortex_SB": 2374, "Weathered Runestone_SB": 3320, "Hazoret the Fervent_SB": 1327, "Greasefang, Okiba Boss": 1246, "Parhelion II": 2066, "Shattered Sanctum": 2531, "Faithful Mending": 953, "Skysovereign, Consul Flagship": 2608, "Tainted Indulgence": 2833, "Collective Brutality": 517, "Raffine's Tower": 2209, "Stubborn Denial": 2771, "Dovin's Veto_SB": 756, "Silence_SB": 2567, "Fatal Push_SB": 967, "Vanishing Verse_SB": 3216, "Go Blank_SB": 1211, "Breeding Pool": 336, "Linvala, the Preserver": 1692, "Enigmatic Incarnation": 875, "Skyclave Apparition": 2598, "Savai Triome": 2437, "Thought Distortion_SB": 2963, "Archon of Emeria_SB": 112, "Ruric Thar, the Unbowed_SB": 2401, "Voldaren Epicure": 3274, "Ensoul Artifact": 877, "Darksteel Citadel": 627, "Shrapnel Blast": 2559, "Smuggler's Copter": 2626, "Rending Volley_SB": 2301, "Shadowspear_SB": 2525, "Voltage Surge_SB": 3278, "Bishop of Wings": 222, "Righteous Valkyrie": 2340, "Resplendent Marshal": 2313, "Collected Company": 516, "Portable Hole": 2142, "Branchloft Pathway": 319, "Cave of the Frost Dragon": 440, "Overgrown Farmland": 2032, "Temple Garden": 2857, "Eiganjo, Seat of the Empire": 830, "Brutal Cathar_SB": 361, "Reidane, God of the Worthy_SB": 2290, "Archon of Absolution_SB": 110, "Shapers' Sanctuary_SB": 2527, "Brave the Elements_SB": 321, "Heroic Intervention_SB": 1367, "Experimental Frenzy_SB": 922, "Claim // Fame": 494, "Infuriate": 1454, "Extinction Event": 929, "Castle Locthwain": 428, "Paradoxical Outcome": 2065, "Fetid Pools": 1019, "Yorion, Sky Nomad": 3379, "Stormcarved Coast": 2753, "Spikefield Hazard": 2681, "Izzet Charm": 1517, "Prismari Command": 2159, "Dynamite Diver": 814, "Guidelight Synergist": 1280, "Kolodin, Triumph Caster": 1615, "Burner Rocket": 370, "Cloudspire Skycycle": 509, "Frenzied Goblin": 1092, "Count on Luck": 576, "Doubling Season_SB": 754, "Fanatical Firebrand_SB": 960, "Reckless Lackey_SB": 2267, "Howlsquad Heavy_SB": 1414, "Rundvelt Hordemaster_SB": 2396, "District Mascot": 732, "Shivan Devastator": 2546, "Zimone, Paradox Sculptor": 3391, "Tyvar, the Pummeler_SB": 3110, "Zopandrel, Hunger Dominus_SB": 3395, "Aurelia, the Warleader": 153, "Gilded Ghoda": 1170, "Laughing Jasper Flint_SB": 1644, "Rocky Roads": 2368, "Lumbering Worldwagon_SB": 1734, "Cosmic Rebirth_SB": 573, "Etched Familiar": 905, "Drake Hatcher_SB": 774, "Eddymurk Crab_SB": 824, "Mimeoplasm, Revered One": 1834, "Devouring Sugarmaw": 706, "Amalia Benavides Aguirre_SB": 54, "Elas il-Kor, Sadistic Pilgrim_SB": 832, "Fiendish Panda_SB": 1022, "Knight of Dawn's Light_SB": 1603, "Spin Out_SB": 2682, "Ravine Raider_SB": 2248, "Cindering Cutthroat_SB": 488, "Steampath Charger_SB": 2730, "Risky Shortcut_SB": 2346, "Spectral Interference": 2665, "Ruthless Negotiation_SB": 2409, "Map the Frontier": 1780, "No Witnesses_SB": 1962, "Radiant Grove": 2205, "Streetwise Negotiator_SB": 2765, "Winter, Cursed Rider": 3346, "Silken Strength": 2570, "Divine Resilience": 740, "Greenhouse // Rickety Gazebo": 1258, "Mirror Room // Fractured Realm": 1847, "Become Brutes_SB": 207, "Mondrak, Glory Dominus_SB": 1886, "Goblin Oriflamme": 1219, "Spyglass Siren_SB": 2704, "Realm-Scorcher Hellkite": 2257, "Sentinel of Lost Lore_SB": 2513, "Herd Migration_SB": 1362, "Kykar, Zephyr Awakener": 1635, "The Huntsman's Redemption_SB": 2907, "Lathril, Blade of the Elves_SB": 1642, "Gixian Infiltrator_SB": 1184, "Armored Armadillo_SB": 122, "Gloryheath Lynx_SB": 1208, "Threefold Thunderhulk_SB": 2988, "Cryptcaller Chariot": 595, "Case of the Locked Hothouse": 419, "Primeval Bounty": 2156, "Karn, Living Legacy_SB": 1561, "Cursed Recording_SB": 611, "Thirsting Roots": 2952, "Gigantosaurus": 1168, "Llanowar Stalker": 1705, "Ghalta, Primal Hunger_SB": 1152, "Gigantosaurus_SB": 1169, "Disenchant": 717, "Captain Howler, Sea Scourge_SB": 403, "Mindsparker_SB": 1835, "Rangers' Refueler": 2235, "Meeting of Minds": 1809, "Steel Hellkite_SB": 2731, "The Stasis Coffin": 2936, "The Everflowing Well": 2900, "Kellan Joins Up": 1577, "Ovika, Enigma Goliath_SB": 2053, "Quaketusk Boar": 2192, "Leaping Ambush": 1653, "Bestow Greatness_SB": 213, "Raucous Theater_SB": 2246, "Flowstone Infusion_SB": 1066, "Alesha, Who Laughs at Fate_SB": 49, "Progenitor Exarch": 2165, "Agatha of the Vile Cauldron": 31, "Detention Chariot": 703, "Push the Limit": 2183, "Gallant Strike": 1120, "Thundering Broodwagon": 2998, "Primal Might_SB": 2155, "Reckless Handling": 2265, "Stern Lesson": 2736, "Stormkeld Vanguard_SB": 2757, "Moonshaker Cavalry_SB": 1894, "Bramble Familiar_SB": 316, "Annie Joins Up_SB": 81, "Ancient Den": 66, "Boros Garrison": 296, "Experimental Synthesizer": 923, "Galvanic Blast": 1121, "Glint Hawk": 1201, "Great Furnace": 1249, "Journey to Nowhere": 1539, "Kor Skyfisher": 1619, "Lembas": 1660, "Makeshift Munitions": 1768, "Relic of Progenitus": 2294, "Rustvale Bridge": 2405, "Thraben Inspector": 2973, "Dust to Dust_SB": 806, "Electrickery_SB": 834, "Prismatic Strands_SB": 2162, "Pyroblast_SB": 2184, "Red Elemental Blast_SB": 2275, "Relic of Progenitus_SB": 2295, "Boomerang": 288, "Brainstorm": 314, "Cryptic Serpent": 599, "Deep Analysis": 659, "Delver of Secrets": 678, "Dragon Wings": 767, "L\u00f3rien Revealed": 1746, "Mental Note": 1815, "Murmuring Mystic": 1917, "Ponder": 2141, "Sleep of the Dead": 2613, "Snow-Covered Island": 2633, "Blue Elemental Blast_SB": 274, "Deem Inferior_SB": 658, "Dispel_SB": 723, "Hydroblast_SB": 1427, "Jace's Phantasm_SB": 1521, "Murmuring Mystic_SB": 1918, "Sleep of the Dead_SB": 2614, "Radiant Fountain": 2204, "Goldmire Bridge": 1225, "Bojuka Bog": 276, "Orzhov Basilica": 2016, "Sunlit Marsh": 2788, "Troll of Khazad-d\u00fbm": 3074, "Eagles of the North": 815, "Dawnbringer Cleric": 631, "Omen of the Dead": 1999, "Cast Down": 426, "Accursed Marauder": 11, "Refurbished Familiar": 2282, "Vault of Whispers": 3217, "Suffocating Fumes": 2774, "Campfire_SB": 393, "Arms of Hadar_SB": 126, "Unmake_SB": 3145, "Accursed Marauder_SB": 12, "Cast Down_SB": 427, "Beckon Apparition_SB": 205, "Thraben Charm_SB": 2972, "Thorn of the Black Rose_SB": 2959, "Arashin Cleric_SB": 93, "Lazav, Wearer of Faces_SB": 1650, "Harmless Offering_SB": 1308, "Return Triumphant": 2334, "Souls of the Lost_SB": 2655, "Slickshot Lockpicker_SB": 2620, "Flashfreeze": 1046, "Sunpearl Kirin": 2789, "Heritage Reclamation_SB": 1364, "Magmatic Hellkite_SB": 1759, "Interface Ace": 1472, "Synchronized Charge": 2827, "Surrak, Elusive Hunter": 2807, "Surrak, Elusive Hunter_SB": 2808, "Elspeth, Storm Slayer": 846, "Rally the Monastery": 2229, "Cori Mountain Monastery": 559, "Dispelling Exhale": 724, "Jeskai Revelation": 1528, "Marang River Regent": 1781, "Shiko, Paragon of the Way": 2542, "Herd Heirloom": 1360, "Cori-Steel Cutter": 560, "Jeskai Revelation_SB": 1529, "Voice of Victory_SB": 3268, "Desperate Measures": 697, "Rot-Curse Rakshasa": 2379, "Tersa Lightshatter": 2880, "Elspeth, Storm Slayer_SB": 847, "United Battlefront": 3143, "Sandsteppe Citadel": 2424, "Skirmish Rhino": 2587, "Sage of the Skies_SB": 2414, "Winternight Stories": 3347, "Auroral Procession": 154, "Opulent Palace": 2010, "Rakshasa's Bargain": 2224, "Mistrise Village": 1859, "Tersa Lightshatter_SB": 2881, "Glacial Dragonhunt": 1186, "Rediscover the Way": 2278, "Kishla Village": 1596, "Restless Vents_SB": 2331, "Gilded Lotus_SB": 1171, "Roiling Dragonstorm": 2372, "Magmatic Hellkite": 1758, "Sarkhan, Dragon Ascendant": 2434, "Pit of Offerings": 2120, "Static Snare_SB": 2725, "Kayla's Reconstruction_SB": 1571, "Unending Whisper": 3132, "Cori-Steel Cutter_SB": 561, "Mystic Monastery": 1922, "Stormshriek Feral": 2758, "Stormshriek Feral_SB": 2759, "Wild Ride": 3332, "Gulping Scraptrap": 1281, "Static Snare": 2724, "Frontline Rush": 1099, "Tempest Hawk": 2856, "Flamehold Grappler": 1042, "Cooped Up": 551, "Fresh Start_SB": 1094, "Two-Headed Hunter_SB": 3099, "Dalkovan Encampment": 620, "Frontier Bivouac": 1097, "Frostcliff Siege": 1100, "Duty Beyond Death_SB": 808, "Dragonologist": 772, "Scavenger Regent_SB": 2457, "Caustic Exhale": 437, "Disruptive Stormbrood": 726, "Scavenger Regent": 2454, "Qarsi Revenant_SB": 2189, "Ugin, Eye of the Storms": 3111, "Scavenger Regent // Exude Toxin // Scavenger Regent": 2455, "Bloomvine Regent": 269, "Great Arashin City": 1248, "Maelstrom of the Spirit Dragon": 1754, "Bulwark Ox_SB": 367, "Ugin, Eye of the Storms_SB": 3112, "New Way Forward": 1941, "Awaken the Honored Dead": 160, "Teval, Arbiter of Virtue": 2882, "Caustic Exhale_SB": 438, "Fangkeeper's Familiar_SB": 963, "Mandible Justiciar": 1776, "Dragon Sniper": 765, "Nature's Rhythm": 1929, "Broken Wings_SB": 353, "Devoted Duelist": 705, "Prowcatcher Specialist_SB": 2174, "Fortress Kin-Guard": 1082, "Salt Road Packbeast": 2420, "Inspiring Overseer_SB": 1469, "Salt Road Packbeast_SB": 2421, "Slumbering Keepguard": 2623, "The Princess Takes Flight": 2925, "Keldon Strike Team": 1575, "Sidisi, Regent of the Mire": 2563, "Gingerbrute_SB": 1174, "Undergrowth Leopard_SB": 3127, "Temur Tawnyback": 2871, "Eshki Dragonclaw": 894, "Spinewoods Paladin_SB": 2685, "Voidwing Hybrid": 3269, "Torpor Orb": 3044, "Mercurial Spelldancer": 1817, "Blightbelly Rat_SB": 246, "Encroaching Dragonstorm": 859, "Drakuseth, Maw of Flames": 775, "Breaching Dragonstorm": 328, "Molten Exhale": 1872, "Molten Exhale_SB": 1873, "Kishla Skimmer": 1595, "Roar of Endless Song_SB": 2360, "Songcrafter Mage": 2640, "Death Begets Life_SB": 648, "Qarsi Revenant": 2188, "Spectral Denial": 2663, "Overwhelming Surge_SB": 2052, "Corroding Dragonstorm": 564, "Clarion Conqueror_SB": 501, "Voice of Victory": 3267, "Bleachbone Verge_SB": 244, "Sage of the Skies": 2413, "Heritage Reclamation": 1363, "Helga, Skittish Seer": 1344, "Helga, Skittish Seer_SB": 1345, "Rakshasa's Bargain_SB": 2225, "Mistrise Village_SB": 1860, "Craterhoof Behemoth": 583, "Case of the Pilfered Proof": 421, "Coordinated Maneuver_SB": 554, "Winternight Stories_SB": 3348, "Craterhoof Behemoth_SB": 584, "Descendant of Storms": 691, "Severance Priest": 2523, "Yathan Roadwatcher": 3375, "Animist's Might": 75, "Marang River Regent_SB": 1782, "Stadium Headliner": 2710, "Scavenger Regent // Exude Toxin // Scavenger Regent_SB": 2456, "Don't Make a Sound_SB": 747, "Twists and Turns_SB": 3095, "Behind the Mask": 209, "Strategic Betrayal_SB": 2763, "Channeled Dragonfire": 467, "Seedglaive Mentor": 2503, "Sagu Wildling": 2415, "Dragonback Assault": 768, "Simulacrum Synthesizer_SB": 2578, "Ureni, the Song Unending": 3176, "Ringing Strike Mastery_SB": 2341, "Spectral Denial_SB": 2664, "Shiko, Paragon of the Way_SB": 2543, "Ureni, the Song Unending_SB": 3177, "Dispelling Exhale_SB": 725, "Twinmaw Stormbrood": 3091, "Fangkeeper's Familiar": 962, "Sinkhole Surveyor": 2580, "Muldrotha, the Gravetide_SB": 1911, "Fleeting Effigy": 1048, "Glacierwood Siege": 1187, "Disruptive Stormbrood_SB": 727, "Roiling Dragonstorm_SB": 2373, "Tinybones, Bauble Burglar_SB": 3013, "Dire Flail": 714, "Skullcap Snail": 2595, "Harried Spearguard": 1309, "Toxin Analysis_SB": 3049, "Rediscover the Way_SB": 2279, "Desperate Measures_SB": 698, "New Way Forward_SB": 1942, "Rotisserie Elemental_SB": 2380, "Dalkovan Packbeasts": 621, "Coordinated Maneuver": 553, "Mardu Devotee": 1787, "Warren Warleader_SB": 3311, "Toby, Beastie Befriender_SB": 3027, "Mardu Devotee_SB": 1788, "Resolute Reinforcements_SB": 2310, "Triumphant Chomp_SB": 3073, "Rampaging Raptor_SB": 2232, "Earthshaker Dreadmaw_SB": 818, "Temur Battlecrier": 2870, "Strategic Betrayal": 2762, "Dinotomaton": 713, "Dragon Whelp": 766, "Firespitter Whelp": 1038, "Mox Jasper": 1905, "Shivan Dragon": 2547, "Viashino Branchrider_SB": 3238, "Firebrand Archer_SB": 1035, "Twin Bolt_SB": 3085, "Rumbling Rockslide_SB": 2392, "Skyraker Giant_SB": 2604, "Breaching Dragonstorm_SB": 329, "Drakuseth, Maw of Flames_SB": 776, "Ticket Booth // Tunnel of Hate_SB": 3005, "All-Out Assault": 50, "Inevitable Defeat": 1447, "Neriv, Heart of the Storm": 1935, "Zurgo, Thunder's Decree": 3404, "Inevitable Defeat_SB": 1448, "Thunder of Unity_SB": 2997, "Windcrag Siege_SB": 3342, "Zurgo's Vanguard": 3403, "Duty Beyond Death": 807, "Kheru Goldkeeper": 1590, "Ambling Stormshell": 55, "Bedrock Tortoise": 208, "Ainok Wayfarer": 37, "Overwhelming Surge": 2051, "Stern Lesson_SB": 2737, "Rabid Bite": 2200, "Polliwallop": 2135, "Felothar, Dawn of the Abzan": 1013, "Channeled Dragonfire_SB": 468, "Corroding Dragonstorm_SB": 565, "Oracle of Tragedy_SB": 2012, "Mardu Siegebreaker": 1789, "Floriferous Vinewall": 1059, "Combat Courier": 530, "Clarion Conquerer_SB": 500, "Commune with Nature": 536, "Coordinated Clobbering": 552, "Take the Fall_SB": 2838, "Serum Snare_SB": 2520, "Infectious Bite_SB": 1450, "Stasis Snare": 2721, "Itzquinth, Firstborn of Gishath_SB": 1513, "Break the Spell": 333, "Treacherous Greed": 3062, "Intrepid Stablemaster": 1483, "Guardian Sunmare": 1274, "Skyserpent Seeker_SB": 2607, "Twitching Doll_SB": 3097, "Under the Skin_SB": 3123, "Tomb Trawler": 3036, "Hurkyl, Master Wizard_SB": 1423, "Moment of Truth_SB": 1879, "Helping Hand_SB": 1353, "Adarkar Wastes_SB": 18, "Floodfarm Verge_SB": 1056, "Meticulous Archive_SB": 1822, "Seachrome Coast_SB": 2482, "Take Out the Trash_SB": 2835, "Runescale Stormbrood": 2398, "Shocking Sharpshooter": 2551}}