{"vocabulary": {"Barbed Batterfist": 212, "Burst Lightning": 391, "Emberheart Challenger": 905, "Heartfire Hero": 1354, "Hired Claw": 1404, "Lightning Strike": 1706, "Manifold Mouse": 1819, "Monastery Swiftspear": 1924, "Monstrous Rage": 1930, "Mountain": 1941, "Rockface Village": 2434, "Screaming Nemesis": 2544, "Soulstone Sanctuary": 2746, "Witchstalker Frenzy": 3516, "Lithomantic Barrage_SB": 1729, "Pyroclasm_SB": 2257, "Sunspine Lynx_SB": 2918, "Torch the Tower_SB": 3196, "Witchstalker Frenzy_SB": 3517, "Adarkar Wastes": 20, "Caves of Koilos": 464, "Concealed Courtyard": 563, "Darkslick Shores": 658, "Defiled Crypt // Cadaver Lab": 703, "Fear of Isolation": 1030, "Go for the Throat": 1258, "Hopeless Nightmare": 1416, "Kaito, Bane of Nightmares": 1576, "Mockingbird": 1904, "Momentum Breaker": 1919, "Nowhere to Run": 2025, "Nurturing Pixie": 2029, "Optimistic Scavenger": 2061, "Restless Anchorage": 2380, "Seachrome Coast": 2551, "Stormchaser's Talent": 2852, "Swamp": 2938, "This Town Ain't Big Enough": 3107, "Underground River": 3287, "Destroy Evil_SB": 733, "Grim Bauble_SB": 1300, "Loran of the Third Path_SB": 1752, "No More Lies_SB": 2008, "Pest Control_SB": 2145, "Rest in Peace_SB": 2379, "Spell Pierce_SB": 2761, "Temporary Lockdown_SB": 3004, "Ghost Vacuum_SB": 1205, "Anoint with Affliction": 105, "Blooming Marsh": 297, "Bushwhack": 393, "Caustic Bronco": 457, "Cut Down": 643, "Duress": 845, "Gix's Command": 1225, "Llanowar Wastes": 1738, "Maelstrom Pulse": 1788, "Mosswood Dreadknight": 1939, "Phyrexian Obliterator": 2163, "Restless Cottage": 2384, "Sentinel of the Nameless City": 2589, "Sheoldred, the Apocalypse": 2626, "Wastewood Verge": 3471, "Duress_SB": 846, "Harvester of Misery_SB": 1336, "Nissa, Ascended Animist_SB": 2000, "Obstinate Baloth_SB": 2038, "Tear Asunder_SB": 2982, "Tranquil Frillback_SB": 3211, "Cacophony Scamp": 399, "Callous Sell-Sword": 414, "Copperline Gorge": 581, "Karplusan Forest": 1591, "Leyline of Resonance": 1690, "Might of the Meek": 1877, "Overprotect": 2105, "Slickshot Show-Off": 2707, "Snakeskin Veil": 2717, "Thornspire Verge": 3112, "Turn Inside Out": 3240, "Pawpatch Formation_SB": 2129, "Questing Druid_SB": 2270, "Destroy Evil": 732, "Island": 1525, "Preacher of the Schism": 2218, "Dreams of Steel and Oil_SB": 834, "Preacher of the Schism_SB": 2219, "Stock Up_SB": 2845, "Deep-Cavern Bat": 694, "Enduring Curiosity": 920, "Faerie Mastermind": 1004, "Floodpits Drowner": 1095, "Fountainport": 1122, "Gloomlake Verge": 1251, "Phantom Interference": 2147, "Restless Reef": 2387, "Spyglass Siren": 2790, "Tishana's Tidebinder": 3175, "Anoint with Affliction_SB": 106, "Ertai Resurrected_SB": 939, "Faebloom Trick_SB": 1000, "Faerie Mastermind_SB": 1005, "Gix's Command_SB": 1226, "Negate_SB": 1977, "Sheoldred's Edict_SB": 2625, "Tishana's Tidebinder_SB": 3176, "Innkeeper's Talent": 1477, "Pawpatch Recruit": 2131, "Questing Druid": 2269, "Torch the Tower": 3195, "Battlefield Forge": 228, "Inspiring Vantage": 1490, "Lightning Helix": 1704, "Mabel, Heir to Cragflame": 1783, "Restless Bivouac": 2382, "Shardmage's Rescue": 2616, "Sheltered by Ghosts": 2621, "Sunbillow Verge": 2902, "Screaming Nemesis_SB": 2545, "Beza, the Bounding Spring": 251, "Blast Zone": 271, "Day of Judgment": 669, "Demolition Field": 711, "Floodfarm Verge": 1093, "Get Lost": 1190, "Horned Loch-Whale": 1418, "Jace, the Perfected Mind": 1539, "Meticulous Archive": 1869, "Negate": 1976, "No More Lies": 2007, "Overlord of the Mistmoors": 2103, "Plains": 2191, "Ride's End": 2407, "Stock Up": 2844, "Sunfall": 2905, "Temporary Lockdown": 3003, "Authority of the Consuls_SB": 178, "Beza, the Bounding Spring_SB": 252, "Boon-Bringer Valkyrie_SB": 323, "Kutzil's Flanker_SB": 1659, "Overlord of the Mistmoors_SB": 2104, "Wilt-Leaf Liege_SB": 3505, "Think Twice": 3102, "Three Steps Ahead": 3130, "Elspeth's Smite_SB": 895, "Three Steps Ahead_SB": 3131, "Abuelo's Awakening": 9, "Cavern of Souls": 461, "Chart a Course": 491, "Confounding Riddle": 567, "Ephara's Dispersal": 933, "Fallaji Archaeologist": 1007, "Invasion of Arcavios": 1507, "Moment of Truth": 1917, "Omniscience": 2052, "Oracle of Tragedy": 2063, "Day of Judgment_SB": 670, "Disenchant_SB": 758, "Grand Abolisher_SB": 1282, "Haunt the Network_SB": 1343, "Johann's Stopgap_SB": 1560, "Riptide Gearhulk_SB": 2415, "Soul Partition_SB": 2737, "This Town Ain't Big Enough_SB": 3108, "Bottomless Pool // Locker Room": 330, "Overlord of the Balemurk_SB": 2096, "Spell Pierce": 2760, "Blot Out_SB": 304, "Cut Down_SB": 644, "Get Out_SB": 1193, "Intimidation Tactics_SB": 1497, "Kaito, Bane of Nightmares_SB": 1577, "Malicious Eclipse_SB": 1817, "The Witch's Vanity_SB": 3098, "Analyze the Pollen": 79, "Forest": 1110, "Hedge Maze": 1361, "Hushwood Verge": 1435, "Leyline Binding": 1687, "Lush Portico": 1779, "Overlord of the Hauntwoods": 2101, "Razorverge Thicket": 2317, "Shadowy Backstreet": 2612, "Up the Beanstalk": 3326, "Zur, Eternal Schemer": 3580, "Atraxa, Grand Unifier_SB": 168, "The Stone Brain_SB": 3087, "Obliterating Bolt_SB": 2035, "Abhorrent Oculus": 2, "Elegant Parlor": 880, "Fear of Missing Out": 1032, "Guardian of New Benalia": 1308, "Helping Hand": 1371, "Monument to Endurance": 1932, "Phyrexian Dragon Engine": 2158, "Recommission": 2330, "Riverpyre Verge": 2427, "Scrapwork Mutt": 2541, "The Mycosynth Gardens": 3069, "Exorcise_SB": 981, "Sheltered by Ghosts_SB": 2622, "Bitter Reunion": 260, "Bounce Off": 334, "Inti, Seneschal of the Sun": 1493, "Proft's Eidetic Memory": 2229, "Shivan Reef": 2638, "Spirebluff Canal": 2778, "Steamcore Scholar": 2830, "Thundering Falls": 3150, "Brotherhood's End_SB": 376, "Disdainful Stroke_SB": 756, "Kaito, Cunning Infiltrator_SB": 1579, "Ral, Crackling Wit_SB": 2297, "Soul-Guide Lantern_SB": 2742, "The Filigree Sylex_SB": 3049, "Deduce": 690, "Sunken Citadel": 2908, "Devout Decree_SB": 741, "Jace, the Perfected Mind_SB": 1540, "Riverchurn Monument_SB": 2426, "Shrouded Shepherd_SB": 2651, "Change the Equation": 480, "Elspeth's Smite": 894, "Overlord of the Floodpits": 2099, "Soul Partition": 2736, "Dissection Tools_SB": 768, "Gloryheath Lynx_SB": 1254, "Ride's End_SB": 2408, "Scrollshift_SB": 2547, "Brightglass Gearhulk": 359, "Brushland": 378, "Dusk Rose Reliquary": 848, "Haywire Mite": 1347, "Lavaspur Boots": 1670, "Novice Inspector": 2024, "Regal Bunnicorn": 2344, "Restless Prairie": 2386, "Steel Seraph": 2833, "Teething Wurmlet": 2984, "Tough Cookie": 3202, "Warden of the Inner Sky": 3462, "Aven Interrupter_SB": 181, "Raise the Past_SB": 2290, "Split Up_SB": 2783, "Ancient Vendetta": 87, "Bleachbone Verge": 276, "Cease // Desist": 465, "Deadly Cover-Up": 677, "Exorcise": 980, "Kaya, Intangible Slayer": 1598, "Ketramose, the New Dawn": 1619, "Legions to Ashes": 1682, "Mazemind Tome": 1843, "Parting Gust": 2123, "Restless Fortress": 2385, "Soul Search": 2738, "The End": 3041, "Ancient Vendetta_SB": 88, "Binding Negotiation_SB": 256, "Unholy Annex // Ritual Chamber_SB": 3299, "Urza's Sylex_SB": 3340, "Overlord of the Balemurk": 2095, "Break the Spell_SB": 354, "Defiled Crypt // Cadaver Lab_SB": 704, "Doppelgang_SB": 794, "Elesh Norn, Mother of Machines_SB": 888, "Outrageous Robbery_SB": 2090, "Faebloom Trick": 999, "Shoot the Sheriff": 2645, "Spell Stutter": 2762, "Tinybones, the Pickpocket": 3173, "Blot Out": 303, "Oildeep Gearhulk": 2040, "Sheoldred's Edict": 2624, "Undercity Sewers": 3284, "Mazemind Tome_SB": 1844, "Sheoldred, the Apocalypse_SB": 2627, "Case of the Crimson Pulse_SB": 438, "Shock_SB": 2642, "Restless Ridgeline": 2389, "Pawpatch Recruit_SB": 2132, "Protect the Negotiators": 2241, "Enduring Innocence_SB": 923, "Into the Flood Maw_SB": 1499, "Authority of the Consuls": 177, "Caretaker's Talent": 431, "Carrot Cake": 435, "Enduring Innocence": 922, "Lay Down Arms": 1672, "Split Up": 2782, "Fabled Passage": 994, "Defabricate_SB": 698, "Get Lost_SB": 1191, "Season of Weaving_SB": 2563, "Unnerving Grasp_SB": 3308, "Pest Control": 2144, "Scrollshift": 2546, "Burst Lightning_SB": 392, "Dreadmaw's Ire_SB": 829, "Innkeeper's Talent_SB": 1478, "Manifold Mouse_SB": 1820, "Entity Tracker": 930, "Spiteful Hexmage": 2779, "Momentum Breaker_SB": 1920, "Overprotect_SB": 2106, "Blackcleave Cliffs": 266, "Restless Vents": 2392, "Sulfurous Springs": 2877, "Go for the Throat_SB": 1259, "Leyline of the Void_SB": 1694, "Get Out": 1192, "Final Vengeance_SB": 1070, "Glistening Deluge_SB": 1250, "Oildeep Gearhulk_SB": 2041, "Obstinate Baloth": 2037, "Choking Miasma_SB": 504, "Nowhere to Run_SB": 2026, "Founding the Third Path": 1120, "Picklock Prankster": 2170, "Zoraline, Cosmos Caller": 3577, "Basilisk Collar": 221, "Bitter Triumph": 262, "Thran Portal": 3123, "Monastery Mentor_SB": 1922, "Botanical Sanctum": 329, "Mirrex": 1892, "Restless Vinestalk": 2394, "Yavimaya Coast": 3544, "Agatha's Soul Cauldron": 42, "Azure Beastbinder": 194, "Gingerbrute": 1218, "Hard-Hitting Question": 1325, "Surge Engine": 2923, "Syr Ginger, the Meal Ender": 2957, "Zoetic Glyph": 3572, "Haywire Mite_SB": 1348, "Repulsive Mutation_SB": 2368, "Thrun, Breaker of Silence_SB": 3143, "Unable to Scream_SB": 3277, "Twisted Fealty_SB": 3251, "Llanowar Elves": 1733, "Mishra's Foundry": 1898, "Tear Asunder": 2981, "Thrun, Breaker of Silence": 3142, "Tranquil Frillback": 3210, "Maelstrom Pulse_SB": 1789, "The End_SB": 3042, "Ill-Timed Explosion": 1454, "Kitsa, Otterball Elite": 1636, "Chandra, Spark Hunter_SB": 479, "Become Brutes": 237, "Crumb and Get It": 621, "Demonic Ruckus": 719, "Feather of Flight": 1033, "Flowerfoot Swordmaster": 1100, "Spellbook Vendor": 2764, "Lightning Helix_SB": 1705, "Audacity": 169, "Scorching Shot": 2533, "Torch the Witness_SB": 3198, "Archfiend of the Dross": 131, "The Speed Demon": 3083, "Unholy Annex // Ritual Chamber": 3298, "Liliana of the Veil_SB": 1719, "Abrade_SB": 5, "Scorching Shot_SB": 2534, "Doomsday Excruciator": 790, "Harvester of Misery": 1335, "Change the Equation_SB": 481, "Deadly Cover-Up_SB": 678, "Overlord of the Floodpits_SB": 2100, "Urabrask's Forge_SB": 3330, "Into the Flood Maw": 1498, "Ertai Resurrected": 938, "Obliterating Bolt": 2034, "Protect the Negotiators_SB": 2242, "Cache Grab": 397, "Eddymurk Crab": 865, "Pawpatch Formation": 2128, "Seed of Hope": 2571, "Tolarian Terror": 3187, "Essence Scatter_SB": 953, "Ill-Timed Explosion_SB": 1455, "Wear Down_SB": 3480, "Scavenging Ooze": 2528, "The Stone Brain": 3086, "Giant Growth": 1210, "Lumbering Worldwagon": 1767, "Underground Mortuary": 3285, "Jaya, Fiery Negotiator_SB": 1545, "Gastal Thrillroller_SB": 1174, "Dead Weight": 674, "Kaya, Intangible Slayer_SB": 1599, "Bristlebud Farmer": 364, "Chandra, Spark Hunter": 478, "Commercial District": 559, "Nissa, Ascended Animist": 1999, "Tender Wildguide": 3007, "Reclamation Sage_SB": 2329, "The Mightstone and Weakstone_SB": 3065, "Dusk Rose Reliquary_SB": 849, "Atraxa, Grand Unifier": 167, "Dreams of Steel and Oil": 833, "Starfall Invocation": 2809, "Felonious Rage": 1051, "Count on Luck_SB": 607, "Threefold Thunderhulk_SB": 3137, "Archfiend of the Dross_SB": 132, "Virtue of Knowledge": 3406, "Enduring Vitality": 925, "Loot, the Pathfinder": 1750, "Song of Totentanz": 2726, "Thundertrap Trainer": 3154, "Valley Floodcaller": 3359, "Dreamdew Entrancer_SB": 831, "Fade from History_SB": 996, "Floodpits Drowner_SB": 1096, "Tyvar's Stand_SB": 3261, "Valley Floodcaller_SB": 3360, "Grim Bauble": 1299, "Liliana of the Veil": 1718, "Loran of the Third Path": 1751, "Giant Growth_SB": 1211, "Lodestone Needle": 1742, "Doomsday Excruciator_SB": 791, "Cheeky House-Mouse": 493, "Ephara's Dispersal_SB": 934, "Boros Charm_SB": 325, "Burnout Bashtronaut": 388, "Draconautics Engineer": 799, "Dropkick Bomber": 839, "Greasewrench Goblin": 1285, "Howlsquad Heavy": 1425, "Impact Tremors": 1463, "Krenko, Mob Boss": 1654, "Rundvelt Hordemaster": 2465, "Searslicer Goblin": 2557, "Agatha's Soul Cauldron_SB": 43, "Chainsaw_SB": 473, "Boros Charm": 324, "Taii Wakeen, Perfect Shot": 2961, "Invasion of Gobakhan_SB": 1512, "Stingerback Terror_SB": 2842, "Kellan, Planar Trailblazer": 1613, "Boltwave": 310, "Opt": 2059, "Restless Spire": 2390, "Sleight of Hand": 2701, "Shore Up_SB": 2648, "Sunder the Gateway_SB": 2904, "Cavern of Souls_SB": 462, "Artist's Talent": 143, "Blazemire Verge": 273, "Raucous Theater": 2311, "Cryptcaller Chariot": 626, "Ghost Vacuum": 1204, "Beseech the Mirror_SB": 243, "Shock": 2639, "Case of the Locked Hothouse": 442, "Walk-In Closet // Forgotten Cellar": 3455, "Scene of the Crime": 2530, "Aftermath Analyst": 39, "Nissa, Resurgent Animist": 2001, "Iridescent Vinelasher": 1522, "Virtue of Strength": 3412, "Loot, Exuberant Explorer": 1749, "Lumra, Bellow of the Woods": 1771, "Glissa Sunslayer": 1248, "Titania, Voice of Gaea": 3177, "Quag Feast": 2263, "Argoth, Sanctum of Nature": 136, "Freestrider Lookout": 1126, "Primeval Bounty": 2225, "Pick Your Poison_SB": 2169, "Scavenging Ooze_SB": 2529, "Nashi, Searcher in the Dark": 1971, "Doorkeeper Thrull_SB": 792, "Cathar Commando": 452, "Virtue of Loyalty": 3408, "The Last Ride": 3061, "Lord Skitter, Sewer King": 1757, "Sunfall_SB": 2906, "Virtue of Persistence_SB": 3411, "Kaito, Cunning Infiltrator": 1578, "Saiba Cryptomancer": 2490, "Spell Stutter_SB": 2763, "Ruin-Lurker Bat": 2461, "Essence Channeler": 950, "Amalia Benavides Aguirre": 69, "Elas il-Kor, Sadistic Pilgrim": 876, "Raise the Past": 2289, "Ajani's Pridemate": 50, "Lunar Convocation": 1772, "Three Tree City": 3132, "Lifecreed Duo": 1700, "Felidar Cub_SB": 1044, "Bitter Triumph_SB": 263, "Mendicant Core, Guidelight": 1859, "Cryptic Coat": 628, "Nesting Bot": 1982, "Lonely Arroyo": 1743, "Muraganda Raceway": 1950, "Simulacrum Synthesizer": 2665, "Perilous Snare": 2141, "The Mightstone and Weakstone": 3064, "Builder's Talent": 379, "Urza, Lord Protector": 3341, "Crawling Barrens": 613, "Sunspine Lynx": 2917, "Realmbreaker, the Invasion Tree_SB": 2320, "Breach the Multiverse_SB": 349, "Bitter Reunion_SB": 261, "Cenote Scout": 471, "Gnawing Vermin": 1257, "Hollow Marauder": 1406, "Huskburster Swarm": 1436, "Overwhelming Remorse": 2108, "Rubblebelt Maverick": 2457, "Souls of the Lost": 2744, "Deep-Cavern Bat_SB": 695, "Quag Feast_SB": 2264, "Scrapshooter_SB": 2540, "Starving Revenant_SB": 2822, "Disfigure_SB": 760, "Afterburner Expert": 38, "Dredger's Insight": 835, "Gastal Thrillroller": 1173, "Omnivorous Flytrap": 2054, "Patchwork Beastie": 2127, "Voldaren Thrillseeker": 3433, "Keen-Eyed Curator_SB": 1605, "Insidious Fungus_SB": 1484, "Clay-Fired Bricks": 525, "Kutzil's Flanker": 1658, "The Irencrag": 3059, "White Sun's Twilight": 3494, "Chimil, the Inner Sun_SB": 496, "Fountainport_SB": 1124, "Karn, Living Legacy_SB": 1590, "Mabel, Heir to Cragflame_SB": 1784, "Cosmic Rebirth_SB": 601, "Bat Colony": 224, "Calamitous Cave-In": 407, "Captivating Cave": 430, "Cavernous Maw": 463, "Forgotten Monument": 1112, "Gargantuan Leech": 1164, "Hidden Courtyard": 1388, "Hidden Necropolis": 1390, "Hidden Nursery": 1391, "Hidden Volcano": 1392, "Imodane's Recruiter": 1461, "Phyrexian Missionary": 2161, "Promising Vein": 2236, "Cease // Desist_SB": 466, "Hearth Elemental_SB": 1358, "Up the Beanstalk_SB": 3327, "Helpful Hunter": 1370, "Serra Paragon": 2601, "Ossification": 2074, "Sanguine Evangelist": 2505, "Herd Migration": 1381, "Smuggler's Surprise_SB": 2716, "Case of the Gateway Express": 440, "Gleeful Demolition": 1244, "Knight-Errant of Eos": 1639, "Resolute Reinforcements": 2375, "Chrome Host Seedshark_SB": 505, "Phyrexian Obliterator_SB": 2164, "Sentinel of the Nameless City_SB": 2590, "Voyage Home": 3442, "Fabrication Foundry": 995, "The Aetherspark": 3028, "Memory Guardian": 1857, "Repurposing Bay": 2369, "Perilous Snare_SB": 2142, "Thran Spider_SB": 3125, "Archangel Elspeth": 121, "Season of the Burrow": 2564, "Felidar Retreat": 1045, "Make Your Move_SB": 1806, "Temple of Deceit": 2992, "Feed the Swarm_SB": 1040, "Withering Torment_SB": 3519, "Kaito, Dancing Shadow_SB": 1581, "Collector's Cage": 547, "Sandstorm Salvager": 2502, "Valgavoth's Lair": 3348, "Stoic Sphinx_SB": 2848, "Minor Misstep_SB": 1888, "Kiora, the Rising Tide": 1629, "Marauding Mako": 1826, "Valgavoth, Terror Eater": 3351, "The Elder Dragon War": 3038, "Zombify": 3574, "Beseech the Mirror": 242, "Push // Pull": 2251, "Commune with Evil": 561, "Conduit Pylons": 564, "Koma, World-Eater": 1644, "Molten Collapse_SB": 1909, "Untimely Malfunction_SB": 3321, "Render Inert_SB": 2363, "Bilious Skulldweller": 253, "Bloated Contaminator": 284, "Fynn, the Fangbearer": 1150, "Infectious Bite": 1471, "Necrogen Communion": 1974, "Royal Treatment": 2455, "Thirsting Roots": 3106, "Tyvar's Stand": 3260, "Venerated Rotpriest": 3383, "Vivien Reid_SB": 3422, "Fanatical Firebrand": 1010, "Amonkhet Raceway": 75, "Soul-Guide Lantern": 2741, "Calamity's Wake_SB": 408, "Cathar Commando_SB": 453, "Ruthless Negotiation_SB": 2475, "Willowrush Verge": 3503, "Angelic Intervention": 92, "Poison Dart Frog": 2201, "Heaped Harvest": 1353, "Restricted Office // Lecture Hall": 2397, "Getaway Glamer": 1194, "Goldvein Hydra": 1269, "Mirror Room // Fractured Realm": 1893, "Long River's Pull": 1746, "Final Showdown": 1067, "Fae Flight": 997, "Shore Up": 2647, "Witness Protection_SB": 3521, "Unflinching Courage_SB": 3297, "Inquisitive Glimmer_SB": 1480, "Final Showdown_SB": 1068, "Festival of Embers": 1059, "Ral, Crackling Wit": 2296, "Roaring Furnace // Steaming Sauna": 2430, "Cursed Recording_SB": 642, "Glass Casket": 1238, "Unstable Glyphbridge": 3313, "Braided Net": 338, "Thran Spider": 3124, "Spring-Loaded Sawblades": 2787, "Fomori Vault": 1108, "Boltwave_SB": 311, "Murky Sewer": 1953, "Spectral Sailor": 2758, "The Eternal Wanderer": 3045, "Stroke of Midnight": 2867, "Serra Paragon_SB": 2602, "Warleader's Call": 3463, "Requisition Raid": 2370, "Clockwork Percussionist": 531, "Surge of Salvation_SB": 2926, "Yotian Frontliner": 3548, "Requisition Raid_SB": 2371, "Warleader's Call_SB": 3464, "Reclamation Sage": 2328, "Say Its Name": 2512, "Altanak, the Thrice-Called": 68, "Defend the Rider": 699, "Enter the Enigma": 929, "Venerated Rotpriest_SB": 3384, "Mockingbird_SB": 1905, "Ivy, Gleeful Spellthief_SB": 1531, "Dive Down_SB": 778, "Defend the Rider_SB": 700, "Deeproot Pilgrimage": 696, "Mindspring Merfolk": 1885, "Forensic Researcher": 1109, "Vodalian Hexcatcher": 3424, "Rangers' Refueler": 2303, "Meeting of Minds": 1849, "Bounce Off_SB": 335, "Sword of Forge and Frontier_SB": 2945, "Riptide Gearhulk": 2414, "Enduring Courage": 918, "Lich-Knights' Conquest": 1697, "Case of the Stashed Skeleton": 444, "Cruelclaw's Heist_SB": 620, "The Eternal Wanderer_SB": 3046, "Haunt the Network": 1342, "Long River's Pull_SB": 1747, "Alesha, Who Laughs at Fate": 62, "Gastal Thrillseeker": 1175, "Molten Collapse": 1908, "Far Fortune, End Boss": 1017, "Bloodghast": 288, "Radiant Lotus": 2283, "The Enigma Jewel": 3044, "Boommobile": 320, "Genesis Wave": 1181, "Collector's Vault": 549, "Leyline Axe": 1686, "Chimil, the Inner Sun": 495, "Torpor Orb_SB": 3201, "Aetherize_SB": 37, "Steel Hellkite_SB": 2832, "Feldon's Cane_SB": 1041, "Ethereal Armor": 961, "Grand Entryway // Elegant Rotunda": 1283, "Gremlin Tamer": 1293, "Inquisitive Glimmer": 1479, "Silent Hallcreeper": 2659, "Crystal Barricade_SB": 632, "Ossification_SB": 2075, "Pyroclasm": 2256, "Temple of Abandon": 2991, "Scorching Dragonfire_SB": 2532, "Servant of the Stinger": 2606, "Wildfire Wickerfolk": 3501, "Keen-Eyed Curator": 1604, "Wrenn and Realmbreaker": 3531, "Break Out": 352, "Violent Urge": 3402, "Beastie Beatdown": 232, "Aloe Alchemist": 67, "Sword of Once and Future_SB": 2947, "No Witnesses": 2011, "Scorching Dragonfire": 2531, "Vengeful Possession_SB": 3389, "Ghalta, Primal Hunger": 1198, "Gigantosaurus": 1213, "Intrepid Paleontologist": 1502, "Llanowar Greenwidow": 1735, "Llanowar Stalker": 1737, "Molt Tender": 1907, "Monstrous Emergence": 1928, "Twitching Doll": 3253, "Wilt-Leaf Liege": 3504, "Ghalta, Primal Hunger_SB": 1199, "Gigantosaurus_SB": 1214, "Royal Treatment_SB": 2456, "Clamorous Ironclad": 515, "Scrounging Skyray": 2548, "Brass's Tunnel-Grinder": 346, "Disenchant": 757, "Captain Howler, Sea Scourge_SB": 429, "Skycrash_SB": 2682, "No One Left Behind": 2009, "Rona's Vortex": 2440, "Sorcerous Spyglass_SB": 2733, "Mindsparker_SB": 1883, "Gruff Triplets": 1303, "Starfall Invocation_SB": 2810, "Melira, the Living Cure": 1852, "Trostani, Three Whispers": 3233, "Scrapshooter": 2539, "Insidious Fungus": 1483, "Thunderous Velocipede": 3152, "Bulk Up": 381, "Quick Study": 2271, "Broadside Barrage": 368, "Refute": 2342, "Voracious Greatshark": 3437, "Season of Weaving": 2562, "Third Path Iconoclast_SB": 3105, "Parting Gust_SB": 2124, "Bonehoard Dracosaur": 315, "Brotherhood's End": 375, "Lukka, Bound to Ruin": 1765, "Overlord of the Boilerbilges": 2097, "Spinewoods Armadillo": 2774, "Trumpeting Carnosaur": 3235, "Vivien Reid": 3421, "Basilisk Collar_SB": 222, "Lukka, Bound to Ruin_SB": 1766, "Lord Skitter, Sewer King_SB": 1758, "Season of Gathering_SB": 2559, "Heroic Reinforcements_SB": 1387, "Elesh Norn, Mother of Machines": 887, "Werefox Bodyguard": 3484, "Locust Spray": 1741, "Malicious Eclipse": 1816, "Regal Caracal_SB": 2347, "Soulstone Sanctuary_SB": 2747, "The Stasis Coffin": 3085, "The Everflowing Well": 3047, "Conduit of Worlds": 565, "Tithing Blade": 3180, "Stormchaser's Talent_SB": 2853, "Bramble Familiar": 342, "Conspiracy Unraveler": 569, "Jace Reawakened": 1536, "Kellan Joins Up": 1610, "One with the Multiverse": 2056, "Impulse": 1467, "Step Between Worlds_SB": 2836, "Ovika, Enigma Goliath_SB": 2111, "Progenitus_SB": 2233, "Haughty Djinn": 1340, "Intimidation Tactics": 1496, "Greed's Gambit": 1290, "Coveted Falcon": 609, "Dawn's Truce_SB": 665, "Abhorrent Oculus_SB": 3, "Painter's Studio // Defaced Gallery": 2119, "Urborg Scavengers": 3334, "Immersturm Predator": 1459, "Twinflame Tyrant": 3245, "Smuggler's Surprise": 2715, "Calamity, Galloping Inferno": 409, "Bloodletter of Aclazotz": 290, "Unstoppable Slasher": 3316, "Terror of the Peaks": 3018, "Pyrotechnic Performer": 2258, "Invasion of Gobakhan": 1511, "Fugitive Codebreaker": 1142, "Slagstorm_SB": 2692, "Spectacular Pileup": 2753, "Aclazotz, Deepest Betrayal": 16, "Pillage the Bog": 2179, "Tyrranax Rex_SB": 3259, "Broodspinner": 373, "Insidious Roots": 1485, "Osteomancer Adept": 2076, "Snarling Gorehound": 2720, "Tyvar, Jubilant Brawler": 3262, "The Swarmweaver_SB": 3089, "Unstoppable Slasher_SB": 3317, "Chandra, Hope's Beacon": 476, "Quintorius Kand": 2272, "Farsight Ritual": 1018, "Experimental Augury": 985, "Crystal Grotto": 634, "Ojer Pakpatiq, Deepest Epoch": 2045, "Sire of Seven Deaths_SB": 2673, "Stroke of Midnight_SB": 2868, "Chitin Gravestalker": 497, "Urborg Lhurgoyf": 3332, "Season of Loss": 2560, "Blanchwood Prowler": 269, "Aclazotz, Deepest Betrayal_SB": 17, "Overgrown Zealot": 2092, "Quaketusk Boar": 2265, "Railway Brawler": 2287, "Slagstorm": 2691, "Ezrim, Agency Chief": 992, "Teferi, Temporal Pilgrim": 2985, "Urza's Sylex": 3339, "Snakeskin Veil_SB": 2718, "Cankerbloom": 424, "Cankerbloom_SB": 425, "Outpace Oblivion_SB": 2088, "Seraphic Steed": 2599, "Hellspur Posse Boss_SB": 1369, "Temple of Enlightenment": 2993, "Lost Jitte": 1759, "Bristly Bill, Spine Sower": 366, "Cruelclaw's Heist": 619, "Demonic Counsel": 715, "Tinybones Joins Up": 3169, "Market Gnome": 1831, "Anointed Peacekeeper_SB": 108, "Lavaspur Boots_SB": 1671, "Surge of Salvation": 2925, "Bladehold War-Whip": 268, "Rebel Salvo": 2323, "Rebel Salvo_SB": 2324, "Bestow Greatness_SB": 245, "Leaping Ambush": 1679, "Witch's Mark": 3515, "Raucous Theater_SB": 2312, "Wrenn's Resolve": 3533, "Rockface Village_SB": 2435, "Lumbering Worldwagon_SB": 1768, "Realmbreaker, the Invasion Tree": 2319, "Flowstone Infusion": 1101, "Flowstone Infusion_SB": 1102, "Unidentified Hovership": 3300, "Aegis Turtle_SB": 28, "Roaring Furnace // Steaming Sauna_SB": 2431, "Entity Tracker_SB": 931, "Thought-Stalker Warlock_SB": 3117, "Mu Yanling, Wind Rider": 1945, "Plumecreed Escort": 2199, "Subterranean Schooner": 2872, "Tectonic Hazard_SB": 2983, "Alesha, Who Laughs at Fate_SB": 63, "Terror Tide_SB": 3016, "Shrouded Shepherd": 2650, "Arcane Proxy": 119, "Binding Negotiation": 255, "Feed the Cycle": 1037, "Feed the Swarm": 1039, "Spellgyre": 2765, "Virtue of Persistence": 3410, "Soul Search_SB": 2739, "Forest_SB": 1111, "Koth, Fire of Resistance_SB": 1650, "Anointed Peacekeeper": 107, "Outrageous Robbery": 2089, "Archangel of Wrath": 125, "Arahbo, the First Fang": 117, "Basri, Tomorrow's Champion": 223, "Savannah Lions": 2510, "Skyknight Squire": 2685, "Regal Caracal": 2346, "Lifecraft Engine": 1698, "Gloryheath Lynx": 1253, "Progenitor Exarch": 2231, "Secluded Courtyard": 2567, "Sleep-Cursed Faerie": 2700, "Obyra, Dreaming Duelist": 2039, "Faerie Fencing": 1002, "Faerie Dreamthief": 1001, "Wishclaw Talisman": 3514, "Riverchurn Monument": 2425, "Rest in Peace": 2378, "Mountain_SB": 1942, "Visage of Dread_SB": 3417, "Redshift, Rocketeer Chief": 2338, "Kami of Whispered Hopes": 1585, "Tyvar, the Pummeler": 3264, "Agatha of the Vile Cauldron": 41, "Broadside Barrage_SB": 369, "Proft's Eidetic Memory_SB": 2230, "Temple of Triumph": 3000, "Skyseer's Chariot_SB": 2687, "Charming Scoundrel": 488, "Cunning Coyote": 637, "Painter's Studio // Defaced Gallery_SB": 2120, "Forsaken Miner": 1116, "Corpses of the Lost": 591, "Invasion of Karsus_SB": 1515, "Sab-Sunen, Luxa Embodied": 2478, "Heliod, the Radiant Dawn": 1365, "Leyline Binding_SB": 1688, "Detention Chariot": 736, "Push the Limit": 2253, "Valor's Flagship": 3363, "Gallant Strike": 1157, "Tune Up": 3238, "Thundering Broodwagon": 3149, "Horned Loch-Whale_SB": 1419, "Phyrexian Missionary_SB": 2162, "Vraska, Betrayal's Sting": 3449, "Debris Beetle": 686, "Vraska, Betrayal's Sting_SB": 3450, "Primal Might_SB": 2223, "Thousand Moons Smithy": 3118, "Legion Extruder": 1680, "Reckless Handling": 2325, "Chainsaw": 472, "Braided Net_SB": 339, "Unstable Glyphbridge_SB": 3314, "The Millennium Calendar_SB": 3066, "Steel Seraph_SB": 2834, "Highway Robbery": 1400, "Anthem of Champions": 109, "Roaming Throne": 2428, "Kutzil, Malamet Exemplar": 1660, "Sovereign Okinec Ahau": 2749, "Felidar Cub": 1043, "Fortune, Loyal Steed": 1119, "Overrun_SB": 2107, "Terisian Mindbreaker": 3008, "Fuel the Flames": 1140, "Stern Lesson": 2837, "Don't Make a Sound": 788, "Sphinx of the Final Word_SB": 2773, "Demolition Field_SB": 712, "Disfigure": 759, "Stormkeld Vanguard_SB": 2855, "Moonshaker Cavalry_SB": 1934, "Reenact the Crime": 2339, "Bramble Familiar_SB": 343, "Koma, World-Eater_SB": 1645, "Roxanne, Starfall Savant": 2453, "Outcaster Trailblazer": 2085, "Plaza of Heroes": 2198, "Etali, Primal Conqueror_SB": 956, "Annie Joins Up_SB": 100, "High Noon_SB": 1398, "Unwanted Remake_SB": 3323, "Omnivorous Flytrap_SB": 2055, "Hammerhand": 1321, "Lost Jitte_SB": 1760, "Magebane Lizard_SB": 1794, "Lightning Strike_SB": 1707, "Armored Scrapgorger": 140, "Bandit's Talent": 206, "Shardmage's Rescue_SB": 2617, "Abraded Bluffs": 6, "Ancient Den": 86, "Boros Garrison": 326, "Experimental Synthesizer": 986, "Galvanic Blast": 1160, "Glint Hawk": 1247, "Great Furnace": 1288, "Journey to Nowhere": 1566, "Kor Skyfisher": 1648, "Lembas": 1684, "Lightning Bolt": 1703, "Makeshift Munitions": 1811, "Relic of Progenitus": 2354, "Rustvale Bridge": 2471, "Thraben Charm": 3120, "Thraben Inspector": 3122, "Dust to Dust_SB": 852, "Electrickery_SB": 877, "Prismatic Strands_SB": 2228, "Pyroblast_SB": 2255, "Red Elemental Blast_SB": 2333, "Relic of Progenitus_SB": 2355, "Smash to Smithereens_SB": 2712, "Boomerang": 319, "Brainstorm": 341, "Counterspell": 608, "Cryptic Serpent": 630, "Deep Analysis": 693, "Delver of Secrets": 709, "Dragon Wings": 807, "L\u00f3rien Revealed": 1782, "Mental Note": 1861, "Murmuring Mystic": 1954, "Ponder": 2210, "Sleep of the Dead": 2698, "Snow-Covered Island": 2723, "Thought Scour": 3115, "Annul_SB": 104, "Blue Elemental Blast_SB": 305, "Deem Inferior_SB": 692, "Dispel_SB": 762, "Hydroblast_SB": 1438, "Jace's Phantasm_SB": 1538, "Murmuring Mystic_SB": 1955, "Sleep of the Dead_SB": 2699, "Radiant Fountain": 2281, "Goldmire Bridge": 1268, "Bojuka Bog": 308, "Orzhov Basilica": 2068, "Sunlit Marsh": 2909, "Troll of Khazad-d\u00fbm": 3232, "Eagles of the North": 859, "Dawnbringer Cleric": 666, "Omen of the Dead": 2051, "Deadly Dispute": 679, "Cast Down": 448, "Accursed Marauder": 14, "Refurbished Familiar": 2341, "Vault of Whispers": 3376, "Suffocating Fumes": 2874, "Campfire_SB": 416, "Arms of Hadar_SB": 141, "Unmake_SB": 3305, "Accursed Marauder_SB": 15, "Cast Down_SB": 449, "Tithing Blade_SB": 3181, "Beckon Apparition_SB": 236, "Thraben Charm_SB": 3121, "Nihil Spellbomb_SB": 1995, "Thorn of the Black Rose_SB": 3111, "Arashin Cleric_SB": 118, "Pilfer_SB": 2178, "Mirran Banesplitter": 1890, "Cryptic Coat_SB": 629, "Sun-Blessed Healer": 2900, "Unyielding Gatekeeper": 3324, "Sun-Blessed Healer_SB": 2901, "Lazav, Wearer of Faces_SB": 1677, "The Cruelty of Gix": 3031, "Dust Animus_SB": 851, "Skullcap Snail_SB": 2680, "The Witch's Vanity": 3097, "Invasion of Tarkir_SB": 1518, "Growing Rites of Itlimoc": 1302, "Invasion of Ixalan": 1514, "Invasion of Tarkir": 1517, "Tarnation Vista": 2975, "Hidetsugu's Second Rite_SB": 1396, "Song of Totentanz_SB": 2727, "Dimir Guildgate": 748, "Neutralize the Guards_SB": 1985, "The Aetherspark_SB": 3029, "Demonic Pact": 717, "Disturbing Mirth": 775, "Harmless Offering": 1331, "Temple of Malice": 2996, "Case of the Stashed Skeleton_SB": 445, "Harmless Offering_SB": 1332, "Dive Down": 777, "Arabella, Abandoned Doll": 115, "Return Triumphant": 2400, "Enduring Curiosity_SB": 921, "Herald of Eternal Dawn": 1374, "Herald of Eternal Dawn_SB": 1375, "Honest Rutstein": 1409, "Marchesa, Dealer of Death": 1827, "Relic of Legends": 2353, "Rona, Herald of Invasion": 2442, "Skyfisher Spider": 2683, "Squirming Emergence": 2798, "Glissa Sunslayer_SB": 1249, "Souls of the Lost_SB": 2745, "Delney, Streetwise Lookout": 708, "Betrayer's Bargain_SB": 248, "Stab_SB": 2801, "Botanical Brawler": 328, "District Mascot": 771, "Finneas, Ace Archer": 1073, "Hop to It": 1412, "Oakhollow Village": 2032, "Valley Mightcaller": 3361, "Wildwood Scourge": 3502, "Ajani, Sleeper Agent_SB": 53, "Mold Adder_SB": 1906, "Geological Appraiser": 1185, "Unable to Scream": 3276, "Glarb, Calamity's Augur": 1236, "Bruse Tarl, Roving Rancher": 377, "Case of the Crimson Pulse": 437, "Etali, Primal Conqueror": 955, "Render Inert": 2362, "Valgavoth's Faithful": 3346, "Radiant Grove": 2282, "Caretaker's Talent_SB": 432, "Ghostly Dancers": 1206, "Kayla's Reconstruction": 1602, "Tinybones, the Pickpocket_SB": 3174, "Gisa, the Hellraiser": 1222, "Slickshot Lockpicker_SB": 2706, "Boon-Bringer Valkyrie": 322, "Flashfreeze": 1087, "Phyrexian Vindicator": 2165, "Fear of Infinity": 1029, "Furnace Reins_SB": 1149, "Teferi, Temporal Pilgrim_SB": 2986, "Quintorius Kand_SB": 2273, "Shoot the Sheriff_SB": 2646, "Archangel Elspeth_SB": 122, "Essence Scatter": 952, "Cori-Steel Cutter": 588, "Drake Hatcher_SB": 823, "Drake Hatcher": 822, "Heritage Reclamation": 1382, "Scavenger Regent // Exude Toxin // Scavenger Regent": 2524, "Qarsi Revenant": 2260, "Strategic Betrayal_SB": 2865, "Karn's Sylex_SB": 1588, "Scavenger Regent // Exude Toxin // Scavenger Regent_SB": 2525, "Mistrise Village": 1901, "Roiling Dragonstorm": 2438, "Marang River Regent": 1821, "Jeskai Revelation_SB": 1551, "Voice of Victory_SB": 3427, "Clarion Conqueror_SB": 520, "Urgent Necropsy": 3337, "Rakshasa's Bargain": 2293, "Fangkeeper's Familiar": 1015, "Awaken the Honored Dead_SB": 186, "Heritage Reclamation_SB": 1383, "Rottenmouth Viper": 2449, "Fear of Impostors_SB": 1028, "Insatiable Avarice": 1481, "Phyrexian Arena": 2154, "Interface Ace": 1492, "Marketback Walker": 1833, "Rip, Spawn Hunter": 2413, "Sunpearl Kirin": 2910, "Synchronized Charge": 2952, "Callous Sell-Sword_SB": 415, "Magmatic Hellkite_SB": 1803, "Elspeth, Storm Slayer": 896, "Cori Mountain Monastery": 584, "Dispelling Exhale": 763, "Jeskai Revelation": 1550, "Shiko, Paragon of the Way": 2631, "Three Blind Mice": 3128, "Rally the Monastery": 2298, "Surrak, Elusive Hunter": 2930, "Surrak, Elusive Hunter_SB": 2931, "Desperate Measures": 730, "Rot-Curse Rakshasa": 2446, "Tersa Lightshatter": 3020, "Sage of the Skies_SB": 2484, "Elspeth, Storm Slayer_SB": 897, "United Battlefront": 3304, "Sandsteppe Citadel": 2501, "Skirmish Rhino": 2674, "Winternight Stories": 3512, "Herd Heirloom": 1379, "Assassin's Trophy": 155, "Auroral Procession": 175, "Opulent Palace": 2062, "Glacial Dragonhunt": 1231, "Tersa Lightshatter_SB": 3021, "Kishla Village": 1632, "Rediscover the Way": 2336, "Restless Vents_SB": 2393, "Gilded Lotus_SB": 1216, "Titania, Voice of Gaea_SB": 3178, "Hearth Elemental": 1357, "Drown in Ichor": 841, "Pestilent Syphoner": 2146, "Blightbelly Rat": 279, "Vraska's Fall": 3447, "Gulping Scraptrap": 1309, "Infectious Inquiry": 1473, "Consumed by Greed_SB": 572, "Fell_SB": 1049, "Magmatic Hellkite": 1802, "Sarkhan, Dragon Ascendant": 2508, "Sarkhan, Soul Aflame": 2509, "Dragonhawk, Fate's Tempest": 814, "Shivan Devastator": 2635, "Pit of Offerings": 2186, "Skyfisher Spider_SB": 2684, "Peculiar Lighthouse": 2134, "Skycrash": 2681, "Tail Swipe": 2962, "Blast Zone_SB": 272, "Static Snare_SB": 2827, "High Noon": 1397, "Kayla's Reconstruction_SB": 1603, "Assimilation Aegis_SB": 159, "No Witnesses_SB": 2012, "Fiery Annihilation_SB": 1062, "Unending Whisper": 3293, "Mystic Monastery": 1958, "Stormshriek Feral": 2859, "Stormshriek Feral_SB": 2860, "Wild Ride": 3496, "Ajani, Caller of the Pride_SB": 52, "Metropolis Reformer": 1872, "Vanish into Eternity_SB": 3375, "Rankle's Prank": 2304, "Urabrask's Forge": 3329, "Cryptcaller Chariot_SB": 627, "Fuel the Flames_SB": 1141, "Cori-Steel Cutter_SB": 589, "Tempest Hawk": 2990, "Frontline Rush": 1136, "The Wandering Rescuer": 3092, "Regal Bunnicorn_SB": 2345, "Count on Luck": 606, "Pia Nalaar, Consul of Revival": 2167, "Static Snare": 2826, "Jaya, Fiery Negotiator": 1544, "Flamehold Grappler": 1086, "Braids, Arisen Nightmare": 340, "Temple of Silence": 2999, "Cooped Up": 576, "Final Vengeance": 1069, "Slick Sequence": 2703, "Crash Through": 610, "Kellan, the Fae-Blooded": 1615, "Fresh Start_SB": 1131, "Frostcliff Siege": 1138, "Duty Beyond Death_SB": 854, "Dalkovan Encampment": 648, "Clifftop Lookout": 529, "Frontier Bivouac": 1134, "Caelorna, Coral Tyrant_SB": 406, "Dreadmaw's Ire": 828, "Two-Headed Hunter": 3255, "Two-Headed Hunter_SB": 3256, "Bartolom\u00e9 del Presidio": 216, "Gas Guzzler": 1170, "Greedy Freebooter": 1291, "Ruthless Lawbringer": 2472, "Vengeful Bloodwitch": 3386, "Zahur, Glory's Past": 3558, "Pile On_SB": 2176, "Ruthless Lawbringer_SB": 2473, "Elusive Otter": 900, "Abrade": 4, "Dragonologist": 818, "Zurgo and Ojutai": 3582, "Scavenger Regent_SB": 2526, "Caustic Exhale": 459, "Disruptive Stormbrood": 765, "Scavenger Regent": 2523, "Qarsi Revenant_SB": 2261, "Ancient Cornucopia": 84, "Awaken the Honored Dead": 185, "Bloomvine Regent": 298, "Teval, Arbiter of Virtue": 3022, "Ugin, Eye of the Storms": 3266, "Caustic Exhale_SB": 460, "Fangkeeper's Familiar_SB": 1016, "Armored Armadillo": 138, "Toadstool Admirer": 3182, "Calix, Guided by Fate": 411, "Tomakul Honor Guard": 3190, "Hunter's Talent": 1432, "Bulwark Ox_SB": 384, "Feather of Flight_SB": 1034, "Armored Armadillo_SB": 139, "The Swarmweaver": 3088, "Temple of Malady": 2995, "Ugin, Eye of the Storms_SB": 3267, "New Way Forward": 1986, "Abandoned Campground": 1, "Case of the Filched Falcon": 439, "Dollmaker's Shop // Porcelain Gallery": 786, "Gold Pan": 1266, "Loran's Escape": 1753, "Mandible Justiciar": 1818, "Norn's Inquisitor": 2016, "Branchblight Stalker": 345, "Ichorspit Basilisk": 1450, "Gaea's Gift": 1153, "Plague Nurse": 2190, "Ankle Biter": 95, "Flesh Burrower": 1091, "Axebane Ferox": 188, "Dragon Sniper": 804, "Bite Down": 258, "Nature's Rhythm": 1972, "Atraxa's Fall_SB": 165, "Broken Wings_SB": 371, "Voidwing Hybrid": 3428, "Torpor Orb": 3200, "Prologue to Phyresis": 2234, "Whisper of the Dross": 3489, "Mercurial Spelldancer": 1865, "Serum Snare": 2604, "Blightbelly Rat_SB": 280, "Bring the Ending_SB": 363, "Infectious Inquiry_SB": 1474, "Devoted Duelist": 739, "Raucous Carnival": 2310, "Viashino Pyromancer": 3396, "Prowcatcher Specialist_SB": 2243, "Wrenn's Resolve_SB": 3534, "Bloodfeather Phoenix": 285, "Grab the Prize": 1278, "Hidetsugu's Second Rite": 1395, "Ghitu Lavarunner_SB": 1203, "Highway Robbery_SB": 1401, "Fortress Kin-Guard": 1118, "Salt Road Packbeast": 2492, "Hinterland Sanctifier_SB": 1403, "Inspiring Overseer_SB": 1489, "Griffnaut Tracker_SB": 1298, "Salt Road Packbeast_SB": 2493, "Slumbering Keepguard": 2709, "The Princess Takes Flight": 3072, "Hopeful Vigil": 1415, "Tocasia's Welcome": 3185, "Loran's Escape_SB": 1754, "Deadly Riposte_SB": 682, "Coati Scavenger": 541, "Escape Tunnel": 943, "Keldon Strike Team": 1608, "Sidisi, Regent of the Mire": 2656, "Strangled Cemetery": 2863, "Urborg Repossession": 3333, "Ambush Wolf_SB": 74, "Fog of War_SB": 1107, "Gingerbrute_SB": 1219, "Undergrowth Leopard_SB": 3290, "Voracious Varmint_SB": 3439, "Encroaching Dragonstorm": 914, "Drakuseth, Maw of Flames": 824, "Sire of Seven Deaths": 2672, "Breaching Dragonstorm": 350, "Molten Exhale": 1911, "Molten Exhale_SB": 1912, "Temur Tawnyback": 3006, "Eshki Dragonclaw": 945, "Swiftwater Cliffs": 2943, "Rugged Highlands": 2460, "Thornwood Falls": 3114, "Brave the Wilds": 347, "Monstrous Emergence_SB": 1929, "Spinewoods Paladin_SB": 2775, "Songcrafter Mage": 2728, "Death Begets Life_SB": 683, "Phantom Interference_SB": 2148, "Great Arashin City": 1286, "Maelstrom of the Spirit Dragon": 1790, "Kishla Skimmer": 1631, "Roar of Endless Song_SB": 2429, "Flashfreeze_SB": 1088, "Spectral Denial": 2754, "Overwhelming Surge_SB": 2110, "Bandit's Talent_SB": 207, "Tinybones Joins Up_SB": 3170, "Slickshot Show-Off_SB": 2708, "The Filigree Sylex": 3048, "Corroding Dragonstorm": 592, "Fleeting Effigy": 1089, "Sage of the Skies": 2483, "The Cruelty of Gix_SB": 3032, "Bleachbone Verge_SB": 277, "Ketramose, the New Dawn_SB": 1620, "Swamp_SB": 2939, "Voice of Victory": 3426, "Chandra, Hope's Beacon_SB": 477, "Fiery Annihilation": 1061, "Helga, Skittish Seer": 1363, "Helga, Skittish Seer_SB": 1364, "Craterhoof Behemoth": 611, "Unscrupulous Agent": 3311, "Rakshasa's Bargain_SB": 2294, "Recommission_SB": 2331, "Imodane's Recruiter_SB": 1462, "White Sun's Twilight_SB": 3495, "Demonic Ruckus_SB": 720, "Mistrise Village_SB": 1902, "Zurgo and Ojutai_SB": 3583, "Fallaji Archaeologist_SB": 1008, "Harried Spearguard": 1333, "Deathmark_SB": 685, "Toxin Analysis_SB": 3205, "Case of the Pilfered Proof": 443, "Coordinated Maneuver_SB": 579, "Spring-Loaded Sawblades_SB": 2788, "Seal from Existence": 2553, "Winternight Stories_SB": 3513, "Craterhoof Behemoth_SB": 612, "Coppercoat Vanguard": 580, "Descendant of Storms": 723, "Fortified Beachhead": 1117, "Harbin, Vanguard Aviator": 1322, "Hinterland Sanctifier": 1402, "Recruitment Officer": 2332, "Zephyr Sentinel": 3564, "Rediscover the Way_SB": 2337, "Shiko, Paragon of the Way_SB": 2632, "Severance Priest": 2608, "Yathan Roadwatcher": 3542, "Dissection Tools": 767, "Hedron Archive": 1362, "Caustic Bronco_SB": 458, "Unsummon": 3318, "Eddymurk Crab_SB": 866, "Ureni, the Song Unending_SB": 3336, "Restless Anchorage_SB": 2381, "Razorkin Needlehead_SB": 2315, "Animist's Might": 94, "Flourishing Bloom-Kin": 1098, "Kona, Rescue Beastie": 1646, "Polukranos Reborn": 2207, "Tail Swipe_SB": 2963, "Kellan, Daring Traveler": 1611, "Marang River Regent_SB": 1824, "Tolarian Terror_SB": 3188, "Capricious Hellraiser": 428, "Chandra, Flameshaper": 474, "Fires of Victory": 1079, "Virtue of Knowledge_SB": 3407, "Case of the Uneaten Feast": 446, "Starscape Cleric": 2818, "Darkstar Augur": 660, "Starscape Cleric_SB": 2819, "Don't Make a Sound_SB": 789, "Abuelo's Awakening_SB": 10, "Valgavoth's Onslaught": 3349, "Festering Gulch": 1058, "Reckless Lackey": 2326, "Stadium Headliner": 2802, "Voyager Glidecar": 3443, "Tinker's Tote": 3168, "Assimilation Aegis": 158, "Surgical Suite // Hospital Room": 2927, "Filter Out_SB": 1066, "Twists and Turns_SB": 3252, "Unsummon_SB": 3319, "Sunder the Gateway": 2903, "Kitesail Larcenist": 1633, "The Wandering Rescuer_SB": 3093, "Diversion Unit_SB": 779, "Talion, the Kindly Lord": 2971, "Valor's Flagship_SB": 3364, "Behind the Mask": 239, "Splitskin Doll": 2784, "Sagu Wildling": 2485, "Moment of Craving": 1913, "Dragonback Assault": 809, "Moment of Craving_SB": 1914, "Thornvault Forager": 3113, "Curious Forager": 640, "Channeled Dragonfire": 482, "Seedglaive Mentor": 2573, "Ajani, Caller of the Pride": 51, "Joust Through": 1567, "Aven Interrupter": 180, "Cityscape Leveler": 512, "Bonehoard Dracosaur_SB": 316, "Cityscape Leveler_SB": 513, "Simulacrum Synthesizer_SB": 2666, "Glass Casket_SB": 1239, "Arid Archway": 137, "Colossal Rattlewurm": 551, "Ureni, the Song Unending": 3335, "Ringing Strike Mastery_SB": 2411, "Spectral Denial_SB": 2755, "Dispelling Exhale_SB": 764, "Twinmaw Stormbrood": 3247, "Urgent Necropsy_SB": 3338, "Gix, Yawgmoth Praetor": 1227, "Sinkhole Surveyor": 2670, "Drannith Ruins": 827, "Monstrous Rage_SB": 1931, "The Princess Takes Flight_SB": 3073, "Surgical Suite // Hospital Room_SB": 2928, "Monument to Endurance_SB": 1933, "Broodheart Engine": 372, "Vaultborn Tyrant": 3377, "Ghalta, Stampede Tyrant": 1200, "Live or Die": 1730, "Hidden Grotto": 1389, "Muldrotha, the Gravetide_SB": 1949, "Rite of the Moth": 2421, "Wail of the Forgotten": 3454, "Glacierwood Siege": 1234, "Disruptive Stormbrood_SB": 766, "Tinybones, Bauble Burglar_SB": 3172, "Roiling Dragonstorm_SB": 2439, "Dire Flail": 753, "Skullcap Snail": 2679, "Radiant Lotus_SB": 2284, "Boommobile_SB": 321, "Gev, Scaled Scorch": 1196, "Fireglass Mentor": 1078, "Flamecache Gecko": 1085, "Laughing Jasper Flint": 1668, "Ball Lightning": 198, "Mudflat Village": 1946, "Phyrexian Arena_SB": 2155, "Desperate Measures_SB": 731, "Coalstoke Gearhulk": 540, "Spelunking": 2768, "Archangel of Wrath_SB": 126, "Swooping Lookout": 2944, "Corrupted Conviction": 596, "Magebane Lizard": 1793, "Candy Trail": 422, "Aetherize": 36, "Untimely Malfunction": 3320, "Infestation Sage": 1475, "Arcanis the Omnipotent": 120, "Garruk's Uprising_SB": 1169, "Dreamdew Entrancer": 830, "Migloz, Maze Crusher_SB": 1881, "Azure Beastbinder_SB": 195, "Volcanic Spite": 3431, "Overlord of the Boilerbilges_SB": 2098, "New Way Forward_SB": 1987, "Crawling Chorus": 614, "Annex Sentry": 96, "Skrelv, Defector Mite": 2677, "Slaughter Singer": 2694, "Trash the Town": 3214, "Divine Resilience": 782, "Phyrexian Censor_SB": 2157, "Dewdrop Cure_SB": 743, "Rotisserie Elemental_SB": 2448, "Dalkovan Packbeasts": 649, "Webstrike Elite": 3481, "See Double_SB": 2570, "Knight of Grace_SB": 1638, "Malcolm, Alluring Scoundrel": 1814, "Dewdrop Cure": 742, "Coordinated Maneuver": 578, "Razorkin Needlehead": 2314, "Trial of Agony_SB": 3224, "Tranquil Cove_SB": 3209, "Wrenn and Realmbreaker_SB": 3532, "Warren Warleader": 3466, "Toby, Beastie Befriender": 3183, "Mardu Devotee": 1828, "Warren Warleader_SB": 3467, "Toby, Beastie Befriender_SB": 3184, "Mardu Devotee_SB": 1829, "Season of the Burrow_SB": 2565, "Resolute Reinforcements_SB": 2376, "Regal Imperiosaur": 2348, "Pugnacious Hammerskull": 2246, "Triumphant Chomp": 3230, "Belligerent Yearling": 240, "Ixalli's Lorekeeper": 1532, "Scytheclaw Raptor": 2549, "Itzquinth, Firstborn of Gishath": 1528, "Triumphant Chomp_SB": 3231, "Rampaging Raptor_SB": 2301, "Earthshaker Dreadmaw_SB": 860, "Temur Battlecrier": 3005, "Roxanne, Starfall Savant_SB": 2454, "Curate": 638, "Strategic Betrayal": 2864, "Dinotomaton": 749, "Dragon Fodder": 803, "Dragon Whelp": 806, "Dragonlord's Servant": 816, "Firespitter Whelp": 1082, "Kolaghan Warmonger": 1642, "Koth, Fire of Resistance": 1649, "Mox Jasper": 1943, "Shivan Dragon": 2637, "Goblin Oriflamme": 1260, "Roc Hunter": 2432, "Viashino Branchrider_SB": 3395, "Firebrand Archer_SB": 1077, "Twin Bolt_SB": 3242, "Rumbling Rockslide_SB": 2463, "Skyraker Giant_SB": 2686, "Breaching Dragonstorm_SB": 351, "Drakuseth, Maw of Flames_SB": 825, "Glassworks // Shattered Yard_SB": 1241, "Ticket Booth // Tunnel of Hate_SB": 3156, "Zurgo's Vanguard": 3584, "Duty Beyond Death": 853, "Jawbone Duelist": 1543, "The Seedcore": 3077, "Annex Sentry_SB": 97, "Repulsive Mutation": 2367, "Kheru Goldkeeper": 1622, "Squee, Dubious Monarch": 2795, "Samut, Vizier of Naktamun": 2498, "Doppelgang": 793, "Ambling Stormshell": 70, "Bedrock Tortoise": 238, "Fecund Greenshell": 1035, "Blossoming Tortoise": 302, "Bonny Pall, Clearcutter": 317, "Silverback Elder_SB": 2663, "Mishra, Claimed by Gix": 1899, "All-Out Assault": 66, "Inevitable Defeat": 1469, "Neriv, Heart of the Storm": 1980, "Zurgo, Thunder's Decree": 3585, "Inevitable Defeat_SB": 1470, "Thunder of Unity_SB": 3148, "Windcrag Siege_SB": 3508, "Ainok Wayfarer": 48, "Overwhelming Surge": 2109, "Island_SB": 1526, "Stern Lesson_SB": 2838, "Bloodthirsty Conqueror": 292, "Rush of Dread": 2468, "Rush of Dread_SB": 2469, "Sentinel of Lost Lore": 2587, "Assassin's Trophy_SB": 156, "Blossoming Sands": 301, "Seasoned Warrenguard": 2566, "Valley Questcaller": 3362, "Burrowguard Mentor": 390, "Lupinflower Village": 1777, "Treeguard Duo": 3221, "Rabid Bite": 2278, "Polliwallop": 2206, "Temple of Epiphany": 2994, "Felothar, Dawn of the Abzan": 1053, "Mosswood Dreadknight_SB": 1940, "Massacre Wurm_SB": 1838, "Channeled Dragonfire_SB": 483, "Monastery Swiftspear_SB": 1925, "Etali's Favor": 954, "Primal Might": 2222, "Agonasaur Rex": 45, "Hulking Raptor": 1428, "Kambal, Profiteering Mayor": 1583, "Kambal, Profiteering Mayor_SB": 1584, "Kykar, Zephyr Awakener": 1662, "Pick Your Poison": 2168, "Expel the Interlopers_SB": 984, "Portal to Phyrexia": 2211, "Corroding Dragonstorm_SB": 593, "Oracle of Tragedy_SB": 2064, "Mardu Siegebreaker": 1830, "Phyrexian Fleshgorger": 2159, "Charming Prince": 487, "Rottenmouth Viper_SB": 2450, "Caught in the Crossfire_SB": 456, "Fumigate": 1145, "Unauthorized Exit": 3278, "Floriferous Vinewall": 1097, "Evangel of Synthesis": 966, "Stalactite Stalker": 2805, "Bovine Intervention_SB": 337, "Combat Courier": 553, "Planar Disruption_SB": 2194, "Gwenna, Eyes of Gaea": 1313, "Palani's Hatcher": 2122, "Kogla and Yidaro_SB": 1641, "Itzquinth, Firstborn of Gishath_SB": 1529, "Gumdrop Poisoner": 1310, "Gumdrop Poisoner_SB": 1311, "Zoraline, Cosmos Caller_SB": 3578, "Crystal Barricade": 631, "Treacherous Greed": 3219, "Heroic Reinforcements": 1386, "Thundertrap Trainer_SB": 3155, "Lush Oasis": 1778, "Skyserpent Seeker_SB": 2689, "Tomb Trawler": 3191, "Break the Spell": 353, "Haughty Djinn_SB": 1341, "Monastery Mentor": 1921, "Scalding Viper": 2518, "Aspirant's Ascent": 153, "Commune with Nature": 562, "Coordinated Clobbering": 577, "Ivy, Gleeful Spellthief": 1530, "An Offer You Can't Refuse_SB": 77, "Take the Fall_SB": 2968, "Serum Snare_SB": 2605, "Infectious Bite_SB": 1472, "Carnivorous Canopy_SB": 434, "Elusive Otter_SB": 901, "Hostile Investigator_SB": 1423, "Moment of Truth_SB": 1918, "Chart a Course_SB": 492, "Helping Hand_SB": 1372, "Founding the Third Path_SB": 1121, "Adarkar Wastes_SB": 21, "Floodfarm Verge_SB": 1094, "Meticulous Archive_SB": 1870, "Plains_SB": 2192, "Seachrome Coast_SB": 2552, "Abyssal Harvester_SB": 12, "Silver Scrutiny": 2661, "Arabella, Abandoned Doll_SB": 116, "The Speed Demon_SB": 3084, "Squee, Dubious Monarch_SB": 2796, "Clarion Conquerer_SB": 516, "Intrepid Stablemaster": 1505, "Wylie Duke, Atiin Hero": 3536, "Guardian Sunmare": 1306, "Elenda, Saint of Dusk": 884, "Thundering Falls_SB": 3151, "Kraul Whipcracker_SB": 1652, "Stasis Snare_SB": 2825, "Seal from Existence_SB": 2554, "Minor Misstep": 1887, "Jace Reawakened_SB": 1537, "Ayli, Eternal Pilgrim": 191, "Torch the Witness": 3197, "Balmor, Battlemage Captain": 200, "Duelist of the Mind": 844, "Runescale Stormbrood": 2466, "Stasis Snare": 2824, "Hurkyl, Master Wizard_SB": 1434, "Lithomantic Barrage": 1728, "Likeness Looter": 1716, "Lively Dirge": 1731, "Kraul Whipcracker": 1651, "Skrelv's Hive_SB": 2676, "Might of the Meek_SB": 1878, "Take Out the Trash_SB": 2964, "Grievous Wound": 1295, "Under the Skin": 3281, "Fell": 1048, "Evolving Wilds": 971, "Twitching Doll_SB": 3254, "Under the Skin_SB": 3282, "Bloodletter of Aclazotz_SB": 291, "Mondrak, Glory Dominus": 1926, "Furnace Punisher_SB": 1147, "Reasonable Doubt": 2321, "Leyline of Resonance_SB": 1691, "Turn Inside Out_SB": 3241, "The Ancient One": 3030, "Scalding Viper_SB": 2519, "The Infamous Cruelclaw": 3057, "Sanguine Evangelist_SB": 2506, "Twinmaw Stormbrood_SB": 3248, "Monastery Messenger": 1923, "Brineborn Cutthroat": 361, "Ghalta and Mavren": 1197, "Mishra's Command": 1897, "Staunch Crewmate": 2829, "Taurean Mauler": 2980, "Throne of the Grim Captain": 3139, "Warden of the Grove": 3460, "Bushwhack_SB": 394, "Nettle Guard_SB": 1984, "Annie Joins Up": 99, "Muerra, Trash Tactician": 1947, "The Jolly Balloon Man": 3060, "Clarion Conqueror // Clarion Conqueror_SB": 519, "Metropolis Reformer_SB": 1873, "Invasion of Ikoria": 1513, "Pile On": 2175, "Kaya, Spirits' Justice_SB": 1601, "Lunar Convocation_SB": 1773, "Kiora, the Rising Tide_SB": 1630, "Invasion of Tolvada": 1519, "Not Dead After All": 2018, "Nomad Outpost": 2013, "Sonic Shrieker": 2730, "Not Dead After All_SB": 2019, "Curator of Destinies_SB": 639, "Gleaming Barrier": 1242, "Neglected Manor": 1978, "Spinner of Souls": 2776, "The Sibsig Ceremony": 3080, "Purging Stormbrood_SB": 2250, "Liliana, Dreadhorde General_SB": 1721, "Demand Answers": 710, "Thrill of Possibility": 3138, "Kickoff Celebrations": 1623, "Sazacap's Brew": 2513, "Blazing Crescendo": 275, "Ezrim, Agency Chief_SB": 993, "Deduce_SB": 691, "Enduring Tenacity": 924, "Lord Skitter's Blessing": 1756, "Ayli, Eternal Pilgrim_SB": 192, "Kitesail Larcenist_SB": 1634, "Not on My Watch": 2020, "Not on My Watch_SB": 2021, "Virtue of Loyalty_SB": 3409, "Lay Down Arms_SB": 1673, "Stoic Sphinx": 2847, "Kaito, Dancing Shadow": 1580, "Nullpriest of Oblivion_SB": 2028, "Harbinger of the Tides": 1323, "Lyra Dawnbringer_SB": 1781, "Confounding Riddle_SB": 568, "Raging Battle Mouse": 2286, "Sharp-Eyed Rookie": 2619, "Twining Twins": 3246, "Distorted Curiosity": 769, "Skrelv's Hive": 2675, "Charge of the Mites_SB": 485, "Eaten by Piranhas_SB": 864, "Balustrade Wurm_SB": 204, "Combat Thresher": 555, "Windcrag Siege": 3507, "Sheoldred": 2623, "Glacial Dragonhunt_SB": 1232, "Dust Animus": 850, "Glarb, Calamity's Augur_SB": 1237, "Heliod, the Radiant Dawn_SB": 1366, "Soured Springs": 2748, "Ghostly Dancers_SB": 1207, "Phyrexian Censor": 2156, "Terror of the Peaks_SB": 3019, "Calamity, Galloping Inferno_SB": 410, "Kaya, Spirits' Justice": 1600, "Elenda, Saint of Dusk_SB": 885, "Akal Pakal, First Among Equals_SB": 55, "Goblin Surprise": 1261, "Cosmic Rebirth": 600, "Fires of Victory_SB": 1080, "Liliana, Dreadhorde General": 1720, "Anim Pakal, Thousandth Moon": 93, "Anafenza, Unyielding Lineage": 78, "Werefox Bodyguard_SB": 3485, "Gastal Raider_SB": 1172, "Vadmir, New Blood": 3345, "Nullpriest of Oblivion": 2027, "Prophetic Prism": 2238, "Thousand Moons Smithy_SB": 3119, "Refute_SB": 2343, "Thunderous Velocipede_SB": 3153, "Balustrade Wurm": 203, "Convenient Target_SB": 575, "Call a Surprise Witness": 412, "Clay Champion": 524, "Archdruid's Charm_SB": 128, "The Skullspore Nexus_SB": 3082, "Nesting Bot_SB": 1983, "Unidentified Hovership_SB": 3301, "Restricted Office // Lecture Hall_SB": 2398, "Scoured Barrens": 2536, "Bartolom\u00e9 del Presidio_SB": 217, "Herd Heirloom_SB": 1380, "Ashiok, Wicked Manipulator": 146, "Razorlash Transmogrant_SB": 2316, "Osseous Sticktwister": 2072, "Seeker's Folly_SB": 2578, "Decadent Dragon": 687, "Watcher of the Wayside": 3472, "Splash Portal": 2780, "Splash Portal_SB": 2781, "Stab": 2800, "Rakdos Joins Up": 2292, "Evolved Sleeper": 970, "Shadow-Rite Priest": 2611, "Decadent Dragon_SB": 688, "Autonomous Assembler": 179, "Riling Dawnbreaker": 2409, "Market Gnome_SB": 1832, "Scales of Shale": 2520, "Valley Flamecaller": 3357, "Hare Apparent": 1330, "Shocking Sharpshooter": 2643, "Kellan, Inquisitive Prodigy": 1612, "Dragonfire Blade": 813, "Melek, Reforged Researcher": 1851, "Pyrrhic Blast": 2259, "Kroxa and Kunoros": 1656, "Kutzil, Malamet Exemplar_SB": 1661, "Candy Grapple_SB": 421, "Valgavoth's Onslaught_SB": 3350, "Beastie Beatdown_SB": 233, "Bovine Intervention": 336, "Withering Torment": 3518, "Hopeless Nightmare_SB": 1417, "Leonin Vanguard": 1685, "Dawnwing Marshal": 668, "Forlorn Flats": 1113, "Vampire Gourmand": 3366, "Vampiric Rites_SB": 3370, "Fear of Lost Teeth_SB": 1031, "Bloodghast_SB": 289, "Corrupted Conviction_SB": 597, "Vampire Gourmand_SB": 3367, "Karumonix, the Rat King": 1593, "Persistent Marshstalker": 2143, "Vren, the Relentless": 3451, "Breach the Multiverse": 348, "Hidetsugu and Kairi": 1393, "Giant Cindermaw": 1209, "Rampaging Raptor": 2300, "Thrashing Brontodon": 3126, "Yarus, Roar of the Old Gods": 3541, "Sinkhole Surveyor_SB": 2671, "Branch of Vitu-Ghazi": 344, "Dragon Sniper_SB": 805, "Legions to Ashes_SB": 1683, "Unyielding Gatekeeper_SB": 3325, "Revenge of the Rats": 2404, "Season of Loss_SB": 2561, "Thunder of Unity": 3147, "Shock Brigade": 2640, "Frontline Rush_SB": 1137, "Dalkovan Packbeasts_SB": 650, "Descendant of Storms_SB": 724, "Worthy Cost_SB": 3529, "War Effort_SB": 3457, "Shocking Sharpshooter_SB": 2644, "Geralf, the Fleshwright_SB": 1188, "Mossborn Hydra": 1937, "Dusk Legion Duelist": 847, "Servant of the Stinger_SB": 2607, "Blue Sun's Twilight": 306, "Trapped in the Screen": 3212, "Tranquil Cove": 3208, "Spectral Interference": 2756, "Deadly Riposte": 681, "Union of the Third Path_SB": 3303, "Derelict Attic // Widow's Walk_SB": 722, "Jagged Barrens": 1542, "Bloodfell Caves": 287, "Reigning Victor": 2349, "Worthy Cost": 3528, "Bone-Cairn Butcher": 313, "Salt Road Skirmish": 2494, "Starry-Eyed Skyrider": 2817, "Into the Roil": 1500, "Dismal Backwater": 761, "Dirgur Island Dragon": 754, "Ratcatcher Trainee": 2307, "Ral's Reinforcements": 2295, "Jungle Hollow": 1575, "Aatchik, Emerald Radian": 0, "Carrot Cake_SB": 436, "Family Reunion_SB": 1009, "Rise of the Varmints": 2417, "Undergrowth Leopard": 3289, "Grasping Longneck_SB": 1284, "Watcher of the Wayside_SB": 3473, "Drag to the Roots": 801, "Leyline of the Void": 1693, "Gremlin Tamer_SB": 1294, "Bottomless Pool // Locker Room_SB": 331, "Norn's Wellspring": 2017, "Case of the Uneaten Feast_SB": 447, "Unscrupulous Contractor": 3312, "Diabolic Intent": 744, "Gearbane Orangutan_SB": 1177, "Enduring Courage_SB": 919, "Spring Splasher": 2786, "Osseous Exhale": 2070, "Feldon, Ronom Excavator": 1042, "Return Triumphant_SB": 2401, "Ferocification_SB": 1056, "Annihilating Glare_SB": 102, "Unwanted Remake": 3322, "Eerie Interference_SB": 871, "Narset, Jeskai Waymaster": 1970, "Tyrranax Rex": 3258, "Frostcliff Siege_SB": 1139, "Archdruid's Charm": 127, "Webstrike Elite_SB": 3482, "Three Blind Mice_SB": 3129, "Soul of Windgrace": 2740, "Overlord of the Hauntwoods_SB": 2102, "Bloodfeather Phoenix_SB": 286, "Expel the Interlopers": 983, "Lasyd Prowler": 1667, "Sab-Sunen, Luxa Embodied_SB": 2479, "Gix, Yawgmoth Praetor_SB": 1228, "The Monumental Facade": 3068, "Ob Nixilis, Captive Kingpin": 2033, "All Will Be One": 64, "Encroaching Mycosynth": 915, "Gleaming Geardrake": 1243, "Krenko, Baron of Tin Street": 1653, "Worldwalker Helm": 3527, "Ice Out": 1445, "Crime Novelist": 615, "Breeches, Eager Pillager_SB": 356, "Long Goodbye": 1744, "Lightwheel Enhancements": 1715, "Fae Flight_SB": 998, "Kitsa, Otterball Elite_SB": 1637, "Insatiable Avarice_SB": 1482, "Convenient Target": 574, "Feral Encounter_SB": 1055, "Nature's Rhythm_SB": 1973, "Synchronized Charge_SB": 2953, "Viral Spawning_SB": 3404, "Agonasaur Rex_SB": 46, "Dredger's Insight_SB": 836, "Moment of Triumph": 1916, "Crumb and Get It_SB": 622, "Patchwork Banner": 2125, "Grafted Butcher": 1279, "Voidwing Hybrid_SB": 3429, "Divine Resilience_SB": 783, "Sphinx of Forgotten Lore_SB": 2772, "Restless Spire_SB": 2391, "Timeless Lotus": 3165, "Phyrexian Vindicator_SB": 2166, "Claim Jumper_SB": 514, "Joust Through_SB": 1568, "Thalia and The Gitrog Monster": 3026, "Niv-Mizzet, Supreme_SB": 2005, "Perennation_SB": 2139, "Karplusan Forest_SB": 1592, "Urabrask_SB": 3331, "Desecration Demon": 727, "Kiora, Sovereign of the Deep_SB": 1628, "Herbology Instructor_SB": 1378, "Baral and Kari Zev": 211, "Kalastria Highborn": 1582, "Feed the Cycle_SB": 1038, "Soulless Jailer_SB": 2743, "Cori Mountain Monastery_SB": 585, "Kitnap_SB": 1635, "Union of the Third Path": 3302, "Eluge, the Shoreless Sea": 898, "Mindsplice Apparatus": 1884, "Finale of Revelation": 1071, "Flow of Knowledge": 1099, "Time Stop_SB": 3164, "Think Twice_SB": 3103, "Finale of Revelation_SB": 1072, "Bring the Ending": 362, "Vraska's Fall_SB": 3448, "Giada, Font of Hope": 1208, "Youthful Valkyrie": 3552, "Exemplar of Light": 978, "Resplendent Angel": 2377, "Lyra Dawnbringer": 1780, "Essence Channeler_SB": 951, "Archangel of Tithes_SB": 124, "Cat Collector_SB": 451, "Subterranean Schooner_SB": 2873, "Cultivator's Caravan": 636, "Perforating Artist": 2140, "Dragon's Prey": 808, "Defibrillating Current": 702, "Healer's Hawk": 1352, "Banishing Light": 208, "Alesha's Legacy": 61, "Emerge from the Cocoon": 909, "Trial of Agony": 3223, "Midnight Mayhem": 1875, "Bone-Cairn Butcher_SB": 314, "Cori Mountain Stalwart_SB": 587, "Marshal of the Lost_SB": 1836, "Shock Brigade_SB": 2641, "Neriv, Heart of the Storm_SB": 1981, "Poised Practitioner_SB": 2200, "Bonny Pall, Clearcutter_SB": 318, "Liberator, Urza's Battlethopter": 1695, "Racers' Scoreboard": 2280, "War Squeak": 3458, "War Squeak_SB": 3459, "Ojer Pakpatiq, Deepest Epoch_SB": 2046, "Hauntwoods Shrieker": 1346, "Terror Tide": 3015, "Oblivious Bookworm": 2036, "Progenitus": 2232, "Fumigate_SB": 1146, "Analyze the Pollen_SB": 80, "Spelunking_SB": 2769, "Filter Out": 1065, "Rot-Curse Rakshasa_SB": 2447, "Eshki Dragonclaw_SB": 946, "Songcrafter Mage_SB": 2729, "Long Goodbye_SB": 1745, "Archangel of Tithes": 123, "Grand Abolisher": 1281, "Ertai's Scorn": 940, "Kemba, Kha Enduring": 1618, "Astor, Bearer of Blades": 162, "Hazoret, Godseeker_SB": 1351, "Grievous Wound_SB": 1296, "Aether Channeler": 32, "Smile at Death": 2713, "Charge of the Mites": 484, "Fynn, the Fangbearer_SB": 1151, "Eliminate the Impossible": 890, "Eliminate the Impossible_SB": 891, "Osteomancer Adept_SB": 2077, "Twisted Fealty": 3250, "Bulk Up_SB": 382, "Markov Baron": 1834, "Vraan, Executioner Thane": 3445, "Gatekeeper of Malakir": 1176, "Pulse Tracker": 2248, "Misery's Shadow": 1895, "Misery's Shadow_SB": 1896, "Vampire Nighthawk_SB": 3369, "Redcap Gutter-Dweller_SB": 2335, "Hero's Downfall": 1384, "Hero's Downfall_SB": 1385, "Desecration Demon_SB": 728, "Izoni, Center of the Web_SB": 1534, "Demonic Pact_SB": 718, "Lost in the Maze": 1761, "Magmakin Artillerist": 1800, "Stall Out_SB": 2806, "Flood the Engine_SB": 1092, "Whiskervale Forerunner": 3487, "Disdainful Stroke": 755, "Peer Past the Veil_SB": 2135, "Campus Guide_SB": 417, "Out Cold_SB": 2082, "Spyglass Siren_SB": 2791, "Underground River_SB": 3288, "Gloomlake Verge_SB": 1252, "Darkslick Shores_SB": 659, "Restless Reef_SB": 2388, "The Mycotyrant": 3070, "Bristling Backwoods": 365, "Thought-Stalker Warlock": 3116, "Aggressive Sabotage_SB": 44, "Scales of Shale_SB": 2521, "Gleeful Demolition_SB": 1245, "Cori Mountain Stalwart": 586, "Oko, the Ringleader_SB": 2049, "Cult Conscript": 635, "Colossification_SB": 552, "Temple of Plenty": 2998, "The Tale of Tamiyo": 3090, "Reject Imperfection_SB": 2350, "Seized from Slumber": 2583, "Rite of Renewal": 2419, "Luminous Rebuke": 1770, "Ichor Drinker": 1449, "Abzan Devotee": 13, "Gixian Puppeteer": 1230, "Khenra Spellspear": 1621, "Hugs, Grisly Guardian": 1427, "Migloz, Maze Crusher": 1880, "Dragonhawk, Fate's Tempest_SB": 815, "Swiftblade Vindicator": 2940, "Oltec Matterweaver": 2050, "Disturbing Mirth_SB": 776, "Encroaching Mycosynth_SB": 916, "Mortify_SB": 1936, "Solemn Simulacrum": 2725, "Orzhov Guildgate": 2069, "Boros Guildgate": 327, "Selesnya Guildgate": 2584, "Gruul Guildgate": 1304, "Circuitous Route": 509, "Golgari Guildgate": 1272, "Izzet Guildgate": 1535, "Simic Guildgate": 2664, "Azorius Guildgate": 193, "Maze's End": 1842, "Rakdos Guildgate": 2291, "Walk-In Closet // Forgotten Cellar_SB": 3456, "Dead Weight_SB": 675, "Draconautics Engineer_SB": 800, "Stadium Headliner_SB": 2803, "Vodalian Mindsinger_SB": 3425, "Phyrexian Fleshgorger_SB": 2160, "Scytheclaw Raptor_SB": 2550, "Bandit's Haul": 205, "Bumbleflower's Sharepot": 385, "Volt Charge": 3436, "Blue Sun's Twilight_SB": 307, "Betor, Kin to All": 246, "Danitha, New Benalia's Light": 652, "Danitha, New Benalia's Light_SB": 653, "Treasure Map": 3220, "Staff of Compleation": 2804, "Fear of Impostors": 1027, "Myrel, Shield of Argive_SB": 1956, "Jirina, Dauntless General_SB": 1558, "Necrogen Rotpriest": 1975, "Three Tree Mascot": 3133, "Great Arashin City_SB": 1287, "Hidetsugu and Kairi_SB": 1394, "Phoenix Chick": 2151, "Veloheart Bike": 3381, "Underground Mortuary_SB": 3286, "Tomik, Wielder of Law_SB": 3193, "Sylvan Scavenging": 2951, "Haunted Mire": 1345, "Purging Stormbrood": 2249, "Piercing Exhale": 2173, "Tocasia's Welcome_SB": 3186, "Volcanic Spite_SB": 3432, "Elesh Norn": 886, "Wind-Scarred Crag": 3506, "Jeskai Devotee": 1549, "Kin-Tree Nurturer": 1624, "Nightblade Brigade": 1994, "Stormplain Detainment": 2856, "Marshal of the Lost": 1835, "Sunset Strikemaster": 2914, "Seize Opportunity": 2581, "Dragonback Lancer": 811, "Venerated Stormsinger": 3385, "Leyline of the Guildpact": 1692, "Invasion of Arcavios_SB": 1508, "Zur, Eternal Schemer_SB": 3581, "Portal to Phyrexia_SB": 2212, "Tarrian's Journal_SB": 2977, "Slickshot Lockpicker": 2705, "Stormscale Scion": 2857, "Dracogenesis": 798, "Tempest Hart": 2989, "Guardian of Ghirapur": 1307, "Inspiring Overseer": 1488, "Youthful Valkyrie_SB": 3553, "Battlefield Forge_SB": 229, "Lightshield Parry": 1712, "Lightfoot Technique": 1702, "Distorted Curiosity_SB": 770, "Whisper of the Dross_SB": 3490, "Battle-Rage Blessing": 227, "Gnawing Crescendo": 1256, "Outlaws' Fury": 2086, "Ashnod's Intervention_SB": 148, "Gonti, Night Minister": 1274, "Lazav, Familiar Stranger": 1674, "Vren, the Relentless_SB": 3452, "Cheeky House-Mouse_SB": 494, "Ozolith, the Shattered Spire": 2113, "Hard-Hitting Question_SB": 1326, "Fear of Being Hunted": 1024, "Sword of Wealth and Power_SB": 2950, "Stormsplitter": 2861, "Stormsplitter_SB": 2862, "Balmor, Battlemage Captain_SB": 201, "Lazav, Familiar Stranger_SB": 1675, "Vengeful Bloodwitch_SB": 3387, "Rith, Liberated Primeval": 2422, "Disturbing Conversion": 773, "Djeru and Hazoret": 784, "Cacophony Scamp_SB": 400, "Samut, Vizier of Naktamun_SB": 2499, "Pilfer": 2177, "Visage Bandit": 3415, "Tyrox, Saurid Tyrant": 3257, "Cactusfolk Sureshot": 403, "Meticulous Excavation": 1871, "Hostile Investigator": 1422, "Blasphemous Edict_SB": 270, "Painful Quandary_SB": 2118, "Skrelv, Defector Mite_SB": 2678, "Sheoldred_SB": 2628, "Witness Protection": 3520, "Naga Fleshcrafter_SB": 1963, "Doubling Season_SB": 795, "Meathook Massacre II_SB": 1845, "Vaultborn Tyrant_SB": 3378, "Defossilize_SB": 707, "Valgavoth's Faithful_SB": 3347, "Banishing Light_SB": 209, "Buried in the Garden": 386, "Glimpse the Core": 1246, "Sagu Wildling_SB": 2486, "Host of the Hereafter_SB": 1421, "Bloomvine Regent_SB": 300, "Stillness in Motion_SB": 2839, "Stalwart Successor_SB": 2807, "Naga Fleshcrafter": 1962, "Valley Flamecaller_SB": 3358, "Lost in the Maze_SB": 1762, "Avenger of the Fallen_SB": 183, "Seize the Spoils": 2582, "Repair and Recharge": 2365, "Valgavoth, Terror Eater_SB": 3352, "Bloodthirsty Conqueror_SB": 293, "Brightglass Gearhulk_SB": 360, "Electroduplicate": 878, "Temple of Mystery": 2997, "Vengeful Possession": 3388, "Karn's Sylex": 1587, "Intimidation Campaign_SB": 1495, "Yathan Roadwatcher_SB": 3543, "Severance Priest_SB": 2609, "Hazoret, Godseeker": 1350, "Tomik, Wielder of Law": 3192, "Betrayer's Bargain": 247, "Assemble the Players": 157, "Neighborhood Guardian": 1979, "Citanul Stalwart": 510, "Dwynen's Elite": 856, "Dwynen, Gilt-Leaf Daen": 857, "Elvish Archdruid": 902, "Imperious Perfect": 1465, "Leaf-Crowned Visionary": 1678, "Llanowar Loamspeaker": 1736, "Wildborn Preserver": 3498, "Fauna Shaman_SB": 1023, "Imperious Perfect_SB": 1466, "Sentinel of Lost Lore_SB": 2588, "Tyvar, the Pummeler_SB": 3265, "Joshua, Phoenix's Dominant": 1564, "Lightning, Army of One_SB": 1709, "Opera Love Song": 2057, "Summon: Bahamut": 2878, "Summon: Knights of Round": 2889, "The Regalia_SB": 3075, "Cecil, Dark Knight": 467, "Dark Confidant": 655, "Astrologian's Planisphere": 163, "Starting Town": 2821, "Vivi Ornitier": 3419, "Fire Magic_SB": 1075, "Ultima": 3268, "Diamond Weapon": 746, "Town Greeter": 3203, "Huskburster Swarm_SB": 1437, "Tifa Lockhart": 3159, "Ambrosia Whiteheart": 71, "Exdeath, Void Warlock": 976, "Midgar, City of Mako": 1874, "Shifting Grift_SB": 2630, "Sidequest: Play Blitzball": 2654, "Garruk's Uprising": 1168, "Broken Wings": 370, "The Skullspore Nexus": 3081, "Yuna, Hope of Spira": 3554, "Zell Dincht": 3561, "Sabotender": 2480, "Summon: Titan": 2896, "Tifa Lockhart_SB": 3160, "Ordeal of Nylea": 2065, "Summon: Fenrir": 2885, "Sazh's Chocobo": 2516, "Ride the Shoopuf": 2405, "Warden of the Grove_SB": 3461, "Yotia Declares War": 3546, "Sawblade Skinripper": 2511, "Lagomos, Hand of Hatred": 1664, "Gixian Infiltrator": 1229, "Furnace Reins": 1148, "Annihilating Glare": 101, "River's Rebuke": 2423, "Jill, Shiva's Dominant": 1555, "Sleep Magic_SB": 2697, "Eluge, the Shoreless Sea_SB": 899, "Avenger of the Fallen": 182, "Sephiroth, Fabled SOLDIER": 2593, "Resentful Revelation": 2373, "Restoration Magic_SB": 2396, "Resentful Revelation_SB": 2374, "Summon: Brynhildr": 2880, "Overkill_SB": 2094, "Lindblum, Industrial Regency": 1723, "Geralf, the Fleshwright": 1187, "Felling Blow": 1050, "Claws Out": 523, "Good-Fortune Unicorn": 1277, "Wary Thespian": 3469, "Unflinching Courage": 3296, "Felidar Savior": 1047, "Angelic Destiny": 91, "Visage of Dread": 3416, "Sugar Rush": 2875, "Adaptive Automaton": 19, "Sugar Rush_SB": 2876, "Coral Sword": 582, "Summon: Primal Odin": 2894, "Esper Origins": 948, "Terra, Magical Adept": 3009, "Ultima_SB": 3271, "Thopter Fabricator_SB": 3110, "Vivi Ornitier_SB": 3420, "Summon: Bahamut_SB": 2879, "Demon Wall": 713, "Self-Destruct": 2585, "Dark Confidant_SB": 656, "Zenos yae Galvus_SB": 3563, "Zack Fair": 3556, "Halana and Alena, Partners": 1317, "Hope Estheim": 1413, "Jirina, Dauntless General": 1557, "Shanna, Purifying Blade": 2614, "Rosa, Resolute White Mage": 2444, "Serah Farron": 2597, "Kellan, the Kid": 1617, "Hajar, Loyal Bodyguard": 1315, "Caelorna, Coral Tyrant": 405, "Jodah, the Unifier": 1559, "Louisoix's Sacrifice_SB": 1764, "Jumbo Cactuar": 1572, "Matoya, Archon Elder": 1839, "Magic Damper": 1795, "Vesuvan Drifter": 3390, "Il Mheg Pixie": 1453, "Zanarkand, Ancient Metropolis": 3559, "Ishgard, the Holy See": 1524, "Kin-Tree Severance_SB": 1626, "Astrologian's Planisphere_SB": 164, "Thunder Magic_SB": 3145, "Traveling Chocobo": 3218, "Battle Menu": 225, "Terramorphic Expanse": 3011, "Coral Sword_SB": 583, "Self-Destruct_SB": 2586, "Annie Flash, the Veteran": 98, "Balthier and Fran": 202, "Lightning, Army of One": 1708, "Goddric, Cloaked Reveler": 1262, "Dark Knight's Greatsword": 657, "Summon: Brynhildr_SB": 2881, "Stormkeld Vanguard": 2854, "Pelakka Wurm": 2137, "Fierce Empath": 1060, "Three Tree Rootweaver": 3134, "Keldon Strike Team_SB": 1609, "Osseous Exhale_SB": 2071, "Lakeside Shack": 1665, "Glacierwood Siege_SB": 1235, "Scatter Ray_SB": 2522, "Golbez, Crystal Collector": 1265, "Oaken Siren": 2031, "Winter, Cursed Rider": 3511, "Demonic Junker": 716, "Valkyrie Aerial Unit": 3354, "Edgar, King of Figaro": 868, "Candy Trail_SB": 423, "Etched Cornfield": 958, "Syncopate": 2954, "Fate of the Sun-Cryst_SB": 1020, "Campus Renovation": 418, "Galvanize": 1161, "Fear of Burning Alive": 1026, "Su-Chi Cave Guard": 2871, "Fire Magic": 1074, "Boulderbranch Golem_SB": 333, "Galvanize_SB": 1162, "Wreck Remover_SB": 3530, "Smash to Dust_SB": 2711, "Survivor of Korlis": 2933, "Bearer of Glory": 231, "Valiant Veteran": 3353, "Skystrike Officer": 2690, "Intrepid Rabbit": 1504, "Yotian Tactician": 3549, "Magitek Infantry": 1798, "Banner of Kinship": 210, "You're Not Alone_SB": 3551, "Rydia, Summoner of Mist": 2477, "Summon: G.F. Ifrit": 2888, "Springbloom Druid": 2789, "Irreverent Gremlin": 1523, "Sorceress's Schemes": 2731, "Vitu-Ghazi Inspector_SB": 3418, "Adventurer's Inn_SB": 25, "Mirran Banesplitter_SB": 1891, "Haste Magic_SB": 1339, "Electrostatic Infantry": 879, "Eroded Canyon": 936, "Third Path Iconoclast": 3104, "Firebrand Archer": 1076, "Explosive Derailment_SB": 987, "Stinging Cave Crawler": 2843, "Ferocious Werefox": 1057, "Cosmic Hunger": 599, "Tonberry": 3194, "Aetherblade Agent": 35, "Moment of Defiance_SB": 1915, "Gohn, Town of Ruin": 1264, "Thunder Magic": 3144, "Opera Love Song_SB": 2058, "Cloud, Planet's Champion": 537, "Summoner's Grimoire": 2898, "Adelbert Steiner": 22, "Firion, Wild Rose Warrior": 1083, "Raubahn, Bull of Ala Mhigo": 2308, "Adventuring Gear": 26, "Cloud, Midgar Mercenary": 535, "Zack Fair_SB": 3557, "Crossroads Village": 616, "Worldsoul's Rage_SB": 3526, "Sin, Spira's Punishment": 2667, "PuPu UFO": 2244, "Kefka, Court Mage": 1606, "Suplex_SB": 2922, "Silent Hallcreeper_SB": 2660, "The Gold Saucer": 3054, "The Fire Crystal": 3052, "Vanille, Cheerful l'Cie": 3372, "Fang, Fearless l'Cie": 1013, "Adventurer's Inn": 24, "Summon: Knights of Round_SB": 2890, "Squall, SeeD Mercenary_SB": 2794, "Poison the Waters_SB": 2204, "Rowan's Grim Search": 2451, "Yuna, Hope of Spira_SB": 3555, "Swallowed by Leviathan": 2936, "Izoni, Center of the Web": 1533, "Bartz and Boko": 218, "Choco, Seeker of Paradise": 498, "Sidequest: Raise a Chocobo": 2655, "Magic Damper_SB": 1796, "Dion, Bahamut's Dominant_SB": 751, "Traveling Botanist": 3217, "Nezumi Linkbreaker": 1990, "Snow Villiers": 2722, "Magitek Armor": 1797, "Machinist's Arsenal": 1787, "Aerith Rescue Mission": 31, "Blitzball Shot": 282, "Rinoa Heartilly": 2412, "Bard's Bow": 213, "Garnet, Princess of Alexandria": 1166, "White Auracite": 3491, "Coeurl": 543, "Auron's Inspiration": 173, "Summon: Primal Garuda": 2893, "Summon: Choco/Mog": 2882, "Chocobo Racetrack": 503, "Crystal Fragments": 633, "Summon: Fat Chocobo": 2883, "Gysahl Greens": 1314, "Coati Scavenger_SB": 542, "Voldaren Thrillseeker_SB": 3434, "Dreams of Laguna": 832, "Elvish Archivist_SB": 903, "Phoenix Down": 2152, "Phoenix Down_SB": 2153, "Chocobo Kick": 501, "Ice Magic": 1443, "Combat Tutorial": 557, "Vincent's Limit Break": 3400, "Ice Flan": 1441, "Scorpion Sentinel": 2535, "Jecht, Reluctant Guardian": 1546, "Hecteyes": 1360, "Treno, Dark City": 3222, "Goobbue Gardener": 1276, "Sephiroth's Intervention": 2591, "Gran Pulse Ochu": 1280, "World Map": 3523, "Cloud of Darkness": 534, "Balamb T-Rexaur": 197, "Ignis Scientia": 1452, "Buster Sword_SB": 396, "Idyllic Beachfront": 1451, "Sidequest: Card Collection": 2652, "Ahriman": 47, "Blitzball": 281, "Namazu Trader": 1969, "Malboro": 1812, "Vayne's Treachery": 3379, "Shinra Reinforcements": 2633, "Mysidian Elder": 1957, "Sidequest: Hunt the Mark": 2653, "Baron, Airship Kingdom": 214, "Garland, Knight of Cornelia": 1165, "Clive, Ifrit's Dominant": 530, "Cornered by Black Mages": 590, "Poison the Waters": 2203, "Suplex": 2921, "Vincent Valentine": 3399, "Fight On!": 1063, "Gaius van Baelsar": 1155, "Item Shopkeep": 1527, "Paladin's Arms": 2121, "White Mage's Staff": 3493, "Ashe, Princess of Dalmasca": 145, "Monk's Fist": 1927, "Weapons Vendor": 3477, "You're Not Alone": 3550, "Giott, King of the Dwarves": 1220, "Fate of the Sun-Cryst": 1019, "Gilgamesh, Master-at-Arms": 1217, "Dragoon's Lance": 820, "Warrior's Sword": 3468, "Locke Cole": 1740, "Capital City": 427, "Evil Reawakened": 968, "Eject": 875, "Dragoon's Wyvern": 821, "Gigantoad": 1212, "Guadosalam, Farplane Gateway": 1305, "Lunatic Pandora": 1776, "Ultimecia, Time Sorceress": 3273, "Call the Mountain Chocobo": 413, "Sahagin": 2487, "Sandworm": 2504, "Haste Magic": 1338, "Sleep Magic": 2696, "Stuck in Summoner's Sanctum": 2869, "Red Mage's Rapier": 2334, "Samurai's Katana": 2496, "Blazing Bomb": 274, "Summon: G.F. Cerberus": 2887, "Light of Judgment": 1701, "Prompto Argentum": 2237, "Tellah, Great Sage": 2987, "Emberheart Challenger_SB": 906, "Esper Origins_SB": 949, "Relentless X-ATM092": 2351, "Coliseum Behemoth": 544, "Laughing Mad": 1669, "Reach the Horizon": 2318, "Eden, Seat of the Sanctum": 867, "Gongaga, Reactor Town": 1273, "Jenova, Ancient Calamity": 1548, "Choco-Comet": 499, "Prishe's Wanderings": 2226, "Barret Wallace": 215, "Disturbing Conversion_SB": 774, "Take Up the Shield_SB": 2966, "Ornery Tumblewagg": 2067, "Nibelheim Aflame_SB": 1992, "Prosthetic Injector": 2239, "Prosthetic Injector_SB": 2240, "Atraxa's Skitterfang_SB": 166, "Polukranos Reborn_SB": 2208, "Audacity_SB": 170, "Pit of Offerings_SB": 2187, "Memory Guardian_SB": 1858, "Dollmaker's Shop // Porcelain Gallery_SB": 787, "Wild Ride_SB": 3497, "Restless Bivouac_SB": 2383, "Heartflame Duelist_SB": 1356, "Elegant Parlor_SB": 881, "Surge Engine_SB": 2924, "Auroral Procession_SB": 176, "Ojer Axonil, Deepest Might_SB": 2043, "Repair and Recharge_SB": 2366, "Nibelheim Aflame": 1991, "Oko, the Ringleader": 2048, "Aspirant's Ascent_SB": 154, "Unnatural Restoration_SB": 3307, "Jidoor, Aristocratic Capital": 1553, "Restoration Magic": 2395, "Ayara's Oathsworn": 190, "Exdeath, Void Warlock_SB": 977, "Rogue's Passage": 2437, "Demon Wall_SB": 714, "Commune with Beavers": 560, "Liberator, Urza's Battlethopter_SB": 1696, "Judge Magister Gabranth": 1569, "Runescale Stormbrood_SB": 2467, "Vanille, Cheerful l'Cie_SB": 3373, "Awaken the Woods": 187, "Hollowmurk Siege": 1408, "Memories Returning": 1855, "Axebane Ferox_SB": 189, "Thief's Knife": 3100, "Shantotto, Tactician Magician": 2615, "Quistis Trepe": 2274, "The Emperor of Palamecia": 3040, "Archmage of Runes": 133, "Niv-Mizzet, Visionary": 2006, "Queen Brahne": 2268, "Elixir": 892, "Relm's Sketching_SB": 2360, "Relentless X-ATM092_SB": 2352, "Stuck in Summoner's Sanctum_SB": 2870, "Ardyn, the Usurper": 134, "Swallowed by Leviathan_SB": 2937, "Zombify_SB": 3575, "Syncopate_SB": 2955, "Summon: Leviathan_SB": 2892, "Stormscale Scion_SB": 2858, "Mox Jasper_SB": 1944, "Scrawling Crawler": 2542, "Silverback Elder": 2662, "Summoner's Grimoire_SB": 2899, "Summon: Primal Odin_SB": 2895, "Ardyn, the Usurper_SB": 135, "Ojer Axonil, Deepest Might": 2042, "Mephitic Draught_SB": 1864, "Krenko, Mob Boss_SB": 1655, "Patchwork Banner_SB": 2126, "Sazh Katzroy": 2514, "Summon: Fenrir_SB": 2886, "Frontier Seeker": 1135, "Clay-Fired Bricks_SB": 526, "Haunted Hellride": 1344, "Mistway Spy": 1903, "Harbinger of the Tides_SB": 1324, "The Huntsman's Redemption": 3056, "Angel of Finality_SB": 90, "Battle Menu_SB": 226, "Ruby, Daring Tracker": 2458, "Norin, Swift Survivalist": 2014, "Sigarda, Font of Blessings_SB": 2658, "Serah Farron_SB": 2598, "Rufus Shinra": 2459, "Squall, SeeD Mercenary": 2793, "Torgal, A Fine Hound": 3199, "Smile at Death_SB": 2714, "Ashnod, Flesh Mechanist": 149, "Venat, Heart of Hydaelyn": 3382, "Swiftfoot Boots": 2941, "Combat Thresher_SB": 556, "Buster Sword": 395, "Emet-Selch, Unsundered": 912, "Gastal Raider": 1171, "Wear Down": 3479, "Feral Encounter": 1054, "Deeproot Wayfinder": 697, "Hunter's Talent_SB": 1433, "Maha, Its Feathers Night_SB": 1805, "Ninja's Blades": 1997, "Talion, the Kindly Lord_SB": 2972, "Jill, Shiva's Dominant_SB": 1556, "Hearthborn Battler_SB": 1359, "Bite Down_SB": 259, "Beatrix, Loyal General": 234, "Aerith Gainsborough_SB": 30, "Zidane, Tantalus Thief_SB": 3568, "Virtue of Courage": 3405, "Urabrask": 3328, "Collective Nightmare_SB": 546, "Ancient Adamantoise": 82, "The World Spell": 3099, "Kona, Rescue Beastie_SB": 1647, "Seed of Hope_SB": 2572, "Ride the Shoopuf_SB": 2406, "Seifer Almasy_SB": 2580, "Curious Forager_SB": 641, "Zodiark, Umbral God_SB": 3571, "Fresh Start": 1130, "Sephiroth, Fabled SOLDIER_SB": 2594, "Tifa's Limit Break": 3161, "Collector's Cage_SB": 548, "Impede Momentum": 1464, "Ruthless Negotiation": 2474, "Effortless Master": 872, "Marauding Blight-Priest": 1825, "No One Left Behind_SB": 2010, "Titanic Growth": 3179, "Chocobo Kick_SB": 502, "Adventuring Gear_SB": 27, "The Goose Mother": 3055, "Picnic Ruiner": 2172, "Eaten Alive": 861, "Snarling Gorehound_SB": 2721, "Invasion of Regatha": 1516, "The Wind Crystal": 3095, "Insomnia, Crown City": 1486, "Deadly Embrace": 680, "Undercity Dire Rat": 3283, "Minwu, White Mage": 1889, "Lilah, Undefeated Slickshot": 1717, "Slick Sequence_SB": 2704, "Ancient Cornucopia_SB": 85, "Clash of the Eikons": 521, "Diamond Weapon_SB": 747, "Summon: Titan_SB": 2897, "Vampire Nighthawk": 3368, "Magmakin Artillerist_SB": 1801, "Lunar Insight": 1774, "Lunar Insight_SB": 1775, "Unexpected Request": 3294, "Hired Claw_SB": 1405, "Over the Edge_SB": 2091, "Cat Collector": 450, "Karn, Living Legacy": 1589, "Builder's Talent_SB": 380, "Greedy Freebooter_SB": 1292, "Twist Reality": 3249, "Ertai's Scorn_SB": 941, "Spellgyre_SB": 2766, "Lightning, Security Sergeant": 1710, "Ultima Weapon": 3269, "Instant Ramen": 1491, "Rabanastre, Royal City": 2277, "Dion, Bahamut's Dominant": 750, "Giott, King of the Dwarves_SB": 1221, "Judgment Bolt_SB": 1571, "Ambrosia Whiteheart_SB": 72, "Beatrix, Loyal General_SB": 235, "Raubahn, Bull of Ala Mhigo_SB": 2309, "Qiqirn Merchant": 2262, "Overkill": 2093, "Zenos yae Galvus": 3562, "Sharlayan, Nation of Scholars": 2618, "The Final Days_SB": 3051, "Bria, Riptide Rogue": 358, "Alania, Divergent Storm": 60, "Sword of Vengeance": 2948, "Flame Lash": 1084, "Pearl of Wisdom": 2133, "Charmed Sleep": 486, "Mind Spring": 1882, "Coruscation Mage": 598, "Rabid Gnaw": 2279, "Thieving Otter": 3101, "Waterspout Warden": 3474, "Stormcatch Mentor": 2851, "Alania's Pathmaker": 59, "Bellowing Crier": 241, "Tidus, Blitzball Star": 3158, "The Crystal's Chosen": 3033, "Freya Crescent": 1132, "Judgment Bolt": 1570, "Slash of Light": 2693, "G'raha Tia": 1152, "Cloudbound Moogle": 538, "Dwarven Castle Guard": 855, "The Wind Crystal_SB": 3096, "Defiler of Instinct": 706, "Triple Triad_SB": 3229, "Chandra, Flameshaper_SB": 475, "Ball Lightning_SB": 199, "Bolt Bend_SB": 309, "Cloud, Midgar Mercenary_SB": 536, "Case of the Gateway Express_SB": 441, "Auron's Inspiration_SB": 174, "Pond Prophet": 2209, "Three Tree Scribe": 3135, "Clement, the Worrywort": 528, "Sunshower Druid": 2916, "Mistbreath Elder": 1900, "Dour Port-Mage": 796, "Seeker's Folly": 2577, "Abyssal Harvester": 11, "Cruel Grimnarch": 617, "Vayne's Treachery_SB": 3380, "Pollen-Shield Hare": 2205, "Excalibur II": 974, "Excalibur II_SB": 975, "Darkstar Augur_SB": 661, "Genji Glove": 1183, "Tifa's Limit Break_SB": 3162, "The Last Ride_SB": 3062, "Travel the Overworld": 3216, "The Wandering Minstrel": 3091, "Summon: Leviathan": 2891, "Circle of Power": 508, "Jecht, Reluctant Guardian_SB": 1547, "Sephiroth's Intervention_SB": 2592, "Sazh's Chocobo_SB": 2517, "Garnet, Princess of Alexandria_SB": 1167, "Free from Flesh": 1125, "Reno and Rude": 2364, "Zodiark, Umbral God": 3570, "Al Bhed Salvagers": 56, "Ring of the Lucii": 2410, "Airship Crash_SB": 49, "Clash of the Eikons_SB": 522, "Zoyowa's Justice_SB": 3579, "Kastral, the Windcrested": 1595, "Dazzling Denial_SB": 673, "Shambling Cie'th": 2613, "Seymour Flux": 2610, "Ultimecia, Temporal Threat": 3272, "Retrieve the Esper": 2399, "Relm's Sketching": 2359, "Sephiroth, Planet's Heir": 2595, "Magitek Scythe": 1799, "Xande, Dark Mage": 3538, "Bartz and Boko_SB": 219, "Ratadrabik of Urborg": 2306, "Adventurer's Airship": 23, "The Darkness Crystal_SB": 3035, "Gaius van Baelsar_SB": 1156, "Qutrub Forayer_SB": 2276, "Jumbo Cactuar_SB": 1573, "Evil Reawakened_SB": 969, "Ice Magic_SB": 1444, "Cecil, Dark Knight_SB": 468, "Y'shtola Rhul_SB": 3540, "Aerith Gainsborough": 29, "Gaelicat": 1154, "Night Market": 1993, "Agate Assault_SB": 40, "Makeshift Binding_SB": 1810, "Mystical Tether_SB": 1961, "Volatile Fault": 3430, "Fateful Handoff": 1021, "Shifting Grift": 2629, "Phantom Train_SB": 2150, "Malboro_SB": 1813, "Ninja's Blades_SB": 1998, "Painful Quandary": 2117, "Akal Pakal, First Among Equals": 54, "Intrepid Paleontologist_SB": 1503, "Nahiri, Forged in Fury": 1966, "Samurai's Katana_SB": 2497, "Yotia Declares War_SB": 3547, "Corrupt": 594, "Corrupt_SB": 595, "Perennation": 2138, "Absolute Virtue": 7, "Kuja, Genome Sorcerer": 1657, "Great Train Heist": 1289, "Sword of Once and Future": 2946, "Black Mage's Rod": 264, "Return the Favor": 2402, "Ether": 959, "Malcolm, Alluring Scoundrel_SB": 1815, "Ice Flan_SB": 1442, "Matoya, Archon Elder_SB": 1840, "Fight On!_SB": 1064, "Memories Returning_SB": 1856, "Stolen Uniform_SB": 2849, "World Map_SB": 3524, "Breeches, Eager Pillager": 355, "Viashino Branchrider": 3394, "Blitzball Shot_SB": 283, "Coliseum Behemoth_SB": 545, "Unexpected Request_SB": 3295, "Prishe's Wanderings_SB": 2227, "Kogla and Yidaro": 1640, "Pugnacious Hammerskull_SB": 2247, "The Fire Crystal_SB": 3053, "Prologue to Phyresis_SB": 2235, "Relic's Roar_SB": 2357, "The Phasing of Zhalfir_SB": 3071, "Terra, Magical Adept_SB": 3010, "Shoreline Looter": 2649, "Karumonix, the Rat King_SB": 1594, "Galuf's Final Act": 1158, "Town Greeter_SB": 3204, "Trash the Town_SB": 3215, "Unnatural Restoration": 3306, "Unstoppable Plan": 3315, "Dazzling Denial": 672, "Combat Tutorial_SB": 558, "Zimone, Paradox Sculptor_SB": 3569, "Seifer Almasy": 2579, "Soaring Drake": 2724, "Prayer of Binding": 2217, "Battlewing Mystic": 230, "Pacifism": 2114, "Mesa Cavalier": 1866, "Citizen's Arrest": 511, "Cancel": 419, "Cleaving Skyrider": 527, "Herald of Faith": 1376, "Serra Angel": 2600, "Sphinx of Clear Skies_SB": 2770, "Talas Lookout_SB": 2969, "Pixie Illusionist_SB": 2189, "Mesa Cavalier_SB": 1867, "Defiler of Dreams_SB": 705, "Coalition Skyknight_SB": 539, "Tura Kenner\u00fcd, Skyknight_SB": 3239, "Griffin Protector_SB": 1297, "Anthem of Champions_SB": 110, "Hazardous Blast_SB": 1349, "Nahiri's Resolve": 1964, "Relive the Past_SB": 2358, "Death-Rattle Oni": 684, "Push // Pull_SB": 2252, "Trumpeting Carnosaur_SB": 3236, "The Water Crystal": 3094, "Ashnod, Flesh Mechanist_SB": 150, "Tinybones, Bauble Burglar": 3171, "Yavimaya Coast_SB": 3545, "PuPu UFO_SB": 2245, "Weapons Vendor_SB": 3478, "Genji Glove_SB": 1184, "Risen Necroregent": 2418, "Ojer Taq, Deepest Foundation": 2047, "Embalmed Ascendant": 904, "Zhalfirin Shapecraft": 3567, "Inspiring Call": 1487, "Moonstone Harbinger": 1935, "Invasion of Amonkhet": 1506, "Sleight of Hand_SB": 2702, "Ethereal Armor_SB": 962, "Balamb Garden, SeeD Academy": 196, "Sazh Katzroy_SB": 2515, "Mossborn Hydra_SB": 1938, "Nexus of Becoming_SB": 1989, "The Elder Dragon War_SB": 3039, "Stiltzkin, Moogle Merchant_SB": 2840, "Sin, Spira's Punishment_SB": 2668, "The Infamous Cruelclaw_SB": 3058, "Quistis Trepe_SB": 2275, "Hellspur Posse Boss": 1368, "Squad Rallier_SB": 2792, "Pillage the Bog_SB": 2180, "Cache Grab_SB": 398, "Kellan, the Fae-Blooded_SB": 1616, "Rydia's Return_SB": 2476, "Fang, Fearless l'Cie_SB": 1014, "Ice Out_SB": 1446, "Fog Bank_SB": 1106, "Esoteric Duplicator": 947, "Y'shtola Rhul": 3539, "Sephiroth, Planet's Heir_SB": 2596, "Thalia and The Gitrog Monster_SB": 3027, "Random Encounter": 2302, "The Regalia": 3074, "Ultima, Origin of Oblivion_SB": 3270, "Hajar, Loyal Bodyguard_SB": 1316, "Bilious Skulldweller_SB": 254, "Ingenious Prodigy": 1476, "Errant and Giada_SB": 937, "Underwater Tunnel // Slimy Aquarium": 3291, "Peerless Recycling": 2136, "Cactuar": 402, "Reluctant Role Model": 2361, "Bulwark Ox": 383, "Fleeting Reflection_SB": 1090, "Gonti, Night Minister_SB": 1275, "The Rollercrusher Ride": 3076, "Nahiri, the Unforgiving": 1967, "Out of Air": 2083, "Shivan Devastator_SB": 2636, "Deadly Brew": 676, "Linden, the Steadfast Queen": 1724, "Cruel Somnophage": 618, "Saiba Cryptomancer_SB": 2491, "Invasion of Ergamon": 1510, "Gishath, Sun's Avatar": 1224, "Generous Plunderer": 1180, "Huatli, Poet of Unity_SB": 1426, "Blacksmith's Talent": 267, "Danitha, Benalia's Hope": 651, "Veteran Survivor": 3393, "Clarion Conqueror": 517, "Nahiri, the Unforgiving_SB": 1968, "Celestial Armor_SB": 470, "Niv-Mizzet, Supreme": 2004, "Make Your Own Luck": 1807, "Squirming Emergence_SB": 2799, "Niv-Mizzet, Guildpact_SB": 2003, "Rocketeer Boostbuggy": 2433, "Dragonmaster Outcast": 817, "Nissa, Resurgent Animist_SB": 2002, "Sandstalker Moloch_SB": 2500, "Steamcore Scholar_SB": 2831, "Artist's Talent_SB": 144, "Outpace Oblivion": 2087, "Urza, Lord Protector_SB": 3342, "Drana and Linvala_SB": 826, "Fauna Shaman": 1022, "Vraska Joins Up": 3446, "Rona's Vortex_SB": 2441, "Inti, Seneschal of the Sun_SB": 1494, "Tyvar, Jubilant Brawler_SB": 3263, "Miner's Guidewing": 1886, "Summon: Fat Chocobo_SB": 2884, "Teysa, Opulent Oligarch": 3023, "Celestial Armor": 469, "Jor Kadeen, First Goldwarden": 1563, "Rampaging Baloths": 2299, "Exsanguinate": 989, "Twinferno_SB": 3244, "Nahiri's Warcrafting": 1965, "Louisoix's Sacrifice": 1763, "Rosa, Resolute White Mage_SB": 2445, "Bestial Bloodline": 244, "Combat Research": 554, "Wingspan Stride": 3510, "Sigarda, Font of Blessings": 2657, "Hope Estheim_SB": 1414, "Lifecraft Engine_SB": 1699, "Volley Veteran_SB": 3435, "Devout Decree": 740, "Harrier Strix": 1334, "Wail of War_SB": 3453, "Alacrian Armory_SB": 58, "Kolodin, Triumph Caster_SB": 1643, "Geological Appraiser_SB": 1186, "Planar Disruption": 2193, "Burning Sun's Fury": 387, "Marang River Regent // Coil and Catch_SB": 1823, "Marang River Regent // Coil and Catch": 1822, "Time Stop": 3163, "Mystical Teachings": 1959, "Portent of Calamity": 2213, "Joint Exploration": 1561, "Invasion of Zendikar": 1520, "Grow from the Ashes_SB": 1301, "Desynchronize_SB": 734, "Invasion of Azgol_SB": 1509, "Osseous Sticktwister_SB": 2073, "Zurgo, Thunder's Decree_SB": 3586, "Taigam, Master Opportunist": 2960, "Bloomvine Regent // Claim Territory": 299, "Kin-Tree Severance": 1625, "Halo Forager": 1320, "Sacred Peaks": 2482, "Molten Duplication": 1910, "Freestrider Lookout_SB": 1127, "Outcaster Greenblade": 2084, "Jidoor, Aristocratic Capital_SB": 1554, "Tatyova, Benthic Druid": 2979, "Surrak and Goreclaw": 2929, "The Earth Crystal": 3037, "Magnigoth Sentry": 1804, "Druid of the Cowl": 842, "Elfsworn Giant": 889, "Gilded Lotus": 1215, "Nexus of Becoming": 1988, "Full Throttle_SB": 1144, "Undying Malice_SB": 3292, "Lively Dirge_SB": 1732, "Ego Drain": 873, "Rise of the Dark Realms": 2416, "Opt_SB": 2060, "Tribute to the World Tree_SB": 3226, "Aron, Benalia's Ruin": 142, "Dragonback Assault_SB": 810, "Make Your Own Luck_SB": 1808, "Jolene, Plundering Pugilist": 1562, "Midnight Reaper": 1876, "Wastes": 3470, "River's Rebuke_SB": 2424, "Reenact the Crime_SB": 2340, "Faerie Slumber Party_SB": 1006, "Llanowar Elves_SB": 1734, "Charred Foyer // Warped Space": 489, "Vaan, Street Thief": 3344, "Triple Triad": 3228, "Etali, Primal Storm": 957, "Predator Ooze_SB": 2220, "Shefet Archfiend": 2620, "Vile Mutilator": 3398, "Spectral Snatcher": 2759, "Contaminated Aquifer": 573, "Vile Entomber": 3397, "Shinra Reinforcements_SB": 2634, "Talion's Messenger": 2970, "Raff, Weatherlight Stalwart": 2285, "Strix Lookout": 2866, "Thopter Fabricator": 3109, "Mischievous Mystic": 1894, "Eriette's Lullaby_SB": 935, "Snaremaster Sprite_SB": 2719, "Makeshift Binding": 1809, "Mesmerizing Dose_SB": 1868, "Machine Over Matter_SB": 1786, "Mephitic Draught": 1863, "Macabre Reconstruction_SB": 1785, "Enduring Bondwarden": 917, "Longstalk Brawl": 1748, "Take Up the Shield": 2965, "Basilica Shepherd_SB": 220, "Slumbering Keepguard_SB": 2710, "Watery Grave": 3475, "Consult the Star Charts": 570, "Tragic Trajectory": 3206, "Sunset Saboteur": 2912, "Timeline Culler": 3166, "Zero Point Ballad_SB": 3566, "Mightform Harmonizer": 1879, "Bristly Bill, Spine Sower_SB": 367, "Terrasymbiosis_SB": 3014, "Godless Shrine": 1263, "Seam Rip": 2555, "Nova Hellkite": 2022, "Sacred Foundry": 2481, "Evendo, Waking Haven": 967, "Extinguisher Battleship": 990, "Frenzied Baloth_SB": 1129, "Germinating Wurm_SB": 1189, "Omniscience_SB": 2053, "Edge Rover": 869, "Stomping Ground": 2850, "Nova Hellkite_SB": 2023, "Icetill Explorer": 1447, "Worldsoul's Rage": 3525, "Icetill Explorer_SB": 1448, "Seedship Impact_SB": 2576, "Cosmogrand Zenith": 604, "Cryogen Relic": 623, "Elegy Acolyte_SB": 883, "Pinnacle Starcage_SB": 2184, "Seam Rip_SB": 2556, "Tragic Trajectory_SB": 3207, "Anticausal Vestige": 111, "Quantum Riddler": 2266, "Magda, the Hoardmaster": 1792, "Pinnacle Starcage": 2183, "Rust Harvester": 2470, "Archenemy's Charm": 129, "Breeding Pool": 357, "Cosmogoyf": 602, "Muldrotha, the Gravetide": 1948, "Seedship Broodtender": 2574, "Scout for Survivors": 2537, "Syr Vondam, Sunstar Exemplar": 2958, "Umbral Collar Zealot": 3275, "Sothera, the Supervoid_SB": 2735, "Pinnacle Emissary": 2181, "Warmaker Gunship": 3465, "Spectral Interference_SB": 2757, "Lilypad Village": 1722, "Consult the Star Charts_SB": 571, "Beyond the Quiet": 249, "Elixir_SB": 893, "Devastating Onslaught": 737, "Ruinous Rampage_SB": 2462, "Cynical Loner": 647, "Susur Secundi, Void Altar": 2934, "Kavaron Harrier": 1596, "Plasma Bolt": 2195, "Quantum Riddler_SB": 2267, "Temporal Intervention_SB": 3002, "Dyadrine, Synthesis Amalgam": 858, "Hardlight Containment": 1328, "Tezzeret, Cruel Captain": 3024, "Tezzeret, Cruel Captain_SB": 3025, "Whiskervale Forerunner_SB": 3488, "Genemorph Imago": 1179, "Hemosymbic Mite": 1373, "Ouroboroid": 2079, "Biotech Specialist": 257, "Gene Pollinator": 1178, "Vinereap Mentor": 3401, "Elegy Acolyte": 882, "Sunset Saboteur_SB": 2913, "Unravel": 3309, "Annul": 103, "Unravel_SB": 3310, "Hunted Bonebrute": 1431, "Adagia, Windswept Bastion": 18, "Dauntless Scrapbot_SB": 663, "Pain for All": 2116, "Anzrag's Rampage_SB": 113, "Ego Drain_SB": 874, "Faerie Fencing_SB": 1003, "Susurian Voidborn": 2935, "Haliya, Guided by Light": 1318, "Jackdaw Savior": 1541, "Stingerback Terror": 2841, "Lumen-Class Frigate": 1769, "Sunpearl Kirin_SB": 2911, "Space-Time Anomaly_SB": 2751, "The Endstone_SB": 3043, "The Seriema": 3078, "Amonkhet Raceway_SB": 76, "Galuf's Final Act_SB": 1159, "Voracious Varmint": 3438, "Illvoi Light Jammer": 1457, "Illvoi Galeblade": 1456, "Starbreach Whale": 2808, "Zookeeper Mechan": 3576, "Cut Propulsion": 645, "Secluded Starforge": 2568, "Specimen Freighter": 2752, "Mechan Shieldmate": 1847, "Illvoi Operative": 1458, "Galvanizing Sawship": 1163, "Mechan Assembler": 1846, "Mental Modulation": 1860, "Weftstalker Ardent": 3483, "Phantom Train": 2149, "Weapons Manufacturing": 3476, "Lithobraking_SB": 1727, "Lightstall Inquisitor": 1713, "Skyserpent Seeker": 2688, "Cosmogoyf_SB": 603, "Extract a Confession_SB": 991, "Synthesizer Labship": 2956, "Uthros, Titanic Godcore": 3343, "Aether Syphon_SB": 34, "Cosmogrand Zenith_SB": 605, "Eusocial Engineering": 964, "Eusocial Engineering_SB": 965, "Archenemy's Charm_SB": 130, "Ghitu Lavarunner": 1202, "Blooming Blast_SB": 296, "District Mascot_SB": 772, "Dawnsire, Sunstar Dreadnought": 667, "Kavaron, Memorial World": 1597, "Sledge-Class Seedship": 2695, "Thrashing Brontodon_SB": 3127, "Astelli Reclaimer_SB": 161, "Station Monitor": 2828, "Starfield Shepherd": 2811, "Saheeli's Lattice_SB": 2488, "Emergency Eject": 910, "Tannuk, Steadfast Second": 2974, "Bloodthorn Flail": 294, "Pyrewood Gearhulk": 2254, "Anticausal Vestige_SB": 112, "Piercing Exhale_SB": 2174, "Wildfire Howl_SB": 3500, "Eaten Alive_SB": 862, "Timeline Culler_SB": 3167, "Depressurize": 721, "Exalted Sunborn": 972, "Sothera, the Supervoid": 2734, "Heartflame Duelist": 1355, "Honor_SB": 1411, "Eumidian Terrabotanist": 963, "Picklock Prankster_SB": 2171, "Lazav, Wearer of Faces": 1676, "Prime Speaker Zegana": 2224, "Rescue Skiff": 2372, "Beyond the Quiet_SB": 250, "Honor": 1410, "Scout for Survivors_SB": 2538, "Astelli Reclaimer": 160, "Haliya, Guided by Light_SB": 1319, "Focus the Mind": 1104, "Gnarlid Colony": 1255, "Terrasymbiosis": 3013, "Wildborn Preserver_SB": 3499, "Stocking the Pantry_SB": 2846, "Leyline of Hope": 1689, "Exemplar of Light_SB": 979, "Jump Scare_SB": 1574, "Linden, the Steadfast Queen_SB": 1725, "Bleeding Woods": 278, "Ashroot Animist_SB": 152, "Choco-Comet_SB": 500, "Singularity Rupture": 2669, "Starfield Vocalist_SB": 2814, "Meltstrider's Resolve_SB": 1854, "Larval Scoutlander": 1666, "Broodspinner_SB": 374, "Sarkhan's Resolve_SB": 2507, "Possibility Technician_SB": 2216, "Devastating Onslaught_SB": 738, "Cryoshatter_SB": 625, "Chupacabra Echo_SB": 507, "All-Fates Stalker": 65, "Dryad Militant": 843, "Scrawling Crawler_SB": 2543, "Hardlight Containment_SB": 1329, "Desculpting Blast_SB": 726, "Emergency Eject_SB": 911, "Valorous Stance_SB": 3365, "Pinnacle Emissary_SB": 2182, "White Auracite_SB": 3492, "Wurmwall Sweeper": 3535, "Cactusfolk Sureshot_SB": 404, "Ghalta, Stampede Tyrant_SB": 1201, "Drag to the Roots_SB": 802, "Absolute Virtue_SB": 8, "Wylie Duke, Atiin Hero_SB": 3537, "The Masamune": 3063, "Squire's Lightblade": 2797, "Ertha Jo, Frontier Mentor": 942, "Serra Redeemer": 2603, "Wojek Investigator": 3522, "Angel of Finality": 89, "Hell to Pay": 1367, "Valkyrie's Call": 3355, "Fireshrieker": 1081, "The Dominion Bracelet": 3036, "Starting Column": 2820, "Form a Posse": 1114, "Thunder Salvo": 3146, "Heraldic Banner": 1377, "Dazzling Angel": 671, "Rodeo Pyromancers": 2436, "Trick Shot": 3227, "Diamond Pick-Axe": 745, "Vanguard Seraph": 3371, "Starforged Sword": 2815, "Twinblade Blessing": 3243, "Tarrian's Soulcleaver": 2978, "Aurelia, the Law Above": 171, "Sword of Wealth and Power": 2949, "Lion Heart": 1726, "Goldvein Pick": 1271, "Aurelia, the Warleader": 172, "Collision Course_SB": 550, "Maelstrom of the Spirit Dragon_SB": 1791, "Possibility Technician": 2215, "Terrapact Intimidator": 3012, "Take for a Ride_SB": 2967, "Frenzied Baloth": 1128, "Exalted Sunborn_SB": 973, "Oteclan Landmark": 2078, "Meltstrider's Resolve": 1853, "Troublemaker Ouphe": 3234, "Felidar Retreat_SB": 1046, "Spinner of Souls_SB": 2777, "Cut Propulsion_SB": 646, "Enigma Drake": 928, "Out Cold": 2081, "Aether Syphon": 33, "Eerie Interference": 870, "Aquatic Alchemist_SB": 114, "Close Encounter": 532, "Marvin, Murderous Mimic": 1837, "Jeskai Shrinekeeper": 1552, "Carnelian Orb of Dragonkind": 433, "Incinerator of the Guilty": 1468, "Focus the Mind_SB": 1105, "The Final Days": 3050, "Hollow Marauder_SB": 1407, "Fear of Being Hunted_SB": 1025, "Desculpting Blast": 725, "Zero Point Ballad": 3565, "Embrace Oblivion": 907, "Fanatical Offering": 1012, "Fountainport Bell": 1123, "Pactdoll Terror": 2115, "Candy Grapple": 420, "Embrace Oblivion_SB": 908, "Al Bhed Salvagers_SB": 57, "Rowan's Grim Search_SB": 2452, "Harvestrite Host": 1337, "Focus Fire_SB": 1103, "Trapped in the Screen_SB": 3213, "Sami's Curiosity": 2495, "Ashiok, Wicked Manipulator_SB": 147, "Starfield Vocalist": 2813, "Cactarantula": 401, "Desert's Due": 729, "Hardbristle Bandit": 1327, "Cryogen Relic_SB": 624, "Undead Sprinter": 3280, "Hylderblade": 1439, "Lightning, Security Sergeant_SB": 1711, "Plasma Bolt_SB": 2196, "Space-Time Anomaly": 2750, "Oviya, Automech Artisan": 2112, "Niko, Light of Hope_SB": 1996, "Avishkar Raceway": 184, "Sorcerous Spyglass": 2732, "Burnout Bashtronaut_SB": 389, "Saheeli, the Sun's Brilliance_SB": 2489, "vergeful possession_SB": 3588, "magebene lizard_SB": 3587, "Surrak, the Hunt Caller": 2932, "Trygon Predator_SB": 3237, "Mystical Teachings_SB": 1960, "Return the Favor_SB": 2403, "Thrumming Hivepool": 3140, "Swiftfoot Boots_SB": 2942, "Zoetic Glyph_SB": 3573, "Sandstorm Verge": 2503, "Full Bore": 1143, "Divert Disaster_SB": 781, "Reasonable Doubt_SB": 2322, "Canyon Crab_SB": 426, "Pawpatch Information_SB": 2130, "Joshua, Phoenix's Dominant_SB": 1565, "Detective's Satchel": 735, "Tarrian's Journal": 2976, "Pitiless Carnage": 2188, "Clarion Conqueror // Clarion Conqueror": 518, "Spellscorn Coven_SB": 2767, "Razorkin Hordecaller_SB": 2313, "Gisa, the Hellraiser_SB": 1223, "Cathartic Parting_SB": 454, "Rite of Renewal_SB": 2420, "House Cartographer": 1424, "Entropic Battlecruiser_SB": 932, "Temporal Intervention": 3001, "Kykar, Zephyr Awakener_SB": 1663, "Kefka, Court Mage_SB": 1607, "Starfield Shepherd_SB": 2812, "Dowsing Device": 797, "Tannuk, Memorial Ensign": 2973, "Darksteel Colossus_SB": 662, "Rook Turret": 2443, "Starwinder": 2823, "High Stride_SB": 1399, "Getaway Glamer_SB": 1195, "Veteran Beastrider": 3391, "Season of Gathering": 2558, "Ojer Kaslem, Deepest Growth": 2044, "Formation Breaker": 1115, "Windurst, Federation Center": 3509, "Drix Fatemaker_SB": 838, "Loading Zone_SB": 1739, "Glacier Godmaw_SB": 1233, "Valkyrie's Call_SB": 3356, "Dawn's Truce": 664, "Lightstall Inquisitor_SB": 1714, "Caught Red-Handed_SB": 455, "Sunstar Chaplain": 2919, "Sunstar Chaplain_SB": 2920, "Seedship Impact": 2575, "Gold Rush": 1267, "Ouroboroid_SB": 2080, "Ancestors' Aid_SB": 81, "Nutrient Block": 2030, "Portent of Calamity_SB": 2214, "Tribute to Hunger_SB": 3225, "Sunset Strikemaster_SB": 2915, "Violent Urge_SB": 3403, "Horrid Vigor_SB": 1420, "Norin, Swift Survivalist_SB": 2015, "Daretti, Rocketeer Engineer": 654, "Threefold Thunderhulk": 3136, "Melded Moxite": 1850, "Secluded Starforge_SB": 2569, "Fanatical Firebrand_SB": 1011, "Scavenger's Talent": 2527, "The Darkness Crystal": 3034, "Divert Disaster": 780, "Engine Rat_SB": 927, "Kellan, Planar Trailblazer_SB": 1614, "Thrumming Hivepool_SB": 3141, "Mentor of the Meek": 1862, "Prideful Parent": 2221, "Ashroot Animist": 151, "Eaten by Piranhas": 863, "Relic's Roar": 2356, "Frolicking Familiar": 1133, "Emissary Escort": 913, "Engine Rat": 926, "Drover Grizzly": 840, "Murder": 1951, "Explosive Getaway": 988, "Ticket Tortoise": 3157, "Maximum Overdrive": 1841, "Black Waltz No. 3": 265, "Ultros, Obnoxious Octopus": 3274, "Pit Automaton": 2185, "Charred Foyer // Warped Space_SB": 490, "Close Encounter_SB": 533, "The Mindskinner": 3067, "Exosuit Savior_SB": 982, "Zealous Display_SB": 3560, "Steelswarm Operator_SB": 2835, "Escape Tunnel_SB": 944, "Starport Security_SB": 2816, "Vanish from Sight_SB": 3374, "Virulent Silencer_SB": 3414, "Mechan Shieldmate_SB": 1848, "Ordeal of Nylea_SB": 2066, "Reckless Lackey_SB": 2327, "Lord Kitter, Sewer King": 1755, "Vote Out": 3440, "Vote Out_SB": 3441, "Decode Transmissions_SB": 689, "Murder_SB": 1952, "Kindlespark Duo": 1627, "Playful Shove": 2197, "Tempest Angler": 2988, "Uncharted Haven": 3279, "Blooming Blast": 295, "Drill Too Deep_SB": 837, "Systems Override_SB": 2959, "Bombard_SB": 312, "Invasive Maneuvers_SB": 1521, "Glassworks // Shattered Yard": 1240, "Rapacious Dragon": 2305, "Terror of Mount Velus": 3017, "Karakyk Guardian": 1586, "Whirlwing Stormbrood": 3486, "Dragonstorm Globe": 819, "Dragonclaw Strike": 812, "Boulderborn Dragon": 332, "Ether_SB": 960, "Genesis Wave_SB": 1182, "Diplomatic Relations_SB": 752, "Veteran Ice Climber_SB": 3392, "Sunfire Torch_SB": 2907, "Ancient Adamantoise_SB": 83, "Tolsimir, Midnight's Light": 3189, "The Seriema_SB": 3079, "Goldvein Hydra_SB": 1270, "Poison Dart Frog_SB": 2202, "Felonious Rage_SB": 1052, "Doc Aurlock, Grizzled Genius": 785, "Fecund Greenshell_SB": 1036, "Voyager Quickwelder": 3444, "Immersturm Predator_SB": 1460, "Chupacabra Echo": 506, "Ambush Wolf": 73, "Hulking Raptor_SB": 1429, "Run Over_SB": 2464, "Sporogenic Infection": 2785, "Sphinx of Forgotten Lore": 2771, "Confiscate_SB": 566, "Legion Extruder_SB": 1681, "Hymn of the Faller": 1440, "Guttersnipe": 1312, "Railway Brawler_SB": 2288, "Hullcarver": 1430, "Virulent Silencer": 3413, "Vizier of the Menagerie": 3423, "Defiant Survivor": 701, "Into the Roil_SB": 1501}}