{"vocabulary": {"Anoint with Affliction": 88, "Cut Down": 618, "Darkslick Shores": 630, "Enduring Curiosity": 877, "Ertai Resurrected": 903, "Faerie Mastermind": 964, "Floodpits Drowner": 1071, "Gloomlake Verge": 1219, "Go for the Throat": 1226, "Island": 1515, "Kaito, Bane of Nightmares": 1552, "Phantom Interference": 2113, "Restless Reef": 2348, "Saiba Cryptomancer": 2445, "Sheoldred's Edict": 2559, "Soulstone Sanctuary": 2685, "Spyglass Siren": 2732, "Swamp": 2844, "Tishana's Tidebinder": 3046, "Underground River": 3151, "Cut Down_SB": 619, "Duress_SB": 814, "Ghost Vacuum_SB": 1171, "Gix's Command_SB": 1194, "Negate_SB": 1945, "Preacher of the Schism_SB": 2176, "Sheoldred, the Apocalypse_SB": 2562, "Tishana's Tidebinder_SB": 3047, "Botanical Sanctum": 300, "Hedge Maze": 1351, "Imodane's Recruiter": 1444, "Opt": 2026, "Outcaster Trailblazer": 2048, "Pond Prophet": 2166, "Sleight of Hand": 2641, "Splash Portal": 2721, "Temple of Mystery": 2901, "Thundertrap Trainer": 3031, "Timely Interference": 3037, "Unable to Scream": 3138, "Unsummon": 3185, "Vesuvan Duplimancy": 3264, "Yavimaya Coast": 3416, "Dive Down_SB": 747, "Pawpatch Formation_SB": 2094, "Scrawling Crawler_SB": 2493, "Adarkar Wastes": 19, "Assimilation Aegis": 138, "Braided Net": 309, "Fabrication Foundry": 955, "Floodfarm Verge": 1069, "Fomori Vault": 1082, "Get Lost": 1155, "Meticulous Archive": 1834, "No More Lies": 1972, "Plains": 2149, "Restless Anchorage": 2341, "Seachrome Coast": 2502, "Simulacrum Synthesizer": 2603, "Sunfall": 2819, "The Mightstone and Weakstone": 2950, "Thran Spider": 3003, "Three Steps Ahead": 3011, "Unstable Glyphbridge": 3180, "Beza, the Bounding Spring_SB": 214, "Change the Equation_SB": 467, "Devout Decree_SB": 715, "Elspeth's Smite_SB": 858, "Temporary Lockdown_SB": 2906, "Archfiend of the Dross": 110, "Blooming Marsh": 263, "Blot Out": 268, "Dreams of Steel and Oil": 800, "Duress": 813, "Forest": 1089, "Glissa Sunslayer": 1216, "Liliana of the Veil": 1697, "Llanowar Wastes": 1716, "Mazemind Tome": 1816, "Mosswood Dreadknight": 1911, "Restless Cottage": 2345, "Sheoldred, the Apocalypse": 2561, "Tear Asunder": 2885, "Unholy Annex && Ritual Chamber": 3161, "Blot Out_SB": 269, "Breach the Multiverse_SB": 327, "Caustic Bronco_SB": 439, "Choking Miasma_SB": 483, "Mazemind Tome_SB": 1817, "Tear Asunder_SB": 2886, "Tranquil Frillback_SB": 3081, "Vivien Reid_SB": 3294, "Mockingbird": 1875, "Cryptic Coat_SB": 602, "Dreams of Steel and Oil_SB": 801, "Neutralize the Guards_SB": 1955, "Soul-Guide Lantern_SB": 2678, "Cavern of Souls": 444, "Elspeth's Smite": 857, "Herd Migration": 1371, "Hushwood Verge": 1432, "Leyline Binding": 1674, "Lush Portico": 1753, "Overlord of the Floodpits": 2062, "Overlord of the Hauntwoods": 2064, "Overlord of the Mistmoors": 2066, "Shadowy Backstreet": 2549, "Split Up": 2723, "Up the Beanstalk": 3193, "Zur, Eternal Schemer": 3440, "Authority of the Consuls_SB": 152, "Doppelgang_SB": 762, "Nissa, Ascended Animist_SB": 1968, "Rest in Peace_SB": 2340, "Faebloom Trick": 959, "Spell Stutter": 2700, "Anoint with Affliction_SB": 89, "Malicious Eclipse_SB": 1785, "Analyze the Pollen": 65, "Brushland": 360, "Azure Beastbinder": 166, "Bushwhack": 379, "Copperline Gorge": 559, "Enduring Vitality": 883, "Fabled Passage": 954, "Karplusan Forest": 1568, "Mountain": 1913, "Questing Druid": 2217, "Roaring Furnace && Steaming Sauna": 2388, "Song of Totentanz": 2665, "Stormchaser's Talent": 2788, "Tarnation Vista": 2879, "This Town Ain't Big Enough": 2982, "Torch the Tower": 3066, "Valley Floodcaller": 3227, "Disdainful Stroke_SB": 725, "Floodpits Drowner_SB": 1072, "Lithomantic Barrage_SB": 1706, "Roaring Furnace && Steaming Sauna_SB": 2389, "Scorching Dragonfire_SB": 2484, "Up the Beanstalk_SB": 3194, "Bitter Reunion": 221, "Dreamdew Entrancer": 798, "Jace Reawakened": 1525, "Pawpatch Formation": 2093, "Dissection Tools_SB": 738, "Pyroclasm_SB": 2209, "Questing Druid_SB": 2218, "Unable to Scream_SB": 3139, "Battlefield Forge": 195, "Burst Lightning": 377, "Demonic Ruckus": 695, "Emberheart Challenger": 866, "Heartfire Hero": 1343, "Inspiring Vantage": 1475, "Kellan, Planar Trailblazer": 1586, "Manifold Mouse": 1789, "Monstrous Rage": 1901, "Optimistic Scavenger": 2028, "Restless Bivouac": 2343, "Shardmage's Rescue": 2551, "Sheltered by Ghosts": 2556, "Spellbook Vendor": 2702, "Case of the Crimson Pulse_SB": 416, "Destroy Evil_SB": 708, "Lightning Helix_SB": 1691, "Torch the Tower_SB": 3067, "Urabrask's Forge_SB": 3197, "Soul Partition": 2672, "Virtue of Loyalty": 3285, "Aven Interrupter_SB": 155, "Exorcise_SB": 931, "Invasion of Gobakhan_SB": 1496, "Knight of Grace_SB": 1611, "Split Up_SB": 2724, "Dusk Rose Reliquary": 816, "Fountainport": 1101, "Kellan, Daring Traveler": 1583, "Novice Inspector": 1987, "Razorverge Thicket": 2277, "Regal Bunnicorn": 2309, "Restless Prairie": 2347, "Royal Treatment": 2412, "Sentinel of the Nameless City": 2535, "Steel Seraph": 2765, "Teething Wurmlet": 2889, "Tough Cookie": 3073, "Unidentified Hovership": 3165, "Warden of the Inner Sky": 3338, "Royal Treatment_SB": 2413, "Sheltered by Ghosts_SB": 2557, "Unidentified Hovership_SB": 3166, "Case of the Gateway Express": 418, "Clockwork Percussionist": 508, "Gleeful Demolition": 1211, "Knight-Errant of Eos": 1612, "Painter's Studio && Defaced Gallery": 2081, "Resolute Reinforcements": 2334, "Shivan Reef": 2571, "Spirebluff Canal": 2717, "Painter's Studio && Defaced Gallery_SB": 2082, "Protect the Negotiators_SB": 2195, "Boros Charm": 293, "Hired Claw": 1399, "Lightning Helix": 1690, "Mabel, Heir to Cragflame": 1758, "Raucous Carnival": 2267, "Rockface Village": 2393, "Screaming Nemesis": 2495, "Screaming Nemesis_SB": 2496, "Three Steps Ahead_SB": 3012, "Lightning Strike": 1692, "Monastery Swiftspear": 1895, "Witchstalker Frenzy": 3391, "Sunspine Lynx_SB": 2828, "Twisted Fealty_SB": 3119, "Feather of Flight": 1005, "Tectonic Hazard_SB": 2888, "Scorching Shot_SB": 2486, "Innkeeper's Talent": 1462, "Pawpatch Recruit": 2095, "Restless Ridgeline": 2350, "Snakeskin Veil": 2656, "Thornspire Verge": 2988, "Faerie Dreamthief": 961, "Gnawing Vermin": 1224, "Hollow Marauder": 1404, "Huskburster Swarm": 1433, "Osteomancer Adept": 2042, "Overlord of the Balemurk": 2058, "Overwhelming Remorse": 2072, "Rubblebelt Maverick": 2414, "Stubborn Burrowfiend": 2805, "Underground Mortuary": 3149, "Writhing Necromass": 3410, "Basilisk Collar_SB": 191, "Dryad Militant_SB": 809, "Haywire Mite_SB": 1334, "Shrouded Shepherd_SB": 2587, "Obliterating Bolt": 2000, "Witchstalker Frenzy_SB": 3392, "Commercial District": 534, "Day of Judgment": 640, "Elegant Parlor": 848, "Overlord of the Boilerbilges": 2060, "Day of Judgment_SB": 641, "Aclazotz, Deepest Betrayal": 15, "Harvester of Misery": 1323, "Llanowar Elves": 1711, "Maelstrom Pulse": 1762, "Nowhere to Run": 1988, "Preacher of the Schism": 2175, "Scavenging Ooze": 2480, "Thrun, Breaker of Silence": 3022, "Vivien Reid": 3293, "Harvester of Misery_SB": 1324, "Liliana of the Veil_SB": 1698, "The End_SB": 2932, "Thrun, Breaker of Silence_SB": 3023, "Arabella, Abandoned Doll_SB": 94, "Tail Swipe_SB": 2867, "Disfigure_SB": 729, "Sheoldred's Edict_SB": 2560, "Elesh Norn, Mother of Machines_SB": 853, "Go for the Throat_SB": 1227, "Deep-Cavern Bat": 666, "Aclazotz, Deepest Betrayal_SB": 16, "Warleader's Call": 3342, "Get Lost_SB": 1156, "Warleader's Call_SB": 3343, "Cache Grab": 381, "Eddymurk Crab": 835, "Into the Flood Maw": 1482, "Seed of Hope": 2523, "Tolarian Terror": 3060, "Herbology Instructor_SB": 1368, "Minor Misstep_SB": 1852, "Monstrous Emergence_SB": 1900, "Pick Your Poison_SB": 2134, "Faebloom Trick_SB": 960, "Stab_SB": 2738, "Deadly Cover-Up": 648, "Deduce": 662, "Doomsday Excruciator": 758, "Jace, the Perfected Mind": 1528, "Malicious Eclipse": 1784, "Undercity Sewers": 3148, "Overlord of the Floodpits_SB": 2063, "Gix, Yawgmoth Praetor": 1195, "Spectral Sailor": 2696, "Glistening Deluge_SB": 1218, "Subterranean Schooner_SB": 2808, "Abhorrent Oculus": 2, "Chart a Course": 475, "Founding the Third Path": 1098, "Haughty Djinn": 1326, "Helping Hand": 1362, "Moment of Truth": 1888, "Monastery Mentor": 1892, "Picklock Prankster": 2135, "Recommission": 2294, "Monastery Mentor_SB": 1893, "Obliterating Bolt_SB": 2001, "Blackcleave Cliffs": 226, "Blazemire Verge": 234, "Fear of Missing Out": 999, "Piggy Bank": 2137, "Raucous Theater": 2269, "Restless Vents": 2354, "Scorching Dragonfire": 2483, "Sulfurous Springs": 2811, "Urabrask's Forge": 3196, "Abrade_SB": 5, "Unholy Annex && Ritual Chamber_SB": 3162, "Withering Torment_SB": 3394, "Aegis Turtle_SB": 23, "Burst Lightning_SB": 378, "Ral, Crackling Wit_SB": 2253, "Virtue of Persistence": 3287, "Collector's Cage": 520, "Enduring Innocence": 879, "Sandstorm Salvager": 2453, "Sanguine Evangelist": 2454, "Skyknight Squire": 2628, "Toby, Beastie Befriender": 3055, "Virtue of Persistence_SB": 3288, "Beza, the Bounding Spring": 213, "Builder's Talent": 363, "Caretaker's Talent": 409, "Carrot Cake": 413, "Demolition Field": 688, "Lay Down Arms": 1654, "Sunken Citadel": 2822, "Jace, the Perfected Mind_SB": 1529, "Realmbreaker, the Invasion Tree_SB": 2283, "Serra Paragon_SB": 2539, "The End": 2931, "Enduring Curiosity_SB": 878, "Mockingbird_SB": 1876, "Agatha's Soul Cauldron": 32, "Alesha, Who Laughs at Fate": 50, "Inti, Seneschal of the Sun": 1477, "Scorn-Blade Berserker": 2487, "Vadmir, New Blood": 3215, "Voldaren Thrillseeker": 3308, "Furnace Reins_SB": 1129, "Tinybones, the Pickpocket_SB": 3044, "Untimely Malfunction_SB": 3188, "No More Lies_SB": 1973, "Zoetic Glyph_SB": 3433, "Yotian Frontliner": 3420, "Negate": 1944, "Anointed Peacekeeper": 90, "Geological Appraiser": 1152, "Quintorius Kand": 2221, "Chandra, Hope's Beacon_SB": 461, "Jaya, Fiery Negotiator_SB": 1533, "Plains_SB": 2150, "Turn Inside Out": 3108, "Snakeskin Veil_SB": 2657, "Torch the Witness_SB": 3069, "Dollmaker's Shop && Porcelain Gallery": 753, "Mirrex": 1856, "Boon-Bringer Valkyrie_SB": 291, "Loran of the Third Path_SB": 1730, "Bristlebud Farmer": 346, "Elesh Norn, Mother of Machines": 852, "Scorching Shot": 2485, "Pawpatch Recruit_SB": 2096, "Entity Tracker": 894, "Ethereal Armor": 921, "Fae Flight": 957, "Gremlin Tamer": 1273, "Inquisitive Glimmer": 1465, "Silent Hallcreeper": 2594, "Crystal Barricade_SB": 606, "Invasion of Ixalan": 1498, "Plumecreed Escort": 2155, "Autonomous Assembler": 153, "Etali's Favor": 915, "Luminous Rebuke": 1745, "Mishra's Foundry": 1866, "Scrollshift": 2497, "Trumpeting Carnosaur": 3102, "Charred Foyer && Warped Space_SB": 474, "Luminous Rebuke_SB": 1746, "Push // Pull_SB": 2205, "Virtue of Courage_SB": 3282, "Rona's Vortex": 2401, "Keen-Eyed Curator_SB": 1578, "Long Goodbye_SB": 1721, "Nowhere to Run_SB": 1989, "Swamp_SB": 2845, "Callous Sell-Sword": 394, "Slickshot Show-Off": 2647, "Valorous Stance_SB": 3236, "Parting Gust": 2089, "The Stone Brain_SB": 2968, "Tyvar's Stand_SB": 3131, "Archangel Elspeth": 102, "Quick Study": 2220, "Chrome Host Seedshark_SB": 485, "Vren, the Relentless": 3327, "Kaito, Bane of Nightmares_SB": 1553, "The Filigree Sylex_SB": 2938, "Arabella, Abandoned Doll": 93, "Shock": 2572, "Innkeeper's Talent_SB": 1463, "Gix's Command": 1193, "Pillage the Bog": 2142, "Maelstrom Pulse_SB": 1763, "Outrageous Robbery_SB": 2053, "Seized from Slumber": 2530, "Abhorrent Oculus_SB": 3, "Soul Partition_SB": 2673, "Deep-Cavern Bat_SB": 667, "Sanguine Evangelist_SB": 2455, "Destroy Evil": 707, "Subterranean Schooner": 2807, "Shardmage's Rescue_SB": 2552, "Ajani, Caller of the Pride": 40, "Zoetic Glyph": 3432, "Ajani, Caller of the Pride_SB": 41, "Glass Casket_SB": 1205, "Sentinel of the Nameless City_SB": 2536, "Goddric, Cloaked Reveler": 1236, "Case of the Filched Falcon": 417, "Surge of Salvation_SB": 2834, "Aftermath Analyst": 30, "Crawling Barrens": 588, "Escape Tunnel": 907, "Hearth Elemental": 1348, "Nissa, Resurgent Animist": 1969, "Terramorphic Expanse": 2912, "Virtue of Strength": 3289, "Scavenging Ooze_SB": 2481, "Doorkeeper Thrull_SB": 760, "Barbed Batterfist": 183, "Atraxa, Grand Unifier": 145, "Stingerback Terror_SB": 2773, "Skrelv, Defector Mite": 2616, "Into the Flood Maw_SB": 1483, "Nissa, Ascended Animist": 1967, "Tranquil Frillback": 3080, "Ancient Cornucopia": 69, "Archangel of Wrath": 106, "Glass Casket": 1204, "Dreamdew Entrancer_SB": 799, "Jace Reawakened_SB": 1526, "Unsummon_SB": 3186, "Phyrexian Censor_SB": 2122, "Splitskin Doll": 2725, "Temporary Lockdown": 2905, "Joust Through": 1546, "Spell Stutter_SB": 2701, "Shoot the Sheriff": 2578, "Cruelclaw's Heist_SB": 595, "Valgavoth's Lair": 3219, "Akawalli, the Seething Tower": 47, "Absolving Lammasu_SB": 7, "Azure Beastbinder_SB": 167, "Unstoppable Slasher": 3183, "Unholy Annex // Ritual Chamber": 3163, "Archangel Elspeth_SB": 103, "Dollmaker's Shop // Porcelain Gallery_SB": 755, "Change the Equation": 466, "Get Out": 1157, "Think Twice": 2977, "Micromancer_SB": 1841, "Sphinx of Forgotten Lore_SB": 2707, "Artist's Talent": 127, "Crash Through": 585, "Urabrask": 3195, "Wrenn's Resolve": 3408, "Coruscation Mage_SB": 575, "Torpor Orb_SB": 3072, "Kaya, Intangible Slayer_SB": 1572, "Stoic Sphinx_SB": 2780, "Caves of Koilos": 447, "Kaya, Spirits' Justice": 1573, "Concealed Courtyard": 537, "Restless Fortress": 2346, "Elenda, Saint of Dusk_SB": 850, "Fade from History_SB": 956, "Season of the Burrow": 2516, "Ertai Resurrected_SB": 904, "Wrenn's Resolve_SB": 3409, "Fiery Annihilation_SB": 1036, "Phyrexian Obliterator_SB": 2129, "Shock_SB": 2575, "Stab": 2737, "Unholy Annex // Ritual Chamber_SB": 3164, "Case of the Stashed Skeleton": 424, "Unstoppable Slasher_SB": 3184, "Deadly Cover-Up_SB": 649, "Withering Torment": 3393, "Kaito, Cunning Infiltrator": 1554, "Flashfreeze_SB": 1062, "Aven Interrupter": 154, "Werefox Bodyguard": 3361, "Dewdrop Cure_SB": 717, "Regal Bunnicorn_SB": 2310, "Joust Through_SB": 1547, "Secluded Courtyard": 2521, "Not on My Watch_SB": 1986, "Outrageous Robbery": 2052, "Archangel of Wrath_SB": 107, "Render Inert_SB": 2325, "Bruse Tarl, Roving Rancher": 359, "Chimil, the Inner Sun_SB": 480, "Fblthp, Lost on the Range": 984, "Weakstone's Subjugation": 3353, "An Offer You Can't Refuse_SB": 63, "Fblthp, Lost on the Range_SB": 985, "Proft's Eidetic Memory_SB": 2187, "Weakstone's Subjugation_SB": 3354, "Koth, Fire of Resistance_SB": 1625, "Mountain_SB": 1914, "Ephara's Dispersal_SB": 897, "Leyline Axe": 1673, "Disfigure": 728, "Volcanic Spite_SB": 3306, "Bloodthirsty Conqueror": 257, "Liliana, Dreadhorde General_SB": 1700, "Requisition Raid_SB": 2333, "The Wandering Rescuer": 2973, "Cruelclaw's Heist": 594, "Sunfall_SB": 2820, "Bottomless Pool && Locker Room": 301, "Fear of Isolation": 995, "Hopeless Nightmare": 1413, "Legions to Ashes": 1666, "Nurturing Pixie": 1992, "Tithing Blade": 3052, "Bandit's Talent_SB": 177, "Tinybones Joins Up_SB": 3040, "Tithing Blade_SB": 3053, "Authority of the Consuls": 151, "Invasion of Tarkir": 1504, "Bitter Reunion_SB": 222, "Hidetsugu's Second Rite_SB": 1392, "Song of Totentanz_SB": 2666, "The Swarmweaver_SB": 2971, "Tyrranax Rex_SB": 3128, "Werefox Bodyguard_SB": 3362, "Boon-Bringer Valkyrie": 290, "Temple of Epiphany": 2898, "Imodane's Recruiter_SB": 1445, "Invasion of Karsus_SB": 1500, "Mirror Room && Fractured Realm_SB": 1858, "Sword of Once and Future_SB": 2855, "Sword of Wealth and Power_SB": 2857, "This Town Ain't Big Enough_SB": 2983, "Wildfire Howl_SB": 3372, "Zurgo and Ojutai_SB": 3443, "Flowerfoot Swordmaster": 1078, "Faerie Mastermind_SB": 965, "Tinybones Joins Up": 3039, "Ethereal Armor_SB": 922, "Lyra Dawnbringer_SB": 1755, "Regal Caracal_SB": 2312, "Roxanne, Starfall Savant_SB": 2411, "Kaito, Cunning Infiltrator_SB": 1555, "Faerie Fencing": 962, "Halo Forager_SB": 1305, "Mabel, Heir to Cragflame_SB": 1759, "Caustic Bronco": 438, "Not on My Watch": 1985, "Season of the Burrow_SB": 2517, "Kitesail Larcenist": 1602, "Essence Scatter": 913, "Essence Scatter_SB": 914, "Clay-Fired Bricks": 504, "Soulstone Sanctuary_SB": 2686, "Cacophony Scamp": 383, "Leyline of Resonance": 1676, "Might of the Meek": 1843, "Overprotect": 2068, "Ballyrush Banneret": 171, "Fortified Beachhead": 1095, "Harbin, Vanguard Aviator": 1310, "Protect the Negotiators": 2194, "Recruitment Officer": 2296, "Skystrike Officer": 2634, "Three Tree City": 3013, "Valiant Veteran": 3224, "Zephyr Sentinel": 3425, "Kutzil's Flanker_SB": 1637, "Myrel, Shield of Argive_SB": 1929, "Raise the Past_SB": 2242, "Siege Veteran_SB": 2590, "Steel Seraph_SB": 2766, "The Eternal Wanderer_SB": 2935, "Chimil, the Inner Sun": 479, "Ezrim, Agency Chief": 950, "Karn, Living Legacy": 1566, "Metropolis Reformer": 1838, "Urza's Sylex_SB": 3213, "Wrenn and Realmbreaker_SB": 3406, "Altanak, the Thrice-Called": 55, "Break Out": 331, "Hard-Hitting Question": 1315, "Keen-Eyed Curator": 1577, "Omnivorous Flytrap": 2023, "Patchwork Beastie": 2092, "Say Its Name": 2466, "Violent Urge": 3277, "Wildfire Wickerfolk": 3373, "Wrenn and Realmbreaker": 3405, "Overlord of the Mistmoors_SB": 2067, "Spiteful Hexmage": 2719, "Pest Control_SB": 2110, "Tinybones, the Pickpocket": 3043, "Blue Sun's Twilight_SB": 272, "Caretaker's Talent_SB": 410, "Sorcerous Spyglass_SB": 2671, "Skrelv's Hive_SB": 2615, "Kiora, the Rising Tide": 1598, "Take Up the Shield_SB": 2871, "Disturbing Mirth": 744, "Final Vengeance": 1043, "Greedy Freebooter": 1268, "Scavenger's Talent": 2479, "Souls of the Lost": 2683, "Stalactite Stalker": 2742, "Case of the Stashed Skeleton_SB": 425, "Rottenmouth Viper_SB": 2409, "Cryptic Coat": 601, "Decadent Dragon": 660, "Krenko's Buzzcrusher_SB": 1630, "Roaring Furnace // Steaming Sauna": 2390, "Kellan, Inquisitive Prodigy": 1584, "Roaring Furnace // Steaming Sauna_SB": 2391, "Demonic Pact": 693, "Harmless Offering": 1319, "Beseech the Mirror": 207, "Braids, Arisen Nightmare": 311, "Brotherhood's End": 357, "Final Vengeance_SB": 1044, "Brotherhood's End_SB": 358, "Bitter Triumph": 223, "Smuggler's Surprise": 2654, "Valgavoth, Terror Eater": 3222, "Vaultborn Tyrant": 3247, "Zombify": 3434, "Silverback Elder_SB": 2599, "Glissa Sunslayer_SB": 1217, "Rottenmouth Viper": 2408, "Blood Spatter Analysis": 247, "Leyline of the Void_SB": 1682, "Vraska, Betrayal's Sting": 3324, "Witch's Mark": 3389, "Kitsa, Otterball Elite": 1605, "Restless Vinestalk": 2356, "The Witch's Vanity": 2975, "Greed's Gambit": 1267, "Blanchwood Prowler": 229, "Urborg Lhurgoyf": 3199, "Hidden Grotto": 1383, "Feed the Cycle": 1009, "Season of Loss": 2512, "Fanatical Firebrand": 973, "Fugitive Codebreaker": 1118, "Rundvelt Hordemaster": 2422, "Searslicer Goblin": 2508, "Breeches, Eager Pillager": 335, "Squee, Dubious Monarch": 2734, "Enduring Courage": 875, "Krenko, Mob Boss": 1632, "Rite of the Moth": 2377, "Venerated Rotpriest": 3253, "Branchblight Stalker": 318, "Ichorspit Basilisk": 1439, "Maze's Mantle": 1815, "Viral Spawning": 3279, "Plague Nurse": 2148, "Venomous Brutalizer": 3261, "Tyrranax Atrocity": 3126, "Goliath Hatchery": 1244, "Paladin of Predation": 2085, "Tyrranax Rex": 3127, "Serum Snare": 2540, "Tainted Observer": 2869, "Experimental Augury": 935, "Thrummingbird": 3021, "Mesmerizing Dose": 1832, "Reject Imperfection": 2316, "Gitaxian Anatomist": 1190, "Vivisurgeon's Insight": 3295, "Basilisk Collar": 190, "Lakeside Shack": 1643, "Lush Oasis": 1752, "Simic Guildgate": 2602, "Tangled Islet": 2878, "Thornwood Falls": 2990, "Meat Locker // Drowned Diner": 1818, "Giada, Font of Hope": 1174, "Archangel of Tithes": 104, "Resplendent Angel": 2336, "Lyra Dawnbringer": 1754, "Sigarda, Font of Blessings": 2592, "Angelic Intervention": 74, "Exemplar of Light": 928, "Loran's Escape": 1731, "Youthful Valkyrie": 3421, "Herald of Eternal Dawn_SB": 1365, "Tatyova, Steward of Tides": 2883, "Awaken the Woods": 159, "Titania's Command": 3048, "Joint Exploration": 1544, "Rampaging Baloths": 2255, "Invasion of Zendikar": 1508, "Blast Zone": 232, "Portal to Phyrexia": 2170, "Omenpath Journey": 2021, "Clifftop Lookout": 506, "Heaped Harvest": 1342, "Bonny Pall, Clearcutter": 284, "Poison Dart Frog": 2158, "Mossborn Hydra": 1909, "Doubling Season": 763, "Vren, the Relentless_SB": 3328, "Long Goodbye": 1720, "Liliana, Dreadhorde General": 1699, "The Eternal Wanderer": 2934, "Teferi, Temporal Pilgrim": 2890, "Rona's Vortex_SB": 2402, "White Sun's Twilight_SB": 3368, "Break the Spell_SB": 334, "Get Out_SB": 1158, "Migloz, Maze Crusher_SB": 1846, "Aetherize_SB": 28, "Under the Skin": 3146, "Seraphic Steed": 2537, "Hulking Raptor": 1427, "Spinewoods Armadillo": 2712, "Vorinclex": 3316, "Cavern of Souls_SB": 445, "Fountainport_SB": 1103, "Goldvein Hydra_SB": 1241, "Feed the Swarm_SB": 1012, "Meticulous Excavation_SB": 1837, "Sporogenic Infection_SB": 2728, "Cheeky House-Mouse": 477, "Rabid Gnaw": 2225, "Raging Battle Mouse": 2239, "Valley Questcaller": 3230, "Loran's Escape_SB": 1732, "Phyrexian Fleshgorger": 2124, "Zoraline, Cosmos Caller": 3436, "Ossification": 2040, "Ossification_SB": 2041, "Enduring Innocence_SB": 880, "The Witch's Vanity_SB": 2976, "Ill-Timed Explosion_SB": 1442, "Zoraline, Cosmos Caller_SB": 3437, "Abrade": 4, "Arcane Proxy": 100, "Teferi, Temporal Pilgrim_SB": 2891, "Lay Down Arms_SB": 1655, "Valley Floodcaller_SB": 3228, "Betrayer's Bargain": 211, "Corrupted Conviction": 571, "Furnace Reins": 1128, "Undead Sprinter_SB": 3145, "Spinner of Souls": 2715, "Murky Sewer": 1924, "Neglected Manor": 1946, "Cenote Scout": 451, "Deeproot Pilgrimage": 669, "Deeproot Wayfinder": 670, "Mistway Spy": 1872, "Vodalian Hexcatcher": 3297, "Grand Abolisher_SB": 1254, "Blossoming Tortoise": 267, "Serra Paragon": 2538, "Realmbreaker, the Invasion Tree": 2282, "Cease // Desist_SB": 449, "Metropolis Reformer_SB": 1839, "Atraxa, Grand Unifier_SB": 146, "Phantom Interference_SB": 2114, "Seeker's Folly_SB": 2526, "Wildborn Preserver": 3371, "Audacity": 147, "Might of the Meek_SB": 1844, "Pia Nalaar, Consul of Revival": 2132, "Case of the Crimson Pulse": 415, "Invasion of Kaldheim": 1499, "Painter's Studio // Defaced Gallery": 2083, "Heartflame Duelist": 1346, "Norn's Inquisitor": 1981, "Crystal Grotto": 607, "Sunder the Gateway_SB": 2818, "Doomsday Excruciator_SB": 759, "Rona, Herald of Invasion": 2403, "Honest Rutstein": 1409, "Jodah, the Unifier": 1540, "Plaza of Heroes": 2154, "Myrel, Shield of Argive": 1928, "Hajar, Loyal Bodyguard": 1298, "Ruby, Daring Tracker": 2415, "Halana and Alena, Partners": 1300, "Inga and Esika": 1461, "Gwenna, Eyes of Gaea": 1297, "Jirina, Dauntless General": 1538, "Elas il-Kor, Sadistic Pilgrim": 843, "Melira, the Living Cure": 1824, "Relic of Legends": 2318, "Hajar, Loyal Bodyguard_SB": 1299, "Etali, Primal Conqueror_SB": 917, "Elesh Norn_SB": 854, "Surrak and Goreclaw_SB": 2841, "Getaway Glamer_SB": 1160, "Bottomless Pool // Locker Room": 303, "Nashi, Searcher in the Dark_SB": 1939, "Viashino Pyromancer": 3271, "Boltwave": 276, "Temple of Triumph": 2904, "Heartflame Duelist_SB": 1347, "Slagstorm_SB": 2636, "Bilious Skulldweller": 215, "Fynn, the Fangbearer": 1130, "Infectious Bite": 1455, "Vraska Joins Up": 3321, "Bloated Contaminator": 243, "Darkstar Augur": 632, "Tyvar's Stand": 3130, "Necrogen Communion": 1942, "Thirsting Roots_SB": 2981, "Swiftfoot Boots_SB": 2849, "Vraska, Betrayal's Sting_SB": 3325, "Fear of Impostors": 991, "Sleep-Cursed Faerie": 2640, "Defabricate_SB": 672, "Twist Reality_SB": 3117, "Charming Scoundrel": 473, "Twisted Fealty": 3118, "Spellgyre": 2703, "Armored Armadillo": 122, "Toadstool Admirer": 3054, "Guardian of New Benalia": 1290, "Unflinching Courage": 3159, "Pest Control": 2109, "Legions to Ashes_SB": 1667, "Cult Conscript": 608, "Forsaken Miner": 1094, "Thought-Stalker Warlock": 2993, "Heraldic Banner": 1366, "Mudflat Village": 1917, "Gatekeeper of Malakir": 1146, "Defiled Crypt // Cadaver Lab": 680, "Heraldic Banner_SB": 1367, "Defiled Crypt // Cadaver Lab_SB": 681, "Pyroclasm": 2208, "Reclamation Sage_SB": 2293, "Karn's Sylex_SB": 1565, "Drannith Ruins": 795, "Curate": 612, "Ephara's Dispersal": 896, "The Stone Brain": 2967, "Bandit's Talent": 176, "High Noon_SB": 1394, "Misery's Shadow": 1862, "Hostile Investigator": 1420, "Decadent Dragon_SB": 661, "Dollmaker's Shop // Porcelain Gallery": 754, "Calamity, Galloping Inferno": 390, "Vein Ripper": 3250, "Archdruid's Charm": 108, "Assassin's Trophy": 135, "Obstinate Baloth_SB": 2005, "Doppelgang": 761, "Invasion of Arcavios": 1491, "Thran Portal": 3002, "Viashino Pyromancer_SB": 3272, "Lord Skitter, Sewer King_SB": 1735, "Aegis Turtle": 22, "Enter the Enigma": 892, "Venerated Rotpriest_SB": 3254, "Ivy, Gleeful Spellthief_SB": 1520, "Silent Hallcreeper_SB": 2595, "Immersturm Predator": 1443, "Laughing Jasper Flint": 1649, "Jaya, Fiery Negotiator": 1532, "Agatha's Soul Cauldron_SB": 33, "The Cruelty of Gix_SB": 2927, "Corpses of the Lost": 566, "Gev, Scaled Scorch": 1161, "Thought-Stalker Warlock_SB": 2994, "Lightning Strike_SB": 1693, "Ral, Crackling Wit": 2252, "Rite of the Dragoncaller": 2375, "Horned Loch-Whale": 1415, "Ill-Timed Explosion": 1441, "Grabby Giant": 1250, "Thundering Falls": 3027, "Horned Loch-Whale_SB": 1416, "Feldon's Cane_SB": 1014, "Fires of Victory": 1051, "Capricious Hellraiser": 403, "Chandra, Hope's Beacon": 460, "Brass's Tunnel-Grinder": 320, "Season of Weaving": 2514, "Chandra, Flameshaper": 458, "Virtue of Knowledge_SB": 3284, "Enduring Tenacity": 881, "Bloodletter of Aclazotz": 253, "Goldvein Hydra": 1240, "Pugnacious Hammerskull": 2199, "Regal Caracal": 2311, "Arahbo, the First Fang": 96, "Shoot the Sheriff_SB": 2579, "Dragon Fodder": 775, "Goblin Surprise": 1235, "Sunspine Lynx": 2827, "Fear of Impostors_SB": 992, "Sword of Once and Future": 2854, "Helpful Hunter": 1361, "Phyrexian Fleshgorger_SB": 2125, "Gisa, the Hellraiser": 1188, "Iridescent Vinelasher": 1512, "Seal from Existence": 2504, "White Sun's Twilight": 3367, "Fell": 1020, "Battlefly Swarm": 197, "Surge of Salvation": 2833, "Drake Hatcher": 789, "Broodspinner": 355, "Insidious Roots": 1471, "Tyvar, Jubilant Brawler": 3132, "Snarling Gorehound": 2659, "Haywire Mite": 1333, "Bitter Triumph_SB": 224, "Green Sun's Twilight": 1269, "Solemn Simulacrum": 2662, "Massacre Wurm": 1810, "Ghalta, Stampede Tyrant": 1165, "Etali, Primal Conqueror": 916, "Push // Pull": 2204, "Conduit Pylons": 538, "Live or Die": 1707, "Valgavoth's Faithful": 3217, "Koma, World-Eater": 1620, "Maha, Its Feathers Night_SB": 1775, "Beastie Beatdown": 199, "Roxanne, Starfall Savant": 2410, "Annie Joins Up": 83, "Huatli, Poet of Unity": 1424, "Dragonhawk, Fate's Tempest": 784, "Fortune, Loyal Steed": 1097, "Ego Drain": 839, "Invasion of Amonkhet_SB": 1490, "Thalia and The Gitrog Monster": 2921, "Surgical Suite && Hospital Room_SB": 2837, "Bonehoard Dracosaur": 282, "Molten Collapse": 1880, "Thornvault Forager": 2989, "Curious Forager": 614, "The Mycotyrant": 2955, "Insidious Fungus_SB": 1470, "Titania, Voice of Gaea_SB": 3051, "Huskburster Swarm_SB": 1434, "Mindsplice Apparatus": 1849, "Silver Scrutiny": 2597, "Breach the Multiverse": 326, "The Swarmweaver": 2970, "Archangel of Tithes_SB": 105, "Island_SB": 1516, "Dissection Tools": 737, "Proft's Eidetic Memory": 2186, "Entity Tracker_SB": 895, "Drag to the Roots": 773, "Glarb, Calamity's Augur": 1202, "Insidious Fungus": 1469, "Muldrotha, the Gravetide": 1919, "Sire of Seven Deaths": 2608, "Scrapshooter_SB": 2490, "Urgent Necropsy_SB": 3208, "Rebel Salvo_SB": 2286, "Shore Up_SB": 2581, "Spring-Loaded Sawblades": 2730, "Assimilation Aegis_SB": 139, "Aether Channeler": 24, "Final Showdown": 1041, "Defiled Crypt && Cadaver Lab": 678, "Turn Inside Out_SB": 3109, "Exuberant Fuseling": 949, "Overlord of the Balemurk_SB": 2059, "Thundertrap Trainer_SB": 3032, "Abuelo's Awakening": 8, "Confounding Riddle": 541, "Fallaji Archaeologist": 970, "Omniscience": 2022, "Kitsa, Otterball Elite_SB": 1606, "Rona, Herald of Invasion_SB": 2404, "Season of Weaving_SB": 2515, "Unnerving Grasp_SB": 3175, "Calix, Guided by Fate": 392, "Fear of Surveillance": 1000, "Ruin-Lurker Bat": 2417, "Exorcise": 930, "Wilt-Leaf Liege_SB": 3377, "Tender Wildguide": 2909, "Parting Gust_SB": 2090, "Refute": 2307, "Painter's Studio // Defaced Gallery_SB": 2084, "Grand Entryway // Elegant Rotunda": 1256, "Skrelv, Defector Mite_SB": 2617, "Palani's Hatcher": 2086, "Temple of Abandon": 2895, "Temple of Malady": 2899, "Blasphemous Edict_SB": 231, "Insatiable Avarice": 1467, "Kaya, Intangible Slayer": 1571, "Ashiok, Wicked Manipulator": 130, "Tolsimir, Midnight's Light": 3062, "Perforating Artist": 2104, "Temple of Silence": 2903, "The Elder Dragon War": 2929, "Betrayer's Bargain_SB": 212, "Loran of the Third Path": 1729, "Sawblade Skinripper": 2464, "Agrus Kos, Spirit of Justice": 37, "Muerra, Trash Tactician": 1918, "The Irencrag": 2943, "Cosmic Rebirth": 576, "Kellan's Lightblades_SB": 1582, "Squirming Emergence": 2736, "The Cruelty of Gix": 2926, "Lumra, Bellow of the Woods": 1747, "Wail of the Forgotten": 3329, "Terror Tide": 2913, "Undead Sprinter": 3144, "At Knifepoint_SB": 143, "Caught in the Crossfire_SB": 436, "Monstrous Rage_SB": 1902, "Essence Channeler": 911, "Amalia Benavides Aguirre": 56, "Lunar Convocation": 1748, "Case of the Uneaten Feast": 426, "Raise the Past": 2241, "Scoured Barrens": 2488, "Unwanted Remake_SB": 3190, "Smuggler's Surprise_SB": 2655, "Don't Make a Sound": 756, "Sheoldred_SB": 2563, "Distorted Curiosity": 739, "Whisper of the Dross": 3365, "Bring the Ending": 343, "Drown in Ichor": 805, "Prologue to Phyresis": 2191, "Vraska's Fall_SB": 3323, "Blasphemous Edict": 230, "Bottomless Pool // Locker Room_SB": 304, "The Princess Takes Flight_SB": 2957, "Anim Pakal, Thousandth Moon_SB": 77, "Abyssal Harvester": 10, "Adaptive Automaton": 18, "Grievous Wound": 1276, "Rush of Dread": 2427, "Three Tree Mascot": 3014, "Phyrexian Obliterator": 2128, "Tail Swipe": 2866, "Hunter's Talent_SB": 1429, "Mechanized Warfare": 1821, "Cankerbloom": 401, "Broodspinner_SB": 356, "Cankerbloom_SB": 402, "Virtue of Loyalty_SB": 3286, "Elenda, Saint of Dusk": 849, "Starscape Cleric": 2751, "Terror Tide_SB": 2914, "Hauntwoods Shrieker": 1332, "Valgavoth's Onslaught": 3220, "Balustrade Wurm_SB": 174, "Phyrexian Vindicator": 2130, "The Seedcore": 2960, "Mischievous Mystic": 1861, "Rankle's Prank": 2261, "Lord Skitter, Sewer King": 1734, "Twitching Doll": 3121, "Vinereap Mentor": 3275, "Zul Ashur, Lich Lord": 3439, "Garruk's Uprising": 1138, "Defiler of Flesh": 683, "Vampire Nighthawk_SB": 3240, "Kraul Whipcracker_SB": 1627, "Vinereap Mentor_SB": 3276, "Pick Your Poison": 2133, "Filter Out_SB": 1039, "Vengeful Possession_SB": 3259, "Invasion of Tolvada": 1507, "High Noon": 1393, "No One Left Behind": 1974, "Restless Reef_SB": 2349, "Lost Jitte": 1736, "Invasion of Gobakhan": 1495, "Dreadmaw's Ire": 796, "Felonious Rage": 1022, "Manifold Mouse_SB": 1790, "Long River's Pull_SB": 1723, "Soul Search_SB": 2675, "Darkstar Augur_SB": 633, "Case of the Gateway Express_SB": 419, "Finneas, Ace Archer": 1047, "Kambal, Profiteering Mayor": 1559, "Skrelv's Hive": 2614, "Kambal, Profiteering Mayor_SB": 1560, "Kaya, Spirits' Justice_SB": 1574, "Oko, the Ringleader_SB": 2015, "Ivy, Gleeful Spellthief": 1519, "Invasion of Theros": 1506, "Marchesa, Dealer of Death": 1796, "Annie Flash, the Veteran_SB": 82, "Jirina, Dauntless General_SB": 1539, "Sun-Blessed Healer_SB": 2814, "Wear Down_SB": 3356, "Nashi, Searcher in the Dark": 1938, "Defiled Crypt && Cadaver Lab_SB": 679, "Dust Animus_SB": 819, "Crumb and Get It": 596, "Feed the Cycle_SB": 1010, "Annex Sentry": 80, "Slaughter Singer": 2637, "Jawbone Duelist": 1531, "Getaway Glamer": 1159, "Crawling Chorus": 589, "Fleeting Flight_SB": 1065, "Divine Resilience_SB": 751, "Trash the Town_SB": 3087, "Bulk Up": 365, "Pugnacious Hammerskull_SB": 2200, "Felidar Retreat": 1018, "Giant Growth": 1178, "Hinterland Sanctifier": 1397, "Ajani's Pridemate": 39, "Lifecreed Duo": 1686, "Disenchant_SB": 727, "Quick Draw_SB": 2219, "Demolition Field_SB": 689, "Kona, Rescue Beastie": 1622, "Aetherize": 27, "Citanul Stalwart": 491, "Rune-Scarred Demon": 2424, "Time Stop": 3034, "Massacre Wurm_SB": 1811, "River's Rebuke_SB": 2380, "Prophetic Prism": 2193, "Wishclaw Talisman_SB": 3387, "Coveted Falcon_SB": 583, "Glimpse the Core": 1214, "Cultivator's Caravan": 609, "Scene of the Crime": 2482, "Swooping Lookout": 2851, "Long River's Pull": 1722, "Abraded Bluffs": 6, "Blooming Blast": 261, "Combat Research": 531, "Recruitment Officer_SB": 2297, "Candy Trail": 400, "Collector's Vault": 522, "Conspiracy Unraveler": 547, "Matzalantli, the Great Door": 1812, "Reenact the Crime": 2305, "Demonic Ruckus_SB": 696, "Impact Tremors_SB": 1447, "Magebane Lizard_SB": 1767, "One with the Multiverse": 2025, "Walk with the Ancestors": 3330, "Strangled Cemetery": 2797, "Assassin's Trophy_SB": 136, "Meathook Massacre II_SB": 1820, "Phyrexian Arena_SB": 2120, "The Infamous Cruelclaw": 2942, "Coiling Rebirth": 514, "Anim Pakal, Thousandth Moon": 76, "Hunter's Talent": 1428, "Hostile Investigator_SB": 1421, "Thundering Falls_SB": 3028, "Kaito, Dancing Shadow_SB": 1557, "Razorkin Needlehead": 2273, "Razorkin Needlehead_SB": 2274, "Highway Robbery_SB": 1396, "Dreadmaw's Ire_SB": 797, "Smash to Dust_SB": 2650, "Intrepid Paleontologist": 1486, "Ghalta, Primal Hunger": 1163, "Triumphant Chomp": 3098, "Ixalli's Lorekeeper": 1521, "Bolt Bend_SB": 275, "The Enigma Jewel": 2933, "Shipwreck Dowser": 2567, "Starfall Invocation": 2748, "Disturbing Conversion": 742, "Eerie Interference_SB": 838, "Builder's Talent_SB": 364, "Abuelo's Awakening_SB": 9, "Gingerbrute": 1186, "Surge Engine": 2831, "Repulsive Mutation": 2329, "Monstrous Emergence": 1899, "Repulsive Mutation_SB": 2330, "Sylvan Scavenging_SB": 2860, "Black Sun's Twilight": 225, "Ghost Vacuum": 1170, "Bloodletter of Aclazotz_SB": 254, "Wishclaw Talisman": 3386, "Vaultborn Tyrant_SB": 3248, "Feldon's Cane": 1013, "Treasure Map": 3090, "Neutralize the Guards": 1954, "Ayli, Eternal Pilgrim": 163, "Lively Dirge": 1708, "Urborg Scavengers": 3202, "Zetalpa, Primal Dawn": 3428, "Obstinate Baloth": 2004, "Ball Lightning": 170, "Overlord of the Boilerbilges_SB": 2061, "Founding the Third Path_SB": 1099, "Satoru, the Infiltrator": 2460, "Archfiend of the Dross_SB": 111, "Etched Cornfield": 919, "Errant and Giada": 901, "Malcolm, Alluring Scoundrel": 1781, "Plumecreed Escort_SB": 2156, "Wilt-Leaf Liege": 3376, "Axebane Ferox_SB": 161, "Gumdrop Poisoner_SB": 1296, "Charge of the Mites": 470, "Expel the Interlopers": 933, "Annex Sentry_SB": 81, "Vraska, the Silencer": 3326, "Binding Negotiation": 216, "Kaervek, the Punisher": 1551, "Festering Gulch": 1027, "Arid Archway": 120, "Bramble Familiar": 314, "Cityscape Leveler": 492, "Felonious Rage_SB": 1023, "Evangel of Synthesis": 924, "Sphinx of the Final Word_SB": 2708, "Temple of Malice": 2900, "Homicide Investigator_SB": 1408, "Bartolom\u00e9 del Presidio": 187, "Eaten Alive": 831, "Funeral Room // Awakening Hall": 1123, "Market Gnome": 1800, "Nezumi Linkbreaker": 1960, "Infestation Sage": 1459, "Outlaw Medic": 2049, "Vengeful Bloodwitch": 3256, "Cathar Commando_SB": 434, "Pillage the Bog_SB": 2143, "Rip, Spawn Hunter": 2369, "Molten Collapse_SB": 1881, "Not Dead After All": 1983, "Blightbelly Rat": 240, "Vraska's Fall": 3322, "Infectious Inquiry": 1457, "Unnatural Restoration": 3172, "Whisper of the Dross_SB": 3366, "Overprotect_SB": 2069, "Carnivorous Canopy_SB": 411, "Legion Extruder": 1663, "Thousand Moons Smithy_SB": 2998, "Gaea's Gift": 1132, "Trash the Town": 3086, "Shore Up": 2580, "Fecund Greenshell": 1007, "Dawn's Truce_SB": 637, "Gleaming Geardrake": 1210, "Dowsing Device": 766, "Demand Answers": 687, "Syr Ginger, the Meal Ender": 2863, "The Mycosynth Gardens": 2954, "Saheeli, Filigree Master": 2443, "Saheeli, Filigree Master_SB": 2444, "Kaito, Dancing Shadow": 1556, "Valgavoth, Terror Eater_SB": 3223, "Sire of Seven Deaths_SB": 2609, "The Tale of Tamiyo": 2972, "Contaminated Aquifer": 551, "The Dross Pits": 2928, "The Surgical Bay": 2969, "Case of the Ransacked Lab": 423, "Ertai's Scorn_SB": 906, "Scrawling Crawler": 2492, "Dawn's Truce": 636, "Final Showdown_SB": 1042, "Hollow Scavenger": 1406, "Night of the Sweets' Revenge": 1962, "Genesis Wave": 1151, "Archdruid's Charm_SB": 109, "Boros Charm_SB": 294, "Seized from Slumber_SB": 2531, "Colossal Rattlewurm": 526, "Freestrider Lookout": 1104, "Spelunking": 2705, "Witness Protection_SB": 3396, "Banishing Light_SB": 179, "Imprisoned in the Moon_SB": 1449, "Inquisitive Glimmer_SB": 1466, "Refute_SB": 2308, "Hugs, Grisly Guardian": 1425, "Kogla and Yidaro": 1615, "Persistent Marshstalker": 2108, "Karumonix, the Rat King": 1570, "Lilypad Village": 1701, "Argentum Masticore": 117, "Hedron Archive": 1352, "Hall of Tagsin": 1303, "Tomakul Honor Guard": 3063, "Cathar Commando": 433, "Knight of Grace": 1610, "Urza, Lord Protector": 3214, "Argentum Masticore_SB": 118, "Choking Miasma": 482, "Buried in the Garden": 370, "Bristly Bill, Spine Sower": 349, "Tyvar, the Pummeler": 3133, "Polukranos Reborn": 2164, "Bite Down": 219, "Bite Down_SB": 220, "Terror of the Peaks": 2915, "Untimely Malfunction": 3187, "Niv-Mizzet, Supreme": 1970, "Blazing Crescendo_SB": 236, "Chainsaw": 456, "Captain Storm, Cosmium Raider": 406, "Corsair Captain": 573, "Malcolm, the Eyes": 1783, "Staunch Crewmate": 2759, "Lost Jitte_SB": 1737, "Greta, Sweettooth Scourge": 1275, "Sweettooth Witch": 2846, "Experimental Confectioner": 936, "Mintstrosity": 1853, "Scream Puff": 2494, "Gingerbread Hunter": 1185, "Back for Seconds": 168, "Welcome to Sweettooth": 3360, "Spider Food": 2709, "Feed the Cauldron": 1008, "Return from the Wilds": 2361, "Savor": 2463, "Three Bowls of Porridge": 3010, "Eriette's Tempting Apple": 899, "Not Dead After All_SB": 1984, "Sugar Rush_SB": 2810, "Candy Grapple_SB": 399, "Hero's Downfall_SB": 1376, "Fell_SB": 1021, "Murder_SB": 1922, "Lonely Arroyo": 1719, "Lupinflower Village": 1751, "The Millennium Calendar_SB": 2952, "Ruin-Lurker Bat_SB": 2418, "Leonin Vanguard_SB": 1670, "Veteran Survivor_SB": 3267, "Eaten by Piranhas_SB": 833, "Kiora, the Rising Tide_SB": 1599, "Phyrexian Arena": 2119, "Stormsplitter": 2795, "Deadly Brew": 646, "Ral's Reinforcements": 2251, "Corrupted Conviction_SB": 572, "Kogla and Yidaro_SB": 1616, "Deadly Brew_SB": 647, "Rat Out_SB": 2263, "Lich-Knights' Conquest": 1684, "Gix, Yawgmoth Praetor_SB": 1196, "Cheeky House-Mouse_SB": 478, "Rogue's Passage": 2396, "Burrowguard Mentor": 376, "Dryad Militant": 808, "Trostani, Three Whispers": 3101, "Hop to It": 1410, "Oakhollow Village": 1996, "Pollen-Shield Hare": 2160, "Seasoned Warrenguard": 2519, "Valley Mightcaller": 3229, "Kutzil, Malamet Exemplar_SB": 1639, "Necrogen Rotpriest": 1943, "Contagious Vorrac": 550, "Armored Scrapgorger_SB": 125, "Forest_SB": 1090, "Invasion of Fiora_SB": 1494, "An Offer You Can't Refuse": 62, "Invasion of Amonkhet": 1489, "Malcolm, Alluring Scoundrel_SB": 1782, "The Monumental Facade": 2953, "Solphim, Mayhem Dominus": 2664, "Sardian Cliffstomper": 2456, "Magmatic Sprinter": 1771, "Churning Reservoir": 486, "Sardian Cliffstomper_SB": 2457, "Monastery Swiftspear_SB": 1896, "Magmatic Sprinter_SB": 1772, "Churning Reservoir_SB": 487, "Volatile Fault": 3303, "Zoyowa's Justice": 3438, "Trial of Agony": 3093, "Ojer Axonil, Deepest Might": 2011, "Generous Plunderer": 1150, "Brazen Collector": 325, "Firebrand Archer": 1048, "Leyline of Resonance_SB": 1677, "Fugitive Codebreaker_SB": 1119, "Ancestors' Aid_SB": 68, "Slickshot Show-Off_SB": 2648, "Dwynen's Elite": 825, "Leaf-Crowned Visionary": 1659, "Elvish Archdruid": 864, "Imperious Perfect": 1448, "Lathril, Blade of the Elves": 1647, "Tyvar the Bellicose": 3129, "Gaea's Gift_SB": 1133, "Give In to Violence_SB": 1192, "Cityscape Leveler_SB": 493, "Nahiri's Resolve_SB": 1934, "Scrapwork Mutt": 2491, "Delney, Streetwise Lookout": 685, "Hare Apparent": 1318, "No Witnesses": 1976, "Stroke of Midnight": 2802, "Impact Tremors": 1446, "Repel Calamity_SB": 2328, "Seize the Spoils": 2529, "Abandoned Campground": 1, "Kitnap_SB": 1604, "Braids, Arisen Nightmare_SB": 312, "Obyra, Dreaming Duelist": 2006, "Knight of Dusk's Shadow_SB": 1609, "Union of the Third Path": 3167, "Temple of Enlightenment": 2897, "Pile On": 2138, "Call a Surprise Witness": 393, "Giant Cindermaw_SB": 1177, "Micromancer": 1840, "Rattleback Apothecary": 2266, "Ygra, Eater of All": 3417, "Vampire Nighthawk": 3239, "Ankle Biter": 79, "Axebane Ferox": 160, "Maha, Its Feathers Night": 1774, "Massacre Girl, Known Killer": 1808, "Daggerfang Duo": 622, "Moonstone Harbinger": 1907, "Pestilent Syphoner": 2111, "Hoarding Recluse": 1403, "Deathbloom Gardener": 655, "Drown in Ichor_SB": 806, "Ghired, Mirror of the Wilds": 1166, "Portent of Calamity": 2172, "Bloodfeather Phoenix": 248, "Rakdos, the Muscle": 2247, "Rakdos, the Muscle_SB": 2248, "Rakdos Joins Up_SB": 2245, "Massacre Girl, Known Killer_SB": 1809, "Unyielding Gatekeeper": 3191, "Ghalta and Mavren": 1162, "Progenitus": 2189, "Manifest Dread": 1788, "Hide in Plain Sight": 1387, "Threats Around Every Corner": 3007, "Blossoming Sands": 266, "Evolving Wilds": 927, "Temple of Plenty": 2902, "Crystal Barricade": 605, "Green Sun's Twilight_SB": 1270, "Koma, World-Eater_SB": 1621, "Witness Protection": 3395, "Oblivious Bookworm": 2002, "Growing Dread": 1282, "Bubble Smuggler": 362, "Cryptid Inspector": 604, "Exit Specialist": 929, "Cursed Windbreaker": 617, "Break Down the Door": 330, "Surrak and Goreclaw": 2840, "Hard-Hitting Question_SB": 1316, "Polukranos Reborn_SB": 2165, "Banner of Kinship": 180, "Hazardroot Herbalist": 1335, "Rabbit Response": 2223, "Treeguard Duo": 3091, "Uncharted Haven": 3142, "Warren Elder": 3344, "Head of the Homestead": 1339, "Head of the Homestead_SB": 1340, "Grab the Prize_SB": 1249, "Stroke of Midnight_SB": 2803, "Slagstorm": 2635, "Desecration Demon": 701, "Dragonmaster Outcast": 787, "Fireglass Mentor": 1050, "Flamecache Gecko": 1056, "Inspiring Overseer": 1473, "Vial Smasher, Gleeful Grenadier": 3269, "Magda, the Hoardmaster": 1765, "Hellspur Brute": 1357, "At Knifepoint": 142, "Tinybones, Bauble Burglar": 3041, "Hellspur Posse Boss": 1359, "Hellspur Brute_SB": 1358, "Cynical Loner_SB": 621, "Lively Dirge_SB": 1709, "Astor, Bearer of Blades": 140, "Bladehold War-Whip": 228, "Kellan, the Fae-Blooded": 1588, "Kemba, Kha Enduring": 1589, "Rebel Salvo": 2285, "Lavaspur Boots": 1652, "Swiftfoot Boots": 2848, "Sword of Forge and Frontier": 2852, "Astor, Bearer of Blades_SB": 141, "Hidetsugu and Kairi": 1389, "Consuming Aberration": 549, "Cease // Desist": 448, "Knight of Dusk's Shadow": 1608, "Soul-Guide Lantern": 2677, "Temple of Deceit": 2896, "No One Left Behind_SB": 1975, "Season of Gathering_SB": 2511, "Tocasia's Welcome": 3057, "Patchwork Banner": 2091, "Hop to It_SB": 1411, "Evolved Sleeper": 925, "Friendly Teddy": 1109, "Rankle's Prank_SB": 2262, "Consumed by Greed_SB": 548, "Razorlash Transmogrant_SB": 2276, "Dusk Legion Duelist": 815, "Stocking the Pantry": 2776, "Botanical Brawler": 299, "Tribute to the World Tree": 3095, "Railway Brawler": 2240, "Collector's Cage_SB": 521, "Render Inert": 2324, "Titania, Voice of Gaea": 3050, "Argoth, Sanctum of Nature": 119, "Loot, Exuberant Explorer": 1725, "Guardian of Ghirapur": 1289, "Ruthless Lawbringer": 2431, "Felidar Retreat_SB": 1019, "Throne of the Grim Captain": 3019, "Desperate Bloodseeker": 703, "Rampaging Spiketail": 2258, "Barkform Harvester": 184, "Fae Flight_SB": 958, "Phoenix Chick": 2117, "Squee, Dubious Monarch_SB": 2735, "Blooming Blast_SB": 262, "Enduring Tenacity_SB": 882, "Rush of Dread_SB": 2428, "Insatiable Avarice_SB": 1468, "Kitesail Larcenist_SB": 1603, "Magebane Lizard": 1766, "Ravine Raider": 2271, "Scales of Shale": 2472, "Valley Flamecaller": 3225, "Valley Rotcaller": 3231, "Final Flourish_SB": 1040, "Time Stop_SB": 3035, "Drag the Canal_SB": 771, "Unnatural Restoration_SB": 3173, "Infectious Inquiry_SB": 1458, "Urborg Scavengers_SB": 3203, "Volcanic Spite": 3305, "Grab the Prize": 1248, "Taii Wakeen, Perfect Shot": 2865, "Unruly Catapult": 3176, "Glassworks // Shattered Yard_SB": 1207, "Samut, Vizier of Naktamun": 2449, "Rakdos Guildgate": 2243, "Izzet Guildgate": 1524, "Selesnya Guildgate": 2532, "Orzhov Guildgate": 2037, "Gruul Guildgate": 1285, "Boros Guildgate": 296, "Azorius Guildgate": 165, "Dimir Guildgate": 720, "Golgari Guildgate": 1243, "Maze's End": 1814, "Circuitous Route": 490, "Expedition Map": 932, "Tatyova, Benthic Druid": 2882, "Dust Animus": 818, "Tribute to the World Tree_SB": 3096, "Hulking Metamorph": 1426, "Rest in Peace": 2339, "Surge Engine_SB": 2832, "Fake Your Own Death": 969, "Invasion of Ergamon": 1493, "Break Out_SB": 332, "Flamewake Phoenix_SB": 1059, "Beastie Beatdown_SB": 200, "Primal Might": 2178, "Ego Drain_SB": 840, "Dwynen, Gilt-Leaf Daen": 826, "Scales of Shale_SB": 2473, "Hearthborn Battler_SB": 1350, "Vengeful Possession": 3258, "Rabid Gnaw_SB": 2226, "Repair and Recharge": 2327, "Step Between Worlds_SB": 2767, "Moment of Craving_SB": 1886, "Scrapshooter": 2489, "Hexgold Halberd": 1381, "Sporogenic Infection": 2727, "Skyfisher Spider": 2626, "Skyfisher Spider_SB": 2627, "Rakdos Joins Up": 2244, "Kroxa and Kunoros": 1633, "Cruel Somnophage": 593, "Festerleech": 1028, "Fallaji Archaeologist_SB": 971, "The Wandering Rescuer_SB": 2974, "Make Your Own Luck": 1777, "Worldwalker Helm": 3400, "Torch the Witness": 3068, "Detective's Satchel": 710, "Forensic Gadgeteer_SB": 1087, "Ice Out_SB": 1437, "Sun-Blessed Healer": 2813, "Oracle of Tragedy": 2031, "Tarrian's Journal": 2880, "Felidar Cub": 1016, "Knight-Errant of Eos_SB": 1613, "Dusk Rose Reliquary_SB": 817, "Ruthless Lawbringer_SB": 2432, "Felidar Cub_SB": 1017, "Banishing Light": 178, "Sharp-Eyed Rookie": 2553, "Evolving Adaptive": 926, "Garruk's Uprising_SB": 1139, "Unauthorized Exit": 3140, "Let's Play a Game_SB": 1672, "Chart a Course_SB": 476, "Peerless Recycling_SB": 2100, "Johann's Stopgap_SB": 1542, "Flow of Knowledge_SB": 1077, "Roaming Throne_SB": 2386, "Quintorius Kand_SB": 2222, "Soul Search": 2674, "Heroic Reinforcements_SB": 1379, "Surgical Suite && Hospital Room": 2836, "Razorlash Transmogrant": 2275, "Surgical Suite // Hospital Room": 2838, "Worldsoul's Rage": 3399, "Inspiration from Beyond": 1472, "Bonny Pall, Clearcutter_SB": 285, "Shrouded Shepherd": 2586, "Wandertale Mentor": 3333, "Vodalian Mindsinger_SB": 3298, "Llanowar Elves_SB": 1712, "Bonehoard Dracosaur_SB": 283, "Norin, Swift Survivalist": 1979, "Trapped in the Screen": 3084, "Ragged Playmate": 2237, "Trapped in the Screen_SB": 3085, "Ragged Playmate_SB": 2238, "Norin, Swift Survivalist_SB": 1980, "Splitskin Doll_SB": 2726, "Fear of Surveillance_SB": 1001, "Grand Entryway // Elegant Rotunda_SB": 1257, "Zurgo and Ojutai": 3442, "Dead Weight_SB": 645, "Think Twice_SB": 2978, "Take for a Ride_SB": 2872, "Fleeting Flight": 1064, "Mosswood Dreadknight_SB": 1912, "Boltwave_SB": 277, "Sheoldred": 2558, "Enduring Courage_SB": 876, "War Squeak_SB": 3336, "Spirebluff Canal_SB": 2718, "Chandra, Flameshaper_SB": 459, "Blazing Crescendo": 235, "Ajani, Sleeper Agent": 43, "Ajani, Sleeper Agent_SB": 44, "Fumigate": 1121, "Great Train Heist": 1266, "Fiendish Panda": 1032, "Ashnod's Harvester": 132, "Wardens of the Cycle": 3339, "Warhost's Frenzy": 3341, "Glimmerlight": 1213, "Geralf, the Fleshwright": 1153, "Geralf, the Fleshwright_SB": 1154, "Claim Jumper_SB": 496, "Mirrex_SB": 1857, "Tectonic Hazard": 2887, "Chainsaw_SB": 457, "Steamcore Scholar": 2761, "Vampire Gourmand": 3237, "Vraan, Executioner Thane": 3320, "Eaten Alive_SB": 832, "Wojek Investigator": 3397, "Rustler Rampage": 2429, "Calamity's Wake_SB": 389, "Recommission_SB": 2295, "Heroic Reinforcements": 1378, "Searslicer Goblin_SB": 2509, "Lost in the Maze_SB": 1739, "Herald of Eternal Dawn": 1364, "Stormchaser's Talent_SB": 2789, "Phyrexian Missionary": 2126, "Case of the Locked Hothouse_SB": 421, "Cactarantula": 385, "Stromkirk Noble": 2804, "Ojer Pakpatiq, Deepest Epoch": 2012, "Disturbing Conversion_SB": 743, "See Double_SB": 2522, "Enduring Vitality_SB": 884, "Twinflame Tyrant": 3113, "Koth, Fire of Resistance": 1624, "Lithomantic Barrage": 1705, "Audience with Trostani_SB": 148, "Leyline of the Void": 1681, "Sentinel of Lost Lore": 2533, "Virtue of Knowledge": 3283, "Wylie Duke, Atiin Hero": 3411, "Defiler of Dreams_SB": 682, "Stoke the Flames": 2781, "Urza's Sylex": 3212, "Volatile Fault_SB": 3304, "Omen Hawker": 2018, "Jagged Barrens": 1530, "Hired Claw_SB": 1400, "Valgavoth's Onslaught_SB": 3221, "Kutzil's Flanker": 1636, "Extraordinary Journey": 947, "Gold Pan": 1238, "Extraordinary Journey_SB": 948, "Nurturing Pixie_SB": 1993, "Elusive Otter": 862, "Pearl of Wisdom": 2097, "Moonshaker Cavalry": 1905, "Fear of Lost Teeth": 997, "Horrid Vigor": 1417, "Flesh Burrower": 1066, "Let's Play a Game": 1671, "Winter's Intervention": 3382, "Grasping Longneck": 1258, "Wickerfolk Thresher": 3369, "Cackling Slasher": 382, "Fear of the Dark": 1002, "Balemurk Leech": 169, "Give In to Violence": 1191, "Innocuous Rat": 1464, "Bashful Beastie": 189, "Defiant Survivor": 676, "Meathook Massacre II": 1819, "Vile Mutilator": 3274, "Analyze the Pollen_SB": 66, "Anthem of Champions": 92, "Mistbreath Elder": 1868, "Bushwhack_SB": 380, "Mistbreath Elder_SB": 1869, "Realmbreaker's Grasp_SB": 2281, "Treeguard Duo_SB": 3092, "Stickytongue Sentinel_SB": 2771, "Sunshower Druid_SB": 2826, "Tumbleweed Rising_SB": 3103, "Polliwallop_SB": 2162, "Leyline of Transformation": 1679, "Saheeli's Lattice": 2442, "Hopeless Nightmare_SB": 1414, "Thrill of Possibility": 3017, "Etali, Primal Storm_SB": 918, "Corpses of the Lost_SB": 567, "Healer's Hawk": 1341, "Adamant Will": 17, "Dazzling Angel": 642, "Goldvein Pick": 1242, "Marauding Blight-Priest": 1794, "Moment of Triumph": 1887, "Pilfer": 2140, "Public Thoroughfare": 2198, "Roaming Throne": 2385, "Undying Malice": 3156, "Angel of Finality_SB": 73, "Cancel_SB": 398, "Opt_SB": 2027, "Requisition Raid": 2332, "Anointed Peacekeeper_SB": 91, "Connecting the Dots_SB": 544, "Idyllic Beachfront": 1440, "Invasion of Regatha": 1502, "Hidetsugu's Second Rite": 1391, "Deathcap Marionette": 656, "Ichor Drinker": 1438, "Jungle Hollow": 1550, "Urborg Repossession": 3200, "Urborg Repossession_SB": 3201, "Voracious Varmint_SB": 3315, "Ambush Wolf_SB": 59, "Makeshift Binding": 1778, "Deadly Riposte_SB": 652, "Nettle Guard_SB": 1953, "Dismal Backwater": 730, "Pelakka Wurm": 2101, "Extract a Confession_SB": 946, "Soul-Shackled Zombie_SB": 2680, "Unauthorized Exit_SB": 3141, "Jump Scare_SB": 1549, "Progenitus_SB": 2190, "Dewdrop Cure": 716, "Harvestrite Host": 1325, "Family Reunion_SB": 972, "Hinterland Sanctifier_SB": 1398, "Planar Disruption_SB": 2152, "Cut Short_SB": 620, "Annihilating Glare": 85, "Fanatical Offering": 975, "Sword of Wealth and Power": 2856, "Pilfer_SB": 2141, "Empyrean Eagle": 869, "Tranquil Cove": 3078, "Griffnaut Tracker_SB": 1278, "Shroudstomper": 2588, "Lassoed by the Law": 1644, "Mabel's Mettle": 1757, "The Huntsman's Redemption": 2940, "Cunning Coyote": 610, "Skulduggery": 2618, "Skulduggery_SB": 2619, "Beseech the Mirror_SB": 208, "Dead Weight": 644, "Minor Misstep": 1851, "Hopeful Vigil": 1412, "Restricted Office // Lecture Hall": 2357, "Central Elevator // Promising Stairs": 452, "Creeping Peeper": 590, "Underwater Tunnel // Slimy Aquarium": 3155, "Erratic Apparition": 902, "Dazzling Theater // Prop Room": 643, "Fear of Falling": 990, "Fear of Abduction": 986, "Lionheart Glimmer": 1703, "Gremlin Tamer_SB": 1274, "Tunnel Surveyor_SB": 3107, "Stalked Researcher_SB": 2744, "Guide of Souls": 1291, "Ocelot Pride": 2007, "Ragavan, Nimble Pilferer": 2235, "Ajani, Nacatl Pariah": 42, "Phlage, Titan of Fire's Fury": 2116, "Galvanic Discharge": 1136, "Thraben Charm": 2999, "Static Prison": 2756, "Goblin Bombardment": 1228, "Arena of Glory": 116, "Arid Mesa": 121, "Flooded Strand": 1068, "Marsh Flats": 1805, "Sacred Foundry": 2437, "Fable of the Mirror-Breaker": 952, "Showdown of the Skalds": 2583, "Windswept Heath": 3381, "Fear, Fire, Foes!_SB": 1003, "Orim's Chant_SB": 2034, "Surgical Extraction_SB": 2835, "Drannith Magistrate_SB": 794, "Stony Silence_SB": 2783, "Wear // Tear_SB": 3355, "Showdown of the Skalds_SB": 2584, "Obsidian Charmaw_SB": 2003, "Polluted Delta": 2163, "Scalding Tarn": 2469, "Misty Rainforest": 1873, "Bloodstained Mire": 256, "Watery Grave": 3351, "Steam Vents": 2760, "Sink into Stupor": 2605, "Spell Snare": 2699, "Unearth": 3157, "Thoughtseize": 2995, "Fatal Push": 980, "Faithless Looting": 968, "Tamiyo, Inquisitive Student": 2877, "Psychic Frog": 2197, "Counterspell": 581, "Persist": 2107, "Force of Negation": 1083, "Brazen Borrower": 323, "Archon of Cruelty": 113, "Nihil Spellbomb_SB": 1965, "Consign to Memory_SB": 546, "Harbinger of the Seas_SB": 1312, "Stern Scolding_SB": 2770, "Fable of the Mirror-Breaker_SB": 953, "Blazing Rootwalla": 237, "Burning Inquiry": 372, "Detective's Phoenix": 709, "Flameblade Adept": 1055, "Goblin Lore": 1232, "Hollow One": 1405, "Lightning Bolt": 1689, "Stomping Ground": 2782, "Street Wraith": 2800, "Vengevine": 3260, "Wooded Foothills": 3398, "Cursed Totem_SB": 616, "Meltdown_SB": 1826, "Barbarian Ring": 182, "Sunbaked Canyon": 2815, "Eidolon of the Great Revel": 841, "Goblin Guide": 1231, "Lava Spike": 1651, "Rift Bolt": 2365, "Searing Blaze": 2506, "Skewer the Critics": 2610, "Skullcrack": 2622, "Flare of Duplication": 1060, "Smash to Smithereens_SB": 2651, "Faerie Macabre_SB": 963, "Ensnaring Bridge_SB": 890, "Primeval Titan": 2181, "Arboreal Grazer": 99, "Dryad of the Ilysian Grove": 810, "Dryad Arbor": 807, "Amulet of Vigor": 61, "Summoner's Pact": 2812, "Green Sun's Zenith": 1271, "Explore": 939, "Scapeshift": 2474, "Boseiju, Who Endures": 297, "Crumbling Vestige": 598, "Lotus Field": 1740, "Gruul Turf": 1287, "Simic Growth Chamber": 2601, "Hanweir Battlements": 1309, "Echoing Deeps": 834, "Mirrorpool": 1860, "Shifting Woodland": 2564, "Otawara, Soaring City": 2044, "Urza's Saga": 3211, "Valakut, the Molten Pinnacle": 3216, "Vesuva": 3262, "Tolaria West": 3059, "Urza's Cave": 3209, "Bojuka Bog_SB": 274, "Defense Grid_SB": 675, "Endurance_SB": 874, "Force of Vigor_SB": 1084, "Dismember_SB": 731, "Tireless Tracker_SB": 3045, "Vampires' Vengeance_SB": 3241, "Collector Ouphe_SB": 519, "Indomitable Creativity": 1452, "Prismatic Ending": 2184, "Wrenn and Six": 3407, "Blood Crypt": 245, "Xander's Lounge": 3412, "Jetmir's Garden": 1537, "Dwarven Mine": 824, "Boseiju, Who Endures_SB": 298, "Toxic Deluge_SB": 3074, "Hurkyl's Recall_SB": 1430, "Damping Sphere_SB": 626, "Cling to Dust": 507, "Harbinger of the Seas": 1311, "Murktide Regent": 1923, "Preordain": 2177, "Thought Scour": 2992, "Engineered Explosives_SB": 887, "Mystical Dispute_SB": 1931, "Spell Pierce_SB": 2698, "The Meathook Massacre_SB": 2949, "Orcish Bowmasters": 2033, "Godless Shrine": 1237, "Seasoned Pyromancer": 2518, "Phelia, Exuberant Shepherd": 2115, "Wrath of the Skies_SB": 3403, "Thoughtseize_SB": 2996, "Legion Loyalist": 1665, "Goblin Bushwhacker": 1229, "Devastating Summons": 712, "Reckless Bushwhacker": 2287, "Goblin Grenade": 1230, "Goblin Piledriver": 1234, "Mogg War Marshal": 1877, "Skirk Prospector": 2611, "Foundry Street Denizen": 1100, "Den of the Bugbear": 697, "Sokenzan, Crucible of Defiance": 2661, "Tormod's Crypt_SB": 3070, "Shattering Spree_SB": 2555, "Blood Moon_SB": 246, "Magus of the Moon_SB": 1773, "Reality Hemorrhage_SB": 2279, "Ziatora's Proving Ground": 3430, "Veil of Summer_SB": 3249, "Terastodon_SB": 2910, "Consider": 545, "Graveyard Trespasser": 1260, "Exquisite Firecraft_SB": 941, "Searing Blood_SB": 2507, "Tunnel Ignus_SB": 3105, "Vexing Bauble": 3268, "Hexdrinker_SB": 1380, "Colossal Skyturtle_SB": 527, "Generous Ent_SB": 1149, "Grist, the Hunger Tide_SB": 1281, "Chained to the Rocks": 454, "Chained to the Rocks_SB": 455, "Ragavan, Nimble Pilferer_SB": 2236, "Chrome Host Seedshark": 484, "Corrupt": 570, "Ruthless Negotiation": 2433, "Seeker's Folly": 2525, "Lukka, Bound to Ruin_SB": 1742, "Giant Growth_SB": 1179, "Duelist of the Mind": 811, "Over the Edge_SB": 2054, "Poison Dart Frog_SB": 2159, "Talion, the Kindly Lord": 2876, "Slice from the Shadows": 2643, "Bloodfell Caves": 250, "Offer Immortality": 2008, "Come Back Wrong": 533, "Glassworks // Shattered Yard": 1206, "Raucous Carnival_SB": 2268, "Beamtown Beatstick": 198, "Diamond Pick-Axe": 719, "Sunfire Torch": 2821, "Celestial Armor": 450, "Carrot Cake_SB": 414, "Edgewall Inn": 837, "Grievous Wound_SB": 1277, "Goliath Hatchery_SB": 1245, "Cathartic Parting_SB": 435, "Balmor, Battlemage Captain": 172, "Stormcatch Mentor": 2787, "Bria, Riptide Rogue": 338, "Freeze in Place": 1105, "Relic's Roar": 2321, "Run Away Together_SB": 2420, "Scalding Viper_SB": 2471, "Harrier Strix": 1322, "Snaremaster Sprite": 2658, "Living Phone": 1710, "Hardened Escort": 1317, "Unsettling Twins": 3178, "The Jolly Balloon Man": 2944, "Holy Cow": 1407, "Unsettling Twins_SB": 3179, "Raccoon Rallier_SB": 2227, "Feather of Flight_SB": 1006, "Rogue's Passage_SB": 2397, "Possessed Goat_SB": 2173, "The Jolly Balloon Man_SB": 2945, "Giant Cindermaw": 1176, "Hammerhand_SB": 1308, "Heartfire Hero_SB": 1344, "Inti, Seneschal of the Sun_SB": 1478, "Pests of Honor": 2112, "Nettle Guard": 1952, "Three Blind Mice": 3008, "Emberheart Challenger_SB": 867, "Dauntless Dismantler_SB": 635, "Phoenix Chick_SB": 2118, "Gleaming Barrier": 1208, "Painful Quandary": 2079, "Gleaming Barrier_SB": 1209, "Solemn Simulacrum_SB": 2663, "Fear of Being Hunted": 987, "Twinferno_SB": 3112, "Sure Strike_SB": 2830, "Mirran Banesplitter": 1855, "Heartfire Immolator": 1345, "Dwarven Forge-Chanter": 823, "Whiskerquill Scribe": 3363, "Sure Strike": 2829, "Ghitu Amplifier": 1167, "Furious Bellow": 1125, "Ancestors' Aid": 67, "Keldon Flamesage": 1579, "Brambleguard Captain": 316, "Johann, Apprentice Sorcerer": 1543, "Kraum, Violent Cacophony": 1628, "Razzle-Dazzler": 2278, "Vesuvan Drifter": 3263, "Thopter Mechanic": 2986, "Nightwhorl Hermit": 1964, "Iron-Fist Pulverizer": 1513, "Pyrotechnic Performer": 2210, "Fear of Burning Alive": 989, "Swiftwater Cliffs": 2850, "Molten Tributary": 1884, "Peculiar Lighthouse": 2098, "Restless Spire": 2352, "Fiery Annihilation": 1035, "Defabricate": 671, "Seize the Secrets": 2528, "Aspirant's Ascent": 134, "Stop Cold": 2784, "Mishra's Command_SB": 1865, "Plan the Heist_SB": 2151, "Sleight of Hand_SB": 2642, "Kellan, Planar Trailblazer_SB": 1587, "Trick Shot_SB": 3097, "Violent Urge_SB": 3278, "Involuntary Cooldown_SB": 1511, "Out of Air_SB": 2046, "The Filigree Sylex": 2937, "Hellspur Posse Boss_SB": 1360, "Halo Hopper": 1306, "Charge of the Mites_SB": 471, "Grand Abolisher": 1253, "Unnerving Grasp": 3174, "Urgent Necropsy": 3207, "Make Your Move_SB": 1776, "Fynn, the Fangbearer_SB": 1131, "Harbinger of the Tides": 1313, "Harbinger of the Tides_SB": 1314, "Bottomless Pool && Locker Room_SB": 302, "Pile On_SB": 2139, "Cat Collector": 431, "Growing Rites of Itlimoc": 1283, "Flowstone Infusion": 1079, "Coruscation Mage": 574, "Throw from the Saddle": 3020, "Arachnoid Adaptation": 95, "Hammerhand": 1307, "War Squeak": 3335, "Longstalk Brawl_SB": 1724, "Thrill of Possibility_SB": 3018, "Jump Scare": 1548, "Niko, Light of Hope": 1966, "Tunnel Surveyor": 3106, "Stalked Researcher": 2743, "Enter the Enigma_SB": 893, "Fear of Isolation_SB": 996, "Into the Roil": 1484, "Into the Roil_SB": 1485, "Ayara, Widow of the Realm": 162, "Deathmark_SB": 657, "Season of Gathering": 2510, "Warren Warleader": 3345, "Seasoned Warrenguard_SB": 2520, "Lionheart Glimmer_SB": 1704, "Horrid Vigor_SB": 1418, "Omnivorous Flytrap_SB": 2024, "Roc Hunter": 2392, "Feldon, Ronom Excavator": 1015, "Scalding Viper": 2470, "Trial of Agony_SB": 3094, "Adventuring Gear_SB": 21, "Vicious Clown_SB": 3273, "Fear of Being Hunted_SB": 988, "Rite of the Dragoncaller_SB": 2376, "Ghostly Dancers": 1172, "Demonic Pact_SB": 694, "Ezrim, Agency Chief_SB": 951, "Splash Portal_SB": 2722, "Osseous Sticktwister": 2039, "Valorous Stance": 3235, "Lodestone Needle": 1718, "Scytheclaw Raptor_SB": 2501, "Sawblade Skinripper_SB": 2465, "Pitiless Carnage_SB": 2147, "Bring the Ending_SB": 344, "Season of Loss_SB": 2513, "Zephyr Singer": 3426, "Spell Pierce": 2697, "Molt Tender": 1879, "Fauna Shaman": 982, "Draconautics Engineer": 768, "Loot, the Pathfinder": 1727, "Afterburner Expert": 29, "Dredger's Insight": 802, "Restless Spire_SB": 2353, "Sunbillow Verge": 2816, "Grim Bauble": 1279, "Momentum Breaker": 1890, "Debris Beetle": 658, "Wastewood Verge": 3348, "Llanowar Loamspeaker": 1714, "Vein Ripper_SB": 3251, "Ketramose, the New Dawn": 1590, "Bleachbone Verge": 238, "Intimidation Tactics": 1480, "Surgical Suite // Hospital Room_SB": 2839, "Oildeep Gearhulk_SB": 2010, "Bloodghast": 251, "Lunar Convocation_SB": 1749, "Bartolom\u00e9 del Presidio_SB": 188, "Valley Rotcaller_SB": 3232, "Funeral Room // Awakening Hall_SB": 1124, "Oildeep Gearhulk": 2009, "Haunt the Network_SB": 1329, "Willowrush Verge": 3375, "Gleeful Demolition_SB": 1212, "Ride's End": 2363, "Defend the Rider": 673, "Hazoret, Godseeker": 1337, "Eriette of the Charmed Apple": 898, "Monument to Endurance": 1903, "Outpace Oblivion_SB": 2051, "Silver Scrutiny_SB": 2598, "Cunning Coyote_SB": 611, "Thousand Moons Smithy": 2997, "Transmutation Font": 3083, "Braided Net_SB": 310, "Bounce Off": 305, "Nesting Bot": 1950, "Intimidation Tactics_SB": 1481, "The Speed Demon_SB": 2965, "Chandra, Spark Hunter_SB": 463, "Momentum Breaker_SB": 1891, "Grim Bauble_SB": 1280, "Farsight Ritual": 979, "Voyage Home": 3317, "Perilous Snare": 2105, "Overgrown Zealot": 2057, "Transit Mage": 3082, "Brightglass Gearhulk": 340, "Voyager Glidecar": 3318, "Voyager Glidecar_SB": 3319, "Debris Beetle_SB": 659, "Quag Feast": 2214, "Gastal Raider_SB": 1142, "Fuel the Flames": 1116, "Skycrash": 2624, "Riverpyre Verge": 2384, "Broadside Barrage_SB": 352, "Fuel the Flames_SB": 1117, "Dropkick Bomber": 804, "Howlsquad Heavy": 1422, "Reckless Lackey": 2289, "Amonkhet Raceway": 60, "Kutzil, Malamet Exemplar": 1638, "Marauding Mako": 1795, "Scrounging Skyray": 2499, "Broadside Barrage": 351, "Boosted Sloop": 292, "Bounce Off_SB": 306, "Thopter Fabricator_SB": 2985, "The Aetherspark": 2923, "Count on Luck_SB": 580, "Mendicant Core, Guidelight": 1828, "Mu Yanling, Wind Rider": 1916, "Agonasaur Rex": 35, "Sandstalker Moloch_SB": 2451, "Bringer of the Last Gift": 345, "Terisian Mindbreaker": 2911, "Skitterbeam Battalion": 2613, "Riverchurn Monument": 2381, "Diversion Unit": 748, "Gastal Thrillroller_SB": 1144, "Monument to Endurance_SB": 1904, "Spectacular Pileup": 2690, "Riptide Gearhulk": 2370, "Burnout Bashtronaut": 374, "Greasewrench Goblin": 1262, "Lifecraft Engine": 1685, "Gastal Thrillroller": 1143, "Coalstoke Gearhulk_SB": 511, "Belligerent Yearling": 206, "The Skullspore Nexus": 2962, "Regal Imperiosaur": 2313, "Intrepid Paleontologist_SB": 1487, "Overlord of the Hauntwoods_SB": 2065, "Visage Bandit": 3290, "Waxen Shapethief": 3352, "Coalstoke Gearhulk": 510, "Gruff Triplets": 1284, "Starfall Invocation_SB": 2749, "Webstrike Elite": 3358, "Memory Guardian": 1827, "Shoreline Looter": 2582, "Engine Rat_SB": 886, "Zahur, Glory's Past": 3424, "Quag Feast_SB": 2215, "Essence Channeler_SB": 912, "Lunar Insight": 1750, "Atraxa's Fall_SB": 144, "Captain Howler, Sea Scourge": 404, "Jodah, the Unifier_SB": 1541, "Thunderous Velocipede": 3029, "Invasion of Regatha_SB": 1503, "Locust Spray": 1717, "Dune Drifter": 812, "Restless Bivouac_SB": 2344, "Ride's End_SB": 2364, "Chandra, Spark Hunter": 462, "Rampaging Raptor": 2256, "Agonasaur Rex_SB": 36, "Mindspring Merfolk": 1850, "Caelorna, Coral Tyrant_SB": 387, "Zephyr Singer_SB": 3427, "Repurposing Bay": 2331, "Perilous Snare_SB": 2106, "Spinner of Souls_SB": 2716, "Expel the Interlopers_SB": 934, "Visage of Dread": 3291, "Pit Automaton": 2144, "Visage of Dread_SB": 3292, "The Last Ride_SB": 2947, "Aether Syphon_SB": 26, "Red Sun's Twilight_SB": 2299, "Phyrexian Dragon Engine": 2123, "Mishra, Claimed by Gix": 1867, "Coiling Rebirth_SB": 515, "Collision Course_SB": 525, "Sazacap's Brew": 2468, "Invasion of Mercadia": 1501, "Playful Shove": 2153, "Lightwheel Enhancements": 1695, "The Speed Demon": 2964, "Gas Guzzler": 1140, "Spectral Interference_SB": 2695, "Say Its Name_SB": 2467, "Gastal Thrillseeker": 1145, "Far Fortune, End Boss": 978, "Overrun_SB": 2071, "Wardens of the Cycle_SB": 3340, "Painful Quandary_SB": 2080, "Leaf-Crowned Visionary_SB": 1660, "Mossborn Hydra_SB": 1910, "Drag to the Roots_SB": 774, "Stock Up": 2774, "Spectacular Pileup_SB": 2691, "Reasonable Doubt": 2284, "Flow of Knowledge": 1076, "Claim Jumper": 495, "Starscape Cleric_SB": 2752, "Ghitu Lavarunner": 1168, "Flotsam // Jetsam_SB": 1074, "Soul of Windgrace": 2676, "Binding Negotiation_SB": 217, "Melira, the Living Cure_SB": 1825, "Bloated Contaminator_SB": 244, "Diversion Unit_SB": 749, "Tyrox, Saurid Tyrant": 3125, "Scytheclaw Raptor": 2500, "Engine Rat": 885, "Teysa, Opulent Oligarch": 2920, "Gonti, Night Minister": 1246, "Muraganda Raceway": 1921, "Gumdrop Poisoner": 1295, "Tomik, Wielder of Law_SB": 3065, "Conduit of Worlds_SB": 540, "Two-Headed Hunter": 3123, "Optimistic Scavenger_SB": 2029, "Esoteric Duplicator": 910, "Unwanted Remake": 3189, "Explosive Derailment_SB": 940, "Mishra's Command": 1864, "Ratadrabik of Urborg": 2264, "Webstrike Elite_SB": 3359, "Heliod, the Radiant Dawn": 1355, "Twinblade Blessing": 3111, "Restless Anchorage_SB": 2342, "Defend the Rider_SB": 674, "Fearless Swashbuckler": 1004, "Unctus, Grand Metatect": 3143, "The Aetherspark_SB": 2924, "Hidden Necropolis": 1384, "Lumbering Worldwagon": 1743, "Overrun": 2070, "The Last Ride": 2946, "Ancient Vendetta_SB": 72, "Demonic Junker": 691, "Nexus of Becoming": 1958, "Ketramose, the New Dawn_SB": 1591, "Unstable Glyphbridge_SB": 3181, "Ancient Vendetta": 71, "Coppercoat Vanguard": 558, "Basri, Tomorrow's Champion": 192, "Skyseer's Chariot_SB": 2631, "Lassoed by the Law_SB": 1645, "Blast Zone_SB": 233, "Bristling Backwoods": 348, "Reclamation Sage": 2292, "Ashiok, Wicked Manipulator_SB": 131, "Bristlebud Farmer_SB": 347, "Third Path Iconoclast_SB": 2979, "Thalia and The Gitrog Monster_SB": 2922, "Ferocification_SB": 1026, "Forlorn Flats": 1093, "Become Brutes": 202, "Sword of Forge and Frontier_SB": 2853, "Veteran Survivor": 3266, "Coveted Falcon": 582, "Impulse": 1450, "Kellan, Inquisitive Prodigy_SB": 1585, "Caradora, Heart of Alacria": 408, "Veteran Beastrider": 3265, "Skyseer's Chariot": 2630, "Valor's Flagship": 3233, "The Elder Dragon War_SB": 2930, "Spring-Loaded Sawblades_SB": 2731, "Urza's Command_SB": 3210, "Dive Down": 746, "Ozolith, the Shattered Spire": 2078, "Scrollshift_SB": 2498, "Full Throttle_SB": 1120, "Loot, the Key to Everything_SB": 1726, "Loot, the Pathfinder_SB": 1728, "Coati Scavenger": 512, "Twining Twins": 3114, "Threadbind Clique": 3006, "Boommobile": 288, "Forging the Anchor": 1091, "Radiant Lotus": 2231, "The Mightstone and Weakstone_SB": 2951, "Boommobile_SB": 289, "Radiant Lotus_SB": 2232, "Volley Veteran": 3310, "Bloodthorn Flail": 259, "Flamewake Phoenix": 1058, "Cryptcaller Chariot_SB": 600, "Riptide Gearhulk_SB": 2371, "Slick Sequence": 2644, "Riverchurn Monument_SB": 2382, "Spiteful Hexmage_SB": 2720, "Thopter Fabricator": 2984, "Furnace Host Charger": 1126, "Clamorous Ironclad": 499, "Wishing Well": 3388, "Frolicking Familiar": 1110, "Alania, Divergent Storm": 48, "Resplendent Angel_SB": 2337, "Tinker's Tote": 3038, "Cephalopod Sentry": 453, "Kami of Whispered Hopes": 1561, "Haunt the Network": 1328, "Sorcerous Spyglass": 2670, "Demonic Junker_SB": 692, "Redshift, Rocketeer Chief": 2304, "Halana and Alena, Partners_SB": 1301, "Valor's Flagship_SB": 3234, "Tocasia's Welcome_SB": 3058, "Stall Out": 2745, "Stall Out_SB": 2746, "Sovereign Okinec Ahau": 2688, "Gloryheath Lynx": 1221, "Servant of the Stinger": 2542, "The Raven Man": 2958, "The Raven Man_SB": 2959, "Boom Box": 286, "Possession Engine": 2174, "Conduit of Worlds": 539, "Broadcast Rambler": 350, "Broodheart Engine": 354, "Gargantuan Leech": 1137, "Captivating Cave": 407, "Cavernous Maw": 446, "Forgotten Monument": 1092, "Promising Vein": 2192, "Hidden Courtyard": 1382, "Bat Colony": 193, "Calamitous Cave-In": 388, "Hidden Volcano": 1386, "Marketback Walker": 1802, "Sylvan Scavenging": 2859, "Sab-Sunen, Luxa Embodied": 2435, "Simian Simulacrum": 2600, "Virtue of Courage": 3281, "Leyline Binding_SB": 1675, "Likeness Looter": 1696, "Reluctant Role Model": 2322, "Bulwark Ox": 367, "Reluctant Role Model_SB": 2323, "The Goose Mother": 2939, "Mold Adder_SB": 1878, "Market Gnome_SB": 1801, "Daretti, Rocketeer Engineer": 629, "Threefold Thunderhulk": 3015, "Tune Up": 3104, "Meteor Golem_SB": 1833, "Marketback Walker_SB": 1803, "Burnout Bashtronaut_SB": 375, "Gastal Raider": 1141, "Oviya, Automech Artisan": 2077, "Highway Robbery": 1395, "Itzquinth, Firstborn of Gishath": 1517, "The Skullspore Nexus_SB": 2963, "Cosmium Confluence": 578, "Festival of Embers": 1029, "Hidden Nursery": 1385, "Union of the Third Path_SB": 3168, "Charming Prince": 472, "Gossip's Talent": 1247, "Balustrade Wurm": 173, "Skycrash_SB": 2625, "Mephitic Draught": 1830, "Nexus of Becoming_SB": 1959, "Soulless Jailer_SB": 2682, "Akal Pakal, First Among Equals_SB": 46, "Collector's Vault_SB": 523, "Thran Spider_SB": 3004, "Sab-Sunen, Luxa Embodied_SB": 2436, "Earthrumbler": 829, "Oko, the Ringleader": 2014, "Forensic Researcher": 1088, "Deepfathom Echo": 668, "Chitin Gravestalker": 481, "Desperate Bloodseeker_SB": 704, "Starving Revenant_SB": 2753, "Steamcore Scholar_SB": 2762, "Ojer Pakpatiq, Deepest Epoch_SB": 2013, "Lavaspur Boots_SB": 1653, "Voldaren Thrillseeker_SB": 3309, "Thunderous Velocipede_SB": 3030, "Drana and Linvala_SB": 793, "Fear of Infinity_SB": 994, "Stock Up_SB": 2775, "Dredger's Insight_SB": 803, "Fauna Shaman_SB": 983, "Restless Ridgeline_SB": 2351, "Malcator, Purity Overseer": 1780, "Sunder the Gateway": 2817, "Macabre Waltz": 1760, "Wary Thespian": 3347, "Haunted Mire": 1330, "Overwhelming Remorse_SB": 2073, "Mocking Sprite": 1874, "Talion's Messenger": 2875, "Barrow Naughty": 186, "Faerie Slumber Party": 966, "Drag the Canal": 770, "Soured Springs": 2687, "Spellscorn Coven": 2704, "Etrata, Deadly Fugitive": 923, "Coerced to Kill": 513, "Unstoppable Plan_SB": 3182, "Shadow-Rite Priest": 2547, "Training Grounds": 3077, "Hoarding Broodlord": 1402, "Nullpriest of Oblivion": 1990, "Nahiri's Warcrafting_SB": 1935, "Baral and Kari Zev": 181, "Enigma Drake": 888, "Eroded Canyon": 900, "Trained Arynx": 3076, "Ornery Tumblewagg": 2035, "Giant Beaver": 1175, "Lagorin, Soul of Alacria": 1641, "Miriam, Herd Whisperer": 1854, "Congregation Gryff": 543, "Brightfield Glider": 339, "Creosote Heath": 591, "Run Over_SB": 2421, "Reject Imperfection_SB": 2317, "Vivisurgeon's Insight_SB": 3296, "Night Market": 1961, "Stockpiling Celebrant": 2777, "Carrion Locust_SB": 412, "Skullcap Snail_SB": 2621, "Stockpiling Celebrant_SB": 2778, "Akal Pakal, First Among Equals": 45, "Forensic Gadgeteer": 1086, "Deduce_SB": 663, "Wreck Remover_SB": 3404, "River's Rebuke": 2379, "Brave the Wilds": 322, "Fog of War_SB": 1081, "Oaken Siren": 1995, "Guidelight Optimizer": 1292, "Fountainport Bell": 1102, "Machine Over Matter_SB": 1761, "Armored Scrapgorger": 124, "Fierce Empath": 1034, "Spinewoods Paladin": 2713, "Phyrexian Missionary_SB": 2127, "Tranquil Cove_SB": 3079, "Exsanguinate_SB": 943, "Exsanguinate": 942, "Crumb and Get It_SB": 597, "Flame Lash": 1054, "Syr Ginger, the Meal Ender_SB": 2864, "Callous Sell-Sword_SB": 395, "Legion Extruder_SB": 1664, "Dawnwing Marshal": 639, "Leonin Vanguard": 1669, "Savannah Lions": 2462, "Pitiless Carnage": 2146, "Fear of Infinity": 993, "District Mascot": 741, "Shivan Devastator": 2569, "Zimone, Paradox Sculptor": 3431, "Tyvar, the Pummeler_SB": 3134, "Zopandrel, Hunger Dominus_SB": 3435, "Irreverent Gremlin": 1514, "Dynamite Diver": 827, "Guidelight Synergist": 1293, "Kolodin, Triumph Caster": 1619, "Burner Rocket": 371, "Cloudspire Skycycle": 509, "Frenzied Goblin": 1106, "Count on Luck": 579, "Doubling Season_SB": 764, "Fanatical Firebrand_SB": 974, "Frenzied Goblin_SB": 1107, "Reckless Lackey_SB": 2290, "Howlsquad Heavy_SB": 1423, "Rundvelt Hordemaster_SB": 2423, "Aurelia, the Warleader": 149, "Gilded Ghoda": 1183, "Vanish into Eternity_SB": 3243, "Voldaren Epicure": 3307, "Ensoul Artifact": 891, "Riverglide Pathway": 2383, "Darksteel Citadel": 634, "Shrapnel Blast": 2585, "Smuggler's Copter": 2653, "Rending Volley_SB": 2326, "Shadowspear_SB": 2548, "Voltage Surge_SB": 3312, "Aether Gust_SB": 25, "Annul_SB": 87, "Cragcrown Pathway": 584, "Mutavault": 1927, "Reckless Rage": 2291, "Soul-Scar Mage": 2679, "Hazoret the Fervent_SB": 1336, "Redcap Melee_SB": 2301, "Elvish Mystic": 865, "Nykthos, Shrine to Nyx": 1994, "Kiora, Behemoth Beckoner": 1596, "Cavalier of Thorns": 442, "Old-Growth Troll": 2016, "Lair of the Hydra": 1642, "Storm the Festival": 2785, "Ulvenwald Oddity": 3137, "Oath of Nissa": 1997, "Leyline of the Guildpact": 1680, "Emrakul, the Promised End_SB": 870, "Setessan Petitioner_SB": 2544, "Arasta of the Endless Web_SB": 98, "Ledger Shredder": 1662, "Arclight Phoenix": 115, "Fiery Impulse": 1037, "Lightning Axe": 1688, "Treasure Cruise": 3089, "Hall of Storm Giants": 1302, "Brazen Borrower_SB": 324, "Anger of the Gods_SB": 75, "Prismari Command_SB": 2183, "Omen of the Sea": 2020, "The Meathook Massacre": 2948, "Narset, Parter of Veils": 1937, "Field of Ruin": 1031, "Geier Reach Sanitarium": 1148, "Urborg, Tomb of Yawgmoth": 3204, "Clearwater Pathway": 505, "Hive of the Eye Tyrant": 1401, "Shipwreck Marsh": 2568, "Takenuma, Abandoned Mire": 2874, "Ashiok, Dream Render_SB": 128, "Yorion, Sky Nomad_SB": 3419, "Ashiok, Nightmare Muse_SB": 129, "Extinction Event_SB": 945, "Unlicensed Hearse_SB": 3170, "Ramunap Ruins": 2259, "Blightstep Pathway": 242, "Bloodtithe Harvester": 260, "Blade of the Oni": 227, "Hidetsugu Consumes All_SB": 1388, "Invoke Despair_SB": 1510, "Bishop of Wings": 218, "Righteous Valkyrie": 2366, "Resplendent Marshal": 2338, "Skyclave Apparition": 2623, "Collected Company": 516, "Kayla's Reconstruction": 1575, "Portable Hole": 2168, "Branchloft Pathway": 319, "Cave of the Frost Dragon": 443, "Overgrown Farmland": 2055, "Temple Garden": 2894, "Eiganjo, Seat of the Empire": 842, "Brutal Cathar_SB": 361, "Reidane, God of the Worthy_SB": 2314, "Archon of Absolution_SB": 112, "Shapers' Sanctuary_SB": 2550, "Brave the Elements_SB": 321, "Heroic Intervention_SB": 1377, "Kroxa, Titan of Death's Hunger": 1634, "Foreboding Ruins": 1085, "Invoke Despair": 1509, "Rakdos, Patron of Chaos": 2246, "Kolaghan's Command_SB": 1618, "Haunted Ridge": 1331, "Bonecrusher Giant": 280, "Burning-Tree Emissary": 373, "Chandra, Torch of Defiance": 464, "Collision // Colossus": 524, "Gruul Spellbreaker": 1286, "Kami's Flare": 1562, "Kumano Faces Kakkazan": 1635, "Pelt Collector": 2102, "Voltaic Brawler": 3313, "Zhur-Taa Goblin": 3429, "Bonecrusher Giant_SB": 281, "Chandra, Torch of Defiance_SB": 465, "Cindervines_SB": 489, "Kami's Flare_SB": 1563, "Roiling Vortex_SB": 2400, "Weathered Runestone_SB": 3357, "Sigarda's Aid": 2591, "Colossus Hammer": 529, "Raffine's Informant": 2233, "Sylvan Caryatid": 2858, "Eldritch Evolution": 845, "Overgrown Tomb": 2056, "Mana Confluence": 1786, "Soulflayer": 2681, "Collective Brutality_SB": 518, "Gifted Aetherborn_SB": 1180, "Bloodline Culling_SB": 255, "Deafening Silence_SB": 653, "Portable Hole_SB": 2169, "Grafdigger's Cage_SB": 1251, "Cauldron Familiar": 437, "Claim the Firstborn": 497, "Deadly Dispute": 650, "Mayhem Devil": 1813, "Witch's Oven": 3390, "Claim the Firstborn_SB": 498, "Ob Nixilis, the Adversary_SB": 1999, "Hallowed Fountain": 1304, "Indatha Triome": 1451, "Spara's Headquarters": 2689, "Zagoth Triome": 3423, "Vanishing Verse": 3244, "Leyline of Sanctity_SB": 1678, "Barrier Breach_SB": 185, "Knockout Blow_SB": 1614, "Stormcarved Coast": 2786, "Spikefield Hazard": 2710, "Izzet Charm": 1523, "Prismari Command": 2182, "Go Blank_SB": 1225, "Greasefang, Okiba Boss": 1261, "Parhelion II": 2088, "Shattered Sanctum": 2554, "Faithful Mending": 967, "Skysovereign, Consul Flagship": 2633, "Tainted Indulgence": 2868, "Collective Brutality": 517, "Raffine's Tower": 2234, "Stubborn Denial": 2806, "Dovin's Veto_SB": 765, "Silence_SB": 2593, "Fatal Push_SB": 981, "Vanishing Verse_SB": 3245, "Fetid Pools": 1030, "Yorion, Sky Nomad": 3418, "Breeding Pool": 337, "Linvala, the Preserver": 1702, "Enigmatic Incarnation": 889, "Savai Triome": 2461, "Thought Distortion_SB": 2991, "Archon of Emeria_SB": 114, "Ruric Thar, the Unbowed_SB": 2426, "Experimental Frenzy_SB": 937, "Claim // Fame": 494, "Infuriate": 1460, "Extinction Event": 944, "Castle Locthwain": 430, "Paradoxical Outcome": 2087, "Krenko's Buzzcrusher": 1629, "Furnace Punisher_SB": 1127, "Hearth Elemental_SB": 1349, "Laughing Jasper Flint_SB": 1650, "Drag to the Bottom": 772, "Titania's Command_SB": 3049, "Arcanis the Omnipotent": 101, "Rocky Roads": 2395, "Lumbering Worldwagon_SB": 1744, "Cosmic Rebirth_SB": 577, "Mondrak, Glory Dominus_SB": 1898, "Mimeoplasm, Revered One": 1847, "Devouring Sugarmaw": 714, "Amalia Benavides Aguirre_SB": 57, "Elas il-Kor, Sadistic Pilgrim_SB": 844, "Fiendish Panda_SB": 1033, "Knight of Dawn's Light_SB": 1607, "Spin Out_SB": 2711, "Ravine Raider_SB": 2272, "Cindering Cutthroat_SB": 488, "Steampath Charger_SB": 2763, "Risky Shortcut_SB": 2373, "Become Brutes_SB": 203, "Eddymurk Crab_SB": 836, "Tolarian Terror_SB": 3061, "Drake Hatcher_SB": 790, "Goblin Oriflamme": 1233, "Spectral Interference": 2694, "Ruthless Negotiation_SB": 2434, "Etched Familiar": 920, "Haughty Djinn_SB": 1327, "Outcaster Greenblade": 2047, "Map the Frontier": 1791, "No Witnesses_SB": 1977, "Winter, Cursed Rider": 3383, "Silken Strength": 2596, "Divine Resilience": 750, "Greenhouse // Rickety Gazebo": 1272, "Mirror Room // Fractured Realm": 1859, "Unflinching Courage_SB": 3160, "Khenra Spellspear": 1592, "Radiant Grove": 2230, "Streetwise Negotiator_SB": 2801, "Herd Migration_SB": 1372, "Armored Armadillo_SB": 123, "Gixian Infiltrator_SB": 1197, "Kykar, Zephyr Awakener": 1640, "Realm-Scorcher Hellkite": 2280, "Sentinel of Lost Lore_SB": 2534, "Spyglass Siren_SB": 2733, "The Huntsman's Redemption_SB": 2941, "Gisa, the Hellraiser_SB": 1189, "Lathril, Blade of the Elves_SB": 1648, "Gloryheath Lynx_SB": 1222, "Threefold Thunderhulk_SB": 3016, "Cryptcaller Chariot": 599, "Case of the Locked Hothouse": 420, "Walk-In Closet // Forgotten Cellar": 3331, "Primeval Bounty": 2180, "Mindsparker_SB": 1848, "Commune with Evil": 535, "Thirsting Roots": 2980, "Aloe Alchemist": 54, "Gigantosaurus": 1181, "Llanowar Greenwidow": 1713, "Llanowar Stalker": 1715, "Ghalta, Primal Hunger_SB": 1164, "Gigantosaurus_SB": 1182, "Disenchant": 726, "Captain Howler, Sea Scourge_SB": 405, "Cursed Recording_SB": 615, "Voracious Greatshark": 3314, "Rangers' Refueler": 2260, "Meeting of Minds": 1822, "Steel Hellkite_SB": 2764, "Karn, Living Legacy_SB": 1567, "Grand Entryway && Elegant Rotunda": 1255, "Quaketusk Boar": 2216, "The Stasis Coffin": 2966, "The Everflowing Well": 2936, "Kellan Joins Up": 1581, "Ovika, Enigma Goliath_SB": 2076, "Lukka, Bound to Ruin": 1741, "Demonic Counsel": 690, "Bestow Greatness_SB": 209, "Leaping Ambush": 1661, "Raucous Theater_SB": 2270, "Rockface Village_SB": 2394, "Flowstone Infusion_SB": 1080, "Alesha, Who Laughs at Fate_SB": 51, "Stern Lesson": 2768, "Stormkeld Vanguard_SB": 2790, "Progenitor Exarch": 2188, "Feed the Swarm": 1011, "Agatha of the Vile Cauldron": 31, "Moonshaker Cavalry_SB": 1906, "Bramble Familiar_SB": 315, "Annie Joins Up_SB": 84, "Primal Might_SB": 2179, "Reckless Handling": 2288, "Detention Chariot": 711, "Push the Limit": 2206, "Gallant Strike": 1134, "Thundering Broodwagon": 3026, "Ancient Den": 70, "Boros Garrison": 295, "Experimental Synthesizer": 938, "Galvanic Blast": 1135, "Glint Hawk": 1215, "Great Furnace": 1265, "Journey to Nowhere": 1545, "Kor Skyfisher": 1623, "Lembas": 1668, "Makeshift Munitions": 1779, "Relic of Progenitus": 2319, "Rustvale Bridge": 2430, "Thraben Inspector": 3001, "Dust to Dust_SB": 820, "Electrickery_SB": 846, "Prismatic Strands_SB": 2185, "Pyroblast_SB": 2207, "Red Elemental Blast_SB": 2298, "Relic of Progenitus_SB": 2320, "Boomerang": 287, "Brainstorm": 313, "Cryptic Serpent": 603, "Deep Analysis": 665, "Delver of Secrets": 686, "Dragon Wings": 779, "L\u00f3rien Revealed": 1756, "Mental Note": 1829, "Murmuring Mystic": 1925, "Ponder": 2167, "Sleep of the Dead": 2638, "Snow-Covered Island": 2660, "Blue Elemental Blast_SB": 270, "Deem Inferior_SB": 664, "Dispel_SB": 732, "Hydroblast_SB": 1435, "Jace's Phantasm_SB": 1527, "Murmuring Mystic_SB": 1926, "Sleep of the Dead_SB": 2639, "Radiant Fountain": 2229, "Goldmire Bridge": 1239, "Bojuka Bog": 273, "Orzhov Basilica": 2036, "Sunlit Marsh": 2823, "Troll of Khazad-d\u00fbm": 3100, "Eagles of the North": 828, "Dawnbringer Cleric": 638, "Omen of the Dead": 2019, "Cast Down": 428, "Accursed Marauder": 13, "Refurbished Familiar": 2306, "Vault of Whispers": 3246, "Suffocating Fumes": 2809, "Campfire_SB": 396, "Arms of Hadar_SB": 126, "Unmake_SB": 3171, "Accursed Marauder_SB": 14, "Cast Down_SB": 429, "Beckon Apparition_SB": 201, "Thraben Charm_SB": 3000, "Thorn of the Black Rose_SB": 2987, "Arashin Cleric_SB": 97, "Lazav, Wearer of Faces_SB": 1658, "Invasion of Tarkir_SB": 1505, "Harmless Offering_SB": 1320, "Return Triumphant": 2359, "Souls of the Lost_SB": 2684, "Wildwood Scourge": 3374, "Slickshot Lockpicker_SB": 2646, "Flashfreeze": 1061, "Cori-Steel Cutter": 564, "Heritage Reclamation": 1373, "Scavenger Regent // Exude Toxin // Scavenger Regent": 2476, "Qarsi Revenant": 2212, "Strategic Betrayal_SB": 2799, "Scavenger Regent // Exude Toxin // Scavenger Regent_SB": 2477, "Mistrise Village": 1870, "Roiling Dragonstorm": 2398, "Marang River Regent": 1792, "Jeskai Revelation_SB": 1536, "Voice of Victory_SB": 3300, "Clarion Conqueror_SB": 502, "Rakshasa's Bargain": 2249, "Fangkeeper's Familiar": 976, "Awaken the Honored Dead_SB": 158, "Heritage Reclamation_SB": 1374, "Interface Ace": 1476, "Sunpearl Kirin": 2824, "Synchronized Charge": 2861, "Magmatic Hellkite_SB": 1770, "Surrak, Elusive Hunter": 2842, "Surrak, Elusive Hunter_SB": 2843, "Elspeth, Storm Slayer": 859, "Rally the Monastery": 2254, "Cori Mountain Monastery": 560, "Dispelling Exhale": 733, "Jeskai Revelation": 1535, "Shiko, Paragon of the Way": 2565, "Herd Heirloom": 1369, "Tersa Lightshatter": 2917, "Sandsteppe Citadel": 2452, "Skirmish Rhino": 2612, "Elspeth, Storm Slayer_SB": 860, "United Battlefront": 3169, "Desperate Measures": 705, "Rot-Curse Rakshasa": 2405, "Sage of the Skies_SB": 2439, "Auroral Procession": 150, "Opulent Palace": 2030, "Winternight Stories": 3384, "Glacial Dragonhunt": 1199, "Tersa Lightshatter_SB": 2918, "Wild Ride": 3370, "Mystic Monastery": 1930, "Stormshriek Feral": 2793, "Stormshriek Feral_SB": 2794, "Unending Whisper": 3158, "Kishla Village": 1601, "Restless Vents_SB": 2355, "Cori-Steel Cutter_SB": 565, "Static Snare": 2757, "Cooped Up": 554, "Flamehold Grappler": 1057, "Gulping Scraptrap": 1294, "Magmatic Hellkite": 1769, "Sarkhan, Dragon Ascendant": 2458, "Sarkhan, Soul Aflame": 2459, "Pit of Offerings": 2145, "Static Snare_SB": 2758, "Kayla's Reconstruction_SB": 1576, "Tempest Hawk": 2893, "Rediscover the Way": 2302, "Frontline Rush": 1112, "Gilded Lotus_SB": 1184, "Fresh Start_SB": 1108, "Frostcliff Siege": 1114, "Duty Beyond Death_SB": 822, "Dalkovan Encampment": 623, "Two-Headed Hunter_SB": 3124, "Frontier Bivouac": 1111, "Awaken the Honored Dead": 157, "Bloomvine Regent": 264, "Caustic Exhale": 440, "Disruptive Stormbrood": 735, "Teval, Arbiter of Virtue": 2919, "Ugin, Eye of the Storms": 3135, "Caustic Exhale_SB": 441, "Fangkeeper's Familiar_SB": 977, "Songcrafter Mage": 2667, "Death Begets Life_SB": 654, "Encroaching Dragonstorm": 871, "Drakuseth, Maw of Flames": 791, "Breaching Dragonstorm": 328, "Molten Exhale": 1882, "Molten Exhale_SB": 1883, "Bulwark Ox_SB": 368, "Ugin, Eye of the Storms_SB": 3136, "New Way Forward": 1956, "Dragonologist": 788, "Temur Tawnyback": 2908, "Eshki Dragonclaw": 908, "Rugged Highlands": 2416, "Spinewoods Paladin_SB": 2714, "Mandible Justiciar": 1787, "Dragon Sniper": 776, "Nature's Rhythm": 1940, "Broken Wings_SB": 353, "Voidwing Hybrid": 3301, "Torpor Orb": 3071, "Mercurial Spelldancer": 1831, "Blightbelly Rat_SB": 241, "Devoted Duelist": 713, "Prowcatcher Specialist_SB": 2196, "Ghitu Lavarunner_SB": 1169, "Fortress Kin-Guard": 1096, "Salt Road Packbeast": 2446, "Inspiring Overseer_SB": 1474, "Salt Road Packbeast_SB": 2447, "Slumbering Keepguard": 2649, "The Princess Takes Flight": 2956, "Keldon Strike Team": 1580, "Sidisi, Regent of the Mire": 2589, "Gingerbrute_SB": 1187, "Undergrowth Leopard_SB": 3154, "Great Arashin City": 1263, "Maelstrom of the Spirit Dragon": 1764, "Qarsi Revenant_SB": 2213, "Kishla Skimmer": 1600, "Roar of Endless Song_SB": 2387, "Scavenger Regent_SB": 2478, "Scavenger Regent": 2475, "Overwhelming Surge_SB": 2075, "Spectral Denial": 2692, "Corroding Dragonstorm": 568, "Sage of the Skies": 2438, "Bleachbone Verge_SB": 239, "Voice of Victory": 3299, "Helga, Skittish Seer": 1353, "Helga, Skittish Seer_SB": 1354, "Rakshasa's Bargain_SB": 2250, "Mistrise Village_SB": 1871, "Case of the Pilfered Proof": 422, "Coordinated Maneuver_SB": 557, "Winternight Stories_SB": 3385, "Craterhoof Behemoth": 586, "Craterhoof Behemoth_SB": 587, "Descendant of Storms": 699, "Severance Priest": 2545, "Yathan Roadwatcher": 3414, "Animist's Might": 78, "Flourishing Bloom-Kin": 1075, "Seedglaive Mentor": 2524, "Stadium Headliner": 2739, "Behind the Mask": 205, "Marang River Regent_SB": 1793, "Don't Make a Sound_SB": 757, "Channeled Dragonfire": 468, "New Way Forward_SB": 1957, "Rotisserie Elemental_SB": 2407, "Twists and Turns_SB": 3120, "Simulacrum Synthesizer_SB": 2604, "Sagu Wildling": 2440, "Desperate Measures_SB": 706, "Muldrotha, the Gravetide_SB": 1920, "Sinkhole Surveyor": 2606, "Moment of Craving": 1885, "Dragonback Assault": 781, "Rediscover the Way_SB": 2303, "Ringing Strike Mastery_SB": 2368, "Tinybones, Bauble Burglar_SB": 3042, "Disruptive Stormbrood_SB": 736, "Glacierwood Siege": 1201, "Roiling Dragonstorm_SB": 2399, "Ureni, the Song Unending": 3205, "Shiko, Paragon of the Way_SB": 2566, "Ureni, the Song Unending_SB": 3206, "Spectral Denial_SB": 2693, "Dispelling Exhale_SB": 734, "Twinmaw Stormbrood": 3115, "Fleeting Effigy": 1063, "Dalkovan Packbeasts": 624, "Skullcap Snail": 2620, "Harried Spearguard": 1321, "Toxin Analysis_SB": 3075, "Dire Flail": 722, "Mardu Devotee": 1797, "Warren Warleader_SB": 3346, "Toby, Beastie Befriender_SB": 3056, "Mardu Devotee_SB": 1798, "Resolute Reinforcements_SB": 2335, "Mardu Siegebreaker": 1799, "Overwhelming Surge": 2074, "Stern Lesson_SB": 2769, "Coordinated Maneuver": 556, "Triumphant Chomp_SB": 3099, "Rampaging Raptor_SB": 2257, "Earthshaker Dreadmaw_SB": 830, "Temur Battlecrier": 2907, "Strategic Betrayal": 2798, "Kheru Goldkeeper": 1593, "Ambling Stormshell": 58, "Bedrock Tortoise": 204, "Dinotomaton": 721, "Dragon Whelp": 778, "Dragonlord's Servant": 786, "Firespitter Whelp": 1053, "Kolaghan Warmonger": 1617, "Mox Jasper": 1915, "Shivan Dragon": 2570, "Viashino Branchrider_SB": 3270, "Firebrand Archer_SB": 1049, "Twin Bolt_SB": 3110, "Rumbling Rockslide_SB": 2419, "Skyraker Giant_SB": 2629, "Breaching Dragonstorm_SB": 329, "Drakuseth, Maw of Flames_SB": 792, "Ticket Booth // Tunnel of Hate_SB": 3033, "Channeled Dragonfire_SB": 469, "All-Out Assault": 53, "Inevitable Defeat": 1453, "Neriv, Heart of the Storm": 1948, "Zurgo, Thunder's Decree": 3445, "Inevitable Defeat_SB": 1454, "Thunder of Unity_SB": 3025, "Windcrag Siege_SB": 3380, "Zurgo's Vanguard": 3444, "Duty Beyond Death": 821, "Ainok Wayfarer": 38, "Rabid Bite": 2224, "Polliwallop": 2161, "Felothar, Dawn of the Abzan": 1024, "Oracle of Tragedy_SB": 2032, "Corroding Dragonstorm_SB": 569, "Floriferous Vinewall": 1073, "Bovine Intervention_SB": 308, "Combat Courier": 530, "Twitching Doll_SB": 3122, "Under the Skin_SB": 3147, "Skyserpent Seeker_SB": 2632, "Break the Spell": 333, "Treacherous Greed": 3088, "Intrepid Stablemaster": 1488, "Guardian Sunmare": 1288, "Itzquinth, Firstborn of Gishath_SB": 1518, "Commune with Nature": 536, "Coordinated Clobbering": 555, "Take the Fall_SB": 2873, "Serum Snare_SB": 2541, "Infectious Bite_SB": 1456, "Elusive Otter_SB": 863, "Hurkyl, Master Wizard_SB": 1431, "Stasis Snare_SB": 2755, "Seal from Existence_SB": 2505, "Abyssal Harvester_SB": 11, "Clarion Conquerer_SB": 500, "Runescale Stormbrood": 2425, "Stasis Snare": 2754, "Moment of Truth_SB": 1889, "Helping Hand_SB": 1363, "Adarkar Wastes_SB": 20, "Floodfarm Verge_SB": 1070, "Meticulous Archive_SB": 1835, "Seachrome Coast_SB": 2503, "Mondrak, Glory Dominus": 1897, "Kraul Whipcracker": 1626, "Tomb Trawler": 3064, "Take Out the Trash_SB": 2870, "Convenient Target_SB": 553, "Kickoff Celebrations": 1594, "Nullpriest of Oblivion_SB": 1991, "Lord Skitter's Blessing": 1733, "Ayli, Eternal Pilgrim_SB": 164, "Stoic Sphinx": 2779, "Watcher of the Wayside": 3349, "Twinmaw Stormbrood_SB": 3116, "Confounding Riddle_SB": 542, "Glacial Dragonhunt_SB": 1200, "Combat Thresher": 532, "Windcrag Siege": 3379, "The Ancient One": 2925, "Nomad Outpost": 1978, "Sonic Shrieker": 2669, "The Sibsig Ceremony": 2961, "Purging Stormbrood_SB": 2203, "Curator of Destinies_SB": 613, "Glarb, Calamity's Augur_SB": 1203, "Heliod, the Radiant Dawn_SB": 1356, "Ghostly Dancers_SB": 1173, "Pyrrhic Blast": 2211, "Melek, Reforged Researcher": 1823, "Herd Heirloom_SB": 1370, "Vampiric Rites_SB": 3242, "Fear of Lost Teeth_SB": 998, "Bloodghast_SB": 252, "Vampire Gourmand_SB": 3238, "Taurean Mauler": 2884, "Anafenza, Unyielding Lineage": 64, "Clay Champion": 503, "Nesting Bot_SB": 1951, "Restricted Office // Lecture Hall_SB": 2358, "Dragonfire Blade": 783, "Monastery Messenger": 1894, "Shocking Sharpshooter": 2576, "Clarion Conqueror // Clarion Conqueror_SB": 501, "Phyrexian Censor": 2121, "Terror of the Peaks_SB": 2916, "Calamity, Galloping Inferno_SB": 391, "Fires of Victory_SB": 1052, "Bovine Intervention": 307, "Riling Dawnbreaker": 2367, "Warden of the Grove": 3337, "Brineborn Cutthroat": 342, "Invasion of Ikoria": 1497, "Branch of Vitu-Ghazi": 317, "Dragon Sniper_SB": 777, "Revenge of the Rats": 2362, "Rise of the Varmints": 2372, "Undergrowth Leopard": 3153, "Grasping Longneck_SB": 1259, "Watcher of the Wayside_SB": 3350, "Shock Brigade": 2573, "Ratcatcher Trainee": 2265, "Deadly Riposte": 651, "Derelict Attic // Widow's Walk_SB": 698, "Reigning Victor": 2315, "Worthy Cost": 3401, "Bone-Cairn Butcher": 278, "Salt Road Skirmish": 2448, "Starry-Eyed Skyrider": 2750, "Dirgur Island Dragon": 723, "Aatchik, Emerald Radian": 0, "Thrashing Brontodon": 3005, "Yarus, Roar of the Old Gods": 3413, "Sinkhole Surveyor_SB": 2607, "Thunder of Unity": 3024, "Frontline Rush_SB": 1113, "Dalkovan Packbeasts_SB": 625, "Descendant of Storms_SB": 700, "Worthy Cost_SB": 3402, "War Effort_SB": 3334, "Shocking Sharpshooter_SB": 2577, "Unyielding Gatekeeper_SB": 3192, "Unscrupulous Contractor": 3177, "Diabolic Intent": 718, "Gearbane Orangutan_SB": 1147, "Osseous Exhale": 2038, "Narset, Jeskai Waymaster": 1936, "Frostcliff Siege_SB": 1115, "Return Triumphant_SB": 2360, "Spring Splasher": 2729, "Norn's Wellspring": 1982, "Case of the Uneaten Feast_SB": 427, "Blue Sun's Twilight": 271, "Servant of the Stinger_SB": 2543, "Three Blind Mice_SB": 3009, "Bloodfeather Phoenix_SB": 249, "Annihilating Glare_SB": 86, "Lasyd Prowler": 1646, "Feral Encounter_SB": 1025, "Nature's Rhythm_SB": 1941, "Synchronized Charge_SB": 2862, "Viral Spawning_SB": 3280, "Ob Nixilis, Captive Kingpin": 1998, "All Will Be One": 52, "Encroaching Mycosynth": 872, "Krenko, Baron of Tin Street": 1631, "Ice Out": 1436, "Crime Novelist": 592, "Breeches, Eager Pillager_SB": 336, "Convenient Target": 552, "Niv-Mizzet, Supreme_SB": 1971, "Perennation_SB": 2103, "Karplusan Forest_SB": 1569, "Timeless Lotus": 3036, "Phyrexian Vindicator_SB": 2131, "Urabrask_SB": 3198, "Grafted Butcher": 1252, "Voidwing Hybrid_SB": 3302, "Kiora, Sovereign of the Deep_SB": 1597, "Kalastria Highborn": 1558, "Cori Mountain Monastery_SB": 561, "Ertai's Scorn": 905, "Eshki Dragonclaw_SB": 909, "Songcrafter Mage_SB": 2668, "Bulk Up_SB": 366, "Eluge, the Shoreless Sea": 861, "Finale of Revelation": 1045, "Eliminate the Impossible": 855, "Eliminate the Impossible_SB": 856, "Finale of Revelation_SB": 1046, "Cat Collector_SB": 432, "Izoni, Center of the Web_SB": 1522, "Hazoret, Godseeker_SB": 1338, "Fumigate_SB": 1122, "Spelunking_SB": 2706, "Smile at Death": 2652, "Osteomancer Adept_SB": 2043, "Peer Past the Veil_SB": 2099, "Campus Guide_SB": 397, "Liberator, Urza's Battlethopter": 1683, "Racers' Scoreboard": 2228, "Rot-Curse Rakshasa_SB": 2406, "Markov Baron": 1804, "Pulse Tracker": 2201, "Misery's Shadow_SB": 1863, "Redcap Gutter-Dweller_SB": 2300, "Dragon's Prey": 780, "Defibrillating Current": 677, "Alesha's Legacy": 49, "Emerge from the Cocoon": 868, "Midnight Mayhem": 1842, "Bone-Cairn Butcher_SB": 279, "Cori Mountain Stalwart_SB": 563, "Marshal of the Lost_SB": 1807, "Shock Brigade_SB": 2574, "Neriv, Heart of the Storm_SB": 1949, "Poised Practitioner_SB": 2157, "Filter Out": 1038, "Hero's Downfall": 1375, "Desecration Demon_SB": 702, "Whiskervale Forerunner": 3364, "Lost in the Maze": 1738, "Cori Mountain Stalwart": 562, "Underground River_SB": 3152, "Gloomlake Verge_SB": 1220, "Darkslick Shores_SB": 631, "Aggressive Sabotage_SB": 34, "Disdainful Stroke": 724, "Out Cold_SB": 2045, "Magmakin Artillerist": 1768, "Flood the Engine_SB": 1067, "Veloheart Bike": 3252, "Migloz, Maze Crusher": 1845, "Dragonhawk, Fate's Tempest_SB": 785, "Swiftblade Vindicator": 2847, "Hidetsugu and Kairi_SB": 1390, "Colossification_SB": 528, "Rite of Renewal": 2374, "Staff of Compleation": 2741, "Betor, Kin to All": 210, "Danitha, New Benalia's Light": 627, "Danitha, New Benalia's Light_SB": 628, "Walk-In Closet // Forgotten Cellar_SB": 3332, "Abzan Devotee": 12, "Gixian Puppeteer": 1198, "Oltec Matterweaver": 2017, "Disturbing Mirth_SB": 745, "Encroaching Mycosynth_SB": 873, "Mortify_SB": 1908, "Stadium Headliner_SB": 2740, "Draconautics Engineer_SB": 769, "Bandit's Haul": 175, "Bumbleflower's Sharepot": 369, "Volt Charge": 3311, "Great Arashin City_SB": 1264, "Underground Mortuary_SB": 3150, "Purging Stormbrood": 2202, "Piercing Exhale": 2136, "Wind-Scarred Crag": 3378, "Jeskai Devotee": 1534, "Kin-Tree Nurturer": 1595, "Nightblade Brigade": 1963, "Stormplain Detainment": 2791, "Marshal of the Lost": 1806, "Sunset Strikemaster": 2825, "Seize Opportunity": 2527, "Dragonback Lancer": 782, "Venerated Stormsinger": 3255, "Elesh Norn": 851, "Slickshot Lockpicker": 2645, "Invasion of Arcavios_SB": 1492, "Zur, Eternal Schemer_SB": 3441, "Portal to Phyrexia_SB": 2171, "Tarrian's Journal_SB": 2881, "Youthful Valkyrie_SB": 3422, "Battlefield Forge_SB": 196, "Stormscale Scion": 2792, "Dracogenesis": 767, "Tempest Hart": 2892, "Lightshield Parry": 1694, "Lightfoot Technique": 1687, "Battle-Rage Blessing": 194, "Gnawing Crescendo": 1223, "Outlaws' Fury": 2050, "Ashnod's Intervention_SB": 133, "Distorted Curiosity_SB": 740, "Lazav, Familiar Stranger": 1656, "Stormsplitter_SB": 2796, "Samut, Vizier of Naktamun_SB": 2450, "Vengeful Bloodwitch_SB": 3257, "Rith, Liberated Primeval": 2378, "Meticulous Excavation": 1836, "Cacophony Scamp_SB": 384, "Lazav, Familiar Stranger_SB": 1657, "Cactusfolk Sureshot": 386, "Djeru and Hazoret": 752, "Naga Fleshcrafter_SB": 1933, "Sagu Wildling_SB": 2441, "Host of the Hereafter_SB": 1419, "Bloomvine Regent_SB": 265, "Stillness in Motion_SB": 2772, "Stalwart Successor_SB": 2747, "Defossilize_SB": 684, "Valgavoth's Faithful_SB": 3218, "Naga Fleshcrafter": 1932, "Avenger of the Fallen_SB": 156, "Bloodthirsty Conqueror_SB": 258, "Brightglass Gearhulk_SB": 341, "Valley Flamecaller_SB": 3226, "Karn's Sylex": 1564, "Intimidation Campaign_SB": 1479, "Electroduplicate": 847, "Yathan Roadwatcher_SB": 3415, "Severance Priest_SB": 2546, "Assemble the Players": 137, "Neighborhood Guardian": 1947}}