{"vocabulary": {"Anoint with Affliction": 88, "Cut Down": 620, "Darkslick Shores": 632, "Duress": 818, "Enduring Curiosity": 882, "Faerie Mastermind": 969, "Floodpits Drowner": 1076, "Fountainport": 1106, "Gloomlake Verge": 1224, "Go for the Throat": 1231, "Island": 1523, "Kaito, Bane of Nightmares": 1560, "Phantom Interference": 2122, "Preacher of the Schism": 2184, "Restless Reef": 2358, "Soulstone Sanctuary": 2699, "Spyglass Siren": 2746, "Swamp": 2858, "Tishana's Tidebinder": 3061, "Underground River": 3167, "Anoint with Affliction_SB": 89, "Ghost Vacuum_SB": 1176, "Gix's Command_SB": 1199, "Malicious Eclipse_SB": 1793, "Negate_SB": 1955, "Sheoldred, the Apocalypse_SB": 2575, "The End_SB": 2946, "Three Steps Ahead_SB": 3027, "Tishana's Tidebinder_SB": 3062, "Withering Torment_SB": 3412, "Burst Lightning": 377, "Emberheart Challenger": 871, "Heartfire Hero": 1348, "Hired Claw": 1405, "Lightning Strike": 1700, "Manifold Mouse": 1797, "Monastery Swiftspear": 1904, "Monstrous Rage": 1910, "Mountain": 1922, "Rockface Village": 2404, "Screaming Nemesis": 2508, "Witchstalker Frenzy": 3409, "Lithomantic Barrage_SB": 1714, "Obliterating Bolt_SB": 2010, "Sunspine Lynx_SB": 2842, "Torch the Tower_SB": 3082, "Urabrask's Forge_SB": 3213, "Witchstalker Frenzy_SB": 3410, "Beza, the Bounding Spring": 212, "Caretaker's Talent": 410, "Carrot Cake": 414, "Demolition Field": 691, "Enduring Innocence": 884, "Exorcise": 935, "Get Lost": 1160, "Lay Down Arms": 1662, "Overlord of the Mistmoors": 2075, "Plains": 2158, "Split Up": 2737, "Sunfall": 2833, "Sunken Citadel": 2836, "Virtue of Loyalty": 3303, "Authority of the Consuls_SB": 151, "Elspeth's Smite_SB": 863, "Exorcise_SB": 936, "Parting Gust_SB": 2099, "Realmbreaker, the Invasion Tree_SB": 2293, "Rest in Peace_SB": 2350, "Split Up_SB": 2738, "Adarkar Wastes": 19, "Battlefield Forge": 194, "Case of the Gateway Express": 419, "Clockwork Percussionist": 510, "Gleeful Demolition": 1216, "Imodane's Recruiter": 1451, "Inspiring Vantage": 1483, "Knight-Errant of Eos": 1620, "Mockingbird": 1883, "Novice Inspector": 1996, "Resolute Reinforcements": 2344, "Seachrome Coast": 2515, "Sheltered by Ghosts": 2569, "Shivan Reef": 2584, "Spirebluff Canal": 2731, "Warden of the Inner Sky": 3356, "Destroy Evil_SB": 712, "Disdainful Stroke_SB": 730, "Protect the Negotiators_SB": 2204, "Sheltered by Ghosts_SB": 2570, "Tectonic Hazard_SB": 2902, "Archangel Elspeth": 102, "Elspeth's Smite": 862, "Soul Partition": 2686, "Beza, the Bounding Spring_SB": 213, "Boon-Bringer Valkyrie_SB": 291, "Season of the Burrow_SB": 2530, "Sunfall_SB": 2834, "Cavern of Souls": 445, "Floodfarm Verge": 1074, "Forest": 1094, "Hedge Maze": 1356, "Herd Migration": 1377, "Hushwood Verge": 1439, "Leyline Binding": 1682, "Lush Portico": 1761, "Meticulous Archive": 1842, "Overlord of the Floodpits": 2071, "Overlord of the Hauntwoods": 2073, "Shadowy Backstreet": 2562, "Up the Beanstalk": 3209, "Zur, Eternal Schemer": 3458, "Chrome Host Seedshark_SB": 487, "Doppelgang_SB": 767, "Kaya, Intangible Slayer_SB": 1580, "Pawpatch Formation_SB": 2103, "Copperline Gorge": 561, "Innkeeper's Talent": 1470, "Karplusan Forest": 1576, "Questing Druid": 2226, "Scorching Dragonfire": 2496, "Thornspire Verge": 3003, "Torch the Tower": 3081, "Fiery Annihilation_SB": 1041, "Questing Druid_SB": 2227, "Screaming Nemesis_SB": 2509, "Callous Sell-Sword": 394, "Slickshot Show-Off": 2661, "Snakeskin Veil": 2670, "Turn Inside Out": 3124, "Furnace Reins_SB": 1134, "Pick Your Poison_SB": 2143, "Analyze the Pollen": 65, "Bloodthirsty Conqueror": 257, "Blooming Marsh": 263, "Deep-Cavern Bat": 669, "Enduring Tenacity": 886, "Glissa Sunslayer": 1221, "Harvester of Misery": 1328, "Llanowar Elves": 1719, "Llanowar Wastes": 1724, "Maelstrom Pulse": 1770, "Mazemind Tome": 1824, "Mosswood Dreadknight": 1920, "Restless Cottage": 2355, "Sentinel of the Nameless City": 2548, "Tranquil Frillback": 3096, "Underground Mortuary": 3165, "Unholy Annex && Ritual Chamber": 3177, "Vivien Reid": 3311, "Vraska, Betrayal's Sting": 3342, "Choking Miasma_SB": 485, "Cut Down_SB": 621, "Duress_SB": 819, "Mazemind Tome_SB": 1825, "Scavenging Ooze_SB": 2494, "Stab_SB": 2752, "Tear Asunder_SB": 2900, "Tranquil Frillback_SB": 3097, "Obliterating Bolt": 2009, "Restless Ridgeline": 2360, "Scorching Shot_SB": 2499, "Archfiend of the Dross": 110, "Gix's Command": 1198, "Nowhere to Run": 1997, "Royal Treatment": 2423, "Scavenging Ooze": 2493, "Sheoldred, the Apocalypse": 2574, "Shoot the Sheriff": 2591, "Cruelclaw's Heist_SB": 597, "Vivien Reid_SB": 3312, "Twisted Fealty_SB": 3135, "Botanical Sanctum": 300, "Bushwhack": 379, "Enduring Vitality": 888, "Fabled Passage": 959, "Jace Reawakened": 1533, "Roaring Furnace && Steaming Sauna": 2399, "Song of Totentanz": 2679, "Stormchaser's Talent": 2802, "Tarnation Vista": 2893, "This Town Ain't Big Enough": 2997, "Thundertrap Trainer": 3046, "Valley Floodcaller": 3244, "Yavimaya Coast": 3434, "Bitter Reunion_SB": 221, "Floodpits Drowner_SB": 1077, "Jace Reawakened_SB": 1534, "Scorching Dragonfire_SB": 2497, "Up the Beanstalk_SB": 3210, "Faebloom Trick": 964, "Spell Stutter": 2714, "Ertai Resurrected_SB": 909, "Faerie Mastermind_SB": 970, "Kaito, Bane of Nightmares_SB": 1561, "Nowhere to Run_SB": 1998, "Preacher of the Schism_SB": 2185, "Blot Out_SB": 269, "Disfigure_SB": 734, "Ajani, Caller of the Pride": 40, "No More Lies": 1981, "Regal Bunnicorn": 2319, "Restless Anchorage": 2351, "Steel Seraph": 2779, "Subterranean Schooner": 2821, "Unidentified Hovership": 3181, "Zoetic Glyph": 3450, "Ajani, Caller of the Pride_SB": 41, "Get Lost_SB": 1161, "Glass Casket_SB": 1210, "Entity Tracker": 899, "Ethereal Armor": 926, "Gremlin Tamer": 1278, "Inquisitive Glimmer": 1473, "Optimistic Scavenger": 2037, "Shardmage's Rescue": 2564, "Silent Hallcreeper": 2607, "Valgavoth's Lair": 3235, "Enduring Curiosity_SB": 883, "Gremlin Tamer_SB": 1279, "Knight of Grace_SB": 1619, "Loran of the Third Path_SB": 1738, "No More Lies_SB": 1982, "Rat Out": 2272, "Faebloom Trick_SB": 965, "Abhorrent Oculus": 2, "Chart a Course": 477, "Fallaji Archaeologist": 975, "Founding the Third Path": 1103, "Helping Hand": 1367, "Monastery Mentor": 1901, "Opt": 2035, "Picklock Prankster": 2144, "Recommission": 2304, "Shore Up": 2593, "Sleight of Hand": 2655, "Unsummon": 3201, "Planar Disruption_SB": 2161, "Temporary Lockdown_SB": 2920, "Sheoldred's Edict_SB": 2573, "Sword of Once and Future_SB": 2869, "Cache Grab": 381, "Eddymurk Crab": 840, "Into the Flood Maw": 1490, "Rona's Vortex": 2412, "Seed of Hope": 2536, "Tolarian Terror": 3075, "Go for the Throat_SB": 1232, "Keen-Eyed Curator_SB": 1586, "Minor Misstep_SB": 1860, "Shrouded Shepherd_SB": 2600, "Swamp_SB": 2859, "Monastery Mentor_SB": 1902, "Callous Sell-Sword_SB": 395, "Cryptic Coat_SB": 604, "Neutralize the Guards_SB": 1964, "Scrollshift": 2510, "Brushland": 360, "Razorverge Thicket": 2287, "Thrun, Breaker of Silence_SB": 3038, "Sheoldred's Edict": 2572, "Virtue of Persistence": 3305, "Aclazotz, Deepest Betrayal_SB": 16, "Harvester of Misery_SB": 1329, "Liliana of the Veil_SB": 1706, "Demonic Ruckus": 699, "Feather of Flight": 1010, "Thran Portal": 3017, "Spectral Sailor": 2710, "Bitter Triumph": 222, "Bloodletter of Aclazotz": 253, "Deadly Cover-Up": 651, "Demonic Counsel": 693, "Dreams of Steel and Oil": 805, "Escape Tunnel": 912, "Kaito, Dancing Shadow": 1564, "Undercity Sewers": 3164, "Unholy Annex // Ritual Chamber": 3179, "Unstoppable Slasher": 3199, "Deadly Cover-Up_SB": 652, "Demonic Counsel_SB": 694, "Dreams of Steel and Oil_SB": 806, "Kaito, Dancing Shadow_SB": 1565, "Youthful Valkyrie": 3439, "Exemplar of Light": 933, "Authority of the Consuls": 150, "Inspiring Overseer": 1481, "Secluded Courtyard": 2534, "Lyra Dawnbringer": 1762, "Giada, Font of Hope": 1179, "Resplendent Angel": 2346, "Surge of Salvation": 2847, "Archangel of Wrath": 106, "Archangel of Tithes_SB": 105, "Crystal Barricade_SB": 608, "Surge of Salvation_SB": 2848, "Sun-Blessed Healer_SB": 2828, "Plains_SB": 2159, "Deduce": 665, "Horned Loch-Whale": 1421, "Three Steps Ahead": 3026, "Kutzil's Flanker_SB": 1645, "Warleader's Call": 3360, "Warleader's Call_SB": 3361, "Might of the Meek": 1851, "Pawpatch Formation": 2102, "Pyroclasm_SB": 2218, "Anointed Peacekeeper": 90, "Aven Interrupter": 153, "Invasion of Gobakhan": 1503, "Kellan, Daring Traveler": 1591, "Knight of Grace": 1618, "Mirrex": 1864, "Recruitment Officer": 2306, "Skrelv, Defector Mite": 2630, "Spellbook Vendor": 2716, "Sun-Blessed Healer": 2827, "Aven Interrupter_SB": 154, "Cathar Commando_SB": 435, "Devout Decree_SB": 719, "Serra Paragon_SB": 2552, "The Filigree Sylex_SB": 2952, "Collector's Cage": 522, "Pawpatch Recruit": 2104, "Restless Prairie": 2357, "Sandstorm Salvager": 2464, "Sanguine Evangelist": 2466, "Skyknight Squire": 2642, "Toby, Beastie Befriender": 3070, "Tolsimir, Midnight's Light": 3077, "Invasion of Gobakhan_SB": 1504, "Invasion of Ixalan": 1506, "Ral, Crackling Wit_SB": 2262, "Clifftop Lookout": 508, "Outrageous Robbery": 2061, "Pillage the Bog": 2151, "Seized from Slumber": 2543, "Starfall Invocation": 2762, "Archangel of Wrath_SB": 107, "Nissa, Ascended Animist_SB": 1977, "Render Inert_SB": 2335, "Parting Gust": 2098, "Phyrexian Censor_SB": 2131, "Unable to Scream_SB": 3155, "Season of the Burrow": 2529, "Aclazotz, Deepest Betrayal": 15, "Blot Out": 268, "Tear Asunder": 2899, "Spinner of Souls": 2729, "Maelstrom Pulse_SB": 1771, "Unholy Annex && Ritual Chamber_SB": 3178, "Ancient Cornucopia": 69, "Atraxa, Grand Unifier": 144, "Glass Casket": 1209, "Outrageous Robbery_SB": 2062, "Clay-Fired Bricks": 506, "The Stone Brain_SB": 2983, "Bitter Reunion": 220, "Aegis Turtle_SB": 23, "Burst Lightning_SB": 378, "Into the Flood Maw_SB": 1491, "Invasion of Tarkir_SB": 1513, "Volcanic Spite_SB": 3324, "Dollmaker's Shop && Porcelain Gallery": 758, "Painter's Studio && Defaced Gallery": 2090, "Yotian Frontliner": 3438, "Jace, the Perfected Mind": 1536, "Breach the Multiverse_SB": 327, "Jace, the Perfected Mind_SB": 1537, "Long Goodbye_SB": 1729, "Urgent Necropsy_SB": 3224, "Case of the Filched Falcon": 418, "Dusk Rose Reliquary": 821, "Break Out": 331, "Cenote Scout": 453, "Fear of Missing Out": 1004, "Keen-Eyed Curator": 1585, "Patchwork Beastie": 2101, "Violent Urge": 3295, "Wildfire Wickerfolk": 3391, "Soul-Guide Lantern_SB": 2692, "Thrun, Breaker of Silence": 3037, "Glissa Sunslayer_SB": 1222, "Liliana, Dreadhorde General_SB": 1708, "Boros Charm": 293, "Kellan, Planar Trailblazer": 1594, "Lightning Helix": 1698, "Mabel, Heir to Cragflame": 1766, "Raucous Carnival": 2277, "Restless Bivouac": 2353, "Faerie Dreamthief": 966, "Regal Bunnicorn_SB": 2320, "The Swarmweaver": 2985, "Ertai Resurrected": 908, "Saiba Cryptomancer": 2456, "Overlord of the Mistmoors_SB": 2076, "Abyssal Harvester": 10, "Cruelclaw's Heist": 596, "Liliana of the Veil": 1705, "Virtue of Persistence_SB": 3306, "Haughty Djinn": 1331, "Kiora, the Rising Tide": 1606, "Moment of Truth": 1897, "Azure Beastbinder": 165, "Change the Equation": 468, "Shock": 2585, "Wrenn's Resolve_SB": 3427, "Archfiend of the Dross_SB": 111, "Beseech the Mirror": 206, "Blackcleave Cliffs": 225, "Blazemire Verge": 233, "Restless Vents": 2364, "Sulfurous Springs": 2825, "The Elder Dragon War": 2943, "Valgavoth, Terror Eater": 3238, "Zombify": 3452, "Abrade_SB": 5, "Brotherhood's End_SB": 358, "Molten Collapse_SB": 1889, "Sheoldred_SB": 2576, "Case of the Crimson Pulse_SB": 417, "Lightning Helix_SB": 1699, "Pawpatch Recruit_SB": 2105, "Restless Ridgeline_SB": 2361, "Tyvar's Stand_SB": 3147, "Candy Trail": 400, "Collector's Vault": 524, "Fomori Vault": 1087, "The Enigma Jewel": 2947, "Valgavoth's Faithful": 3233, "Doomsday Excruciator": 763, "Gisa, the Hellraiser_SB": 1194, "Innkeeper's Talent_SB": 1471, "Snakeskin Veil_SB": 2671, "Shock_SB": 2588, "Caustic Bronco": 439, "Stab": 2751, "Vinereap Mentor": 3293, "Rat Out_SB": 2273, "Evangel of Synthesis": 929, "Overlord of the Balemurk": 2067, "Urborg Scavengers": 3218, "Zetalpa, Primal Dawn": 3446, "Phyrexian Fleshgorger_SB": 2134, "Magebane Lizard_SB": 1775, "Joust Through_SB": 1555, "Painter's Studio // Defaced Gallery": 2092, "Roaring Furnace // Steaming Sauna": 2401, "Azure Beastbinder_SB": 166, "Fugitive Codebreaker": 1123, "Boltwave": 276, "Slagstorm_SB": 2650, "Herbology Instructor": 1373, "Herbology Instructor_SB": 1374, "Dissection Tools_SB": 743, "Blue Sun's Twilight_SB": 272, "Flowerfoot Swordmaster": 1083, "Lupinflower Village": 1759, "Restless Bivouac_SB": 2354, "Assassin's Trophy": 135, "Kami of Whispered Hopes": 1569, "Blood Hustler": 245, "Fauna Shaman": 987, "Sleep-Cursed Faerie": 2654, "Diabolic Intent": 722, "Tyvar, Jubilant Brawler": 3148, "Agatha's Soul Cauldron": 32, "Leyline of the Void_SB": 1690, "Bitter Triumph_SB": 223, "Shore Up_SB": 2594, "Lively Dirge_SB": 1717, "Assassin's Trophy_SB": 136, "Soul Partition_SB": 2687, "Capricious Hellraiser": 404, "Cruel Somnophage": 595, "Molten Duplication": 1890, "Kaito, Cunning Infiltrator": 1562, "Ill-Timed Explosion": 1448, "Omniscience": 2031, "Season of Weaving": 2527, "Chandra, Flameshaper": 460, "Chandra, Hope's Beacon": 462, "Raucous Theater": 2279, "Thundering Falls": 3042, "Blossoming Tortoise": 267, "Cityscape Leveler": 494, "Unwanted Remake": 3205, "Glimpse the Core": 1219, "White Sun's Twilight": 3385, "Spelunking": 2719, "Day of Judgment": 642, "Chimil, the Inner Sun": 481, "Titania's Command": 3063, "Argoth, Sanctum of Nature": 119, "Blast Zone": 231, "Cavernous Maw": 447, "Forgotten Monument": 1097, "Volatile Fault": 3321, "The Eternal Wanderer_SB": 2949, "Get Out_SB": 1163, "Lord Skitter, Sewer King_SB": 1743, "Vren, the Relentless_SB": 3346, "Leyline Axe": 1681, "Deadly Brew": 649, "Haywire Mite": 1338, "Honest Rutstein": 1415, "Insidious Roots": 1479, "Rubblebelt Maverick": 2425, "Scorn-Blade Berserker": 2500, "Snarling Gorehound": 2673, "Stalactite Stalker": 2756, "Voldaren Thrillseeker": 3326, "Haywire Mite_SB": 1339, "Imperious Perfect_SB": 1456, "Insidious Fungus_SB": 1478, "Reclamation Sage_SB": 2303, "Sandstorm Salvager_SB": 2465, "Tough Cookie_SB": 3089, "Urborg Repossession_SB": 3217, "Gix, Yawgmoth Praetor": 1200, "Dazzling Denial": 645, "Moment of Craving_SB": 1895, "Raucous Carnival_SB": 2278, "Elesh Norn, Mother of Machines": 857, "Not on My Watch_SB": 1995, "Caustic Bronco_SB": 440, "Archdruid's Charm": 108, "Calamity, Galloping Inferno": 390, "Commercial District": 536, "Overlord of the Boilerbilges": 2069, "Sire of Seven Deaths": 2621, "Smuggler's Surprise": 2668, "The Rollercrusher Ride": 2974, "Vaultborn Tyrant": 3265, "Tyrranax Rex_SB": 3144, "Temporary Lockdown": 2919, "Geological Appraiser": 1157, "Autonomous Assembler": 152, "Trumpeting Carnosaur": 3118, "Quintorius Kand": 2230, "Etali's Favor": 920, "Mishra's Foundry": 1874, "Temple of Triumph": 2918, "Skrelv's Hive_SB": 2629, "Starfall Invocation_SB": 2763, "Glistening Deluge_SB": 1223, "Withering Torment": 3411, "Nissa, Ascended Animist": 1976, "Dreamdew Entrancer_SB": 804, "Osteomancer Adept": 2051, "Curious Forager": 616, "Thornvault Forager": 3004, "Mudflat Village": 1926, "The Mycotyrant": 2969, "Sporogenic Infection_SB": 2742, "Agatha's Soul Cauldron_SB": 33, "Titania, Voice of Gaea_SB": 3066, "Huskburster Swarm_SB": 1441, "Rush of Dread": 2438, "Case of the Stashed Skeleton": 425, "Grievous Wound": 1281, "The Cruelty of Gix": 2940, "Chimil, the Inner Sun_SB": 482, "Torpor Orb_SB": 3087, "Feed the Swarm_SB": 1017, "Funeral Room // Awakening Hall_SB": 1129, "Rise of the Dark Realms_SB": 2382, "Pyroclasm": 2217, "Brotherhood's End": 357, "Seize the Spoils": 2542, "Phyrexian Fleshgorger": 2133, "Ichor Drinker": 1445, "Eaten Alive": 836, "Hungry Ghoul": 1434, "Cemetery Recruitment": 452, "Hopeless Nightmare": 1419, "Diregraf Ghoul": 727, "Skeleton Archer": 2623, "Sanguine Syphoner": 2468, "Mephitic Draught": 1838, "Not Dead After All": 1992, "Murder": 1931, "Canonized in Blood": 403, "Vampiric Rites": 3259, "Moment of Craving": 1894, "Nullpriest of Oblivion": 1999, "Offer Immortality": 2017, "Koma, World-Eater": 1628, "Plaza of Heroes": 2163, "Push // Pull": 2213, "Terror of the Peaks": 2929, "The Infamous Cruelclaw": 2956, "Twinflame Tyrant": 3129, "Valgavoth, Terror Eater_SB": 3239, "Kaito, Cunning Infiltrator_SB": 1563, "Urgent Necropsy": 3223, "Heaped Harvest": 1347, "Elegant Parlor": 853, "Restless Fortress": 2356, "Grand Abolisher_SB": 1259, "Flamecache Gecko": 1061, "Iridescent Vinelasher": 1520, "Gev, Scaled Scorch": 1166, "Valley Rotcaller": 3248, "Thought-Stalker Warlock": 3008, "Fireglass Mentor": 1055, "Scales of Shale": 2485, "Negate": 1954, "Assimilation Aegis": 137, "Braided Net": 309, "Cryptic Coat": 603, "Simulacrum Synthesizer": 2616, "Temple of Enlightenment": 2911, "Unstable Glyphbridge": 3196, "Ezrim, Agency Chief_SB": 956, "Urza, Lord Protector": 3230, "Fabrication Foundry": 960, "Spring-Loaded Sawblades": 2744, "Thran Spider": 3018, "The Mightstone and Weakstone": 2964, "Elesh Norn, Mother of Machines_SB": 858, "Valkyrie's Call_SB": 3241, "Fumigate_SB": 1127, "Virtue of Loyalty_SB": 3304, "Cathar Commando": 434, "Coppercoat Vanguard": 560, "Harbin, Vanguard Aviator": 1315, "Valiant Veteran": 3240, "Zephyr Sentinel": 3443, "Skystrike Officer": 2648, "Fortified Beachhead": 1100, "Archangel Elspeth_SB": 103, "Raise the Past_SB": 2251, "Builder's Talent": 363, "Teething Wurmlet": 2903, "Tough Cookie": 3088, "Royal Treatment_SB": 2424, "Unidentified Hovership_SB": 3182, "Zoetic Glyph_SB": 3451, "Jaya, Fiery Negotiator_SB": 1541, "Cacophony Scamp": 383, "Gingerbrute": 1191, "Goldvein Hydra": 1245, "Inti, Seneschal of the Sun": 1485, "Ozolith, the Shattered Spire": 2087, "Song of Totentanz_SB": 2680, "Alesha, Who Laughs at Fate": 50, "Vadmir, New Blood": 3231, "Untimely Malfunction_SB": 3204, "Arabella, Abandoned Doll_SB": 94, "Painter's Studio && Defaced Gallery_SB": 2091, "Ephara's Dispersal_SB": 902, "Stoic Sphinx_SB": 2794, "Quick Study": 2229, "Take Up the Shield_SB": 2885, "Unsummon_SB": 3202, "Valorous Stance_SB": 3253, "Karplusan Forest_SB": 1577, "Monstrous Emergence_SB": 1909, "Malcolm, Alluring Scoundrel": 1789, "Tail Swipe_SB": 2881, "Stingerback Terror_SB": 2787, "Arabella, Abandoned Doll": 93, "Loran of the Third Path": 1737, "Roaring Furnace && Steaming Sauna_SB": 2400, "Scorching Shot": 2498, "Leyline of Resonance": 1684, "Doorkeeper Thrull_SB": 765, "Tinybones, the Pickpocket_SB": 3059, "Spell Stutter_SB": 2715, "Dreamdew Entrancer": 803, "Outcaster Trailblazer": 2057, "Pond Prophet": 2175, "Splash Portal": 2735, "Temple of Mystery": 2915, "Timely Interference": 3052, "Unable to Scream": 3154, "Vesuvan Duplimancy": 3282, "Dive Down_SB": 752, "Scrawling Crawler_SB": 2506, "Gnawing Vermin": 1229, "Hollow Marauder": 1410, "Huskburster Swarm": 1440, "Overwhelming Remorse": 2081, "Stubborn Burrowfiend": 2819, "Writhing Necromass": 3428, "Basilisk Collar_SB": 190, "Dryad Militant_SB": 814, "Day of Judgment_SB": 643, "Change the Equation_SB": 469, "Subterranean Schooner_SB": 2822, "Piggy Bank": 2146, "Urabrask's Forge": 3212, "Malicious Eclipse": 1792, "Overlord of the Floodpits_SB": 2072, "The End": 2945, "Mockingbird_SB": 1884, "Chandra, Hope's Beacon_SB": 463, "Torch the Witness_SB": 3084, "Bristlebud Farmer": 346, "Fae Flight": 962, "Plumecreed Escort": 2164, "Luminous Rebuke": 1753, "Charred Foyer && Warped Space_SB": 476, "Luminous Rebuke_SB": 1754, "Push // Pull_SB": 2214, "Virtue of Courage_SB": 3300, "Vren, the Relentless": 3345, "Abhorrent Oculus_SB": 3, "Deep-Cavern Bat_SB": 670, "Sanguine Evangelist_SB": 2467, "Destroy Evil": 711, "Shardmage's Rescue_SB": 2565, "Sentinel of the Nameless City_SB": 2549, "Goddric, Cloaked Reveler": 1241, "Aftermath Analyst": 30, "Crawling Barrens": 590, "Hearth Elemental": 1353, "Nissa, Resurgent Animist": 1978, "Terramorphic Expanse": 2926, "Virtue of Strength": 3307, "Barbed Batterfist": 182, "Splitskin Doll": 2739, "Joust Through": 1554, "Akawalli, the Seething Tower": 47, "Absolving Lammasu_SB": 7, "Get Out": 1162, "Think Twice": 2992, "Micromancer_SB": 1849, "Sphinx of Forgotten Lore_SB": 2721, "Artist's Talent": 127, "Crash Through": 587, "Urabrask": 3211, "Wrenn's Resolve": 3426, "Coruscation Mage_SB": 577, "Dollmaker's Shop // Porcelain Gallery_SB": 760, "Caves of Koilos": 448, "Kaya, Spirits' Justice": 1581, "Concealed Courtyard": 539, "Elenda, Saint of Dusk_SB": 855, "Fade from History_SB": 961, "Phyrexian Obliterator_SB": 2138, "Unholy Annex // Ritual Chamber_SB": 3180, "Unstoppable Slasher_SB": 3200, "Flashfreeze_SB": 1067, "Werefox Bodyguard": 3379, "Dewdrop Cure_SB": 721, "Bruse Tarl, Roving Rancher": 359, "Fblthp, Lost on the Range": 989, "Weakstone's Subjugation": 3371, "An Offer You Can't Refuse_SB": 63, "Fblthp, Lost on the Range_SB": 990, "Proft's Eidetic Memory_SB": 2196, "Weakstone's Subjugation_SB": 3372, "Koth, Fire of Resistance_SB": 1633, "Mountain_SB": 1923, "Requisition Raid_SB": 2343, "Disfigure": 733, "The Wandering Rescuer": 2988, "Bottomless Pool && Locker Room": 301, "Fear of Isolation": 1000, "Legions to Ashes": 1674, "Nurturing Pixie": 2001, "Tithing Blade": 3067, "Bandit's Talent_SB": 176, "Tinybones Joins Up_SB": 3055, "Tithing Blade_SB": 3068, "Invasion of Tarkir": 1512, "Hidetsugu's Second Rite_SB": 1398, "The Swarmweaver_SB": 2986, "Werefox Bodyguard_SB": 3380, "Boon-Bringer Valkyrie": 290, "Temple of Epiphany": 2912, "Imodane's Recruiter_SB": 1452, "Invasion of Karsus_SB": 1508, "Mirror Room && Fractured Realm_SB": 1866, "Sword of Wealth and Power_SB": 2871, "This Town Ain't Big Enough_SB": 2998, "Wildfire Howl_SB": 3390, "Zurgo and Ojutai_SB": 3461, "Tinybones Joins Up": 3054, "Ethereal Armor_SB": 927, "Lyra Dawnbringer_SB": 1763, "Regal Caracal_SB": 2322, "Roxanne, Starfall Savant_SB": 2422, "Faerie Fencing": 967, "Halo Forager_SB": 1310, "Mabel, Heir to Cragflame_SB": 1767, "Not on My Watch": 1994, "Kitesail Larcenist": 1610, "Essence Scatter": 918, "Essence Scatter_SB": 919, "Soulstone Sanctuary_SB": 2700, "Ballyrush Banneret": 170, "Protect the Negotiators": 2203, "Three Tree City": 3028, "Myrel, Shield of Argive_SB": 1939, "Siege Veteran_SB": 2603, "Steel Seraph_SB": 2780, "Overprotect": 2077, "Ezrim, Agency Chief": 955, "Karn, Living Legacy": 1574, "Metropolis Reformer": 1846, "Urza's Sylex_SB": 3229, "Altanak, the Thrice-Called": 55, "Hard-Hitting Question": 1320, "Omnivorous Flytrap": 2032, "Say Its Name": 2479, "Wrenn and Realmbreaker": 3423, "Wrenn and Realmbreaker_SB": 3424, "Spiteful Hexmage": 2733, "Pest Control_SB": 2119, "Tinybones, the Pickpocket": 3058, "Caretaker's Talent_SB": 411, "Sorcerous Spyglass_SB": 2685, "Decadent Dragon": 663, "Krenko's Buzzcrusher_SB": 1638, "Disturbing Mirth": 749, "Final Vengeance": 1048, "Greedy Freebooter": 1273, "Scavenger's Talent": 2492, "Souls of the Lost": 2697, "Case of the Stashed Skeleton_SB": 426, "Rottenmouth Viper_SB": 2420, "Braids, Arisen Nightmare": 311, "Rottenmouth Viper": 2419, "Blood Spatter Analysis": 247, "Demonic Pact": 697, "Harmless Offering": 1324, "Final Vengeance_SB": 1049, "Kellan, Inquisitive Prodigy": 1592, "Roaring Furnace // Steaming Sauna_SB": 2402, "Witch's Mark": 3407, "Kitsa, Otterball Elite": 1613, "Restless Vinestalk": 2366, "Silverback Elder_SB": 2612, "Fanatical Firebrand": 978, "Rundvelt Hordemaster": 2433, "Searslicer Goblin": 2521, "Breeches, Eager Pillager": 335, "Squee, Dubious Monarch": 2748, "Enduring Courage": 880, "Krenko, Mob Boss": 1640, "Blanchwood Prowler": 228, "Urborg Lhurgoyf": 3215, "Hidden Grotto": 1389, "Feed the Cycle": 1014, "Season of Loss": 2525, "Rite of the Moth": 2388, "Venerated Rotpriest": 3271, "Branchblight Stalker": 318, "Ichorspit Basilisk": 1446, "Maze's Mantle": 1823, "Viral Spawning": 3297, "Plague Nurse": 2157, "Venomous Brutalizer": 3279, "Tyrranax Atrocity": 3142, "Goliath Hatchery": 1249, "Paladin of Predation": 2094, "Tyrranax Rex": 3143, "Serum Snare": 2553, "Tainted Observer": 2883, "Experimental Augury": 940, "Thrummingbird": 3036, "Mesmerizing Dose": 1840, "Reject Imperfection": 2326, "Gitaxian Anatomist": 1195, "Vivisurgeon's Insight": 3313, "Basilisk Collar": 189, "Lakeside Shack": 1651, "Lush Oasis": 1760, "Simic Guildgate": 2615, "Tangled Islet": 2892, "Thornwood Falls": 3005, "Meat Locker // Drowned Diner": 1826, "Archangel of Tithes": 104, "Sigarda, Font of Blessings": 2605, "Angelic Intervention": 74, "Loran's Escape": 1739, "Herald of Eternal Dawn_SB": 1370, "Tatyova, Steward of Tides": 2897, "Awaken the Woods": 158, "Joint Exploration": 1552, "Rampaging Baloths": 2264, "Invasion of Zendikar": 1516, "Portal to Phyrexia": 2179, "Omenpath Journey": 2030, "Bonny Pall, Clearcutter": 284, "Poison Dart Frog": 2167, "Mossborn Hydra": 1918, "Doubling Season": 768, "Long Goodbye": 1728, "Liliana, Dreadhorde General": 1707, "The Eternal Wanderer": 2948, "Teferi, Temporal Pilgrim": 2904, "Rona's Vortex_SB": 2413, "White Sun's Twilight_SB": 3386, "The Witch's Vanity": 2990, "Greed's Gambit": 1272, "Break the Spell_SB": 334, "Migloz, Maze Crusher_SB": 1854, "Aetherize_SB": 28, "Under the Skin": 3162, "Seraphic Steed": 2550, "Hulking Raptor": 1433, "Spinewoods Armadillo": 2726, "Vorinclex": 3334, "Cavern of Souls_SB": 446, "Fountainport_SB": 1108, "Goldvein Hydra_SB": 1246, "Meticulous Excavation_SB": 1845, "Cheeky House-Mouse": 479, "Rabid Gnaw": 2234, "Raging Battle Mouse": 2248, "Valley Questcaller": 3247, "Loran's Escape_SB": 1740, "Zoraline, Cosmos Caller": 3454, "Ossification": 2049, "Ossification_SB": 2050, "Enduring Innocence_SB": 885, "The Witch's Vanity_SB": 2991, "Ill-Timed Explosion_SB": 1449, "Zoraline, Cosmos Caller_SB": 3455, "Abrade": 4, "Arcane Proxy": 100, "Teferi, Temporal Pilgrim_SB": 2905, "Lay Down Arms_SB": 1663, "Valley Floodcaller_SB": 3245, "Betrayer's Bargain": 210, "Corrupted Conviction": 573, "Furnace Reins": 1133, "Undead Sprinter_SB": 3161, "Murky Sewer": 1934, "Neglected Manor": 1956, "Deeproot Pilgrimage": 672, "Deeproot Wayfinder": 673, "Mistway Spy": 1880, "Vodalian Hexcatcher": 3315, "Serra Paragon": 2551, "Realmbreaker, the Invasion Tree": 2292, "Cease // Desist_SB": 450, "Metropolis Reformer_SB": 1847, "Atraxa, Grand Unifier_SB": 145, "Phantom Interference_SB": 2123, "Seeker's Folly_SB": 2539, "Wildborn Preserver": 3389, "Audacity": 146, "Might of the Meek_SB": 1852, "Heartflame Duelist": 1351, "Norn's Inquisitor": 1990, "Crystal Grotto": 609, "Sunder the Gateway_SB": 2832, "Pia Nalaar, Consul of Revival": 2141, "Case of the Crimson Pulse": 416, "Invasion of Kaldheim": 1507, "Doomsday Excruciator_SB": 764, "Rona, Herald of Invasion": 2414, "Jodah, the Unifier": 1548, "Myrel, Shield of Argive": 1938, "Hajar, Loyal Bodyguard": 1303, "Ruby, Daring Tracker": 2426, "Halana and Alena, Partners": 1305, "Inga and Esika": 1469, "Gwenna, Eyes of Gaea": 1302, "Jirina, Dauntless General": 1546, "Elas il-Kor, Sadistic Pilgrim": 848, "Melira, the Living Cure": 1832, "Relic of Legends": 2328, "Hajar, Loyal Bodyguard_SB": 1304, "Etali, Primal Conqueror_SB": 922, "Elesh Norn_SB": 859, "Surrak and Goreclaw_SB": 2855, "Getaway Glamer_SB": 1165, "Bottomless Pool // Locker Room": 303, "Nashi, Searcher in the Dark_SB": 1949, "Viashino Pyromancer": 3289, "Heartflame Duelist_SB": 1352, "Bilious Skulldweller": 214, "Fynn, the Fangbearer": 1135, "Infectious Bite": 1463, "Vraska Joins Up": 3339, "Bloated Contaminator": 242, "Darkstar Augur": 634, "Tyvar's Stand": 3146, "Necrogen Communion": 1952, "Thirsting Roots_SB": 2996, "Swiftfoot Boots_SB": 2863, "Vraska, Betrayal's Sting_SB": 3343, "Fear of Impostors": 996, "Defabricate_SB": 675, "Twist Reality_SB": 3133, "Charming Scoundrel": 475, "Twisted Fealty": 3134, "Spellgyre": 2717, "Armored Armadillo": 122, "Toadstool Admirer": 3069, "Guardian of New Benalia": 1295, "Unflinching Courage": 3175, "Pest Control": 2118, "Legions to Ashes_SB": 1675, "Cult Conscript": 610, "Forsaken Miner": 1099, "Heraldic Banner": 1371, "Gatekeeper of Malakir": 1151, "Defiled Crypt // Cadaver Lab": 683, "Heraldic Banner_SB": 1372, "Defiled Crypt // Cadaver Lab_SB": 684, "Karn's Sylex_SB": 1573, "Drannith Ruins": 800, "Curate": 614, "Ephara's Dispersal": 901, "The Stone Brain": 2982, "Bandit's Talent": 175, "High Noon_SB": 1400, "Misery's Shadow": 1870, "Hostile Investigator": 1426, "Decadent Dragon_SB": 664, "Dollmaker's Shop // Porcelain Gallery": 759, "Vein Ripper": 3268, "Obstinate Baloth_SB": 2014, "Doppelgang": 766, "Invasion of Arcavios": 1499, "Viashino Pyromancer_SB": 3290, "Aegis Turtle": 22, "Enter the Enigma": 897, "Venerated Rotpriest_SB": 3272, "Ivy, Gleeful Spellthief_SB": 1528, "Silent Hallcreeper_SB": 2608, "Immersturm Predator": 1450, "Laughing Jasper Flint": 1657, "Jaya, Fiery Negotiator": 1540, "The Cruelty of Gix_SB": 2941, "Corpses of the Lost": 568, "Thought-Stalker Warlock_SB": 3009, "Lightning Strike_SB": 1701, "Ral, Crackling Wit": 2261, "Rite of the Dragoncaller": 2386, "Grabby Giant": 1255, "Horned Loch-Whale_SB": 1422, "Feldon's Cane_SB": 1019, "Fires of Victory": 1056, "Brass's Tunnel-Grinder": 320, "Virtue of Knowledge_SB": 3302, "Pugnacious Hammerskull": 2208, "Shoot the Sheriff_SB": 2592, "Regal Caracal": 2321, "Arahbo, the First Fang": 96, "Dragon Fodder": 780, "Goblin Surprise": 1240, "Sunspine Lynx": 2841, "Fear of Impostors_SB": 997, "Helpful Hunter": 1366, "Sword of Once and Future": 2868, "Gisa, the Hellraiser": 1193, "Seal from Existence": 2517, "Fell": 1025, "Battlefly Swarm": 196, "Drake Hatcher": 794, "Broodspinner": 355, "Green Sun's Twilight": 1274, "Solemn Simulacrum": 2676, "Massacre Wurm": 1818, "Ghalta, Stampede Tyrant": 1170, "Etali, Primal Conqueror": 921, "Conduit Pylons": 540, "Live or Die": 1715, "Maha, Its Feathers Night_SB": 1783, "Beastie Beatdown": 198, "Roxanne, Starfall Savant": 2421, "Annie Joins Up": 83, "Huatli, Poet of Unity": 1430, "Dragonhawk, Fate's Tempest": 789, "Fortune, Loyal Steed": 1102, "Ego Drain": 844, "Invasion of Amonkhet_SB": 1498, "Thalia and The Gitrog Monster": 2935, "Surgical Suite && Hospital Room_SB": 2851, "Mindsplice Apparatus": 1857, "Silver Scrutiny": 2610, "Breach the Multiverse": 326, "Bonehoard Dracosaur": 282, "Molten Collapse": 1888, "Island_SB": 1524, "Dissection Tools": 742, "Proft's Eidetic Memory": 2195, "Entity Tracker_SB": 900, "Drag to the Roots": 778, "Glarb, Calamity's Augur": 1207, "Insidious Fungus": 1477, "Muldrotha, the Gravetide": 1928, "Scrapshooter_SB": 2503, "Rebel Salvo_SB": 2296, "Aether Channeler": 24, "Assimilation Aegis_SB": 138, "Final Showdown": 1046, "Turn Inside Out_SB": 3125, "Defiled Crypt && Cadaver Lab": 681, "Exuberant Fuseling": 954, "Overlord of the Balemurk_SB": 2068, "Thundertrap Trainer_SB": 3047, "Abuelo's Awakening": 8, "Confounding Riddle": 543, "Kitsa, Otterball Elite_SB": 1614, "Rona, Herald of Invasion_SB": 2415, "Season of Weaving_SB": 2528, "Unnerving Grasp_SB": 3191, "Calix, Guided by Fate": 392, "Fear of Surveillance": 1005, "Ruin-Lurker Bat": 2428, "Wilt-Leaf Liege_SB": 3395, "Tender Wildguide": 2923, "Painter's Studio // Defaced Gallery_SB": 2093, "Refute": 2317, "Grand Entryway // Elegant Rotunda": 1261, "Skrelv, Defector Mite_SB": 2631, "Kaya, Intangible Slayer": 1579, "Ashiok, Wicked Manipulator": 130, "Palani's Hatcher": 2095, "Temple of Abandon": 2909, "Temple of Malady": 2913, "Blasphemous Edict_SB": 230, "Insatiable Avarice": 1475, "Perforating Artist": 2113, "Agrus Kos, Spirit of Justice": 37, "Muerra, Trash Tactician": 1927, "The Irencrag": 2957, "Betrayer's Bargain_SB": 211, "Sawblade Skinripper": 2477, "Temple of Silence": 2917, "Cosmic Rebirth": 578, "Kellan's Lightblades_SB": 1590, "Squirming Emergence": 2750, "Lumra, Bellow of the Woods": 1755, "Wail of the Forgotten": 3347, "Terror Tide": 2927, "Undead Sprinter": 3160, "At Knifepoint_SB": 142, "Caught in the Crossfire_SB": 437, "Monstrous Rage_SB": 1911, "Blasphemous Edict": 229, "Essence Channeler": 916, "Amalia Benavides Aguirre": 56, "Lunar Convocation": 1756, "Case of the Uneaten Feast": 427, "Raise the Past": 2250, "Scoured Barrens": 2501, "Unwanted Remake_SB": 3206, "Smuggler's Surprise_SB": 2669, "Don't Make a Sound": 761, "Bottomless Pool // Locker Room_SB": 304, "The Princess Takes Flight_SB": 2971, "Anim Pakal, Thousandth Moon_SB": 77, "Cankerbloom": 401, "Broodspinner_SB": 356, "Cankerbloom_SB": 402, "Phyrexian Obliterator": 2137, "Tail Swipe": 2880, "Hunter's Talent_SB": 1436, "Mechanized Warfare": 1829, "Drown in Ichor": 810, "Elenda, Saint of Dusk": 854, "Starscape Cleric": 2765, "Terror Tide_SB": 2928, "Distorted Curiosity": 744, "Whisper of the Dross": 3383, "Bring the Ending": 343, "Prologue to Phyresis": 2200, "Vraska's Fall_SB": 3341, "Hauntwoods Shrieker": 1337, "Valgavoth's Onslaught": 3236, "Balustrade Wurm_SB": 173, "No One Left Behind": 1983, "Restless Reef_SB": 2359, "Mischievous Mystic": 1869, "Rankle's Prank": 2270, "Lord Skitter, Sewer King": 1742, "Twitching Doll": 3137, "Zul Ashur, Lich Lord": 3457, "Garruk's Uprising": 1143, "Defiler of Flesh": 686, "Vampire Nighthawk_SB": 3257, "Kraul Whipcracker_SB": 1635, "Vinereap Mentor_SB": 3294, "Phyrexian Vindicator": 2139, "The Seedcore": 2975, "Pick Your Poison": 2142, "Vengeful Possession_SB": 3277, "Filter Out_SB": 1044, "Lost Jitte": 1744, "Invasion of Tolvada": 1515, "High Noon": 1399, "Darkstar Augur_SB": 635, "Dreadmaw's Ire": 801, "Felonious Rage": 1027, "Manifold Mouse_SB": 1798, "Long River's Pull_SB": 1731, "Soul Search_SB": 2689, "Adaptive Automaton": 18, "Three Tree Mascot": 3029, "Case of the Gateway Express_SB": 420, "Finneas, Ace Archer": 1052, "Kambal, Profiteering Mayor": 1567, "Skrelv's Hive": 2628, "Kambal, Profiteering Mayor_SB": 1568, "Kaya, Spirits' Justice_SB": 1582, "Oko, the Ringleader_SB": 2024, "Ivy, Gleeful Spellthief": 1527, "Invasion of Theros": 1514, "Marchesa, Dealer of Death": 1804, "Annie Flash, the Veteran_SB": 82, "Jirina, Dauntless General_SB": 1547, "Wear Down_SB": 3374, "Nashi, Searcher in the Dark": 1948, "Defiled Crypt && Cadaver Lab_SB": 682, "Crumb and Get It": 598, "Dust Animus_SB": 824, "Annex Sentry": 80, "Slaughter Singer": 2651, "Jawbone Duelist": 1539, "Getaway Glamer": 1164, "Crawling Chorus": 591, "Fleeting Flight_SB": 1070, "Divine Resilience_SB": 756, "Trash the Town_SB": 3103, "Feed the Cycle_SB": 1015, "Bulk Up": 365, "Pugnacious Hammerskull_SB": 2209, "Felidar Retreat": 1023, "Giant Growth": 1183, "Hinterland Sanctifier": 1403, "Ajani's Pridemate": 39, "Lifecreed Duo": 1694, "Disenchant_SB": 732, "Quick Draw_SB": 2228, "Demolition Field_SB": 692, "Kona, Rescue Beastie": 1630, "Aetherize": 27, "Citanul Stalwart": 493, "Rune-Scarred Demon": 2435, "Time Stop": 3049, "Massacre Wurm_SB": 1819, "River's Rebuke_SB": 2391, "Prophetic Prism": 2202, "Wishclaw Talisman_SB": 3405, "Coveted Falcon_SB": 585, "Cultivator's Caravan": 611, "Scene of the Crime": 2495, "Swooping Lookout": 2865, "Long River's Pull": 1730, "Abraded Bluffs": 6, "Blooming Blast": 261, "Combat Research": 533, "Recruitment Officer_SB": 2307, "Conspiracy Unraveler": 549, "Matzalantli, the Great Door": 1820, "Reenact the Crime": 2315, "Demonic Ruckus_SB": 700, "Impact Tremors_SB": 1454, "One with the Multiverse": 2034, "Walk with the Ancestors": 3348, "Strangled Cemetery": 2811, "Meathook Massacre II_SB": 1828, "Phyrexian Arena_SB": 2129, "Coiling Rebirth": 516, "Anim Pakal, Thousandth Moon": 76, "Hunter's Talent": 1435, "Hostile Investigator_SB": 1427, "Thundering Falls_SB": 3043, "Razorkin Needlehead": 2283, "Razorkin Needlehead_SB": 2284, "Highway Robbery_SB": 1402, "Dreadmaw's Ire_SB": 802, "Smash to Dust_SB": 2664, "Intrepid Paleontologist": 1494, "Ghalta, Primal Hunger": 1168, "Triumphant Chomp": 3114, "Ixalli's Lorekeeper": 1529, "Bolt Bend_SB": 275, "Shipwreck Dowser": 2580, "Disturbing Conversion": 747, "Eerie Interference_SB": 843, "Builder's Talent_SB": 364, "Abuelo's Awakening_SB": 9, "Surge Engine": 2845, "Repulsive Mutation": 2339, "Monstrous Emergence": 1908, "Repulsive Mutation_SB": 2340, "Sylvan Scavenging_SB": 2874, "Black Sun's Twilight": 224, "Ghost Vacuum": 1175, "Bloodletter of Aclazotz_SB": 254, "Wishclaw Talisman": 3404, "Vaultborn Tyrant_SB": 3266, "Feldon's Cane": 1018, "Treasure Map": 3106, "Neutralize the Guards": 1963, "Ayli, Eternal Pilgrim": 162, "Lively Dirge": 1716, "Ball Lightning": 169, "Overlord of the Boilerbilges_SB": 2070, "Founding the Third Path_SB": 1104, "Satoru, the Infiltrator": 2473, "Etched Cornfield": 924, "Errant and Giada": 906, "Plumecreed Escort_SB": 2165, "Wilt-Leaf Liege": 3394, "Axebane Ferox_SB": 160, "Gumdrop Poisoner_SB": 1301, "Charge of the Mites": 472, "Expel the Interlopers": 938, "Annex Sentry_SB": 81, "Vraska, the Silencer": 3344, "Binding Negotiation": 215, "Kaervek, the Punisher": 1559, "Festering Gulch": 1032, "Arid Archway": 120, "Obstinate Baloth": 2013, "Bramble Familiar": 314, "Felonious Rage_SB": 1028, "Sphinx of the Final Word_SB": 2722, "Temple of Malice": 2914, "Homicide Investigator_SB": 1414, "Rip, Spawn Hunter": 2379, "Pillage the Bog_SB": 2152, "Bartolom\u00e9 del Presidio": 186, "Funeral Room // Awakening Hall": 1128, "Market Gnome": 1808, "Nezumi Linkbreaker": 1969, "Infestation Sage": 1467, "Outlaw Medic": 2058, "Vengeful Bloodwitch": 3274, "Legion Extruder": 1671, "Thousand Moons Smithy_SB": 3013, "Blightbelly Rat": 239, "Vraska's Fall": 3340, "Infectious Inquiry": 1465, "Unnatural Restoration": 3188, "Whisper of the Dross_SB": 3384, "Overprotect_SB": 2078, "Carnivorous Canopy_SB": 412, "Fecund Greenshell": 1012, "Dawn's Truce_SB": 639, "Gleaming Geardrake": 1215, "Dowsing Device": 771, "Demand Answers": 690, "Syr Ginger, the Meal Ender": 2877, "The Mycosynth Gardens": 2968, "Saheeli, Filigree Master": 2454, "Saheeli, Filigree Master_SB": 2455, "Sire of Seven Deaths_SB": 2622, "The Tale of Tamiyo": 2987, "Contaminated Aquifer": 553, "The Dross Pits": 2942, "The Surgical Bay": 2984, "Case of the Ransacked Lab": 424, "Ertai's Scorn_SB": 911, "Scrawling Crawler": 2505, "Dawn's Truce": 638, "Final Showdown_SB": 1047, "Hollow Scavenger": 1412, "Night of the Sweets' Revenge": 1971, "Genesis Wave": 1156, "Archdruid's Charm_SB": 109, "Boros Charm_SB": 294, "Seized from Slumber_SB": 2544, "Colossal Rattlewurm": 528, "Freestrider Lookout": 1109, "Gaea's Gift": 1137, "Trash the Town": 3102, "Witness Protection_SB": 3414, "Banishing Light_SB": 178, "Imprisoned in the Moon_SB": 1457, "Inquisitive Glimmer_SB": 1474, "Refute_SB": 2318, "Hugs, Grisly Guardian": 1431, "Kogla and Yidaro": 1623, "Persistent Marshstalker": 2117, "Karumonix, the Rat King": 1578, "Lilypad Village": 1709, "Argentum Masticore": 117, "Hedron Archive": 1357, "Hall of Tagsin": 1308, "Tomakul Honor Guard": 3078, "Argentum Masticore_SB": 118, "Choking Miasma": 484, "Buried in the Garden": 370, "Bristly Bill, Spine Sower": 349, "Tyvar, the Pummeler": 3149, "Polukranos Reborn": 2173, "Bite Down": 218, "Bite Down_SB": 219, "Untimely Malfunction": 3203, "Niv-Mizzet, Supreme": 1979, "Blazing Crescendo_SB": 235, "Chainsaw": 458, "Captain Storm, Cosmium Raider": 407, "Corsair Captain": 575, "Malcolm, the Eyes": 1791, "Staunch Crewmate": 2773, "Lost Jitte_SB": 1745, "Lonely Arroyo": 1727, "The Millennium Calendar_SB": 2966, "Ruin-Lurker Bat_SB": 2429, "Leonin Vanguard_SB": 1678, "Veteran Survivor_SB": 3285, "Eaten by Piranhas_SB": 838, "Kiora, the Rising Tide_SB": 1607, "Phyrexian Arena": 2128, "Stormsplitter": 2809, "Ral's Reinforcements": 2260, "Corrupted Conviction_SB": 574, "Kogla and Yidaro_SB": 1624, "Deadly Brew_SB": 650, "Lich-Knights' Conquest": 1692, "Rogue's Passage": 2407, "Necrogen Rotpriest": 1953, "Contagious Vorrac": 552, "Armored Scrapgorger_SB": 125, "Forest_SB": 1095, "Invasion of Fiora_SB": 1502, "Gix, Yawgmoth Praetor_SB": 1201, "Greta, Sweettooth Scourge": 1280, "Sweettooth Witch": 2860, "Experimental Confectioner": 941, "Mintstrosity": 1861, "Scream Puff": 2507, "Gingerbread Hunter": 1190, "Back for Seconds": 167, "Welcome to Sweettooth": 3378, "Spider Food": 2723, "Feed the Cauldron": 1013, "Return from the Wilds": 2371, "Savor": 2476, "Three Bowls of Porridge": 3025, "Eriette's Tempting Apple": 904, "Not Dead After All_SB": 1993, "Sugar Rush_SB": 2824, "Candy Grapple_SB": 399, "Hero's Downfall_SB": 1382, "Fell_SB": 1026, "Murder_SB": 1932, "Cheeky House-Mouse_SB": 480, "Burrowguard Mentor": 376, "Hop to It": 1416, "Oakhollow Village": 2005, "Pollen-Shield Hare": 2169, "Seasoned Warrenguard": 2532, "Valley Mightcaller": 3246, "Kutzil, Malamet Exemplar_SB": 1647, "Dryad Militant": 813, "Trostani, Three Whispers": 3117, "Delney, Streetwise Lookout": 688, "Hare Apparent": 1323, "No Witnesses": 1985, "Stroke of Midnight": 2816, "Impact Tremors": 1453, "An Offer You Can't Refuse": 62, "Invasion of Amonkhet": 1497, "Malcolm, Alluring Scoundrel_SB": 1790, "The Monumental Facade": 2967, "Solphim, Mayhem Dominus": 2678, "Sardian Cliffstomper": 2469, "Magmatic Sprinter": 1779, "Churning Reservoir": 488, "Sardian Cliffstomper_SB": 2470, "Monastery Swiftspear_SB": 1905, "Magmatic Sprinter_SB": 1780, "Churning Reservoir_SB": 489, "Zoyowa's Justice": 3456, "Trial of Agony": 3109, "Ojer Axonil, Deepest Might": 2020, "Generous Plunderer": 1155, "Brazen Collector": 325, "Firebrand Archer": 1053, "Leyline of Resonance_SB": 1685, "Fugitive Codebreaker_SB": 1124, "Ancestors' Aid_SB": 68, "Slickshot Show-Off_SB": 2662, "Dwynen's Elite": 830, "Leaf-Crowned Visionary": 1667, "Elvish Archdruid": 869, "Imperious Perfect": 1455, "Lathril, Blade of the Elves": 1655, "Tyvar the Bellicose": 3145, "Gaea's Gift_SB": 1138, "Give In to Violence_SB": 1197, "Cityscape Leveler_SB": 495, "Nahiri's Resolve_SB": 1944, "Scrapwork Mutt": 2504, "Repel Calamity_SB": 2338, "Abandoned Campground": 1, "Kitnap_SB": 1612, "Braids, Arisen Nightmare_SB": 312, "Obyra, Dreaming Duelist": 2015, "Knight of Dusk's Shadow_SB": 1617, "Union of the Third Path": 3183, "Pile On": 2147, "Call a Surprise Witness": 393, "Giant Cindermaw_SB": 1182, "Micromancer": 1848, "Rattleback Apothecary": 2276, "Ygra, Eater of All": 3435, "Vampire Nighthawk": 3256, "Ankle Biter": 79, "Axebane Ferox": 159, "Maha, Its Feathers Night": 1782, "Massacre Girl, Known Killer": 1816, "Daggerfang Duo": 624, "Moonstone Harbinger": 1916, "Pestilent Syphoner": 2120, "Hoarding Recluse": 1409, "Deathbloom Gardener": 658, "Drown in Ichor_SB": 811, "Ghired, Mirror of the Wilds": 1171, "Portent of Calamity": 2181, "Bloodfeather Phoenix": 248, "Rakdos, the Muscle": 2256, "Rakdos, the Muscle_SB": 2257, "Rakdos Joins Up_SB": 2254, "Massacre Girl, Known Killer_SB": 1817, "Unyielding Gatekeeper": 3207, "Ghalta and Mavren": 1167, "Progenitus": 2198, "Manifest Dread": 1796, "Hide in Plain Sight": 1393, "Threats Around Every Corner": 3022, "Blossoming Sands": 266, "Evolving Wilds": 932, "Temple of Plenty": 2916, "Crystal Barricade": 607, "Green Sun's Twilight_SB": 1275, "Koma, World-Eater_SB": 1629, "Witness Protection": 3413, "Oblivious Bookworm": 2011, "Growing Dread": 1287, "Bubble Smuggler": 362, "Cryptid Inspector": 606, "Exit Specialist": 934, "Cursed Windbreaker": 619, "Break Down the Door": 330, "Surrak and Goreclaw": 2854, "Hard-Hitting Question_SB": 1321, "Polukranos Reborn_SB": 2174, "Banner of Kinship": 179, "Hazardroot Herbalist": 1340, "Rabbit Response": 2232, "Treeguard Duo": 3107, "Uncharted Haven": 3158, "Warren Elder": 3362, "Head of the Homestead": 1344, "Head of the Homestead_SB": 1345, "Grab the Prize_SB": 1254, "Stroke of Midnight_SB": 2817, "Desecration Demon": 705, "Dragonmaster Outcast": 792, "Vial Smasher, Gleeful Grenadier": 3287, "Magda, the Hoardmaster": 1773, "Hellspur Brute": 1362, "At Knifepoint": 141, "Tinybones, Bauble Burglar": 3056, "Hellspur Posse Boss": 1364, "Hellspur Brute_SB": 1363, "Cynical Loner_SB": 623, "Astor, Bearer of Blades": 139, "Bladehold War-Whip": 227, "Kellan, the Fae-Blooded": 1596, "Kemba, Kha Enduring": 1597, "Rebel Salvo": 2295, "Lavaspur Boots": 1660, "Swiftfoot Boots": 2862, "Sword of Forge and Frontier": 2866, "Astor, Bearer of Blades_SB": 140, "Hidetsugu and Kairi": 1395, "Consuming Aberration": 551, "Cease // Desist": 449, "Knight of Dusk's Shadow": 1616, "Soul-Guide Lantern": 2691, "Temple of Deceit": 2910, "No One Left Behind_SB": 1984, "Season of Gathering_SB": 2524, "Dusk Legion Duelist": 820, "Stocking the Pantry": 2790, "Botanical Brawler": 299, "Tribute to the World Tree": 3111, "Railway Brawler": 2249, "Collector's Cage_SB": 523, "Evolved Sleeper": 930, "Friendly Teddy": 1114, "Rankle's Prank_SB": 2271, "Consumed by Greed_SB": 550, "Razorlash Transmogrant_SB": 2286, "Tocasia's Welcome": 3072, "Patchwork Banner": 2100, "Hop to It_SB": 1417, "Render Inert": 2334, "Titania, Voice of Gaea": 3065, "Loot, Exuberant Explorer": 1733, "Guardian of Ghirapur": 1294, "Ruthless Lawbringer": 2442, "Felidar Retreat_SB": 1024, "Throne of the Grim Captain": 3034, "Desperate Bloodseeker": 707, "Rampaging Spiketail": 2267, "Barkform Harvester": 183, "Fae Flight_SB": 963, "Phoenix Chick": 2126, "Squee, Dubious Monarch_SB": 2749, "Blooming Blast_SB": 262, "Enduring Tenacity_SB": 887, "Rush of Dread_SB": 2439, "Kitesail Larcenist_SB": 1611, "Magebane Lizard": 1774, "Ravine Raider": 2281, "Valley Flamecaller": 3242, "Final Flourish_SB": 1045, "Time Stop_SB": 3050, "Drag the Canal_SB": 776, "Unnatural Restoration_SB": 3189, "Infectious Inquiry_SB": 1466, "Urborg Scavengers_SB": 3219, "Insatiable Avarice_SB": 1476, "Slagstorm": 2649, "Volcanic Spite": 3323, "Grab the Prize": 1253, "Taii Wakeen, Perfect Shot": 2879, "Unruly Catapult": 3192, "Glassworks // Shattered Yard_SB": 1212, "Samut, Vizier of Naktamun": 2460, "Rakdos Guildgate": 2252, "Izzet Guildgate": 1532, "Selesnya Guildgate": 2545, "Orzhov Guildgate": 2046, "Gruul Guildgate": 1290, "Boros Guildgate": 296, "Azorius Guildgate": 164, "Dimir Guildgate": 724, "Golgari Guildgate": 1248, "Maze's End": 1822, "Circuitous Route": 492, "Expedition Map": 937, "Tatyova, Benthic Druid": 2896, "Dust Animus": 823, "Tribute to the World Tree_SB": 3112, "Hulking Metamorph": 1432, "Rest in Peace": 2349, "Surge Engine_SB": 2846, "Fake Your Own Death": 974, "Invasion of Ergamon": 1501, "Break Out_SB": 332, "Flamewake Phoenix_SB": 1064, "Beastie Beatdown_SB": 199, "Primal Might": 2187, "Ego Drain_SB": 845, "Scales of Shale_SB": 2486, "Hearthborn Battler_SB": 1355, "Vengeful Possession": 3276, "Rabid Gnaw_SB": 2235, "Repair and Recharge": 2337, "Step Between Worlds_SB": 2781, "Dwynen, Gilt-Leaf Daen": 831, "Scrapshooter": 2502, "Hexgold Halberd": 1387, "Sporogenic Infection": 2741, "Skyfisher Spider": 2640, "Skyfisher Spider_SB": 2641, "Rakdos Joins Up": 2253, "Kroxa and Kunoros": 1641, "Festerleech": 1033, "Fallaji Archaeologist_SB": 976, "The Wandering Rescuer_SB": 2989, "Oracle of Tragedy": 2040, "Tarrian's Journal": 2894, "Felidar Cub": 1021, "Knight-Errant of Eos_SB": 1621, "Dusk Rose Reliquary_SB": 822, "Ruthless Lawbringer_SB": 2443, "Felidar Cub_SB": 1022, "Make Your Own Luck": 1785, "Worldwalker Helm": 3418, "Torch the Witness": 3083, "Detective's Satchel": 714, "Forensic Gadgeteer_SB": 1092, "Ice Out_SB": 1444, "Banishing Light": 177, "Sharp-Eyed Rookie": 2566, "Evolving Adaptive": 931, "Garruk's Uprising_SB": 1144, "Unauthorized Exit": 3156, "Let's Play a Game_SB": 1680, "Chart a Course_SB": 478, "Peerless Recycling_SB": 2109, "Johann's Stopgap_SB": 1550, "Flow of Knowledge_SB": 1082, "Roaming Throne_SB": 2397, "Quintorius Kand_SB": 2231, "Soul Search": 2688, "Heroic Reinforcements_SB": 1385, "Surgical Suite && Hospital Room": 2850, "Razorlash Transmogrant": 2285, "Surgical Suite // Hospital Room": 2852, "Worldsoul's Rage": 3417, "Inspiration from Beyond": 1480, "Bonny Pall, Clearcutter_SB": 285, "Shrouded Shepherd": 2599, "Wandertale Mentor": 3351, "Vodalian Mindsinger_SB": 3316, "Llanowar Elves_SB": 1720, "Bonehoard Dracosaur_SB": 283, "Norin, Swift Survivalist": 1988, "Trapped in the Screen": 3100, "Ragged Playmate": 2246, "Trapped in the Screen_SB": 3101, "Ragged Playmate_SB": 2247, "Norin, Swift Survivalist_SB": 1989, "Splitskin Doll_SB": 2740, "Fear of Surveillance_SB": 1006, "Grand Entryway // Elegant Rotunda_SB": 1262, "Zurgo and Ojutai": 3460, "Dead Weight_SB": 648, "Think Twice_SB": 2993, "Take for a Ride_SB": 2886, "Fleeting Flight": 1069, "Mosswood Dreadknight_SB": 1921, "Boltwave_SB": 277, "Sheoldred": 2571, "Enduring Courage_SB": 881, "War Squeak_SB": 3354, "Spirebluff Canal_SB": 2732, "Chandra, Flameshaper_SB": 461, "Blazing Crescendo": 234, "Ajani, Sleeper Agent": 43, "Ajani, Sleeper Agent_SB": 44, "Fumigate": 1126, "Great Train Heist": 1271, "Glimmerlight": 1218, "Fiendish Panda": 1037, "Ashnod's Harvester": 132, "Wardens of the Cycle": 3357, "Warhost's Frenzy": 3359, "Geralf, the Fleshwright": 1158, "Geralf, the Fleshwright_SB": 1159, "Claim Jumper_SB": 498, "Mirrex_SB": 1865, "Tectonic Hazard": 2901, "Chainsaw_SB": 459, "Steamcore Scholar": 2775, "Vampire Gourmand": 3254, "Vraan, Executioner Thane": 3338, "Eaten Alive_SB": 837, "Wojek Investigator": 3415, "Rustler Rampage": 2440, "Calamity's Wake_SB": 389, "Recommission_SB": 2305, "Heroic Reinforcements": 1384, "Searslicer Goblin_SB": 2522, "Lost in the Maze_SB": 1747, "Herald of Eternal Dawn": 1369, "Stormchaser's Talent_SB": 2803, "Phyrexian Missionary": 2135, "Cactarantula": 385, "Stromkirk Noble": 2818, "Case of the Locked Hothouse_SB": 422, "Ojer Pakpatiq, Deepest Epoch": 2021, "Disturbing Conversion_SB": 748, "See Double_SB": 2535, "Enduring Vitality_SB": 889, "Koth, Fire of Resistance": 1632, "Lithomantic Barrage": 1713, "Leyline of the Void": 1689, "Audience with Trostani_SB": 147, "Sentinel of Lost Lore": 2546, "Wylie Duke, Atiin Hero": 3429, "Stoke the Flames": 2795, "Urza's Sylex": 3228, "Volatile Fault_SB": 3322, "Defiler of Dreams_SB": 685, "Omen Hawker": 2027, "Virtue of Knowledge": 3301, "Jagged Barrens": 1538, "Hired Claw_SB": 1406, "Valgavoth's Onslaught_SB": 3237, "Kutzil's Flanker": 1644, "Extraordinary Journey": 952, "Gold Pan": 1243, "Extraordinary Journey_SB": 953, "Nurturing Pixie_SB": 2002, "Moonshaker Cavalry": 1914, "Elusive Otter": 867, "Pearl of Wisdom": 2106, "Fear of Lost Teeth": 1002, "Horrid Vigor": 1423, "Flesh Burrower": 1071, "Let's Play a Game": 1679, "Winter's Intervention": 3400, "Grasping Longneck": 1263, "Wickerfolk Thresher": 3387, "Cackling Slasher": 382, "Fear of the Dark": 1007, "Balemurk Leech": 168, "Give In to Violence": 1196, "Innocuous Rat": 1472, "Bashful Beastie": 188, "Defiant Survivor": 679, "Meathook Massacre II": 1827, "Vile Mutilator": 3292, "Analyze the Pollen_SB": 66, "Corpses of the Lost_SB": 569, "Anthem of Champions": 92, "Mistbreath Elder": 1876, "Bushwhack_SB": 380, "Mistbreath Elder_SB": 1877, "Realmbreaker's Grasp_SB": 2291, "Treeguard Duo_SB": 3108, "Stickytongue Sentinel_SB": 2785, "Sunshower Druid_SB": 2840, "Tumbleweed Rising_SB": 3119, "Polliwallop_SB": 2171, "Leyline of Transformation": 1687, "Saheeli's Lattice": 2453, "Hopeless Nightmare_SB": 1420, "Thrill of Possibility": 3032, "Etali, Primal Storm_SB": 923, "Healer's Hawk": 1346, "Adamant Will": 17, "Dazzling Angel": 644, "Goldvein Pick": 1247, "Marauding Blight-Priest": 1802, "Moment of Triumph": 1896, "Pilfer": 2149, "Public Thoroughfare": 2207, "Roaming Throne": 2396, "Undying Malice": 3172, "Angel of Finality_SB": 73, "Cancel_SB": 398, "Opt_SB": 2036, "Requisition Raid": 2342, "Anointed Peacekeeper_SB": 91, "Connecting the Dots_SB": 546, "Idyllic Beachfront": 1447, "Annihilating Glare": 85, "Fanatical Offering": 980, "Sword of Wealth and Power": 2870, "Pilfer_SB": 2150, "Makeshift Binding": 1786, "Deadly Riposte_SB": 655, "Nettle Guard_SB": 1962, "Dismal Backwater": 735, "Pelakka Wurm": 2110, "Extract a Confession_SB": 951, "Soul-Shackled Zombie_SB": 2694, "Unauthorized Exit_SB": 3157, "Jump Scare_SB": 1557, "Progenitus_SB": 2199, "Dewdrop Cure": 720, "Harvestrite Host": 1330, "Family Reunion_SB": 977, "Hinterland Sanctifier_SB": 1404, "Cut Short_SB": 622, "Deathcap Marionette": 659, "Jungle Hollow": 1558, "Urborg Repossession": 3216, "Voracious Varmint_SB": 3333, "Ambush Wolf_SB": 59, "Empyrean Eagle": 874, "Tranquil Cove": 3094, "Griffnaut Tracker_SB": 1283, "Shroudstomper": 2601, "Invasion of Regatha": 1510, "Hidetsugu's Second Rite": 1397, "Lassoed by the Law": 1652, "Mabel's Mettle": 1765, "Cunning Coyote": 612, "Skulduggery": 2632, "Skulduggery_SB": 2633, "The Huntsman's Redemption": 2954, "Beseech the Mirror_SB": 207, "Dead Weight": 647, "Minor Misstep": 1859, "Hopeful Vigil": 1418, "Restricted Office // Lecture Hall": 2367, "Central Elevator // Promising Stairs": 454, "Creeping Peeper": 592, "Underwater Tunnel // Slimy Aquarium": 3171, "Erratic Apparition": 907, "Dazzling Theater // Prop Room": 646, "Fear of Falling": 995, "Fear of Abduction": 991, "Lionheart Glimmer": 1711, "Tunnel Surveyor_SB": 3123, "Stalked Researcher_SB": 2758, "Polluted Delta": 2172, "Scalding Tarn": 2482, "Misty Rainforest": 1881, "Bloodstained Mire": 256, "Watery Grave": 3369, "Steam Vents": 2774, "Sink into Stupor": 2618, "Spell Snare": 2713, "Unearth": 3173, "Thoughtseize": 3010, "Fatal Push": 985, "Faithless Looting": 973, "Tamiyo, Inquisitive Student": 2891, "Psychic Frog": 2206, "Counterspell": 583, "Persist": 2116, "Force of Negation": 1088, "Brazen Borrower": 323, "Archon of Cruelty": 113, "Nihil Spellbomb_SB": 1974, "Surgical Extraction_SB": 2849, "Consign to Memory_SB": 548, "Harbinger of the Seas_SB": 1317, "Stern Scolding_SB": 2784, "Fable of the Mirror-Breaker_SB": 958, "Primeval Titan": 2190, "Otawara, Soaring City": 2053, "Amulet of Vigor": 61, "Arboreal Grazer": 99, "Dryad of the Ilysian Grove": 815, "Summoner's Pact": 2826, "Hanweir Battlements": 1314, "Shifting Woodland": 2577, "Boseiju, Who Endures": 297, "Mirrorpool": 1868, "Urza's Saga": 3227, "Crumbling Vestige": 600, "Gruul Turf": 1292, "Simic Growth Chamber": 2614, "Lotus Field": 1748, "Tolaria West": 3074, "Vesuva": 3280, "Valakut, the Molten Pinnacle": 3232, "Scapeshift": 2487, "Dryad Arbor": 812, "Green Sun's Zenith": 1276, "Echoing Deeps": 839, "Vexing Bauble": 3286, "Bojuka Bog_SB": 274, "Dismember_SB": 736, "Vampires' Vengeance_SB": 3258, "Hexdrinker_SB": 1386, "Colossal Skyturtle_SB": 529, "Generous Ent_SB": 1154, "Collector Ouphe_SB": 521, "Endurance_SB": 879, "Grist, the Hunger Tide_SB": 1286, "Force of Vigor_SB": 1089, "Arena of Glory": 116, "Blazing Rootwalla": 236, "Burning Inquiry": 372, "Detective's Phoenix": 713, "Flameblade Adept": 1060, "Goblin Lore": 1237, "Hollow One": 1411, "Lightning Bolt": 1697, "Stomping Ground": 2796, "Street Wraith": 2814, "Vengevine": 3278, "Wooded Foothills": 3416, "Cursed Totem_SB": 618, "Meltdown_SB": 1834, "Obsidian Charmaw_SB": 2012, "Arid Mesa": 121, "Barbarian Ring": 181, "Sunbaked Canyon": 2829, "Eidolon of the Great Revel": 846, "Goblin Guide": 1236, "Lava Spike": 1659, "Rift Bolt": 2375, "Searing Blaze": 2519, "Skewer the Critics": 2624, "Skullcrack": 2636, "Flare of Duplication": 1065, "Smash to Smithereens_SB": 2665, "Faerie Macabre_SB": 968, "Ensnaring Bridge_SB": 895, "Explore": 944, "Urza's Cave": 3225, "Defense Grid_SB": 678, "Tireless Tracker_SB": 3060, "Indomitable Creativity": 1460, "Prismatic Ending": 2193, "Wrenn and Six": 3425, "Fable of the Mirror-Breaker": 957, "Blood Crypt": 244, "Sacred Foundry": 2448, "Xander's Lounge": 3430, "Jetmir's Garden": 1545, "Dwarven Mine": 829, "Flooded Strand": 1073, "Boseiju, Who Endures_SB": 298, "Toxic Deluge_SB": 3090, "Hurkyl's Recall_SB": 1437, "Damping Sphere_SB": 628, "Cling to Dust": 509, "Harbinger of the Seas": 1316, "Marsh Flats": 1813, "Murktide Regent": 1933, "Preordain": 2186, "Thought Scour": 3007, "Engineered Explosives_SB": 892, "Mystical Dispute_SB": 1941, "Spell Pierce_SB": 2712, "The Meathook Massacre_SB": 2963, "Orcish Bowmasters": 2042, "Ocelot Pride": 2016, "Godless Shrine": 1242, "Guide of Souls": 1296, "Seasoned Pyromancer": 2531, "Ajani, Nacatl Pariah": 42, "Phelia, Exuberant Shepherd": 2124, "Phlage, Titan of Fire's Fury": 2125, "Galvanic Discharge": 1141, "Goblin Bombardment": 1233, "Thraben Charm": 3014, "Orim's Chant_SB": 2043, "Wrath of the Skies_SB": 3421, "Thoughtseize_SB": 3011, "Showdown of the Skalds_SB": 2597, "Wear // Tear_SB": 3373, "Legion Loyalist": 1673, "Goblin Bushwhacker": 1234, "Devastating Summons": 716, "Reckless Bushwhacker": 2297, "Goblin Grenade": 1235, "Goblin Piledriver": 1239, "Mogg War Marshal": 1885, "Skirk Prospector": 2625, "Foundry Street Denizen": 1105, "Den of the Bugbear": 701, "Sokenzan, Crucible of Defiance": 2675, "Tormod's Crypt_SB": 3085, "Shattering Spree_SB": 2568, "Blood Moon_SB": 246, "Magus of the Moon_SB": 1781, "Reality Hemorrhage_SB": 2289, "Ziatora's Proving Ground": 3448, "Veil of Summer_SB": 3267, "Terastodon_SB": 2924, "Consider": 547, "Graveyard Trespasser": 1265, "Exquisite Firecraft_SB": 946, "Searing Blood_SB": 2520, "Tunnel Ignus_SB": 3121, "Ragavan, Nimble Pilferer": 2244, "Static Prison": 2770, "Showdown of the Skalds": 2596, "Windswept Heath": 3399, "Fear, Fire, Foes!_SB": 1008, "Drannith Magistrate_SB": 799, "Stony Silence_SB": 2797, "Chained to the Rocks": 456, "Chained to the Rocks_SB": 457, "Ragavan, Nimble Pilferer_SB": 2245, "Chrome Host Seedshark": 486, "Corrupt": 572, "Ruthless Negotiation": 2444, "Seeker's Folly": 2538, "Lukka, Bound to Ruin_SB": 1750, "Giant Growth_SB": 1184, "Duelist of the Mind": 816, "Talion, the Kindly Lord": 2890, "Slice from the Shadows": 2657, "Balmor, Battlemage Captain": 171, "Stormcatch Mentor": 2801, "Bria, Riptide Rogue": 338, "Freeze in Place": 1110, "Relic's Roar": 2331, "Run Away Together_SB": 2431, "Scalding Viper_SB": 2484, "Over the Edge_SB": 2063, "Poison Dart Frog_SB": 2168, "Bloodfell Caves": 250, "Come Back Wrong": 535, "Glassworks // Shattered Yard": 1211, "Beamtown Beatstick": 197, "Diamond Pick-Axe": 723, "Sunfire Torch": 2835, "Celestial Armor": 451, "Carrot Cake_SB": 415, "Edgewall Inn": 842, "Grievous Wound_SB": 1282, "Goliath Hatchery_SB": 1250, "Cathartic Parting_SB": 436, "Mirran Banesplitter": 1863, "Heartfire Immolator": 1350, "Dwarven Forge-Chanter": 828, "Whiskerquill Scribe": 3381, "Sure Strike": 2843, "Ghitu Amplifier": 1172, "Furious Bellow": 1130, "Ancestors' Aid": 67, "Living Phone": 1718, "Hardened Escort": 1322, "Unsettling Twins": 3194, "The Jolly Balloon Man": 2958, "Holy Cow": 1413, "Unsettling Twins_SB": 3195, "Raccoon Rallier_SB": 2236, "Feather of Flight_SB": 1011, "Rogue's Passage_SB": 2408, "Possessed Goat_SB": 2182, "The Jolly Balloon Man_SB": 2959, "Giant Cindermaw": 1181, "Hammerhand_SB": 1313, "Heartfire Hero_SB": 1349, "Inti, Seneschal of the Sun_SB": 1486, "Pests of Honor": 2121, "Nettle Guard": 1961, "Three Blind Mice": 3023, "Emberheart Challenger_SB": 872, "Dauntless Dismantler_SB": 637, "Phoenix Chick_SB": 2127, "Gleaming Barrier": 1213, "Painful Quandary": 2088, "Gleaming Barrier_SB": 1214, "Solemn Simulacrum_SB": 2677, "Fear of Being Hunted": 992, "Twinferno_SB": 3128, "Sure Strike_SB": 2844, "Keldon Flamesage": 1587, "Brambleguard Captain": 316, "Johann, Apprentice Sorcerer": 1551, "Kraum, Violent Cacophony": 1636, "Razzle-Dazzler": 2288, "Vesuvan Drifter": 3281, "Snaremaster Sprite": 2672, "Thopter Mechanic": 3001, "Nightwhorl Hermit": 1973, "Iron-Fist Pulverizer": 1521, "Pyrotechnic Performer": 2219, "Fear of Burning Alive": 994, "Swiftwater Cliffs": 2864, "Molten Tributary": 1893, "Peculiar Lighthouse": 2107, "Restless Spire": 2362, "Fiery Annihilation": 1040, "Defabricate": 674, "Seize the Secrets": 2541, "Aspirant's Ascent": 134, "Stop Cold": 2798, "Mishra's Command_SB": 1873, "Plan the Heist_SB": 2160, "Sleight of Hand_SB": 2656, "Kellan, Planar Trailblazer_SB": 1595, "Trick Shot_SB": 3113, "Violent Urge_SB": 3296, "Involuntary Cooldown_SB": 1519, "Out of Air_SB": 2055, "The Filigree Sylex": 2951, "Harrier Strix": 1327, "Charge of the Mites_SB": 473, "Grand Abolisher": 1258, "Unnerving Grasp": 3190, "Halo Hopper": 1311, "Hellspur Posse Boss_SB": 1365, "Fynn, the Fangbearer_SB": 1136, "Make Your Move_SB": 1784, "Harbinger of the Tides": 1318, "Harbinger of the Tides_SB": 1319, "Bottomless Pool && Locker Room_SB": 302, "Pile On_SB": 2148, "Cat Collector": 432, "Growing Rites of Itlimoc": 1288, "Flowstone Infusion": 1084, "Coruscation Mage": 576, "Throw from the Saddle": 3035, "Arachnoid Adaptation": 95, "Hammerhand": 1312, "War Squeak": 3353, "Longstalk Brawl_SB": 1732, "Thrill of Possibility_SB": 3033, "Jump Scare": 1556, "Niko, Light of Hope": 1975, "Tunnel Surveyor": 3122, "Stalked Researcher": 2757, "Enter the Enigma_SB": 898, "Fear of Isolation_SB": 1001, "Into the Roil": 1492, "Into the Roil_SB": 1493, "Ayara, Widow of the Realm": 161, "Deathmark_SB": 660, "Season of Gathering": 2523, "Warren Warleader": 3363, "Seasoned Warrenguard_SB": 2533, "Lionheart Glimmer_SB": 1712, "Horrid Vigor_SB": 1424, "Omnivorous Flytrap_SB": 2033, "Roc Hunter": 2403, "Feldon, Ronom Excavator": 1020, "Scalding Viper": 2483, "Trial of Agony_SB": 3110, "Adventuring Gear_SB": 21, "Vicious Clown_SB": 3291, "Fear of Being Hunted_SB": 993, "Rite of the Dragoncaller_SB": 2387, "Ghostly Dancers": 1177, "Demonic Pact_SB": 698, "Splash Portal_SB": 2736, "Osseous Sticktwister": 2048, "Valorous Stance": 3252, "Lodestone Needle": 1726, "Scytheclaw Raptor_SB": 2514, "Sawblade Skinripper_SB": 2478, "Pitiless Carnage_SB": 2156, "Bring the Ending_SB": 344, "Season of Loss_SB": 2526, "Zephyr Singer": 3444, "Spell Pierce": 2711, "Sunbillow Verge": 2830, "Grim Bauble": 1284, "Momentum Breaker": 1899, "Wastewood Verge": 3366, "Llanowar Loamspeaker": 1722, "Vein Ripper_SB": 3269, "Ketramose, the New Dawn": 1598, "Bleachbone Verge": 237, "Intimidation Tactics": 1488, "Outpace Oblivion_SB": 2060, "Debris Beetle": 661, "Oildeep Gearhulk_SB": 2019, "Bloodghast": 251, "Lunar Convocation_SB": 1757, "Bartolom\u00e9 del Presidio_SB": 187, "Valley Rotcaller_SB": 3249, "Oildeep Gearhulk": 2018, "Haunt the Network_SB": 1334, "Ride's End": 2373, "Defend the Rider": 676, "Hazoret, Godseeker": 1342, "Eriette of the Charmed Apple": 903, "Surgical Suite // Hospital Room_SB": 2853, "Gleeful Demolition_SB": 1217, "Willowrush Verge": 3393, "Monument to Endurance": 1912, "Molt Tender": 1887, "Draconautics Engineer": 773, "Loot, the Pathfinder": 1735, "Afterburner Expert": 29, "Dredger's Insight": 807, "Restless Spire_SB": 2363, "Silver Scrutiny_SB": 2611, "Cunning Coyote_SB": 613, "Thousand Moons Smithy": 3012, "Transmutation Font": 3099, "Braided Net_SB": 310, "Bounce Off": 305, "Nesting Bot": 1959, "Intimidation Tactics_SB": 1489, "Grim Bauble_SB": 1285, "Voyage Home": 3335, "Perilous Snare": 2114, "The Speed Demon_SB": 2980, "Chandra, Spark Hunter_SB": 465, "Farsight Ritual": 984, "Quag Feast": 2223, "Gastal Raider_SB": 1147, "Momentum Breaker_SB": 1900, "Belligerent Yearling": 205, "The Skullspore Nexus": 2977, "Regal Imperiosaur": 2323, "Intrepid Paleontologist_SB": 1495, "Overlord of the Hauntwoods_SB": 2074, "Overgrown Zealot": 2066, "Transit Mage": 3098, "Brightglass Gearhulk": 340, "Voyager Glidecar": 3336, "Voyager Glidecar_SB": 3337, "Debris Beetle_SB": 662, "Fuel the Flames": 1121, "Skycrash": 2638, "Riverpyre Verge": 2395, "Broadside Barrage_SB": 352, "Fuel the Flames_SB": 1122, "Dropkick Bomber": 809, "Howlsquad Heavy": 1428, "Reckless Lackey": 2299, "Amonkhet Raceway": 60, "Kutzil, Malamet Exemplar": 1646, "Marauding Mako": 1803, "Scrounging Skyray": 2512, "Broadside Barrage": 351, "Boosted Sloop": 292, "Bounce Off_SB": 306, "Thopter Fabricator_SB": 3000, "The Aetherspark": 2937, "Count on Luck_SB": 582, "Mendicant Core, Guidelight": 1836, "Mu Yanling, Wind Rider": 1925, "Bringer of the Last Gift": 345, "Terisian Mindbreaker": 2925, "Skitterbeam Battalion": 2627, "Riverchurn Monument": 2392, "Diversion Unit": 753, "Gastal Thrillroller_SB": 1149, "Monument to Endurance_SB": 1913, "Spectacular Pileup": 2704, "Burnout Bashtronaut": 374, "Greasewrench Goblin": 1267, "Lifecraft Engine": 1693, "Gastal Thrillroller": 1148, "Coalstoke Gearhulk_SB": 513, "Riptide Gearhulk": 2380, "Gruff Triplets": 1289, "Atraxa's Fall_SB": 143, "Webstrike Elite": 3376, "Memory Guardian": 1835, "Shoreline Looter": 2595, "Engine Rat_SB": 891, "Zahur, Glory's Past": 3442, "Quag Feast_SB": 2224, "Essence Channeler_SB": 917, "Lunar Insight": 1758, "Captain Howler, Sea Scourge": 405, "Jodah, the Unifier_SB": 1549, "Thunderous Velocipede": 3044, "Invasion of Regatha_SB": 1511, "Ketramose, the New Dawn_SB": 1599, "Locust Spray": 1725, "Rampaging Raptor": 2265, "Agonasaur Rex_SB": 36, "Agonasaur Rex": 35, "Sandstalker Moloch_SB": 2462, "Visage Bandit": 3308, "Waxen Shapethief": 3370, "Coalstoke Gearhulk": 512, "Dune Drifter": 817, "Ride's End_SB": 2374, "Chandra, Spark Hunter": 464, "Repurposing Bay": 2341, "Perilous Snare_SB": 2115, "Spinner of Souls_SB": 2730, "Expel the Interlopers_SB": 939, "Red Sun's Twilight_SB": 2309, "Lightwheel Enhancements": 1703, "Phyrexian Dragon Engine": 2132, "Mishra, Claimed by Gix": 1875, "Coiling Rebirth_SB": 517, "Collision Course_SB": 527, "Sazacap's Brew": 2481, "Invasion of Mercadia": 1509, "Playful Shove": 2162, "Caelorna, Coral Tyrant_SB": 387, "Visage of Dread": 3309, "Pit Automaton": 2153, "Visage of Dread_SB": 3310, "The Last Ride_SB": 2961, "Aether Syphon_SB": 26, "The Speed Demon": 2979, "Gas Guzzler": 1145, "Spectral Interference_SB": 2709, "Say Its Name_SB": 2480, "Ghitu Lavarunner": 1173, "Stock Up": 2788, "Spectacular Pileup_SB": 2705, "Gastal Thrillseeker": 1150, "Far Fortune, End Boss": 983, "Overrun_SB": 2080, "Wardens of the Cycle_SB": 3358, "Painful Quandary_SB": 2089, "Leaf-Crowned Visionary_SB": 1668, "Mossborn Hydra_SB": 1919, "Drag to the Roots_SB": 779, "Reasonable Doubt": 2294, "Flow of Knowledge": 1081, "Claim Jumper": 497, "Starscape Cleric_SB": 2766, "Flotsam // Jetsam_SB": 1079, "Soul of Windgrace": 2690, "Binding Negotiation_SB": 216, "Melira, the Living Cure_SB": 1833, "Bloated Contaminator_SB": 243, "The Aetherspark_SB": 2938, "Fearless Swashbuckler": 1009, "Unctus, Grand Metatect": 3159, "Diversion Unit_SB": 754, "Tyrox, Saurid Tyrant": 3141, "Scytheclaw Raptor": 2513, "Tomik, Wielder of Law_SB": 3080, "Engine Rat": 890, "Teysa, Opulent Oligarch": 2934, "Gonti, Night Minister": 1251, "Muraganda Raceway": 1930, "Gumdrop Poisoner": 1300, "Mindspring Merfolk": 1858, "Zephyr Singer_SB": 3445, "Conduit of Worlds_SB": 542, "Two-Headed Hunter": 3139, "Optimistic Scavenger_SB": 2038, "Explosive Derailment_SB": 945, "Mishra's Command": 1872, "Esoteric Duplicator": 915, "Webstrike Elite_SB": 3377, "Heliod, the Radiant Dawn": 1360, "Twinblade Blessing": 3127, "Restless Anchorage_SB": 2352, "Defend the Rider_SB": 677, "Ratadrabik of Urborg": 2274, "Demonic Junker": 695, "Nexus of Becoming": 1967, "Hidden Necropolis": 1390, "Overrun": 2079, "The Last Ride": 2960, "Ancient Vendetta_SB": 72, "Lumbering Worldwagon": 1751, "Unstable Glyphbridge_SB": 3197, "Ancient Vendetta": 71, "Basri, Tomorrow's Champion": 191, "Skyseer's Chariot_SB": 2645, "Lassoed by the Law_SB": 1653, "Blast Zone_SB": 232, "Bristling Backwoods": 348, "Reclamation Sage": 2302, "Ashiok, Wicked Manipulator_SB": 131, "Bristlebud Farmer_SB": 347, "Third Path Iconoclast_SB": 2994, "Thalia and The Gitrog Monster_SB": 2936, "Ferocification_SB": 1031, "Forlorn Flats": 1098, "Become Brutes": 201, "Sword of Forge and Frontier_SB": 2867, "Veteran Survivor": 3284, "Coveted Falcon": 584, "Impulse": 1458, "Kellan, Inquisitive Prodigy_SB": 1593, "Caradora, Heart of Alacria": 409, "Veteran Beastrider": 3283, "Skyseer's Chariot": 2644, "Valor's Flagship": 3250, "The Elder Dragon War_SB": 2944, "Spring-Loaded Sawblades_SB": 2745, "Urza's Command_SB": 3226, "Dive Down": 751, "Scrollshift_SB": 2511, "Full Throttle_SB": 1125, "Loot, the Key to Everything_SB": 1734, "Loot, the Pathfinder_SB": 1736, "Coati Scavenger": 514, "Twining Twins": 3130, "Threadbind Clique": 3021, "Boommobile": 288, "Forging the Anchor": 1096, "Radiant Lotus": 2240, "The Mightstone and Weakstone_SB": 2965, "Boommobile_SB": 289, "Radiant Lotus_SB": 2241, "Volley Veteran": 3328, "Bloodthorn Flail": 259, "Flamewake Phoenix": 1063, "Cryptcaller Chariot_SB": 602, "Riptide Gearhulk_SB": 2381, "Slick Sequence": 2658, "Riverchurn Monument_SB": 2393, "Spiteful Hexmage_SB": 2734, "Thopter Fabricator": 2999, "Furnace Host Charger": 1131, "Clamorous Ironclad": 501, "Wishing Well": 3406, "Frolicking Familiar": 1115, "Alania, Divergent Storm": 48, "Resplendent Angel_SB": 2347, "Tinker's Tote": 3053, "Cephalopod Sentry": 455, "Redshift, Rocketeer Chief": 2314, "Haunt the Network": 1333, "Sorcerous Spyglass": 2684, "Demonic Junker_SB": 696, "Halana and Alena, Partners_SB": 1306, "Valor's Flagship_SB": 3251, "Tocasia's Welcome_SB": 3073, "Stall Out": 2759, "Stall Out_SB": 2760, "Sovereign Okinec Ahau": 2702, "Gloryheath Lynx": 1226, "Servant of the Stinger": 2555, "The Raven Man": 2972, "The Raven Man_SB": 2973, "Broodheart Engine": 354, "Gargantuan Leech": 1142, "Captivating Cave": 408, "Promising Vein": 2201, "Hidden Courtyard": 1388, "Bat Colony": 192, "Calamitous Cave-In": 388, "Hidden Volcano": 1392, "Marketback Walker": 1810, "Sylvan Scavenging": 2873, "Sab-Sunen, Luxa Embodied": 2446, "Simian Simulacrum": 2613, "Mold Adder_SB": 1886, "Boom Box": 286, "Possession Engine": 2183, "Conduit of Worlds": 541, "Broadcast Rambler": 350, "Virtue of Courage": 3299, "Leyline Binding_SB": 1683, "Likeness Looter": 1704, "Reluctant Role Model": 2332, "Bulwark Ox": 367, "Reluctant Role Model_SB": 2333, "The Goose Mother": 2953, "Market Gnome_SB": 1809, "Daretti, Rocketeer Engineer": 631, "Threefold Thunderhulk": 3030, "Tune Up": 3120, "Meteor Golem_SB": 1841, "Burnout Bashtronaut_SB": 375, "Gastal Raider": 1146, "Oviya, Automech Artisan": 2086, "Marketback Walker_SB": 1811, "Highway Robbery": 1401, "Itzquinth, Firstborn of Gishath": 1525, "The Skullspore Nexus_SB": 2978, "Cosmium Confluence": 580, "Festival of Embers": 1034, "Hidden Nursery": 1391, "Union of the Third Path_SB": 3184, "Charming Prince": 474, "Gossip's Talent": 1252, "Balustrade Wurm": 172, "Skycrash_SB": 2639, "Nexus of Becoming_SB": 1968, "Soulless Jailer_SB": 2696, "Collector's Vault_SB": 525, "Thran Spider_SB": 3019, "Akal Pakal, First Among Equals_SB": 46, "Sab-Sunen, Luxa Embodied_SB": 2447, "Earthrumbler": 834, "Oko, the Ringleader": 2023, "Forensic Researcher": 1093, "Deepfathom Echo": 671, "Chitin Gravestalker": 483, "Desperate Bloodseeker_SB": 708, "Starving Revenant_SB": 2767, "Steamcore Scholar_SB": 2776, "Ojer Pakpatiq, Deepest Epoch_SB": 2022, "Lavaspur Boots_SB": 1661, "Voldaren Thrillseeker_SB": 3327, "Thunderous Velocipede_SB": 3045, "Drana and Linvala_SB": 798, "Fear of Infinity_SB": 999, "Stock Up_SB": 2789, "Dredger's Insight_SB": 808, "Fauna Shaman_SB": 988, "Malcator, Purity Overseer": 1788, "Sunder the Gateway": 2831, "Night Market": 1970, "Stockpiling Celebrant": 2791, "Carrion Locust_SB": 413, "Skullcap Snail_SB": 2635, "Stockpiling Celebrant_SB": 2792, "Mocking Sprite": 1882, "Talion's Messenger": 2889, "Barrow Naughty": 185, "Faerie Slumber Party": 971, "Drag the Canal": 775, "Soured Springs": 2701, "Spellscorn Coven": 2718, "Etrata, Deadly Fugitive": 928, "Coerced to Kill": 515, "Unstoppable Plan_SB": 3198, "Shadow-Rite Priest": 2560, "Training Grounds": 3093, "Hoarding Broodlord": 1408, "Nahiri's Warcrafting_SB": 1945, "Baral and Kari Zev": 180, "Enigma Drake": 893, "Eroded Canyon": 905, "Trained Arynx": 3092, "Ornery Tumblewagg": 2044, "Giant Beaver": 1180, "Lagorin, Soul of Alacria": 1649, "Miriam, Herd Whisperer": 1862, "Congregation Gryff": 545, "Brightfield Glider": 339, "Creosote Heath": 593, "Run Over_SB": 2432, "Reject Imperfection_SB": 2327, "Vivisurgeon's Insight_SB": 3314, "Macabre Waltz": 1768, "Wary Thespian": 3365, "Haunted Mire": 1335, "Overwhelming Remorse_SB": 2082, "Akal Pakal, First Among Equals": 45, "Forensic Gadgeteer": 1091, "Deduce_SB": 666, "Wreck Remover_SB": 3422, "River's Rebuke": 2390, "Brave the Wilds": 322, "Fog of War_SB": 1086, "Oaken Siren": 2004, "Guidelight Optimizer": 1297, "Fountainport Bell": 1107, "Machine Over Matter_SB": 1769, "Armored Scrapgorger": 124, "Fierce Empath": 1039, "Spinewoods Paladin": 2727, "Phyrexian Missionary_SB": 2136, "Tranquil Cove_SB": 3095, "Exsanguinate_SB": 948, "Exsanguinate": 947, "Crumb and Get It_SB": 599, "Flame Lash": 1059, "Syr Ginger, the Meal Ender_SB": 2878, "Legion Extruder_SB": 1672, "Dawnwing Marshal": 641, "Leonin Vanguard": 1677, "Savannah Lions": 2475, "Pitiless Carnage": 2155, "Fear of Infinity": 998, "District Mascot": 746, "Shivan Devastator": 2582, "Zimone, Paradox Sculptor": 3449, "Tyvar, the Pummeler_SB": 3150, "Zopandrel, Hunger Dominus_SB": 3453, "Irreverent Gremlin": 1522, "Dynamite Diver": 832, "Guidelight Synergist": 1298, "Kolodin, Triumph Caster": 1627, "Burner Rocket": 371, "Cloudspire Skycycle": 511, "Frenzied Goblin": 1111, "Count on Luck": 581, "Doubling Season_SB": 769, "Fanatical Firebrand_SB": 979, "Frenzied Goblin_SB": 1112, "Reckless Lackey_SB": 2300, "Howlsquad Heavy_SB": 1429, "Rundvelt Hordemaster_SB": 2434, "Aurelia, the Warleader": 148, "Gilded Ghoda": 1188, "Vanish into Eternity_SB": 3261, "Voldaren Epicure": 3325, "Ensoul Artifact": 896, "Riverglide Pathway": 2394, "Darksteel Citadel": 636, "Shrapnel Blast": 2598, "Smuggler's Copter": 2667, "Rending Volley_SB": 2336, "Shadowspear_SB": 2561, "Voltage Surge_SB": 3330, "Aether Gust_SB": 25, "Annul_SB": 87, "Cragcrown Pathway": 586, "Mutavault": 1937, "Reckless Rage": 2301, "Soul-Scar Mage": 2693, "Hazoret the Fervent_SB": 1341, "Redcap Melee_SB": 2311, "Elvish Mystic": 870, "Nykthos, Shrine to Nyx": 2003, "Kiora, Behemoth Beckoner": 1604, "Cavalier of Thorns": 443, "Old-Growth Troll": 2025, "Lair of the Hydra": 1650, "Storm the Festival": 2799, "Ulvenwald Oddity": 3153, "Oath of Nissa": 2006, "Leyline of the Guildpact": 1688, "Emrakul, the Promised End_SB": 875, "Setessan Petitioner_SB": 2557, "Arasta of the Endless Web_SB": 98, "Ledger Shredder": 1670, "Arclight Phoenix": 115, "Fiery Impulse": 1042, "Lightning Axe": 1696, "Treasure Cruise": 3105, "Hall of Storm Giants": 1307, "Brazen Borrower_SB": 324, "Anger of the Gods_SB": 75, "Prismari Command_SB": 2192, "Omen of the Sea": 2029, "The Meathook Massacre": 2962, "Narset, Parter of Veils": 1947, "Field of Ruin": 1036, "Geier Reach Sanitarium": 1153, "Urborg, Tomb of Yawgmoth": 3220, "Clearwater Pathway": 507, "Hive of the Eye Tyrant": 1407, "Shipwreck Marsh": 2581, "Takenuma, Abandoned Mire": 2888, "Ashiok, Dream Render_SB": 128, "Yorion, Sky Nomad_SB": 3437, "Ashiok, Nightmare Muse_SB": 129, "Extinction Event_SB": 950, "Unlicensed Hearse_SB": 3186, "Ramunap Ruins": 2268, "Blightstep Pathway": 241, "Bloodtithe Harvester": 260, "Blade of the Oni": 226, "Hidetsugu Consumes All_SB": 1394, "Invoke Despair_SB": 1518, "Bishop of Wings": 217, "Righteous Valkyrie": 2376, "Resplendent Marshal": 2348, "Skyclave Apparition": 2637, "Collected Company": 518, "Kayla's Reconstruction": 1583, "Portable Hole": 2177, "Branchloft Pathway": 319, "Cave of the Frost Dragon": 444, "Overgrown Farmland": 2064, "Temple Garden": 2908, "Eiganjo, Seat of the Empire": 847, "Brutal Cathar_SB": 361, "Reidane, God of the Worthy_SB": 2324, "Archon of Absolution_SB": 112, "Shapers' Sanctuary_SB": 2563, "Brave the Elements_SB": 321, "Heroic Intervention_SB": 1383, "Kroxa, Titan of Death's Hunger": 1642, "Foreboding Ruins": 1090, "Invoke Despair": 1517, "Rakdos, Patron of Chaos": 2255, "Kolaghan's Command_SB": 1626, "Haunted Ridge": 1336, "Bonecrusher Giant": 280, "Burning-Tree Emissary": 373, "Chandra, Torch of Defiance": 466, "Collision // Colossus": 526, "Gruul Spellbreaker": 1291, "Kami's Flare": 1570, "Kumano Faces Kakkazan": 1643, "Pelt Collector": 2111, "Voltaic Brawler": 3331, "Zhur-Taa Goblin": 3447, "Bonecrusher Giant_SB": 281, "Chandra, Torch of Defiance_SB": 467, "Cindervines_SB": 491, "Kami's Flare_SB": 1571, "Roiling Vortex_SB": 2411, "Weathered Runestone_SB": 3375, "Sigarda's Aid": 2604, "Colossus Hammer": 531, "Raffine's Informant": 2242, "Sylvan Caryatid": 2872, "Eldritch Evolution": 850, "Overgrown Tomb": 2065, "Mana Confluence": 1794, "Soulflayer": 2695, "Collective Brutality_SB": 520, "Gifted Aetherborn_SB": 1185, "Bloodline Culling_SB": 255, "Deafening Silence_SB": 656, "Portable Hole_SB": 2178, "Grafdigger's Cage_SB": 1256, "Cauldron Familiar": 438, "Claim the Firstborn": 499, "Deadly Dispute": 653, "Mayhem Devil": 1821, "Witch's Oven": 3408, "Claim the Firstborn_SB": 500, "Ob Nixilis, the Adversary_SB": 2008, "Hallowed Fountain": 1309, "Indatha Triome": 1459, "Spara's Headquarters": 2703, "Zagoth Triome": 3441, "Vanishing Verse": 3262, "Leyline of Sanctity_SB": 1686, "Barrier Breach_SB": 184, "Knockout Blow_SB": 1622, "Stormcarved Coast": 2800, "Spikefield Hazard": 2724, "Izzet Charm": 1531, "Prismari Command": 2191, "Go Blank_SB": 1230, "Greasefang, Okiba Boss": 1266, "Parhelion II": 2097, "Shattered Sanctum": 2567, "Faithful Mending": 972, "Skysovereign, Consul Flagship": 2647, "Tainted Indulgence": 2882, "Collective Brutality": 519, "Raffine's Tower": 2243, "Stubborn Denial": 2820, "Dovin's Veto_SB": 770, "Silence_SB": 2606, "Fatal Push_SB": 986, "Vanishing Verse_SB": 3263, "Fetid Pools": 1035, "Yorion, Sky Nomad": 3436, "Breeding Pool": 337, "Linvala, the Preserver": 1710, "Enigmatic Incarnation": 894, "Savai Triome": 2474, "Thought Distortion_SB": 3006, "Archon of Emeria_SB": 114, "Ruric Thar, the Unbowed_SB": 2437, "Experimental Frenzy_SB": 942, "Claim // Fame": 496, "Infuriate": 1468, "Extinction Event": 949, "Castle Locthwain": 431, "Paradoxical Outcome": 2096, "Krenko's Buzzcrusher": 1637, "Furnace Punisher_SB": 1132, "Hearth Elemental_SB": 1354, "Laughing Jasper Flint_SB": 1658, "Arcanis the Omnipotent": 101, "Drag to the Bottom": 777, "Titania's Command_SB": 3064, "Rocky Roads": 2406, "Lumbering Worldwagon_SB": 1752, "Cosmic Rebirth_SB": 579, "Mimeoplasm, Revered One": 1855, "Devouring Sugarmaw": 718, "Amalia Benavides Aguirre_SB": 57, "Elas il-Kor, Sadistic Pilgrim_SB": 849, "Fiendish Panda_SB": 1038, "Knight of Dawn's Light_SB": 1615, "Spin Out_SB": 2725, "Ravine Raider_SB": 2282, "Cindering Cutthroat_SB": 490, "Steampath Charger_SB": 2777, "Risky Shortcut_SB": 2384, "Become Brutes_SB": 202, "Mondrak, Glory Dominus_SB": 1907, "Eddymurk Crab_SB": 841, "Tolarian Terror_SB": 3076, "Drake Hatcher_SB": 795, "Goblin Oriflamme": 1238, "Spectral Interference": 2708, "Ruthless Negotiation_SB": 2445, "Etched Familiar": 925, "Haughty Djinn_SB": 1332, "Outcaster Greenblade": 2056, "Map the Frontier": 1799, "No Witnesses_SB": 1986, "Winter, Cursed Rider": 3401, "Silken Strength": 2609, "Divine Resilience": 755, "Greenhouse // Rickety Gazebo": 1277, "Mirror Room // Fractured Realm": 1867, "Unflinching Courage_SB": 3176, "Khenra Spellspear": 1600, "Radiant Grove": 2239, "Streetwise Negotiator_SB": 2815, "Herd Migration_SB": 1378, "Armored Armadillo_SB": 123, "Gixian Infiltrator_SB": 1202, "Kykar, Zephyr Awakener": 1648, "Realm-Scorcher Hellkite": 2290, "Sentinel of Lost Lore_SB": 2547, "Spyglass Siren_SB": 2747, "Lathril, Blade of the Elves_SB": 1656, "The Huntsman's Redemption_SB": 2955, "Gloryheath Lynx_SB": 1227, "Threefold Thunderhulk_SB": 3031, "Cryptcaller Chariot": 601, "Case of the Locked Hothouse": 421, "Walk-In Closet // Forgotten Cellar": 3349, "Primeval Bounty": 2189, "Commune with Evil": 537, "Thirsting Roots": 2995, "Mindsparker_SB": 1856, "Voracious Greatshark": 3332, "Aloe Alchemist": 54, "Gigantosaurus": 1186, "Llanowar Greenwidow": 1721, "Llanowar Stalker": 1723, "Ghalta, Primal Hunger_SB": 1169, "Gigantosaurus_SB": 1187, "Disenchant": 731, "Captain Howler, Sea Scourge_SB": 406, "Cursed Recording_SB": 617, "Rangers' Refueler": 2269, "Meeting of Minds": 1830, "Steel Hellkite_SB": 2778, "Karn, Living Legacy_SB": 1575, "Grand Entryway && Elegant Rotunda": 1260, "Quaketusk Boar": 2225, "The Stasis Coffin": 2981, "The Everflowing Well": 2950, "Kellan Joins Up": 1589, "Ovika, Enigma Goliath_SB": 2085, "Lukka, Bound to Ruin": 1749, "Bestow Greatness_SB": 208, "Leaping Ambush": 1669, "Raucous Theater_SB": 2280, "Rockface Village_SB": 2405, "Flowstone Infusion_SB": 1085, "Alesha, Who Laughs at Fate_SB": 51, "Stern Lesson": 2782, "Stormkeld Vanguard_SB": 2804, "Progenitor Exarch": 2197, "Feed the Swarm": 1016, "Agatha of the Vile Cauldron": 31, "Moonshaker Cavalry_SB": 1915, "Bramble Familiar_SB": 315, "Annie Joins Up_SB": 84, "Primal Might_SB": 2188, "Detention Chariot": 715, "Push the Limit": 2215, "Gallant Strike": 1139, "Thundering Broodwagon": 3041, "Reckless Handling": 2298, "Ancient Den": 70, "Boros Garrison": 295, "Experimental Synthesizer": 943, "Galvanic Blast": 1140, "Glint Hawk": 1220, "Great Furnace": 1270, "Journey to Nowhere": 1553, "Kor Skyfisher": 1631, "Lembas": 1676, "Makeshift Munitions": 1787, "Relic of Progenitus": 2329, "Rustvale Bridge": 2441, "Thraben Inspector": 3016, "Dust to Dust_SB": 825, "Electrickery_SB": 851, "Prismatic Strands_SB": 2194, "Pyroblast_SB": 2216, "Red Elemental Blast_SB": 2308, "Relic of Progenitus_SB": 2330, "Boomerang": 287, "Brainstorm": 313, "Cryptic Serpent": 605, "Deep Analysis": 668, "Delver of Secrets": 689, "Dragon Wings": 784, "L\u00f3rien Revealed": 1764, "Mental Note": 1837, "Murmuring Mystic": 1935, "Ponder": 2176, "Sleep of the Dead": 2652, "Snow-Covered Island": 2674, "Blue Elemental Blast_SB": 270, "Deem Inferior_SB": 667, "Dispel_SB": 737, "Hydroblast_SB": 1442, "Jace's Phantasm_SB": 1535, "Murmuring Mystic_SB": 1936, "Sleep of the Dead_SB": 2653, "Radiant Fountain": 2238, "Goldmire Bridge": 1244, "Bojuka Bog": 273, "Orzhov Basilica": 2045, "Sunlit Marsh": 2837, "Troll of Khazad-d\u00fbm": 3116, "Eagles of the North": 833, "Dawnbringer Cleric": 640, "Omen of the Dead": 2028, "Cast Down": 429, "Accursed Marauder": 13, "Refurbished Familiar": 2316, "Vault of Whispers": 3264, "Suffocating Fumes": 2823, "Campfire_SB": 396, "Arms of Hadar_SB": 126, "Unmake_SB": 3187, "Accursed Marauder_SB": 14, "Cast Down_SB": 430, "Beckon Apparition_SB": 200, "Thraben Charm_SB": 3015, "Thorn of the Black Rose_SB": 3002, "Arashin Cleric_SB": 97, "Lazav, Wearer of Faces_SB": 1666, "Harmless Offering_SB": 1325, "Return Triumphant": 2369, "Souls of the Lost_SB": 2698, "Wildwood Scourge": 3392, "Slickshot Lockpicker_SB": 2660, "Flashfreeze": 1066, "Cori-Steel Cutter": 566, "Heritage Reclamation": 1379, "Scavenger Regent // Exude Toxin // Scavenger Regent": 2489, "Qarsi Revenant": 2221, "Strategic Betrayal_SB": 2813, "Scavenger Regent // Exude Toxin // Scavenger Regent_SB": 2490, "Mistrise Village": 1878, "Roiling Dragonstorm": 2409, "Marang River Regent": 1800, "Jeskai Revelation_SB": 1544, "Voice of Victory_SB": 3318, "Clarion Conqueror_SB": 504, "Rakshasa's Bargain": 2258, "Fangkeeper's Familiar": 981, "Awaken the Honored Dead_SB": 157, "Heritage Reclamation_SB": 1380, "Interface Ace": 1484, "Sunpearl Kirin": 2838, "Synchronized Charge": 2875, "Magmatic Hellkite_SB": 1778, "Surrak, Elusive Hunter": 2856, "Surrak, Elusive Hunter_SB": 2857, "Elspeth, Storm Slayer": 864, "Rally the Monastery": 2263, "Cori Mountain Monastery": 562, "Dispelling Exhale": 738, "Jeskai Revelation": 1543, "Shiko, Paragon of the Way": 2578, "Herd Heirloom": 1375, "Tersa Lightshatter": 2931, "Desperate Measures": 709, "Rot-Curse Rakshasa": 2416, "Elspeth, Storm Slayer_SB": 865, "United Battlefront": 3185, "Sandsteppe Citadel": 2463, "Skirmish Rhino": 2626, "Sage of the Skies_SB": 2450, "Winternight Stories": 3402, "Auroral Procession": 149, "Opulent Palace": 2039, "Glacial Dragonhunt": 1204, "Tersa Lightshatter_SB": 2932, "Mystic Monastery": 1940, "Stormshriek Feral": 2807, "Stormshriek Feral_SB": 2808, "Wild Ride": 3388, "Kishla Village": 1609, "Restless Vents_SB": 2365, "Cori-Steel Cutter_SB": 567, "Unending Whisper": 3174, "Magmatic Hellkite": 1777, "Sarkhan, Dragon Ascendant": 2471, "Sarkhan, Soul Aflame": 2472, "Static Snare": 2771, "Cooped Up": 556, "Flamehold Grappler": 1062, "Gulping Scraptrap": 1299, "Pit of Offerings": 2154, "Static Snare_SB": 2772, "Kayla's Reconstruction_SB": 1584, "Tempest Hawk": 2907, "Rediscover the Way": 2312, "Frontline Rush": 1117, "Gilded Lotus_SB": 1189, "Fresh Start_SB": 1113, "Dalkovan Encampment": 625, "Frostcliff Siege": 1119, "Duty Beyond Death_SB": 827, "Frontier Bivouac": 1116, "Two-Headed Hunter_SB": 3140, "Songcrafter Mage": 2681, "Death Begets Life_SB": 657, "Bloomvine Regent": 264, "Encroaching Dragonstorm": 876, "Ugin, Eye of the Storms": 3151, "Drakuseth, Maw of Flames": 796, "Breaching Dragonstorm": 328, "Molten Exhale": 1891, "Molten Exhale_SB": 1892, "Awaken the Honored Dead": 156, "Caustic Exhale": 441, "Disruptive Stormbrood": 740, "Teval, Arbiter of Virtue": 2933, "Caustic Exhale_SB": 442, "Fangkeeper's Familiar_SB": 982, "Ugin, Eye of the Storms_SB": 3152, "New Way Forward": 1965, "Dragonologist": 793, "Bulwark Ox_SB": 368, "Mandible Justiciar": 1795, "Temur Tawnyback": 2922, "Eshki Dragonclaw": 913, "Rugged Highlands": 2427, "Spinewoods Paladin_SB": 2728, "Dragon Sniper": 781, "Nature's Rhythm": 1950, "Broken Wings_SB": 353, "Voidwing Hybrid": 3319, "Torpor Orb": 3086, "Mercurial Spelldancer": 1839, "Blightbelly Rat_SB": 240, "Devoted Duelist": 717, "Prowcatcher Specialist_SB": 2205, "Ghitu Lavarunner_SB": 1174, "Fortress Kin-Guard": 1101, "Salt Road Packbeast": 2457, "Inspiring Overseer_SB": 1482, "Salt Road Packbeast_SB": 2458, "Slumbering Keepguard": 2663, "The Princess Takes Flight": 2970, "Great Arashin City": 1268, "Maelstrom of the Spirit Dragon": 1772, "Qarsi Revenant_SB": 2222, "Kishla Skimmer": 1608, "Roar of Endless Song_SB": 2398, "Keldon Strike Team": 1588, "Sidisi, Regent of the Mire": 2602, "Gingerbrute_SB": 1192, "Undergrowth Leopard_SB": 3170, "Scavenger Regent_SB": 2491, "Scavenger Regent": 2488, "Overwhelming Surge_SB": 2084, "Spectral Denial": 2706, "Corroding Dragonstorm": 570, "Sage of the Skies": 2449, "Bleachbone Verge_SB": 238, "Voice of Victory": 3317, "Helga, Skittish Seer": 1358, "Helga, Skittish Seer_SB": 1359, "Rakshasa's Bargain_SB": 2259, "Mistrise Village_SB": 1879, "Case of the Pilfered Proof": 423, "Coordinated Maneuver_SB": 559, "Winternight Stories_SB": 3403, "Craterhoof Behemoth": 588, "Craterhoof Behemoth_SB": 589, "Descendant of Storms": 703, "Severance Priest": 2558, "Yathan Roadwatcher": 3432, "Animist's Might": 78, "Flourishing Bloom-Kin": 1080, "Seedglaive Mentor": 2537, "Stadium Headliner": 2753, "Behind the Mask": 204, "Marang River Regent_SB": 1801, "Don't Make a Sound_SB": 762, "Channeled Dragonfire": 470, "New Way Forward_SB": 1966, "Rotisserie Elemental_SB": 2418, "Twists and Turns_SB": 3136, "Simulacrum Synthesizer_SB": 2617, "Sagu Wildling": 2451, "Desperate Measures_SB": 710, "Muldrotha, the Gravetide_SB": 1929, "Sinkhole Surveyor": 2619, "Dragonback Assault": 786, "Rediscover the Way_SB": 2313, "Ringing Strike Mastery_SB": 2378, "Tinybones, Bauble Burglar_SB": 3057, "Disruptive Stormbrood_SB": 741, "Glacierwood Siege": 1206, "Roiling Dragonstorm_SB": 2410, "Fleeting Effigy": 1068, "Ureni, the Song Unending": 3221, "Shiko, Paragon of the Way_SB": 2579, "Ureni, the Song Unending_SB": 3222, "Spectral Denial_SB": 2707, "Dispelling Exhale_SB": 739, "Twinmaw Stormbrood": 3131, "Dalkovan Packbeasts": 626, "Skullcap Snail": 2634, "Harried Spearguard": 1326, "Toxin Analysis_SB": 3091, "Dire Flail": 726, "Mardu Devotee": 1805, "Warren Warleader_SB": 3364, "Toby, Beastie Befriender_SB": 3071, "Mardu Devotee_SB": 1806, "Resolute Reinforcements_SB": 2345, "Mardu Siegebreaker": 1807, "Overwhelming Surge": 2083, "Stern Lesson_SB": 2783, "Coordinated Maneuver": 558, "Triumphant Chomp_SB": 3115, "Rampaging Raptor_SB": 2266, "Earthshaker Dreadmaw_SB": 835, "Temur Battlecrier": 2921, "Strategic Betrayal": 2812, "Kheru Goldkeeper": 1601, "Ambling Stormshell": 58, "Bedrock Tortoise": 203, "Dinotomaton": 725, "Dragon Whelp": 783, "Dragonlord's Servant": 791, "Firespitter Whelp": 1058, "Kolaghan Warmonger": 1625, "Mox Jasper": 1924, "Shivan Dragon": 2583, "Viashino Branchrider_SB": 3288, "Firebrand Archer_SB": 1054, "Twin Bolt_SB": 3126, "Rumbling Rockslide_SB": 2430, "Skyraker Giant_SB": 2643, "Breaching Dragonstorm_SB": 329, "Drakuseth, Maw of Flames_SB": 797, "Ticket Booth // Tunnel of Hate_SB": 3048, "Channeled Dragonfire_SB": 471, "All-Out Assault": 53, "Inevitable Defeat": 1461, "Neriv, Heart of the Storm": 1957, "Zurgo, Thunder's Decree": 3463, "Inevitable Defeat_SB": 1462, "Thunder of Unity_SB": 3040, "Windcrag Siege_SB": 3398, "Zurgo's Vanguard": 3462, "Duty Beyond Death": 826, "Ainok Wayfarer": 38, "Rabid Bite": 2233, "Polliwallop": 2170, "Felothar, Dawn of the Abzan": 1029, "Oracle of Tragedy_SB": 2041, "Corroding Dragonstorm_SB": 571, "Floriferous Vinewall": 1078, "Bovine Intervention_SB": 308, "Combat Courier": 532, "Twitching Doll_SB": 3138, "Under the Skin_SB": 3163, "Skyserpent Seeker_SB": 2646, "Break the Spell": 333, "Treacherous Greed": 3104, "Intrepid Stablemaster": 1496, "Guardian Sunmare": 1293, "Itzquinth, Firstborn of Gishath_SB": 1526, "Commune with Nature": 538, "Coordinated Clobbering": 557, "Take the Fall_SB": 2887, "Serum Snare_SB": 2554, "Infectious Bite_SB": 1464, "Elusive Otter_SB": 868, "Hurkyl, Master Wizard_SB": 1438, "Stasis Snare_SB": 2769, "Seal from Existence_SB": 2518, "Abyssal Harvester_SB": 11, "Clarion Conquerer_SB": 502, "Runescale Stormbrood": 2436, "Stasis Snare": 2768, "Moment of Truth_SB": 1898, "Helping Hand_SB": 1368, "Adarkar Wastes_SB": 20, "Floodfarm Verge_SB": 1075, "Meticulous Archive_SB": 1843, "Seachrome Coast_SB": 2516, "Mondrak, Glory Dominus": 1906, "Kraul Whipcracker": 1634, "Tomb Trawler": 3079, "Take Out the Trash_SB": 2884, "Convenient Target_SB": 555, "Kickoff Celebrations": 1602, "Nullpriest of Oblivion_SB": 2000, "Lord Skitter's Blessing": 1741, "Ayli, Eternal Pilgrim_SB": 163, "Stoic Sphinx": 2793, "Watcher of the Wayside": 3367, "Twinmaw Stormbrood_SB": 3132, "Confounding Riddle_SB": 544, "Glacial Dragonhunt_SB": 1205, "Combat Thresher": 534, "Windcrag Siege": 3397, "The Ancient One": 2939, "Nomad Outpost": 1987, "Sonic Shrieker": 2683, "Curator of Destinies_SB": 615, "The Sibsig Ceremony": 2976, "Purging Stormbrood_SB": 2212, "Glarb, Calamity's Augur_SB": 1208, "Heliod, the Radiant Dawn_SB": 1361, "Ghostly Dancers_SB": 1178, "Pyrrhic Blast": 2220, "Melek, Reforged Researcher": 1831, "Herd Heirloom_SB": 1376, "Vampiric Rites_SB": 3260, "Fear of Lost Teeth_SB": 1003, "Bloodghast_SB": 252, "Vampire Gourmand_SB": 3255, "Taurean Mauler": 2898, "Anafenza, Unyielding Lineage": 64, "Clay Champion": 505, "Nesting Bot_SB": 1960, "Restricted Office // Lecture Hall_SB": 2368, "Dragonfire Blade": 788, "Monastery Messenger": 1903, "Shocking Sharpshooter": 2589, "Clarion Conqueror // Clarion Conqueror_SB": 503, "Phyrexian Censor": 2130, "Terror of the Peaks_SB": 2930, "Calamity, Galloping Inferno_SB": 391, "Fires of Victory_SB": 1057, "Bovine Intervention": 307, "Riling Dawnbreaker": 2377, "Warden of the Grove": 3355, "Brineborn Cutthroat": 342, "Invasion of Ikoria": 1505, "Branch of Vitu-Ghazi": 317, "Dragon Sniper_SB": 782, "Revenge of the Rats": 2372, "Rise of the Varmints": 2383, "Undergrowth Leopard": 3169, "Grasping Longneck_SB": 1264, "Watcher of the Wayside_SB": 3368, "Shock Brigade": 2586, "Ratcatcher Trainee": 2275, "Deadly Riposte": 654, "Derelict Attic // Widow's Walk_SB": 702, "Reigning Victor": 2325, "Worthy Cost": 3419, "Bone-Cairn Butcher": 278, "Salt Road Skirmish": 2459, "Starry-Eyed Skyrider": 2764, "Dirgur Island Dragon": 728, "Aatchik, Emerald Radian": 0, "Thrashing Brontodon": 3020, "Yarus, Roar of the Old Gods": 3431, "Sinkhole Surveyor_SB": 2620, "Thunder of Unity": 3039, "Frontline Rush_SB": 1118, "Dalkovan Packbeasts_SB": 627, "Descendant of Storms_SB": 704, "Worthy Cost_SB": 3420, "War Effort_SB": 3352, "Shocking Sharpshooter_SB": 2590, "Unyielding Gatekeeper_SB": 3208, "Unscrupulous Contractor": 3193, "Gearbane Orangutan_SB": 1152, "Osseous Exhale": 2047, "Narset, Jeskai Waymaster": 1946, "Frostcliff Siege_SB": 1120, "Return Triumphant_SB": 2370, "Spring Splasher": 2743, "Norn's Wellspring": 1991, "Case of the Uneaten Feast_SB": 428, "Blue Sun's Twilight": 271, "Servant of the Stinger_SB": 2556, "Three Blind Mice_SB": 3024, "Bloodfeather Phoenix_SB": 249, "Annihilating Glare_SB": 86, "Lasyd Prowler": 1654, "Feral Encounter_SB": 1030, "Nature's Rhythm_SB": 1951, "Synchronized Charge_SB": 2876, "Viral Spawning_SB": 3298, "Ob Nixilis, Captive Kingpin": 2007, "All Will Be One": 52, "Encroaching Mycosynth": 877, "Krenko, Baron of Tin Street": 1639, "Ice Out": 1443, "Crime Novelist": 594, "Breeches, Eager Pillager_SB": 336, "Convenient Target": 554, "Niv-Mizzet, Supreme_SB": 1980, "Perennation_SB": 2112, "Timeless Lotus": 3051, "Phyrexian Vindicator_SB": 2140, "Urabrask_SB": 3214, "Grafted Butcher": 1257, "Voidwing Hybrid_SB": 3320, "Kiora, Sovereign of the Deep_SB": 1605, "Kalastria Highborn": 1566, "Cori Mountain Monastery_SB": 563, "Ertai's Scorn": 910, "Eshki Dragonclaw_SB": 914, "Songcrafter Mage_SB": 2682, "Bulk Up_SB": 366, "Eluge, the Shoreless Sea": 866, "Finale of Revelation": 1050, "Eliminate the Impossible": 860, "Eliminate the Impossible_SB": 861, "Finale of Revelation_SB": 1051, "Cat Collector_SB": 433, "Izoni, Center of the Web_SB": 1530, "Hazoret, Godseeker_SB": 1343, "Spelunking_SB": 2720, "Smile at Death": 2666, "Osteomancer Adept_SB": 2052, "Peer Past the Veil_SB": 2108, "Campus Guide_SB": 397, "Liberator, Urza's Battlethopter": 1691, "Racers' Scoreboard": 2237, "Rot-Curse Rakshasa_SB": 2417, "Markov Baron": 1812, "Pulse Tracker": 2210, "Misery's Shadow_SB": 1871, "Redcap Gutter-Dweller_SB": 2310, "Dragon's Prey": 785, "Defibrillating Current": 680, "Alesha's Legacy": 49, "Emerge from the Cocoon": 873, "Midnight Mayhem": 1850, "Bone-Cairn Butcher_SB": 279, "Cori Mountain Stalwart_SB": 565, "Marshal of the Lost_SB": 1815, "Shock Brigade_SB": 2587, "Neriv, Heart of the Storm_SB": 1958, "Poised Practitioner_SB": 2166, "Filter Out": 1043, "Hero's Downfall": 1381, "Desecration Demon_SB": 706, "Whiskervale Forerunner": 3382, "Lost in the Maze": 1746, "Cori Mountain Stalwart": 564, "Underground River_SB": 3168, "Gloomlake Verge_SB": 1225, "Darkslick Shores_SB": 633, "Aggressive Sabotage_SB": 34, "Disdainful Stroke": 729, "Out Cold_SB": 2054, "Magmakin Artillerist": 1776, "Flood the Engine_SB": 1072, "Veloheart Bike": 3270, "Migloz, Maze Crusher": 1853, "Dragonhawk, Fate's Tempest_SB": 790, "Swiftblade Vindicator": 2861, "Hidetsugu and Kairi_SB": 1396, "Colossification_SB": 530, "Rite of Renewal": 2385, "Staff of Compleation": 2755, "Betor, Kin to All": 209, "Danitha, New Benalia's Light": 629, "Danitha, New Benalia's Light_SB": 630, "Walk-In Closet // Forgotten Cellar_SB": 3350, "Abzan Devotee": 12, "Gixian Puppeteer": 1203, "Oltec Matterweaver": 2026, "Disturbing Mirth_SB": 750, "Encroaching Mycosynth_SB": 878, "Mortify_SB": 1917, "Stadium Headliner_SB": 2754, "Draconautics Engineer_SB": 774, "Bandit's Haul": 174, "Bumbleflower's Sharepot": 369, "Volt Charge": 3329, "Great Arashin City_SB": 1269, "Underground Mortuary_SB": 3166, "Purging Stormbrood": 2211, "Piercing Exhale": 2145, "Wind-Scarred Crag": 3396, "Jeskai Devotee": 1542, "Kin-Tree Nurturer": 1603, "Nightblade Brigade": 1972, "Stormplain Detainment": 2805, "Marshal of the Lost": 1814, "Sunset Strikemaster": 2839, "Seize Opportunity": 2540, "Dragonback Lancer": 787, "Venerated Stormsinger": 3273, "Elesh Norn": 856, "Slickshot Lockpicker": 2659, "Invasion of Arcavios_SB": 1500, "Zur, Eternal Schemer_SB": 3459, "Portal to Phyrexia_SB": 2180, "Tarrian's Journal_SB": 2895, "Youthful Valkyrie_SB": 3440, "Battlefield Forge_SB": 195, "Stormscale Scion": 2806, "Dracogenesis": 772, "Tempest Hart": 2906, "Lightshield Parry": 1702, "Lightfoot Technique": 1695, "Battle-Rage Blessing": 193, "Gnawing Crescendo": 1228, "Outlaws' Fury": 2059, "Ashnod's Intervention_SB": 133, "Distorted Curiosity_SB": 745, "Lazav, Familiar Stranger": 1664, "Stormsplitter_SB": 2810, "Samut, Vizier of Naktamun_SB": 2461, "Vengeful Bloodwitch_SB": 3275, "Rith, Liberated Primeval": 2389, "Meticulous Excavation": 1844, "Cacophony Scamp_SB": 384, "Lazav, Familiar Stranger_SB": 1665, "Cactusfolk Sureshot": 386, "Djeru and Hazoret": 757, "Naga Fleshcrafter_SB": 1943, "Sagu Wildling_SB": 2452, "Host of the Hereafter_SB": 1425, "Bloomvine Regent_SB": 265, "Stillness in Motion_SB": 2786, "Stalwart Successor_SB": 2761, "Defossilize_SB": 687, "Valgavoth's Faithful_SB": 3234, "Naga Fleshcrafter": 1942, "Avenger of the Fallen_SB": 155, "Bloodthirsty Conqueror_SB": 258, "Brightglass Gearhulk_SB": 341, "Valley Flamecaller_SB": 3243, "Karn's Sylex": 1572, "Intimidation Campaign_SB": 1487, "Electroduplicate": 852, "Yathan Roadwatcher_SB": 3433, "Severance Priest_SB": 2559}}