{"vocabulary": {"Archangel Elspeth": 106, "Beza, the Bounding Spring": 222, "Caretaker's Talent": 420, "Carrot Cake": 424, "Enduring Innocence": 898, "Fountainport": 1125, "Get Lost": 1179, "Lay Down Arms": 1691, "Overlord of the Mistmoors": 2112, "Plains": 2195, "Soul Partition": 2734, "Sunfall": 2893, "Sunken Citadel": 2896, "Virtue of Loyalty": 3369, "Authority of the Consuls_SB": 158, "Beza, the Bounding Spring_SB": 223, "Elspeth's Smite_SB": 876, "Exorcise_SB": 952, "Realmbreaker, the Invasion Tree_SB": 2330, "Rest in Peace_SB": 2389, "Split Up_SB": 2786, "Brushland": 370, "Collector's Cage": 534, "Forest": 1113, "Hushwood Verge": 1459, "Llanowar Elves": 1751, "Mirrex": 1899, "Pawpatch Recruit": 2141, "Razorverge Thicket": 2324, "Restless Prairie": 2396, "Sandstorm Salvager": 2507, "Sanguine Evangelist": 2508, "Sheltered by Ghosts": 2615, "Skyknight Squire": 2689, "Toby, Beastie Befriender": 3136, "Aven Interrupter_SB": 161, "Destroy Evil_SB": 727, "Devout Decree_SB": 734, "Invasion of Gobakhan_SB": 1525, "Tranquil Frillback_SB": 3163, "Barbed Batterfist": 191, "Burst Lightning": 387, "Copperline Gorge": 573, "Emberheart Challenger": 885, "Heartfire Hero": 1369, "Karplusan Forest": 1601, "Manifold Mouse": 1831, "Monastery Swiftspear": 1937, "Monstrous Rage": 1943, "Mountain": 1955, "Questing Druid": 2263, "Restless Ridgeline": 2399, "Rockface Village": 2444, "Scorching Dragonfire": 2538, "Screaming Nemesis": 2550, "Thornspire Verge": 3067, "Torch the Tower": 3147, "Witchstalker Frenzy": 3475, "Fiery Annihilation_SB": 1058, "Lithomantic Barrage_SB": 1746, "Pawpatch Formation_SB": 2140, "Pick Your Poison_SB": 2180, "Pyroclasm_SB": 2255, "Questing Druid_SB": 2264, "Sentinel of the Nameless City_SB": 2592, "Torch the Tower_SB": 3148, "Hired Claw": 1425, "Innkeeper's Talent": 1491, "Snakeskin Veil": 2718, "Scorching Shot_SB": 2541, "Adarkar Wastes": 18, "Battlefield Forge": 204, "Gleeful Demolition": 1236, "Imodane's Recruiter": 1472, "Inspiring Vantage": 1504, "Knight-Errant of Eos": 1648, "Mockingbird": 1917, "Novice Inspector": 2029, "Regal Bunnicorn": 2356, "Resolute Reinforcements": 2383, "Seachrome Coast": 2557, "Shivan Reef": 2630, "Spirebluff Canal": 2779, "Spyglass Siren": 2794, "Warden of the Inner Sky": 3425, "Disdainful Stroke_SB": 745, "Protect the Negotiators_SB": 2241, "Urabrask's Forge_SB": 3282, "Anoint with Affliction": 92, "Blooming Marsh": 272, "Blot Out": 277, "Cut Down": 634, "Gix's Command": 1217, "Glissa Sunslayer": 1241, "Go for the Throat": 1251, "Llanowar Wastes": 1756, "Maelstrom Pulse": 1803, "Mosswood Dreadknight": 1953, "Preacher of the Schism": 2221, "Restless Cottage": 2394, "Scavenging Ooze": 2535, "Sheoldred, the Apocalypse": 2620, "Soulstone Sanctuary": 2747, "Swamp": 2919, "Tear Asunder": 2960, "The End": 3007, "Thrun, Breaker of Silence": 3101, "Blot Out_SB": 278, "Cut Down_SB": 635, "Duress_SB": 832, "Harvester of Misery_SB": 1350, "Nissa, Ascended Animist_SB": 2010, "Nowhere to Run_SB": 2031, "The End_SB": 3008, "Analyze the Pollen": 67, "Botanical Sanctum": 309, "Bushwhack": 389, "Enduring Vitality": 902, "Fabled Passage": 975, "Hedge Maze": 1377, "Invasion of Ixalan": 1527, "Island": 1545, "Roaring Furnace && Steaming Sauna": 2439, "Song of Totentanz": 2727, "Stormchaser's Talent": 2852, "This Town Ain't Big Enough": 3061, "Thundertrap Trainer": 3111, "Up the Beanstalk": 3278, "Valley Floodcaller": 3312, "Yavimaya Coast": 3501, "Aegis Turtle_SB": 25, "Dreamdew Entrancer_SB": 818, "Ghost Vacuum_SB": 1195, "Negate_SB": 1987, "Scorching Dragonfire_SB": 2539, "Unable to Scream_SB": 3224, "Case of the Gateway Express": 429, "Clockwork Percussionist": 520, "Sheltered by Ghosts_SB": 2616, "Aclazotz, Deepest Betrayal": 14, "Disfigure": 748, "Duress": 831, "Harvester of Misery": 1349, "Nowhere to Run": 2030, "Sentinel of the Nameless City": 2591, "Underground Mortuary": 3234, "Choking Miasma_SB": 494, "Liliana of the Veil_SB": 1737, "Tear Asunder_SB": 2961, "Darkslick Shores": 648, "Enduring Curiosity": 896, "Faerie Mastermind": 985, "Floodpits Drowner": 1095, "Gloomlake Verge": 1244, "Kaito, Bane of Nightmares": 1585, "Restless Reef": 2397, "Spell Stutter": 2762, "Tishana's Tidebinder": 3127, "Underground River": 3236, "Anoint with Affliction_SB": 93, "Disfigure_SB": 749, "Neutralize the Guards_SB": 1997, "Preacher of the Schism_SB": 2222, "Sheoldred, the Apocalypse_SB": 2621, "Tishana's Tidebinder_SB": 3128, "Floodfarm Verge": 1093, "Shardmage's Rescue": 2610, "Steel Seraph": 2829, "Loran of the Third Path_SB": 1770, "No More Lies_SB": 2015, "Phyrexian Censor_SB": 2168, "Werefox Bodyguard_SB": 3447, "Faebloom Trick": 980, "Faerie Dreamthief": 982, "Faerie Fencing": 983, "Sheoldred's Edict": 2618, "Dreams of Steel and Oil_SB": 820, "Go for the Throat_SB": 1252, "Halo Forager_SB": 1331, "Kaito, Bane of Nightmares_SB": 1586, "Authority of the Consuls": 157, "Day of Judgment": 658, "Demolition Field": 706, "Meticulous Archive": 1877, "Jace, the Perfected Mind_SB": 1559, "Serra Paragon_SB": 2597, "Flowerfoot Swordmaster": 1102, "Lightning Helix": 1727, "Mabel, Heir to Cragflame": 1799, "Raucous Carnival": 2314, "Restless Bivouac": 2392, "Mabel, Heir to Cragflame_SB": 1800, "Screaming Nemesis_SB": 2551, "Witchstalker Frenzy_SB": 3476, "Soul Partition_SB": 2735, "Parting Gust": 2135, "The Stone Brain_SB": 3047, "Obliterating Bolt": 2042, "Sunspine Lynx_SB": 2902, "Shock": 2631, "Cavern of Souls": 455, "Herd Migration": 1397, "Leyline Binding": 1711, "Lush Portico": 1794, "Overlord of the Floodpits": 2108, "Overlord of the Hauntwoods": 2110, "Scrollshift": 2552, "Shadowy Backstreet": 2607, "Temporary Lockdown": 2980, "Zur, Eternal Schemer": 3532, "Doppelgang_SB": 781, "Tectonic Hazard_SB": 2963, "Restless Anchorage": 2390, "Aclazotz, Deepest Betrayal_SB": 15, "Gix's Command_SB": 1218, "Kaito, Cunning Infiltrator_SB": 1588, "Azure Beastbinder_SB": 174, "Malicious Eclipse_SB": 1827, "Blackcleave Cliffs": 235, "Blazemire Verge": 243, "Deadly Cover-Up": 666, "Overlord of the Boilerbilges": 2106, "Pillage the Bog": 2188, "Vivien Reid": 3379, "Outrageous Robbery_SB": 2098, "Tranquil Frillback": 3162, "Unholy Annex && Ritual Chamber": 3246, "Mazemind Tome_SB": 1860, "Thrun, Breaker of Silence_SB": 3102, "Unholy Annex && Ritual Chamber_SB": 3247, "Lightning Strike": 1729, "Mishra's Foundry": 1908, "Obliterating Bolt_SB": 2043, "Twisted Fealty_SB": 3202, "Sword of Once and Future_SB": 2930, "Three Steps Ahead_SB": 3091, "Deduce": 680, "Get Out": 1181, "Jace, the Perfected Mind": 1558, "Quick Study": 2266, "Think Twice": 3056, "Three Steps Ahead": 3090, "Undercity Sewers": 3233, "Chrome Host Seedshark_SB": 496, "Doomsday Excruciator": 777, "Malicious Eclipse": 1826, "Phantom Interference": 2159, "Faerie Mastermind_SB": 986, "Elspeth's Smite": 875, "Split Up": 2785, "Elenda, Saint of Dusk_SB": 868, "Temporary Lockdown_SB": 2981, "Vivien Reid_SB": 3380, "Ertai Resurrected": 922, "Sheoldred's Edict_SB": 2619, "Boros Charm": 302, "Case of the Crimson Pulse_SB": 427, "Dewdrop Cure_SB": 736, "Season of the Burrow": 2571, "Seized from Slumber": 2585, "Boon-Bringer Valkyrie_SB": 300, "Lyra Dawnbringer_SB": 1796, "Regal Caracal_SB": 2359, "Deep-Cavern Bat": 684, "Glistening Deluge_SB": 1243, "Saiba Cryptomancer": 2499, "Bitter Reunion": 230, "Pawpatch Formation": 2139, "Tarnation Vista": 2954, "Dissection Tools_SB": 758, "Floodpits Drowner_SB": 1096, "Roxanne, Starfall Savant_SB": 2464, "Up the Beanstalk_SB": 3279, "Elesh Norn, Mother of Machines_SB": 871, "Joust Through_SB": 1579, "Kaya, Intangible Slayer_SB": 1605, "Render Inert_SB": 2372, "Withering Torment_SB": 3478, "Caves of Koilos": 458, "Concealed Courtyard": 551, "Fear of Isolation": 1015, "Hopeless Nightmare": 1440, "Nurturing Pixie": 2034, "Optimistic Scavenger": 2072, "Tinybones Joins Up": 3120, "Ethereal Armor_SB": 942, "Tithing Blade_SB": 3134, "Faebloom Trick_SB": 981, "Clay-Fired Bricks": 516, "Elegant Parlor": 866, "Mazemind Tome": 1859, "Lightning Helix_SB": 1728, "Virtue of Persistence": 3371, "Skrelv, Defector Mite": 2677, "Shrouded Shepherd_SB": 2646, "Knight of Grace_SB": 1647, "Ballyrush Banneret": 178, "Fortified Beachhead": 1119, "Harbin, Vanguard Aviator": 1336, "Protect the Negotiators": 2240, "Recruitment Officer": 2343, "Skystrike Officer": 2695, "Three Tree City": 3092, "Valiant Veteran": 3309, "Zephyr Sentinel": 3517, "Enduring Curiosity_SB": 897, "Into the Flood Maw_SB": 1512, "Kutzil's Flanker_SB": 1673, "Myrel, Shield of Argive_SB": 1971, "Raise the Past_SB": 2288, "Siege Veteran_SB": 2650, "Steel Seraph_SB": 2830, "Cacophony Scamp": 393, "Callous Sell-Sword": 405, "Leyline of Resonance": 1713, "Might of the Meek": 1886, "Overprotect": 2114, "Slickshot Show-Off": 2709, "Turn Inside Out": 3191, "Snakeskin Veil_SB": 2719, "Scorching Shot": 2540, "Jaya, Fiery Negotiator_SB": 1563, "Soulstone Sanctuary_SB": 2748, "Kitesail Larcenist": 1638, "Warleader's Call": 3429, "Ancient Cornucopia": 71, "Atraxa, Grand Unifier": 151, "Unidentified Hovership": 3250, "Cruelclaw's Heist_SB": 611, "Maelstrom Pulse_SB": 1804, "Zoetic Glyph_SB": 3525, "Essence Scatter": 933, "Essence Scatter_SB": 934, "Cache Grab": 391, "Eddymurk Crab": 853, "Rona's Vortex": 2452, "Seed of Hope": 2578, "Sleight of Hand": 2703, "Tolarian Terror": 3141, "Unsummon": 3270, "Ephara's Dispersal_SB": 916, "Stoic Sphinx_SB": 2844, "Swamp_SB": 2920, "Caustic Bronco": 449, "Day of Judgment_SB": 659, "Cryptic Coat_SB": 618, "Not on My Watch": 2027, "Season of the Burrow_SB": 2572, "Get Lost_SB": 1180, "Not on My Watch_SB": 2028, "Opt": 2070, "Herbology Instructor_SB": 1394, "Minor Misstep_SB": 1895, "Entity Tracker": 913, "Ethereal Armor": 941, "Fae Flight": 978, "Gremlin Tamer": 1299, "Inquisitive Glimmer": 1494, "Silent Hallcreeper": 2654, "Crystal Barricade_SB": 622, "Case of the Filched Falcon": 428, "Dusk Rose Reliquary": 834, "No More Lies": 2014, "Subterranean Schooner": 2870, "Zoetic Glyph": 3524, "Glass Casket_SB": 1230, "Surge of Salvation_SB": 2909, "Demonic Ruckus": 714, "Valorous Stance_SB": 3321, "Vren, the Relentless": 3413, "Sulfurous Springs": 2875, "The Eternal Wanderer_SB": 3011, "Archfiend of the Dross": 114, "Chimil, the Inner Sun": 490, "Ezrim, Agency Chief": 971, "Karn, Living Legacy": 1599, "Metropolis Reformer": 1881, "Urza's Sylex_SB": 3298, "Keen-Eyed Curator_SB": 1611, "The Swarmweaver_SB": 3050, "Stab": 2800, "Pawpatch Recruit_SB": 2142, "Stab_SB": 2801, "Warleader's Call_SB": 3430, "Scavenging Ooze_SB": 2536, "Innkeeper's Talent_SB": 1492, "Wrenn and Realmbreaker_SB": 3491, "Altanak, the Thrice-Called": 56, "Break Out": 340, "Fear of Missing Out": 1019, "Hard-Hitting Question": 1341, "Keen-Eyed Curator": 1610, "Omnivorous Flytrap": 2065, "Patchwork Beastie": 2138, "Rubblebelt Maverick": 2467, "Say Its Name": 2520, "Violent Urge": 3362, "Wildfire Wickerfolk": 3457, "Wrenn and Realmbreaker": 3490, "Haywire Mite_SB": 1360, "Soul-Guide Lantern_SB": 2740, "Kellan, Planar Trailblazer": 1620, "Spellbook Vendor": 2764, "Overlord of the Mistmoors_SB": 2113, "Spiteful Hexmage": 2781, "Pest Control_SB": 2156, "Monastery Mentor_SB": 1935, "Painter's Studio && Defaced Gallery": 2127, "Yotian Frontliner": 3506, "Painter's Studio && Defaced Gallery_SB": 2128, "Ajani, Caller of the Pride_SB": 43, "Dreams of Steel and Oil": 819, "Tinybones, the Pickpocket": 3124, "Abrade_SB": 5, "Blue Sun's Twilight_SB": 281, "Volcanic Spite_SB": 3392, "Gix, Yawgmoth Praetor": 1219, "Jace Reawakened": 1555, "Unsummon_SB": 3271, "Kellan, Daring Traveler": 1617, "Caretaker's Talent_SB": 421, "Bottomless Pool && Locker Room": 310, "Abhorrent Oculus": 2, "Chart a Course": 486, "Founding the Third Path": 1122, "Haughty Djinn": 1352, "Helping Hand": 1388, "Moment of Truth": 1930, "Monastery Mentor": 1934, "Picklock Prankster": 2181, "Recommission": 2341, "Disturbing Mirth": 764, "Final Vengeance": 1065, "Greedy Freebooter": 1294, "Overlord of the Balemurk": 2104, "Scavenger's Talent": 2534, "Souls of the Lost": 2745, "Stalactite Stalker": 2805, "Bandit's Talent_SB": 185, "Case of the Stashed Skeleton_SB": 436, "Rottenmouth Viper_SB": 2461, "Kiora, the Rising Tide": 1634, "Negate": 1986, "Take Up the Shield_SB": 2946, "Cryptic Coat": 617, "Decadent Dragon": 678, "Krenko's Buzzcrusher_SB": 1666, "Spell Stutter_SB": 2763, "Ral, Crackling Wit_SB": 2299, "Breach the Multiverse_SB": 336, "Burst Lightning_SB": 388, "Dollmaker's Shop && Porcelain Gallery": 773, "Skrelv's Hive_SB": 2676, "Sorcerous Spyglass_SB": 2733, "Tyrranax Rex_SB": 3211, "Cruelclaw's Heist": 610, "Outrageous Robbery": 2097, "Caustic Bronco_SB": 450, "Break the Spell_SB": 343, "Get Out_SB": 1182, "Migloz, Maze Crusher_SB": 1889, "Aetherize_SB": 30, "Rite of the Moth": 2428, "Valgavoth, Terror Eater": 3307, "Virtue of Persistence_SB": 3372, "Torch the Witness_SB": 3150, "Shoot the Sheriff": 2637, "Venerated Rotpriest": 3339, "Branchblight Stalker": 327, "Ichorspit Basilisk": 1466, "Maze's Mantle": 1858, "Viral Spawning": 3364, "Plague Nurse": 2194, "Venomous Brutalizer": 3347, "Tyrranax Atrocity": 3209, "Goliath Hatchery": 1269, "Paladin of Predation": 2131, "Tyrranax Rex": 3210, "Serum Snare": 2598, "Tainted Observer": 2944, "Experimental Augury": 956, "Thrummingbird": 3100, "Mesmerizing Dose": 1875, "Reject Imperfection": 2363, "Gitaxian Anatomist": 1214, "Vivisurgeon's Insight": 3381, "Basilisk Collar": 198, "Leyline Axe": 1710, "Nissa, Ascended Animist": 2009, "Lakeside Shack": 1680, "Lush Oasis": 1793, "Restless Vinestalk": 2405, "Simic Guildgate": 2662, "Tangled Islet": 2953, "Temple of Mystery": 2976, "Thornwood Falls": 3069, "Meat Locker // Drowned Diner": 1861, "Witch's Mark": 3473, "Roaring Furnace // Steaming Sauna": 2441, "Kitsa, Otterball Elite": 1641, "Hollow Marauder": 1430, "Huskburster Swarm": 1460, "Gnawing Vermin": 1249, "Blanchwood Prowler": 238, "Urborg Lhurgoyf": 3284, "Hidden Grotto": 1409, "Feed the Cycle": 1029, "Season of Loss": 2567, "Overwhelming Remorse": 2118, "Fanatical Firebrand": 994, "Fugitive Codebreaker": 1142, "Rundvelt Hordemaster": 2475, "Searslicer Goblin": 2563, "Breeches, Eager Pillager": 344, "Squee, Dubious Monarch": 2797, "Enduring Courage": 894, "Krenko, Mob Boss": 1668, "Leyline of the Void_SB": 1719, "Unholy Annex // Ritual Chamber": 3248, "Deadly Cover-Up_SB": 667, "Giada, Font of Hope": 1198, "Archangel of Tithes": 108, "Boon-Bringer Valkyrie": 299, "Resplendent Angel": 2385, "Lyra Dawnbringer": 1795, "Sigarda, Font of Blessings": 2652, "Angelic Intervention": 77, "Exemplar of Light": 949, "Loran's Escape": 1771, "Youthful Valkyrie": 3507, "Herald of Eternal Dawn_SB": 1391, "Vraska, Betrayal's Sting": 3410, "Braids, Arisen Nightmare": 320, "Rottenmouth Viper": 2460, "Urabrask's Forge": 3281, "Blood Spatter Analysis": 256, "Tatyova, Steward of Tides": 2958, "Awaken the Woods": 166, "Titania's Command": 3129, "Joint Exploration": 1575, "Kellan, Inquisitive Prodigy": 1618, "Rampaging Baloths": 2301, "Invasion of Zendikar": 1537, "Blast Zone": 241, "Portal to Phyrexia": 2216, "Omenpath Journey": 2063, "Clifftop Lookout": 518, "Heaped Harvest": 1368, "Bonny Pall, Clearcutter": 293, "Poison Dart Frog": 2204, "Mossborn Hydra": 1951, "Doubling Season": 782, "Unable to Scream": 3223, "Elesh Norn, Mother of Machines": 870, "Change the Equation_SB": 479, "Vren, the Relentless_SB": 3414, "Brotherhood's End_SB": 368, "Long Goodbye": 1760, "Liliana of the Veil": 1736, "Liliana, Dreadhorde General": 1738, "The Eternal Wanderer": 3010, "Teferi, Temporal Pilgrim": 2965, "Rona's Vortex_SB": 2453, "White Sun's Twilight_SB": 3453, "Bitter Triumph": 232, "Smuggler's Surprise": 2716, "Vaultborn Tyrant": 3333, "Zombify": 3526, "Silverback Elder_SB": 2659, "Glissa Sunslayer_SB": 1242, "Builder's Talent": 373, "Archangel Elspeth_SB": 107, "Demonic Pact": 712, "Harmless Offering": 1345, "Beseech the Mirror": 216, "Case of the Stashed Skeleton": 435, "Brotherhood's End": 367, "Raucous Theater": 2316, "Final Vengeance_SB": 1066, "Liliana, Dreadhorde General_SB": 1739, "Roaring Furnace // Steaming Sauna_SB": 2442, "The Witch's Vanity": 3054, "Greed's Gambit": 1293, "Valgavoth's Lair": 3304, "Requisition Raid_SB": 2380, "Under the Skin": 3231, "Seraphic Steed": 2595, "Hulking Raptor": 1454, "Spinewoods Armadillo": 2774, "Vorinclex": 3402, "Cavern of Souls_SB": 456, "Chimil, the Inner Sun_SB": 491, "Fountainport_SB": 1127, "Goldvein Hydra_SB": 1266, "Restless Vents": 2403, "Feed the Swarm_SB": 1032, "Dreamdew Entrancer": 817, "Jace Reawakened_SB": 1556, "Meticulous Excavation_SB": 1880, "Sporogenic Infection_SB": 2790, "An Offer You Can't Refuse_SB": 65, "Tithing Blade": 3133, "Zoraline, Cosmos Caller": 3528, "Song of Totentanz_SB": 2728, "Ossification": 2085, "Ossification_SB": 2086, "Cheeky House-Mouse": 488, "Rabid Gnaw": 2271, "Raging Battle Mouse": 2285, "Valley Questcaller": 3315, "Loran's Escape_SB": 1772, "Shardmage's Rescue_SB": 2611, "Phyrexian Fleshgorger": 2170, "Enduring Innocence_SB": 899, "The Witch's Vanity_SB": 3055, "Ertai Resurrected_SB": 923, "Ill-Timed Explosion_SB": 1470, "Doorkeeper Thrull_SB": 779, "Zoraline, Cosmos Caller_SB": 3529, "Archangel of Wrath_SB": 111, "Abrade": 4, "Untimely Malfunction_SB": 3273, "Arcane Proxy": 104, "Teferi, Temporal Pilgrim_SB": 2966, "Lay Down Arms_SB": 1692, "Cenote Scout": 463, "Deeproot Pilgrimage": 687, "Deeproot Wayfinder": 688, "Mistway Spy": 1914, "Vodalian Hexcatcher": 3383, "Grand Abolisher_SB": 1280, "Valley Floodcaller_SB": 3313, "Betrayer's Bargain": 220, "Corrupted Conviction": 587, "Furnace Reins": 1152, "Undead Sprinter_SB": 3230, "Spinner of Souls": 2777, "Serra Paragon": 2596, "Unidentified Hovership_SB": 3251, "Murky Sewer": 1966, "Neglected Manor": 1988, "Unstoppable Slasher": 3268, "Phantom Interference_SB": 2160, "Seeker's Folly_SB": 2581, "Invasion of Tarkir": 1533, "Wildborn Preserver": 3456, "Quintorius Kand": 2267, "Realmbreaker, the Invasion Tree": 2329, "Cease // Desist_SB": 460, "Metropolis Reformer_SB": 1882, "Sunfall_SB": 2894, "Audacity": 153, "Might of the Meek_SB": 1887, "Blossoming Tortoise": 276, "Atraxa, Grand Unifier_SB": 152, "Azure Beastbinder": 173, "Etali, Primal Conqueror": 936, "Push // Pull": 2251, "Conduit Pylons": 552, "Live or Die": 1747, "Valgavoth's Faithful": 3302, "Koma, World-Eater": 1656, "Etali, Primal Conqueror_SB": 937, "Maha, Its Feathers Night_SB": 1817, "Into the Flood Maw": 1511, "Surge of Salvation": 2908, "Drake Hatcher": 808, "Green Sun's Twilight": 1295, "Solemn Simulacrum": 2724, "Massacre Wurm": 1852, "Ghalta, Stampede Tyrant": 1189, "Vein Ripper": 3336, "Broodspinner": 365, "Insidious Roots": 1500, "Tyvar, Jubilant Brawler": 3215, "Snarling Gorehound": 2721, "Agatha's Soul Cauldron": 34, "Voldaren Thrillseeker": 3394, "Haywire Mite": 1359, "Bitter Triumph_SB": 233, "Wrenn's Resolve_SB": 3494, "Phyrexian Fleshgorger_SB": 2171, "Destroy Evil": 726, "Helpful Hunter": 1387, "Legions to Ashes_SB": 1704, "Seal from Existence": 2559, "White Sun's Twilight": 3452, "Fell": 1041, "Battlefly Swarm": 206, "Bilious Skulldweller": 224, "Calamity, Galloping Inferno": 401, "Archdruid's Charm": 112, "Assassin's Trophy": 139, "Obstinate Baloth_SB": 2047, "Doppelgang": 780, "Invasion of Arcavios": 1520, "This Town Ain't Big Enough_SB": 3062, "Thran Portal": 3081, "Viashino Pyromancer_SB": 3357, "Lord Skitter, Sewer King_SB": 1775, "Thornvault Forager": 3068, "Osteomancer Adept": 2087, "Curious Forager": 630, "The Mycotyrant": 3033, "Mudflat Village": 1959, "Insidious Fungus_SB": 1499, "Deep-Cavern Bat_SB": 685, "Titania, Voice of Gaea_SB": 3132, "Huskburster Swarm_SB": 1461, "Mindsplice Apparatus": 1892, "Silver Scrutiny": 2657, "Breach the Multiverse": 335, "Bonehoard Dracosaur": 291, "Molten Collapse": 1922, "Temple of Epiphany": 2973, "Sleep-Cursed Faerie": 2702, "Ego Drain": 857, "Invasion of Amonkhet_SB": 1519, "Forsaken Miner": 1118, "Gisa, the Hellraiser": 1212, "Iridescent Vinelasher": 1541, "Laughing Jasper Flint": 1686, "Thought-Stalker Warlock": 3072, "Immersturm Predator": 1471, "Regal Caracal": 2358, "Thalia and The Gitrog Monster": 2997, "Commercial District": 548, "Surgical Suite && Hospital Room_SB": 2912, "Dragon Fodder": 794, "Goblin Surprise": 1260, "Sunspine Lynx": 2901, "Fear of Impostors_SB": 1012, "Dollmaker's Shop // Porcelain Gallery": 774, "Inti, Seneschal of the Sun": 1506, "Misery's Shadow": 1904, "Withering Torment": 3477, "Hostile Investigator": 1447, "Decadent Dragon_SB": 679, "Tinybones Joins Up_SB": 3121, "Pyroclasm": 2254, "Reclamation Sage_SB": 2340, "Karn's Sylex_SB": 1598, "Monstrous Emergence_SB": 1942, "Charming Scoundrel": 485, "Painter's Studio // Defaced Gallery": 2129, "Shock_SB": 2634, "Defiled Crypt // Cadaver Lab": 698, "Defiled Crypt // Cadaver Lab_SB": 699, "Spellgyre": 2765, "Joust Through": 1578, "Twisted Fealty": 3201, "Pia Nalaar, Consul of Revival": 2178, "Wrenn's Resolve": 3493, "Case of the Crimson Pulse": 426, "Invasion of Kaldheim": 1528, "Sphinx of Forgotten Lore_SB": 2769, "Cult Conscript": 624, "Heraldic Banner": 1392, "Gatekeeper of Malakir": 1170, "Scorn-Blade Berserker": 2542, "Heraldic Banner_SB": 1393, "Legions to Ashes": 1703, "Doomsday Excruciator_SB": 778, "Fynn, the Fangbearer": 1154, "Bloated Contaminator": 252, "Vraska Joins Up": 3407, "Infectious Bite": 1484, "Plaza of Heroes": 2200, "Tyvar's Stand": 3213, "Necrogen Communion": 1984, "Darkstar Augur": 650, "Thirsting Roots_SB": 3060, "Vraska, Betrayal's Sting_SB": 3411, "Swiftfoot Boots_SB": 2924, "High Noon_SB": 1420, "Overlord of the Floodpits_SB": 2109, "The Filigree Sylex_SB": 3014, "Ill-Timed Explosion": 1469, "Thundering Falls": 3107, "Ral, Crackling Wit": 2298, "Flashfreeze_SB": 1086, "Beastie Beatdown": 208, "Roxanne, Starfall Savant": 2463, "Annie Joins Up": 87, "Huatli, Poet of Unity": 1451, "Dragonhawk, Fate's Tempest": 803, "Fortune, Loyal Steed": 1121, "Sword of Once and Future": 2929, "Slagstorm_SB": 2697, "Pest Control": 2155, "Heartflame Duelist": 1372, "Norn's Inquisitor": 2023, "Crystal Grotto": 623, "Sunder the Gateway_SB": 2892, "Drannith Ruins": 814, "Fear of Impostors": 1011, "Defabricate_SB": 690, "Twist Reality_SB": 3200, "Outcaster Trailblazer": 2093, "Goldvein Hydra": 1265, "Pugnacious Hammerskull": 2246, "Kaya, Spirits' Justice": 1606, "Restless Fortress": 2395, "Archangel of Wrath": 110, "Aven Interrupter": 160, "Shoot the Sheriff_SB": 2638, "Bandit's Talent": 184, "Bloodthirsty Conqueror": 266, "Enduring Tenacity": 900, "Bloodletter of Aclazotz": 262, "Corpses of the Lost": 582, "Viashino Pyromancer": 3356, "Gev, Scaled Scorch": 1185, "Thought-Stalker Warlock_SB": 3073, "Jaya, Fiery Negotiator": 1562, "Agatha's Soul Cauldron_SB": 35, "The Cruelty of Gix_SB": 3003, "Mockingbird_SB": 1918, "The Stone Brain": 3046, "Arahbo, the First Fang": 100, "Fires of Victory": 1074, "Capricious Hellraiser": 414, "Chandra, Hope's Beacon": 472, "Horned Loch-Whale": 1442, "Brass's Tunnel-Grinder": 329, "Season of Weaving": 2569, "Artist's Talent": 131, "Chandra, Flameshaper": 470, "Virtue of Knowledge_SB": 3368, "Getaway Glamer_SB": 1184, "Bottomless Pool // Locker Room": 312, "Nashi, Searcher in the Dark_SB": 1981, "Boltwave": 285, "Temple of Triumph": 2979, "Heartflame Duelist_SB": 1373, "Royal Treatment": 2465, "Rona, Herald of Invasion": 2454, "Honest Rutstein": 1435, "Jodah, the Unifier": 1571, "Myrel, Shield of Argive": 1970, "Hajar, Loyal Bodyguard": 1324, "Ruby, Daring Tracker": 2468, "Halana and Alena, Partners": 1326, "Inga and Esika": 1490, "Gwenna, Eyes of Gaea": 1323, "Jirina, Dauntless General": 1569, "Elas il-Kor, Sadistic Pilgrim": 861, "Melira, the Living Cure": 1867, "Relic of Legends": 2365, "Secluded Courtyard": 2576, "Hajar, Loyal Bodyguard_SB": 1325, "Elesh Norn_SB": 872, "Surrak and Goreclaw_SB": 2916, "Armored Armadillo": 126, "Toadstool Admirer": 3135, "Feather of Flight": 1025, "Guardian of New Benalia": 1316, "Unflinching Courage": 3244, "Aegis Turtle": 24, "Enter the Enigma": 911, "Venerated Rotpriest_SB": 3340, "Ivy, Gleeful Spellthief_SB": 1550, "Silent Hallcreeper_SB": 2655, "Dive Down_SB": 767, "Lightning Strike_SB": 1730, "Curate": 628, "Ephara's Dispersal": 915, "Rite of the Dragoncaller": 2426, "Grabby Giant": 1276, "Crawling Barrens": 603, "Horned Loch-Whale_SB": 1443, "Feldon's Cane_SB": 1034, "The Swarmweaver": 3049, "Long Goodbye_SB": 1761, "Archangel of Tithes_SB": 109, "Island_SB": 1546, "Dissection Tools": 757, "Entity Tracker_SB": 914, "Rebel Salvo_SB": 2333, "Roaring Furnace && Steaming Sauna_SB": 2440, "Basilisk Collar_SB": 199, "Drag to the Roots": 792, "Glarb, Calamity's Augur": 1227, "Insidious Fungus": 1498, "Muldrotha, the Gravetide": 1961, "Sire of Seven Deaths": 2669, "Fade from History_SB": 977, "Scrapshooter_SB": 2545, "Urgent Necropsy_SB": 3293, "Proft's Eidetic Memory": 2232, "Anointed Peacekeeper": 94, "Shore Up_SB": 2640, "Spring-Loaded Sawblades": 2792, "Assimilation Aegis_SB": 143, "Aether Channeler": 26, "Final Showdown": 1063, "Overlord of the Balemurk_SB": 2105, "Thundertrap Trainer_SB": 3112, "Defiled Crypt && Cadaver Lab": 696, "Abuelo's Awakening": 7, "Confounding Riddle": 555, "Fallaji Archaeologist": 991, "Omniscience": 2064, "Kitsa, Otterball Elite_SB": 1642, "Rona, Herald of Invasion_SB": 2455, "Season of Weaving_SB": 2570, "Unnerving Grasp_SB": 3260, "Bitter Reunion_SB": 231, "Exuberant Fuseling": 970, "Turn Inside Out_SB": 3192, "Change the Equation": 478, "Bruse Tarl, Roving Rancher": 369, "Muerra, Trash Tactician": 1960, "The Irencrag": 3021, "Smuggler's Surprise_SB": 2717, "The Wandering Rescuer": 3052, "Ivy, Gleeful Spellthief": 1549, "Invasion of Theros": 1535, "Abyssal Harvester": 9, "Adaptive Automaton": 17, "Grievous Wound": 1302, "Rush of Dread": 2480, "Three Tree Mascot": 3093, "Calix, Guided by Fate": 403, "Fear of Surveillance": 1020, "Ruin-Lurker Bat": 2470, "Invasion of Tolvada": 1536, "High Noon": 1419, "Prophetic Prism": 2239, "Wishclaw Talisman_SB": 3471, "Coveted Falcon_SB": 598, "Undead Sprinter": 3229, "Caught in the Crossfire_SB": 447, "Unstoppable Slasher_SB": 3269, "Oko, the Ringleader_SB": 2057, "Distorted Curiosity": 759, "Whisper of the Dross": 3450, "Bring the Ending": 352, "Drown in Ichor": 824, "Prologue to Phyresis": 2237, "Vraska's Fall_SB": 3409, "Twitching Doll": 3204, "Vinereap Mentor": 3360, "Cankerbloom": 412, "Zul Ashur, Lich Lord": 3531, "Garruk's Uprising": 1162, "Defiler of Flesh": 701, "Vampire Nighthawk_SB": 3325, "Kraul Whipcracker_SB": 1663, "Tyvar's Stand_SB": 3214, "Vinereap Mentor_SB": 3361, "Kaito, Cunning Infiltrator": 1587, "Sanguine Evangelist_SB": 2509, "Palani's Hatcher": 2132, "Trumpeting Carnosaur": 3185, "Temple of Malady": 2974, "Temple of Abandon": 2970, "Hunter's Talent_SB": 1456, "Mechanized Warfare": 1864, "Furnace Reins_SB": 1153, "Case of the Gateway Express_SB": 430, "Painter's Studio // Defaced Gallery_SB": 2130, "Tender Wildguide": 2984, "Finneas, Ace Archer": 1069, "Arabella, Abandoned Doll": 97, "Royal Treatment_SB": 2466, "Elenda, Saint of Dusk": 867, "Kambal, Profiteering Mayor": 1592, "Skrelv's Hive": 2675, "Kambal, Profiteering Mayor_SB": 1593, "Kaya, Spirits' Justice_SB": 1607, "Blasphemous Edict": 239, "Kona, Rescue Beastie": 1658, "Glimpse the Core": 1239, "Cultivator's Caravan": 625, "Scene of the Crime": 2537, "Cankerbloom_SB": 413, "Felonious Rage": 1044, "Quick Draw_SB": 2265, "No One Left Behind": 2016, "Wail of the Forgotten": 3415, "Starscape Cleric": 2814, "Refute": 2354, "Aetherize": 29, "Citanul Stalwart": 502, "Rune-Scarred Demon": 2477, "Time Stop": 3116, "Massacre Wurm_SB": 1853, "River's Rebuke_SB": 2431, "Wear Down_SB": 3441, "Nashi, Searcher in the Dark": 1980, "Defiled Crypt && Cadaver Lab_SB": 697, "Marchesa, Dealer of Death": 1838, "Annie Flash, the Veteran_SB": 86, "Jirina, Dauntless General_SB": 1570, "Sun-Blessed Healer_SB": 2888, "Demolition Field_SB": 707, "Long River's Pull": 1762, "Abraded Bluffs": 6, "Blooming Blast": 270, "Manifold Mouse_SB": 1832, "Combat Research": 545, "Recruitment Officer_SB": 2344, "Parting Gust_SB": 2136, "Swooping Lookout": 2926, "Candy Trail": 411, "Collector's Vault": 536, "Conspiracy Unraveler": 561, "Matzalantli, the Great Door": 1855, "Reenact the Crime": 2352, "The Cruelty of Gix": 3002, "Long River's Pull_SB": 1763, "Demonic Ruckus_SB": 715, "Impact Tremors_SB": 1475, "Pick Your Poison": 2179, "The Elder Dragon War": 3005, "Dust Animus_SB": 837, "Rankle's Prank": 2307, "Don't Make a Sound": 775, "Crumb and Get It": 612, "Broodspinner_SB": 366, "Feed the Cycle_SB": 1030, "The Seedcore": 3039, "Annex Sentry": 83, "Slaughter Singer": 2698, "Jawbone Duelist": 1561, "Getaway Glamer": 1183, "Crawling Chorus": 604, "Fleeting Flight_SB": 1089, "Divine Resilience_SB": 771, "Trash the Town_SB": 3169, "Bulk Up": 375, "Pugnacious Hammerskull_SB": 2247, "Felidar Retreat": 1038, "Giant Growth": 1202, "Hinterland Sanctifier": 1423, "Ajani's Pridemate": 41, "Lifecreed Duo": 1723, "Disenchant_SB": 747, "Unwanted Remake_SB": 3275, "Squirming Emergence": 2799, "Arabella, Abandoned Doll_SB": 98, "Torpor Orb_SB": 3153, "Anim Pakal, Thousandth Moon_SB": 80, "Exorcise": 951, "Wilt-Leaf Liege_SB": 3461, "Cosmic Rebirth": 591, "Luminous Rebuke": 1786, "Skrelv, Defector Mite_SB": 2678, "Sawblade Skinripper": 2518, "Alesha, Who Laughs at Fate": 51, "Kaya, Intangible Slayer": 1604, "Ashiok, Wicked Manipulator": 134, "Blasphemous Edict_SB": 240, "Loran of the Third Path": 1769, "Phyrexian Obliterator": 2174, "Tail Swipe": 2941, "Betrayer's Bargain_SB": 221, "Insatiable Avarice": 1496, "Lumra, Bellow of the Woods": 1788, "Terror Tide": 2989, "At Knifepoint_SB": 149, "Monstrous Rage_SB": 1944, "Mountain_SB": 1956, "Plains_SB": 2196, "Tolsimir, Midnight's Light": 3143, "Perforating Artist": 2150, "Temple of Silence": 2978, "Kellan's Lightblades_SB": 1616, "Sheoldred_SB": 2622, "Essence Channeler": 931, "Amalia Benavides Aguirre": 57, "Lunar Convocation": 1789, "Case of the Uneaten Feast": 437, "Raise the Past": 2287, "Scoured Barrens": 2543, "Restless Reef_SB": 2398, "Phyrexian Vindicator": 2176, "Bottomless Pool // Locker Room_SB": 313, "The Princess Takes Flight_SB": 3035, "Agrus Kos, Spirit of Justice": 39, "Terror Tide_SB": 2990, "Grand Entryway // Elegant Rotunda": 1282, "Virtue of Loyalty_SB": 3370, "Mischievous Mystic": 1903, "Hauntwoods Shrieker": 1358, "Valgavoth's Onslaught": 3305, "Balustrade Wurm_SB": 182, "Soul Search_SB": 2737, "Lost Jitte": 1776, "Vengeful Possession_SB": 3345, "Filter Out_SB": 1061, "Lord Skitter, Sewer King": 1774, "Dreadmaw's Ire": 815, "Invasion of Gobakhan": 1524, "Darkstar Augur_SB": 651, "Unholy Annex // Ritual Chamber_SB": 3249, "Felonious Rage_SB": 1045, "Obstinate Baloth": 2046, "The Infamous Cruelclaw": 3020, "Coiling Rebirth": 528, "Hunter's Talent": 1455, "Hostile Investigator_SB": 1448, "Thundering Falls_SB": 3108, "Evangel of Synthesis": 944, "Urborg Scavengers": 3287, "Zetalpa, Primal Dawn": 3520, "Lively Dirge": 1748, "Sphinx of the Final Word_SB": 2770, "Temple of Malice": 2975, "Homicide Investigator_SB": 1434, "Bramble Familiar": 323, "Cityscape Leveler": 503, "Kaito, Dancing Shadow_SB": 1590, "One with the Multiverse": 2067, "Walk with the Ancestors": 3416, "Strangled Cemetery": 2861, "Assassin's Trophy_SB": 140, "Meathook Massacre II_SB": 1863, "Phyrexian Arena_SB": 2166, "Anim Pakal, Thousandth Moon": 79, "Black Sun's Twilight": 234, "Gingerbrute": 1210, "Surge Engine": 2906, "Teething Wurmlet": 2964, "Tough Cookie": 3154, "Repulsive Mutation": 2376, "Monstrous Emergence": 1941, "Repulsive Mutation_SB": 2377, "Sylvan Scavenging_SB": 2935, "Spectral Sailor": 2758, "Magebane Lizard_SB": 1808, "Razorkin Needlehead_SB": 2321, "Guardian of Ghirapur": 1315, "Ruthless Lawbringer": 2484, "Felidar Retreat_SB": 1039, "Etched Cornfield": 939, "Errant and Giada": 920, "Malcolm, Alluring Scoundrel": 1823, "Plumecreed Escort": 2201, "Werefox Bodyguard": 3446, "Plumecreed Escort_SB": 2202, "Wilt-Leaf Liege": 3460, "Axebane Ferox_SB": 168, "Gumdrop Poisoner_SB": 1322, "Fireglass Mentor": 1073, "Magebane Lizard": 1807, "Ravine Raider": 2318, "Scales of Shale": 2527, "Valley Flamecaller": 3310, "Valley Rotcaller": 3316, "Ghost Vacuum": 1194, "Bloodletter of Aclazotz_SB": 263, "Temple of Deceit": 2971, "Kaito, Dancing Shadow": 1589, "Final Flourish_SB": 1062, "Time Stop_SB": 3117, "Drag the Canal_SB": 790, "Unnatural Restoration_SB": 3258, "Infectious Inquiry_SB": 1487, "Urborg Scavengers_SB": 3288, "Crash Through": 600, "Rogue's Passage": 2447, "Vampire Nighthawk": 3324, "Phyrexian Arena": 2165, "Render Inert": 2371, "Phyrexian Obliterator_SB": 2175, "Titania, Voice of Gaea": 3131, "Argoth, Sanctum of Nature": 123, "Loot, Exuberant Explorer": 1765, "Polukranos Reborn_SB": 2212, "Founding the Third Path_SB": 1123, "Geological Appraiser": 1176, "Satoru, the Infiltrator": 2514, "Archfiend of the Dross_SB": 115, "Charge of the Mites": 482, "Expel the Interlopers": 954, "Annex Sentry_SB": 84, "Vraska, the Silencer": 3412, "Binding Negotiation": 225, "Vadmir, New Blood": 3300, "Kaervek, the Punisher": 1584, "Festering Gulch": 1049, "Arid Archway": 124, "Ball Lightning": 177, "Koth, Fire of Resistance_SB": 1661, "Overlord of the Boilerbilges_SB": 2107, "Wishclaw Talisman": 3470, "Buried in the Garden": 380, "Bristly Bill, Spine Sower": 358, "Tyvar, the Pummeler": 3216, "Polukranos Reborn": 2211, "Bite Down": 228, "Bite Down_SB": 229, "Gaea's Gift": 1156, "Trash the Town": 3168, "Kitesail Larcenist_SB": 1639, "Molten Collapse_SB": 1923, "Not Dead After All": 2025, "Splitskin Doll": 2787, "Legion Extruder": 1700, "Thousand Moons Smithy_SB": 3077, "Niv-Mizzet, Supreme": 2012, "Blazing Crescendo_SB": 245, "Terror of the Peaks": 2991, "Boros Charm_SB": 303, "Simulacrum Synthesizer": 2663, "Thran Spider": 3082, "Fabrication Foundry": 976, "The Mightstone and Weakstone": 3028, "Unstable Glyphbridge": 3265, "Braided Net": 318, "Glass Casket": 1229, "Assimilation Aegis": 142, "Urza, Lord Protector": 3299, "Fomori Vault": 1106, "Argentum Masticore_SB": 122, "Choking Miasma": 493, "Blightbelly Rat": 249, "Vraska's Fall": 3408, "Infectious Inquiry": 1486, "Unnatural Restoration": 3257, "Whisper of the Dross_SB": 3451, "Overprotect_SB": 2115, "Carnivorous Canopy_SB": 422, "Pillage the Bog_SB": 2189, "Shore Up": 2639, "Scrawling Crawler": 2547, "Dawn's Truce": 654, "Dawn's Truce_SB": 655, "Final Showdown_SB": 1064, "Hollow Scavenger": 1432, "Bristlebud Farmer": 355, "Night of the Sweets' Revenge": 2004, "Genesis Wave": 1175, "Archdruid's Charm_SB": 113, "Seized from Slumber_SB": 2586, "Rip, Spawn Hunter": 2420, "Bartolom\u00e9 del Presidio": 195, "Eaten Alive": 849, "Funeral Room // Awakening Hall": 1147, "Market Gnome": 1842, "Nezumi Linkbreaker": 2002, "Infestation Sage": 1488, "Outlaw Medic": 2094, "Vengeful Bloodwitch": 3342, "Cathar Commando_SB": 445, "Intrepid Paleontologist": 1515, "Ghalta, Primal Hunger": 1187, "Triumphant Chomp": 3181, "Ixalli's Lorekeeper": 1551, "Bolt Bend_SB": 284, "Persistent Marshstalker": 2154, "Karumonix, the Rat King": 1603, "Lilypad Village": 1740, "Argentum Masticore": 121, "Hedron Archive": 1378, "The Mycosynth Gardens": 3032, "Hall of Tagsin": 1329, "Tomakul Honor Guard": 3144, "Cathar Commando": 444, "Knight of Grace": 1646, "Vaultborn Tyrant_SB": 3334, "Feldon's Cane": 1033, "Treasure Map": 3173, "Neutralize the Guards": 1996, "Ayli, Eternal Pilgrim": 170, "The Enigma Jewel": 3009, "Shipwreck Dowser": 2626, "Starfall Invocation": 2811, "Disturbing Conversion": 762, "Eerie Interference_SB": 856, "Builder's Talent_SB": 374, "Abuelo's Awakening_SB": 8, "Highway Robbery_SB": 1422, "Dreadmaw's Ire_SB": 816, "Smash to Dust_SB": 2712, "Razorkin Needlehead": 2320, "Chainsaw": 468, "Captain Storm, Cosmium Raider": 417, "Corsair Captain": 589, "Gleaming Geardrake": 1235, "Malcolm, the Eyes": 1825, "Staunch Crewmate": 2823, "Witness Protection_SB": 3480, "Lost Jitte_SB": 1777, "Imodane's Recruiter_SB": 1473, "Untimely Malfunction": 3272, "Banishing Light_SB": 187, "Imprisoned in the Moon_SB": 1478, "Inquisitive Glimmer_SB": 1495, "Refute_SB": 2355, "Hugs, Grisly Guardian": 1452, "Kogla and Yidaro": 1651, "Witness Protection": 3479, "Oblivious Bookworm": 2044, "Growing Dread": 1308, "Bubble Smuggler": 372, "Manifest Dread": 1830, "Cryptid Inspector": 620, "Exit Specialist": 950, "Cursed Windbreaker": 633, "Break Down the Door": 339, "Surrak and Goreclaw": 2915, "Gaea's Gift_SB": 1157, "Hard-Hitting Question_SB": 1342, "Banner of Kinship": 188, "Burrowguard Mentor": 386, "Hazardroot Herbalist": 1361, "Hop to It": 1436, "Lupinflower Village": 1792, "Rabbit Response": 2269, "Treeguard Duo": 3174, "Uncharted Haven": 3227, "Warren Elder": 3431, "Head of the Homestead": 1365, "Head of the Homestead_SB": 1366, "Solphim, Mayhem Dominus": 2726, "Grab the Prize_SB": 1275, "Stroke of Midnight_SB": 2867, "Temple of Enlightenment": 2972, "Delney, Streetwise Lookout": 703, "Hare Apparent": 1344, "No Witnesses": 2018, "Stroke of Midnight": 2866, "Impact Tremors": 1474, "Gix, Yawgmoth Praetor_SB": 1220, "Greta, Sweettooth Scourge": 1301, "Sweettooth Witch": 2921, "Experimental Confectioner": 957, "Mintstrosity": 1896, "Scream Puff": 2549, "Gingerbread Hunter": 1209, "Back for Seconds": 175, "Welcome to Sweettooth": 3445, "Spider Food": 2771, "Feed the Cauldron": 1028, "Return from the Wilds": 2411, "Savor": 2517, "Three Bowls of Porridge": 3089, "Eriette's Tempting Apple": 918, "Not Dead After All_SB": 2026, "Sugar Rush_SB": 2874, "Candy Grapple_SB": 410, "Hero's Downfall_SB": 1402, "Fell_SB": 1042, "Murder_SB": 1964, "Crystal Barricade": 621, "Green Sun's Twilight_SB": 1296, "Koma, World-Eater_SB": 1657, "Sire of Seven Deaths_SB": 2670, "Unyielding Gatekeeper": 3276, "Ghalta and Mavren": 1186, "Progenitus": 2235, "Hide in Plain Sight": 1413, "Threats Around Every Corner": 3086, "Blossoming Sands": 275, "Evolving Wilds": 947, "Temple of Plenty": 2977, "Cheeky House-Mouse_SB": 489, "Bloodfeather Phoenix": 257, "Massacre Girl, Known Killer": 1850, "Rakdos, the Muscle": 2293, "Rakdos, the Muscle_SB": 2294, "Rakdos Joins Up_SB": 2291, "Massacre Girl, Known Killer_SB": 1851, "Dryad Militant": 827, "Trostani, Three Whispers": 3184, "Stormsplitter": 2859, "Deadly Brew": 664, "Ral's Reinforcements": 2297, "Corrupted Conviction_SB": 588, "Kogla and Yidaro_SB": 1652, "Deadly Brew_SB": 665, "Rat Out_SB": 2309, "Lich-Knights' Conquest": 1721, "Fugitive Codebreaker_SB": 1143, "Seize the Spoils": 2584, "Abandoned Campground": 1, "Kitnap_SB": 1640, "Zurgo and Ojutai_SB": 3535, "Oakhollow Village": 2038, "Pollen-Shield Hare": 2207, "Seasoned Warrenguard": 2574, "Valley Mightcaller": 3314, "Kutzil, Malamet Exemplar_SB": 1675, "Necrogen Rotpriest": 1985, "Contagious Vorrac": 564, "Armored Scrapgorger_SB": 129, "Forest_SB": 1114, "Invasion of Fiora_SB": 1523, "Lonely Arroyo": 1759, "The Millennium Calendar_SB": 3030, "Ruin-Lurker Bat_SB": 2471, "Leonin Vanguard_SB": 1707, "Veteran Survivor_SB": 3352, "Eaten by Piranhas_SB": 851, "Kiora, the Rising Tide_SB": 1635, "Surgical Suite && Hospital Room": 2911, "Invasion of Amonkhet": 1518, "Heroic Reinforcements_SB": 1405, "Quintorius Kand_SB": 2268, "Soul Search": 2736, "Roaming Throne_SB": 2437, "Tinybones, Bauble Burglar": 3122, "Micromancer": 1883, "Invasion of Ergamon": 1522, "Tail Swipe_SB": 2942, "Break Out_SB": 341, "Flamewake Phoenix_SB": 1083, "Beastie Beatdown_SB": 209, "Tinybones, the Pickpocket_SB": 3125, "Scrawling Crawler_SB": 2548, "Evolved Sleeper": 945, "Friendly Teddy": 1133, "Rankle's Prank_SB": 2308, "Consumed by Greed_SB": 562, "Razorlash Transmogrant_SB": 2323, "Flamecache Gecko": 1080, "Scales of Shale_SB": 2528, "Hearthborn Battler_SB": 1376, "Vengeful Possession": 3344, "Rabid Gnaw_SB": 2272, "Repair and Recharge": 2374, "Step Between Worlds_SB": 2831, "Moment of Craving_SB": 1928, "Vial Smasher, Gleeful Grenadier": 3354, "Magda, the Hoardmaster": 1806, "Hellspur Brute": 1383, "At Knifepoint": 148, "Rattleback Apothecary": 2312, "Hellspur Posse Boss": 1385, "Hellspur Brute_SB": 1384, "Cynical Loner_SB": 637, "Lively Dirge_SB": 1749, "Astor, Bearer of Blades": 144, "Bladehold War-Whip": 237, "Kellan, the Fae-Blooded": 1622, "Kemba, Kha Enduring": 1624, "Rebel Salvo": 2332, "Lavaspur Boots": 1689, "Swiftfoot Boots": 2923, "Sword of Forge and Frontier": 2927, "Astor, Bearer of Blades_SB": 145, "Hidetsugu and Kairi": 1415, "Consuming Aberration": 563, "Cease // Desist": 459, "Knight of Dusk's Shadow": 1644, "Soul-Guide Lantern": 2739, "No One Left Behind_SB": 2017, "Season of Gathering_SB": 2566, "Dusk Legion Duelist": 833, "Stocking the Pantry": 2840, "Botanical Brawler": 308, "Tribute to the World Tree": 3178, "Railway Brawler": 2286, "Collector's Cage_SB": 535, "Throne of the Grim Captain": 3098, "Desperate Bloodseeker": 722, "Rampaging Spiketail": 2304, "Barkform Harvester": 192, "Fae Flight_SB": 979, "Phoenix Chick": 2163, "Squee, Dubious Monarch_SB": 2798, "Blooming Blast_SB": 271, "Enduring Tenacity_SB": 901, "Rush of Dread_SB": 2481, "Generous Plunderer": 1174, "Ghired, Mirror of the Wilds": 1190, "Portent of Calamity": 2218, "Luminous Rebuke_SB": 1787, "Tocasia's Welcome": 3138, "Patchwork Banner": 2137, "Hop to It_SB": 1437, "Desecration Demon": 720, "Dragonmaster Outcast": 806, "Inspiring Overseer": 1502, "Insatiable Avarice_SB": 1497, "Dwynen, Gilt-Leaf Daen": 844, "Elvish Archdruid": 883, "Imperious Perfect": 1476, "Leaf-Crowned Visionary": 1696, "Dwynen's Elite": 843, "Cityscape Leveler_SB": 504, "Nahiri's Resolve_SB": 1976, "Scrapwork Mutt": 2546, "Syr Ginger, the Meal Ender": 2938, "Piggy Bank": 2183, "Dowsing Device": 785, "Demand Answers": 705, "Saheeli, Filigree Master_SB": 2498, "Rakdos Guildgate": 2289, "Izzet Guildgate": 1554, "Selesnya Guildgate": 2587, "Orzhov Guildgate": 2082, "Gruul Guildgate": 1311, "Boros Guildgate": 305, "Azorius Guildgate": 172, "Dimir Guildgate": 740, "Golgari Guildgate": 1268, "Maze's End": 1857, "Circuitous Route": 501, "Expedition Map": 953, "Spelunking": 2767, "Tatyova, Benthic Druid": 2957, "Slagstorm": 2696, "Braids, Arisen Nightmare_SB": 321, "Obyra, Dreaming Duelist": 2048, "Knight of Dusk's Shadow_SB": 1645, "Union of the Third Path": 3252, "Volatile Fault": 3389, "Repel Calamity_SB": 2375, "An Offer You Can't Refuse": 64, "Malcolm, Alluring Scoundrel_SB": 1824, "The Monumental Facade": 3031, "Sardian Cliffstomper": 2510, "Magmatic Sprinter": 1813, "Churning Reservoir": 497, "Sardian Cliffstomper_SB": 2511, "Monastery Swiftspear_SB": 1938, "Magmatic Sprinter_SB": 1814, "Churning Reservoir_SB": 498, "Zoyowa's Justice": 3530, "Trial of Agony": 3176, "Ojer Axonil, Deepest Might": 2053, "Brazen Collector": 334, "Urabrask": 3280, "Firebrand Archer": 1071, "Hidetsugu's Second Rite_SB": 1418, "Leyline of Resonance_SB": 1714, "Ancestors' Aid_SB": 70, "Slickshot Show-Off_SB": 2710, "Lathril, Blade of the Elves": 1684, "Tyvar the Bellicose": 3212, "Give In to Violence_SB": 1216, "Dust Animus": 836, "Tribute to the World Tree_SB": 3179, "Call a Surprise Witness": 404, "Giant Cindermaw_SB": 1201, "Samut, Vizier of Naktamun": 2503, "Primal Might": 2224, "Ego Drain_SB": 858, "Hulking Metamorph": 1453, "Rest in Peace": 2388, "Surge Engine_SB": 2907, "Fake Your Own Death": 990, "Volcanic Spite": 3391, "Grab the Prize": 1274, "Taii Wakeen, Perfect Shot": 2940, "Unruly Catapult": 3261, "Glassworks // Shattered Yard_SB": 1232, "Goddric, Cloaked Reveler": 1261, "Scrapshooter": 2544, "Sharp-Eyed Rookie": 2612, "Evolving Adaptive": 946, "Garruk's Uprising_SB": 1163, "Rakdos Joins Up": 2290, "Kroxa and Kunoros": 1669, "Hexgold Halberd": 1407, "Searslicer Goblin_SB": 2564, "Take for a Ride_SB": 2947, "Wojek Investigator": 3481, "Rustler Rampage": 2482, "Calamity's Wake_SB": 400, "Recommission_SB": 2342, "Steamcore Scholar": 2825, "Abhorrent Oculus_SB": 3, "Heroic Reinforcements": 1404, "The Wandering Rescuer_SB": 3053, "Sun-Blessed Healer": 2887, "Oracle of Tragedy": 2075, "Tarrian's Journal": 2955, "Felidar Cub": 1036, "Knight-Errant of Eos_SB": 1649, "Dusk Rose Reliquary_SB": 835, "Ruthless Lawbringer_SB": 2485, "Felidar Cub_SB": 1037, "Banishing Light": 186, "Worldwalker Helm": 3485, "Torch the Witness": 3149, "Detective's Satchel": 729, "Forensic Gadgeteer_SB": 1111, "Ice Out_SB": 1464, "Make Your Own Luck": 1819, "Ygra, Eater of All": 3502, "Ankle Biter": 82, "Axebane Ferox": 167, "Maha, Its Feathers Night": 1816, "Daggerfang Duo": 638, "Moonstone Harbinger": 1949, "Pestilent Syphoner": 2157, "Hoarding Recluse": 1429, "Deathbloom Gardener": 673, "Drown in Ichor_SB": 825, "Llanowar Elves_SB": 1752, "Bonehoard Dracosaur_SB": 292, "Norin, Swift Survivalist": 2021, "Trapped in the Screen": 3166, "Ragged Playmate": 2283, "Trapped in the Screen_SB": 3167, "Ragged Playmate_SB": 2284, "Norin, Swift Survivalist_SB": 2022, "Splitskin Doll_SB": 2788, "Fear of Surveillance_SB": 1021, "Grand Entryway // Elegant Rotunda_SB": 1283, "Wandertale Mentor": 3419, "Vodalian Mindsinger_SB": 3384, "Pile On": 2184, "Skyfisher Spider": 2687, "Skyfisher Spider_SB": 2688, "Unauthorized Exit": 3225, "Let's Play a Game_SB": 1709, "Chart a Course_SB": 487, "Peerless Recycling_SB": 2146, "Johann's Stopgap_SB": 1573, "Flow of Knowledge_SB": 1101, "Cruel Somnophage": 609, "Festerleech": 1050, "Writhing Necromass": 3495, "Fallaji Archaeologist_SB": 992, "Sporogenic Infection": 2789, "Surgical Suite // Hospital Room": 2913, "Aftermath Analyst": 32, "Worldsoul's Rage": 3483, "Inspiration from Beyond": 1501, "Virtue of Strength": 3373, "Nissa, Resurgent Animist": 2011, "Escape Tunnel": 926, "Terramorphic Expanse": 2988, "Bonny Pall, Clearcutter_SB": 294, "Razorlash Transmogrant": 2322, "Shrouded Shepherd": 2645, "Glimmerlight": 1238, "Wardens of the Cycle": 3426, "Warhost's Frenzy": 3428, "Great Train Heist": 1292, "Zurgo and Ojutai": 3534, "Think Twice_SB": 3057, "Dead Weight_SB": 663, "Colossal Rattlewurm": 540, "Freestrider Lookout": 1128, "Valgavoth, Terror Eater_SB": 3308, "The Tale of Tamiyo": 3051, "Contaminated Aquifer": 565, "The Dross Pits": 3004, "The Surgical Bay": 3048, "Case of the Ransacked Lab": 434, "Ertai's Scorn_SB": 925, "Fecund Greenshell": 1027, "Saheeli, Filigree Master": 2497, "Fumigate": 1145, "Enduring Courage_SB": 895, "War Squeak_SB": 3422, "Spirebluff Canal_SB": 2780, "Fiendish Panda": 1054, "Ashnod's Harvester": 136, "Blazing Crescendo": 244, "Ajani, Sleeper Agent": 45, "Ajani, Sleeper Agent_SB": 46, "Chandra, Flameshaper_SB": 471, "Case of the Locked Hothouse_SB": 432, "Vampire Gourmand": 3322, "Vraan, Executioner Thane": 3406, "Eaten Alive_SB": 850, "Geralf, the Fleshwright": 1177, "Geralf, the Fleshwright_SB": 1178, "Claim Jumper_SB": 507, "Mirrex_SB": 1900, "Tectonic Hazard": 2962, "Boltwave_SB": 286, "Chainsaw_SB": 469, "Mosswood Dreadknight_SB": 1954, "Herald of Eternal Dawn": 1390, "Stormchaser's Talent_SB": 2853, "Phyrexian Missionary": 2172, "Etali's Favor": 935, "Sheoldred": 2617, "Fleeting Flight": 1088, "Lost in the Maze_SB": 1779, "Cactarantula": 395, "Stromkirk Noble": 2868, "Defiler of Dreams_SB": 700, "Lithomantic Barrage": 1745, "Enduring Vitality_SB": 903, "Ojer Pakpatiq, Deepest Epoch": 2054, "Disturbing Conversion_SB": 763, "See Double_SB": 2577, "Twinflame Tyrant": 3196, "Koth, Fire of Resistance": 1660, "Chandra, Hope's Beacon_SB": 473, "Wylie Duke, Atiin Hero": 3496, "Stoke the Flames": 2845, "Urza's Sylex": 3297, "Volatile Fault_SB": 3390, "Omen Hawker": 2060, "Audience with Trostani_SB": 154, "Leyline of the Void": 1718, "Sentinel of Lost Lore": 2589, "Jagged Barrens": 1560, "Virtue of Knowledge": 3367, "Hired Claw_SB": 1426, "Valgavoth's Onslaught_SB": 3306, "Kutzil's Flanker": 1672, "Extraordinary Journey": 968, "Gold Pan": 1263, "Extraordinary Journey_SB": 969, "Nurturing Pixie_SB": 2035, "Moonshaker Cavalry": 1947, "Elusive Otter": 881, "Pearl of Wisdom": 2143, "Fear of Lost Teeth": 1017, "Horrid Vigor": 1444, "Flesh Burrower": 1090, "Let's Play a Game": 1708, "Winter's Intervention": 3466, "Grasping Longneck": 1284, "Wickerfolk Thresher": 3454, "Cackling Slasher": 392, "Fear of the Dark": 1022, "Balemurk Leech": 176, "Give In to Violence": 1215, "Innocuous Rat": 1493, "Bashful Beastie": 197, "Defiant Survivor": 694, "Meathook Massacre II": 1862, "Vile Mutilator": 3359, "Healer's Hawk": 1367, "Adamant Will": 16, "Dazzling Angel": 660, "Goldvein Pick": 1267, "Marauding Blight-Priest": 1836, "Moment of Triumph": 1929, "Pilfer": 2186, "Public Thoroughfare": 2245, "Roaming Throne": 2436, "Undying Malice": 3241, "Angel of Finality_SB": 75, "Cancel_SB": 409, "Opt_SB": 2071, "Requisition Raid": 2379, "Anointed Peacekeeper_SB": 95, "Connecting the Dots_SB": 558, "Regal Bunnicorn_SB": 2357, "Analyze the Pollen_SB": 68, "Corpses of the Lost_SB": 583, "Anthem of Champions": 96, "Mistbreath Elder": 1910, "Bushwhack_SB": 390, "Mistbreath Elder_SB": 1911, "Realmbreaker's Grasp_SB": 2328, "Treeguard Duo_SB": 3175, "Stickytongue Sentinel_SB": 2835, "Sunshower Druid_SB": 2900, "Tumbleweed Rising_SB": 3186, "Polliwallop_SB": 2209, "Leyline of Transformation": 1716, "Saheeli's Lattice": 2496, "Hopeless Nightmare_SB": 1441, "Thrill of Possibility": 3096, "Etali, Primal Storm_SB": 938, "Idyllic Beachfront": 1467, "Dismal Backwater": 750, "Pelakka Wurm": 2147, "Extract a Confession_SB": 967, "Soul-Shackled Zombie_SB": 2742, "Unauthorized Exit_SB": 3226, "Jump Scare_SB": 1582, "Progenitus_SB": 2236, "Dewdrop Cure": 735, "Harvestrite Host": 1351, "Family Reunion_SB": 993, "Hinterland Sanctifier_SB": 1424, "Planar Disruption_SB": 2198, "Cut Short_SB": 636, "Deathcap Marionette": 674, "Ichor Drinker": 1465, "Jungle Hollow": 1583, "Urborg Repossession": 3285, "Urborg Repossession_SB": 3286, "Voracious Varmint_SB": 3401, "Ambush Wolf_SB": 61, "Annihilating Glare": 89, "Fanatical Offering": 996, "Sword of Wealth and Power": 2931, "Pilfer_SB": 2187, "Empyrean Eagle": 888, "Tranquil Cove": 3160, "Deadly Riposte_SB": 670, "Griffnaut Tracker_SB": 1304, "Shroudstomper": 2647, "Invasion of Regatha": 1531, "Hidetsugu's Second Rite": 1417, "Makeshift Binding": 1820, "Nettle Guard_SB": 1995, "Lassoed by the Law": 1681, "Mabel's Mettle": 1798, "The Huntsman's Redemption": 3018, "Cunning Coyote": 626, "Skulduggery": 2679, "Skulduggery_SB": 2680, "Beseech the Mirror_SB": 217, "Dead Weight": 662, "Minor Misstep": 1894, "Hopeful Vigil": 1439, "Restricted Office // Lecture Hall": 2407, "Central Elevator // Promising Stairs": 464, "Creeping Peeper": 605, "Underwater Tunnel // Slimy Aquarium": 3240, "Erratic Apparition": 921, "Dazzling Theater // Prop Room": 661, "Fear of Falling": 1010, "Fear of Abduction": 1006, "Lionheart Glimmer": 1743, "Gremlin Tamer_SB": 1300, "Tunnel Surveyor_SB": 3190, "Stalked Researcher_SB": 2807, "Chrome Host Seedshark": 495, "Corrupt": 586, "Ruthless Negotiation": 2486, "Seeker's Folly": 2580, "Polluted Delta": 2210, "Scalding Tarn": 2524, "Misty Rainforest": 1915, "Bloodstained Mire": 265, "Watery Grave": 3438, "Steam Vents": 2824, "Sink into Stupor": 2666, "Spell Snare": 2761, "Unearth": 3242, "Thoughtseize": 3074, "Fatal Push": 1002, "Faithless Looting": 989, "Tamiyo, Inquisitive Student": 2952, "Psychic Frog": 2243, "Counterspell": 596, "Persist": 2153, "Force of Negation": 1107, "Brazen Borrower": 332, "Archon of Cruelty": 117, "Nihil Spellbomb_SB": 2007, "Surgical Extraction_SB": 2910, "Consign to Memory_SB": 560, "Harbinger of the Seas_SB": 1338, "Stern Scolding_SB": 2834, "Fable of the Mirror-Breaker_SB": 974, "Arena of Glory": 120, "Blazing Rootwalla": 246, "Burning Inquiry": 382, "Detective's Phoenix": 728, "Flameblade Adept": 1079, "Goblin Lore": 1257, "Hollow One": 1431, "Lightning Bolt": 1726, "Stomping Ground": 2846, "Street Wraith": 2864, "Vengevine": 3346, "Wooded Foothills": 3482, "Cursed Totem_SB": 632, "Meltdown_SB": 1869, "Obsidian Charmaw_SB": 2045, "Arid Mesa": 125, "Barbarian Ring": 190, "Sunbaked Canyon": 2889, "Eidolon of the Great Revel": 859, "Goblin Guide": 1256, "Lava Spike": 1688, "Rift Bolt": 2416, "Searing Blaze": 2561, "Skewer the Critics": 2671, "Skullcrack": 2683, "Flare of Duplication": 1084, "Smash to Smithereens_SB": 2713, "Faerie Macabre_SB": 984, "Ensnaring Bridge_SB": 909, "Indomitable Creativity": 1481, "Prismatic Ending": 2230, "Wrenn and Six": 3492, "Fable of the Mirror-Breaker": 973, "Blood Crypt": 254, "Sacred Foundry": 2491, "Xander's Lounge": 3497, "Jetmir's Garden": 1567, "Dwarven Mine": 842, "Flooded Strand": 1092, "Boseiju, Who Endures_SB": 307, "Toxic Deluge_SB": 3156, "Hurkyl's Recall_SB": 1457, "Damping Sphere_SB": 642, "Cling to Dust": 519, "Harbinger of the Seas": 1337, "Marsh Flats": 1847, "Murktide Regent": 1965, "Otawara, Soaring City": 2089, "Preordain": 2223, "Thought Scour": 3071, "Engineered Explosives_SB": 906, "Mystical Dispute_SB": 1973, "Spell Pierce_SB": 2760, "The Meathook Massacre_SB": 3027, "Orcish Bowmasters": 2077, "Ocelot Pride": 2049, "Godless Shrine": 1262, "Guide of Souls": 1317, "Seasoned Pyromancer": 2573, "Ajani, Nacatl Pariah": 44, "Phelia, Exuberant Shepherd": 2161, "Phlage, Titan of Fire's Fury": 2162, "Galvanic Discharge": 1160, "Goblin Bombardment": 1253, "Thraben Charm": 3078, "Orim's Chant_SB": 2079, "Wrath of the Skies_SB": 3488, "Thoughtseize_SB": 3075, "Showdown of the Skalds_SB": 2643, "Wear // Tear_SB": 3440, "Legion Loyalist": 1702, "Goblin Bushwhacker": 1254, "Devastating Summons": 731, "Reckless Bushwhacker": 2334, "Goblin Grenade": 1255, "Goblin Piledriver": 1259, "Mogg War Marshal": 1919, "Skirk Prospector": 2672, "Foundry Street Denizen": 1124, "Den of the Bugbear": 716, "Sokenzan, Crucible of Defiance": 2723, "Tormod's Crypt_SB": 3151, "Shattering Spree_SB": 2614, "Blood Moon_SB": 255, "Magus of the Moon_SB": 1815, "Reality Hemorrhage_SB": 2326, "Boseiju, Who Endures": 306, "Ziatora's Proving Ground": 3522, "Veil of Summer_SB": 3335, "Terastodon_SB": 2985, "Consider": 559, "Graveyard Trespasser": 1286, "Exquisite Firecraft_SB": 962, "Searing Blood_SB": 2562, "Tunnel Ignus_SB": 3188, "Ragavan, Nimble Pilferer": 2281, "Static Prison": 2820, "Showdown of the Skalds": 2642, "Windswept Heath": 3465, "Fear, Fire, Foes!_SB": 1023, "Drannith Magistrate_SB": 813, "Stony Silence_SB": 2847, "Primeval Titan": 2227, "Amulet of Vigor": 63, "Arboreal Grazer": 103, "Dryad of the Ilysian Grove": 828, "Summoner's Pact": 2886, "Hanweir Battlements": 1335, "Shifting Woodland": 2623, "Mirrorpool": 1902, "Urza's Saga": 3296, "Crumbling Vestige": 614, "Gruul Turf": 1313, "Simic Growth Chamber": 2661, "Lotus Field": 1780, "Tolaria West": 3140, "Vesuva": 3348, "Valakut, the Molten Pinnacle": 3301, "Scapeshift": 2529, "Dryad Arbor": 826, "Green Sun's Zenith": 1297, "Echoing Deeps": 852, "Vexing Bauble": 3353, "Bojuka Bog_SB": 283, "Dismember_SB": 751, "Vampires' Vengeance_SB": 3326, "Hexdrinker_SB": 1406, "Colossal Skyturtle_SB": 541, "Generous Ent_SB": 1173, "Collector Ouphe_SB": 533, "Endurance_SB": 893, "Grist, the Hunger Tide_SB": 1307, "Force of Vigor_SB": 1108, "Chained to the Rocks": 466, "Chained to the Rocks_SB": 467, "Ragavan, Nimble Pilferer_SB": 2282, "Explore": 960, "Urza's Cave": 3294, "Defense Grid_SB": 693, "Tireless Tracker_SB": 3126, "Lukka, Bound to Ruin_SB": 1783, "Giant Growth_SB": 1203, "Duelist of the Mind": 829, "Over the Edge_SB": 2099, "Poison Dart Frog_SB": 2205, "Bloodfell Caves": 259, "Offer Immortality": 2050, "Come Back Wrong": 547, "Glassworks // Shattered Yard": 1231, "Raucous Carnival_SB": 2315, "Beamtown Beatstick": 207, "Diamond Pick-Axe": 738, "Sunfire Torch": 2895, "Celestial Armor": 462, "Carrot Cake_SB": 425, "Edgewall Inn": 855, "Grievous Wound_SB": 1303, "Goliath Hatchery_SB": 1270, "Cathartic Parting_SB": 446, "Balmor, Battlemage Captain": 179, "Stormcatch Mentor": 2851, "Bria, Riptide Rogue": 347, "Freeze in Place": 1129, "Relic's Roar": 2368, "Run Away Together_SB": 2473, "Scalding Viper_SB": 2526, "Talion, the Kindly Lord": 2951, "Slice from the Shadows": 2705, "Halo Hopper": 1332, "Hellspur Posse Boss_SB": 1386, "Defabricate": 689, "Grand Abolisher": 1279, "Unnerving Grasp": 3259, "Aspirant's Ascent": 138, "Charge of the Mites_SB": 483, "Giant Cindermaw": 1200, "Hammerhand_SB": 1334, "Heartfire Hero_SB": 1370, "Inti, Seneschal of the Sun_SB": 1507, "Pests of Honor": 2158, "Nettle Guard": 1994, "Three Blind Mice": 3087, "Emberheart Challenger_SB": 886, "Dauntless Dismantler_SB": 653, "Phoenix Chick_SB": 2164, "Gleaming Barrier": 1233, "Painful Quandary": 2125, "Gleaming Barrier_SB": 1234, "Solemn Simulacrum_SB": 2725, "Fear of Being Hunted": 1007, "Twinferno_SB": 3195, "Sure Strike_SB": 2905, "Mirran Banesplitter": 1898, "Heartfire Immolator": 1371, "Dwarven Forge-Chanter": 841, "Whiskerquill Scribe": 3448, "Sure Strike": 2904, "Ghitu Amplifier": 1191, "Furious Bellow": 1149, "Ancestors' Aid": 69, "Keldon Flamesage": 1613, "Brambleguard Captain": 325, "Johann, Apprentice Sorcerer": 1574, "Kraum, Violent Cacophony": 1664, "Razzle-Dazzler": 2325, "Vesuvan Drifter": 3349, "Snaremaster Sprite": 2720, "Thopter Mechanic": 3065, "Nightwhorl Hermit": 2006, "Iron-Fist Pulverizer": 1542, "Pyrotechnic Performer": 2256, "Fear of Burning Alive": 1009, "Swiftwater Cliffs": 2925, "Molten Tributary": 1926, "Peculiar Lighthouse": 2144, "Restless Spire": 2401, "Fiery Annihilation": 1057, "Seize the Secrets": 2583, "Stop Cold": 2848, "Mishra's Command_SB": 1907, "Plan the Heist_SB": 2197, "Sleight of Hand_SB": 2704, "Kellan, Planar Trailblazer_SB": 1621, "Trick Shot_SB": 3180, "Violent Urge_SB": 3363, "Involuntary Cooldown_SB": 1540, "Out of Air_SB": 2091, "Harrier Strix": 1348, "The Filigree Sylex": 3013, "Living Phone": 1750, "Hardened Escort": 1343, "Unsettling Twins": 3263, "The Jolly Balloon Man": 3022, "Holy Cow": 1433, "Unsettling Twins_SB": 3264, "Raccoon Rallier_SB": 2273, "Feather of Flight_SB": 1026, "Rogue's Passage_SB": 2448, "Possessed Goat_SB": 2219, "The Jolly Balloon Man_SB": 3023, "Urgent Necropsy": 3292, "Fynn, the Fangbearer_SB": 1155, "Make Your Move_SB": 1818, "Ajani, Caller of the Pride": 42, "Harbinger of the Tides": 1339, "Harbinger of the Tides_SB": 1340, "Cat Collector": 442, "Bottomless Pool && Locker Room_SB": 311, "Pile On_SB": 2185, "Growing Rites of Itlimoc": 1309, "Jump Scare": 1581, "Niko, Light of Hope": 2008, "Tunnel Surveyor": 3189, "Stalked Researcher": 2806, "Enter the Enigma_SB": 912, "Fear of Isolation_SB": 1016, "Ayara, Widow of the Realm": 169, "Deathmark_SB": 675, "Coruscation Mage": 590, "Throw from the Saddle": 3099, "Arachnoid Adaptation": 99, "Hammerhand": 1333, "War Squeak": 3421, "Longstalk Brawl_SB": 1764, "Thrill of Possibility_SB": 3097, "Season of Gathering": 2565, "Warren Warleader": 3432, "Seasoned Warrenguard_SB": 2575, "Lionheart Glimmer_SB": 1744, "Horrid Vigor_SB": 1445, "Omnivorous Flytrap_SB": 2066, "Roc Hunter": 2443, "Feldon, Ronom Excavator": 1035, "Scalding Viper": 2525, "Trial of Agony_SB": 3177, "Adventuring Gear_SB": 23, "Vicious Clown_SB": 3358, "Fear of Being Hunted_SB": 1008, "Into the Roil": 1513, "Into the Roil_SB": 1514, "Flowstone Infusion": 1103, "Osseous Sticktwister": 2084, "Splash Portal": 2783, "Splash Portal_SB": 2784, "Ghostly Dancers": 1196, "Rite of the Dragoncaller_SB": 2427, "Demonic Pact_SB": 713, "Ezrim, Agency Chief_SB": 972, "Valorous Stance": 3320, "Lodestone Needle": 1758, "Scytheclaw Raptor_SB": 2556, "Bring the Ending_SB": 353, "Sawblade Skinripper_SB": 2519, "Pitiless Carnage_SB": 2193, "Season of Loss_SB": 2568, "Zephyr Singer": 3518, "Bloodghast": 260, "Lunar Convocation_SB": 1790, "Bartolom\u00e9 del Presidio_SB": 196, "Valley Rotcaller_SB": 3317, "Funeral Room // Awakening Hall_SB": 1148, "Silver Scrutiny_SB": 2658, "Cunning Coyote_SB": 627, "Debris Beetle": 676, "Wastewood Verge": 3435, "Llanowar Loamspeaker": 1754, "Vein Ripper_SB": 3337, "Ketramose, the New Dawn": 1625, "Bleachbone Verge": 247, "Intimidation Tactics": 1509, "Grim Bauble": 1305, "Momentum Breaker": 1932, "Spell Pierce": 2759, "Outpace Oblivion_SB": 2096, "Ride's End": 2414, "Molt Tender": 1921, "Fauna Shaman": 1004, "Draconautics Engineer": 787, "Loot, the Pathfinder": 1767, "Afterburner Expert": 31, "Dredger's Insight": 821, "Restless Spire_SB": 2402, "Oildeep Gearhulk_SB": 2052, "Oildeep Gearhulk": 2051, "Haunt the Network_SB": 1355, "Sunbillow Verge": 2890, "Willowrush Verge": 3459, "Eriette of the Charmed Apple": 917, "Surgical Suite // Hospital Room_SB": 2914, "Thousand Moons Smithy": 3076, "Transmutation Font": 3165, "Braided Net_SB": 319, "Defend the Rider": 691, "Hazoret, Godseeker": 1363, "Monument to Endurance": 1945, "Gleeful Demolition_SB": 1237, "Muraganda Raceway": 1963, "Nesting Bot": 1992, "Diversion Unit": 768, "Mendicant Core, Guidelight": 1871, "Repurposing Bay": 2378, "Gumdrop Poisoner": 1321, "Chandra, Spark Hunter_SB": 475, "Spinner of Souls_SB": 2778, "Bounce Off": 314, "Tomik, Wielder of Law_SB": 3146, "Engine Rat": 904, "Teysa, Opulent Oligarch": 2996, "Gonti, Night Minister": 1271, "Perilous Snare": 2151, "Mindspring Merfolk": 1893, "Lifecraft Engine": 1722, "Caelorna, Coral Tyrant_SB": 398, "Zephyr Singer_SB": 3519, "Overgrown Zealot": 2102, "Transit Mage": 3164, "Brightglass Gearhulk": 349, "The Aetherspark": 2999, "Ratadrabik of Urborg": 2310, "Regal Imperiosaur": 2360, "Tyrox, Saurid Tyrant": 3208, "Scytheclaw Raptor": 2555, "Agonasaur Rex": 37, "Riptide Gearhulk": 2421, "Unwanted Remake": 3274, "Riverchurn Monument": 2432, "Explosive Derailment_SB": 961, "Captain Howler, Sea Scourge": 415, "Marauding Mako": 1837, "Scrounging Skyray": 2554, "Riverpyre Verge": 2435, "Phyrexian Dragon Engine": 2169, "Gastal Thrillroller": 1167, "Mishra's Command": 1906, "Voyager Glidecar": 3404, "Greasewrench Goblin": 1288, "Bounce Off_SB": 315, "Grim Bauble_SB": 1306, "Momentum Breaker_SB": 1933, "Lightwheel Enhancements": 1734, "Memory Guardian": 1870, "Diversion Unit_SB": 769, "Mishra, Claimed by Gix": 1909, "Hidden Necropolis": 1410, "The Speed Demon_SB": 3044, "Webstrike Elite": 3443, "Atraxa's Fall_SB": 150, "Defend the Rider_SB": 692, "Intimidation Tactics_SB": 1510, "Boosted Sloop": 301, "Fearless Swashbuckler": 1024, "Unctus, Grand Metatect": 3228, "Broadside Barrage": 360, "The Aetherspark_SB": 3000, "Melira, the Living Cure_SB": 1868, "Bloated Contaminator_SB": 253, "Voyage Home": 3403, "Esoteric Duplicator": 929, "Aether Syphon_SB": 28, "Monument to Endurance_SB": 1946, "Coiling Rebirth_SB": 529, "Restless Anchorage_SB": 2391, "Heliod, the Radiant Dawn": 1381, "Twinblade Blessing": 3194, "Lumbering Worldwagon": 1784, "Mu Yanling, Wind Rider": 1958, "Overrun": 2116, "Gastal Thrillroller_SB": 1168, "Burnout Bashtronaut": 384, "Gastal Thrillseeker": 1169, "The Speed Demon": 3043, "The Last Ride": 3024, "Amonkhet Raceway": 62, "Ancient Vendetta_SB": 74, "Demonic Junker": 710, "Nexus of Becoming": 2000, "Webstrike Elite_SB": 3444, "Fuel the Flames_SB": 1141, "Overlord of the Hauntwoods_SB": 2111, "Spectacular Pileup": 2752, "Optimistic Scavenger_SB": 2073, "Farsight Ritual": 1001, "Bringer of the Last Gift": 354, "Terisian Mindbreaker": 2986, "Skitterbeam Battalion": 2674, "Fuel the Flames": 1140, "Skycrash": 2685, "Broadside Barrage_SB": 361, "Dropkick Bomber": 823, "Howlsquad Heavy": 1449, "Reckless Lackey": 2336, "Quag Feast": 2260, "Gastal Raider_SB": 1166, "Count on Luck_SB": 595, "Sandstalker Moloch_SB": 2505, "Conduit of Worlds_SB": 554, "Two-Headed Hunter": 3206, "Chandra, Spark Hunter": 474, "Coalstoke Gearhulk_SB": 525, "Kutzil, Malamet Exemplar": 1674, "Thopter Fabricator_SB": 3064, "Thunderous Velocipede": 3109, "Coati Scavenger": 526, "Quag Feast_SB": 2261, "Blast Zone_SB": 242, "Debris Beetle_SB": 677, "Expel the Interlopers_SB": 955, "Visage of Dread": 3375, "Pit Automaton": 2190, "Visage of Dread_SB": 3376, "The Last Ride_SB": 3025, "Stock Up": 2838, "Reasonable Doubt": 2331, "Flow of Knowledge": 1100, "Sazacap's Brew": 2522, "Invasion of Mercadia": 1530, "Playful Shove": 2199, "Red Sun's Twilight_SB": 2346, "Perilous Snare_SB": 2152, "Collision Course_SB": 539, "Claim Jumper": 506, "Starscape Cleric_SB": 2815, "Spectacular Pileup_SB": 2753, "Gas Guzzler": 1164, "Far Fortune, End Boss": 1000, "Overrun_SB": 2117, "Wardens of the Cycle_SB": 3427, "Painful Quandary_SB": 2126, "Leaf-Crowned Visionary_SB": 1697, "Mossborn Hydra_SB": 1952, "Drag to the Roots_SB": 793, "Flotsam // Jetsam_SB": 1098, "Soul of Windgrace": 2738, "Binding Negotiation_SB": 226, "Spectral Interference_SB": 2757, "Say Its Name_SB": 2521, "Ghitu Lavarunner": 1192, "Full Throttle_SB": 1144, "Loot, the Key to Everything_SB": 1766, "Loot, the Pathfinder_SB": 1768, "Lassoed by the Law_SB": 1682, "Spring-Loaded Sawblades_SB": 2793, "Unstable Glyphbridge_SB": 3266, "Urza's Command_SB": 3295, "Thalia and The Gitrog Monster_SB": 2998, "Ride's End_SB": 2415, "Reclamation Sage": 2339, "Bristling Backwoods": 357, "Become Brutes": 211, "Dive Down": 766, "Ozolith, the Shattered Spire": 2124, "Scrollshift_SB": 2553, "Zahur, Glory's Past": 3513, "Coppercoat Vanguard": 572, "Basri, Tomorrow's Champion": 200, "Skyseer's Chariot_SB": 2692, "Bristlebud Farmer_SB": 356, "Third Path Iconoclast_SB": 3058, "Ashiok, Wicked Manipulator_SB": 135, "Voyager Glidecar_SB": 3405, "Ancient Vendetta": 73, "Shoreline Looter": 2641, "Engine Rat_SB": 905, "Essence Channeler_SB": 932, "Lunar Insight": 1791, "Visage Bandit": 3374, "Waxen Shapethief": 3439, "Coalstoke Gearhulk": 524, "Dune Drifter": 830, "Restless Bivouac_SB": 2393, "Invasion of Regatha_SB": 1532, "Ketramose, the New Dawn_SB": 1626, "Locust Spray": 1757, "Proft's Eidetic Memory_SB": 2233, "Gruff Triplets": 1310, "Starfall Invocation_SB": 2812, "Belligerent Yearling": 215, "The Skullspore Nexus": 3041, "Intrepid Paleontologist_SB": 1516, "Jodah, the Unifier_SB": 1572, "Rampaging Raptor": 2302, "Agonasaur Rex_SB": 38, "Ferocification_SB": 1048, "Forlorn Flats": 1117, "Veteran Survivor": 3351, "Sword of Forge and Frontier_SB": 2928, "Kellan, Inquisitive Prodigy_SB": 1619, "Caradora, Heart of Alacria": 419, "Veteran Beastrider": 3350, "Skyseer's Chariot": 2691, "Valor's Flagship": 3318, "Coveted Falcon": 597, "Impulse": 1479, "The Elder Dragon War_SB": 3006, "Twining Twins": 3197, "Threadbind Clique": 3085, "Boommobile_SB": 298, "Radiant Lotus_SB": 2278, "Boommobile": 297, "Forging the Anchor": 1115, "Radiant Lotus": 2277, "The Mightstone and Weakstone_SB": 3029, "Bloodthorn Flail": 268, "Flamewake Phoenix": 1082, "Cryptcaller Chariot_SB": 616, "Slick Sequence": 2706, "Spiteful Hexmage_SB": 2782, "Riverchurn Monument_SB": 2433, "Riptide Gearhulk_SB": 2422, "Volley Veteran": 3396, "Redshift, Rocketeer Chief": 2351, "Kami of Whispered Hopes": 1594, "Furnace Host Charger": 1150, "Clamorous Ironclad": 510, "Wishing Well": 3472, "Frolicking Familiar": 1134, "Alania, Divergent Storm": 49, "Resplendent Angel_SB": 2386, "Tinker's Tote": 3119, "Cephalopod Sentry": 465, "Haunt the Network": 1354, "Sorcerous Spyglass": 2732, "Demonic Junker_SB": 711, "Thopter Fabricator": 3063, "Marketback Walker": 1844, "Sylvan Scavenging": 2934, "Sab-Sunen, Luxa Embodied": 2488, "Simian Simulacrum": 2660, "Broodheart Engine": 364, "Likeness Looter": 1735, "Reluctant Role Model": 2369, "Bulwark Ox": 377, "Reluctant Role Model_SB": 2370, "Boom Box": 295, "Possession Engine": 2220, "Conduit of Worlds": 553, "Broadcast Rambler": 359, "Gargantuan Leech": 1161, "Captivating Cave": 418, "Cavernous Maw": 457, "Forgotten Monument": 1116, "Hearth Elemental": 1374, "Promising Vein": 2238, "Hidden Courtyard": 1408, "Bat Colony": 201, "Calamitous Cave-In": 399, "Hidden Volcano": 1412, "Marketback Walker_SB": 1845, "Highway Robbery": 1421, "Daretti, Rocketeer Engineer": 645, "Threefold Thunderhulk": 3094, "Tune Up": 3187, "Meteor Golem_SB": 1876, "Leyline Binding_SB": 1712, "Market Gnome_SB": 1843, "The Goose Mother": 3017, "Gastal Raider": 1165, "Oviya, Automech Artisan": 2123, "Virtue of Courage": 3366, "Mold Adder_SB": 1920, "Itzquinth, Firstborn of Gishath": 1547, "The Skullspore Nexus_SB": 3042, "Burnout Bashtronaut_SB": 385, "Sovereign Okinec Ahau": 2750, "Gloryheath Lynx": 1246, "Servant of the Stinger": 2600, "The Raven Man": 3036, "The Raven Man_SB": 3037, "Halana and Alena, Partners_SB": 1327, "Valor's Flagship_SB": 3319, "Tocasia's Welcome_SB": 3139, "Stall Out": 2808, "Stall Out_SB": 2809, "Cosmium Confluence": 593, "Festival of Embers": 1051, "Hidden Nursery": 1411, "Union of the Third Path_SB": 3253, "Balustrade Wurm": 181, "Charming Prince": 484, "Gossip's Talent": 1273, "Skycrash_SB": 2686, "Mephitic Draught": 1873, "Nexus of Becoming_SB": 2001, "Soulless Jailer_SB": 2744, "Collector's Vault_SB": 537, "Thran Spider_SB": 3083, "Sab-Sunen, Luxa Embodied_SB": 2489, "Earthrumbler": 847, "Akal Pakal, First Among Equals_SB": 48, "Drana and Linvala_SB": 812, "Lavaspur Boots_SB": 1690, "Voldaren Thrillseeker_SB": 3395, "Thunderous Velocipede_SB": 3110, "Chitin Gravestalker": 492, "Starving Revenant_SB": 2817, "Stock Up_SB": 2839, "Restless Ridgeline_SB": 2400, "Fear of Infinity_SB": 1014, "Ojer Pakpatiq, Deepest Epoch_SB": 2055, "Oko, the Ringleader": 2056, "Forensic Researcher": 1112, "Deepfathom Echo": 686, "Desperate Bloodseeker_SB": 723, "Steamcore Scholar_SB": 2826, "Dredger's Insight_SB": 822, "Fauna Shaman_SB": 1005, "Phyrexian Missionary_SB": 2173, "Sunder the Gateway": 2891, "Malcator, Purity Overseer": 1822, "Reject Imperfection_SB": 2364, "Vivisurgeon's Insight_SB": 3382, "Baral and Kari Zev": 189, "Enigma Drake": 907, "Eroded Canyon": 919, "Trained Arynx": 3158, "Ornery Tumblewagg": 2080, "Giant Beaver": 1199, "Lagorin, Soul of Alacria": 1678, "Miriam, Herd Whisperer": 1897, "Congregation Gryff": 557, "Brightfield Glider": 348, "Creosote Heath": 606, "Run Over_SB": 2474, "Night Market": 2003, "Stockpiling Celebrant": 2841, "Carrion Locust_SB": 423, "Skullcap Snail_SB": 2682, "Stockpiling Celebrant_SB": 2842, "Macabre Waltz": 1801, "Wary Thespian": 3434, "Haunted Mire": 1356, "Overwhelming Remorse_SB": 2119, "Akal Pakal, First Among Equals": 47, "Forensic Gadgeteer": 1110, "Deduce_SB": 681, "Wreck Remover_SB": 3489, "River's Rebuke": 2430, "Brave the Wilds": 331, "Fog of War_SB": 1105, "Armored Scrapgorger": 128, "Fierce Empath": 1056, "Spinewoods Paladin": 2775, "Mocking Sprite": 1916, "Talion's Messenger": 2950, "Barrow Naughty": 194, "Faerie Slumber Party": 987, "Drag the Canal": 789, "Soured Springs": 2749, "Spellscorn Coven": 2766, "Etrata, Deadly Fugitive": 943, "Coerced to Kill": 527, "Unstoppable Plan_SB": 3267, "Shadow-Rite Priest": 2605, "Training Grounds": 3159, "Hoarding Broodlord": 1428, "Nullpriest of Oblivion": 2032, "Nahiri's Warcrafting_SB": 1977, "Oaken Siren": 2037, "Guidelight Optimizer": 1318, "Fountainport Bell": 1126, "Machine Over Matter_SB": 1802, "Crumb and Get It_SB": 613, "Flame Lash": 1078, "Exsanguinate_SB": 964, "Exsanguinate": 963, "Tranquil Cove_SB": 3161, "Syr Ginger, the Meal Ender_SB": 2939, "Callous Sell-Sword_SB": 406, "Legion Extruder_SB": 1701, "Furnace Punisher_SB": 1151, "Hearth Elemental_SB": 1375, "Krenko's Buzzcrusher": 1665, "Irreverent Gremlin": 1543, "Blade of the Oni": 236, "Blightstep Pathway": 251, "Bloodtithe Harvester": 269, "Mutavault": 1969, "Urborg, Tomb of Yawgmoth": 3289, "Extinction Event_SB": 966, "Invoke Despair_SB": 1539, "Go Blank_SB": 1250, "Hidetsugu Consumes All_SB": 1414, "Unlicensed Hearse_SB": 3255, "Greasefang, Okiba Boss": 1287, "Parhelion II": 2134, "Shattered Sanctum": 2613, "Faithful Mending": 988, "Skysovereign, Consul Flagship": 2694, "Tainted Indulgence": 2943, "Hallowed Fountain": 1330, "Collective Brutality": 531, "Geier Reach Sanitarium": 1172, "Raffine's Tower": 2280, "Stubborn Denial": 2869, "Vanishing Verse": 3330, "Dovin's Veto_SB": 784, "Ashiok, Dream Render_SB": 132, "Silence_SB": 2653, "Fatal Push_SB": 1003, "Deafening Silence_SB": 671, "Vanishing Verse_SB": 3331, "Spara's Headquarters": 2751, "Overgrown Tomb": 2101, "Breeding Pool": 346, "Linvala, the Preserver": 1742, "Enigmatic Incarnation": 908, "Zagoth Triome": 3512, "Skyclave Apparition": 2684, "Indatha Triome": 1480, "Savai Triome": 2515, "Thought Distortion_SB": 3070, "Yorion, Sky Nomad_SB": 3504, "Archon of Emeria_SB": 118, "Knockout Blow_SB": 1650, "Ruric Thar, the Unbowed_SB": 2479, "Voldaren Epicure": 3393, "Ensoul Artifact": 910, "Riverglide Pathway": 2434, "Darksteel Citadel": 652, "Shrapnel Blast": 2644, "Smuggler's Copter": 2715, "Rending Volley_SB": 2373, "Shadowspear_SB": 2606, "Voltage Surge_SB": 3398, "Aether Gust_SB": 27, "Annul_SB": 91, "Cragcrown Pathway": 599, "Ramunap Ruins": 2305, "Soul-Scar Mage": 2741, "Reckless Rage": 2338, "Hazoret the Fervent_SB": 1362, "Redcap Melee_SB": 2348, "Experimental Frenzy_SB": 958, "Anger of the Gods_SB": 78, "Claim // Fame": 505, "Infuriate": 1489, "Kumano Faces Kakkazan": 1671, "Grafdigger's Cage_SB": 1277, "Claim the Firstborn_SB": 509, "Extinction Event": 965, "Gifted Aetherborn_SB": 1204, "Cauldron Familiar": 448, "Deadly Dispute": 668, "Mayhem Devil": 1856, "Witch's Oven": 3474, "Claim the Firstborn": 508, "Ob Nixilis, the Adversary_SB": 2041, "Castle Locthwain": 441, "Clearwater Pathway": 517, "Field of Ruin": 1053, "Hall of Storm Giants": 1328, "Hive of the Eye Tyrant": 1427, "Narset, Parter of Veils": 1979, "Omen of the Sea": 2062, "Paradoxical Outcome": 2133, "Shipwreck Marsh": 2627, "Takenuma, Abandoned Mire": 2949, "The Meathook Massacre": 3026, "Weathered Runestone_SB": 3442, "Pitiless Carnage": 2192, "Dynamite Diver": 845, "Guidelight Synergist": 1319, "Kolodin, Triumph Caster": 1655, "Burner Rocket": 381, "Cloudspire Skycycle": 523, "Frenzied Goblin": 1130, "Count on Luck": 594, "Doubling Season_SB": 783, "Fanatical Firebrand_SB": 995, "Frenzied Goblin_SB": 1131, "Reckless Lackey_SB": 2337, "Howlsquad Heavy_SB": 1450, "Rundvelt Hordemaster_SB": 2476, "District Mascot": 761, "Shivan Devastator": 2628, "Zimone, Paradox Sculptor": 3523, "Tyvar, the Pummeler_SB": 3217, "Zopandrel, Hunger Dominus_SB": 3527, "Aurelia, the Warleader": 155, "Gilded Ghoda": 1207, "Vanish into Eternity_SB": 3329, "Lightning Axe": 1725, "Arclight Phoenix": 119, "Stormcarved Coast": 2850, "Treasure Cruise": 3172, "Spikefield Hazard": 2772, "Fiery Impulse": 1059, "Izzet Charm": 1553, "Prismari Command": 2228, "Fear of Infinity": 1013, "Fetid Pools": 1052, "Yorion, Sky Nomad": 3503, "Dawnwing Marshal": 657, "Leonin Vanguard": 1706, "Savannah Lions": 2516, "Elvish Mystic": 884, "Nykthos, Shrine to Nyx": 2036, "Kiora, Behemoth Beckoner": 1632, "Cavalier of Thorns": 453, "Old-Growth Troll": 2058, "Lair of the Hydra": 1679, "Storm the Festival": 2849, "Ulvenwald Oddity": 3222, "Oath of Nissa": 2039, "Leyline of the Guildpact": 1717, "Emrakul, the Promised End_SB": 889, "Setessan Petitioner_SB": 2602, "Arasta of the Endless Web_SB": 102, "Ledger Shredder": 1699, "Brazen Borrower_SB": 333, "Prismari Command_SB": 2229, "Ashiok, Nightmare Muse_SB": 133, "Kroxa, Titan of Death's Hunger": 1670, "Foreboding Ruins": 1109, "Invoke Despair": 1538, "Rakdos, Patron of Chaos": 2292, "Kolaghan's Command_SB": 1654, "Bishop of Wings": 227, "Righteous Valkyrie": 2417, "Resplendent Marshal": 2387, "Collected Company": 530, "Kayla's Reconstruction": 1608, "Portable Hole": 2214, "Branchloft Pathway": 328, "Cave of the Frost Dragon": 454, "Overgrown Farmland": 2100, "Temple Garden": 2969, "Eiganjo, Seat of the Empire": 860, "Brutal Cathar_SB": 371, "Reidane, God of the Worthy_SB": 2361, "Archon of Absolution_SB": 116, "Shapers' Sanctuary_SB": 2609, "Brave the Elements_SB": 330, "Heroic Intervention_SB": 1403, "Haunted Ridge": 1357, "Bonecrusher Giant": 289, "Burning-Tree Emissary": 383, "Chandra, Torch of Defiance": 476, "Collision // Colossus": 538, "Gruul Spellbreaker": 1312, "Kami's Flare": 1595, "Pelt Collector": 2148, "Voltaic Brawler": 3399, "Zhur-Taa Goblin": 3521, "Bonecrusher Giant_SB": 290, "Chandra, Torch of Defiance_SB": 477, "Cindervines_SB": 500, "Kami's Flare_SB": 1596, "Roiling Vortex_SB": 2451, "Sigarda's Aid": 2651, "Colossus Hammer": 543, "Raffine's Informant": 2279, "Sylvan Caryatid": 2933, "Eldritch Evolution": 863, "Mana Confluence": 1828, "Soulflayer": 2743, "Collective Brutality_SB": 532, "Bloodline Culling_SB": 264, "Portable Hole_SB": 2215, "Leyline of Sanctity_SB": 1715, "Barrier Breach_SB": 193, "Laughing Jasper Flint_SB": 1687, "Arcanis the Omnipotent": 105, "Drag to the Bottom": 791, "Titania's Command_SB": 3130, "Rocky Roads": 2446, "Lumbering Worldwagon_SB": 1785, "Cosmic Rebirth_SB": 592, "Mondrak, Glory Dominus_SB": 1940, "Become Brutes_SB": 212, "Spin Out_SB": 2773, "Ravine Raider_SB": 2319, "Cindering Cutthroat_SB": 499, "Steampath Charger_SB": 2827, "Risky Shortcut_SB": 2424, "Mimeoplasm, Revered One": 1890, "Devouring Sugarmaw": 733, "Amalia Benavides Aguirre_SB": 58, "Elas il-Kor, Sadistic Pilgrim_SB": 862, "Fiendish Panda_SB": 1055, "Knight of Dawn's Light_SB": 1643, "Spectral Interference": 2756, "Ruthless Negotiation_SB": 2487, "Outcaster Greenblade": 2092, "Map the Frontier": 1833, "No Witnesses_SB": 2019, "Khenra Spellspear": 1627, "Silken Strength": 2656, "Divine Resilience": 770, "Greenhouse // Rickety Gazebo": 1298, "Mirror Room // Fractured Realm": 1901, "Unflinching Courage_SB": 3245, "Radiant Grove": 2276, "Streetwise Negotiator_SB": 2865, "Winter, Cursed Rider": 3467, "Eddymurk Crab_SB": 854, "Tolarian Terror_SB": 3142, "Drake Hatcher_SB": 809, "Goblin Oriflamme": 1258, "Etched Familiar": 940, "Haughty Djinn_SB": 1353, "Spyglass Siren_SB": 2795, "Realm-Scorcher Hellkite": 2327, "Sentinel of Lost Lore_SB": 2590, "Herd Migration_SB": 1398, "Gisa, the Hellraiser_SB": 1213, "Kykar, Zephyr Awakener": 1676, "Lathril, Blade of the Elves_SB": 1685, "The Huntsman's Redemption_SB": 3019, "Gixian Infiltrator_SB": 1222, "Armored Armadillo_SB": 127, "Gloryheath Lynx_SB": 1247, "Threefold Thunderhulk_SB": 3095, "Cryptcaller Chariot": 615, "Case of the Locked Hothouse": 431, "Walk-In Closet // Forgotten Cellar": 3417, "Primeval Bounty": 2226, "Stingerback Terror_SB": 2837, "Grand Entryway && Elegant Rotunda": 1281, "Karn, Living Legacy_SB": 1600, "Steel Hellkite_SB": 2828, "Rangers' Refueler": 2306, "Meeting of Minds": 1865, "Mindsparker_SB": 1891, "Voracious Greatshark": 3400, "Aloe Alchemist": 55, "Gigantosaurus": 1205, "Llanowar Greenwidow": 1753, "Llanowar Stalker": 1755, "Ghalta, Primal Hunger_SB": 1188, "Gigantosaurus_SB": 1206, "Disenchant": 746, "Captain Howler, Sea Scourge_SB": 416, "Cursed Recording_SB": 631, "Commune with Evil": 549, "Thirsting Roots": 3059, "Lukka, Bound to Ruin": 1782, "The Stasis Coffin": 3045, "The Everflowing Well": 3012, "Kellan Joins Up": 1615, "Ovika, Enigma Goliath_SB": 2122, "Quaketusk Boar": 2262, "Demonic Counsel": 709, "Bestow Greatness_SB": 218, "Leaping Ambush": 1698, "Raucous Theater_SB": 2317, "Rockface Village_SB": 2445, "Flowstone Infusion_SB": 1104, "Alesha, Who Laughs at Fate_SB": 52, "Feed the Swarm": 1031, "Progenitor Exarch": 2234, "Agatha of the Vile Cauldron": 33, "Invasion of Karsus_SB": 1529, "Detention Chariot": 730, "Push the Limit": 2252, "Gallant Strike": 1158, "Thundering Broodwagon": 3106, "Primal Might_SB": 2225, "Stern Lesson": 2832, "Stormkeld Vanguard_SB": 2854, "Reckless Handling": 2335, "Annie Joins Up_SB": 88, "Bramble Familiar_SB": 324, "Moonshaker Cavalry_SB": 1948, "Ancient Den": 72, "Boros Garrison": 304, "Experimental Synthesizer": 959, "Galvanic Blast": 1159, "Glint Hawk": 1240, "Great Furnace": 1291, "Journey to Nowhere": 1577, "Kor Skyfisher": 1659, "Lembas": 1705, "Makeshift Munitions": 1821, "Relic of Progenitus": 2366, "Rustvale Bridge": 2483, "Thraben Inspector": 3080, "Dust to Dust_SB": 838, "Electrickery_SB": 864, "Prismatic Strands_SB": 2231, "Pyroblast_SB": 2253, "Red Elemental Blast_SB": 2345, "Relic of Progenitus_SB": 2367, "Boomerang": 296, "Brainstorm": 322, "Cryptic Serpent": 619, "Deep Analysis": 683, "Delver of Secrets": 704, "Dragon Wings": 798, "L\u00f3rien Revealed": 1797, "Mental Note": 1872, "Murmuring Mystic": 1967, "Ponder": 2213, "Sleep of the Dead": 2700, "Snow-Covered Island": 2722, "Blue Elemental Blast_SB": 279, "Deem Inferior_SB": 682, "Dispel_SB": 752, "Hydroblast_SB": 1462, "Jace's Phantasm_SB": 1557, "Murmuring Mystic_SB": 1968, "Sleep of the Dead_SB": 2701, "Radiant Fountain": 2275, "Goldmire Bridge": 1264, "Bojuka Bog": 282, "Orzhov Basilica": 2081, "Sunlit Marsh": 2897, "Troll of Khazad-d\u00fbm": 3183, "Eagles of the North": 846, "Dawnbringer Cleric": 656, "Omen of the Dead": 2061, "Cast Down": 439, "Accursed Marauder": 12, "Refurbished Familiar": 2353, "Vault of Whispers": 3332, "Suffocating Fumes": 2872, "Campfire_SB": 407, "Arms of Hadar_SB": 130, "Unmake_SB": 3256, "Accursed Marauder_SB": 13, "Cast Down_SB": 440, "Beckon Apparition_SB": 210, "Thraben Charm_SB": 3079, "Thorn of the Black Rose_SB": 3066, "Arashin Cleric_SB": 101, "Lazav, Wearer of Faces_SB": 1695, "Invasion of Tarkir_SB": 1534, "Harmless Offering_SB": 1346, "Return Triumphant": 2409, "Souls of the Lost_SB": 2746, "Wildwood Scourge": 3458, "Slickshot Lockpicker_SB": 2708, "Flashfreeze": 1085, "Cori-Steel Cutter": 580, "Heritage Reclamation": 1399, "Scavenger Regent // Exude Toxin // Scavenger Regent": 2531, "Qarsi Revenant": 2258, "Strategic Betrayal_SB": 2863, "Scavenger Regent // Exude Toxin // Scavenger Regent_SB": 2532, "Mistrise Village": 1912, "Roiling Dragonstorm": 2449, "Marang River Regent": 1834, "Jeskai Revelation_SB": 1566, "Voice of Victory_SB": 3386, "Clarion Conqueror_SB": 513, "Rakshasa's Bargain": 2295, "Fangkeeper's Familiar": 998, "Awaken the Honored Dead_SB": 165, "Heritage Reclamation_SB": 1400, "Sunpearl Kirin": 2898, "Magmatic Hellkite_SB": 1812, "Interface Ace": 1505, "Synchronized Charge": 2936, "Surrak, Elusive Hunter": 2917, "Surrak, Elusive Hunter_SB": 2918, "Elspeth, Storm Slayer": 877, "Rally the Monastery": 2300, "Cori Mountain Monastery": 576, "Dispelling Exhale": 753, "Jeskai Revelation": 1565, "Shiko, Paragon of the Way": 2624, "United Battlefront": 3254, "Sandsteppe Citadel": 2506, "Skirmish Rhino": 2673, "Elspeth, Storm Slayer_SB": 878, "Desperate Measures": 724, "Rot-Curse Rakshasa": 2457, "Auroral Procession": 156, "Opulent Palace": 2074, "Glacial Dragonhunt": 1224, "Tersa Lightshatter": 2993, "Winternight Stories": 3468, "Tersa Lightshatter_SB": 2994, "Sage of the Skies_SB": 2493, "Herd Heirloom": 1395, "Frontline Rush": 1136, "Tempest Hawk": 2968, "Static Snare": 2821, "Gilded Lotus_SB": 1208, "Cori-Steel Cutter_SB": 581, "Kishla Village": 1637, "Restless Vents_SB": 2404, "Magmatic Hellkite": 1811, "Sarkhan, Dragon Ascendant": 2512, "Sarkhan, Soul Aflame": 2513, "Pit of Offerings": 2191, "Static Snare_SB": 2822, "Gulping Scraptrap": 1320, "Unending Whisper": 3243, "Mystic Monastery": 1972, "Stormshriek Feral": 2857, "Stormshriek Feral_SB": 2858, "Wild Ride": 3455, "Kayla's Reconstruction_SB": 1609, "Rediscover the Way": 2349, "Flamehold Grappler": 1081, "Cooped Up": 568, "Fresh Start_SB": 1132, "Two-Headed Hunter_SB": 3207, "Frostcliff Siege": 1138, "Duty Beyond Death_SB": 840, "Frontier Bivouac": 1135, "Dalkovan Encampment": 639, "Dragonologist": 807, "Scavenger Regent_SB": 2533, "Caustic Exhale": 451, "Disruptive Stormbrood": 755, "Scavenger Regent": 2530, "Qarsi Revenant_SB": 2259, "Dragon Sniper": 795, "Nature's Rhythm": 1982, "Broken Wings_SB": 363, "Songcrafter Mage": 2729, "Death Begets Life_SB": 672, "Bloomvine Regent": 273, "Encroaching Dragonstorm": 890, "Ugin, Eye of the Storms": 3218, "Drakuseth, Maw of Flames": 810, "Breaching Dragonstorm": 337, "Molten Exhale": 1924, "Molten Exhale_SB": 1925, "Bulwark Ox_SB": 378, "Ugin, Eye of the Storms_SB": 3219, "New Way Forward": 1998, "Awaken the Honored Dead": 164, "Teval, Arbiter of Virtue": 2995, "Caustic Exhale_SB": 452, "Fangkeeper's Familiar_SB": 999, "Temur Tawnyback": 2983, "Eshki Dragonclaw": 927, "Rugged Highlands": 2469, "Spinewoods Paladin_SB": 2776, "Voidwing Hybrid": 3387, "Torpor Orb": 3152, "Mercurial Spelldancer": 1874, "Blightbelly Rat_SB": 250, "Devoted Duelist": 732, "Prowcatcher Specialist_SB": 2242, "Ghitu Lavarunner_SB": 1193, "Fortress Kin-Guard": 1120, "Salt Road Packbeast": 2500, "Inspiring Overseer_SB": 1503, "Salt Road Packbeast_SB": 2501, "Mandible Justiciar": 1829, "Keldon Strike Team": 1614, "Sidisi, Regent of the Mire": 2649, "Gingerbrute_SB": 1211, "Undergrowth Leopard_SB": 3239, "Great Arashin City": 1289, "Maelstrom of the Spirit Dragon": 1805, "Slumbering Keepguard": 2711, "The Princess Takes Flight": 3034, "Kishla Skimmer": 1636, "Roar of Endless Song_SB": 2438, "Spectral Denial": 2754, "Overwhelming Surge_SB": 2121, "Corroding Dragonstorm": 584, "Voice of Victory": 3385, "Bleachbone Verge_SB": 248, "Sage of the Skies": 2492, "Rakshasa's Bargain_SB": 2296, "Helga, Skittish Seer": 1379, "Helga, Skittish Seer_SB": 1380, "Mistrise Village_SB": 1913, "Case of the Pilfered Proof": 433, "Coordinated Maneuver_SB": 571, "Winternight Stories_SB": 3469, "Craterhoof Behemoth": 601, "Craterhoof Behemoth_SB": 602, "Descendant of Storms": 718, "Severance Priest": 2603, "Yathan Roadwatcher": 3499, "Animist's Might": 81, "Flourishing Bloom-Kin": 1099, "Marang River Regent_SB": 1835, "Twists and Turns_SB": 3203, "Don't Make a Sound_SB": 776, "Sagu Wildling": 2494, "Moment of Craving": 1927, "Dragonback Assault": 800, "Behind the Mask": 214, "Seedglaive Mentor": 2579, "Channeled Dragonfire": 480, "Stadium Headliner": 2802, "Dispelling Exhale_SB": 754, "Twinmaw Stormbrood": 3198, "Simulacrum Synthesizer_SB": 2664, "Desperate Measures_SB": 725, "Ureni, the Song Unending": 3290, "Ringing Strike Mastery_SB": 2419, "Spectral Denial_SB": 2755, "Shiko, Paragon of the Way_SB": 2625, "Ureni, the Song Unending_SB": 3291, "Sinkhole Surveyor": 2667, "Muldrotha, the Gravetide_SB": 1962, "Harried Spearguard": 1347, "Toxin Analysis_SB": 3157, "Roiling Dragonstorm_SB": 2450, "Tinybones, Bauble Burglar_SB": 3123, "Fleeting Effigy": 1087, "Glacierwood Siege": 1226, "Disruptive Stormbrood_SB": 756, "Skullcap Snail": 2681, "Dire Flail": 742, "Rediscover the Way_SB": 2350, "New Way Forward_SB": 1999, "Rotisserie Elemental_SB": 2459, "Dalkovan Packbeasts": 640, "Coordinated Maneuver": 570, "Mardu Devotee": 1839, "Warren Warleader_SB": 3433, "Toby, Beastie Befriender_SB": 3137, "Mardu Devotee_SB": 1840, "Resolute Reinforcements_SB": 2384, "Triumphant Chomp_SB": 3182, "Rampaging Raptor_SB": 2303, "Earthshaker Dreadmaw_SB": 848, "Temur Battlecrier": 2982, "Strategic Betrayal": 2862, "Dinotomaton": 741, "Dragon Whelp": 797, "Dragonlord's Servant": 805, "Firespitter Whelp": 1076, "Kolaghan Warmonger": 1653, "Mox Jasper": 1957, "Shivan Dragon": 2629, "Viashino Branchrider_SB": 3355, "Firebrand Archer_SB": 1072, "Twin Bolt_SB": 3193, "Rumbling Rockslide_SB": 2472, "Skyraker Giant_SB": 2690, "Breaching Dragonstorm_SB": 338, "Drakuseth, Maw of Flames_SB": 811, "Ticket Booth // Tunnel of Hate_SB": 3113, "All-Out Assault": 54, "Inevitable Defeat": 1482, "Neriv, Heart of the Storm": 1990, "Zurgo, Thunder's Decree": 3537, "Inevitable Defeat_SB": 1483, "Thunder of Unity_SB": 3105, "Windcrag Siege_SB": 3464, "Zurgo's Vanguard": 3536, "Duty Beyond Death": 839, "Kheru Goldkeeper": 1628, "Ambling Stormshell": 59, "Bedrock Tortoise": 213, "Ainok Wayfarer": 40, "Overwhelming Surge": 2120, "Stern Lesson_SB": 2833, "Rabid Bite": 2270, "Polliwallop": 2208, "Felothar, Dawn of the Abzan": 1046, "Channeled Dragonfire_SB": 481, "Corroding Dragonstorm_SB": 585, "Oracle of Tragedy_SB": 2076, "Mardu Siegebreaker": 1841, "Floriferous Vinewall": 1097, "Bovine Intervention_SB": 317, "Combat Courier": 544, "Stasis Snare_SB": 2819, "Seal from Existence_SB": 2560, "Intrepid Stablemaster": 1517, "Guardian Sunmare": 1314, "Break the Spell": 342, "Take Out the Trash_SB": 2945, "Runescale Stormbrood": 2478, "Abyssal Harvester_SB": 10, "Clarion Conquerer_SB": 511, "Treacherous Greed": 3171, "Skyserpent Seeker_SB": 2693, "Itzquinth, Firstborn of Gishath_SB": 1548, "Moment of Truth_SB": 1931, "Helping Hand_SB": 1389, "Adarkar Wastes_SB": 19, "Floodfarm Verge_SB": 1094, "Meticulous Archive_SB": 1878, "Seachrome Coast_SB": 2558, "Twitching Doll_SB": 3205, "Under the Skin_SB": 3232, "Mondrak, Glory Dominus": 1939, "Stasis Snare": 2818, "Commune with Nature": 550, "Coordinated Clobbering": 569, "Take the Fall_SB": 2948, "Serum Snare_SB": 2599, "Infectious Bite_SB": 1485, "Elusive Otter_SB": 882, "Kraul Whipcracker": 1662, "Hurkyl, Master Wizard_SB": 1458, "Tomb Trawler": 3145, "Clarion Conqueror // Clarion Conqueror_SB": 512, "The Ancient One": 3001, "Twinmaw Stormbrood_SB": 3199, "Monastery Messenger": 1936, "Brineborn Cutthroat": 351, "Taurean Mauler": 2959, "Warden of the Grove": 3423, "Invasion of Ikoria": 1526, "Nomad Outpost": 2020, "Sonic Shrieker": 2731, "Curator of Destinies_SB": 629, "The Sibsig Ceremony": 3040, "Purging Stormbrood_SB": 2250, "Kickoff Celebrations": 1629, "Lord Skitter's Blessing": 1773, "Ayli, Eternal Pilgrim_SB": 171, "Stoic Sphinx": 2843, "Nullpriest of Oblivion_SB": 2033, "Confounding Riddle_SB": 556, "Combat Thresher": 546, "Windcrag Siege": 3463, "Glacial Dragonhunt_SB": 1225, "Glarb, Calamity's Augur_SB": 1228, "Heliod, the Radiant Dawn_SB": 1382, "Ghostly Dancers_SB": 1197, "Phyrexian Censor": 2167, "Terror of the Peaks_SB": 2992, "Calamity, Galloping Inferno_SB": 402, "Convenient Target_SB": 567, "Herd Heirloom_SB": 1396, "Vampiric Rites_SB": 3327, "Fear of Lost Teeth_SB": 1018, "Bloodghast_SB": 261, "Vampire Gourmand_SB": 3323, "Shocking Sharpshooter": 2635, "Melek, Reforged Researcher": 1866, "Pyrrhic Blast": 2257, "Bovine Intervention": 316, "Dragonfire Blade": 802, "Anafenza, Unyielding Lineage": 66, "Fires of Victory_SB": 1075, "Autonomous Assembler": 159, "Riling Dawnbreaker": 2418, "Watcher of the Wayside": 3436, "Restricted Office // Lecture Hall_SB": 2408, "Clay Champion": 515, "Nesting Bot_SB": 1993, "Osseous Exhale": 2083, "Frostcliff Siege_SB": 1139, "Unscrupulous Contractor": 3262, "Diabolic Intent": 737, "Gearbane Orangutan_SB": 1171, "Unyielding Gatekeeper_SB": 3277, "Shock Brigade": 2632, "Norn's Wellspring": 2024, "Case of the Uneaten Feast_SB": 438, "Return Triumphant_SB": 2410, "Spring Splasher": 2791, "Rise of the Varmints": 2423, "Undergrowth Leopard": 3238, "Grasping Longneck_SB": 1285, "Watcher of the Wayside_SB": 3437, "Aatchik, Emerald Radian": 0, "Ratcatcher Trainee": 2311, "Reigning Victor": 2362, "Worthy Cost": 3486, "Bone-Cairn Butcher": 287, "Salt Road Skirmish": 2502, "Starry-Eyed Skyrider": 2813, "Deadly Riposte": 669, "Derelict Attic // Widow's Walk_SB": 717, "Dirgur Island Dragon": 743, "Bloodfeather Phoenix_SB": 258, "Narset, Jeskai Waymaster": 1978, "Three Blind Mice_SB": 3088, "Annihilating Glare_SB": 90, "Branch of Vitu-Ghazi": 326, "Dragon Sniper_SB": 796, "Blue Sun's Twilight": 280, "Servant of the Stinger_SB": 2601, "Thrashing Brontodon": 3084, "Yarus, Roar of the Old Gods": 3498, "Sinkhole Surveyor_SB": 2668, "Revenge of the Rats": 2412, "Thunder of Unity": 3104, "Frontline Rush_SB": 1137, "Dalkovan Packbeasts_SB": 641, "Descendant of Storms_SB": 719, "Worthy Cost_SB": 3487, "War Effort_SB": 3420, "Shocking Sharpshooter_SB": 2636, "Lasyd Prowler": 1683, "Ob Nixilis, Captive Kingpin": 2040, "All Will Be One": 53, "Encroaching Mycosynth": 891, "Krenko, Baron of Tin Street": 1667, "Ice Out": 1463, "Crime Novelist": 607, "Breeches, Eager Pillager_SB": 345, "Convenient Target": 566, "Feral Encounter_SB": 1047, "Nature's Rhythm_SB": 1983, "Synchronized Charge_SB": 2937, "Viral Spawning_SB": 3365, "Grafted Butcher": 1278, "Voidwing Hybrid_SB": 3388, "Timeless Lotus": 3118, "Phyrexian Vindicator_SB": 2177, "Niv-Mizzet, Supreme_SB": 2013, "Perennation_SB": 2149, "Karplusan Forest_SB": 1602, "Urabrask_SB": 3283, "Kiora, Sovereign of the Deep_SB": 1633, "Kalastria Highborn": 1591, "Cori Mountain Monastery_SB": 577, "Peer Past the Veil_SB": 2145, "Campus Guide_SB": 408, "Eluge, the Shoreless Sea": 879, "Finale of Revelation": 1067, "Eliminate the Impossible": 873, "Eliminate the Impossible_SB": 874, "Finale of Revelation_SB": 1068, "Cat Collector_SB": 443, "Fumigate_SB": 1146, "Spelunking_SB": 2768, "Eshki Dragonclaw_SB": 928, "Songcrafter Mage_SB": 2730, "Filter Out": 1060, "Rot-Curse Rakshasa_SB": 2458, "Subterranean Schooner_SB": 2871, "Cori Mountain Stalwart": 578, "Aggressive Sabotage_SB": 36, "Izoni, Center of the Web_SB": 1552, "Dragon's Prey": 799, "Defibrillating Current": 695, "Alesha's Legacy": 50, "Emerge from the Cocoon": 887, "Midnight Mayhem": 1885, "Bone-Cairn Butcher_SB": 288, "Cori Mountain Stalwart_SB": 579, "Marshal of the Lost_SB": 1849, "Shock Brigade_SB": 2633, "Neriv, Heart of the Storm_SB": 1991, "Poised Practitioner_SB": 2203, "Hazoret, Godseeker_SB": 1364, "Redcap Gutter-Dweller_SB": 2347, "Liberator, Urza's Battlethopter": 1720, "Racers' Scoreboard": 2274, "Bulk Up_SB": 376, "Markov Baron": 1846, "Pulse Tracker": 2248, "Misery's Shadow_SB": 1905, "Magmakin Artillerist": 1810, "Flood the Engine_SB": 1091, "Smile at Death": 2714, "Hero's Downfall": 1401, "Desecration Demon_SB": 721, "Whiskervale Forerunner": 3449, "Lost in the Maze": 1778, "Osteomancer Adept_SB": 2088, "Disdainful Stroke": 744, "Out Cold_SB": 2090, "Underground River_SB": 3237, "Gloomlake Verge_SB": 1245, "Darkslick Shores_SB": 649, "Ertai's Scorn": 924, "Swiftblade Vindicator": 2922, "Oltec Matterweaver": 2059, "Abzan Devotee": 11, "Gixian Puppeteer": 1223, "Veloheart Bike": 3338, "Migloz, Maze Crusher": 1888, "Dragonhawk, Fate's Tempest_SB": 804, "Hidetsugu and Kairi_SB": 1416, "Betor, Kin to All": 219, "Danitha, New Benalia's Light": 643, "Danitha, New Benalia's Light_SB": 644, "Walk-In Closet // Forgotten Cellar_SB": 3418, "Colossification_SB": 542, "Rite of Renewal": 2425, "Staff of Compleation": 2804, "Disturbing Mirth_SB": 765, "Encroaching Mycosynth_SB": 892, "Mortify_SB": 1950, "Bandit's Haul": 183, "Bumbleflower's Sharepot": 379, "Volt Charge": 3397, "Great Arashin City_SB": 1290, "Stadium Headliner_SB": 2803, "Draconautics Engineer_SB": 788, "Underground Mortuary_SB": 3235, "Wind-Scarred Crag": 3462, "Jeskai Devotee": 1564, "Kin-Tree Nurturer": 1630, "Nightblade Brigade": 2005, "Stormplain Detainment": 2855, "Marshal of the Lost": 1848, "Sunset Strikemaster": 2899, "Seize Opportunity": 2582, "Dragonback Lancer": 801, "Venerated Stormsinger": 3341, "Elesh Norn": 869, "Slickshot Lockpicker": 2707, "Zur, Eternal Schemer_SB": 3533, "Portal to Phyrexia_SB": 2217, "Tarrian's Journal_SB": 2956, "Invasion of Arcavios_SB": 1521, "Youthful Valkyrie_SB": 3508, "Stormscale Scion": 2856, "Dracogenesis": 786, "Tempest Hart": 2967, "Battlefield Forge_SB": 205, "Purging Stormbrood": 2249, "Piercing Exhale": 2182, "Battle-Rage Blessing": 203, "Gnawing Crescendo": 1248, "Outlaws' Fury": 2095, "Ashnod's Intervention_SB": 137, "Distorted Curiosity_SB": 760, "Lightshield Parry": 1733, "Lightfoot Technique": 1724, "Lazav, Familiar Stranger": 1693, "Sword of Wealth and Power_SB": 2932, "Stormsplitter_SB": 2860, "Lazav, Familiar Stranger_SB": 1694, "Vengeful Bloodwitch_SB": 3343, "Rith, Liberated Primeval": 2429, "Djeru and Hazoret": 772, "Cacophony Scamp_SB": 394, "Samut, Vizier of Naktamun_SB": 2504, "Cactusfolk Sureshot": 396, "Meticulous Excavation": 1879, "Naga Fleshcrafter_SB": 1975, "Sagu Wildling_SB": 2495, "Host of the Hereafter_SB": 1446, "Bloomvine Regent_SB": 274, "Stillness in Motion_SB": 2836, "Stalwart Successor_SB": 2810, "Defossilize_SB": 702, "Valgavoth's Faithful_SB": 3303, "Naga Fleshcrafter": 1974, "Valley Flamecaller_SB": 3311, "Avenger of the Fallen_SB": 163, "Bloodthirsty Conqueror_SB": 267, "Brightglass Gearhulk_SB": 350, "Yathan Roadwatcher_SB": 3500, "Severance Priest_SB": 2604, "Electroduplicate": 865, "Karn's Sylex": 1597, "Intimidation Campaign_SB": 1508, "Assemble the Players": 141, "Neighborhood Guardian": 1989, "Imperious Perfect_SB": 1477, "Opera Love Song": 2068, "Summon: Bahamut": 2876, "Summon: Knights of Round": 2881, "The Regalia_SB": 3038, "Cecil, Dark Knight": 461, "Dark Confidant": 646, "Joshua, Phoenix's Dominant": 1576, "Lightning, Army of One_SB": 1732, "Astrologian's Planisphere": 146, "Starting Town": 2816, "Vivi Ornitier": 3377, "Fire Magic_SB": 1070, "Ultima": 3220, "Tifa Lockhart": 3114, "Diamond Weapon": 739, "Town Greeter": 3155, "Ambrosia Whiteheart": 60, "Sidequest: Play Blitzball": 2648, "Exdeath, Void Warlock": 948, "Midgar, City of Mako": 1884, "Zell Dincht": 3515, "Sabotender": 2490, "Summon: Titan": 2884, "Tifa Lockhart_SB": 3115, "Ordeal of Nylea": 2078, "Summon: Fenrir": 2880, "Sazh's Chocobo": 2523, "Ride the Shoopuf": 2413, "Warden of the Grove_SB": 3424, "Yotia Declares War": 3505, "Lagomos, Hand of Hatred": 1677, "Gixian Infiltrator": 1221, "Jill, Shiva's Dominant": 1568, "Sleep Magic_SB": 2699, "Eluge, the Shoreless Sea_SB": 880, "Broken Wings": 362, "Avenger of the Fallen": 162, "Sephiroth, Fabled SOLDIER": 2593, "Resentful Revelation": 2381, "Restoration Magic_SB": 2406, "Resentful Revelation_SB": 2382, "Summon: Brynhildr": 2878, "Overkill_SB": 2103, "Lindblum, Industrial Regency": 1741, "Felling Blow": 1043, "Claws Out": 514, "Good-Fortune Unicorn": 1272, "Felidar Savior": 1040, "Angelic Destiny": 76, "Yuna, Hope of Spira": 3509, "Sugar Rush": 2873, "Coral Sword": 574, "Terra, Magical Adept": 2987, "Vivi Ornitier_SB": 3378, "Demon Wall": 708, "Summon: Bahamut_SB": 2877, "Esper Origins": 930, "Ultima_SB": 3221, "Cloud, Planet's Champion": 522, "Zack Fair": 3510, "Summoner's Grimoire": 2885, "Adelbert Steiner": 20, "Firion, Wild Rose Warrior": 1077, "Raubahn, Bull of Ala Mhigo": 2313, "Adventuring Gear": 22, "Cloud, Midgar Mercenary": 521, "Zack Fair_SB": 3511, "Sin, Spira's Punishment": 2665, "Summon: Primal Odin": 2883, "PuPu UFO": 2244, "Kefka, Court Mage": 1612, "Suplex_SB": 2903, "Worldsoul's Rage_SB": 3484, "Crossroads Village": 608, "Squall, SeeD Mercenary_SB": 2796, "Poison the Waters_SB": 2206, "Thunder Magic": 3103, "Opera Love Song_SB": 2069, "Astrologian's Planisphere_SB": 147, "Zanarkand, Ancient Metropolis": 3514, "Ishgard, the Holy See": 1544, "Kin-Tree Severance_SB": 1631, "Rowan's Grim Search": 2462, "Jumbo Cactuar": 1580, "Matoya, Archon Elder": 1854, "Magic Damper": 1809, "Il Mheg Pixie": 1468, "Hope Estheim": 1438, "Shanna, Purifying Blade": 2608, "Rosa, Resolute White Mage": 2456, "Serah Farron": 2594, "Kellan, the Kid": 1623, "Caelorna, Coral Tyrant": 397, "Louisoix's Sacrifice_SB": 1781, "Zenos yae Galvus_SB": 3516, "Annie Flash, the Veteran": 85, "Balthier and Fran": 180, "Traveling Chocobo": 3170, "Battle Menu": 202, "Coral Sword_SB": 575, "Self-Destruct_SB": 2588, "Dark Knight's Greatsword": 647, "Summon: Brynhildr_SB": 2879, "Adventurer's Inn": 21, "Summon: Knights of Round_SB": 2882, "The Gold Saucer": 3016, "The Fire Crystal": 3015, "Vanille, Cheerful l'Cie": 3328, "Fang, Fearless l'Cie": 997, "Lightning, Army of One": 1731}}