{"vocabulary": {"Anoint with Affliction": 94, "Cut Down": 643, "Darkslick Shores": 658, "Enduring Curiosity": 908, "Faerie Mastermind": 997, "Floodpits Drowner": 1110, "Gloomlake Verge": 1262, "Go for the Throat": 1269, "Island": 1567, "Kaito, Bane of Nightmares": 1608, "Nowhere to Run": 2058, "Preacher of the Schism": 2250, "Restless Reef": 2426, "Sheoldred's Edict": 2650, "Soulstone Sanctuary": 2780, "Spell Stutter": 2795, "Spyglass Siren": 2828, "Swamp": 2958, "Tishana's Tidebinder": 3170, "Underground River": 3280, "Anoint with Affliction_SB": 95, "Blot Out_SB": 282, "Cut Down_SB": 644, "Disfigure_SB": 759, "Duress_SB": 842, "Gix's Command_SB": 1235, "Malicious Eclipse_SB": 1853, "Negate_SB": 2015, "Preacher of the Schism_SB": 2251, "Sheoldred, the Apocalypse_SB": 2653, "Tishana's Tidebinder_SB": 3171, "Burst Lightning": 392, "Copperline Gorge": 581, "Emberheart Challenger": 897, "Heartfire Hero": 1390, "Hired Claw": 1446, "Innkeeper's Talent": 1512, "Karplusan Forest": 1624, "Manifold Mouse": 1857, "Monastery Swiftspear": 1965, "Monstrous Rage": 1971, "Mountain": 1983, "Questing Druid": 2292, "Restless Ridgeline": 2428, "Rockface Village": 2473, "Screaming Nemesis": 2581, "Snakeskin Veil": 2750, "Thornspire Verge": 3108, "Witchstalker Frenzy": 3521, "Innkeeper's Talent_SB": 1513, "Lithomantic Barrage_SB": 1770, "Obliterating Bolt_SB": 2071, "Pawpatch Formation_SB": 2169, "Scorching Shot_SB": 2572, "Snakeskin Veil_SB": 2751, "Torch the Tower_SB": 3192, "Wrenn and Realmbreaker_SB": 3537, "Lightning Strike": 1753, "Mishra's Foundry": 1935, "Sunspine Lynx_SB": 2940, "Twisted Fealty_SB": 3246, "Urabrask's Forge_SB": 3326, "Blooming Marsh": 276, "Forest": 1128, "Fountainport": 1140, "Gix's Command": 1234, "Glissa Sunslayer": 1259, "Harvester of Misery": 1369, "Llanowar Wastes": 1780, "Maelstrom Pulse": 1827, "Mosswood Dreadknight": 1981, "Restless Cottage": 2423, "Sheoldred, the Apocalypse": 2652, "Tear Asunder": 3000, "The End": 3047, "Thrun, Breaker of Silence": 3143, "Choking Miasma_SB": 502, "Harvester of Misery_SB": 1370, "Nissa, Ascended Animist_SB": 2038, "Tear Asunder_SB": 3001, "The End_SB": 3048, "Tranquil Frillback_SB": 3207, "Battlefield Forge": 207, "Flowerfoot Swordmaster": 1117, "Inspiring Vantage": 1525, "Lightning Helix": 1751, "Mabel, Heir to Cragflame": 1823, "Plains": 2224, "Raucous Carnival": 2343, "Restless Bivouac": 2421, "Shardmage's Rescue": 2642, "Sheltered by Ghosts": 2647, "Destroy Evil_SB": 737, "Exorcise_SB": 964, "Screaming Nemesis_SB": 2582, "Sheltered by Ghosts_SB": 2648, "Witchstalker Frenzy_SB": 3522, "Analyze the Pollen": 69, "Botanical Sanctum": 313, "Bushwhack": 394, "Cache Grab": 396, "Eddymurk Crab": 863, "Hedge Maze": 1398, "Rona's Vortex": 2481, "Seed of Hope": 2609, "Sleight of Hand": 2735, "Stormchaser's Talent": 2887, "This Town Ain't Big Enough": 3102, "Tolarian Terror": 3184, "Unsummon": 3314, "Up the Beanstalk": 3322, "Yavimaya Coast": 3547, "Go for the Throat_SB": 1270, "Keen-Eyed Curator_SB": 1634, "Minor Misstep_SB": 1921, "Nowhere to Run_SB": 2059, "Pick Your Poison_SB": 2209, "Swamp_SB": 2959, "The Swarmweaver_SB": 3090, "Faebloom Trick": 992, "Disdainful Stroke_SB": 755, "Ertai Resurrected": 934, "Mockingbird": 1944, "Ghost Vacuum_SB": 1212, "Three Steps Ahead_SB": 3132, "Atraxa, Grand Unifier": 153, "Cavern of Souls": 462, "Day of Judgment": 668, "Elspeth's Smite": 887, "Fabled Passage": 987, "Floodfarm Verge": 1108, "Get Lost": 1196, "Herd Migration": 1418, "Hushwood Verge": 1480, "Leyline Binding": 1735, "Lush Portico": 1818, "Meticulous Archive": 1903, "Overlord of the Floodpits": 2137, "Overlord of the Hauntwoods": 2139, "Overlord of the Mistmoors": 2141, "Restless Anchorage": 2419, "Scrollshift": 2583, "Shadowy Backstreet": 2639, "Split Up": 2818, "Sunfall": 2931, "Underground Mortuary": 3278, "Zur, Eternal Schemer": 3580, "Authority of the Consuls_SB": 160, "Beza, the Bounding Spring_SB": 227, "Doppelgang_SB": 791, "Elspeth's Smite_SB": 888, "Jace, the Perfected Mind_SB": 1582, "Rest in Peace_SB": 2418, "Split Up_SB": 2819, "Temporary Lockdown_SB": 3021, "Altanak, the Thrice-Called": 58, "Break Out": 345, "Fear of Missing Out": 1032, "Hard-Hitting Question": 1361, "Keen-Eyed Curator": 1633, "Omnivorous Flytrap": 2093, "Patchwork Beastie": 2167, "Rubblebelt Maverick": 2496, "Say Its Name": 2550, "Violent Urge": 3407, "Wildfire Wickerfolk": 3503, "Wrenn and Realmbreaker": 3536, "Haywire Mite_SB": 1381, "Pyroclasm_SB": 2284, "Soul-Guide Lantern_SB": 2773, "Archfiend of the Dross": 116, "Llanowar Elves": 1775, "Scavenging Ooze": 2566, "Sentinel of the Nameless City": 2623, "Liliana of the Veil_SB": 1761, "Scavenging Ooze_SB": 2567, "Adarkar Wastes": 18, "Case of the Gateway Express": 436, "Gleeful Demolition": 1254, "Imodane's Recruiter": 1493, "Knight-Errant of Eos": 1672, "Novice Inspector": 2057, "Painter's Studio && Defaced Gallery": 2156, "Resolute Reinforcements": 2412, "Seachrome Coast": 2588, "Shivan Reef": 2662, "Spirebluff Canal": 2812, "Torch the Tower": 3191, "Warden of the Inner Sky": 3471, "Yotian Frontliner": 3552, "Painter's Studio && Defaced Gallery_SB": 2157, "Protect the Negotiators_SB": 2270, "Regal Bunnicorn": 2385, "Steel Seraph": 2863, "Virtue of Loyalty": 3414, "Overlord of the Mistmoors_SB": 2142, "Pawpatch Recruit": 2170, "Scorching Shot": 2571, "Tectonic Hazard_SB": 3003, "Shock": 2663, "Jaya, Fiery Negotiator_SB": 1586, "Caves of Koilos": 465, "Concealed Courtyard": 559, "Fear of Isolation": 1028, "Hopeless Nightmare": 1461, "Nurturing Pixie": 2062, "Optimistic Scavenger": 2100, "Spiteful Hexmage": 2814, "Knight of Grace_SB": 1671, "No More Lies_SB": 2043, "Pest Control_SB": 2185, "Tithing Blade_SB": 3177, "Demonic Ruckus": 724, "Kellan, Planar Trailblazer": 1644, "Spellbook Vendor": 2797, "Case of the Crimson Pulse_SB": 434, "Lightning Helix_SB": 1752, "Ephara's Dispersal_SB": 928, "Monastery Mentor_SB": 1963, "Stoic Sphinx_SB": 2879, "Subterranean Schooner": 2907, "Unidentified Hovership": 3294, "Ajani, Caller of the Pride_SB": 45, "Loran of the Third Path_SB": 1794, "Faerie Mastermind_SB": 998, "Dreams of Steel and Oil": 829, "Duress": 841, "Tinybones, the Pickpocket": 3167, "Undercity Sewers": 3277, "Bitter Reunion": 234, "Enduring Vitality": 914, "Pawpatch Formation": 2168, "Roaring Furnace && Steaming Sauna": 2468, "Song of Totentanz": 2759, "Tarnation Vista": 2994, "Thundertrap Trainer": 3154, "Valley Floodcaller": 3357, "Abrade_SB": 5, "Blue Sun's Twilight_SB": 285, "Dreamdew Entrancer_SB": 828, "Into the Flood Maw_SB": 1533, "Up the Beanstalk_SB": 3323, "Volcanic Spite_SB": 3438, "Herbology Instructor_SB": 1415, "Deep-Cavern Bat": 694, "Gix, Yawgmoth Praetor": 1236, "Phantom Interference": 2188, "Faebloom Trick_SB": 993, "Glistening Deluge_SB": 1261, "Withering Torment_SB": 3524, "Dreams of Steel and Oil_SB": 830, "Tranquil Frillback": 3206, "Unholy Annex && Ritual Chamber": 3290, "Maelstrom Pulse_SB": 1828, "Thrun, Breaker of Silence_SB": 3144, "Vivien Reid_SB": 3426, "Obliterating Bolt": 2070, "Scorching Dragonfire": 2569, "Questing Druid_SB": 2293, "Jace Reawakened": 1578, "Dissection Tools_SB": 768, "Floodpits Drowner_SB": 1111, "Unable to Scream_SB": 3268, "Unsummon_SB": 3315, "Brushland": 375, "Collector's Cage": 542, "Enduring Innocence": 910, "Kellan, Daring Traveler": 1641, "Mirrex": 1926, "Razorverge Thicket": 2353, "Restless Prairie": 2425, "Sandstorm Salvager": 2537, "Sanguine Evangelist": 2538, "Skyknight Squire": 2721, "Toby, Beastie Befriender": 3179, "Aven Interrupter_SB": 163, "Caretaker's Talent_SB": 428, "Devout Decree_SB": 744, "Invasion of Gobakhan_SB": 1547, "Regal Caracal_SB": 2388, "Bottomless Pool && Locker Room": 314, "Neutralize the Guards_SB": 2025, "Kaito, Cunning Infiltrator_SB": 1611, "Beza, the Bounding Spring": 226, "Chimil, the Inner Sun": 497, "Demolition Field": 716, "Ezrim, Agency Chief": 983, "Jace, the Perfected Mind": 1581, "Karn, Living Legacy": 1622, "Metropolis Reformer": 1907, "Not on My Watch": 2055, "Sunken Citadel": 2934, "Three Steps Ahead": 3131, "Steel Seraph_SB": 2864, "Urza's Sylex_SB": 3342, "Scorching Dragonfire_SB": 2570, "Abhorrent Oculus": 2, "Chart a Course": 493, "Founding the Third Path": 1137, "Haughty Djinn": 1373, "Helping Hand": 1409, "Moment of Truth": 1958, "Monastery Mentor": 1962, "Picklock Prankster": 2210, "Recommission": 2370, "Kiora, the Rising Tide": 1658, "Negate": 2014, "Soul Partition": 2767, "Take Up the Shield_SB": 2986, "Blackcleave Cliffs": 239, "Blazemire Verge": 247, "Callous Sell-Sword": 410, "Clockwork Percussionist": 528, "Disturbing Mirth": 774, "Final Vengeance": 1079, "Greedy Freebooter": 1314, "Overlord of the Balemurk": 2133, "Scavenger's Talent": 2565, "Souls of the Lost": 2778, "Stalactite Stalker": 2839, "Sulfurous Springs": 2912, "Bandit's Talent_SB": 187, "Case of the Stashed Skeleton_SB": 443, "Rottenmouth Viper_SB": 2490, "Unholy Annex && Ritual Chamber_SB": 3291, "Cryptic Coat": 626, "Deadly Cover-Up": 676, "Decadent Dragon": 688, "Overlord of the Boilerbilges": 2135, "Pillage the Bog": 2217, "Vivien Reid": 3425, "Krenko's Buzzcrusher_SB": 1690, "Outrageous Robbery_SB": 2127, "Kaito, Bane of Nightmares_SB": 1609, "Spell Stutter_SB": 2796, "Aclazotz, Deepest Betrayal": 14, "Pawpatch Recruit_SB": 2171, "Ral, Crackling Wit_SB": 2328, "Essence Scatter": 945, "Faerie Dreamthief": 994, "Faerie Fencing": 995, "Halo Forager_SB": 1351, "Sheoldred's Edict_SB": 2651, "Virtue of Persistence": 3416, "Breach the Multiverse_SB": 341, "Cruelclaw's Heist_SB": 620, "Kaya, Intangible Slayer_SB": 1628, "Aegis Turtle_SB": 26, "Burst Lightning_SB": 393, "Warleader's Call": 3475, "Case of the Filched Falcon": 435, "Dusk Rose Reliquary": 844, "No More Lies": 2042, "Zoetic Glyph": 3572, "Cryptic Coat_SB": 627, "Glass Casket_SB": 1248, "Surge of Salvation_SB": 2947, "Dollmaker's Shop && Porcelain Gallery": 783, "Skrelv's Hive_SB": 2708, "Get Lost_SB": 1197, "Caretaker's Talent": 427, "Carrot Cake": 431, "Lay Down Arms": 1715, "Day of Judgment_SB": 669, "Serra Paragon_SB": 2629, "Sorcerous Spyglass_SB": 2766, "Tyrranax Rex_SB": 3255, "Cruelclaw's Heist": 619, "Mazemind Tome": 1885, "Outrageous Robbery": 2126, "Caustic Bronco_SB": 457, "Caustic Bronco": 456, "Soul Partition_SB": 2768, "Werefox Bodyguard_SB": 3493, "Skrelv, Defector Mite": 2709, "Break the Spell_SB": 348, "Gremlin Tamer": 1319, "Shrouded Shepherd_SB": 2678, "Rite of the Moth": 2457, "Valgavoth, Terror Eater": 3351, "Temporary Lockdown": 3020, "Virtue of Persistence_SB": 3417, "Get Out_SB": 1199, "Migloz, Maze Crusher_SB": 1915, "Aclazotz, Deepest Betrayal_SB": 15, "Seized from Slumber": 2616, "Not on My Watch_SB": 2056, "Aetherize_SB": 32, "Sentinel of the Nameless City_SB": 2624, "Torch the Witness_SB": 3194, "Blot Out": 281, "Disfigure": 758, "Shoot the Sheriff": 2669, "Stab": 2834, "Venerated Rotpriest": 3384, "Branchblight Stalker": 332, "Ichorspit Basilisk": 1487, "Maze's Mantle": 1884, "Viral Spawning": 3409, "Plague Nurse": 2223, "Venomous Brutalizer": 3392, "Tyrranax Atrocity": 3253, "Goliath Hatchery": 1289, "Paladin of Predation": 2160, "Tyrranax Rex": 3254, "Serum Snare": 2630, "Tainted Observer": 2984, "Experimental Augury": 968, "Thrummingbird": 3142, "Mesmerizing Dose": 1901, "Reject Imperfection": 2392, "Gitaxian Anatomist": 1231, "Vivisurgeon's Insight": 3427, "Basilisk Collar": 201, "Leyline Axe": 1734, "Nissa, Ascended Animist": 2037, "Lakeside Shack": 1704, "Lush Oasis": 1817, "Restless Vinestalk": 2434, "Simic Guildgate": 2694, "Tangled Islet": 2993, "Temple of Mystery": 3016, "Thornwood Falls": 3110, "Meat Locker // Drowned Diner": 1887, "Cacophony Scamp": 398, "Leyline of Resonance": 1737, "Might of the Meek": 1912, "Turn Inside Out": 3235, "Witch's Mark": 3519, "Roaring Furnace // Steaming Sauna": 2470, "Kitsa, Otterball Elite": 1665, "Fanatical Firebrand": 1006, "Fugitive Codebreaker": 1157, "Rundvelt Hordemaster": 2504, "Searslicer Goblin": 2594, "Breeches, Eager Pillager": 349, "Squee, Dubious Monarch": 2831, "Enduring Courage": 906, "Krenko, Mob Boss": 1692, "Leyline of the Void_SB": 1743, "Unholy Annex // Ritual Chamber": 3292, "Deadly Cover-Up_SB": 677, "Giada, Font of Hope": 1215, "Archangel of Tithes": 110, "Boon-Bringer Valkyrie": 303, "Resplendent Angel": 2414, "Lyra Dawnbringer": 1819, "Sigarda, Font of Blessings": 2684, "Angelic Intervention": 79, "Authority of the Consuls": 159, "Exemplar of Light": 961, "Loran's Escape": 1795, "Youthful Valkyrie": 3555, "Valorous Stance_SB": 3366, "Herald of Eternal Dawn_SB": 1412, "Vraska, Betrayal's Sting": 3456, "Hollow Marauder": 1451, "Huskburster Swarm": 1481, "Gnawing Vermin": 1267, "Blanchwood Prowler": 242, "Urborg Lhurgoyf": 3328, "Hidden Grotto": 1430, "Feed the Cycle": 1042, "Season of Loss": 2598, "Overwhelming Remorse": 2147, "Braids, Arisen Nightmare": 325, "Rottenmouth Viper": 2489, "Urabrask's Forge": 3325, "Blood Spatter Analysis": 260, "Tatyova, Steward of Tides": 2998, "Awaken the Woods": 168, "Titania's Command": 3172, "Joint Exploration": 1598, "Kellan, Inquisitive Prodigy": 1642, "Rampaging Baloths": 2330, "Invasion of Zendikar": 1559, "Blast Zone": 245, "Portal to Phyrexia": 2245, "Omenpath Journey": 2091, "Clifftop Lookout": 526, "Heaped Harvest": 1389, "Bonny Pall, Clearcutter": 297, "Poison Dart Frog": 2233, "Mossborn Hydra": 1979, "Doubling Season": 792, "Unable to Scream": 3267, "Elesh Norn, Mother of Machines": 882, "Malicious Eclipse": 1852, "Doomsday Excruciator": 787, "Deduce": 690, "Change the Equation_SB": 486, "Vren, the Relentless_SB": 3460, "Brotherhood's End_SB": 373, "Think Twice": 3096, "Long Goodbye": 1784, "Liliana of the Veil": 1760, "Liliana, Dreadhorde General": 1762, "The Eternal Wanderer": 3050, "Teferi, Temporal Pilgrim": 3005, "Rona's Vortex_SB": 2482, "White Sun's Twilight_SB": 3499, "Demonic Pact": 722, "The Witch's Vanity": 3094, "Raucous Theater": 2345, "Harmless Offering": 1365, "Greed's Gambit": 1313, "Beseech the Mirror": 220, "Case of the Stashed Skeleton": 442, "Brotherhood's End": 372, "Final Vengeance_SB": 1080, "Liliana, Dreadhorde General_SB": 1763, "Builder's Talent": 378, "Archangel Elspeth_SB": 109, "Invasion of Ixalan": 1549, "Roaring Furnace // Steaming Sauna_SB": 2471, "Bitter Triumph": 236, "Smuggler's Surprise": 2748, "Vaultborn Tyrant": 3378, "Zombify": 3574, "Silverback Elder_SB": 2691, "Glissa Sunslayer_SB": 1260, "Archangel Elspeth": 108, "Boon-Bringer Valkyrie_SB": 304, "Season of the Burrow": 2602, "Entity Tracker": 925, "Ethereal Armor": 953, "Fae Flight": 990, "Inquisitive Glimmer": 1515, "Silent Hallcreeper": 2686, "Valgavoth's Lair": 3348, "Requisition Raid_SB": 2409, "Boros Charm": 306, "Under the Skin": 3275, "Enduring Curiosity_SB": 909, "The Stone Brain_SB": 3087, "Restless Vents": 2432, "Feed the Swarm_SB": 1045, "Seraphic Steed": 2627, "Hulking Raptor": 1475, "Spinewoods Armadillo": 2807, "Vorinclex": 3448, "Cavern of Souls_SB": 463, "Chimil, the Inner Sun_SB": 498, "Fountainport_SB": 1142, "Goldvein Hydra_SB": 1286, "Dreamdew Entrancer": 827, "Jace Reawakened_SB": 1579, "Get Out": 1198, "Saiba Cryptomancer": 2529, "Stab_SB": 2835, "Meticulous Excavation_SB": 1906, "Sporogenic Infection_SB": 2823, "An Offer You Can't Refuse_SB": 67, "Tithing Blade": 3176, "Zoraline, Cosmos Caller": 3576, "Ossification": 2114, "Ossification_SB": 2115, "Song of Totentanz_SB": 2760, "Realmbreaker, the Invasion Tree_SB": 2359, "Cheeky House-Mouse": 495, "Rabid Gnaw": 2300, "Raging Battle Mouse": 2314, "Valley Questcaller": 3360, "Loran's Escape_SB": 1796, "Shardmage's Rescue_SB": 2643, "Phyrexian Fleshgorger": 2199, "Season of the Burrow_SB": 2603, "Lyra Dawnbringer_SB": 1820, "Elenda, Saint of Dusk_SB": 880, "Enduring Innocence_SB": 911, "The Witch's Vanity_SB": 3095, "Mabel, Heir to Cragflame_SB": 1824, "Ertai Resurrected_SB": 935, "Barbed Batterfist": 193, "Fiery Annihilation_SB": 1072, "Ill-Timed Explosion_SB": 1491, "Doorkeeper Thrull_SB": 789, "Zoraline, Cosmos Caller_SB": 3577, "Archangel of Wrath_SB": 113, "Protect the Negotiators": 2269, "Joust Through_SB": 1602, "Lay Down Arms_SB": 1716, "Abrade": 4, "Elegant Parlor": 878, "Untimely Malfunction_SB": 3317, "Arcane Proxy": 106, "Opt": 2098, "Teferi, Temporal Pilgrim_SB": 3006, "Soulstone Sanctuary_SB": 2781, "Phyrexian Censor_SB": 2197, "Cenote Scout": 470, "Deeproot Pilgrimage": 697, "Deeproot Wayfinder": 698, "Mistway Spy": 1941, "Vodalian Hexcatcher": 3429, "Grand Abolisher_SB": 1300, "Ancient Cornucopia": 73, "Valley Floodcaller_SB": 3358, "Betrayer's Bargain": 224, "Corrupted Conviction": 595, "Furnace Reins": 1167, "Undead Sprinter_SB": 3274, "Spinner of Souls": 2810, "Serra Paragon": 2628, "Unidentified Hovership_SB": 3295, "Murky Sewer": 1994, "Neglected Manor": 2016, "Unstoppable Slasher": 3312, "Phantom Interference_SB": 2189, "Seeker's Folly_SB": 2612, "Invasion of Tarkir": 1555, "Wildborn Preserver": 3502, "Quintorius Kand": 2296, "Realmbreaker, the Invasion Tree": 2358, "Cease // Desist_SB": 467, "Metropolis Reformer_SB": 1908, "Sunfall_SB": 2932, "Audacity": 155, "Might of the Meek_SB": 1913, "Blossoming Tortoise": 280, "Atraxa, Grand Unifier_SB": 154, "Green Sun's Twilight": 1315, "Solemn Simulacrum": 2756, "Massacre Wurm": 1878, "Ghalta, Stampede Tyrant": 1206, "Vein Ripper": 3381, "Elesh Norn, Mother of Machines_SB": 883, "Etali, Primal Conqueror": 948, "Push // Pull": 2280, "Conduit Pylons": 560, "Live or Die": 1771, "Valgavoth's Faithful": 3346, "Koma, World-Eater": 1680, "Etali, Primal Conqueror_SB": 949, "Maha, Its Feathers Night_SB": 1843, "Destroy Evil": 736, "Helpful Hunter": 1408, "Legions to Ashes_SB": 1728, "Wrenn's Resolve_SB": 3540, "Phyrexian Fleshgorger_SB": 2200, "Broodspinner": 370, "Insidious Roots": 1521, "Tyvar, Jubilant Brawler": 3259, "Snarling Gorehound": 2753, "Agatha's Soul Cauldron": 36, "Voldaren Thrillseeker": 3440, "Haywire Mite": 1380, "Bitter Triumph_SB": 237, "Into the Flood Maw": 1532, "Surge of Salvation": 2946, "Drake Hatcher": 818, "Sword of Once and Future_SB": 2969, "Seal from Existence": 2590, "White Sun's Twilight": 3498, "Fell": 1054, "Battlefly Swarm": 209, "Bilious Skulldweller": 228, "Doppelgang": 790, "Invasion of Arcavios": 1542, "This Town Ain't Big Enough_SB": 3103, "Slickshot Show-Off": 2741, "Thran Portal": 3122, "Viashino Pyromancer_SB": 3402, "Lord Skitter, Sewer King_SB": 1799, "Azure Beastbinder": 175, "Mindsplice Apparatus": 1918, "Silver Scrutiny": 2689, "Breach the Multiverse": 340, "Bonehoard Dracosaur": 295, "Molten Collapse": 1949, "Temple of Epiphany": 3013, "Quick Study": 2295, "Render Inert_SB": 2401, "Sleep-Cursed Faerie": 2734, "Ego Drain": 868, "Invasion of Amonkhet_SB": 1541, "Forsaken Miner": 1133, "Gisa, the Hellraiser": 1229, "Iridescent Vinelasher": 1563, "Laughing Jasper Flint": 1710, "Thought-Stalker Warlock": 3113, "Immersturm Predator": 1492, "Thornvault Forager": 3109, "Osteomancer Adept": 2116, "Curious Forager": 639, "The Mycotyrant": 3073, "Mudflat Village": 1987, "Insidious Fungus_SB": 1520, "Deep-Cavern Bat_SB": 695, "Titania, Voice of Gaea_SB": 3175, "Huskburster Swarm_SB": 1482, "Regal Caracal": 2387, "Thalia and The Gitrog Monster": 3037, "Commercial District": 556, "Surgical Suite && Hospital Room_SB": 2950, "Calamity, Galloping Inferno": 406, "Archdruid's Charm": 114, "Assassin's Trophy": 141, "Obstinate Baloth_SB": 2075, "The Eternal Wanderer_SB": 3051, "Dragon Fodder": 804, "Goblin Surprise": 1278, "Sunspine Lynx": 2939, "Fear of Impostors_SB": 1025, "Dollmaker's Shop // Porcelain Gallery": 784, "High Noon_SB": 1441, "Pyroclasm": 2283, "Reclamation Sage_SB": 2369, "Karn's Sylex_SB": 1621, "Monstrous Emergence_SB": 1970, "Charming Scoundrel": 492, "Painter's Studio // Defaced Gallery": 2158, "Shock_SB": 2666, "Drannith Ruins": 824, "Spellgyre": 2798, "Joust Through": 1601, "Twisted Fealty": 3245, "Parting Gust": 2164, "Pia Nalaar, Consul of Revival": 2207, "Wrenn's Resolve": 3539, "Case of the Crimson Pulse": 433, "Invasion of Kaldheim": 1550, "Sphinx of Forgotten Lore_SB": 2802, "Legions to Ashes": 1727, "Doomsday Excruciator_SB": 788, "Tinybones Joins Up_SB": 3164, "Heartflame Duelist": 1393, "Norn's Inquisitor": 2051, "Crystal Grotto": 632, "Sunder the Gateway_SB": 2930, "Cult Conscript": 633, "Heraldic Banner": 1413, "Gatekeeper of Malakir": 1187, "Scorn-Blade Berserker": 2573, "Defiled Crypt // Cadaver Lab": 708, "Heraldic Banner_SB": 1414, "Defiled Crypt // Cadaver Lab_SB": 709, "Overlord of the Floodpits_SB": 2138, "Mazemind Tome_SB": 1886, "The Filigree Sylex_SB": 3054, "Ill-Timed Explosion": 1490, "Thundering Falls": 3150, "Ral, Crackling Wit": 2327, "Flashfreeze_SB": 1101, "Beastie Beatdown": 212, "Roxanne, Starfall Savant": 2492, "Annie Joins Up": 89, "Huatli, Poet of Unity": 1472, "Fynn, the Fangbearer": 1169, "Plaza of Heroes": 2229, "Dragonhawk, Fate's Tempest": 813, "Fortune, Loyal Steed": 1136, "Sword of Once and Future": 2968, "Slagstorm_SB": 2729, "Pest Control": 2184, "Bloated Contaminator": 256, "Vraska Joins Up": 3453, "Infectious Bite": 1505, "Tyvar's Stand": 3257, "Necrogen Communion": 2012, "Darkstar Augur": 660, "Thirsting Roots_SB": 3101, "Vraska, Betrayal's Sting_SB": 3457, "Swiftfoot Boots_SB": 2963, "Crystal Barricade_SB": 631, "Getaway Glamer_SB": 1201, "Kaya, Spirits' Justice": 1629, "Restless Fortress": 2424, "Archangel of Wrath": 112, "Aven Interrupter": 162, "Inti, Seneschal of the Sun": 1527, "Misery's Shadow": 1931, "Withering Torment": 3523, "Hostile Investigator": 1468, "Decadent Dragon_SB": 689, "Shoot the Sheriff_SB": 2670, "Arahbo, the First Fang": 102, "Corpses of the Lost": 590, "Viashino Pyromancer": 3401, "Gev, Scaled Scorch": 1202, "Thought-Stalker Warlock_SB": 3114, "Fear of Impostors": 1024, "Defabricate_SB": 700, "Twist Reality_SB": 3244, "Jaya, Fiery Negotiator": 1585, "Agatha's Soul Cauldron_SB": 37, "The Cruelty of Gix_SB": 3043, "Mockingbird_SB": 1945, "The Stone Brain": 3086, "Bandit's Talent": 186, "Outcaster Trailblazer": 2122, "Goldvein Hydra": 1285, "Pugnacious Hammerskull": 2275, "Bloodthirsty Conqueror": 270, "Enduring Tenacity": 912, "Bloodletter of Aclazotz": 266, "Bottomless Pool // Locker Room": 316, "Nashi, Searcher in the Dark_SB": 2009, "Boltwave": 289, "Temple of Triumph": 3019, "Heartflame Duelist_SB": 1394, "Royal Treatment": 2494, "Tinybones Joins Up": 3163, "Rona, Herald of Invasion": 2483, "Honest Rutstein": 1456, "Jodah, the Unifier": 1594, "Myrel, Shield of Argive": 1998, "Hajar, Loyal Bodyguard": 1344, "Ruby, Daring Tracker": 2497, "Halana and Alena, Partners": 1346, "Inga and Esika": 1511, "Gwenna, Eyes of Gaea": 1343, "Jirina, Dauntless General": 1592, "Elas il-Kor, Sadistic Pilgrim": 872, "Melira, the Living Cure": 1893, "Relic of Legends": 2394, "Secluded Courtyard": 2607, "Hajar, Loyal Bodyguard_SB": 1345, "Elesh Norn_SB": 884, "Surrak and Goreclaw_SB": 2954, "Armored Armadillo": 128, "Toadstool Admirer": 3178, "Feather of Flight": 1038, "Guardian of New Benalia": 1336, "Unflinching Courage": 3288, "Curate": 637, "Ephara's Dispersal": 927, "Lightning Strike_SB": 1754, "Rite of the Dragoncaller": 2455, "Horned Loch-Whale": 1463, "Artist's Talent": 133, "Grabby Giant": 1296, "Crawling Barrens": 612, "Horned Loch-Whale_SB": 1464, "Feldon's Cane_SB": 1047, "Fires of Victory": 1089, "Capricious Hellraiser": 421, "Chandra, Hope's Beacon": 479, "Brass's Tunnel-Grinder": 334, "Season of Weaving": 2600, "Chandra, Flameshaper": 477, "Virtue of Knowledge_SB": 3413, "Aegis Turtle": 25, "Enter the Enigma": 923, "Venerated Rotpriest_SB": 3385, "Ivy, Gleeful Spellthief_SB": 1572, "Silent Hallcreeper_SB": 2687, "Dive Down_SB": 777, "The Swarmweaver": 3089, "Long Goodbye_SB": 1785, "Archangel of Tithes_SB": 111, "Island_SB": 1568, "Dissection Tools": 767, "Rebel Salvo_SB": 2362, "Roaring Furnace && Steaming Sauna_SB": 2469, "Basilisk Collar_SB": 202, "Entity Tracker_SB": 926, "Azure Beastbinder_SB": 176, "Chrome Host Seedshark_SB": 504, "Drag to the Roots": 802, "Glarb, Calamity's Augur": 1245, "Insidious Fungus": 1519, "Muldrotha, the Gravetide": 1989, "Sire of Seven Deaths": 2701, "Fade from History_SB": 989, "Scrapshooter_SB": 2576, "Urgent Necropsy_SB": 3337, "Proft's Eidetic Memory": 2261, "Overprotect": 2143, "Anointed Peacekeeper": 96, "Aether Channeler": 27, "Kutzil's Flanker_SB": 1697, "Spring-Loaded Sawblades": 2825, "Assimilation Aegis_SB": 145, "Shore Up_SB": 2672, "Final Showdown": 1077, "Defiled Crypt && Cadaver Lab": 706, "Abuelo's Awakening": 7, "Confounding Riddle": 563, "Fallaji Archaeologist": 1003, "Omniscience": 2092, "Kitsa, Otterball Elite_SB": 1666, "Rona, Herald of Invasion_SB": 2484, "Season of Weaving_SB": 2601, "Unnerving Grasp_SB": 3304, "Overlord of the Balemurk_SB": 2134, "Thundertrap Trainer_SB": 3155, "Bitter Reunion_SB": 235, "Clay-Fired Bricks": 524, "Exuberant Fuseling": 982, "Turn Inside Out_SB": 3236, "Change the Equation": 485, "Bruse Tarl, Roving Rancher": 374, "Muerra, Trash Tactician": 1988, "The Irencrag": 3061, "Smuggler's Surprise_SB": 2749, "The Wandering Rescuer": 3092, "Ivy, Gleeful Spellthief": 1571, "Invasion of Theros": 1557, "Prophetic Prism": 2268, "Wishclaw Talisman_SB": 3517, "Coveted Falcon_SB": 607, "Abyssal Harvester": 9, "Adaptive Automaton": 17, "Grievous Wound": 1322, "Rush of Dread": 2509, "Three Tree Mascot": 3134, "Calix, Guided by Fate": 408, "Fear of Surveillance": 1033, "Ruin-Lurker Bat": 2499, "Invasion of Tolvada": 1558, "High Noon": 1440, "Oko, the Ringleader_SB": 2085, "Undead Sprinter": 3273, "Caught in the Crossfire_SB": 454, "Unstoppable Slasher_SB": 3313, "Royal Treatment_SB": 2495, "Distorted Curiosity": 769, "Whisper of the Dross": 3496, "Bring the Ending": 357, "Drown in Ichor": 834, "Prologue to Phyresis": 2266, "Vraska's Fall_SB": 3455, "Twitching Doll": 3248, "Vinereap Mentor": 3405, "Cankerbloom": 419, "Zul Ashur, Lich Lord": 3579, "Garruk's Uprising": 1179, "Defiler of Flesh": 711, "Vampire Nighthawk_SB": 3370, "Kraul Whipcracker_SB": 1687, "Tyvar's Stand_SB": 3258, "Vinereap Mentor_SB": 3406, "Kaito, Cunning Infiltrator": 1610, "Sanguine Evangelist_SB": 2539, "Mechanized Warfare": 1890, "Furnace Reins_SB": 1168, "Palani's Hatcher": 2161, "Trumpeting Carnosaur": 3229, "Temple of Malady": 3014, "Temple of Abandon": 3010, "Hunter's Talent_SB": 1477, "Case of the Gateway Express_SB": 437, "Painter's Studio // Defaced Gallery_SB": 2159, "Tender Wildguide": 3024, "Finneas, Ace Archer": 1083, "Arabella, Abandoned Doll": 99, "Elenda, Saint of Dusk": 879, "Kambal, Profiteering Mayor": 1615, "Skrelv's Hive": 2707, "Kambal, Profiteering Mayor_SB": 1616, "Kaya, Spirits' Justice_SB": 1630, "Blasphemous Edict": 243, "Kona, Rescue Beastie": 1682, "Glimpse the Core": 1257, "Cultivator's Caravan": 634, "Scene of the Crime": 2568, "Cankerbloom_SB": 420, "Felonious Rage": 1057, "Quick Draw_SB": 2294, "No One Left Behind": 2044, "Wail of the Forgotten": 3461, "Starscape Cleric": 2848, "Refute": 2383, "Aetherize": 31, "Citanul Stalwart": 510, "Rune-Scarred Demon": 2506, "Time Stop": 3159, "Massacre Wurm_SB": 1879, "River's Rebuke_SB": 2460, "Wear Down_SB": 3487, "Demolition Field_SB": 717, "Nashi, Searcher in the Dark": 2008, "Defiled Crypt && Cadaver Lab_SB": 707, "Marchesa, Dealer of Death": 1864, "Annie Flash, the Veteran_SB": 88, "Jirina, Dauntless General_SB": 1593, "Sun-Blessed Healer_SB": 2926, "Long River's Pull": 1786, "Abraded Bluffs": 6, "Blooming Blast": 274, "Manifold Mouse_SB": 1858, "Swooping Lookout": 2965, "Parting Gust_SB": 2165, "Combat Research": 553, "Recruitment Officer_SB": 2373, "Candy Trail": 417, "Collector's Vault": 544, "Conspiracy Unraveler": 569, "Matzalantli, the Great Door": 1881, "Reenact the Crime": 2381, "The Cruelty of Gix": 3042, "Long River's Pull_SB": 1787, "Demonic Ruckus_SB": 725, "Impact Tremors_SB": 1496, "Pick Your Poison": 2208, "Myrel, Shield of Argive_SB": 1999, "The Elder Dragon War": 3045, "Dust Animus_SB": 847, "Don't Make a Sound": 785, "Crumb and Get It": 621, "Raise the Past_SB": 2317, "Broodspinner_SB": 371, "Feed the Cycle_SB": 1043, "The Seedcore": 3079, "Annex Sentry": 85, "Slaughter Singer": 2730, "Jawbone Duelist": 1584, "Getaway Glamer": 1200, "Crawling Chorus": 613, "Fleeting Flight_SB": 1104, "Dewdrop Cure_SB": 746, "Divine Resilience_SB": 781, "Trash the Town_SB": 3213, "Arabella, Abandoned Doll_SB": 100, "Rankle's Prank": 2336, "Felidar Retreat": 1051, "Giant Growth": 1219, "Hinterland Sanctifier": 1444, "Ajani's Pridemate": 43, "Lifecreed Duo": 1747, "Disenchant_SB": 757, "Unwanted Remake_SB": 3319, "Squirming Emergence": 2833, "Bulk Up": 380, "Pugnacious Hammerskull_SB": 2276, "Torpor Orb_SB": 3197, "Anim Pakal, Thousandth Moon_SB": 82, "Exorcise": 963, "Wilt-Leaf Liege_SB": 3507, "Cosmic Rebirth": 600, "Luminous Rebuke": 1810, "Skrelv, Defector Mite_SB": 2710, "Sawblade Skinripper": 2548, "Alesha, Who Laughs at Fate": 53, "Kaya, Intangible Slayer": 1627, "Ashiok, Wicked Manipulator": 136, "Blasphemous Edict_SB": 244, "Loran of the Third Path": 1793, "Phyrexian Obliterator": 2203, "Tail Swipe": 2981, "Betrayer's Bargain_SB": 225, "Insatiable Avarice": 1517, "Lumra, Bellow of the Woods": 1812, "Terror Tide": 3029, "At Knifepoint_SB": 151, "Monstrous Rage_SB": 1972, "Mountain_SB": 1984, "Plains_SB": 2225, "Tolsimir, Midnight's Light": 3186, "Perforating Artist": 2179, "Temple of Silence": 3018, "Kellan's Lightblades_SB": 1640, "Sheoldred_SB": 2654, "Essence Channeler": 943, "Amalia Benavides Aguirre": 59, "Lunar Convocation": 1813, "Case of the Uneaten Feast": 444, "Raise the Past": 2316, "Scoured Barrens": 2574, "Restless Reef_SB": 2427, "Phyrexian Vindicator": 2205, "Bottomless Pool // Locker Room_SB": 317, "The Princess Takes Flight_SB": 3075, "Agrus Kos, Spirit of Justice": 41, "Terror Tide_SB": 3030, "Virtue of Loyalty_SB": 3415, "Grand Entryway // Elegant Rotunda": 1302, "Filter Out_SB": 1075, "Mischievous Mystic": 1930, "Hauntwoods Shrieker": 1379, "Valgavoth's Onslaught": 3349, "Balustrade Wurm_SB": 184, "Lord Skitter, Sewer King": 1798, "Lost Jitte": 1800, "Vengeful Possession_SB": 3390, "Soul Search_SB": 2770, "Darkstar Augur_SB": 661, "Unholy Annex // Ritual Chamber_SB": 3293, "Dreadmaw's Ire": 825, "Invasion of Gobakhan": 1546, "Felonious Rage_SB": 1058, "Obstinate Baloth": 2074, "The Infamous Cruelclaw": 3060, "Coiling Rebirth": 536, "Hunter's Talent": 1476, "Hostile Investigator_SB": 1469, "Thundering Falls_SB": 3151, "Evangel of Synthesis": 956, "Urborg Scavengers": 3331, "Zetalpa, Primal Dawn": 3568, "Lively Dirge": 1772, "Sphinx of the Final Word_SB": 2803, "Temple of Malice": 3015, "Homicide Investigator_SB": 1455, "Bramble Familiar": 328, "Cityscape Leveler": 511, "Kaito, Dancing Shadow_SB": 1613, "One with the Multiverse": 2095, "Walk with the Ancestors": 3462, "Strangled Cemetery": 2897, "Assassin's Trophy_SB": 142, "Meathook Massacre II_SB": 1889, "Phyrexian Arena_SB": 2195, "Anim Pakal, Thousandth Moon": 81, "Black Sun's Twilight": 238, "Gingerbrute": 1227, "Surge Engine": 2944, "Teething Wurmlet": 3004, "Tough Cookie": 3198, "Repulsive Mutation": 2405, "Monstrous Emergence": 1969, "Repulsive Mutation_SB": 2406, "Sylvan Scavenging_SB": 2974, "Spectral Sailor": 2791, "Magebane Lizard_SB": 1832, "Razorkin Needlehead_SB": 2350, "Guardian of Ghirapur": 1335, "Ruthless Lawbringer": 2513, "Felidar Retreat_SB": 1052, "Etched Cornfield": 951, "Errant and Giada": 932, "Malcolm, Alluring Scoundrel": 1849, "Plumecreed Escort": 2230, "Werefox Bodyguard": 3492, "Plumecreed Escort_SB": 2231, "Wilt-Leaf Liege": 3506, "Axebane Ferox_SB": 170, "Gumdrop Poisoner_SB": 1342, "Ghost Vacuum": 1211, "Bloodletter of Aclazotz_SB": 267, "Fireglass Mentor": 1088, "Magebane Lizard": 1831, "Ravine Raider": 2347, "Scales of Shale": 2557, "Valley Flamecaller": 3355, "Valley Rotcaller": 3361, "Temple of Deceit": 3011, "Kaito, Dancing Shadow": 1612, "Final Flourish_SB": 1076, "Time Stop_SB": 3160, "Drag the Canal_SB": 800, "Unnatural Restoration_SB": 3302, "Infectious Inquiry_SB": 1508, "Urborg Scavengers_SB": 3332, "Crash Through": 609, "Rogue's Passage": 2476, "Vampire Nighthawk": 3369, "Phyrexian Arena": 2194, "Render Inert": 2400, "Phyrexian Obliterator_SB": 2204, "Titania, Voice of Gaea": 3174, "Argoth, Sanctum of Nature": 125, "Loot, Exuberant Explorer": 1789, "Polukranos Reborn_SB": 2241, "Founding the Third Path_SB": 1138, "Geological Appraiser": 1193, "Satoru, the Infiltrator": 2544, "Archfiend of the Dross_SB": 117, "Charge of the Mites": 489, "Expel the Interlopers": 966, "Annex Sentry_SB": 86, "Vraska, the Silencer": 3458, "Binding Negotiation": 229, "Vadmir, New Blood": 3344, "Kaervek, the Punisher": 1607, "Festering Gulch": 1063, "Arid Archway": 126, "Ball Lightning": 179, "Koth, Fire of Resistance_SB": 1685, "Overlord of the Boilerbilges_SB": 2136, "Wishclaw Talisman": 3516, "Buried in the Garden": 385, "Bristly Bill, Spine Sower": 363, "Tyvar, the Pummeler": 3260, "Polukranos Reborn": 2240, "Bite Down": 232, "Bite Down_SB": 233, "Gaea's Gift": 1171, "Trash the Town": 3212, "Kitesail Larcenist": 1662, "Kitesail Larcenist_SB": 1663, "Molten Collapse_SB": 1950, "Not Dead After All": 2053, "Splitskin Doll": 2820, "Legion Extruder": 1724, "Thousand Moons Smithy_SB": 3118, "Niv-Mizzet, Supreme": 2040, "Blazing Crescendo_SB": 249, "Terror of the Peaks": 3031, "Boros Charm_SB": 307, "Simulacrum Synthesizer": 2695, "Thran Spider": 3123, "Fabrication Foundry": 988, "The Mightstone and Weakstone": 3068, "Unstable Glyphbridge": 3309, "Braided Net": 323, "Glass Casket": 1247, "Assimilation Aegis": 144, "Urza, Lord Protector": 3343, "Fomori Vault": 1121, "Argentum Masticore_SB": 124, "Choking Miasma": 501, "Blightbelly Rat": 253, "Vraska's Fall": 3454, "Infectious Inquiry": 1507, "Unnatural Restoration": 3301, "Whisper of the Dross_SB": 3497, "Overprotect_SB": 2144, "Carnivorous Canopy_SB": 429, "Pillage the Bog_SB": 2218, "Shore Up": 2671, "Scrawling Crawler": 2578, "Dawn's Truce": 664, "Dawn's Truce_SB": 665, "Final Showdown_SB": 1078, "Hollow Scavenger": 1453, "Bristlebud Farmer": 360, "Night of the Sweets' Revenge": 2032, "Genesis Wave": 1192, "Archdruid's Charm_SB": 115, "Seized from Slumber_SB": 2617, "Rip, Spawn Hunter": 2449, "Bartolom\u00e9 del Presidio": 197, "Eaten Alive": 859, "Funeral Room // Awakening Hall": 1162, "Market Gnome": 1868, "Nezumi Linkbreaker": 2030, "Infestation Sage": 1509, "Outlaw Medic": 2123, "Vengeful Bloodwitch": 3387, "Cathar Commando_SB": 452, "Intrepid Paleontologist": 1536, "Ghalta, Primal Hunger": 1204, "Triumphant Chomp": 3225, "Ixalli's Lorekeeper": 1573, "Bolt Bend_SB": 288, "Ballyrush Banneret": 180, "Fortified Beachhead": 1134, "Harbin, Vanguard Aviator": 1356, "Skystrike Officer": 2727, "Three Tree City": 3133, "Valiant Veteran": 3353, "Recruitment Officer": 2372, "Zephyr Sentinel": 3565, "Persistent Marshstalker": 2183, "Karumonix, the Rat King": 1626, "Vren, the Relentless": 3459, "Lilypad Village": 1764, "Argentum Masticore": 123, "Hedron Archive": 1399, "The Mycosynth Gardens": 3072, "Hall of Tagsin": 1349, "Tomakul Honor Guard": 3187, "Cathar Commando": 451, "Knight of Grace": 1670, "Vaultborn Tyrant_SB": 3379, "Feldon's Cane": 1046, "Treasure Map": 3217, "Neutralize the Guards": 2024, "Ayli, Eternal Pilgrim": 172, "The Enigma Jewel": 3049, "Shipwreck Dowser": 2658, "Starfall Invocation": 2845, "Disturbing Conversion": 772, "Eerie Interference_SB": 867, "Builder's Talent_SB": 379, "Abuelo's Awakening_SB": 8, "Highway Robbery_SB": 1443, "Dreadmaw's Ire_SB": 826, "Smash to Dust_SB": 2744, "Razorkin Needlehead": 2349, "Chainsaw": 475, "Captain Storm, Cosmium Raider": 424, "Corsair Captain": 597, "Gleaming Geardrake": 1253, "Malcolm, the Eyes": 1851, "Staunch Crewmate": 2857, "Witness Protection_SB": 3526, "Lost Jitte_SB": 1801, "Imodane's Recruiter_SB": 1494, "Untimely Malfunction": 3316, "Banishing Light_SB": 189, "Imprisoned in the Moon_SB": 1499, "Inquisitive Glimmer_SB": 1516, "Refute_SB": 2384, "Hugs, Grisly Guardian": 1473, "Kogla and Yidaro": 1675, "Witness Protection": 3525, "Oblivious Bookworm": 2072, "Growing Dread": 1328, "Bubble Smuggler": 377, "Manifest Dread": 1856, "Cryptid Inspector": 629, "Exit Specialist": 962, "Cursed Windbreaker": 642, "Break Down the Door": 344, "Surrak and Goreclaw": 2953, "Gaea's Gift_SB": 1172, "Hard-Hitting Question_SB": 1362, "Banner of Kinship": 190, "Burrowguard Mentor": 391, "Hazardroot Herbalist": 1382, "Hop to It": 1457, "Lupinflower Village": 1816, "Rabbit Response": 2298, "Treeguard Duo": 3218, "Uncharted Haven": 3271, "Warren Elder": 3477, "Head of the Homestead": 1386, "Head of the Homestead_SB": 1387, "Solphim, Mayhem Dominus": 2758, "Grab the Prize_SB": 1295, "Stroke of Midnight_SB": 2903, "Temple of Enlightenment": 3012, "Delney, Streetwise Lookout": 713, "Hare Apparent": 1364, "No Witnesses": 2046, "Stroke of Midnight": 2902, "Impact Tremors": 1495, "Gix, Yawgmoth Praetor_SB": 1237, "Greta, Sweettooth Scourge": 1321, "Sweettooth Witch": 2960, "Experimental Confectioner": 969, "Mintstrosity": 1922, "Scream Puff": 2580, "Gingerbread Hunter": 1226, "Back for Seconds": 177, "Welcome to Sweettooth": 3491, "Spider Food": 2804, "Feed the Cauldron": 1041, "Return from the Wilds": 2440, "Savor": 2547, "Three Bowls of Porridge": 3130, "Eriette's Tempting Apple": 930, "Not Dead After All_SB": 2054, "Sugar Rush_SB": 2911, "Candy Grapple_SB": 416, "Hero's Downfall_SB": 1423, "Fell_SB": 1055, "Murder_SB": 1992, "Cheeky House-Mouse_SB": 496, "Crystal Barricade": 630, "Green Sun's Twilight_SB": 1316, "Koma, World-Eater_SB": 1681, "Sire of Seven Deaths_SB": 2702, "Bloodfeather Phoenix": 261, "Massacre Girl, Known Killer": 1876, "Rakdos, the Muscle": 2322, "Rakdos, the Muscle_SB": 2323, "Rakdos Joins Up_SB": 2320, "Massacre Girl, Known Killer_SB": 1877, "Unyielding Gatekeeper": 3320, "Ghalta and Mavren": 1203, "Progenitus": 2264, "Hide in Plain Sight": 1434, "Threats Around Every Corner": 3127, "Blossoming Sands": 279, "Evolving Wilds": 959, "Temple of Plenty": 3017, "Dryad Militant": 837, "Trostani, Three Whispers": 3228, "Stormsplitter": 2895, "Deadly Brew": 674, "Ral's Reinforcements": 2326, "Corrupted Conviction_SB": 596, "Kogla and Yidaro_SB": 1676, "Deadly Brew_SB": 675, "Rat Out_SB": 2338, "Lich-Knights' Conquest": 1745, "Fugitive Codebreaker_SB": 1158, "Seize the Spoils": 2615, "Abandoned Campground": 1, "Kitnap_SB": 1664, "Oakhollow Village": 2066, "Pollen-Shield Hare": 2236, "Seasoned Warrenguard": 2605, "Valley Mightcaller": 3359, "Kutzil, Malamet Exemplar_SB": 1699, "Necrogen Rotpriest": 2013, "Contagious Vorrac": 572, "Armored Scrapgorger_SB": 131, "Forest_SB": 1129, "Invasion of Fiora_SB": 1545, "Zurgo and Ojutai_SB": 3583, "Lonely Arroyo": 1783, "The Millennium Calendar_SB": 3070, "Ruin-Lurker Bat_SB": 2500, "Leonin Vanguard_SB": 1731, "Veteran Survivor_SB": 3397, "Eaten by Piranhas_SB": 861, "Kiora, the Rising Tide_SB": 1659, "Surgical Suite && Hospital Room": 2949, "Invasion of Amonkhet": 1540, "Heroic Reinforcements_SB": 1426, "Soul Search": 2769, "Quintorius Kand_SB": 2297, "Roaming Throne_SB": 2466, "Tinybones, Bauble Burglar": 3165, "Micromancer": 1909, "Tinybones, the Pickpocket_SB": 3168, "Scrawling Crawler_SB": 2579, "Evolved Sleeper": 957, "Friendly Teddy": 1148, "Rankle's Prank_SB": 2337, "Consumed by Greed_SB": 570, "Razorlash Transmogrant_SB": 2352, "Invasion of Ergamon": 1544, "Tail Swipe_SB": 2982, "Break Out_SB": 346, "Flamewake Phoenix_SB": 1098, "Beastie Beatdown_SB": 213, "Flamecache Gecko": 1095, "Scales of Shale_SB": 2558, "Hearthborn Battler_SB": 1397, "Vengeful Possession": 3389, "Rabid Gnaw_SB": 2301, "Repair and Recharge": 2403, "Step Between Worlds_SB": 2865, "Moment of Craving_SB": 1955, "Vial Smasher, Gleeful Grenadier": 3399, "Magda, the Hoardmaster": 1830, "Hellspur Brute": 1404, "At Knifepoint": 150, "Rattleback Apothecary": 2341, "Hellspur Posse Boss": 1406, "Hellspur Brute_SB": 1405, "Cynical Loner_SB": 646, "Lively Dirge_SB": 1773, "Astor, Bearer of Blades": 146, "Bladehold War-Whip": 241, "Kellan, the Fae-Blooded": 1646, "Kemba, Kha Enduring": 1648, "Rebel Salvo": 2361, "Lavaspur Boots": 1713, "Swiftfoot Boots": 2962, "Sword of Forge and Frontier": 2966, "Astor, Bearer of Blades_SB": 147, "Hidetsugu and Kairi": 1436, "Consuming Aberration": 571, "Cease // Desist": 466, "Knight of Dusk's Shadow": 1668, "Soul-Guide Lantern": 2772, "No One Left Behind_SB": 2045, "Season of Gathering_SB": 2597, "Dusk Legion Duelist": 843, "Stocking the Pantry": 2875, "Botanical Brawler": 312, "Tribute to the World Tree": 3222, "Railway Brawler": 2315, "Collector's Cage_SB": 543, "Throne of the Grim Captain": 3140, "Desperate Bloodseeker": 732, "Rampaging Spiketail": 2333, "Barkform Harvester": 194, "Fae Flight_SB": 991, "Phoenix Chick": 2192, "Squee, Dubious Monarch_SB": 2832, "Blooming Blast_SB": 275, "Enduring Tenacity_SB": 913, "Rush of Dread_SB": 2510, "Generous Plunderer": 1191, "Ghired, Mirror of the Wilds": 1207, "Portent of Calamity": 2247, "Luminous Rebuke_SB": 1811, "Tocasia's Welcome": 3181, "Patchwork Banner": 2166, "Hop to It_SB": 1458, "Desecration Demon": 730, "Dragonmaster Outcast": 816, "Inspiring Overseer": 1523, "Insatiable Avarice_SB": 1518, "Scrapwork Mutt": 2577, "Syr Ginger, the Meal Ender": 2978, "Piggy Bank": 2212, "Dowsing Device": 795, "Demand Answers": 715, "Saheeli, Filigree Master_SB": 2528, "Cityscape Leveler_SB": 512, "Nahiri's Resolve_SB": 2004, "Slagstorm": 2728, "Rakdos Guildgate": 2318, "Izzet Guildgate": 1577, "Selesnya Guildgate": 2618, "Orzhov Guildgate": 2110, "Gruul Guildgate": 1331, "Boros Guildgate": 309, "Azorius Guildgate": 174, "Dimir Guildgate": 750, "Golgari Guildgate": 1288, "Maze's End": 1883, "Circuitous Route": 509, "Expedition Map": 965, "Spelunking": 2800, "Tatyova, Benthic Druid": 2997, "Dust Animus": 846, "Tribute to the World Tree_SB": 3223, "Braids, Arisen Nightmare_SB": 326, "Obyra, Dreaming Duelist": 2076, "Knight of Dusk's Shadow_SB": 1669, "Union of the Third Path": 3296, "Volatile Fault": 3435, "Repel Calamity_SB": 2404, "Zoetic Glyph_SB": 3573, "An Offer You Can't Refuse": 66, "Malcolm, Alluring Scoundrel_SB": 1850, "The Monumental Facade": 3071, "Sardian Cliffstomper": 2540, "Magmatic Sprinter": 1839, "Churning Reservoir": 505, "Sardian Cliffstomper_SB": 2541, "Monastery Swiftspear_SB": 1966, "Magmatic Sprinter_SB": 1840, "Churning Reservoir_SB": 506, "Zoyowa's Justice": 3578, "Trial of Agony": 3220, "Ojer Axonil, Deepest Might": 2081, "Brazen Collector": 339, "Urabrask": 3324, "Firebrand Archer": 1086, "Hidetsugu's Second Rite_SB": 1439, "Leyline of Resonance_SB": 1738, "Ancestors' Aid_SB": 72, "Slickshot Show-Off_SB": 2742, "Dwynen's Elite": 853, "Leaf-Crowned Visionary": 1720, "Elvish Archdruid": 895, "Imperious Perfect": 1497, "Lathril, Blade of the Elves": 1708, "Tyvar the Bellicose": 3256, "Give In to Violence_SB": 1233, "Dwynen, Gilt-Leaf Daen": 854, "Call a Surprise Witness": 409, "Giant Cindermaw_SB": 1218, "Samut, Vizier of Naktamun": 2533, "Primal Might": 2253, "Ego Drain_SB": 869, "Hulking Metamorph": 1474, "Rest in Peace": 2417, "Surge Engine_SB": 2945, "Fake Your Own Death": 1002, "Volcanic Spite": 3437, "Grab the Prize": 1294, "Taii Wakeen, Perfect Shot": 2980, "Unruly Catapult": 3305, "Glassworks // Shattered Yard_SB": 1250, "Goddric, Cloaked Reveler": 1279, "Scrapshooter": 2575, "Sharp-Eyed Rookie": 2644, "Evolving Adaptive": 958, "Garruk's Uprising_SB": 1180, "Rakdos Joins Up": 2319, "Kroxa and Kunoros": 1693, "Hexgold Halberd": 1428, "Searslicer Goblin_SB": 2595, "Take for a Ride_SB": 2987, "Wojek Investigator": 3527, "Rustler Rampage": 2511, "Calamity's Wake_SB": 405, "Recommission_SB": 2371, "Steamcore Scholar": 2859, "Abhorrent Oculus_SB": 3, "Heroic Reinforcements": 1425, "The Wandering Rescuer_SB": 3093, "Sun-Blessed Healer": 2925, "Oracle of Tragedy": 2103, "Tarrian's Journal": 2995, "Felidar Cub": 1049, "Knight-Errant of Eos_SB": 1673, "Dusk Rose Reliquary_SB": 845, "Ruthless Lawbringer_SB": 2514, "Felidar Cub_SB": 1050, "Banishing Light": 188, "Worldwalker Helm": 3531, "Torch the Witness": 3193, "Detective's Satchel": 739, "Forensic Gadgeteer_SB": 1126, "Ice Out_SB": 1485, "Make Your Own Luck": 1845, "Ygra, Eater of All": 3548, "Ankle Biter": 84, "Axebane Ferox": 169, "Maha, Its Feathers Night": 1842, "Daggerfang Duo": 647, "Moonstone Harbinger": 1977, "Pestilent Syphoner": 2186, "Hoarding Recluse": 1450, "Deathbloom Gardener": 683, "Drown in Ichor_SB": 835, "Llanowar Elves_SB": 1776, "Bonehoard Dracosaur_SB": 296, "Norin, Swift Survivalist": 2049, "Trapped in the Screen": 3210, "Ragged Playmate": 2312, "Trapped in the Screen_SB": 3211, "Ragged Playmate_SB": 2313, "Norin, Swift Survivalist_SB": 2050, "Splitskin Doll_SB": 2821, "Fear of Surveillance_SB": 1034, "Grand Entryway // Elegant Rotunda_SB": 1303, "Wandertale Mentor": 3465, "Vodalian Mindsinger_SB": 3430, "Pile On": 2213, "Skyfisher Spider": 2719, "Skyfisher Spider_SB": 2720, "Unauthorized Exit": 3269, "Let's Play a Game_SB": 1733, "Chart a Course_SB": 494, "Peerless Recycling_SB": 2175, "Johann's Stopgap_SB": 1596, "Flow of Knowledge_SB": 1116, "Sporogenic Infection": 2822, "Cruel Somnophage": 618, "Festerleech": 1064, "Writhing Necromass": 3541, "Fallaji Archaeologist_SB": 1004, "Aftermath Analyst": 34, "Worldsoul's Rage": 3529, "Inspiration from Beyond": 1522, "Virtue of Strength": 3418, "Nissa, Resurgent Animist": 2039, "Escape Tunnel": 938, "Terramorphic Expanse": 3028, "Roxanne, Starfall Savant_SB": 2493, "Bonny Pall, Clearcutter_SB": 298, "Surgical Suite // Hospital Room": 2951, "Shrouded Shepherd": 2677, "Razorlash Transmogrant": 2351, "Glimmerlight": 1256, "Wardens of the Cycle": 3472, "Warhost's Frenzy": 3474, "Great Train Heist": 1312, "Zurgo and Ojutai": 3582, "Think Twice_SB": 3097, "Dead Weight_SB": 673, "Colossal Rattlewurm": 548, "Freestrider Lookout": 1143, "Valgavoth, Terror Eater_SB": 3352, "The Tale of Tamiyo": 3091, "Contaminated Aquifer": 573, "The Dross Pits": 3044, "The Surgical Bay": 3088, "Case of the Ransacked Lab": 441, "Ertai's Scorn_SB": 937, "Fecund Greenshell": 1040, "Saheeli, Filigree Master": 2527, "Fumigate": 1160, "Enduring Courage_SB": 907, "War Squeak_SB": 3468, "Spirebluff Canal_SB": 2813, "Fiendish Panda": 1068, "Ashnod's Harvester": 138, "Blazing Crescendo": 248, "Ajani, Sleeper Agent": 47, "Ajani, Sleeper Agent_SB": 48, "Chandra, Flameshaper_SB": 478, "Case of the Locked Hothouse_SB": 439, "Vampire Gourmand": 3367, "Vraan, Executioner Thane": 3452, "Eaten Alive_SB": 860, "Geralf, the Fleshwright": 1194, "Geralf, the Fleshwright_SB": 1195, "Claim Jumper_SB": 515, "Mirrex_SB": 1927, "Tectonic Hazard": 3002, "Boltwave_SB": 290, "Chainsaw_SB": 476, "Mosswood Dreadknight_SB": 1982, "Herald of Eternal Dawn": 1411, "Stormchaser's Talent_SB": 2888, "Phyrexian Missionary": 2201, "Etali's Favor": 947, "Sheoldred": 2649, "Fleeting Flight": 1103, "Lost in the Maze_SB": 1803, "Cactarantula": 400, "Stromkirk Noble": 2904, "Defiler of Dreams_SB": 710, "Lithomantic Barrage": 1769, "Enduring Vitality_SB": 915, "Ojer Pakpatiq, Deepest Epoch": 2082, "Disturbing Conversion_SB": 773, "See Double_SB": 2608, "Twinflame Tyrant": 3240, "Koth, Fire of Resistance": 1684, "Chandra, Hope's Beacon_SB": 480, "Wylie Duke, Atiin Hero": 3542, "Stoke the Flames": 2880, "Urza's Sylex": 3341, "Volatile Fault_SB": 3436, "Omen Hawker": 2088, "Audience with Trostani_SB": 156, "Leyline of the Void": 1742, "Sentinel of Lost Lore": 2621, "Jagged Barrens": 1583, "Virtue of Knowledge": 3412, "Hired Claw_SB": 1447, "Valgavoth's Onslaught_SB": 3350, "Kutzil's Flanker": 1696, "Extraordinary Journey": 980, "Gold Pan": 1283, "Extraordinary Journey_SB": 981, "Nurturing Pixie_SB": 2063, "Moonshaker Cavalry": 1975, "Elusive Otter": 893, "Pearl of Wisdom": 2172, "Fear of Lost Teeth": 1030, "Horrid Vigor": 1465, "Flesh Burrower": 1105, "Let's Play a Game": 1732, "Winter's Intervention": 3512, "Grasping Longneck": 1304, "Wickerfolk Thresher": 3500, "Cackling Slasher": 397, "Fear of the Dark": 1035, "Balemurk Leech": 178, "Give In to Violence": 1232, "Innocuous Rat": 1514, "Bashful Beastie": 200, "Defiant Survivor": 704, "Meathook Massacre II": 1888, "Vile Mutilator": 3404, "Healer's Hawk": 1388, "Adamant Will": 16, "Dazzling Angel": 670, "Goldvein Pick": 1287, "Marauding Blight-Priest": 1862, "Moment of Triumph": 1957, "Pilfer": 2215, "Public Thoroughfare": 2274, "Roaming Throne": 2465, "Undying Malice": 3285, "Angel of Finality_SB": 77, "Cancel_SB": 415, "Opt_SB": 2099, "Requisition Raid": 2408, "Anointed Peacekeeper_SB": 97, "Connecting the Dots_SB": 566, "Regal Bunnicorn_SB": 2386, "Analyze the Pollen_SB": 70, "Warleader's Call_SB": 3476, "Corpses of the Lost_SB": 591, "Anthem of Champions": 98, "Mistbreath Elder": 1937, "Bushwhack_SB": 395, "Mistbreath Elder_SB": 1938, "Realmbreaker's Grasp_SB": 2357, "Treeguard Duo_SB": 3219, "Stickytongue Sentinel_SB": 2869, "Sunshower Druid_SB": 2938, "Tumbleweed Rising_SB": 3230, "Polliwallop_SB": 2238, "Leyline of Transformation": 1740, "Saheeli's Lattice": 2526, "Hopeless Nightmare_SB": 1462, "Thrill of Possibility": 3138, "Etali, Primal Storm_SB": 950, "Essence Scatter_SB": 946, "Idyllic Beachfront": 1488, "Makeshift Binding": 1846, "Deadly Riposte_SB": 680, "Nettle Guard_SB": 2023, "Dismal Backwater": 760, "Pelakka Wurm": 2176, "Extract a Confession_SB": 979, "Soul-Shackled Zombie_SB": 2775, "Unauthorized Exit_SB": 3270, "Jump Scare_SB": 1605, "Progenitus_SB": 2265, "Dewdrop Cure": 745, "Harvestrite Host": 1371, "Family Reunion_SB": 1005, "Hinterland Sanctifier_SB": 1445, "Planar Disruption_SB": 2227, "Cut Short_SB": 645, "Deathcap Marionette": 684, "Ichor Drinker": 1486, "Jungle Hollow": 1606, "Urborg Repossession": 3329, "Urborg Repossession_SB": 3330, "Voracious Varmint_SB": 3447, "Ambush Wolf_SB": 63, "Annihilating Glare": 91, "Fanatical Offering": 1008, "Sword of Wealth and Power": 2970, "Pilfer_SB": 2216, "Empyrean Eagle": 900, "Tranquil Cove": 3204, "Griffnaut Tracker_SB": 1324, "Shroudstomper": 2679, "Invasion of Regatha": 1553, "Hidetsugu's Second Rite": 1438, "Mabel's Mettle": 1822, "Lassoed by the Law": 1705, "Cunning Coyote": 635, "Skulduggery": 2711, "Skulduggery_SB": 2712, "The Huntsman's Redemption": 3058, "Beseech the Mirror_SB": 221, "Dead Weight": 672, "Minor Misstep": 1920, "Hopeful Vigil": 1460, "Restricted Office // Lecture Hall": 2436, "Central Elevator // Promising Stairs": 471, "Creeping Peeper": 614, "Underwater Tunnel // Slimy Aquarium": 3284, "Erratic Apparition": 933, "Dazzling Theater // Prop Room": 671, "Fear of Falling": 1023, "Fear of Abduction": 1019, "Lionheart Glimmer": 1767, "Gremlin Tamer_SB": 1320, "Tunnel Surveyor_SB": 3234, "Stalked Researcher_SB": 2841, "Chrome Host Seedshark": 503, "Corrupt": 594, "Ruthless Negotiation": 2515, "Seeker's Folly": 2611, "Bloodstained Mire": 269, "Cling to Dust": 527, "Counterspell": 605, "Fatal Push": 1014, "Flooded Strand": 1107, "Force of Negation": 1122, "Harbinger of the Seas": 1357, "Marsh Flats": 1873, "Misty Rainforest": 1942, "Murktide Regent": 1993, "Otawara, Soaring City": 2118, "Polluted Delta": 2239, "Preordain": 2252, "Psychic Frog": 2272, "Scalding Tarn": 2554, "Sink into Stupor": 2698, "Spell Snare": 2794, "Thought Scour": 3112, "Unearth": 3286, "Watery Grave": 3484, "Consign to Memory_SB": 568, "Engineered Explosives_SB": 918, "Mystical Dispute_SB": 2001, "Nihil Spellbomb_SB": 2035, "Spell Pierce_SB": 2793, "Surgical Extraction_SB": 2948, "The Meathook Massacre_SB": 3067, "Toxic Deluge_SB": 3200, "Steam Vents": 2858, "Thoughtseize": 3115, "Faithless Looting": 1001, "Tamiyo, Inquisitive Student": 2992, "Persist": 2182, "Brazen Borrower": 337, "Archon of Cruelty": 119, "Harbinger of the Seas_SB": 1358, "Stern Scolding_SB": 2868, "Fable of the Mirror-Breaker_SB": 986, "Arena of Glory": 122, "Blazing Rootwalla": 250, "Burning Inquiry": 387, "Detective's Phoenix": 738, "Flameblade Adept": 1094, "Goblin Lore": 1275, "Hollow One": 1452, "Lightning Bolt": 1750, "Stomping Ground": 2881, "Street Wraith": 2900, "Vengevine": 3391, "Wooded Foothills": 3528, "Cursed Totem_SB": 641, "Meltdown_SB": 1895, "Obsidian Charmaw_SB": 2073, "Arid Mesa": 127, "Barbarian Ring": 192, "Sunbaked Canyon": 2927, "Eidolon of the Great Revel": 870, "Goblin Guide": 1274, "Lava Spike": 1712, "Rift Bolt": 2445, "Searing Blaze": 2592, "Skewer the Critics": 2703, "Skullcrack": 2715, "Flare of Duplication": 1099, "Smash to Smithereens_SB": 2745, "Faerie Macabre_SB": 996, "Ensnaring Bridge_SB": 921, "Orcish Bowmasters": 2105, "Ocelot Pride": 2077, "Blood Crypt": 258, "Godless Shrine": 1280, "Sacred Foundry": 2521, "Guide of Souls": 1337, "Seasoned Pyromancer": 2604, "Ajani, Nacatl Pariah": 46, "Phelia, Exuberant Shepherd": 2190, "Phlage, Titan of Fire's Fury": 2191, "Galvanic Discharge": 1175, "Goblin Bombardment": 1271, "Thraben Charm": 3119, "Orim's Chant_SB": 2107, "Wrath of the Skies_SB": 3534, "Thoughtseize_SB": 3116, "Showdown of the Skalds_SB": 2675, "Wear // Tear_SB": 3486, "Legion Loyalist": 1726, "Goblin Bushwhacker": 1272, "Devastating Summons": 741, "Reckless Bushwhacker": 2363, "Goblin Grenade": 1273, "Goblin Piledriver": 1277, "Mogg War Marshal": 1946, "Skirk Prospector": 2704, "Foundry Street Denizen": 1139, "Den of the Bugbear": 726, "Sokenzan, Crucible of Defiance": 2755, "Tormod's Crypt_SB": 3195, "Shattering Spree_SB": 2646, "Blood Moon_SB": 259, "Magus of the Moon_SB": 1841, "Reality Hemorrhage_SB": 2355, "Boseiju, Who Endures": 310, "Dwarven Mine": 852, "Fable of the Mirror-Breaker": 985, "Indomitable Creativity": 1502, "Ziatora's Proving Ground": 3570, "Wrenn and Six": 3538, "Boseiju, Who Endures_SB": 311, "Veil of Summer_SB": 3380, "Terastodon_SB": 3025, "Consider": 567, "Graveyard Trespasser": 1306, "Exquisite Firecraft_SB": 974, "Searing Blood_SB": 2593, "Tunnel Ignus_SB": 3232, "Ragavan, Nimble Pilferer": 2310, "Static Prison": 2854, "Showdown of the Skalds": 2674, "Windswept Heath": 3511, "Fear, Fire, Foes!_SB": 1036, "Drannith Magistrate_SB": 823, "Stony Silence_SB": 2882, "Primeval Titan": 2256, "Amulet of Vigor": 65, "Arboreal Grazer": 105, "Dryad of the Ilysian Grove": 838, "Summoner's Pact": 2924, "Hanweir Battlements": 1355, "Shifting Woodland": 2655, "Mirrorpool": 1929, "Urza's Saga": 3340, "Crumbling Vestige": 623, "Gruul Turf": 1333, "Simic Growth Chamber": 2693, "Lotus Field": 1804, "Tolaria West": 3183, "Vesuva": 3393, "Valakut, the Molten Pinnacle": 3345, "Scapeshift": 2559, "Dryad Arbor": 836, "Green Sun's Zenith": 1317, "Echoing Deeps": 862, "Vexing Bauble": 3398, "Bojuka Bog_SB": 287, "Dismember_SB": 761, "Vampires' Vengeance_SB": 3371, "Hexdrinker_SB": 1427, "Colossal Skyturtle_SB": 549, "Generous Ent_SB": 1190, "Collector Ouphe_SB": 541, "Endurance_SB": 905, "Grist, the Hunger Tide_SB": 1327, "Force of Vigor_SB": 1123, "Chained to the Rocks": 473, "Chained to the Rocks_SB": 474, "Ragavan, Nimble Pilferer_SB": 2311, "Prismatic Ending": 2259, "Xander's Lounge": 3543, "Jetmir's Garden": 1590, "Hurkyl's Recall_SB": 1478, "Damping Sphere_SB": 651, "Explore": 972, "Urza's Cave": 3338, "Defense Grid_SB": 703, "Tireless Tracker_SB": 3169, "Lukka, Bound to Ruin_SB": 1807, "Giant Growth_SB": 1220, "Duelist of the Mind": 839, "Over the Edge_SB": 2128, "Poison Dart Frog_SB": 2234, "Bloodfell Caves": 263, "Offer Immortality": 2078, "Come Back Wrong": 555, "Glassworks // Shattered Yard": 1249, "Raucous Carnival_SB": 2344, "Beamtown Beatstick": 210, "Diamond Pick-Axe": 748, "Sunfire Torch": 2933, "Celestial Armor": 469, "Carrot Cake_SB": 432, "Edgewall Inn": 866, "Grievous Wound_SB": 1323, "Goliath Hatchery_SB": 1290, "Cathartic Parting_SB": 453, "Balmor, Battlemage Captain": 181, "Stormcatch Mentor": 2886, "Bria, Riptide Rogue": 352, "Freeze in Place": 1144, "Relic's Roar": 2397, "Run Away Together_SB": 2502, "Scalding Viper_SB": 2556, "Talion, the Kindly Lord": 2991, "Slice from the Shadows": 2737, "Halo Hopper": 1352, "Hellspur Posse Boss_SB": 1407, "Defabricate": 699, "Grand Abolisher": 1299, "Unnerving Grasp": 3303, "Aspirant's Ascent": 140, "Charge of the Mites_SB": 490, "Harrier Strix": 1368, "Snaremaster Sprite": 2752, "Giant Cindermaw": 1217, "Hammerhand_SB": 1354, "Heartfire Hero_SB": 1391, "Inti, Seneschal of the Sun_SB": 1528, "Pests of Honor": 2187, "Nettle Guard": 2022, "Three Blind Mice": 3128, "Emberheart Challenger_SB": 898, "Dauntless Dismantler_SB": 663, "Phoenix Chick_SB": 2193, "Gleaming Barrier": 1251, "Painful Quandary": 2154, "Gleaming Barrier_SB": 1252, "Solemn Simulacrum_SB": 2757, "Fear of Being Hunted": 1020, "Twinferno_SB": 3239, "Sure Strike_SB": 2943, "Mirran Banesplitter": 1924, "Heartfire Immolator": 1392, "Dwarven Forge-Chanter": 851, "Whiskerquill Scribe": 3494, "Sure Strike": 2942, "Ghitu Amplifier": 1208, "Furious Bellow": 1164, "Ancestors' Aid": 71, "Keldon Flamesage": 1636, "Brambleguard Captain": 330, "Johann, Apprentice Sorcerer": 1597, "Kraum, Violent Cacophony": 1688, "Razzle-Dazzler": 2354, "Vesuvan Drifter": 3394, "Thopter Mechanic": 3106, "Nightwhorl Hermit": 2034, "Iron-Fist Pulverizer": 1564, "Pyrotechnic Performer": 2285, "Fear of Burning Alive": 1022, "Swiftwater Cliffs": 2964, "Molten Tributary": 1953, "Peculiar Lighthouse": 2173, "Restless Spire": 2430, "Fiery Annihilation": 1071, "Seize the Secrets": 2614, "Stop Cold": 2883, "Mishra's Command_SB": 1934, "Plan the Heist_SB": 2226, "Sleight of Hand_SB": 2736, "Kellan, Planar Trailblazer_SB": 1645, "Trick Shot_SB": 3224, "Violent Urge_SB": 3408, "Involuntary Cooldown_SB": 1562, "Out of Air_SB": 2120, "The Filigree Sylex": 3053, "Living Phone": 1774, "Hardened Escort": 1363, "Unsettling Twins": 3307, "The Jolly Balloon Man": 3062, "Holy Cow": 1454, "Unsettling Twins_SB": 3308, "Raccoon Rallier_SB": 2302, "Feather of Flight_SB": 1039, "Rogue's Passage_SB": 2477, "Possessed Goat_SB": 2248, "The Jolly Balloon Man_SB": 3063, "Urgent Necropsy": 3336, "Fynn, the Fangbearer_SB": 1170, "Make Your Move_SB": 1844, "Ajani, Caller of the Pride": 44, "Harbinger of the Tides": 1359, "Harbinger of the Tides_SB": 1360, "Pile On_SB": 2214, "Bottomless Pool && Locker Room_SB": 315, "Cat Collector": 449, "Growing Rites of Itlimoc": 1329, "Jump Scare": 1604, "Niko, Light of Hope": 2036, "Tunnel Surveyor": 3233, "Stalked Researcher": 2840, "Enter the Enigma_SB": 924, "Fear of Isolation_SB": 1029, "Into the Roil": 1534, "Into the Roil_SB": 1535, "Ayara, Widow of the Realm": 171, "Deathmark_SB": 685, "Coruscation Mage": 598, "Throw from the Saddle": 3141, "Arachnoid Adaptation": 101, "Hammerhand": 1353, "War Squeak": 3467, "Longstalk Brawl_SB": 1788, "Thrill of Possibility_SB": 3139, "Season of Gathering": 2596, "Warren Warleader": 3478, "Seasoned Warrenguard_SB": 2606, "Lionheart Glimmer_SB": 1768, "Horrid Vigor_SB": 1466, "Omnivorous Flytrap_SB": 2094, "Roc Hunter": 2472, "Feldon, Ronom Excavator": 1048, "Scalding Viper": 2555, "Trial of Agony_SB": 3221, "Adventuring Gear_SB": 24, "Vicious Clown_SB": 3403, "Fear of Being Hunted_SB": 1021, "Flowstone Infusion": 1118, "Osseous Sticktwister": 2113, "Splash Portal": 2816, "Splash Portal_SB": 2817, "Rite of the Dragoncaller_SB": 2456, "Ghostly Dancers": 1213, "Demonic Pact_SB": 723, "Ezrim, Agency Chief_SB": 984, "Valorous Stance": 3365, "Lodestone Needle": 1782, "Scytheclaw Raptor_SB": 2587, "Bring the Ending_SB": 358, "Sawblade Skinripper_SB": 2549, "Pitiless Carnage_SB": 2222, "Season of Loss_SB": 2599, "Zephyr Singer": 3566, "Bloodghast": 264, "Lunar Convocation_SB": 1814, "Bartolom\u00e9 del Presidio_SB": 198, "Valley Rotcaller_SB": 3362, "Funeral Room // Awakening Hall_SB": 1163, "Silver Scrutiny_SB": 2690, "Cunning Coyote_SB": 636, "Debris Beetle": 686, "Wastewood Verge": 3481, "Llanowar Loamspeaker": 1778, "Vein Ripper_SB": 3382, "Ketramose, the New Dawn": 1649, "Bleachbone Verge": 251, "Intimidation Tactics": 1530, "Grim Bauble": 1325, "Momentum Breaker": 1960, "Spell Pierce": 2792, "Outpace Oblivion_SB": 2125, "Ride's End": 2443, "Molt Tender": 1948, "Fauna Shaman": 1017, "Draconautics Engineer": 797, "Loot, the Pathfinder": 1791, "Afterburner Expert": 33, "Dredger's Insight": 831, "Restless Spire_SB": 2431, "Oildeep Gearhulk_SB": 2080, "Oildeep Gearhulk": 2079, "Haunt the Network_SB": 1376, "Sunbillow Verge": 2928, "Willowrush Verge": 3505, "Eriette of the Charmed Apple": 929, "Surgical Suite // Hospital Room_SB": 2952, "Thousand Moons Smithy": 3117, "Transmutation Font": 3209, "Braided Net_SB": 324, "Defend the Rider": 701, "Hazoret, Godseeker": 1384, "Monument to Endurance": 1973, "Gleeful Demolition_SB": 1255, "Chandra, Spark Hunter_SB": 482, "Muraganda Raceway": 1991, "Nesting Bot": 2020, "Diversion Unit": 778, "Mendicant Core, Guidelight": 1897, "Repurposing Bay": 2407, "Bounce Off": 319, "Tomik, Wielder of Law_SB": 3189, "Spinner of Souls_SB": 2811, "Gumdrop Poisoner": 1341, "Engine Rat": 916, "Teysa, Opulent Oligarch": 3036, "Gonti, Night Minister": 1291, "Perilous Snare": 2180, "Overgrown Zealot": 2131, "Transit Mage": 3208, "Brightglass Gearhulk": 354, "The Aetherspark": 3039, "Ratadrabik of Urborg": 2339, "Regal Imperiosaur": 2389, "Tyrox, Saurid Tyrant": 3252, "Scytheclaw Raptor": 2586, "Agonasaur Rex": 39, "Mindspring Merfolk": 1919, "Lifecraft Engine": 1746, "Caelorna, Coral Tyrant_SB": 403, "Zephyr Singer_SB": 3567, "Memory Guardian": 1896, "Diversion Unit_SB": 779, "Riptide Gearhulk": 2450, "Voyage Home": 3449, "Esoteric Duplicator": 941, "Aether Syphon_SB": 29, "Monument to Endurance_SB": 1974, "Unwanted Remake": 3318, "Riverchurn Monument": 2461, "Explosive Derailment_SB": 973, "Captain Howler, Sea Scourge": 422, "Marauding Mako": 1863, "Scrounging Skyray": 2585, "Riverpyre Verge": 2464, "Phyrexian Dragon Engine": 2198, "Gastal Thrillroller": 1184, "Mishra's Command": 1933, "Voyager Glidecar": 3450, "Greasewrench Goblin": 1308, "Bounce Off_SB": 320, "Grim Bauble_SB": 1326, "Momentum Breaker_SB": 1961, "Lightwheel Enhancements": 1758, "Mishra, Claimed by Gix": 1936, "Webstrike Elite": 3489, "Atraxa's Fall_SB": 152, "Defend the Rider_SB": 702, "Boosted Sloop": 305, "Fearless Swashbuckler": 1037, "Unctus, Grand Metatect": 3272, "Broadside Barrage": 365, "Intimidation Tactics_SB": 1531, "The Aetherspark_SB": 3040, "Melira, the Living Cure_SB": 1894, "Bloated Contaminator_SB": 257, "Overlord of the Hauntwoods_SB": 2140, "Coiling Rebirth_SB": 537, "Restless Anchorage_SB": 2420, "Hidden Necropolis": 1431, "The Speed Demon_SB": 3084, "Lumbering Worldwagon": 1808, "Mu Yanling, Wind Rider": 1986, "Overrun": 2145, "Gastal Thrillroller_SB": 1185, "Heliod, the Radiant Dawn": 1402, "Twinblade Blessing": 3238, "Burnout Bashtronaut": 389, "Gastal Thrillseeker": 1186, "The Speed Demon": 3083, "The Last Ride": 3064, "Amonkhet Raceway": 64, "Ancient Vendetta_SB": 76, "Demonic Junker": 720, "Nexus of Becoming": 2028, "Webstrike Elite_SB": 3490, "Fuel the Flames_SB": 1156, "Spectacular Pileup": 2785, "Chandra, Spark Hunter": 481, "Farsight Ritual": 1013, "Bringer of the Last Gift": 359, "Terisian Mindbreaker": 3026, "Skitterbeam Battalion": 2706, "Fuel the Flames": 1155, "Skycrash": 2717, "Broadside Barrage_SB": 366, "Dropkick Bomber": 833, "Howlsquad Heavy": 1470, "Reckless Lackey": 2365, "Quag Feast": 2289, "Gastal Raider_SB": 1183, "Count on Luck_SB": 604, "Sandstalker Moloch_SB": 2535, "Conduit of Worlds_SB": 562, "Two-Headed Hunter": 3250, "Optimistic Scavenger_SB": 2101, "Ethereal Armor_SB": 954, "Coalstoke Gearhulk_SB": 533, "Kutzil, Malamet Exemplar": 1698, "Thopter Fabricator_SB": 3105, "Thunderous Velocipede": 3152, "Coati Scavenger": 534, "Quag Feast_SB": 2290, "Blast Zone_SB": 246, "Collision Course_SB": 547, "Debris Beetle_SB": 687, "Expel the Interlopers_SB": 967, "Visage of Dread": 3420, "Pit Automaton": 2219, "Visage of Dread_SB": 3421, "The Last Ride_SB": 3065, "Stock Up": 2873, "Reasonable Doubt": 2360, "Sazacap's Brew": 2552, "Invasion of Mercadia": 1552, "Playful Shove": 2228, "Red Sun's Twilight_SB": 2375, "Perilous Snare_SB": 2181, "Flow of Knowledge": 1115, "Spectacular Pileup_SB": 2786, "Gas Guzzler": 1181, "Far Fortune, End Boss": 1012, "Overrun_SB": 2146, "Wardens of the Cycle_SB": 3473, "Painful Quandary_SB": 2155, "Leaf-Crowned Visionary_SB": 1721, "Mossborn Hydra_SB": 1980, "Drag to the Roots_SB": 803, "Claim Jumper": 514, "Starscape Cleric_SB": 2849, "Spectral Interference_SB": 2790, "Say Its Name_SB": 2551, "Flotsam // Jetsam_SB": 1113, "Soul of Windgrace": 2771, "Binding Negotiation_SB": 230, "Ghitu Lavarunner": 1209, "Full Throttle_SB": 1159, "Loot, the Key to Everything_SB": 1790, "Loot, the Pathfinder_SB": 1792, "Lassoed by the Law_SB": 1706, "Spring-Loaded Sawblades_SB": 2826, "Unstable Glyphbridge_SB": 3310, "Urza's Command_SB": 3339, "Thalia and The Gitrog Monster_SB": 3038, "Ride's End_SB": 2444, "Reclamation Sage": 2368, "Bristling Backwoods": 362, "Voyager Glidecar_SB": 3451, "Become Brutes": 215, "Dive Down": 776, "Ozolith, the Shattered Spire": 2153, "Scrollshift_SB": 2584, "Zahur, Glory's Past": 3561, "Coppercoat Vanguard": 580, "Basri, Tomorrow's Champion": 203, "Skyseer's Chariot_SB": 2724, "Bristlebud Farmer_SB": 361, "Third Path Iconoclast_SB": 3099, "Ashiok, Wicked Manipulator_SB": 137, "Ancient Vendetta": 75, "Shoreline Looter": 2673, "Engine Rat_SB": 917, "Essence Channeler_SB": 944, "Lunar Insight": 1815, "Visage Bandit": 3419, "Waxen Shapethief": 3485, "Coalstoke Gearhulk": 532, "Dune Drifter": 840, "Restless Bivouac_SB": 2422, "Invasion of Regatha_SB": 1554, "Ketramose, the New Dawn_SB": 1650, "Locust Spray": 1781, "Proft's Eidetic Memory_SB": 2262, "Gruff Triplets": 1330, "Starfall Invocation_SB": 2846, "Belligerent Yearling": 219, "The Skullspore Nexus": 3081, "Intrepid Paleontologist_SB": 1537, "Jodah, the Unifier_SB": 1595, "Rampaging Raptor": 2331, "Agonasaur Rex_SB": 40, "Ferocification_SB": 1061, "Veteran Survivor": 3396, "Sword of Forge and Frontier_SB": 2967, "Kellan, Inquisitive Prodigy_SB": 1643, "Forlorn Flats": 1132, "Caradora, Heart of Alacria": 426, "Veteran Beastrider": 3395, "Skyseer's Chariot": 2723, "Valor's Flagship": 3363, "Coveted Falcon": 606, "Impulse": 1500, "The Elder Dragon War_SB": 3046, "Twining Twins": 3241, "Threadbind Clique": 3126, "Boommobile_SB": 302, "Radiant Lotus_SB": 2307, "Boommobile": 301, "Forging the Anchor": 1130, "Radiant Lotus": 2306, "The Mightstone and Weakstone_SB": 3069, "Bloodthorn Flail": 272, "Flamewake Phoenix": 1097, "Cryptcaller Chariot_SB": 625, "Slick Sequence": 2738, "Spiteful Hexmage_SB": 2815, "Riptide Gearhulk_SB": 2451, "Riverchurn Monument_SB": 2462, "Volley Veteran": 3442, "Redshift, Rocketeer Chief": 2380, "Kami of Whispered Hopes": 1617, "Haunt the Network": 1375, "Sorcerous Spyglass": 2765, "Demonic Junker_SB": 721, "Furnace Host Charger": 1165, "Clamorous Ironclad": 518, "Wishing Well": 3518, "Frolicking Familiar": 1149, "Alania, Divergent Storm": 51, "Resplendent Angel_SB": 2415, "Tinker's Tote": 3162, "Cephalopod Sentry": 472, "Thopter Fabricator": 3104, "Marketback Walker": 1870, "Sylvan Scavenging": 2973, "Sab-Sunen, Luxa Embodied": 2518, "Simian Simulacrum": 2692, "Broodheart Engine": 369, "Leyline Binding_SB": 1736, "Likeness Looter": 1759, "Reluctant Role Model": 2398, "Bulwark Ox": 382, "Reluctant Role Model_SB": 2399, "Boom Box": 299, "Possession Engine": 2249, "Conduit of Worlds": 561, "Broadcast Rambler": 364, "Gargantuan Leech": 1178, "Captivating Cave": 425, "Cavernous Maw": 464, "Forgotten Monument": 1131, "Hearth Elemental": 1395, "Promising Vein": 2267, "Hidden Courtyard": 1429, "Bat Colony": 204, "Calamitous Cave-In": 404, "Hidden Volcano": 1433, "Marketback Walker_SB": 1871, "Highway Robbery": 1442, "Daretti, Rocketeer Engineer": 654, "Threefold Thunderhulk": 3136, "Tune Up": 3231, "Meteor Golem_SB": 1902, "Virtue of Courage": 3411, "Market Gnome_SB": 1869, "Gastal Raider": 1182, "The Goose Mother": 3057, "Oviya, Automech Artisan": 2152, "Mold Adder_SB": 1947, "Itzquinth, Firstborn of Gishath": 1569, "The Skullspore Nexus_SB": 3082, "Burnout Bashtronaut_SB": 390, "Sovereign Okinec Ahau": 2783, "Gloryheath Lynx": 1264, "Servant of the Stinger": 2632, "The Raven Man": 3076, "The Raven Man_SB": 3077, "Halana and Alena, Partners_SB": 1347, "Valor's Flagship_SB": 3364, "Tocasia's Welcome_SB": 3182, "Stall Out": 2842, "Stall Out_SB": 2843, "Cosmium Confluence": 602, "Festival of Embers": 1065, "Hidden Nursery": 1432, "Union of the Third Path_SB": 3297, "Balustrade Wurm": 183, "Charming Prince": 491, "Gossip's Talent": 1293, "Skycrash_SB": 2718, "Mephitic Draught": 1899, "Nexus of Becoming_SB": 2029, "Soulless Jailer_SB": 2777, "Sab-Sunen, Luxa Embodied_SB": 2519, "Collector's Vault_SB": 545, "Thran Spider_SB": 3124, "Earthrumbler": 857, "Akal Pakal, First Among Equals_SB": 50, "Drana and Linvala_SB": 822, "Lavaspur Boots_SB": 1714, "Voldaren Thrillseeker_SB": 3441, "Thunderous Velocipede_SB": 3153, "Chitin Gravestalker": 499, "Starving Revenant_SB": 2851, "Stock Up_SB": 2874, "Restless Ridgeline_SB": 2429, "Fear of Infinity_SB": 1027, "Ojer Pakpatiq, Deepest Epoch_SB": 2083, "Oko, the Ringleader": 2084, "Forensic Researcher": 1127, "Deepfathom Echo": 696, "Desperate Bloodseeker_SB": 733, "Steamcore Scholar_SB": 2860, "Dredger's Insight_SB": 832, "Fauna Shaman_SB": 1018, "Phyrexian Missionary_SB": 2202, "Sunder the Gateway": 2929, "Malcator, Purity Overseer": 1848, "Reject Imperfection_SB": 2393, "Vivisurgeon's Insight_SB": 3428, "Baral and Kari Zev": 191, "Enigma Drake": 919, "Eroded Canyon": 931, "Trained Arynx": 3202, "Ornery Tumblewagg": 2108, "Giant Beaver": 1216, "Lagorin, Soul of Alacria": 1702, "Miriam, Herd Whisperer": 1923, "Congregation Gryff": 565, "Brightfield Glider": 353, "Creosote Heath": 615, "Run Over_SB": 2503, "Night Market": 2031, "Stockpiling Celebrant": 2876, "Carrion Locust_SB": 430, "Skullcap Snail_SB": 2714, "Stockpiling Celebrant_SB": 2877, "Macabre Waltz": 1825, "Wary Thespian": 3480, "Haunted Mire": 1377, "Overwhelming Remorse_SB": 2148, "Akal Pakal, First Among Equals": 49, "Forensic Gadgeteer": 1125, "Deduce_SB": 691, "Wreck Remover_SB": 3535, "River's Rebuke": 2459, "Brave the Wilds": 336, "Fog of War_SB": 1120, "Armored Scrapgorger": 130, "Fierce Empath": 1070, "Spinewoods Paladin": 2808, "Mocking Sprite": 1943, "Talion's Messenger": 2990, "Barrow Naughty": 196, "Faerie Slumber Party": 999, "Drag the Canal": 799, "Soured Springs": 2782, "Spellscorn Coven": 2799, "Etrata, Deadly Fugitive": 955, "Coerced to Kill": 535, "Unstoppable Plan_SB": 3311, "Shadow-Rite Priest": 2637, "Training Grounds": 3203, "Hoarding Broodlord": 1449, "Nullpriest of Oblivion": 2060, "Nahiri's Warcrafting_SB": 2005, "Oaken Siren": 2065, "Guidelight Optimizer": 1338, "Fountainport Bell": 1141, "Machine Over Matter_SB": 1826, "Crumb and Get It_SB": 622, "Flame Lash": 1093, "Exsanguinate_SB": 976, "Exsanguinate": 975, "Tranquil Cove_SB": 3205, "Syr Ginger, the Meal Ender_SB": 2979, "Callous Sell-Sword_SB": 411, "Legion Extruder_SB": 1725, "Furnace Punisher_SB": 1166, "Hearth Elemental_SB": 1396, "Krenko's Buzzcrusher": 1689, "Irreverent Gremlin": 1565, "Greasefang, Okiba Boss": 1307, "Parhelion II": 2163, "Shattered Sanctum": 2645, "Faithful Mending": 1000, "Skysovereign, Consul Flagship": 2726, "Tainted Indulgence": 2983, "Hallowed Fountain": 1350, "Collective Brutality": 539, "Geier Reach Sanitarium": 1189, "Raffine's Tower": 2309, "Stubborn Denial": 2905, "Vanishing Verse": 3375, "Dovin's Veto_SB": 794, "Ashiok, Dream Render_SB": 134, "Silence_SB": 2685, "Fatal Push_SB": 1015, "Deafening Silence_SB": 681, "Vanishing Verse_SB": 3376, "Unlicensed Hearse_SB": 3299, "Blade of the Oni": 240, "Blightstep Pathway": 255, "Bloodtithe Harvester": 273, "Mutavault": 1997, "Urborg, Tomb of Yawgmoth": 3333, "Extinction Event_SB": 978, "Invoke Despair_SB": 1561, "Go Blank_SB": 1268, "Hidetsugu Consumes All_SB": 1435, "Cauldron Familiar": 455, "Deadly Dispute": 678, "Mayhem Devil": 1882, "Overgrown Tomb": 2130, "Witch's Oven": 3520, "Claim the Firstborn": 516, "Ob Nixilis, the Adversary_SB": 2069, "Voldaren Epicure": 3439, "Ensoul Artifact": 922, "Riverglide Pathway": 2463, "Darksteel Citadel": 662, "Shrapnel Blast": 2676, "Smuggler's Copter": 2747, "Rending Volley_SB": 2402, "Shadowspear_SB": 2638, "Voltage Surge_SB": 3444, "Aether Gust_SB": 28, "Annul_SB": 93, "Cragcrown Pathway": 608, "Ramunap Ruins": 2334, "Soul-Scar Mage": 2774, "Reckless Rage": 2367, "Hazoret the Fervent_SB": 1383, "Redcap Melee_SB": 2377, "Experimental Frenzy_SB": 970, "Anger of the Gods_SB": 80, "Claim // Fame": 513, "Infuriate": 1510, "Kumano Faces Kakkazan": 1695, "Grafdigger's Cage_SB": 1297, "Claim the Firstborn_SB": 517, "Spara's Headquarters": 2784, "Breeding Pool": 351, "Linvala, the Preserver": 1766, "Enigmatic Incarnation": 920, "Zagoth Triome": 3560, "Skyclave Apparition": 2716, "Indatha Triome": 1501, "Savai Triome": 2545, "Thought Distortion_SB": 3111, "Yorion, Sky Nomad_SB": 3550, "Archon of Emeria_SB": 120, "Knockout Blow_SB": 1674, "Ruric Thar, the Unbowed_SB": 2508, "Extinction Event": 977, "Gifted Aetherborn_SB": 1221, "Pitiless Carnage": 2221, "Dynamite Diver": 855, "Guidelight Synergist": 1339, "Kolodin, Triumph Caster": 1679, "Burner Rocket": 386, "Cloudspire Skycycle": 531, "Frenzied Goblin": 1145, "Count on Luck": 603, "Doubling Season_SB": 793, "Fanatical Firebrand_SB": 1007, "Frenzied Goblin_SB": 1146, "Reckless Lackey_SB": 2366, "Howlsquad Heavy_SB": 1471, "Rundvelt Hordemaster_SB": 2505, "Aurelia, the Warleader": 157, "Gilded Ghoda": 1224, "Vanish into Eternity_SB": 3374, "District Mascot": 771, "Shivan Devastator": 2660, "Zimone, Paradox Sculptor": 3571, "Tyvar, the Pummeler_SB": 3261, "Zopandrel, Hunger Dominus_SB": 3575, "Castle Locthwain": 448, "Clearwater Pathway": 525, "Field of Ruin": 1067, "Hall of Storm Giants": 1348, "Hive of the Eye Tyrant": 1448, "Narset, Parter of Veils": 2007, "Omen of the Sea": 2090, "Paradoxical Outcome": 2162, "Shipwreck Marsh": 2659, "Takenuma, Abandoned Mire": 2989, "The Meathook Massacre": 3066, "Weathered Runestone_SB": 3488, "Fetid Pools": 1066, "Yorion, Sky Nomad": 3549, "Fear of Infinity": 1026, "Dawnwing Marshal": 667, "Leonin Vanguard": 1730, "Savannah Lions": 2546, "Ledger Shredder": 1723, "Arclight Phoenix": 121, "Fiery Impulse": 1073, "Lightning Axe": 1749, "Treasure Cruise": 3216, "Brazen Borrower_SB": 338, "Prismari Command_SB": 2258, "Bishop of Wings": 231, "Righteous Valkyrie": 2446, "Resplendent Marshal": 2416, "Collected Company": 538, "Kayla's Reconstruction": 1631, "Portable Hole": 2243, "Branchloft Pathway": 333, "Cave of the Frost Dragon": 461, "Overgrown Farmland": 2129, "Temple Garden": 3009, "Nykthos, Shrine to Nyx": 2064, "Eiganjo, Seat of the Empire": 871, "Brutal Cathar_SB": 376, "Reidane, God of the Worthy_SB": 2390, "Archon of Absolution_SB": 118, "Shapers' Sanctuary_SB": 2641, "Brave the Elements_SB": 335, "Heroic Intervention_SB": 1424, "Elvish Mystic": 896, "Kiora, Behemoth Beckoner": 1656, "Cavalier of Thorns": 460, "Old-Growth Troll": 2086, "Lair of the Hydra": 1703, "Storm the Festival": 2884, "Ulvenwald Oddity": 3266, "Oath of Nissa": 2067, "Leyline of the Guildpact": 1741, "Emrakul, the Promised End_SB": 901, "Setessan Petitioner_SB": 2634, "Arasta of the Endless Web_SB": 104, "Ashiok, Nightmare Muse_SB": 135, "Haunted Ridge": 1378, "Bonecrusher Giant": 293, "Burning-Tree Emissary": 388, "Chandra, Torch of Defiance": 483, "Collision // Colossus": 546, "Gruul Spellbreaker": 1332, "Kami's Flare": 1618, "Pelt Collector": 2177, "Voltaic Brawler": 3445, "Zhur-Taa Goblin": 3569, "Bonecrusher Giant_SB": 294, "Chandra, Torch of Defiance_SB": 484, "Cindervines_SB": 508, "Kami's Flare_SB": 1619, "Roiling Vortex_SB": 2480, "Sigarda's Aid": 2683, "Colossus Hammer": 551, "Raffine's Informant": 2308, "Sylvan Caryatid": 2972, "Eldritch Evolution": 874, "Mana Confluence": 1854, "Soulflayer": 2776, "Collective Brutality_SB": 540, "Bloodline Culling_SB": 268, "Portable Hole_SB": 2244, "Kroxa, Titan of Death's Hunger": 1694, "Leyline of Sanctity_SB": 1739, "Barrier Breach_SB": 195, "Foreboding Ruins": 1124, "Invoke Despair": 1560, "Rakdos, Patron of Chaos": 2321, "Kolaghan's Command_SB": 1678, "Stormcarved Coast": 2885, "Spikefield Hazard": 2805, "Izzet Charm": 1576, "Prismari Command": 2257, "Laughing Jasper Flint_SB": 1711, "Arcanis the Omnipotent": 107, "Drag to the Bottom": 801, "Titania's Command_SB": 3173, "Rocky Roads": 2475, "Lumbering Worldwagon_SB": 1809, "Cosmic Rebirth_SB": 601, "Mondrak, Glory Dominus_SB": 1968, "Become Brutes_SB": 216, "Spin Out_SB": 2806, "Ravine Raider_SB": 2348, "Cindering Cutthroat_SB": 507, "Steampath Charger_SB": 2861, "Risky Shortcut_SB": 2453, "Mimeoplasm, Revered One": 1916, "Devouring Sugarmaw": 743, "Amalia Benavides Aguirre_SB": 60, "Elas il-Kor, Sadistic Pilgrim_SB": 873, "Fiendish Panda_SB": 1069, "Knight of Dawn's Light_SB": 1667, "Spectral Interference": 2789, "Ruthless Negotiation_SB": 2516, "Outcaster Greenblade": 2121, "Map the Frontier": 1859, "No Witnesses_SB": 2047, "Khenra Spellspear": 1651, "Silken Strength": 2688, "Divine Resilience": 780, "Greenhouse // Rickety Gazebo": 1318, "Mirror Room // Fractured Realm": 1928, "Unflinching Courage_SB": 3289, "Radiant Grove": 2305, "Streetwise Negotiator_SB": 2901, "Winter, Cursed Rider": 3513, "Eddymurk Crab_SB": 864, "Tolarian Terror_SB": 3185, "Drake Hatcher_SB": 819, "Goblin Oriflamme": 1276, "Etched Familiar": 952, "Haughty Djinn_SB": 1374, "Spyglass Siren_SB": 2829, "Realm-Scorcher Hellkite": 2356, "Sentinel of Lost Lore_SB": 2622, "Herd Migration_SB": 1419, "Gisa, the Hellraiser_SB": 1230, "Kykar, Zephyr Awakener": 1700, "Lathril, Blade of the Elves_SB": 1709, "The Huntsman's Redemption_SB": 3059, "Gixian Infiltrator_SB": 1239, "Armored Armadillo_SB": 129, "Gloryheath Lynx_SB": 1265, "Threefold Thunderhulk_SB": 3137, "Cryptcaller Chariot": 624, "Case of the Locked Hothouse": 438, "Walk-In Closet // Forgotten Cellar": 3463, "Primeval Bounty": 2255, "Stingerback Terror_SB": 2871, "Grand Entryway && Elegant Rotunda": 1301, "Karn, Living Legacy_SB": 1623, "Steel Hellkite_SB": 2862, "Rangers' Refueler": 2335, "Meeting of Minds": 1891, "Mindsparker_SB": 1917, "Aloe Alchemist": 57, "Voracious Greatshark": 3446, "Gigantosaurus": 1222, "Llanowar Greenwidow": 1777, "Llanowar Stalker": 1779, "Ghalta, Primal Hunger_SB": 1205, "Gigantosaurus_SB": 1223, "Disenchant": 756, "Captain Howler, Sea Scourge_SB": 423, "Cursed Recording_SB": 640, "Commune with Evil": 557, "Thirsting Roots": 3100, "Lukka, Bound to Ruin": 1806, "The Stasis Coffin": 3085, "The Everflowing Well": 3052, "Kellan Joins Up": 1639, "Ovika, Enigma Goliath_SB": 2151, "Quaketusk Boar": 2291, "Demonic Counsel": 719, "Bestow Greatness_SB": 222, "Leaping Ambush": 1722, "Raucous Theater_SB": 2346, "Rockface Village_SB": 2474, "Flowstone Infusion_SB": 1119, "Alesha, Who Laughs at Fate_SB": 54, "Feed the Swarm": 1044, "Invasion of Karsus_SB": 1551, "Progenitor Exarch": 2263, "Detention Chariot": 740, "Push the Limit": 2281, "Gallant Strike": 1173, "Thundering Broodwagon": 3149, "Agatha of the Vile Cauldron": 35, "Reckless Handling": 2364, "Stern Lesson": 2866, "Stormkeld Vanguard_SB": 2890, "Moonshaker Cavalry_SB": 1976, "Bramble Familiar_SB": 329, "Annie Joins Up_SB": 90, "Primal Might_SB": 2254, "Ancient Den": 74, "Boros Garrison": 308, "Experimental Synthesizer": 971, "Galvanic Blast": 1174, "Glint Hawk": 1258, "Great Furnace": 1311, "Journey to Nowhere": 1600, "Kor Skyfisher": 1683, "Lembas": 1729, "Makeshift Munitions": 1847, "Relic of Progenitus": 2395, "Rustvale Bridge": 2512, "Thraben Inspector": 3121, "Dust to Dust_SB": 848, "Electrickery_SB": 875, "Prismatic Strands_SB": 2260, "Pyroblast_SB": 2282, "Red Elemental Blast_SB": 2374, "Relic of Progenitus_SB": 2396, "Boomerang": 300, "Brainstorm": 327, "Cryptic Serpent": 628, "Deep Analysis": 693, "Delver of Secrets": 714, "Dragon Wings": 808, "L\u00f3rien Revealed": 1821, "Mental Note": 1898, "Murmuring Mystic": 1995, "Ponder": 2242, "Sleep of the Dead": 2732, "Snow-Covered Island": 2754, "Blue Elemental Blast_SB": 283, "Deem Inferior_SB": 692, "Dispel_SB": 762, "Hydroblast_SB": 1483, "Jace's Phantasm_SB": 1580, "Murmuring Mystic_SB": 1996, "Sleep of the Dead_SB": 2733, "Radiant Fountain": 2304, "Goldmire Bridge": 1284, "Bojuka Bog": 286, "Orzhov Basilica": 2109, "Sunlit Marsh": 2935, "Troll of Khazad-d\u00fbm": 3227, "Eagles of the North": 856, "Dawnbringer Cleric": 666, "Omen of the Dead": 2089, "Cast Down": 446, "Accursed Marauder": 12, "Refurbished Familiar": 2382, "Vault of Whispers": 3377, "Suffocating Fumes": 2909, "Campfire_SB": 412, "Arms of Hadar_SB": 132, "Unmake_SB": 3300, "Accursed Marauder_SB": 13, "Cast Down_SB": 447, "Beckon Apparition_SB": 214, "Thraben Charm_SB": 3120, "Thorn of the Black Rose_SB": 3107, "Arashin Cleric_SB": 103, "Lazav, Wearer of Faces_SB": 1719, "Invasion of Tarkir_SB": 1556, "Harmless Offering_SB": 1366, "Return Triumphant": 2438, "Souls of the Lost_SB": 2779, "Wildwood Scourge": 3504, "Slickshot Lockpicker_SB": 2740, "Flashfreeze": 1100, "Cori-Steel Cutter": 588, "Heritage Reclamation": 1420, "Scavenger Regent // Exude Toxin // Scavenger Regent": 2562, "Qarsi Revenant": 2287, "Strategic Betrayal_SB": 2899, "Scavenger Regent // Exude Toxin // Scavenger Regent_SB": 2563, "Mistrise Village": 1939, "Roiling Dragonstorm": 2478, "Marang River Regent": 1860, "Jeskai Revelation_SB": 1589, "Voice of Victory_SB": 3432, "Clarion Conqueror_SB": 521, "Rakshasa's Bargain": 2324, "Fangkeeper's Familiar": 1010, "Awaken the Honored Dead_SB": 167, "Heritage Reclamation_SB": 1421, "Sunpearl Kirin": 2936, "Magmatic Hellkite_SB": 1838, "Interface Ace": 1526, "Synchronized Charge": 2975, "Surrak, Elusive Hunter": 2955, "Surrak, Elusive Hunter_SB": 2956, "Elspeth, Storm Slayer": 889, "Rally the Monastery": 2329, "Cori Mountain Monastery": 584, "Dispelling Exhale": 763, "Jeskai Revelation": 1588, "Shiko, Paragon of the Way": 2656, "United Battlefront": 3298, "Elspeth, Storm Slayer_SB": 890, "Sandsteppe Citadel": 2536, "Skirmish Rhino": 2705, "Desperate Measures": 734, "Rot-Curse Rakshasa": 2486, "Tersa Lightshatter_SB": 3034, "Glacial Dragonhunt": 1241, "Tersa Lightshatter": 3033, "Winternight Stories": 3514, "Auroral Procession": 158, "Opulent Palace": 2102, "Herd Heirloom": 1416, "Sage of the Skies_SB": 2523, "Frontline Rush": 1151, "Tempest Hawk": 3008, "Static Snare": 2855, "Gilded Lotus_SB": 1225, "Cori-Steel Cutter_SB": 589, "Kishla Village": 1661, "Restless Vents_SB": 2433, "Magmatic Hellkite": 1837, "Sarkhan, Dragon Ascendant": 2542, "Sarkhan, Soul Aflame": 2543, "Pit of Offerings": 2220, "Static Snare_SB": 2856, "Gulping Scraptrap": 1340, "Unending Whisper": 3287, "Mystic Monastery": 2000, "Stormshriek Feral": 2893, "Stormshriek Feral_SB": 2894, "Wild Ride": 3501, "Kayla's Reconstruction_SB": 1632, "Flamehold Grappler": 1096, "Cooped Up": 576, "Rediscover the Way": 2378, "Fresh Start_SB": 1147, "Two-Headed Hunter_SB": 3251, "Frontier Bivouac": 1150, "Frostcliff Siege": 1153, "Duty Beyond Death_SB": 850, "Dalkovan Encampment": 648, "Dragonologist": 817, "Scavenger Regent_SB": 2564, "Caustic Exhale": 458, "Disruptive Stormbrood": 765, "Scavenger Regent": 2561, "Qarsi Revenant_SB": 2288, "Songcrafter Mage": 2761, "Death Begets Life_SB": 682, "Bloomvine Regent": 277, "Encroaching Dragonstorm": 902, "Ugin, Eye of the Storms": 3262, "Drakuseth, Maw of Flames": 820, "Breaching Dragonstorm": 342, "Molten Exhale": 1951, "Molten Exhale_SB": 1952, "Ugin, Eye of the Storms_SB": 3263, "New Way Forward": 2026, "Awaken the Honored Dead": 166, "Teval, Arbiter of Virtue": 3035, "Caustic Exhale_SB": 459, "Fangkeeper's Familiar_SB": 1011, "Bulwark Ox_SB": 383, "Mandible Justiciar": 1855, "Temur Tawnyback": 3023, "Eshki Dragonclaw": 939, "Rugged Highlands": 2498, "Spinewoods Paladin_SB": 2809, "Voidwing Hybrid": 3433, "Torpor Orb": 3196, "Mercurial Spelldancer": 1900, "Blightbelly Rat_SB": 254, "Devoted Duelist": 742, "Prowcatcher Specialist_SB": 2271, "Ghitu Lavarunner_SB": 1210, "Dragon Sniper": 805, "Nature's Rhythm": 2010, "Broken Wings_SB": 368, "Slumbering Keepguard": 2743, "The Princess Takes Flight": 3074, "Keldon Strike Team": 1637, "Sidisi, Regent of the Mire": 2682, "Gingerbrute_SB": 1228, "Undergrowth Leopard_SB": 3283, "Great Arashin City": 1309, "Maelstrom of the Spirit Dragon": 1829, "Fortress Kin-Guard": 1135, "Salt Road Packbeast": 2530, "Inspiring Overseer_SB": 1524, "Salt Road Packbeast_SB": 2531, "Kishla Skimmer": 1660, "Roar of Endless Song_SB": 2467, "Spectral Denial": 2787, "Overwhelming Surge_SB": 2150, "Corroding Dragonstorm": 592, "Bleachbone Verge_SB": 252, "Voice of Victory": 3431, "Sage of the Skies": 2522, "Rakshasa's Bargain_SB": 2325, "Helga, Skittish Seer": 1400, "Helga, Skittish Seer_SB": 1401, "Mistrise Village_SB": 1940, "Case of the Pilfered Proof": 440, "Coordinated Maneuver_SB": 579, "Winternight Stories_SB": 3515, "Craterhoof Behemoth": 610, "Craterhoof Behemoth_SB": 611, "Descendant of Storms": 728, "Severance Priest": 2635, "Yathan Roadwatcher": 3545, "Animist's Might": 83, "Flourishing Bloom-Kin": 1114, "Marang River Regent_SB": 1861, "Twists and Turns_SB": 3247, "Sagu Wildling": 2524, "Moment of Craving": 1954, "Dragonback Assault": 810, "Don't Make a Sound_SB": 786, "Behind the Mask": 218, "Seedglaive Mentor": 2610, "Channeled Dragonfire": 487, "Stadium Headliner": 2836, "Dispelling Exhale_SB": 764, "Twinmaw Stormbrood": 3242, "Simulacrum Synthesizer_SB": 2696, "Desperate Measures_SB": 735, "Ureni, the Song Unending": 3334, "Ringing Strike Mastery_SB": 2448, "Spectral Denial_SB": 2788, "Shiko, Paragon of the Way_SB": 2657, "Ureni, the Song Unending_SB": 3335, "Sinkhole Surveyor": 2699, "Muldrotha, the Gravetide_SB": 1990, "Harried Spearguard": 1367, "Toxin Analysis_SB": 3201, "Roiling Dragonstorm_SB": 2479, "Tinybones, Bauble Burglar_SB": 3166, "Fleeting Effigy": 1102, "Glacierwood Siege": 1243, "Disruptive Stormbrood_SB": 766, "Skullcap Snail": 2713, "Dire Flail": 752, "Rediscover the Way_SB": 2379, "Rotisserie Elemental_SB": 2488, "New Way Forward_SB": 2027, "Dalkovan Packbeasts": 649, "Coordinated Maneuver": 578, "Mardu Devotee": 1865, "Warren Warleader_SB": 3479, "Toby, Beastie Befriender_SB": 3180, "Mardu Devotee_SB": 1866, "Resolute Reinforcements_SB": 2413, "Triumphant Chomp_SB": 3226, "Rampaging Raptor_SB": 2332, "Earthshaker Dreadmaw_SB": 858, "Temur Battlecrier": 3022, "Strategic Betrayal": 2898, "Dinotomaton": 751, "Dragon Whelp": 807, "Dragonlord's Servant": 815, "Firespitter Whelp": 1091, "Kolaghan Warmonger": 1677, "Mox Jasper": 1985, "Shivan Dragon": 2661, "Viashino Branchrider_SB": 3400, "Firebrand Archer_SB": 1087, "Twin Bolt_SB": 3237, "Rumbling Rockslide_SB": 2501, "Skyraker Giant_SB": 2722, "Breaching Dragonstorm_SB": 343, "Drakuseth, Maw of Flames_SB": 821, "Ticket Booth // Tunnel of Hate_SB": 3156, "All-Out Assault": 56, "Inevitable Defeat": 1503, "Neriv, Heart of the Storm": 2018, "Zurgo, Thunder's Decree": 3585, "Inevitable Defeat_SB": 1504, "Thunder of Unity_SB": 3148, "Windcrag Siege_SB": 3510, "Zurgo's Vanguard": 3584, "Duty Beyond Death": 849, "Kheru Goldkeeper": 1652, "Ambling Stormshell": 61, "Bedrock Tortoise": 217, "Ainok Wayfarer": 42, "Overwhelming Surge": 2149, "Stern Lesson_SB": 2867, "Rabid Bite": 2299, "Polliwallop": 2237, "Felothar, Dawn of the Abzan": 1059, "Channeled Dragonfire_SB": 488, "Corroding Dragonstorm_SB": 593, "Oracle of Tragedy_SB": 2104, "Mardu Siegebreaker": 1867, "Floriferous Vinewall": 1112, "Bovine Intervention_SB": 322, "Combat Courier": 552, "Stasis Snare_SB": 2853, "Seal from Existence_SB": 2591, "Intrepid Stablemaster": 1539, "Guardian Sunmare": 1334, "Break the Spell": 347, "Take Out the Trash_SB": 2985, "Runescale Stormbrood": 2507, "Abyssal Harvester_SB": 10, "Clarion Conquerer_SB": 519, "Treacherous Greed": 3215, "Skyserpent Seeker_SB": 2725, "Itzquinth, Firstborn of Gishath_SB": 1570, "Moment of Truth_SB": 1959, "Helping Hand_SB": 1410, "Adarkar Wastes_SB": 19, "Floodfarm Verge_SB": 1109, "Meticulous Archive_SB": 1904, "Seachrome Coast_SB": 2589, "Twitching Doll_SB": 3249, "Under the Skin_SB": 3276, "Mondrak, Glory Dominus": 1967, "Stasis Snare": 2852, "Commune with Nature": 558, "Coordinated Clobbering": 577, "Take the Fall_SB": 2988, "Serum Snare_SB": 2631, "Infectious Bite_SB": 1506, "Elusive Otter_SB": 894, "Kraul Whipcracker": 1686, "Hurkyl, Master Wizard_SB": 1479, "Tomb Trawler": 3188, "Clarion Conqueror // Clarion Conqueror_SB": 520, "The Ancient One": 3041, "Twinmaw Stormbrood_SB": 3243, "Monastery Messenger": 1964, "Brineborn Cutthroat": 356, "Taurean Mauler": 2999, "Warden of the Grove": 3469, "Invasion of Ikoria": 1548, "Nomad Outpost": 2048, "Sonic Shrieker": 2763, "Curator of Destinies_SB": 638, "The Sibsig Ceremony": 3080, "Purging Stormbrood_SB": 2279, "Kickoff Celebrations": 1653, "Lord Skitter's Blessing": 1797, "Ayli, Eternal Pilgrim_SB": 173, "Stoic Sphinx": 2878, "Nullpriest of Oblivion_SB": 2061, "Confounding Riddle_SB": 564, "Combat Thresher": 554, "Windcrag Siege": 3509, "Glacial Dragonhunt_SB": 1242, "Glarb, Calamity's Augur_SB": 1246, "Heliod, the Radiant Dawn_SB": 1403, "Ghostly Dancers_SB": 1214, "Phyrexian Censor": 2196, "Terror of the Peaks_SB": 3032, "Calamity, Galloping Inferno_SB": 407, "Convenient Target_SB": 575, "Herd Heirloom_SB": 1417, "Vampiric Rites_SB": 3372, "Fear of Lost Teeth_SB": 1031, "Bloodghast_SB": 265, "Vampire Gourmand_SB": 3368, "Shocking Sharpshooter": 2667, "Melek, Reforged Researcher": 1892, "Pyrrhic Blast": 2286, "Bovine Intervention": 321, "Dragonfire Blade": 812, "Anafenza, Unyielding Lineage": 68, "Fires of Victory_SB": 1090, "Autonomous Assembler": 161, "Riling Dawnbreaker": 2447, "Watcher of the Wayside": 3482, "Restricted Office // Lecture Hall_SB": 2437, "Clay Champion": 523, "Nesting Bot_SB": 2021, "Osseous Exhale": 2111, "Frostcliff Siege_SB": 1154, "Unscrupulous Contractor": 3306, "Diabolic Intent": 747, "Gearbane Orangutan_SB": 1188, "Unyielding Gatekeeper_SB": 3321, "Shock Brigade": 2664, "Norn's Wellspring": 2052, "Case of the Uneaten Feast_SB": 445, "Return Triumphant_SB": 2439, "Spring Splasher": 2824, "Rise of the Varmints": 2452, "Undergrowth Leopard": 3282, "Grasping Longneck_SB": 1305, "Watcher of the Wayside_SB": 3483, "Aatchik, Emerald Radian": 0, "Ratcatcher Trainee": 2340, "Reigning Victor": 2391, "Worthy Cost": 3532, "Bone-Cairn Butcher": 291, "Salt Road Skirmish": 2532, "Starry-Eyed Skyrider": 2847, "Deadly Riposte": 679, "Derelict Attic // Widow's Walk_SB": 727, "Dirgur Island Dragon": 753, "Bloodfeather Phoenix_SB": 262, "Narset, Jeskai Waymaster": 2006, "Three Blind Mice_SB": 3129, "Annihilating Glare_SB": 92, "Branch of Vitu-Ghazi": 331, "Dragon Sniper_SB": 806, "Servant of the Stinger_SB": 2633, "Blue Sun's Twilight": 284, "Thrashing Brontodon": 3125, "Yarus, Roar of the Old Gods": 3544, "Sinkhole Surveyor_SB": 2700, "Revenge of the Rats": 2441, "Thunder of Unity": 3147, "Frontline Rush_SB": 1152, "Dalkovan Packbeasts_SB": 650, "Descendant of Storms_SB": 729, "Worthy Cost_SB": 3533, "War Effort_SB": 3466, "Shocking Sharpshooter_SB": 2668, "Lasyd Prowler": 1707, "Ob Nixilis, Captive Kingpin": 2068, "All Will Be One": 55, "Encroaching Mycosynth": 903, "Krenko, Baron of Tin Street": 1691, "Ice Out": 1484, "Crime Novelist": 616, "Breeches, Eager Pillager_SB": 350, "Convenient Target": 574, "Feral Encounter_SB": 1060, "Nature's Rhythm_SB": 2011, "Synchronized Charge_SB": 2976, "Viral Spawning_SB": 3410, "Grafted Butcher": 1298, "Voidwing Hybrid_SB": 3434, "Timeless Lotus": 3161, "Phyrexian Vindicator_SB": 2206, "Niv-Mizzet, Supreme_SB": 2041, "Perennation_SB": 2178, "Karplusan Forest_SB": 1625, "Urabrask_SB": 3327, "Kiora, Sovereign of the Deep_SB": 1657, "Kalastria Highborn": 1614, "Cori Mountain Monastery_SB": 585, "Peer Past the Veil_SB": 2174, "Campus Guide_SB": 413, "Eluge, the Shoreless Sea": 891, "Finale of Revelation": 1081, "Eliminate the Impossible": 885, "Eliminate the Impossible_SB": 886, "Finale of Revelation_SB": 1082, "Cat Collector_SB": 450, "Fumigate_SB": 1161, "Spelunking_SB": 2801, "Eshki Dragonclaw_SB": 940, "Songcrafter Mage_SB": 2762, "Filter Out": 1074, "Rot-Curse Rakshasa_SB": 2487, "Subterranean Schooner_SB": 2908, "Cori Mountain Stalwart": 586, "Aggressive Sabotage_SB": 38, "Izoni, Center of the Web_SB": 1575, "Dragon's Prey": 809, "Defibrillating Current": 705, "Alesha's Legacy": 52, "Emerge from the Cocoon": 899, "Midnight Mayhem": 1911, "Bone-Cairn Butcher_SB": 292, "Cori Mountain Stalwart_SB": 587, "Marshal of the Lost_SB": 1875, "Shock Brigade_SB": 2665, "Neriv, Heart of the Storm_SB": 2019, "Poised Practitioner_SB": 2232, "Hazoret, Godseeker_SB": 1385, "Redcap Gutter-Dweller_SB": 2376, "Liberator, Urza's Battlethopter": 1744, "Racers' Scoreboard": 2303, "Bulk Up_SB": 381, "Markov Baron": 1872, "Pulse Tracker": 2277, "Misery's Shadow_SB": 1932, "Magmakin Artillerist": 1836, "Flood the Engine_SB": 1106, "Smile at Death": 2746, "Hero's Downfall": 1422, "Desecration Demon_SB": 731, "Whiskervale Forerunner": 3495, "Lost in the Maze": 1802, "Osteomancer Adept_SB": 2117, "Disdainful Stroke": 754, "Out Cold_SB": 2119, "Underground River_SB": 3281, "Gloomlake Verge_SB": 1263, "Darkslick Shores_SB": 659, "Ertai's Scorn": 936, "Swiftblade Vindicator": 2961, "Oltec Matterweaver": 2087, "Abzan Devotee": 11, "Gixian Puppeteer": 1240, "Veloheart Bike": 3383, "Migloz, Maze Crusher": 1914, "Dragonhawk, Fate's Tempest_SB": 814, "Hidetsugu and Kairi_SB": 1437, "Betor, Kin to All": 223, "Danitha, New Benalia's Light": 652, "Danitha, New Benalia's Light_SB": 653, "Walk-In Closet // Forgotten Cellar_SB": 3464, "Colossification_SB": 550, "Rite of Renewal": 2454, "Staff of Compleation": 2838, "Disturbing Mirth_SB": 775, "Encroaching Mycosynth_SB": 904, "Mortify_SB": 1978, "Bandit's Haul": 185, "Bumbleflower's Sharepot": 384, "Volt Charge": 3443, "Great Arashin City_SB": 1310, "Stadium Headliner_SB": 2837, "Draconautics Engineer_SB": 798, "Underground Mortuary_SB": 3279, "Wind-Scarred Crag": 3508, "Jeskai Devotee": 1587, "Kin-Tree Nurturer": 1654, "Nightblade Brigade": 2033, "Stormplain Detainment": 2891, "Marshal of the Lost": 1874, "Sunset Strikemaster": 2937, "Seize Opportunity": 2613, "Dragonback Lancer": 811, "Venerated Stormsinger": 3386, "Elesh Norn": 881, "Slickshot Lockpicker": 2739, "Zur, Eternal Schemer_SB": 3581, "Portal to Phyrexia_SB": 2246, "Tarrian's Journal_SB": 2996, "Invasion of Arcavios_SB": 1543, "Youthful Valkyrie_SB": 3556, "Stormscale Scion": 2892, "Dracogenesis": 796, "Tempest Hart": 3007, "Battlefield Forge_SB": 208, "Purging Stormbrood": 2278, "Piercing Exhale": 2211, "Battle-Rage Blessing": 206, "Gnawing Crescendo": 1266, "Outlaws' Fury": 2124, "Ashnod's Intervention_SB": 139, "Distorted Curiosity_SB": 770, "Lightshield Parry": 1757, "Lightfoot Technique": 1748, "Lazav, Familiar Stranger": 1717, "Sword of Wealth and Power_SB": 2971, "Stormsplitter_SB": 2896, "Lazav, Familiar Stranger_SB": 1718, "Vengeful Bloodwitch_SB": 3388, "Rith, Liberated Primeval": 2458, "Djeru and Hazoret": 782, "Cacophony Scamp_SB": 399, "Samut, Vizier of Naktamun_SB": 2534, "Cactusfolk Sureshot": 401, "Meticulous Excavation": 1905, "Naga Fleshcrafter_SB": 2003, "Sagu Wildling_SB": 2525, "Host of the Hereafter_SB": 1467, "Bloomvine Regent_SB": 278, "Stillness in Motion_SB": 2870, "Stalwart Successor_SB": 2844, "Defossilize_SB": 712, "Valgavoth's Faithful_SB": 3347, "Naga Fleshcrafter": 2002, "Valley Flamecaller_SB": 3356, "Avenger of the Fallen_SB": 165, "Brightglass Gearhulk_SB": 355, "Bloodthirsty Conqueror_SB": 271, "Yathan Roadwatcher_SB": 3546, "Severance Priest_SB": 2636, "Electroduplicate": 876, "Karn's Sylex": 1620, "Intimidation Campaign_SB": 1529, "Assemble the Players": 143, "Neighborhood Guardian": 2017, "Imperious Perfect_SB": 1498, "Opera Love Song": 2096, "Summon: Bahamut": 2913, "Summon: Knights of Round": 2919, "The Regalia_SB": 3078, "Cecil, Dark Knight": 468, "Dark Confidant": 655, "Joshua, Phoenix's Dominant": 1599, "Lightning, Army of One_SB": 1756, "Astrologian's Planisphere": 148, "Starting Town": 2850, "Vivi Ornitier": 3423, "Fire Magic_SB": 1085, "Ultima": 3264, "Tifa Lockhart": 3157, "Diamond Weapon": 749, "Town Greeter": 3199, "Ambrosia Whiteheart": 62, "Sidequest: Play Blitzball": 2680, "Exdeath, Void Warlock": 960, "Midgar, City of Mako": 1910, "Zell Dincht": 3563, "Sabotender": 2520, "Summon: Titan": 2922, "Tifa Lockhart_SB": 3158, "Ordeal of Nylea": 2106, "Summon: Fenrir": 2917, "Sazh's Chocobo": 2553, "Ride the Shoopuf": 2442, "Warden of the Grove_SB": 3470, "Yotia Declares War": 3551, "Lagomos, Hand of Hatred": 1701, "Gixian Infiltrator": 1238, "Jill, Shiva's Dominant": 1591, "Sleep Magic_SB": 2731, "Eluge, the Shoreless Sea_SB": 892, "Broken Wings": 367, "Avenger of the Fallen": 164, "Sephiroth, Fabled SOLDIER": 2625, "Resentful Revelation": 2410, "Restoration Magic_SB": 2435, "Resentful Revelation_SB": 2411, "Summon: Brynhildr": 2915, "Overkill_SB": 2132, "Lindblum, Industrial Regency": 1765, "Felling Blow": 1056, "Claws Out": 522, "Good-Fortune Unicorn": 1292, "Felidar Savior": 1053, "Angelic Destiny": 78, "Yuna, Hope of Spira": 3557, "Sugar Rush": 2910, "Coral Sword": 582, "Terra, Magical Adept": 3027, "Demon Wall": 718, "Summon: Bahamut_SB": 2914, "Vivi Ornitier_SB": 3424, "Esper Origins": 942, "Ultima_SB": 3265, "Thunder Magic_SB": 3146, "Zanarkand, Ancient Metropolis": 3562, "Ishgard, the Holy See": 1566, "Kin-Tree Severance_SB": 1655, "Astrologian's Planisphere_SB": 149, "Stormkeld Vanguard": 2889, "Three Tree Rootweaver": 3135, "Keldon Strike Team_SB": 1638, "Osseous Exhale_SB": 2112, "Glacierwood Siege_SB": 1244, "Scatter Ray_SB": 2560, "Golbez, Crystal Collector": 1282, "Valkyrie Aerial Unit": 3354, "Edgar, King of Figaro": 865, "Candy Trail_SB": 418, "Campus Renovation": 414, "Galvanize": 1176, "Su-Chi Cave Guard": 2906, "Fire Magic": 1084, "Boulderbranch Golem_SB": 318, "Galvanize_SB": 1177, "Survivor of Korlis": 2957, "Bearer of Glory": 211, "Intrepid Rabbit": 1538, "Yotian Tactician": 3553, "Magitek Infantry": 1835, "You're Not Alone_SB": 3554, "Rydia, Summoner of Mist": 2517, "Summon: G.F. Ifrit": 2918, "Springbloom Druid": 2827, "Sorceress's Schemes": 2764, "Vitu-Ghazi Inspector_SB": 3422, "Adventurer's Inn_SB": 22, "Self-Destruct": 2619, "Mirran Banesplitter_SB": 1925, "Haste Magic_SB": 1372, "Gohn, Town of Ruin": 1281, "Electrostatic Infantry": 877, "Third Path Iconoclast": 3098, "Stinging Cave Crawler": 2872, "Ferocious Werefox": 1062, "Cosmic Hunger": 599, "Tonberry": 3190, "Aetherblade Agent": 30, "Moment of Defiance_SB": 1956, "Syncopate": 2977, "Fate of the Sun-Cryst_SB": 1016, "Traveling Chocobo": 3214, "Dark Confidant_SB": 656, "Zack Fair": 3558, "Hope Estheim": 1459, "Shanna, Purifying Blade": 2640, "Rosa, Resolute White Mage": 2485, "Serah Farron": 2626, "Kellan, the Kid": 1647, "Caelorna, Coral Tyrant": 402, "Louisoix's Sacrifice_SB": 1805, "Lightning, Army of One": 1755, "Battle Menu": 205, "Vanille, Cheerful l'Cie": 3373, "Fang, Fearless l'Cie": 1009, "Dark Knight's Greatsword": 657, "Summon: Brynhildr_SB": 2916, "Jumbo Cactuar": 1603, "Matoya, Archon Elder": 1880, "Magic Damper": 1833, "Il Mheg Pixie": 1489, "Summon: Primal Odin": 2921, "Coral Sword_SB": 583, "Self-Destruct_SB": 2620, "Adventurer's Inn": 21, "Summon: Knights of Round_SB": 2920, "Sin, Spira's Punishment": 2697, "The Gold Saucer": 3056, "The Fire Crystal": 3055, "Annie Flash, the Veteran": 87, "Balthier and Fran": 182, "Zenos yae Galvus_SB": 3564, "PuPu UFO": 2273, "Kefka, Court Mage": 1635, "Suplex_SB": 2941, "Crossroads Village": 617, "Worldsoul's Rage_SB": 3530, "Rowan's Grim Search": 2491, "Squall, SeeD Mercenary_SB": 2830, "Poison the Waters_SB": 2235, "Thunder Magic": 3145, "Opera Love Song_SB": 2097, "Cloud, Planet's Champion": 530, "Summoner's Grimoire": 2923, "Adelbert Steiner": 20, "Firion, Wild Rose Warrior": 1092, "Raubahn, Bull of Ala Mhigo": 2342, "Adventuring Gear": 23, "Cloud, Midgar Mercenary": 529, "Zack Fair_SB": 3559, "Izoni, Center of the Web": 1574, "Bartz and Boko": 199, "Choco, Seeker of Paradise": 500, "Sidequest: Raise a Chocobo": 2681, "Magic Damper_SB": 1834}}