{"vocabulary": {"Adarkar Wastes": 18, "Aven Interrupter": 161, "Elspeth's Smite": 868, "Enduring Curiosity": 887, "Errant and Giada": 911, "Faerie Mastermind": 974, "Floodfarm Verge": 1081, "Floodpits Drowner": 1083, "Island": 1544, "Malcolm, Alluring Scoundrel": 1807, "Meticulous Archive": 1859, "No More Lies": 1999, "Plains": 2170, "Restless Anchorage": 2365, "Seachrome Coast": 2535, "Three Steps Ahead": 3046, "Tishana's Tidebinder": 3082, "Get Lost_SB": 1173, "Invasion of Gobakhan_SB": 1524, "Kutzil's Flanker_SB": 1667, "Negate_SB": 1974, "Rest in Peace_SB": 2364, "Temporary Lockdown_SB": 2930, "Werefox Bodyguard_SB": 3399, "Emberheart Challenger": 879, "Heartfire Hero": 1365, "Hired Claw": 1425, "Lightning Strike": 1719, "Manifold Mouse": 1815, "Monastery Swiftspear": 1923, "Monstrous Rage": 1929, "Mountain": 1942, "Rockface Village": 2419, "Screaming Nemesis": 2528, "Shock": 2603, "Witchstalker Frenzy": 3430, "Lithomantic Barrage_SB": 1732, "Obliterating Bolt_SB": 2027, "Torch the Tower_SB": 3105, "Twisted Fealty_SB": 3160, "Urabrask's Forge_SB": 3238, "Callous Sell-Sword": 402, "Copperline Gorge": 575, "Innkeeper's Talent": 1490, "Karplusan Forest": 1596, "Obliterating Bolt": 2026, "Questing Druid": 2241, "Restless Ridgeline": 2375, "Slickshot Show-Off": 2678, "Snakeskin Veil": 2686, "Thornspire Verge": 3023, "Torch the Tower": 3104, "Ghost Vacuum_SB": 1188, "Pick Your Poison_SB": 2155, "Scorching Shot_SB": 2519, "Screaming Nemesis_SB": 2529, "Sunspine Lynx_SB": 2853, "Anoint with Affliction": 87, "Cut Down": 631, "Darkslick Shores": 642, "Deep-Cavern Bat": 679, "Ertai Resurrected": 913, "Fountainport": 1113, "Gloomlake Verge": 1237, "Go for the Throat": 1243, "Kaito, Bane of Nightmares": 1581, "Lost in the Maze": 1765, "Phantom Interference": 2135, "Restless Reef": 2373, "Spyglass Siren": 2762, "Subterranean Schooner": 2832, "Swamp": 2870, "Underground River": 3192, "Unstoppable Slasher": 3224, "Anoint with Affliction_SB": 88, "Disdainful Stroke_SB": 738, "Duress_SB": 824, "Gix's Command_SB": 1211, "Malicious Eclipse_SB": 1811, "Sheoldred, the Apocalypse_SB": 2593, "Three Steps Ahead_SB": 3047, "Tishana's Tidebinder_SB": 3083, "Aclazotz, Deepest Betrayal": 14, "Blooming Marsh": 274, "Caustic Bronco": 447, "Duress": 823, "Forest": 1101, "Gix's Command": 1210, "Glissa Sunslayer": 1233, "Llanowar Wastes": 1742, "Mosswood Dreadknight": 1940, "Preacher of the Schism": 2196, "Restless Cottage": 2369, "Sentinel of the Nameless City": 2567, "Sheoldred's Edict": 2590, "Sheoldred, the Apocalypse": 2592, "Tear Asunder": 2910, "Tranquil Frillback": 3119, "Underground Mortuary": 3191, "Virtue of Persistence": 3326, "Choking Miasma_SB": 494, "Harvester of Misery_SB": 1345, "Liliana of the Veil_SB": 1724, "Nissa, Ascended Animist_SB": 1996, "Render Inert_SB": 2349, "Sheoldred's Edict_SB": 2591, "Tear Asunder_SB": 2911, "Tranquil Frillback_SB": 3120, "Archangel Elspeth": 102, "Beza, the Bounding Spring": 221, "Caretaker's Talent": 418, "Carrot Cake": 423, "Enduring Innocence": 889, "Get Lost": 1172, "Lay Down Arms": 1684, "Overlord of the Mistmoors": 2089, "Soul Partition": 2701, "Sunfall": 2844, "Sunken Citadel": 2847, "Virtue of Loyalty": 3324, "Boon-Bringer Valkyrie_SB": 300, "Elspeth's Smite_SB": 869, "Exorcise_SB": 940, "Archfiend of the Dross": 110, "Bloodletter of Aclazotz": 264, "Shore Up": 2610, "Silent Hallcreeper": 2624, "Undercity Sewers": 3190, "Unholy Annex && Ritual Chamber": 3202, "Blot Out_SB": 279, "Dreams of Steel and Oil_SB": 810, "Withering Torment_SB": 3433, "Long Goodbye": 1746, "Disfigure_SB": 742, "Black Sun's Twilight": 234, "Demolition Field": 699, "Dreams of Steel and Oil": 809, "Freestrider Lookout": 1116, "Harvester of Misery": 1344, "Overlord of the Balemurk": 2081, "Up the Beanstalk": 3234, "Cut Down_SB": 632, "Kaervek, the Punisher_SB": 1580, "Outrageous Robbery_SB": 2076, "Azure Beastbinder": 172, "Mockingbird": 1902, "Kaito, Bane of Nightmares_SB": 1582, "Atraxa, Grand Unifier": 150, "Cavern of Souls": 453, "Hedge Maze": 1374, "Hushwood Verge": 1458, "Leyline Binding": 1702, "Lush Portico": 1780, "Not on My Watch": 2012, "Overlord of the Floodpits": 2085, "Overlord of the Hauntwoods": 2087, "Shadowy Backstreet": 2580, "Temporary Lockdown": 2929, "Thran Portal": 3037, "Zur, Eternal Schemer": 3477, "Cavern of Souls_SB": 454, "Not on My Watch_SB": 2013, "Planar Disruption_SB": 2173, "The Stone Brain_SB": 3001, "Abhorrent Oculus": 2, "Chart a Course": 486, "Founding the Third Path": 1110, "Haughty Djinn": 1347, "Helping Hand": 1385, "Into the Flood Maw": 1511, "Moment of Truth": 1916, "Negate": 1973, "Picklock Prankster": 2156, "Recommission": 2319, "Sleight of Hand": 2673, "Destroy Evil_SB": 721, "Into the Flood Maw_SB": 1512, "Monastery Mentor_SB": 1921, "Split Up_SB": 2753, "Gix, Yawgmoth Praetor": 1212, "Goddric, Cloaked Reveler": 1253, "Pawpatch Formation_SB": 2118, "Aclazotz, Deepest Betrayal_SB": 15, "Herd Migration": 1395, "Scrollshift": 2530, "Doppelgang_SB": 774, "Bushwhack": 388, "Innkeeper's Talent_SB": 1491, "Pyroclasm_SB": 2233, "Questing Druid_SB": 2242, "Elegant Parlor": 860, "Silent Hallcreeper_SB": 2625, "Break Out": 341, "Cenote Scout": 461, "Fabled Passage": 964, "Fear of Missing Out": 1009, "Keen-Eyed Curator": 1606, "Patchwork Beastie": 2116, "Seed of Hope": 2556, "Violent Urge": 3317, "Wildfire Wickerfolk": 3410, "Haywire Mite_SB": 1356, "Brushland": 370, "Seized from Slumber": 2562, "Split Up": 2752, "Beza, the Bounding Spring_SB": 222, "Metropolis Reformer_SB": 1863, "Scrollshift_SB": 2531, "Cruelclaw's Heist_SB": 608, "Doomsday Excruciator": 770, "Jace, the Perfected Mind": 1556, "Kaervek, the Punisher": 1579, "Shoot the Sheriff": 2608, "Caustic Bronco_SB": 448, "Deadly Cover-Up_SB": 662, "Jace, the Perfected Mind_SB": 1557, "Deadly Cover-Up": 661, "Outrageous Robbery": 2075, "Pillage the Bog": 2163, "Breach the Multiverse_SB": 337, "Deep-Cavern Bat_SB": 680, "The End_SB": 2958, "Might of the Meek": 1868, "Snakeskin Veil_SB": 2687, "Analyze the Pollen": 63, "Bitter Reunion": 230, "Botanical Sanctum": 309, "Enduring Vitality": 893, "Pawpatch Formation": 2117, "Roaring Furnace && Steaming Sauna": 2414, "Song of Totentanz": 2695, "Stormchaser's Talent": 2815, "Tarnation Vista": 2905, "This Town Ain't Big Enough": 3017, "Thundertrap Trainer": 3068, "Valley Floodcaller": 3267, "Yavimaya Coast": 3454, "Dissection Tools_SB": 751, "Floodpits Drowner_SB": 1084, "Roaring Furnace && Steaming Sauna_SB": 2415, "Scorching Dragonfire_SB": 2517, "Up the Beanstalk_SB": 3235, "Escape Tunnel": 917, "Rush of Dread": 2455, "Go for the Throat_SB": 1244, "Arabella, Abandoned Doll": 92, "Battlefield Forge": 203, "Case of the Gateway Express": 428, "Clockwork Percussionist": 522, "Gleeful Demolition": 1228, "Imodane's Recruiter": 1470, "Inspiring Vantage": 1505, "Knight-Errant of Eos": 1643, "Novice Inspector": 2014, "Resolute Reinforcements": 2358, "Sheltered by Ghosts": 2587, "Shivan Reef": 2602, "Spirebluff Canal": 2746, "Warden of the Inner Sky": 3375, "Protect the Negotiators_SB": 2219, "Sheltered by Ghosts_SB": 2588, "Warleader's Call": 3379, "Abrade_SB": 5, "Scorching Shot": 2518, "Archangel of Wrath": 106, "Sunfall_SB": 2845, "Caves of Koilos": 456, "Concealed Courtyard": 552, "Liliana of the Veil": 1723, "Lord Skitter, Sewer King": 1761, "Mirrex": 1882, "Restless Fortress": 2371, "Season of the Burrow": 2549, "Zoraline, Cosmos Caller": 3473, "Legions to Ashes_SB": 1695, "Loran of the Third Path_SB": 1757, "Virtue of Persistence_SB": 3327, "Dissection Tools": 750, "Unable to Scream": 3180, "Herbology Instructor_SB": 1392, "Unable to Scream_SB": 3181, "Valley Floodcaller_SB": 3268, "Volcanic Spite_SB": 3344, "Conduit Pylons": 553, "Hidden Grotto": 1408, "Phyrexian Arena": 2141, "Phyrexian Arena_SB": 2142, "Entity Tracker": 904, "Ethereal Armor": 930, "Gremlin Tamer": 1291, "Inquisitive Glimmer": 1493, "Optimistic Scavenger": 2053, "Shardmage's Rescue": 2582, "Ossification_SB": 2066, "Overlord of the Mistmoors_SB": 2090, "Soul Partition_SB": 2702, "Protect the Negotiators": 2218, "Splitskin Doll": 2754, "Faerie Mastermind_SB": 975, "Ertai Resurrected_SB": 914, "Painter's Studio && Defaced Gallery": 2105, "Blot Out": 278, "Cruelclaw's Heist": 607, "Fortune, Loyal Steed": 1109, "Frontier Seeker": 1124, "Loran of the Third Path": 1756, "Sunder the Gateway_SB": 2843, "Legions to Ashes": 1694, "Nowhere to Run": 2015, "Kaya, Intangible Slayer_SB": 1600, "Parting Gust": 2113, "Exorcise": 939, "Serra Paragon_SB": 2571, "Bitter Triumph": 232, "Demonic Ruckus": 707, "Bristling Backwoods": 358, "Rugged Highlands": 2442, "Tectonic Hazard_SB": 2913, "Unholy Annex // Ritual Chamber": 3204, "Leyline of Resonance": 1705, "Cacophony Scamp": 392, "Turn Inside Out": 3148, "Great Train Heist_SB": 1283, "Witchstalker Frenzy_SB": 3431, "Sanguine Evangelist": 2482, "Season of Weaving_SB": 2548, "Blackcleave Cliffs": 235, "Blazemire Verge": 244, "Braids, Arisen Nightmare": 321, "Corpses of the Lost": 579, "Disturbing Mirth": 757, "Fear of Lost Teeth": 1007, "Final Vengeance": 1056, "Hopeless Nightmare": 1439, "Spiteful Hexmage": 2748, "Sulfurous Springs": 2836, "Urabrask's Forge": 3237, "Raucous Theater": 2293, "Razortrap Gorge": 2301, "Faerie Dreamthief": 971, "Spell Stutter_SB": 2730, "Proft's Eidetic Memory": 2209, "Gremlin Tamer_SB": 1292, "Molten Collapse": 1907, "Piggy Bank": 2158, "Restless Vents": 2379, "Mirran Banesplitter": 1881, "Jaya, Fiery Negotiator_SB": 1561, "Phyrexian Fleshgorger_SB": 2147, "Case of the Stashed Skeleton": 434, "Forsaken Miner": 1106, "Gisa, the Hellraiser": 1205, "Tinybones Joins Up": 3075, "Tinybones, the Pickpocket": 3079, "Unholy Annex && Ritual Chamber_SB": 3203, "Day of Judgment": 651, "Maelstrom Pulse": 1789, "Authority of the Consuls_SB": 159, "Devout Decree_SB": 728, "Flashfreeze_SB": 1073, "Evangel of Synthesis": 933, "Steamcore Scholar": 2788, "Valgavoth's Faithful": 3258, "Valgavoth, Terror Eater": 3262, "Zombify": 3471, "Desecration Demon_SB": 714, "Wail of the Forgotten_SB": 3367, "Gix, Yawgmoth Praetor_SB": 1213, "Nowhere to Run_SB": 2016, "Calamity, Galloping Inferno": 397, "Commercial District": 548, "Llanowar Elves": 1737, "Outcaster Trailblazer": 2071, "Overlord of the Boilerbilges": 2083, "Roxanne, Starfall Savant": 2436, "Smuggler's Surprise": 2684, "Spinewoods Armadillo": 2741, "Trumpeting Carnosaur": 3141, "Vaultborn Tyrant": 3289, "Brotherhood's End_SB": 368, "Feather of Flight": 1016, "Lightning Helix_SB": 1718, "No One Left Behind": 2001, "Glistening Deluge_SB": 1235, "Unstoppable Slasher_SB": 3225, "Overprotect": 2091, "Manifold Mouse_SB": 1816, "Scavenging Ooze": 2513, "Vivien Reid": 3332, "Liliana, Dreadhorde General_SB": 1726, "Maelstrom Pulse_SB": 1790, "Basilisk Collar_SB": 200, "Heroic Reinforcements": 1402, "Burst Lightning": 386, "Giant Growth": 1195, "Restless Ridgeline_SB": 2376, "No More Lies_SB": 2000, "Beseech the Mirror": 216, "Phyrexian Obliterator": 2150, "Back for Seconds_SB": 175, "Case of the Stashed Skeleton_SB": 435, "Homicide Investigator_SB": 1434, "Leyline of the Void_SB": 1711, "Soulstone Sanctuary": 2714, "Scavenging Ooze_SB": 2514, "Vivien Reid_SB": 3333, "Dreadmaw's Ire": 804, "Picnic Ruiner": 2157, "Furnace Reins_SB": 1142, "Wear Down_SB": 3393, "Witch's Mark_SB": 3428, "Squee, Dubious Monarch": 2764, "Kitnap_SB": 1634, "Abyssal Harvester": 10, "Boros Charm": 302, "Fugitive Codebreaker": 1131, "Raucous Carnival": 2291, "Restless Bivouac": 2367, "Dewdrop Cure_SB": 730, "Fugitive Codebreaker_SB": 1132, "Requisition Raid_SB": 2357, "Lightning Helix": 1717, "Sun-Blessed Healer": 2838, "Temple of Triumph": 2928, "Campus Renovation_SB": 405, "Twinferno": 3152, "Two-Headed Hunter": 3164, "Shock_SB": 2605, "Glimpse the Core": 1231, "Boltwave": 286, "Case of the Crimson Pulse_SB": 426, "Mazemind Tome": 1840, "Splitskin Doll_SB": 2755, "Crystal Barricade_SB": 619, "Nissa, Ascended Animist": 1995, "Razorverge Thicket": 2302, "The Eternal Wanderer": 2960, "Clement, the Worrywort": 519, "Pond Prophet": 2186, "Dour Port-Mage": 777, "Long River Lurker": 1748, "Dreamdew Entrancer": 807, "Mistbreath Elder": 1895, "Sunshower Druid": 2850, "Splash Portal": 2750, "Valley Mightcaller": 3269, "Three Tree Scribe": 3050, "Oakhollow Village": 2023, "Lilypad Village": 1727, "Virtue of Courage": 3320, "Heartflame Duelist_SB": 1369, "Slagstorm_SB": 2668, "Kellan, Planar Trailblazer": 1616, "Bloodthirsty Conqueror_SB": 269, "Season of the Burrow_SB": 2550, "Archangel Elspeth_SB": 103, "The Eternal Wanderer_SB": 2961, "Mountain_SB": 1943, "Kiora, the Rising Tide": 1628, "Unsummon": 3226, "Aetherize_SB": 27, "Elesh Norn, Mother of Machines": 865, "Bandit's Talent": 185, "Nurturing Pixie": 2019, "Tithing Blade": 3088, "Shardmage's Rescue_SB": 2583, "Brotherhood's End": 367, "Demonic Pact": 705, "Harmless Offering": 1339, "Archfiend of the Dross_SB": 111, "Feed the Swarm_SB": 1024, "Hostile Investigator_SB": 1446, "Torpor Orb_SB": 3110, "Spell Stutter": 2729, "Loot, Exuberant Explorer": 1752, "Felidar Retreat": 1030, "Arid Archway": 121, "Mossborn Hydra": 1938, "Spelunking": 2734, "Herald of Eternal Dawn": 1387, "Ossification": 2065, "Demolition Field_SB": 700, "Giant Cindermaw_SB": 1194, "Fires of Victory": 1062, "Capricious Hellraiser": 412, "Chandra, Hope's Beacon": 471, "Brass's Tunnel-Grinder": 330, "Ill-Timed Explosion": 1467, "Thundering Falls": 3064, "Season of Weaving": 2547, "Artist's Talent": 130, "Ral, Crackling Wit": 2275, "Roaring Furnace // Steaming Sauna": 2416, "Soul-Guide Lantern_SB": 2707, "Betrayer's Bargain_SB": 220, "Virtue of Knowledge_SB": 3323, "Ral, Crackling Wit_SB": 2276, "Fade from History_SB": 966, "Kaito, Cunning Infiltrator": 1583, "Sphinx of Forgotten Lore": 2735, "Feldon's Cane_SB": 1026, "Reclamation Sage_SB": 2318, "Elenda, Saint of Dusk_SB": 863, "Dead Weight": 656, "Fallaji Archaeologist": 980, "Gixian Puppeteer": 1215, "Gnawing Vermin": 1241, "Invasion of Amonkhet": 1518, "Kitesail Larcenist": 1632, "Revenge of the Rats": 2387, "Terror Ballista": 2937, "The Ancient One": 2950, "Wail of the Forgotten": 3366, "Razorlash Transmogrant_SB": 2300, "Aftermath Analyst": 29, "Mudflat Village": 1947, "Pitiless Carnage": 2167, "Iridescent Vinelasher": 1541, "Evolving Wilds": 936, "Nissa, Resurgent Animist": 1997, "Lumra, Bellow of the Woods": 1774, "Glissa Sunslayer_SB": 1234, "Ghitu Lavarunner": 1185, "Heartflame Duelist": 1368, "Mishra's Foundry": 1893, "Viashino Pyromancer": 3310, "Spinner of Souls": 2744, "Pitiless Carnage_SB": 2168, "Not Dead After All_SB": 2011, "Unholy Annex // Ritual Chamber_SB": 3205, "Case of the Crimson Pulse": 425, "Thrill of Possibility": 3053, "Artist's Talent_SB": 131, "Blooming Blast_SB": 273, "Djeru and Hazoret": 764, "Elenda, Saint of Dusk": 862, "Garna, Bloodfist of Keld": 1153, "Hajar, Loyal Bodyguard": 1317, "Honest Rutstein": 1435, "Inti, Seneschal of the Sun": 1507, "Jodah, the Unifier": 1568, "Kellan, Daring Traveler": 1613, "Kellan, the Kid": 1619, "Plaza of Heroes": 2175, "Relic of Legends": 2342, "Rona, Herald of Invasion": 2430, "Secluded Courtyard": 2554, "Sigarda, Font of Blessings": 2622, "Jirina, Dauntless General_SB": 1567, "Spectral Sailor": 2725, "Opt": 2051, "Azure Beastbinder_SB": 173, "Plumecreed Escort_SB": 2177, "Shore Up_SB": 2611, "Untimely Malfunction_SB": 3229, "Ethereal Armor_SB": 931, "Bloodthirsty Conqueror": 268, "Enduring Tenacity": 891, "Abyssal Harvester_SB": 11, "Cathar Commando": 442, "Knight of Grace": 1641, "Ajani, Caller of the Pride_SB": 41, "Phyrexian Fleshgorger": 2146, "Doorkeeper Thrull_SB": 772, "Rottenmouth Viper": 2434, "Assassin's Trophy": 141, "Temple of Malady": 2923, "Bloodfeather Phoenix": 259, "Stoke the Flames": 2808, "Ball Lightning": 179, "Abraded Bluffs": 6, "Grab the Prize": 1266, "Lyra Dawnbringer_SB": 1782, "Virtue of Courage_SB": 3321, "Painter's Studio // Defaced Gallery": 2107, "Painter's Studio // Defaced Gallery_SB": 2108, "Disfigure": 741, "Kaito, Cunning Infiltrator_SB": 1584, "Preacher of the Schism_SB": 2197, "Case of the Uneaten Feast": 436, "Fiendish Panda": 1046, "Hinterland Sanctifier": 1423, "Exemplar of Light": 937, "Authority of the Consuls": 158, "Amalia Benavides Aguirre": 54, "Sword of Once and Future_SB": 2881, "Combat Research": 545, "Plumecreed Escort": 2176, "Get Out": 1174, "Faebloom Trick": 969, "Fear of Impostors": 1001, "Haughty Djinn_SB": 1348, "Brineborn Cutthroat_SB": 352, "Horned Loch-Whale_SB": 1442, "Flow of Knowledge_SB": 1089, "Ertai's Scorn_SB": 916, "Urza's Rebuff_SB": 3251, "White Sun's Twilight": 3403, "Heaped Harvest": 1364, "Hero's Downfall": 1399, "Kaya, Intangible Slayer": 1599, "Liliana, Dreadhorde General": 1725, "Temple of Plenty": 2926, "Temple of Silence": 2927, "Mortify_SB": 1937, "White Sun's Twilight_SB": 3404, "Razorkin Needlehead_SB": 2298, "Felonious Rage": 1036, "Horned Loch-Whale": 1441, "Brineborn Cutthroat": 351, "Say Its Name": 2498, "Altanak, the Thrice-Called": 53, "Withering Torment": 3432, "Bitter Triumph_SB": 233, "Shoot the Sheriff_SB": 2609, "Desecration Demon": 713, "Overlord of the Floodpits_SB": 2086, "Cease // Desist_SB": 458, "Lay Down Arms_SB": 1685, "Blue Sun's Twilight_SB": 282, "Undergrowth Recon": 3195, "Walk-In Closet // Forgotten Cellar": 3369, "Destroy Evil": 720, "Joust Through_SB": 1575, "Fireglass Mentor": 1061, "Flamecache Gecko": 1067, "Gev, Scaled Scorch": 1178, "Laughing Jasper Flint": 1679, "Thought-Stalker Warlock": 3028, "Valley Flamecaller": 3266, "Terror of the Peaks": 2940, "Invasion of Zendikar": 1536, "Chimil, the Inner Sun_SB": 491, "Thrun, Breaker of Silence_SB": 3059, "Obstinate Baloth_SB": 2031, "Urborg Scavengers_SB": 3243, "Sheoldred_SB": 2594, "Vraska, Betrayal's Sting_SB": 3362, "Pilfer_SB": 2162, "Serra Paragon": 2570, "Annex Sentry_SB": 80, "Gatekeeper of Malakir": 1163, "Vampire Nighthawk": 3279, "Kalastria Highborn": 1587, "Ichor Drinker": 1463, "Driver of the Dead": 813, "Nullpriest of Oblivion": 2017, "Pulse Tracker": 2226, "Infestation Sage": 1487, "Vengeful Bloodwitch": 3296, "The Wandering Rescuer": 3007, "Lost Jitte": 1763, "Twinflame Tyrant": 3154, "Invasion of Tarkir": 1532, "Carnelian Orb of Dragonkind": 420, "Stingerback Terror": 2799, "Sarkhan, Soul Aflame": 2489, "An Offer You Can't Refuse": 60, "Slagstorm": 2667, "An Offer You Can't Refuse_SB": 61, "Omniscience": 2047, "The Cruelty of Gix": 2952, "Squirming Emergence": 2766, "Drag to the Roots_SB": 785, "Unwanted Remake_SB": 3231, "Cynical Loner": 634, "The Infamous Cruelclaw": 2970, "Etali, Primal Conqueror": 925, "Coiling Rebirth": 528, "Push // Pull": 2228, "The Infamous Cruelclaw_SB": 2971, "Overlord of the Balemurk_SB": 2082, "Boros Charm_SB": 303, "Rankle's Prank": 2284, "Greed's Gambit": 1284, "Molten Collapse_SB": 1908, "Sire of Seven Deaths_SB": 2639, "Spellbook Vendor": 2731, "Valgavoth's Lair": 3259, "Trapped in the Screen_SB": 3124, "Change the Equation_SB": 478, "Greedy Freebooter": 1286, "Feed the Cycle": 1020, "Scavenger's Talent": 2512, "Llanowar Greenwidow": 1739, "Dragonhawk, Fate's Tempest": 793, "Scorching Dragonfire": 2516, "Zurgo and Ojutai": 3478, "Elesh Norn, Mother of Machines_SB": 866, "Subterranean Schooner_SB": 2833, "Vraska, Betrayal's Sting": 3361, "Pillage the Bog_SB": 2164, "Deduce": 675, "Disenchant_SB": 740, "Worldsoul's Rage": 3438, "Virtue of Strength": 3328, "War Squeak": 3372, "Hero's Downfall_SB": 1400, "Final Showdown_SB": 1055, "Builder's Talent": 373, "Day of Judgment_SB": 652, "Green Sun's Twilight": 1287, "Lukka, Bound to Ruin": 1768, "Ashroot Animist": 138, "Polukranos Reborn": 2184, "Ruby, Daring Tracker": 2441, "Hard-Hitting Question_SB": 1336, "Muerra, Trash Tactician_SB": 1949, "Urgent Necropsy_SB": 3248, "Soulless Jailer_SB": 2711, "Surge of Salvation_SB": 2859, "Archangel of Wrath_SB": 107, "Tyrranax Rex_SB": 3170, "Unwanted Remake": 3230, "Refute": 2331, "Chrome Host Seedshark_SB": 496, "Curator of Destinies_SB": 626, "High Noon_SB": 1418, "Buried in the Garden": 379, "Clifftop Lookout": 520, "Fecund Greenshell": 1018, "Genesis Wave": 1168, "Tender Wildguide": 2933, "Wrenn and Realmbreaker": 3444, "Roaring Furnace // Steaming Sauna_SB": 2417, "Imodane's Recruiter_SB": 1471, "Barbed Batterfist": 192, "Embereth Veteran": 878, "Bloodfeather Phoenix_SB": 260, "Drannith Ruins": 803, "Koma, World-Eater": 1651, "The Elder Dragon War": 2955, "Valgavoth, Terror Eater_SB": 3263, "Agatha's Soul Cauldron": 33, "Arcanis the Omnipotent": 100, "Primal Might": 2200, "Enduring Curiosity_SB": 888, "Luminous Rebuke": 1772, "Steel Seraph": 2792, "Cathar Commando_SB": 443, "Case of the Filched Falcon": 427, "Regal Bunnicorn": 2333, "Unidentified Hovership": 3206, "Zoetic Glyph": 3469, "Fear of Impostors_SB": 1002, "Smash to Dust_SB": 2681, "Fae Flight": 967, "Aloe Alchemist": 52, "Audacity": 152, "Cunning Coyote": 623, "Ferocification_SB": 1040, "Lightning Strike_SB": 1720, "Audacity_SB": 153, "Cache Grab": 390, "Cease // Desist": 457, "Demand Answers": 698, "Stormsplitter": 2820, "Lord Skitter, Sewer King_SB": 1762, "Starfall Invocation": 2775, "Sleep-Cursed Faerie": 2672, "Tough Cookie": 3111, "Gingerbrute": 1203, "Surge Engine": 2856, "Teething Wurmlet": 2914, "Hard-Hitting Question": 1335, "Restless Vinestalk": 2381, "Tyvar's Stand_SB": 3173, "Repulsive Mutation_SB": 2354, "Toby, Beastie Befriender": 3091, "Overprotect_SB": 2092, "Long River's Pull": 1749, "Change the Equation": 477, "Hunter's Talent": 1454, "Geological Appraiser": 1169, "Kogla and Yidaro_SB": 1647, "Lukka, Bound to Ruin_SB": 1769, "Roxanne, Starfall Savant_SB": 2437, "Starscape Cleric": 2778, "Bladecoil Serpent_SB": 237, "Darkstar Augur_SB": 644, "Pyroclasm": 2232, "Tinybones, Bauble Burglar": 3077, "Long Goodbye_SB": 1747, "Sphinx of Forgotten Lore_SB": 2736, "Ashnod's Intervention": 137, "Farsight Ritual": 989, "Tyvar, the Pummeler": 3175, "Surrak, the Hunt Caller": 2869, "Pawpatch Recruit": 2119, "Wildborn Preserver_SB": 3408, "Tail Swipe_SB": 2892, "Regal Caracal": 2335, "Vengeful Possession_SB": 3298, "Valley Questcaller": 3270, "Mabel, Heir to Cragflame": 1785, "Witch's Mark": 3427, "Stromkirk Noble": 2829, "Searslicer Goblin": 2541, "Coppercoat Vanguard": 573, "Reclamation Sage": 2317, "Case of the Locked Hothouse_SB": 431, "Koth, Fire of Resistance_SB": 1656, "Abrade": 4, "Surge of Salvation": 2858, "Thrun, Breaker of Silence": 3058, "Ajani's Pridemate": 39, "Arahbo, the First Fang": 95, "Banishing Light": 187, "Joust Through": 1574, "Prideful Parent": 2199, "Savannah Lions": 2492, "Skyknight Squire": 2660, "Banishing Light_SB": 188, "Claws Out_SB": 515, "Raise the Past_SB": 2265, "Sentinel of the Nameless City_SB": 2568, "Grand Entryway // Elegant Rotunda": 1273, "Getaway Glamer": 1176, "Sharp-Eyed Rookie": 2584, "Moment of Craving_SB": 1914, "Rite of the Moth": 2403, "Yotian Frontliner": 3458, "Cityscape Leveler": 504, "Sire of Seven Deaths": 2638, "Anim Pakal, Thousandth Moon": 75, "Jirina, Dauntless General": 1566, "Recruitment Officer": 2321, "Deathmark_SB": 670, "Knight of Grace_SB": 1642, "Insidious Roots": 1499, "Kami of Whispered Hopes": 1590, "Kitsa, Otterball Elite": 1635, "Lively Dirge": 1734, "Osteomancer Adept": 2067, "Skyfisher Spider": 2658, "Twitching Doll": 3162, "Tyvar, Jubilant Brawler": 3174, "Voldaren Thrillseeker": 3346, "Arcanis the Omnipotent_SB": 101, "Feed the Cycle_SB": 1021, "Insidious Fungus_SB": 1498, "Stab_SB": 2768, "Enduring Innocence_SB": 890, "Coruscation Mage": 587, "Firebrand Archer": 1059, "Blooming Blast": 272, "Ruin-Lurker Bat": 2443, "Healer's Hawk": 1363, "Dazzling Denial": 654, "Empyrean Eagle": 881, "Lupinflower Village": 1778, "Bloated Contaminator": 253, "Elusive Otter": 872, "Ivy, Gleeful Spellthief": 1548, "Jawbone Duelist": 1559, "Skrelv, Defector Mite": 2648, "Venerated Rotpriest": 3294, "Skrelv's Hive": 2646, "Aspirant's Ascent": 139, "Bring the Ending": 353, "Fleeting Reflection": 1077, "High Stride": 1419, "Prologue to Phyresis": 2214, "Enter the Enigma": 902, "Crawling Chorus": 603, "Infectious Bite": 1483, "Distorted Curiosity": 752, "Bring the Ending_SB": 354, "Prologue to Phyresis_SB": 2215, "Skrelv's Hive_SB": 2647, "This Town Ain't Big Enough_SB": 3018, "Distorted Curiosity_SB": 753, "Aspirant's Ascent_SB": 140, "High Stride_SB": 1420, "Fleeting Reflection_SB": 1078, "Enter the Enigma_SB": 903, "Elusive Otter_SB": 873, "Temple of Deceit": 2920, "Requisition Raid": 2356, "Doubling Season": 775, "Elegant Parlor_SB": 861, "Pawpatch Recruit_SB": 2120, "Deeproot Wayfinder": 683, "Fountainport_SB": 1115, "Restless Cottage_SB": 2370, "Scrapshooter": 2522, "Invasion of Regatha": 1530, "Resplendent Angel": 2360, "Youthful Valkyrie": 3459, "Giada, Font of Hope": 1191, "Boon-Bringer Valkyrie": 299, "Lyra Dawnbringer": 1781, "Guardian of Ghirapur": 1307, "Archangel of Tithes": 104, "Witness Protection_SB": 3435, "Witness Protection": 3434, "Calamity's Wake_SB": 396, "Assimilation Aegis": 143, "Braided Net": 319, "Fabrication Foundry": 965, "Fomori Vault": 1094, "Fumigate": 1134, "Simulacrum Synthesizer": 2633, "The Mightstone and Weakstone": 2981, "Thran Spider": 3038, "Unstable Glyphbridge": 3221, "Cheeky House-Mouse": 488, "Flowerfoot Swordmaster": 1090, "Essence Channeler": 920, "Sawblade Scamp": 2495, "Hammerhand": 1327, "Unsummon_SB": 3227, "Ephara's Dispersal": 906, "Citanul Stalwart": 503, "Dwynen's Elite": 835, "Elvish Archdruid": 874, "Imperious Perfect": 1474, "Leaf-Crowned Visionary": 1687, "Llanowar Loamspeaker": 1740, "Surrak and Goreclaw": 2865, "Three Tree City": 3048, "Tyvar the Bellicose": 3171, "Dwynen, Gilt-Leaf Daen_SB": 837, "Burst Lightning_SB": 387, "Invasion of Tarkir_SB": 1533, "Sorcerous Spyglass_SB": 2700, "Knight of Dawn's Light": 1637, "Raise the Past": 2264, "Elas il-Kor, Sadistic Pilgrim": 855, "Helpful Hunter": 1384, "Leyline of Hope_SB": 1704, "Enduring Tenacity_SB": 892, "Massacre Wurm_SB": 1835, "Chupacabra Echo": 497, "Razorlash Transmogrant": 2299, "Huskburster Swarm_SB": 1460, "Season of Loss_SB": 2546, "Terror Tide_SB": 2939, "Hearthborn Battler": 1372, "Glass Casket": 1221, "Runic Shot_SB": 2453, "Vampire Nighthawk_SB": 3280, "Basilisk Collar": 199, "Prophetic Prism": 2217, "Eaten Alive": 843, "Souls of the Lost": 2712, "Rottenmouth Viper_SB": 2435, "Hidetsugu's Second Rite": 1415, "Wrenn's Resolve_SB": 3448, "Ghitu Lavarunner_SB": 1186, "Involuntary Employment_SB": 1540, "Hop to It": 1436, "Ratcatcher Trainee": 2289, "Midnight Mayhem": 1866, "Scytheclaw Raptor_SB": 2534, "Norn's Inquisitor": 2008, "Dusk Rose Reliquary": 826, "Spring-Loaded Sawblades": 2759, "Guardian of the Great Door": 1309, "Lonely Arroyo": 1745, "Abandoned Campground": 1, "Phoenix Chick": 2139, "Impact Tremors": 1472, "Electrostatic Infantry": 859, "Reckless Lackey": 2314, "Kindlespark Duo": 1626, "Rodeo Pyromancers": 2422, "The Autonomous Furnace": 2951, "Ral's Reinforcements": 2274, "Skewer Slinger_SB": 2641, "Deadeye Duelist_SB": 658, "Thunder Salvo_SB": 3060, "Wrenn's Resolve": 3447, "Khenra Spellspear": 1623, "Fear of Being Hunted": 997, "Frenzied Goblin_SB": 1119, "Vile Mutilator": 3314, "Shroudstomper": 2618, "Gloomfang Mauler": 1236, "Possessed Goat": 2192, "Live or Die": 1733, "Commune with Evil": 549, "Scoured Barrens": 2521, "Tocasia's Dig Site": 3093, "Magebane Lizard_SB": 1794, "Eddymurk Crab": 847, "Tolarian Terror": 3097, "Thornwood Falls": 3025, "Confounding Riddle": 556, "Monstrous Emergence_SB": 1928, "Maze's End": 1838, "Expedition Map": 941, "Orzhov Guildgate": 2062, "Rakdos Guildgate": 2266, "Selesnya Guildgate": 2564, "Simic Guildgate": 2632, "Izzet Guildgate": 1552, "Azorius Guildgate": 171, "Boros Guildgate": 305, "Dimir Guildgate": 733, "Golgari Guildgate": 1260, "Gruul Guildgate": 1303, "Circuitous Route": 502, "Beanstalk Wurm": 207, "Urborg Repossession": 3240, "Malicious Eclipse": 1810, "Insidious Fungus": 1497, "Muldrotha, the Gravetide": 1950, "Tatyova, Benthic Druid": 2907, "Savor_SB": 2494, "Atraxa's Fall_SB": 149, "Desperate Bloodseeker_SB": 717, "Brightblade Stoat_SB": 348, "Ravine Raider": 2295, "Agate-Blade Assassin": 31, "Scales of Shale": 2504, "Jagged Barrens": 1558, "Outlaws' Fury": 2073, "Bake into a Pie_SB": 177, "Hazardous Blast_SB": 1357, "Turn Inside Out_SB": 3149, "Agate Assault_SB": 30, "Norin, Swift Survivalist": 2006, "Vicious Clown": 3312, "Irreverent Gremlin": 1543, "Goblin Surprise": 1252, "Wind-Scarred Crag": 3415, "Elesh Norn": 864, "Dewdrop Cure": 729, "Krenko, Mob Boss": 1662, "Union of the Third Path": 3208, "Teferi, Temporal Pilgrim": 2915, "Portal to Phyrexia": 2190, "Flow of Knowledge": 1088, "Soul-Guide Lantern": 2706, "Essence Scatter": 922, "Idyllic Beachfront": 1466, "Contaminated Aquifer": 566, "Terramorphic Expanse": 2936, "Vanish into Eternity": 3284, "Marauding Brinefang": 1821, "Deadly Riposte_SB": 665, "Vanish into Eternity_SB": 3285, "Coppercoat Vanguard_SB": 574, "Garna, Bloodfist of Keld_SB": 1154, "Spellgyre": 2732, "Aetherize": 26, "Swiftwater Cliffs": 2876, "Tranquil Cove": 3117, "Quick Study": 2244, "Peculiar Lighthouse": 2122, "Union of the Third Path_SB": 3209, "Tolarian Terror_SB": 3098, "Griffnaut Tracker_SB": 1296, "Boulderbranch Golem": 314, "Fierce Empath": 1048, "Galewind Moose": 1147, "Gossip's Talent": 1265, "Gruff Triplets": 1302, "Lush Oasis": 1779, "Mirage Mesa": 1879, "Outcaster Greenblade": 2070, "Tyrranax Rex": 3169, "Sunshower Druid_SB": 2851, "Patchwork Banner": 2115, "Etched Cornfield": 928, "Hare Apparent": 1338, "Banner of Kinship": 189, "Kayla's Reconstruction": 1604, "Baylen, the Haymaker": 205, "Blossoming Sands": 276, "Hinterland Sanctifier_SB": 1424, "Dragon Fodder": 786, "Enduring Courage": 885, "Dollmaker's Shop // Porcelain Gallery": 766, "Keldon Strike Team_SB": 1610, "Midnight Reaper": 1867, "Nezumi Linkbreaker": 1987, "Snarling Gorehound": 2689, "Bartolom\u00e9 del Presidio": 196, "Vampire Gourmand": 3277, "Neglected Manor": 1975, "Forlorn Flats": 1105, "Soul-Shackled Zombie_SB": 2709, "Corrupt": 583, "Savor": 2493, "Servant of the Stinger": 2574, "Moment of Craving": 1913, "Desperate Bloodseeker": 716, "Candy Trail": 408, "Marauding Blight-Priest": 1820, "Murder": 1953, "Sanguine Indulgence_SB": 2484, "Coati Scavenger": 526, "Ozolith, the Shattered Spire": 2101, "Rubblebelt Maverick": 2440, "Strangled Cemetery": 2821, "Ambush Wolf_SB": 57, "Dead Weight_SB": 657, "Fog of War_SB": 1093, "Voracious Varmint_SB": 3352, "Defiled Crypt // Cadaver Lab": 692, "Blanchwood Prowler": 239, "Cult Conscript": 621, "Osseous Sticktwister": 2064, "Drag to the Roots": 784, "Jungle Hollow": 1578, "Deadly Brew": 659, "Bulk Up": 375, "Chandra, Flameshaper": 469, "Swiftblade Vindicator": 2873, "Leyline Axe": 1701, "The Jolly Balloon Man": 2973, "Sporogenic Infection": 2756, "Commune with Evil_SB": 550, "Fear of Missing Out_SB": 1010, "Archmage of Runes": 112, "Metamorphic Blast": 1857, "Don't Make a Sound": 768, "Ertai's Scorn": 915, "Curate": 625, "Unauthorized Exit": 3182, "The Tale of Tamiyo_SB": 3006, "Strix Lookout_SB": 2826, "Harrier Strix_SB": 1343, "Twist Reality_SB": 3158, "Thought-Stalker Warlock_SB": 3029, "Arcane Proxy": 99, "Demonic Counsel": 701, "Render Inert": 2348, "Kaito, Dancing Shadow_SB": 1586, "Likeness Looter": 1722, "Minor Misstep_SB": 1877, "Royal Treatment": 2438, "Royal Treatment_SB": 2439, "Karplusan Forest_SB": 1597, "Chainsaw_SB": 468, "Flamewake Phoenix_SB": 1070, "Grand Entryway && Elegant Rotunda": 1272, "Drag the Canal_SB": 782, "Stingerback Terror_SB": 2800, "Scatter Ray_SB": 2507, "Argoth, Sanctum of Nature": 120, "Cosmic Rebirth": 589, "Elvish Regrower": 877, "Springbloom Druid": 2761, "Titania, Voice of Gaea": 3086, "Tolsimir, Midnight's Light": 3099, "Phantom Interference_SB": 2136, "The Huntsman's Redemption": 2968, "Balustrade Wurm_SB": 183, "Invasion of Ixalan": 1526, "Bristlebud Farmer_SB": 357, "Stoic Sphinx_SB": 2807, "Twisted Fealty": 3159, "Temple of Malice": 2924, "Aegis Turtle_SB": 22, "Night of the Sweets' Revenge": 1989, "Welcome to Sweettooth": 3397, "Collector's Vault": 536, "See Double_SB": 2555, "Cosmium Confluence_SB": 592, "Volatile Fault_SB": 3342, "Calix, Guided by Fate": 399, "Vraska's Fall": 3359, "The Filigree Sylex_SB": 2964, "Armored Armadillo": 124, "Elvish Archivist": 875, "Toadstool Admirer": 3090, "Calix, Guided by Fate_SB": 400, "Divine Resilience_SB": 763, "Unflinching Courage_SB": 3201, "Valorous Stance_SB": 3276, "Ephara's Dispersal_SB": 907, "Ajani, Caller of the Pride": 40, "Tail Swipe": 2891, "Fiery Annihilation_SB": 1050, "Crash Through": 599, "Drake Hatcher": 797, "Restless Spire": 2377, "Slick Sequence": 2676, "Abhorrent Oculus_SB": 3, "Feed the Swarm": 1023, "Crawling Barrens": 602, "Mazemind Tome_SB": 1841, "Cryptic Coat": 614, "Cryptic Coat_SB": 615, "Neutralize the Guards_SB": 1982, "Tinybones Joins Up_SB": 3076, "Parting Gust_SB": 2114, "Bandit's Talent_SB": 186, "Trygon Predator_SB": 3142, "Bonny Pall, Clearcutter_SB": 294, "Dwynen, Gilt-Leaf Daen": 836, "Lathril, Blade of the Elves": 1677, "Wildborn Preserver": 3407, "Assassin's Trophy_SB": 142, "Leonin Vanguard": 1697, "Angel of Vitality": 72, "Extinguish the Light_SB": 955, "Breach the Multiverse": 336, "Voracious Greatshark": 3351, "The Irencrag": 2972, "Nine-Lives Familiar": 1994, "The End": 2957, "Wildwood Scourge": 3411, "Mild-Mannered Librarian": 1871, "Charming Prince": 483, "Gnarlid Colony": 1240, "Wary Thespian": 3384, "Dazzling Angel": 653, "Inspiring Paladin": 1504, "Good-Fortune Unicorn": 1264, "Felidar Savior": 1032, "Armasaur Guide": 123, "Felling Blow": 1035, "Biogenic Upgrade": 226, "Inspiring Call": 1501, "Pacifism": 2102, "Anthem of Champions": 91, "Kaito, Dancing Shadow": 1585, "Lavaspur Boots": 1682, "Rite of Replication": 2400, "Swiftfoot Boots_SB": 2875, "Knight of Dusk's Shadow_SB": 1640, "Charming Scoundrel": 484, "Ruthless Lawbringer": 2459, "Alesha, Who Laughs at Fate": 49, "Perforating Artist": 2126, "Immersturm Predator": 1469, "Aurelia, the Law Above": 155, "Voldaren Thrillseeker_SB": 3347, "Urgent Necropsy": 3247, "Eaten by Piranhas_SB": 845, "Decadent Dragon": 673, "Phyrexian Obliterator_SB": 2151, "Silver Scrutiny_SB": 2628, "Flourishing Bloom-Kin": 1087, "Ghalta, Primal Hunger": 1180, "Hunter's Talent_SB": 1455, "Wrenn and Realmbreaker_SB": 3445, "Cankerbloom": 409, "Scrapshooter_SB": 2523, "Axebane Ferox_SB": 167, "Atraxa, Grand Unifier_SB": 151, "Doppelgang": 773, "Hearth Elemental": 1370, "Highway Robbery": 1421, "Urabrask": 3236, "Vren, the Relentless": 3364, "Aven Interrupter_SB": 162, "Terror Tide": 2938, "Torch the Witness_SB": 3107, "Rattleback Apothecary": 2290, "Bristly Bill, Spine Sower": 359, "Tatyova, Steward of Tides": 2908, "Colossal Rattlewurm": 541, "Sandstorm Verge": 2481, "Festering Gulch": 1041, "Creosote Heath": 605, "Duelist of the Mind": 821, "Desert's Due": 715, "Goldvein Hydra": 1257, "Bonehoard Dracosaur": 291, "Incinerator of the Guilty": 1478, "Rivaz of the Claw": 2404, "Tyrant of Kher Ridges": 3166, "Dragonlord's Servant": 794, "Kolaghan Warmonger": 1648, "Push // Pull_SB": 2229, "Annex Sentry": 79, "Phyrexian Vindicator": 2152, "Phyrexian Censor": 2143, "Volatile Fault": 3341, "Seal from Existence_SB": 2538, "Stasis Snare_SB": 2782, "Chrome Host Seedshark": 495, "Ichormoon Gauntlet": 1464, "Jace Reawakened": 1553, "Jin-Gitaxias": 1565, "Temple of Epiphany": 2922, "Galvanize_SB": 1151, "Tocasia's Welcome": 3094, "Urza's Sylex_SB": 3254, "Tomb Trawler_SB": 3102, "Urborg Scavengers": 3242, "Zetalpa, Primal Dawn": 3465, "Joint Exploration": 1572, "Titania's Command_SB": 3085, "Long River's Pull_SB": 1750, "Burglar Rat": 378, "Psychic Whorl": 2222, "Painful Quandary": 2103, "Hidden Necropolis": 1409, "Rune-Scarred Demon": 2450, "Macabre Waltz": 1787, "Mindsplice Apparatus": 1874, "Hidden Cataract": 1406, "Halo Forager": 1324, "The Key to the Vault": 2976, "Final Showdown": 1054, "Loran's Escape": 1758, "Dawn's Truce": 647, "Titania, Voice of Gaea_SB": 3087, "The Rollercrusher Ride_SB": 2992, "Restless Prairie": 2372, "Inspiration from Beyond": 1500, "Glass Casket_SB": 1222, "Chainsaw": 467, "Marchesa, Dealer of Death": 1823, "Rakdos Joins Up": 2267, "Nashi, Searcher in the Dark_SB": 1969, "Invasion of Tolvada": 1535, "Grand Abolisher_SB": 1271, "Misery's Shadow_SB": 1890, "Realmbreaker, the Invasion Tree_SB": 2308, "Filter Out_SB": 1052, "Kutzil, Malamet Exemplar": 1668, "Hostile Investigator": 1445, "Rona's Vortex": 2428, "Swamp_SB": 2871, "Runic Shot": 2452, "Herald of Eternal Dawn_SB": 1388, "Sun-Blessed Healer_SB": 2839, "Emberheart Challenger_SB": 880, "Rockface Village_SB": 2420, "Squee, Dubious Monarch_SB": 2765, "Monastery Mentor": 1920, "Seeker's Folly": 2558, "Mortify": 1936, "Soul Search_SB": 2704, "Assimilation Aegis_SB": 144, "Season of Gathering_SB": 2544, "The Cruelty of Gix_SB": 2953, "Valgavoth's Onslaught": 3260, "Coveted Falcon": 596, "Impulse": 1477, "Portent of Calamity": 2191, "Drag to the Bottom": 783, "Greed's Gambit_SB": 1285, "Stab": 2767, "Vinereap Mentor": 3315, "Fiery Annihilation": 1049, "Monstrous Emergence": 1927, "Invasion of Gobakhan": 1523, "Sheoldred": 2589, "Finneas, Ace Archer": 1058, "Seasoned Warrenguard": 2552, "Ferocification": 1039, "Axebane Ferox": 166, "Pick Your Poison": 2154, "Sunspine Lynx": 2852, "Dreadwing Scavenger": 806, "Collector's Cage": 534, "Ajani, Sleeper Agent_SB": 44, "Broodspinner_SB": 366, "The Gitrog, Ravenous Ride_SB": 2965, "Vren, the Relentless_SB": 3365, "Chimil, the Inner Sun": 490, "Rat Out_SB": 2287, "Plains_SB": 2171, "Faebloom Trick_SB": 970, "Throne of the Grim Captain": 3055, "Drana and Linvala_SB": 801, "Pest Control_SB": 2132, "The Kenriths' Royal Funeral_SB": 2975, "Rona's Vortex_SB": 2429, "Nashi, Searcher in the Dark": 1968, "Saiba Cryptomancer": 2472, "Bonny Pall, Clearcutter": 293, "River's Rebuke": 2405, "River's Rebuke_SB": 2406, "Primeval Bounty_SB": 2203, "Koma, World-Eater_SB": 1652, "Blood Hustler": 256, "Deathcap Marionette": 669, "Fell": 1033, "Bloodfell Caves": 261, "Faerie Fencing": 972, "Ego Drain": 851, "Season of Loss": 2545, "Talion's Messenger_SB": 2901, "Make Your Own Luck": 1803, "Ancient Cornucopia": 67, "Invasion of Arcavios": 1520, "Peerless Recycling_SB": 2123, "Beseech the Mirror_SB": 217, "Heroic Reinforcements_SB": 1403, "Third Path Iconoclast": 3013, "Reasonable Doubt": 2309, "Essence Scatter_SB": 923, "Wing Commando": 3419, "Stormcatch Mentor": 2814, "Misery's Shadow": 1889, "Ruthless Negotiation": 2461, "Haunted Screen": 1353, "Prayer of Binding": 2195, "Kaya, Spirits' Justice": 1601, "Cerebral Confiscation_SB": 464, "Corrupted Conviction": 584, "Furnace Reins": 1141, "Kiora, the Rising Tide_SB": 1629, "Urza's Sylex": 3253, "Regal Caracal_SB": 2336, "Insatiable Avarice_SB": 1496, "Zoetic Glyph_SB": 3470, "Seized from Slumber_SB": 2563, "Tyvar's Stand": 3172, "Keen-Eyed Curator_SB": 1607, "Unflinching Courage": 3200, "Sanguine Evangelist_SB": 2483, "Virtue of Loyalty_SB": 3325, "Regal Bunnicorn_SB": 2334, "Fanatical Firebrand": 983, "Hellspur Brute": 1380, "Vial Smasher, Gleeful Grenadier": 3308, "At Knifepoint": 147, "Mourner's Surprise_SB": 1944, "Caught in the Crossfire_SB": 445, "Scales of Shale_SB": 2505, "Surgical Suite // Hospital Room": 2863, "Mischievous Pup": 1888, "Inspiring Overseer": 1502, "Angel of Finality_SB": 71, "Fynn, the Fangbearer": 1143, "Ankle Biter": 78, "Bilious Skulldweller": 223, "Infectious Inquiry": 1485, "Feed the Infection": 1022, "Nimraiser Paladin": 1993, "The Hunter Maze": 2967, "The Dross Pits": 2954, "Soured Springs": 2716, "Badlands Revival": 176, "Seize the Secrets": 2560, "Wardens of the Cycle": 3376, "Kraul Whipcracker": 1657, "Binding Negotiation_SB": 225, "Copper Host Crusher": 572, "Bandit's Haul": 184, "Vinereap Mentor_SB": 3316, "Rogue's Passage": 2423, "Thrashing Brontodon": 3040, "Giant Cindermaw": 1193, "Belligerent Yearling": 215, "Scytheclaw Raptor": 2533, "Triumphant Chomp": 3137, "Colossadactyl": 540, "Earthshaker Dreadmaw": 841, "Ixalli's Lorekeeper": 1550, "Itzquinth, Firstborn of Gishath": 1546, "Armored Kincaller_SB": 126, "Clay-Fired Bricks": 517, "Sandstorm Salvager": 2479, "Dreamdew Entrancer_SB": 808, "Werefox Bodyguard": 3398, "Autonomous Assembler": 160, "Etali's Favor": 924, "Quintorius Kand": 2245, "Caretaker's Talent_SB": 419, "Luminous Rebuke_SB": 1773, "Massacre Wurm": 1834, "The Enigma Jewel": 2959, "Felidar Retreat_SB": 1031, "Hired Claw_SB": 1426, "Kayla's Command_SB": 1603, "Starfall Invocation_SB": 2776, "Stalactite Stalker": 2770, "Spinner of Souls_SB": 2745, "The Swarmweaver": 3003, "Gisa, the Hellraiser_SB": 1206, "Warleader's Call_SB": 3380, "Anointed Peacekeeper": 89, "Shrouded Shepherd_SB": 2617, "Phyrexian Censor_SB": 2144, "Dollmaker's Shop && Porcelain Gallery": 765, "Demonic Counsel_SB": 702, "Archangel of Tithes_SB": 105, "Bitter Reunion_SB": 231, "Jace Reawakened_SB": 1554, "Callous Sell-Sword_SB": 403, "Rat Out": 2286, "Unidentified Hovership_SB": 3207, "Arabella, Abandoned Doll_SB": 93, "Painter's Studio && Defaced Gallery_SB": 2106, "Take Up the Shield_SB": 2896, "Get Out_SB": 1175, "Scorn-Blade Berserker": 2520, "Vadmir, New Blood": 3256, "Song of Totentanz_SB": 2696, "Hungry Ghoul": 1453, "Cemetery Recruitment": 460, "Diregraf Ghoul": 736, "Skeleton Archer": 2640, "Sanguine Syphoner": 2485, "Mephitic Draught": 1854, "Not Dead After All": 2010, "Canonized in Blood": 411, "Vampiric Rites": 3282, "Offer Immortality": 2034, "Raucous Carnival_SB": 2292, "Archdruid's Charm": 108, "The Rollercrusher Ride": 2991, "Haywire Mite": 1355, "Imperious Perfect_SB": 1475, "Sandstorm Salvager_SB": 2480, "Tough Cookie_SB": 3112, "Urborg Repossession_SB": 3241, "Seize the Spoils": 2561, "Curious Forager": 627, "Thornvault Forager": 3024, "The Mycotyrant": 2986, "Sporogenic Infection_SB": 2757, "Agatha's Soul Cauldron_SB": 34, "Grievous Wound": 1294, "Funeral Room // Awakening Hall_SB": 1137, "Rise of the Dark Realms_SB": 2397, "Valkyrie's Call_SB": 3265, "Fumigate_SB": 1135, "Temple of Enlightenment": 2921, "Ezrim, Agency Chief_SB": 961, "Harbin, Vanguard Aviator": 1330, "Valiant Veteran": 3264, "Zephyr Sentinel": 3462, "Skystrike Officer": 2666, "Fortified Beachhead": 1107, "Cruel Somnophage": 606, "Molten Duplication": 1909, "Herbology Instructor": 1391, "Fauna Shaman": 992, "Diabolic Intent": 731, "Lively Dirge_SB": 1735, "Restless Bivouac_SB": 2368, "Urza, Lord Protector": 3255, "Valley Rotcaller": 3271, "Blossoming Tortoise": 277, "Titania's Command": 3084, "Blast Zone": 242, "Cavernous Maw": 455, "Forgotten Monument": 1104, "Tinybones, the Pickpocket_SB": 3080, "Temple of Mystery": 2925, "Timely Interference": 3073, "Vesuvan Duplimancy": 3303, "Dive Down_SB": 759, "Scrawling Crawler_SB": 2526, "Hollow Marauder": 1430, "Huskburster Swarm": 1459, "Overwhelming Remorse": 2095, "Stubborn Burrowfiend": 2830, "Writhing Necromass": 3449, "Dryad Militant_SB": 819, "Mockingbird_SB": 1903, "Chandra, Hope's Beacon_SB": 472, "Bristlebud Farmer": 356, "Charred Foyer && Warped Space_SB": 485, "Bruse Tarl, Roving Rancher": 369, "Fblthp, Lost on the Range": 994, "Weakstone's Subjugation": 3390, "Fblthp, Lost on the Range_SB": 995, "Proft's Eidetic Memory_SB": 2210, "Weakstone's Subjugation_SB": 3391, "Coruscation Mage_SB": 588, "Think Twice": 3011, "Micromancer_SB": 1865, "Dollmaker's Shop // Porcelain Gallery_SB": 767, "Akawalli, the Seething Tower": 47, "Absolving Lammasu_SB": 7, "Bottomless Pool && Locker Room": 310, "Fear of Isolation": 1005, "Tithing Blade_SB": 3089, "The Swarmweaver_SB": 3004, "Hidetsugu's Second Rite_SB": 1416, "Invasion of Karsus_SB": 1528, "Mirror Room && Fractured Realm_SB": 1884, "Sword of Wealth and Power_SB": 2883, "Wildfire Howl_SB": 3409, "Zurgo and Ojutai_SB": 3479, "Halo Forager_SB": 1325, "Mabel, Heir to Cragflame_SB": 1786, "Soulstone Sanctuary_SB": 2715, "Ballyrush Banneret": 180, "Myrel, Shield of Argive_SB": 1961, "Siege Veteran_SB": 2620, "Steel Seraph_SB": 2793, "Ezrim, Agency Chief": 960, "Karn, Living Legacy": 1594, "Metropolis Reformer": 1862, "Omnivorous Flytrap": 2048, "Krenko's Buzzcrusher_SB": 1661, "Break the Spell_SB": 344, "Migloz, Maze Crusher_SB": 1870, "Rundvelt Hordemaster": 2448, "Breeches, Eager Pillager": 345, "Final Vengeance_SB": 1057, "Kellan, Inquisitive Prodigy": 1614, "Blood Spatter Analysis": 258, "Urborg Lhurgoyf": 3239, "Silverback Elder_SB": 2629, "Branchblight Stalker": 328, "Ichorspit Basilisk": 1465, "Maze's Mantle": 1839, "Viral Spawning": 3319, "Plague Nurse": 2169, "Venomous Brutalizer": 3300, "Tyrranax Atrocity": 3168, "Goliath Hatchery": 1261, "Paladin of Predation": 2109, "Serum Snare": 2572, "Tainted Observer": 2894, "Experimental Augury": 944, "Thrummingbird": 3057, "Mesmerizing Dose": 1856, "Reject Imperfection": 2340, "Gitaxian Anatomist": 1207, "Vivisurgeon's Insight": 3334, "Lakeside Shack": 1673, "Tangled Islet": 2904, "Meat Locker // Drowned Diner": 1842, "Awaken the Woods": 165, "Rampaging Baloths": 2278, "Omenpath Journey": 2046, "Poison Dart Frog": 2178, "Angelic Intervention": 73, "The Witch's Vanity": 3009, "Under the Skin": 3188, "Seraphic Steed": 2569, "Hulking Raptor": 1452, "Vorinclex": 3353, "Goldvein Hydra_SB": 1258, "Meticulous Excavation_SB": 1861, "Rabid Gnaw": 2249, "Raging Battle Mouse": 2262, "Loran's Escape_SB": 1759, "The Witch's Vanity_SB": 3010, "Zoraline, Cosmos Caller_SB": 3474, "Teferi, Temporal Pilgrim_SB": 2916, "Ill-Timed Explosion_SB": 1468, "Realmbreaker, the Invasion Tree": 2307, "Murky Sewer": 1956, "Seeker's Folly_SB": 2559, "Might of the Meek_SB": 1869, "Deeproot Pilgrimage": 682, "Mistway Spy": 1899, "Vodalian Hexcatcher": 3336, "Betrayer's Bargain": 219, "Undead Sprinter_SB": 3187, "Viashino Pyromancer_SB": 3311, "Jaya, Fiery Negotiator": 1560, "The Stone Brain": 3000, "Defabricate_SB": 685, "Decadent Dragon_SB": 674, "Vein Ripper": 3292, "Thalia and The Gitrog Monster": 2946, "Surgical Suite && Hospital Room_SB": 2862, "Vraska Joins Up": 3358, "Necrogen Communion": 1971, "Darkstar Augur": 643, "Thirsting Roots_SB": 3016, "Pugnacious Hammerskull": 2224, "Defiled Crypt // Cadaver Lab_SB": 693, "Beastie Beatdown": 208, "Annie Joins Up": 82, "Huatli, Poet of Unity": 1449, "Pest Control": 2131, "Heraldic Banner": 1389, "Heraldic Banner_SB": 1390, "Etali, Primal Conqueror_SB": 926, "Maha, Its Feathers Night_SB": 1801, "Silver Scrutiny": 2627, "Invasion of Amonkhet_SB": 1519, "Seal from Existence": 2537, "Battlefly Swarm": 204, "Broodspinner": 365, "Solemn Simulacrum": 2692, "Ghalta, Stampede Tyrant": 1182, "Karn's Sylex_SB": 1593, "Sword of Once and Future": 2880, "Myrel, Shield of Argive": 1960, "Halana and Alena, Partners": 1319, "Inga and Esika": 1489, "Gwenna, Eyes of Gaea": 1316, "Melira, the Living Cure": 1848, "Hajar, Loyal Bodyguard_SB": 1318, "Elesh Norn_SB": 867, "Surrak and Goreclaw_SB": 2866, "Guardian of New Benalia": 1308, "Aegis Turtle": 21, "Venerated Rotpriest_SB": 3295, "Ivy, Gleeful Spellthief_SB": 1549, "Bottomless Pool // Locker Room": 312, "Rite of the Dragoncaller": 2401, "Grabby Giant": 1268, "Getaway Glamer_SB": 1177, "Pia Nalaar, Consul of Revival": 2153, "Invasion of Kaldheim": 1527, "Doomsday Excruciator_SB": 771, "Crystal Grotto": 620, "Island_SB": 1545, "Rebel Salvo_SB": 2311, "Glarb, Calamity's Augur": 1219, "Entity Tracker_SB": 905, "Aether Channeler": 23, "Defiled Crypt && Cadaver Lab": 690, "Exuberant Fuseling": 959, "Thundertrap Trainer_SB": 3069, "Abuelo's Awakening": 8, "Kitsa, Otterball Elite_SB": 1636, "Rona, Herald of Invasion_SB": 2431, "Unnerving Grasp_SB": 3216, "Demonic Ruckus_SB": 708, "Impact Tremors_SB": 1473, "Swooping Lookout": 2877, "Wishclaw Talisman_SB": 3425, "Coveted Falcon_SB": 597, "High Noon": 1417, "Kona, Rescue Beastie": 1653, "Cultivator's Caravan": 622, "Scene of the Crime": 2515, "Cankerbloom_SB": 410, "Conspiracy Unraveler": 562, "Matzalantli, the Great Door": 1836, "Reenact the Crime": 2329, "Dust Animus_SB": 829, "Lifecreed Duo": 1714, "Pugnacious Hammerskull_SB": 2225, "Recruitment Officer_SB": 2322, "Fear of Surveillance": 1011, "Adaptive Automaton": 17, "Three Tree Mascot": 3049, "Invasion of Theros": 1534, "Smuggler's Surprise_SB": 2685, "Oko, the Ringleader_SB": 2041, "Muerra, Trash Tactician": 1948, "Undead Sprinter": 3186, "At Knifepoint_SB": 148, "Monstrous Rage_SB": 1930, "Wilt-Leaf Liege_SB": 3414, "Kellan's Lightblades_SB": 1612, "Defiled Crypt && Cadaver Lab_SB": 691, "Annie Flash, the Veteran_SB": 81, "Insatiable Avarice": 1495, "Time Stop": 3071, "The Seedcore": 2993, "Slaughter Singer": 2669, "Fleeting Flight_SB": 1076, "Trash the Town_SB": 3126, "Sawblade Skinripper": 2496, "Ashiok, Wicked Manipulator": 134, "Palani's Hatcher": 2110, "Temple of Abandon": 2919, "Blasphemous Edict_SB": 241, "Crumb and Get It": 609, "Quick Draw_SB": 2243, "Hauntwoods Shrieker": 1354, "Zul Ashur, Lich Lord": 3476, "Garruk's Uprising": 1155, "Defiler of Flesh": 695, "Kraul Whipcracker_SB": 1658, "Agrus Kos, Spirit of Justice": 37, "Mischievous Mystic": 1887, "Skrelv, Defector Mite_SB": 2649, "Mechanized Warfare": 1845, "Blasphemous Edict": 240, "Bottomless Pool // Locker Room_SB": 313, "The Princess Takes Flight_SB": 2988, "Anim Pakal, Thousandth Moon_SB": 76, "Drown in Ichor": 815, "Kambal, Profiteering Mayor": 1588, "Kambal, Profiteering Mayor_SB": 1589, "Kaya, Spirits' Justice_SB": 1602, "Case of the Gateway Express_SB": 429, "Whisper of the Dross": 3401, "Vraska's Fall_SB": 3360, "Restless Reef_SB": 2374, "Lunar Convocation": 1775, "Vraska, the Silencer": 3363, "Binding Negotiation": 224, "Overlord of the Boilerbilges_SB": 2084, "Charge of the Mites": 481, "Expel the Interlopers": 942, "Wilt-Leaf Liege": 3413, "Gumdrop Poisoner_SB": 1315, "Obstinate Baloth": 2030, "Bramble Familiar": 324, "Sphinx of the Final Word_SB": 2737, "Founding the Third Path_SB": 1111, "Satoru, the Infiltrator": 2490, "Burrowguard Mentor": 385, "Pollen-Shield Hare": 2180, "Hop to It_SB": 1437, "Dragonmaster Outcast": 795, "Generous Plunderer": 1167, "Ghired, Mirror of the Wilds": 1183, "Evolved Sleeper": 934, "Friendly Teddy": 1121, "Scrawling Crawler": 2525, "Rankle's Prank_SB": 2285, "Consumed by Greed_SB": 563, "Final Flourish_SB": 1053, "Time Stop_SB": 3072, "Unnatural Restoration_SB": 3214, "Infectious Inquiry_SB": 1486, "Polukranos Reborn_SB": 2185, "Kitesail Larcenist_SB": 1633, "Rakdos, the Muscle": 2270, "Magda, the Hoardmaster": 1792, "Hellspur Posse Boss": 1382, "Hellspur Brute_SB": 1381, "Cynical Loner_SB": 635, "Astor, Bearer of Blades": 145, "Bladehold War-Whip": 238, "Kellan, the Fae-Blooded": 1618, "Kemba, Kha Enduring": 1620, "Rebel Salvo": 2310, "Swiftfoot Boots": 2874, "Sword of Forge and Frontier": 2878, "Astor, Bearer of Blades_SB": 146, "Hidetsugu and Kairi": 1414, "Consuming Aberration": 564, "Knight of Dusk's Shadow": 1639, "No One Left Behind_SB": 2002, "Dusk Legion Duelist": 825, "Stocking the Pantry": 2803, "Botanical Brawler": 308, "Tribute to the World Tree": 3134, "Railway Brawler": 2263, "Archdruid's Charm_SB": 109, "Collector's Cage_SB": 535, "Rampaging Spiketail": 2281, "Barkform Harvester": 193, "Magebane Lizard": 1793, "Fae Flight_SB": 968, "Rush of Dread_SB": 2456, "Hugs, Grisly Guardian": 1450, "Kogla and Yidaro": 1646, "Imprisoned in the Moon_SB": 1476, "Inquisitive Glimmer_SB": 1494, "Refute_SB": 2332, "Persistent Marshstalker": 2130, "Karumonix, the Rat King": 1598, "Argentum Masticore": 118, "Hedron Archive": 1375, "The Mycosynth Gardens": 2985, "Hall of Tagsin": 1322, "Legion Extruder": 1691, "Tomakul Honor Guard": 3100, "Intrepid Paleontologist": 1515, "Bolt Bend_SB": 285, "Blazing Crescendo_SB": 246, "Argentum Masticore_SB": 119, "Choking Miasma": 493, "Micromancer": 1864, "Untimely Malfunction": 3228, "Captain Storm, Cosmium Raider": 415, "Corsair Captain": 586, "Gleaming Geardrake": 1227, "Malcolm, the Eyes": 1809, "Staunch Crewmate": 2786, "Lost Jitte_SB": 1764, "Niv-Mizzet, Supreme": 1998, "Felonious Rage_SB": 1037, "Thundering Falls_SB": 3065, "One with the Multiverse": 2050, "Vaultborn Tyrant_SB": 3290, "Feldon's Cane": 1025, "Treasure Map": 3129, "Neutralize the Guards": 1981, "Ayli, Eternal Pilgrim": 169, "Shipwreck Dowser": 2598, "Disturbing Conversion": 755, "Eerie Interference_SB": 850, "Builder's Talent_SB": 374, "Abuelo's Awakening_SB": 9, "Razorkin Needlehead": 2297, "Highway Robbery_SB": 1422, "Dreadmaw's Ire_SB": 805, "Wishclaw Talisman": 3424, "Walk with the Ancestors": 3368, "Meathook Massacre II_SB": 1844, "Repulsive Mutation": 2353, "Sylvan Scavenging_SB": 2886, "Ghost Vacuum": 1187, "Bloodletter of Aclazotz_SB": 265, "Pile On": 2159, "Corrupted Conviction_SB": 585, "Deadly Brew_SB": 660, "Kutzil, Malamet Exemplar_SB": 1669, "Bite Down": 228, "Ygra, Eater of All": 3455, "Maha, Its Feathers Night": 1800, "Massacre Girl, Known Killer": 1832, "Daggerfang Duo": 636, "Moonstone Harbinger": 1935, "Pestilent Syphoner": 2133, "Hoarding Recluse": 1429, "Deathbloom Gardener": 668, "Drown in Ichor_SB": 816, "Rakdos, the Muscle_SB": 2271, "Rakdos Joins Up_SB": 2268, "Massacre Girl, Known Killer_SB": 1833, "Unyielding Gatekeeper": 3232, "Ghalta and Mavren": 1179, "Progenitus": 2212, "Manifest Dread": 1814, "Hide in Plain Sight": 1412, "Threats Around Every Corner": 3042, "Crystal Barricade": 618, "Green Sun's Twilight_SB": 1288, "Call a Surprise Witness": 401, "Soul Search": 2703, "Quintorius Kand_SB": 2246, "Surgical Suite && Hospital Room": 2861, "Roaming Throne_SB": 2412, "Fake Your Own Death": 979, "Volcanic Spite": 3343, "Taii Wakeen, Perfect Shot": 2890, "Unruly Catapult": 3217, "Glassworks // Shattered Yard_SB": 1224, "Hulking Metamorph": 1451, "Rest in Peace": 2363, "Surge Engine_SB": 2857, "Dust Animus": 828, "Trostani, Three Whispers": 3140, "Tribute to the World Tree_SB": 3135, "Syr Ginger, the Meal Ender": 2888, "Dowsing Device": 779, "Saheeli, Filigree Master_SB": 2471, "Vengeful Possession": 3297, "Rabid Gnaw_SB": 2250, "Repair and Recharge": 2351, "Step Between Worlds_SB": 2794, "Invasion of Ergamon": 1521, "Break Out_SB": 342, "Beastie Beatdown_SB": 209, "Samut, Vizier of Naktamun": 2476, "Trash the Town": 3125, "Hearthborn Battler_SB": 1373, "Ego Drain_SB": 852, "Invasion of Fiora_SB": 1522, "Scrapwork Mutt": 2524, "Dawn's Truce_SB": 648, "Necrogen Rotpriest": 1972, "Contagious Vorrac": 565, "Armored Scrapgorger_SB": 128, "Forest_SB": 1102, "The Millennium Calendar_SB": 2983, "Ruin-Lurker Bat_SB": 2444, "Leonin Vanguard_SB": 1698, "Veteran Survivor_SB": 3306, "Oblivious Bookworm": 2028, "Growing Dread": 1300, "Bubble Smuggler": 372, "Cryptid Inspector": 617, "Exit Specialist": 938, "Cursed Windbreaker": 630, "Break Down the Door": 340, "Gaea's Gift_SB": 1146, "Hazardroot Herbalist": 1358, "Rabbit Response": 2247, "Treeguard Duo": 3130, "Uncharted Haven": 3184, "Warren Elder": 3381, "Head of the Homestead": 1361, "Head of the Homestead_SB": 1362, "Solphim, Mayhem Dominus": 2694, "Grab the Prize_SB": 1267, "Stroke of Midnight_SB": 2828, "Delney, Streetwise Lookout": 696, "No Witnesses": 2003, "Stroke of Midnight": 2827, "Greta, Sweettooth Scourge": 1293, "Sweettooth Witch": 2872, "Experimental Confectioner": 945, "Mintstrosity": 1878, "Scream Puff": 2527, "Gingerbread Hunter": 1202, "Back for Seconds": 174, "Spider Food": 2738, "Feed the Cauldron": 1019, "Return from the Wilds": 2386, "Three Bowls of Porridge": 3045, "Eriette's Tempting Apple": 909, "Sugar Rush_SB": 2835, "Candy Grapple_SB": 407, "Fell_SB": 1034, "Murder_SB": 1954, "Cheeky House-Mouse_SB": 489, "Dryad Militant": 818, "Obyra, Dreaming Duelist": 2032, "Repel Calamity_SB": 2352, "Malcolm, Alluring Scoundrel_SB": 1808, "Zoyowa's Justice": 3475, "Trial of Agony": 3132, "Ojer Axonil, Deepest Might": 2037, "Brazen Collector": 335, "Leyline of Resonance_SB": 1706, "Ancestors' Aid_SB": 66, "Slickshot Show-Off_SB": 2679, "Give In to Violence_SB": 1209, "Cityscape Leveler_SB": 505, "Nahiri's Resolve_SB": 1964, "The Monumental Facade": 2984, "Sardian Cliffstomper": 2486, "Magmatic Sprinter": 1797, "Churning Reservoir": 498, "Sardian Cliffstomper_SB": 2487, "Monastery Swiftspear_SB": 1924, "Magmatic Sprinter_SB": 1798, "Churning Reservoir_SB": 499, "Braids, Arisen Nightmare_SB": 322, "Lich-Knights' Conquest": 1712, "Worldwalker Helm": 3439, "Torch the Witness": 3106, "Detective's Satchel": 723, "Forensic Gadgeteer_SB": 1099, "Ice Out_SB": 1462, "Evolving Adaptive": 935, "Garruk's Uprising_SB": 1156, "The Wandering Rescuer_SB": 3008, "Market Gnome": 1827, "Oracle of Tragedy": 2056, "Tarrian's Journal": 2906, "Felidar Cub": 1028, "Knight-Errant of Eos_SB": 1644, "Dusk Rose Reliquary_SB": 827, "Ruthless Lawbringer_SB": 2460, "Felidar Cub_SB": 1029, "Vraan, Executioner Thane": 3357, "Eaten Alive_SB": 844, "Claim Jumper_SB": 508, "Mirrex_SB": 1883, "Tectonic Hazard": 2912, "Boltwave_SB": 287, "War Squeak_SB": 3373, "Geralf, the Fleshwright": 1170, "Geralf, the Fleshwright_SB": 1171, "Searslicer Goblin_SB": 2542, "Take for a Ride_SB": 2897, "Wojek Investigator": 3436, "Rustler Rampage": 2457, "Recommission_SB": 2320, "Hexgold Halberd": 1405, "Shrouded Shepherd": 2616, "Skyfisher Spider_SB": 2659, "Let's Play a Game_SB": 1700, "Chart a Course_SB": 487, "Johann's Stopgap_SB": 1570, "Trapped in the Screen": 3123, "Ragged Playmate": 2260, "Ragged Playmate_SB": 2261, "Norin, Swift Survivalist_SB": 2007, "Fear of Surveillance_SB": 1012, "Grand Entryway // Elegant Rotunda_SB": 1274, "Llanowar Elves_SB": 1738, "Bonehoard Dracosaur_SB": 292, "Wandertale Mentor": 3370, "Vodalian Mindsinger_SB": 3337, "Festerleech": 1042, "Fallaji Archaeologist_SB": 981, "Kroxa and Kunoros": 1663, "Chandra, Flameshaper_SB": 470, "Ajani, Sleeper Agent": 43, "Blazing Crescendo": 245, "Warhost's Frenzy": 3378, "Great Train Heist": 1282, "Enduring Courage_SB": 886, "Spirebluff Canal_SB": 2747, "Ashnod's Harvester": 136, "Rip, Spawn Hunter": 2394, "Funeral Room // Awakening Hall": 1136, "Outlaw Medic": 2072, "Blightbelly Rat": 250, "Unnatural Restoration": 3213, "Whisper of the Dross_SB": 3402, "Carnivorous Canopy_SB": 421, "Bite Down_SB": 229, "Gaea's Gift": 1145, "Thousand Moons Smithy_SB": 3033, "The Tale of Tamiyo": 3005, "The Surgical Bay": 3002, "Case of the Ransacked Lab": 433, "Saheeli, Filigree Master": 2470, "Hollow Scavenger": 1432, "Mosswood Dreadknight_SB": 1941, "Stormchaser's Talent_SB": 2816, "Phyrexian Missionary": 2148, "Lost in the Maze_SB": 1766, "Cactarantula": 393, "Glimmerlight": 1230, "Fleeting Flight": 1075, "Think Twice_SB": 3012, "Defiler of Dreams_SB": 694, "Lithomantic Barrage": 1731, "Enduring Vitality_SB": 894, "Ojer Pakpatiq, Deepest Epoch": 2038, "Disturbing Conversion_SB": 756, "Koth, Fire of Resistance": 1655, "Wylie Duke, Atiin Hero": 3450, "Omen Hawker": 2043, "Audience with Trostani_SB": 154, "Leyline of the Void": 1710, "Sentinel of Lost Lore": 2565, "Virtue of Knowledge": 3322, "Valgavoth's Onslaught_SB": 3261, "Kutzil's Flanker": 1666, "Extraordinary Journey": 957, "Gold Pan": 1255, "Extraordinary Journey_SB": 958, "Nurturing Pixie_SB": 2020, "Moonshaker Cavalry": 1933, "Pearl of Wisdom": 2121, "Horrid Vigor": 1443, "Flesh Burrower": 1079, "Let's Play a Game": 1699, "Winter's Intervention": 3420, "Grasping Longneck": 1275, "Wickerfolk Thresher": 3405, "Cackling Slasher": 391, "Fear of the Dark": 1013, "Balemurk Leech": 178, "Give In to Violence": 1208, "Innocuous Rat": 1492, "Bashful Beastie": 198, "Defiant Survivor": 689, "Meathook Massacre II": 1843, "Bushwhack_SB": 389, "Mistbreath Elder_SB": 1896, "Realmbreaker's Grasp_SB": 2306, "Treeguard Duo_SB": 3131, "Stickytongue Sentinel_SB": 2798, "Tumbleweed Rising_SB": 3143, "Polliwallop_SB": 2182, "Leyline of Transformation": 1708, "Saheeli's Lattice": 2469, "Hopeless Nightmare_SB": 1440, "Etali, Primal Storm_SB": 927, "Corpses of the Lost_SB": 580, "Adamant Will": 16, "Goldvein Pick": 1259, "Moment of Triumph": 1915, "Pilfer": 2161, "Public Thoroughfare": 2223, "Roaming Throne": 2411, "Undying Malice": 3197, "Cancel_SB": 406, "Opt_SB": 2052, "Anointed Peacekeeper_SB": 90, "Connecting the Dots_SB": 559, "Analyze the Pollen_SB": 64, "Makeshift Binding": 1804, "Nettle Guard_SB": 1980, "Jump Scare_SB": 1577, "Progenitus_SB": 2213, "Harvestrite Host": 1346, "Family Reunion_SB": 982, "Cut Short_SB": 633, "Annihilating Glare": 84, "Fanatical Offering": 985, "Sword of Wealth and Power": 2882, "Dismal Backwater": 743, "Pelakka Wurm": 2124, "Extract a Confession_SB": 956, "Unauthorized Exit_SB": 3183, "Lassoed by the Law": 1674, "Mabel's Mettle": 1784, "Skulduggery": 2650, "Skulduggery_SB": 2651, "Minor Misstep": 1876, "Hopeful Vigil": 1438, "Restricted Office // Lecture Hall": 2382, "Central Elevator // Promising Stairs": 462, "Creeping Peeper": 604, "Underwater Tunnel // Slimy Aquarium": 3196, "Erratic Apparition": 912, "Dazzling Theater // Prop Room": 655, "Fear of Falling": 1000, "Fear of Abduction": 996, "Lionheart Glimmer": 1729, "Tunnel Surveyor_SB": 3147, "Stalked Researcher_SB": 2772, "Polluted Delta": 2183, "Scalding Tarn": 2501, "Misty Rainforest": 1900, "Bloodstained Mire": 267, "Watery Grave": 3388, "Steam Vents": 2787, "Sink into Stupor": 2635, "Spell Snare": 2728, "Unearth": 3198, "Thoughtseize": 3030, "Fatal Push": 990, "Faithless Looting": 978, "Tamiyo, Inquisitive Student": 2903, "Psychic Frog": 2221, "Counterspell": 595, "Persist": 2129, "Force of Negation": 1095, "Brazen Borrower": 333, "Archon of Cruelty": 114, "Nihil Spellbomb_SB": 1991, "Surgical Extraction_SB": 2860, "Consign to Memory_SB": 561, "Harbinger of the Seas_SB": 1332, "Stern Scolding_SB": 2797, "Fable of the Mirror-Breaker_SB": 963, "Arena of Glory": 117, "Blazing Rootwalla": 247, "Burning Inquiry": 381, "Detective's Phoenix": 722, "Flameblade Adept": 1066, "Goblin Lore": 1249, "Hollow One": 1431, "Lightning Bolt": 1716, "Stomping Ground": 2809, "Street Wraith": 2824, "Vengevine": 3299, "Wooded Foothills": 3437, "Cursed Totem_SB": 629, "Meltdown_SB": 1850, "Obsidian Charmaw_SB": 2029, "Arid Mesa": 122, "Barbarian Ring": 191, "Sunbaked Canyon": 2840, "Eidolon of the Great Revel": 853, "Goblin Guide": 1248, "Lava Spike": 1681, "Rift Bolt": 2390, "Searing Blaze": 2539, "Skewer the Critics": 2642, "Skullcrack": 2654, "Flare of Duplication": 1071, "Smash to Smithereens_SB": 2682, "Faerie Macabre_SB": 973, "Ensnaring Bridge_SB": 900, "Primeval Titan": 2204, "Arboreal Grazer": 98, "Dryad of the Ilysian Grove": 820, "Dryad Arbor": 817, "Amulet of Vigor": 59, "Summoner's Pact": 2837, "Green Sun's Zenith": 1289, "Explore": 948, "Scapeshift": 2506, "Boseiju, Who Endures": 306, "Crumbling Vestige": 611, "Lotus Field": 1767, "Gruul Turf": 1305, "Simic Growth Chamber": 2631, "Hanweir Battlements": 1329, "Echoing Deeps": 846, "Mirrorpool": 1886, "Shifting Woodland": 2595, "Otawara, Soaring City": 2068, "Urza's Saga": 3252, "Valakut, the Molten Pinnacle": 3257, "Vesuva": 3301, "Tolaria West": 3096, "Urza's Cave": 3249, "Bojuka Bog_SB": 284, "Defense Grid_SB": 688, "Endurance_SB": 884, "Force of Vigor_SB": 1096, "Dismember_SB": 744, "Tireless Tracker_SB": 3081, "Vampires' Vengeance_SB": 3281, "Collector Ouphe_SB": 533, "Indomitable Creativity": 1480, "Prismatic Ending": 2207, "Wrenn and Six": 3446, "Fable of the Mirror-Breaker": 962, "Blood Crypt": 255, "Sacred Foundry": 2465, "Xander's Lounge": 3451, "Jetmir's Garden": 1564, "Dwarven Mine": 834, "Flooded Strand": 1080, "Boseiju, Who Endures_SB": 307, "Toxic Deluge_SB": 3113, "Hurkyl's Recall_SB": 1456, "Damping Sphere_SB": 640, "Cling to Dust": 521, "Harbinger of the Seas": 1331, "Marsh Flats": 1831, "Murktide Regent": 1955, "Preordain": 2198, "Thought Scour": 3027, "Engineered Explosives_SB": 897, "Mystical Dispute_SB": 1963, "Spell Pierce_SB": 2727, "The Meathook Massacre_SB": 2980, "Orcish Bowmasters": 2058, "Ocelot Pride": 2033, "Godless Shrine": 1254, "Guide of Souls": 1310, "Seasoned Pyromancer": 2551, "Ajani, Nacatl Pariah": 42, "Phelia, Exuberant Shepherd": 2137, "Phlage, Titan of Fire's Fury": 2138, "Galvanic Discharge": 1150, "Goblin Bombardment": 1245, "Thraben Charm": 3034, "Orim's Chant_SB": 2059, "Wrath of the Skies_SB": 3442, "Thoughtseize_SB": 3031, "Showdown of the Skalds_SB": 2614, "Wear // Tear_SB": 3392, "Legion Loyalist": 1693, "Goblin Bushwhacker": 1246, "Devastating Summons": 725, "Reckless Bushwhacker": 2312, "Goblin Grenade": 1247, "Goblin Piledriver": 1251, "Mogg War Marshal": 1904, "Skirk Prospector": 2643, "Foundry Street Denizen": 1112, "Den of the Bugbear": 709, "Sokenzan, Crucible of Defiance": 2691, "Tormod's Crypt_SB": 3108, "Shattering Spree_SB": 2586, "Blood Moon_SB": 257, "Magus of the Moon_SB": 1799, "Reality Hemorrhage_SB": 2304, "Consider": 560, "Graveyard Trespasser": 1277, "Exquisite Firecraft_SB": 950, "Searing Blood_SB": 2540, "Tunnel Ignus_SB": 3145, "Ragavan, Nimble Pilferer": 2258, "Static Prison": 2783, "Showdown of the Skalds": 2613, "Windswept Heath": 3418, "Fear, Fire, Foes!_SB": 1014, "Drannith Magistrate_SB": 802, "Stony Silence_SB": 2810, "Vexing Bauble": 3307, "Hexdrinker_SB": 1404, "Colossal Skyturtle_SB": 542, "Generous Ent_SB": 1166, "Grist, the Hunger Tide_SB": 1299, "Chained to the Rocks": 465, "Chained to the Rocks_SB": 466, "Ragavan, Nimble Pilferer_SB": 2259, "Ziatora's Proving Ground": 3467, "Veil of Summer_SB": 3291, "Terastodon_SB": 2934, "Giant Growth_SB": 1196, "Talion, the Kindly Lord": 2902, "Slice from the Shadows": 2675, "Over the Edge_SB": 2077, "Poison Dart Frog_SB": 2179, "Come Back Wrong": 547, "Glassworks // Shattered Yard": 1223, "Beamtown Beatstick": 206, "Diamond Pick-Axe": 732, "Sunfire Torch": 2846, "Celestial Armor": 459, "Carrot Cake_SB": 424, "Edgewall Inn": 849, "Grievous Wound_SB": 1295, "Goliath Hatchery_SB": 1262, "Cathartic Parting_SB": 444, "Balmor, Battlemage Captain": 181, "Bria, Riptide Rogue": 347, "Freeze in Place": 1117, "Relic's Roar": 2345, "Run Away Together_SB": 2446, "Scalding Viper_SB": 2503, "Defabricate": 684, "Grand Abolisher": 1270, "Unnerving Grasp": 3215, "Hellspur Posse Boss_SB": 1383, "Halo Hopper": 1326, "Charge of the Mites_SB": 482, "Harrier Strix": 1342, "Snaremaster Sprite": 2688, "The Filigree Sylex": 2963, "Living Phone": 1736, "Hardened Escort": 1337, "Unsettling Twins": 3219, "Holy Cow": 1433, "Unsettling Twins_SB": 3220, "Raccoon Rallier_SB": 2251, "Feather of Flight_SB": 1017, "Rogue's Passage_SB": 2424, "Possessed Goat_SB": 2193, "The Jolly Balloon Man_SB": 2974, "Hammerhand_SB": 1328, "Heartfire Hero_SB": 1366, "Inti, Seneschal of the Sun_SB": 1508, "Pests of Honor": 2134, "Nettle Guard": 1979, "Three Blind Mice": 3043, "Dauntless Dismantler_SB": 646, "Phoenix Chick_SB": 2140, "Twinferno_SB": 3153, "Sure Strike_SB": 2855, "Gleaming Barrier": 1225, "Gleaming Barrier_SB": 1226, "Solemn Simulacrum_SB": 2693, "Keldon Flamesage": 1608, "Brambleguard Captain": 326, "Johann, Apprentice Sorcerer": 1571, "Kraum, Violent Cacophony": 1659, "Razzle-Dazzler": 2303, "Vesuvan Drifter": 3302, "Thopter Mechanic": 3021, "Nightwhorl Hermit": 1990, "Iron-Fist Pulverizer": 1542, "Pyrotechnic Performer": 2234, "Fear of Burning Alive": 999, "Molten Tributary": 1912, "Stop Cold": 2811, "Mishra's Command_SB": 1892, "Plan the Heist_SB": 2172, "Sleight of Hand_SB": 2674, "Kellan, Planar Trailblazer_SB": 1617, "Trick Shot_SB": 3136, "Violent Urge_SB": 3318, "Involuntary Cooldown_SB": 1539, "Out of Air_SB": 2069, "Heartfire Immolator": 1367, "Dwarven Forge-Chanter": 833, "Whiskerquill Scribe": 3400, "Sure Strike": 2854, "Ghitu Amplifier": 1184, "Furious Bellow": 1138, "Ancestors' Aid": 65, "Fynn, the Fangbearer_SB": 1144, "Make Your Move_SB": 1802, "Harbinger of the Tides": 1333, "Harbinger of the Tides_SB": 1334, "Bottomless Pool && Locker Room_SB": 311, "Cat Collector": 441, "Pile On_SB": 2160, "Growing Rites of Itlimoc": 1301, "Flowstone Infusion": 1091, "Jump Scare": 1576, "Niko, Light of Hope": 1992, "Tunnel Surveyor": 3146, "Stalked Researcher": 2771, "Fear of Isolation_SB": 1006, "Into the Roil": 1513, "Into the Roil_SB": 1514, "Ayara, Widow of the Realm": 168, "Throw from the Saddle": 3056, "Arachnoid Adaptation": 94, "Longstalk Brawl_SB": 1751, "Thrill of Possibility_SB": 3054, "Season of Gathering": 2543, "Warren Warleader": 3382, "Seasoned Warrenguard_SB": 2553, "Lionheart Glimmer_SB": 1730, "Horrid Vigor_SB": 1444, "Omnivorous Flytrap_SB": 2049, "Roc Hunter": 2418, "Feldon, Ronom Excavator": 1027, "Scalding Viper": 2502, "Trial of Agony_SB": 3133, "Adventuring Gear_SB": 20, "Vicious Clown_SB": 3313, "Fear of Being Hunted_SB": 998, "Rite of the Dragoncaller_SB": 2402, "Splash Portal_SB": 2751, "Ghostly Dancers": 1189, "Demonic Pact_SB": 706, "Valorous Stance": 3275, "Lodestone Needle": 1744, "Sawblade Skinripper_SB": 2497, "Zephyr Singer": 3463, "Cunning Coyote_SB": 624, "Bloodghast": 262, "Lunar Convocation_SB": 1776, "Bartolom\u00e9 del Presidio_SB": 197, "Valley Rotcaller_SB": 3272, "Debris Beetle": 671, "Wastewood Verge": 3385, "Vein Ripper_SB": 3293, "Ketramose, the New Dawn": 1621, "Bleachbone Verge": 248, "Intimidation Tactics": 1509, "Grim Bauble": 1297, "Momentum Breaker": 1918, "Spell Pierce": 2726, "Outpace Oblivion_SB": 2074, "Ride's End": 2388, "Molt Tender": 1906, "Draconautics Engineer": 780, "Loot, the Pathfinder": 1754, "Afterburner Expert": 28, "Dredger's Insight": 811, "Restless Spire_SB": 2378, "Oildeep Gearhulk_SB": 2036, "Oildeep Gearhulk": 2035, "Haunt the Network_SB": 1350, "Sunbillow Verge": 2841, "Eriette of the Charmed Apple": 908, "Surgical Suite // Hospital Room_SB": 2864, "Thousand Moons Smithy": 3032, "Transmutation Font": 3122, "Braided Net_SB": 320, "Willowrush Verge": 3412, "Defend the Rider": 686, "Hazoret, Godseeker": 1360, "Monument to Endurance": 1931, "Gleeful Demolition_SB": 1229, "Chandra, Spark Hunter_SB": 474, "Diversion Unit": 760, "Riptide Gearhulk": 2395, "Voyage Home": 3354, "Perilous Snare": 2127, "Esoteric Duplicator": 919, "Repurposing Bay": 2355, "Diversion Unit_SB": 761, "Aether Syphon_SB": 25, "Monument to Endurance_SB": 1932, "Riverchurn Monument": 2407, "Explosive Derailment_SB": 949, "Overlord of the Hauntwoods_SB": 2088, "Captain Howler, Sea Scourge": 413, "Marauding Mako": 1822, "Scrounging Skyray": 2532, "Riverpyre Verge": 2410, "Phyrexian Dragon Engine": 2145, "Gastal Thrillroller": 1160, "Mishra's Command": 1891, "Greasewrench Goblin": 1279, "Bounce Off": 315, "Bounce Off_SB": 316, "Optimistic Scavenger_SB": 2054, "Brightglass Gearhulk": 350, "Voyager Glidecar": 3355, "Chandra, Spark Hunter": 473, "Grim Bauble_SB": 1298, "Momentum Breaker_SB": 1919, "The Aetherspark": 2948, "Nesting Bot": 1977, "Howlsquad Heavy": 1447, "Count on Luck_SB": 594, "Mendicant Core, Guidelight": 1852, "Mu Yanling, Wind Rider": 1946, "Agonasaur Rex": 35, "Sandstalker Moloch_SB": 2477, "Intimidation Tactics_SB": 1510, "Transit Mage": 3121, "Overgrown Zealot": 2080, "Conduit of Worlds_SB": 555, "Lightwheel Enhancements": 1721, "Memory Guardian": 1851, "The Speed Demon_SB": 2998, "Lumbering Worldwagon": 1770, "Mindspring Merfolk": 1875, "Lifecraft Engine": 1713, "Caelorna, Coral Tyrant_SB": 394, "Overrun": 2093, "Burnout Bashtronaut": 383, "Gastal Thrillseeker": 1162, "The Speed Demon": 2997, "The Last Ride": 2977, "Amonkhet Raceway": 58, "Ancient Vendetta_SB": 70, "Demonic Junker": 703, "Nexus of Becoming": 1985, "Webstrike Elite_SB": 3396, "Gastal Thrillroller_SB": 1161, "Regal Imperiosaur": 2337, "Tyrox, Saurid Tyrant": 3167, "Tomik, Wielder of Law_SB": 3103, "Engine Rat": 895, "Teysa, Opulent Oligarch": 2945, "Gonti, Night Minister": 1263, "Muraganda Raceway": 1952, "Zephyr Singer_SB": 3464, "Ratadrabik of Urborg": 2288, "Gumdrop Poisoner": 1314, "Broadside Barrage": 361, "Boosted Sloop": 301, "Broadside Barrage_SB": 362, "Thopter Fabricator_SB": 3020, "Voyager Glidecar_SB": 3356, "Debris Beetle_SB": 672, "Fuel the Flames": 1129, "Skycrash": 2656, "Fuel the Flames_SB": 1130, "Dropkick Bomber": 814, "Quag Feast": 2238, "Gastal Raider_SB": 1159, "Invasion of Regatha_SB": 1531, "Ketramose, the New Dawn_SB": 1622, "Locust Spray": 1743, "The Skullspore Nexus": 2995, "Intrepid Paleontologist_SB": 1516, "Thunderous Velocipede": 3066, "Spectacular Pileup": 2719, "Coalstoke Gearhulk_SB": 525, "Bringer of the Last Gift": 355, "Terisian Mindbreaker": 2935, "Skitterbeam Battalion": 2645, "Heliod, the Radiant Dawn": 1378, "Twinblade Blessing": 3151, "Thalia and The Gitrog Monster_SB": 2947, "Ride's End_SB": 2389, "Zahur, Glory's Past": 3461, "Spectral Interference_SB": 2724, "Say Its Name_SB": 2499, "Stock Up": 2801, "Spectacular Pileup_SB": 2720, "Gas Guzzler": 1157, "Far Fortune, End Boss": 988, "Overrun_SB": 2094, "Wardens of the Cycle_SB": 3377, "Painful Quandary_SB": 2104, "Leaf-Crowned Visionary_SB": 1688, "Mossborn Hydra_SB": 1939, "Blast Zone_SB": 243, "Collision Course_SB": 539, "Sazacap's Brew": 2500, "Invasion of Mercadia": 1529, "Playful Shove": 2174, "Red Sun's Twilight_SB": 2324, "Coiling Rebirth_SB": 529, "Restless Anchorage_SB": 2366, "Webstrike Elite": 3395, "Defend the Rider_SB": 687, "Fearless Swashbuckler": 1015, "Unctus, Grand Metatect": 3185, "The Aetherspark_SB": 2949, "Melira, the Living Cure_SB": 1849, "Bloated Contaminator_SB": 254, "Mishra, Claimed by Gix": 1894, "Perilous Snare_SB": 2128, "Claim Jumper": 507, "Starscape Cleric_SB": 2779, "Flotsam // Jetsam_SB": 1086, "Soul of Windgrace": 2705, "Expel the Interlopers_SB": 943, "Visage of Dread": 3330, "Pit Automaton": 2165, "Visage of Dread_SB": 3331, "The Last Ride_SB": 2978, "Jodah, the Unifier_SB": 1569, "Basri, Tomorrow's Champion": 201, "Skyseer's Chariot_SB": 2663, "Unstable Glyphbridge_SB": 3222, "Ancient Vendetta": 69, "Full Throttle_SB": 1133, "Loot, the Key to Everything_SB": 1753, "Loot, the Pathfinder_SB": 1755, "Lassoed by the Law_SB": 1675, "Quag Feast_SB": 2239, "Third Path Iconoclast_SB": 3014, "Ashiok, Wicked Manipulator_SB": 135, "Rampaging Raptor": 2279, "Agonasaur Rex_SB": 36, "Dune Drifter": 822, "Essence Channeler_SB": 921, "Visage Bandit": 3329, "Waxen Shapethief": 3389, "Coalstoke Gearhulk": 524, "Lunar Insight": 1777, "Shoreline Looter": 2612, "Engine Rat_SB": 896, "Sword of Forge and Frontier_SB": 2879, "Become Brutes": 211, "Spring-Loaded Sawblades_SB": 2760, "Urza's Command_SB": 3250, "Dive Down": 758, "Caradora, Heart of Alacria": 417, "Veteran Beastrider": 3304, "Skyseer's Chariot": 2662, "Valor's Flagship": 3273, "The Elder Dragon War_SB": 2956, "Kellan, Inquisitive Prodigy_SB": 1615, "Veteran Survivor": 3305, "Twining Twins": 3155, "Threadbind Clique": 3041, "Boommobile_SB": 298, "Radiant Lotus_SB": 2255, "Boommobile": 297, "Forging the Anchor": 1103, "Radiant Lotus": 2254, "The Mightstone and Weakstone_SB": 2982, "Bloodthorn Flail": 270, "Flamewake Phoenix": 1069, "Cryptcaller Chariot_SB": 613, "Spiteful Hexmage_SB": 2749, "Riverchurn Monument_SB": 2408, "Riptide Gearhulk_SB": 2396, "Volley Veteran": 3348, "Redshift, Rocketeer Chief": 2328, "Thopter Fabricator": 3019, "Furnace Host Charger": 1139, "Clamorous Ironclad": 511, "Wishing Well": 3426, "Frolicking Familiar": 1122, "Alania, Divergent Storm": 48, "Resplendent Angel_SB": 2361, "Tinker's Tote": 3074, "Cephalopod Sentry": 463, "Haunt the Network": 1349, "Sorcerous Spyglass": 2699, "Demonic Junker_SB": 704, "Marketback Walker": 1829, "Sylvan Scavenging": 2885, "Sab-Sunen, Luxa Embodied": 2463, "Simian Simulacrum": 2630, "Marketback Walker_SB": 1830, "Reluctant Role Model": 2346, "Bulwark Ox": 376, "Reluctant Role Model_SB": 2347, "Boom Box": 295, "Possession Engine": 2194, "Conduit of Worlds": 554, "Broadcast Rambler": 360, "Broodheart Engine": 364, "Gargantuan Leech": 1152, "Captivating Cave": 416, "Promising Vein": 2216, "Hidden Courtyard": 1407, "Bat Colony": 202, "Calamitous Cave-In": 395, "Hidden Volcano": 1411, "Daretti, Rocketeer Engineer": 641, "Threefold Thunderhulk": 3051, "Tune Up": 3144, "Meteor Golem_SB": 1858, "Market Gnome_SB": 1828, "Leyline Binding_SB": 1703, "The Goose Mother": 2966, "Gastal Raider": 1158, "Oviya, Automech Artisan": 2100, "Mold Adder_SB": 1905, "Burnout Bashtronaut_SB": 384, "The Skullspore Nexus_SB": 2996, "Sovereign Okinec Ahau": 2717, "Gloryheath Lynx": 1238, "Stall Out": 2773, "Stall Out_SB": 2774, "The Raven Man": 2989, "The Raven Man_SB": 2990, "Halana and Alena, Partners_SB": 1320, "Valor's Flagship_SB": 3274, "Tocasia's Welcome_SB": 3095, "Cosmium Confluence": 591, "Festival of Embers": 1043, "Hidden Nursery": 1410, "Balustrade Wurm": 182, "Skycrash_SB": 2657, "Nexus of Becoming_SB": 1986, "Akal Pakal, First Among Equals_SB": 46, "Collector's Vault_SB": 537, "Thran Spider_SB": 3039, "Sab-Sunen, Luxa Embodied_SB": 2464, "Earthrumbler": 840, "Lavaspur Boots_SB": 1683, "Thunderous Velocipede_SB": 3067, "Chitin Gravestalker": 492, "Starving Revenant_SB": 2780, "Stock Up_SB": 2802, "Fear of Infinity_SB": 1004, "Ojer Pakpatiq, Deepest Epoch_SB": 2039, "Oko, the Ringleader": 2040, "Forensic Researcher": 1100, "Deepfathom Echo": 681, "Steamcore Scholar_SB": 2789, "Dredger's Insight_SB": 812, "Fauna Shaman_SB": 993, "Malcator, Purity Overseer": 1806, "Sunder the Gateway": 2842, "Phyrexian Missionary_SB": 2149, "Brave the Wilds": 332, "Baral and Kari Zev": 190, "Enigma Drake": 898, "Eroded Canyon": 910, "Trained Arynx": 3115, "Ornery Tumblewagg": 2060, "Giant Beaver": 1192, "Lagorin, Soul of Alacria": 1671, "Miriam, Herd Whisperer": 1880, "Congregation Gryff": 558, "Brightfield Glider": 349, "Run Over_SB": 2447, "Reject Imperfection_SB": 2341, "Vivisurgeon's Insight_SB": 3335, "Night Market": 1988, "Stockpiling Celebrant": 2804, "Carrion Locust_SB": 422, "Skullcap Snail_SB": 2653, "Stockpiling Celebrant_SB": 2805, "Haunted Mire": 1351, "Overwhelming Remorse_SB": 2096, "Akal Pakal, First Among Equals": 45, "Forensic Gadgeteer": 1098, "Deduce_SB": 676, "Wreck Remover_SB": 3443, "Armored Scrapgorger": 127, "Spinewoods Paladin": 2742, "Mocking Sprite": 1901, "Talion's Messenger": 2900, "Barrow Naughty": 195, "Faerie Slumber Party": 976, "Drag the Canal": 781, "Spellscorn Coven": 2733, "Etrata, Deadly Fugitive": 932, "Coerced to Kill": 527, "Unstoppable Plan_SB": 3223, "Shadow-Rite Priest": 2578, "Training Grounds": 3116, "Hoarding Broodlord": 1428, "Nahiri's Warcrafting_SB": 1965, "Oaken Siren": 2022, "Guidelight Optimizer": 1311, "Fountainport Bell": 1114, "Machine Over Matter_SB": 1788, "Crumb and Get It_SB": 610, "Flame Lash": 1065, "Exsanguinate_SB": 952, "Exsanguinate": 951, "Tranquil Cove_SB": 3118, "Syr Ginger, the Meal Ender_SB": 2889, "Legion Extruder_SB": 1692, "Hearth Elemental_SB": 1371, "Furnace Punisher_SB": 1140, "Krenko's Buzzcrusher": 1660, "Castle Locthwain": 440, "Clearwater Pathway": 518, "Field of Ruin": 1045, "Geier Reach Sanitarium": 1165, "Hall of Storm Giants": 1321, "Hive of the Eye Tyrant": 1427, "Narset, Parter of Veils": 1967, "Omen of the Sea": 2045, "Paradoxical Outcome": 2111, "Shipwreck Marsh": 2599, "Takenuma, Abandoned Mire": 2899, "The Meathook Massacre": 2979, "Urborg, Tomb of Yawgmoth": 3244, "Annul_SB": 86, "Ashiok, Dream Render_SB": 132, "Extinction Event_SB": 954, "Yorion, Sky Nomad_SB": 3457, "Unlicensed Hearse_SB": 3211, "Weathered Runestone_SB": 3394, "Aether Gust_SB": 24, "Ashiok, Nightmare Muse_SB": 133, "Reckless Rage": 2316, "Soul-Scar Mage": 2708, "Ramunap Ruins": 2282, "Cragcrown Pathway": 598, "Mutavault": 1959, "Redcap Melee_SB": 2325, "Blightstep Pathway": 252, "Bloodtithe Harvester": 271, "Blade of the Oni": 236, "Hidetsugu Consumes All_SB": 1413, "Invoke Despair_SB": 1538, "Kroxa, Titan of Death's Hunger": 1664, "Foreboding Ruins": 1097, "Invoke Despair": 1537, "Rakdos, Patron of Chaos": 2269, "Kolaghan's Command_SB": 1649, "Haunted Ridge": 1352, "Anger of the Gods_SB": 74, "Ledger Shredder": 1690, "Arclight Phoenix": 116, "Fiery Impulse": 1051, "Lightning Axe": 1715, "Treasure Cruise": 3128, "Riverglide Pathway": 2409, "Brazen Borrower_SB": 334, "Prismari Command_SB": 2206, "Bonecrusher Giant": 289, "Burning-Tree Emissary": 382, "Chandra, Torch of Defiance": 475, "Collision // Colossus": 538, "Gruul Spellbreaker": 1304, "Kami's Flare": 1591, "Kumano Faces Kakkazan": 1665, "Pelt Collector": 2125, "Voltaic Brawler": 3350, "Zhur-Taa Goblin": 3466, "Bonecrusher Giant_SB": 290, "Chandra, Torch of Defiance_SB": 476, "Cindervines_SB": 501, "Kami's Flare_SB": 1592, "Roiling Vortex_SB": 2427, "Cauldron Familiar": 446, "Claim the Firstborn": 509, "Deadly Dispute": 663, "Mayhem Devil": 1837, "Overgrown Tomb": 2079, "Witch's Oven": 3429, "Claim the Firstborn_SB": 510, "Ob Nixilis, the Adversary_SB": 2025, "Hallowed Fountain": 1323, "Indatha Triome": 1479, "Spara's Headquarters": 2718, "Zagoth Triome": 3460, "Mana Confluence": 1812, "Vanishing Verse": 3286, "Leyline of Sanctity_SB": 1707, "Barrier Breach_SB": 194, "Knockout Blow_SB": 1645, "Dawnwing Marshal": 650, "Sigarda's Aid": 2621, "Colossus Hammer": 543, "Raffine's Informant": 2256, "Sylvan Caryatid": 2884, "Eldritch Evolution": 857, "Soulflayer": 2710, "Collective Brutality_SB": 532, "Gifted Aetherborn_SB": 1197, "Bloodline Culling_SB": 266, "Deafening Silence_SB": 666, "Portable Hole_SB": 2189, "Grafdigger's Cage_SB": 1269, "Elvish Mystic": 876, "Nykthos, Shrine to Nyx": 2021, "Kiora, Behemoth Beckoner": 1627, "Cavalier of Thorns": 451, "Old-Growth Troll": 2042, "Lair of the Hydra": 1672, "Storm the Festival": 2812, "Ulvenwald Oddity": 3179, "Oath of Nissa": 2024, "Leyline of the Guildpact": 1709, "Emrakul, the Promised End_SB": 882, "Setessan Petitioner_SB": 2576, "Arasta of the Endless Web_SB": 97, "Stormcarved Coast": 2813, "Spikefield Hazard": 2739, "Izzet Charm": 1551, "Prismari Command": 2205, "Greasefang, Okiba Boss": 1278, "Parhelion II": 2112, "Shattered Sanctum": 2585, "Faithful Mending": 977, "Skysovereign, Consul Flagship": 2665, "Tainted Indulgence": 2893, "Collective Brutality": 531, "Raffine's Tower": 2257, "Stubborn Denial": 2831, "Dovin's Veto_SB": 778, "Silence_SB": 2623, "Fatal Push_SB": 991, "Vanishing Verse_SB": 3287, "Go Blank_SB": 1242, "Breeding Pool": 346, "Linvala, the Preserver": 1728, "Enigmatic Incarnation": 899, "Skyclave Apparition": 2655, "Savai Triome": 2491, "Thought Distortion_SB": 3026, "Archon of Emeria_SB": 115, "Ruric Thar, the Unbowed_SB": 2454, "Voldaren Epicure": 3345, "Ensoul Artifact": 901, "Darksteel Citadel": 645, "Shrapnel Blast": 2615, "Smuggler's Copter": 2683, "Rending Volley_SB": 2350, "Shadowspear_SB": 2579, "Voltage Surge_SB": 3349, "Hazoret the Fervent_SB": 1359, "Experimental Frenzy_SB": 946, "Claim // Fame": 506, "Infuriate": 1488, "Extinction Event": 953, "Fetid Pools": 1044, "Yorion, Sky Nomad": 3456, "Fear of Infinity": 1003, "Bishop of Wings": 227, "Righteous Valkyrie": 2391, "Resplendent Marshal": 2362, "Collected Company": 530, "Portable Hole": 2188, "Branchloft Pathway": 329, "Cave of the Frost Dragon": 452, "Overgrown Farmland": 2078, "Temple Garden": 2918, "Eiganjo, Seat of the Empire": 854, "Brutal Cathar_SB": 371, "Reidane, God of the Worthy_SB": 2338, "Archon of Absolution_SB": 113, "Shapers' Sanctuary_SB": 2581, "Brave the Elements_SB": 331, "Heroic Intervention_SB": 1401, "Dynamite Diver": 838, "Guidelight Synergist": 1312, "Kolodin, Triumph Caster": 1650, "Burner Rocket": 380, "Cloudspire Skycycle": 523, "Frenzied Goblin": 1118, "Count on Luck": 593, "Doubling Season_SB": 776, "Fanatical Firebrand_SB": 984, "Reckless Lackey_SB": 2315, "Howlsquad Heavy_SB": 1448, "Rundvelt Hordemaster_SB": 2449, "District Mascot": 754, "Shivan Devastator": 2600, "Zimone, Paradox Sculptor": 3468, "Tyvar, the Pummeler_SB": 3176, "Zopandrel, Hunger Dominus_SB": 3472, "Aurelia, the Warleader": 156, "Gilded Ghoda": 1200, "Laughing Jasper Flint_SB": 1680, "Rocky Roads": 2421, "Lumbering Worldwagon_SB": 1771, "Cosmic Rebirth_SB": 590, "Etched Familiar": 929, "Drake Hatcher_SB": 798, "Eddymurk Crab_SB": 848, "Mimeoplasm, Revered One": 1872, "Devouring Sugarmaw": 727, "Amalia Benavides Aguirre_SB": 55, "Elas il-Kor, Sadistic Pilgrim_SB": 856, "Fiendish Panda_SB": 1047, "Knight of Dawn's Light_SB": 1638, "Spin Out_SB": 2740, "Ravine Raider_SB": 2296, "Cindering Cutthroat_SB": 500, "Steampath Charger_SB": 2790, "Risky Shortcut_SB": 2399, "Spectral Interference": 2723, "Ruthless Negotiation_SB": 2462, "Map the Frontier": 1817, "No Witnesses_SB": 2004, "Radiant Grove": 2253, "Streetwise Negotiator_SB": 2825, "Winter, Cursed Rider": 3421, "Silken Strength": 2626, "Divine Resilience": 762, "Greenhouse // Rickety Gazebo": 1290, "Mirror Room // Fractured Realm": 1885, "Mondrak, Glory Dominus_SB": 1926, "Become Brutes_SB": 212, "Goblin Oriflamme": 1250, "Spyglass Siren_SB": 2763, "Realm-Scorcher Hellkite": 2305, "Sentinel of Lost Lore_SB": 2566, "Herd Migration_SB": 1396, "Kykar, Zephyr Awakener": 1670, "The Huntsman's Redemption_SB": 2969, "Lathril, Blade of the Elves_SB": 1678, "Gixian Infiltrator_SB": 1214, "Armored Armadillo_SB": 125, "Gloryheath Lynx_SB": 1239, "Threefold Thunderhulk_SB": 3052, "Cryptcaller Chariot": 612, "Case of the Locked Hothouse": 430, "Primeval Bounty": 2202, "Karn, Living Legacy_SB": 1595, "Steel Hellkite_SB": 2791, "Cursed Recording_SB": 628, "Thirsting Roots": 3015, "Gigantosaurus": 1198, "Llanowar Stalker": 1741, "Ghalta, Primal Hunger_SB": 1181, "Gigantosaurus_SB": 1199, "Disenchant": 739, "Captain Howler, Sea Scourge_SB": 414, "Mindsparker_SB": 1873, "Rangers' Refueler": 2283, "Meeting of Minds": 1846, "The Stasis Coffin": 2999, "The Everflowing Well": 2962, "Kellan Joins Up": 1611, "Ovika, Enigma Goliath_SB": 2099, "Quaketusk Boar": 2240, "Bestow Greatness_SB": 218, "Leaping Ambush": 1689, "Raucous Theater_SB": 2294, "Flowstone Infusion_SB": 1092, "Alesha, Who Laughs at Fate_SB": 50, "Progenitor Exarch": 2211, "Agatha of the Vile Cauldron": 32, "Detention Chariot": 724, "Push the Limit": 2230, "Gallant Strike": 1148, "Thundering Broodwagon": 3063, "Reckless Handling": 2313, "Stern Lesson": 2795, "Stormkeld Vanguard_SB": 2817, "Moonshaker Cavalry_SB": 1934, "Bramble Familiar_SB": 325, "Annie Joins Up_SB": 83, "Primal Might_SB": 2201, "Ancient Den": 68, "Boros Garrison": 304, "Experimental Synthesizer": 947, "Galvanic Blast": 1149, "Glint Hawk": 1232, "Great Furnace": 1281, "Journey to Nowhere": 1573, "Kor Skyfisher": 1654, "Lembas": 1696, "Makeshift Munitions": 1805, "Relic of Progenitus": 2343, "Rustvale Bridge": 2458, "Thraben Inspector": 3036, "Dust to Dust_SB": 830, "Electrickery_SB": 858, "Prismatic Strands_SB": 2208, "Pyroblast_SB": 2231, "Red Elemental Blast_SB": 2323, "Relic of Progenitus_SB": 2344, "Boomerang": 296, "Brainstorm": 323, "Cryptic Serpent": 616, "Deep Analysis": 678, "Delver of Secrets": 697, "Dragon Wings": 790, "L\u00f3rien Revealed": 1783, "Mental Note": 1853, "Murmuring Mystic": 1957, "Ponder": 2187, "Sleep of the Dead": 2670, "Snow-Covered Island": 2690, "Blue Elemental Blast_SB": 280, "Deem Inferior_SB": 677, "Dispel_SB": 745, "Hydroblast_SB": 1461, "Jace's Phantasm_SB": 1555, "Murmuring Mystic_SB": 1958, "Sleep of the Dead_SB": 2671, "Radiant Fountain": 2252, "Goldmire Bridge": 1256, "Bojuka Bog": 283, "Orzhov Basilica": 2061, "Sunlit Marsh": 2848, "Troll of Khazad-d\u00fbm": 3139, "Eagles of the North": 839, "Dawnbringer Cleric": 649, "Omen of the Dead": 2044, "Cast Down": 438, "Accursed Marauder": 12, "Refurbished Familiar": 2330, "Vault of Whispers": 3288, "Suffocating Fumes": 2834, "Campfire_SB": 404, "Arms of Hadar_SB": 129, "Unmake_SB": 3212, "Accursed Marauder_SB": 13, "Cast Down_SB": 439, "Beckon Apparition_SB": 210, "Thraben Charm_SB": 3035, "Thorn of the Black Rose_SB": 3022, "Arashin Cleric_SB": 96, "Lazav, Wearer of Faces_SB": 1686, "Harmless Offering_SB": 1340, "Return Triumphant": 2384, "Souls of the Lost_SB": 2713, "Slickshot Lockpicker_SB": 2677, "Flashfreeze": 1072, "Sunpearl Kirin": 2849, "Synchronized Charge": 2887, "Heritage Reclamation_SB": 1398, "Magmatic Hellkite_SB": 1796, "Interface Ace": 1506, "Surrak, Elusive Hunter": 2867, "Surrak, Elusive Hunter_SB": 2868, "Elspeth, Storm Slayer": 870, "Rally the Monastery": 2277, "Cori Mountain Monastery": 576, "Dispelling Exhale": 746, "Jeskai Revelation": 1562, "Marang River Regent": 1818, "Shiko, Paragon of the Way": 2596, "Herd Heirloom": 1393, "Cori-Steel Cutter": 577, "Jeskai Revelation_SB": 1563, "Voice of Victory_SB": 3339, "Tersa Lightshatter": 2942, "Elspeth, Storm Slayer_SB": 871, "United Battlefront": 3210, "Sandsteppe Citadel": 2478, "Skirmish Rhino": 2644, "Desperate Measures": 718, "Rot-Curse Rakshasa": 2432, "Sage of the Skies_SB": 2467, "Winternight Stories": 3422, "Auroral Procession": 157, "Opulent Palace": 2055, "Rakshasa's Bargain": 2272, "Mistrise Village": 1897, "Tersa Lightshatter_SB": 2943, "Glacial Dragonhunt": 1216, "Rediscover the Way": 2326, "Kishla Village": 1631, "Restless Vents_SB": 2380, "Gilded Lotus_SB": 1201, "Roiling Dragonstorm": 2425, "Magmatic Hellkite": 1795, "Sarkhan, Dragon Ascendant": 2488, "Pit of Offerings": 2166, "Static Snare_SB": 2785, "Kayla's Reconstruction_SB": 1605, "Unending Whisper": 3199, "Mystic Monastery": 1962, "Stormshriek Feral": 2818, "Stormshriek Feral_SB": 2819, "Wild Ride": 3406, "Cori-Steel Cutter_SB": 578, "Gulping Scraptrap": 1313, "Static Snare": 2784, "Tempest Hawk": 2917, "Frontline Rush": 1125, "Flamehold Grappler": 1068, "Cooped Up": 568, "Fresh Start_SB": 1120, "Two-Headed Hunter_SB": 3165, "Frostcliff Siege": 1127, "Duty Beyond Death_SB": 832, "Dalkovan Encampment": 637, "Frontier Bivouac": 1123, "Dragonologist": 796, "Scavenger Regent_SB": 2511, "Caustic Exhale": 449, "Disruptive Stormbrood": 748, "Scavenger Regent": 2508, "Qarsi Revenant_SB": 2237, "Temur Tawnyback": 2932, "Eshki Dragonclaw": 918, "Spinewoods Paladin_SB": 2743, "Awaken the Honored Dead": 163, "Bloomvine Regent": 275, "Scavenger Regent // Exude Toxin // Scavenger Regent": 2509, "Teval, Arbiter of Virtue": 2944, "Ugin, Eye of the Storms": 3177, "Caustic Exhale_SB": 450, "Fangkeeper's Familiar_SB": 987, "Bulwark Ox_SB": 377, "Ugin, Eye of the Storms_SB": 3178, "New Way Forward": 1983, "Mandible Justiciar": 1813, "Voidwing Hybrid": 3340, "Torpor Orb": 3109, "Mercurial Spelldancer": 1855, "Blightbelly Rat_SB": 251, "Devoted Duelist": 726, "Prowcatcher Specialist_SB": 2220, "Fortress Kin-Guard": 1108, "Salt Road Packbeast": 2473, "Inspiring Overseer_SB": 1503, "Salt Road Packbeast_SB": 2474, "Slumbering Keepguard": 2680, "The Princess Takes Flight": 2987, "Keldon Strike Team": 1609, "Sidisi, Regent of the Mire": 2619, "Gingerbrute_SB": 1204, "Undergrowth Leopard_SB": 3194, "Dragon Sniper": 787, "Nature's Rhythm": 1970, "Broken Wings_SB": 363, "Encroaching Dragonstorm": 883, "Drakuseth, Maw of Flames": 799, "Breaching Dragonstorm": 338, "Molten Exhale": 1910, "Molten Exhale_SB": 1911, "Kishla Skimmer": 1630, "Roar of Endless Song_SB": 2413, "Great Arashin City": 1280, "Maelstrom of the Spirit Dragon": 1791, "Songcrafter Mage": 2697, "Death Begets Life_SB": 667, "Qarsi Revenant": 2236, "Spectral Denial": 2721, "Overwhelming Surge_SB": 2098, "Corroding Dragonstorm": 581, "Clarion Conqueror_SB": 514, "Bleachbone Verge_SB": 249, "Voice of Victory": 3338, "Sage of the Skies": 2466, "Heritage Reclamation": 1397, "Helga, Skittish Seer": 1376, "Helga, Skittish Seer_SB": 1377, "Rakshasa's Bargain_SB": 2273, "Mistrise Village_SB": 1898, "Case of the Pilfered Proof": 432, "Coordinated Maneuver_SB": 571, "Craterhoof Behemoth": 600, "Winternight Stories_SB": 3423, "Descendant of Storms": 711, "Craterhoof Behemoth_SB": 601, "Severance Priest": 2577, "Yathan Roadwatcher": 3453, "Animist's Might": 77, "Marang River Regent_SB": 1819, "Stadium Headliner": 2769, "Scavenger Regent // Exude Toxin // Scavenger Regent_SB": 2510, "Don't Make a Sound_SB": 769, "Twists and Turns_SB": 3161, "Behind the Mask": 214, "Strategic Betrayal_SB": 2823, "Channeled Dragonfire": 479, "Seedglaive Mentor": 2557, "Sagu Wildling": 2468, "Dragonback Assault": 791, "Simulacrum Synthesizer_SB": 2634, "Ureni, the Song Unending": 3245, "Ringing Strike Mastery_SB": 2393, "Spectral Denial_SB": 2722, "Shiko, Paragon of the Way_SB": 2597, "Ureni, the Song Unending_SB": 3246, "Dispelling Exhale_SB": 747, "Twinmaw Stormbrood": 3156, "Fangkeeper's Familiar": 986, "Sinkhole Surveyor": 2636, "Muldrotha, the Gravetide_SB": 1951, "Fleeting Effigy": 1074, "Glacierwood Siege": 1218, "Disruptive Stormbrood_SB": 749, "Roiling Dragonstorm_SB": 2426, "Tinybones, Bauble Burglar_SB": 3078, "Dire Flail": 735, "Skullcap Snail": 2652, "Harried Spearguard": 1341, "Toxin Analysis_SB": 3114, "Rediscover the Way_SB": 2327, "Desperate Measures_SB": 719, "New Way Forward_SB": 1984, "Rotisserie Elemental_SB": 2433, "Dalkovan Packbeasts": 638, "Coordinated Maneuver": 570, "Mardu Devotee": 1824, "Warren Warleader_SB": 3383, "Toby, Beastie Befriender_SB": 3092, "Mardu Devotee_SB": 1825, "Resolute Reinforcements_SB": 2359, "Triumphant Chomp_SB": 3138, "Rampaging Raptor_SB": 2280, "Earthshaker Dreadmaw_SB": 842, "Temur Battlecrier": 2931, "Strategic Betrayal": 2822, "Dinotomaton": 734, "Dragon Whelp": 789, "Firespitter Whelp": 1064, "Mox Jasper": 1945, "Shivan Dragon": 2601, "Viashino Branchrider_SB": 3309, "Firebrand Archer_SB": 1060, "Twin Bolt_SB": 3150, "Rumbling Rockslide_SB": 2445, "Skyraker Giant_SB": 2661, "Breaching Dragonstorm_SB": 339, "Drakuseth, Maw of Flames_SB": 800, "Ticket Booth // Tunnel of Hate_SB": 3070, "All-Out Assault": 51, "Inevitable Defeat": 1481, "Neriv, Heart of the Storm": 1976, "Zurgo, Thunder's Decree": 3481, "Inevitable Defeat_SB": 1482, "Thunder of Unity_SB": 3062, "Windcrag Siege_SB": 3417, "Zurgo's Vanguard": 3480, "Duty Beyond Death": 831, "Kheru Goldkeeper": 1624, "Ambling Stormshell": 56, "Bedrock Tortoise": 213, "Ainok Wayfarer": 38, "Overwhelming Surge": 2097, "Stern Lesson_SB": 2796, "Rabid Bite": 2248, "Polliwallop": 2181, "Felothar, Dawn of the Abzan": 1038, "Channeled Dragonfire_SB": 480, "Corroding Dragonstorm_SB": 582, "Oracle of Tragedy_SB": 2057, "Mardu Siegebreaker": 1826, "Floriferous Vinewall": 1085, "Bovine Intervention_SB": 318, "Combat Courier": 544, "Itzquinth, Firstborn of Gishath_SB": 1547, "Intrepid Stablemaster": 1517, "Guardian Sunmare": 1306, "Treacherous Greed": 3127, "Twitching Doll_SB": 3163, "Under the Skin_SB": 3189, "Break the Spell": 343, "Skyserpent Seeker_SB": 2664, "Clarion Conquerer_SB": 512, "Commune with Nature": 551, "Coordinated Clobbering": 569, "Take the Fall_SB": 2898, "Serum Snare_SB": 2573, "Infectious Bite_SB": 1484, "Stasis Snare": 2781, "Tomb Trawler": 3101, "Mondrak, Glory Dominus": 1925, "Moment of Truth_SB": 1917, "Helping Hand_SB": 1386, "Adarkar Wastes_SB": 19, "Floodfarm Verge_SB": 1082, "Meticulous Archive_SB": 1860, "Seachrome Coast_SB": 2536, "Hurkyl, Master Wizard_SB": 1457, "Take Out the Trash_SB": 2895, "Runescale Stormbrood": 2451, "Lord Skitter's Blessing": 1760, "Ayli, Eternal Pilgrim_SB": 170, "Nullpriest of Oblivion_SB": 2018, "Stoic Sphinx": 2806, "Glarb, Calamity's Augur_SB": 1220, "Terror of the Peaks_SB": 2941, "Calamity, Galloping Inferno_SB": 398, "Kickoff Celebrations": 1625, "Clarion Conqueror // Clarion Conqueror_SB": 513, "Ghostly Dancers_SB": 1190, "Combat Thresher": 546, "Windcrag Siege": 3416, "Glacial Dragonhunt_SB": 1217, "Nomad Outpost": 2005, "Sonic Shrieker": 2698, "The Sibsig Ceremony": 2994, "Purging Stormbrood_SB": 2227, "Confounding Riddle_SB": 557, "Anafenza, Unyielding Lineage": 62, "Taurean Mauler": 2909, "Clay Champion": 516, "Nesting Bot_SB": 1978, "Restricted Office // Lecture Hall_SB": 2383, "Herd Heirloom_SB": 1394, "Dragonfire Blade": 792, "Monastery Messenger": 1922, "Fires of Victory_SB": 1063, "Bovine Intervention": 317, "Convenient Target_SB": 567, "Heliod, the Radiant Dawn_SB": 1379, "Watcher of the Wayside": 3386, "Twinmaw Stormbrood_SB": 3157, "Riling Dawnbreaker": 2392, "Awaken the Honored Dead_SB": 164, "Vampiric Rites_SB": 3283, "Fear of Lost Teeth_SB": 1008, "Bloodghast_SB": 263, "Vampire Gourmand_SB": 3278, "Shocking Sharpshooter": 2606, "Melek, Reforged Researcher": 1847, "Pyrrhic Blast": 2235, "Invasion of Ikoria": 1525, "Warden of the Grove": 3374, "Thunder of Unity": 3061, "Shock Brigade": 2604, "Frontline Rush_SB": 1126, "Dalkovan Packbeasts_SB": 639, "Descendant of Storms_SB": 712, "Worthy Cost_SB": 3441, "War Effort_SB": 3371, "Shocking Sharpshooter_SB": 2607, "Yarus, Roar of the Old Gods": 3452, "Sinkhole Surveyor_SB": 2637, "Branch of Vitu-Ghazi": 327, "Dragon Sniper_SB": 788, "Unyielding Gatekeeper_SB": 3233, "Osseous Exhale": 2063, "Frostcliff Siege_SB": 1128, "Unscrupulous Contractor": 3218, "Gearbane Orangutan_SB": 1164, "Servant of the Stinger_SB": 2575, "Blue Sun's Twilight": 281, "Deadly Riposte": 664, "Derelict Attic // Widow's Walk_SB": 710, "Spring Splasher": 2758, "Norn's Wellspring": 2009, "Case of the Uneaten Feast_SB": 437, "Reigning Victor": 2339, "Worthy Cost": 3440, "Bone-Cairn Butcher": 288, "Salt Road Skirmish": 2475, "Starry-Eyed Skyrider": 2777, "Dirgur Island Dragon": 737, "Aatchik, Emerald Radian": 0, "Rise of the Varmints": 2398, "Undergrowth Leopard": 3193, "Grasping Longneck_SB": 1276, "Watcher of the Wayside_SB": 3387, "Return Triumphant_SB": 2385, "Narset, Jeskai Waymaster": 1966, "Annihilating Glare_SB": 85, "Three Blind Mice_SB": 3044, "Lasyd Prowler": 1676}}