{"vocabulary": {"Bitter Triumph": 192, "Blast Zone": 200, "Candy Trail": 297, "Cling to Dust": 394, "Crucible of Worlds": 463, "Demolition Field": 534, "Extinction Event": 728, "Fatal Push": 754, "Field of Ruin": 778, "March of Wretched Sorrow": 1324, "Mazemind Tome": 1344, "Mirrex": 1369, "Sheoldred's Edict": 1887, "Swamp": 2095, "Fracture_SB": 827, "Kaheera, the Orphanguard_SB": 1103, "Path of Peril_SB": 1555, "Plains_SB": 1582, "Vanishing Verse_SB": 2358, "Abrupt Decay": 25, "Blazemire Verge": 202, "Blood Baron of Vizkopa": 210, "Breeding Pool": 258, "Bring to Light": 263, "Deafening Clarion": 509, "Fable of the Mirror-Breaker": 734, "Fabled Passage": 736, "Floodfarm Verge": 802, "Forest": 814, "Godless Shrine": 899, "Hallowed Fountain": 935, "Hushwood Verge": 1019, "Indatha Triome": 1036, "Island": 1074, "Jetmir's Garden": 1093, "Ketria Triome": 1145, "Knight of Autumn": 1158, "Kolaghan's Command": 1168, "Leyline Binding": 1217, "Lightning Helix": 1240, "Maelstrom Pulse": 1296, "Mountain": 1406, "Nahiri, the Harbinger": 1428, "Niv-Mizzet Reborn": 1462, "Niv-Mizzet, Supreme": 1465, "Omnath, Locus of Creation": 1506, "Overgrown Tomb": 1532, "Pillage the Bog": 1579, "Plains": 1581, "Raffine's Tower": 1636, "Raugrin Triome": 1659, "Sacred Foundry": 1783, "Savai Triome": 1801, "Spara's Headquarters": 1992, "Steam Vents": 2029, "Stomping Ground": 2040, "Sunfall": 2074, "Sylvan Caryatid": 2105, "Up the Beanstalk": 2329, "Valki, God of Lies": 2346, "Vanishing Verse": 2357, "Watery Grave": 2422, "Ziatora's Proving Ground": 2499, "Casualties of War_SB": 322, "Cleansing Nova_SB": 386, "Deafening Clarion_SB": 510, "Dovin's Veto_SB": 594, "Fatal Push_SB": 755, "Kambal, Consul of Allocation_SB": 1112, "Notion Thief_SB": 1473, "Yorion, Sky Nomad_SB": 2487, "The End_SB": 2167, "Unmoored Ego_SB": 2324, "Darkslick Shores": 496, "Fetid Pools": 777, "Floodpits Drowner": 803, "Gloomlake Verge": 887, "Kaito, Bane of Nightmares": 1106, "Mockingbird": 1381, "Moon-Circuit Hacker": 1399, "Mutavault": 1419, "Otawara, Soaring City": 1523, "Silvergill Adept": 1916, "Triton Shorestalker": 2273, "Unholy Annex // Ritual Chamber": 2314, "Vodalian Hexcatcher": 2384, "Anoint with Affliction_SB": 86, "Disdainful Stroke_SB": 570, "Extinction Event_SB": 729, "Spell Pierce_SB": 1998, "Thoughtseize_SB": 2205, "Tishana's Tidebinder_SB": 2227, "Unlicensed Hearse_SB": 2321, "Blackcleave Cliffs": 194, "Blade of the Oni": 197, "Blightstep Pathway": 206, "Blood Crypt": 212, "Bloodtithe Harvester": 220, "Duress": 633, "Fear of Missing Out": 762, "Go for the Throat": 893, "Sheoldred, the Apocalypse": 1889, "Sokenzan, Crucible of Defiance": 1969, "Takenuma, Abandoned Mire": 2111, "Thoughtseize": 2204, "Torch the Tower": 2242, "Urborg, Tomb of Yawgmoth": 2333, "Caustic Bronco_SB": 329, "Damping Sphere_SB": 488, "Grafdigger's Cage_SB": 908, "Hidetsugu Consumes All_SB": 984, "Invoke Despair_SB": 1068, "Callous Sell-Sword": 291, "Claim // Fame": 381, "Den of the Bugbear": 539, "Emberheart Challenger": 673, "Heartfire Hero": 958, "Infuriate": 1038, "Kumano Faces Kakkazan": 1184, "Manifold Mouse": 1313, "Monastery Swiftspear": 1392, "Monstrous Rage": 1395, "Ramunap Ruins": 1651, "Reckless Rage": 1674, "Slickshot Show-Off": 1949, "Sulfurous Springs": 2063, "Turn Inside Out": 2277, "Claim // Fame_SB": 382, "Heartless Act_SB": 961, "Ob Nixilis, the Adversary_SB": 1488, "Reckless Rage_SB": 1675, "Screaming Nemesis_SB": 1825, "Blossoming Defense": 222, "Boseiju, Who Endures": 245, "Burst Lightning": 278, "Copperline Gorge": 443, "Cragcrown Pathway": 454, "Innkeeper's Talent": 1041, "Karplusan Forest": 1117, "Questing Druid": 1626, "Scorching Shot": 1814, "Screaming Nemesis": 1824, "Case of the Crimson Pulse_SB": 311, "Kari Zev's Expertise_SB": 1114, "Magebane Lizard_SB": 1302, "Pawpatch Formation_SB": 1557, "Questing Druid_SB": 1627, "Scorching Shot_SB": 1815, "Torch the Tower_SB": 2243, "Urabrask's Forge_SB": 2331, "Claim the Firstborn_SB": 384, "Feed the Swarm_SB": 770, "Hazoret the Fervent_SB": 953, "Clearwater Pathway": 389, "Faerie Mastermind": 745, "Hall of Storm Giants": 934, "Hive of the Eye Tyrant": 993, "Inscription of Ruin": 1046, "Jace Reawakened": 1078, "Shipwreck Marsh": 1894, "Tinybones, the Pickpocket": 2223, "Underground River": 2308, "Ashiok, Dream Render_SB": 111, "Cut Down_SB": 486, "Negate_SB": 1443, "Weathered Runestone_SB": 2427, "Withering Torment_SB": 2459, "Aloe Alchemist": 62, "Atarka's Command": 122, "Burning-Tree Emissary": 276, "Cunning Coyote": 479, "Play with Fire": 1584, "Reckless Bushwhacker": 1670, "Thornspire Verge": 2200, "Destructive Revelry_SB": 553, "Redcap Melee_SB": 1684, "Rending Volley_SB": 1701, "Shapers' Sanctuary_SB": 1872, "Cavalier of Thorns": 335, "Elvish Mystic": 670, "Invasion of Ixalan": 1063, "Kiora, Behemoth Beckoner": 1148, "Lair of the Hydra": 1192, "Llanowar Elves": 1265, "Nykthos, Shrine to Nyx": 1482, "Oath of Nissa": 1486, "Old-Growth Troll": 1498, "Outcaster Trailblazer": 1527, "Storm the Festival": 2043, "Ulvenwald Oddity": 2297, "Wolfwillow Haven": 2466, "Cityscape Leveler_SB": 380, "Monstrous Emergence_SB": 1394, "Pithing Needle_SB": 1580, "The Mightstone and Weakstone_SB": 2175, "Tranquil Frillback_SB": 2256, "Wicked Wolf_SB": 2442, "Haunted Ridge": 947, "Anger of the Gods_SB": 78, "Go Blank_SB": 891, "Liliana of the Veil_SB": 1248, "Anointed Peacekeeper": 87, "Archon of Emeria": 104, "Aven Interrupter": 134, "Branchloft Pathway": 250, "Brushland": 269, "Collected Company": 404, "Dromoka's Command": 625, "Enduring Innocence": 689, "Kappa Tech-Wrecker": 1113, "Kellan, Daring Traveler": 1135, "Razorverge Thicket": 1666, "Shefet Dunes": 1883, "Skyclave Apparition": 1936, "Smuggler's Copter": 1955, "Temple Garden": 2129, "Welcoming Vampire": 2434, "Werefox Bodyguard": 2436, "Anointed Peacekeeper_SB": 88, "Beza, the Bounding Spring_SB": 181, "Containment Priest_SB": 440, "Dromoka's Command_SB": 626, "Eldrazi Displacer_SB": 653, "Portable Hole_SB": 1594, "Rest in Peace_SB": 1711, "The Wandering Emperor_SB": 2188, "Werefox Bodyguard_SB": 2437, "Adarkar Wastes": 36, "Brazen Borrower": 255, "Enduring Curiosity": 687, "Hengegate Pathway": 972, "Invasion of Gobakhan": 1061, "Mausoleum Wanderer": 1341, "No More Lies": 1467, "Rattlechains": 1655, "Seachrome Coast": 1828, "Sheltered by Ghosts": 1885, "Spell Pierce": 1997, "Spell Queller": 1999, "Supreme Phantom": 2085, "The Wandering Emperor": 2187, "Enduring Innocence_SB": 690, "Sheltered by Ghosts_SB": 1886, "Split Up_SB": 2014, "Wedding Announcement_SB": 2432, "Eiganjo, Seat of the Empire": 647, "Thalia, Guardian of Thraben": 2151, "Voice of Resurgence": 2385, "Brutal Cathar_SB": 271, "Elite Spellbinder_SB": 662, "Gideon, Ally of Zendikar_SB": 867, "Guardian of Faith_SB": 926, "Withering Torment": 2458, "Blot Out_SB": 227, "Duress_SB": 634, "Castle Locthwain": 320, "Deadly Cover-Up": 505, "Fear of Isolation": 761, "Get Out": 853, "Hopeless Nightmare": 1002, "Narset, Parter of Veils": 1433, "Nowhere to Run": 1475, "Stormchaser's Talent": 2046, "The Meathook Massacre": 2172, "This Town Ain't Big Enough": 2198, "Thundertrap Trainer": 2220, "Tinybones Joins Up": 2222, "Tithing Blade": 2232, "Chrome Host Seedshark_SB": 376, "Ghost Vacuum_SB": 858, "Sheoldred, the Apocalypse_SB": 1890, "Atraxa, Grand Unifier": 124, "Cavern of Souls": 337, "Enigmatic Incarnation": 693, "Kutzil's Flanker": 1189, "Linvala, the Preserver": 1258, "Overlord of the Boilerbilges": 1535, "Overlord of the Floodpits": 1536, "Overlord of the Hauntwoods": 1537, "Overlord of the Mistmoors": 1538, "Ruric Thar, the Unbowed": 1776, "Zagoth Triome": 2493, "Zur, Eternal Schemer": 2505, "Knockout Blow_SB": 1166, "Hired Claw": 991, "Rockface Village": 1750, "Snakeskin Veil": 1959, "Pick Your Poison_SB": 1577, "Pyroclasm_SB": 1619, "The Stone Brain_SB": 2186, "Beanstalk Giant": 170, "Greater Tanuki": 915, "Lush Portico": 1290, "Quintorius Kand": 1631, "Release to the Wind": 1696, "Spark Double": 1993, "Spinewoods Armadillo": 2005, "Trumpeting Carnosaur": 2275, "Virtue of Persistence": 2375, "Consign // Oblivion_SB": 435, "Dragonlord Dromoka_SB": 600, "Gyruda, Doom of Depths_SB": 932, "Horned Loch-Whale_SB": 1005, "Keruga, the Macrosage_SB": 1142, "Roaring Furnace // Steaming Sauna_SB": 1746, "Swamp_SB": 2096, "Thought Distortion_SB": 2201, "Destiny Spinner": 549, "Glasspool Mimic": 878, "Izoni, Center of the Web": 1076, "Moon-Blessed Cleric": 1398, "Noxious Gearhulk": 1477, "Overlord of the Balemurk": 1533, "Yorion, Sky Nomad": 2486, "Cavern of Souls_SB": 338, "Destiny Spinner_SB": 550, "Glarb, Calamity's Augur_SB": 876, "High Noon_SB": 988, "Mystical Dispute_SB": 1425, "Sin Collector_SB": 1920, "Agatha's Soul Cauldron": 52, "Blooming Marsh": 221, "Cache Grab": 284, "Cult Conscript": 478, "Darkbore Pathway": 495, "Deathrite Shaman": 516, "Forsaken Miner": 817, "Haywire Mite": 949, "Insidious Roots": 1049, "Llanowar Wastes": 1267, "Priest of Forgotten Gods": 1602, "Rubblebelt Maverick": 1766, "Stitcher's Supplier": 2037, "Tyvar, Jubilant Brawler": 2288, "Cling to Dust_SB": 395, "Glistening Deluge_SB": 886, "Haywire Mite_SB": 950, "Built to Smash": 273, "Cacophony Scamp": 285, "Soul-Scar Mage": 1985, "Thud": 2215, "Titan's Strength": 2230, "Wayward Guide-Beast": 2423, "Dreadmaw's Ire_SB": 614, "End the Festivities_SB": 685, "Light Up the Stage_SB": 1235, "Obosh, the Preypiercer_SB": 1491, "Voldaren Thrillseeker_SB": 2397, "Undercity Sewers": 2306, "Leyline of the Void_SB": 1227, "Anoint with Affliction": 85, "Abrade_SB": 24, "Slickshot Show-Off_SB": 1950, "Ancient Cornucopia": 74, "Beza, the Bounding Spring": 180, "Culling Ritual": 476, "Dovin's Veto": 593, "Unmoored Ego": 2323, "Might of the Meek": 1364, "Split Up": 2013, "Obstinate Baloth_SB": 1493, "Change the Equation": 366, "Deserted Beach": 546, "Farewell": 752, "Get Lost": 851, "March of Otherworldly Light": 1320, "Memory Deluge": 1349, "Meticulous Archive": 1362, "Portable Hole": 1593, "Restless Anchorage": 1712, "Supreme Verdict": 2086, "Teferi, Hero of Dominaria": 2126, "Elspeth's Smite_SB": 665, "Hullbreaker Horror_SB": 1015, "Leyline of Sanctity_SB": 1223, "Narset's Reversal_SB": 1432, "Abyssal Harvester": 30, "Reckoner Bankbuster_SB": 1678, "Tail Swipe_SB": 2109, "Battlefield Forge": 168, "Concealed Courtyard": 425, "Elegant Parlor": 655, "Greasefang, Okiba Boss": 912, "Kroxa, Titan of Death's Hunger": 1182, "Parhelion II": 1549, "Skysovereign, Consul Flagship": 1942, "Deafening Silence_SB": 512, "Chandra's Defeat_SB": 357, "Mutavault_SB": 1420, "Abhorrent Oculus": 21, "Botanical Sanctum": 247, "Grisly Salvage": 920, "Mana Confluence": 1312, "Neoform": 1444, "Oracle of Tragedy": 1516, "Otherworldly Gaze": 1524, "Samut, Voice of Dissent": 1791, "Sire of Seven Deaths": 1925, "Soulflayer": 1987, "Striped Riverwinder": 2057, "Stubborn Denial": 2059, "Urborg Scavengers": 2332, "Zetalpa, Primal Dawn": 2498, "Collective Brutality_SB": 407, "Culling Ritual_SB": 477, "Cast Out": 316, "Day of Judgment": 501, "Lay Down Arms": 1202, "Sunken Citadel": 2076, "Blast Zone_SB": 201, "Cleansing Wildfire_SB": 388, "Vanish into Eternity_SB": 2356, "Angel of Serenity": 76, "Archon of Emeria_SB": 105, "Bishop of Wings": 188, "Emeria's Call": 677, "Giada, Font of Hope": 862, "Kayla's Reconstruction": 1128, "Resplendent Angel": 1710, "Righteous Valkyrie": 1729, "Aven Interrupter_SB": 135, "Elesh Norn, Mother of Machines_SB": 659, "Get Lost_SB": 852, "Knight of Autumn_SB": 1159, "Reidane, God of the Worthy_SB": 1695, "Faerie Miscreant": 746, "Spyglass Siren": 2018, "Enduring Curiosity_SB": 688, "Mukotai Ambusher_SB": 1413, "Sunpetal Grove": 2079, "Ruric Thar, the Unbowed_SB": 1777, "Go for the Throat_SB": 894, "Arclight Phoenix": 106, "Artist's Talent": 108, "Consider": 433, "Fiery Impulse": 782, "Galvanic Iteration": 841, "Into the Flood Maw": 1056, "Lightning Axe": 1238, "Opt": 1513, "Picklock Prankster": 1578, "Proft's Eidetic Memory": 1606, "Riverglide Pathway": 1741, "Sleight of Hand": 1948, "Spikefield Hazard": 2004, "Spirebluff Canal": 2008, "Stormcarved Coast": 2044, "Temporal Trespass": 2138, "Treasure Cruise": 2264, "Aether Gust_SB": 44, "Annul_SB": 84, "Brazen Borrower_SB": 256, "Brotherhood's End_SB": 268, "Prismari Command_SB": 1604, "Third Path Iconoclast_SB": 2196, "Archfiend of the Dross": 100, "Unstoppable Slasher": 2325, "Clever Impersonator": 390, "Gyruda, Doom of Depths": 931, "Change the Equation_SB": 367, "Bandit's Talent": 149, "Geier Reach Sanitarium": 848, "Liliana of the Veil": 1247, "Waste Not": 2417, "Narset, Parter of Veils_SB": 1434, "Invasion of Gobakhan_SB": 1062, "Beacon Bolt_SB": 169, "Proft's Eidetic Memory_SB": 1607, "Thing in the Ice_SB": 2195, "Fountainport": 825, "Transmogrify": 2257, "Tribute to Horobi": 2271, "Volcanic Spite": 2393, "Virtue of Persistence_SB": 2376, "Void Winnower_SB": 2392, "Zirda, the Dawnwaker_SB": 2501, "Eidolon of Rhetoric_SB": 644, "Remorseful Cleric_SB": 1700, "Selfless Spirit_SB": 1848, "Cauldron Familiar": 327, "Claim the Firstborn": 383, "Deadly Dispute": 507, "Legion Extruder": 1210, "Mayhem Devil": 1343, "Scavenger's Talent": 1809, "Witch's Oven": 2452, "Ygra, Eater of All": 2484, "Kolaghan's Command_SB": 1169, "Hunter's Talent": 1016, "Polukranos Reborn": 1588, "Rhonas the Indomitable": 1726, "Spinner of Souls": 2006, "Arasta of the Endless Web_SB": 94, "Emrakul, the Promised End_SB": 681, "Scrapshooter_SB": 1822, "Deduce": 523, "Dig Through Time": 562, "Flip the Switch": 801, "Indomitable Creativity": 1037, "Negate": 1442, "Phantom Interference": 1568, "Prismari Command": 1603, "Shark Typhoon": 1875, "Shivan Reef": 1895, "Valgavoth, Terror Eater": 2344, "Vaultborn Tyrant": 2360, "Boltwave": 231, "Light Up the Stage": 1234, "Skewer the Critics": 1928, "Vengeful Possession": 2366, "Wild Slash": 2444, "Hidetsugu's Second Rite_SB": 986, "Sunspine Lynx_SB": 2084, "Unchained Berserker_SB": 2302, "Elenda, Saint of Dusk": 656, "Hostage Taker": 1008, "Xander's Lounge": 2475, "Klothys, God of Destiny_SB": 1157, "Invoke Despair": 1067, "Torpor Orb_SB": 2246, "Leyline of the Guildpact": 1226, "Hunter's Talent_SB": 1017, "Setessan Petitioner_SB": 1856, "Lifebane Zombie_SB": 1232, "Syr Ginger, the Meal Ender": 2108, "Molten Collapse_SB": 1385, "The Meathook Massacre_SB": 2173, "Augur of Bolas": 130, "Barkchannel Pathway": 157, "Bushwhack": 280, "Essence Flux": 708, "Fading Hope": 740, "Fallaji Archaeologist": 748, "Satyr Wayfinder": 1799, "Traverse the Ulvenwald": 2261, "Tyvar's Stand": 2286, "Into the Flood Maw_SB": 1057, "Natural State_SB": 1436, "Test of Talents_SB": 2147, "Unable to Scream_SB": 2301, "Castle Ardenvale": 317, "Legion's Landing": 1215, "Nurturing Pixie": 1481, "Oath of Kaya": 1485, "Optimistic Scavenger": 1514, "Adeline, Resplendent Cathar": 37, "Coppercoat Vanguard": 442, "Dauntless Bodyguard": 498, "Declaration in Stone": 521, "Extraction Specialist": 731, "Fortified Beachhead": 819, "Hopeful Initiate": 1000, "Recruitment Officer": 1682, "Reflector Mage": 1688, "Thalia's Lieutenant": 2150, "Extraction Specialist_SB": 732, "Reflector Mage_SB": 1689, "Farewell_SB": 753, "Chandra, Dressed to Kill_SB": 361, "Collective Brutality": 406, "Drown in the Loch": 627, "Jwari Disruption": 1101, "Omen of the Sea": 1503, "Trial of Ambition": 2270, "Kaito, Bane of Nightmares_SB": 1107, "Lion Sash": 1260, "Loran of the Third Path": 1274, "Bond of Insight": 234, "Expedition Map": 718, "Hidden Strings": 982, "Lier, Disciple of the Drowned": 1230, "Lightning Strike": 1242, "Lotus Field": 1282, "Pore Over the Pages": 1590, "Thespian's Stage": 2193, "Valakut Awakening": 2340, "Vizier of Tumbling Sands": 2383, "Fiery Impulse_SB": 783, "Niv-Mizzet, Parun_SB": 1464, "Bitter Triumph_SB": 193, "Pawpatch Recruit": 1558, "Declaration in Stone_SB": 522, "Censor": 348, "Ertai Resurrected": 700, "Three Steps Ahead": 2210, "Torrential Gearhulk": 2247, "Get Out_SB": 854, "Jace, Vryn's Prodigy_SB": 1082, "Kalitas, Traitor of Ghet_SB": 1111, "Long Goodbye_SB": 1271, "Bonecrusher Giant": 236, "Chained to the Rocks": 350, "Inspiring Vantage": 1051, "Needleverge Pathway": 1441, "Pia Nalaar, Consul of Revival": 1576, "Reckless Impulse": 1672, "Showdown of the Skalds": 1901, "Wrenn's Resolve": 2474, "Rampaging Ferocidon_SB": 1649, "Showdown of the Skalds_SB": 1902, "Drowned Catacomb": 628, "Elesh Norn, Mother of Machines": 658, "Woodland Cemetery": 2468, "Barrier Breach_SB": 159, "Sunfall_SB": 2075, "Deadly Cover-Up_SB": 506, "Krenko's Buzzcrusher": 1178, "Preacher of the Schism_SB": 1601, "Twisted Fealty_SB": 2283, "Yasharn, Implacable Earth_SB": 2481, "Brightclimb Pathway": 259, "Malcolm, Alluring Scoundrel": 1311, "Cut Down": 485, "Extract the Truth_SB": 730, "Ghitu Lavarunner": 856, "Wizard's Lightning": 2462, "Witchstalker Frenzy_SB": 2454, "Bloodsoaked Champion": 218, "Osteomancer Adept": 1522, "Scavenging Ooze": 1811, "Scrapheap Scrounger": 1820, "Snarling Gorehound": 1961, "Squirming Emergence": 2019, "Underground Mortuary": 2307, "Knight of Dusk's Shadow_SB": 1160, "Restless Prairie": 1715, "Youthful Valkyrie": 2489, "Authority of the Consuls_SB": 133, "Crystal Barricade_SB": 474, "Kytheon, Hero of Akros": 1191, "Containment Priest": 439, "Brutal Cathar": 270, "Brave the Elements": 253, "Fateful Absence_SB": 757, "Trostani, Three Whispers": 2274, "Voice of Resurgence_SB": 2386, "Bassara Tower Archer": 164, "Cloudsteel Kirin": 401, "Colossus Hammer": 417, "Fervent Champion": 775, "Gladecover Scout": 875, "Kellan, the Fae-Blooded": 1137, "Leyline Axe": 1216, "Lizard Blades": 1264, "Shadowspear": 1865, "Sigarda's Aid": 1906, "Thran Power Suit": 2208, "Chained to the Rocks_SB": 351, "Lightning Helix_SB": 1241, "Strict Proctor_SB": 2056, "Soulstone Sanctuary": 1991, "Molten Collapse": 1384, "Sheoldred's Edict_SB": 1888, "Viashino Pyromancer": 2368, "Searing Blood": 1833, "Chandra, Torch of Defiance_SB": 365, "Bomat Courier_SB": 233, "Bonecrusher Giant_SB": 237, "Magma Spray_SB": 1306, "Searing Blood_SB": 1834, "Lightning Strike_SB": 1243, "Bloodletter of Aclazotz": 217, "Ral, Crackling Wit_SB": 1645, "Thassa's Oracle_SB": 2156, "Young Pyromancer_SB": 2488, "Aven Mindcensor_SB": 136, "Kutzil's Flanker_SB": 1190, "Kaito Shizuki": 1104, "Aclazotz, Deepest Betrayal_SB": 33, "Three Steps Ahead_SB": 2211, "Hollow One": 995, "Inti, Seneschal of the Sun": 1053, "Restless Vents": 1718, "Fiery Temper": 784, "Voldaren Epicure": 2395, "Stalactite Stalker": 2024, "Harvester of Misery_SB": 945, "Hostile Investigator_SB": 1011, "Lamplight Phoenix_SB": 1193, "Lithomantic Barrage_SB": 1262, "Roiling Vortex_SB": 1755, "Boros Charm": 242, "Fugitive Codebreaker_SB": 837, "Razorkin Needlehead_SB": 1665, "Camellia, the Seedmiser": 293, "Deathcap Glade": 513, "Gilded Goose": 870, "Trail of Crumbs": 2252, "Vinereap Mentor": 2371, "Vraska, Golgari Queen": 2406, "Abrupt Decay_SB": 26, "Assassin's Trophy_SB": 119, "Voldaren Thrillseeker": 2396, "Tree of Perdition": 2268, "Raucous Theater": 1658, "Absorb": 28, "Castle Vantress": 321, "Elspeth's Smite": 664, "Glacial Fortress": 874, "Irrigated Farmland": 1071, "Temporary Lockdown": 2139, "Destroy Evil_SB": 552, "Brave the Elements_SB": 254, "Protect the Negotiators_SB": 1614, "Sunset Revelry_SB": 2082, "Thirst for Meaning": 2197, "Entity Tracker_SB": 697, "Treacherous Blessing": 2262, "Skyclave Apparition_SB": 1937, "Restless Reef": 1716, "Back to Nature_SB": 143, "Slaughter Games": 1945, "Biting-Palm Ninja": 189, "Dokuchi Silencer": 583, "Ornithopter": 1518, "Satoru, the Infiltrator": 1798, "Silver-Fur Master": 1913, "Thousand-Faced Shadow": 2206, "Kaito Shizuki_SB": 1105, "Case of the Stashed Skeleton": 314, "Rakdos Joins Up": 1640, "Massacre Wurm_SB": 1338, "Discontinuity": 567, "Dream Trawler": 615, "Impulse": 1033, "Settle the Wreckage": 1858, "Strict Proctor": 2055, "Chandra, Awakened Inferno_SB": 359, "Dream Trawler_SB": 616, "Reckoner Bankbuster": 1677, "Kroxa, Titan of Death's Hunger_SB": 1183, "Skysovereign, Consul Flagship_SB": 1943, "Helping Hand": 971, "Thalia, Guardian of Thraben_SB": 2152, "Goblin Chainwhirler_SB": 896, "Pawpatch Recruit_SB": 1559, "Assimilation Aegis": 120, "Brass Knuckles": 251, "Fabrication Foundry": 737, "Ingenious Smith": 1040, "Inventors' Fair": 1065, "Metalwork Colossus": 1360, "Moonsnare Prototype": 1401, "Sanctum of Ugin": 1792, "Simulacrum Synthesizer": 1919, "The Irencrag": 2171, "Metallic Rebuke_SB": 1359, "Mystic Forge_SB": 1421, "Colossal Skyturtle_SB": 415, "Takenuma, Abandoned Mire_SB": 2112, "Demilich": 532, "Stern Dismissal": 2032, "Jace, Wielder of Mysteries_SB": 1083, "Magda, Brazen Outlaw": 1300, "Holy Cow": 996, "Lyra Dawnbringer_SB": 1292, "Enduring Vitality": 692, "Soul Transfer": 1981, "High Noon": 987, "Horned Loch-Whale": 1004, "Soul Partition": 1979, "Sphinx's Revelation": 2002, "Tale's End": 2113, "Supreme Verdict_SB": 2087, "Temporary Lockdown_SB": 2140, "Urza's Sylex_SB": 2339, "Cryptic Coat": 471, "Darksteel Citadel": 497, "Ensoul Artifact": 694, "Shrapnel Blast": 1903, "Burst Lightning_SB": 279, "Shadowspear_SB": 1866, "Voltage Surge_SB": 2400, "Entity Tracker": 696, "Omen of the Dead": 1501, "Herd Migration": 977, "Snow-Covered Forest": 1962, "Tyvar, the Pummeler": 2289, "Kayla's Reconstruction_SB": 1129, "Sentinel of the Nameless City_SB": 1850, "Welcoming Vampire_SB": 2435, "Heartless Act": 960, "Deflecting Palm_SB": 530, "Cathartic Pyre": 325, "Silundi Vision": 1912, "Wish": 2451, "Filter Out_SB": 786, "Lier, Disciple of the Drowned_SB": 1231, "Prosperous Thief": 1612, "Rottenmouth Viper": 1760, "Misery's Shadow_SB": 1374, "Rottenmouth Viper_SB": 1761, "Fiend Artisan": 780, "Werewolf Pack Leader": 2438, "Outland Liberator_SB": 1528, "Prowling Serpopard_SB": 1615, "Kazandu Mammoth": 1130, "Sharp-Eyed Rookie": 1877, "Keen-Eyed Curator_SB": 1133, "Genesis Wave": 850, "Hostile Hostel": 1009, "Ill-Timed Explosion": 1024, "Magma Opus": 1305, "Thundering Falls": 2219, "Alpine Moon_SB": 64, "Atraxa, Grand Unifier_SB": 125, "Ral, Izzet Viceroy_SB": 1646, "Valgavoth, Terror Eater_SB": 2345, "Confounding Riddle": 430, "Sublime Epiphany": 2061, "Shark Typhoon_SB": 1876, "Ayara's Oathsworn": 140, "Experimental Augury": 721, "Commit // Memory": 421, "Feed the Swarm": 769, "Jace, Vryn's Prodigy": 1081, "Mission Briefing": 1376, "Sorin the Mirthless": 1976, "Vein Ripper": 2362, "Veteran Survivor": 2367, "Loran of the Third Path_SB": 1275, "Treacherous Blessing_SB": 2263, "Eidolon of the Great Revel": 645, "Skullcrack_SB": 1935, "Shardmage's Rescue": 1873, "Knight of Grace_SB": 1162, "Curious Obsession": 481, "Geistlight Snare": 849, "Spectral Sailor": 1996, "Settle the Wreckage_SB": 1859, "Can't Stay Away": 295, "Eldritch Evolution": 654, "Esika's Chariot": 704, "Glissa Sunslayer": 884, "Raffine's Informant": 1635, "Witherbloom Command": 2456, "Graveyard Trespasser_SB": 911, "Kalitas, Traitor of Ghet": 1110, "Ledger Shredder_SB": 1207, "Tranquil Frillback": 2255, "Council of the Absolute_SB": 449, "Spirit of the Labyrinth_SB": 2009, "Suncleanser_SB": 2070, "Dawnbringer Cleric_SB": 500, "Adventurous Impulse": 40, "Monastery Mentor_SB": 1391, "Soul Partition_SB": 1980, "Arboreal Grazer": 95, "Archdruid's Charm": 99, "Bala Ged Recovery": 145, "Dark Petition": 492, "Emergent Ultimatum": 675, "Fae of Wishes": 742, "Hedge Maze": 962, "Omniscience": 1509, "Sylvan Scrying": 2107, "Approach of the Second Sun_SB": 91, "Emergent Ultimatum_SB": 676, "Languish_SB": 1195, "Sphinx of the Final Word_SB": 2001, "Zacama, Primal Calamity_SB": 2491, "Snakeskin Veil_SB": 1960, "Surge of Righteousness_SB": 2089, "Souls of the Lost": 1989, "Boseiju, Who Endures_SB": 246, "Souls of the Lost_SB": 1990, "Cathar Commando_SB": 324, "Destroy Evil": 551, "Serra Paragon_SB": 1854, "Graveyard Trespasser": 910, "Arcane Proxy": 97, "Chrome Host Seedshark": 375, "Path of Peril": 1554, "See the Truth": 1840, "Ambitious Farmhand": 67, "Cascading Cataracts": 309, "Charming Prince": 371, "Golos, Tireless Pilgrim": 904, "Helpful Hunter": 970, "Ossification": 1520, "Serra Paragon": 1853, "Spirited Companion": 2012, "Thalia's Lancers": 2149, "The Book of Exalted Deeds": 2163, "Touch the Spirit Realm": 2249, "Nashi, Searcher in the Dark": 1435, "Wilt-Leaf Liege_SB": 2447, "Shadowy Backstreet": 1867, "Shambling Vent": 1870, "Battle Cry Goblin": 165, "Brass's Tunnel-Grinder": 252, "Conspicuous Snoop": 436, "Fireblade Charger": 790, "Goblin Instigator": 897, "Raise the Past": 1639, "Rundvelt Hordemaster": 1771, "Skirk Prospector": 1929, "Caretaker's Talent": 301, "Carrot Cake": 304, "Sundown Pass": 2073, "Wedding Announcement": 2431, "Westvale Abbey": 2439, "Imodane's Recruiter_SB": 1031, "Thought-Knot Seer_SB": 2203, "Divine Smite_SB": 581, "Day of Judgment_SB": 502, "Behold the Beyond": 174, "Nine Lives": 1451, "Temple of Mystery": 2135, "Yavimaya Coast": 2483, "Grand Abolisher_SB": 909, "Silence_SB": 1908, "Surge of Salvation": 2090, "Callous Bloodmage": 289, "Day's Undoing": 503, "Unable to Scream": 2300, "Stubborn Denial_SB": 2060, "Fires of Invention": 791, "Tolsimir, Friend to Wolves": 2236, "Titan of Industry": 2228, "Heliod, the Radiant Dawn": 968, "Kenrith, the Returned King": 1140, "Cavalier of Dawn": 333, "Kotose, the Silent Spider": 1174, "Sulfur Falls": 2062, "Marina Vendrell": 1328, "Krenko's Buzzcrusher_SB": 1179, "Archon of Absolution_SB": 103, "Nylea's Intervention_SB": 1483, "Deathmist Raptor": 515, "Oblivious Bookworm": 1490, "Cerulean Drake_SB": 349, "Kraul Harpooner_SB": 1176, "Lavabrink Venturer_SB": 1198, "Prosperous Innkeeper_SB": 1611, "Soulless Jailer_SB": 1988, "Chandra, Torch of Defiance": 364, "Fanatic of Mogis": 749, "Leyline of Combustion": 1219, "Razorkin Needlehead": 1664, "Shatterskull Smashing": 1881, "Solphim, Mayhem Dominus": 1972, "Torbran, Thane of Red Fell": 2240, "Fable of the Mirror-Breaker_SB": 735, "Altanak, the Thrice-Called": 66, "Say Its Name": 1802, "Witherbloom Command_SB": 2457, "Thalia and The Gitrog Monster": 2148, "Cosmic Rebirth_SB": 448, "Dreadbore_SB": 610, "Faithful Mending": 747, "Kiora, the Rising Tide": 1149, "Recommission": 1680, "Tainted Indulgence": 2110, "Tome Scour": 2238, "Fragmentize_SB": 828, "Gleaming Geardrake": 880, "Thraben Inspector": 2207, "Barkhide Troll": 158, "Gather Courage": 845, "Keen-Eyed Curator": 1132, "Tribute to the World Tree": 2272, "Inscription of Abundance_SB": 1045, "Setessan Tactics_SB": 1857, "Augur of Autumn_SB": 129, "Prosperous Thief_SB": 1613, "Unholy Annex // Ritual Chamber_SB": 2315, "Shatterskull Smashing_SB": 1882, "Blacksmith's Talent": 195, "Bladehold War-Whip": 198, "Chainsaw": 352, "Kemba, Kha Enduring": 1138, "Nahiri, Forged in Fury": 1426, "Sword of Forge and Frontier": 2102, "Rebel Salvo_SB": 1669, "Aftermath Analyst": 49, "Arid Archway": 107, "Bloodthirsty Conqueror": 219, "Dina, Soul Steeper": 564, "Dryad of the Ilysian Grove": 630, "Iridescent Vinelasher": 1070, "Jaddi Offshoot": 1086, "Lumra, Bellow of the Woods": 1287, "Mirrorpool": 1370, "Retreat to Hagra": 1722, "Scapeshift": 1805, "Spelunking": 2000, "Bristly Bill, Spine Sower_SB": 264, "Deathrite Shaman_SB": 517, "Scavenging Ooze_SB": 1812, "Undergrowth Champion_SB": 2309, "Solemnity_SB": 1971, "Deputy of Detention": 543, "Tyvar, the Pummeler_SB": 2290, "Elder Gargaroth": 650, "Silverback Elder": 1914, "Silverback Elder_SB": 1915, "No More Lies_SB": 1468, "Celestial Armor": 343, "Wear // Tear_SB": 2425, "Preacher of the Schism": 1600, "Castle Embereth": 318, "Kellan, Planar Trailblazer": 1136, "Zurgo Bellstriker": 2506, "Soul-Guide Lantern_SB": 1984, "Brotherhood's End": 267, "Galvanic Iteration_SB": 842, "Nine Lives_SB": 1452, "Thalia, Heretic Cathar": 2153, "Zephyr Sentinel_SB": 2497, "Cindervines_SB": 377, "Collector's Vault": 411, "Etali, Primal Conqueror": 710, "Seize the Spoils": 1842, "Zombify": 2503, "Sire of Insanity_SB": 1924, "Worldspine Wurm_SB": 2472, "Xenagos, God of Revels_SB": 2477, "Novice Inspector": 1474, "Warden of the Inner Sky": 2413, "Legion Loyalist": 1213, "Resolute Reinforcements": 1708, "Venerated Loxodon": 2364, "Knight-Errant of Eos": 1164, "Imodane's Recruiter": 1030, "Case of the Gateway Express": 312, "Gleeful Demolition": 881, "Clifftop Retreat": 393, "Light of Hope_SB": 1236, "Surge of Salvation_SB": 2091, "Zoetic Glyph": 2502, "Sweltering Suns_SB": 2099, "The Akroan War_SB": 2160, "Deputy of Detention_SB": 544, "Experimental Frenzy_SB": 723, "March of Swirling Mist": 1322, "Floodpits Drowner_SB": 804, "Massacre Wurm": 1337, "Valgavoth's Faithful": 2342, "Kenrith's Transformation_SB": 1139, "Swiftfoot Boots": 2100, "Citizen's Crowbar_SB": 378, "Lion Sash_SB": 1261, "Aclazotz, Deepest Betrayal": 32, "Go Blank": 890, "Gifted Aetherborn_SB": 869, "March of Wretched Sorrow_SB": 1325, "Dissection Tools": 576, "Perilous Snare": 1563, "Wedding Invitation": 2433, "Glass Casket_SB": 877, "Repurposing Bay_SB": 1706, "Mendicant Core, Guidelight": 1352, "Metallic Rebuke": 1358, "Voyager Glidecar": 2401, "Cryptic Coat_SB": 472, "Lavaspur Boots": 1199, "Patchwork Automaton": 1551, "Bard Class": 156, "Birgi, God of Storytelling": 186, "Crater's Claws": 457, "Domri, Anarch of Bolas": 585, "Gallia of the Endless Dance": 840, "Hajar, Loyal Bodyguard": 933, "Klothys, God of Destiny": 1156, "Migloz, Maze Crusher": 1365, "Mox Amber": 1408, "Samut, Vizier of Naktamun": 1790, "Targ Nar, Demon-Fang Gnoll": 2120, "Xenagos, the Reveler": 2478, "Banefire_SB": 152, "Tormod's Crypt_SB": 2245, "Zurgo Bellstriker_SB": 2507, "Hare Apparent": 943, "All That Glitters": 61, "Alpha Authority": 63, "Audacity": 126, "Chaplain of Alms": 370, "Ethereal Armor": 712, "Gryff's Boon": 923, "Light-Paws, Emperor's Voice": 1237, "Rune of Might": 1772, "Sentinel's Eyes": 1851, "Toadstool Admirer": 2233, "Adanto Vanguard_SB": 35, "Dawnbringer Cleric": 499, "Momentum Breaker_SB": 1389, "Bolas's Citadel": 230, "Catacomb Sifter": 323, "Prosperous Innkeeper": 1610, "Woe Strider": 2464, "Glissa Sunslayer_SB": 885, "Liliana, Heretical Healer_SB": 1252, "Status // Statue_SB": 2028, "Sab-Sunen, Luxa Embodied": 1781, "Foundry Street Denizen": 824, "Greasewrench Goblin": 913, "Moonshaker Cavalry_SB": 1400, "Nahiri, the Harbinger_SB": 1429, "Agadeem's Awakening": 50, "Nighthawk Scavenger": 1448, "Soaring Thought-Thief": 1968, "Thieves' Guild Enforcer": 2194, "Zareth San, the Trickster": 2495, "Nighthawk Scavenger_SB": 1449, "Grim Bauble": 917, "Momentum Breaker": 1388, "Oildeep Gearhulk_SB": 1496, "Count on Luck_SB": 450, "Monument to Endurance_SB": 1397, "Shacklegeist_SB": 1862, "Valor's Flagship": 2350, "Archfiend's Vessel": 102, "Ledger Shredder": 1206, "Lively Dirge": 1263, "Merfolk Secretkeeper": 1355, "Raffine, Scheming Seer": 1637, "Brightglass Gearhulk": 260, "Dredger's Insight": 622, "Callous Sell-Sword_SB": 292, "Dreadhorde Arcanist_SB": 612, "Tyrranax Rex_SB": 2285, "Coalstoke Gearhulk": 403, "Shacklegeist": 1861, "Ossification_SB": 1521, "Tears of Valakut_SB": 2124, "Behold the Multiverse": 175, "Mastermind's Acquisition": 1339, "Peer into the Abyss": 1561, "Behold the Multiverse_SB": 176, "Witchstalker Frenzy": 2453, "Grim Bauble_SB": 918, "Ray of Enfeeblement_SB": 1661, "Memory Guardian": 1351, "Ketramose, the New Dawn_SB": 1144, "Flicker of Fate": 800, "Heroic Intervention_SB": 981, "Polukranos Reborn_SB": 1589, "Azor, the Lawbringer": 141, "Djeru's Renunciation": 582, "Drannith Healer": 605, "Drannith Stinger": 607, "Flourishing Fox": 806, "Footfall Crater": 812, "Go for Blood": 892, "Marauding Mako": 1318, "Monument to Endurance": 1396, "Sunbillow Verge": 2069, "Zenith Flare": 2496, "Emry, Lurker of the Loch": 682, "Jeskai Ascendancy": 1091, "Mishra's Research Desk": 1375, "Restless Spire": 1717, "Retraction Helix": 1720, "Saheeli, Sublime Artificer": 1785, "Tormod's Crypt": 2244, "Devout Decree_SB": 557, "Strangle_SB": 2052, "Valley Floodcaller_SB": 2348, "Valorous Stance_SB": 2351, "Mukotai Ambusher": 1412, "Bloodghast": 216, "Molt Tender": 1383, "Driven // Despair_SB": 624, "Ashiok, Wicked Manipulator_SB": 117, "Anim Pakal, Thousandth Moon": 81, "Basri, Tomorrow's Champion": 163, "Embercleave": 671, "Plaza of Heroes": 1586, "Skrelv, Defector Mite": 1932, "Urza's Ruinous Blast_SB": 2338, "The Speed Demon": 2184, "Intimidation Tactics_SB": 1055, "Brokers Hideout": 266, "Cabaretti Courtyard": 283, "Doppelgang": 591, "Fires of Victory": 792, "Maestros Theater": 1299, "Nissa, Resurgent Animist": 1458, "Riveteers Overlook": 1743, "Shigeki, Jukai Visionary": 1892, "Virtue of Strength": 2377, "Worldsoul's Rage": 2470, "Bonny Pall, Clearcutter_SB": 238, "Roxanne, Starfall Savant_SB": 1763, "Feed the Cycle": 768, "Hostile Investigator": 1010, "Rankle's Prank": 1652, "Willowrush Verge": 2446, "Freestrider Lookout": 829, "Ghost Vacuum": 857, "Ketramose, the New Dawn": 1143, "Restless Cottage": 1713, "Scrabbling Claws": 1818, "Shattered Sanctum": 1879, "Legion's End_SB": 1214, "Mosswood Dreadknight_SB": 1405, "Pest Control_SB": 1566, "Tear Asunder_SB": 2123, "Detention Sphere_SB": 555, "Nowhere to Run_SB": 1476, "Ancestral Anger": 72, "Leyline of Resonance": 1222, "Optimistic Scavenger_SB": 1515, "Commercial District": 420, "Innkeeper's Talent_SB": 1042, "Dreadmaw's Ire": 613, "Deep-Cavern Bat_SB": 525, "Legion Extruder_SB": 1211, "Oildeep Gearhulk": 1495, "Commune with Spirits": 424, "Goro-Goro, Disciple of Ryusei": 906, "Itzquinth, Firstborn of Gishath": 1075, "Kari Zev, Skyship Raider": 1115, "Radha, Heart of Keld": 1633, "Redshift, Rocketeer Chief": 1686, "Rockfall Vale": 1751, "Ruby, Daring Tracker": 1767, "Feed the Clan_SB": 767, "Scorching Dragonfire_SB": 1813, "Bleachbone Verge": 203, "Dark Betrayal_SB": 489, "Starnheim Unleashed_SB": 2026, "Caves of Koilos": 339, "Detention Chariot": 554, "Tune Up": 2276, "Elenda, Saint of Dusk_SB": 657, "Kaya the Inexorable_SB": 1122, "Thundering Broodwagon": 2218, "Cave of the Frost Dragon": 336, "Mardu Woe-Reaper": 1327, "Secure the Wastes": 1839, "Make Disappear_SB": 1309, "Castle Garenbrig": 319, "Cityscape Leveler": 379, "Emrakul, the Promised End": 680, "Leyline Binding_SB": 1218, "Sire of Seven Deaths_SB": 1926, "Ugin, the Spirit Dragon_SB": 2293, "Dragonlord Dromoka": 599, "Ashiok, Nightmare Weaver": 114, "Fearless Swashbuckler": 763, "Gastal Thrillroller": 843, "Jace's Defeat_SB": 1080, "Hazoret, Godseeker": 955, "Memory Deluge_SB": 1350, "Clockwork Percussionist": 396, "Skullcrack": 1934, "Roast_SB": 1747, "Boommobile": 240, "Fomori Vault": 811, "Glint-Nest Crane": 883, "Hedron Archive": 964, "Paradox Engine": 1547, "Portal of Sanctuary": 1595, "Prophetic Prism": 1609, "Repurposing Bay": 1705, "Snow-Covered Island": 1963, "Snow-Covered Mountain": 1964, "Terrarion": 2144, "The Enigma Jewel": 2168, "The Mightstone and Weakstone": 2174, "Thran Spider": 2209, "Workshop Assistant": 2469, "Lantern of the Lost_SB": 1197, "Liberator, Urza's Battlethopter_SB": 1228, "Noxious Gearhulk_SB": 1478, "Shrapnel Slinger_SB": 1905, "Inspiring Overseer": 1050, "Norin, Swift Survivalist": 1470, "Agatha of the Vile Cauldron": 51, "Tamiyo's Safekeeping_SB": 2116, "Big Score": 182, "Chandra, Acolyte of Flame_SB": 358, "Untimely Malfunction_SB": 2327, "Pawpatch Formation": 1556, "Wastewood Verge": 2421, "Collector's Cage": 409, "Dusk Rose Reliquary": 637, "Giant Killer": 864, "Overgrown Farmland": 1531, "Parting Gust": 1550, "Sandstorm Salvager": 1794, "Sentinel of the Nameless City": 1849, "Teething Wurmlet": 2125, "Murderous Cut": 1415, "Unlicensed Hearse": 2320, "Anguished Unmaking_SB": 80, "Kaya, Orzhov Usurper_SB": 1127, "Call of the Death-Dweller": 288, "Drownyard Temple": 629, "Narcomoeba": 1431, "Prized Amalgam": 1605, "Quag Feast": 1622, "Empyrean Eagle": 679, "Lofty Denial": 1268, "Selfless Spirit": 1847, "Dewdrop Cure_SB": 559, "Dusk // Dawn_SB": 635, "Mindlink Mech_SB": 1367, "Pest Control": 1565, "Defiant Strike": 529, "Illuminator Virtuoso": 1027, "Gods Willing_SB": 901, "Avishkar Raceway": 137, "Fuel the Flames_SB": 835, "Skycrash_SB": 1939, "Gifted Aetherborn": 868, "Murderous Rider": 1417, "Sign in Blood": 1907, "Sea Gate Restoration": 1827, "Dig Through Time_SB": 563, "Ashiok, Nightmare Muse_SB": 113, "Giant Killer_SB": 865, "Bloodchief's Thirst_SB": 215, "Eaten Alive_SB": 639, "Benthic Biomancer": 177, "Cenote Scout": 347, "Deeproot Pilgrimage": 526, "Kumena, Tyrant of Orazca": 1186, "Mindspring Merfolk": 1368, "Tishana's Tidebinder": 2226, "Tidebinder Mage_SB": 2221, "Biting-Palm Ninja_SB": 190, "Dokuchi Silencer_SB": 584, "Beseech the Mirror": 178, "Kazuul's Toll Collector": 1131, "Shardmage's Rescue_SB": 1874, "Immersturm Raider": 1028, "The Speed Demon_SB": 2185, "Expedite": 717, "Waste Not_SB": 2418, "Burnout Bashtronaut": 277, "Draconautics Engineer": 595, "Fanatical Firebrand": 750, "Hobgoblin Bandit Lord": 994, "Howlsquad Heavy": 1013, "Krenko, Mob Boss": 1180, "Goblin Ringleader_SB": 898, "Volley Veteran_SB": 2398, "Harrier Strix": 944, "Hypnotic Grifter": 1020, "Omen Hawker": 1500, "The Reality Chip": 2178, "Training Grounds": 2254, "Witness Protection": 2460, "Basilisk Collar_SB": 162, "Foulmire Knight": 822, "Swiftfoot Boots_SB": 2101, "Fry_SB": 833, "Collision // Colossus": 412, "Overprotect_SB": 1540, "Stock Up": 2038, "Shoot the Sheriff": 1897, "Riverpyre Verge": 1742, "Strangle": 2051, "Temple of Epiphany": 2133, "Liliana, the Last Hope_SB": 1254, "Concealing Curtains": 427, "Riptide Gearhulk_SB": 1734, "Blade Historian": 196, "Jirina, Dauntless General": 1096, "Kitesail Larcenist": 1153, "Pyre of Heroes": 1617, "Secluded Courtyard": 1837, "Unclaimed Territory": 2303, "Jirina, Dauntless General_SB": 1097, "Night Clubber_SB": 1447, "Aegis Turtle_SB": 41, "Up the Beanstalk_SB": 2330, "Battle at the Bridge": 166, "Mephitic Draught": 1353, "Snow-Covered Swamp": 1966, "Spire of Industry": 2007, "Battle at the Bridge_SB": 167, "Assassin's Trophy": 118, "Analyze the Pollen": 70, "Ride's End": 1727, "Cleansing Wildfire": 387, "Crumble to Dust": 465, "Encroaching Wastes": 683, "Gnottvold Slumbermound": 889, "Haphazard Bombardment": 941, "Jaya's Greeting": 1089, "Paradise Druid": 1546, "Ravager Wurm": 1660, "Rootbound Crag": 1757, "Rowan, Scholar of Sparks": 1762, "Rubble Reading": 1765, "Sheltered Thicket": 1884, "Structural Distortion": 2058, "Sylvan Primordial": 2106, "Territory Forge": 2145, "Twin Bolt": 2279, "Voyaging Satyr": 2402, "Herbology Instructor_SB": 975, "Nissa's Defeat_SB": 1454, "Peak Eruption_SB": 1560, "Reclamation Sage_SB": 1679, "Scrabbling Claws_SB": 1819, "Dreadhorde Arcanist": 611, "Hazoret the Fervent": 952, "Ashiok, Nightmare Muse": 112, "Murderous Cut_SB": 1416, "Borrowed Hostility": 244, "Honest Rutstein": 998, "Malakir Rebirth": 1310, "The Filigree Sylex_SB": 2169, "Hallowed Moonlight": 936, "Barbed Batterfist": 155, "Webstrike Elite": 2429, "Commit // Memory_SB": 422, "Yahenni's Expertise": 2479, "Demilich_SB": 533, "Progenitor Mimic": 1608, "Nylea's Presence": 1484, "Warping Wail_SB": 2416, "Banefire": 151, "The World Tree": 2192, "Koma, Cosmos Serpent_SB": 1170, "Steel Seraph": 2031, "Commune with Dinosaurs": 423, "Ghalta, Primal Hunger": 855, "Marauding Raptor": 1319, "Pugnacious Hammerskull": 1616, "Rampaging Raptor": 1650, "Regal Imperiosaur": 1693, "Regisaur Alpha": 1694, "Ripjaw Raptor": 1731, "Phyrexian Censor": 1571, "Nimble Larcenist_SB": 1450, "Champion of the Perished": 355, "Cryptbreaker": 469, "Dark Salvation": 494, "Dread Wanderer": 609, "Relentless Dead": 1697, "Wayward Servant": 2424, "Zahur, Glory's Past": 2494, "Crippling Fear_SB": 462, "Experimental Synthesizer": 724, "Violent Urge_SB": 2372, "Boon of Boseiju": 241, "Wakeroot Elemental": 2409, "Esika's Chariot_SB": 705, "Luminarch Aspirant": 1286, "Hidetsugu Consumes All": 983, "Fighter Class": 785, "Flowerfoot Swordmaster": 807, "Mabel, Heir to Cragflame": 1293, "Chainsaw_SB": 353, "Nettle Guard_SB": 1445, "Sword of Forge and Frontier_SB": 2103, "Heliod's Intervention_SB": 965, "Flameblade Adept": 795, "Highway Robbery": 989, "Maximize Velocity": 1342, "Ox of Agonas": 1541, "Birgi, God of Storytelling_SB": 187, "Lightning Axe_SB": 1239, "Expedition Map_SB": 719, "Stock Up_SB": 2039, "Voyaging Satyr_SB": 2403, "Samut's Sprint": 1789, "Wrenn and Realmbreaker": 2473, "Depopulate_SB": 542, "Unsubstantiate_SB": 2326, "Archfiend of the Dross_SB": 101, "Sunspine Lynx": 2083, "Omen of the Dead_SB": 1502, "Lost Jitte": 1279, "Kaito, Cunning Infiltrator": 1108, "Bloodchief's Thirst": 214, "Combat Research": 418, "Lazav, Wearer of Faces": 1203, "Medomai the Ageless": 1347, "Thalia, Heretic Cathar_SB": 2154, "Lotus Cobra": 1281, "Fires of Victory_SB": 793, "Guardian of Faith": 925, "Gods Willing": 900, "Riptide Gearhulk": 1733, "Saheeli, Sublime Artificer_SB": 1786, "Kumena's Speaker": 1185, "Eidolon of the Great Revel_SB": 646, "Quick Study": 1628, "Carnage Tyrant": 302, "Festering Gulch": 776, "Port of Karfell": 1592, "Elder Gargaroth_SB": 651, "Fog_SB": 810, "Gather Courage_SB": 846, "Crackling Drake_SB": 453, "Roaring Furnace // Steaming Sauna": 1745, "Bitter Reunion": 191, "Vampires' Vengeance": 2354, "Etali, Primal Conqueror_SB": 711, "Katilda, Dawnhart Martyr": 1118, "Slip Out the Back": 1951, "Feather, the Redeemed": 764, "Loran's Escape_SB": 1277, "Feather, the Redeemed_SB": 765, "Restless Fortress": 1714, "Ruin-Lurker Bat": 1769, "Healer's Hawk": 957, "Essence Channeler": 707, "Voice of the Blessed": 2389, "Exemplar of Light": 715, "Linden, the Steadfast Queen": 1257, "Leyline of Hope": 1221, "Authority of the Consuls": 132, "Case of the Uneaten Feast": 315, "Scoured Barrens": 1816, "Rogue's Passage": 1752, "Dewdrop Cure": 558, "Lunarch Veteran": 1288, "Afterburner Expert": 48, "Omnivorous Flytrap": 1510, "Agatha's Soul Cauldron_SB": 53, "Nahiri, the Unforgiving_SB": 1430, "Kozilek's Return_SB": 1175, "Teferi, Hero of Dominaria_SB": 2127, "Void Rend_SB": 2391, "Ox of Agonas_SB": 1542, "Adorned Pouncer": 38, "Arahbo, the First Fang": 93, "Open the Armory": 1511, "Roadside Reliquary": 1744, "Sacred Cat": 1782, "Skyknight Squire": 1940, "Twinshot Sniper": 2281, "Keruga, the Macrosage": 1141, "Agent of Treachery_SB": 54, "Twinshot Sniper_SB": 2282, "Anzrag, the Quake-Mole": 89, "Temple of Abandon": 2130, "Tamiyo's Safekeeping": 2115, "Tear Asunder": 2122, "Blot Out": 226, "Scrapshooter": 1821, "Questing Beast": 1624, "Thrun, Breaker of Silence": 2213, "Nissa, Ascended Animist": 1456, "Tyrranax Rex": 2284, "Nissa, Ascended Animist_SB": 1457, "Shifting Ceratops_SB": 1891, "Hornet Queen_SB": 1007, "Play with Fire_SB": 1585, "Satoru Umezawa": 1797, "Exquisite Firecraft_SB": 726, "Cry of the Carnarium": 467, "Kaya, Orzhov Usurper": 1126, "Soul-Guide Lantern": 1983, "The End": 2166, "Calamity's Wake_SB": 286, "Exorcise_SB": 716, "Out of Air_SB": 1525, "Spontaneous Mutation_SB": 2015, "Sorin, Vengeful Bloodlord_SB": 1978, "Exquisite Firecraft": 725, "Raucous Carnival": 1657, "Curse of Shaken Faith_SB": 482, "Painter's Studio // Defaced Gallery": 1544, "Chance for Glory_SB": 356, "Magmatic Chasm_SB": 1307, "Requisition Raid_SB": 1707, "Shrapnel Blast_SB": 1904, "Tireless Tracker_SB": 2225, "Titania, Voice of Gaea_SB": 2231, "Doppelgang_SB": 592, "Kiora's Follower": 1147, "Merfolk Mistbinder": 1354, "Merfolk Trickster_SB": 1356, "Mockingbird_SB": 1382, "Fading Hope_SB": 741, "Smuggler's Copter_SB": 1956, "Mosswood Dreadknight": 1404, "Lovestruck Beast": 1283, "Debris Beetle": 518, "Mystic Repeal_SB": 1423, "Epic Downfall_SB": 699, "Builder's Talent": 272, "Sunder the Gateway": 2071, "Nullhide Ferox_SB": 1480, "Cavalier of Flame": 334, "Kitsa, Otterball Elite": 1155, "Rona, Herald of Invasion": 1756, "Valley Floodcaller": 2347, "Abhorrent Oculus_SB": 22, "Loran's Escape": 1276, "Blessed Defiance_SB": 205, "Reckless Stormseeker": 1676, "Rocketeer Boostbuggy": 1749, "The Akroan War": 2159, "Bladestitched Skaab": 199, "Lazotep Reaver": 1205, "Rotten Reunion_SB": 1759, "The Scarab God_SB": 2181, "Knight of Grace": 1161, "Enduring Tenacity_SB": 691, "Cruelclaw's Heist_SB": 464, "Swan Song_SB": 2097, "Skyclave Cleric": 1938, "Ajani, Strength of the Pride_SB": 58, "Chandra, Spark Hunter_SB": 363, "Witness Protection_SB": 2461, "Growth Spiral": 921, "Ill-Timed Explosion_SB": 1025, "Tasigur, the Golden Fang": 2121, "Bomat Courier": 232, "Phoenix Chick": 1569, "Gideon of the Trials": 866, "Azor, the Lawbringer_SB": 142, "Tocasia's Welcome_SB": 2235, "The Scarab God": 2180, "Radiant Flames_SB": 1634, "Mortify": 1402, "Creeping Chill": 461, "Silversmote Ghoul": 1917, "Fog": 809, "Gaea's Blessing": 839, "Haze of Pollen": 951, "Jace, the Perfected Mind": 1084, "Tamiyo, Collector of Tales": 2117, "Union of the Third Path": 2316, "Winds of Qal Sisma": 2449, "Carnage Tyrant_SB": 303, "Drannith Ruins": 606, "Thought-Knot Seer": 2202, "Wasteland Strangler": 2419, "Phyrexian Fleshgorger": 1574, "Ifnir Deadlands": 1023, "Bearer of Silence": 171, "Knight of the Ebon Legion": 1163, "Deep-Cavern Bat": 524, "Caustic Bronco": 328, "Reality Smasher_SB": 1667, "Necrotic Wound": 1439, "Necrotic Wound_SB": 1440, "Doom Foretold": 586, "Nine-Lives Familiar": 1453, "Rite of Oblivion": 1736, "Starfield of Nyx": 2025, "Kaya's Wrath_SB": 1125, "Necromentia_SB": 1438, "Gix's Command_SB": 872, "Sorin the Mirthless_SB": 1977, "Fuel the Flames": 834, "Shoot the Sheriff_SB": 1898, "Turntimber Symbiosis": 2278, "Graf Reaver_SB": 907, "Kraul Whipcracker_SB": 1177, "Maelstrom Pulse_SB": 1297, "Fear of Impostors": 759, "Riptide Chimera": 1732, "Fear of Impostors_SB": 760, "Dive Down_SB": 580, "Acererak the Archlich": 31, "Gwenna, Eyes of Gaea": 930, "Relic of Legends": 1698, "Eldrazi Displacer": 652, "Fleecemane Lion": 797, "Witchstalker_SB": 2455, "Yasharn, Implacable Earth": 2480, "Soul-Scar Mage_SB": 1986, "Lavinia, Azorius Renegade_SB": 1201, "Selfless Glyphweaver_SB": 1845, "Blood Spatter Analysis": 213, "Felonious Rage": 773, "Regal Bunnicorn": 1691, "Demonic Bargain": 537, "Osseous Sticktwister": 1519, "Korvold, Fae-Cursed King": 1171, "Korvold, Fae-Cursed King_SB": 1172, "Dive Down": 579, "Jace Reawakened_SB": 1079, "March of Swirling Mist_SB": 1323, "Blessed Defiance": 204, "Homestead Courage": 997, "Guardian of New Benalia": 927, "Phyrexian Dragon Engine": 1573, "Seasoned Hallowblade": 1835, "The Mycosynth Gardens": 2176, "Burning Earth_SB": 275, "Alrund's Epiphany": 65, "Escape to the Wilds": 702, "Loot, the Pathfinder": 1273, "Nissa, Who Shakes the World": 1461, "Obliterating Bolt_SB": 1489, "Bedeck // Bedazzle_SB": 172, "Cease // Desist_SB": 341, "Fugitive Codebreaker": 836, "Consign // Oblivion": 434, "Portal to Phyrexia_SB": 1597, "Adanto Vanguard": 34, "Favored Hoplite": 758, "Flowstone Infusion": 808, "Sejiri Shelter": 1843, "Tenth District Legionnaire": 2142, "Elspeth, Sun's Champion_SB": 668, "Invasion of New Phyrexia_SB": 1064, "Clifftop Lookout": 392, "Dreamdew Entrancer": 617, "Dreamroot Cascade": 618, "Fecund Greenshell": 766, "Insidious Fungus": 1047, "Loot, Exuberant Explorer": 1272, "Risen Reef": 1735, "Tangled Florahedron": 2119, "Healer of the Glade_SB": 956, "Tale's End_SB": 2114, "Wilt_SB": 2448, "Ashiok, Wicked Manipulator": 116, "Dreams of Steel and Oil": 620, "Blood Baron of Vizkopa_SB": 211, "Elspeth Conquers Death_SB": 663, "Gisa, the Hellraiser_SB": 871, "Ride's End_SB": 1728, "Omen of the Sun": 1504, "Omen of the Sun_SB": 1505, "Enduring Courage": 686, "Beseech the Mirror_SB": 179, "Commence the Endgame_SB": 419, "Siphon Insight_SB": 1923, "Monastery Mentor": 1390, "Seeker of the Way_SB": 1841, "Forbidden Friendship": 813, "Case of the Gateway Express_SB": 313, "Collective Effort_SB": 408, "Forge Devil_SB": 816, "Perilous Snare_SB": 1564, "Experimental Confectioner": 722, "Redcap Melee": 1683, "The Birth of Meletis": 2162, "Calix, Guided by Fate": 287, "Jukai Naturalist": 1100, "Royal Treatment": 1764, "Setessan Champion": 1855, "Trapped in the Screen": 2258, "Virtue of Loyalty": 2374, "Weaver of Harmony": 2428, "Ghostly Dancers_SB": 860, "Trapped in the Screen_SB": 2259, "Cryptolith Rite": 473, "Bottomless Pool // Locker Room": 248, "Bottomless Pool // Locker Room_SB": 249, "Knockout Blow": 1165, "Hidetsugu's Second Rite": 985, "Eidolon of Blossoms": 642, "Eidolon of Blossoms_SB": 643, "Seal from Existence_SB": 1830, "Ob Nixilis, the Adversary": 1487, "Incubation Druid": 1035, "Interplanar Beacon": 1052, "Kaya the Inexorable": 1121, "Mistrise Village": 1378, "Nicol Bolas, Dragon-God": 1446, "Ral Zarek": 1643, "Tamiyo, Field Researcher": 2118, "Vraska, Betrayal's Sting": 2405, "Kunoros, Hound of Athreos_SB": 1187, "Qarsi Revenant": 1620, "Qarsi Revenant_SB": 1621, "Tersa Lightshatter": 2146, "Dragonfire Blade": 598, "Lavaspur Boots_SB": 1200, "Descendant of Storms": 545, "Case of the Crimson Pulse": 310, "Cemetery Illuminator": 344, "Muraganda Raceway": 1414, "Rakdos's Return_SB": 1641, "Cease // Desist": 340, "Cram Session": 455, "Fell": 772, "Insatiable Avarice": 1043, "The Biblioplex": 2161, "Valgavoth's Onslaught": 2343, "Containment Breach_SB": 438, "Environmental Sciences_SB": 698, "Introduction to Annihilation_SB": 1059, "Mascot Exhibition_SB": 1333, "Pest Summoning_SB": 1567, "Umori, the Collector_SB": 2299, "Elspeth, Storm Slayer": 666, "United Battlefront": 2317, "Voice of Victory": 2387, "Sunder the Gateway_SB": 2072, "Voice of Victory_SB": 2388, "Mox Jasper": 1410, "Mistrise Village_SB": 1379, "Cori-Steel Cutter": 445, "Wild Ride": 2443, "Cori-Steel Cutter_SB": 446, "Rot-Curse Rakshasa": 1758, "History of Benalia": 992, "The Restoration of Eiganjo": 2179, "Katilda, Dawnhart Prime": 1120, "Songcrafter Mage": 1974, "Three Tree City": 2212, "Militia Bugler_SB": 1366, "Strategic Betrayal": 2053, "Caustic Exhale": 330, "Dispelling Exhale": 574, "Foul-Tongue Invocation": 821, "Marang River Regent": 1315, "Scavenger Regent": 1808, "Silumgar's Scorn": 1911, "Caustic Exhale_SB": 331, "Strategic Betrayal_SB": 2054, "Desperate Measures": 548, "Dragonskull Summit": 602, "Sunpearl Kirin": 2078, "Flashfreeze_SB": 796, "Treasure Map": 2266, "Archangel Elspeth": 98, "This Town Ain't Big Enough_SB": 2199, "Ascendant Spirit": 109, "Faceless Haven": 738, "Faceless Haven_SB": 739, "Gurmag Angler": 928, "Murderous Rider_SB": 1418, "Cori Mountain Monastery": 444, "Make Disappear": 1308, "Stormwing Entity": 2050, "Jaya, Fiery Negotiator": 1090, "Not on My Watch_SB": 1472, "Banishing Slash": 154, "Stormscale Scion": 2048, "Stormscale Scion_SB": 2049, "Metamorphic Alteration": 1361, "Of One Mind": 1494, "United Battlefront_SB": 2318, "Warden of the Grove": 2412, "Surrak, Elusive Hunter_SB": 2093, "Icon of Ancestry": 1021, "Icon of Ancestry_SB": 1022, "Lofty Denial_SB": 1269, "Fire Prophecy": 788, "Ghostly Pilferer": 861, "Blue Sun's Twilight_SB": 229, "Cemetery Illuminator_SB": 345, "Slip Out the Back_SB": 1952, "White Sun's Twilight_SB": 2441, "Paradoxical Outcome_SB": 1548, "Break Out": 257, "Masked Vandal": 1334, "Fanatical Firebrand_SB": 751, "Gruul Charm_SB": 922, "Masked Vandal_SB": 1335, "Vivien Reid_SB": 2382, "Shiko, Paragon of the Way": 1893, "Doorkeeper Thrull_SB": 590, "Liliana, Death's Majesty": 1250, "Urgent Necropsy": 2336, "Decadent Dragon_SB": 519, "Scavenger's Talent_SB": 1810, "Ygra, Eater of All_SB": 2485, "Undead Sprinter_SB": 2305, "Runed Halo": 1774, "Boros Reckoner": 243, "Elspeth, Storm Slayer_SB": 667, "Mantis Rider": 1314, "Mardu Siegebreaker": 1326, "Kitesail Larcenist_SB": 1154, "Crackling Drake": 452, "Phyrexian Obliterator": 1575, "Atarka's Command_SB": 123, "Craterhoof Behemoth": 458, "Sanguine Evangelist": 1795, "Decisive Denial": 520, "Ebondeath, Dracolich": 640, "Ertai's Scorn": 701, "Rakshasa's Bargain": 1642, "Rewind": 1725, "Unwind": 2328, "Awaken the Honored Dead_SB": 139, "Deathmark_SB": 514, "Gaze of Granite_SB": 847, "Lutri, the Spellchaser_SB": 1291, "Shadows' Verdict_SB": 1864, "Specter's Shriek_SB": 1995, "Thrun, Breaker of Silence_SB": 2214, "Collected Company_SB": 405, "Abrade": 23, "Herald of Eternal Dawn_SB": 974, "Severance Priest": 1860, "Yathan Roadwatcher": 2482, "Long Goodbye": 1270, "Selfless Savior": 1846, "Legion Angel": 1208, "Wojek Investigator": 2465, "Legion Angel_SB": 1209, "Apostle of Purifying Light_SB": 90, "Sixth Sense": 1927, "Kaya's Ghostform": 1123, "Hammerhand": 939, "Aqueous Form": 92, "Cartouche of Solidarity": 306, "Jeskai Revelation": 1092, "Stern Lesson": 2034, "Connive // Concoct": 431, "Creative Outburst": 460, "Temple of Deceit": 2131, "Temple of Enlightenment": 2132, "Temple of Malice": 2134, "Temple of Silence": 2136, "Temple of Triumph": 2137, "Ray of Frost_SB": 1662, "Bontu's Last Reckoning_SB": 239, "Deafening Silence": 511, "Hardened Scales": 942, "Fiery Annihilation_SB": 781, "Dragonlord Silumgar": 601, "Painful Truths": 1543, "Search for Azcanta": 1831, "Supreme Will": 2088, "Contraband Kingpin_SB": 441, "Village Rites": 2369, "Llanowar Visionary": 1266, "Crash Through": 456, "Ugin, Eye of the Storms": 2291, "Robber of the Rich_SB": 1748, "Greedy Freebooter": 916, "Shambling Ghast": 1869, "Hangarback Walker": 940, "Marketback Walker": 1331, "Diabolic Intent": 560, "Scrapwork Mutt": 1823, "Gleaming Barrier": 879, "Liliana's Standard Bearer": 1249, "The Sibsig Ceremony": 2183, "Callous Bloodmage_SB": 290, "Friendly Teddy": 831, "Experiment One": 720, "Kitesail Freebooter_SB": 1152, "Muerra, Trash Tactician": 1411, "Cut // Ribbons": 484, "Dusk Legion Zealot": 636, "Markov Baron": 1332, "Patchwork Banner": 1553, "Bedevil_SB": 173, "Champion of Dusk_SB": 354, "Deadly Dispute_SB": 508, "Soul Transfer_SB": 1982, "Devilish Valet": 556, "Runaway Steam-Kin": 1770, "Grinning Ignus": 919, "Hazoret's Monument": 954, "Light Up the Night": 1233, "Cemetery Prowler_SB": 346, "Nissa, Steward of Elements_SB": 1459, "Kishla Village": 1150, "Izzet Charm": 1077, "Overlord of the Balemurk_SB": 1534, "Stormchaser's Talent_SB": 2047, "Rampaging Ferocidon": 1648, "Spring-Loaded Sawblades": 2017, "Dennick, Pious Apprentice_SB": 541, "Slaughter Games_SB": 1946, "Shadows' Verdict": 1863, "The Book of Exalted Deeds_SB": 2164, "Sokenzan, Crucible of Defiance_SB": 1970, "Baneslayer Angel_SB": 153, "Trelasarra, Moon Dancer": 2269, "Silent Hallcreeper": 1910, "Ashiok, Nightmare Weaver_SB": 115, "Evolved Sleeper": 714, "Tenacious Underdog_SB": 2141, "Rediscover the Way": 1685, "Balmor, Battlemage Captain": 148, "Sram, Senior Edificer": 2020, "Shapers' Sanctuary": 1871, "Wizard's Retort_SB": 2463, "Clever Lumimancer": 391, "Niv-Mizzet, Parun": 1463, "Sweltering Suns": 2098, "Marang River Regent_SB": 1317, "Intimidation Tactics": 1054, "Liliana, Dreadhorde General_SB": 1251, "Omnath, Locus of the Roil": 1508, "Lilah, Undefeated Slickshot": 1246, "Tolsimir, Friend to Wolves_SB": 2237, "Giant Growth": 863, "Heritage Reclamation_SB": 979, "Brimaz, King of Oreskos": 261, "Katilda, Dawnhart Martyr_SB": 1119, "Spirit-Sister's Call": 2010, "Bandit's Talent_SB": 150, "Fountainport Bell": 826, "Dreams of Steel and Oil_SB": 621, "Gonti, Lord of Luxury_SB": 905, "Frontline Rush": 832, "Mortify_SB": 1403, "Treasure Cruise_SB": 2265, "Drake Hatcher": 603, "Canyon Slough": 298, "Captain Lannery Storm": 300, "Charming Scoundrel": 372, "Goldhound": 902, "Goldspan Dragon": 903, "Kalain, Reclusive Painter": 1109, "Marionette Master": 1329, "Reckless Fireweaver": 1671, "Sticky Fingers": 2035, "Treasure Vault": 2267, "Vraska's Contempt": 2404, "Karn, Scion of Urza_SB": 1116, "Moment of Craving_SB": 1387, "Ratchet Bomb_SB": 1654, "Unlicensed Disintegration_SB": 2319, "Eshki Dragonclaw": 703, "Herd Heirloom": 976, "The Huntsman's Redemption": 2170, "Quicken": 1629, "Seal from Existence": 1829, "Amonkhet Raceway": 69, "Shore Up": 1899, "Aetherflux Reservoir_SB": 47, "Shore Up_SB": 1900, "Illness in the Ranks_SB": 1026, "Phyrexian Arena_SB": 1570, "Abbot of Keral Keep": 19, "Anax, Hardened in the Forge": 71, "Incendiary Flow": 1034, "Invigorated Rampage": 1066, "Rimrock Knight": 1730, "Shock": 1896, "Dire Fleet Daredevil_SB": 565, "Flame-Blessed Bolt_SB": 794, "Sword of Once and Future_SB": 2104, "Magebane Lizard": 1301, "Virulent Plague_SB": 2378, "Arboreal Grazer_SB": 96, "Snow-Covered Plains": 1965, "Sunset Revelry": 2081, "Unexpected Windfall": 2311, "Worldspine Wurm": 2471, "Xenagos, God of Revels": 2476, "Elite Spellbinder": 661, "Defabricate_SB": 528, "Herald of Eternal Dawn": 973, "Skrelv's Hive": 1931, "Collector's Cage_SB": 410, "Vaultborn Tyrant_SB": 2361, "Ajani, Strength of the Pride": 57, "Plargg, Dean of Chaos": 1583, "Reluctant Role Model": 1699, "Hushbringer_SB": 1018, "Ureni, the Song Unending": 2334, "Dire Tactics": 566, "Order of Midnight": 1517, "Doom Whisperer_SB": 588, "Virtue of Courage": 2373, "Ball Lightning": 147, "Scytheclaw Raptor_SB": 1826, "Cathartic Reunion": 326, "Ancient Imperiosaur": 75, "Gastal Thrillroller_SB": 844, "Invasion of Ergamon": 1060, "Duelist of the Mind": 632, "Portent of Calamity": 1598, "Extraordinary Journey": 733, "Concerted Defense_SB": 428, "Rapid Hybridization_SB": 1653, "Hooting Mandrills": 999, "Jin-Gitaxias, Progress Tyrant_SB": 1095, "Smuggler's Surprise_SB": 1958, "Toxrill, the Corrosive_SB": 2251, "Evangel of Synthesis": 713, "Awaken the Honored Dead": 138, "Ghostly Dancers": 859, "Heliod, the Radiant Dawn_SB": 969, "Dispel_SB": 573, "Chandra, Hope's Beacon": 362, "Obscura Storefront": 1492, "Disfigure_SB": 572, "Blue Sun's Twilight": 228, "Conduit Pylons": 429, "Ipnu Rivulet": 1069, "Outcaster Greenblade": 1526, "Voltage Surge": 2399, "Fae of Wishes_SB": 743, "Anger of the Gods": 77, "Koth, Fire of Resistance_SB": 1173, "Drake Hatcher_SB": 604, "Ashen Rider": 110, "Baleful Mastery": 146, "Agonizing Remorse_SB": 55, "Gurmag Nightwatch": 929, "Hallowed Moonlight_SB": 937, "Secrets of the Key": 1838, "Vineglimmer Snarl": 2370, "Port Town": 1591, "Mystic Reflection": 1422, "Heroic Intervention": 980, "Emergence Zone": 674, "Augmenter Pugilist": 127, "Augur of Autumn": 128, "Simic Charm": 1918, "Fortified Village": 820, "Biovisionary": 185, "Repudiate // Replicate_SB": 1704, "Chord of Calling_SB": 374, "Baird, Steward of Argive_SB": 144, "Glorybringer": 888, "Mizzium Mortars": 1380, "Cartouche of Zeal": 308, "Skylasher_SB": 1941, "Not on My Watch": 1471, "Scattered Thoughts": 1807, "Nature's Rhythm": 1437, "Dryad's Revival": 631, "Mabel, Heir to Cragflame_SB": 1294, "Wear Down_SB": 2426, "Slagstorm_SB": 1944, "Stern Dismissal_SB": 2033, "Repel the Abominable": 1702, "Repel the Abominable_SB": 1703, "Slaughter Singer": 1947, "Venerated Rotpriest": 2365, "The Seedcore": 2182, "Crawling Chorus": 459, "Annex Sentry": 82, "Bloated Contaminator": 209, "Jawbone Duelist": 1088, "Overprotect": 1539, "Ajani, Sleeper Agent_SB": 56, "Phyrexian Censor_SB": 1572, "Tyvar's Stand_SB": 2287, "Annex Sentry_SB": 83, "Melira, the Living Cure_SB": 1348, "Niv-Mizzet, Visionary_SB": 1466, "Despark_SB": 547, "Dennick, Pious Apprentice": 540, "Angrath, the Flame-Chained_SB": 79, "Dark Petition_SB": 493, "Heliod's Pilgrim_SB": 966, "Kaya's Ghostform_SB": 1124, "Skrelv, Defector Mite_SB": 1933, "Hornet Queen": 1006, "Ojer Taq, Deepest Foundation": 1497, "Pyroclasm": 1618, "Unlucky Witness": 2322, "Ritual of Soot_SB": 1739, "Vampires' Vengeance_SB": 2355, "Lord Skitter, Sewer King": 1278, "Tomik, Distinguished Advokist_SB": 2239, "Hearth Elemental": 959, "Sanguine Evangelist_SB": 1796, "Spirit-Sister's Call_SB": 2011, "Demonic Counsel": 538, "Consuming Fervor": 437, "Aetherflux Reservoir": 46, "Mountain_SB": 1407, "Summary Dismissal_SB": 2065, "Portal to Phyrexia": 1596, "Smoldering Egg": 1954, "Ovalchase Daredevil": 1530, "Inscribed Tablet": 1044, "Scourge of the Skyclaves": 1817, "Warlock Class": 2414, "Lich-Knights' Conquest": 1229, "Silent Gravestone_SB": 1909, "Ulcerate_SB": 2295, "Kaervek, the Spiteful_SB": 1102, "Can't Stay Away_SB": 296, "Feldon, Ronom Excavator": 771, "Infuriate_SB": 1039, "Disenchant_SB": 571, "Wandering Mind": 2410, "Colossal Skyturtle": 414, "Mirrorshell Crab": 1371, "Teferi, Who Slows the Sunset": 2128, "Chaos Wand_SB": 369, "Dissection Tools_SB": 577, "Jace, the Perfected Mind_SB": 1085, "Recommission_SB": 1681, "Abbot of Keral Keep_SB": 20, "Clarion Conqueror_SB": 385, "Rabbit Battery": 1632, "Faerie Dreamthief": 744, "Steamcore Scholar": 2030, "Winternight Stories": 2450, "Seasons Past": 1836, "Defabricate": 527, "Immortal Phoenix_SB": 1029, "Abuelo's Awakening": 29, "Summon: Knights of Round": 2066, "Yuna, Hope of Spira": 2490, "Blisterpod": 207, "Cartel Aristocrat": 305, "Rally the Ancestors": 1647, "Sephiroth, Fabled SOLDIER": 1852, "Starting Town": 2027, "Heliod, Sun-Crowned_SB": 967, "Ruthless Lawbringer_SB": 1779, "Cunning Coyote_SB": 480, "Lightwheel Enhancements": 1245, "Joshua, Phoenix's Dominant": 1098, "Kroxa and Kunoros": 1181, "Terra, Magical Adept": 2143, "Dark Confidant_SB": 491, "Vivi Ornitier": 2380, "Ishgard, the Holy See": 1073, "Unflinching Courage": 2312, "Unflinching Courage_SB": 2313, "Vivi Ornitier_SB": 2381, "Eiganjo, Seat of the Empire_SB": 648, "Demon Wall": 536, "Fire Magic_SB": 787, "Crumbling Vestige": 466, "Echoing Deeps": 641, "Glimpse the Core": 882, "Hour of Promise": 1012, "The Wandering Minstrel": 2189, "Kura, the Boundless Sky_SB": 1188, "Maelstrom of the Spirit Dragon_SB": 1298, "Twinmaw Stormbrood_SB": 2280, "Toski, Bearer of Secrets_SB": 2248, "Surrak, Elusive Hunter": 2092, "Opera Love Song": 1512, "Esper Origins": 706, "Cecil, Dark Knight": 342, "Dark Confidant": 490, "Gix, Yawgmoth Praetor": 873, "Vren, the Relentless_SB": 2407, "Cryptcaller Chariot": 470, "Furnace Reins_SB": 838, "Kitesail Freebooter": 1151, "Lantern Scout_SB": 1196, "Market Gnome": 1330, "Ancient Adamantoise": 73, "Buster Sword": 281, "Freya Crescent": 830, "Smitten Swordmaster": 1953, "Monastery Swiftspear_SB": 1393, "Summon: Leviathan": 2067, "Quicken_SB": 1630, "Alesha, Who Laughs at Fate": 60, "Zack Fair": 2492, "Bile Blight": 183, "Ruthless Negotiation_SB": 1780, "Staggering Insight": 2022, "Sporogenic Infection_SB": 2016, "Tocasia's Welcome": 2234, "Al Bhed Salvagers": 59, "Fleeting Spirit": 798, "Saiba Cryptomancer": 1787, "Warbriar Blessing": 2411, "The Raven Man": 2177, "Gryff's Boon_SB": 924, "Demolition Field_SB": 535, "Rune of Sustenance_SB": 1773, "Rain of Revelation": 1638, "Ultima": 2296, "Shatter the Sky_SB": 1878, "Disturbing Mirth": 578, "Rite of Oblivion_SB": 1737, "Runed Halo_SB": 1775, "Doomsday Excruciator_SB": 589, "Cloud of Darkness_SB": 397, "Outrageous Robbery_SB": 1529, "Saiba Cryptomancer_SB": 1788, "Lindblum, Industrial Regency": 1255, "Sphinx's Tutelage": 2003, "The Water Crystal": 2191, "Eject_SB": 649, "Lindblum, Industrial Regency_SB": 1256, "Ureni, the Song Unending_SB": 2335, "Blossoming Defense_SB": 223, "Cloud, Midgar Mercenary": 398, "Machinist's Arsenal": 1295, "Paladin's Arms": 1545, "Raubahn, Bull of Ala Mhigo": 1656, "Hinterland Harbor": 990, "Hullbreaker Horror": 1014, "Titan of Industry_SB": 2229, "Search for Azcanta_SB": 1832, "Emet-Selch, Unsundered": 678, "Lazav, the Multifarious": 1204, "Valentin, Dean of the Vein": 2341, "Bonders' Enclave": 235, "Nissa's Pilgrimage": 1455, "Ulamog, the Ceaseless Hunger": 2294, "Old-Growth Troll_SB": 1499, "Astrologian's Planisphere": 121, "Plumecreed Escort": 1587, "Sunscorched Desert": 2080, "Restoration Magic_SB": 1719, "Staggering Insight_SB": 2023, "Camellia, the Seedmiser_SB": 294, "Insidious Fungus_SB": 1048, "Massacre Girl_SB": 1336, "Trail of Crumbs_SB": 2253, "Webstrike Elite_SB": 2430, "Embercleave_SB": 672, "Kefka, Court Mage": 1134, "Mox Amber_SB": 1409, "Retraction Helix_SB": 1721, "Exsanguinate": 727, "Hedge Shredder": 963, "Return the Favor_SB": 1723, "Kogla and Yidaro_SB": 1167, "Revival // Revenge": 1724, "Vampire Socialite": 2352, "Legion Lieutenant": 1212, "Vito, Thorn of the Dusk Rose": 2379, "Vampire of the Dire Moon": 2353, "Voldaren Bloodcaster_SB": 2394, "Florian, Voldaren Scion_SB": 805, "Stingerback Terror": 2036, "Mistbreath Elder": 1377, "Lightning, Army of One": 1244, "Isareth the Awakener": 1072, "Urza's Ruinous Blast": 2337, "Venat, Heart of Hydaelyn": 2363, "Liliana, the Last Hope": 1253, "Didn't Say Please": 561, "Ruin Crab": 1768, "Merfolk Windrobber": 1357, "Essence Scatter": 709, "Into the Story": 1058, "Field of Ruin_SB": 779, "Rush of Adrenaline": 1778, "Channeled Dragonfire": 368, "Stadium Headliner": 2021, "Roil Eruption": 1753, "Reckless Lackey": 1673, "Founding the Third Path": 823, "No One Left Behind": 1469, "Thassa's Oracle": 2155, "Heritage Reclamation": 978, "Riverchurn Monument_SB": 1740, "Roiling Dragonstorm": 1754, "Chandra, Dressed to Kill": 360, "End the Festivities": 684, "Raze the Effigy_SB": 1663, "Midgar, City of Mako": 1363, "Sorceress's Schemes": 1975, "Goblin Chainwhirler": 895, "Leyline of Combustion_SB": 1220, "Halvar, God of Battle_SB": 938, "Unexpected Request_SB": 2310, "Binding the Old Gods": 184, "Tireless Tracker": 2224, "Jaddi Offshoot_SB": 1087, "Linvala, the Preserver_SB": 1259, "The Wandering Minstrel_SB": 2190, "Disdainful Stroke": 569, "Scatter Ray": 1806, "Refute": 1690, "Sinister Sabotage": 1922, "Cornered by Black Mages": 447, "Sunken Hollow": 2077, "Eliminate_SB": 660, "Cry of the Carnarium_SB": 468, "Enter the God-Eternals_SB": 695, "Lotleth Troll": 1280, "Nullhide Ferox": 1479, "Smuggler's Surprise": 1957, "Speaker of the Heavens": 1994, "Delney, Streetwise Lookout": 531, "Leyline of Transformation": 1224, "Forest_SB": 815, "Storm Herald_SB": 2042, "Cartouche of Solidarity_SB": 307, "Void Rend": 2390, "Haunted Dead": 946, "Driven // Despair": 623, "Quag Feast_SB": 1623, "Thunder Magic_SB": 2217, "Storm Herald": 2041, "Disruptive Stormbrood": 575, "Burning Anger": 274, "Colossification": 416, "Auroral Procession": 131, "Omnath, Locus of Creation_SB": 1507, "Coveted Falcon": 451, "Jidoor, Aristocratic Capital": 1094, "Capital City": 299, "Sin, Spira's Punishment": 1921, "Ugin, the Spirit Dragon": 2292, "Forsaken Monument": 818, "Wastes": 2420, "Haven of the Spirit Dragon": 948, "Crystal Grotto": 475, "Warping Wail": 2415, "The Celestus": 2165, "Adventurer's Inn": 39, "Patchwork Automaton_SB": 1552, "Mazemind Tome_SB": 1345, "Languish": 1194, "Ritual of Soot": 1738, "Drag the Canal_SB": 596, "Dwarven Mine": 638, "Dragon Fodder": 597, "Hordeling Outburst": 1003, "Lukka, Coppercoat Outcast": 1285, "Satyr's Cunning": 1800, "Ral's Reinforcements": 1644, "Song of Totentanz": 1973, "Cavalcade of Calamity_SB": 332, "Impact Tremors_SB": 1032, "Mechanized Warfare_SB": 1346, "Torbran, Thane of Red Fell_SB": 2241, "Snow-Covered Swamp_SB": 1967, "Shattered Sanctum_SB": 1880, "Concealed Courtyard_SB": 426, "Shadowy Backstreet_SB": 1868, "Doom Foretold_SB": 587, "Hopeful Vigil_SB": 1001, "(THB) 117_SB": 15, "(DMU) 244_SB": 4, "(WOE) 95_SB": 18, "(M20) 94_SB": 10, "(SLD) 325_SB": 13, "(BRO) 16_SB": 1, "(STX) 72_SB": 14, "(FDN) 704_SB": 7, "(BLB) 83_SB": 0, "(OTJ) 108_SB": 12, "(BRO) 26_SB": 2, "(WOE) 29_SB": 17, "(DAR) 213_SB": 3, "(KLR) 84_SB": 8, "(LCI) 128_SB": 9, "(DSK) 111_SB": 5, "(MID) 112_SB": 11, "(THB) 121_SB": 16, "(FDN) 137_SB": 6, "Resolute Strike": 1709, "Great Arashin City": 914, "Nissa, Voice of Zendikar_SB": 1460, "Elvish Archivist": 669, "Saheeli, Filigree Master_SB": 1784, "Touch the Spirit Realm_SB": 2250, "March of Otherworldly Light_SB": 1321, "Self-Destruct": 1844, "Stormcarved Coast_SB": 2045, "Undead Butler": 2304, "Willow Geist": 2445, "The Aetherspark": 2157, "Curse of Silence_SB": 483, "Miscast_SB": 1373, "Matoya, Archon Elder_SB": 1340, "Blossoming Tortoise": 224, "Blossoming Tortoise_SB": 225, "Summon: Leviathan_SB": 2068, "Aether Channeler": 42, "Aether Channeler_SB": 43, "Leyline of Transformation_SB": 1225, "Ulvenwald Oddity_SB": 2298, "Dread Presence": 608, "Cyclonic Rift_SB": 487, "Sultai Charm_SB": 2064, "Bartolom\u00e9 del Presidio": 160, "Zulaport Cutthroat": 2504, "Fleeting Spirit_SB": 799, "Kinnan, Bonder Prodigy": 1146, "Buster Sword_SB": 282, "The Aetherspark_SB": 2158, "Cloudsteel Kirin_SB": 402, "Wolfwillow Haven_SB": 2467, "Questing Beast_SB": 1625, "Magic Damper": 1303, "Magic Damper_SB": 1304, "Valley Questcaller": 2349, "Choco, Seeker of Paradise": 373, "Sazh's Chocobo": 1804, "Traveling Chocobo": 2260, "Sazh Katzroy": 1803, "Cloudfin Raptor": 400, "Bartz and Boko": 161, "Dazzling Denial": 504, "Ambrosia Whiteheart": 68, "Waker of Waves": 2408, "Discovery // Dispersal": 568, "Consecrate // Consume_SB": 432, "Reduce // Rubble_SB": 1687, "Felothar, Dawn of the Abzan": 774, "Skirmish Rhino": 1930, "Sandsteppe Citadel": 1793, "Blitz of the Thunder-Raptor_SB": 208, "Marang River Regent // Coil and Catch": 1316, "Zirda, the Dawnwaker": 2500, "Svella, Ice Shaper": 2094, "Collision // Colossus_SB": 413, "Lukka, Bound to Ruin_SB": 1284, "Aether Hub": 45, "Power Word Kill": 1599, "Rebel Salvo": 1668, "Nahiri, Heir of the Ancients_SB": 1427, "Dreams of Laguna": 619, "Whir of Invention_SB": 2440, "Peerless Recycling_SB": 1562, "Fateful Absence": 756, "Joust Through_SB": 1099, "Brimaz, King of Oreskos_SB": 262, "Regal Caracal_SB": 1692, "Thunder Magic": 2216, "Absolute Virtue_SB": 27, "Mystic Sanctuary": 1424, "Broken Bond_SB": 265, "Lush Oasis": 1289, "Fire Prophecy_SB": 789, "Cloud, Midgar Mercenary_SB": 399, "Mirrorshell Crab_SB": 1372, "Vanquish the Horde_SB": 2359, "Moment of Craving": 1386}}