{"vocabulary": {"Abrupt Decay": 6, "Blazemire Verge": 215, "Breeding Pool": 276, "Bring to Light": 286, "Deafening Clarion": 558, "Elenda, Saint of Dusk": 726, "Fable of the Mirror-Breaker": 811, "Fabled Passage": 813, "Floodfarm Verge": 894, "Forest": 910, "Godless Shrine": 1053, "Hallowed Fountain": 1104, "Hostage Taker": 1190, "Hushwood Verge": 1203, "Indatha Triome": 1220, "Island": 1267, "Jetmir's Garden": 1291, "Ketria Triome": 1350, "Knight of Autumn": 1363, "Kolaghan's Command": 1377, "Leyline Binding": 1427, "Lightning Helix": 1451, "Mountain": 1631, "Nahiri, the Harbinger": 1654, "Niv-Mizzet Reborn": 1695, "Niv-Mizzet, Supreme": 1698, "Omnath, Locus of Creation": 1749, "Overgrown Tomb": 1782, "Pillage the Bog": 1848, "Plains": 1853, "Raffine's Tower": 1922, "Raugrin Triome": 1951, "Sacred Foundry": 2096, "Savai Triome": 2110, "Spara's Headquarters": 2328, "Steam Vents": 2374, "Stomping Ground": 2386, "Sunfall": 2420, "Swamp": 2443, "Sylvan Caryatid": 2454, "Unmoored Ego": 2722, "Up the Beanstalk": 2732, "Valki, God of Lies": 2753, "Vanishing Verse": 2762, "Watery Grave": 2838, "Ziatora's Proving Ground": 2927, "Casualties of War_SB": 357, "Deafening Clarion_SB": 559, "Dovin's Veto_SB": 653, "Elenda, Saint of Dusk_SB": 727, "Fatal Push_SB": 836, "Kambal, Consul of Allocation_SB": 1311, "Rest in Peace_SB": 2015, "Yasharn, Implacable Earth_SB": 2905, "Yorion, Sky Nomad_SB": 2911, "Atraxa, Grand Unifier": 123, "Bitter Triumph": 204, "Blackcleave Cliffs": 206, "Blightstep Pathway": 222, "Blood Crypt": 225, "Case of the Stashed Skeleton": 346, "Cling to Dust": 437, "Duress": 693, "Extinction Event": 803, "Fatal Push": 835, "Fountainport": 923, "Haunted Ridge": 1123, "Heartless Act": 1138, "Mutavault": 1645, "Ob Nixilis, the Adversary": 1727, "Reckoner Bankbuster": 1976, "Sokenzan, Crucible of Defiance": 2304, "Sulfurous Springs": 2413, "Thoughtseize": 2576, "Torch the Tower": 2625, "Transmogrify": 2644, "Urborg, Tomb of Yawgmoth": 2738, "Volcanic Spite": 2801, "Chandra's Defeat_SB": 393, "Damping Sphere_SB": 537, "Duress_SB": 694, "Go Blank_SB": 1027, "Hidetsugu Consumes All_SB": 1165, "Jegantha, the Wellspring_SB": 1288, "Ob Nixilis, the Adversary_SB": 1728, "Reckoner Bankbuster_SB": 1977, "Unlicensed Hearse_SB": 2719, "Untimely Malfunction_SB": 2729, "Bloodtithe Harvester": 235, "Blooming Marsh": 236, "Cauldron Familiar": 363, "Claim the Firstborn": 427, "Deadly Dispute": 556, "Mayhem Devil": 1551, "Scavenger's Talent": 2120, "Witch's Oven": 2872, "Ygra, Eater of All": 2908, "Ghost Vacuum_SB": 984, "Haywire Mite_SB": 1126, "Thoughtseize_SB": 2577, "Torch the Tower_SB": 2626, "Arclight Phoenix": 101, "Artist's Talent": 104, "Consider": 473, "Fiery Impulse": 870, "Into the Flood Maw": 1246, "Lightning Axe": 1449, "Opt": 1757, "Otawara, Soaring City": 1770, "Picklock Prankster": 1843, "Proft's Eidetic Memory": 1886, "Riverglide Pathway": 2049, "Shivan Reef": 2219, "Sleight of Hand": 2279, "Spell Pierce": 2334, "Spirebluff Canal": 2351, "Stormcarved Coast": 2389, "Treasure Cruise": 2651, "Abrade_SB": 5, "Anger of the Gods_SB": 64, "Annul_SB": 71, "Brazen Borrower_SB": 274, "Ledger Shredder_SB": 1418, "Mystical Dispute_SB": 1650, "Negate_SB": 1669, "Proft's Eidetic Memory_SB": 1887, "Third Path Iconoclast_SB": 2565, "Anointed Peacekeeper": 74, "Archon of Emeria": 98, "Aven Interrupter": 131, "Brushland": 295, "Collected Company": 444, "Eiganjo, Seat of the Empire": 716, "Elvish Mystic": 740, "Enduring Innocence": 757, "Kellan, Daring Traveler": 1339, "Llanowar Elves": 1473, "Razorverge Thicket": 1959, "Restless Prairie": 2019, "Shefet Dunes": 2204, "Skyclave Apparition": 2265, "Temple Garden": 2489, "Thalia, Guardian of Thraben": 2514, "Virtue of Loyalty": 2782, "Werefox Bodyguard": 2851, "Anointed Peacekeeper_SB": 75, "Brutal Cathar_SB": 297, "Dromoka's Command_SB": 685, "Gideon, Ally of Zendikar_SB": 995, "Kutzil's Flanker_SB": 1400, "Portable Hole_SB": 1869, "Werefox Bodyguard_SB": 2852, "Cavern of Souls": 374, "Get Lost": 975, "Glacial Fortress": 1003, "Gloomlake Verge": 1017, "Mana Confluence": 1521, "Nylea's Presence": 1723, "Overlord of the Floodpits": 1786, "Overlord of the Hauntwoods": 1787, "Overlord of the Mistmoors": 1788, "Sunpetal Grove": 2427, "Woodland Cemetery": 2890, "Yorion, Sky Nomad": 2910, "Zagoth Triome": 2920, "Zur, Eternal Schemer": 2933, "Elspeth's Smite_SB": 734, "Emrakul, the Promised End_SB": 749, "Leyline of Sanctity_SB": 1433, "Thought Distortion_SB": 2572, "Callous Sell-Sword": 323, "Claim // Fame": 425, "Den of the Bugbear": 591, "Emberheart Challenger": 743, "Heartfire Hero": 1136, "Infuriate": 1225, "Kumano Faces Kakkazan": 1395, "Manifold Mouse": 1522, "Monastery Swiftspear": 1617, "Monstrous Rage": 1619, "Ramunap Ruins": 1944, "Reckless Rage": 1972, "Slickshot Show-Off": 2282, "Turn Inside Out": 2670, "Feed the Swarm_SB": 855, "Hazoret the Fervent_SB": 1129, "Reckless Rage_SB": 1973, "Screaming Nemesis_SB": 2135, "Adeline, Resplendent Cathar": 18, "Coppercoat Vanguard": 483, "Dauntless Bodyguard": 544, "Declaration in Stone": 573, "Extraction Specialist": 807, "Fortified Beachhead": 914, "Hopeful Initiate": 1184, "Mockingbird": 1606, "Recruitment Officer": 1980, "Reflector Mage": 1987, "Seachrome Coast": 2140, "Thalia's Lieutenant": 2513, "Containment Priest_SB": 480, "Declaration in Stone_SB": 574, "Get Lost_SB": 976, "Reflector Mage_SB": 1988, "Sheltered by Ghosts_SB": 2207, "Wedding Announcement_SB": 2847, "Battlefield Forge": 176, "Boltwave": 242, "Boros Charm": 255, "Burst Lightning": 311, "Eidolon of the Great Revel": 714, "Ghitu Lavarunner": 981, "Inspiring Vantage": 1238, "Light Up the Stage": 1445, "Skewer the Critics": 2259, "Roiling Vortex_SB": 2066, "Searing Blood_SB": 2147, "Beza, the Bounding Spring": 193, "Caretaker's Talent": 334, "Carrot Cake": 338, "Castle Ardenvale": 351, "Demolition Field": 585, "Emeria's Call": 746, "Field of Ruin": 866, "March of Otherworldly Light": 1527, "Portable Hole": 1868, "Sunken Citadel": 2423, "The Wandering Emperor": 2553, "Wedding Announcement": 2846, "Destroy Evil_SB": 605, "Elspeth, Sun's Champion_SB": 738, "Heliod's Intervention_SB": 1144, "High Noon_SB": 1169, "Knockout Blow_SB": 1372, "Season of the Burrow_SB": 2151, "Archfiend of the Dross": 94, "Go for the Throat": 1029, "Takenuma, Abandoned Mire": 2464, "Unholy Annex && Ritual Chamber": 2709, "Unstoppable Slasher": 2725, "Extinction Event_SB": 804, "Invoke Despair_SB": 1262, "Withering Torment_SB": 2880, "Arboreal Grazer": 86, "Arid Archway": 102, "Boseiju, Who Endures": 260, "Branchloft Pathway": 268, "Clifftop Lookout": 435, "Conduit Pylons": 470, "Fecund Greenshell": 850, "Gilded Goose": 998, "Gwenna, Eyes of Gaea": 1098, "Insidious Fungus": 1235, "Lair of the Hydra": 1404, "Lush Portico": 1502, "Outcaster Greenblade": 1775, "Pawpatch Formation": 1816, "Deafening Silence_SB": 561, "Elspeth Conquers Death_SB": 732, "Ascendant Spirit": 105, "Curious Obsession": 532, "Faceless Haven": 815, "Geistlight Snare": 972, "Mausoleum Wanderer": 1549, "Plumecreed Escort": 1860, "Rattlechains": 1948, "Shacklegeist": 2184, "Snow-Covered Island": 2299, "Spectral Sailor": 2332, "Supreme Phantom": 2433, "Fading Hope_SB": 819, "Icon of Ancestry_SB": 1206, "Lofty Denial_SB": 1477, "Unable to Scream_SB": 2696, "Banner of Kinship": 164, "Circle of Dreams Druid": 421, "Dwynen's Elite": 701, "Elvish Archdruid": 739, "Elvish Warmaster": 741, "Jaspera Sentinel": 1285, "Leaf-Crowned Visionary": 1416, "Llanowar Wastes": 1475, "Three Tree City": 2588, "Tyvar, the Pummeler": 2684, "Shapers' Sanctuary_SB": 2195, "Blade of the Oni": 210, "Fear of Missing Out": 846, "Sheoldred, the Apocalypse": 2210, "Anoint with Affliction_SB": 73, "Titan's Strength": 2611, "Claim // Fame_SB": 426, "Dreadmaw's Ire": 672, "Heartless Act_SB": 1139, "Bitter Triumph_SB": 205, "Kolaghan's Command_SB": 1378, "Molten Collapse_SB": 1611, "Pawpatch Formation_SB": 1817, "Bishop of Wings": 199, "Giada, Font of Hope": 987, "Kayla's Reconstruction": 1332, "Resplendent Angel": 2012, "Righteous Valkyrie": 2037, "Aven Interrupter_SB": 132, "Back to Nature_SB": 145, "Elesh Norn, Mother of Machines_SB": 729, "Needleverge Pathway": 1667, "Soul-Scar Mage": 2321, "Deflecting Palm_SB": 582, "Exquisite Firecraft_SB": 802, "Magebane Lizard_SB": 1513, "Rending Volley_SB": 2005, "Skullcrack_SB": 2264, "The Wandering Emperor_SB": 2554, "Case of the Gateway Express": 344, "Gleeful Demolition": 1012, "Imodane's Recruiter": 1213, "Knight-Errant of Eos": 1370, "Novice Inspector": 1711, "Resolute Reinforcements": 2011, "Soul Partition": 2315, "Thraben Inspector": 2581, "Venerated Loxodon": 2770, "Voldaren Epicure": 2803, "Warden of the Inner Sky": 2828, "Invasion of Gobakhan_SB": 1255, "Sheoldred's Edict_SB": 2209, "Flicker of Fate": 891, "Farewell_SB": 833, "Pick Your Poison_SB": 1842, "Spikefield Hazard": 2346, "Lightning Helix_SB": 1452, "Withering Torment": 2879, "Enigmatic Incarnation": 762, "Kutzil's Flanker": 1399, "Linvala, the Preserver": 1465, "Nowhere to Run": 1712, "Overlord of the Boilerbilges": 1785, "Archon of Emeria_SB": 99, "Ruric Thar, the Unbowed_SB": 2091, "Glasspool Mimic": 1009, "Noxious Gearhulk": 1714, "Brazen Borrower": 273, "Clearwater Pathway": 432, "Darkslick Shores": 542, "Enduring Curiosity": 755, "Faerie Miscreant": 825, "Floodpits Drowner": 895, "Kaito, Bane of Nightmares": 1304, "Moon-Circuit Hacker": 1623, "Ornithopter": 1763, "Spyglass Siren": 2362, "Underground River": 2704, "Cut Down_SB": 536, "Disdainful Stroke_SB": 624, "Enduring Curiosity_SB": 756, "Go for the Throat_SB": 1030, "Hive of the Eye Tyrant": 1174, "The Meathook Massacre_SB": 2538, "Elite Spellbinder_SB": 731, "Maelstrom Pulse": 1507, "Notion Thief_SB": 1710, "Aloe Alchemist": 47, "Atarka's Command": 121, "Burning-Tree Emissary": 308, "Copperline Gorge": 484, "Cunning Coyote": 529, "Karplusan Forest": 1319, "Play with Fire": 1856, "Reckless Bushwhacker": 1969, "Thornspire Verge": 2570, "Zurgo Bellstriker": 2935, "Claim the Firstborn_SB": 428, "Destructive Revelry_SB": 606, "Grafdigger's Cage_SB": 1067, "Redcap Melee_SB": 1983, "Wizard's Lightning": 2883, "End the Festivities_SB": 752, "Goblin Chainwhirler_SB": 1036, "Kari Zev's Expertise_SB": 1316, "Rampaging Ferocidon_SB": 1942, "Razorkin Needlehead_SB": 1956, "Sunspine Lynx_SB": 2432, "Witchstalker Frenzy_SB": 2875, "Ancient Cornucopia": 59, "Wear // Tear_SB": 2841, "Bloodletter of Aclazotz": 232, "Restless Vents": 2023, "Path of Peril_SB": 1813, "Narset, Parter of Veils_SB": 1660, "Temporary Lockdown_SB": 2500, "Metropolis Reformer": 1575, "Metropolis Reformer_SB": 1576, "Adarkar Wastes": 17, "Assimilation Aegis": 120, "Brass Knuckles": 269, "Fabrication Foundry": 814, "Hengegate Pathway": 1150, "Ingenious Smith": 1227, "Inventors' Fair": 1259, "Lavaspur Boots": 1410, "Leyline Axe": 1426, "Metalwork Colossus": 1571, "Moonsnare Prototype": 1625, "Sanctum of Ugin": 2103, "Simulacrum Synthesizer": 2251, "The Irencrag": 2535, "Metallic Rebuke_SB": 1570, "Mystic Forge_SB": 1647, "Bushwhack": 313, "Cragcrown Pathway": 501, "Innkeeper's Talent": 1228, "Pawpatch Recruit": 1818, "Questing Druid": 1909, "Rockface Village": 2061, "Screaming Nemesis": 2134, "Thud": 2592, "Pyroclasm_SB": 1903, "Urabrask's Forge_SB": 2735, "Sheltered by Ghosts": 2206, "Slip Out the Back": 2284, "Spell Queller": 2336, "Enduring Innocence_SB": 758, "Split Up_SB": 2357, "Authority of the Consuls": 129, "Lay Down Arms": 1413, "Nykthos, Shrine to Nyx": 1721, "Split Up": 2356, "Beza, the Bounding Spring_SB": 194, "Divine Smite_SB": 637, "Hallowed Moonlight_SB": 1106, "Hall of Storm Giants": 1103, "Ledger Shredder": 1417, "Aether Gust_SB": 25, "Crackling Drake_SB": 499, "Pithing Needle_SB": 1852, "Prismari Command_SB": 1883, "Thing in the Ice_SB": 2562, "Soul-Guide Lantern_SB": 2320, "Faerie Mastermind": 823, "Graveyard Trespasser": 1072, "Graveyard Trespasser_SB": 1073, "Leyline of the Void_SB": 1436, "Bonecrusher Giant": 247, "Sheoldred, the Apocalypse_SB": 2211, "Loran of the Third Path_SB": 1484, "Reidane, God of the Worthy_SB": 1997, "Blossoming Defense": 237, "Hired Claw": 1172, "Kellan, Planar Trailblazer": 1340, "Witchstalker Frenzy": 2874, "Twisted Fealty_SB": 2678, "Castle Locthwain": 354, "Furnace Reins_SB": 946, "Emry, Lurker of the Loch": 750, "Jeskai Ascendancy": 1289, "Mishra's Research Desk": 1600, "Mox Amber": 1632, "Restless Spire": 2022, "Retraction Helix": 2025, "Rona, Herald of Invasion": 2068, "Thundertrap Trainer": 2596, "Tormod's Crypt": 2628, "Valley Floodcaller": 2754, "Radiant Flames_SB": 1920, "Spell Pierce_SB": 2335, "Surge of Salvation_SB": 2439, "Ancestral Anger": 58, "Defiant Strike": 581, "Favored Hoplite": 840, "Homestead Courage": 1178, "Illuminator Virtuoso": 1211, "Shardmage's Rescue": 2196, "Light of Hope_SB": 1447, "Loran's Escape_SB": 1486, "Caustic Bronco": 364, "Caves of Koilos": 376, "Concealed Courtyard": 466, "Shattered Sanctum": 2201, "Blood Baron of Vizkopa_SB": 224, "Pest Control_SB": 1829, "Archdruid's Charm": 91, "Bala Ged Recovery": 148, "Dark Petition": 539, "Emergent Ultimatum": 744, "Fae of Wishes": 820, "Hidden Strings": 1163, "Lier, Disciple of the Drowned": 1438, "Lotus Field": 1493, "Omniscience": 1751, "Pore Over the Pages": 1865, "Strict Proctor": 2402, "Sylvan Scrying": 2457, "Thespian's Stage": 2558, "Vizier of Tumbling Sands": 2791, "Approach of the Second Sun_SB": 80, "Dragonlord Dromoka_SB": 658, "Emergent Ultimatum_SB": 745, "Nine Lives_SB": 1686, "Silence_SB": 2238, "Zacama, Primal Calamity_SB": 2918, "Galvanic Iteration": 953, "Temporal Trespass": 2498, "Thassa's Oracle": 2518, "Beacon Bolt_SB": 177, "Thassa's Oracle_SB": 2519, "Anoint with Affliction": 72, "Eldrazi Displacer": 720, "Cathar Commando_SB": 359, "Brutal Cathar": 296, "Ashiok, Dream Render_SB": 108, "Languish_SB": 1406, "Cache Grab": 316, "Camellia, the Seedmiser": 325, "Darkbore Pathway": 541, "Traverse the Ulvenwald": 2648, "Vinereap Mentor": 2779, "Abrupt Decay_SB": 7, "Maelstrom Pulse_SB": 1508, "Indomitable Creativity": 1221, "Raucous Theater": 1950, "Titan of Industry": 2609, "Valgavoth, Terror Eater": 2750, "Worldspine Wurm_SB": 2894, "Xenagos, God of Revels_SB": 2901, "Cryptic Coat": 522, "Darksteel Citadel": 543, "Ensoul Artifact": 763, "Inti, Seneschal of the Sun": 1242, "Legion Extruder": 1421, "Shadowspear": 2188, "Shrapnel Blast": 2230, "Smuggler's Copter": 2291, "Voltage Surge_SB": 2808, "Glistening Deluge_SB": 1016, "Sphinx of the Final Word_SB": 2341, "Voyaging Satyr_SB": 2814, "Cacophony Scamp": 317, "Fervent Champion": 862, "Leyline of Resonance": 1432, "Snakeskin Veil": 2295, "Mystic Repeal_SB": 1648, "Voice of Resurgence": 2793, "Deep-Cavern Bat": 576, "Preacher of the Schism": 1877, "Prosperous Thief": 1893, "Rottenmouth Viper": 2072, "Kalitas, Traitor of Ghet_SB": 1309, "Misery's Shadow_SB": 1598, "Reasonable Doubt_SB": 1967, "Rottenmouth Viper_SB": 2073, "Lion Sash": 1467, "Knight of Autumn_SB": 1364, "Elegant Parlor": 725, "Greasefang, Okiba Boss": 1075, "Kroxa, Titan of Death's Hunger": 1393, "Overlord of the Balemurk": 1783, "Parhelion II": 1807, "Shadowy Backstreet": 2190, "Skysovereign, Consul Flagship": 2272, "Vanishing Verse_SB": 2763, "Brotherhood's End_SB": 294, "Lightning Strike": 1454, "Razorkin Needlehead": 1955, "Dreadmaw's Ire_SB": 673, "Ingenious Prodigy": 1226, "Kaito Shizuki": 1302, "Restless Reef": 2020, "Nighthawk Scavenger_SB": 1680, "Topplegeist": 2623, "March of Otherworldly Light_SB": 1528, "No More Lies_SB": 1702, "Anger of the Gods": 63, "Censor": 383, "Deduce": 575, "Dig Through Time": 616, "Phantom Interference": 1831, "Roaring Furnace && Steaming Sauna": 2054, "Shark Typhoon": 2198, "Three Steps Ahead": 2586, "Valakut Awakening": 2747, "Xander's Lounge": 2899, "Niv-Mizzet, Parun_SB": 1697, "Niv-Mizzet, Visionary_SB": 1700, "Shark Typhoon_SB": 2199, "Anguished Unmaking": 66, "Brightclimb Pathway": 280, "Liliana of the Veil": 1457, "Oath of Kaya": 1724, "Shambling Vent": 2193, "Blessed Alliance_SB": 219, "Day of Judgment_SB": 549, "Battle Cry Goblin": 173, "Brass's Tunnel-Grinder": 270, "Conspicuous Snoop": 476, "Fireblade Charger": 879, "Goblin Instigator": 1038, "Raise the Past": 1924, "Rundvelt Hordemaster": 2085, "Searslicer Goblin": 2148, "Skirk Prospector": 2260, "Case of the Crimson Pulse_SB": 342, "Strict Proctor_SB": 2403, "Annul": 70, "Fiery Impulse_SB": 871, "Hazoret the Fervent": 1128, "Molten Collapse": 1610, "Torpor Orb_SB": 2630, "No More Lies": 1701, "Thing in the Ice": 2561, "Izzet Charm": 1274, "Young Pyromancer_SB": 2915, "Change the Equation_SB": 405, "Unholy Annex // Ritual Chamber": 2711, "Cling to Dust_SB": 438, "Elesh Norn, Mother of Machines": 728, "Chandra, Awakened Inferno_SB": 396, "Klothys, God of Destiny": 1361, "Krenko's Buzzcrusher_SB": 1387, "The Stone Brain_SB": 2552, "Plumecreed Escort_SB": 1861, "Witness Protection_SB": 2882, "Archfiend of the Dross_SB": 95, "High Noon": 1168, "Dovin's Veto": 652, "Clifftop Retreat": 436, "Sulfur Falls": 2412, "Hullbreaker Horror_SB": 1199, "Heaped Harvest": 1135, "Charming Prince": 408, "Risen Reef": 2044, "Kenrith, the Returned King": 1344, "Tolsimir, Friend to Wolves": 2619, "Kroxa and Kunoros": 1392, "Thassa, God of the Sea": 2520, "Hedge Maze": 1140, "Thundering Falls": 2595, "Undercity Sewers": 2702, "Meticulous Archive": 1574, "Settle the Wreckage": 2181, "Omen of the Sea": 1746, "Memory Deluge": 1559, "Courier's Briefcase": 495, "Supreme Verdict_SB": 2435, "Settle the Wreckage_SB": 2182, "Mirrex": 1592, "Giant Killer_SB": 991, "Thalia, Guardian of Thraben_SB": 2515, "Case of the Gateway Express_SB": 345, "Requisition Raid_SB": 2010, "Castle Garenbrig": 353, "Cavalier of Thorns": 370, "Kiora, Behemoth Beckoner": 1353, "Old-Growth Troll": 1740, "Storm the Festival": 2388, "Ulvenwald Oddity": 2692, "Invasion of Ixalan": 1256, "Polukranos Reborn": 1863, "Leyline of the Guildpact": 1434, "Outcaster Trailblazer": 1776, "Tranquil Frillback_SB": 2642, "Cityscape Leveler_SB": 424, "Prowling Serpopard_SB": 1896, "Setessan Petitioner_SB": 2179, "Arasta of the Endless Web_SB": 85, "Slaughter Games": 2274, "Slaughter Games_SB": 2275, "Castle Vantress": 356, "Supreme Verdict": 2434, "Narset, Parter of Veils": 1659, "Teferi, Hero of Dominaria": 2486, "Restless Anchorage": 2016, "Temporary Lockdown": 2499, "Dust Animus_SB": 700, "Baneslayer Angel_SB": 158, "Tibalt's Trickery": 2597, "Tibalt's Trickery_SB": 2598, "Blot Out_SB": 239, "Neoform": 1670, "Tasigur, the Golden Fang": 2480, "Hooting Mandrills": 1182, "Stubborn Denial": 2406, "Botanical Sanctum": 263, "Otherworldly Gaze": 1773, "Founding the Third Path": 921, "Wail of the Forgotten": 2820, "Ray of Enfeeblement_SB": 1953, "Authority of the Consuls_SB": 130, "Heroic Intervention_SB": 1160, "Into the Flood Maw_SB": 1247, "Change the Equation": 404, "Farewell": 832, "Deserted Beach": 599, "Drown in the Loch": 687, "Negate": 1668, "Shipwreck Marsh": 2218, "Sheoldred's Edict": 2208, "Torrential Gearhulk": 2631, "Deadly Cover-Up": 554, "Chrome Host Seedshark_SB": 417, "Stern Dismissal": 2378, "Jwari Disruption": 1298, "Jace, Wielder of Mysteries_SB": 1282, "Stern Dismissal_SB": 2379, "Haywire Mite": 1125, "Ashiok, Nightmare Muse": 109, "Geier Reach Sanitarium": 971, "Expedition Map": 793, "Unholy Annex && Ritual Chamber_SB": 2710, "Chainsaw": 387, "Fountainport Bell": 924, "Glint-Nest Crane": 1013, "Hammer of Purphoros": 1107, "Urabrask's Forge": 2734, "Bonny Pall, Clearcutter": 249, "Rabid Gnaw": 1918, "Hostile Hostel": 1191, "Voracious Hydra": 2810, "Scrapshooter_SB": 2132, "Tail Swipe_SB": 2462, "Vraska, Golgari Queen": 2818, "Dreams of Steel and Oil_SB": 681, "Combat Research": 458, "Lofty Denial": 1476, "Triton Tactics_SB": 2662, "Bond of Insight": 246, "Wish": 2871, "Filter Out_SB": 876, "Lier, Disciple of the Drowned_SB": 1439, "Narset's Reversal_SB": 1658, "Oath of Nissa": 1725, "Nylea's Intervention_SB": 1722, "Obstinate Baloth_SB": 1733, "Polukranos Reborn_SB": 1864, "Tormod's Crypt_SB": 2629, "Invoke Despair": 1261, "Restless Fortress": 2018, "Dreadhorde Arcanist": 669, "Soulstone Sanctuary": 2327, "Abyssal Harvester": 9, "Clockwork Percussionist": 439, "Experimental Synthesizer": 800, "Cindervines_SB": 420, "Shrapnel Blast_SB": 2231, "Drowned Catacomb": 688, "Barrier Breach_SB": 169, "Ral, Crackling Wit_SB": 1934, "Sorin, Vengeful Bloodlord_SB": 2314, "Peer into the Abyss": 1822, "Scattered Groves": 2117, "Arboreal Grazer_SB": 87, "Grand Abolisher_SB": 1068, "Memory Deluge_SB": 1560, "Nine Lives": 1685, "Path of Peril": 1812, "Soul Partition_SB": 2316, "All That Glitters": 46, "Audacity": 126, "Cartouche of Solidarity": 339, "Ethereal Armor": 786, "Gladecover Scout": 1004, "Gryff's Boon": 1090, "Kaya's Ghostform": 1326, "Light-Paws, Emperor's Voice": 1448, "Sentinel's Eyes": 2174, "Sixth Sense": 2258, "Skrelv, Defector Mite": 2262, "Sram, Senior Edificer": 2366, "Adanto Vanguard_SB": 16, "Alpha Authority_SB": 49, "Kroxa, Titan of Death's Hunger_SB": 1394, "Brave the Elements": 271, "Thalia, Heretic Cathar": 2516, "Alpha Authority": 48, "Hushbringer_SB": 1202, "Vein Ripper": 2768, "Assassin's Trophy": 117, "Selfless Glyphweaver": 2167, "Thought Erasure": 2573, "Unmoored Ego_SB": 2723, "Metallic Rebuke": 1569, "Spring-Loaded Sawblades": 2360, "Karn, Scion of Urza_SB": 1318, "Galvanic Iteration_SB": 954, "Elspeth's Smite": 733, "Sunfall_SB": 2421, "Kaya's Ghostform_SB": 1327, "Lithomantic Barrage_SB": 1470, "Questing Druid_SB": 1910, "Wear Down_SB": 2842, "Fable of the Mirror-Breaker_SB": 812, "Metamorphic Alteration_SB": 1573, "Culling Ritual": 526, "Hinterland Harbor": 1171, "Isolated Chapel": 1270, "Pest Control": 1828, "Hallowed Moonlight": 1105, "Kaheera, the Orphanguard_SB": 1301, "Blood Baron of Vizkopa": 223, "Yasharn, Implacable Earth": 2904, "Culling Ritual_SB": 527, "Satoru, the Infiltrator": 2108, "Crystal Barricade_SB": 525, "Bristlebud Farmer": 287, "Restless Cottage": 2017, "Tear Asunder_SB": 2482, "Trail of Crumbs_SB": 2639, "Cry of the Carnarium_SB": 519, "March of Wretched Sorrow_SB": 1532, "Tenacious Underdog_SB": 2503, "Big Score": 195, "Zombify": 2930, "Chandra, Acolyte of Flame_SB": 395, "Turn the Earth_SB": 2672, "Kytheon, Hero of Akros": 1403, "Feed the Swarm": 854, "Impulse": 1217, "Abhorrent Oculus": 2, "Angel of Serenity": 62, "Rootbound Crag": 2069, "Ruric Thar, the Unbowed": 2090, "Zur, Eternal Schemer_SB": 2934, "Yavimaya Coast": 2907, "Invasion of Gobakhan": 1254, "Katilda, Dawnhart Martyr": 1321, "Skyclave Apparition_SB": 2266, "Demilich": 583, "Careful Cultivation": 333, "Chandra, Acolyte of Flame": 394, "The Witch's Vanity": 2556, "Sire of Insanity_SB": 2255, "Titan of Industry_SB": 2610, "Dromoka's Command": 684, "Elite Spellbinder": 730, "Boseiju, Who Endures_SB": 261, "Bala Ged Recovery_SB": 149, "Giant Killer": 990, "Beseech the Mirror": 190, "Prismari Command": 1882, "Vaultborn Tyrant": 2766, "Lightning Axe_SB": 1450, "Mazemind Tome": 1553, "Varragoth, Bloodsky Sire": 2765, "Liliana of the Veil_SB": 1458, "March of Wretched Sorrow": 1531, "Underground Mortuary": 2703, "Beanstalk Giant": 178, "Clever Impersonator": 433, "Consign // Oblivion": 474, "Greater Tanuki": 1077, "Herd Migration": 1156, "Push // Pull": 1899, "Quintorius Kand": 1915, "Release to the Wind": 1998, "Spark Double": 2329, "Spinewoods Armadillo": 2347, "Trumpeting Carnosaur": 2666, "Virtue of Persistence": 2784, "Bedeck // Bedazzle_SB": 182, "Gyruda, Doom of Depths_SB": 1100, "Keruga, the Macrosage_SB": 1346, "Mirrorshell Crab_SB": 1595, "Realm-Cloaked Giant_SB": 1965, "Virtue of Persistence_SB": 2785, "The End_SB": 2530, "Dowsing Device": 654, "Spell Stutter": 2337, "Fortune, Loyal Steed": 916, "Parting Gust": 1808, "Sanguine Evangelist": 2106, "Scavenging Ooze": 2122, "Selfless Spirit": 2170, "Skyknight Squire": 2269, "Inspiring Overseer": 1237, "Llanowar Visionary": 1474, "Youthful Valkyrie": 2916, "Weathered Runestone_SB": 2843, "Burst Lightning_SB": 312, "Atraxa, Grand Unifier_SB": 124, "Calix, Guided by Fate": 319, "Jukai Naturalist": 1296, "Overgrown Farmland": 1781, "Royal Treatment": 2076, "Seal Away": 2141, "Seal Away_SB": 2142, "Ajani, Caller of the Pride": 39, "Burrowguard Mentor": 310, "Dryad Militant": 690, "Fleecemane Lion": 889, "Kutzil, Malamet Exemplar": 1401, "Melira, the Living Cure": 1557, "Wilt-Leaf Liege": 2865, "Sundown Pass": 2419, "Westvale Abbey": 2854, "Warping Wail_SB": 2831, "Guardian of Faith_SB": 1092, "Nahiri, the Harbinger_SB": 1655, "Chained to the Rocks": 385, "Sunset Revelry_SB": 2429, "Cosmic Rebirth": 491, "Tolsimir, Friend to Wolves_SB": 2620, "Barkchannel Pathway": 167, "Dreamdew Entrancer": 678, "Emrakul, the Promised End": 748, "Sire of Seven Deaths": 2256, "Spelunking": 2339, "Keen-Eyed Curator_SB": 1338, "Tyrranax Rex_SB": 2681, "Niv-Mizzet, Supreme_SB": 1699, "The Scarab God": 2546, "Magma Opus": 1514, "Creative Outburst": 509, "Roaring Furnace // Steaming Sauna": 2056, "Horned Loch-Whale": 1187, "Vanquish the Horde_SB": 2764, "Connive // Concoct_SB": 472, "Torrential Gearhulk_SB": 2632, "Summary Dismissal_SB": 2414, "Grisly Salvage": 1083, "Can't Stay Away": 327, "Stitcher's Supplier": 2382, "Esika's Chariot": 777, "Oracle of Tragedy": 1760, "Evangel of Synthesis": 787, "Nighthawk Scavenger": 1679, "Urborg Scavengers": 2737, "Questing Beast": 1907, "Samut, Voice of Dissent": 2102, "Soulflayer": 2323, "Striped Riverwinder": 2404, "Zetalpa, Primal Dawn": 2925, "Fatal Grudge": 834, "Necromentia_SB": 1664, "Think Twice": 2563, "Urza's Sylex": 2742, "Sphinx's Revelation_SB": 2343, "Doppelgang_SB": 651, "Commit // Memory": 462, "Saheeli, Sublime Artificer_SB": 2098, "Herald of Eternal Dawn": 1151, "Hullbreaker Horror": 1198, "Irrigated Farmland": 1265, "The End": 2529, "Boltwave_SB": 243, "Day's Undoing": 550, "Deathcap Glade": 563, "Echoing Deeps": 706, "Festering Gulch": 863, "Gingerbread Cabin": 999, "Hidden Necropolis": 1161, "Mystic Sanctuary": 1649, "Outrageous Robbery": 1778, "Scapeshift": 2116, "Sentinel of the Nameless City": 2172, "Splendid Reclamation": 2355, "Urgent Necropsy": 2740, "Glissa Sunslayer_SB": 1015, "Outrageous Robbery_SB": 1779, "Ritual of Soot_SB": 2048, "Ulamog, the Ceaseless Hunger": 2688, "Go Blank": 1026, "Indomitable Creativity_SB": 1222, "Raffine's Informant": 1921, "Glissa Sunslayer": 1014, "Witherbloom Command": 2877, "Mech Hangar": 1555, "Collective Brutality_SB": 447, "Spinner of Souls": 2348, "Bedeck // Bedazzle": 181, "Roaring Furnace // Steaming Sauna_SB": 2057, "Chandra, Hope's Beacon": 399, "Discontinuity": 623, "Temple of Mystery": 2494, "Hope Tender_SB": 1183, "Ugin, the Spirit Dragon_SB": 2687, "Chandra, Hope's Beacon_SB": 400, "Nezahal, Primal Tide_SB": 1672, "Heliod's Intervention": 1143, "Legion's Landing": 1425, "Maskwood Nexus": 1542, "Rest in Peace": 2014, "Volatile Fault": 2800, "Veteran Survivor": 2774, "Obliterating Bolt_SB": 1730, "Kinnan, Bonder Prodigy": 1351, "Acererak the Archlich": 12, "Honest Rutstein": 1179, "Relic of Legends": 2000, "Plaza of Heroes": 1859, "Tranquil Frillback": 2641, "Assassin's Trophy_SB": 118, "Slogurk, the Overslime": 2286, "Tamiyo's Safekeeping_SB": 2471, "Agatha's Soul Cauldron_SB": 35, "Otawara, Soaring City_SB": 1771, "Cease // Desist_SB": 378, "Balustrade Wurm": 152, "Reality Shift": 1962, "Slickshot Show-Off_SB": 2283, "Agent of Treachery": 36, "Heliod, the Radiant Dawn": 1145, "Nimble Larcenist": 1683, "Moon-Blessed Cleric": 1622, "Deputy of Detention": 595, "Fires of Invention": 881, "Fry_SB": 940, "Reckless Stormseeker": 1974, "Voldaren Thrillseeker": 2804, "Embercleave": 742, "Obliterating Bolt": 1729, "The Huntsman's Redemption": 2534, "The Akroan War": 2521, "Gruul Charm_SB": 1087, "The Akroan War_SB": 2522, "Lukka, Bound to Ruin_SB": 1496, "Outland Liberator_SB": 1777, "Spinner of Souls_SB": 2349, "Thrun, Breaker of Silence_SB": 2591, "Angel of Invention": 61, "Combat Celebrant": 457, "Fallaji Archaeologist": 828, "God-Pharaoh's Gift": 1052, "Kiora, the Rising Tide": 1354, "Refurbish": 1989, "Abhorrent Oculus_SB": 3, "Arashin Cleric_SB": 83, "Lukka, Coppercoat Outcast": 1497, "Tyvar, Jubilant Brawler": 2683, "Aetherflux Reservoir_SB": 27, "Lukka, Coppercoat Outcast_SB": 1498, "Mox Amber_SB": 1633, "Retraction Helix_SB": 2026, "Choked Estuary": 414, "Ego Drain": 710, "Faerie Dreamthief": 821, "Faerie Fencing": 822, "Obyra, Dreaming Duelist": 1734, "Prairie Stream": 1876, "Shineshadow Snarl": 2217, "Sleep-Cursed Faerie": 2278, "Sunken Hollow": 2425, "Talion, the Kindly Lord": 2469, "Talion's Messenger": 2468, "Twining Twins": 2675, "Crippling Fear_SB": 511, "Flashfreeze_SB": 888, "Phantom Interference_SB": 1832, "Blessed Alliance": 218, "Builder's Talent": 298, "Elspeth, Sun's Champion": 737, "Furycalm Snarl": 947, "Temple of Triumph": 2497, "Worldspine Wurm": 2893, "Gideon, Ally of Zendikar": 994, "Exorcise_SB": 791, "Runed Halo_SB": 2089, "Assemble the Legion_SB": 119, "Castle Embereth": 352, "Fanatical Firebrand": 830, "Foundry Street Denizen": 922, "Goblin Piledriver": 1042, "Goblin Ringleader": 1044, "Goblin Warchief": 1050, "Krenko, Mob Boss": 1389, "Betrayer's Bargain_SB": 192, "By Force_SB": 314, "Experimental Frenzy_SB": 799, "Goblin Ringleader_SB": 1045, "Squee, Dubious Monarch_SB": 2364, "Strangle_SB": 2398, "Collateral Damage": 442, "Exuberant Fuseling": 810, "Goblin Rabblemaster": 1043, "Squee, Dubious Monarch": 2363, "Collateral Damage_SB": 443, "Lightning Strike_SB": 1455, "Tibalt, Rakish Instigator_SB": 2599, "Game Trail": 956, "Glorybringer": 1020, "Halana and Alena, Partners": 1102, "Werewolf Pack Leader": 2853, "Cankerbloom_SB": 329, "Aspect of Hydra": 115, "Hunter's Talent": 1200, "Keen-Eyed Curator": 1337, "Nullhide Ferox": 1717, "Pelt Collector": 1824, "Quirion Beastcaller": 1916, "Steel Leaf Champion": 2376, "Garruk's Uprising_SB": 960, "Ghalta, Primal Hunger_SB": 980, "Ram Through_SB": 1938, "Snakeskin Veil_SB": 2296, "Cast Down": 348, "Desecration Demon": 598, "Evolved Sleeper": 788, "Kaervek, the Punisher": 1299, "Mishra's Foundry": 1599, "Tenacious Underdog": 2502, "Unexpected Fangs": 2707, "Vadmir, New Blood": 2745, "Ultimate Price": 2690, "Bloodchief's Thirst_SB": 230, "Deathmark_SB": 565, "Extract a Confession_SB": 805, "Kitesail Freebooter_SB": 1356, "Pilfer_SB": 1846, "Access Tunnel": 11, "Crawling Barrens": 508, "Ifnir Deadlands": 1207, "Memorial to Folly": 1558, "Misery's Shadow": 1597, "Murderous Rider": 1643, "Power Word Kill": 1874, "Rush of Dread": 2092, "Mazemind Tome_SB": 1554, "Ob Nixilis Reignited_SB": 1726, "Abrade": 4, "Dazzling Angel": 552, "Divine Smite": 636, "Exemplar of Light": 790, "Firemane Avenger": 880, "Leyline of Hope": 1431, "Wind-Scarred Crag": 2868, "Bomat Courier": 244, "Falkenrath Gorger": 827, "Fiery Temper": 872, "Foreboding Ruins": 907, "Olivia, Mobilized for War": 1741, "Scrapheap Scrounger": 2130, "Unlicensed Disintegration": 2716, "Forerunner of Slaughter": 909, "Bonecrusher Giant_SB": 248, "Shock_SB": 2221, "Transgress the Mind_SB": 2643, "Rakdos Charm_SB": 1926, "Briarbridge Tracker": 278, "Case of the Filched Falcon": 343, "Hard-Hitting Question": 1112, "Kitesail Larcenist": 1357, "Restless Vinestalk": 2024, "Subterranean Schooner": 2410, "Teething Wurmlet": 2485, "Tough Cookie": 2634, "Vineglimmer Snarl": 2778, "Zoetic Glyph": 2929, "Briarbridge Tracker_SB": 279, "Forest_SB": 911, "Hard-Hitting Question_SB": 1113, "Island_SB": 1268, "Reclamation Sage_SB": 1978, "Unsummon_SB": 2727, "Candy Trail": 328, "Night of the Sweets' Revenge": 1678, "Rampage of the Clans": 1939, "Hangarback Walker_SB": 1110, "Royal Treatment_SB": 2077, "Scavenging Ooze_SB": 2123, "The Filigree Sylex_SB": 2532, "Earthshaker Khenra": 703, "Goblin Chainwhirler": 1035, "Mirran Banesplitter": 1591, "Rampaging Ferocidon": 1941, "Rimrock Knight": 2038, "Aethersphere Harvester_SB": 29, "Burning Hands_SB": 306, "Unchained Berserker_SB": 2699, "Azorius Guildgate": 142, "Boros Guildgate": 257, "Dimir Guildgate": 618, "Escape to the Wilds": 775, "Gate Colossus": 963, "Gatebreaker Ram": 964, "Gates Ablaze": 965, "Gateway Plaza": 966, "Glaive of the Guildpact": 1005, "Golgari Guildgate": 1059, "Growth Spiral": 1084, "Gruul Guildgate": 1088, "Guild Summit": 1094, "Hour of Promise": 1194, "Izzet Guildgate": 1275, "Maze's End": 1552, "Open the Gates": 1754, "Orzhov Guildgate": 1764, "Plaza of Harmony": 1858, "Rakdos Guildgate": 1927, "Selesnya Guildgate": 2166, "Simic Guildgate": 2248, "Thran Portal": 2582, "Archway Angel_SB": 100, "Broken Bond_SB": 291, "Fog_SB": 903, "Void Rend_SB": 2798, "Crackling Perimeter_SB": 500, "Crackling Drake": 498, "Enigma Drake": 761, "Strategic Planning": 2401, "Tolarian Terror": 2617, "Wandering Fumarole": 2824, "Essence Scatter_SB": 783, "Frantic Firebolt_SB": 928, "Absorb": 8, "Behold the Multiverse": 186, "Day of Judgment": 548, "Detention Sphere": 608, "Saw It Coming": 2114, "Thirst for Discovery": 2566, "Regal Caracal_SB": 1993, "Primal Might": 1881, "Inscription of Abundance": 1232, "Garruk's Uprising": 959, "Experiment One_SB": 796, "Garruk's Harbinger_SB": 958, "Nullhide Ferox_SB": 1718, "Drown in Sorrow_SB": 686, "Toxin Analysis_SB": 2636, "Witch's Vengeance_SB": 2873, "Bloodchief's Thirst": 229, "Dread Fugue": 665, "Shoot the Sheriff": 2222, "Smoldering Marsh": 2290, "Bandit's Talent_SB": 154, "Banehound": 157, "Collective Brutality": 446, "Curator of Mysteries": 531, "Metamorphic Alteration": 1572, "Mire Triton": 1590, "Nightveil Predator": 1681, "Disfigure_SB": 626, "Noxious Grasp_SB": 1716, "Rush of Vitality_SB": 2093, "Goblin Blast-Runner": 1032, "Goblin Tomb Raider": 1048, "Implement of Combustion": 1216, "Krenko, Baron of Tin Street": 1388, "Voltage Surge": 2807, "Sunshot Militia_SB": 2430, "Smash to Smithereens_SB": 2287, "Duelist of the Mind": 692, "Essence Scatter": 782, "Flow of Knowledge": 899, "Haughty Djinn": 1122, "Rona's Vortex": 2067, "Shore Up": 2224, "Steamcore Scholar": 2375, "Mocking Sprite_SB": 1605, "Quick Study_SB": 1912, "See Double_SB": 2156, "Shifting Grift_SB": 2214, "Dark Betrayal_SB": 538, "Seal from Existence": 2143, "Ghostly Dancers_SB": 986, "Seal from Existence_SB": 2144, "Blacklance Paragon": 207, "Brineborn Cutthroat": 284, "Cunning Nightbonder": 530, "Reasonable Doubt": 1966, "Sea-Dasher Octopus": 2139, "Slitherwisp": 2285, "Ashiok's Erasure_SB": 107, "Spectral Adversary_SB": 2331, "Fortified Village": 915, "Generous Visitor": 973, "Toadstool Admirer": 2614, "Apostle of Purifying Light_SB": 79, "Chaplain of Alms_SB": 407, "Healer's Hawk_SB": 1134, "Karametra's Blessing_SB": 1315, "Confounding Riddle": 471, "Fires of Victory": 882, "Frostboil Snarl": 938, "Ill-Timed Explosion": 1208, "Make Disappear": 1517, "Stern Lesson": 2380, "Temple of Epiphany": 2492, "Roast_SB": 2058, "Alesha, Who Laughs at Fate": 45, "Call of the Death-Dweller": 320, "Davriel, Rogue Shadowmage": 545, "Dreams of Steel and Oil": 680, "Fell": 858, "Grasp of Darkness": 1070, "Master of Cruelties": 1546, "Osteomancer Adept": 1769, "Rakdos, the Muscle": 1931, "Razorlash Transmogrant": 1957, "Razortrap Gorge": 1958, "Seize the Spoils": 2164, "Illness in the Ranks_SB": 1210, "Kaervek, the Spiteful_SB": 1300, "Painful Quandary_SB": 1796, "Skysovereign, Consul Flagship_SB": 2273, "Eddymurk Crab": 707, "Ephara's Dispersal": 768, "Fading Hope": 818, "Long River's Pull": 1480, "Stormwing Entity": 2396, "Make Disappear_SB": 1518, "Test of Talents_SB": 2510, "Unsubstantiate_SB": 2726, "Gnarled Scarhide": 1021, "Madcap Skills": 1506, "Minotaur Skullcleaver": 1589, "Mogis's Marauder": 1608, "Rakdos Cackler": 1925, "Rakdos Shred-Freak": 1929, "Shock": 2220, "Spike Jester": 2345, "Tormented Hero": 2627, "Doom Blade_SB": 645, "Ultimate Price_SB": 2691, "Consuming Aberration": 477, "Contaminated Aquifer": 481, "Didn't Say Please": 615, "Dismal Backwater": 627, "Dreadwaters": 674, "Duskmantle Guildmage": 699, "Fell Specter": 859, "Gnawing Vermin": 1024, "Jhessian Thief": 1292, "Mind Carver": 1582, "Mind Drain": 1583, "Murder": 1639, "Nezumi Informant": 1673, "Orzhov Racketeers": 1765, "Painful Quandary": 1795, "Paranoid Delusions": 1806, "Pilfered Plans": 1847, "Psychic Strike": 1897, "Razzle-Dazzler": 1960, "Read the Bones": 1961, "Short Bow": 2227, "Sleep": 2277, "Tasha's Hideous Laughter": 2479, "The Mindskinner": 2541, "Tinybones, Bauble Burglar": 2604, "Typhoid Rats": 2679, "Wall of Frost": 2823, "Waste Not": 2833, "Witness Protection": 2881, "Aspect of Lamprey_SB": 116, "Blood Pact_SB": 226, "Crypt Incursion_SB": 520, "Dreadwaters_SB": 675, "Frogify_SB": 936, "Professor's Warning_SB": 1885, "Rogue's Gloves_SB": 2064, "Shore Up_SB": 2225, "Sinister Possession_SB": 2253, "Solemn Simulacrum_SB": 2307, "Sphinx of Magosi_SB": 2340, "Thieving Otter_SB": 2560, "Unlikely Aid_SB": 2720, "Zombify_SB": 2931, "Coruscation Mage": 490, "Reckless Impulse": 1971, "Snow-Covered Mountain": 2300, "Viashino Pyromancer": 2775, "Wrenn's Resolve": 2898, "Giant Cindermaw_SB": 988, "Lightning Mare_SB": 1453, "Wrangle_SB": 2896, "Ancient Imperiosaur": 60, "Belligerent Yearling": 188, "Hulking Raptor": 1197, "Intrepid Paleontologist": 1251, "Ixalli's Lorekeeper": 1272, "Otepec Huntmaster": 1772, "Palani's Hatcher": 1801, "Pugnacious Hammerskull": 1898, "Regisaur Alpha": 1995, "Shifting Ceratops": 2212, "Zacama, Primal Calamity": 2917, "Triumphant Chomp": 2663, "Tail Swipe": 2461, "Fight Rigging": 873, "Restless Ridgeline": 2021, "Secluded Courtyard": 2153, "Unclaimed Territory": 2700, "Shifting Ceratops_SB": 2213, "Thrashing Brontodon_SB": 2585, "Triumphant Chomp_SB": 2664, "Zada, Hedron Grinder": 2919, "Frenzied Goblin": 933, "Goblin Surprise": 1046, "Thrill of Possibility": 2589, "Goblin Negotiation": 1041, "Redcap Gutter-Dweller": 1981, "Guttersnipe": 1097, "Impact Tremors": 1215, "Goblin Boarders": 1033, "War Squeak": 2826, "Bulk Up": 301, "Goblin Heelcutter": 1037, "Pyrewild Shaman": 1901, "Rigging Runner": 2036, "Subterranean Scout": 2411, "Goblinslide": 1051, "Hellraiser Goblin": 1147, "Demonic Ruckus": 589, "Searslicer Goblin_SB": 2149, "Rundvelt Hordemaster_SB": 2086, "Siege-Gang Commander_SB": 2234, "Goblin Boarders_SB": 1034, "Goblin Surprise_SB": 1047, "Frenzied Goblin_SB": 934, "Cruel Somnophage": 513, "Fraying Sanity": 931, "Mercurial Spelldancer": 1565, "Mind Sculpt": 1584, "Ruin Crab": 2081, "Sign in Blood": 2237, "Syr Konrad, the Grim": 2460, "Bitter Chill_SB": 202, "Chart a Course_SB": 410, "Sphinx's Tutelage_SB": 2344, "Terisian Mindbreaker_SB": 2505, "Armored Kincaller": 103, "Burning Sun Cavalry": 307, "Captivating Cave": 332, "Cavern Stomper": 373, "Colossadactyl": 453, "Dinotomaton": 620, "Disturbed Slumber": 632, "Earthshaker Dreadmaw": 702, "Ghalta, Primal Hunger": 979, "Hidden Nursery": 1162, "Itzquinth, Firstborn of Gishath": 1271, "Nurturing Bristleback": 1719, "Over the Edge": 1780, "Panicked Altisaur": 1802, "Pathfinding Axejaw": 1815, "Poison Dart Frog": 1862, "Promising Vein": 1889, "Rampaging Ceratops": 1940, "Rumbling Rockslide": 2083, "Scytheclaw Raptor": 2136, "Seeker of Sunlight": 2160, "Seismic Monstrosaur": 2162, "The Skullspore Nexus": 2549, "Walk with the Ancestors": 2822, "Quirion Dryad": 1917, "Deeproot Champion": 578, "Temple of Abandon": 2490, "Bristling Backwoods": 288, "Domri's Ambush_SB": 643, "Bedlam Reveler": 184, "Grab the Prize": 1065, "Highway Robbery": 1170, "Pyroclasm": 1902, "Tome Scour": 2621, "Warlord's Fury": 2830, "Ox of Agonas_SB": 1793, "Altanak, the Thrice-Called": 53, "Badlands Revival": 146, "Fertile Thicket": 861, "Festerleech": 864, "Foul Orchard": 918, "Gix's Command": 1001, "Hedge Shredder": 1141, "Hero's Downfall": 1158, "Jungle Hollow": 1297, "Long Goodbye": 1478, "Quilled Greatwurm": 1914, "Say Its Name": 2115, "Slavering Branchsnapper": 2276, "Slice from the Shadows": 2280, "Spectral Snatcher": 2333, "Frantic Strength_SB": 930, "Murder_SB": 1640, "Nowhere to Run_SB": 1713, "Savor_SB": 2113, "Stab_SB": 2367, "Vraska's Fall_SB": 2816, "Abandoned Campground": 0, "Dollmaker's Shop // Porcelain Gallery": 642, "Entity Tracker": 765, "Grand Entryway // Elegant Rotunda": 1069, "Gremlin Tamer": 1079, "Inquisitive Glimmer": 1230, "Lionheart Glimmer": 1469, "Niko, Light of Hope": 1682, "Terramorphic Expanse": 2506, "Unable to Scream": 2695, "Oppressive Rays": 1756, "Optimistic Scavenger": 1758, "Kitnap_SB": 1359, "Minor Misstep_SB": 1588, "Divine Resilience_SB": 635, "Paladin Class_SB": 1800, "Fear of Impostors_SB": 844, "Builder's Talent_SB": 299, "Stay Hidden, Stay Silent_SB": 2373, "Akroan Crusader": 44, "Cinder Glade": 418, "Collision // Colossus": 452, "Enter the Unknown": 764, "Expedite": 792, "Mirrorwing Dragon": 1596, "Season of Growth": 2150, "Silverfur Partisan": 2245, "Tyvar's Stand": 2682, "Young Pyromancer": 2914, "Temur Battle Rage_SB": 2501, "Turn Inside Out_SB": 2671, "Unnatural Moonrise_SB": 2724, "Feed the Cycle": 852, "Honored Dreyleader": 1180, "Necroblossom Snarl": 1663, "Savor": 2112, "Temple of Malady": 2493, "Thornvault Forager": 2571, "Trail of Crumbs": 2638, "Valley Rotcaller": 2756, "Feed the Cycle_SB": 853, "Life Goes On_SB": 1440, "Camellia, the Seedmiser_SB": 326, "Arcane Infusion": 88, "Peculiar Lighthouse": 1821, "Secrets of the Key": 2154, "Silundi Vision": 2241, "Xenagos, God of Revels": 2900, "Aetherize_SB": 28, "Dispel_SB": 628, "Into the Roil_SB": 1248, "Volcanic Spite_SB": 2802, "Zetalpa, Primal Dawn_SB": 2926, "Flame-Blessed Bolt_SB": 886, "Ral, Izzet Viceroy_SB": 1935, "Sweltering Suns_SB": 2447, "You See a Guard Approach_SB": 2912, "Adult Gold Dragon": 20, "Aether Hub": 26, "Attune with Aether": 125, "Gather the Pack": 969, "Lotleth Troll": 1491, "Cragplate Baloth_SB": 502, "Plains_SB": 1854, "Sporeweb Weaver_SB": 2359, "Beastie Beatdown": 180, "Bitter Reunion": 203, "Footfall Crater": 905, "Omnivorous Flytrap": 1752, "Ox of Agonas": 1792, "Patchwork Beastie": 1811, "Rubblebelt Maverick": 2079, "Wildfire Wickerfolk": 2862, "Return to Nature_SB": 2030, "Alseid of Life's Bounty": 52, "Hateful Eidolon": 1121, "Karametra's Blessing": 1314, "Selfless Savior": 2169, "Stonecoil Serpent": 2387, "Agent of the Fates_SB": 38, "Dead Weight_SB": 553, "Eriette of the Charmed Apple_SB": 771, "Pacifism_SB": 1794, "Botanical Brawler": 262, "Conclave Mentor": 469, "Enduring Bondwarden": 753, "Evolving Wilds": 789, "Gala Greeters": 951, "Good-Fortune Unicorn": 1062, "Hangarback Walker": 1109, "Hardened Scales": 1114, "Mossborn Hydra": 1628, "Ochre Jelly": 1735, "Ornery Tumblewagg": 1762, "Ossification": 1767, "Sylvan Scavenging": 2456, "Temple of Plenty": 2495, "Wildwood Scourge": 2863, "Gaea's Gift_SB": 950, "Gnarlid Colony_SB": 1022, "Inscription of Abundance_SB": 1233, "Kutzil, Malamet Exemplar_SB": 1402, "Trash the Town_SB": 2647, "Bristling Hydra": 289, "Electrostatic Pummeler": 724, "Fling": 892, "Ghor-Clan Rampager": 982, "Harnessed Lightning": 1117, "Hashep Oasis": 1120, "Invigorated Rampage": 1260, "Rhonas the Indomitable": 2032, "Servant of the Conduit": 2177, "Voltaic Brawler": 2809, "Axebane Ferox_SB": 137, "Deathgorge Scavenger_SB": 564, "Gruul Spellbreaker_SB": 1089, "Insult // Injury_SB": 1240, "Sorcerous Spyglass_SB": 2311, "Wilt_SB": 2867, "Cave of the Frost Dragon": 372, "Legion Angel": 1419, "Snow-Covered Plains": 2301, "Brave the Elements_SB": 272, "Extraction Specialist_SB": 808, "Legion Angel_SB": 1420, "Not on My Watch": 1707, "Scavenger Grounds": 2118, "Gideon's Triumph_SB": 993, "Bandit's Talent": 153, "Cast Out": 349, "Demonic Pact": 588, "Doom Foretold": 646, "Hopeful Vigil": 1185, "Hopeless Nightmare": 1186, "Kaya's Wrath": 1328, "Sigil of the Empty Throne": 2236, "Spirit-Sister's Call": 2353, "Temple of Silence": 2496, "The Birth of Meletis": 2524, "Treacherous Blessing": 2649, "Trial of Ambition": 2658, "Banishing Light_SB": 162, "Cast Out_SB": 350, "Dreadhorde Invasion_SB": 671, "Kaya, Orzhov Usurper_SB": 1331, "Trespasser's Curse_SB": 2657, "Bloodsoaked Champion": 233, "Usher of the Fallen": 2744, "Gutterbones": 1096, "Mardu Woe-Reaper": 1534, "Blood-Chin Rager": 228, "Dire Tactics": 622, "Mardu Strike Leader": 1533, "Arashin Foremost": 84, "Rally the Ranks": 1936, "Chief of the Edge": 412, "Secure the Wastes": 2155, "Garruk's Harbinger": 957, "Lifecrafter's Bestiary": 1443, "Feed the Clan_SB": 851, "Skylasher_SB": 2270, "Skyreaping_SB": 2271, "Case of the Crimson Pulse": 341, "Vengeful Possession_SB": 2772, "Vindictive Flamestoker_SB": 2777, "Play with Fire_SB": 1857, "Drannith Healer": 662, "Drannith Stinger": 664, "Flameblade Adept": 887, "Flourishing Fox": 898, "Hollow One": 1176, "Valiant Rescuer": 2752, "Go for Blood": 1028, "Zenith Flare": 2923, "Reptilian Reflection": 2007, "Fateful Absence_SB": 838, "Irencrag Pyromancer_SB": 1263, "Rip Apart_SB": 2039, "Ayara, First of Locthwain": 139, "Brain Maggot": 267, "Erebos, Bleak-Hearted": 770, "Foulmire Knight": 920, "Gray Merchant of Asphodel": 1074, "Infernal Grasp": 1224, "Phyrexian Arena": 1834, "Underworld Dreams": 2706, "Warlock Class": 2829, "Corrupt_SB": 489, "Power Word Kill_SB": 1875, "Whack_SB": 2855, "Nahiri's Resolve": 1651, "Springleaf Drum": 2361, "Thousand Moons Smithy": 2578, "Tinker's Tote": 2602, "Dusk Rose Reliquary_SB": 698, "Unidentified Hovership_SB": 2712, "Fateful Absence": 837, "No Witnesses": 1704, "Port Town": 1866, "Refute": 1990, "Temple of Enlightenment": 2491, "Day's Undoing_SB": 551, "Jace, Architect of Thought_SB": 1279, "No Witnesses_SB": 1705, "Azure Beastbinder": 143, "Karumonix, the Rat King": 1320, "Lord Skitter, Sewer King": 1487, "Nashi, Searcher in the Dark": 1661, "Persistent Marshstalker": 1827, "Piper of the Swarm": 1850, "Shoreline Looter": 2226, "Tangled Colony": 2475, "Vren, the Relentless": 2819, "Disfigure": 625, "Gossip's Talent": 1064, "Tangled Colony_SB": 2476, "Bring the Ending_SB": 285, "Pile On_SB": 1845, "Flowerfoot Swordmaster": 900, "Mabel, Heir to Cragflame": 1505, "Seedglaive Mentor": 2159, "Whiskervale Forerunner": 2856, "Crumb and Get It": 515, "Might of the Meek": 1579, "Banishing Light": 161, "Burn Bright": 302, "Chimney Rabble": 413, "Crashing Drawbridge": 505, "Domri, Anarch of Bolas": 644, "Fissure Wizard": 884, "Goblin Arsonist": 1031, "Goblin Javelineer": 1039, "Goblin Morningstar": 1040, "Goblin Trailblazer": 1049, "Grumgully, the Generous": 1085, "Heraldic Banner": 1153, "Hobgoblin Bandit Lord": 1175, "Hulking Bugbear": 1196, "Renata, Called to the Hunt": 2004, "Return of the Wildspeaker": 2028, "Rhythm of the Wild": 2033, "Subira, Tulzidi Caravanner": 2408, "You See a Pair of Goblins": 2913, "Krenko, Mob Boss_SB": 1390, "Krenko, Tin Street Kingpin_SB": 1391, "Abzan Charm": 10, "Deathmist Raptor": 566, "Den Protector": 590, "Mastery of the Unseen": 1548, "Sandsteppe Citadel": 2104, "Satyr Wayfinder": 2109, "Siege Rhino": 2233, "Unyielding Gatekeeper": 2731, "Depopulate_SB": 594, "Eroded Canyon": 772, "Essence Capture": 779, "Galvanize": 955, "Mind Spiral": 1585, "Pit of Offerings": 1851, "Scorching Shot": 2125, "Slick Sequence": 2281, "Winged Words": 2870, "Into the Fire_SB": 1245, "Tolarian Terror_SB": 2618, "Wildfire Howl_SB": 2861, "Startling Development": 2371, "Memory Leak": 1562, "Frostveil Ambush": 939, "Boon of the Wish-Giver": 254, "Burn Down the House": 303, "Flame-Blessed Bolt": 885, "Vampires' Vengeance": 2759, "Pelakka Wurm_SB": 1823, "Leyline of the Void": 1435, "Mephitic Draught": 1564, "The Restoration of Eiganjo": 2544, "Tithing Blade": 2613, "Corpses of the Lost_SB": 488, "Doom Foretold_SB": 647, "Life of Toshiro Umezawa_SB": 1441, "Edgewall Inn": 708, "Edgewall Innkeeper": 709, "Lovestruck Beast": 1494, "Lucky Clover": 1495, "Midnight Reaper": 1578, "Mosswood Dreadknight": 1629, "Order of Midnight": 1761, "Smitten Swordmaster": 2288, "Massacre Girl_SB": 1543, "Stormkeld Vanguard_SB": 2392, "Death-Rattle Oni": 562, "Kessig Flamebreather": 1347, "Blazing Volley": 216, "Crash Through": 504, "Cinderclasm": 419, "Electrickery": 723, "Seismic Wave": 2163, "Stolen Vitality": 2385, "Untimely Malfunction": 2728, "Burn Down the House_SB": 304, "Smoldering Egg_SB": 2289, "Swamp_SB": 2444, "Sorin the Mirthless": 2312, "Jace, Vryn's Prodigy_SB": 1281, "Chord of Calling": 415, "Gnarlroot Trapper": 1023, "Shaman of the Pack": 2191, "Turntimber Symbiosis": 2673, "Deep-Cavern Bat_SB": 577, "Masked Vandal_SB": 1541, "Soulless Jailer_SB": 2324, "Saheeli, Sublime Artificer": 2097, "Valley Floodcaller_SB": 2755, "Valorous Stance_SB": 2758, "Devout Decree_SB": 611, "Eidolon of the Great Revel_SB": 715, "Pillage the Bog_SB": 1849, "Containment Priest": 479, "Aether Channeler": 23, "Decimator of the Provinces": 571, "Dreamroot Cascade": 679, "Elder Deep-Fiend": 717, "Fblthp, the Lost": 841, "Fierce Empath": 868, "Foul Emissary": 917, "Thought-Knot Seer": 2574, "Kogla, the Titan Ape_SB": 1376, "Thought-Knot Seer_SB": 2575, "Blast Zone_SB": 214, "Sublime Epiphany": 2409, "Unauthorized Exit": 2697, "Fiery Annihilation_SB": 869, "Cryptic Coat_SB": 523, "Arahbo, the First Fang": 82, "Brimaz, King of Oreskos": 282, "Felidar Cub": 856, "Feline Sovereign": 857, "Regal Caracal": 1992, "Sacred Cat": 2095, "Savannah Lions": 2111, "Lion Sash_SB": 1468, "Monstrous Emergence_SB": 1618, "Reckless Stormseeker_SB": 1975, "Three Steps Ahead_SB": 2587, "Tocasia's Welcome_SB": 2616, "Surge of Salvation": 2438, "Archfiend of Depravity": 92, "Archfiend of Depravity_SB": 93, "Sphinx's Revelation": 2342, "Tale's End": 2466, "Urza's Sylex_SB": 2743, "Cathartic Pyre": 360, "Alpine Moon_SB": 50, "Leyline of Combustion": 1429, "Torbran, Thane of Red Fell": 2624, "Fade from History_SB": 817, "Loot, Exuberant Explorer": 1481, "Kitesail Larcenist_SB": 1358, "Detention Sphere_SB": 609, "Kazandu Mammoth": 1334, "Thalia, Heretic Cathar_SB": 2517, "Notion Thief": 1709, "Quicken": 1913, "Deadly Cover-Up_SB": 555, "Valgavoth, Terror Eater_SB": 2751, "Syr Ginger, the Meal Ender": 2458, "Third Path Iconoclast": 2564, "Banish into Fable": 159, "The Celestus": 2527, "The Enigma Jewel": 2531, "Rockface Village_SB": 2062, "Lilah, Undefeated Slickshot": 1456, "Wandering Mind": 2825, "Reluctant Role Model": 2001, "Dawnbringer Cleric_SB": 547, "Doorkeeper Thrull_SB": 649, "Behold the Beyond": 185, "Voyaging Satyr": 2813, "Furnace Punisher": 945, "Snow-Covered Forest": 2298, "Snow-Covered Swamp": 2302, "March of Swirling Mist": 1529, "Faceless Haven_SB": 816, "Invasive Surgery_SB": 1258, "Deathrite Shaman": 567, "The Scarab God_SB": 2547, "Cut Down": 535, "Shadowspear_SB": 2189, "Rakdos Joins Up": 1928, "Pieces of the Puzzle": 1844, "No One Left Behind": 1703, "Archon of Absolution_SB": 97, "Michiko's Reign of Truth": 1577, "Rite of Oblivion": 2045, "Rockfall Vale": 2063, "Anthem of Champions_SB": 76, "Shatterskull Smashing": 2202, "Kazuul's Fury": 1335, "Tinybones, the Pickpocket": 2605, "Castle Locthwain_SB": 355, "Thousand-Year Storm": 2580, "Stormsplitter": 2395, "March of Swirling Mist_SB": 1530, "Cathartic Pyre_SB": 361, "Tamiyo, Collector of Tales_SB": 2473, "Fear of Abduction": 842, "Virtue of Loyalty_SB": 2783, "Blue Sun's Twilight_SB": 240, "Eidolon of Rhetoric_SB": 713, "Overwhelming Remorse_SB": 1791, "Disruption Protocol": 630, "Brotherhood's End": 293, "Return the Favor_SB": 2029, "Path to the World Tree": 1814, "Gloomshrieker": 1018, "Dennick, Pious Apprentice_SB": 592, "Gallia of the Endless Dance": 952, "Ruby, Daring Tracker": 2080, "Bard Class": 166, "Samut, Vizier of Naktamun": 2101, "Hajar, Loyal Bodyguard": 1101, "Migloz, Maze Crusher": 1580, "Agatha of the Vile Cauldron": 33, "Targ Nar, Demon-Fang Gnoll": 2478, "Xenagos, the Reveler": 2902, "Pick Your Poison": 1841, "Gyruda, Doom of Depths": 1099, "Warrant // Warden": 2832, "Reduce // Rubble_SB": 1986, "Response // Resurgence_SB": 2013, "Sire of Seven Deaths_SB": 2257, "Dissection Tools": 631, "Dollmaker's Shop && Porcelain Gallery": 641, "Enduring Vitality": 760, "Kami of Transience": 1312, "Fragmentize_SB": 927, "Surgical Suite && Hospital Room_SB": 2440, "Regal Bunnicorn": 1991, "Commercial District": 461, "Scrapshooter": 2131, "Wolfwillow Haven_SB": 2888, "Kenrith's Transformation_SB": 1343, "Questing Beast_SB": 1908, "Faithful Mending": 826, "Lively Dirge": 1471, "Tainted Indulgence": 2463, "Teferi, Hero of Dominaria_SB": 2487, "Ashiok, Wicked Manipulator": 113, "Protect the Negotiators_SB": 1895, "Voracious Hydra_SB": 2811, "Tears of Valakut_SB": 2483, "The Cruelty of Gix": 2528, "Ajani, Strength of the Pride": 41, "Case of the Uneaten Feast": 347, "Lunarch Veteran": 1501, "Prosperous Innkeeper": 1891, "Trelasarra, Moon Dancer": 2656, "Voice of the Blessed": 2797, "Aclazotz, Deepest Betrayal_SB": 14, "Kalitas, Traitor of Ghet": 1308, "Showdown of the Skalds_SB": 2229, "Caustic Bronco_SB": 365, "Floriferous Vinewall": 897, "Elder Gargaroth_SB": 719, "Eldritch Evolution": 722, "Hauntwoods Shrieker": 1124, "Urborg Lhurgoyf": 2736, "Aether Channeler_SB": 24, "Brimaz, King of Oreskos_SB": 283, "Dream Trawler_SB": 677, "Krenko's Buzzcrusher": 1386, "Zephyr Sentinel_SB": 2924, "Gruul Charm": 1086, "Kambal, Consul of Allocation": 1310, "Tectonic Hazard_SB": 2484, "Gods Willing_SB": 1055, "Harmonious Archon": 1116, "Sandstorm Salvager": 2105, "Toby, Beastie Befriender": 2615, "Kayla's Reconstruction_SB": 1333, "Surrak Dragonclaw": 2441, "Seed of Hope": 2158, "Soaring Thought-Thief": 2303, "Thieves' Guild Enforcer": 2559, "Stubborn Denial_SB": 2407, "Dragonskull Summit": 660, "Felonious Rage": 860, "Frantic Scapegoat": 929, "Ritual of Soot": 2047, "Tishana's Tidebinder_SB": 2608, "Inscription of Ruin": 1234, "Jace Reawakened": 1276, "Callous Sell-Sword_SB": 324, "Destroy Evil": 604, "Serra Paragon_SB": 2176, "Nissa, Vastwood Seer": 1693, "Knight of the Ebon Legion": 1369, "Worthy Knight": 2895, "Venerable Knight": 2769, "Inspiring Veteran": 1239, "Tournament Grounds": 2635, "Heartflame Duelist": 1137, "Knight of Dusk's Shadow": 1365, "Knight of Dusk's Shadow_SB": 1366, "Linvala, the Preserver_SB": 1466, "Woodland Bellower": 2889, "Breeding Pool_SB": 277, "Lyra Dawnbringer_SB": 1504, "Filter Out": 875, "The Meathook Massacre": 2537, "Chance for Glory": 391, "Collector's Vault": 451, "Colossal Skyturtle": 454, "Mirrorshell Crab": 1594, "Omen Hawker": 1742, "Teferi, Who Slows the Sunset": 2488, "Bag of Holding_SB": 147, "Zirda, the Dawnwaker_SB": 2928, "Ashen Rider_SB": 106, "Finale of Devastation": 877, "Despise_SB": 601, "Lifebane Zombie_SB": 1442, "Raffine, Scheming Seer": 1923, "Realm-Cloaked Giant": 1964, "Reidane, God of the Worthy": 1996, "Aclazotz, Deepest Betrayal": 13, "Hostile Investigator": 1192, "Chandra, Dressed to Kill": 397, "Sunspine Lynx": 2431, "Chandra, Dressed to Kill_SB": 398, "Light Up the Stage_SB": 1446, "Come Back Wrong_SB": 459, "The Flame of Keld": 2533, "Spirited Companion": 2354, "Weaver of Harmony": 2844, "Isolate_SB": 1269, "Fetid Pools": 865, "Silvergill Adept": 2246, "Triton Shorestalker": 2661, "Vodalian Hexcatcher": 2792, "Agadeem's Awakening": 32, "Fiend Artisan": 867, "Gifted Aetherborn": 996, "Isareth the Awakener": 1266, "Dreadbore": 667, "Callous Bloodmage": 321, "Golos, Tireless Pilgrim": 1060, "Nicol Bolas, the Ravager": 1676, "Omen of the Forge": 1745, "The Kami War": 2536, "Touch the Spirit Realm": 2633, "Nimble Larcenist_SB": 1684, "Agatha's Soul Cauldron": 34, "Cenote Scout": 382, "Deeproot Pilgrimage": 579, "Forensic Researcher": 908, "Kiora's Follower": 1352, "Kumena's Speaker": 1396, "Kumena, Tyrant of Orazca": 1397, "Genesis Wave": 974, "Wakeroot Elemental": 2821, "Sunken Citadel_SB": 2424, "Stormchaser's Talent": 2390, "This Town Ain't Big Enough": 2568, "Legion Extruder_SB": 1422, "Mission Briefing": 1601, "Angrath, the Flame-Chained_SB": 65, "Faerie Mastermind_SB": 824, "Lost Legacy_SB": 1490, "Wolfwillow Haven": 2887, "The Mightstone and Weakstone_SB": 2540, "Witherbloom Command_SB": 2878, "Remorseful Cleric": 2002, "Ajani, Sleeper Agent_SB": 40, "Smuggler's Surprise": 2293, "Kogla and Yidaro_SB": 1374, "Portal to Phyrexia_SB": 1872, "Vampires' Vengeance_SB": 2760, "Nissa, Who Shakes the World": 1694, "Paradise Druid": 1803, "Sylvan Awakening": 2453, "Nahiri's Warcrafting_SB": 1652, "Obosh, the Preypiercer_SB": 1732, "Depala, Pilot Exemplar": 593, "Magda, Brazen Outlaw": 1510, "Magda, the Hoardmaster": 1511, "Portal to Phyrexia": 1871, "Roaming Throne": 2053, "Toolcraft Exemplar": 2622, "Unlicensed Hearse": 2718, "Veteran Motorist": 2773, "The Royal Scions": 2545, "Unauthorized Exit_SB": 2698, "Bilious Skulldweller": 196, "Chevill, Bane of Monsters": 411, "Fynn, the Fangbearer": 948, "Ghost Vacuum": 983, "Heroic Intervention": 1159, "Hooded Blightfang": 1181, "Malakir Rebirth": 1519, "Wasteland Viper": 2836, "Infectious Bite_SB": 1223, "Solemnity_SB": 2308, "Akal Pakal, First Among Equals": 43, "Courser of Kruphix": 496, "Fauna Shaman": 839, "Timestream Navigator": 2601, "Simic Manipulator": 2249, "Trygon Predator_SB": 2668, "Azure Beastbinder_SB": 144, "Vivien, Champion of the Wilds_SB": 2790, "Mockingbird_SB": 1607, "Simic Manipulator_SB": 2250, "Coveted Falcon": 497, "Caretaker's Talent_SB": 335, "Rite of Oblivion_SB": 2046, "Fountainport_SB": 925, "Vivien, Arkbow Ranger": 2789, "Kogla, the Titan Ape": 1375, "Cavalier of Thorns_SB": 371, "Ulamog, the Ceaseless Hunger_SB": 2689, "Ulvenwald Oddity_SB": 2693, "Crumbling Vestige": 517, "Kogla and Yidaro": 1373, "Trumpeting Carnosaur_SB": 2667, "Colossus Hammer": 456, "Kellan, the Fae-Blooded": 1341, "Kemba, Kha Enduring": 1342, "Sigarda's Aid": 2235, "Dusk // Dawn_SB": 695, "Last Breath_SB": 1408, "Cleansing Nova_SB": 429, "Forsaken Miner": 913, "Insidious Roots": 1236, "Priest of Forgotten Gods": 1880, "Thunderherd Migration": 2593, "Unlucky Witness": 2721, "Golgari Charm_SB": 1058, "Selfless Spirit_SB": 2171, "Boros Elite": 256, "Guardian of New Benalia": 1093, "Intrepid Adversary": 1250, "Luminarch Aspirant": 1499, "Mobilized District": 1604, "Precinct Captain": 1879, "Soldier of the Pantheon": 2306, "Spellbook Vendor": 2338, "Sungold Sentinel": 2422, "Banisher Priest_SB": 160, "Bounty Agent_SB": 266, "Rally the Ranks_SB": 1937, "Consign // Oblivion_SB": 475, "Wicked Wolf_SB": 2858, "Overlord of the Mistmoors_SB": 1789, "Dream Trawler": 676, "Surge of Righteousness_SB": 2437, "Vivien Reid_SB": 2788, "Gods Willing": 1054, "Renegade Tactics": 2006, "Knight of Grace_SB": 1368, "Loran of the Third Path": 1483, "The Book of Exalted Deeds": 2525, "Fear of Isolation": 845, "Tinybones Joins Up": 2603, "Wild Slash": 2860, "Built to Smash": 300, "Wayward Guide-Beast": 2839, "Voldaren Thrillseeker_SB": 2805, "Siphon Insight_SB": 2254, "Imodane's Recruiter_SB": 1214, "Glorious Protector_SB": 1019, "Flip the Switch": 893, "Cityscape Leveler": 423, "Voice of Resurgence_SB": 2794, "Kaito, Cunning Infiltrator": 1306, "Dokuchi Silencer_SB": 640, "Into the Story": 1249, "The Wandering Rescuer_SB": 2555, "Niambi, Esteemed Speaker_SB": 1674, "Lavinia, Azorius Renegade_SB": 1412, "Syr Ginger, the Meal Ender_SB": 2459, "Demonic Counsel": 587, "Long Goodbye_SB": 1479, "Overlord of the Balemurk_SB": 1784, "Adanto Vanguard": 15, "Apostle of Purifying Light": 78, "Glass Casket": 1007, "Swiftfoot Boots": 2448, "Thran Power Suit": 2583, "Augur of Bolas": 128, "Essence Flux": 781, "Natural State_SB": 1662, "Roaring Furnace && Steaming Sauna_SB": 2055, "Aftermath Analyst": 31, "Annie Joins Up": 69, "Brokers Hideout": 292, "Cabaretti Courtyard": 315, "Lotus Cobra": 1492, "Lumra, Bellow of the Woods": 1500, "Nissa, Resurgent Animist": 1691, "Port of Karfell": 1867, "Riveteers Overlook": 2051, "The World Tree": 2557, "Titania, Voice of Gaea_SB": 2612, "Zoraline, Cosmos Caller": 2932, "Fracture_SB": 926, "Treacherous Blessing_SB": 2650, "Legion Loyalist": 1423, "Klothys, God of Destiny_SB": 1362, "Umori, the Collector_SB": 2694, "Blast Zone": 213, "Glass Casket_SB": 1008, "Ojer Axonil, Deepest Might": 1739, "Leyline of Combustion_SB": 1430, "Scorching Shot_SB": 2126, "Grasp of Darkness_SB": 1071, "Necrotic Wound": 1665, "Souls of the Lost": 2325, "Necrotic Wound_SB": 1666, "Horned Loch-Whale_SB": 1188, "Squirming Emergence": 2365, "Souls of the Lost_SB": 2326, "Experimental Augury": 797, "Fleeting Spirit": 890, "Get Out": 977, "Lore Drakkis": 1488, "Open the Omenpaths": 1755, "Saiba Cryptomancer": 2099, "Vadrok, Apex of Thunder": 2746, "Kappa Tech-Wrecker": 1313, "Eldrazi Displacer_SB": 721, "Crucible of Worlds": 512, "Welcoming Vampire": 2849, "Destiny Spinner": 602, "Izoni, Center of the Web": 1273, "Cavern of Souls_SB": 375, "Destiny Spinner_SB": 603, "Glarb, Calamity's Augur_SB": 1006, "Sin Collector_SB": 2252, "Cult Conscript": 528, "Cleansing Wildfire_SB": 431, "Vanish into Eternity_SB": 2761, "Mutavault_SB": 1646, "Mukotai Ambusher_SB": 1637, "Tribute to Horobi": 2659, "Void Winnower_SB": 2799, "Remorseful Cleric_SB": 2003, "Vengeful Possession": 2771, "Hidetsugu's Second Rite_SB": 1167, "Hunter's Talent_SB": 1201, "Nurturing Pixie": 1720, "Kaito, Bane of Nightmares_SB": 1305, "Extract the Truth_SB": 806, "Malcolm, Alluring Scoundrel": 1520, "Ertai Resurrected": 773, "Get Out_SB": 978, "Pia Nalaar, Consul of Revival": 1840, "Showdown of the Skalds": 2228, "Preacher of the Schism_SB": 1878, "Trostani, Three Whispers": 2665, "Bassara Tower Archer": 172, "Cloudsteel Kirin": 440, "Lizard Blades": 1472, "Chained to the Rocks_SB": 386, "Aven Mindcensor_SB": 133, "Stalactite Stalker": 2368, "Harvester of Misery_SB": 1119, "Hostile Investigator_SB": 1193, "Lamplight Phoenix_SB": 1405, "Fugitive Codebreaker_SB": 944, "Tree of Perdition": 2655, "Searing Blood": 2146, "Chandra, Torch of Defiance_SB": 403, "Bomat Courier_SB": 245, "Magma Spray_SB": 1515, "Snarling Gorehound": 2297, "Thirst for Meaning": 2567, "Entity Tracker_SB": 766, "Massacre Wurm_SB": 1545, "Biting-Palm Ninja": 200, "Dokuchi Silencer": 639, "Silver-Fur Master": 2242, "Thousand-Faced Shadow": 2579, "Kaito Shizuki_SB": 1303, "Helping Hand": 1149, "Pawpatch Recruit_SB": 1819, "Colossal Skyturtle_SB": 455, "Takenuma, Abandoned Mire_SB": 2465, "Holy Cow": 1177, "Soul Transfer": 2317, "Omen of the Dead": 1743, "Sentinel of the Nameless City_SB": 2173, "Welcoming Vampire_SB": 2850, "Sharp-Eyed Rookie": 2200, "Ayara's Oathsworn": 138, "Jace, Vryn's Prodigy": 1280, "Council of the Absolute_SB": 493, "Spirit of the Labyrinth_SB": 2352, "Suncleanser_SB": 2416, "Adventurous Impulse": 21, "Monastery Mentor_SB": 1616, "Arcane Proxy": 89, "Chrome Host Seedshark": 416, "See the Truth": 2157, "Ambitious Farmhand": 54, "Cascading Cataracts": 340, "Helpful Hunter": 1148, "Serra Paragon": 2175, "Thalia's Lancers": 2512, "Wilt-Leaf Liege_SB": 2866, "Augur of Autumn_SB": 127, "Lavabrink Venturer_SB": 1409, "Gleaming Geardrake": 1011, "Thalia and The Gitrog Monster": 2511, "Cosmic Rebirth_SB": 492, "Dreadbore_SB": 668, "Prosperous Thief_SB": 1894, "Cavalier of Dawn": 368, "Kotose, the Silent Spider": 1382, "Marina Vendrell": 1535, "Chandra, Torch of Defiance": 402, "Fanatic of Mogis": 829, "Solphim, Mayhem Dominus": 2309, "Shatterskull Smashing_SB": 2203, "Barkhide Troll": 168, "Gather Courage": 967, "Tribute to the World Tree": 2660, "Setessan Tactics_SB": 2180, "Recommission": 1979, "Oblivious Bookworm": 1731, "Cerulean Drake_SB": 384, "Kraul Harpooner_SB": 1384, "Prosperous Innkeeper_SB": 1892, "Blacksmith's Talent": 208, "Bladehold War-Whip": 211, "Nahiri, Forged in Fury": 1653, "Sword of Forge and Frontier": 2450, "Rebel Salvo_SB": 1968, "Bloodthirsty Conqueror": 234, "Dina, Soul Steeper": 619, "Dryad of the Ilysian Grove": 691, "Iridescent Vinelasher": 1264, "Jaddi Offshoot": 1284, "Mirrorpool": 1593, "Retreat to Hagra": 2027, "Bristly Bill, Spine Sower_SB": 290, "Deathrite Shaman_SB": 568, "Undergrowth Champion_SB": 2705, "Tyvar, the Pummeler_SB": 2685, "Massacre Wurm": 1544, "Floodpits Drowner_SB": 896, "Etali, Primal Conqueror": 784, "Valgavoth's Faithful": 2748, "Elder Gargaroth": 718, "Silverback Elder": 2243, "Silverback Elder_SB": 2244, "Celestial Armor": 379, "Deputy of Detention_SB": 596, "Citizen's Crowbar_SB": 422, "Gifted Aetherborn_SB": 997, "Perilous Snare": 1825, "Wedding Invitation": 2848, "Repurposing Bay_SB": 2009, "Dawnbringer Cleric": 546, "Momentum Breaker_SB": 1614, "Patchwork Automaton": 1809, "Birgi, God of Storytelling": 197, "Crater's Claws": 506, "Banefire_SB": 156, "Zurgo Bellstriker_SB": 2936, "Greasewrench Goblin": 1076, "Moonshaker Cavalry_SB": 1624, "Zareth San, the Trickster": 2922, "Hare Apparent": 1115, "Mendicant Core, Guidelight": 1563, "Voyager Glidecar": 2812, "Grim Bauble": 1080, "Momentum Breaker": 1613, "Oildeep Gearhulk_SB": 1738, "Count on Luck_SB": 494, "Valor's Flagship": 2757, "Monument to Endurance_SB": 1621, "Shacklegeist_SB": 2185, "Chaplain of Alms": 406, "Rune of Might": 2087, "Sab-Sunen, Luxa Embodied": 2094, "Bolas's Citadel": 241, "Catacomb Sifter": 358, "Woe Strider": 2885, "Liliana, Heretical Healer_SB": 1462, "Status // Statue_SB": 2372, "Archfiend's Vessel": 96, "Merfolk Secretkeeper": 1567, "Brightglass Gearhulk": 281, "Dredger's Insight": 682, "Grim Bauble_SB": 1081, "Djeru's Renunciation": 638, "Marauding Mako": 1525, "Monument to Endurance": 1620, "Sunbillow Verge": 2415, "Ketramose, the New Dawn_SB": 1349, "Mastermind's Acquisition": 1547, "Behold the Multiverse_SB": 187, "Ossification_SB": 1768, "Dreadhorde Arcanist_SB": 670, "Coalstoke Gearhulk": 441, "Memory Guardian": 1561, "Azor, the Lawbringer": 140, "Mukotai Ambusher": 1636, "Bloodghast": 231, "Molt Tender": 1609, "Driven // Despair_SB": 683, "Ashiok, Wicked Manipulator_SB": 114, "Anim Pakal, Thousandth Moon": 68, "Basri, Tomorrow's Champion": 171, "Urza's Ruinous Blast_SB": 2741, "The Speed Demon": 2550, "Intimidation Tactics_SB": 1244, "Doppelgang": 650, "Maestros Theater": 1509, "Shigeki, Jukai Visionary": 2215, "Virtue of Strength": 2786, "Worldsoul's Rage": 2892, "Bonny Pall, Clearcutter_SB": 250, "Roxanne, Starfall Savant_SB": 2075, "Rankle's Prank": 1945, "Willowrush Verge": 2864, "Freestrider Lookout": 932, "Ketramose, the New Dawn": 1348, "Scrabbling Claws": 2128, "Legion's End_SB": 1424, "Mosswood Dreadknight_SB": 1630, "Optimistic Scavenger_SB": 1759, "Innkeeper's Talent_SB": 1229, "Oildeep Gearhulk": 1737, "Commune with Spirits": 465, "Goro-Goro, Disciple of Ryusei": 1063, "Kari Zev, Skyship Raider": 1317, "Radha, Heart of Keld": 1919, "Redshift, Rocketeer Chief": 1985, "Scorching Dragonfire_SB": 2124, "Bleachbone Verge": 217, "Starnheim Unleashed_SB": 2370, "Detention Chariot": 607, "Tune Up": 2669, "Kaya the Inexorable_SB": 1325, "Thundering Broodwagon": 2594, "Benthic Biomancer": 189, "Mindspring Merfolk": 1587, "Tishana's Tidebinder": 2607, "Tidebinder Mage_SB": 2600, "Eaten Alive_SB": 704, "Fearless Swashbuckler": 847, "Gastal Thrillroller": 961, "Dragonlord Dromoka": 657, "Ashiok, Nightmare Weaver": 111, "Hazoret, Godseeker": 1131, "Jace's Defeat_SB": 1278, "Leyline Binding_SB": 1428, "Skullcrack": 2263, "Wastewood Verge": 2837, "Boommobile": 252, "Fomori Vault": 904, "Hedron Archive": 1142, "Paradox Engine": 1804, "Portal of Sanctuary": 1870, "Prophetic Prism": 1890, "Repurposing Bay": 2008, "Terrarion": 2507, "The Mightstone and Weakstone": 2539, "Thran Spider": 2584, "Workshop Assistant": 2891, "Lantern of the Lost_SB": 1407, "Liberator, Urza's Battlethopter_SB": 1437, "Noxious Gearhulk_SB": 1715, "Shrapnel Slinger_SB": 2232, "Norin, Swift Survivalist": 1706, "Empyrean Eagle": 747, "Dewdrop Cure_SB": 613, "Mindlink Mech_SB": 1586, "Collector's Cage": 449, "Dusk Rose Reliquary": 697, "Murderous Cut": 1641, "Anguished Unmaking_SB": 67, "Drownyard Temple": 689, "Narcomoeba": 1657, "Prized Amalgam": 1884, "Quag Feast": 1906, "Avishkar Raceway": 134, "Fuel the Flames_SB": 942, "Skycrash_SB": 2268, "Sea Gate Restoration": 2138, "Dig Through Time_SB": 617, "Ashiok, Nightmare Muse_SB": 110, "Biting-Palm Ninja_SB": 201, "Kazuul's Toll Collector": 1336, "Shardmage's Rescue_SB": 2197, "Immersturm Raider": 1212, "The Speed Demon_SB": 2551, "Waste Not_SB": 2834, "Burnout Bashtronaut": 309, "Draconautics Engineer": 655, "Howlsquad Heavy": 1195, "Volley Veteran_SB": 2806, "Harrier Strix": 1118, "Hypnotic Grifter": 1204, "The Reality Chip": 2543, "Training Grounds": 2640, "Basilisk Collar_SB": 170, "Swiftfoot Boots_SB": 2449, "Overprotect_SB": 1790, "Stock Up": 2383, "Riverpyre Verge": 2050, "Strangle": 2397, "Liliana, the Last Hope_SB": 1463, "Blade Historian": 209, "Jirina, Dauntless General": 1294, "Pyre of Heroes": 1900, "Jirina, Dauntless General_SB": 1295, "Night Clubber_SB": 1677, "Riptide Gearhulk_SB": 2043, "Aegis Turtle_SB": 22, "Up the Beanstalk_SB": 2733, "Concealing Curtains": 467, "Battle at the Bridge": 174, "Spire of Industry": 2350, "Battle at the Bridge_SB": 175, "Cleansing Wildfire": 430, "Crumble to Dust": 516, "Encroaching Wastes": 751, "Gnottvold Slumbermound": 1025, "Haphazard Bombardment": 1111, "Jaya's Greeting": 1286, "Ravager Wurm": 1952, "Rowan, Scholar of Sparks": 2074, "Rubble Reading": 2078, "Sheltered Thicket": 2205, "Structural Distortion": 2405, "Sylvan Primordial": 2455, "Territory Forge": 2508, "Twin Bolt": 2674, "Herbology Instructor_SB": 1154, "Nissa's Defeat_SB": 1688, "Peak Eruption_SB": 1820, "Scrabbling Claws_SB": 2129, "Analyze the Pollen": 56, "Ride's End": 2034, "Murderous Cut_SB": 1642, "Borrowed Hostility": 259, "Barbed Batterfist": 165, "Webstrike Elite": 2845, "Yahenni's Expertise": 2903, "Commit // Memory_SB": 463, "Demilich_SB": 584, "Banefire": 155, "Koma, Cosmos Serpent_SB": 1379, "Progenitor Mimic": 1888, "Steel Seraph": 2377, "Fighter Class": 874, "Chainsaw_SB": 388, "Nettle Guard_SB": 1671, "Sword of Forge and Frontier_SB": 2451, "Violent Urge_SB": 2780, "Boon of Boseiju": 253, "Esika's Chariot_SB": 778, "Hidetsugu Consumes All": 1164, "Champion of the Perished": 390, "Cryptbreaker": 521, "Dark Salvation": 540, "Dread Wanderer": 666, "Relentless Dead": 1999, "Wayward Servant": 2840, "Zahur, Glory's Past": 2921, "Commune with Dinosaurs": 464, "Marauding Raptor": 1526, "Rampaging Raptor": 1943, "Regal Imperiosaur": 1994, "Ripjaw Raptor": 2040, "Phyrexian Censor": 1836, "Maximize Velocity": 1550, "Birgi, God of Storytelling_SB": 198, "Expedition Map_SB": 794, "Stock Up_SB": 2384, "Wrenn and Realmbreaker": 2897, "Samut's Sprint": 2100, "Lost Jitte": 1489, "Omen of the Dead_SB": 1744, "Lazav, Wearer of Faces": 1414, "Medomai the Ageless": 1556, "Guardian of Faith": 1091, "Fires of Victory_SB": 883, "Riptide Gearhulk": 2042, "Gather Courage_SB": 968, "Carnage Tyrant": 336, "Quick Study": 1911, "Etali, Primal Conqueror_SB": 785, "Feather, the Redeemed": 848, "Feather, the Redeemed_SB": 849, "Ruin-Lurker Bat": 2082, "Healer's Hawk": 1133, "Essence Channeler": 780, "Linden, the Steadfast Queen": 1464, "Scoured Barrens": 2127, "Rogue's Passage": 2065, "Dewdrop Cure": 612, "Afterburner Expert": 30, "Kozilek's Return_SB": 1383, "Nahiri, the Unforgiving_SB": 1656, "Out of Air_SB": 1774, "Cry of the Carnarium": 518, "Kaya, Orzhov Usurper": 1330, "Soul-Guide Lantern": 2319, "Calamity's Wake_SB": 318, "Twinshot Sniper": 2676, "Keruga, the Macrosage": 1345, "Agent of Treachery_SB": 37, "Twinshot Sniper_SB": 2677, "Anzrag, the Quake-Mole": 77, "Tamiyo's Safekeeping": 2470, "Tear Asunder": 2481, "Blot Out": 238, "Thrun, Breaker of Silence": 2590, "Nissa, Ascended Animist": 1689, "Tyrranax Rex": 2680, "Nissa, Ascended Animist_SB": 1690, "Hornet Queen_SB": 1189, "Satoru Umezawa": 2107, "Adorned Pouncer": 19, "Open the Armory": 1753, "Roadside Reliquary": 2052, "Spontaneous Mutation_SB": 2358, "Exquisite Firecraft": 801, "Raucous Carnival": 1949, "Curse of Shaken Faith_SB": 533, "Painter's Studio // Defaced Gallery": 1799, "Chance for Glory_SB": 392, "Magmatic Chasm_SB": 1516, "Merfolk Mistbinder": 1566, "Merfolk Trickster_SB": 1568, "Smuggler's Copter_SB": 2292, "Tireless Tracker_SB": 2606, "Debris Beetle": 569, "Epic Downfall_SB": 769, "Cavalier of Flame": 369, "Sunder the Gateway": 2417, "Kitsa, Otterball Elite": 1360, "Loran's Escape": 1485, "Blessed Defiance_SB": 221, "Rocketeer Boostbuggy": 2060, "Bladestitched Skaab": 212, "Lazotep Reaver": 1415, "Rotten Reunion_SB": 2071, "Enduring Tenacity_SB": 759, "Cruelclaw's Heist_SB": 514, "Knight of Grace": 1367, "Swan Song_SB": 2445, "Chandra, Spark Hunter_SB": 401, "Skyclave Cleric": 2267, "Ajani, Strength of the Pride_SB": 42, "Ill-Timed Explosion_SB": 1209, "Azor, the Lawbringer_SB": 141, "Gideon of the Trials": 992, "Phoenix Chick": 1833, "Mortify": 1626, "Nine-Lives Familiar": 1687, "Starfield of Nyx": 2369, "Kaya's Wrath_SB": 1329, "Creeping Chill": 510, "Silversmote Ghoul": 2247, "Fog": 902, "Gaea's Blessing": 949, "Haze of Pollen": 1127, "Jace, the Perfected Mind": 1283, "Tamiyo, Collector of Tales": 2472, "Union of the Third Path": 2713, "Winds of Qal Sisma": 2869, "Carnage Tyrant_SB": 337, "Drannith Ruins": 663, "Wasteland Strangler": 2835, "Phyrexian Fleshgorger": 1838, "Bearer of Silence": 179, "Reality Smasher_SB": 1963, "Fuel the Flames": 941, "Gix's Command_SB": 1002, "Sorin the Mirthless_SB": 2313, "Shoot the Sheriff_SB": 2223, "Graf Reaver_SB": 1066, "Kraul Whipcracker_SB": 1385, "Fear of Impostors": 843, "Riptide Chimera": 2041, "Dive Down_SB": 634, "Witchstalker_SB": 2876, "Selfless Glyphweaver_SB": 2168, "Blood Spatter Analysis": 227, "Soul-Scar Mage_SB": 2322, "Demonic Bargain": 586, "Osseous Sticktwister": 1766, "Korvold, Fae-Cursed King": 1380, "Korvold, Fae-Cursed King_SB": 1381, "Dive Down": 633, "Jace Reawakened_SB": 1277, "Blessed Defiance": 220, "Alrund's Epiphany": 51, "Loot, the Pathfinder": 1482, "Phyrexian Dragon Engine": 1837, "Seasoned Hallowblade": 2152, "The Mycosynth Gardens": 2542, "Burning Earth_SB": 305, "Fugitive Codebreaker": 943, "Flowstone Infusion": 901, "Sejiri Shelter": 2165, "Tenth District Legionnaire": 2504, "Invasion of New Phyrexia_SB": 1257, "Tangled Florahedron": 2477, "Healer of the Glade_SB": 1132, "Tale's End_SB": 2467, "Gisa, the Hellraiser_SB": 1000, "Ride's End_SB": 2035, "Omen of the Sun": 1747, "Omen of the Sun_SB": 1748, "Enduring Courage": 754, "Beseech the Mirror_SB": 191, "Monastery Mentor": 1615, "Seeker of the Way_SB": 2161, "Experimental Confectioner": 798, "Commence the Endgame_SB": 460, "Forbidden Friendship": 906, "Collective Effort_SB": 448, "Forge Devil_SB": 912, "Perilous Snare_SB": 1826, "Redcap Melee": 1982, "Setessan Champion": 2178, "Trapped in the Screen": 2645, "Trapped in the Screen_SB": 2646, "Cryptolith Rite": 524, "Bottomless Pool && Locker Room": 264, "Bottomless Pool && Locker Room_SB": 265, "Eidolon of Blossoms": 711, "Eidolon of Blossoms_SB": 712, "Knockout Blow": 1371, "Hidetsugu's Second Rite": 1166, "Incubation Druid": 1219, "Interplanar Beacon": 1241, "Kaya the Inexorable": 1324, "Mistrise Village": 1602, "Nicol Bolas, Dragon-God": 1675, "Ral Zarek": 1933, "Tamiyo, Field Researcher": 2474, "Vraska, Betrayal's Sting": 2817, "Kunoros, Hound of Athreos_SB": 1398, "Qarsi Revenant": 1904, "Qarsi Revenant_SB": 1905, "Elspeth, Storm Slayer": 735, "United Battlefront": 2714, "Voice of Victory": 2795, "Sunder the Gateway_SB": 2418, "Voice of Victory_SB": 2796, "Mox Jasper": 1634, "Mistrise Village_SB": 1603, "Rakdos's Return_SB": 1930, "Cemetery Illuminator": 380, "Muraganda Raceway": 1638, "Tersa Lightshatter": 2509, "Cease // Desist": 377, "Cram Session": 503, "Insatiable Avarice": 1231, "The Biblioplex": 2523, "Valgavoth's Onslaught": 2749, "Containment Breach_SB": 478, "Environmental Sciences_SB": 767, "Introduction to Annihilation_SB": 1252, "Mascot Exhibition_SB": 1539, "Pest Summoning_SB": 1830, "Descendant of Storms": 597, "Dragonfire Blade": 656, "Lavaspur Boots_SB": 1411, "Caustic Exhale": 366, "Dispelling Exhale": 629, "Foul-Tongue Invocation": 919, "Marang River Regent": 1523, "Scavenger Regent": 2119, "Silumgar's Scorn": 2240, "Caustic Exhale_SB": 367, "Strategic Betrayal_SB": 2400, "Cori-Steel Cutter": 486, "Wild Ride": 2859, "Cori-Steel Cutter_SB": 487, "Desperate Measures": 600, "Sunpearl Kirin": 2426, "Rot-Curse Rakshasa": 2070, "History of Benalia": 1173, "Katilda, Dawnhart Prime": 1323, "Songcrafter Mage": 2310, "Militia Bugler_SB": 1581, "Strategic Betrayal": 2399, "Treasure Map": 2653, "Archangel Elspeth": 90, "Painter's Studio && Defaced Gallery": 1798, "This Town Ain't Big Enough_SB": 2569, "Stormscale Scion": 2393, "Stormscale Scion_SB": 2394, "Not on My Watch_SB": 1708, "Of One Mind": 1736, "Banishing Slash": 163, "Jaya, Fiery Negotiator": 1287, "Cori Mountain Monastery": 485, "Gurmag Angler": 1095, "Murderous Rider_SB": 1644, "United Battlefront_SB": 2715, "Warden of the Grove": 2827, "Surrak, Elusive Hunter_SB": 2442, "Icon of Ancestry": 1205, "Fire Prophecy": 878, "White Sun's Twilight_SB": 2857, "Paradoxical Outcome_SB": 1805, "Break Out": 275, "Masked Vandal": 1540, "Fanatical Firebrand_SB": 831, "Decadent Dragon_SB": 570, "Liliana, Death's Majesty": 1460, "Scavenger's Talent_SB": 2121, "Ygra, Eater of All_SB": 2909, "Runed Halo": 2088, "Undead Sprinter_SB": 2701, "Boros Reckoner": 258, "Craterhoof Behemoth": 507, "Atarka's Command_SB": 122, "Phyrexian Obliterator": 1839, "Decisive Denial": 572, "Ebondeath, Dracolich": 705, "Ertai's Scorn": 774, "Rakshasa's Bargain": 1932, "Rewind": 2031, "Unwind": 2730, "Awaken the Honored Dead_SB": 136, "Gaze of Granite_SB": 970, "Lutri, the Spellchaser_SB": 1503, "Shadows' Verdict_SB": 2187, "Specter's Shriek_SB": 2330, "Collected Company_SB": 445, "Elspeth, Storm Slayer_SB": 736, "Herald of Eternal Dawn_SB": 1152, "Wojek Investigator": 2886, "Yathan Roadwatcher": 2906, "Hammerhand": 1108, "Aqueous Form": 81, "Severance Priest": 2183, "Jeskai Revelation": 1290, "Ray of Frost_SB": 1954, "Dragonlord Silumgar": 659, "Painful Truths": 1797, "Search for Azcanta": 2145, "Supreme Will": 2436, "Contraband Kingpin_SB": 482, "Bontu's Last Reckoning_SB": 251, "Deafening Silence": 560, "Village Rites": 2776, "Stormchaser's Talent_SB": 2391, "Greedy Freebooter": 1078, "Shambling Ghast": 2192, "Marketback Walker": 1537, "Diabolic Intent": 614, "Scrapwork Mutt": 2133, "Gleaming Barrier": 1010, "Liliana's Standard Bearer": 1459, "The Sibsig Ceremony": 2548, "Callous Bloodmage_SB": 322, "Friendly Teddy": 935, "Experiment One": 795, "Muerra, Trash Tactician": 1635, "Cut // Ribbons": 534, "Dusk Legion Zealot": 696, "Markov Baron": 1538, "Patchwork Banner": 1810, "Bedevil_SB": 183, "Champion of Dusk_SB": 389, "Deadly Dispute_SB": 557, "Soul Transfer_SB": 2318, "Devilish Valet": 610, "Runaway Steam-Kin": 2084, "Grinning Ignus": 1082, "Hazoret's Monument": 1130, "Light Up the Night": 1444, "Cemetery Prowler_SB": 381, "Nissa, Steward of Elements_SB": 1692, "Kishla Village": 1355, "Robber of the Rich_SB": 2059, "Ugin, Eye of the Storms": 2686, "Shiko, Paragon of the Way": 2216, "Shadows' Verdict": 2186, "The Book of Exalted Deeds_SB": 2526, "Sokenzan, Crucible of Defiance_SB": 2305, "Silent Hallcreeper": 2239, "Ashiok, Nightmare Weaver_SB": 112, "Rediscover the Way": 1984, "Balmor, Battlemage Captain": 151, "Wizard's Retort_SB": 2884, "Shapers' Sanctuary": 2194, "Clever Lumimancer": 434, "Niv-Mizzet, Parun": 1696, "Sweltering Suns": 2446, "Omnath, Locus of the Roil": 1750, "Marang River Regent_SB": 1524, "Giant Growth": 989, "Heritage Reclamation_SB": 1157, "Intimidation Tactics": 1243, "Liliana, Dreadhorde General_SB": 1461, "Katilda, Dawnhart Martyr_SB": 1322, "Gonti, Lord of Luxury_SB": 1061, "Frontline Rush": 937, "Mortify_SB": 1627, "Treasure Cruise_SB": 2652, "Drake Hatcher": 661, "Canyon Slough": 330, "Captain Lannery Storm": 331, "Charming Scoundrel": 409, "Goldhound": 1056, "Goldspan Dragon": 1057, "Kalain, Reclusive Painter": 1307, "Marionette Master": 1536, "Reckless Fireweaver": 1970, "Sticky Fingers": 2381, "Treasure Vault": 2654, "Vraska's Contempt": 2815, "Moment of Craving_SB": 1612, "Ratchet Bomb_SB": 1947, "Unlicensed Disintegration_SB": 2717, "Eshki Dragonclaw": 776, "Herd Heirloom": 1155, "Amonkhet Raceway": 55, "Phyrexian Arena_SB": 1835, "Abbot of Keral Keep": 1, "Anax, Hardened in the Forge": 57, "Incendiary Flow": 1218, "Dire Fleet Daredevil_SB": 621, "Sword of Once and Future_SB": 2452, "Magebane Lizard": 1512, "Virulent Plague_SB": 2787, "Sunset Revelry": 2428, "Unexpected Windfall": 2708, "Skrelv's Hive": 2261, "Vaultborn Tyrant_SB": 2767, "Defabricate_SB": 580, "Collector's Cage_SB": 450, "Plargg, Dean of Chaos": 1855, "Doom Whisperer_SB": 648, "Virtue of Courage": 2781, "Ball Lightning": 150, "Scytheclaw Raptor_SB": 2137, "Cathartic Reunion": 362, "Gastal Thrillroller_SB": 962, "Invasion of Ergamon": 1253, "Portent of Calamity": 1873, "Extraordinary Journey": 809, "Concerted Defense_SB": 468, "Rapid Hybridization_SB": 1946, "Jin-Gitaxias, Progress Tyrant_SB": 1293, "Smuggler's Surprise_SB": 2294, "Toxrill, the Corrosive_SB": 2637, "Ureni, the Song Unending": 2739, "Awaken the Honored Dead": 135, "Ghostly Dancers": 985, "Heliod, the Radiant Dawn_SB": 1146}}