{"vocabulary": {"Blackcleave Cliffs": 175, "Blightstep Pathway": 188, "Blood Crypt": 192, "Cacophony Scamp": 261, "Callous Sell-Sword": 267, "Claim // Fame": 355, "Den of the Bugbear": 496, "Emberheart Challenger": 619, "Heartfire Hero": 903, "Kumano Faces Kakkazan": 1128, "Manifold Mouse": 1244, "Monastery Swiftspear": 1312, "Monstrous Rage": 1314, "Mountain": 1325, "Ramunap Ruins": 1569, "Reckless Rage": 1590, "Slickshot Show-Off": 1855, "Sokenzan, Crucible of Defiance": 1874, "Sulfurous Springs": 1958, "Titan's Strength": 2117, "Turn Inside Out": 2164, "Claim // Fame_SB": 356, "Fatal Push_SB": 696, "Jegantha, the Wellspring_SB": 1034, "Ob Nixilis, the Adversary_SB": 1407, "Reckless Rage_SB": 1591, "Screaming Nemesis_SB": 1732, "Thoughtseize_SB": 2093, "Ghitu Lavarunner": 799, "Light Up the Stage": 1173, "Play with Fire": 1506, "Skewer the Critics": 1836, "Soul-Scar Mage": 1889, "Spikefield Hazard": 1907, "Wizard's Lightning": 2337, "End the Festivities_SB": 629, "Goblin Chainwhirler_SB": 839, "Hazoret the Fervent_SB": 898, "Kari Zev's Expertise_SB": 1058, "Rampaging Ferocidon_SB": 1567, "Redcap Melee_SB": 1600, "Rending Volley_SB": 1618, "Roiling Vortex_SB": 1672, "Sunspine Lynx_SB": 1975, "Witchstalker Frenzy_SB": 2329, "Archon of Emeria": 85, "Aven Interrupter": 114, "Boseiju, Who Endures": 223, "Branchloft Pathway": 229, "Brushland": 248, "Collected Company": 373, "Eiganjo, Seat of the Empire": 596, "Eldrazi Displacer": 599, "Elvish Mystic": 616, "Enduring Innocence": 633, "Kellan, Daring Traveler": 1079, "Llanowar Elves": 1199, "Plains": 1503, "Razorverge Thicket": 1582, "Shefet Dunes": 1790, "Skyclave Apparition": 1842, "Temple Garden": 2024, "Thalia, Guardian of Thraben": 2042, "Thalia, Heretic Cathar": 2044, "Werefox Bodyguard": 2313, "Back to Nature_SB": 125, "Brutal Cathar_SB": 250, "Dromoka's Command_SB": 576, "Gideon, Ally of Zendikar_SB": 809, "Portable Hole_SB": 1516, "Rest in Peace_SB": 1630, "The Wandering Emperor_SB": 2078, "Burst Lightning": 256, "Bushwhack": 258, "Copperline Gorge": 408, "Cragcrown Pathway": 420, "Innkeeper's Talent": 981, "Karplusan Forest": 1061, "Questing Druid": 1547, "Screaming Nemesis": 1731, "Snakeskin Veil": 1865, "Stomping Ground": 1937, "Thud": 2104, "Grafdigger's Cage_SB": 852, "Magebane Lizard_SB": 1235, "Pick Your Poison_SB": 1498, "Pyroclasm_SB": 1541, "Torch the Tower_SB": 2130, "Urabrask's Forge_SB": 2215, "Archfiend of the Dross": 81, "Blazemire Verge": 183, "Bloodtithe Harvester": 200, "Duress": 583, "Fable of the Mirror-Breaker": 674, "Fatal Push": 695, "Go for the Throat": 837, "Heartless Act": 906, "Mutavault": 1338, "Sheoldred, the Apocalypse": 1796, "Swamp": 1986, "Thoughtseize": 2092, "Torch the Tower": 2129, "Unholy Annex && Ritual Chamber": 2195, "Unstoppable Slasher": 2208, "Urborg, Tomb of Yawgmoth": 2218, "Anger of the Gods_SB": 55, "Anoint with Affliction_SB": 65, "Duress_SB": 584, "Feed the Swarm_SB": 712, "Go Blank_SB": 835, "Hidetsugu Consumes All_SB": 926, "Invoke Despair_SB": 1009, "Unlicensed Hearse_SB": 2204, "Atraxa, Grand Unifier": 105, "Big Score": 164, "Bitter Triumph": 173, "Fountainport": 764, "Indomitable Creativity": 975, "Pawpatch Formation": 1477, "Thornspire Verge": 2088, "Titan of Industry": 2116, "Valakut Awakening": 2224, "Valgavoth, Terror Eater": 2227, "Ziatora's Proving Ground": 2375, "Zombify": 2378, "Chandra's Defeat_SB": 332, "Slaughter Games_SB": 1852, "Ancient Cornucopia": 51, "Beza, the Bounding Spring": 162, "Breeding Pool": 237, "Bring to Light": 243, "Deafening Clarion": 468, "Dovin's Veto": 547, "Elenda, Saint of Dusk": 603, "Floodfarm Verge": 742, "Forest": 755, "Godless Shrine": 842, "Hallowed Fountain": 881, "Hushwood Verge": 958, "Indatha Triome": 974, "Jetmir's Garden": 1037, "Ketria Triome": 1089, "Knight of Autumn": 1100, "Kolaghan's Command": 1113, "Leyline Binding": 1158, "Lightning Helix": 1179, "Lilah, Undefeated Slickshot": 1183, "Maelstrom Pulse": 1229, "Niv-Mizzet Reborn": 1382, "Niv-Mizzet, Supreme": 1385, "Overgrown Tomb": 1450, "Pillage the Bog": 1501, "Raffine's Tower": 1556, "Raugrin Triome": 1576, "Sacred Foundry": 1695, "Savai Triome": 1709, "Spara's Headquarters": 1896, "Steam Vents": 1927, "Sunfall": 1965, "Unmoored Ego": 2206, "Up the Beanstalk": 2212, "Valki, God of Lies": 2229, "Vanishing Verse": 2237, "Wandering Mind": 2289, "Watery Grave": 2300, "Xander's Lounge": 2352, "Zagoth Triome": 2369, "Casualties of War_SB": 297, "Deafening Clarion_SB": 469, "Dovin's Veto_SB": 548, "Kambal, Consul of Allocation_SB": 1055, "Lightning Helix_SB": 1180, "Notion Thief_SB": 1393, "The Scarab God_SB": 2071, "Yorion, Sky Nomad_SB": 2364, "Archdruid's Charm": 80, "Bala Ged Recovery": 128, "Dark Petition": 451, "Emergent Ultimatum": 621, "Fae of Wishes": 682, "Hidden Strings": 924, "Lier, Disciple of the Drowned": 1169, "Lotus Field": 1217, "Lush Portico": 1224, "Mana Confluence": 1243, "Nine Lives": 1372, "Omniscience": 1428, "Otawara, Soaring City": 1442, "Peer into the Abyss": 1482, "Pore Over the Pages": 1512, "Soul Partition": 1883, "Strict Proctor": 1950, "Sylvan Scrying": 1999, "Thespian's Stage": 2081, "Vizier of Tumbling Sands": 2264, "Approach of the Second Sun_SB": 72, "Emergent Ultimatum_SB": 622, "Leyline of Sanctity_SB": 1164, "Nine Lives_SB": 1373, "Silence_SB": 1816, "Sphinx of the Final Word_SB": 1905, "Temporary Lockdown_SB": 2032, "Zacama, Primal Calamity_SB": 2368, "Cavern of Souls": 313, "Flicker of Fate": 740, "Gloomlake Verge": 828, "Overlord of the Floodpits": 1454, "Overlord of the Hauntwoods": 1455, "Overlord of the Mistmoors": 1456, "Zur, Eternal Schemer": 2380, "Disdainful Stroke_SB": 527, "Elesh Norn, Mother of Machines_SB": 606, "Get Lost_SB": 795, "Knockout Blow_SB": 1109, "Mystical Dispute_SB": 1343, "Adarkar Wastes": 15, "Brazen Borrower": 234, "Enduring Curiosity": 631, "Hengegate Pathway": 915, "Island": 1014, "Mausoleum Wanderer": 1265, "Mockingbird": 1302, "No More Lies": 1387, "Rattlechains": 1573, "Seachrome Coast": 1736, "Shacklegeist": 1771, "Sheltered by Ghosts": 1792, "Slip Out the Back": 1857, "Spell Pierce": 1900, "Spell Queller": 1902, "Supreme Phantom": 1976, "The Wandering Emperor": 2077, "Damping Sphere_SB": 449, "Split Up_SB": 1916, "Tocasia's Welcome_SB": 2122, "Wedding Announcement_SB": 2309, "Arclight Phoenix": 87, "Artist's Talent": 89, "Consider": 398, "Fiery Impulse": 723, "Galvanic Iteration": 782, "Hall of Storm Giants": 880, "Highway Robbery": 931, "Into the Flood Maw": 996, "Ledger Shredder": 1148, "Lightning Axe": 1177, "Opt": 1432, "Picklock Prankster": 1499, "Proft's Eidetic Memory": 1528, "Riverglide Pathway": 1658, "Spirebluff Canal": 1911, "Temporal Trespass": 2030, "Treasure Cruise": 2148, "Abrade_SB": 5, "Aether Gust_SB": 22, "Annul_SB": 63, "Beacon Bolt_SB": 151, "Crackling Drake_SB": 419, "Negate_SB": 1361, "Prismari Command_SB": 1526, "Infuriate": 977, "Heartless Act_SB": 907, "Torpor Orb_SB": 2133, "Battlefield Forge": 150, "Boltwave": 208, "Boros Charm": 219, "Eidolon of the Great Revel": 594, "Hired Claw": 933, "Inspiring Vantage": 990, "Needleverge Pathway": 1359, "Destroy Evil_SB": 511, "Searing Blood_SB": 1743, "Strict Proctor_SB": 1951, "Hunter's Talent": 955, "Pawpatch Formation_SB": 1478, "Censor": 322, "Deduce": 483, "Deserted Beach": 504, "Farewell": 693, "Field of Ruin": 719, "Geier Reach Sanitarium": 790, "Get Lost": 794, "March of Otherworldly Light": 1249, "Memory Deluge": 1272, "Narset, Parter of Veils": 1351, "Portable Hole": 1515, "Restless Anchorage": 1631, "Supreme Verdict": 1977, "Teferi, Hero of Dominaria": 2021, "Beza, the Bounding Spring_SB": 163, "Day's Undoing_SB": 463, "Farewell_SB": 694, "Kaheera, the Orphanguard_SB": 1045, "Shark Typhoon_SB": 1785, "Anoint with Affliction": 64, "Blade of the Oni": 178, "Bloodletter of Aclazotz": 197, "Caustic Bronco": 304, "Darkbore Pathway": 454, "Deathrite Shaman": 475, "Fabled Passage": 676, "Hive of the Eye Tyrant": 935, "Takenuma, Abandoned Mire": 2004, "Cut Down_SB": 448, "Extinction Event_SB": 669, "Leyline of the Void_SB": 1166, "Graveyard Trespasser": 855, "Enigmatic Incarnation": 637, "Kutzil's Flanker": 1132, "Linvala, the Preserver": 1192, "Nowhere to Run": 1395, "Overlord of the Boilerbilges": 1453, "Archon of Emeria_SB": 86, "Thought Distortion_SB": 2089, "Adeline, Resplendent Cathar": 16, "Coppercoat Vanguard": 407, "Dauntless Bodyguard": 457, "Declaration in Stone": 481, "Extraction Specialist": 671, "Fortified Beachhead": 759, "Hopeful Initiate": 943, "Recruitment Officer": 1598, "Thalia's Lieutenant": 2041, "Containment Priest_SB": 405, "Reflector Mage_SB": 1605, "Sheltered by Ghosts_SB": 1793, "Cavalier of Thorns": 310, "Hostile Hostel": 950, "Invasion of Ixalan": 1004, "Kiora, Behemoth Beckoner": 1092, "Lair of the Hydra": 1135, "Leyline of the Guildpact": 1165, "Nykthos, Shrine to Nyx": 1401, "Oath of Nissa": 1405, "Old-Growth Troll": 1418, "Outcaster Trailblazer": 1446, "Storm the Festival": 1938, "Sunken Citadel": 1968, "Ulvenwald Oddity": 2181, "Arasta of the Endless Web_SB": 75, "Cityscape Leveler_SB": 354, "Emrakul, the Promised End_SB": 626, "Monstrous Emergence_SB": 1313, "Scrapshooter_SB": 1729, "Setessan Petitioner_SB": 1766, "Tail Swipe_SB": 2002, "The Stone Brain_SB": 2076, "Haunted Ridge": 892, "Kolaghan's Command_SB": 1114, "Sheoldred, the Apocalypse_SB": 1797, "Withering Torment_SB": 2334, "Ruric Thar, the Unbowed_SB": 1692, "Blooming Marsh": 201, "Cauldron Familiar": 303, "Claim the Firstborn": 357, "Deadly Dispute": 466, "Mayhem Devil": 1267, "Scavenger's Talent": 1716, "Witch's Oven": 2327, "Ygra, Eater of All": 2361, "Blot Out_SB": 204, "Ghost Vacuum_SB": 801, "Haywire Mite_SB": 895, "Molten Collapse_SB": 1306, "Sleight of Hand": 1854, "Stormcarved Coast": 1939, "Brazen Borrower_SB": 235, "Brotherhood's End_SB": 247, "Third Path Iconoclast_SB": 2084, "Fear of Missing Out": 704, "Reckoner Bankbuster_SB": 1594, "Bond of Insight": 211, "Dig Through Time": 521, "Expedition Map": 659, "Lightning Strike": 1181, "Wish": 2326, "Fiery Impulse_SB": 724, "Galvanic Iteration_SB": 783, "Into the Flood Maw_SB": 997, "Lier, Disciple of the Drowned_SB": 1170, "Niv-Mizzet, Parun_SB": 1384, "Bitter Triumph_SB": 174, "Case of the Crimson Pulse_SB": 284, "Necromentia_SB": 1356, "Angel of Serenity": 53, "Glacial Fortress": 815, "Glasspool Mimic": 820, "Nylea's Presence": 1403, "Overlord of the Balemurk": 1451, "Roaring Furnace && Steaming Sauna": 1663, "Rootbound Crag": 1674, "Ruric Thar, the Unbowed": 1691, "Sunpetal Grove": 1971, "Trumpeting Carnosaur": 2160, "Heliod's Intervention_SB": 910, "Supreme Verdict_SB": 1978, "Zur, Eternal Schemer_SB": 2381, "Baneslayer Angel_SB": 136, "Detention Sphere_SB": 515, "Elspeth's Smite_SB": 611, "Narset, Parter of Veils_SB": 1352, "Clearwater Pathway": 363, "Cut Down": 447, "Darkslick Shores": 455, "Deep-Cavern Bat": 484, "Faerie Miscreant": 687, "Floodpits Drowner": 743, "Kaito, Bane of Nightmares": 1048, "Moon-Circuit Hacker": 1318, "Ornithopter": 1437, "Undercity Sewers": 2190, "Dreams of Steel and Oil_SB": 572, "Enduring Curiosity_SB": 632, "Spell Pierce_SB": 1901, "Destructive Revelry_SB": 512, "Aloe Alchemist": 40, "Atarka's Command": 103, "Bonecrusher Giant": 212, "Burning-Tree Emissary": 254, "Cunning Coyote": 443, "Reckless Bushwhacker": 1587, "Zurgo Bellstriker": 2382, "Claim the Firstborn_SB": 358, "Shapers' Sanctuary_SB": 1781, "Razorkin Needlehead_SB": 1581, "Reflector Mage": 1604, "Reidane, God of the Worthy_SB": 1611, "Cryptic Coat": 436, "Darksteel Citadel": 456, "Ensoul Artifact": 638, "Inti, Seneschal of the Sun": 993, "Legion Extruder": 1152, "Shadowspear": 1775, "Shivan Reef": 1803, "Shrapnel Blast": 1811, "Smuggler's Copter": 1861, "Spyglass Siren": 1920, "Voldaren Epicure": 2275, "Burst Lightning_SB": 257, "Shadowspear_SB": 1776, "Voltage Surge_SB": 2280, "Abrupt Decay": 6, "Blood Baron of Vizkopa": 190, "Cosmic Rebirth": 412, "Culling Ritual_SB": 441, "Unmoored Ego_SB": 2207, "Assassin's Trophy": 100, "Deadly Cover-Up": 464, "Elesh Norn, Mother of Machines": 605, "Molten Collapse": 1305, "Omnath, Locus of Creation": 1426, "Sylvan Caryatid": 1997, "Tolsimir, Friend to Wolves": 2123, "Withering Torment": 2333, "Brave the Elements": 232, "Brutal Cathar": 249, "Castle Ardenvale": 291, "Veteran Survivor": 2248, "Doorkeeper Thrull_SB": 544, "Extraction Specialist_SB": 672, "Abhorrent Oculus": 2, "Pieces of the Puzzle": 1500, "Restless Reef": 1635, "Underground River": 2192, "Chrome Host Seedshark_SB": 350, "Unholy Annex && Ritual Chamber_SB": 2196, "Case of the Stashed Skeleton": 288, "Cling to Dust": 368, "Extinction Event": 668, "Mirrex": 1291, "Ob Nixilis, the Adversary": 1406, "Rakdos Joins Up": 1559, "Reckoner Bankbuster": 1593, "Sheoldred's Edict": 1794, "Transmogrify": 2142, "Volcanic Spite": 2274, "Path of Peril_SB": 1475, "Brave the Elements_SB": 233, "Cathartic Pyre": 300, "Filter Out_SB": 728, "Narset's Reversal_SB": 1350, "Thassa's Oracle_SB": 2046, "Raucous Theater": 1575, "Blossoming Defense": 202, "Three Steps Ahead": 2099, "No One Left Behind": 1389, "Elspeth, Sun's Champion_SB": 614, "Lion Sash": 1194, "Voice of Resurgence": 2266, "Werefox Bodyguard_SB": 2314, "Bishop of Wings": 169, "Emeria's Call": 623, "Giada, Font of Hope": 804, "Kayla's Reconstruction": 1072, "Resplendent Angel": 1627, "Righteous Valkyrie": 1647, "Aven Interrupter_SB": 115, "Deafening Silence_SB": 471, "Knight of Autumn_SB": 1101, "Drowned Catacomb": 578, "Woodland Cemetery": 2344, "Sunfall_SB": 1966, "Ancestral Anger": 50, "Archon of Absolution_SB": 84, "Clever Impersonator": 364, "Gyruda, Doom of Depths": 876, "Horned Loch-Whale": 945, "Quintorius Kand": 1551, "Spark Double": 1897, "Sundown Pass": 1964, "Temple of Enlightenment": 2026, "Temple of Epiphany": 2027, "Temple of Triumph": 2029, "Warrant // Warden": 2294, "Mirrorshell Crab_SB": 1294, "Reduce // Rubble_SB": 1603, "Response // Resurgence_SB": 1628, "Sire of Seven Deaths_SB": 1834, "Satoru, the Infiltrator": 1707, "Dragonlord Dromoka_SB": 552, "Soul Partition_SB": 1884, "Arboreal Grazer": 76, "Botanical Sanctum": 225, "Hedge Maze": 908, "Impulse": 971, "Languish_SB": 1137, "Witchstalker Frenzy": 2328, "Questing Druid_SB": 1548, "Dwynen's Elite": 588, "Elvish Archdruid": 615, "Elvish Warmaster": 617, "Jaspera Sentinel": 1030, "Leaf-Crowned Visionary": 1147, "Llanowar Wastes": 1201, "Three Tree City": 2101, "Turntimber Symbiosis": 2165, "Tyvar, Jubilant Brawler": 2174, "Tyvar, the Pummeler": 2175, "Dark Betrayal_SB": 450, "Deep-Cavern Bat_SB": 485, "Masked Vandal_SB": 1261, "Metallic Rebuke": 1280, "Novice Inspector": 1394, "Regal Bunnicorn": 1606, "Shardmage's Rescue": 1782, "Thraben Inspector": 2096, "Warden of the Inner Sky": 2291, "Esika's Chariot": 647, "Lovestruck Beast": 1218, "Pick Your Poison": 1497, "The Akroan War": 2047, "Skysovereign, Consul Flagship_SB": 1849, "Dreadmaw's Ire": 565, "Sheoldred's Edict_SB": 1795, "Dissection Tools": 532, "Alseid of Life's Bounty": 44, "Dollmaker's Shop && Porcelain Gallery": 540, "Enduring Vitality": 636, "Generous Visitor": 792, "Jukai Naturalist": 1041, "Kami of Transience": 1056, "Optimistic Scavenger": 1433, "Scattered Groves": 1712, "Seal Away": 1737, "Exorcise_SB": 657, "Fragmentize_SB": 768, "Ghostly Dancers_SB": 803, "Seal Away_SB": 1738, "Surgical Suite && Hospital Room_SB": 1983, "Authority of the Consuls": 112, "Overgrown Farmland": 1449, "Guardian of Faith_SB": 871, "High Noon_SB": 930, "Surge of Salvation_SB": 1982, "Graveyard Trespasser_SB": 856, "Rockfall Vale": 1670, "Cling to Dust_SB": 369, "Unholy Annex // Ritual Chamber": 2197, "Concealed Courtyard": 393, "Case of the Filched Falcon": 285, "Michiko's Reign of Truth": 1285, "Rite of Oblivion": 1654, "Cryptic Coat_SB": 437, "Anointed Peacekeeper_SB": 67, "Anthem of Champions_SB": 68, "Virtue of Loyalty": 2255, "Elite Spellbinder": 607, "Thalia, Guardian of Thraben_SB": 2043, "Elite Spellbinder_SB": 608, "Shatterskull Smashing": 1788, "Kazuul's Fury": 1075, "Urabrask's Forge": 2214, "Kroxa, Titan of Death's Hunger": 1126, "Tinybones, the Pickpocket": 2112, "Gleeful Demolition": 823, "Knight-Errant of Eos": 1107, "Venerated Loxodon": 2243, "Resolute Reinforcements": 1626, "Castle Embereth": 292, "Imodane's Recruiter": 969, "Invasion of Gobakhan_SB": 1003, "Syr Ginger, the Meal Ender": 2000, "Abrupt Decay_SB": 7, "The Meathook Massacre_SB": 2063, "Weathered Runestone_SB": 2305, "Anointed Peacekeeper": 66, "Cathar Commando_SB": 299, "Path of Peril": 1474, "Temple of Mystery": 2028, "Anger of the Gods": 54, "Magma Opus": 1236, "Torrential Gearhulk": 2134, "Make Disappear": 1239, "Stern Lesson": 1932, "Sublime Epiphany": 1956, "Izzet Charm": 1020, "Alpine Moon_SB": 42, "Ral, Izzet Viceroy_SB": 1564, "Hullbreaker Horror_SB": 954, "Temporary Lockdown": 2031, "Agent of Treachery": 31, "Restless Vinestalk": 1638, "Moon-Blessed Cleric": 1317, "Fear of Abduction": 700, "Blessed Alliance": 185, "Settle the Wreckage_SB": 1769, "Virtue of Loyalty_SB": 2256, "Blue Sun's Twilight_SB": 206, "Eidolon of Rhetoric_SB": 593, "Doppelgang_SB": 546, "Overwhelming Remorse_SB": 1460, "Elspeth Conquers Death_SB": 609, "Phantom Interference": 1488, "Jwari Disruption": 1042, "Negate": 1360, "Disruption Protocol": 531, "Brotherhood's End": 246, "Prismari Command": 1525, "Vaultborn Tyrant": 2239, "Volatile Fault": 2273, "Test of Talents_SB": 2038, "Return the Favor_SB": 1642, "Ashiok, Dream Render_SB": 93, "High Noon": 929, "Noxious Gearhulk": 1397, "Path to the World Tree": 1476, "Hinterland Harbor": 932, "Isolated Chapel": 1017, "Gloomshrieker": 829, "Rest in Peace": 1629, "Tranquil Frillback": 2140, "Yasharn, Implacable Earth_SB": 2358, "Dennick, Pious Apprentice_SB": 498, "Castle Locthwain_SB": 295, "Annul": 62, "Proft's Eidetic Memory_SB": 1529, "Bonny Pall, Clearcutter": 214, "Gallia of the Endless Dance": 781, "Halana and Alena, Partners": 879, "Ruby, Daring Tracker": 1685, "Mox Amber": 1327, "Bard Class": 140, "Domri, Anarch of Bolas": 541, "Samut, Vizier of Naktamun": 1700, "Hajar, Loyal Bodyguard": 878, "Itzquinth, Firstborn of Gishath": 1018, "Klothys, God of Destiny": 1098, "Migloz, Maze Crusher": 1287, "Agatha of the Vile Cauldron": 28, "Targ Nar, Demon-Fang Gnoll": 2014, "Samut, Voice of Dissent": 1701, "Xenagos, the Reveler": 2355, "Tamiyo's Safekeeping_SB": 2009, "Cindervines_SB": 351, "Thousand-Year Storm": 2095, "Stormsplitter": 1944, "Silundi Vision": 1820, "March of Swirling Mist_SB": 1251, "Cathartic Pyre_SB": 301, "Tamiyo, Collector of Tales_SB": 2011, "Polukranos Reborn": 1510, "Voracious Hydra_SB": 2281, "Fires of Victory": 733, "Tears of Valakut_SB": 2018, "The Cruelty of Gix": 2053, "Kytheon, Hero of Akros": 1134, "Hostage Taker": 949, "Nahiri, the Harbinger": 1346, "Restless Vents": 1637, "Soulstone Sanctuary": 1895, "Inspiring Overseer": 989, "Commercial District": 388, "Invoke Despair": 1008, "Castle Locthwain": 294, "Kellan, Planar Trailblazer": 1080, "Declaration in Stone_SB": 482, "Gilded Goose": 812, "Vinereap Mentor": 2252, "Cache Grab": 260, "Traverse the Ulvenwald": 2145, "Vraska, Golgari Queen": 2287, "Scrapshooter": 1728, "Wolfwillow Haven_SB": 2342, "Pithing Needle_SB": 1502, "Kenrith's Transformation_SB": 1083, "Fog_SB": 750, "Questing Beast_SB": 1546, "Caves of Koilos": 315, "Collective Brutality": 375, "Faithful Mending": 688, "Greasefang, Okiba Boss": 858, "Kiora, the Rising Tide": 1093, "Lively Dirge": 1197, "Parhelion II": 1470, "Shattered Sanctum": 1787, "Skysovereign, Consul Flagship": 1848, "Stubborn Denial": 1954, "Tainted Indulgence": 2003, "Teferi, Hero of Dominaria_SB": 2022, "Vanishing Verse_SB": 2238, "Void Rend_SB": 2271, "Lay Down Arms": 1144, "Carrot Cake": 279, "Split Up": 1915, "Wedding Announcement": 2308, "Caretaker's Talent": 275, "Demolition Field": 493, "Hallowed Moonlight_SB": 883, "Divine Smite_SB": 536, "Containment Priest": 404, "Ashiok, Wicked Manipulator": 98, "Day's Undoing": 462, "Jace, Vryn's Prodigy_SB": 1025, "Kalitas, Traitor of Ghet_SB": 1053, "Protect the Negotiators_SB": 1536, "Liliana of the Veil_SB": 1185, "Ajani, Strength of the Pride": 35, "Case of the Uneaten Feast": 289, "Lunarch Veteran": 1223, "Prosperous Innkeeper": 1532, "Trelasarra, Moon Dancer": 2153, "Voice of the Blessed": 2270, "Kalitas, Traitor of Ghet": 1052, "Aclazotz, Deepest Betrayal_SB": 12, "Leyline of Combustion": 1160, "Rampaging Ferocidon": 1566, "Razorkin Needlehead": 1580, "Torbran, Thane of Red Fell": 2128, "Gruul Charm_SB": 868, "Snow-Covered Mountain": 1870, "Showdown of the Skalds_SB": 1810, "Caustic Bronco_SB": 305, "Case of the Gateway Express": 286, "Giant Killer": 806, "Deadly Cover-Up_SB": 465, "Sire of Insanity_SB": 1832, "Floriferous Vinewall": 745, "Keen-Eyed Curator_SB": 1078, "Kroxa, Titan of Death's Hunger_SB": 1127, "Acererak the Archlich": 10, "Gwenna, Eyes of Gaea": 875, "Honest Rutstein": 940, "Kinnan, Bonder Prodigy": 1090, "Plaza of Heroes": 1508, "Relic of Legends": 1614, "Rona, Herald of Invasion": 1673, "Assassin's Trophy_SB": 101, "Elder Gargaroth_SB": 598, "Tranquil Frillback_SB": 2141, "Aether Channeler": 20, "Cruel Somnophage": 429, "Eldritch Evolution": 601, "Hauntwoods Shrieker": 893, "Satyr Wayfinder": 1708, "Urborg Lhurgoyf": 2216, "Yavimaya Coast": 2360, "Aether Channeler_SB": 21, "Fear of Impostors_SB": 702, "Garruk's Harbinger_SB": 784, "Polukranos Reborn_SB": 1511, "Castle Vantress": 296, "Change the Equation": 341, "Irrigated Farmland": 1012, "Brimaz, King of Oreskos_SB": 242, "Dream Trawler_SB": 568, "Gruul Charm": 867, "Twisted Fealty_SB": 2169, "Enduring Innocence_SB": 634, "Kambal, Consul of Allocation": 1054, "Tectonic Hazard_SB": 2019, "Dawnbringer Cleric_SB": 459, "Zephyr Sentinel_SB": 2373, "Krenko's Buzzcrusher": 1123, "Change the Equation_SB": 342, "Elegant Parlor": 602, "Royal Treatment": 1681, "Royal Treatment_SB": 1682, "Rockface Village": 1669, "Ingenious Prodigy": 979, "Archfiend of the Dross_SB": 82, "Callous Sell-Sword_SB": 268, "Curious Obsession": 444, "Geistlight Snare": 791, "Invasion of Gobakhan": 1002, "Spectral Sailor": 1899, "Skyclave Apparition_SB": 1843, "Slaughter Games": 1851, "Yasharn, Implacable Earth": 2357, "Nahiri, the Harbinger_SB": 1347, "Go for the Throat_SB": 838, "Decimator of the Provinces": 479, "Fierce Empath": 721, "Gala Greeters": 780, "Harmonious Archon": 889, "Restless Prairie": 1634, "Sandstorm Salvager": 1703, "Sanguine Evangelist": 1704, "Skyknight Squire": 1846, "Toby, Beastie Befriender": 2121, "Kayla's Reconstruction_SB": 1073, "Snow-Covered Island": 1869, "Faerie Mastermind": 685, "Long Goodbye": 1204, "Ritual of Soot": 1656, "Shipwreck Marsh": 1802, "Tishana's Tidebinder_SB": 2115, "Inscription of Ruin": 986, "Jace Reawakened": 1021, "Aetherflux Reservoir_SB": 24, "Dragonskull Summit": 554, "Lithomantic Barrage_SB": 1196, "Shineshadow Snarl": 1801, "Meticulous Archive": 1284, "Shadowy Backstreet": 1777, "Leyline of Resonance": 1163, "Might of the Meek": 1286, "Felonious Rage": 715, "Frantic Scapegoat": 769, "Plains_SB": 1504, "Island_SB": 1015, "Forest_SB": 756, "Restless Spire": 1636, "Emry, Lurker of the Loch": 627, "Thundertrap Trainer": 2108, "Valley Floodcaller": 2230, "Jeskai Ascendancy": 1035, "Lavaspur Boots": 1141, "Mishra's Research Desk": 1296, "Tormod's Crypt": 2131, "Retraction Helix": 1639, "Radiant Flames_SB": 1554, "Valorous Stance_SB": 2233, "Glistening Deluge_SB": 827, "Three Steps Ahead_SB": 2100, "Deflecting Palm_SB": 490, "Gods Willing_SB": 844, "Skullcrack_SB": 1841, "Atraxa, Grand Unifier_SB": 106, "Krenko's Buzzcrusher_SB": 1124, "Stubborn Denial_SB": 1955, "Surrak Dragonclaw": 1984, "Lukka, Coppercoat Outcast": 1219, "Seed of Hope": 1751, "Chandra, Awakened Inferno_SB": 334, "Lukka, Coppercoat Outcast_SB": 1220, "Mox Amber_SB": 1328, "Retraction Helix_SB": 1640, "Tormod's Crypt_SB": 2132, "Boseiju, Who Endures_SB": 224, "Worldspine Wurm": 2347, "Xenagos, God of Revels": 2353, "Shark Typhoon": 1784, "Secrets of the Key": 1748, "Soaring Thought-Thief": 1873, "Thieves' Guild Enforcer": 2082, "Drown in the Loch": 577, "Ritual of Soot_SB": 1657, "Assimilation Aegis": 102, "Brass Knuckles": 230, "Fabrication Foundry": 677, "Ingenious Smith": 980, "Inventors' Fair": 1006, "Leyline Axe": 1157, "Metalwork Colossus": 1282, "Moonsnare Prototype": 1320, "Sanctum of Ugin": 1702, "Simulacrum Synthesizer": 1829, "The Irencrag": 2060, "Metallic Rebuke_SB": 1281, "Mystic Forge_SB": 1340, "Destroy Evil": 510, "Serra Paragon_SB": 1764, "Filter Out": 727, "Detention Sphere": 514, "Discontinuity": 526, "Settle the Wreckage": 1768, "Sphinx's Revelation": 1906, "Tale's End": 2006, "Urza's Sylex_SB": 2222, "Authority of the Consuls_SB": 113, "Calix, Guided by Fate": 263, "Seal from Existence": 1739, "Seal from Existence_SB": 1740, "Woodland Bellower": 2343, "Scavenging Ooze_SB": 1719, "Loran of the Third Path_SB": 1209, "Nissa, Vastwood Seer": 1380, "Knight of the Ebon Legion": 1106, "Worthy Knight": 2349, "Secluded Courtyard": 1747, "Unclaimed Territory": 2188, "Embercleave": 618, "Fervent Champion": 716, "Venerable Knight": 2242, "Inspiring Veteran": 991, "Tournament Grounds": 2136, "Smitten Swordmaster": 1859, "Heartflame Duelist": 904, "Knight of Dusk's Shadow": 1102, "Snow-Covered Swamp": 1872, "Knight of Dusk's Shadow_SB": 1103, "Restless Cottage": 1632, "The Meathook Massacre": 2062, "Trail of Crumbs": 2138, "Dreamroot Cascade": 570, "Breeding Pool_SB": 238, "Linvala, the Preserver_SB": 1193, "Lyra Dawnbringer_SB": 1226, "Chance for Glory": 330, "Collector's Vault": 380, "Colossal Skyturtle": 382, "Mirrorshell Crab": 1293, "Omen Hawker": 1419, "Teferi, Who Slows the Sunset": 2023, "The Enigma Jewel": 2056, "Bag of Holding_SB": 126, "Zirda, the Dawnwaker_SB": 2376, "Scavenging Ooze": 1718, "Finale of Devastation": 729, "Entity Tracker": 639, "Ashen Rider_SB": 92, "Regal Caracal_SB": 1607, "Fable of the Mirror-Breaker_SB": 675, "Despise_SB": 507, "Lifebane Zombie_SB": 1171, "Kutzil's Flanker_SB": 1133, "Realm-Cloaked Giant": 1584, "Reidane, God of the Worthy": 1610, "Selfless Spirit": 1758, "Llanowar Visionary": 1200, "Mosswood Dreadknight": 1323, "Reclamation Sage_SB": 1595, "Confounding Riddle": 397, "Ill-Timed Explosion": 963, "Thundering Falls": 2107, "Evangel of Synthesis": 654, "Raffine, Scheming Seer": 1557, "Collective Brutality_SB": 376, "Liliana of the Veil": 1184, "Leyline of Hope": 1162, "Chandra, Dressed to Kill": 335, "Sunspine Lynx": 1974, "Chandra, Dressed to Kill_SB": 336, "Light Up the Stage_SB": 1174, "Vengeful Possession_SB": 2246, "Come Back Wrong_SB": 386, "The End_SB": 2055, "Elenda, Saint of Dusk_SB": 604, "Preacher of the Schism": 1521, "Prosperous Thief": 1534, "Rottenmouth Viper": 1677, "Misery's Shadow_SB": 1295, "Reasonable Doubt_SB": 1585, "Battle Cry Goblin": 147, "Conspicuous Snoop": 401, "Fireblade Charger": 731, "Goblin Instigator": 840, "Raise the Past": 1558, "Rundvelt Hordemaster": 1688, "Searslicer Goblin": 1744, "Skirk Prospector": 1837, "Aclazotz, Deepest Betrayal": 11, "Bandit's Talent": 132, "Foulmire Knight": 762, "Go Blank": 834, "Hostile Investigator": 951, "Waste Not": 2295, "The Flame of Keld": 2058, "Spirited Companion": 1914, "Weaver of Harmony": 2306, "Isolate_SB": 1016, "Blood Baron of Vizkopa_SB": 191, "Akroan Crusader": 38, "Illuminator Virtuoso": 966, "Loran's Escape_SB": 1211, "Smash to Smithereens_SB": 1858, "Wear // Tear_SB": 2303, "Fetid Pools": 718, "Silvergill Adept": 1824, "Triton Shorestalker": 2157, "Vodalian Hexcatcher": 2265, "Genesis Wave": 793, "Wakeroot Elemental": 2288, "Sunken Citadel_SB": 1969, "Thing in the Ice_SB": 2083, "Dreadbore": 561, "Agatha's Soul Cauldron": 29, "Barkchannel Pathway": 141, "Cenote Scout": 321, "Deeproot Pilgrimage": 486, "Forensic Researcher": 754, "Kiora's Follower": 1091, "Kumena's Speaker": 1129, "Kumena, Tyrant of Orazca": 1130, "Witness Protection_SB": 2336, "Agadeem's Awakening": 27, "Ayara, First of Locthwain": 121, "Fiend Artisan": 720, "Gifted Aetherborn": 810, "Gnawing Vermin": 832, "Gray Merchant of Asphodel": 857, "Isareth the Awakener": 1013, "Stitcher's Supplier": 1934, "Callous Bloodmage": 265, "Clifftop Retreat": 367, "Fires of Invention": 732, "Golos, Tireless Pilgrim": 848, "Heliod, the Radiant Dawn": 911, "Kenrith, the Returned King": 1084, "Nicol Bolas, the Ravager": 1367, "Oath of Kaya": 1404, "Omen of the Forge": 1422, "Omen of the Sea": 1423, "Snow-Covered Forest": 1868, "Snow-Covered Plains": 1871, "Sulfur Falls": 1957, "The Kami War": 2061, "The Scarab God": 2070, "Touch the Spirit Realm": 2135, "Nezahal, Primal Tide_SB": 1364, "Nimble Larcenist_SB": 1371, "Tolsimir, Friend to Wolves_SB": 2124, "Stormchaser's Talent": 1940, "This Town Ain't Big Enough": 2086, "Nowhere to Run_SB": 1396, "Legion Extruder_SB": 1153, "Feed the Swarm": 711, "Mission Briefing": 1297, "Sorin the Mirthless": 1880, "Angrath, the Flame-Chained_SB": 56, "Faerie Mastermind_SB": 686, "Maelstrom Pulse_SB": 1230, "Shoot the Sheriff": 1805, "Lost Legacy_SB": 1215, "Unable to Scream_SB": 2185, "Scavenger Grounds": 1714, "Arid Archway": 88, "Castle Garenbrig": 293, "Crumbling Vestige": 432, "Dreamdew Entrancer": 569, "Fecund Greenshell": 708, "Insidious Fungus": 987, "Sire of Seven Deaths": 1833, "Spelunking": 1904, "Spinewoods Armadillo": 1908, "Tyrranax Rex_SB": 2171, "Glissa Sunslayer": 825, "Raffine's Informant": 1555, "Witherbloom Command": 2331, "Wolfwillow Haven": 2341, "The Mightstone and Weakstone_SB": 2065, "Smuggler's Surprise": 1863, "Kogla and Yidaro_SB": 1111, "Portal to Phyrexia_SB": 1519, "Vampires' Vengeance_SB": 2235, "Ray of Enfeeblement_SB": 1578, "Paradise Druid": 1467, "Sylvan Awakening": 1996, "Saheeli, Sublime Artificer_SB": 1697, "Nissa, Who Shakes the World": 1381, "Nylea's Intervention_SB": 1402, "Obstinate Baloth_SB": 1412, "Akal Pakal, First Among Equals": 37, "Courser of Kruphix": 416, "Fauna Shaman": 698, "Kitesail Larcenist": 1096, "Sentinel of the Nameless City": 1760, "Timestream Navigator": 2110, "Simic Manipulator": 1827, "Trygon Predator_SB": 2162, "Sporeweb Weaver_SB": 1918, "Azure Beastbinder_SB": 124, "Vivien, Champion of the Wilds_SB": 2263, "Mockingbird_SB": 1303, "Simic Manipulator_SB": 1828, "Legion's Landing": 1156, "Coveted Falcon": 417, "Beseech the Mirror": 160, "Kaya's Wrath": 1068, "Caretaker's Talent_SB": 276, "Kaya, Orzhov Usurper_SB": 1071, "Rite of Oblivion_SB": 1655, "Fountainport_SB": 766, "Vivien, Arkbow Ranger": 2262, "Kogla, the Titan Ape": 1112, "Cavalier of Thorns_SB": 311, "Ulamog, the Ceaseless Hunger_SB": 2179, "Ulvenwald Oddity_SB": 2182, "Bilious Skulldweller": 165, "Call of the Death-Dweller": 264, "Chevill, Bane of Monsters": 347, "Fynn, the Fangbearer": 778, "Ghost Vacuum": 800, "Heroic Intervention": 922, "Hooded Blightfang": 941, "Malakir Rebirth": 1241, "Nighthawk Scavenger": 1369, "Wasteland Viper": 2298, "Glissa Sunslayer_SB": 826, "Infectious Bite_SB": 976, "Nahiri's Warcrafting_SB": 1344, "Obosh, the Preypiercer_SB": 1410, "Can't Stay Away": 270, "Grisly Salvage": 865, "Witherbloom Command_SB": 2332, "Youthful Valkyrie": 2366, "Remorseful Cleric": 1616, "Ajani, Sleeper Agent_SB": 34, "Lion Sash_SB": 1195, "Brightclimb Pathway": 239, "Depala, Pilot Exemplar": 499, "Magda, Brazen Outlaw": 1232, "Magda, the Hoardmaster": 1233, "Portal to Phyrexia": 1518, "Roaming Throne": 1662, "Toolcraft Exemplar": 2127, "Unlicensed Hearse": 2203, "Veteran Motorist": 2247, "Solemnity_SB": 1877, "Demilich": 491, "The Royal Scions": 2069, "Cave of the Frost Dragon": 312, "Sweltering Suns_SB": 1990, "Young Pyromancer_SB": 2365, "Tear Asunder_SB": 2017, "Unauthorized Exit_SB": 2186, "Fading Hope_SB": 681, "Colossus Hammer": 384, "Kellan, the Fae-Blooded": 1081, "Kemba, Kha Enduring": 1082, "Sigarda's Aid": 1814, "Surge of Salvation": 1981, "Kogla and Yidaro": 1110, "Vampires' Vengeance": 2234, "Trumpeting Carnosaur_SB": 2161, "Dusk // Dawn_SB": 585, "Day of Judgment_SB": 461, "Last Breath_SB": 1139, "Cleansing Nova_SB": 360, "Forsaken Miner": 758, "Insidious Roots": 988, "Priest of Forgotten Gods": 1524, "Rubblebelt Maverick": 1684, "Scrapheap Scrounger": 1727, "Unlucky Witness": 2205, "Abyssal Harvester": 9, "Golgari Charm_SB": 847, "Shock": 1804, "Jace, Wielder of Mysteries_SB": 1026, "Palani's Hatcher": 1466, "Thunderherd Migration": 2105, "Triumphant Chomp": 2158, "Cease // Desist_SB": 317, "Selfless Spirit_SB": 1759, "Elspeth's Smite": 610, "Beanstalk Giant": 152, "Greater Tanuki": 860, "Herd Migration": 920, "Release to the Wind": 1612, "Bedeck // Bedazzle_SB": 154, "Consign // Oblivion_SB": 400, "Gyruda, Doom of Depths_SB": 877, "Keruga, the Macrosage_SB": 1086, "Swamp_SB": 1987, "Virtue of Persistence_SB": 2258, "Boros Elite": 220, "Guardian of New Benalia": 872, "Intrepid Adversary": 999, "Luminarch Aspirant": 1221, "Mardu Woe-Reaper": 1254, "Mobilized District": 1301, "Ossification": 1439, "Precinct Captain": 1523, "Soldier of the Pantheon": 1876, "Spellbook Vendor": 1903, "Sungold Sentinel": 1967, "Banisher Priest_SB": 137, "Bounty Agent_SB": 228, "Fateful Absence_SB": 697, "Rally the Ranks_SB": 1565, "Soul-Guide Lantern_SB": 1888, "Wicked Wolf_SB": 2318, "Absorb": 8, "Audacity": 107, "Overlord of the Mistmoors_SB": 1457, "Dream Trawler": 567, "Surge of Righteousness_SB": 1980, "Loran of the Third Path": 1208, "Consign // Oblivion": 399, "Wild Slash": 2320, "Unchained Berserker_SB": 2187, "Fear of Isolation": 703, "Hopeless Nightmare": 944, "Tinybones Joins Up": 2111, "Built to Smash": 252, "Wayward Guide-Beast": 2301, "Dreadmaw's Ire_SB": 566, "Voldaren Thrillseeker_SB": 2277, "Defiant Strike": 489, "Dreadhorde Arcanist": 563, "Gods Willing": 843, "Renegade Tactics": 1619, "Knight of Grace_SB": 1105, "The Book of Exalted Deeds": 2051, "Vivien Reid_SB": 2261, "Chained to the Rocks": 324, "Escape to the Wilds": 645, "Selfless Glyphweaver": 1755, "Lavinia, Azorius Renegade_SB": 1143, "Syr Ginger, the Meal Ender_SB": 2001, "Summary Dismissal_SB": 1959, "Demonic Counsel": 495, "Quicken": 1550, "Cry of the Carnarium_SB": 434, "Long Goodbye_SB": 1205, "Overlord of the Balemurk_SB": 1452, "Cityscape Leveler": 353, "Outland Liberator_SB": 1447, "Commit // Memory": 389, "Flip the Switch": 741, "Valgavoth, Terror Eater_SB": 2228, "Glorious Protector_SB": 830, "Siphon Insight_SB": 1831, "Ral, Crackling Wit_SB": 1563, "Westvale Abbey": 2316, "Imodane's Recruiter_SB": 970, "Thought-Knot Seer_SB": 2091, "Voice of Resurgence_SB": 2267, "The Wandering Rescuer_SB": 2079, "Niambi, Esteemed Speaker_SB": 1365, "Kaito, Cunning Infiltrator": 1050, "Kaito Shizuki": 1046, "Dokuchi Silencer_SB": 539, "Warping Wail_SB": 2293, "Into the Story": 998, "Ascendant Spirit": 90, "Plumecreed Escort": 1509, "Faceless Haven": 678, "Lofty Denial_SB": 1203, "Icon of Ancestry_SB": 961, "Exquisite Firecraft_SB": 667, "Kaervek, the Punisher": 1043, "Zoraline, Cosmos Caller": 2379, "Fracture_SB": 767, "Augur of Bolas": 111, "Essence Flux": 650, "Fading Hope": 680, "Fallaji Archaeologist": 689, "Neoform": 1362, "Tyvar's Stand": 2172, "Mazemind Tome_SB": 1269, "Natural State_SB": 1354, "Adanto Vanguard": 13, "Apostle of Purifying Light": 70, "Glass Casket": 818, "Swiftfoot Boots": 1991, "Thran Power Suit": 2097, "Virtue of Persistence": 2257, "Roaring Furnace && Steaming Sauna_SB": 1664, "Aftermath Analyst": 26, "Annie Joins Up": 61, "Brokers Hideout": 245, "Cabaretti Courtyard": 259, "Emrakul, the Promised End": 625, "Lotus Cobra": 1216, "Lumra, Bellow of the Woods": 1222, "Nissa, Resurgent Animist": 1378, "Port of Karfell": 1514, "Riveteers Overlook": 1660, "The World Tree": 2080, "Zacama, Primal Calamity": 2367, "Titania, Voice of Gaea_SB": 2118, "Grand Abolisher_SB": 853, "Treacherous Blessing_SB": 2147, "Foundry Street Denizen": 763, "Legion Loyalist": 1154, "Spinner of Souls": 1909, "Klothys, God of Destiny_SB": 1099, "Umori, the Collector_SB": 2183, "Blast Zone": 181, "Glass Casket_SB": 819, "Ojer Axonil, Deepest Might": 1416, "Leyline of Combustion_SB": 1161, "Scorching Shot_SB": 1722, "Tithing Blade": 2119, "Grasp of Darkness_SB": 854, "Necrotic Wound": 1357, "Souls of the Lost": 1893, "Necrotic Wound_SB": 1358, "Horned Loch-Whale_SB": 946, "Squirming Emergence": 1921, "Souls of the Lost_SB": 1894, "Barrier Breach_SB": 143, "Hallowed Moonlight": 882, "Voyaging Satyr_SB": 2284, "Experimental Augury": 662, "Fleeting Spirit": 739, "Get Out": 796, "Lore Drakkis": 1213, "Open the Omenpaths": 1431, "Saiba Cryptomancer": 1698, "Sea-Dasher Octopus": 1735, "Vadrok, Apex of Thunder": 2223, "Dromoka's Command": 575, "Kappa Tech-Wrecker": 1057, "Eldrazi Displacer_SB": 600, "Otherworldly Gaze": 1443, "Scorching Shot": 1721, "Welcoming Vampire": 2311, "Candy Trail": 272, "Crucible of Worlds": 428, "March of Wretched Sorrow": 1252, "Mazemind Tome": 1268, "Destiny Spinner": 508, "Izoni, Center of the Web": 1019, "Yorion, Sky Nomad": 2363, "Cavern of Souls_SB": 314, "Destiny Spinner_SB": 509, "Glarb, Calamity's Augur_SB": 817, "Sin Collector_SB": 1830, "Cult Conscript": 442, "Haywire Mite": 894, "Slickshot Show-Off_SB": 1856, "Mutavault_SB": 1339, "Culling Ritual": 440, "Oracle of Tragedy": 1435, "Soulflayer": 1891, "Striped Riverwinder": 1952, "Urborg Scavengers": 2217, "Zetalpa, Primal Dawn": 2374, "Mukotai Ambusher_SB": 1332, "Cast Out": 290, "Day of Judgment": 460, "Blast Zone_SB": 182, "Cleansing Wildfire_SB": 362, "Vanish into Eternity_SB": 2236, "Tribute to Horobi": 2155, "Void Winnower_SB": 2272, "Hunter's Talent_SB": 956, "Remorseful Cleric_SB": 1617, "Rhonas the Indomitable": 1644, "Vengeful Possession": 2245, "Hidetsugu's Second Rite_SB": 928, "Nurturing Pixie": 1400, "Trial of Ambition": 2154, "Kaito, Bane of Nightmares_SB": 1049, "Pawpatch Recruit": 1479, "Extract the Truth_SB": 670, "Malcolm, Alluring Scoundrel": 1242, "Ertai Resurrected": 643, "Get Out_SB": 797, "Preacher of the Schism_SB": 1522, "Pia Nalaar, Consul of Revival": 1496, "Reckless Impulse": 1589, "Showdown of the Skalds": 1809, "Wrenn's Resolve": 2351, "Thirst for Meaning": 2085, "Entity Tracker_SB": 640, "Sunset Revelry_SB": 1973, "Bassara Tower Archer": 146, "Cloudsteel Kirin": 371, "Gladecover Scout": 816, "Lizard Blades": 1198, "Chained to the Rocks_SB": 325, "Trostani, Three Whispers": 2159, "Crystal Barricade_SB": 439, "Bloodsoaked Champion": 198, "Osteomancer Adept": 1441, "Snarling Gorehound": 1867, "Underground Mortuary": 2191, "Voldaren Thrillseeker": 2276, "Tree of Perdition": 2152, "Viashino Pyromancer": 2249, "Searing Blood": 1742, "Chandra, Torch of Defiance_SB": 340, "Bomat Courier_SB": 210, "Bonecrusher Giant_SB": 213, "Magma Spray_SB": 1237, "Lightning Strike_SB": 1182, "Aven Mindcensor_SB": 116, "Camellia, the Seedmiser": 269, "Deathcap Glade": 472, "Fugitive Codebreaker_SB": 777, "Hollow One": 937, "Fiery Temper": 725, "Stalactite Stalker": 1923, "Harvester of Misery_SB": 891, "Hostile Investigator_SB": 952, "Lamplight Phoenix_SB": 1136, "Treacherous Blessing": 2146, "Biting-Palm Ninja": 170, "Dokuchi Silencer": 538, "Silver-Fur Master": 1821, "Thousand-Faced Shadow": 2094, "Kaito Shizuki_SB": 1047, "Massacre Wurm_SB": 1263, "Helping Hand": 914, "Pawpatch Recruit_SB": 1480, "Colossal Skyturtle_SB": 383, "Takenuma, Abandoned Mire_SB": 2005, "Stern Dismissal": 1930, "Holy Cow": 938, "Soul Transfer": 1885, "Omen of the Dead": 1420, "Sentinel of the Nameless City_SB": 1761, "Welcoming Vampire_SB": 2312, "Roaring Furnace // Steaming Sauna_SB": 1665, "Rottenmouth Viper_SB": 1678, "Werewolf Pack Leader": 2315, "Prowling Serpopard_SB": 1537, "Kazandu Mammoth": 1074, "Sharp-Eyed Rookie": 1786, "Ayara's Oathsworn": 120, "Jace, Vryn's Prodigy": 1024, "Vein Ripper": 2241, "Ledger Shredder_SB": 1149, "Council of the Absolute_SB": 414, "Spirit of the Labyrinth_SB": 1912, "Suncleanser_SB": 1961, "Snakeskin Veil_SB": 1866, "Adventurous Impulse": 18, "Monastery Mentor_SB": 1311, "Arcane Proxy": 78, "Chrome Host Seedshark": 349, "See the Truth": 1750, "Ambitious Farmhand": 46, "Cascading Cataracts": 282, "Charming Prince": 345, "Helpful Hunter": 913, "Serra Paragon": 1763, "Thalia's Lancers": 2040, "Nashi, Searcher in the Dark": 1353, "Wilt-Leaf Liege_SB": 2322, "Shambling Vent": 1779, "Brass's Tunnel-Grinder": 231, "Behold the Beyond": 156, "Gleaming Geardrake": 822, "Prosperous Thief_SB": 1535, "Shatterskull Smashing_SB": 1789, "Augur of Autumn_SB": 110, "Lavabrink Venturer_SB": 1140, "Soulless Jailer_SB": 1892, "Recommission": 1596, "Tome Scour": 2125, "Deathmist Raptor": 474, "Oblivious Bookworm": 1409, "Cerulean Drake_SB": 323, "Kraul Harpooner_SB": 1121, "Prosperous Innkeeper_SB": 1533, "Cavalier of Dawn": 308, "Kotose, the Silent Spider": 1119, "Marina Vendrell": 1255, "Chandra, Torch of Defiance": 339, "Fanatic of Mogis": 690, "Solphim, Mayhem Dominus": 1878, "Altanak, the Thrice-Called": 45, "Say Its Name": 1710, "Thalia and The Gitrog Monster": 2039, "Cosmic Rebirth_SB": 413, "Dreadbore_SB": 562, "Barkhide Troll": 142, "Gather Courage": 787, "Keen-Eyed Curator": 1077, "Tribute to the World Tree": 2156, "Inscription of Abundance_SB": 985, "Setessan Tactics_SB": 1767, "Unable to Scream": 2184, "Blacksmith's Talent": 176, "Bladehold War-Whip": 179, "Chainsaw": 326, "Nahiri, Forged in Fury": 1345, "Sword of Forge and Frontier": 1993, "Rebel Salvo_SB": 1586, "Bloodthirsty Conqueror": 199, "Dina, Soul Steeper": 523, "Dryad of the Ilysian Grove": 580, "Iridescent Vinelasher": 1011, "Jaddi Offshoot": 1029, "Mirrorpool": 1292, "Retreat to Hagra": 1641, "Scapeshift": 1711, "Bristly Bill, Spine Sower_SB": 244, "Deathrite Shaman_SB": 476, "Undergrowth Champion_SB": 2193, "Deputy of Detention": 501, "Tyvar, the Pummeler_SB": 2176, "Deputy of Detention_SB": 502, "Experimental Frenzy_SB": 664, "Massacre Wurm": 1262, "March of Swirling Mist": 1250, "Floodpits Drowner_SB": 744, "Valgavoth's Faithful": 2225, "Etali, Primal Conqueror": 651, "Seize the Spoils": 1753, "Worldspine Wurm_SB": 2348, "Xenagos, God of Revels_SB": 2354, "Light of Hope_SB": 1175, "Zoetic Glyph": 2377, "The Akroan War_SB": 2048, "Elder Gargaroth": 597, "Silverback Elder": 1822, "Silverback Elder_SB": 1823, "No More Lies_SB": 1388, "Celestial Armor": 318, "Citizen's Crowbar_SB": 352, "Gifted Aetherborn_SB": 811, "March of Wretched Sorrow_SB": 1253, "Perilous Snare": 1483, "Wedding Invitation": 2310, "Repurposing Bay_SB": 1624, "Monument to Endurance_SB": 1316, "Sab-Sunen, Luxa Embodied": 1693, "Bolas's Citadel": 207, "Catacomb Sifter": 298, "Woe Strider": 2339, "Liliana, Heretical Healer_SB": 1189, "Status // Statue_SB": 1926, "All That Glitters": 39, "Alpha Authority": 41, "Chaplain of Alms": 344, "Ethereal Armor": 653, "Gryff's Boon": 869, "Light-Paws, Emperor's Voice": 1176, "Rune of Might": 1689, "Sentinel's Eyes": 1762, "Toadstool Admirer": 2120, "Adanto Vanguard_SB": 14, "Mendicant Core, Guidelight": 1275, "Voyager Glidecar": 2282, "Patchwork Automaton": 1472, "Dawnbringer Cleric": 458, "Momentum Breaker_SB": 1309, "Birgi, God of Storytelling": 167, "Crater's Claws": 423, "Banefire_SB": 135, "Zurgo Bellstriker_SB": 2383, "Shacklegeist_SB": 1772, "Hare Apparent": 888, "Zareth San, the Trickster": 2371, "Nighthawk Scavenger_SB": 1370, "Grim Bauble": 862, "Momentum Breaker": 1308, "Oildeep Gearhulk_SB": 1415, "Count on Luck_SB": 415, "Greasewrench Goblin": 859, "Moonshaker Cavalry_SB": 1319, "Valor's Flagship": 2232, "Brightglass Gearhulk": 240, "Dredger's Insight": 573, "Archfiend's Vessel": 83, "Merfolk Secretkeeper": 1278, "Grim Bauble_SB": 863, "Djeru's Renunciation": 537, "Drannith Healer": 557, "Drannith Stinger": 559, "Flourishing Fox": 746, "Footfall Crater": 752, "Go for Blood": 836, "Marauding Mako": 1247, "Monument to Endurance": 1315, "Sunbillow Verge": 1960, "Zenith Flare": 2372, "Heroic Intervention_SB": 923, "Ketramose, the New Dawn_SB": 1088, "Behold the Multiverse": 157, "Mastermind's Acquisition": 1264, "Behold the Multiverse_SB": 158, "Ossification_SB": 1440, "Dreadhorde Arcanist_SB": 564, "Saheeli, Sublime Artificer": 1696, "Devout Decree_SB": 517, "Strangle_SB": 1947, "Valley Floodcaller_SB": 2231, "Memory Guardian": 1274, "Azor, the Lawbringer": 122, "Coalstoke Gearhulk": 372, "Mukotai Ambusher": 1331, "Bloodghast": 196, "Molt Tender": 1304, "Driven // Despair_SB": 574, "Ashiok, Wicked Manipulator_SB": 99, "Anim Pakal, Thousandth Moon": 58, "Basri, Tomorrow's Champion": 145, "Skrelv, Defector Mite": 1839, "Urza's Ruinous Blast_SB": 2221, "The Speed Demon": 2074, "Intimidation Tactics_SB": 995, "Innkeeper's Talent_SB": 982, "Oildeep Gearhulk": 1414, "Feed the Cycle": 710, "Freestrider Lookout": 770, "Ketramose, the New Dawn": 1087, "Scrabbling Claws": 1725, "Legion's End_SB": 1155, "Mosswood Dreadknight_SB": 1324, "Pest Control_SB": 1486, "Rankle's Prank": 1570, "Optimistic Scavenger_SB": 1434, "Doppelgang": 545, "Maestros Theater": 1231, "Shigeki, Jukai Visionary": 1799, "Virtue of Strength": 2259, "Worldsoul's Rage": 2346, "Bonny Pall, Clearcutter_SB": 215, "Roxanne, Starfall Savant_SB": 1680, "Willowrush Verge": 2321, "Commune with Spirits": 392, "Goro-Goro, Disciple of Ryusei": 850, "Kari Zev, Skyship Raider": 1059, "Radha, Heart of Keld": 1553, "Redshift, Rocketeer Chief": 1602, "Feed the Clan_SB": 709, "Scorching Dragonfire_SB": 1720, "Bleachbone Verge": 184, "Starnheim Unleashed_SB": 1925, "Detention Chariot": 513, "Tune Up": 2163, "Kaya the Inexorable_SB": 1066, "Thundering Broodwagon": 2106, "Secure the Wastes": 1749, "Bloodchief's Thirst_SB": 195, "Eaten Alive_SB": 589, "Benthic Biomancer": 159, "Mindspring Merfolk": 1290, "Tishana's Tidebinder": 2114, "Tidebinder Mage_SB": 2109, "Make Disappear_SB": 1240, "Jace's Defeat_SB": 1023, "Fearless Swashbuckler": 705, "Gastal Thrillroller": 785, "Hazoret, Godseeker": 900, "Leyline Binding_SB": 1159, "Ugin, the Spirit Dragon_SB": 2178, "Ashiok, Nightmare Weaver": 96, "Dragonlord Dromoka": 551, "Memory Deluge_SB": 1273, "Clockwork Percussionist": 370, "Skullcrack": 1840, "Roast_SB": 1666, "Murderous Cut": 1334, "Anguished Unmaking_SB": 57, "Avishkar Raceway": 117, "Fuel the Flames_SB": 775, "Skycrash_SB": 1845, "Sea Gate Restoration": 1734, "Dig Through Time_SB": 522, "Murderous Rider": 1336, "Sign in Blood": 1815, "Boommobile": 217, "Fomori Vault": 751, "Glint-Nest Crane": 824, "Hedron Archive": 909, "Paradox Engine": 1468, "Portal of Sanctuary": 1517, "Prophetic Prism": 1531, "Repurposing Bay": 1623, "Terrarion": 2035, "The Mightstone and Weakstone": 2064, "Thran Spider": 2098, "Workshop Assistant": 2345, "Lantern of the Lost_SB": 1138, "Liberator, Urza's Battlethopter_SB": 1167, "Noxious Gearhulk_SB": 1398, "Shrapnel Slinger_SB": 1813, "Pest Control": 1485, "Norin, Swift Survivalist": 1390, "Chandra, Acolyte of Flame_SB": 333, "Untimely Malfunction_SB": 2210, "Empyrean Eagle": 624, "Lofty Denial": 1202, "Dewdrop Cure_SB": 519, "Mindlink Mech_SB": 1289, "Wastewood Verge": 2299, "Collector's Cage": 378, "Dusk Rose Reliquary": 587, "Parting Gust": 1471, "Teething Wurmlet": 2020, "Drownyard Temple": 579, "Narcomoeba": 1349, "Prized Amalgam": 1527, "Quag Feast": 1544, "Giant Killer_SB": 807, "Ashiok, Nightmare Muse_SB": 95, "Biting-Palm Ninja_SB": 171, "Kazuul's Toll Collector": 1076, "Shardmage's Rescue_SB": 1783, "Immersturm Raider": 967, "The Speed Demon_SB": 2075, "Waste Not_SB": 2296, "Burnout Bashtronaut": 255, "Draconautics Engineer": 549, "Fanatical Firebrand": 691, "Hobgoblin Bandit Lord": 936, "Howlsquad Heavy": 953, "Krenko, Mob Boss": 1125, "Goblin Ringleader_SB": 841, "Volley Veteran_SB": 2278, "Expedite": 658, "Harrier Strix": 890, "Hypnotic Grifter": 959, "The Reality Chip": 2067, "Training Grounds": 2139, "Witness Protection": 2335, "Basilisk Collar_SB": 144, "Fry_SB": 773, "Swiftfoot Boots_SB": 1992, "Collision // Colossus": 381, "Overprotect_SB": 1459, "Stock Up": 1935, "Riverpyre Verge": 1659, "Strangle": 1946, "Liliana, the Last Hope_SB": 1190, "Concealing Curtains": 394, "Blade Historian": 177, "Jirina, Dauntless General": 1039, "Pyre of Heroes": 1539, "Jirina, Dauntless General_SB": 1040, "Night Clubber_SB": 1368, "Riptide Gearhulk_SB": 1652, "Aegis Turtle_SB": 19, "Up the Beanstalk_SB": 2213, "Analyze the Pollen": 48, "Ride's End": 1645, "Cleansing Wildfire": 361, "Crumble to Dust": 431, "Encroaching Wastes": 628, "Gnottvold Slumbermound": 833, "Haphazard Bombardment": 886, "Jaya's Greeting": 1032, "Ravager Wurm": 1577, "Rowan, Scholar of Sparks": 1679, "Rubble Reading": 1683, "Sheltered Thicket": 1791, "Structural Distortion": 1953, "Sylvan Primordial": 1998, "Territory Forge": 2036, "Twin Bolt": 2166, "Voyaging Satyr": 2283, "Herbology Instructor_SB": 918, "Nissa's Defeat_SB": 1375, "Peak Eruption_SB": 1481, "Scrabbling Claws_SB": 1726, "Battle at the Bridge": 148, "Mephitic Draught": 1276, "Spire of Industry": 1910, "Battle at the Bridge_SB": 149, "Hazoret the Fervent": 897, "Ashiok, Nightmare Muse": 94, "Murderous Cut_SB": 1335, "Borrowed Hostility": 222, "The Filigree Sylex_SB": 2057, "Barbed Batterfist": 139, "Webstrike Elite": 2307, "Yahenni's Expertise": 2356, "Commit // Memory_SB": 390, "Steel Seraph": 1929, "Demilich_SB": 492, "Progenitor Mimic": 1530, "Banefire": 134, "Koma, Cosmos Serpent_SB": 1115, "Hidetsugu Consumes All": 925, "Champion of the Perished": 329, "Cryptbreaker": 435, "Dark Salvation": 453, "Dread Wanderer": 560, "Relentless Dead": 1613, "Wayward Servant": 2302, "Zahur, Glory's Past": 2370, "Crippling Fear_SB": 427, "Phyrexian Censor": 1491, "Commune with Dinosaurs": 391, "Ghalta, Primal Hunger": 798, "Marauding Raptor": 1248, "Pugnacious Hammerskull": 1538, "Rampaging Raptor": 1568, "Regal Imperiosaur": 1608, "Regisaur Alpha": 1609, "Ripjaw Raptor": 1649, "Experimental Synthesizer": 665, "Violent Urge_SB": 2253, "Boon of Boseiju": 218, "Esika's Chariot_SB": 648, "Fighter Class": 726, "Flowerfoot Swordmaster": 747, "Mabel, Heir to Cragflame": 1227, "Chainsaw_SB": 327, "Nettle Guard_SB": 1363, "Sword of Forge and Frontier_SB": 1994, "Flameblade Adept": 736, "Maximize Velocity": 1266, "Ox of Agonas": 1461, "Birgi, God of Storytelling_SB": 168, "Lightning Axe_SB": 1178, "Expedition Map_SB": 660, "Stock Up_SB": 1936, "Wrenn and Realmbreaker": 2350, "Samut's Sprint": 1699, "Depopulate_SB": 500, "Unsubstantiate_SB": 2209, "Omen of the Dead_SB": 1421, "Lost Jitte": 1214, "Bloodchief's Thirst": 194, "Combat Research": 385, "Lazav, Wearer of Faces": 1145, "Medomai the Ageless": 1270, "Thalia, Heretic Cathar_SB": 2045, "Guardian of Faith": 870, "Fires of Victory_SB": 734, "Riptide Gearhulk": 1651, "Eidolon of the Great Revel_SB": 595, "Quick Study": 1549, "Festering Gulch": 717, "Carnage Tyrant": 277, "Gather Courage_SB": 788, "Nahiri, the Unforgiving_SB": 1348, "Kozilek's Return_SB": 1120, "Katilda, Dawnhart Martyr": 1062, "Feather, the Redeemed": 706, "Feather, the Redeemed_SB": 707, "Bitter Reunion": 172, "Etali, Primal Conqueror_SB": 652, "Restless Fortress": 1633, "Ruin-Lurker Bat": 1686, "Healer's Hawk": 902, "Essence Channeler": 649, "Exemplar of Light": 656, "Linden, the Steadfast Queen": 1191, "Scoured Barrens": 1723, "Rogue's Passage": 1671, "Dewdrop Cure": 518, "Afterburner Expert": 25, "Omnivorous Flytrap": 1429, "Agatha's Soul Cauldron_SB": 30, "Adorned Pouncer": 17, "Arahbo, the First Fang": 74, "Open the Armory": 1430, "Roadside Reliquary": 1661, "Sacred Cat": 1694, "Ox of Agonas_SB": 1462, "Out of Air_SB": 1444, "Anzrag, the Quake-Mole": 69, "Temple of Abandon": 2025, "Tamiyo's Safekeeping": 2008, "Tear Asunder": 2016, "Blot Out": 203, "Questing Beast": 1545, "Thrun, Breaker of Silence": 2102, "Nissa, Ascended Animist": 1376, "Tyrranax Rex": 2170, "Nissa, Ascended Animist_SB": 1377, "Shifting Ceratops_SB": 1798, "Hornet Queen_SB": 948, "Twinshot Sniper": 2167, "Keruga, the Macrosage": 1085, "Agent of Treachery_SB": 32, "Twinshot Sniper_SB": 2168, "Cry of the Carnarium": 433, "Kaya, Orzhov Usurper": 1070, "Soul-Guide Lantern": 1887, "The End": 2054, "Calamity's Wake_SB": 262, "Satoru Umezawa": 1706, "Play with Fire_SB": 1507, "Spontaneous Mutation_SB": 1917, "Painter's Studio // Defaced Gallery": 1465, "Chance for Glory_SB": 331, "Magmatic Chasm_SB": 1238, "Requisition Raid_SB": 1625, "Shrapnel Blast_SB": 1812, "Sorin, Vengeful Bloodlord_SB": 1882, "Exquisite Firecraft": 666, "Raucous Carnival": 1574, "Curse of Shaken Faith_SB": 445, "Tireless Tracker_SB": 2113, "Merfolk Mistbinder": 1277, "Merfolk Trickster_SB": 1279, "Smuggler's Copter_SB": 1862, "Debris Beetle": 477, "Mystic Repeal_SB": 1342, "Epic Downfall_SB": 642, "Cavalier of Flame": 309, "Nullhide Ferox_SB": 1399, "Builder's Talent": 251, "Sunder the Gateway": 1962, "Kitsa, Otterball Elite": 1097, "Abhorrent Oculus_SB": 3, "Loran's Escape": 1210, "Blessed Defiance_SB": 187, "Reckless Stormseeker": 1592, "Rocketeer Boostbuggy": 1668, "Bladestitched Skaab": 180, "Lazotep Reaver": 1146, "Rotten Reunion_SB": 1676, "Cruelclaw's Heist_SB": 430, "Knight of Grace": 1104, "Swan Song_SB": 1988, "Enduring Tenacity_SB": 635, "Chandra, Spark Hunter_SB": 338, "Growth Spiral": 866, "Ill-Timed Explosion_SB": 964, "Skyclave Cleric": 1844, "Ajani, Strength of the Pride_SB": 36, "Bomat Courier": 209, "Phoenix Chick": 1489, "Tasigur, the Golden Fang": 2015, "Gideon of the Trials": 808, "Azor, the Lawbringer_SB": 123, "Gix's Command_SB": 814, "Sorin the Mirthless_SB": 1881, "Mortify": 1321, "Doom Foretold": 542, "Nine-Lives Familiar": 1374, "Starfield of Nyx": 1924, "Kaya's Wrath_SB": 1069, "Creeping Chill": 426, "Silversmote Ghoul": 1825, "Fog": 749, "Gaea's Blessing": 779, "Haze of Pollen": 896, "Jace, the Perfected Mind": 1027, "Tamiyo, Collector of Tales": 2010, "Union of the Third Path": 2199, "Winds of Qal Sisma": 2324, "Carnage Tyrant_SB": 278, "Drannith Ruins": 558, "Thought-Knot Seer": 2090, "Wasteland Strangler": 2297, "Phyrexian Fleshgorger": 1494, "Ifnir Deadlands": 962, "Bearer of Silence": 153, "Reality Smasher_SB": 1583, "Fuel the Flames": 774, "Shoot the Sheriff_SB": 1806, "Graf Reaver_SB": 851, "Kraul Whipcracker_SB": 1122, "Fear of Impostors": 701, "Riptide Chimera": 1650, "Dive Down_SB": 535, "Fleecemane Lion": 738, "Witchstalker_SB": 2330, "Osseous Sticktwister": 1438, "Korvold, Fae-Cursed King": 1116, "Korvold, Fae-Cursed King_SB": 1117, "Demonic Bargain": 494, "Selfless Glyphweaver_SB": 1756, "Blood Spatter Analysis": 193, "Soul-Scar Mage_SB": 1890, "Dive Down": 534, "Jace Reawakened_SB": 1022, "Blessed Defiance": 186, "Homestead Courage": 939, "Alrund's Epiphany": 43, "Loot, the Pathfinder": 1207, "Obliterating Bolt_SB": 1408, "Phyrexian Dragon Engine": 1493, "Seasoned Hallowblade": 1745, "The Mycosynth Gardens": 2066, "Burning Earth_SB": 253, "Fugitive Codebreaker": 776, "Favored Hoplite": 699, "Flowstone Infusion": 748, "Sejiri Shelter": 1754, "Tenth District Legionnaire": 2034, "Invasion of New Phyrexia_SB": 1005, "Clifftop Lookout": 366, "Loot, Exuberant Explorer": 1206, "Risen Reef": 1653, "Tangled Florahedron": 2013, "Healer of the Glade_SB": 901, "Tale's End_SB": 2007, "Wilt_SB": 2323, "Dreams of Steel and Oil": 571, "Gisa, the Hellraiser_SB": 813, "Ride's End_SB": 1646, "Omen of the Sun_SB": 1425, "Omen of the Sun": 1424, "Monastery Mentor": 1310, "Seeker of the Way_SB": 1752, "Redcap Melee": 1599, "Experimental Confectioner": 663, "Commence the Endgame_SB": 387, "Forbidden Friendship": 753, "Case of the Gateway Express_SB": 287, "Collective Effort_SB": 377, "Forge Devil_SB": 757, "Perilous Snare_SB": 1484, "Enduring Courage": 630, "Beseech the Mirror_SB": 161, "Setessan Champion": 1765, "Trapped in the Screen": 2143, "Trapped in the Screen_SB": 2144, "Cryptolith Rite": 438, "The Birth of Meletis": 2050, "Eidolon of Blossoms": 591, "Eidolon of Blossoms_SB": 592, "Bottomless Pool && Locker Room": 226, "Bottomless Pool && Locker Room_SB": 227, "Knockout Blow": 1108, "Hidetsugu's Second Rite": 927, "Incubation Druid": 973, "Interplanar Beacon": 992, "Kaya the Inexorable": 1065, "Mistrise Village": 1298, "Nicol Bolas, Dragon-God": 1366, "Ral Zarek": 1562, "Tamiyo, Field Researcher": 2012, "Vraska, Betrayal's Sting": 2286, "Kunoros, Hound of Athreos_SB": 1131, "Tersa Lightshatter": 2037, "Mox Jasper": 1329, "Mistrise Village_SB": 1299, "Elspeth, Storm Slayer": 612, "United Battlefront": 2200, "Voice of Victory": 2268, "Sunder the Gateway_SB": 1963, "Voice of Victory_SB": 2269, "Cease // Desist": 316, "Cram Session": 421, "Fell": 714, "Insatiable Avarice": 983, "The Biblioplex": 2049, "Valgavoth's Onslaught": 2226, "Containment Breach_SB": 403, "Environmental Sciences_SB": 641, "Introduction to Annihilation_SB": 1000, "Mascot Exhibition_SB": 1259, "Pest Summoning_SB": 1487, "Descendant of Storms": 503, "Dragonfire Blade": 550, "Lavaspur Boots_SB": 1142, "Qarsi Revenant": 1542, "Qarsi Revenant_SB": 1543, "Cemetery Illuminator": 319, "Muraganda Raceway": 1333, "Case of the Crimson Pulse": 283, "Rakdos's Return_SB": 1560, "Caustic Exhale": 306, "Dispelling Exhale": 530, "Foul-Tongue Invocation": 761, "Marang River Regent": 1245, "Scavenger Regent": 1715, "Silumgar's Scorn": 1819, "Caustic Exhale_SB": 307, "Strategic Betrayal_SB": 1949, "Desperate Measures": 506, "Cori-Steel Cutter": 410, "Wild Ride": 2319, "Cori-Steel Cutter_SB": 411, "Sunpearl Kirin": 1970, "Katilda, Dawnhart Prime": 1064, "Songcrafter Mage": 1879, "Militia Bugler_SB": 1288, "History of Benalia": 934, "The Restoration of Eiganjo": 2068, "Rot-Curse Rakshasa": 1675, "Strategic Betrayal": 1948, "Archangel Elspeth": 79, "Painter's Studio && Defaced Gallery": 1464, "This Town Ain't Big Enough_SB": 2087, "Treasure Map": 2150, "Faceless Haven_SB": 679, "Flashfreeze_SB": 737, "Gurmag Angler": 873, "Murderous Rider_SB": 1337, "Cori Mountain Monastery": 409, "Stormwing Entity": 1945, "Stormscale Scion": 1942, "Stormscale Scion_SB": 1943, "Metamorphic Alteration": 1283, "Not on My Watch_SB": 1392, "Of One Mind": 1413, "Banishing Slash": 138, "Jaya, Fiery Negotiator": 1033, "United Battlefront_SB": 2201, "Icon of Ancestry": 960, "Fire Prophecy": 730, "Warden of the Grove": 2290, "Surrak, Elusive Hunter_SB": 1985, "Paradoxical Outcome_SB": 1469, "White Sun's Twilight_SB": 2317, "Break Out": 236, "Masked Vandal": 1260, "Fanatical Firebrand_SB": 692, "Scavenger's Talent_SB": 1717, "Ygra, Eater of All_SB": 2362, "Liliana, Death's Majesty": 1187, "Urgent Necropsy": 2220, "Decadent Dragon_SB": 478, "Runed Halo": 1690, "Undead Sprinter_SB": 2189, "Boros Reckoner": 221, "Crackling Drake": 418, "Phyrexian Obliterator": 1495, "Atarka's Command_SB": 104, "Craterhoof Behemoth": 424, "Abrade": 4, "Decisive Denial": 480, "Ebondeath, Dracolich": 590, "Ertai's Scorn": 644, "Rakshasa's Bargain": 1561, "Rewind": 1643, "Unwind": 2211, "Awaken the Honored Dead_SB": 119, "Deathmark_SB": 473, "Gaze of Granite_SB": 789, "Lutri, the Spellchaser_SB": 1225, "Shadows' Verdict_SB": 1774, "Specter's Shriek_SB": 1898, "Thrun, Breaker of Silence_SB": 2103, "Elspeth, Storm Slayer_SB": 613, "Collected Company_SB": 374, "Herald of Eternal Dawn_SB": 917, "Sixth Sense": 1835, "Kaya's Ghostform": 1067, "Hammerhand": 884, "Aqueous Form": 73, "Cartouche of Solidarity": 280, "Jeskai Revelation": 1036, "Yathan Roadwatcher": 2359, "Selfless Savior": 1757, "Legion Angel": 1150, "Wojek Investigator": 2340, "Legion Angel_SB": 1151, "Apostle of Purifying Light_SB": 71, "Severance Priest": 1770, "Ray of Frost_SB": 1579, "Fiery Annihilation_SB": 722, "Dragonlord Silumgar": 553, "Painful Truths": 1463, "Search for Azcanta": 1741, "Supreme Will": 1979, "Contraband Kingpin_SB": 406, "Deafening Silence": 470, "Hardened Scales": 887, "Bontu's Last Reckoning_SB": 216, "Village Rites": 2250, "Stormchaser's Talent_SB": 1941, "Greedy Freebooter": 861, "Shambling Ghast": 1778, "Hangarback Walker": 885, "Marketback Walker": 1257, "Diabolic Intent": 520, "Scrapwork Mutt": 1730, "Gleaming Barrier": 821, "Liliana's Standard Bearer": 1186, "The Sibsig Ceremony": 2073, "Callous Bloodmage_SB": 266, "Friendly Teddy": 771, "Experiment One": 661, "Kitesail Freebooter_SB": 1095, "Muerra, Trash Tactician": 1330, "Cut // Ribbons": 446, "Dusk Legion Zealot": 586, "Markov Baron": 1258, "Patchwork Banner": 1473, "Bedevil_SB": 155, "Champion of Dusk_SB": 328, "Deadly Dispute_SB": 467, "Soul Transfer_SB": 1886, "Devilish Valet": 516, "Runaway Steam-Kin": 1687, "Grinning Ignus": 864, "Hazoret's Monument": 899, "Light Up the Night": 1172, "Cemetery Prowler_SB": 320, "Nissa, Steward of Elements_SB": 1379, "Kishla Village": 1094, "Crash Through": 422, "Ugin, Eye of the Storms": 2177, "Robber of the Rich_SB": 1667, "Spring-Loaded Sawblades": 1919, "Shiko, Paragon of the Way": 1800, "Sokenzan, Crucible of Defiance_SB": 1875, "Shadows' Verdict": 1773, "The Book of Exalted Deeds_SB": 2052, "Silent Hallcreeper": 1818, "Ashiok, Nightmare Weaver_SB": 97, "Evolved Sleeper": 655, "Tenacious Underdog_SB": 2033, "Rediscover the Way": 1601, "Balmor, Battlemage Captain": 131, "Sram, Senior Edificer": 1922, "Clever Lumimancer": 365, "Wizard's Retort_SB": 2338, "Shapers' Sanctuary": 1780, "Niv-Mizzet, Parun": 1383, "Sweltering Suns": 1989, "Marang River Regent_SB": 1246, "Katilda, Dawnhart Martyr_SB": 1063, "Omnath, Locus of the Roil": 1427, "Giant Growth": 805, "Heritage Reclamation_SB": 921, "Brimaz, King of Oreskos": 241, "Intimidation Tactics": 994, "Liliana, Dreadhorde General_SB": 1188, "Fountainport Bell": 765, "Gonti, Lord of Luxury_SB": 849, "Spirit-Sister's Call": 1913, "Bandit's Talent_SB": 133, "Frontline Rush": 772, "Mortify_SB": 1322, "Treasure Cruise_SB": 2149, "Drake Hatcher": 555, "Canyon Slough": 273, "Captain Lannery Storm": 274, "Charming Scoundrel": 346, "Goldhound": 845, "Goldspan Dragon": 846, "Kalain, Reclusive Painter": 1051, "Marionette Master": 1256, "Reckless Fireweaver": 1588, "Sticky Fingers": 1933, "Treasure Vault": 2151, "Vraska's Contempt": 2285, "Karn, Scion of Urza_SB": 1060, "Moment of Craving_SB": 1307, "Ratchet Bomb_SB": 1572, "Unlicensed Disintegration_SB": 2202, "Eshki Dragonclaw": 646, "Herd Heirloom": 919, "The Huntsman's Redemption": 2059, "Amonkhet Raceway": 47, "Shore Up": 1807, "Shore Up_SB": 1808, "Illness in the Ranks_SB": 965, "Phyrexian Arena_SB": 1490, "Abbot of Keral Keep": 0, "Anax, Hardened in the Forge": 49, "Incendiary Flow": 972, "Invigorated Rampage": 1007, "Rimrock Knight": 1648, "Dire Fleet Daredevil_SB": 524, "Flame-Blessed Bolt_SB": 735, "Sword of Once and Future_SB": 1995, "Magebane Lizard": 1234, "Virulent Plague_SB": 2260, "Sunset Revelry": 1972, "Unexpected Windfall": 2194, "Arboreal Grazer_SB": 77, "Herald of Eternal Dawn": 916, "Skrelv's Hive": 1838, "Vaultborn Tyrant_SB": 2240, "Collector's Cage_SB": 379, "Defabricate_SB": 488, "Awaken the Honored Dead": 118, "Ghostly Dancers": 802, "Heliod, the Radiant Dawn_SB": 912, "Ureni, the Song Unending": 2219, "Hushbringer_SB": 957, "Duelist of the Mind": 582, "Portent of Calamity": 1520, "Extraordinary Journey": 673, "Concerted Defense_SB": 395, "Rapid Hybridization_SB": 1571, "Hooting Mandrills": 942, "Jin-Gitaxias, Progress Tyrant_SB": 1038, "Smuggler's Surprise_SB": 1864, "Toxrill, the Corrosive_SB": 2137, "Doom Whisperer_SB": 543, "Virtue of Courage": 2254, "Ball Lightning": 130, "Scytheclaw Raptor_SB": 1733, "Cathartic Reunion": 302, "Ancient Imperiosaur": 52, "Gastal Thrillroller_SB": 786, "Invasion of Ergamon": 1001, "Reluctant Role Model": 1615, "Dire Tactics": 525, "Order of Midnight": 1436, "Plargg, Dean of Chaos": 1505, "Chandra, Hope's Beacon": 337, "Obscura Storefront": 1411, "Disfigure_SB": 528, "Blue Sun's Twilight": 205, "Conduit Pylons": 396, "Ipnu Rivulet": 1010, "Outcaster Greenblade": 1445, "Voltage Surge": 2279, "Fae of Wishes_SB": 683, "Drake Hatcher_SB": 556, "Koth, Fire of Resistance_SB": 1118, "Niv-Mizzet, Visionary_SB": 1386, "Dispel_SB": 529, "Despark_SB": 505, "Dennick, Pious Apprentice": 497, "Slaughter Singer": 1853, "Venerated Rotpriest": 2244, "The Seedcore": 2072, "Crawling Chorus": 425, "Annex Sentry": 59, "Bloated Contaminator": 189, "Jawbone Duelist": 1031, "Overprotect": 1458, "Phyrexian Censor_SB": 1492, "Tyvar's Stand_SB": 2173, "Annex Sentry_SB": 60, "Melira, the Living Cure_SB": 1271, "Baleful Mastery": 129, "Agonizing Remorse_SB": 33, "Gurmag Nightwatch": 874, "Ashen Rider": 91, "Glorybringer": 831, "Mizzium Mortars": 1300, "Cartouche of Zeal": 281, "Skylasher_SB": 1847, "Not on My Watch": 1391, "Scattered Thoughts": 1713, "Nature's Rhythm": 1355, "Dryad's Revival": 581, "Mabel, Heir to Cragflame_SB": 1228, "Wear Down_SB": 2304, "Slagstorm_SB": 1850, "Vineglimmer Snarl": 2251, "Port Town": 1513, "Mystic Reflection": 1341, "Emergence Zone": 620, "Augmenter Pugilist": 108, "Augur of Autumn": 109, "Simic Charm": 1826, "Fortified Village": 760, "Biovisionary": 166, "Repudiate // Replicate_SB": 1622, "Chord of Calling_SB": 348, "Baird, Steward of Argive_SB": 127, "Repel the Abominable": 1620, "Repel the Abominable_SB": 1621, "Stern Dismissal_SB": 1931, "Dark Petition_SB": 452, "Hornet Queen": 947, "Ojer Taq, Deepest Foundation": 1417, "Pyroclasm": 1540, "Lord Skitter, Sewer King": 1212, "Tomik, Distinguished Advokist_SB": 2126, "Hearth Elemental": 905, "Sanguine Evangelist_SB": 1705, "Aetherflux Reservoir": 23, "Consuming Fervor": 402, "Mountain_SB": 1326, "Smoldering Egg": 1860, "Kaervek, the Spiteful_SB": 1044, "Inscribed Tablet": 984, "Scourge of the Skyclaves": 1724, "Warlock Class": 2292, "Lich-Knights' Conquest": 1168, "Silent Gravestone_SB": 1817, "Ulcerate_SB": 2180, "Ovalchase Daredevil": 1448, "Can't Stay Away_SB": 271, "Feldon, Ronom Excavator": 713, "Infuriate_SB": 978, "Chaos Wand_SB": 343, "Dissection Tools_SB": 533, "Jace, the Perfected Mind_SB": 1028, "Recommission_SB": 1597, "Abbot of Keral Keep_SB": 1, "Clarion Conqueror_SB": 359, "Rabbit Battery": 1552, "Faerie Dreamthief": 684, "Steamcore Scholar": 1928, "Winternight Stories": 2325, "Unholy Annex // Ritual Chamber_SB": 2198, "Seasons Past": 1746, "Defabricate": 487, "Immortal Phoenix_SB": 968}}