{"vocabulary": {"Brazen Borrower": 236, "Clearwater Pathway": 363, "Darkslick Shores": 455, "Faerie Miscreant": 685, "Fatal Push": 693, "Floodpits Drowner": 740, "Gloomlake Verge": 826, "Go for the Throat": 835, "Island": 1011, "Kaito, Bane of Nightmares": 1044, "Mockingbird": 1301, "Moon-Circuit Hacker": 1317, "Mutavault": 1337, "Ornithopter": 1437, "Otawara, Soaring City": 1442, "Satoru, the Infiltrator": 1706, "Spyglass Siren": 1918, "Thoughtseize": 2091, "Undercity Sewers": 2189, "Watery Grave": 2298, "Anoint with Affliction_SB": 64, "Cut Down_SB": 448, "Disdainful Stroke_SB": 526, "Dreams of Steel and Oil_SB": 570, "Enduring Curiosity_SB": 630, "Leyline of the Void_SB": 1163, "Spell Pierce_SB": 1899, "Bishop of Wings": 171, "Boseiju, Who Endures": 225, "Branchloft Pathway": 231, "Brushland": 250, "Collected Company": 373, "Eiganjo, Seat of the Empire": 594, "Elvish Mystic": 614, "Emeria's Call": 621, "Enduring Innocence": 631, "Giada, Font of Hope": 802, "Inspiring Overseer": 985, "Kayla's Reconstruction": 1068, "Llanowar Elves": 1196, "Plains": 1503, "Razorverge Thicket": 1581, "Resplendent Angel": 1625, "Righteous Valkyrie": 1645, "Skyclave Apparition": 1840, "Temple Garden": 2021, "Aven Interrupter_SB": 116, "Back to Nature_SB": 126, "Deafening Silence_SB": 471, "Elesh Norn, Mother of Machines_SB": 604, "Portable Hole_SB": 1516, "Rest in Peace_SB": 1628, "Shapers' Sanctuary_SB": 1779, "Anoint with Affliction": 63, "Blackcleave Cliffs": 177, "Blazemire Verge": 185, "Blightstep Pathway": 190, "Blood Crypt": 194, "Bloodtithe Harvester": 202, "Duress": 581, "Fable of the Mirror-Breaker": 672, "Fear of Missing Out": 702, "Haunted Ridge": 890, "Heartless Act": 904, "Sheoldred, the Apocalypse": 1794, "Sulfurous Springs": 1955, "Swamp": 1983, "Takenuma, Abandoned Mire": 2001, "Torch the Tower": 2128, "Unholy Annex && Ritual Chamber": 2194, "Unstoppable Slasher": 2206, "Urborg, Tomb of Yawgmoth": 2216, "Anger of the Gods_SB": 54, "Duress_SB": 582, "Hidetsugu Consumes All_SB": 924, "Invoke Despair_SB": 1006, "Reckoner Bankbuster_SB": 1593, "Torpor Orb_SB": 2132, "Adarkar Wastes": 14, "Curious Obsession": 444, "Geistlight Snare": 789, "Hallowed Fountain": 879, "Hengegate Pathway": 913, "Invasion of Gobakhan": 998, "Mausoleum Wanderer": 1262, "Rattlechains": 1572, "Seachrome Coast": 1735, "Shardmage's Rescue": 1780, "Sheltered by Ghosts": 1790, "Spectral Sailor": 1897, "Spell Pierce": 1898, "Spell Queller": 1900, "Supreme Phantom": 1973, "Destroy Evil_SB": 510, "Enduring Innocence_SB": 632, "Mystical Dispute_SB": 1342, "Settle the Wreckage_SB": 1767, "Skyclave Apparition_SB": 1841, "Artist's Talent": 90, "Bond of Insight": 213, "Consider": 398, "Dig Through Time": 520, "Expedition Map": 657, "Hidden Strings": 922, "Impulse": 968, "Into the Flood Maw": 992, "Lier, Disciple of the Drowned": 1166, "Lotus Field": 1214, "Pore Over the Pages": 1512, "Riverglide Pathway": 1656, "Sleight of Hand": 1852, "Spikefield Hazard": 1905, "Spirebluff Canal": 1909, "Steam Vents": 1925, "Thespian's Stage": 2079, "Valakut Awakening": 2222, "Vizier of Tumbling Sands": 2262, "Wish": 2323, "Fiery Impulse_SB": 721, "Filter Out_SB": 725, "Galvanic Iteration_SB": 781, "Leyline of Sanctity_SB": 1161, "Lier, Disciple of the Drowned_SB": 1167, "Narset's Reversal_SB": 1349, "Niv-Mizzet, Parun_SB": 1383, "Thassa's Oracle_SB": 2043, "Atraxa, Grand Unifier": 106, "Big Score": 166, "Bitter Triumph": 175, "Forest": 752, "Fountainport": 761, "Indomitable Creativity": 972, "Mountain": 1324, "Pawpatch Formation": 1477, "Sokenzan, Crucible of Defiance": 1872, "Stomping Ground": 1934, "Thornspire Verge": 2087, "Titan of Industry": 2115, "Valgavoth, Terror Eater": 2225, "Ziatora's Proving Ground": 2372, "Zombify": 2375, "Go Blank_SB": 833, "Redcap Melee_SB": 1598, "Slaughter Games_SB": 1850, "Torch the Tower_SB": 2129, "Battlefield Forge": 152, "Case of the Gateway Express": 288, "Den of the Bugbear": 495, "Get Lost": 792, "Gleeful Demolition": 821, "Imodane's Recruiter": 966, "Inspiring Vantage": 986, "Knight-Errant of Eos": 1104, "Needleverge Pathway": 1358, "Novice Inspector": 1394, "Resolute Reinforcements": 1624, "Sacred Foundry": 1694, "Shefet Dunes": 1788, "Thalia, Guardian of Thraben": 2039, "Thraben Inspector": 2095, "Venerated Loxodon": 2241, "Voldaren Epicure": 2273, "Warden of the Inner Sky": 2289, "Containment Priest_SB": 405, "Get Lost_SB": 793, "Invasion of Gobakhan_SB": 999, "Sheltered by Ghosts_SB": 1791, "Wedding Announcement_SB": 2307, "Clifftop Retreat": 367, "Deduce": 483, "Dovin's Veto": 545, "No More Lies": 1386, "Raugrin Triome": 1575, "Shivan Reef": 1801, "Sulfur Falls": 1954, "The Wandering Emperor": 2075, "Three Steps Ahead": 2098, "Volcanic Spite": 2272, "Dovin's Veto_SB": 546, "High Noon_SB": 928, "Hullbreaker Horror_SB": 952, "Narset, Parter of Veils_SB": 1351, "Enduring Curiosity": 629, "Shacklegeist": 1769, "Slip Out the Back": 1855, "Damping Sphere_SB": 449, "Three Steps Ahead_SB": 2099, "Tocasia's Welcome_SB": 2121, "Blooming Marsh": 203, "Brightclimb Pathway": 241, "Cache Grab": 262, "Caves of Koilos": 317, "Collective Brutality": 375, "Concealed Courtyard": 393, "Darkbore Pathway": 454, "Esika's Chariot": 645, "Godless Shrine": 840, "Greasefang, Okiba Boss": 856, "Mana Confluence": 1240, "Overlord of the Balemurk": 1451, "Parhelion II": 1470, "Raffine's Informant": 1554, "Skysovereign, Consul Flagship": 1846, "Surge of Salvation": 1978, "Vanishing Verse": 2235, "Witherbloom Command": 2328, "Fatal Push_SB": 694, "Temporary Lockdown_SB": 2029, "Vanishing Verse_SB": 2236, "Metropolis Reformer": 1282, "Metropolis Reformer_SB": 1283, "Adeline, Resplendent Cathar": 15, "Brave the Elements": 234, "Brutal Cathar": 251, "Cavern of Souls": 315, "Coppercoat Vanguard": 407, "Dauntless Bodyguard": 457, "Elite Spellbinder": 605, "Extraction Specialist": 669, "Hopeful Initiate": 941, "Recruitment Officer": 1596, "Thalia's Lieutenant": 2038, "Veteran Survivor": 2246, "Anointed Peacekeeper_SB": 66, "Reidane, God of the Worthy_SB": 1609, "Archfiend of the Dross": 82, "Feed the Swarm_SB": 710, "Unlicensed Hearse_SB": 2202, "Blade of the Oni": 180, "Bloodletter of Aclazotz": 199, "Archfiend of Depravity": 80, "Castle Locthwain": 296, "Change the Equation": 343, "Drown in the Loch": 575, "Metamorphic Alteration": 1280, "Shipwreck Marsh": 1800, "Archfiend of Depravity_SB": 81, "Ashiok, Dream Render_SB": 94, "Change the Equation_SB": 344, "Extinction Event_SB": 667, "The Meathook Massacre_SB": 2061, "Castle Ardenvale": 293, "Castle Vantress": 298, "Discontinuity": 525, "Farewell": 691, "Floodfarm Verge": 739, "Hall of Storm Giants": 878, "Horned Loch-Whale": 943, "Jwari Disruption": 1038, "March of Otherworldly Light": 1246, "Memory Deluge": 1269, "Narset, Parter of Veils": 1350, "Settle the Wreckage": 1766, "Shark Typhoon": 1782, "Soul Partition": 1881, "Sphinx's Revelation": 1904, "Strict Proctor": 1947, "Sunken Citadel": 1965, "Tale's End": 2003, "Teferi, Hero of Dominaria": 2018, "Temporary Lockdown": 2028, "Knockout Blow_SB": 1106, "Supreme Verdict_SB": 1975, "Thought Distortion_SB": 2088, "Urza's Sylex_SB": 2220, "Katilda, Dawnhart Martyr": 1058, "Ghost Vacuum_SB": 799, "Callous Sell-Sword": 269, "Claim // Fame": 356, "Emberheart Challenger": 617, "Heartfire Hero": 901, "Kumano Faces Kakkazan": 1125, "Manifold Mouse": 1241, "Monastery Swiftspear": 1311, "Monstrous Rage": 1313, "Ramunap Ruins": 1568, "Reckless Rage": 1589, "Slickshot Show-Off": 1853, "Titan's Strength": 2116, "Turn Inside Out": 2163, "Claim // Fame_SB": 357, "Jegantha, the Wellspring_SB": 1030, "Ob Nixilis, the Adversary_SB": 1407, "Reckless Rage_SB": 1590, "Screaming Nemesis_SB": 1731, "Thoughtseize_SB": 2092, "Annul": 61, "Arclight Phoenix": 88, "Fiery Impulse": 720, "Lightning Axe": 1174, "Opt": 1432, "Picklock Prankster": 1499, "Proft's Eidetic Memory": 1528, "Stormcarved Coast": 1936, "Treasure Cruise": 2147, "Annul_SB": 62, "Brazen Borrower_SB": 237, "Crackling Drake_SB": 419, "Negate_SB": 1360, "Prismari Command_SB": 1526, "Proft's Eidetic Memory_SB": 1529, "Third Path Iconoclast_SB": 2083, "Hive of the Eye Tyrant": 933, "Withering Torment_SB": 2331, "Aven Interrupter": 115, "Kellan, Daring Traveler": 1075, "Werefox Bodyguard": 2311, "Brutal Cathar_SB": 252, "Elite Spellbinder_SB": 606, "Knight of Autumn_SB": 1098, "The Wandering Emperor_SB": 2076, "Cathartic Pyre": 302, "Infuriate": 974, "Breeding Pool": 239, "Enigmatic Incarnation": 635, "Hushwood Verge": 956, "Indatha Triome": 971, "Kutzil's Flanker": 1129, "Leyline Binding": 1155, "Linvala, the Preserver": 1189, "Nowhere to Run": 1395, "Overgrown Tomb": 1450, "Overlord of the Boilerbilges": 1453, "Overlord of the Floodpits": 1454, "Overlord of the Hauntwoods": 1455, "Overlord of the Mistmoors": 1456, "Spara's Headquarters": 1894, "Up the Beanstalk": 2210, "Zagoth Triome": 2366, "Zur, Eternal Schemer": 2377, "Archon of Emeria_SB": 87, "Ruric Thar, the Unbowed_SB": 1691, "Yorion, Sky Nomad_SB": 2361, "Ancient Cornucopia": 50, "Beza, the Bounding Spring": 164, "Bring to Light": 245, "Cosmic Rebirth": 412, "Deafening Clarion": 468, "Elenda, Saint of Dusk": 601, "Jetmir's Garden": 1033, "Ketria Triome": 1085, "Knight of Autumn": 1097, "Kolaghan's Command": 1110, "Lightning Helix": 1176, "Maelstrom Pulse": 1226, "Niv-Mizzet Reborn": 1381, "Niv-Mizzet, Supreme": 1384, "Pillage the Bog": 1501, "Raffine's Tower": 1555, "Savai Triome": 1708, "Sunfall": 1962, "Unmoored Ego": 2204, "Valki, God of Lies": 2227, "Xander's Lounge": 2349, "Deafening Clarion_SB": 469, "Kambal, Consul of Allocation_SB": 1051, "Notion Thief_SB": 1393, "Deserted Beach": 503, "Field of Ruin": 716, "Portable Hole": 1515, "Restless Anchorage": 1629, "Supreme Verdict": 1974, "Beza, the Bounding Spring_SB": 165, "Farewell_SB": 692, "Kaheera, the Orphanguard_SB": 1041, "Shark Typhoon_SB": 1783, "Chandra's Defeat_SB": 334, "Temporal Trespass": 2027, "Into the Flood Maw_SB": 993, "Jace, Wielder of Mysteries_SB": 1023, "Screaming Nemesis": 1730, "Hazoret the Fervent_SB": 896, "Sheoldred, the Apocalypse_SB": 1795, "Archon of Emeria": 86, "Lion Sash": 1191, "Voice of Resurgence": 2264, "Dromoka's Command_SB": 574, "Werefox Bodyguard_SB": 2312, "Split Up_SB": 1914, "Abrupt Decay": 5, "Blood Baron of Vizkopa": 192, "Deadly Cover-Up": 464, "Extinction Event": 666, "Sylvan Caryatid": 1994, "Casualties of War_SB": 299, "Culling Ritual_SB": 441, "Elenda, Saint of Dusk_SB": 602, "Lightning Helix_SB": 1177, "Nahiri, the Harbinger_SB": 1346, "Dreadmaw's Ire": 563, "Sheoldred's Edict_SB": 1793, "Galvanic Iteration": 780, "Highway Robbery": 929, "Ledger Shredder": 1145, "Abrade_SB": 4, "Aether Gust_SB": 21, "Beacon Bolt_SB": 153, "Assimilation Aegis": 103, "Brass Knuckles": 232, "Fabrication Foundry": 675, "Ingenious Smith": 976, "Inventors' Fair": 1003, "Lavaspur Boots": 1138, "Leyline Axe": 1154, "Metalwork Colossus": 1279, "Moonsnare Prototype": 1319, "Sanctum of Ugin": 1701, "Simulacrum Synthesizer": 1827, "The Irencrag": 2058, "Metallic Rebuke_SB": 1278, "Mystic Forge_SB": 1339, "Giant Killer": 804, "Cryptic Coat": 436, "Darksteel Citadel": 456, "Ensoul Artifact": 636, "Inti, Seneschal of the Sun": 989, "Legion Extruder": 1149, "Shadowspear": 1773, "Shrapnel Blast": 1809, "Smuggler's Copter": 1859, "Burst Lightning_SB": 259, "Magebane Lizard_SB": 1232, "Rending Volley_SB": 1616, "Voltage Surge_SB": 2278, "Alpine Moon_SB": 41, "Declaration in Stone": 481, "Fortified Beachhead": 756, "Reflector Mage": 1602, "Reflector Mage_SB": 1603, "Ghitu Lavarunner": 797, "Light Up the Stage": 1170, "Play with Fire": 1506, "Skewer the Critics": 1834, "Soul-Scar Mage": 1887, "Wizard's Lightning": 2334, "End the Festivities_SB": 627, "Goblin Chainwhirler_SB": 837, "Kari Zev's Expertise_SB": 1054, "Rampaging Ferocidon_SB": 1566, "Razorkin Needlehead_SB": 1580, "Roiling Vortex_SB": 1671, "Sunspine Lynx_SB": 1972, "Witchstalker Frenzy_SB": 2326, "Flicker of Fate": 737, "Hallowed Moonlight_SB": 881, "Pick Your Poison_SB": 1498, "Cauldron Familiar": 305, "Claim the Firstborn": 358, "Deadly Dispute": 466, "Mayhem Devil": 1264, "Scavenger's Talent": 1715, "Witch's Oven": 2324, "Ygra, Eater of All": 2358, "Bitter Triumph_SB": 176, "Haywire Mite_SB": 893, "Kolaghan's Command_SB": 1111, "Molten Collapse_SB": 1305, "Pawpatch Formation_SB": 1478, "Grafdigger's Cage_SB": 850, "Heartless Act_SB": 905, "Soul-Guide Lantern_SB": 1886, "Aloe Alchemist": 39, "Atarka's Command": 104, "Burning-Tree Emissary": 256, "Burst Lightning": 258, "Copperline Gorge": 408, "Cunning Coyote": 443, "Karplusan Forest": 1057, "Reckless Bushwhacker": 1586, "Zurgo Bellstriker": 2379, "Claim the Firstborn_SB": 359, "Destructive Revelry_SB": 511, "Graveyard Trespasser": 853, "Reckoner Bankbuster": 1592, "Cragcrown Pathway": 420, "Eidolon of the Great Revel": 592, "Hired Claw": 931, "Leyline of Combustion": 1157, "Rampaging Ferocidon": 1565, "Razorkin Needlehead": 1579, "Torbran, Thane of Red Fell": 2127, "Urabrask's Forge": 2212, "Witchstalker Frenzy": 2325, "Underground River": 2191, "Graveyard Trespasser_SB": 854, "Boltwave": 210, "Boros Charm": 221, "Searing Blood_SB": 1742, "Strict Proctor_SB": 1948, "Urabrask's Forge_SB": 2213, "Arboreal Grazer": 75, "Arid Archway": 89, "Barkchannel Pathway": 143, "Castle Garenbrig": 295, "Fecund Greenshell": 706, "Gilded Goose": 810, "Glasspool Mimic": 818, "Insidious Fungus": 983, "Kitesail Larcenist": 1092, "Risen Reef": 1651, "Sire of Seven Deaths": 1831, "Spelunking": 1902, "Blast Zone_SB": 184, "Fade from History_SB": 678, "Containment Priest": 404, "Thalia, Heretic Cathar": 2041, "Extraction Specialist_SB": 670, "Archdruid's Charm": 79, "Bala Ged Recovery": 129, "Dark Petition": 451, "Emergent Ultimatum": 619, "Fae of Wishes": 681, "Lush Portico": 1221, "Omniscience": 1428, "Peer into the Abyss": 1482, "Sylvan Scrying": 1996, "Approach of the Second Sun_SB": 71, "Day of Judgment_SB": 461, "Dragonlord Dromoka_SB": 550, "Emergent Ultimatum_SB": 620, "Glistening Deluge_SB": 825, "Nine Lives_SB": 1372, "Path of Peril_SB": 1475, "Silence_SB": 1814, "Soul Partition_SB": 1882, "Sphinx of the Final Word_SB": 1903, "Zacama, Primal Calamity_SB": 2365, "Drowned Catacomb": 576, "Sunpetal Grove": 1968, "Woodland Cemetery": 2341, "Sunfall_SB": 1963, "Bushwhack": 260, "Innkeeper's Talent": 977, "Questing Druid": 1547, "Snakeskin Veil": 1863, "Thud": 2103, "Pyroclasm_SB": 1541, "Brotherhood's End_SB": 249, "Deflecting Palm_SB": 489, "Blossoming Defense": 204, "Withering Torment": 2330, "Lightning Strike": 1178, "Grisly Salvage": 863, "Case of the Crimson Pulse_SB": 286, "Loot, Exuberant Explorer": 1203, "Kitesail Larcenist_SB": 1093, "The Stone Brain_SB": 2074, "Elspeth's Smite_SB": 609, "Unmoored Ego_SB": 2205, "Wear // Tear_SB": 2301, "Elegant Parlor": 600, "Kroxa, Titan of Death's Hunger": 1123, "Kutzil's Flanker_SB": 1130, "Loran of the Third Path_SB": 1206, "Fable of the Mirror-Breaker_SB": 673, "Anointed Peacekeeper": 65, "Dromoka's Command": 573, "Kazandu Mammoth": 1070, "Lair of the Hydra": 1132, "Pawpatch Recruit": 1479, "Restless Prairie": 1632, "Scavenging Ooze": 1717, "Crystal Barricade_SB": 439, "Scavenging Ooze_SB": 1718, "Thalia, Guardian of Thraben_SB": 2040, "Thalia, Heretic Cathar_SB": 2042, "Yasharn, Implacable Earth_SB": 2355, "Eldrazi Displacer": 597, "Cathar Commando_SB": 301, "Gideon, Ally of Zendikar_SB": 807, "Detention Sphere_SB": 514, "Fabled Passage": 674, "Hostage Taker": 947, "Nahiri, the Harbinger": 1345, "Omnath, Locus of Creation": 1426, "Cacophony Scamp": 263, "Geier Reach Sanitarium": 788, "Baneslayer Angel_SB": 137, "Day's Undoing_SB": 463, "Deep-Cavern Bat": 484, "Preacher of the Schism": 1521, "Prosperous Thief": 1534, "Rottenmouth Viper": 1676, "Kalitas, Traitor of Ghet_SB": 1049, "Misery's Shadow_SB": 1294, "Reasonable Doubt_SB": 1584, "Glacial Fortress": 813, "Deadly Cover-Up_SB": 465, "Test of Talents_SB": 2035, "Censor": 324, "Day's Undoing": 462, "Notion Thief": 1392, "Path of Peril": 1474, "Quicken": 1550, "Restless Reef": 1633, "Sheoldred's Edict": 1792, "Chrome Host Seedshark_SB": 351, "Jace, Vryn's Prodigy_SB": 1022, "Syr Ginger, the Meal Ender": 1997, "Tormod's Crypt_SB": 2131, "Rockface Village_SB": 1668, "Case of the Stashed Skeleton": 290, "Transmogrify": 2141, "Valgavoth, Terror Eater_SB": 2226, "Botanical Sanctum": 227, "Hedge Maze": 906, "Languish_SB": 1134, "Silundi Vision": 1818, "Guardian of Faith_SB": 869, "Archfiend of the Dross_SB": 83, "Third Path Iconoclast": 2082, "Stern Dismissal": 1927, "Stern Dismissal_SB": 1928, "Restless Vents": 1635, "Soulstone Sanctuary": 1893, "Banish into Fable": 138, "Caretaker's Talent": 277, "High Noon": 927, "Omen of the Sea": 1423, "The Celestus": 2050, "The Enigma Jewel": 2054, "Summary Dismissal_SB": 1956, "Ob Nixilis, the Adversary": 1406, "Raucous Theater": 1574, "Lilah, Undefeated Slickshot": 1180, "Wandering Mind": 2287, "Ancestral Anger": 49, "Ossification": 1439, "Reluctant Role Model": 1613, "Apostle of Purifying Light_SB": 70, "Brave the Elements_SB": 235, "Dawnbringer Cleric_SB": 459, "Doorkeeper Thrull_SB": 542, "Behold the Beyond": 158, "Chandra, Hope's Beacon": 339, "Voyaging Satyr": 2281, "Blot Out_SB": 206, "Anger of the Gods": 53, "All That Glitters": 38, "Audacity": 108, "Ethereal Armor": 651, "Gladecover Scout": 814, "Gryff's Boon": 867, "Kaya's Ghostform": 1063, "Light-Paws, Emperor's Voice": 1173, "Mox Amber": 1326, "Sentinel's Eyes": 1760, "Skrelv, Defector Mite": 1837, "Sram, Senior Edificer": 1920, "Castle Embereth": 294, "Furnace Punisher": 775, "Twisted Fealty_SB": 2168, "Snow-Covered Forest": 1866, "Snow-Covered Island": 1867, "Snow-Covered Mountain": 1868, "Snow-Covered Plains": 1869, "Snow-Covered Swamp": 1870, "Hunter's Talent": 953, "Slickshot Show-Off_SB": 1854, "Ascendant Spirit": 91, "Faceless Haven": 676, "March of Swirling Mist": 1247, "Faceless Haven_SB": 677, "Icon of Ancestry_SB": 959, "Invasive Surgery_SB": 1002, "Lofty Denial_SB": 1200, "Unable to Scream_SB": 2184, "Witness Protection_SB": 2333, "Cavalier of Thorns": 312, "Invasion of Ixalan": 1000, "Kiora, Behemoth Beckoner": 1088, "Leyline of the Guildpact": 1162, "Nykthos, Shrine to Nyx": 1401, "Oath of Nissa": 1405, "Old-Growth Troll": 1418, "Outcaster Trailblazer": 1446, "Storm the Festival": 1935, "Ulvenwald Oddity": 2180, "Arasta of the Endless Web_SB": 74, "Cityscape Leveler_SB": 355, "Emrakul, the Promised End_SB": 624, "Nylea's Intervention_SB": 1402, "Obstinate Baloth_SB": 1412, "Polukranos Reborn_SB": 1511, "Setessan Petitioner_SB": 1764, "Liliana of the Veil_SB": 1182, "The Scarab God_SB": 2069, "Caustic Bronco": 306, "Deathrite Shaman": 475, "Nine Lives": 1371, "Hostile Hostel": 948, "Monstrous Emergence_SB": 1312, "Scrapshooter_SB": 1728, "Tail Swipe_SB": 1999, "Necromentia_SB": 1355, "Angel of Serenity": 52, "Nylea's Presence": 1403, "Roaring Furnace && Steaming Sauna": 1661, "Rootbound Crag": 1673, "Ruric Thar, the Unbowed": 1690, "Trumpeting Carnosaur": 2159, "Heliod's Intervention_SB": 908, "Zur, Eternal Schemer_SB": 2378, "Cut Down": 447, "Shadowspear_SB": 1774, "Bonecrusher Giant": 214, "Cling to Dust": 368, "Mirrex": 1290, "Molten Collapse": 1304, "Rakdos Joins Up": 1558, "Assassin's Trophy": 101, "Elesh Norn, Mother of Machines": 603, "Tolsimir, Friend to Wolves": 2122, "Abhorrent Oculus": 1, "Pieces of the Puzzle": 1500, "Unholy Annex && Ritual Chamber_SB": 2195, "No One Left Behind": 1388, "Elspeth, Sun's Champion_SB": 612, "Archon of Absolution_SB": 85, "Rockfall Vale": 1669, "Cling to Dust_SB": 369, "Unholy Annex // Ritual Chamber": 2196, "Case of the Filched Falcon": 287, "Michiko's Reign of Truth": 1284, "Metallic Rebuke": 1277, "Rite of Oblivion": 1652, "Cryptic Coat_SB": 437, "Llanowar Wastes": 1198, "Abrupt Decay_SB": 6, "Virtue of Loyalty": 2253, "Shatterskull Smashing": 1786, "Kazuul's Fury": 1071, "Tinybones, the Pickpocket": 2111, "Authority of the Consuls": 113, "Overgrown Farmland": 1449, "Surge of Salvation_SB": 1979, "Anthem of Champions_SB": 67, "Temple of Mystery": 2025, "Castle Locthwain_SB": 297, "Magma Opus": 1233, "Torrential Gearhulk": 2133, "Make Disappear": 1236, "Stern Lesson": 1929, "Sublime Epiphany": 1953, "Izzet Charm": 1017, "Ral, Izzet Viceroy_SB": 1563, "Agent of Treachery": 30, "Restless Vinestalk": 1636, "Moon-Blessed Cleric": 1316, "Fear of Abduction": 698, "Blessed Alliance": 187, "Virtue of Loyalty_SB": 2254, "Blue Sun's Twilight_SB": 208, "Eidolon of Rhetoric_SB": 591, "Doppelgang_SB": 544, "Overwhelming Remorse_SB": 1460, "Elspeth Conquers Death_SB": 607, "Weathered Runestone_SB": 2303, "Phantom Interference": 1488, "Negate": 1359, "Disruption Protocol": 530, "Brotherhood's End": 248, "Prismari Command": 1525, "Vaultborn Tyrant": 2237, "Volatile Fault": 2271, "Return the Favor_SB": 1640, "Bonny Pall, Clearcutter": 216, "Tranquil Frillback": 2139, "Gallia of the Endless Dance": 779, "Halana and Alena, Partners": 877, "Ruby, Daring Tracker": 1684, "Bard Class": 142, "Domri, Anarch of Bolas": 539, "Samut, Vizier of Naktamun": 1699, "Hajar, Loyal Bodyguard": 876, "Itzquinth, Firstborn of Gishath": 1015, "Klothys, God of Destiny": 1095, "Migloz, Maze Crusher": 1286, "Agatha of the Vile Cauldron": 27, "Targ Nar, Demon-Fang Gnoll": 2011, "Samut, Voice of Dissent": 1700, "Xenagos, the Reveler": 2352, "Pick Your Poison": 1497, "Tamiyo's Safekeeping_SB": 2006, "Cindervines_SB": 352, "Thousand-Year Storm": 2094, "Stormsplitter": 1941, "March of Swirling Mist_SB": 1248, "Cathartic Pyre_SB": 303, "Tamiyo, Collector of Tales_SB": 2008, "Noxious Gearhulk": 1397, "Path to the World Tree": 1476, "Hinterland Harbor": 930, "Isolated Chapel": 1014, "Gloomshrieker": 827, "Rest in Peace": 1627, "Dennick, Pious Apprentice_SB": 497, "Clever Impersonator": 364, "Gyruda, Doom of Depths": 874, "Quintorius Kand": 1551, "Spark Double": 1895, "Sundown Pass": 1961, "Temple of Enlightenment": 2023, "Temple of Epiphany": 2024, "Temple of Triumph": 2026, "Warrant // Warden": 2292, "Mirrorshell Crab_SB": 1293, "Reduce // Rubble_SB": 1601, "Response // Resurgence_SB": 1626, "Sire of Seven Deaths_SB": 1832, "Questing Druid_SB": 1548, "Dissection Tools": 531, "Alseid of Life's Bounty": 43, "Dollmaker's Shop && Porcelain Gallery": 538, "Enduring Vitality": 634, "Generous Visitor": 790, "Jukai Naturalist": 1037, "Kami of Transience": 1052, "Optimistic Scavenger": 1433, "Scattered Groves": 1711, "Seal Away": 1736, "Exorcise_SB": 655, "Fragmentize_SB": 765, "Ghostly Dancers_SB": 801, "Seal Away_SB": 1737, "Surgical Suite && Hospital Room_SB": 1980, "Dwynen's Elite": 586, "Elvish Archdruid": 613, "Elvish Warmaster": 615, "Jaspera Sentinel": 1026, "Leaf-Crowned Visionary": 1144, "Three Tree City": 2100, "Turntimber Symbiosis": 2164, "Tyvar, Jubilant Brawler": 2173, "Tyvar, the Pummeler": 2174, "Dark Betrayal_SB": 450, "Deep-Cavern Bat_SB": 485, "Masked Vandal_SB": 1258, "Lovestruck Beast": 1215, "The Akroan War": 2044, "Skysovereign, Consul Flagship_SB": 1847, "Regal Bunnicorn": 1604, "Commercial District": 388, "Invoke Despair": 1005, "Kytheon, Hero of Akros": 1131, "Vinereap Mentor": 2250, "Traverse the Ulvenwald": 2144, "Vraska, Golgari Queen": 2285, "Scrapshooter": 1727, "Wolfwillow Haven_SB": 2339, "Pithing Needle_SB": 1502, "Kenrith's Transformation_SB": 1079, "Fog_SB": 747, "Questing Beast_SB": 1546, "Faithful Mending": 686, "Kiora, the Rising Tide": 1089, "Lively Dirge": 1194, "Shattered Sanctum": 1785, "Stubborn Denial": 1951, "Tainted Indulgence": 2000, "Teferi, Hero of Dominaria_SB": 2019, "Void Rend_SB": 2269, "Lay Down Arms": 1141, "Carrot Cake": 281, "Split Up": 1913, "Wedding Announcement": 2306, "Demolition Field": 492, "Divine Smite_SB": 534, "Kellan, Planar Trailblazer": 1076, "Declaration in Stone_SB": 482, "Ashiok, Wicked Manipulator": 99, "Protect the Negotiators_SB": 1536, "Polukranos Reborn": 1510, "Voracious Hydra_SB": 2279, "Fires of Victory": 730, "Tears of Valakut_SB": 2015, "The Cruelty of Gix": 2051, "Ajani, Strength of the Pride": 34, "Case of the Uneaten Feast": 291, "Lunarch Veteran": 1220, "Prosperous Innkeeper": 1532, "Trelasarra, Moon Dancer": 2152, "Voice of the Blessed": 2268, "Aclazotz, Deepest Betrayal_SB": 11, "Kalitas, Traitor of Ghet": 1048, "Gruul Charm_SB": 866, "Showdown of the Skalds_SB": 1808, "Caustic Bronco_SB": 307, "Sire of Insanity_SB": 1830, "Floriferous Vinewall": 742, "Keen-Eyed Curator_SB": 1074, "Kroxa, Titan of Death's Hunger_SB": 1124, "Acererak the Archlich": 9, "Gwenna, Eyes of Gaea": 873, "Honest Rutstein": 938, "Kinnan, Bonder Prodigy": 1086, "Plaza of Heroes": 1508, "Relic of Legends": 1612, "Rona, Herald of Invasion": 1672, "Assassin's Trophy_SB": 102, "Elder Gargaroth_SB": 596, "Tranquil Frillback_SB": 2140, "Aether Channeler": 19, "Cruel Somnophage": 429, "Eldritch Evolution": 599, "Hauntwoods Shrieker": 891, "Satyr Wayfinder": 1707, "Urborg Lhurgoyf": 2214, "Yavimaya Coast": 2357, "Aether Channeler_SB": 20, "Fear of Impostors_SB": 700, "Garruk's Harbinger_SB": 782, "Irrigated Farmland": 1009, "Brimaz, King of Oreskos_SB": 244, "Dream Trawler_SB": 566, "Rockface Village": 1667, "Zephyr Sentinel_SB": 2370, "Krenko's Buzzcrusher": 1120, "Gruul Charm": 865, "Kambal, Consul of Allocation": 1050, "Tectonic Hazard_SB": 2016, "Royal Treatment": 1680, "Royal Treatment_SB": 1681, "Gods Willing_SB": 842, "Skullcrack_SB": 1839, "Atraxa, Grand Unifier_SB": 107, "Decimator of the Provinces": 479, "Fierce Empath": 718, "Gala Greeters": 778, "Harmonious Archon": 887, "Sandstorm Salvager": 1702, "Sanguine Evangelist": 1703, "Skyknight Squire": 1844, "Toby, Beastie Befriender": 2120, "Kayla's Reconstruction_SB": 1069, "Go for the Throat_SB": 836, "Slaughter Games": 1849, "Yasharn, Implacable Earth": 2354, "Surrak Dragonclaw": 1981, "Krenko's Buzzcrusher_SB": 1121, "Lukka, Coppercoat Outcast": 1216, "Retraction Helix": 1637, "Seed of Hope": 1749, "Thundertrap Trainer": 2107, "Aetherflux Reservoir_SB": 23, "Chandra, Awakened Inferno_SB": 336, "Lukka, Coppercoat Outcast_SB": 1217, "Mox Amber_SB": 1327, "Retraction Helix_SB": 1638, "Boseiju, Who Endures_SB": 226, "Worldspine Wurm": 2344, "Xenagos, God of Revels": 2350, "Secrets of the Key": 1746, "Faerie Mastermind": 683, "Soaring Thought-Thief": 1871, "Thieves' Guild Enforcer": 2080, "Ritual of Soot_SB": 1655, "Stubborn Denial_SB": 1952, "Dragonskull Summit": 552, "Shineshadow Snarl": 1799, "Meticulous Archive": 1281, "Shadowy Backstreet": 1775, "Leyline of Resonance": 1160, "Might of the Meek": 1285, "Felonious Rage": 712, "Frantic Scapegoat": 766, "Plains_SB": 1504, "Island_SB": 1012, "Forest_SB": 753, "Restless Spire": 1634, "Emry, Lurker of the Loch": 625, "Valley Floodcaller": 2228, "Jeskai Ascendancy": 1031, "Mishra's Research Desk": 1295, "Tormod's Crypt": 2130, "Radiant Flames_SB": 1553, "Valorous Stance_SB": 2231, "Lithomantic Barrage_SB": 1193, "Long Goodbye": 1201, "Ritual of Soot": 1654, "Tishana's Tidebinder_SB": 2114, "Inscription of Ruin": 982, "Jace Reawakened": 1018, "Callous Sell-Sword_SB": 270, "Ingenious Prodigy": 975, "Authority of the Consuls_SB": 114, "Destroy Evil": 509, "Serra Paragon_SB": 1762, "Nissa, Vastwood Seer": 1379, "Knight of the Ebon Legion": 1103, "Worthy Knight": 2346, "Secluded Courtyard": 1745, "Unclaimed Territory": 2187, "Embercleave": 616, "Fervent Champion": 713, "Venerable Knight": 2240, "Inspiring Veteran": 987, "Tournament Grounds": 2135, "Smitten Swordmaster": 1857, "Heartflame Duelist": 902, "Knight of Dusk's Shadow": 1099, "Knight of Dusk's Shadow_SB": 1100, "Detention Sphere": 513, "Linvala, the Preserver_SB": 1190, "Woodland Bellower": 2340, "Dreamroot Cascade": 568, "Breeding Pool_SB": 240, "Trail of Crumbs": 2137, "Filter Out": 724, "Lyra Dawnbringer_SB": 1223, "Restless Cottage": 1630, "The Meathook Massacre": 2060, "Calix, Guided by Fate": 265, "Seal from Existence": 1738, "Seal from Existence_SB": 1739, "Chance for Glory": 332, "Collector's Vault": 380, "Colossal Skyturtle": 382, "Mirrorshell Crab": 1292, "Omen Hawker": 1419, "Teferi, Who Slows the Sunset": 2020, "Bag of Holding_SB": 127, "Zirda, the Dawnwaker_SB": 2373, "Entity Tracker": 637, "Ashen Rider_SB": 93, "Finale of Devastation": 726, "Regal Caracal_SB": 1605, "Evangel of Synthesis": 652, "Raffine, Scheming Seer": 1556, "Collective Brutality_SB": 376, "Despise_SB": 506, "Lifebane Zombie_SB": 1168, "Realm-Cloaked Giant": 1583, "Reidane, God of the Worthy": 1608, "Selfless Spirit": 1756, "Llanowar Visionary": 1197, "Mosswood Dreadknight": 1322, "Reclamation Sage_SB": 1594, "Confounding Riddle": 397, "Ill-Timed Explosion": 961, "Thundering Falls": 2106, "Liliana of the Veil": 1181, "Leyline of Hope": 1159, "Battle Cry Goblin": 149, "Conspicuous Snoop": 401, "Fireblade Charger": 728, "Goblin Instigator": 838, "Raise the Past": 1557, "Rundvelt Hordemaster": 1687, "Searslicer Goblin": 1743, "Skirk Prospector": 1835, "Aclazotz, Deepest Betrayal": 10, "Bandit's Talent": 133, "Foulmire Knight": 759, "Go Blank": 832, "Hostile Investigator": 949, "Waste Not": 2293, "Chandra, Dressed to Kill": 337, "Sunspine Lynx": 1971, "Chandra, Dressed to Kill_SB": 338, "Light Up the Stage_SB": 1171, "Vengeful Possession_SB": 2244, "Come Back Wrong_SB": 386, "The End_SB": 2053, "The Flame of Keld": 2056, "Spirited Companion": 1912, "Weaver of Harmony": 2304, "Isolate_SB": 1013, "Akroan Crusader": 37, "Illuminator Virtuoso": 964, "Loran's Escape_SB": 1208, "Smash to Smithereens_SB": 1856, "Blood Baron of Vizkopa_SB": 193, "Fetid Pools": 715, "Silvergill Adept": 1822, "Triton Shorestalker": 2156, "Vodalian Hexcatcher": 2263, "Agadeem's Awakening": 26, "Ayara, First of Locthwain": 122, "Fiend Artisan": 717, "Gifted Aetherborn": 808, "Gnawing Vermin": 830, "Gray Merchant of Asphodel": 855, "Isareth the Awakener": 1010, "Stitcher's Supplier": 1931, "Dreadbore": 559, "Thing in the Ice_SB": 2081, "Callous Bloodmage": 267, "Fires of Invention": 729, "Golos, Tireless Pilgrim": 846, "Heliod, the Radiant Dawn": 909, "Kenrith, the Returned King": 1080, "Nicol Bolas, the Ravager": 1366, "Oath of Kaya": 1404, "Omen of the Forge": 1422, "The Kami War": 2059, "The Scarab God": 2068, "Touch the Spirit Realm": 2134, "Nezahal, Primal Tide_SB": 1363, "Nimble Larcenist_SB": 1370, "Tolsimir, Friend to Wolves_SB": 2123, "Agatha's Soul Cauldron": 28, "Cenote Scout": 323, "Deeproot Pilgrimage": 486, "Forensic Researcher": 751, "Kiora's Follower": 1087, "Kumena's Speaker": 1126, "Kumena, Tyrant of Orazca": 1127, "Genesis Wave": 791, "Wakeroot Elemental": 2286, "Sunken Citadel_SB": 1966, "Stormchaser's Talent": 1937, "This Town Ain't Big Enough": 2085, "Nowhere to Run_SB": 1396, "Legion Extruder_SB": 1150, "Feed the Swarm": 709, "Mission Briefing": 1296, "Sorin the Mirthless": 1878, "Angrath, the Flame-Chained_SB": 55, "Faerie Mastermind_SB": 684, "Maelstrom Pulse_SB": 1227, "Shoot the Sheriff": 1803, "Lost Legacy_SB": 1212, "Wolfwillow Haven": 2338, "The Mightstone and Weakstone_SB": 2063, "Can't Stay Away": 272, "Witherbloom Command_SB": 2329, "Youthful Valkyrie": 2363, "Remorseful Cleric": 1614, "Ajani, Sleeper Agent_SB": 33, "Lion Sash_SB": 1192, "Paradise Druid": 1467, "Sylvan Awakening": 1993, "Saheeli, Sublime Artificer_SB": 1696, "Ray of Enfeeblement_SB": 1577, "The Royal Scions": 2067, "Smuggler's Surprise": 1861, "Kogla and Yidaro_SB": 1108, "Portal to Phyrexia_SB": 1519, "Vampires' Vengeance_SB": 2233, "Nissa, Who Shakes the World": 1380, "Bilious Skulldweller": 167, "Call of the Death-Dweller": 266, "Chevill, Bane of Monsters": 348, "Fynn, the Fangbearer": 776, "Ghost Vacuum": 798, "Heroic Intervention": 920, "Hooded Blightfang": 939, "Malakir Rebirth": 1238, "Nighthawk Scavenger": 1368, "Wasteland Viper": 2296, "Glissa Sunslayer_SB": 824, "Infectious Bite_SB": 973, "Cave of the Frost Dragon": 314, "Sweltering Suns_SB": 1987, "Young Pyromancer_SB": 2362, "Tear Asunder_SB": 2014, "Unauthorized Exit_SB": 2185, "Fading Hope_SB": 680, "Demilich": 490, "Nahiri's Warcrafting_SB": 1343, "Obosh, the Preypiercer_SB": 1410, "Solemnity_SB": 1875, "Akal Pakal, First Among Equals": 36, "Courser of Kruphix": 416, "Fauna Shaman": 696, "Sentinel of the Nameless City": 1758, "Timestream Navigator": 2109, "Simic Manipulator": 1825, "Trygon Predator_SB": 2161, "Sporeweb Weaver_SB": 1916, "Azure Beastbinder_SB": 125, "Vivien, Champion of the Wilds_SB": 2261, "Mockingbird_SB": 1302, "Simic Manipulator_SB": 1826, "Legion's Landing": 1153, "Coveted Falcon": 417, "Beseech the Mirror": 162, "Kaya's Wrath": 1064, "Caretaker's Talent_SB": 278, "Kaya, Orzhov Usurper_SB": 1067, "Rite of Oblivion_SB": 1653, "Fountainport_SB": 763, "Vivien, Arkbow Ranger": 2260, "Kogla, the Titan Ape": 1109, "Cavalier of Thorns_SB": 313, "Ulamog, the Ceaseless Hunger_SB": 2178, "Tyrranax Rex_SB": 2170, "Ulvenwald Oddity_SB": 2181, "Depala, Pilot Exemplar": 498, "Magda, Brazen Outlaw": 1229, "Magda, the Hoardmaster": 1230, "Portal to Phyrexia": 1518, "Roaming Throne": 1660, "Toolcraft Exemplar": 2126, "Unlicensed Hearse": 2201, "Veteran Motorist": 2245, "Crumbling Vestige": 432, "Dreamdew Entrancer": 567, "Spinewoods Armadillo": 1906, "Scavenger Grounds": 1713, "Glissa Sunslayer": 823, "Kogla and Yidaro": 1107, "Vampires' Vengeance": 2232, "Trumpeting Carnosaur_SB": 2160, "Colossus Hammer": 384, "Kellan, the Fae-Blooded": 1077, "Kemba, Kha Enduring": 1078, "Sigarda's Aid": 1812, "Dusk // Dawn_SB": 583, "Last Breath_SB": 1136, "Cleansing Nova_SB": 360, "Forsaken Miner": 755, "Insidious Roots": 984, "Priest of Forgotten Gods": 1524, "Rubblebelt Maverick": 1683, "Scrapheap Scrounger": 1726, "Palani's Hatcher": 1466, "Thunderherd Migration": 2104, "Triumphant Chomp": 2157, "Cease // Desist_SB": 319, "Unlucky Witness": 2203, "Abyssal Harvester": 8, "Shock": 1802, "Golgari Charm_SB": 845, "Elspeth's Smite": 608, "Selfless Spirit_SB": 1757, "Boros Elite": 222, "Guardian of New Benalia": 870, "Intrepid Adversary": 995, "Luminarch Aspirant": 1218, "Mardu Woe-Reaper": 1251, "Mobilized District": 1300, "Precinct Captain": 1523, "Soldier of the Pantheon": 1874, "Spellbook Vendor": 1901, "Sungold Sentinel": 1964, "Banisher Priest_SB": 139, "Bounty Agent_SB": 230, "Fateful Absence_SB": 695, "Rally the Ranks_SB": 1564, "Beanstalk Giant": 154, "Greater Tanuki": 858, "Herd Migration": 918, "Release to the Wind": 1610, "Bedeck // Bedazzle_SB": 156, "Consign // Oblivion_SB": 400, "Gyruda, Doom of Depths_SB": 875, "Keruga, the Macrosage_SB": 1082, "Swamp_SB": 1984, "Virtue of Persistence_SB": 2256, "Wicked Wolf_SB": 2316, "Absorb": 7, "Overlord of the Mistmoors_SB": 1457, "Dream Trawler": 565, "Surge of Righteousness_SB": 1977, "Vivien Reid_SB": 2259, "Defiant Strike": 488, "Dreadhorde Arcanist": 561, "Gods Willing": 841, "Renegade Tactics": 1617, "Knight of Grace_SB": 1102, "Consign // Oblivion": 399, "Loran of the Third Path": 1205, "The Book of Exalted Deeds": 2048, "Fear of Isolation": 701, "Hopeless Nightmare": 942, "Tinybones Joins Up": 2110, "Wild Slash": 2318, "Unchained Berserker_SB": 2186, "Built to Smash": 254, "Wayward Guide-Beast": 2299, "Dreadmaw's Ire_SB": 564, "Voldaren Thrillseeker_SB": 2275, "Siphon Insight_SB": 1829, "Cityscape Leveler": 354, "Outland Liberator_SB": 1447, "Commit // Memory": 389, "Flip the Switch": 738, "Westvale Abbey": 2314, "Imodane's Recruiter_SB": 967, "Thought-Knot Seer_SB": 2090, "Ral, Crackling Wit_SB": 1562, "Voice of Resurgence_SB": 2265, "Glorious Protector_SB": 828, "The Wandering Rescuer_SB": 2077, "Niambi, Esteemed Speaker_SB": 1364, "Kaito, Cunning Infiltrator": 1046, "Kaito Shizuki": 1042, "Dokuchi Silencer_SB": 537, "Warping Wail_SB": 2291, "Into the Story": 994, "Plumecreed Escort": 1509, "Exquisite Firecraft_SB": 665, "Chained to the Rocks": 326, "Escape to the Wilds": 643, "Selfless Glyphweaver": 1753, "Lavinia, Azorius Renegade_SB": 1140, "Syr Ginger, the Meal Ender_SB": 1998, "Cry of the Carnarium_SB": 434, "Long Goodbye_SB": 1202, "Overlord of the Balemurk_SB": 1452, "Demonic Counsel": 494, "Adanto Vanguard": 12, "Apostle of Purifying Light": 69, "Glass Casket": 816, "Swiftfoot Boots": 1988, "Thran Power Suit": 2096, "Augur of Bolas": 112, "Essence Flux": 648, "Fading Hope": 679, "Fallaji Archaeologist": 687, "Neoform": 1361, "Tyvar's Stand": 2171, "Natural State_SB": 1353, "Virtue of Persistence": 2255, "Roaring Furnace && Steaming Sauna_SB": 1662, "Aftermath Analyst": 25, "Annie Joins Up": 60, "Brokers Hideout": 247, "Cabaretti Courtyard": 261, "Emrakul, the Promised End": 623, "Lotus Cobra": 1213, "Lumra, Bellow of the Woods": 1219, "Nissa, Resurgent Animist": 1377, "Port of Karfell": 1514, "Riveteers Overlook": 1658, "The World Tree": 2078, "Zacama, Primal Calamity": 2364, "Titania, Voice of Gaea_SB": 2117, "Kaervek, the Punisher": 1039, "Zoraline, Cosmos Caller": 2376, "Fracture_SB": 764, "Mazemind Tome_SB": 1266, "Grand Abolisher_SB": 851, "Treacherous Blessing_SB": 2146, "Foundry Street Denizen": 760, "Legion Loyalist": 1151, "Spinner of Souls": 1907, "Klothys, God of Destiny_SB": 1096, "Umori, the Collector_SB": 2182, "Blast Zone": 183, "Glass Casket_SB": 817, "Ojer Axonil, Deepest Might": 1416, "Leyline of Combustion_SB": 1158, "Scorching Shot_SB": 1721, "Tithing Blade": 2118, "Grasp of Darkness_SB": 852, "Necrotic Wound": 1356, "Souls of the Lost": 1891, "Necrotic Wound_SB": 1357, "Horned Loch-Whale_SB": 944, "Squirming Emergence": 1919, "Souls of the Lost_SB": 1892, "Barrier Breach_SB": 145, "Hallowed Moonlight": 880, "Voyaging Satyr_SB": 2282, "Experimental Augury": 660, "Fleeting Spirit": 736, "Get Out": 794, "Lore Drakkis": 1210, "Open the Omenpaths": 1431, "Saiba Cryptomancer": 1697, "Sea-Dasher Octopus": 1734, "Vadrok, Apex of Thunder": 2221, "Kappa Tech-Wrecker": 1053, "Eldrazi Displacer_SB": 598, "Otherworldly Gaze": 1443, "Scorching Shot": 1720, "Candy Trail": 274, "Crucible of Worlds": 428, "March of Wretched Sorrow": 1249, "Mazemind Tome": 1265, "Welcoming Vampire": 2309, "Destiny Spinner": 507, "Izoni, Center of the Web": 1016, "Yorion, Sky Nomad": 2360, "Cavern of Souls_SB": 316, "Destiny Spinner_SB": 508, "Glarb, Calamity's Augur_SB": 815, "Sin Collector_SB": 1828, "Cult Conscript": 442, "Haywire Mite": 892, "Mutavault_SB": 1338, "Oracle of Tragedy": 1435, "Soulflayer": 1889, "Striped Riverwinder": 1949, "Urborg Scavengers": 2215, "Zetalpa, Primal Dawn": 2371, "Cast Out": 292, "Day of Judgment": 460, "Cleansing Wildfire_SB": 362, "Vanish into Eternity_SB": 2234, "Culling Ritual": 440, "Mukotai Ambusher_SB": 1331, "Tribute to Horobi": 2154, "Void Winnower_SB": 2270, "Remorseful Cleric_SB": 1615, "Rhonas the Indomitable": 1642, "Hunter's Talent_SB": 954, "Vengeful Possession": 2243, "Hidetsugu's Second Rite_SB": 926, "Nurturing Pixie": 1400, "Trial of Ambition": 2153, "Kaito, Bane of Nightmares_SB": 1045, "Extract the Truth_SB": 668, "Malcolm, Alluring Scoundrel": 1239, "Preacher of the Schism_SB": 1522, "Ertai Resurrected": 641, "Get Out_SB": 795, "Pia Nalaar, Consul of Revival": 1496, "Reckless Impulse": 1588, "Showdown of the Skalds": 1807, "Wrenn's Resolve": 2348, "Bloodsoaked Champion": 200, "Osteomancer Adept": 1441, "Snarling Gorehound": 1865, "Underground Mortuary": 2190, "Trostani, Three Whispers": 2158, "Bassara Tower Archer": 148, "Cloudsteel Kirin": 371, "Lizard Blades": 1195, "Chained to the Rocks_SB": 327, "Viashino Pyromancer": 2247, "Searing Blood": 1741, "Chandra, Torch of Defiance_SB": 342, "Bomat Courier_SB": 212, "Bonecrusher Giant_SB": 215, "Magma Spray_SB": 1234, "Lightning Strike_SB": 1179, "Aven Mindcensor_SB": 117, "Hollow One": 935, "Fiery Temper": 722, "Stalactite Stalker": 1921, "Harvester of Misery_SB": 889, "Hostile Investigator_SB": 950, "Lamplight Phoenix_SB": 1133, "Fugitive Codebreaker_SB": 774, "Camellia, the Seedmiser": 271, "Deathcap Glade": 472, "Voldaren Thrillseeker": 2274, "Tree of Perdition": 2151, "Sunset Revelry_SB": 1970, "Thirst for Meaning": 2084, "Entity Tracker_SB": 638, "Treacherous Blessing": 2145, "Massacre Wurm_SB": 1260, "Biting-Palm Ninja": 172, "Dokuchi Silencer": 536, "Silver-Fur Master": 1819, "Thousand-Faced Shadow": 2093, "Kaito Shizuki_SB": 1043, "Helping Hand": 912, "Pawpatch Recruit_SB": 1480, "Colossal Skyturtle_SB": 383, "Takenuma, Abandoned Mire_SB": 2002, "Holy Cow": 936, "Soul Transfer": 1883, "Rottenmouth Viper_SB": 1677, "Roaring Furnace // Steaming Sauna_SB": 1663, "Omen of the Dead": 1420, "Werewolf Pack Leader": 2313, "Prowling Serpopard_SB": 1537, "Sentinel of the Nameless City_SB": 1759, "Welcoming Vampire_SB": 2310, "Sharp-Eyed Rookie": 1784, "Ayara's Oathsworn": 121, "Vein Ripper": 2239, "Jace, Vryn's Prodigy": 1021, "Ledger Shredder_SB": 1146, "Council of the Absolute_SB": 414, "Spirit of the Labyrinth_SB": 1910, "Suncleanser_SB": 1958, "Snakeskin Veil_SB": 1864, "Adventurous Impulse": 17, "Monastery Mentor_SB": 1310, "Arcane Proxy": 77, "Chrome Host Seedshark": 350, "See the Truth": 1748, "Ambitious Farmhand": 45, "Cascading Cataracts": 284, "Charming Prince": 346, "Helpful Hunter": 911, "Serra Paragon": 1761, "Thalia's Lancers": 2037, "Nashi, Searcher in the Dark": 1352, "Wilt-Leaf Liege_SB": 2320, "Shambling Vent": 1777, "Brass's Tunnel-Grinder": 233, "Augur of Autumn_SB": 111, "Lavabrink Venturer_SB": 1137, "Soulless Jailer_SB": 1890, "Gleaming Geardrake": 820, "Cavalier of Dawn": 310, "Kotose, the Silent Spider": 1116, "Marina Vendrell": 1252, "Chandra, Torch of Defiance": 341, "Fanatic of Mogis": 688, "Solphim, Mayhem Dominus": 1876, "Altanak, the Thrice-Called": 44, "Say Its Name": 1709, "Thalia and The Gitrog Monster": 2036, "Cosmic Rebirth_SB": 413, "Dreadbore_SB": 560, "Shatterskull Smashing_SB": 1787, "Prosperous Thief_SB": 1535, "Unable to Scream": 2183, "Barkhide Troll": 144, "Gather Courage": 785, "Keen-Eyed Curator": 1073, "Tribute to the World Tree": 2155, "Inscription of Abundance_SB": 981, "Setessan Tactics_SB": 1765, "Recommission": 1595, "Tome Scour": 2124, "Deathmist Raptor": 474, "Oblivious Bookworm": 1409, "Cerulean Drake_SB": 325, "Kraul Harpooner_SB": 1118, "Prosperous Innkeeper_SB": 1533, "Blacksmith's Talent": 178, "Bladehold War-Whip": 181, "Chainsaw": 328, "Nahiri, Forged in Fury": 1344, "Sword of Forge and Frontier": 1990, "Rebel Salvo_SB": 1585, "Bloodthirsty Conqueror": 201, "Dina, Soul Steeper": 522, "Dryad of the Ilysian Grove": 578, "Iridescent Vinelasher": 1008, "Jaddi Offshoot": 1025, "Mirrorpool": 1291, "Retreat to Hagra": 1639, "Scapeshift": 1710, "Bristly Bill, Spine Sower_SB": 246, "Deathrite Shaman_SB": 476, "Undergrowth Champion_SB": 2192, "Deputy of Detention": 500, "Tyvar, the Pummeler_SB": 2175, "Floodpits Drowner_SB": 741, "Massacre Wurm": 1259, "Valgavoth's Faithful": 2223, "Etali, Primal Conqueror": 649, "Seize the Spoils": 1751, "Worldspine Wurm_SB": 2345, "Xenagos, God of Revels_SB": 2351, "Light of Hope_SB": 1172, "Zoetic Glyph": 2374, "The Akroan War_SB": 2045, "No More Lies_SB": 1387, "Celestial Armor": 320, "Elder Gargaroth": 595, "Silverback Elder": 1820, "Silverback Elder_SB": 1821, "Deputy of Detention_SB": 501, "Experimental Frenzy_SB": 662, "Citizen's Crowbar_SB": 353, "Gifted Aetherborn_SB": 809, "March of Wretched Sorrow_SB": 1250, "Perilous Snare": 1483, "Wedding Invitation": 2308, "Repurposing Bay_SB": 1622, "Dawnbringer Cleric": 458, "Momentum Breaker_SB": 1308, "Patchwork Automaton": 1472, "Birgi, God of Storytelling": 169, "Crater's Claws": 423, "Banefire_SB": 136, "Zurgo Bellstriker_SB": 2380, "Greasewrench Goblin": 857, "Moonshaker Cavalry_SB": 1318, "Zareth San, the Trickster": 2368, "Nighthawk Scavenger_SB": 1369, "Hare Apparent": 886, "Mendicant Core, Guidelight": 1272, "Voyager Glidecar": 2280, "Grim Bauble": 860, "Momentum Breaker": 1307, "Oildeep Gearhulk_SB": 1415, "Count on Luck_SB": 415, "Valor's Flagship": 2230, "Monument to Endurance_SB": 1315, "Shacklegeist_SB": 1770, "Alpha Authority": 40, "Chaplain of Alms": 345, "Rune of Might": 1688, "Toadstool Admirer": 2119, "Adanto Vanguard_SB": 13, "Sab-Sunen, Luxa Embodied": 1692, "Bolas's Citadel": 209, "Catacomb Sifter": 300, "Woe Strider": 2336, "Liliana, Heretical Healer_SB": 1186, "Status // Statue_SB": 1924, "Saheeli, Sublime Artificer": 1695, "Devout Decree_SB": 516, "Strangle_SB": 1944, "Valley Floodcaller_SB": 2229, "Archfiend's Vessel": 84, "Merfolk Secretkeeper": 1275, "Brightglass Gearhulk": 242, "Dredger's Insight": 571, "Grim Bauble_SB": 861, "Djeru's Renunciation": 535, "Drannith Healer": 555, "Drannith Stinger": 557, "Flourishing Fox": 743, "Footfall Crater": 749, "Go for Blood": 834, "Marauding Mako": 1244, "Monument to Endurance": 1314, "Sunbillow Verge": 1957, "Zenith Flare": 2369, "Heroic Intervention_SB": 921, "Ketramose, the New Dawn_SB": 1084, "Behold the Multiverse": 159, "Mastermind's Acquisition": 1261, "Behold the Multiverse_SB": 160, "Ossification_SB": 1440, "Dreadhorde Arcanist_SB": 562, "Coalstoke Gearhulk": 372, "Memory Guardian": 1271, "Azor, the Lawbringer": 123, "Mukotai Ambusher": 1330, "Bloodghast": 198, "Molt Tender": 1303, "Driven // Despair_SB": 572, "Ashiok, Wicked Manipulator_SB": 100, "Anim Pakal, Thousandth Moon": 57, "Basri, Tomorrow's Champion": 147, "Urza's Ruinous Blast_SB": 2219, "The Speed Demon": 2072, "Intimidation Tactics_SB": 991, "Doppelgang": 543, "Maestros Theater": 1228, "Shigeki, Jukai Visionary": 1797, "Virtue of Strength": 2257, "Worldsoul's Rage": 2343, "Bonny Pall, Clearcutter_SB": 217, "Roxanne, Starfall Savant_SB": 1679, "Feed the Cycle": 708, "Rankle's Prank": 1569, "Willowrush Verge": 2319, "Freestrider Lookout": 767, "Ketramose, the New Dawn": 1083, "Scrabbling Claws": 1724, "Legion's End_SB": 1152, "Mosswood Dreadknight_SB": 1323, "Pest Control_SB": 1486, "Optimistic Scavenger_SB": 1434, "Innkeeper's Talent_SB": 978, "Oildeep Gearhulk": 1414, "Commune with Spirits": 392, "Goro-Goro, Disciple of Ryusei": 848, "Kari Zev, Skyship Raider": 1055, "Radha, Heart of Keld": 1552, "Redshift, Rocketeer Chief": 1600, "Feed the Clan_SB": 707, "Scorching Dragonfire_SB": 1719, "Bleachbone Verge": 186, "Starnheim Unleashed_SB": 1923, "Detention Chariot": 512, "Tune Up": 2162, "Kaya the Inexorable_SB": 1062, "Thundering Broodwagon": 2105, "Benthic Biomancer": 161, "Mindspring Merfolk": 1289, "Tishana's Tidebinder": 2113, "Tidebinder Mage_SB": 2108, "Bloodchief's Thirst_SB": 197, "Eaten Alive_SB": 587, "Secure the Wastes": 1747, "Make Disappear_SB": 1237, "Fearless Swashbuckler": 703, "Gastal Thrillroller": 783, "Dragonlord Dromoka": 549, "Ashiok, Nightmare Weaver": 97, "Leyline Binding_SB": 1156, "Ugin, the Spirit Dragon_SB": 2177, "Jace's Defeat_SB": 1020, "Hazoret, Godseeker": 898, "Memory Deluge_SB": 1270, "Clockwork Percussionist": 370, "Skullcrack": 1838, "Roast_SB": 1664, "Boommobile": 219, "Fomori Vault": 748, "Glint-Nest Crane": 822, "Hedron Archive": 907, "Paradox Engine": 1468, "Portal of Sanctuary": 1517, "Prophetic Prism": 1531, "Repurposing Bay": 1621, "Terrarion": 2032, "The Mightstone and Weakstone": 2062, "Thran Spider": 2097, "Workshop Assistant": 2342, "Lantern of the Lost_SB": 1135, "Liberator, Urza's Battlethopter_SB": 1164, "Noxious Gearhulk_SB": 1398, "Shrapnel Slinger_SB": 1811, "Norin, Swift Survivalist": 1389, "Chandra, Acolyte of Flame_SB": 335, "Untimely Malfunction_SB": 2208, "Wastewood Verge": 2297, "Collector's Cage": 378, "Dusk Rose Reliquary": 585, "Parting Gust": 1471, "Teething Wurmlet": 2017, "Murderous Cut": 1333, "Anguished Unmaking_SB": 56, "Drownyard Temple": 577, "Narcomoeba": 1348, "Prized Amalgam": 1527, "Quag Feast": 1544, "Empyrean Eagle": 622, "Lofty Denial": 1199, "Dewdrop Cure_SB": 518, "Mindlink Mech_SB": 1288, "Pest Control": 1485, "Avishkar Raceway": 118, "Fuel the Flames_SB": 772, "Skycrash_SB": 1843, "Murderous Rider": 1335, "Sign in Blood": 1813, "Sea Gate Restoration": 1733, "Dig Through Time_SB": 521, "Giant Killer_SB": 805, "Ashiok, Nightmare Muse_SB": 96, "Biting-Palm Ninja_SB": 173, "Expedite": 656, "Kazuul's Toll Collector": 1072, "Shardmage's Rescue_SB": 1781, "Immersturm Raider": 965, "The Speed Demon_SB": 2073, "Waste Not_SB": 2294, "Burnout Bashtronaut": 257, "Draconautics Engineer": 547, "Fanatical Firebrand": 689, "Hobgoblin Bandit Lord": 934, "Howlsquad Heavy": 951, "Krenko, Mob Boss": 1122, "Goblin Ringleader_SB": 839, "Volley Veteran_SB": 2276, "Harrier Strix": 888, "Hypnotic Grifter": 957, "The Reality Chip": 2065, "Training Grounds": 2138, "Witness Protection": 2332, "Basilisk Collar_SB": 146, "Swiftfoot Boots_SB": 1989, "Fry_SB": 770, "Collision // Colossus": 381, "Overprotect_SB": 1459, "Stock Up": 1932, "Riverpyre Verge": 1657, "Strangle": 1943, "Liliana, the Last Hope_SB": 1187, "Blade Historian": 179, "Jirina, Dauntless General": 1035, "Pyre of Heroes": 1539, "Jirina, Dauntless General_SB": 1036, "Night Clubber_SB": 1367, "Riptide Gearhulk_SB": 1650, "Aegis Turtle_SB": 18, "Up the Beanstalk_SB": 2211, "Concealing Curtains": 394, "Battle at the Bridge": 150, "Mephitic Draught": 1273, "Spire of Industry": 1908, "Battle at the Bridge_SB": 151, "Analyze the Pollen": 47, "Ride's End": 1643, "Cleansing Wildfire": 361, "Crumble to Dust": 431, "Encroaching Wastes": 626, "Gnottvold Slumbermound": 831, "Haphazard Bombardment": 884, "Jaya's Greeting": 1028, "Ravager Wurm": 1576, "Rowan, Scholar of Sparks": 1678, "Rubble Reading": 1682, "Sheltered Thicket": 1789, "Structural Distortion": 1950, "Sylvan Primordial": 1995, "Territory Forge": 2033, "Twin Bolt": 2165, "Herbology Instructor_SB": 916, "Nissa's Defeat_SB": 1374, "Peak Eruption_SB": 1481, "Scrabbling Claws_SB": 1725, "Hazoret the Fervent": 895, "Ashiok, Nightmare Muse": 95, "Murderous Cut_SB": 1334, "Borrowed Hostility": 224, "The Filigree Sylex_SB": 2055, "Barbed Batterfist": 141, "Webstrike Elite": 2305, "Yahenni's Expertise": 2353, "Commit // Memory_SB": 390, "Demilich_SB": 491, "Banefire": 135, "Koma, Cosmos Serpent_SB": 1112, "Progenitor Mimic": 1530, "Steel Seraph": 1926, "Fighter Class": 723, "Flowerfoot Swordmaster": 744, "Mabel, Heir to Cragflame": 1224, "Chainsaw_SB": 329, "Nettle Guard_SB": 1362, "Sword of Forge and Frontier_SB": 1991, "Experimental Synthesizer": 663, "Violent Urge_SB": 2251, "Boon of Boseiju": 220, "Esika's Chariot_SB": 646, "Hidetsugu Consumes All": 923, "Champion of the Perished": 331, "Cryptbreaker": 435, "Dark Salvation": 453, "Dread Wanderer": 558, "Relentless Dead": 1611, "Wayward Servant": 2300, "Zahur, Glory's Past": 2367, "Crippling Fear_SB": 427, "Phyrexian Censor": 1491, "Commune with Dinosaurs": 391, "Ghalta, Primal Hunger": 796, "Marauding Raptor": 1245, "Pugnacious Hammerskull": 1538, "Rampaging Raptor": 1567, "Regal Imperiosaur": 1606, "Regisaur Alpha": 1607, "Ripjaw Raptor": 1647, "Flameblade Adept": 733, "Maximize Velocity": 1263, "Ox of Agonas": 1461, "Birgi, God of Storytelling_SB": 170, "Lightning Axe_SB": 1175, "Expedition Map_SB": 658, "Stock Up_SB": 1933, "Wrenn and Realmbreaker": 2347, "Depopulate_SB": 499, "Unsubstantiate_SB": 2207, "Samut's Sprint": 1698, "Lost Jitte": 1211, "Omen of the Dead_SB": 1421, "Bloodchief's Thirst": 196, "Combat Research": 385, "Lazav, Wearer of Faces": 1142, "Medomai the Ageless": 1267, "Guardian of Faith": 868, "Fires of Victory_SB": 731, "Riptide Gearhulk": 1649, "Eidolon of the Great Revel_SB": 593, "Gather Courage_SB": 786, "Carnage Tyrant": 279, "Festering Gulch": 714, "Quick Study": 1549, "Kozilek's Return_SB": 1117, "Feather, the Redeemed": 704, "Feather, the Redeemed_SB": 705, "Bitter Reunion": 174, "Etali, Primal Conqueror_SB": 650, "Restless Fortress": 1631, "Ruin-Lurker Bat": 1685, "Healer's Hawk": 900, "Essence Channeler": 647, "Exemplar of Light": 654, "Linden, the Steadfast Queen": 1188, "Scoured Barrens": 1722, "Rogue's Passage": 1670, "Dewdrop Cure": 517, "Afterburner Expert": 24, "Omnivorous Flytrap": 1429, "Agatha's Soul Cauldron_SB": 29, "Nahiri, the Unforgiving_SB": 1347, "Out of Air_SB": 1444, "Cry of the Carnarium": 433, "Kaya, Orzhov Usurper": 1066, "Soul-Guide Lantern": 1885, "The End": 2052, "Calamity's Wake_SB": 264, "Play with Fire_SB": 1507, "Tamiyo's Safekeeping": 2005, "Tear Asunder": 2013, "Blot Out": 205, "Questing Beast": 1545, "Thrun, Breaker of Silence": 2101, "Nissa, Ascended Animist": 1375, "Tyrranax Rex": 2169, "Nissa, Ascended Animist_SB": 1376, "Shifting Ceratops_SB": 1796, "Hornet Queen_SB": 946, "Twinshot Sniper": 2166, "Keruga, the Macrosage": 1081, "Agent of Treachery_SB": 31, "Twinshot Sniper_SB": 2167, "Anzrag, the Quake-Mole": 68, "Temple of Abandon": 2022, "Ox of Agonas_SB": 1462, "Satoru Umezawa": 1705, "Adorned Pouncer": 16, "Arahbo, the First Fang": 73, "Open the Armory": 1430, "Roadside Reliquary": 1659, "Sacred Cat": 1693, "Spontaneous Mutation_SB": 1915, "Painter's Studio // Defaced Gallery": 1465, "Chance for Glory_SB": 333, "Magmatic Chasm_SB": 1235, "Requisition Raid_SB": 1623, "Shrapnel Blast_SB": 1810, "Sorin, Vengeful Bloodlord_SB": 1880, "Tireless Tracker_SB": 2112, "Exquisite Firecraft": 664, "Raucous Carnival": 1573, "Curse of Shaken Faith_SB": 445, "Merfolk Mistbinder": 1274, "Merfolk Trickster_SB": 1276, "Smuggler's Copter_SB": 1860, "Debris Beetle": 477, "Mystic Repeal_SB": 1341, "Epic Downfall_SB": 640, "Cavalier of Flame": 311, "Nullhide Ferox_SB": 1399, "Builder's Talent": 253, "Sunder the Gateway": 1959, "Kitsa, Otterball Elite": 1094, "Abhorrent Oculus_SB": 2, "Loran's Escape": 1207, "Blessed Defiance_SB": 189, "Reckless Stormseeker": 1591, "Rocketeer Boostbuggy": 1666, "Bladestitched Skaab": 182, "Lazotep Reaver": 1143, "Rotten Reunion_SB": 1675, "Enduring Tenacity_SB": 633, "Cruelclaw's Heist_SB": 430, "Knight of Grace": 1101, "Swan Song_SB": 1985, "Chandra, Spark Hunter_SB": 340, "Growth Spiral": 864, "Ill-Timed Explosion_SB": 962, "Skyclave Cleric": 1842, "Ajani, Strength of the Pride_SB": 35, "Azor, the Lawbringer_SB": 124, "Gideon of the Trials": 806, "Bomat Courier": 211, "Phoenix Chick": 1489, "Tasigur, the Golden Fang": 2012, "Mortify": 1320, "Creeping Chill": 426, "Silversmote Ghoul": 1823, "Fog": 746, "Gaea's Blessing": 777, "Haze of Pollen": 894, "Jace, the Perfected Mind": 1024, "Tamiyo, Collector of Tales": 2007, "Union of the Third Path": 2197, "Winds of Qal Sisma": 2322, "Carnage Tyrant_SB": 280, "Drannith Ruins": 556, "Thought-Knot Seer": 2089, "Wasteland Strangler": 2295, "Phyrexian Fleshgorger": 1494, "Ifnir Deadlands": 960, "Bearer of Silence": 155, "Reality Smasher_SB": 1582, "Doom Foretold": 540, "Nine-Lives Familiar": 1373, "Starfield of Nyx": 1922, "Kaya's Wrath_SB": 1065, "Fuel the Flames": 771, "Gix's Command_SB": 812, "Sorin the Mirthless_SB": 1879, "Shoot the Sheriff_SB": 1804, "Graf Reaver_SB": 849, "Kraul Whipcracker_SB": 1119, "Fear of Impostors": 699, "Riptide Chimera": 1648, "Dive Down_SB": 533, "Fleecemane Lion": 735, "Witchstalker_SB": 2327, "Selfless Glyphweaver_SB": 1754, "Soul-Scar Mage_SB": 1888, "Blood Spatter Analysis": 195, "Demonic Bargain": 493, "Osseous Sticktwister": 1438, "Korvold, Fae-Cursed King": 1113, "Korvold, Fae-Cursed King_SB": 1114, "Dive Down": 532, "Jace Reawakened_SB": 1019, "Blessed Defiance": 188, "Homestead Courage": 937, "Phyrexian Dragon Engine": 1493, "Seasoned Hallowblade": 1744, "The Mycosynth Gardens": 2064, "Alrund's Epiphany": 42, "Loot, the Pathfinder": 1204, "Obliterating Bolt_SB": 1408, "Burning Earth_SB": 255, "Fugitive Codebreaker": 773, "Favored Hoplite": 697, "Flowstone Infusion": 745, "Sejiri Shelter": 1752, "Tenth District Legionnaire": 2031, "Invasion of New Phyrexia_SB": 1001, "Wilt_SB": 2321, "Clifftop Lookout": 366, "Tangled Florahedron": 2010, "Healer of the Glade_SB": 899, "Tale's End_SB": 2004, "Dreams of Steel and Oil": 569, "Gisa, the Hellraiser_SB": 811, "Ride's End_SB": 1644, "Omen of the Sun_SB": 1425, "Omen of the Sun": 1424, "Enduring Courage": 628, "Beseech the Mirror_SB": 163, "Forbidden Friendship": 750, "Case of the Gateway Express_SB": 289, "Collective Effort_SB": 377, "Forge Devil_SB": 754, "Perilous Snare_SB": 1484, "Commence the Endgame_SB": 387, "Experimental Confectioner": 661, "Monastery Mentor": 1309, "Seeker of the Way_SB": 1750, "Redcap Melee": 1597, "Setessan Champion": 1763, "Trapped in the Screen": 2142, "Trapped in the Screen_SB": 2143, "The Birth of Meletis": 2047, "Cryptolith Rite": 438, "Eidolon of Blossoms": 589, "Eidolon of Blossoms_SB": 590, "Bottomless Pool && Locker Room": 228, "Bottomless Pool && Locker Room_SB": 229, "Knockout Blow": 1105, "Hidetsugu's Second Rite": 925, "Incubation Druid": 970, "Interplanar Beacon": 988, "Kaya the Inexorable": 1061, "Mistrise Village": 1297, "Nicol Bolas, Dragon-God": 1365, "Ral Zarek": 1561, "Tamiyo, Field Researcher": 2009, "Vraska, Betrayal's Sting": 2284, "Kunoros, Hound of Athreos_SB": 1128, "Qarsi Revenant": 1542, "Qarsi Revenant_SB": 1543, "Tersa Lightshatter": 2034, "Mox Jasper": 1328, "Mistrise Village_SB": 1298, "Elspeth, Storm Slayer": 610, "United Battlefront": 2198, "Voice of Victory": 2266, "Sunder the Gateway_SB": 1960, "Voice of Victory_SB": 2267, "Rakdos's Return_SB": 1559, "Cemetery Illuminator": 321, "Muraganda Raceway": 1332, "Case of the Crimson Pulse": 285, "Cease // Desist": 318, "Cram Session": 421, "Fell": 711, "Insatiable Avarice": 979, "The Biblioplex": 2046, "Valgavoth's Onslaught": 2224, "Containment Breach_SB": 403, "Environmental Sciences_SB": 639, "Introduction to Annihilation_SB": 996, "Mascot Exhibition_SB": 1256, "Pest Summoning_SB": 1487, "Descendant of Storms": 502, "Dragonfire Blade": 548, "Lavaspur Boots_SB": 1139, "Caustic Exhale": 308, "Dispelling Exhale": 529, "Foul-Tongue Invocation": 758, "Marang River Regent": 1242, "Scavenger Regent": 1714, "Silumgar's Scorn": 1817, "Caustic Exhale_SB": 309, "Strategic Betrayal_SB": 1946, "Cori-Steel Cutter": 410, "Wild Ride": 2317, "Cori-Steel Cutter_SB": 411, "Desperate Measures": 505, "Sunpearl Kirin": 1967, "Rot-Curse Rakshasa": 1674, "History of Benalia": 932, "The Restoration of Eiganjo": 2066, "Katilda, Dawnhart Prime": 1060, "Songcrafter Mage": 1877, "Militia Bugler_SB": 1287, "Strategic Betrayal": 1945, "Flashfreeze_SB": 734, "Treasure Map": 2149, "Archangel Elspeth": 78, "Painter's Studio && Defaced Gallery": 1464, "This Town Ain't Big Enough_SB": 2086, "Stormscale Scion": 1939, "Stormscale Scion_SB": 1940, "Not on My Watch_SB": 1391, "Of One Mind": 1413, "Banishing Slash": 140, "Jaya, Fiery Negotiator": 1029, "Murderous Rider_SB": 1336, "Gurmag Angler": 871, "Cori Mountain Monastery": 409, "Stormwing Entity": 1942, "United Battlefront_SB": 2199, "Warden of the Grove": 2288, "Surrak, Elusive Hunter_SB": 1982, "Fire Prophecy": 727, "White Sun's Twilight_SB": 2315, "Paradoxical Outcome_SB": 1469, "Icon of Ancestry": 958, "Break Out": 238, "Masked Vandal": 1257, "Fanatical Firebrand_SB": 690, "Decadent Dragon_SB": 478, "Liliana, Death's Majesty": 1184, "Urgent Necropsy": 2218, "Scavenger's Talent_SB": 1716, "Ygra, Eater of All_SB": 2359, "Runed Halo": 1689, "Undead Sprinter_SB": 2188, "Boros Reckoner": 223, "Craterhoof Behemoth": 424, "Atarka's Command_SB": 105, "Crackling Drake": 418, "Phyrexian Obliterator": 1495, "Decisive Denial": 480, "Ebondeath, Dracolich": 588, "Ertai's Scorn": 642, "Rakshasa's Bargain": 1560, "Rewind": 1641, "Unwind": 2209, "Awaken the Honored Dead_SB": 120, "Deathmark_SB": 473, "Gaze of Granite_SB": 787, "Lutri, the Spellchaser_SB": 1222, "Shadows' Verdict_SB": 1772, "Specter's Shriek_SB": 1896, "Thrun, Breaker of Silence_SB": 2102, "Abrade": 3, "Collected Company_SB": 374, "Elspeth, Storm Slayer_SB": 611, "Herald of Eternal Dawn_SB": 915, "Sixth Sense": 1833, "Hammerhand": 882, "Aqueous Form": 72, "Cartouche of Solidarity": 282, "Yathan Roadwatcher": 2356, "Selfless Savior": 1755, "Legion Angel": 1147, "Wojek Investigator": 2337, "Legion Angel_SB": 1148, "Severance Priest": 1768, "Jeskai Revelation": 1032, "Ray of Frost_SB": 1578, "Fiery Annihilation_SB": 719, "Dragonlord Silumgar": 551, "Painful Truths": 1463, "Search for Azcanta": 1740, "Supreme Will": 1976, "Contraband Kingpin_SB": 406, "Deafening Silence": 470, "Hardened Scales": 885, "Bontu's Last Reckoning_SB": 218, "Village Rites": 2248, "Stormchaser's Talent_SB": 1938, "Greedy Freebooter": 859, "Shambling Ghast": 1776, "Hangarback Walker": 883, "Marketback Walker": 1254, "Diabolic Intent": 519, "Scrapwork Mutt": 1729, "Gleaming Barrier": 819, "Liliana's Standard Bearer": 1183, "The Sibsig Ceremony": 2071, "Callous Bloodmage_SB": 268, "Friendly Teddy": 768, "Experiment One": 659, "Kitesail Freebooter_SB": 1091, "Muerra, Trash Tactician": 1329, "Cut // Ribbons": 446, "Dusk Legion Zealot": 584, "Markov Baron": 1255, "Patchwork Banner": 1473, "Bedevil_SB": 157, "Champion of Dusk_SB": 330, "Deadly Dispute_SB": 467, "Soul Transfer_SB": 1884, "Devilish Valet": 515, "Runaway Steam-Kin": 1686, "Grinning Ignus": 862, "Hazoret's Monument": 897, "Light Up the Night": 1169, "Cemetery Prowler_SB": 322, "Nissa, Steward of Elements_SB": 1378, "Kishla Village": 1090, "Robber of the Rich_SB": 1665, "Crash Through": 422, "Ugin, Eye of the Storms": 2176, "Spring-Loaded Sawblades": 1917, "Shiko, Paragon of the Way": 1798, "Shadows' Verdict": 1771, "The Book of Exalted Deeds_SB": 2049, "Sokenzan, Crucible of Defiance_SB": 1873, "Silent Hallcreeper": 1816, "Ashiok, Nightmare Weaver_SB": 98, "Evolved Sleeper": 653, "Tenacious Underdog_SB": 2030, "Rediscover the Way": 1599, "Balmor, Battlemage Captain": 132, "Wizard's Retort_SB": 2335, "Shapers' Sanctuary": 1778, "Clever Lumimancer": 365, "Niv-Mizzet, Parun": 1382, "Sweltering Suns": 1986, "Marang River Regent_SB": 1243, "Omnath, Locus of the Roil": 1427, "Giant Growth": 803, "Heritage Reclamation_SB": 919, "Brimaz, King of Oreskos": 243, "Intimidation Tactics": 990, "Liliana, Dreadhorde General_SB": 1185, "Katilda, Dawnhart Martyr_SB": 1059, "Fountainport Bell": 762, "Gonti, Lord of Luxury_SB": 847, "Spirit-Sister's Call": 1911, "Bandit's Talent_SB": 134, "Frontline Rush": 769, "Mortify_SB": 1321, "Treasure Cruise_SB": 2148, "Drake Hatcher": 553, "Canyon Slough": 275, "Captain Lannery Storm": 276, "Charming Scoundrel": 347, "Goldhound": 843, "Goldspan Dragon": 844, "Kalain, Reclusive Painter": 1047, "Marionette Master": 1253, "Reckless Fireweaver": 1587, "Sticky Fingers": 1930, "Treasure Vault": 2150, "Vraska's Contempt": 2283, "Karn, Scion of Urza_SB": 1056, "Moment of Craving_SB": 1306, "Ratchet Bomb_SB": 1571, "Unlicensed Disintegration_SB": 2200, "Eshki Dragonclaw": 644, "Herd Heirloom": 917, "The Huntsman's Redemption": 2057, "Amonkhet Raceway": 46, "Shore Up": 1805, "Shore Up_SB": 1806, "Illness in the Ranks_SB": 963, "Phyrexian Arena_SB": 1490, "Abbot of Keral Keep": 0, "Anax, Hardened in the Forge": 48, "Incendiary Flow": 969, "Invigorated Rampage": 1004, "Rimrock Knight": 1646, "Dire Fleet Daredevil_SB": 523, "Flame-Blessed Bolt_SB": 732, "Sword of Once and Future_SB": 1992, "Magebane Lizard": 1231, "Virulent Plague_SB": 2258, "Arboreal Grazer_SB": 76, "Sunset Revelry": 1969, "Unexpected Windfall": 2193, "Herald of Eternal Dawn": 914, "Skrelv's Hive": 1836, "Vaultborn Tyrant_SB": 2238, "Defabricate_SB": 487, "Collector's Cage_SB": 379, "Plargg, Dean of Chaos": 1505, "Dire Tactics": 524, "Order of Midnight": 1436, "Doom Whisperer_SB": 541, "Virtue of Courage": 2252, "Ball Lightning": 131, "Scytheclaw Raptor_SB": 1732, "Cathartic Reunion": 304, "Ancient Imperiosaur": 51, "Gastal Thrillroller_SB": 784, "Invasion of Ergamon": 997, "Duelist of the Mind": 580, "Portent of Calamity": 1520, "Extraordinary Journey": 671, "Concerted Defense_SB": 395, "Rapid Hybridization_SB": 1570, "Hooting Mandrills": 940, "Jin-Gitaxias, Progress Tyrant_SB": 1034, "Smuggler's Surprise_SB": 1862, "Toxrill, the Corrosive_SB": 2136, "Ureni, the Song Unending": 2217, "Hushbringer_SB": 955, "Awaken the Honored Dead": 119, "Ghostly Dancers": 800, "Heliod, the Radiant Dawn_SB": 910, "Obscura Storefront": 1411, "Disfigure_SB": 527, "Blue Sun's Twilight": 207, "Conduit Pylons": 396, "Ipnu Rivulet": 1007, "Outcaster Greenblade": 1445, "Voltage Surge": 2277, "Fae of Wishes_SB": 682, "Koth, Fire of Resistance_SB": 1115, "Drake Hatcher_SB": 554, "Gurmag Nightwatch": 872, "Ashen Rider": 92, "Baleful Mastery": 130, "Agonizing Remorse_SB": 32, "Repel the Abominable": 1618, "Repel the Abominable_SB": 1619, "Slaughter Singer": 1851, "Venerated Rotpriest": 2242, "The Seedcore": 2070, "Crawling Chorus": 425, "Annex Sentry": 58, "Bloated Contaminator": 191, "Jawbone Duelist": 1027, "Overprotect": 1458, "Phyrexian Censor_SB": 1492, "Tyvar's Stand_SB": 2172, "Annex Sentry_SB": 59, "Melira, the Living Cure_SB": 1268, "Vineglimmer Snarl": 2249, "Port Town": 1513, "Mystic Reflection": 1340, "Emergence Zone": 618, "Augmenter Pugilist": 109, "Augur of Autumn": 110, "Simic Charm": 1824, "Fortified Village": 757, "Biovisionary": 168, "Repudiate // Replicate_SB": 1620, "Chord of Calling_SB": 349, "Baird, Steward of Argive_SB": 128, "Glorybringer": 829, "Mizzium Mortars": 1299, "Cartouche of Zeal": 283, "Skylasher_SB": 1845, "Not on My Watch": 1390, "Scattered Thoughts": 1712, "Nature's Rhythm": 1354, "Dryad's Revival": 579, "Mabel, Heir to Cragflame_SB": 1225, "Wear Down_SB": 2302, "Slagstorm_SB": 1848, "Niv-Mizzet, Visionary_SB": 1385, "Dispel_SB": 528, "Despark_SB": 504, "Dennick, Pious Apprentice": 496, "Dark Petition_SB": 452, "Hornet Queen": 945, "Ojer Taq, Deepest Foundation": 1417, "Pyroclasm": 1540, "Lord Skitter, Sewer King": 1209, "Tomik, Distinguished Advokist_SB": 2125, "Hearth Elemental": 903, "Sanguine Evangelist_SB": 1704, "Aetherflux Reservoir": 22, "Consuming Fervor": 402, "Mountain_SB": 1325, "Smoldering Egg": 1858, "Kaervek, the Spiteful_SB": 1040, "Inscribed Tablet": 980, "Scourge of the Skyclaves": 1723, "Warlock Class": 2290, "Lich-Knights' Conquest": 1165, "Silent Gravestone_SB": 1815, "Ulcerate_SB": 2179, "Ovalchase Daredevil": 1448, "Can't Stay Away_SB": 273}}