{"vocabulary": {"Blackcleave Cliffs": 189, "Blightstep Pathway": 201, "Blood Crypt": 206, "Callous Sell-Sword": 279, "Claim // Fame": 368, "Den of the Bugbear": 518, "Emberheart Challenger": 649, "Fatal Push": 730, "Heartfire Hero": 932, "Infuriate": 1011, "Kumano Faces Kakkazan": 1155, "Manifold Mouse": 1280, "Monastery Swiftspear": 1353, "Monstrous Rage": 1355, "Mountain": 1366, "Ramunap Ruins": 1611, "Reckless Rage": 1633, "Screaming Nemesis": 1783, "Sokenzan, Crucible of Defiance": 1930, "Sulfurous Springs": 2022, "Claim // Fame_SB": 369, "Claim the Firstborn_SB": 371, "Fatal Push_SB": 731, "Feed the Swarm_SB": 745, "Hazoret the Fervent_SB": 927, "Thoughtseize_SB": 2158, "Urabrask's Forge_SB": 2284, "Atraxa, Grand Unifier": 121, "Breeding Pool": 249, "Cavern of Souls": 325, "Enigmatic Incarnation": 669, "Floodfarm Verge": 774, "Gloomlake Verge": 859, "Godless Shrine": 872, "Hushwood Verge": 992, "Indatha Triome": 1009, "Kutzil's Flanker": 1160, "Leyline Binding": 1188, "Linvala, the Preserver": 1228, "Nowhere to Run": 1434, "Overgrown Tomb": 1493, "Overlord of the Boilerbilges": 1496, "Overlord of the Floodpits": 1497, "Overlord of the Hauntwoods": 1498, "Overlord of the Mistmoors": 1499, "Plains": 1543, "Skyclave Apparition": 1897, "Spara's Headquarters": 1953, "Swamp": 2051, "Up the Beanstalk": 2282, "Vanishing Verse": 2310, "Zagoth Triome": 2444, "Zur, Eternal Schemer": 2455, "Archon of Emeria_SB": 102, "Elesh Norn, Mother of Machines_SB": 635, "Elspeth's Smite_SB": 641, "Knockout Blow_SB": 1137, "Rest in Peace_SB": 1669, "Thought Distortion_SB": 2154, "Yorion, Sky Nomad_SB": 2437, "Adeline, Resplendent Cathar": 36, "Brave the Elements": 244, "Brutal Cathar": 259, "Castle Ardenvale": 305, "Coppercoat Vanguard": 424, "Dauntless Bodyguard": 477, "Declaration in Stone": 500, "Eiganjo, Seat of the Empire": 623, "Extraction Specialist": 707, "Hopeful Initiate": 973, "Mutavault": 1379, "Recruitment Officer": 1641, "Thalia's Lieutenant": 2104, "Thalia, Guardian of Thraben": 2105, "Brutal Cathar_SB": 260, "Containment Priest_SB": 422, "Destroy Evil_SB": 531, "Extraction Specialist_SB": 708, "Portable Hole_SB": 1556, "Wedding Announcement_SB": 2384, "Blade of the Oni": 192, "Blazemire Verge": 197, "Bloodtithe Harvester": 214, "Duress": 609, "Fable of the Mirror-Breaker": 710, "Fear of Missing Out": 737, "Go for the Throat": 866, "Sheoldred, the Apocalypse": 1851, "Thoughtseize": 2157, "Torch the Tower": 2194, "Unholy Annex && Ritual Chamber": 2265, "Urborg, Tomb of Yawgmoth": 2286, "Withering Torment": 2409, "Anger of the Gods_SB": 73, "Anoint with Affliction_SB": 82, "Go Blank_SB": 864, "Hidetsugu Consumes All_SB": 957, "Invoke Despair_SB": 1041, "Torch the Tower_SB": 2195, "Unlicensed Hearse_SB": 2274, "Withering Torment_SB": 2410, "Ob Nixilis, the Adversary_SB": 1447, "Aloe Alchemist": 58, "Atarka's Command": 119, "Burning-Tree Emissary": 265, "Copperline Gorge": 425, "Cunning Coyote": 460, "Karplusan Forest": 1091, "Play with Fire": 1546, "Reckless Bushwhacker": 1629, "Stomping Ground": 1999, "Thornspire Verge": 2153, "Destructive Revelry_SB": 532, "Grafdigger's Cage_SB": 881, "Magebane Lizard_SB": 1271, "Redcap Melee_SB": 1643, "Rending Volley_SB": 1658, "Screaming Nemesis_SB": 1784, "Shapers' Sanctuary_SB": 1834, "Beanstalk Giant": 165, "Boseiju, Who Endures": 236, "Fabled Passage": 712, "Forest": 786, "Greater Tanuki": 889, "Herd Migration": 950, "Island": 1047, "Ketria Triome": 1118, "Quintorius Kand": 1591, "Raffine's Tower": 1596, "Release to the Wind": 1653, "Roaring Furnace && Steaming Sauna": 1703, "Sacred Foundry": 1743, "Spark Double": 1954, "Spinewoods Armadillo": 1966, "Steam Vents": 1988, "Trumpeting Carnosaur": 2226, "Bedeck // Bedazzle_SB": 167, "Boseiju, Who Endures_SB": 237, "Consign // Oblivion_SB": 417, "Dragonlord Dromoka_SB": 578, "Gyruda, Doom of Depths_SB": 906, "Keruga, the Macrosage_SB": 1115, "Swamp_SB": 2052, "Virtue of Persistence_SB": 2328, "Takenuma, Abandoned Mire": 2068, "Damping Sphere_SB": 467, "Extinction Event_SB": 705, "Reckoner Bankbuster_SB": 1637, "Ghitu Lavarunner": 828, "Light Up the Stage": 1204, "Skewer the Critics": 1890, "Slickshot Show-Off": 1910, "Soul-Scar Mage": 1946, "Spikefield Hazard": 1965, "Wizard's Lightning": 2413, "Roiling Vortex_SB": 1715, "Sunspine Lynx_SB": 2041, "Haunted Ridge": 921, "Kolaghan's Command": 1139, "Abrade_SB": 24, "Kolaghan's Command_SB": 1140, "Turn Inside Out": 2228, "Reckless Rage_SB": 1634, "End the Festivities_SB": 661, "Goblin Chainwhirler_SB": 869, "Kari Zev's Expertise_SB": 1088, "Rampaging Ferocidon_SB": 1609, "Razorkin Needlehead_SB": 1625, "Witchstalker Frenzy_SB": 2405, "Abrupt Decay": 25, "Bring to Light": 253, "Deafening Clarion": 488, "Hallowed Fountain": 909, "Jetmir's Garden": 1067, "Knight of Autumn": 1129, "Lightning Helix": 1210, "Maelstrom Pulse": 1265, "Nahiri, the Harbinger": 1386, "Niv-Mizzet Reborn": 1421, "Niv-Mizzet, Supreme": 1424, "Omnath, Locus of Creation": 1466, "Pillage the Bog": 1541, "Raugrin Triome": 1619, "Savai Triome": 1760, "Sunfall": 2031, "Sylvan Caryatid": 2061, "Valki, God of Lies": 2300, "Watery Grave": 2374, "Ziatora's Proving Ground": 2450, "Casualties of War_SB": 310, "Cleansing Nova_SB": 373, "Dovin's Veto_SB": 572, "Kambal, Consul of Allocation_SB": 1086, "Notion Thief_SB": 1432, "Unmoored Ego_SB": 2277, "Anoint with Affliction": 81, "The Meathook Massacre_SB": 2125, "Hive of the Eye Tyrant": 966, "Reckoner Bankbuster": 1636, "Unstoppable Slasher": 2278, "Duress_SB": 610, "Archon of Emeria": 101, "Aven Interrupter": 131, "Branchloft Pathway": 241, "Brushland": 258, "Collected Company": 388, "Elvish Mystic": 646, "Enduring Innocence": 665, "Llanowar Elves": 1235, "Razorverge Thicket": 1626, "Shefet Dunes": 1845, "Temple Garden": 2086, "Virtue of Loyalty": 2326, "Voice of Resurgence": 2337, "Werefox Bodyguard": 2388, "Anointed Peacekeeper_SB": 84, "Dromoka's Command_SB": 602, "Dusk // Dawn_SB": 611, "The Wandering Emperor_SB": 2140, "Werefox Bodyguard_SB": 2389, "Audacity": 123, "Calix, Guided by Fate": 275, "Jukai Naturalist": 1073, "Lair of the Hydra": 1163, "Restless Prairie": 1673, "Royal Treatment": 1724, "Seal from Existence": 1789, "Sheltered by Ghosts": 1847, "Spirited Companion": 1972, "Weaver of Harmony": 2380, "Authority of the Consuls_SB": 130, "Isolate_SB": 1048, "Overlord of the Mistmoors_SB": 1500, "Sheltered by Ghosts_SB": 1848, "Split Up_SB": 1974, "Battlefield Forge": 163, "Bitter Triumph": 187, "Concealed Courtyard": 409, "Elegant Parlor": 631, "Greasefang, Okiba Boss": 886, "Kroxa, Titan of Death's Hunger": 1153, "Overlord of the Balemurk": 1494, "Parhelion II": 1512, "Skysovereign, Consul Flagship": 1903, "Dark Betrayal_SB": 468, "Deafening Silence_SB": 491, "Vanishing Verse_SB": 2311, "Arclight Phoenix": 103, "Artist's Talent": 105, "Consider": 415, "Fiery Impulse": 756, "Galvanic Iteration": 813, "Into the Flood Maw": 1029, "Lightning Axe": 1208, "Opt": 1474, "Otawara, Soaring City": 1484, "Picklock Prankster": 1540, "Proft's Eidetic Memory": 1567, "Riverglide Pathway": 1699, "Shivan Reef": 1857, "Sleight of Hand": 1909, "Spell Pierce": 1958, "Spirebluff Canal": 1969, "Stormcarved Coast": 2003, "Temporal Trespass": 2092, "Treasure Cruise": 2215, "Annul_SB": 80, "Beacon Bolt_SB": 164, "Brazen Borrower_SB": 247, "Mystical Dispute_SB": 1384, "Negate_SB": 1401, "Prismari Command_SB": 1565, "Thassa's Oracle_SB": 2110, "Third Path Iconoclast_SB": 2149, "Blot Out_SB": 219, "Brazen Borrower": 246, "Hall of Storm Giants": 908, "Ledger Shredder": 1177, "Aether Gust_SB": 41, "Brotherhood's End_SB": 257, "Pyroclasm_SB": 1580, "Fortified Beachhead": 791, "Mockingbird": 1343, "Reflector Mage": 1646, "Seachrome Coast": 1788, "Get Lost_SB": 824, "Reflector Mage_SB": 1647, "Castle Vantress": 309, "Deserted Beach": 525, "Discontinuity": 546, "Dovin's Veto": 571, "Dream Trawler": 592, "Farewell": 728, "Hengegate Pathway": 945, "Impulse": 1006, "Irrigated Farmland": 1044, "Lotus Field": 1253, "March of Otherworldly Light": 1285, "Memory Deluge": 1312, "No More Lies": 1426, "Restless Anchorage": 1670, "Settle the Wreckage": 1820, "Strict Proctor": 2014, "Teferi, Hero of Dominaria": 2083, "The Wandering Emperor": 2139, "Thespian's Stage": 2146, "Chandra, Awakened Inferno_SB": 347, "Dream Trawler_SB": 593, "Farewell_SB": 729, "Narset, Parter of Veils_SB": 1392, "Surge of Righteousness_SB": 2046, "Invoke Despair": 1040, "Change the Equation_SB": 355, "Crackling Drake_SB": 435, "Disdainful Stroke_SB": 548, "Three Steps Ahead_SB": 2164, "Into the Flood Maw_SB": 1030, "Ruric Thar, the Unbowed_SB": 1737, "Adarkar Wastes": 35, "Enduring Curiosity": 663, "Invasion of Gobakhan": 1034, "Mausoleum Wanderer": 1304, "Rattlechains": 1615, "Spell Queller": 1960, "Supreme Phantom": 2042, "Kytheon, Hero of Akros": 1162, "Veteran Survivor": 2319, "Protect the Negotiators_SB": 1575, "Ancestral Anger": 67, "Titan's Strength": 2182, "Kellan, Daring Traveler": 1108, "Lion Sash": 1230, "Loran of the Third Path": 1244, "Liliana of the Veil_SB": 1218, "Elenda, Saint of Dusk": 632, "Mana Confluence": 1279, "Supreme Verdict": 2043, "Consign // Oblivion": 416, "Cavalier of Thorns": 323, "Invasion of Ixalan": 1036, "Kiora, Behemoth Beckoner": 1120, "Nykthos, Shrine to Nyx": 1441, "Oath of Nissa": 1445, "Old-Growth Troll": 1458, "Outcaster Trailblazer": 1488, "Storm the Festival": 2002, "Ulvenwald Oddity": 2249, "Wolfwillow Haven": 2417, "Cityscape Leveler_SB": 367, "Emrakul, the Promised End_SB": 657, "Pithing Needle_SB": 1542, "Setessan Petitioner_SB": 1818, "Tail Swipe_SB": 2066, "The Mightstone and Weakstone_SB": 2127, "Tranquil Frillback_SB": 2208, "Wicked Wolf_SB": 2393, "Beza, the Bounding Spring": 175, "Anointed Peacekeeper": 83, "Elite Spellbinder_SB": 638, "Castle Locthwain": 308, "Clearwater Pathway": 376, "Darkslick Shores": 475, "Fear of Isolation": 736, "Geier Reach Sanitarium": 820, "Hopeless Nightmare": 975, "Liliana of the Veil": 1217, "Stormchaser's Talent": 2005, "This Town Ain't Big Enough": 2151, "Tinybones Joins Up": 2174, "Undercity Sewers": 2257, "Waste Not": 2369, "Path of Peril_SB": 1518, "Spell Pierce_SB": 1959, "Prosperous Innkeeper": 1571, "Sanguine Evangelist": 1754, "Scavenging Ooze": 1770, "Skyknight Squire": 1901, "Reidane, God of the Worthy_SB": 1652, "Soul Partition_SB": 1941, "Built to Smash": 262, "Cacophony Scamp": 273, "Thud": 2168, "Wayward Guide-Beast": 2375, "Dreadmaw's Ire_SB": 591, "Obosh, the Preypiercer_SB": 1450, "Voldaren Thrillseeker_SB": 2349, "Boltwave": 222, "Burst Lightning": 267, "Chandra, Dressed to Kill": 348, "Shock": 1858, "Sunspine Lynx": 2040, "Wild Slash": 2395, "Chandra, Dressed to Kill_SB": 349, "Lithomantic Barrage_SB": 1232, "Unchained Berserker_SB": 2253, "Faerie Miscreant": 722, "Floodpits Drowner": 775, "Kaito, Bane of Nightmares": 1080, "Moon-Circuit Hacker": 1359, "Spyglass Siren": 1978, "Underground River": 2259, "Cut Down_SB": 466, "Heartless Act_SB": 935, "Case of the Gateway Express": 300, "Giant Killer": 835, "Gleeful Demolition": 853, "Imodane's Recruiter": 1003, "Inspiring Vantage": 1024, "Knight-Errant of Eos": 1135, "Needleverge Pathway": 1399, "Novice Inspector": 1433, "Resolute Reinforcements": 1666, "Thraben Inspector": 2160, "Venerated Loxodon": 2316, "Voldaren Epicure": 2347, "Warden of the Inner Sky": 2365, "Enduring Innocence_SB": 666, "Invasion of Gobakhan_SB": 1035, "Ancient Cornucopia": 69, "Hostage Taker": 981, "Unmoored Ego": 2276, "Xander's Lounge": 2425, "Deafening Clarion_SB": 489, "Knight of Autumn_SB": 1130, "The Stone Brain_SB": 2138, "Vivien Reid_SB": 2334, "Archfiend of the Dross": 97, "Archfiend of the Dross_SB": 98, "Bishop of Wings": 183, "Emeria's Call": 653, "Giada, Font of Hope": 833, "Kayla's Reconstruction": 1101, "Resplendent Angel": 1668, "Righteous Valkyrie": 1687, "The Book of Exalted Deeds": 2115, "Back to Nature_SB": 140, "Settle the Wreckage_SB": 1821, "Tocasia's Welcome_SB": 2187, "Blooming Marsh": 215, "Cauldron Familiar": 315, "Claim the Firstborn": 370, "Deadly Dispute": 486, "Fountainport": 797, "Legion Extruder": 1181, "Mayhem Devil": 1306, "Scavenger's Talent": 1768, "Witch's Oven": 2403, "Ygra, Eater of All": 2434, "Case of the Crimson Pulse_SB": 299, "Leyline of the Void_SB": 1197, "Defiant Strike": 508, "Dreadhorde Arcanist": 588, "Gods Willing": 873, "Inti, Seneschal of the Sun": 1026, "Leyline of Resonance": 1193, "Renegade Tactics": 1659, "Knight of Grace_SB": 1133, "Wear // Tear_SB": 2377, "Wedding Announcement": 2383, "Brave the Elements_SB": 245, "Faerie Mastermind": 721, "Inscription of Ruin": 1019, "Jace Reawakened": 1052, "Sheoldred's Edict": 1849, "Shipwreck Marsh": 1856, "Tinybones, the Pickpocket": 2175, "Monstrous Emergence_SB": 1354, "Chained to the Rocks": 338, "Deadly Cover-Up": 484, "Elesh Norn, Mother of Machines": 634, "Escape to the Wilds": 678, "Selfless Glyphweaver": 1806, "Slaughter Games": 1906, "Lavinia, Azorius Renegade_SB": 1172, "Cling to Dust_SB": 382, "Go for the Throat_SB": 867, "Portable Hole": 1555, "Callous Sell-Sword_SB": 280, "Molten Collapse_SB": 1347, "Chandra's Defeat_SB": 345, "Syr Ginger, the Meal Ender_SB": 2065, "Bushwhack": 269, "Cragcrown Pathway": 436, "Innkeeper's Talent": 1014, "Questing Druid": 1586, "Snakeskin Veil": 1920, "Pick Your Poison_SB": 1539, "Case of the Uneaten Feast": 303, "Get Lost": 823, "Lunarch Veteran": 1258, "Trelasarra, Moon Dancer": 2220, "Voice of the Blessed": 2341, "Aven Interrupter_SB": 132, "Guardian of Faith_SB": 900, "High Noon_SB": 961, "Evangel of Synthesis": 689, "Kiora, the Rising Tide": 1121, "Raffine, Scheming Seer": 1597, "Shattered Sanctum": 1841, "Elenda, Saint of Dusk_SB": 633, "Temporary Lockdown_SB": 2094, "Expedition Map": 694, "Leyline of the Guildpact": 1196, "Arasta of the Endless Web_SB": 91, "Keen-Eyed Curator_SB": 1106, "Scrapshooter_SB": 1781, "Abhorrent Oculus": 21, "Day's Undoing": 482, "Heartless Act": 934, "Narset, Parter of Veils": 1391, "Quicken": 1589, "Cry of the Carnarium_SB": 449, "Day's Undoing_SB": 483, "Glistening Deluge_SB": 858, "Long Goodbye_SB": 1241, "Overlord of the Balemurk_SB": 1495, "Unholy Annex && Ritual Chamber_SB": 2266, "Demonic Counsel": 517, "Indomitable Creativity": 1010, "Prismari Command": 1564, "Stern Lesson": 1993, "Thundering Falls": 2171, "Valgavoth, Terror Eater": 2298, "Zombify": 2453, "Hullbreaker Horror_SB": 988, "Sire of Insanity_SB": 1886, "Rockface Village": 1710, "Ray of Enfeeblement_SB": 1621, "Bloodletter of Aclazotz": 211, "Soulstone Sanctuary": 1952, "Come Back Wrong_SB": 402, "Dreams of Steel and Oil_SB": 597, "The End_SB": 2119, "Pawpatch Formation_SB": 1520, "Demolition Field": 513, "Elspeth's Smite": 640, "Field of Ruin": 752, "Jwari Disruption": 1074, "Omen of the Sea": 1463, "Shark Typhoon": 1837, "Temporary Lockdown": 2093, "Three Steps Ahead": 2163, "Kutzil's Flanker_SB": 1161, "Narset's Reversal_SB": 1390, "Summary Dismissal_SB": 2023, "Supreme Verdict_SB": 2044, "Caretaker's Talent": 289, "Carrot Cake": 292, "High Noon": 960, "Sundown Pass": 2030, "Sunken Citadel": 2033, "Westvale Abbey": 2391, "Imodane's Recruiter_SB": 1004, "Thought-Knot Seer_SB": 2156, "Divine Smite_SB": 559, "Day of Judgment_SB": 481, "Krenko's Buzzcrusher": 1149, "Siphon Insight_SB": 1885, "Boros Charm": 233, "Lightning Helix_SB": 1211, "Deflecting Palm_SB": 509, "Deduce": 502, "Meticulous Archive": 1325, "Change the Equation": 354, "Commit // Memory": 405, "Shark Typhoon_SB": 1838, "Beza, the Bounding Spring_SB": 176, "Kaheera, the Orphanguard_SB": 1077, "Haywire Mite_SB": 924, "Sheoldred's Edict_SB": 1850, "Negate": 1400, "Transmogrify": 2209, "Make Disappear": 1275, "Flip the Switch": 773, "Mirrex": 1332, "Volcanic Spite": 2345, "Valgavoth, Terror Eater_SB": 2299, "Unable to Scream_SB": 2252, "Fiery Impulse_SB": 757, "Portal to Phyrexia_SB": 1559, "Chrome Host Seedshark_SB": 363, "Glorious Protector_SB": 860, "Hallowed Moonlight_SB": 911, "Blood Baron of Vizkopa": 204, "Blood Baron of Vizkopa_SB": 205, "Culling Ritual_SB": 458, "Ral, Crackling Wit_SB": 1605, "Ashiok, Dream Render_SB": 108, "Cityscape Leveler": 366, "Ulamog, the Ceaseless Hunger_SB": 2246, "Outland Liberator_SB": 1489, "Thalia, Heretic Cathar": 2107, "The Wandering Rescuer_SB": 2143, "Niambi, Esteemed Speaker_SB": 1404, "Unholy Annex // Ritual Chamber": 2267, "Shacklegeist": 1823, "Slip Out the Back": 1912, "Voice of Resurgence_SB": 2338, "Elite Spellbinder": 637, "Gideon, Ally of Zendikar_SB": 838, "Young Pyromancer_SB": 2438, "Archdruid's Charm": 96, "Voracious Hydra_SB": 2353, "Ornithopter": 1479, "Satoru, the Infiltrator": 1757, "Kaito, Cunning Infiltrator": 1082, "Kaito Shizuki": 1078, "Dokuchi Silencer_SB": 562, "Sheoldred, the Apocalypse_SB": 1852, "Eldrazi Displacer": 628, "Skyclave Apparition_SB": 1898, "Graveyard Trespasser": 884, "Drown in the Loch": 603, "Thieves' Guild Enforcer": 2147, "Soaring Thought-Thief": 1929, "Into the Story": 1031, "Restless Reef": 1674, "Kalitas, Traitor of Ghet_SB": 1085, "Test of Talents_SB": 2101, "Ascendant Spirit": 106, "Plumecreed Escort": 1549, "Curious Obsession": 462, "Spectral Sailor": 1957, "Geistlight Snare": 821, "Faceless Haven": 714, "Snow-Covered Island": 1924, "Lofty Denial_SB": 1239, "Icon of Ancestry_SB": 995, "Fading Hope_SB": 717, "Witness Protection_SB": 2412, "Exquisite Firecraft_SB": 702, "Skullcrack_SB": 1896, "Snow-Covered Plains": 1926, "Proft's Eidetic Memory_SB": 1568, "Warping Wail_SB": 2368, "Elspeth, Sun's Champion_SB": 644, "Heliod's Intervention_SB": 939, "Thing in the Ice_SB": 2148, "Detention Sphere_SB": 534, "Enduring Curiosity_SB": 664, "Jace, Wielder of Mysteries_SB": 1057, "Augur of Bolas": 127, "Barkchannel Pathway": 154, "Botanical Sanctum": 238, "Essence Flux": 684, "Fading Hope": 716, "Fallaji Archaeologist": 724, "Neoform": 1402, "Satyr Wayfinder": 1758, "Stubborn Denial": 2018, "Thundertrap Trainer": 2172, "Traverse the Ulvenwald": 2212, "Tyvar's Stand": 2237, "Ghost Vacuum_SB": 830, "Mazemind Tome_SB": 1308, "Natural State_SB": 1394, "Tamiyo's Safekeeping_SB": 2073, "Feed the Swarm": 744, "Brightclimb Pathway": 250, "Kaervek, the Punisher": 1075, "Ossification": 1481, "Shadowy Backstreet": 1829, "Zoraline, Cosmos Caller": 2454, "Fracture_SB": 799, "Adanto Vanguard": 33, "Apostle of Purifying Light": 86, "Clifftop Retreat": 380, "Colossus Hammer": 400, "Fervent Champion": 749, "Glass Casket": 848, "Kellan, the Fae-Blooded": 1110, "Leyline Axe": 1187, "Shadowspear": 1827, "Sigarda's Aid": 1868, "Swiftfoot Boots": 2056, "Thran Power Suit": 2161, "Leyline of Sanctity_SB": 1194, "Blossoming Defense": 216, "Cindervines_SB": 364, "Questing Druid_SB": 1587, "Abyssal Harvester": 29, "Scavenger Grounds": 1766, "Bonecrusher Giant": 227, "Caustic Bronco_SB": 317, "Graveyard Trespasser_SB": 885, "Lush Portico": 1259, "Virtue of Persistence": 2327, "Roaring Furnace && Steaming Sauna_SB": 1704, "Aftermath Analyst": 45, "Annie Joins Up": 79, "Brokers Hideout": 255, "Cabaretti Courtyard": 271, "Emrakul, the Promised End": 656, "Fecund Greenshell": 741, "Kenrith, the Returned King": 1113, "Lotus Cobra": 1252, "Lumra, Bellow of the Woods": 1257, "Nissa, Resurgent Animist": 1417, "Port of Karfell": 1554, "Riveteers Overlook": 1701, "Soul Partition": 1940, "Spelunking": 1961, "The World Tree": 2145, "Titan of Industry": 2180, "Zacama, Primal Calamity": 2441, "Doppelgang_SB": 570, "Titania, Voice of Gaea_SB": 2183, "Angel of Serenity": 71, "Tyvar, the Pummeler": 2240, "Grand Abolisher_SB": 882, "The Meathook Massacre": 2124, "Treacherous Blessing_SB": 2214, "Kroxa, Titan of Death's Hunger_SB": 1154, "Battle Cry Goblin": 160, "Conspicuous Snoop": 418, "Fireblade Charger": 763, "Foundry Street Denizen": 796, "Legion Loyalist": 1184, "Rundvelt Hordemaster": 1731, "Searslicer Goblin": 1795, "Skirk Prospector": 1891, "Spinner of Souls": 1967, "Klothys, God of Destiny_SB": 1128, "Masked Vandal_SB": 1299, "Umori, the Collector_SB": 2250, "Torpor Orb_SB": 2198, "Blast Zone": 195, "Glass Casket_SB": 849, "Strict Proctor_SB": 2015, "Eidolon of the Great Revel": 621, "Hired Claw": 964, "Lightning Strike": 1212, "Ojer Axonil, Deepest Might": 1456, "Leyline of Combustion_SB": 1191, "Scorching Shot_SB": 1774, "Light Up the Stage_SB": 1205, "Tithing Blade": 2184, "Llanowar Wastes": 1237, "Bitter Triumph_SB": 188, "Grasp of Darkness_SB": 883, "Agatha's Soul Cauldron": 48, "Darkbore Pathway": 474, "Forsaken Miner": 789, "Insidious Roots": 1022, "Necrotic Wound": 1397, "Priest of Forgotten Gods": 1563, "Rubblebelt Maverick": 1726, "Scrapheap Scrounger": 1779, "Souls of the Lost": 1950, "Stitcher's Supplier": 1996, "Tyvar, Jubilant Brawler": 2239, "Necrotic Wound_SB": 1398, "March of Swirling Mist_SB": 1288, "Ruric Thar, the Unbowed": 1736, "Horned Loch-Whale_SB": 978, "Squirming Emergence": 1979, "Souls of the Lost_SB": 1951, "Callous Bloodmage": 277, "Sunfall_SB": 2032, "Glasspool Mimic": 850, "Sunpetal Grove": 2036, "Dromoka's Command": 601, "Kappa Tech-Wrecker": 1087, "Eldrazi Displacer_SB": 629, "Confounding Riddle": 414, "Experimental Augury": 697, "Fleeting Spirit": 771, "Get Out": 825, "Lore Drakkis": 1249, "Open the Omenpaths": 1472, "Saiba Cryptomancer": 1747, "Sea-Dasher Octopus": 1787, "Vadrok, Apex of Thunder": 2293, "Bala Ged Recovery": 142, "Hedge Maze": 936, "Otherworldly Gaze": 1485, "Sentinel of the Nameless City": 1811, "Yavimaya Coast": 2433, "Dark Petition": 471, "Emergent Ultimatum": 651, "Fae of Wishes": 718, "Hidden Strings": 955, "Lier, Disciple of the Drowned": 1200, "Omniscience": 1469, "Pore Over the Pages": 1552, "Scattered Groves": 1764, "Sylvan Scrying": 2063, "Vizier of Tumbling Sands": 2335, "Approach of the Second Sun_SB": 88, "Emergent Ultimatum_SB": 652, "Nine Lives_SB": 1411, "Silence_SB": 1870, "Voyaging Satyr_SB": 2356, "Zacama, Primal Calamity_SB": 2442, "Hallowed Moonlight": 910, "Drowned Catacomb": 604, "Woodland Cemetery": 2418, "Barrier Breach_SB": 156, "Weathered Runestone_SB": 2379, "Candy Trail": 285, "Cling to Dust": 381, "Crucible of Worlds": 444, "Extinction Event": 704, "March of Wretched Sorrow": 1289, "Mazemind Tome": 1307, "Plains_SB": 1544, "Fetid Pools": 751, "Silvergill Adept": 1878, "Triton Shorestalker": 2224, "Vodalian Hexcatcher": 2336, "Tishana's Tidebinder_SB": 2179, "Scorching Shot": 1773, "Smuggler's Copter": 1916, "Welcoming Vampire": 2386, "Destiny Spinner": 528, "Izoni, Center of the Web": 1050, "Moon-Blessed Cleric": 1358, "Noxious Gearhulk": 1436, "Yorion, Sky Nomad": 2436, "Cavern of Souls_SB": 326, "Destiny Spinner_SB": 529, "Glarb, Calamity's Augur_SB": 847, "Sin Collector_SB": 1882, "Cache Grab": 272, "Cult Conscript": 459, "Deathrite Shaman": 495, "Haywire Mite": 923, "Slickshot Show-Off_SB": 1911, "Culling Ritual": 457, "Split Up": 1973, "Obstinate Baloth_SB": 1452, "Might of the Meek": 1327, "Mukotai Ambusher_SB": 1373, "Grisly Salvage": 894, "Oracle of Tragedy": 1477, "Samut, Voice of Dissent": 1751, "Sire of Seven Deaths": 1887, "Soulflayer": 1948, "Striped Riverwinder": 2016, "Urborg Scavengers": 2285, "Zetalpa, Primal Dawn": 2449, "Collective Brutality_SB": 391, "Cast Out": 304, "Day of Judgment": 480, "Lay Down Arms": 1173, "Blast Zone_SB": 196, "Cleansing Wildfire_SB": 375, "Vanish into Eternity_SB": 2309, "Mutavault_SB": 1380, "Clever Impersonator": 377, "Gyruda, Doom of Depths": 905, "Bandit's Talent": 146, "Tribute to Horobi": 2222, "Void Winnower_SB": 2344, "Hunter's Talent_SB": 990, "Dig Through Time": 541, "Phantom Interference": 1530, "Vaultborn Tyrant": 2312, "Eidolon of Rhetoric_SB": 620, "Remorseful Cleric_SB": 1657, "Selfless Spirit_SB": 1810, "Zirda, the Dawnwaker_SB": 2451, "Hunter's Talent": 989, "Polukranos Reborn": 1550, "Rhonas the Indomitable": 1684, "Vengeful Possession": 2318, "Hidetsugu's Second Rite_SB": 959, "Legion's Landing": 1186, "Nurturing Pixie": 1440, "Oath of Kaya": 1444, "Optimistic Scavenger": 1475, "Syr Ginger, the Meal Ender": 2064, "Lifebane Zombie_SB": 1202, "Collective Brutality": 390, "Trial of Ambition": 2221, "Kaito, Bane of Nightmares_SB": 1081, "Bond of Insight": 225, "Valakut Awakening": 2294, "Niv-Mizzet, Parun_SB": 1423, "Pawpatch Recruit": 1521, "Censor": 336, "Ertai Resurrected": 676, "Torrential Gearhulk": 2199, "Get Out_SB": 826, "Jace, Vryn's Prodigy_SB": 1056, "Deadly Cover-Up_SB": 485, "Pia Nalaar, Consul of Revival": 1538, "Reckless Impulse": 1631, "Showdown of the Skalds": 1863, "Wrenn's Resolve": 2424, "Showdown of the Skalds_SB": 1864, "Declaration in Stone_SB": 501, "Yasharn, Implacable Earth_SB": 2431, "Preacher of the Schism_SB": 1562, "Twisted Fealty_SB": 2234, "Cut Down": 465, "Extract the Truth_SB": 706, "Malcolm, Alluring Scoundrel": 1278, "Thirst for Meaning": 2150, "Entity Tracker_SB": 673, "Sunset Revelry_SB": 2039, "Bassara Tower Archer": 159, "Cloudsteel Kirin": 386, "Gladecover Scout": 846, "Lizard Blades": 1234, "Chained to the Rocks_SB": 339, "Trostani, Three Whispers": 2225, "Containment Priest": 421, "Fateful Absence_SB": 732, "Youthful Valkyrie": 2439, "Crystal Barricade_SB": 455, "Bloodsoaked Champion": 212, "Osteomancer Adept": 1483, "Snarling Gorehound": 1922, "Underground Mortuary": 2258, "Knight of Dusk's Shadow_SB": 1131, "Voldaren Thrillseeker": 2348, "Tree of Perdition": 2219, "Raucous Theater": 1618, "Molten Collapse": 1346, "Viashino Pyromancer": 2320, "Searing Blood": 1793, "Chandra, Torch of Defiance_SB": 353, "Bomat Courier_SB": 224, "Bonecrusher Giant_SB": 228, "Magma Spray_SB": 1273, "Searing Blood_SB": 1794, "Lightning Strike_SB": 1213, "Aven Mindcensor_SB": 133, "Aclazotz, Deepest Betrayal_SB": 32, "Absorb": 27, "Glacial Fortress": 845, "Camellia, the Seedmiser": 281, "Deathcap Glade": 492, "Gilded Goose": 841, "Trail of Crumbs": 2204, "Vinereap Mentor": 2323, "Vraska, Golgari Queen": 2359, "Abrupt Decay_SB": 26, "Assassin's Trophy_SB": 116, "Fugitive Codebreaker_SB": 809, "Hollow One": 968, "Restless Vents": 1676, "Fiery Temper": 758, "Stalactite Stalker": 1983, "Harvester of Misery_SB": 919, "Hostile Investigator_SB": 984, "Lamplight Phoenix_SB": 1164, "Treacherous Blessing": 2213, "Biting-Palm Ninja": 184, "Dokuchi Silencer": 561, "Silver-Fur Master": 1875, "Thousand-Faced Shadow": 2159, "Kaito Shizuki_SB": 1079, "Case of the Stashed Skeleton": 302, "Rakdos Joins Up": 1600, "Massacre Wurm_SB": 1302, "Skysovereign, Consul Flagship_SB": 1904, "Helping Hand": 944, "Thalia, Guardian of Thraben_SB": 2106, "Pawpatch Recruit_SB": 1522, "Assimilation Aegis": 117, "Brass Knuckles": 242, "Fabrication Foundry": 713, "Ingenious Smith": 1013, "Inventors' Fair": 1038, "Metalwork Colossus": 1323, "Moonsnare Prototype": 1361, "Sanctum of Ugin": 1752, "Simulacrum Synthesizer": 1881, "The Irencrag": 2123, "Metallic Rebuke_SB": 1322, "Mystic Forge_SB": 1381, "Colossal Skyturtle_SB": 398, "Takenuma, Abandoned Mire_SB": 2069, "Demilich": 511, "Stern Dismissal": 1991, "Magda, Brazen Outlaw": 1269, "Holy Cow": 969, "Lyra Dawnbringer_SB": 1261, "Enduring Vitality": 668, "Soul Transfer": 1942, "Horned Loch-Whale": 977, "Sphinx's Revelation": 1963, "Tale's End": 2070, "Urza's Sylex_SB": 2292, "Cryptic Coat": 452, "Darksteel Citadel": 476, "Ensoul Artifact": 670, "Shrapnel Blast": 1865, "Burst Lightning_SB": 268, "Shadowspear_SB": 1828, "Voltage Surge_SB": 2352, "Entity Tracker": 672, "Omen of the Dead": 1461, "Kayla's Reconstruction_SB": 1102, "Sentinel of the Nameless City_SB": 1812, "Welcoming Vampire_SB": 2387, "Snow-Covered Forest": 1923, "Prosperous Thief": 1573, "Rottenmouth Viper": 1720, "Misery's Shadow_SB": 1336, "Rottenmouth Viper_SB": 1721, "Roaring Furnace // Steaming Sauna_SB": 1706, "Fiend Artisan": 754, "Werewolf Pack Leader": 2390, "Prowling Serpopard_SB": 1576, "Cathartic Pyre": 313, "Silundi Vision": 1874, "Wish": 2402, "Filter Out_SB": 760, "Lier, Disciple of the Drowned_SB": 1201, "Kazandu Mammoth": 1103, "Sharp-Eyed Rookie": 1839, "Genesis Wave": 822, "Hostile Hostel": 982, "Ill-Timed Explosion": 997, "Magma Opus": 1272, "Sublime Epiphany": 2020, "Alpine Moon_SB": 60, "Ral, Izzet Viceroy_SB": 1606, "Ayara's Oathsworn": 137, "Loran of the Third Path_SB": 1245, "Atraxa, Grand Unifier_SB": 122, "Jace, Vryn's Prodigy": 1055, "Mission Briefing": 1338, "Sorin the Mirthless": 1937, "Vein Ripper": 2314, "Shardmage's Rescue": 1835, "Can't Stay Away": 283, "Eldritch Evolution": 630, "Esika's Chariot": 680, "Glissa Sunslayer": 856, "Raffine's Informant": 1595, "Witherbloom Command": 2407, "Kalitas, Traitor of Ghet": 1084, "Ledger Shredder_SB": 1178, "Dawnbringer Cleric_SB": 479, "Tranquil Frillback": 2207, "Council of the Absolute_SB": 431, "Spirit of the Labyrinth_SB": 1970, "Suncleanser_SB": 2027, "Arboreal Grazer": 92, "Languish_SB": 1166, "Sphinx of the Final Word_SB": 1962, "Snakeskin Veil_SB": 1921, "Adventurous Impulse": 39, "Monastery Mentor_SB": 1352, "Cathar Commando_SB": 312, "Destroy Evil": 530, "Serra Paragon_SB": 1816, "Arcane Proxy": 94, "Chrome Host Seedshark": 362, "Path of Peril": 1517, "See the Truth": 1801, "Nashi, Searcher in the Dark": 1393, "Wilt-Leaf Liege_SB": 2398, "Shambling Vent": 1832, "Ambitious Farmhand": 63, "Cascading Cataracts": 297, "Charming Prince": 359, "Golos, Tireless Pilgrim": 877, "Helpful Hunter": 943, "Serra Paragon": 1815, "Thalia's Lancers": 2103, "Touch the Spirit Realm": 2201, "Surge of Salvation": 2047, "Brass's Tunnel-Grinder": 243, "Goblin Instigator": 870, "Raise the Past": 1599, "Behold the Beyond": 169, "Nine Lives": 1410, "Temple of Mystery": 2091, "Augur of Autumn_SB": 126, "Lavabrink Venturer_SB": 1169, "Soulless Jailer_SB": 1949, "Gleaming Geardrake": 852, "Prosperous Thief_SB": 1574, "Faithful Mending": 723, "Recommission": 1639, "Tainted Indulgence": 2067, "Tome Scour": 2190, "Fragmentize_SB": 800, "Shatterskull Smashing_SB": 1844, "Barkhide Troll": 155, "Gather Courage": 817, "Keen-Eyed Curator": 1105, "Tribute to the World Tree": 2223, "Inscription of Abundance_SB": 1018, "Setessan Tactics_SB": 1819, "Fires of Invention": 764, "Tolsimir, Friend to Wolves": 2188, "Heliod, the Radiant Dawn": 941, "Cavalier of Dawn": 321, "Kotose, the Silent Spider": 1145, "Sulfur Falls": 2021, "Marina Vendrell": 1292, "Krenko's Buzzcrusher_SB": 1150, "Archon of Absolution_SB": 100, "Chandra, Torch of Defiance": 352, "Fanatic of Mogis": 725, "Leyline of Combustion": 1190, "Razorkin Needlehead": 1624, "Shatterskull Smashing": 1843, "Solphim, Mayhem Dominus": 1933, "Torbran, Thane of Red Fell": 2192, "Fable of the Mirror-Breaker_SB": 711, "Altanak, the Thrice-Called": 62, "Say Its Name": 1761, "Witherbloom Command_SB": 2408, "Thalia and The Gitrog Monster": 2102, "Cosmic Rebirth_SB": 430, "Dreadbore_SB": 587, "Nylea's Intervention_SB": 1442, "Unable to Scream": 2251, "Stubborn Denial_SB": 2019, "Deathmist Raptor": 494, "Oblivious Bookworm": 1449, "Cerulean Drake_SB": 337, "Kraul Harpooner_SB": 1147, "Prosperous Innkeeper_SB": 1572, "Blacksmith's Talent": 190, "Bladehold War-Whip": 193, "Chainsaw": 340, "Kemba, Kha Enduring": 1111, "Nahiri, Forged in Fury": 1385, "Sword of Forge and Frontier": 2058, "Rebel Salvo_SB": 1628, "Arid Archway": 104, "Bloodthirsty Conqueror": 213, "Dina, Soul Steeper": 543, "Dryad of the Ilysian Grove": 606, "Iridescent Vinelasher": 1043, "Jaddi Offshoot": 1060, "Mirrorpool": 1333, "Retreat to Hagra": 1680, "Scapeshift": 1762, "Bristly Bill, Spine Sower_SB": 254, "Deathrite Shaman_SB": 496, "Scavenging Ooze_SB": 1771, "Undergrowth Champion_SB": 2260, "Solemnity_SB": 1932, "Deputy of Detention": 522, "Tyvar, the Pummeler_SB": 2241, "March of Swirling Mist": 1287, "Floodpits Drowner_SB": 776, "Massacre Wurm": 1301, "Deputy of Detention_SB": 523, "Kenrith's Transformation_SB": 1112, "Valgavoth's Faithful": 2296, "Brotherhood's End": 256, "Galvanic Iteration_SB": 814, "Collector's Vault": 395, "Etali, Primal Conqueror": 686, "Seize the Spoils": 1803, "Worldspine Wurm_SB": 2422, "Xenagos, God of Revels_SB": 2427, "Light of Hope_SB": 1206, "Surge of Salvation_SB": 2048, "Soul-Guide Lantern_SB": 1945, "Zoetic Glyph": 2452, "Sweltering Suns_SB": 2055, "The Akroan War_SB": 2112, "Castle Embereth": 306, "Kellan, Planar Trailblazer": 1109, "Zurgo Bellstriker": 2456, "Zephyr Sentinel_SB": 2448, "Preacher of the Schism": 1561, "Experimental Frenzy_SB": 699, "Elder Gargaroth": 626, "Silverback Elder": 1876, "Silverback Elder_SB": 1877, "No More Lies_SB": 1427, "Celestial Armor": 331, "Citizen's Crowbar_SB": 365, "Lion Sash_SB": 1231, "Aclazotz, Deepest Betrayal": 31, "Go Blank": 863, "Gifted Aetherborn_SB": 840, "March of Wretched Sorrow_SB": 1290, "Dissection Tools": 554, "Perilous Snare": 1525, "Wedding Invitation": 2385, "Repurposing Bay_SB": 1664, "Mendicant Core, Guidelight": 1315, "Metallic Rebuke": 1321, "Voyager Glidecar": 2354, "Cryptic Coat_SB": 453, "Lavaspur Boots": 1170, "Patchwork Automaton": 1514, "Dawnbringer Cleric": 478, "Momentum Breaker_SB": 1350, "Greasewrench Goblin": 887, "Moonshaker Cavalry_SB": 1360, "Nahiri, the Harbinger_SB": 1387, "Agadeem's Awakening": 46, "Nighthawk Scavenger": 1407, "Zareth San, the Trickster": 2446, "Nighthawk Scavenger_SB": 1408, "Bard Class": 153, "Birgi, God of Storytelling": 181, "Crater's Claws": 439, "Domri, Anarch of Bolas": 563, "Gallia of the Endless Dance": 812, "Hajar, Loyal Bodyguard": 907, "Klothys, God of Destiny": 1127, "Migloz, Maze Crusher": 1328, "Mox Amber": 1368, "Samut, Vizier of Naktamun": 1750, "Targ Nar, Demon-Fang Gnoll": 2077, "Xenagos, the Reveler": 2428, "Banefire_SB": 149, "Tormod's Crypt_SB": 2197, "Zurgo Bellstriker_SB": 2457, "All That Glitters": 57, "Alpha Authority": 59, "Chaplain of Alms": 358, "Ethereal Armor": 688, "Gryff's Boon": 897, "Light-Paws, Emperor's Voice": 1207, "Rune of Might": 1732, "Sentinel's Eyes": 1813, "Toadstool Admirer": 2185, "Adanto Vanguard_SB": 34, "Grim Bauble": 891, "Momentum Breaker": 1349, "Oildeep Gearhulk_SB": 1455, "Sab-Sunen, Luxa Embodied": 1741, "Bolas's Citadel": 221, "Catacomb Sifter": 311, "Woe Strider": 2415, "Glissa Sunslayer_SB": 857, "Liliana, Heretical Healer_SB": 1222, "Status // Statue_SB": 1987, "Hare Apparent": 917, "Count on Luck_SB": 432, "Valor's Flagship": 2303, "Monument to Endurance_SB": 1357, "Shacklegeist_SB": 1824, "Archfiend's Vessel": 99, "Lively Dirge": 1233, "Merfolk Secretkeeper": 1318, "Brightglass Gearhulk": 251, "Dredger's Insight": 598, "Grim Bauble_SB": 892, "Witchstalker Frenzy": 2404, "Djeru's Renunciation": 560, "Drannith Healer": 583, "Drannith Stinger": 585, "Flourishing Fox": 778, "Footfall Crater": 784, "Go for Blood": 865, "Marauding Mako": 1283, "Monument to Endurance": 1356, "Sunbillow Verge": 2026, "Zenith Flare": 2447, "Flicker of Fate": 772, "Heroic Intervention_SB": 954, "Ketramose, the New Dawn_SB": 1117, "Behold the Multiverse": 170, "Mastermind's Acquisition": 1303, "Peer into the Abyss": 1524, "Behold the Multiverse_SB": 171, "Ossification_SB": 1482, "Tears of Valakut_SB": 2081, "Polukranos Reborn_SB": 1551, "Dreadhorde Arcanist_SB": 589, "Emry, Lurker of the Loch": 658, "Jeskai Ascendancy": 1065, "Mishra's Research Desk": 1337, "Restless Spire": 1675, "Retraction Helix": 1678, "Saheeli, Sublime Artificer": 1745, "Tormod's Crypt": 2196, "Devout Decree_SB": 536, "Strangle_SB": 2011, "Valley Floodcaller_SB": 2302, "Valorous Stance_SB": 2304, "Memory Guardian": 1314, "Azor, the Lawbringer": 138, "Tyrranax Rex_SB": 2236, "Coalstoke Gearhulk": 387, "Mukotai Ambusher": 1372, "Bloodghast": 210, "Molt Tender": 1345, "Driven // Despair_SB": 600, "Ashiok, Wicked Manipulator_SB": 114, "Anim Pakal, Thousandth Moon": 76, "Basri, Tomorrow's Champion": 158, "Embercleave": 647, "Plaza of Heroes": 1548, "Skrelv, Defector Mite": 1893, "Urza's Ruinous Blast_SB": 2291, "The Speed Demon": 2136, "Intimidation Tactics_SB": 1028, "Doppelgang": 569, "Fires of Victory": 765, "Maestros Theater": 1268, "Shigeki, Jukai Visionary": 1854, "Virtue of Strength": 2329, "Worldsoul's Rage": 2420, "Bonny Pall, Clearcutter_SB": 229, "Roxanne, Starfall Savant_SB": 1723, "Willowrush Verge": 2397, "Dreadmaw's Ire": 590, "Deep-Cavern Bat_SB": 504, "Feed the Cycle": 743, "Freestrider Lookout": 801, "Ghost Vacuum": 829, "Ketramose, the New Dawn": 1116, "Restless Cottage": 1671, "Scrabbling Claws": 1777, "Legion's End_SB": 1185, "Mosswood Dreadknight_SB": 1365, "Pest Control_SB": 1528, "Tear Asunder_SB": 2080, "Nowhere to Run_SB": 1435, "Optimistic Scavenger_SB": 1476, "Legion Extruder_SB": 1182, "Hostile Investigator": 983, "Rankle's Prank": 1612, "Commercial District": 404, "Innkeeper's Talent_SB": 1015, "Oildeep Gearhulk": 1454, "Commune with Spirits": 408, "Goro-Goro, Disciple of Ryusei": 879, "Itzquinth, Firstborn of Gishath": 1049, "Kari Zev, Skyship Raider": 1089, "Radha, Heart of Keld": 1593, "Redshift, Rocketeer Chief": 1645, "Rockfall Vale": 1711, "Ruby, Daring Tracker": 1727, "Feed the Clan_SB": 742, "Scorching Dragonfire_SB": 1772, "Bleachbone Verge": 198, "Starnheim Unleashed_SB": 1985, "Caves of Koilos": 327, "Detention Chariot": 533, "Tune Up": 2227, "Kaya the Inexorable_SB": 1096, "Thundering Broodwagon": 2170, "Make Disappear_SB": 1276, "Secure the Wastes": 1800, "Bloodchief's Thirst_SB": 209, "Eaten Alive_SB": 615, "Benthic Biomancer": 172, "Cenote Scout": 335, "Deeproot Pilgrimage": 505, "Kumena, Tyrant of Orazca": 1157, "Mindspring Merfolk": 1331, "Tishana's Tidebinder": 2178, "Tidebinder Mage_SB": 2173, "Cave of the Frost Dragon": 324, "Mardu Woe-Reaper": 1291, "Jace's Defeat_SB": 1054, "Fearless Swashbuckler": 738, "Gastal Thrillroller": 815, "Hazoret, Godseeker": 929, "Castle Garenbrig": 307, "Leyline Binding_SB": 1189, "Sire of Seven Deaths_SB": 1888, "Ugin, the Spirit Dragon_SB": 2244, "Dragonlord Dromoka": 577, "Ashiok, Nightmare Weaver": 111, "Clockwork Percussionist": 383, "Skullcrack": 1895, "Roast_SB": 1707, "Memory Deluge_SB": 1313, "Illuminator Virtuoso": 1000, "Gods Willing_SB": 874, "Collector's Cage": 393, "Dusk Rose Reliquary": 613, "Overgrown Farmland": 1492, "Parting Gust": 1513, "Sandstorm Salvager": 1753, "Teething Wurmlet": 2082, "Murderous Cut": 1375, "Unlicensed Hearse": 2273, "Anguished Unmaking_SB": 75, "Kaya, Orzhov Usurper_SB": 1100, "Call of the Death-Dweller": 276, "Drownyard Temple": 605, "Narcomoeba": 1389, "Prized Amalgam": 1566, "Quag Feast": 1583, "Sea Gate Restoration": 1786, "Dig Through Time_SB": 542, "Boommobile": 231, "Fomori Vault": 783, "Glint-Nest Crane": 855, "Hedron Archive": 938, "Paradox Engine": 1510, "Portal of Sanctuary": 1557, "Prophetic Prism": 1570, "Repurposing Bay": 1663, "Snow-Covered Mountain": 1925, "Terrarion": 2098, "The Enigma Jewel": 2120, "The Mightstone and Weakstone": 2126, "Thran Spider": 2162, "Workshop Assistant": 2419, "Lantern of the Lost_SB": 1168, "Liberator, Urza's Battlethopter_SB": 1198, "Noxious Gearhulk_SB": 1437, "Shrapnel Slinger_SB": 1867, "Big Score": 177, "Pawpatch Formation": 1519, "Avishkar Raceway": 134, "Fuel the Flames_SB": 807, "Skycrash_SB": 1900, "Gifted Aetherborn": 839, "Murderous Rider": 1377, "Sign in Blood": 1869, "Norin, Swift Survivalist": 1429, "Agatha of the Vile Cauldron": 47, "Chandra, Acolyte of Flame_SB": 346, "Untimely Malfunction_SB": 2280, "Empyrean Eagle": 655, "Lofty Denial": 1238, "Selfless Spirit": 1809, "Dewdrop Cure_SB": 538, "Mindlink Mech_SB": 1330, "Inspiring Overseer": 1023, "Wastewood Verge": 2373, "Pest Control": 1527, "Ashiok, Nightmare Muse_SB": 110, "Giant Killer_SB": 836, "Biting-Palm Ninja_SB": 185, "Beseech the Mirror": 173, "Kazuul's Toll Collector": 1104, "Shardmage's Rescue_SB": 1836, "Immersturm Raider": 1001, "The Speed Demon_SB": 2137, "Expedite": 693, "Waste Not_SB": 2370, "Burnout Bashtronaut": 266, "Draconautics Engineer": 573, "Fanatical Firebrand": 726, "Hobgoblin Bandit Lord": 967, "Howlsquad Heavy": 986, "Krenko, Mob Boss": 1151, "Goblin Ringleader_SB": 871, "Volley Veteran_SB": 2350, "Harrier Strix": 918, "Hypnotic Grifter": 993, "Omen Hawker": 1460, "The Reality Chip": 2130, "Training Grounds": 2206, "Witness Protection": 2411, "Basilisk Collar_SB": 157, "Foulmire Knight": 794, "Riverpyre Verge": 1700, "Strangle": 2010, "Temple of Epiphany": 2090, "Stock Up": 1997, "Liliana, the Last Hope_SB": 1224, "Fry_SB": 805, "Swiftfoot Boots_SB": 2057, "Collision // Colossus": 396, "Overprotect_SB": 1502, "Shoot the Sheriff": 1859, "Concealing Curtains": 411, "Blade Historian": 191, "Jirina, Dauntless General": 1070, "Kitesail Larcenist": 1125, "Pyre of Heroes": 1578, "Secluded Courtyard": 1798, "Unclaimed Territory": 2254, "Jirina, Dauntless General_SB": 1071, "Night Clubber_SB": 1406, "Riptide Gearhulk_SB": 1692, "Aegis Turtle_SB": 40, "Up the Beanstalk_SB": 2283, "Ride's End": 1685, "Assassin's Trophy": 115, "Analyze the Pollen": 65, "Hazoret the Fervent": 926, "Cleansing Wildfire": 374, "Crumble to Dust": 446, "Encroaching Wastes": 659, "Gnottvold Slumbermound": 862, "Haphazard Bombardment": 915, "Jaya's Greeting": 1063, "Paradise Druid": 1509, "Ravager Wurm": 1620, "Rootbound Crag": 1717, "Rowan, Scholar of Sparks": 1722, "Rubble Reading": 1725, "Sheltered Thicket": 1846, "Structural Distortion": 2017, "Sylvan Primordial": 2062, "Territory Forge": 2099, "Twin Bolt": 2230, "Voyaging Satyr": 2355, "Herbology Instructor_SB": 948, "Nissa's Defeat_SB": 1413, "Peak Eruption_SB": 1523, "Reclamation Sage_SB": 1638, "Scrabbling Claws_SB": 1778, "Battle at the Bridge": 161, "Mephitic Draught": 1316, "Snow-Covered Swamp": 1927, "Spire of Industry": 1968, "Battle at the Bridge_SB": 162, "Ashiok, Nightmare Muse": 109, "Murderous Cut_SB": 1376, "Borrowed Hostility": 235, "Honest Rutstein": 971, "Malakir Rebirth": 1277, "The Filigree Sylex_SB": 2121, "Barbed Batterfist": 152, "Webstrike Elite": 2381, "Yahenni's Expertise": 2429, "Commit // Memory_SB": 406, "Steel Seraph": 1990, "Demilich_SB": 512, "Progenitor Mimic": 1569, "Banefire": 148, "Koma, Cosmos Serpent_SB": 1141, "Nylea's Presence": 1443, "Champion of the Perished": 343, "Cryptbreaker": 450, "Dark Salvation": 473, "Dread Wanderer": 586, "Relentless Dead": 1654, "Wayward Servant": 2376, "Zahur, Glory's Past": 2445, "Crippling Fear_SB": 443, "Fighter Class": 759, "Flowerfoot Swordmaster": 779, "Mabel, Heir to Cragflame": 1262, "Chainsaw_SB": 341, "Nettle Guard_SB": 1403, "Sword of Forge and Frontier_SB": 2059, "Hidetsugu Consumes All": 956, "Boon of Boseiju": 232, "Wakeroot Elemental": 2361, "Esika's Chariot_SB": 681, "Luminarch Aspirant": 1256, "Experimental Synthesizer": 700, "Violent Urge_SB": 2324, "Commune with Dinosaurs": 407, "Ghalta, Primal Hunger": 827, "Marauding Raptor": 1284, "Pugnacious Hammerskull": 1577, "Rampaging Raptor": 1610, "Regal Imperiosaur": 1650, "Regisaur Alpha": 1651, "Ripjaw Raptor": 1689, "Phyrexian Censor": 1533, "Nimble Larcenist_SB": 1409, "Flameblade Adept": 768, "Highway Robbery": 962, "Maximize Velocity": 1305, "Ox of Agonas": 1503, "Birgi, God of Storytelling_SB": 182, "Lightning Axe_SB": 1209, "Expedition Map_SB": 695, "Stock Up_SB": 1998, "Samut's Sprint": 1749, "Wrenn and Realmbreaker": 2423, "Depopulate_SB": 521, "Unsubstantiate_SB": 2279, "Lost Jitte": 1250, "Omen of the Dead_SB": 1462, "Bloodchief's Thirst": 208, "Combat Research": 401, "Lazav, Wearer of Faces": 1174, "Medomai the Ageless": 1310, "Thalia, Heretic Cathar_SB": 2108, "Guardian of Faith": 899, "Fires of Victory_SB": 766, "Riptide Gearhulk": 1691, "Saheeli, Sublime Artificer_SB": 1746, "Kumena's Speaker": 1156, "Eidolon of the Great Revel_SB": 622, "Quick Study": 1588, "Gather Courage_SB": 818, "Festering Gulch": 750, "Elder Gargaroth_SB": 627, "Fog_SB": 782, "Carnage Tyrant": 290, "Nahiri, the Unforgiving_SB": 1388, "Kozilek's Return_SB": 1146, "Katilda, Dawnhart Martyr": 1092, "Bitter Reunion": 186, "Vampires' Vengeance": 2307, "Etali, Primal Conqueror_SB": 687, "Restless Fortress": 1672, "Ruin-Lurker Bat": 1729, "Healer's Hawk": 931, "Essence Channeler": 683, "Exemplar of Light": 691, "Linden, the Steadfast Queen": 1227, "Leyline of Hope": 1192, "Authority of the Consuls": 129, "Scoured Barrens": 1775, "Rogue's Passage": 1712, "Dewdrop Cure": 537, "Afterburner Expert": 44, "Omnivorous Flytrap": 1470, "Agatha's Soul Cauldron_SB": 49, "Feather, the Redeemed": 739, "Loran's Escape_SB": 1247, "Feather, the Redeemed_SB": 740, "Teferi, Hero of Dominaria_SB": 2084, "Void Rend_SB": 2343, "Adorned Pouncer": 37, "Arahbo, the First Fang": 90, "Open the Armory": 1471, "Roadside Reliquary": 1702, "Sacred Cat": 1742, "Ox of Agonas_SB": 1504, "Twinshot Sniper": 2232, "Keruga, the Macrosage": 1114, "Agent of Treachery_SB": 50, "Twinshot Sniper_SB": 2233, "Anzrag, the Quake-Mole": 85, "Temple of Abandon": 2087, "Tamiyo's Safekeeping": 2072, "Tear Asunder": 2079, "Blot Out": 218, "Scrapshooter": 1780, "Questing Beast": 1585, "Thrun, Breaker of Silence": 2166, "Nissa, Ascended Animist": 1415, "Tyrranax Rex": 2235, "Nissa, Ascended Animist_SB": 1416, "Shifting Ceratops_SB": 1853, "Hornet Queen_SB": 980, "Out of Air_SB": 1486, "Cry of the Carnarium": 448, "Kaya, Orzhov Usurper": 1099, "Soul-Guide Lantern": 1944, "The End": 2118, "Calamity's Wake_SB": 274, "Exorcise_SB": 692, "Play with Fire_SB": 1547, "Satoru Umezawa": 1756, "Spontaneous Mutation_SB": 1975, "Painter's Studio // Defaced Gallery": 1507, "Chance for Glory_SB": 344, "Magmatic Chasm_SB": 1274, "Requisition Raid_SB": 1665, "Shrapnel Blast_SB": 1866, "Sorin, Vengeful Bloodlord_SB": 1939, "Exquisite Firecraft": 701, "Raucous Carnival": 1617, "Curse of Shaken Faith_SB": 463, "Epic Downfall_SB": 675, "Tireless Tracker_SB": 2177, "Kiora's Follower": 1119, "Merfolk Mistbinder": 1317, "Merfolk Trickster_SB": 1319, "Mockingbird_SB": 1344, "Smuggler's Copter_SB": 1917, "Mosswood Dreadknight": 1364, "Lovestruck Beast": 1254, "Debris Beetle": 497, "Mystic Repeal_SB": 1383, "Cavalier of Flame": 322, "Nullhide Ferox_SB": 1439, "Builder's Talent": 261, "Sunder the Gateway": 2028, "Kitsa, Otterball Elite": 1126, "Rona, Herald of Invasion": 1716, "Valley Floodcaller": 2301, "Abhorrent Oculus_SB": 22, "Knight of Grace": 1132, "Cruelclaw's Heist_SB": 445, "Reckless Stormseeker": 1635, "The Akroan War": 2111, "Enduring Tenacity_SB": 667, "Swan Song_SB": 2053, "Bladestitched Skaab": 194, "Lazotep Reaver": 1176, "Rotten Reunion_SB": 1719, "The Scarab God_SB": 2133, "Rocketeer Boostbuggy": 1709, "Loran's Escape": 1246, "Blessed Defiance_SB": 200, "Chandra, Spark Hunter_SB": 351, "Growth Spiral": 895, "Ill-Timed Explosion_SB": 998, "Skyclave Cleric": 1899, "Ajani, Strength of the Pride_SB": 54, "Tasigur, the Golden Fang": 2078, "Bomat Courier": 223, "Phoenix Chick": 1531, "Gideon of the Trials": 837, "Azor, the Lawbringer_SB": 139, "The Scarab God": 2132, "Radiant Flames_SB": 1594, "Deep-Cavern Bat": 503, "Gix's Command_SB": 843, "Sorin the Mirthless_SB": 1938, "Mortify": 1362, "Doom Foretold": 564, "Nine-Lives Familiar": 1412, "Rite of Oblivion": 1694, "Starfield of Nyx": 1984, "Kaya's Wrath_SB": 1098, "Necromentia_SB": 1396, "Creeping Chill": 442, "Silversmote Ghoul": 1879, "Fog": 781, "Gaea's Blessing": 811, "Haze of Pollen": 925, "Jace, the Perfected Mind": 1058, "Tamiyo, Collector of Tales": 2074, "Union of the Third Path": 2269, "Winds of Qal Sisma": 2400, "Carnage Tyrant_SB": 291, "Drannith Ruins": 584, "Thought-Knot Seer": 2155, "Wasteland Strangler": 2371, "Phyrexian Fleshgorger": 1536, "Ifnir Deadlands": 996, "Bearer of Silence": 166, "Knight of the Ebon Legion": 1134, "Caustic Bronco": 316, "Reality Smasher_SB": 1627, "Fuel the Flames": 806, "Shoot the Sheriff_SB": 1860, "Turntimber Symbiosis": 2229, "Graf Reaver_SB": 880, "Kraul Whipcracker_SB": 1148, "Maelstrom Pulse_SB": 1266, "Fear of Impostors": 734, "Riptide Chimera": 1690, "Fear of Impostors_SB": 735, "Dive Down_SB": 558, "Fleecemane Lion": 770, "Witchstalker_SB": 2406, "Acererak the Archlich": 30, "Gwenna, Eyes of Gaea": 904, "Relic of Legends": 1655, "Yasharn, Implacable Earth": 2430, "Regal Bunnicorn": 1649, "Demonic Bargain": 516, "Felonious Rage": 748, "Blood Spatter Analysis": 207, "Osseous Sticktwister": 1480, "Soul-Scar Mage_SB": 1947, "Korvold, Fae-Cursed King": 1142, "Korvold, Fae-Cursed King_SB": 1143, "Selfless Glyphweaver_SB": 1807, "Dive Down": 557, "Jace Reawakened_SB": 1053, "Blessed Defiance": 199, "Homestead Courage": 970, "Cease // Desist_SB": 329, "Fugitive Codebreaker": 808, "Burning Earth_SB": 264, "Guardian of New Benalia": 901, "Phyrexian Dragon Engine": 1535, "Seasoned Hallowblade": 1796, "The Mycosynth Gardens": 2128, "Alrund's Epiphany": 61, "Loot, the Pathfinder": 1243, "Nissa, Who Shakes the World": 1420, "Obliterating Bolt_SB": 1448, "Favored Hoplite": 733, "Flowstone Infusion": 780, "Sejiri Shelter": 1804, "Tenth District Legionnaire": 2096, "Invasion of New Phyrexia_SB": 1037, "Clifftop Lookout": 379, "Dreamdew Entrancer": 594, "Dreamroot Cascade": 595, "Insidious Fungus": 1020, "Loot, Exuberant Explorer": 1242, "Risen Reef": 1693, "Tangled Florahedron": 2076, "Healer of the Glade_SB": 930, "Tale's End_SB": 2071, "Wilt_SB": 2399, "Ashiok, Wicked Manipulator": 113, "Dreams of Steel and Oil": 596, "Elspeth Conquers Death_SB": 639, "Gisa, the Hellraiser_SB": 842, "Ride's End_SB": 1686, "Omen of the Sun_SB": 1465, "Omen of the Sun": 1464, "Enduring Courage": 662, "Beseech the Mirror_SB": 174, "Experimental Confectioner": 698, "Commence the Endgame_SB": 403, "Forbidden Friendship": 785, "Case of the Gateway Express_SB": 301, "Collective Effort_SB": 392, "Forge Devil_SB": 788, "Perilous Snare_SB": 1526, "Monastery Mentor": 1351, "Seeker of the Way_SB": 1802, "Redcap Melee": 1642, "Setessan Champion": 1817, "Trapped in the Screen": 2210, "Ghostly Dancers_SB": 832, "Trapped in the Screen_SB": 2211, "The Birth of Meletis": 2114, "Cryptolith Rite": 454, "Knockout Blow": 1136, "Bottomless Pool && Locker Room": 239, "Bottomless Pool && Locker Room_SB": 240, "Hidetsugu's Second Rite": 958, "Eidolon of Blossoms": 618, "Eidolon of Blossoms_SB": 619, "Seal from Existence_SB": 1790, "Ob Nixilis, the Adversary": 1446, "Incubation Druid": 1008, "Interplanar Beacon": 1025, "Kaya the Inexorable": 1095, "Mistrise Village": 1340, "Nicol Bolas, Dragon-God": 1405, "Ral Zarek": 1603, "Tamiyo, Field Researcher": 2075, "Vraska, Betrayal's Sting": 2358, "Kunoros, Hound of Athreos_SB": 1158, "Tersa Lightshatter": 2100, "Mox Jasper": 1370, "Mistrise Village_SB": 1341, "Elspeth, Storm Slayer": 642, "United Battlefront": 2270, "Voice of Victory": 2339, "Sunder the Gateway_SB": 2029, "Voice of Victory_SB": 2340, "Cease // Desist": 328, "Cram Session": 437, "Fell": 747, "Insatiable Avarice": 1016, "The Biblioplex": 2113, "Valgavoth's Onslaught": 2297, "Containment Breach_SB": 420, "Environmental Sciences_SB": 674, "Introduction to Annihilation_SB": 1032, "Mascot Exhibition_SB": 1297, "Pest Summoning_SB": 1529, "Descendant of Storms": 524, "Dragonfire Blade": 576, "Lavaspur Boots_SB": 1171, "Qarsi Revenant": 1581, "Qarsi Revenant_SB": 1582, "Cemetery Illuminator": 332, "Muraganda Raceway": 1374, "Case of the Crimson Pulse": 298, "Rakdos's Return_SB": 1601, "Desperate Measures": 527, "Caustic Exhale": 318, "Dispelling Exhale": 552, "Foul-Tongue Invocation": 793, "Marang River Regent": 1281, "Scavenger Regent": 1767, "Silumgar's Scorn": 1873, "Caustic Exhale_SB": 319, "Strategic Betrayal_SB": 2013, "Dragonskull Summit": 580, "Katilda, Dawnhart Prime": 1094, "Songcrafter Mage": 1935, "Three Tree City": 2165, "Militia Bugler_SB": 1329, "Cori-Steel Cutter_SB": 428, "Sunpearl Kirin": 2035, "Cori-Steel Cutter": 427, "Wild Ride": 2394, "Rot-Curse Rakshasa": 1718, "History of Benalia": 965, "The Restoration of Eiganjo": 2131, "Strategic Betrayal": 2012, "Archangel Elspeth": 95, "Painter's Studio && Defaced Gallery": 1506, "This Town Ain't Big Enough_SB": 2152, "Faceless Haven_SB": 715, "Treasure Map": 2217, "Flashfreeze_SB": 769, "Murderous Rider_SB": 1378, "Cori Mountain Monastery": 426, "Stormwing Entity": 2009, "Gurmag Angler": 902, "Stormscale Scion": 2007, "Stormscale Scion_SB": 2008, "Metamorphic Alteration": 1324, "Not on My Watch_SB": 1431, "Of One Mind": 1453, "Banishing Slash": 151, "Jaya, Fiery Negotiator": 1064, "Warden of the Grove": 2364, "Surrak, Elusive Hunter_SB": 2050, "United Battlefront_SB": 2271, "Fire Prophecy": 762, "White Sun's Twilight_SB": 2392, "Icon of Ancestry": 994, "Paradoxical Outcome_SB": 1511, "Break Out": 248, "Masked Vandal": 1298, "Fanatical Firebrand_SB": 727, "Gruul Charm_SB": 896, "Decadent Dragon_SB": 498, "Liliana, Death's Majesty": 1220, "Urgent Necropsy": 2289, "Scavenger's Talent_SB": 1769, "Ygra, Eater of All_SB": 2435, "Undead Sprinter_SB": 2256, "Runed Halo": 1734, "Boros Reckoner": 234, "Atarka's Command_SB": 120, "Craterhoof Behemoth": 440, "Crackling Drake": 434, "Phyrexian Obliterator": 1537, "Decisive Denial": 499, "Ebondeath, Dracolich": 616, "Ertai's Scorn": 677, "Rakshasa's Bargain": 1602, "Rewind": 1683, "Unwind": 2281, "Awaken the Honored Dead_SB": 136, "Deathmark_SB": 493, "Gaze of Granite_SB": 819, "Lutri, the Spellchaser_SB": 1260, "Shadows' Verdict_SB": 1826, "Specter's Shriek_SB": 1956, "Thrun, Breaker of Silence_SB": 2167, "Abrade": 23, "Collected Company_SB": 389, "Elspeth, Storm Slayer_SB": 643, "Herald of Eternal Dawn_SB": 947, "Selfless Savior": 1808, "Legion Angel": 1179, "Wojek Investigator": 2416, "Legion Angel_SB": 1180, "Apostle of Purifying Light_SB": 87, "Long Goodbye": 1240, "Yathan Roadwatcher": 2432, "Jeskai Revelation": 1066, "Sixth Sense": 1889, "Kaya's Ghostform": 1097, "Hammerhand": 913, "Aqueous Form": 89, "Cartouche of Solidarity": 294, "Doorkeeper Thrull_SB": 568, "Severance Priest": 1822, "Ray of Frost_SB": 1622, "Bontu's Last Reckoning_SB": 230, "Deafening Silence": 490, "Hardened Scales": 916, "Fiery Annihilation_SB": 755, "Dragonlord Silumgar": 579, "Painful Truths": 1505, "Search for Azcanta": 1791, "Supreme Will": 2045, "Contraband Kingpin_SB": 423, "Village Rites": 2321, "Llanowar Visionary": 1236, "Izzet Charm": 1051, "Stormchaser's Talent_SB": 2006, "Rampaging Ferocidon": 1608, "The Sibsig Ceremony": 2135, "Friendly Teddy": 803, "Experiment One": 696, "Kitesail Freebooter_SB": 1124, "Muerra, Trash Tactician": 1371, "Cut // Ribbons": 464, "Dusk Legion Zealot": 612, "Markov Baron": 1296, "Patchwork Banner": 1516, "Bedevil_SB": 168, "Champion of Dusk_SB": 342, "Deadly Dispute_SB": 487, "Soul Transfer_SB": 1943, "Devilish Valet": 535, "Runaway Steam-Kin": 1730, "Grinning Ignus": 893, "Hazoret's Monument": 928, "Light Up the Night": 1203, "Cemetery Prowler_SB": 334, "Nissa, Steward of Elements_SB": 1418, "Kishla Village": 1122, "Greedy Freebooter": 890, "Shambling Ghast": 1831, "Hangarback Walker": 914, "Marketback Walker": 1295, "Diabolic Intent": 539, "Scrapwork Mutt": 1782, "Gleaming Barrier": 851, "Liliana's Standard Bearer": 1219, "Callous Bloodmage_SB": 278, "Crash Through": 438, "Robber of the Rich_SB": 1708, "Ugin, Eye of the Storms": 2242, "Sokenzan, Crucible of Defiance_SB": 1931, "Baneslayer Angel_SB": 150, "Shadows' Verdict": 1825, "The Book of Exalted Deeds_SB": 2116, "Spring-Loaded Sawblades": 1977, "Dennick, Pious Apprentice_SB": 520, "Shiko, Paragon of the Way": 1855, "Slaughter Games_SB": 1907, "Silent Hallcreeper": 1872, "Ashiok, Nightmare Weaver_SB": 112, "Evolved Sleeper": 690, "Tenacious Underdog_SB": 2095, "Rediscover the Way": 1644, "Balmor, Battlemage Captain": 145, "Sram, Senior Edificer": 1980, "Clever Lumimancer": 378, "Wizard's Retort_SB": 2414, "Shapers' Sanctuary": 1833, "Niv-Mizzet, Parun": 1422, "Sweltering Suns": 2054, "Marang River Regent_SB": 1282, "Katilda, Dawnhart Martyr_SB": 1093, "Omnath, Locus of the Roil": 1468, "Lilah, Undefeated Slickshot": 1216, "Tolsimir, Friend to Wolves_SB": 2189, "Giant Growth": 834, "Heritage Reclamation_SB": 952, "Brimaz, King of Oreskos": 252, "Intimidation Tactics": 1027, "Liliana, Dreadhorde General_SB": 1221, "Spirit-Sister's Call": 1971, "Bandit's Talent_SB": 147, "Fountainport Bell": 798, "Gonti, Lord of Luxury_SB": 878, "Frontline Rush": 804, "Mortify_SB": 1363, "Treasure Cruise_SB": 2216, "Drake Hatcher": 581, "Canyon Slough": 286, "Captain Lannery Storm": 288, "Charming Scoundrel": 360, "Goldhound": 875, "Goldspan Dragon": 876, "Kalain, Reclusive Painter": 1083, "Marionette Master": 1293, "Reckless Fireweaver": 1630, "Sticky Fingers": 1994, "Treasure Vault": 2218, "Vraska's Contempt": 2357, "Karn, Scion of Urza_SB": 1090, "Moment of Craving_SB": 1348, "Ratchet Bomb_SB": 1614, "Unlicensed Disintegration_SB": 2272, "Eshki Dragonclaw": 679, "Herd Heirloom": 949, "The Huntsman's Redemption": 2122, "Amonkhet Raceway": 64, "Shore Up": 1861, "Aetherflux Reservoir_SB": 43, "Shore Up_SB": 1862, "Illness in the Ranks_SB": 999, "Phyrexian Arena_SB": 1532, "Abbot of Keral Keep": 19, "Anax, Hardened in the Forge": 66, "Incendiary Flow": 1007, "Invigorated Rampage": 1039, "Rimrock Knight": 1688, "Dire Fleet Daredevil_SB": 544, "Flame-Blessed Bolt_SB": 767, "Sword of Once and Future_SB": 2060, "Virulent Plague_SB": 2330, "Magebane Lizard": 1270, "Arboreal Grazer_SB": 93, "Sunset Revelry": 2038, "Unexpected Windfall": 2262, "Worldspine Wurm": 2421, "Xenagos, God of Revels": 2426, "Herald of Eternal Dawn": 946, "Skrelv's Hive": 1892, "Vaultborn Tyrant_SB": 2313, "Collector's Cage_SB": 394, "Defabricate_SB": 507, "Ajani, Strength of the Pride": 53, "Hushbringer_SB": 991, "Ureni, the Song Unending": 2287, "Plargg, Dean of Chaos": 1545, "Reluctant Role Model": 1656, "Duelist of the Mind": 608, "Portent of Calamity": 1560, "Extraordinary Journey": 709, "Concerted Defense_SB": 412, "Rapid Hybridization_SB": 1613, "Hooting Mandrills": 972, "Jin-Gitaxias, Progress Tyrant_SB": 1069, "Smuggler's Surprise_SB": 1919, "Toxrill, the Corrosive_SB": 2203, "Dire Tactics": 545, "Order of Midnight": 1478, "Invasion of Ergamon": 1033, "Awaken the Honored Dead": 135, "Ghostly Dancers": 831, "Heliod, the Radiant Dawn_SB": 942, "Cathartic Reunion": 314, "Ancient Imperiosaur": 70, "Gastal Thrillroller_SB": 816, "Doom Whisperer_SB": 566, "Virtue of Courage": 2325, "Ball Lightning": 144, "Scytheclaw Raptor_SB": 1785, "Chandra, Hope's Beacon": 350, "Obscura Storefront": 1451, "Disfigure_SB": 550, "Blue Sun's Twilight": 220, "Conduit Pylons": 413, "Ipnu Rivulet": 1042, "Outcaster Greenblade": 1487, "Voltage Surge": 2351, "Fae of Wishes_SB": 719, "Anger of the Gods": 72, "Koth, Fire of Resistance_SB": 1144, "Drake Hatcher_SB": 582, "Niv-Mizzet, Visionary_SB": 1425, "Dispel_SB": 551, "Despark_SB": 526, "Dennick, Pious Apprentice": 519, "Angrath, the Flame-Chained_SB": 74, "Slaughter Singer": 1908, "Venerated Rotpriest": 2317, "The Seedcore": 2134, "Crawling Chorus": 441, "Annex Sentry": 77, "Bloated Contaminator": 203, "Jawbone Duelist": 1062, "Overprotect": 1501, "Ajani, Sleeper Agent_SB": 52, "Phyrexian Censor_SB": 1534, "Tyvar's Stand_SB": 2238, "Annex Sentry_SB": 78, "Melira, the Living Cure_SB": 1311, "Secrets of the Key": 1799, "Baleful Mastery": 143, "Agonizing Remorse_SB": 51, "Gurmag Nightwatch": 903, "Ashen Rider": 107, "Glorybringer": 861, "Mizzium Mortars": 1342, "Cartouche of Zeal": 296, "Skylasher_SB": 1902, "Not on My Watch": 1430, "Scattered Thoughts": 1765, "Nature's Rhythm": 1395, "Dryad's Revival": 607, "Mabel, Heir to Cragflame_SB": 1263, "Wear Down_SB": 2378, "Slagstorm_SB": 1905, "Vineglimmer Snarl": 2322, "Port Town": 1553, "Mystic Reflection": 1382, "Heroic Intervention": 953, "Emergence Zone": 650, "Augmenter Pugilist": 124, "Augur of Autumn": 125, "Simic Charm": 1880, "Fortified Village": 792, "Biovisionary": 180, "Repudiate // Replicate_SB": 1662, "Chord of Calling_SB": 361, "Baird, Steward of Argive_SB": 141, "Stern Dismissal_SB": 1992, "Repel the Abominable": 1660, "Repel the Abominable_SB": 1661, "Unlucky Witness": 2275, "Hornet Queen": 979, "Ojer Taq, Deepest Foundation": 1457, "Pyroclasm": 1579, "Dark Petition_SB": 472, "Ritual of Soot_SB": 1697, "Vampires' Vengeance_SB": 2308, "Lord Skitter, Sewer King": 1248, "Tomik, Distinguished Advokist_SB": 2191, "Hearth Elemental": 933, "Sanguine Evangelist_SB": 1755, "Consuming Fervor": 419, "Aetherflux Reservoir": 42, "Mountain_SB": 1367, "Smoldering Egg": 1915, "Kaervek, the Spiteful_SB": 1076, "Inscribed Tablet": 1017, "Scourge of the Skyclaves": 1776, "Warlock Class": 2366, "Lich-Knights' Conquest": 1199, "Silent Gravestone_SB": 1871, "Ulcerate_SB": 2247, "Ovalchase Daredevil": 1491, "Portal to Phyrexia": 1558, "Can't Stay Away_SB": 284, "Feldon, Ronom Excavator": 746, "Infuriate_SB": 1012, "Wandering Mind": 2362, "Clarion Conqueror_SB": 372, "Abbot of Keral Keep_SB": 20, "Recommission_SB": 1640, "Colossal Skyturtle": 397, "Mirrorshell Crab": 1334, "Teferi, Who Slows the Sunset": 2085, "Chaos Wand_SB": 357, "Dissection Tools_SB": 555, "Jace, the Perfected Mind_SB": 1059, "Rabbit Battery": 1592, "Faerie Dreamthief": 720, "Steamcore Scholar": 1989, "Winternight Stories": 2401, "Seasons Past": 1797, "Defabricate": 506, "Immortal Phoenix_SB": 1002, "Unholy Annex // Ritual Chamber_SB": 2268, "Abuelo's Awakening": 28, "Summon: Knights of Round": 2024, "Cunning Coyote_SB": 461, "Yuna, Hope of Spira": 2440, "Blisterpod": 202, "Cartel Aristocrat": 293, "Rally the Ancestors": 1607, "Sephiroth, Fabled SOLDIER": 1814, "Starting Town": 1986, "Heliod, Sun-Crowned_SB": 940, "Ruthless Lawbringer_SB": 1739, "Joshua, Phoenix's Dominant": 1072, "Lightwheel Enhancements": 1215, "Disenchant_SB": 549, "Dark Confidant_SB": 470, "Kroxa and Kunoros": 1152, "Terra, Magical Adept": 2097, "Vivi Ornitier": 2332, "Ishgard, the Holy See": 1046, "Unflinching Courage": 2263, "Unflinching Courage_SB": 2264, "Vivi Ornitier_SB": 2333, "Eiganjo, Seat of the Empire_SB": 624, "Demon Wall": 515, "Fire Magic_SB": 761, "Crumbling Vestige": 447, "Echoing Deeps": 617, "Glimpse the Core": 854, "Hour of Promise": 985, "The Wandering Minstrel": 2141, "Kura, the Boundless Sky_SB": 1159, "Maelstrom of the Spirit Dragon_SB": 1267, "Twinmaw Stormbrood_SB": 2231, "Toski, Bearer of Secrets_SB": 2200, "Opera Love Song": 1473, "Surrak, Elusive Hunter": 2049, "Esper Origins": 682, "Cecil, Dark Knight": 330, "Dark Confidant": 469, "Gix, Yawgmoth Praetor": 844, "Vren, the Relentless_SB": 2360, "Kitesail Freebooter": 1123, "Lantern Scout_SB": 1167, "Cryptcaller Chariot": 451, "Furnace Reins_SB": 810, "Market Gnome": 1294, "Ancient Adamantoise": 68, "Buster Sword": 270, "Freya Crescent": 802, "Smitten Swordmaster": 1914, "Quicken_SB": 1590, "Alesha, Who Laughs at Fate": 56, "Zack Fair": 2443, "Bile Blight": 178, "Ruthless Negotiation_SB": 1740, "Staggering Insight": 1982, "Sporogenic Infection_SB": 1976, "Roaring Furnace // Steaming Sauna": 1705, "Tocasia's Welcome": 2186, "Al Bhed Salvagers": 55, "Warbriar Blessing": 2363, "Slip Out the Back_SB": 1913, "Demolition Field_SB": 514, "The Raven Man": 2129, "Gryff's Boon_SB": 898, "Lindblum, Industrial Regency": 1225, "Saiba Cryptomancer_SB": 1748, "Rune of Sustenance_SB": 1733, "Disturbing Mirth": 556, "Rite of Oblivion_SB": 1695, "Runed Halo_SB": 1735, "Rain of Revelation": 1598, "Ultima": 2248, "Shatter the Sky_SB": 1840, "Doomsday Excruciator_SB": 567, "Cloud of Darkness_SB": 384, "Outrageous Robbery_SB": 1490, "Sphinx's Tutelage": 1964, "The Water Crystal": 2144, "Eject_SB": 625, "Lindblum, Industrial Regency_SB": 1226, "Ureni, the Song Unending_SB": 2288, "Blossoming Defense_SB": 217, "Cloud, Midgar Mercenary": 385, "Machinist's Arsenal": 1264, "Paladin's Arms": 1508, "Raubahn, Bull of Ala Mhigo": 1616, "Hinterland Harbor": 963, "Summon: Leviathan": 2025, "Hullbreaker Horror": 987, "Titan of Industry_SB": 2181, "Search for Azcanta_SB": 1792, "Bonders' Enclave": 226, "Nissa's Pilgrimage": 1414, "Ulamog, the Ceaseless Hunger": 2245, "Old-Growth Troll_SB": 1459, "Emet-Selch, Unsundered": 654, "Lazav, the Multifarious": 1175, "Valentin, Dean of the Vein": 2295, "Astrologian's Planisphere": 118, "Sunscorched Desert": 2037, "Camellia, the Seedmiser_SB": 282, "Insidious Fungus_SB": 1021, "Massacre Girl_SB": 1300, "Trail of Crumbs_SB": 2205, "Webstrike Elite_SB": 2382, "Kefka, Court Mage": 1107, "Embercleave_SB": 648, "Mox Amber_SB": 1369, "Retraction Helix_SB": 1679, "Founding the Third Path": 795, "No One Left Behind": 1428, "Exsanguinate": 703, "Hedge Shredder": 937, "Return the Favor_SB": 1681, "Kogla and Yidaro_SB": 1138, "Revival // Revenge": 1682, "Vampire Socialite": 2305, "Legion Lieutenant": 1183, "Vito, Thorn of the Dusk Rose": 2331, "Vampire of the Dire Moon": 2306, "Voldaren Bloodcaster_SB": 2346, "Florian, Voldaren Scion_SB": 777, "Stingerback Terror": 1995, "Mistbreath Elder": 1339, "Lightning, Army of One": 1214, "Isareth the Awakener": 1045, "Urza's Ruinous Blast": 2290, "Venat, Heart of Hydaelyn": 2315, "Liliana, the Last Hope": 1223, "Thassa's Oracle": 2109, "Rush of Adrenaline": 1738, "Channeled Dragonfire": 356, "Stadium Headliner": 1981, "Roil Eruption": 1713, "Reckless Lackey": 1632, "Didn't Say Please": 540, "Ruin Crab": 1728, "Merfolk Windrobber": 1320, "Essence Scatter": 685, "Field of Ruin_SB": 753, "Roiling Dragonstorm": 1714, "Skrelv, Defector Mite_SB": 1894, "Midgar, City of Mako": 1326, "End the Festivities": 660, "Raze the Effigy_SB": 1623, "Riverchurn Monument_SB": 1698, "Heritage Reclamation": 951, "Sorceress's Schemes": 1936, "Goblin Chainwhirler": 868, "Halvar, God of Battle_SB": 912, "Unexpected Request_SB": 2261, "Binding the Old Gods": 179, "Tireless Tracker": 2176, "Jaddi Offshoot_SB": 1061, "Linvala, the Preserver_SB": 1229, "Disdainful Stroke": 547, "Scatter Ray": 1763, "Refute": 1648, "Sinister Sabotage": 1884, "Cornered by Black Mages": 429, "Sunken Hollow": 2034, "Temple of Deceit": 2088, "Eliminate_SB": 636, "Cemetery Illuminator_SB": 333, "Enter the God-Eternals_SB": 671, "Lotleth Troll": 1251, "Nullhide Ferox": 1438, "Smuggler's Surprise": 1918, "Speaker of the Heavens": 1955, "Delney, Streetwise Lookout": 510, "Leyline of Transformation": 1195, "Forest_SB": 787, "Restoration Magic_SB": 1677, "Storm Herald_SB": 2001, "Cartouche of Solidarity_SB": 295, "The Wandering Minstrel_SB": 2142, "Elvish Archivist": 645, "Resolute Strike": 1667, "Great Arashin City": 888, "Nissa, Voice of Zendikar_SB": 1419, "Storm Herald": 2000, "Disruptive Stormbrood": 553, "Burning Anger": 263, "Colossification": 399, "Thunder Magic_SB": 2169, "Haunted Dead": 920, "Driven // Despair": 599, "Quag Feast_SB": 1584, "Void Rend": 2342, "Temple of Enlightenment": 2089, "Coveted Falcon": 433, "Jidoor, Aristocratic Capital": 1068, "Auroral Procession": 128, "Omnath, Locus of Creation_SB": 1467, "Snow-Covered Swamp_SB": 1928, "Shattered Sanctum_SB": 1842, "Concealed Courtyard_SB": 410, "Shadowy Backstreet_SB": 1830, "Doom Foretold_SB": 565, "Hopeful Vigil_SB": 974, "(THB) 117_SB": 15, "(DMU) 244_SB": 4, "(WOE) 95_SB": 18, "(M20) 94_SB": 10, "(SLD) 325_SB": 13, "(BRO) 16_SB": 1, "(STX) 72_SB": 14, "(FDN) 704_SB": 7, "(BLB) 83_SB": 0, "(OTJ) 108_SB": 12, "(BRO) 26_SB": 2, "(WOE) 29_SB": 17, "(DAR) 213_SB": 3, "(KLR) 84_SB": 8, "(LCI) 128_SB": 9, "(DSK) 111_SB": 5, "(MID) 112_SB": 11, "(THB) 121_SB": 16, "(FDN) 137_SB": 6, "Capital City": 287, "Languish": 1165, "Ritual of Soot": 1696, "Drag the Canal_SB": 574, "Ugin, the Spirit Dragon": 2243, "Forsaken Monument": 790, "Wastes": 2372, "Haven of the Spirit Dragon": 922, "Crystal Grotto": 456, "Warping Wail": 2367, "The Celestus": 2117, "Adventurer's Inn": 38, "Patchwork Automaton_SB": 1515, "Dwarven Mine": 614, "Dragon Fodder": 575, "Hordeling Outburst": 976, "Lukka, Coppercoat Outcast": 1255, "Satyr's Cunning": 1759, "Ral's Reinforcements": 1604, "Song of Totentanz": 1934, "Cavalcade of Calamity_SB": 320, "Impact Tremors_SB": 1005, "Mechanized Warfare_SB": 1309, "Torbran, Thane of Red Fell_SB": 2193, "Sin, Spira's Punishment": 1883, "Touch the Spirit Realm_SB": 2202, "Saheeli, Filigree Master_SB": 1744, "Self-Destruct": 1805, "March of Otherworldly Light_SB": 1286, "Stormcarved Coast_SB": 2004, "Undead Butler": 2255, "Willow Geist": 2396, "Miscast_SB": 1335}}