{"vocabulary": {"Anointed Peacekeeper": 75, "Archon of Emeria": 99, "Aven Interrupter": 135, "Brushland": 301, "Collected Company": 448, "Dromoka's Command": 692, "Eiganjo, Seat of the Empire": 723, "Elvish Mystic": 747, "Enduring Innocence": 765, "Hushwood Verge": 1211, "Kellan, Daring Traveler": 1348, "Llanowar Elves": 1481, "Plains": 1867, "Razorverge Thicket": 1973, "Restless Prairie": 2036, "Shefet Dunes": 2222, "Skyclave Apparition": 2284, "Temple Garden": 2510, "Thalia, Guardian of Thraben": 2535, "Werefox Bodyguard": 2866, "Anointed Peacekeeper_SB": 76, "Back to Nature_SB": 149, "Brutal Cathar_SB": 303, "Gideon, Ally of Zendikar_SB": 1002, "Portable Hole_SB": 1883, "Rest in Peace_SB": 2032, "The Wandering Emperor_SB": 2575, "Werefox Bodyguard_SB": 2867, "Bloodtithe Harvester": 241, "Unstoppable Slasher": 2742, "Fable of the Mirror-Breaker": 819, "Archfiend of the Dross": 95, "Thoughtseize": 2595, "Fatal Grudge": 843, "Unholy Annex // Ritual Chamber": 2728, "Sheoldred, the Apocalypse": 2228, "Duress": 701, "Heartless Act": 1145, "Blood Crypt": 231, "Blackcleave Cliffs": 211, "Mutavault": 1654, "Blightstep Pathway": 227, "Hive of the Eye Tyrant": 1181, "Swamp": 2464, "Urborg, Tomb of Yawgmoth": 2755, "Castle Locthwain": 359, "Sokenzan, Crucible of Defiance": 2325, "Den of the Bugbear": 597, "Takenuma, Abandoned Mire": 2485, "Blazemire Verge": 220, "Torch the Tower": 2643, "Hidetsugu Consumes All_SB": 1172, "Leyline of the Void_SB": 1444, "Anger of the Gods_SB": 64, "Duress_SB": 702, "Withering Torment_SB": 2894, "Go for the Throat_SB": 1037, "Torch the Tower_SB": 2644, "Niv-Mizzet Reborn": 1706, "Niv-Mizzet, Supreme": 1709, "The Scarab God": 2566, "Omnath, Locus of Creation": 1761, "Elenda, Saint of Dusk": 733, "Forest": 919, "Steam Vents": 2395, "Stomping Ground": 2407, "Overgrown Tomb": 1794, "Godless Shrine": 1060, "Gloomlake Verge": 1024, "Breeding Pool": 283, "Floodfarm Verge": 903, "Savai Triome": 2128, "Ziatora's Proving Ground": 2941, "Ketria Triome": 1359, "Spara's Headquarters": 2349, "Indatha Triome": 1228, "Cavern of Souls": 379, "Sacred Foundry": 2113, "Farewell": 841, "Sunfall": 2441, "Abrupt Decay": 6, "Leyline Binding": 1435, "Lightning Helix": 1459, "Vanishing Verse": 2779, "Dovin's Veto": 660, "Up the Beanstalk": 2749, "Overlord of the Hauntwoods": 1799, "Ancient Cornucopia": 59, "Leyline of Sanctity_SB": 1441, "Thought Distortion_SB": 2592, "Go Blank_SB": 1034, "Culling Ritual_SB": 532, "Adarkar Wastes": 17, "Curious Obsession": 537, "Geistlight Snare": 979, "Hallowed Fountain": 1112, "Hengegate Pathway": 1157, "Island": 1276, "Mausoleum Wanderer": 1558, "Otawara, Soaring City": 1782, "Rattlechains": 1962, "Seachrome Coast": 2159, "Shardmage's Rescue": 2214, "Sheltered by Ghosts": 2224, "Spectral Sailor": 2353, "Spell Queller": 2357, "Supreme Phantom": 2454, "Topplegeist": 2641, "Deafening Silence_SB": 567, "Enduring Innocence_SB": 766, "Get Lost_SB": 983, "Lofty Denial_SB": 1485, "March of Otherworldly Light_SB": 1537, "No More Lies_SB": 1712, "Surge of Salvation_SB": 2460, "Maelstrom Pulse": 1516, "Bring to Light": 293, "Deafening Clarion": 564, "Watery Grave": 2853, "Jetmir's Garden": 1301, "Knight of Autumn": 1372, "Kolaghan's Command": 1386, "Nahiri, the Harbinger": 1664, "Pillage the Bog": 1862, "Raffine's Tower": 1936, "Raugrin Triome": 1965, "Fabled Passage": 821, "Sylvan Caryatid": 2475, "Unmoored Ego": 2739, "Valki, God of Lies": 2770, "Mountain": 1640, "Extinction Event": 811, "Fatal Push_SB": 845, "Casualties of War_SB": 362, "Yasharn, Implacable Earth_SB": 2919, "Deafening Clarion_SB": 565, "Elenda, Saint of Dusk_SB": 734, "Kambal, Consul of Allocation_SB": 1321, "Dovin's Veto_SB": 661, "Yorion, Sky Nomad_SB": 2925, "Fatal Push": 844, "Go for the Throat": 1036, "Haunted Ridge": 1130, "Unlicensed Hearse_SB": 2736, "Invoke Despair_SB": 1270, "Anoint with Affliction_SB": 74, "The Meathook Massacre_SB": 2558, "Sulfurous Springs": 2434, "Fear of Missing Out": 855, "Kolaghan's Command_SB": 1387, "Quintorius Kand": 1929, "Spark Double": 2350, "Clever Impersonator": 437, "Trumpeting Carnosaur": 2682, "Magma Opus": 1523, "Creative Outburst": 514, "Roaring Furnace // Steaming Sauna": 2073, "Overlord of the Boilerbilges": 1797, "Horned Loch-Whale": 1194, "Consign // Oblivion": 478, "Release to the Wind": 2012, "Xander's Lounge": 2913, "Zagoth Triome": 2934, "Keruga, the Macrosage_SB": 1355, "Chandra, Awakened Inferno_SB": 400, "Virtue of Persistence_SB": 2802, "Vanquish the Horde_SB": 2781, "Connive // Concoct_SB": 476, "Torrential Gearhulk_SB": 2650, "Mirrorshell Crab_SB": 1603, "Feed the Swarm_SB": 864, "Anoint with Affliction": 73, "Bitter Triumph": 209, "Blade of the Oni": 215, "Reckoner Bankbuster_SB": 1991, "Sheoldred, the Apocalypse_SB": 2229, "Bloodletter of Aclazotz": 238, "Kroxa, Titan of Death's Hunger": 1402, "Liliana of the Veil_SB": 1466, "Ob Nixilis, the Adversary_SB": 1738, "Extinction Event_SB": 812, "Damping Sphere_SB": 542, "Atraxa, Grand Unifier": 125, "Linvala, the Preserver": 1473, "Zur, Eternal Schemer": 2947, "Overlord of the Mistmoors": 1800, "Overlord of the Floodpits": 1798, "Enigmatic Incarnation": 770, "Kutzil's Flanker": 1408, "Nowhere to Run": 1722, "Thoughtseize_SB": 2596, "Knockout Blow_SB": 1381, "Elspeth's Smite_SB": 741, "Archon of Emeria_SB": 100, "Ruric Thar, the Unbowed_SB": 2108, "Elesh Norn, Mother of Machines_SB": 736, "Narset, Parter of Veils": 1669, "Picklock Prankster": 1857, "Brazen Borrower": 280, "Arclight Phoenix": 102, "Into the Flood Maw": 1254, "Lightning Axe": 1457, "Opt": 1769, "Spell Pierce": 2355, "Fiery Impulse": 879, "Consider": 477, "Treasure Cruise": 2668, "Sleight of Hand": 2300, "Proft's Eidetic Memory": 1900, "Artist's Talent": 105, "Temporal Trespass": 2519, "Riverglide Pathway": 2066, "Spirebluff Canal": 2372, "Stormcarved Coast": 2410, "Shivan Reef": 2237, "Third Path Iconoclast_SB": 2585, "Mystical Dispute_SB": 1660, "Negate_SB": 1680, "Abrade_SB": 5, "Ashiok, Dream Render_SB": 110, "Annul_SB": 72, "Proft's Eidetic Memory_SB": 1901, "Into the Flood Maw_SB": 1255, "Brazen Borrower_SB": 281, "Graveyard Trespasser": 1079, "Caustic Bronco": 369, "Path of Peril_SB": 1826, "Necromentia_SB": 1675, "Monastery Swiftspear": 1626, "Soul-Scar Mage": 2342, "Slickshot Show-Off": 2303, "Kumano Faces Kakkazan": 1404, "Hazoret the Fervent": 1135, "Boltwave": 249, "Wizard's Lightning": 2897, "Skewer the Critics": 2278, "Monstrous Rage": 1628, "Burst Lightning": 316, "Witchstalker Frenzy": 2888, "Ghitu Lavarunner": 988, "Spikefield Hazard": 2367, "Ramunap Ruins": 1958, "Jegantha, the Wellspring_SB": 1298, "Pyroclasm_SB": 1917, "Rending Volley_SB": 2019, "Magebane Lizard_SB": 1522, "Rampaging Ferocidon_SB": 1956, "Twisted Fealty_SB": 2694, "Hazoret the Fervent_SB": 1136, "Chandra's Defeat_SB": 398, "Redcap Melee_SB": 1997, "Eldrazi Displacer": 727, "Elite Spellbinder": 737, "Boseiju, Who Endures": 267, "Branchloft Pathway": 275, "Greasefang, Okiba Boss": 1082, "Parhelion II": 1820, "Skysovereign, Consul Flagship": 2291, "Overlord of the Balemurk": 1795, "Elegant Parlor": 732, "Battlefield Forge": 180, "Concealed Courtyard": 470, "Vanishing Verse_SB": 2780, "Grisly Salvage": 1090, "Can't Stay Away": 332, "Stitcher's Supplier": 2403, "Esika's Chariot": 785, "Traverse the Ulvenwald": 2665, "Blooming Marsh": 242, "Cache Grab": 321, "Mana Confluence": 1530, "Llanowar Wastes": 1483, "Pawpatch Formation_SB": 1830, "Abrupt Decay_SB": 7, "Heartless Act_SB": 1146, "Ygra, Eater of All": 2922, "Cauldron Familiar": 368, "Witch's Oven": 2886, "Scavenger's Talent": 2139, "Claim the Firstborn": 431, "Mayhem Devil": 1560, "Deadly Dispute": 562, "Fountainport": 931, "Haywire Mite_SB": 1133, "Ghost Vacuum_SB": 991, "Castle Ardenvale": 356, "Deduce": 581, "Deserted Beach": 606, "Field of Ruin": 875, "Get Lost": 982, "Hall of Storm Giants": 1111, "March of Otherworldly Light": 1536, "Memory Deluge": 1568, "Meticulous Archive": 1582, "No More Lies": 1711, "Portable Hole": 1882, "Restless Anchorage": 2033, "Settle the Wreckage": 2199, "Supreme Verdict": 2455, "Teferi, Hero of Dominaria": 2507, "The Wandering Emperor": 2574, "Three Steps Ahead": 2605, "Beza, the Bounding Spring_SB": 198, "Summary Dismissal_SB": 2435, "Hullbreaker Horror_SB": 1207, "Farewell_SB": 842, "Emberheart Challenger": 750, "Heartfire Hero": 1142, "Manifold Mouse": 1531, "Callous Sell-Sword": 328, "Titan's Strength": 2628, "Dreadmaw's Ire": 680, "Claim // Fame": 429, "Rockface Village": 2078, "Reckless Rage_SB": 1987, "Urabrask's Forge_SB": 2752, "Assassin's Trophy": 119, "Deadly Cover-Up": 560, "Hostage Taker": 1198, "Pest Control_SB": 1842, "Giant Killer": 997, "Thalia, Heretic Cathar": 2537, "Elite Spellbinder_SB": 738, "Knight of Autumn_SB": 1373, "Oracle of Tragedy": 1772, "Evangel of Synthesis": 795, "Nighthawk Scavenger": 1690, "Urborg Scavengers": 2754, "Questing Beast": 1921, "Samut, Voice of Dissent": 2119, "Soulflayer": 2344, "Striped Riverwinder": 2425, "Sire of Seven Deaths": 2275, "Zetalpa, Primal Dawn": 2939, "Neoform": 1681, "Otherworldly Gaze": 1785, "Zombify": 2944, "Darkslick Shores": 548, "Botanical Sanctum": 270, "Pick Your Poison_SB": 1856, "Glacial Fortress": 1010, "Sunken Citadel": 2444, "High Noon_SB": 1176, "Narset, Parter of Veils_SB": 1670, "Supreme Verdict_SB": 2456, "Shark Typhoon_SB": 2217, "Kaheera, the Orphanguard_SB": 1311, "Flicker of Fate": 900, "Day of Judgment_SB": 555, "Kutzil's Flanker_SB": 1409, "Heliod's Intervention_SB": 1151, "Annul": 71, "Crackling Drake_SB": 503, "Prismari Command_SB": 1897, "Pawpatch Formation": 1829, "Volcanic Spite": 2818, "The Witch's Vanity": 2577, "Indomitable Creativity": 1229, "Valgavoth, Terror Eater": 2767, "Thornspire Verge": 2590, "Titan of Industry_SB": 2627, "Sire of Insanity_SB": 2274, "Turn the Earth_SB": 2688, "Restless Vents": 2040, "Molten Collapse_SB": 1620, "The End_SB": 2550, "Shark Typhoon": 2216, "Think Twice": 2583, "Mazemind Tome": 1562, "Castle Vantress": 361, "Lotus Field": 1501, "Thespian's Stage": 2579, "Thundertrap Trainer": 2615, "Strict Proctor": 2423, "Urza's Sylex": 2759, "Sunset Revelry_SB": 2450, "Sphinx's Revelation_SB": 2364, "Doppelgang_SB": 659, "Commit // Memory": 466, "High Noon": 1175, "Temporary Lockdown": 2520, "Aether Gust_SB": 25, "The Stone Brain_SB": 2573, "Brotherhood's End_SB": 300, "Saheeli, Sublime Artificer_SB": 2115, "Beacon Bolt_SB": 181, "Ledger Shredder_SB": 1426, "Cathar Commando_SB": 364, "Dreams of Steel and Oil_SB": 689, "Weathered Runestone_SB": 2858, "Infuriate": 1233, "Reckless Rage": 1986, "Turn Inside Out": 2686, "Screaming Nemesis_SB": 2154, "Herald of Eternal Dawn": 1158, "Hullbreaker Horror": 1206, "Irrigated Farmland": 1274, "Baneslayer Angel_SB": 163, "The End": 2549, "Raucous Theater": 1964, "Case of the Stashed Skeleton": 351, "Ob Nixilis, the Adversary": 1737, "Xenagos, God of Revels_SB": 2915, "Worldspine Wurm_SB": 2908, "Loran of the Third Path_SB": 1492, "Screaming Nemesis": 2153, "Boros Charm": 262, "Eidolon of the Great Revel": 721, "Inspiring Vantage": 1246, "Hired Claw": 1179, "Needleverge Pathway": 1678, "Destroy Evil_SB": 613, "Searing Blood_SB": 2166, "Skullcrack_SB": 2283, "Strict Proctor_SB": 2424, "Cut Down_SB": 541, "Boltwave_SB": 250, "Witchstalker Frenzy_SB": 2889, "Galvanic Iteration": 960, "Dig Through Time": 624, "Lightning Strike": 1462, "Hidden Strings": 1170, "Bond of Insight": 253, "Lier, Disciple of the Drowned": 1446, "Pore Over the Pages": 1879, "Valakut Awakening": 2764, "Vizier of Tumbling Sands": 2808, "Wish": 2885, "Expedition Map": 801, "Lier, Disciple of the Drowned_SB": 1447, "Nine Lives_SB": 1697, "Niv-Mizzet, Parun_SB": 1708, "Enduring Curiosity_SB": 764, "Day's Undoing": 556, "Dromoka's Command_SB": 693, "Bitter Triumph_SB": 210, "Beseech the Mirror": 194, "Culling Ritual": 531, "Darkbore Pathway": 547, "Deathcap Glade": 569, "Echoing Deeps": 713, "Festering Gulch": 872, "Gingerbread Cabin": 1006, "Hidden Necropolis": 1168, "Mystic Sanctuary": 1659, "Outrageous Robbery": 1790, "Path of Peril": 1825, "Restless Cottage": 2034, "Scapeshift": 2134, "Sentinel of the Nameless City": 2190, "Spelunking": 2360, "Splendid Reclamation": 2376, "Urgent Necropsy": 2757, "Vraska, Golgari Queen": 2834, "Cry of the Carnarium_SB": 524, "Glissa Sunslayer_SB": 1022, "Outrageous Robbery_SB": 1791, "Ritual of Soot_SB": 2065, "Tormod's Crypt_SB": 2647, "Thassa's Oracle": 2539, "Pithing Needle_SB": 1866, "Voice of Resurgence": 2810, "Leyline of the Guildpact": 1442, "Old-Growth Troll": 1752, "Polukranos Reborn": 1877, "Cavalier of Thorns": 375, "Storm the Festival": 2409, "Invasion of Ixalan": 1264, "Outcaster Trailblazer": 1788, "Kiora, Behemoth Beckoner": 1362, "Ulvenwald Oddity": 2709, "Nykthos, Shrine to Nyx": 1731, "Lair of the Hydra": 1412, "Ulamog, the Ceaseless Hunger": 2705, "Setessan Petitioner_SB": 2197, "Tail Swipe_SB": 2483, "Keen-Eyed Curator_SB": 1347, "Go Blank": 1033, "Cling to Dust": 441, "Transmogrify": 2661, "Mirrex": 1600, "Indomitable Creativity_SB": 1230, "Raffine's Informant": 1935, "Glissa Sunslayer": 1021, "Witherbloom Command": 2891, "Liliana of the Veil": 1465, "Mech Hangar": 1564, "Collective Brutality_SB": 451, "Claim // Fame_SB": 430, "Invoke Despair": 1269, "Spinner of Souls": 2369, "Light Up the Stage": 1453, "Deflecting Palm_SB": 588, "Kari Zev's Expertise_SB": 1326, "Archfiend of the Dross_SB": 96, "Fae of Wishes": 828, "Jwari Disruption": 1308, "Fiery Impulse_SB": 880, "Filter Out_SB": 885, "Galvanic Iteration_SB": 961, "Narset's Reversal_SB": 1668, "Thassa's Oracle_SB": 2540, "Beanstalk Giant": 182, "Spinewoods Armadillo": 2368, "Virtue of Persistence": 2801, "Greater Tanuki": 1084, "Bedeck // Bedazzle": 185, "Bedeck // Bedazzle_SB": 186, "Dragonlord Dromoka_SB": 665, "Roaring Furnace // Steaming Sauna_SB": 2074, "Ledger Shredder": 1425, "Spell Pierce_SB": 2356, "Ancestral Anger": 58, "Sheoldred's Edict_SB": 2227, "Arboreal Grazer": 87, "Chandra, Hope's Beacon": 403, "Omniscience": 1763, "Impulse": 1225, "Discontinuity": 631, "Sylvan Scrying": 2478, "Dark Petition": 544, "Bala Ged Recovery": 153, "Emergent Ultimatum": 752, "Temple of Mystery": 2515, "Zacama, Primal Calamity_SB": 2932, "Hope Tender_SB": 1190, "Ugin, the Spirit Dragon_SB": 2704, "Chandra, Hope's Beacon_SB": 404, "Temporary Lockdown_SB": 2521, "Torpor Orb_SB": 2648, "Giada, Font of Hope": 994, "Bishop of Wings": 204, "Righteous Valkyrie": 2054, "Resplendent Angel": 2029, "Kayla's Reconstruction": 1341, "Inspiring Overseer": 1245, "Aven Interrupter_SB": 136, "Authority of the Consuls_SB": 134, "Push // Pull": 1913, "Cease // Desist_SB": 383, "Realm-Cloaked Giant_SB": 1979, "Nezahal, Primal Tide_SB": 1683, "Haywire Mite": 1132, "Adeline, Resplendent Cathar": 18, "Brutal Cathar": 302, "Coppercoat Vanguard": 488, "Dauntless Bodyguard": 550, "Declaration in Stone": 579, "Extraction Specialist": 815, "Hopeful Initiate": 1191, "Recruitment Officer": 1994, "Thalia's Lieutenant": 2534, "Veteran Survivor": 2791, "Containment Priest_SB": 485, "Wedding Announcement_SB": 2862, "Sheltered by Ghosts_SB": 2225, "Play with Fire": 1870, "Obliterating Bolt_SB": 1740, "Tyvar, the Pummeler": 2701, "Kinnan, Bonder Prodigy": 1360, "Acererak the Archlich": 12, "Gwenna, Eyes of Gaea": 1106, "Honest Rutstein": 1186, "Rona, Herald of Invasion": 2085, "Relic of Legends": 2014, "Plaza of Heroes": 1873, "Tranquil Frillback": 2658, "Tranquil Frillback_SB": 2659, "Assassin's Trophy_SB": 120, "Change the Equation": 408, "Slogurk, the Overslime": 2307, "Tamiyo's Safekeeping_SB": 2492, "Agatha's Soul Cauldron_SB": 36, "Otawara, Soaring City_SB": 1783, "Balustrade Wurm": 157, "Grafdigger's Cage_SB": 1074, "Hallowed Moonlight_SB": 1114, "Snow-Covered Island": 2320, "Disdainful Stroke_SB": 632, "Reality Shift": 1976, "Bonecrusher Giant": 254, "Untimely Malfunction_SB": 2746, "Hallowed Moonlight": 1113, "Slickshot Show-Off_SB": 2304, "Sunpetal Grove": 2448, "Lush Portico": 1510, "Beza, the Bounding Spring": 197, "Titan of Industry": 2626, "Agent of Treachery": 37, "Tolsimir, Friend to Wolves": 2636, "Kenrith, the Returned King": 1353, "Elesh Norn, Mother of Machines": 735, "Heliod, the Radiant Dawn": 1152, "Nimble Larcenist": 1694, "Moon-Blessed Cleric": 1631, "Deputy of Detention": 602, "Glasspool Mimic": 1016, "Fires of Invention": 890, "Chained to the Rocks": 390, "Nylea's Presence": 1733, "Fry_SB": 948, "Radiant Flames_SB": 1934, "Copperline Gorge": 489, "Karplusan Forest": 1329, "Cragcrown Pathway": 505, "Inti, Seneschal of the Sun": 1250, "Scavenging Ooze": 2141, "Klothys, God of Destiny": 1370, "Reckless Stormseeker": 1988, "Voldaren Thrillseeker": 2821, "Embercleave": 749, "Obliterating Bolt": 1739, "The Huntsman's Redemption": 2554, "The Akroan War": 2541, "Gruul Charm_SB": 1094, "The Akroan War_SB": 2542, "Lukka, Bound to Ruin_SB": 1504, "Krenko's Buzzcrusher_SB": 1397, "Outland Liberator_SB": 1789, "Brightclimb Pathway": 287, "Caretaker's Talent": 338, "Carrot Cake": 342, "Caves of Koilos": 381, "Heliod's Intervention": 1150, "Legion's Landing": 1433, "Maskwood Nexus": 1551, "Rest in Peace": 2031, "Shattered Sanctum": 2219, "Volatile Fault": 2817, "Reidane, God of the Worthy_SB": 2011, "Molten Collapse": 1619, "Brave the Elements": 278, "Kytheon, Hero of Akros": 1411, "Declaration in Stone_SB": 580, "Unholy Annex && Ritual Chamber": 2726, "Cityscape Leveler_SB": 428, "Emrakul, the Promised End_SB": 757, "Scrapshooter_SB": 2151, "Spinner of Souls_SB": 2370, "Thrun, Breaker of Silence_SB": 2610, "Angel of Invention": 61, "Combat Celebrant": 461, "Fallaji Archaeologist": 837, "God-Pharaoh's Gift": 1059, "Kiora, the Rising Tide": 1363, "Refurbish": 2003, "Abhorrent Oculus_SB": 3, "Arashin Cleric_SB": 84, "Lukka, Coppercoat Outcast": 1505, "Mox Amber": 1641, "Oath of Nissa": 1735, "Retraction Helix": 2042, "Tyvar, Jubilant Brawler": 2700, "Aetherflux Reservoir_SB": 28, "Lukka, Coppercoat Outcast_SB": 1506, "Mox Amber_SB": 1642, "Retraction Helix_SB": 2043, "Choked Estuary": 418, "Ego Drain": 717, "Faerie Dreamthief": 830, "Faerie Fencing": 831, "Obyra, Dreaming Duelist": 1745, "Prairie Stream": 1890, "Shineshadow Snarl": 2235, "Sleep-Cursed Faerie": 2299, "Spell Stutter": 2358, "Sunken Hollow": 2446, "Talion, the Kindly Lord": 2490, "Talion's Messenger": 2489, "Twining Twins": 2691, "Cling to Dust_SB": 442, "Crippling Fear_SB": 516, "Flashfreeze_SB": 897, "Phantom Interference_SB": 1845, "Blessed Alliance": 223, "Builder's Talent": 304, "Elspeth, Sun's Champion": 744, "Furycalm Snarl": 954, "Reckoner Bankbuster": 1990, "Split Up": 2377, "Temple of Triumph": 2518, "Worldspine Wurm": 2907, "Gideon, Ally of Zendikar": 1001, "Blessed Alliance_SB": 224, "Exorcise_SB": 799, "Lightning Helix_SB": 1460, "Runed Halo_SB": 2106, "Assemble the Legion_SB": 121, "Battle Cry Goblin": 177, "Castle Embereth": 357, "Fanatical Firebrand": 839, "Fireblade Charger": 888, "Foundry Street Denizen": 930, "Goblin Instigator": 1045, "Goblin Piledriver": 1049, "Goblin Ringleader": 1051, "Goblin Warchief": 1057, "Krenko, Mob Boss": 1399, "Rundvelt Hordemaster": 2102, "Skirk Prospector": 2279, "Betrayer's Bargain_SB": 196, "By Force_SB": 319, "Experimental Frenzy_SB": 807, "Goblin Chainwhirler_SB": 1043, "Goblin Ringleader_SB": 1052, "Squee, Dubious Monarch_SB": 2385, "Strangle_SB": 2419, "Collateral Damage": 446, "Conspicuous Snoop": 480, "Exuberant Fuseling": 818, "Goblin Rabblemaster": 1050, "Reckless Bushwhacker": 1983, "Squee, Dubious Monarch": 2384, "Claim the Firstborn_SB": 432, "Collateral Damage_SB": 447, "Lightning Strike_SB": 1463, "Tibalt, Rakish Instigator_SB": 2616, "Game Trail": 963, "Glorybringer": 1027, "Halana and Alena, Partners": 1110, "Pawpatch Recruit": 1831, "Werewolf Pack Leader": 2868, "Cankerbloom_SB": 334, "Obstinate Baloth_SB": 1744, "Soul-Guide Lantern_SB": 2341, "Aspect of Hydra": 117, "Audacity": 128, "Hunter's Talent": 1208, "Keen-Eyed Curator": 1346, "Nullhide Ferox": 1727, "Pelt Collector": 1837, "Quirion Beastcaller": 1930, "Steel Leaf Champion": 2397, "Garruk's Uprising_SB": 967, "Ghalta, Primal Hunger_SB": 987, "Ram Through_SB": 1952, "Snakeskin Veil_SB": 2317, "All That Glitters": 47, "Cartouche of Solidarity": 343, "Ethereal Armor": 794, "Fortified Village": 924, "Generous Visitor": 980, "Gladecover Scout": 1011, "Gryff's Boon": 1097, "Light-Paws, Emperor's Voice": 1456, "Sentinel's Eyes": 2192, "Toadstool Admirer": 2631, "Apostle of Purifying Light_SB": 80, "Chaplain of Alms_SB": 411, "Healer's Hawk_SB": 1141, "Karametra's Blessing_SB": 1325, "Access Tunnel": 11, "Crawling Barrens": 512, "Desecration Demon": 605, "Evolved Sleeper": 796, "Ifnir Deadlands": 1215, "Kaervek, the Punisher": 1309, "March of Wretched Sorrow": 1540, "Memorial to Folly": 1567, "Misery's Shadow": 1605, "Murderous Rider": 1652, "Power Word Kill": 1888, "Rush of Dread": 2109, "Bloodchief's Thirst_SB": 236, "Deathmark_SB": 571, "Glistening Deluge_SB": 1023, "Languish_SB": 1414, "Mazemind Tome_SB": 1563, "Ob Nixilis Reignited_SB": 1736, "Abrade": 4, "Dazzling Angel": 558, "Divine Smite": 644, "Elspeth's Smite": 740, "Exemplar of Light": 798, "Firemane Avenger": 889, "Leyline of Hope": 1439, "Wind-Scarred Crag": 2882, "Youthful Valkyrie": 2930, "Bomat Courier": 251, "Falkenrath Gorger": 836, "Fiery Temper": 881, "Foreboding Ruins": 916, "Olivia, Mobilized for War": 1753, "Scrapheap Scrounger": 2149, "Smuggler's Copter": 2312, "Unlicensed Disintegration": 2733, "Forerunner of Slaughter": 918, "Bonecrusher Giant_SB": 255, "Shock_SB": 2239, "Transgress the Mind_SB": 2660, "Rakdos Charm_SB": 1940, "Briarbridge Tracker": 285, "Case of the Filched Falcon": 348, "Gilded Goose": 1005, "Hard-Hitting Question": 1119, "Kitesail Larcenist": 1366, "Metallic Rebuke": 1578, "Restless Vinestalk": 2041, "Spyglass Siren": 2383, "Subterranean Schooner": 2431, "Teething Wurmlet": 2506, "Tough Cookie": 2652, "Vineglimmer Snarl": 2795, "Yavimaya Coast": 2921, "Zoetic Glyph": 2943, "Briarbridge Tracker_SB": 286, "Forest_SB": 920, "Hard-Hitting Question_SB": 1120, "Island_SB": 1277, "Reclamation Sage_SB": 1992, "Unsummon_SB": 2744, "Candy Trail": 333, "Night of the Sweets' Revenge": 1689, "Rampage of the Clans": 1953, "Hangarback Walker_SB": 1117, "Royal Treatment_SB": 2094, "Scavenging Ooze_SB": 2142, "The Filigree Sylex_SB": 2552, "Wear Down_SB": 2857, "Earthshaker Khenra": 710, "Fervent Champion": 871, "Goblin Chainwhirler": 1042, "Kellan, Planar Trailblazer": 1349, "Mirran Banesplitter": 1599, "Rampaging Ferocidon": 1955, "Rimrock Knight": 2055, "Aethersphere Harvester_SB": 30, "Burning Hands_SB": 312, "Unchained Berserker_SB": 2716, "Azorius Guildgate": 146, "Boros Guildgate": 264, "Dimir Guildgate": 626, "Escape to the Wilds": 783, "Gate Colossus": 970, "Gatebreaker Ram": 971, "Gates Ablaze": 972, "Gateway Plaza": 973, "Glaive of the Guildpact": 1012, "Golgari Guildgate": 1066, "Growth Spiral": 1091, "Gruul Guildgate": 1095, "Guild Summit": 1101, "Hour of Promise": 1202, "Izzet Guildgate": 1284, "Maze's End": 1561, "Open the Gates": 1766, "Orzhov Guildgate": 1776, "Plaza of Harmony": 1872, "Rakdos Guildgate": 1941, "Selesnya Guildgate": 2184, "Simic Guildgate": 2267, "Thran Portal": 2601, "Archway Angel_SB": 101, "Broken Bond_SB": 297, "Fog_SB": 912, "Void Rend_SB": 2815, "Crackling Perimeter_SB": 504, "Censor": 388, "Crackling Drake": 502, "Enigma Drake": 769, "Strategic Planning": 2422, "Sulfur Falls": 2433, "Tolarian Terror": 2634, "Wandering Fumarole": 2839, "Essence Scatter_SB": 791, "Frantic Firebolt_SB": 936, "Absorb": 8, "Behold the Multiverse": 190, "Day of Judgment": 554, "Detention Sphere": 616, "Lay Down Arms": 1421, "Saw It Coming": 2132, "Soul Partition": 2336, "Thirst for Discovery": 2586, "Change the Equation_SB": 409, "Elspeth, Sun's Champion_SB": 745, "Regal Caracal_SB": 2007, "Primal Might": 1895, "Inscription of Abundance": 1240, "Garruk's Uprising": 966, "Experiment One_SB": 804, "Garruk's Harbinger_SB": 965, "Nullhide Ferox_SB": 1728, "Cast Down": 353, "Mishra's Foundry": 1607, "Tenacious Underdog": 2523, "Ultimate Price": 2707, "Unexpected Fangs": 2724, "Vadmir, New Blood": 2762, "Blot Out_SB": 245, "Drown in Sorrow_SB": 694, "Extract a Confession_SB": 813, "Pilfer_SB": 1860, "Tenacious Underdog_SB": 2524, "Toxin Analysis_SB": 2654, "Witch's Vengeance_SB": 2887, "Bloodchief's Thirst": 235, "Dread Fugue": 673, "Shoot the Sheriff": 2240, "Smoldering Marsh": 2311, "Bandit's Talent_SB": 159, "Lithomantic Barrage_SB": 1478, "Banehound": 162, "Collective Brutality": 450, "Curator of Mysteries": 536, "Metamorphic Alteration": 1581, "Mire Triton": 1598, "Nightveil Predator": 1692, "Underground River": 2721, "Disfigure_SB": 634, "Graveyard Trespasser_SB": 1080, "Noxious Grasp_SB": 1726, "Rush of Vitality_SB": 2110, "Witness Protection_SB": 2896, "Clockwork Percussionist": 443, "Darksteel Citadel": 549, "Experimental Synthesizer": 808, "Gleeful Demolition": 1019, "Goblin Blast-Runner": 1039, "Goblin Tomb Raider": 1055, "Implement of Combustion": 1224, "Krenko, Baron of Tin Street": 1398, "Legion Extruder": 1429, "Shrapnel Blast": 2248, "Voldaren Epicure": 2820, "Voltage Surge": 2824, "Sunshot Militia_SB": 2451, "Voltage Surge_SB": 2825, "Smash to Smithereens_SB": 2308, "Enduring Curiosity": 763, "Shacklegeist": 2202, "Slip Out the Back": 2305, "Duelist of the Mind": 700, "Essence Scatter": 790, "Flow of Knowledge": 908, "Haughty Djinn": 1129, "Negate": 1679, "Rona's Vortex": 2084, "Shore Up": 2242, "Steamcore Scholar": 2396, "Mocking Sprite_SB": 1614, "Quick Study_SB": 1926, "See Double_SB": 2174, "Shifting Grift_SB": 2232, "Atraxa, Grand Unifier_SB": 126, "Emeria's Call": 754, "Requisition Raid_SB": 2027, "Roiling Vortex_SB": 2083, "Atarka's Command": 123, "Blossoming Defense": 243, "Questing Druid": 1923, "Destructive Revelry_SB": 614, "End the Festivities_SB": 760, "Clearwater Pathway": 436, "Geier Reach Sanitarium": 978, "Shipwreck Marsh": 2236, "Tasigur, the Golden Fang": 2501, "Dark Betrayal_SB": 543, "Big Score": 199, "Slaughter Games_SB": 2295, "Bushwhack": 318, "Innkeeper's Talent": 1236, "Snakeskin Veil": 2316, "Nahiri, the Harbinger_SB": 1665, "Split Up_SB": 2378, "Restless Fortress": 2035, "Blood Baron of Vizkopa_SB": 230, "Calix, Guided by Fate": 324, "Jukai Naturalist": 1306, "Overgrown Farmland": 1793, "Royal Treatment": 2093, "Seal from Existence": 2162, "Ghostly Dancers_SB": 993, "Seal from Existence_SB": 2163, "Herd Migration": 1163, "Gyruda, Doom of Depths_SB": 1108, "Mockingbird": 1615, "Stern Dismissal": 2399, "Aloe Alchemist": 48, "Burning-Tree Emissary": 314, "Cunning Coyote": 534, "Zurgo Bellstriker": 2949, "Shapers' Sanctuary_SB": 2213, "Guardian of Faith_SB": 1099, "Faerie Miscreant": 834, "Floodpits Drowner": 904, "Kaito, Bane of Nightmares": 1314, "Moon-Circuit Hacker": 1632, "Satoru, the Infiltrator": 2126, "Blacklance Paragon": 212, "Brineborn Cutthroat": 291, "Cunning Nightbonder": 535, "Drowned Catacomb": 696, "Reasonable Doubt": 1980, "Sea-Dasher Octopus": 2158, "Slitherwisp": 2306, "Ashiok's Erasure_SB": 109, "Spectral Adversary_SB": 2352, "Kitesail Freebooter_SB": 1365, "Nighthawk Scavenger_SB": 1691, "Confounding Riddle": 475, "Fires of Victory": 891, "Frostboil Snarl": 946, "Ill-Timed Explosion": 1216, "Izzet Charm": 1283, "Make Disappear": 1526, "Phantom Interference": 1844, "Restless Spire": 2039, "Stern Lesson": 2401, "Temple of Epiphany": 2513, "Torrential Gearhulk": 2649, "Unable to Scream_SB": 2713, "Roast_SB": 2075, "Abyssal Harvester": 9, "Altanak, the Thrice-Called": 53, "Badlands Revival": 150, "Fertile Thicket": 870, "Festerleech": 873, "Foul Orchard": 926, "Ghalta, Primal Hunger": 986, "Gix's Command": 1008, "Hedge Shredder": 1148, "Hero's Downfall": 1165, "Jungle Hollow": 1307, "Long Goodbye": 1486, "Quilled Greatwurm": 1928, "Say Its Name": 2133, "Slavering Branchsnapper": 2297, "Slice from the Shadows": 2301, "Spectral Snatcher": 2354, "Frantic Strength_SB": 938, "Murder_SB": 1649, "Nowhere to Run_SB": 1723, "Savor_SB": 2131, "Stab_SB": 2388, "Vraska's Fall_SB": 2832, "Alesha, Who Laughs at Fate": 46, "Call of the Death-Dweller": 325, "Davriel, Rogue Shadowmage": 551, "Dreams of Steel and Oil": 688, "Fell": 867, "Grasp of Darkness": 1077, "Master of Cruelties": 1555, "Osteomancer Adept": 1781, "Rakdos, the Muscle": 1945, "Razorlash Transmogrant": 1971, "Razortrap Gorge": 1972, "Seize the Spoils": 2182, "Illness in the Ranks_SB": 1218, "Kaervek, the Spiteful_SB": 1310, "Painful Quandary_SB": 1809, "Skysovereign, Consul Flagship_SB": 2292, "Eddymurk Crab": 714, "Ephara's Dispersal": 776, "Fading Hope": 826, "Long River's Pull": 1488, "Stormwing Entity": 2417, "Make Disappear_SB": 1527, "Test of Talents_SB": 2531, "Unsubstantiate_SB": 2743, "Gnarled Scarhide": 1028, "Madcap Skills": 1515, "Minotaur Skullcleaver": 1597, "Mogis's Marauder": 1617, "Rakdos Cackler": 1939, "Rakdos Shred-Freak": 1943, "Shock": 2238, "Spike Jester": 2366, "Tormented Hero": 2645, "Doom Blade_SB": 653, "Ultimate Price_SB": 2708, "Consuming Aberration": 481, "Contaminated Aquifer": 486, "Deep-Cavern Bat": 582, "Didn't Say Please": 623, "Dismal Backwater": 635, "Dreadwaters": 682, "Duskmantle Guildmage": 707, "Fell Specter": 868, "Gnawing Vermin": 1031, "Jhessian Thief": 1302, "Mind Carver": 1590, "Mind Drain": 1591, "Murder": 1648, "Nezumi Informant": 1684, "Orzhov Racketeers": 1777, "Painful Quandary": 1808, "Paranoid Delusions": 1819, "Pilfered Plans": 1861, "Psychic Strike": 1911, "Razzle-Dazzler": 1974, "Read the Bones": 1975, "Short Bow": 2245, "Sleep": 2298, "Tasha's Hideous Laughter": 2500, "The Mindskinner": 2561, "Tinybones, Bauble Burglar": 2621, "Typhoid Rats": 2695, "Wall of Frost": 2838, "Waste Not": 2848, "Witness Protection": 2895, "Aspect of Lamprey_SB": 118, "Blood Pact_SB": 232, "Crypt Incursion_SB": 525, "Dreadwaters_SB": 683, "Frogify_SB": 944, "Professor's Warning_SB": 1899, "Rogue's Gloves_SB": 2081, "Shore Up_SB": 2243, "Sinister Possession_SB": 2272, "Solemn Simulacrum_SB": 2328, "Sphinx of Magosi_SB": 2361, "Thieving Otter_SB": 2581, "Unlikely Aid_SB": 2737, "Zombify_SB": 2945, "Coruscation Mage": 495, "Reckless Impulse": 1985, "Snow-Covered Mountain": 2321, "Viashino Pyromancer": 2792, "Wrenn's Resolve": 2912, "Giant Cindermaw_SB": 995, "Lightning Mare_SB": 1461, "Wrangle_SB": 2910, "Ancient Imperiosaur": 60, "Belligerent Yearling": 192, "Hulking Raptor": 1205, "Intrepid Paleontologist": 1259, "Ixalli's Lorekeeper": 1281, "Otepec Huntmaster": 1784, "Palani's Hatcher": 1814, "Pugnacious Hammerskull": 1912, "Regisaur Alpha": 2009, "Shifting Ceratops": 2230, "Zacama, Primal Calamity": 2931, "Triumphant Chomp": 2679, "Tail Swipe": 2482, "Fight Rigging": 882, "Restless Ridgeline": 2038, "Secluded Courtyard": 2171, "Unclaimed Territory": 2717, "Shifting Ceratops_SB": 2231, "Thrashing Brontodon_SB": 2604, "Triumphant Chomp_SB": 2680, "Zada, Hedron Grinder": 2933, "Frenzied Goblin": 941, "Goblin Surprise": 1053, "Thrill of Possibility": 2608, "Goblin Negotiation": 1048, "Redcap Gutter-Dweller": 1995, "Guttersnipe": 1105, "Impact Tremors": 1223, "Goblin Boarders": 1040, "War Squeak": 2841, "Bulk Up": 307, "Goblin Heelcutter": 1044, "Pyrewild Shaman": 1915, "Rigging Runner": 2053, "Subterranean Scout": 2432, "Goblinslide": 1058, "Hellraiser Goblin": 1154, "Demonic Ruckus": 595, "Searslicer Goblin_SB": 2168, "Rundvelt Hordemaster_SB": 2103, "Siege-Gang Commander_SB": 2252, "Goblin Boarders_SB": 1041, "Goblin Surprise_SB": 1054, "Frenzied Goblin_SB": 942, "Cruel Somnophage": 518, "Drown in the Loch": 695, "Founding the Third Path": 929, "Fraying Sanity": 939, "Mercurial Spelldancer": 1574, "Mind Sculpt": 1592, "Ruin Crab": 2098, "Sign in Blood": 2255, "Syr Konrad, the Grim": 2481, "Bitter Chill_SB": 207, "Chart a Course_SB": 414, "Sphinx's Tutelage_SB": 2365, "Terisian Mindbreaker_SB": 2526, "Armored Kincaller": 104, "Burning Sun Cavalry": 313, "Captivating Cave": 337, "Cavern Stomper": 378, "Colossadactyl": 457, "Dinotomaton": 628, "Disturbed Slumber": 640, "Earthshaker Dreadmaw": 709, "Hidden Nursery": 1169, "Itzquinth, Firstborn of Gishath": 1280, "Nurturing Bristleback": 1729, "Over the Edge": 1792, "Panicked Altisaur": 1815, "Pathfinding Axejaw": 1828, "Poison Dart Frog": 1876, "Promising Vein": 1903, "Rampaging Ceratops": 1954, "Rumbling Rockslide": 2100, "Scytheclaw Raptor": 2155, "Seeker of Sunlight": 2178, "Seismic Monstrosaur": 2180, "The Skullspore Nexus": 2570, "Walk with the Ancestors": 2837, "Quirion Dryad": 1931, "Deeproot Champion": 584, "Temple of Abandon": 2511, "Rootbound Crag": 2086, "Bristling Backwoods": 294, "Domri's Ambush_SB": 651, "Abandoned Campground": 0, "Dollmaker's Shop // Porcelain Gallery": 650, "Entity Tracker": 773, "Grand Entryway // Elegant Rotunda": 1076, "Gremlin Tamer": 1086, "Inquisitive Glimmer": 1238, "Lionheart Glimmer": 1477, "Niko, Light of Hope": 1693, "Terramorphic Expanse": 2527, "Unable to Scream": 2712, "Oppressive Rays": 1768, "Optimistic Scavenger": 1770, "Kitnap_SB": 1368, "Minor Misstep_SB": 1596, "Divine Resilience_SB": 643, "Paladin Class_SB": 1813, "Fear of Impostors_SB": 853, "Builder's Talent_SB": 305, "Stay Hidden, Stay Silent_SB": 2394, "Fortified Beachhead": 923, "Reflector Mage_SB": 2002, "Sheoldred's Edict": 2226, "Bedlam Reveler": 188, "Demilich": 589, "Grab the Prize": 1072, "Highway Robbery": 1177, "Pyroclasm": 1916, "Tome Scour": 2638, "Warlord's Fury": 2845, "Ox of Agonas_SB": 1806, "Camellia, the Seedmiser": 330, "Feed the Cycle": 861, "Honored Dreyleader": 1187, "Necroblossom Snarl": 1674, "Savor": 2130, "Temple of Malady": 2514, "Thornvault Forager": 2591, "Trail of Crumbs": 2656, "Valley Rotcaller": 2773, "Vinereap Mentor": 2796, "Woodland Cemetery": 2904, "Feed the Cycle_SB": 862, "Life Goes On_SB": 1448, "Camellia, the Seedmiser_SB": 331, "Ayara, First of Locthwain": 143, "Brain Maggot": 274, "Erebos, Bleak-Hearted": 778, "Foulmire Knight": 928, "Gray Merchant of Asphodel": 1081, "Infernal Grasp": 1232, "Phyrexian Arena": 1847, "Underworld Dreams": 2723, "Warlock Class": 2844, "Corrupt_SB": 494, "Power Word Kill_SB": 1889, "Whack_SB": 2870, "Arcane Infusion": 89, "Peculiar Lighthouse": 1834, "Prismari Command": 1896, "Secrets of the Key": 2172, "Silundi Vision": 2259, "Xenagos, God of Revels": 2914, "Aetherize_SB": 29, "Dispel_SB": 636, "Into the Roil_SB": 1256, "Volcanic Spite_SB": 2819, "Zetalpa, Primal Dawn_SB": 2940, "Akroan Crusader": 45, "Cinder Glade": 423, "Collision // Colossus": 456, "Dreadhorde Arcanist": 677, "Enter the Unknown": 772, "Expedite": 800, "Mirrorwing Dragon": 1604, "Season of Growth": 2169, "Silverfur Partisan": 2263, "Tyvar's Stand": 2698, "Young Pyromancer": 2928, "Temur Battle Rage_SB": 2522, "Turn Inside Out_SB": 2687, "Unnatural Moonrise_SB": 2741, "Flame-Blessed Bolt_SB": 895, "Ral, Izzet Viceroy_SB": 1949, "Sweltering Suns_SB": 2468, "You See a Guard Approach_SB": 2926, "Adult Gold Dragon": 20, "Aether Hub": 26, "Attune with Aether": 127, "Gather the Pack": 976, "Lotleth Troll": 1499, "Cragplate Baloth_SB": 506, "Plains_SB": 1868, "Sporeweb Weaver_SB": 2380, "Beastie Beatdown": 184, "Bitter Reunion": 208, "Footfall Crater": 914, "Omnivorous Flytrap": 1764, "Ox of Agonas": 1805, "Patchwork Beastie": 1824, "Rubblebelt Maverick": 2096, "Wildfire Wickerfolk": 2877, "Return to Nature_SB": 2047, "Alseid of Life's Bounty": 52, "Hateful Eidolon": 1128, "Karametra's Blessing": 1324, "Selfless Savior": 2187, "Sram, Senior Edificer": 2387, "Stonecoil Serpent": 2408, "Agent of the Fates_SB": 39, "Dead Weight_SB": 559, "Eriette of the Charmed Apple_SB": 779, "Pacifism_SB": 1807, "Case of the Crimson Pulse": 346, "Play with Fire_SB": 1871, "Vengeful Possession_SB": 2789, "Vindictive Flamestoker_SB": 2794, "Bristling Hydra": 295, "Electrostatic Pummeler": 731, "Fling": 901, "Ghor-Clan Rampager": 989, "Harnessed Lightning": 1124, "Hashep Oasis": 1127, "Invigorated Rampage": 1268, "Rhonas the Indomitable": 2049, "Servant of the Conduit": 2195, "Voltaic Brawler": 2826, "Axebane Ferox_SB": 141, "Deathgorge Scavenger_SB": 570, "Gruul Spellbreaker_SB": 1096, "Insult // Injury_SB": 1248, "Sorcerous Spyglass_SB": 2332, "Wilt_SB": 2881, "Cave of the Frost Dragon": 377, "Legion Angel": 1427, "Ossification": 1779, "Snow-Covered Plains": 2322, "Brave the Elements_SB": 279, "Extraction Specialist_SB": 816, "Legion Angel_SB": 1428, "Not on My Watch": 1717, "Scavenger Grounds": 2137, "Gideon's Triumph_SB": 1000, "Bandit's Talent": 158, "Cast Out": 354, "Demonic Pact": 594, "Doom Foretold": 654, "Evolving Wilds": 797, "Hopeful Vigil": 1192, "Hopeless Nightmare": 1193, "Kaya's Wrath": 1337, "Oath of Kaya": 1734, "Sigil of the Empty Throne": 2254, "Spirit-Sister's Call": 2374, "Temple of Silence": 2517, "The Birth of Meletis": 2544, "Treacherous Blessing": 2666, "Trial of Ambition": 2675, "Banishing Light_SB": 167, "Cast Out_SB": 355, "Dreadhorde Invasion_SB": 679, "Kaya, Orzhov Usurper_SB": 1340, "Trespasser's Curse_SB": 2674, "Bloodsoaked Champion": 239, "Usher of the Fallen": 2761, "Gutterbones": 1104, "Mardu Woe-Reaper": 1543, "Blood-Chin Rager": 234, "Dire Tactics": 630, "Mardu Strike Leader": 1542, "Arashin Foremost": 85, "Rally the Ranks": 1950, "Isolated Chapel": 1279, "Chief of the Edge": 416, "Secure the Wastes": 2173, "Garruk's Harbinger": 964, "Lifecrafter's Bestiary": 1451, "Feed the Clan_SB": 860, "Skylasher_SB": 2289, "Skyreaping_SB": 2290, "Botanical Brawler": 269, "Conclave Mentor": 473, "Enduring Bondwarden": 761, "Gala Greeters": 958, "Good-Fortune Unicorn": 1069, "Hangarback Walker": 1116, "Hardened Scales": 1121, "Mossborn Hydra": 1637, "Ochre Jelly": 1746, "Ornery Tumblewagg": 1774, "Skyknight Squire": 2288, "Sylvan Scavenging": 2477, "Temple of Plenty": 2516, "Wildwood Scourge": 2878, "Gaea's Gift_SB": 957, "Gnarlid Colony_SB": 1029, "Inscription of Abundance_SB": 1241, "Kutzil, Malamet Exemplar_SB": 1410, "Trash the Town_SB": 2664, "Burn Bright": 308, "Chimney Rabble": 417, "Crashing Drawbridge": 509, "Domri, Anarch of Bolas": 652, "Fissure Wizard": 893, "Goblin Arsonist": 1038, "Goblin Javelineer": 1046, "Goblin Morningstar": 1047, "Goblin Trailblazer": 1056, "Grumgully, the Generous": 1092, "Heraldic Banner": 1160, "Hobgoblin Bandit Lord": 1182, "Hulking Bugbear": 1204, "Renata, Called to the Hunt": 2018, "Return of the Wildspeaker": 2045, "Rhythm of the Wild": 2050, "Subira, Tulzidi Caravanner": 2429, "You See a Pair of Goblins": 2927, "Krenko, Mob Boss_SB": 1400, "Krenko, Tin Street Kingpin_SB": 1401, "Drannith Healer": 670, "Drannith Stinger": 672, "Flameblade Adept": 896, "Flourishing Fox": 907, "Hollow One": 1183, "Valiant Rescuer": 2769, "Go for Blood": 1035, "Zenith Flare": 2937, "Reptilian Reflection": 2023, "Clifftop Retreat": 440, "Fateful Absence_SB": 847, "Irencrag Pyromancer_SB": 1272, "Rip Apart_SB": 2056, "Death-Rattle Oni": 568, "Kessig Flamebreather": 1356, "Blazing Volley": 221, "Crash Through": 508, "Cinderclasm": 424, "Electrickery": 730, "Seismic Wave": 2181, "Stolen Vitality": 2406, "Untimely Malfunction": 2745, "Burn Down the House_SB": 310, "Smoldering Egg_SB": 2310, "Swamp_SB": 2465, "Edgewall Inn": 715, "Edgewall Innkeeper": 716, "Lovestruck Beast": 1502, "Lucky Clover": 1503, "Midnight Reaper": 1586, "Mosswood Dreadknight": 1638, "Order of Midnight": 1773, "Smitten Swordmaster": 2309, "Massacre Girl_SB": 1552, "Stormkeld Vanguard_SB": 2413, "Leyline of the Void": 1443, "Mephitic Draught": 1573, "Shambling Vent": 2211, "The Restoration of Eiganjo": 2564, "Tithing Blade": 2630, "Yorion, Sky Nomad": 2924, "Corpses of the Lost_SB": 493, "Doom Foretold_SB": 655, "Life of Toshiro Umezawa_SB": 1449, "Burn Down the House": 309, "Flame-Blessed Bolt": 894, "Refute": 2004, "Vampires' Vengeance": 2776, "Pelakka Wurm_SB": 1836, "Fateful Absence": 846, "No Witnesses": 1714, "Port Town": 1880, "Temple of Enlightenment": 2512, "Day's Undoing_SB": 557, "Divine Smite_SB": 645, "Jace, Architect of Thought_SB": 1288, "No Witnesses_SB": 1715, "Startling Development": 2392, "Memory Leak": 1571, "Frostveil Ambush": 947, "Boon of the Wish-Giver": 261, "Eroded Canyon": 780, "Essence Capture": 787, "Galvanize": 962, "Mind Spiral": 1593, "Pit of Offerings": 1865, "Scorching Shot": 2144, "Slick Sequence": 2302, "Winged Words": 2884, "Into the Fire_SB": 1253, "Tolarian Terror_SB": 2635, "Wildfire Howl_SB": 2876, "Flowerfoot Swordmaster": 909, "Mabel, Heir to Cragflame": 1513, "Seedglaive Mentor": 2177, "Whiskervale Forerunner": 2871, "Crumb and Get It": 520, "Might of the Meek": 1587, "Rabid Gnaw": 1932, "Banishing Light": 166, "Abzan Charm": 10, "Deathmist Raptor": 572, "Den Protector": 596, "Mastery of the Unseen": 1557, "Sandsteppe Citadel": 2121, "Satyr Wayfinder": 2127, "Siege Rhino": 2251, "Unyielding Gatekeeper": 2748, "Depopulate_SB": 601, "Azure Beastbinder": 147, "Karumonix, the Rat King": 1330, "Lord Skitter, Sewer King": 1495, "Nashi, Searcher in the Dark": 1671, "Persistent Marshstalker": 1840, "Piper of the Swarm": 1864, "Shoreline Looter": 2244, "Tangled Colony": 2496, "Vren, the Relentless": 2835, "Disfigure": 633, "Gossip's Talent": 1071, "Tangled Colony_SB": 2497, "Bring the Ending_SB": 292, "Pile On_SB": 1859, "Chainsaw": 392, "Ingenious Smith": 1235, "Nahiri's Resolve": 1661, "Ornithopter": 1775, "Springleaf Drum": 2382, "Thousand Moons Smithy": 2597, "Thraben Inspector": 2600, "Tinker's Tote": 2619, "Dusk Rose Reliquary_SB": 706, "Unidentified Hovership_SB": 2729, "Razorkin Needlehead_SB": 1970, "Sunspine Lynx_SB": 2453, "Archdruid's Charm": 92, "Peer into the Abyss": 1835, "Approach of the Second Sun_SB": 81, "Emergent Ultimatum_SB": 753, "Silence_SB": 2256, "Soul Partition_SB": 2337, "Sphinx of the Final Word_SB": 2362, "Invasion of Gobakhan": 1262, "Settle the Wreckage_SB": 2200, "Skyclave Apparition_SB": 2285, "Blood Baron of Vizkopa": 229, "Yasharn, Implacable Earth": 2918, "Feed the Swarm": 863, "Sorin the Mirthless": 2333, "Undercity Sewers": 2719, "Chrome Host Seedshark_SB": 422, "Jace, Vryn's Prodigy_SB": 1290, "Kalitas, Traitor of Ghet_SB": 1319, "Notion Thief_SB": 1720, "Chord of Calling": 419, "Dwynen's Elite": 708, "Elvish Archdruid": 746, "Elvish Warmaster": 748, "Gnarlroot Trapper": 1030, "Jaspera Sentinel": 1294, "Leaf-Crowned Visionary": 1424, "Shaman of the Pack": 2209, "Three Tree City": 2607, "Turntimber Symbiosis": 2689, "Deep-Cavern Bat_SB": 583, "Masked Vandal_SB": 1550, "Soulless Jailer_SB": 2345, "Reflector Mage": 2001, "Metropolis Reformer": 1583, "Lion Sash": 1475, "Fable of the Mirror-Breaker_SB": 820, "Virtue of Loyalty": 2799, "Thud": 2611, "Emry, Lurker of the Loch": 758, "Jeskai Ascendancy": 1299, "Mishra's Research Desk": 1608, "Saheeli, Sublime Artificer": 2114, "Tormod's Crypt": 2646, "Valley Floodcaller_SB": 2772, "Valorous Stance_SB": 2775, "Anger of the Gods": 63, "Alpha Authority": 49, "Sixth Sense": 2277, "Skrelv, Defector Mite": 2281, "Adanto Vanguard_SB": 16, "Hushbringer_SB": 1210, "Invasion of Gobakhan_SB": 1263, "Case of the Crimson Pulse_SB": 347, "Devout Decree_SB": 619, "Eidolon of the Great Revel_SB": 722, "Pillage the Bog_SB": 1863, "Cindervines_SB": 425, "Containment Priest": 484, "Aether Channeler": 23, "Barkchannel Pathway": 171, "Decimator of the Provinces": 577, "Dreamdew Entrancer": 686, "Dreamroot Cascade": 687, "Elder Deep-Fiend": 724, "Fblthp, the Lost": 850, "Fierce Empath": 877, "Foul Emissary": 925, "Sanctum of Ugin": 2120, "Thought-Knot Seer": 2593, "Kogla, the Titan Ape_SB": 1385, "Thought-Knot Seer_SB": 2594, "Arid Archway": 103, "Castle Garenbrig": 358, "Fecund Greenshell": 859, "Insidious Fungus": 1243, "Risen Reef": 2061, "Blast Zone_SB": 219, "Sublime Epiphany": 2430, "Thundering Falls": 2614, "Unauthorized Exit": 2714, "Fiery Annihilation_SB": 878, "Cryptic Coat": 527, "Ensoul Artifact": 771, "Shadowspear": 2206, "Burst Lightning_SB": 317, "Cryptic Coat_SB": 528, "Arahbo, the First Fang": 83, "Brimaz, King of Oreskos": 289, "Felidar Cub": 865, "Feline Sovereign": 866, "Fleecemane Lion": 898, "Regal Caracal": 2006, "Sacred Cat": 2112, "Savannah Lions": 2129, "Lion Sash_SB": 1476, "Assimilation Aegis": 122, "Brass Knuckles": 276, "Fabrication Foundry": 822, "Inventors' Fair": 1267, "Lavaspur Boots": 1418, "Leyline Axe": 1434, "Metalwork Colossus": 1580, "Moonsnare Prototype": 1634, "Simulacrum Synthesizer": 2270, "The Irencrag": 2555, "Metallic Rebuke_SB": 1579, "Mystic Forge_SB": 1656, "Hostile Hostel": 1199, "Arasta of the Endless Web_SB": 86, "Monstrous Emergence_SB": 1627, "Reckless Stormseeker_SB": 1989, "Ascendant Spirit": 106, "Faceless Haven": 823, "Plumecreed Escort": 1874, "Fading Hope_SB": 827, "Icon of Ancestry_SB": 1214, "Plumecreed Escort_SB": 1875, "Case of the Gateway Express": 349, "Imodane's Recruiter": 1221, "Knight-Errant of Eos": 1379, "Novice Inspector": 1721, "Resolute Reinforcements": 2028, "Venerated Loxodon": 2786, "Warden of the Inner Sky": 2843, "Three Steps Ahead_SB": 2606, "Tocasia's Welcome_SB": 2633, "Metropolis Reformer_SB": 1584, "Surge of Salvation": 2459, "Archfiend of Depravity": 93, "Archfiend of Depravity_SB": 94, "Sphinx's Revelation": 2363, "Tale's End": 2487, "Urza's Sylex_SB": 2760, "Katilda, Dawnhart Martyr": 1331, "Cathartic Pyre": 365, "Jace, Wielder of Mysteries_SB": 1291, "Cosmic Rebirth": 496, "Alpine Moon_SB": 50, "Leyline of Combustion": 1437, "Razorkin Needlehead": 1969, "Torbran, Thane of Red Fell": 2642, "Urabrask's Forge": 2751, "Fade from History_SB": 825, "Sunfall_SB": 2442, "Withering Torment": 2893, "Loot, Exuberant Explorer": 1489, "Kitesail Larcenist_SB": 1367, "Unmoored Ego_SB": 2740, "Wear // Tear_SB": 2856, "Detention Sphere_SB": 617, "Kazandu Mammoth": 1343, "Crystal Barricade_SB": 530, "Thalia, Guardian of Thraben_SB": 2536, "Thalia, Heretic Cathar_SB": 2538, "Cacophony Scamp": 322, "Preacher of the Schism": 1891, "Prosperous Thief": 1907, "Rottenmouth Viper": 2089, "Misery's Shadow_SB": 1606, "Reasonable Doubt_SB": 1981, "Notion Thief": 1719, "Quicken": 1927, "Restless Reef": 2037, "Soulstone Sanctuary": 2348, "Deadly Cover-Up_SB": 561, "Valgavoth, Terror Eater_SB": 2768, "Hedge Maze": 1147, "Syr Ginger, the Meal Ender": 2479, "Third Path Iconoclast": 2584, "Stern Dismissal_SB": 2400, "Banish into Fable": 164, "Omen of the Sea": 1758, "The Celestus": 2547, "The Enigma Jewel": 2551, "Rockface Village_SB": 2079, "Lilah, Undefeated Slickshot": 1464, "Wandering Mind": 2840, "Reluctant Role Model": 2015, "Dawnbringer Cleric_SB": 553, "Doorkeeper Thrull_SB": 657, "Behold the Beyond": 189, "Voyaging Satyr": 2829, "Kaya's Ghostform": 1336, "Furnace Punisher": 953, "Snow-Covered Forest": 2319, "Snow-Covered Swamp": 2323, "March of Swirling Mist": 1538, "Faceless Haven_SB": 824, "Invasive Surgery_SB": 1266, "Nylea's Intervention_SB": 1732, "Polukranos Reborn_SB": 1878, "Nine Lives": 1696, "Deathrite Shaman": 573, "The Scarab God_SB": 2567, "Angel of Serenity": 62, "Roaring Furnace && Steaming Sauna": 2071, "Ruric Thar, the Unbowed": 2107, "Zur, Eternal Schemer_SB": 2948, "Cut Down": 540, "Shadowspear_SB": 2207, "Rakdos Joins Up": 1942, "Abhorrent Oculus": 2, "Pieces of the Puzzle": 1858, "Unholy Annex && Ritual Chamber_SB": 2727, "No One Left Behind": 1713, "Archon of Absolution_SB": 98, "Michiko's Reign of Truth": 1585, "Rite of Oblivion": 2062, "Rockfall Vale": 2080, "Anthem of Champions_SB": 77, "Shatterskull Smashing": 2220, "Kazuul's Fury": 1344, "Tinybones, the Pickpocket": 2622, "Authority of the Consuls": 133, "Castle Locthwain_SB": 360, "Thousand-Year Storm": 2599, "Stormsplitter": 2416, "March of Swirling Mist_SB": 1539, "Cathartic Pyre_SB": 366, "Tamiyo, Collector of Tales_SB": 2494, "Fear of Abduction": 851, "Virtue of Loyalty_SB": 2800, "Blue Sun's Twilight_SB": 247, "Eidolon of Rhetoric_SB": 720, "Overwhelming Remorse_SB": 1804, "Elspeth Conquers Death_SB": 739, "Disruption Protocol": 638, "Brotherhood's End": 299, "Vaultborn Tyrant": 2782, "Return the Favor_SB": 2046, "Noxious Gearhulk": 1724, "Path to the World Tree": 1827, "Hinterland Harbor": 1178, "Gloomshrieker": 1025, "Dennick, Pious Apprentice_SB": 599, "Bonny Pall, Clearcutter": 256, "Gallia of the Endless Dance": 959, "Ruby, Daring Tracker": 2097, "Bard Class": 170, "Samut, Vizier of Naktamun": 2118, "Hajar, Loyal Bodyguard": 1109, "Migloz, Maze Crusher": 1588, "Agatha of the Vile Cauldron": 34, "Targ Nar, Demon-Fang Gnoll": 2499, "Xenagos, the Reveler": 2916, "Pick Your Poison": 1855, "Gyruda, Doom of Depths": 1107, "Sundown Pass": 2440, "Warrant // Warden": 2847, "Reduce // Rubble_SB": 2000, "Response // Resurgence_SB": 2030, "Sire of Seven Deaths_SB": 2276, "Questing Druid_SB": 1924, "Dissection Tools": 639, "Dollmaker's Shop && Porcelain Gallery": 649, "Enduring Vitality": 768, "Kami of Transience": 1322, "Scattered Groves": 2135, "Seal Away": 2160, "Fragmentize_SB": 935, "Seal Away_SB": 2161, "Surgical Suite && Hospital Room_SB": 2461, "Regal Bunnicorn": 2005, "Commercial District": 465, "Scrapshooter": 2150, "Wolfwillow Haven_SB": 2902, "Kenrith's Transformation_SB": 1352, "Questing Beast_SB": 1922, "Faithful Mending": 835, "Lively Dirge": 1479, "Stubborn Denial": 2427, "Tainted Indulgence": 2484, "Teferi, Hero of Dominaria_SB": 2508, "Wedding Announcement": 2861, "Demolition Field": 591, "Ashiok, Wicked Manipulator": 115, "Protect the Negotiators_SB": 1909, "Voracious Hydra_SB": 2827, "Tears of Valakut_SB": 2504, "The Cruelty of Gix": 2548, "Ajani, Strength of the Pride": 42, "Case of the Uneaten Feast": 352, "Lunarch Veteran": 1509, "Prosperous Innkeeper": 1905, "Trelasarra, Moon Dancer": 2673, "Voice of the Blessed": 2814, "Aclazotz, Deepest Betrayal_SB": 14, "Kalitas, Traitor of Ghet": 1318, "Showdown of the Skalds_SB": 2247, "Caustic Bronco_SB": 370, "Floriferous Vinewall": 906, "Kroxa, Titan of Death's Hunger_SB": 1403, "Elder Gargaroth_SB": 726, "Eldritch Evolution": 729, "Hauntwoods Shrieker": 1131, "Urborg Lhurgoyf": 2753, "Aether Channeler_SB": 24, "Brimaz, King of Oreskos_SB": 290, "Dream Trawler_SB": 685, "Zephyr Sentinel_SB": 2938, "Krenko's Buzzcrusher": 1396, "Gruul Charm": 1093, "Kambal, Consul of Allocation": 1320, "Tectonic Hazard_SB": 2505, "Gods Willing_SB": 1062, "Harmonious Archon": 1123, "Sandstorm Salvager": 2122, "Sanguine Evangelist": 2123, "Toby, Beastie Befriender": 2632, "Kayla's Reconstruction_SB": 1342, "Slaughter Games": 2294, "Stubborn Denial_SB": 2428, "Valley Floodcaller": 2771, "Seed of Hope": 2176, "Boseiju, Who Endures_SB": 268, "Faerie Mastermind": 832, "Soaring Thought-Thief": 2324, "Thieves' Guild Enforcer": 2580, "Surrak Dragonclaw": 2462, "Shadowy Backstreet": 2208, "Leyline of Resonance": 1440, "Felonious Rage": 869, "Frantic Scapegoat": 937, "Dragonskull Summit": 667, "Ritual of Soot": 2064, "Tishana's Tidebinder_SB": 2625, "Inscription of Ruin": 1242, "Jace Reawakened": 1285, "Callous Sell-Sword_SB": 329, "Ingenious Prodigy": 1234, "Destroy Evil": 612, "Serra Paragon_SB": 2194, "Nissa, Vastwood Seer": 1704, "Knight of the Ebon Legion": 1378, "Worthy Knight": 2909, "Venerable Knight": 2785, "Inspiring Veteran": 1247, "Tournament Grounds": 2653, "Heartflame Duelist": 1143, "Knight of Dusk's Shadow": 1374, "Knight of Dusk's Shadow_SB": 1375, "Linvala, the Preserver_SB": 1474, "Woodland Bellower": 2903, "Breeding Pool_SB": 284, "Lyra Dawnbringer_SB": 1512, "Filter Out": 884, "The Meathook Massacre": 2557, "Chance for Glory": 396, "Collector's Vault": 455, "Colossal Skyturtle": 458, "Mirrorshell Crab": 1602, "Omen Hawker": 1754, "Teferi, Who Slows the Sunset": 2509, "Bag of Holding_SB": 151, "Zirda, the Dawnwaker_SB": 2942, "Ashen Rider_SB": 108, "Finale of Devastation": 886, "Despise_SB": 609, "Lifebane Zombie_SB": 1450, "Raffine, Scheming Seer": 1937, "Llanowar Visionary": 1482, "Realm-Cloaked Giant": 1978, "Reidane, God of the Worthy": 2010, "Selfless Spirit": 2188, "Raise the Past": 1938, "Searslicer Goblin": 2167, "Aclazotz, Deepest Betrayal": 13, "Hostile Investigator": 1200, "Chandra, Dressed to Kill": 401, "Sunspine Lynx": 2452, "Chandra, Dressed to Kill_SB": 402, "Light Up the Stage_SB": 1454, "Come Back Wrong_SB": 463, "The Flame of Keld": 2553, "Spirited Companion": 2375, "Weaver of Harmony": 2859, "Isolate_SB": 1278, "Illuminator Virtuoso": 1219, "Loran's Escape_SB": 1494, "Fetid Pools": 874, "Silvergill Adept": 2264, "Triton Shorestalker": 2678, "Vodalian Hexcatcher": 2809, "Agadeem's Awakening": 33, "Fiend Artisan": 876, "Gifted Aetherborn": 1003, "Isareth the Awakener": 1275, "Dreadbore": 675, "Thing in the Ice_SB": 2582, "Callous Bloodmage": 326, "Golos, Tireless Pilgrim": 1067, "Nicol Bolas, the Ravager": 1687, "Omen of the Forge": 1757, "The Kami War": 2556, "Touch the Spirit Realm": 2651, "Nimble Larcenist_SB": 1695, "Tolsimir, Friend to Wolves_SB": 2637, "Agatha's Soul Cauldron": 35, "Cenote Scout": 387, "Deeproot Pilgrimage": 585, "Forensic Researcher": 917, "Kiora's Follower": 1361, "Kumena's Speaker": 1405, "Kumena, Tyrant of Orazca": 1406, "Genesis Wave": 981, "Wakeroot Elemental": 2836, "Sunken Citadel_SB": 2445, "Stormchaser's Talent": 2411, "This Town Ain't Big Enough": 2588, "Legion Extruder_SB": 1430, "Mission Briefing": 1609, "Angrath, the Flame-Chained_SB": 65, "Faerie Mastermind_SB": 833, "Maelstrom Pulse_SB": 1517, "Lost Legacy_SB": 1498, "Wolfwillow Haven": 2901, "The Mightstone and Weakstone_SB": 2560, "Witherbloom Command_SB": 2892, "Remorseful Cleric": 2016, "Ajani, Sleeper Agent_SB": 41, "Smuggler's Surprise": 2314, "Kogla and Yidaro_SB": 1383, "Portal to Phyrexia_SB": 1886, "Vampires' Vengeance_SB": 2777, "Ray of Enfeeblement_SB": 1967, "Nissa, Who Shakes the World": 1705, "Paradise Druid": 1816, "Sylvan Awakening": 2474, "Nahiri's Warcrafting_SB": 1662, "Obosh, the Preypiercer_SB": 1742, "Depala, Pilot Exemplar": 600, "Magda, Brazen Outlaw": 1519, "Magda, the Hoardmaster": 1520, "Portal to Phyrexia": 1885, "Roaming Throne": 2070, "Toolcraft Exemplar": 2640, "Unlicensed Hearse": 2735, "Veteran Motorist": 2790, "The Royal Scions": 2565, "Young Pyromancer_SB": 2929, "Tear Asunder_SB": 2503, "Unauthorized Exit_SB": 2715, "Bilious Skulldweller": 200, "Chevill, Bane of Monsters": 415, "Fynn, the Fangbearer": 955, "Ghost Vacuum": 990, "Heroic Intervention": 1166, "Hooded Blightfang": 1188, "Malakir Rebirth": 1528, "Wasteland Viper": 2851, "Infectious Bite_SB": 1231, "Solemnity_SB": 2329, "Akal Pakal, First Among Equals": 44, "Courser of Kruphix": 500, "Fauna Shaman": 848, "Timestream Navigator": 2618, "Simic Manipulator": 2268, "Trygon Predator_SB": 2684, "Azure Beastbinder_SB": 148, "Vivien, Champion of the Wilds_SB": 2807, "Mockingbird_SB": 1616, "Simic Manipulator_SB": 2269, "Coveted Falcon": 501, "Caretaker's Talent_SB": 339, "Rite of Oblivion_SB": 2063, "Fountainport_SB": 933, "Vivien, Arkbow Ranger": 2806, "Kogla, the Titan Ape": 1384, "Cavalier of Thorns_SB": 376, "Ulamog, the Ceaseless Hunger_SB": 2706, "Tyrranax Rex_SB": 2697, "Ulvenwald Oddity_SB": 2710, "Crumbling Vestige": 522, "Colossus Hammer": 460, "Kellan, the Fae-Blooded": 1350, "Kemba, Kha Enduring": 1351, "Sigarda's Aid": 2253, "Kogla and Yidaro": 1382, "Trumpeting Carnosaur_SB": 2683, "Dusk // Dawn_SB": 703, "Last Breath_SB": 1416, "Forsaken Miner": 922, "Insidious Roots": 1244, "Priest of Forgotten Gods": 1894, "Cleansing Nova_SB": 433, "Thunderherd Migration": 2612, "Unlucky Witness": 2738, "Golgari Charm_SB": 1065, "Selfless Spirit_SB": 2189, "Consign // Oblivion_SB": 479, "Boros Elite": 263, "Guardian of New Benalia": 1100, "Intrepid Adversary": 1258, "Luminarch Aspirant": 1507, "Mobilized District": 1613, "Precinct Captain": 1893, "Soldier of the Pantheon": 2327, "Spellbook Vendor": 2359, "Sungold Sentinel": 2443, "Banisher Priest_SB": 165, "Bounty Agent_SB": 273, "Rally the Ranks_SB": 1951, "Wicked Wolf_SB": 2873, "Overlord of the Mistmoors_SB": 1801, "Dream Trawler": 684, "Surge of Righteousness_SB": 2458, "Vivien Reid_SB": 2805, "Defiant Strike": 587, "Gods Willing": 1061, "Renegade Tactics": 2020, "Knight of Grace_SB": 1377, "The Book of Exalted Deeds": 2545, "Fear of Isolation": 854, "Tinybones Joins Up": 2620, "Loran of the Third Path": 1491, "Built to Smash": 306, "Wayward Guide-Beast": 2854, "Dreadmaw's Ire_SB": 681, "Voldaren Thrillseeker_SB": 2822, "Wild Slash": 2875, "Siphon Insight_SB": 2273, "Westvale Abbey": 2869, "Imodane's Recruiter_SB": 1222, "Glorious Protector_SB": 1026, "Ral, Crackling Wit_SB": 1948, "Flip the Switch": 902, "Cityscape Leveler": 427, "Voice of Resurgence_SB": 2811, "Kaito, Cunning Infiltrator": 1316, "Kaito Shizuki": 1312, "Dokuchi Silencer_SB": 648, "Warping Wail_SB": 2846, "Into the Story": 1257, "Exquisite Firecraft_SB": 810, "The Wandering Rescuer_SB": 2576, "Niambi, Esteemed Speaker_SB": 1685, "Selfless Glyphweaver": 2185, "Lavinia, Azorius Renegade_SB": 1420, "Syr Ginger, the Meal Ender_SB": 2480, "Demonic Counsel": 593, "Long Goodbye_SB": 1487, "Overlord of the Balemurk_SB": 1796, "Adanto Vanguard": 15, "Apostle of Purifying Light": 79, "Glass Casket": 1014, "Swiftfoot Boots": 2469, "Thran Power Suit": 2602, "Augur of Bolas": 132, "Essence Flux": 789, "Natural State_SB": 1672, "Roaring Furnace && Steaming Sauna_SB": 2072, "Aftermath Analyst": 32, "Annie Joins Up": 70, "Brokers Hideout": 298, "Cabaretti Courtyard": 320, "Emrakul, the Promised End": 756, "Lotus Cobra": 1500, "Lumra, Bellow of the Woods": 1508, "Nissa, Resurgent Animist": 1702, "Port of Karfell": 1881, "Riveteers Overlook": 2068, "The World Tree": 2578, "Titania, Voice of Gaea_SB": 2629, "Zoraline, Cosmos Caller": 2946, "Fracture_SB": 934, "Grand Abolisher_SB": 1075, "Treacherous Blessing_SB": 2667, "Legion Loyalist": 1431, "Klothys, God of Destiny_SB": 1371, "Umori, the Collector_SB": 2711, "Blast Zone": 218, "Glass Casket_SB": 1015, "Ojer Axonil, Deepest Might": 1750, "Leyline of Combustion_SB": 1438, "Scorching Shot_SB": 2145, "Grasp of Darkness_SB": 1078, "Necrotic Wound": 1676, "Souls of the Lost": 2346, "Necrotic Wound_SB": 1677, "Horned Loch-Whale_SB": 1195, "Squirming Emergence": 2386, "Souls of the Lost_SB": 2347, "Barrier Breach_SB": 173, "Voyaging Satyr_SB": 2830, "Experimental Augury": 805, "Fleeting Spirit": 899, "Get Out": 984, "Lore Drakkis": 1496, "Open the Omenpaths": 1767, "Saiba Cryptomancer": 2116, "Vadrok, Apex of Thunder": 2763, "Kappa Tech-Wrecker": 1323, "Eldrazi Displacer_SB": 728, "Crucible of Worlds": 517, "Welcoming Vampire": 2864, "Destiny Spinner": 610, "Izoni, Center of the Web": 1282, "Cavern of Souls_SB": 380, "Destiny Spinner_SB": 611, "Glarb, Calamity's Augur_SB": 1013, "Sin Collector_SB": 2271, "Cult Conscript": 533, "Mutavault_SB": 1655, "Cleansing Wildfire_SB": 435, "Vanish into Eternity_SB": 2778, "Mukotai Ambusher_SB": 1646, "Tribute to Horobi": 2676, "Void Winnower_SB": 2816, "Remorseful Cleric_SB": 2017, "Hunter's Talent_SB": 1209, "Vengeful Possession": 2788, "Hidetsugu's Second Rite_SB": 1174, "Nurturing Pixie": 1730, "Kaito, Bane of Nightmares_SB": 1315, "Extract the Truth_SB": 814, "Malcolm, Alluring Scoundrel": 1529, "Ertai Resurrected": 781, "Get Out_SB": 985, "Preacher of the Schism_SB": 1892, "Pia Nalaar, Consul of Revival": 1854, "Showdown of the Skalds": 2246, "Trostani, Three Whispers": 2681, "Bassara Tower Archer": 176, "Cloudsteel Kirin": 444, "Lizard Blades": 1480, "Chained to the Rocks_SB": 391, "Snarling Gorehound": 2318, "Underground Mortuary": 2720, "Tree of Perdition": 2672, "Searing Blood": 2165, "Chandra, Torch of Defiance_SB": 407, "Bomat Courier_SB": 252, "Magma Spray_SB": 1524, "Aven Mindcensor_SB": 137, "Stalactite Stalker": 2389, "Harvester of Misery_SB": 1126, "Hostile Investigator_SB": 1201, "Lamplight Phoenix_SB": 1413, "Fugitive Codebreaker_SB": 952, "Thirst for Meaning": 2587, "Entity Tracker_SB": 774, "Biting-Palm Ninja": 205, "Dokuchi Silencer": 647, "Silver-Fur Master": 2260, "Thousand-Faced Shadow": 2598, "Kaito Shizuki_SB": 1313, "Massacre Wurm_SB": 1554, "Helping Hand": 1156, "Pawpatch Recruit_SB": 1832, "Colossal Skyturtle_SB": 459, "Takenuma, Abandoned Mire_SB": 2486, "Holy Cow": 1184, "Soul Transfer": 2338, "Omen of the Dead": 1755, "Rottenmouth Viper_SB": 2090, "Prowling Serpopard_SB": 1910, "Sentinel of the Nameless City_SB": 2191, "Welcoming Vampire_SB": 2865, "Sharp-Eyed Rookie": 2218, "Ayara's Oathsworn": 142, "Jace, Vryn's Prodigy": 1289, "Vein Ripper": 2784, "Council of the Absolute_SB": 498, "Spirit of the Labyrinth_SB": 2373, "Suncleanser_SB": 2437, "Adventurous Impulse": 21, "Monastery Mentor_SB": 1625, "Arcane Proxy": 90, "Chrome Host Seedshark": 421, "See the Truth": 2175, "Ambitious Farmhand": 54, "Cascading Cataracts": 345, "Charming Prince": 412, "Helpful Hunter": 1155, "Serra Paragon": 2193, "Thalia's Lancers": 2533, "Wilt-Leaf Liege_SB": 2880, "Brass's Tunnel-Grinder": 277, "Augur of Autumn_SB": 131, "Lavabrink Venturer_SB": 1417, "Gleaming Geardrake": 1018, "Cavalier of Dawn": 373, "Kotose, the Silent Spider": 1392, "Marina Vendrell": 1544, "Chandra, Torch of Defiance": 406, "Fanatic of Mogis": 838, "Solphim, Mayhem Dominus": 2330, "Thalia and The Gitrog Monster": 2532, "Cosmic Rebirth_SB": 497, "Dreadbore_SB": 676, "Prosperous Thief_SB": 1908, "Shatterskull Smashing_SB": 2221, "Recommission": 1993, "Barkhide Troll": 172, "Gather Courage": 974, "Tribute to the World Tree": 2677, "Setessan Tactics_SB": 2198, "Oblivious Bookworm": 1741, "Cerulean Drake_SB": 389, "Kraul Harpooner_SB": 1394, "Prosperous Innkeeper_SB": 1906, "Bloodthirsty Conqueror": 240, "Dina, Soul Steeper": 627, "Dryad of the Ilysian Grove": 698, "Iridescent Vinelasher": 1273, "Jaddi Offshoot": 1293, "Mirrorpool": 1601, "Retreat to Hagra": 2044, "Bristly Bill, Spine Sower_SB": 296, "Deathrite Shaman_SB": 574, "Undergrowth Champion_SB": 2722, "Blacksmith's Talent": 213, "Bladehold War-Whip": 216, "Nahiri, Forged in Fury": 1663, "Sword of Forge and Frontier": 2471, "Rebel Salvo_SB": 1982, "Tyvar, the Pummeler_SB": 2702, "Massacre Wurm": 1553, "Floodpits Drowner_SB": 905, "Etali, Primal Conqueror": 792, "Light of Hope_SB": 1455, "Valgavoth's Faithful": 2765, "Elder Gargaroth": 725, "Silverback Elder": 2261, "Silverback Elder_SB": 2262, "Celestial Armor": 384, "Deputy of Detention_SB": 603, "Citizen's Crowbar_SB": 426, "Gifted Aetherborn_SB": 1004, "March of Wretched Sorrow_SB": 1541, "Perilous Snare": 1838, "Wedding Invitation": 2863, "Repurposing Bay_SB": 2026, "Patchwork Automaton": 1822, "Dawnbringer Cleric": 552, "Momentum Breaker_SB": 1623, "Birgi, God of Storytelling": 202, "Crater's Claws": 510, "Banefire_SB": 161, "Zurgo Bellstriker_SB": 2950, "Greasewrench Goblin": 1083, "Moonshaker Cavalry_SB": 1633, "Hare Apparent": 1122, "Zareth San, the Trickster": 2936, "Mendicant Core, Guidelight": 1572, "Voyager Glidecar": 2828, "Grim Bauble": 1087, "Momentum Breaker": 1622, "Oildeep Gearhulk_SB": 1749, "Count on Luck_SB": 499, "Shacklegeist_SB": 2203, "Valor's Flagship": 2774, "Sab-Sunen, Luxa Embodied": 2111, "Bolas's Citadel": 248, "Catacomb Sifter": 363, "Woe Strider": 2899, "Liliana, Heretical Healer_SB": 1470, "Status // Statue_SB": 2393, "Chaplain of Alms": 410, "Rune of Might": 2104, "Monument to Endurance_SB": 1630, "Archfiend's Vessel": 97, "Merfolk Secretkeeper": 1576, "Brightglass Gearhulk": 288, "Dredger's Insight": 690, "Grim Bauble_SB": 1088, "Djeru's Renunciation": 646, "Marauding Mako": 1534, "Monument to Endurance": 1629, "Sunbillow Verge": 2436, "Heroic Intervention_SB": 1167, "Ketramose, the New Dawn_SB": 1358, "Mastermind's Acquisition": 1556, "Behold the Multiverse_SB": 191, "Ossification_SB": 1780, "Azor, the Lawbringer": 144, "Dreadhorde Arcanist_SB": 678, "Coalstoke Gearhulk": 445, "Memory Guardian": 1570, "Mukotai Ambusher": 1645, "Bloodghast": 237, "Molt Tender": 1618, "Driven // Despair_SB": 691, "Ashiok, Wicked Manipulator_SB": 116, "Anim Pakal, Thousandth Moon": 67, "Basri, Tomorrow's Champion": 175, "Urza's Ruinous Blast_SB": 2758, "The Speed Demon": 2571, "Intimidation Tactics_SB": 1252, "Doppelgang": 658, "Maestros Theater": 1518, "Shigeki, Jukai Visionary": 2233, "Virtue of Strength": 2803, "Worldsoul's Rage": 2906, "Bonny Pall, Clearcutter_SB": 257, "Roxanne, Starfall Savant_SB": 2092, "Rankle's Prank": 1959, "Freestrider Lookout": 940, "Ketramose, the New Dawn": 1357, "Scrabbling Claws": 2147, "Legion's End_SB": 1432, "Mosswood Dreadknight_SB": 1639, "Willowrush Verge": 2879, "Optimistic Scavenger_SB": 1771, "Innkeeper's Talent_SB": 1237, "Oildeep Gearhulk": 1748, "Commune with Spirits": 469, "Goro-Goro, Disciple of Ryusei": 1070, "Kari Zev, Skyship Raider": 1327, "Radha, Heart of Keld": 1933, "Redshift, Rocketeer Chief": 1999, "Scorching Dragonfire_SB": 2143, "Bleachbone Verge": 222, "Starnheim Unleashed_SB": 2391, "Detention Chariot": 615, "Tune Up": 2685, "Kaya the Inexorable_SB": 1335, "Thundering Broodwagon": 2613, "Eaten Alive_SB": 711, "Benthic Biomancer": 193, "Mindspring Merfolk": 1595, "Tishana's Tidebinder": 2624, "Tidebinder Mage_SB": 2617, "Fearless Swashbuckler": 856, "Gastal Thrillroller": 968, "Dragonlord Dromoka": 664, "Ashiok, Nightmare Weaver": 113, "Jace's Defeat_SB": 1287, "Leyline Binding_SB": 1436, "Hazoret, Godseeker": 1138, "Memory Deluge_SB": 1569, "Skullcrack": 2282, "Boommobile": 259, "Fomori Vault": 913, "Glint-Nest Crane": 1020, "Hedron Archive": 1149, "Paradox Engine": 1817, "Portal of Sanctuary": 1884, "Prophetic Prism": 1904, "Repurposing Bay": 2025, "Terrarion": 2528, "The Mightstone and Weakstone": 2559, "Thran Spider": 2603, "Workshop Assistant": 2905, "Lantern of the Lost_SB": 1415, "Liberator, Urza's Battlethopter_SB": 1445, "Noxious Gearhulk_SB": 1725, "Shrapnel Slinger_SB": 2250, "Norin, Swift Survivalist": 1716, "Chandra, Acolyte of Flame_SB": 399, "Empyrean Eagle": 755, "Lofty Denial": 1484, "Dewdrop Cure_SB": 621, "Mindlink Mech_SB": 1594, "Wastewood Verge": 2852, "Collector's Cage": 453, "Dusk Rose Reliquary": 705, "Parting Gust": 1821, "Murderous Cut": 1650, "Anguished Unmaking_SB": 66, "Drownyard Temple": 697, "Narcomoeba": 1667, "Prized Amalgam": 1898, "Quag Feast": 1920, "Pest Control": 1841, "Sea Gate Restoration": 2157, "Dig Through Time_SB": 625, "Avishkar Raceway": 138, "Fuel the Flames_SB": 950, "Skycrash_SB": 2287, "Giant Killer_SB": 998, "Ashiok, Nightmare Muse_SB": 112, "Biting-Palm Ninja_SB": 206, "Kazuul's Toll Collector": 1345, "Shardmage's Rescue_SB": 2215, "Immersturm Raider": 1220, "The Speed Demon_SB": 2572, "Waste Not_SB": 2849, "Harrier Strix": 1125, "Hypnotic Grifter": 1212, "The Reality Chip": 2563, "Training Grounds": 2657, "Basilisk Collar_SB": 174, "Burnout Bashtronaut": 315, "Draconautics Engineer": 662, "Howlsquad Heavy": 1203, "Volley Veteran_SB": 2823, "Swiftfoot Boots_SB": 2470, "Overprotect_SB": 1803, "Stock Up": 2404, "Riverpyre Verge": 2067, "Strangle": 2418, "Liliana, the Last Hope_SB": 1471, "Blade Historian": 214, "Jirina, Dauntless General": 1304, "Pyre of Heroes": 1914, "Jirina, Dauntless General_SB": 1305, "Night Clubber_SB": 1688, "Riptide Gearhulk_SB": 2060, "Aegis Turtle_SB": 22, "Up the Beanstalk_SB": 2750, "Concealing Curtains": 471, "Battle at the Bridge": 178, "Spire of Industry": 2371, "Battle at the Bridge_SB": 179, "Cleansing Wildfire": 434, "Crumble to Dust": 521, "Encroaching Wastes": 759, "Gnottvold Slumbermound": 1032, "Haphazard Bombardment": 1118, "Jaya's Greeting": 1296, "Ravager Wurm": 1966, "Rowan, Scholar of Sparks": 2091, "Rubble Reading": 2095, "Sheltered Thicket": 2223, "Structural Distortion": 2426, "Sylvan Primordial": 2476, "Territory Forge": 2529, "Twin Bolt": 2690, "Herbology Instructor_SB": 1161, "Nissa's Defeat_SB": 1699, "Peak Eruption_SB": 1833, "Scrabbling Claws_SB": 2148, "Analyze the Pollen": 56, "Ride's End": 2051, "Ashiok, Nightmare Muse": 111, "Murderous Cut_SB": 1651, "Borrowed Hostility": 266, "Barbed Batterfist": 169, "Webstrike Elite": 2860, "Commit // Memory_SB": 467, "Yahenni's Expertise": 2917, "Demilich_SB": 590, "Progenitor Mimic": 1902, "Banefire": 160, "Koma, Cosmos Serpent_SB": 1388, "Steel Seraph": 2398, "Fighter Class": 883, "Chainsaw_SB": 393, "Nettle Guard_SB": 1682, "Sword of Forge and Frontier_SB": 2472, "Boon of Boseiju": 260, "Esika's Chariot_SB": 786, "Violent Urge_SB": 2797, "Hidetsugu Consumes All": 1171, "Champion of the Perished": 395, "Cryptbreaker": 526, "Dark Salvation": 546, "Dread Wanderer": 674, "Relentless Dead": 2013, "Wayward Servant": 2855, "Zahur, Glory's Past": 2935, "Phyrexian Censor": 1849, "Commune with Dinosaurs": 468, "Marauding Raptor": 1535, "Rampaging Raptor": 1957, "Regal Imperiosaur": 2008, "Ripjaw Raptor": 2057, "Maximize Velocity": 1559, "Birgi, God of Storytelling_SB": 203, "Lightning Axe_SB": 1458, "Expedition Map_SB": 802, "Stock Up_SB": 2405, "Wrenn and Realmbreaker": 2911, "Samut's Sprint": 2117, "Lost Jitte": 1497, "Omen of the Dead_SB": 1756, "Combat Research": 462, "Lazav, Wearer of Faces": 1422, "Medomai the Ageless": 1565, "Guardian of Faith": 1098, "Fires of Victory_SB": 892, "Riptide Gearhulk": 2059, "Gather Courage_SB": 975, "Carnage Tyrant": 340, "Quick Study": 1925, "Feather, the Redeemed": 857, "Feather, the Redeemed_SB": 858, "Etali, Primal Conqueror_SB": 793, "Ruin-Lurker Bat": 2099, "Healer's Hawk": 1140, "Essence Channeler": 788, "Linden, the Steadfast Queen": 1472, "Scoured Barrens": 2146, "Rogue's Passage": 2082, "Dewdrop Cure": 620, "Afterburner Expert": 31, "Kozilek's Return_SB": 1393, "Nahiri, the Unforgiving_SB": 1666, "Out of Air_SB": 1786, "Cry of the Carnarium": 523, "Kaya, Orzhov Usurper": 1339, "Soul-Guide Lantern": 2340, "Calamity's Wake_SB": 323, "Twinshot Sniper": 2692, "Keruga, the Macrosage": 1354, "Agent of Treachery_SB": 38, "Twinshot Sniper_SB": 2693, "Anzrag, the Quake-Mole": 78, "Tamiyo's Safekeeping": 2491, "Tear Asunder": 2502, "Blot Out": 244, "Thrun, Breaker of Silence": 2609, "Nissa, Ascended Animist": 1700, "Tyrranax Rex": 2696, "Nissa, Ascended Animist_SB": 1701, "Hornet Queen_SB": 1197, "Satoru Umezawa": 2125, "Adorned Pouncer": 19, "Open the Armory": 1765, "Roadside Reliquary": 2069, "Spontaneous Mutation_SB": 2379, "Sorin, Vengeful Bloodlord_SB": 2335, "Exquisite Firecraft": 809, "Raucous Carnival": 1963, "Curse of Shaken Faith_SB": 538, "Painter's Studio // Defaced Gallery": 1812, "Chance for Glory_SB": 397, "Magmatic Chasm_SB": 1525, "Shrapnel Blast_SB": 2249, "Tireless Tracker_SB": 2623, "Merfolk Mistbinder": 1575, "Merfolk Trickster_SB": 1577, "Smuggler's Copter_SB": 2313, "Debris Beetle": 575, "Mystic Repeal_SB": 1658, "Epic Downfall_SB": 777, "Cavalier of Flame": 374, "Sunder the Gateway": 2438, "Kitsa, Otterball Elite": 1369, "Loran's Escape": 1493, "Blessed Defiance_SB": 226, "Rocketeer Boostbuggy": 2077, "Bladestitched Skaab": 217, "Lazotep Reaver": 1423, "Rotten Reunion_SB": 2088, "Enduring Tenacity_SB": 767, "Cruelclaw's Heist_SB": 519, "Knight of Grace": 1376, "Swan Song_SB": 2466, "Chandra, Spark Hunter_SB": 405, "Skyclave Cleric": 2286, "Ajani, Strength of the Pride_SB": 43, "Ill-Timed Explosion_SB": 1217, "Azor, the Lawbringer_SB": 145, "Gideon of the Trials": 999, "Phoenix Chick": 1846, "Mortify": 1635, "Nine-Lives Familiar": 1698, "Starfield of Nyx": 2390, "Kaya's Wrath_SB": 1338, "Creeping Chill": 515, "Silversmote Ghoul": 2265, "Fog": 911, "Gaea's Blessing": 956, "Haze of Pollen": 1134, "Jace, the Perfected Mind": 1292, "Tamiyo, Collector of Tales": 2493, "Union of the Third Path": 2730, "Winds of Qal Sisma": 2883, "Carnage Tyrant_SB": 341, "Drannith Ruins": 671, "Wasteland Strangler": 2850, "Phyrexian Fleshgorger": 1852, "Bearer of Silence": 183, "Reality Smasher_SB": 1977, "Fuel the Flames": 949, "Gix's Command_SB": 1009, "Sorin the Mirthless_SB": 2334, "Shoot the Sheriff_SB": 2241, "Graf Reaver_SB": 1073, "Kraul Whipcracker_SB": 1395, "Dive Down_SB": 642, "Fear of Impostors": 852, "Riptide Chimera": 2058, "Witchstalker_SB": 2890, "Soul-Scar Mage_SB": 2343, "Selfless Glyphweaver_SB": 2186, "Blood Spatter Analysis": 233, "Demonic Bargain": 592, "Osseous Sticktwister": 1778, "Korvold, Fae-Cursed King": 1389, "Korvold, Fae-Cursed King_SB": 1390, "Dive Down": 641, "Jace Reawakened_SB": 1286, "Blessed Defiance": 225, "Homestead Courage": 1185, "Alrund's Epiphany": 51, "Loot, the Pathfinder": 1490, "Phyrexian Dragon Engine": 1851, "Seasoned Hallowblade": 2170, "The Mycosynth Gardens": 2562, "Burning Earth_SB": 311, "Fugitive Codebreaker": 951, "Favored Hoplite": 849, "Flowstone Infusion": 910, "Sejiri Shelter": 2183, "Tenth District Legionnaire": 2525, "Invasion of New Phyrexia_SB": 1265, "Clifftop Lookout": 439, "Tangled Florahedron": 2498, "Healer of the Glade_SB": 1139, "Tale's End_SB": 2488, "Gisa, the Hellraiser_SB": 1007, "Ride's End_SB": 2052, "Omen of the Sun": 1759, "Omen of the Sun_SB": 1760, "Enduring Courage": 762, "Beseech the Mirror_SB": 195, "Forbidden Friendship": 915, "Case of the Gateway Express_SB": 350, "Collective Effort_SB": 452, "Forge Devil_SB": 921, "Perilous Snare_SB": 1839, "Commence the Endgame_SB": 464, "Experimental Confectioner": 806, "Monastery Mentor": 1624, "Seeker of the Way_SB": 2179, "Redcap Melee": 1996, "Setessan Champion": 2196, "Trapped in the Screen": 2662, "Trapped in the Screen_SB": 2663, "Cryptolith Rite": 529, "Bottomless Pool && Locker Room": 271, "Bottomless Pool && Locker Room_SB": 272, "Eidolon of Blossoms": 718, "Eidolon of Blossoms_SB": 719, "Knockout Blow": 1380, "Hidetsugu's Second Rite": 1173, "Incubation Druid": 1227, "Interplanar Beacon": 1249, "Kaya the Inexorable": 1334, "Mistrise Village": 1610, "Nicol Bolas, Dragon-God": 1686, "Ral Zarek": 1947, "Tamiyo, Field Researcher": 2495, "Vraska, Betrayal's Sting": 2833, "Kunoros, Hound of Athreos_SB": 1407, "Qarsi Revenant": 1918, "Qarsi Revenant_SB": 1919, "Tersa Lightshatter": 2530, "Mox Jasper": 1643, "Mistrise Village_SB": 1611, "Elspeth, Storm Slayer": 742, "United Battlefront": 2731, "Voice of Victory": 2812, "Sunder the Gateway_SB": 2439, "Voice of Victory_SB": 2813, "Cemetery Illuminator": 385, "Muraganda Raceway": 1647, "Rakdos's Return_SB": 1944, "Cease // Desist": 382, "Cram Session": 507, "Insatiable Avarice": 1239, "The Biblioplex": 2543, "Valgavoth's Onslaught": 2766, "Containment Breach_SB": 483, "Environmental Sciences_SB": 775, "Introduction to Annihilation_SB": 1260, "Mascot Exhibition_SB": 1548, "Pest Summoning_SB": 1843, "Descendant of Storms": 604, "Dragonfire Blade": 663, "Lavaspur Boots_SB": 1419, "Caustic Exhale": 371, "Dispelling Exhale": 637, "Foul-Tongue Invocation": 927, "Marang River Regent": 1532, "Scavenger Regent": 2138, "Silumgar's Scorn": 2258, "Caustic Exhale_SB": 372, "Strategic Betrayal_SB": 2421, "Cori-Steel Cutter": 491, "Wild Ride": 2874, "Cori-Steel Cutter_SB": 492, "Desperate Measures": 608, "Sunpearl Kirin": 2447, "History of Benalia": 1180, "Rot-Curse Rakshasa": 2087, "Katilda, Dawnhart Prime": 1333, "Songcrafter Mage": 2331, "Militia Bugler_SB": 1589, "Strategic Betrayal": 2420, "Treasure Map": 2670, "Archangel Elspeth": 91, "Painter's Studio && Defaced Gallery": 1811, "This Town Ain't Big Enough_SB": 2589, "Stormscale Scion": 2414, "Stormscale Scion_SB": 2415, "Not on My Watch_SB": 1718, "Of One Mind": 1747, "Banishing Slash": 168, "Jaya, Fiery Negotiator": 1297, "Murderous Rider_SB": 1653, "Gurmag Angler": 1102, "Cori Mountain Monastery": 490, "United Battlefront_SB": 2732, "Warden of the Grove": 2842, "Surrak, Elusive Hunter_SB": 2463, "Fire Prophecy": 887, "White Sun's Twilight_SB": 2872, "Paradoxical Outcome_SB": 1818, "Icon of Ancestry": 1213, "Break Out": 282, "Masked Vandal": 1549, "Fanatical Firebrand_SB": 840, "Decadent Dragon_SB": 576, "Liliana, Death's Majesty": 1468, "Scavenger's Talent_SB": 2140, "Ygra, Eater of All_SB": 2923, "Runed Halo": 2105, "Undead Sprinter_SB": 2718, "Boros Reckoner": 265, "Craterhoof Behemoth": 511, "Atarka's Command_SB": 124, "Phyrexian Obliterator": 1853, "Decisive Denial": 578, "Ebondeath, Dracolich": 712, "Ertai's Scorn": 782, "Rakshasa's Bargain": 1946, "Rewind": 2048, "Unwind": 2747, "Awaken the Honored Dead_SB": 140, "Gaze of Granite_SB": 977, "Lutri, the Spellchaser_SB": 1511, "Shadows' Verdict_SB": 2205, "Specter's Shriek_SB": 2351, "Elspeth, Storm Slayer_SB": 743, "Collected Company_SB": 449, "Herald of Eternal Dawn_SB": 1159, "Severance Priest": 2201, "Yathan Roadwatcher": 2920, "Wojek Investigator": 2900, "Hammerhand": 1115, "Aqueous Form": 82, "Jeskai Revelation": 1300, "Ray of Frost_SB": 1968, "Dragonlord Silumgar": 666, "Painful Truths": 1810, "Search for Azcanta": 2164, "Supreme Will": 2457, "Contraband Kingpin_SB": 487, "Deafening Silence": 566, "Bontu's Last Reckoning_SB": 258, "Village Rites": 2793, "Stormchaser's Talent_SB": 2412, "Greedy Freebooter": 1085, "Shambling Ghast": 2210, "Marketback Walker": 1546, "Diabolic Intent": 622, "Scrapwork Mutt": 2152, "Gleaming Barrier": 1017, "Liliana's Standard Bearer": 1467, "The Sibsig Ceremony": 2569, "Callous Bloodmage_SB": 327, "Friendly Teddy": 943, "Experiment One": 803, "Muerra, Trash Tactician": 1644, "Cut // Ribbons": 539, "Dusk Legion Zealot": 704, "Markov Baron": 1547, "Patchwork Banner": 1823, "Bedevil_SB": 187, "Champion of Dusk_SB": 394, "Deadly Dispute_SB": 563, "Soul Transfer_SB": 2339, "Devilish Valet": 618, "Runaway Steam-Kin": 2101, "Grinning Ignus": 1089, "Hazoret's Monument": 1137, "Light Up the Night": 1452, "Cemetery Prowler_SB": 386, "Nissa, Steward of Elements_SB": 1703, "Kishla Village": 1364, "Robber of the Rich_SB": 2076, "Ugin, Eye of the Storms": 2703, "Shiko, Paragon of the Way": 2234, "Shadows' Verdict": 2204, "The Book of Exalted Deeds_SB": 2546, "Spring-Loaded Sawblades": 2381, "Sokenzan, Crucible of Defiance_SB": 2326, "Silent Hallcreeper": 2257, "Ashiok, Nightmare Weaver_SB": 114, "Rediscover the Way": 1998, "Balmor, Battlemage Captain": 156, "Wizard's Retort_SB": 2898, "Shapers' Sanctuary": 2212, "Clever Lumimancer": 438, "Niv-Mizzet, Parun": 1707, "Sweltering Suns": 2467, "Omnath, Locus of the Roil": 1762, "Marang River Regent_SB": 1533, "Giant Growth": 996, "Heritage Reclamation_SB": 1164, "Intimidation Tactics": 1251, "Liliana, Dreadhorde General_SB": 1469, "Katilda, Dawnhart Martyr_SB": 1332, "Fountainport Bell": 932, "Gonti, Lord of Luxury_SB": 1068, "Frontline Rush": 945, "Mortify_SB": 1636, "Treasure Cruise_SB": 2669, "Drake Hatcher": 668, "Canyon Slough": 335, "Captain Lannery Storm": 336, "Charming Scoundrel": 413, "Goldhound": 1063, "Goldspan Dragon": 1064, "Kalain, Reclusive Painter": 1317, "Marionette Master": 1545, "Reckless Fireweaver": 1984, "Sticky Fingers": 2402, "Treasure Vault": 2671, "Vraska's Contempt": 2831, "Karn, Scion of Urza_SB": 1328, "Moment of Craving_SB": 1621, "Ratchet Bomb_SB": 1961, "Unlicensed Disintegration_SB": 2734, "Eshki Dragonclaw": 784, "Herd Heirloom": 1162, "Amonkhet Raceway": 55, "Phyrexian Arena_SB": 1848, "Abbot of Keral Keep": 1, "Anax, Hardened in the Forge": 57, "Incendiary Flow": 1226, "Dire Fleet Daredevil_SB": 629, "Sword of Once and Future_SB": 2473, "Magebane Lizard": 1521, "Virulent Plague_SB": 2804, "Arboreal Grazer_SB": 88, "Sunset Revelry": 2449, "Unexpected Windfall": 2725, "Skrelv's Hive": 2280, "Vaultborn Tyrant_SB": 2783, "Defabricate_SB": 586, "Collector's Cage_SB": 454, "Plargg, Dean of Chaos": 1869, "Virtue of Courage": 2798, "Ball Lightning": 155, "Scytheclaw Raptor_SB": 2156, "Cathartic Reunion": 367, "Gastal Thrillroller_SB": 969, "Invasion of Ergamon": 1261, "Portent of Calamity": 1887, "Extraordinary Journey": 817, "Concerted Defense_SB": 472, "Rapid Hybridization_SB": 1960, "Hooting Mandrills": 1189, "Jin-Gitaxias, Progress Tyrant_SB": 1303, "Smuggler's Surprise_SB": 2315, "Toxrill, the Corrosive_SB": 2655, "Doom Whisperer_SB": 656, "Ureni, the Song Unending": 2756, "Awaken the Honored Dead": 139, "Ghostly Dancers": 992, "Heliod, the Radiant Dawn_SB": 1153, "Obscura Storefront": 1743, "Blue Sun's Twilight": 246, "Conduit Pylons": 474, "Ipnu Rivulet": 1271, "Outcaster Greenblade": 1787, "Fae of Wishes_SB": 829, "Koth, Fire of Resistance_SB": 1391, "Drake Hatcher_SB": 669, "Ashen Rider": 107, "Baleful Mastery": 154, "Agonizing Remorse_SB": 40, "Gurmag Nightwatch": 1103, "Slaughter Singer": 2296, "Venerated Rotpriest": 2787, "The Seedcore": 2568, "Crawling Chorus": 513, "Annex Sentry": 68, "Bloated Contaminator": 228, "Jawbone Duelist": 1295, "Overprotect": 1802, "Phyrexian Censor_SB": 1850, "Tyvar's Stand_SB": 2699, "Annex Sentry_SB": 69, "Melira, the Living Cure_SB": 1566, "Mystic Reflection": 1657, "Emergence Zone": 751, "Augmenter Pugilist": 129, "Augur of Autumn": 130, "Simic Charm": 2266, "Biovisionary": 201, "Repudiate // Replicate_SB": 2024, "Chord of Calling_SB": 420, "Baird, Steward of Argive_SB": 152, "Mizzium Mortars": 1612, "Cartouche of Zeal": 344, "Scattered Thoughts": 2136, "Nature's Rhythm": 1673, "Dryad's Revival": 699, "Mabel, Heir to Cragflame_SB": 1514, "Slagstorm_SB": 2293, "Repel the Abominable": 2021, "Repel the Abominable_SB": 2022, "Niv-Mizzet, Visionary_SB": 1710, "Despark_SB": 607, "Dennick, Pious Apprentice": 598, "Dark Petition_SB": 545, "Hornet Queen": 1196, "Ojer Taq, Deepest Foundation": 1751, "Tomik, Distinguished Advokist_SB": 2639, "Hearth Elemental": 1144, "Sanguine Evangelist_SB": 2124, "Consuming Fervor": 482, "Aetherflux Reservoir": 27}}