{"vocabulary": {"Aloe Alchemist": 58, "Atarka's Command": 119, "Burning-Tree Emissary": 265, "Copperline Gorge": 425, "Cunning Coyote": 460, "Den of the Bugbear": 518, "Heartfire Hero": 932, "Karplusan Forest": 1091, "Kumano Faces Kakkazan": 1155, "Monastery Swiftspear": 1352, "Monstrous Rage": 1354, "Mountain": 1365, "Play with Fire": 1545, "Ramunap Ruins": 1610, "Reckless Bushwhacker": 1628, "Screaming Nemesis": 1782, "Sokenzan, Crucible of Defiance": 1929, "Stomping Ground": 1998, "Thornspire Verge": 2152, "Claim the Firstborn_SB": 371, "Destructive Revelry_SB": 532, "Grafdigger's Cage_SB": 881, "Magebane Lizard_SB": 1271, "Redcap Melee_SB": 1642, "Rending Volley_SB": 1657, "Shapers' Sanctuary_SB": 1833, "Witchstalker Frenzy_SB": 2404, "Blackcleave Cliffs": 189, "Blade of the Oni": 192, "Blazemire Verge": 197, "Blightstep Pathway": 201, "Blood Crypt": 206, "Bloodtithe Harvester": 214, "Duress": 609, "Fable of the Mirror-Breaker": 710, "Fatal Push": 730, "Fear of Missing Out": 737, "Go for the Throat": 866, "Mutavault": 1378, "Sheoldred, the Apocalypse": 1850, "Sulfurous Springs": 2021, "Swamp": 2050, "Thoughtseize": 2156, "Torch the Tower": 2193, "Unholy Annex && Ritual Chamber": 2264, "Urborg, Tomb of Yawgmoth": 2285, "Withering Torment": 2408, "Anoint with Affliction_SB": 82, "Damping Sphere_SB": 467, "Extinction Event_SB": 705, "Hidetsugu Consumes All_SB": 957, "Invoke Despair_SB": 1041, "Torch the Tower_SB": 2194, "Unlicensed Hearse_SB": 2273, "Arclight Phoenix": 103, "Artist's Talent": 105, "Brazen Borrower": 246, "Consider": 415, "Fiery Impulse": 756, "Hall of Storm Giants": 908, "Island": 1047, "Ledger Shredder": 1177, "Lightning Axe": 1208, "Opt": 1473, "Otawara, Soaring City": 1483, "Picklock Prankster": 1539, "Proft's Eidetic Memory": 1566, "Riverglide Pathway": 1698, "Shivan Reef": 1856, "Sleight of Hand": 1908, "Spell Pierce": 1957, "Spirebluff Canal": 1968, "Steam Vents": 1987, "Stormcarved Coast": 2002, "Treasure Cruise": 2214, "Abrade_SB": 24, "Anger of the Gods_SB": 73, "Annul_SB": 80, "Beacon Bolt_SB": 164, "Brazen Borrower_SB": 247, "Crackling Drake_SB": 435, "Disdainful Stroke_SB": 548, "Into the Flood Maw_SB": 1030, "Mystical Dispute_SB": 1383, "Negate_SB": 1400, "Third Path Iconoclast_SB": 2148, "Callous Sell-Sword": 279, "Claim // Fame": 368, "Emberheart Challenger": 649, "Infuriate": 1011, "Manifold Mouse": 1280, "Reckless Rage": 1632, "Claim // Fame_SB": 369, "Fatal Push_SB": 731, "Feed the Swarm_SB": 745, "Hazoret the Fervent_SB": 927, "Thoughtseize_SB": 2157, "Urabrask's Forge_SB": 2283, "Absorb": 27, "Castle Ardenvale": 305, "Castle Vantress": 309, "Change the Equation": 354, "Deserted Beach": 525, "Dovin's Veto": 571, "Eiganjo, Seat of the Empire": 623, "Elspeth's Smite": 640, "Farewell": 728, "Field of Ruin": 752, "Floodfarm Verge": 774, "Get Lost": 823, "Glacial Fortress": 845, "Hallowed Fountain": 909, "Hengegate Pathway": 945, "Irrigated Farmland": 1044, "Jwari Disruption": 1074, "March of Otherworldly Light": 1285, "Memory Deluge": 1312, "Meticulous Archive": 1325, "Narset, Parter of Veils": 1390, "No More Lies": 1425, "Omen of the Sea": 1462, "Plains": 1542, "Restless Anchorage": 1669, "Supreme Verdict": 2042, "Teferi, Hero of Dominaria": 2082, "Temporary Lockdown": 2092, "The Wandering Emperor": 2138, "Aether Gust_SB": 41, "Archon of Emeria_SB": 102, "Dream Trawler_SB": 593, "Elspeth's Smite_SB": 641, "Knockout Blow_SB": 1137, "Kutzil's Flanker_SB": 1161, "Narset, Parter of Veils_SB": 1391, "Yorion, Sky Nomad_SB": 2436, "Abrupt Decay": 25, "Breeding Pool": 249, "Bring to Light": 253, "Deafening Clarion": 488, "Elenda, Saint of Dusk": 632, "Fabled Passage": 712, "Forest": 786, "Godless Shrine": 872, "Hushwood Verge": 992, "Indatha Triome": 1009, "Jetmir's Garden": 1067, "Ketria Triome": 1118, "Knight of Autumn": 1129, "Leyline Binding": 1188, "Lightning Helix": 1210, "Maelstrom Pulse": 1265, "Nahiri, the Harbinger": 1385, "Niv-Mizzet Reborn": 1420, "Niv-Mizzet, Supreme": 1423, "Omnath, Locus of Creation": 1465, "Overgrown Tomb": 1492, "Raffine's Tower": 1595, "Raugrin Triome": 1618, "Sacred Foundry": 1742, "Savai Triome": 1759, "Spara's Headquarters": 1952, "Sunfall": 2030, "Sylvan Caryatid": 2060, "Valki, God of Lies": 2299, "Vanishing Verse": 2309, "Watery Grave": 2373, "Ziatora's Proving Ground": 2449, "Dovin's Veto_SB": 572, "Kambal, Consul of Allocation_SB": 1086, "Unmoored Ego_SB": 2276, "Yasharn, Implacable Earth_SB": 2430, "Atraxa, Grand Unifier": 121, "Cavern of Souls": 325, "Enigmatic Incarnation": 669, "Gloomlake Verge": 859, "Kutzil's Flanker": 1160, "Linvala, the Preserver": 1228, "Nowhere to Run": 1433, "Overlord of the Boilerbilges": 1495, "Overlord of the Floodpits": 1496, "Overlord of the Hauntwoods": 1497, "Overlord of the Mistmoors": 1498, "Skyclave Apparition": 1896, "Up the Beanstalk": 2281, "Zagoth Triome": 2443, "Zur, Eternal Schemer": 2454, "Elesh Norn, Mother of Machines_SB": 635, "Rest in Peace_SB": 1668, "Thought Distortion_SB": 2153, "Adeline, Resplendent Cathar": 36, "Brave the Elements": 244, "Brutal Cathar": 259, "Coppercoat Vanguard": 424, "Dauntless Bodyguard": 477, "Declaration in Stone": 500, "Extraction Specialist": 707, "Hopeful Initiate": 973, "Recruitment Officer": 1640, "Thalia's Lieutenant": 2103, "Thalia, Guardian of Thraben": 2104, "Brutal Cathar_SB": 260, "Containment Priest_SB": 422, "Destroy Evil_SB": 531, "Extraction Specialist_SB": 708, "Portable Hole_SB": 1555, "Wedding Announcement_SB": 2383, "Go Blank_SB": 864, "Withering Torment_SB": 2409, "Ob Nixilis, the Adversary_SB": 1446, "Screaming Nemesis_SB": 1783, "Beanstalk Giant": 165, "Boseiju, Who Endures": 236, "Greater Tanuki": 889, "Herd Migration": 950, "Quintorius Kand": 1590, "Release to the Wind": 1652, "Roaring Furnace && Steaming Sauna": 1702, "Spark Double": 1953, "Spinewoods Armadillo": 1965, "Trumpeting Carnosaur": 2225, "Bedeck // Bedazzle_SB": 167, "Boseiju, Who Endures_SB": 237, "Consign // Oblivion_SB": 417, "Dragonlord Dromoka_SB": 578, "Gyruda, Doom of Depths_SB": 906, "Keruga, the Macrosage_SB": 1115, "Swamp_SB": 2051, "Virtue of Persistence_SB": 2327, "Ghitu Lavarunner": 828, "Light Up the Stage": 1204, "Skewer the Critics": 1889, "Slickshot Show-Off": 1909, "Soul-Scar Mage": 1945, "Spikefield Hazard": 1964, "Wizard's Lightning": 2412, "Roiling Vortex_SB": 1714, "Sunspine Lynx_SB": 2040, "Turn Inside Out": 2227, "Reckless Rage_SB": 1633, "Haunted Ridge": 921, "Kolaghan's Command": 1139, "Kolaghan's Command_SB": 1140, "Takenuma, Abandoned Mire": 2067, "Reckoner Bankbuster_SB": 1636, "End the Festivities_SB": 661, "Goblin Chainwhirler_SB": 869, "Kari Zev's Expertise_SB": 1088, "Rampaging Ferocidon_SB": 1608, "Razorkin Needlehead_SB": 1624, "Anoint with Affliction": 81, "The Meathook Massacre_SB": 2124, "Hive of the Eye Tyrant": 966, "Reckoner Bankbuster": 1635, "Unstoppable Slasher": 2277, "Duress_SB": 610, "Archon of Emeria": 101, "Aven Interrupter": 131, "Branchloft Pathway": 241, "Brushland": 258, "Collected Company": 388, "Elvish Mystic": 646, "Enduring Innocence": 665, "Llanowar Elves": 1235, "Razorverge Thicket": 1625, "Shefet Dunes": 1844, "Temple Garden": 2085, "Virtue of Loyalty": 2325, "Voice of Resurgence": 2336, "Werefox Bodyguard": 2387, "Anointed Peacekeeper_SB": 84, "Dromoka's Command_SB": 602, "Dusk // Dawn_SB": 611, "The Wandering Emperor_SB": 2139, "Werefox Bodyguard_SB": 2388, "Pillage the Bog": 1540, "Casualties of War_SB": 310, "Cleansing Nova_SB": 373, "Notion Thief_SB": 1431, "Audacity": 123, "Calix, Guided by Fate": 275, "Jukai Naturalist": 1073, "Lair of the Hydra": 1163, "Restless Prairie": 1672, "Royal Treatment": 1723, "Seal from Existence": 1788, "Sheltered by Ghosts": 1846, "Spirited Companion": 1971, "Weaver of Harmony": 2379, "Authority of the Consuls_SB": 130, "Isolate_SB": 1048, "Overlord of the Mistmoors_SB": 1499, "Sheltered by Ghosts_SB": 1847, "Split Up_SB": 1973, "Blot Out_SB": 219, "Battlefield Forge": 163, "Bitter Triumph": 187, "Concealed Courtyard": 409, "Elegant Parlor": 631, "Greasefang, Okiba Boss": 886, "Kroxa, Titan of Death's Hunger": 1153, "Overlord of the Balemurk": 1493, "Parhelion II": 1511, "Skysovereign, Consul Flagship": 1902, "Dark Betrayal_SB": 468, "Deafening Silence_SB": 491, "Vanishing Verse_SB": 2310, "Galvanic Iteration": 813, "Into the Flood Maw": 1029, "Temporal Trespass": 2091, "Prismari Command_SB": 1564, "Thassa's Oracle_SB": 2109, "Brotherhood's End_SB": 257, "Pyroclasm_SB": 1579, "Ruric Thar, the Unbowed_SB": 1736, "Fortified Beachhead": 791, "Mockingbird": 1342, "Reflector Mage": 1645, "Seachrome Coast": 1787, "Get Lost_SB": 824, "Reflector Mage_SB": 1646, "Discontinuity": 546, "Dream Trawler": 592, "Impulse": 1006, "Lotus Field": 1253, "Settle the Wreckage": 1819, "Strict Proctor": 2013, "Thespian's Stage": 2145, "Chandra, Awakened Inferno_SB": 347, "Farewell_SB": 729, "Surge of Righteousness_SB": 2045, "Invoke Despair": 1040, "Change the Equation_SB": 355, "Three Steps Ahead_SB": 2163, "Adarkar Wastes": 35, "Enduring Curiosity": 663, "Invasion of Gobakhan": 1034, "Mausoleum Wanderer": 1304, "Rattlechains": 1614, "Spell Queller": 1959, "Supreme Phantom": 2041, "Kytheon, Hero of Akros": 1162, "Veteran Survivor": 2318, "Protect the Negotiators_SB": 1574, "Ancestral Anger": 67, "Titan's Strength": 2181, "Kellan, Daring Traveler": 1108, "Lion Sash": 1230, "Loran of the Third Path": 1244, "Liliana of the Veil_SB": 1218, "Mana Confluence": 1279, "Consign // Oblivion": 416, "Case of the Gateway Express": 300, "Giant Killer": 835, "Gleeful Demolition": 853, "Imodane's Recruiter": 1003, "Inspiring Vantage": 1024, "Knight-Errant of Eos": 1135, "Needleverge Pathway": 1398, "Novice Inspector": 1432, "Resolute Reinforcements": 1665, "Thraben Inspector": 2159, "Venerated Loxodon": 2315, "Voldaren Epicure": 2346, "Warden of the Inner Sky": 2364, "Enduring Innocence_SB": 666, "Invasion of Gobakhan_SB": 1035, "Reidane, God of the Worthy_SB": 1651, "Cavalier of Thorns": 323, "Invasion of Ixalan": 1036, "Kiora, Behemoth Beckoner": 1120, "Nykthos, Shrine to Nyx": 1440, "Oath of Nissa": 1444, "Old-Growth Troll": 1457, "Outcaster Trailblazer": 1487, "Storm the Festival": 2001, "Ulvenwald Oddity": 2248, "Wolfwillow Haven": 2416, "Cityscape Leveler_SB": 367, "Emrakul, the Promised End_SB": 657, "Pithing Needle_SB": 1541, "Setessan Petitioner_SB": 1817, "Tail Swipe_SB": 2065, "The Mightstone and Weakstone_SB": 2126, "Tranquil Frillback_SB": 2207, "Wicked Wolf_SB": 2392, "Beza, the Bounding Spring": 175, "Anointed Peacekeeper": 83, "Elite Spellbinder_SB": 638, "Castle Locthwain": 308, "Clearwater Pathway": 376, "Darkslick Shores": 475, "Fear of Isolation": 736, "Geier Reach Sanitarium": 820, "Hopeless Nightmare": 975, "Liliana of the Veil": 1217, "Stormchaser's Talent": 2004, "This Town Ain't Big Enough": 2150, "Tinybones Joins Up": 2173, "Undercity Sewers": 2256, "Waste Not": 2368, "Path of Peril_SB": 1517, "Spell Pierce_SB": 1958, "Prosperous Innkeeper": 1570, "Sanguine Evangelist": 1753, "Scavenging Ooze": 1769, "Skyknight Squire": 1900, "Soul Partition_SB": 1940, "Built to Smash": 262, "Cacophony Scamp": 273, "Thud": 2167, "Wayward Guide-Beast": 2374, "Dreadmaw's Ire_SB": 591, "Obosh, the Preypiercer_SB": 1449, "Voldaren Thrillseeker_SB": 2348, "Boltwave": 222, "Burst Lightning": 267, "Chandra, Dressed to Kill": 348, "Shock": 1857, "Sunspine Lynx": 2039, "Wild Slash": 2394, "Chandra, Dressed to Kill_SB": 349, "Lithomantic Barrage_SB": 1232, "Unchained Berserker_SB": 2252, "Faerie Miscreant": 722, "Floodpits Drowner": 775, "Kaito, Bane of Nightmares": 1080, "Moon-Circuit Hacker": 1358, "Spyglass Siren": 1977, "Underground River": 2258, "Cut Down_SB": 466, "Heartless Act_SB": 935, "Bishop of Wings": 183, "Emeria's Call": 653, "Giada, Font of Hope": 833, "Kayla's Reconstruction": 1101, "Resplendent Angel": 1667, "Righteous Valkyrie": 1686, "The Book of Exalted Deeds": 2114, "Back to Nature_SB": 140, "Settle the Wreckage_SB": 1820, "Tocasia's Welcome_SB": 2186, "The Stone Brain_SB": 2137, "Vivien Reid_SB": 2333, "Archfiend of the Dross": 97, "Archfiend of the Dross_SB": 98, "Blooming Marsh": 215, "Cauldron Familiar": 315, "Claim the Firstborn": 370, "Deadly Dispute": 486, "Fountainport": 797, "Legion Extruder": 1181, "Mayhem Devil": 1306, "Scavenger's Talent": 1767, "Witch's Oven": 2402, "Ygra, Eater of All": 2433, "Case of the Crimson Pulse_SB": 299, "Leyline of the Void_SB": 1197, "Ancient Cornucopia": 69, "Hostage Taker": 981, "Unmoored Ego": 2275, "Xander's Lounge": 2424, "Deafening Clarion_SB": 489, "Knight of Autumn_SB": 1130, "Defiant Strike": 508, "Dreadhorde Arcanist": 588, "Gods Willing": 873, "Inti, Seneschal of the Sun": 1026, "Leyline of Resonance": 1193, "Renegade Tactics": 1658, "Knight of Grace_SB": 1133, "Wear // Tear_SB": 2376, "Wedding Announcement": 2382, "Brave the Elements_SB": 245, "Faerie Mastermind": 721, "Inscription of Ruin": 1019, "Jace Reawakened": 1052, "Sheoldred's Edict": 1848, "Shipwreck Marsh": 1855, "Tinybones, the Pickpocket": 2174, "Monstrous Emergence_SB": 1353, "Chandra's Defeat_SB": 345, "Molten Collapse_SB": 1346, "Syr Ginger, the Meal Ender_SB": 2064, "Portable Hole": 1554, "Callous Sell-Sword_SB": 280, "Cling to Dust_SB": 382, "Go for the Throat_SB": 867, "Case of the Uneaten Feast": 303, "Lunarch Veteran": 1258, "Trelasarra, Moon Dancer": 2219, "Voice of the Blessed": 2340, "Aven Interrupter_SB": 132, "Guardian of Faith_SB": 900, "High Noon_SB": 961, "Bushwhack": 269, "Cragcrown Pathway": 436, "Innkeeper's Talent": 1014, "Questing Druid": 1585, "Snakeskin Veil": 1919, "Pick Your Poison_SB": 1538, "Chained to the Rocks": 338, "Deadly Cover-Up": 484, "Elesh Norn, Mother of Machines": 634, "Escape to the Wilds": 678, "Selfless Glyphweaver": 1805, "Slaughter Games": 1905, "Lavinia, Azorius Renegade_SB": 1172, "Evangel of Synthesis": 689, "Kiora, the Rising Tide": 1121, "Raffine, Scheming Seer": 1596, "Shattered Sanctum": 1840, "Elenda, Saint of Dusk_SB": 633, "Temporary Lockdown_SB": 2093, "Abhorrent Oculus": 21, "Day's Undoing": 482, "Heartless Act": 934, "Quicken": 1588, "Cry of the Carnarium_SB": 449, "Day's Undoing_SB": 483, "Glistening Deluge_SB": 858, "Long Goodbye_SB": 1241, "Overlord of the Balemurk_SB": 1494, "Unholy Annex && Ritual Chamber_SB": 2265, "Demonic Counsel": 517, "Indomitable Creativity": 1010, "Prismari Command": 1563, "Stern Lesson": 1992, "Thundering Falls": 2170, "Valgavoth, Terror Eater": 2297, "Zombify": 2452, "Hullbreaker Horror_SB": 988, "Sire of Insanity_SB": 1885, "Rockface Village": 1709, "Ray of Enfeeblement_SB": 1620, "Bloodletter of Aclazotz": 211, "Soulstone Sanctuary": 1951, "Come Back Wrong_SB": 402, "Dreams of Steel and Oil_SB": 597, "The End_SB": 2118, "Pawpatch Formation_SB": 1519, "Expedition Map": 694, "Leyline of the Guildpact": 1196, "Arasta of the Endless Web_SB": 91, "Keen-Eyed Curator_SB": 1106, "Scrapshooter_SB": 1780, "Demolition Field": 513, "Shark Typhoon": 1836, "Three Steps Ahead": 2162, "Narset's Reversal_SB": 1389, "Summary Dismissal_SB": 2022, "Supreme Verdict_SB": 2043, "Unholy Annex // Ritual Chamber": 2266, "Krenko's Buzzcrusher": 1149, "Siphon Insight_SB": 1884, "Boros Charm": 233, "Lightning Helix_SB": 1211, "Deflecting Palm_SB": 509, "Deduce": 502, "Commit // Memory": 405, "Shark Typhoon_SB": 1837, "Beza, the Bounding Spring_SB": 176, "Kaheera, the Orphanguard_SB": 1077, "Haywire Mite_SB": 924, "Sheoldred's Edict_SB": 1849, "Negate": 1399, "Transmogrify": 2208, "Make Disappear": 1275, "Flip the Switch": 773, "Mirrex": 1332, "Volcanic Spite": 2344, "Valgavoth, Terror Eater_SB": 2298, "Unable to Scream_SB": 2251, "Fiery Impulse_SB": 757, "Portal to Phyrexia_SB": 1558, "Sunken Citadel": 2032, "Chrome Host Seedshark_SB": 363, "Glorious Protector_SB": 860, "Hallowed Moonlight_SB": 911, "Blood Baron of Vizkopa": 204, "Blood Baron of Vizkopa_SB": 205, "Culling Ritual_SB": 458, "Ral, Crackling Wit_SB": 1604, "Ashiok, Dream Render_SB": 108, "Caretaker's Talent": 289, "Carrot Cake": 292, "High Noon": 960, "Sundown Pass": 2029, "Westvale Abbey": 2390, "Imodane's Recruiter_SB": 1004, "Thought-Knot Seer_SB": 2155, "Divine Smite_SB": 559, "Day of Judgment_SB": 481, "Cityscape Leveler": 366, "Ulamog, the Ceaseless Hunger_SB": 2245, "Outland Liberator_SB": 1488, "Thalia, Heretic Cathar": 2106, "The Wandering Rescuer_SB": 2142, "Niambi, Esteemed Speaker_SB": 1403, "Shacklegeist": 1822, "Slip Out the Back": 1911, "Voice of Resurgence_SB": 2337, "Elite Spellbinder": 637, "Gideon, Ally of Zendikar_SB": 838, "Archdruid's Charm": 96, "Voracious Hydra_SB": 2352, "Ornithopter": 1478, "Satoru, the Infiltrator": 1756, "Kaito, Cunning Infiltrator": 1082, "Kaito Shizuki": 1078, "Dokuchi Silencer_SB": 562, "Sheoldred, the Apocalypse_SB": 1851, "Eldrazi Displacer": 628, "Skyclave Apparition_SB": 1897, "Young Pyromancer_SB": 2437, "Graveyard Trespasser": 884, "Drown in the Loch": 603, "Thieves' Guild Enforcer": 2146, "Soaring Thought-Thief": 1928, "Into the Story": 1031, "Restless Reef": 1673, "Kalitas, Traitor of Ghet_SB": 1085, "Test of Talents_SB": 2100, "Ascendant Spirit": 106, "Plumecreed Escort": 1548, "Curious Obsession": 462, "Spectral Sailor": 1956, "Geistlight Snare": 821, "Faceless Haven": 714, "Snow-Covered Island": 1923, "Lofty Denial_SB": 1239, "Icon of Ancestry_SB": 995, "Fading Hope_SB": 717, "Witness Protection_SB": 2411, "Exquisite Firecraft_SB": 702, "Skullcrack_SB": 1895, "Snow-Covered Plains": 1925, "Proft's Eidetic Memory_SB": 1567, "Warping Wail_SB": 2367, "Elspeth, Sun's Champion_SB": 644, "Heliod's Intervention_SB": 939, "Thing in the Ice_SB": 2147, "Detention Sphere_SB": 534, "Enduring Curiosity_SB": 664, "Jace, Wielder of Mysteries_SB": 1057, "Brightclimb Pathway": 250, "Kaervek, the Punisher": 1075, "Ossification": 1480, "Shadowy Backstreet": 1828, "Zoraline, Cosmos Caller": 2453, "Fracture_SB": 799, "Augur of Bolas": 127, "Barkchannel Pathway": 154, "Botanical Sanctum": 238, "Essence Flux": 684, "Fading Hope": 716, "Fallaji Archaeologist": 724, "Neoform": 1401, "Satyr Wayfinder": 1757, "Stubborn Denial": 2017, "Thundertrap Trainer": 2171, "Traverse the Ulvenwald": 2211, "Tyvar's Stand": 2236, "Ghost Vacuum_SB": 830, "Mazemind Tome_SB": 1308, "Natural State_SB": 1393, "Tamiyo's Safekeeping_SB": 2072, "Feed the Swarm": 744, "Adanto Vanguard": 33, "Apostle of Purifying Light": 86, "Clifftop Retreat": 380, "Colossus Hammer": 400, "Fervent Champion": 749, "Glass Casket": 848, "Kellan, the Fae-Blooded": 1110, "Leyline Axe": 1187, "Shadowspear": 1826, "Sigarda's Aid": 1867, "Swiftfoot Boots": 2055, "Thran Power Suit": 2160, "Leyline of Sanctity_SB": 1194, "Blossoming Defense": 216, "Cindervines_SB": 364, "Questing Druid_SB": 1586, "Abyssal Harvester": 29, "Scavenger Grounds": 1765, "Bonecrusher Giant": 227, "Caustic Bronco_SB": 317, "Graveyard Trespasser_SB": 885, "Lush Portico": 1259, "Virtue of Persistence": 2326, "Roaring Furnace && Steaming Sauna_SB": 1703, "Aftermath Analyst": 45, "Annie Joins Up": 79, "Brokers Hideout": 255, "Cabaretti Courtyard": 271, "Emrakul, the Promised End": 656, "Fecund Greenshell": 741, "Kenrith, the Returned King": 1113, "Lotus Cobra": 1252, "Lumra, Bellow of the Woods": 1257, "Nissa, Resurgent Animist": 1416, "Port of Karfell": 1553, "Riveteers Overlook": 1700, "Soul Partition": 1939, "Spelunking": 1960, "The World Tree": 2144, "Titan of Industry": 2179, "Zacama, Primal Calamity": 2440, "Doppelgang_SB": 570, "Titania, Voice of Gaea_SB": 2182, "Angel of Serenity": 71, "Tyvar, the Pummeler": 2239, "Grand Abolisher_SB": 882, "The Meathook Massacre": 2123, "Treacherous Blessing_SB": 2213, "Kroxa, Titan of Death's Hunger_SB": 1154, "Battle Cry Goblin": 160, "Conspicuous Snoop": 418, "Fireblade Charger": 763, "Foundry Street Denizen": 796, "Legion Loyalist": 1184, "Rundvelt Hordemaster": 1730, "Searslicer Goblin": 1794, "Skirk Prospector": 1890, "Spinner of Souls": 1966, "Klothys, God of Destiny_SB": 1128, "Masked Vandal_SB": 1299, "Umori, the Collector_SB": 2249, "Torpor Orb_SB": 2197, "Blast Zone": 195, "Glass Casket_SB": 849, "Strict Proctor_SB": 2014, "Eidolon of the Great Revel": 621, "Hired Claw": 964, "Lightning Strike": 1212, "Ojer Axonil, Deepest Might": 1455, "Leyline of Combustion_SB": 1191, "Scorching Shot_SB": 1773, "Light Up the Stage_SB": 1205, "Tithing Blade": 2183, "Llanowar Wastes": 1237, "Bitter Triumph_SB": 188, "Grasp of Darkness_SB": 883, "Agatha's Soul Cauldron": 48, "Darkbore Pathway": 474, "Forsaken Miner": 789, "Insidious Roots": 1022, "Necrotic Wound": 1396, "Priest of Forgotten Gods": 1562, "Rubblebelt Maverick": 1725, "Scrapheap Scrounger": 1778, "Souls of the Lost": 1949, "Stitcher's Supplier": 1995, "Tyvar, Jubilant Brawler": 2238, "Necrotic Wound_SB": 1397, "March of Swirling Mist_SB": 1288, "Ruric Thar, the Unbowed": 1735, "Horned Loch-Whale_SB": 978, "Squirming Emergence": 1978, "Souls of the Lost_SB": 1950, "Callous Bloodmage": 277, "Sunfall_SB": 2031, "Glasspool Mimic": 850, "Sunpetal Grove": 2035, "Dromoka's Command": 601, "Kappa Tech-Wrecker": 1087, "Eldrazi Displacer_SB": 629, "Confounding Riddle": 414, "Experimental Augury": 697, "Fleeting Spirit": 771, "Get Out": 825, "Lore Drakkis": 1249, "Open the Omenpaths": 1471, "Saiba Cryptomancer": 1746, "Sea-Dasher Octopus": 1786, "Vadrok, Apex of Thunder": 2292, "Bala Ged Recovery": 142, "Hedge Maze": 936, "Otherworldly Gaze": 1484, "Sentinel of the Nameless City": 1810, "Yavimaya Coast": 2432, "Dark Petition": 471, "Emergent Ultimatum": 651, "Fae of Wishes": 718, "Hidden Strings": 955, "Lier, Disciple of the Drowned": 1200, "Omniscience": 1468, "Pore Over the Pages": 1551, "Scattered Groves": 1763, "Sylvan Scrying": 2062, "Vizier of Tumbling Sands": 2334, "Approach of the Second Sun_SB": 88, "Emergent Ultimatum_SB": 652, "Nine Lives_SB": 1410, "Silence_SB": 1869, "Voyaging Satyr_SB": 2355, "Zacama, Primal Calamity_SB": 2441, "Hallowed Moonlight": 910, "Drowned Catacomb": 604, "Woodland Cemetery": 2417, "Barrier Breach_SB": 156, "Weathered Runestone_SB": 2378, "Candy Trail": 285, "Cling to Dust": 381, "Crucible of Worlds": 444, "Extinction Event": 704, "March of Wretched Sorrow": 1289, "Mazemind Tome": 1307, "Plains_SB": 1543, "Fetid Pools": 751, "Silvergill Adept": 1877, "Triton Shorestalker": 2223, "Vodalian Hexcatcher": 2335, "Tishana's Tidebinder_SB": 2178, "Smuggler's Copter": 1915, "Welcoming Vampire": 2385, "Scorching Shot": 1772, "Destiny Spinner": 528, "Izoni, Center of the Web": 1050, "Moon-Blessed Cleric": 1357, "Noxious Gearhulk": 1435, "Yorion, Sky Nomad": 2435, "Cavern of Souls_SB": 326, "Destiny Spinner_SB": 529, "Glarb, Calamity's Augur_SB": 847, "Sin Collector_SB": 1881, "Cache Grab": 272, "Cult Conscript": 459, "Deathrite Shaman": 495, "Haywire Mite": 923, "Slickshot Show-Off_SB": 1910, "Culling Ritual": 457, "Split Up": 1972, "Obstinate Baloth_SB": 1451, "Might of the Meek": 1327, "Mukotai Ambusher_SB": 1372, "Grisly Salvage": 894, "Oracle of Tragedy": 1476, "Samut, Voice of Dissent": 1750, "Sire of Seven Deaths": 1886, "Soulflayer": 1947, "Striped Riverwinder": 2015, "Urborg Scavengers": 2284, "Zetalpa, Primal Dawn": 2448, "Collective Brutality_SB": 391, "Cast Out": 304, "Day of Judgment": 480, "Lay Down Arms": 1173, "Blast Zone_SB": 196, "Cleansing Wildfire_SB": 375, "Vanish into Eternity_SB": 2308, "Mutavault_SB": 1379, "Clever Impersonator": 377, "Gyruda, Doom of Depths": 905, "Bandit's Talent": 146, "Tribute to Horobi": 2221, "Void Winnower_SB": 2343, "Hunter's Talent_SB": 990, "Dig Through Time": 541, "Phantom Interference": 1529, "Vaultborn Tyrant": 2311, "Eidolon of Rhetoric_SB": 620, "Remorseful Cleric_SB": 1656, "Selfless Spirit_SB": 1809, "Zirda, the Dawnwaker_SB": 2450, "Hunter's Talent": 989, "Polukranos Reborn": 1549, "Rhonas the Indomitable": 1683, "Vengeful Possession": 2317, "Hidetsugu's Second Rite_SB": 959, "Legion's Landing": 1186, "Nurturing Pixie": 1439, "Oath of Kaya": 1443, "Optimistic Scavenger": 1474, "Syr Ginger, the Meal Ender": 2063, "Lifebane Zombie_SB": 1202, "Collective Brutality": 390, "Trial of Ambition": 2220, "Kaito, Bane of Nightmares_SB": 1081, "Bond of Insight": 225, "Valakut Awakening": 2293, "Niv-Mizzet, Parun_SB": 1422, "Pawpatch Recruit": 1520, "Censor": 336, "Ertai Resurrected": 676, "Torrential Gearhulk": 2198, "Get Out_SB": 826, "Jace, Vryn's Prodigy_SB": 1056, "Deadly Cover-Up_SB": 485, "Pia Nalaar, Consul of Revival": 1537, "Reckless Impulse": 1630, "Showdown of the Skalds": 1862, "Wrenn's Resolve": 2423, "Showdown of the Skalds_SB": 1863, "Declaration in Stone_SB": 501, "Preacher of the Schism_SB": 1561, "Twisted Fealty_SB": 2233, "Cut Down": 465, "Extract the Truth_SB": 706, "Malcolm, Alluring Scoundrel": 1278, "Thirst for Meaning": 2149, "Entity Tracker_SB": 673, "Sunset Revelry_SB": 2038, "Bassara Tower Archer": 159, "Cloudsteel Kirin": 386, "Gladecover Scout": 846, "Lizard Blades": 1234, "Chained to the Rocks_SB": 339, "Trostani, Three Whispers": 2224, "Containment Priest": 421, "Fateful Absence_SB": 732, "Youthful Valkyrie": 2438, "Crystal Barricade_SB": 455, "Bloodsoaked Champion": 212, "Osteomancer Adept": 1482, "Snarling Gorehound": 1921, "Underground Mortuary": 2257, "Knight of Dusk's Shadow_SB": 1131, "Voldaren Thrillseeker": 2347, "Tree of Perdition": 2218, "Raucous Theater": 1617, "Molten Collapse": 1345, "Viashino Pyromancer": 2319, "Searing Blood": 1792, "Chandra, Torch of Defiance_SB": 353, "Bomat Courier_SB": 224, "Bonecrusher Giant_SB": 228, "Magma Spray_SB": 1273, "Searing Blood_SB": 1793, "Lightning Strike_SB": 1213, "Aven Mindcensor_SB": 133, "Aclazotz, Deepest Betrayal_SB": 32, "Camellia, the Seedmiser": 281, "Deathcap Glade": 492, "Gilded Goose": 841, "Trail of Crumbs": 2203, "Vinereap Mentor": 2322, "Vraska, Golgari Queen": 2358, "Abrupt Decay_SB": 26, "Assassin's Trophy_SB": 116, "Fugitive Codebreaker_SB": 809, "Hollow One": 968, "Restless Vents": 1675, "Fiery Temper": 758, "Stalactite Stalker": 1982, "Harvester of Misery_SB": 919, "Hostile Investigator_SB": 984, "Lamplight Phoenix_SB": 1164, "Treacherous Blessing": 2212, "Biting-Palm Ninja": 184, "Dokuchi Silencer": 561, "Silver-Fur Master": 1874, "Thousand-Faced Shadow": 2158, "Kaito Shizuki_SB": 1079, "Case of the Stashed Skeleton": 302, "Rakdos Joins Up": 1599, "Massacre Wurm_SB": 1302, "Skysovereign, Consul Flagship_SB": 1903, "Helping Hand": 944, "Thalia, Guardian of Thraben_SB": 2105, "Pawpatch Recruit_SB": 1521, "Assimilation Aegis": 117, "Brass Knuckles": 242, "Fabrication Foundry": 713, "Ingenious Smith": 1013, "Inventors' Fair": 1038, "Metalwork Colossus": 1323, "Moonsnare Prototype": 1360, "Sanctum of Ugin": 1751, "Simulacrum Synthesizer": 1880, "The Irencrag": 2122, "Metallic Rebuke_SB": 1322, "Mystic Forge_SB": 1380, "Colossal Skyturtle_SB": 398, "Takenuma, Abandoned Mire_SB": 2068, "Demilich": 511, "Stern Dismissal": 1990, "Magda, Brazen Outlaw": 1269, "Holy Cow": 969, "Lyra Dawnbringer_SB": 1261, "Enduring Vitality": 668, "Soul Transfer": 1941, "Horned Loch-Whale": 977, "Sphinx's Revelation": 1962, "Tale's End": 2069, "Urza's Sylex_SB": 2291, "Cryptic Coat": 452, "Darksteel Citadel": 476, "Ensoul Artifact": 670, "Shrapnel Blast": 1864, "Burst Lightning_SB": 268, "Shadowspear_SB": 1827, "Voltage Surge_SB": 2351, "Entity Tracker": 672, "Omen of the Dead": 1460, "Kayla's Reconstruction_SB": 1102, "Sentinel of the Nameless City_SB": 1811, "Welcoming Vampire_SB": 2386, "Snow-Covered Forest": 1922, "Prosperous Thief": 1572, "Rottenmouth Viper": 1719, "Misery's Shadow_SB": 1335, "Rottenmouth Viper_SB": 1720, "Roaring Furnace // Steaming Sauna_SB": 1705, "Fiend Artisan": 754, "Werewolf Pack Leader": 2389, "Prowling Serpopard_SB": 1575, "Cathartic Pyre": 313, "Silundi Vision": 1873, "Wish": 2401, "Filter Out_SB": 760, "Lier, Disciple of the Drowned_SB": 1201, "Kazandu Mammoth": 1103, "Sharp-Eyed Rookie": 1838, "Genesis Wave": 822, "Hostile Hostel": 982, "Ill-Timed Explosion": 997, "Magma Opus": 1272, "Sublime Epiphany": 2019, "Alpine Moon_SB": 60, "Ral, Izzet Viceroy_SB": 1605, "Jace, Vryn's Prodigy": 1055, "Mission Briefing": 1337, "Sorin the Mirthless": 1936, "Ayara's Oathsworn": 137, "Loran of the Third Path_SB": 1245, "Atraxa, Grand Unifier_SB": 122, "Vein Ripper": 2313, "Shardmage's Rescue": 1834, "Can't Stay Away": 283, "Eldritch Evolution": 630, "Esika's Chariot": 680, "Glissa Sunslayer": 856, "Raffine's Informant": 1594, "Witherbloom Command": 2406, "Kalitas, Traitor of Ghet": 1084, "Ledger Shredder_SB": 1178, "Dawnbringer Cleric_SB": 479, "Tranquil Frillback": 2206, "Council of the Absolute_SB": 431, "Spirit of the Labyrinth_SB": 1969, "Suncleanser_SB": 2026, "Arboreal Grazer": 92, "Languish_SB": 1166, "Sphinx of the Final Word_SB": 1961, "Snakeskin Veil_SB": 1920, "Adventurous Impulse": 39, "Monastery Mentor_SB": 1351, "Cathar Commando_SB": 312, "Destroy Evil": 530, "Serra Paragon_SB": 1815, "Arcane Proxy": 94, "Chrome Host Seedshark": 362, "Path of Peril": 1516, "See the Truth": 1800, "Nashi, Searcher in the Dark": 1392, "Wilt-Leaf Liege_SB": 2397, "Shambling Vent": 1831, "Ambitious Farmhand": 63, "Cascading Cataracts": 297, "Charming Prince": 359, "Golos, Tireless Pilgrim": 877, "Helpful Hunter": 943, "Serra Paragon": 1814, "Thalia's Lancers": 2102, "Touch the Spirit Realm": 2200, "Surge of Salvation": 2046, "Brass's Tunnel-Grinder": 243, "Goblin Instigator": 870, "Raise the Past": 1598, "Behold the Beyond": 169, "Nine Lives": 1409, "Temple of Mystery": 2090, "Augur of Autumn_SB": 126, "Lavabrink Venturer_SB": 1169, "Soulless Jailer_SB": 1948, "Gleaming Geardrake": 852, "Prosperous Thief_SB": 1573, "Faithful Mending": 723, "Recommission": 1638, "Tainted Indulgence": 2066, "Tome Scour": 2189, "Fragmentize_SB": 800, "Shatterskull Smashing_SB": 1843, "Barkhide Troll": 155, "Gather Courage": 817, "Keen-Eyed Curator": 1105, "Tribute to the World Tree": 2222, "Inscription of Abundance_SB": 1018, "Setessan Tactics_SB": 1818, "Fires of Invention": 764, "Tolsimir, Friend to Wolves": 2187, "Heliod, the Radiant Dawn": 941, "Cavalier of Dawn": 321, "Kotose, the Silent Spider": 1145, "Sulfur Falls": 2020, "Marina Vendrell": 1292, "Krenko's Buzzcrusher_SB": 1150, "Archon of Absolution_SB": 100, "Chandra, Torch of Defiance": 352, "Fanatic of Mogis": 725, "Leyline of Combustion": 1190, "Razorkin Needlehead": 1623, "Shatterskull Smashing": 1842, "Solphim, Mayhem Dominus": 1932, "Torbran, Thane of Red Fell": 2191, "Fable of the Mirror-Breaker_SB": 711, "Altanak, the Thrice-Called": 62, "Say Its Name": 1760, "Witherbloom Command_SB": 2407, "Thalia and The Gitrog Monster": 2101, "Cosmic Rebirth_SB": 430, "Dreadbore_SB": 587, "Nylea's Intervention_SB": 1441, "Unable to Scream": 2250, "Stubborn Denial_SB": 2018, "Deathmist Raptor": 494, "Oblivious Bookworm": 1448, "Cerulean Drake_SB": 337, "Kraul Harpooner_SB": 1147, "Prosperous Innkeeper_SB": 1571, "Blacksmith's Talent": 190, "Bladehold War-Whip": 193, "Chainsaw": 340, "Kemba, Kha Enduring": 1111, "Nahiri, Forged in Fury": 1384, "Sword of Forge and Frontier": 2057, "Rebel Salvo_SB": 1627, "Arid Archway": 104, "Bloodthirsty Conqueror": 213, "Dina, Soul Steeper": 543, "Dryad of the Ilysian Grove": 606, "Iridescent Vinelasher": 1043, "Jaddi Offshoot": 1060, "Mirrorpool": 1333, "Retreat to Hagra": 1679, "Scapeshift": 1761, "Bristly Bill, Spine Sower_SB": 254, "Deathrite Shaman_SB": 496, "Scavenging Ooze_SB": 1770, "Undergrowth Champion_SB": 2259, "Solemnity_SB": 1931, "Deputy of Detention": 522, "Tyvar, the Pummeler_SB": 2240, "March of Swirling Mist": 1287, "Floodpits Drowner_SB": 776, "Massacre Wurm": 1301, "Deputy of Detention_SB": 523, "Kenrith's Transformation_SB": 1112, "Valgavoth's Faithful": 2295, "Brotherhood's End": 256, "Galvanic Iteration_SB": 814, "Collector's Vault": 395, "Etali, Primal Conqueror": 686, "Seize the Spoils": 1802, "Worldspine Wurm_SB": 2421, "Xenagos, God of Revels_SB": 2426, "Light of Hope_SB": 1206, "Surge of Salvation_SB": 2047, "Soul-Guide Lantern_SB": 1944, "Zoetic Glyph": 2451, "Sweltering Suns_SB": 2054, "The Akroan War_SB": 2111, "Castle Embereth": 306, "Kellan, Planar Trailblazer": 1109, "Zurgo Bellstriker": 2455, "Zephyr Sentinel_SB": 2447, "Preacher of the Schism": 1560, "Experimental Frenzy_SB": 699, "Elder Gargaroth": 626, "Silverback Elder": 1875, "Silverback Elder_SB": 1876, "No More Lies_SB": 1426, "Celestial Armor": 331, "Citizen's Crowbar_SB": 365, "Lion Sash_SB": 1231, "Aclazotz, Deepest Betrayal": 31, "Go Blank": 863, "Gifted Aetherborn_SB": 840, "March of Wretched Sorrow_SB": 1290, "Dissection Tools": 554, "Perilous Snare": 1524, "Wedding Invitation": 2384, "Repurposing Bay_SB": 1663, "Mendicant Core, Guidelight": 1315, "Metallic Rebuke": 1321, "Voyager Glidecar": 2353, "Cryptic Coat_SB": 453, "Lavaspur Boots": 1170, "Patchwork Automaton": 1513, "Dawnbringer Cleric": 478, "Momentum Breaker_SB": 1349, "Greasewrench Goblin": 887, "Moonshaker Cavalry_SB": 1359, "Nahiri, the Harbinger_SB": 1386, "Agadeem's Awakening": 46, "Nighthawk Scavenger": 1406, "Zareth San, the Trickster": 2445, "Nighthawk Scavenger_SB": 1407, "Bard Class": 153, "Birgi, God of Storytelling": 181, "Crater's Claws": 439, "Domri, Anarch of Bolas": 563, "Gallia of the Endless Dance": 812, "Hajar, Loyal Bodyguard": 907, "Klothys, God of Destiny": 1127, "Migloz, Maze Crusher": 1328, "Mox Amber": 1367, "Samut, Vizier of Naktamun": 1749, "Targ Nar, Demon-Fang Gnoll": 2076, "Xenagos, the Reveler": 2427, "Banefire_SB": 149, "Tormod's Crypt_SB": 2196, "Zurgo Bellstriker_SB": 2456, "All That Glitters": 57, "Alpha Authority": 59, "Chaplain of Alms": 358, "Ethereal Armor": 688, "Gryff's Boon": 897, "Light-Paws, Emperor's Voice": 1207, "Rune of Might": 1731, "Sentinel's Eyes": 1812, "Toadstool Admirer": 2184, "Adanto Vanguard_SB": 34, "Grim Bauble": 891, "Momentum Breaker": 1348, "Oildeep Gearhulk_SB": 1454, "Sab-Sunen, Luxa Embodied": 1740, "Bolas's Citadel": 221, "Catacomb Sifter": 311, "Woe Strider": 2414, "Glissa Sunslayer_SB": 857, "Liliana, Heretical Healer_SB": 1222, "Status // Statue_SB": 1986, "Hare Apparent": 917, "Count on Luck_SB": 432, "Valor's Flagship": 2302, "Monument to Endurance_SB": 1356, "Shacklegeist_SB": 1823, "Archfiend's Vessel": 99, "Lively Dirge": 1233, "Merfolk Secretkeeper": 1318, "Brightglass Gearhulk": 251, "Dredger's Insight": 598, "Grim Bauble_SB": 892, "Witchstalker Frenzy": 2403, "Djeru's Renunciation": 560, "Drannith Healer": 583, "Drannith Stinger": 585, "Flourishing Fox": 778, "Footfall Crater": 784, "Go for Blood": 865, "Marauding Mako": 1283, "Monument to Endurance": 1355, "Sunbillow Verge": 2025, "Zenith Flare": 2446, "Flicker of Fate": 772, "Heroic Intervention_SB": 954, "Ketramose, the New Dawn_SB": 1117, "Behold the Multiverse": 170, "Mastermind's Acquisition": 1303, "Peer into the Abyss": 1523, "Behold the Multiverse_SB": 171, "Ossification_SB": 1481, "Tears of Valakut_SB": 2080, "Polukranos Reborn_SB": 1550, "Dreadhorde Arcanist_SB": 589, "Emry, Lurker of the Loch": 658, "Jeskai Ascendancy": 1065, "Mishra's Research Desk": 1336, "Restless Spire": 1674, "Retraction Helix": 1677, "Saheeli, Sublime Artificer": 1744, "Tormod's Crypt": 2195, "Devout Decree_SB": 536, "Strangle_SB": 2010, "Valley Floodcaller_SB": 2301, "Valorous Stance_SB": 2303, "Memory Guardian": 1314, "Azor, the Lawbringer": 138, "Tyrranax Rex_SB": 2235, "Coalstoke Gearhulk": 387, "Mukotai Ambusher": 1371, "Bloodghast": 210, "Molt Tender": 1344, "Driven // Despair_SB": 600, "Ashiok, Wicked Manipulator_SB": 114, "Anim Pakal, Thousandth Moon": 76, "Basri, Tomorrow's Champion": 158, "Embercleave": 647, "Plaza of Heroes": 1547, "Skrelv, Defector Mite": 1892, "Urza's Ruinous Blast_SB": 2290, "The Speed Demon": 2135, "Intimidation Tactics_SB": 1028, "Doppelgang": 569, "Fires of Victory": 765, "Maestros Theater": 1268, "Shigeki, Jukai Visionary": 1853, "Virtue of Strength": 2328, "Worldsoul's Rage": 2419, "Bonny Pall, Clearcutter_SB": 229, "Roxanne, Starfall Savant_SB": 1722, "Willowrush Verge": 2396, "Dreadmaw's Ire": 590, "Deep-Cavern Bat_SB": 504, "Feed the Cycle": 743, "Freestrider Lookout": 801, "Ghost Vacuum": 829, "Ketramose, the New Dawn": 1116, "Restless Cottage": 1670, "Scrabbling Claws": 1776, "Legion's End_SB": 1185, "Mosswood Dreadknight_SB": 1364, "Pest Control_SB": 1527, "Tear Asunder_SB": 2079, "Nowhere to Run_SB": 1434, "Optimistic Scavenger_SB": 1475, "Legion Extruder_SB": 1182, "Hostile Investigator": 983, "Rankle's Prank": 1611, "Commercial District": 404, "Innkeeper's Talent_SB": 1015, "Oildeep Gearhulk": 1453, "Commune with Spirits": 408, "Goro-Goro, Disciple of Ryusei": 879, "Itzquinth, Firstborn of Gishath": 1049, "Kari Zev, Skyship Raider": 1089, "Radha, Heart of Keld": 1592, "Redshift, Rocketeer Chief": 1644, "Rockfall Vale": 1710, "Ruby, Daring Tracker": 1726, "Feed the Clan_SB": 742, "Scorching Dragonfire_SB": 1771, "Bleachbone Verge": 198, "Starnheim Unleashed_SB": 1984, "Caves of Koilos": 327, "Detention Chariot": 533, "Tune Up": 2226, "Kaya the Inexorable_SB": 1096, "Thundering Broodwagon": 2169, "Make Disappear_SB": 1276, "Secure the Wastes": 1799, "Bloodchief's Thirst_SB": 209, "Eaten Alive_SB": 615, "Benthic Biomancer": 172, "Cenote Scout": 335, "Deeproot Pilgrimage": 505, "Kumena, Tyrant of Orazca": 1157, "Mindspring Merfolk": 1331, "Tishana's Tidebinder": 2177, "Tidebinder Mage_SB": 2172, "Cave of the Frost Dragon": 324, "Mardu Woe-Reaper": 1291, "Jace's Defeat_SB": 1054, "Fearless Swashbuckler": 738, "Gastal Thrillroller": 815, "Hazoret, Godseeker": 929, "Castle Garenbrig": 307, "Leyline Binding_SB": 1189, "Sire of Seven Deaths_SB": 1887, "Ugin, the Spirit Dragon_SB": 2243, "Dragonlord Dromoka": 577, "Ashiok, Nightmare Weaver": 111, "Memory Deluge_SB": 1313, "Clockwork Percussionist": 383, "Skullcrack": 1894, "Roast_SB": 1706, "Illuminator Virtuoso": 1000, "Gods Willing_SB": 874, "Call of the Death-Dweller": 276, "Drownyard Temple": 605, "Narcomoeba": 1388, "Prized Amalgam": 1565, "Quag Feast": 1582, "Collector's Cage": 393, "Dusk Rose Reliquary": 613, "Overgrown Farmland": 1491, "Parting Gust": 1512, "Sandstorm Salvager": 1752, "Teething Wurmlet": 2081, "Murderous Cut": 1374, "Unlicensed Hearse": 2272, "Anguished Unmaking_SB": 75, "Kaya, Orzhov Usurper_SB": 1100, "Boommobile": 231, "Fomori Vault": 783, "Glint-Nest Crane": 855, "Hedron Archive": 938, "Paradox Engine": 1509, "Portal of Sanctuary": 1556, "Prophetic Prism": 1569, "Repurposing Bay": 1662, "Snow-Covered Mountain": 1924, "Terrarion": 2097, "The Enigma Jewel": 2119, "The Mightstone and Weakstone": 2125, "Thran Spider": 2161, "Workshop Assistant": 2418, "Lantern of the Lost_SB": 1168, "Liberator, Urza's Battlethopter_SB": 1198, "Noxious Gearhulk_SB": 1436, "Shrapnel Slinger_SB": 1866, "Sea Gate Restoration": 1785, "Dig Through Time_SB": 542, "Big Score": 177, "Pawpatch Formation": 1518, "Avishkar Raceway": 134, "Fuel the Flames_SB": 807, "Skycrash_SB": 1899, "Gifted Aetherborn": 839, "Murderous Rider": 1376, "Sign in Blood": 1868, "Inspiring Overseer": 1023, "Chandra, Acolyte of Flame_SB": 346, "Untimely Malfunction_SB": 2279, "Empyrean Eagle": 655, "Lofty Denial": 1238, "Selfless Spirit": 1808, "Dewdrop Cure_SB": 538, "Mindlink Mech_SB": 1330, "Wastewood Verge": 2372, "Norin, Swift Survivalist": 1428, "Agatha of the Vile Cauldron": 47, "Pest Control": 1526, "Ashiok, Nightmare Muse_SB": 110, "Giant Killer_SB": 836, "Biting-Palm Ninja_SB": 185, "Beseech the Mirror": 173, "Kazuul's Toll Collector": 1104, "Shardmage's Rescue_SB": 1835, "Immersturm Raider": 1001, "The Speed Demon_SB": 2136, "Foulmire Knight": 794, "Waste Not_SB": 2369, "Burnout Bashtronaut": 266, "Draconautics Engineer": 573, "Fanatical Firebrand": 726, "Hobgoblin Bandit Lord": 967, "Howlsquad Heavy": 986, "Krenko, Mob Boss": 1151, "Goblin Ringleader_SB": 871, "Volley Veteran_SB": 2349, "Expedite": 693, "Harrier Strix": 918, "Hypnotic Grifter": 993, "Omen Hawker": 1459, "The Reality Chip": 2129, "Training Grounds": 2205, "Witness Protection": 2410, "Basilisk Collar_SB": 157, "Stock Up": 1996, "Liliana, the Last Hope_SB": 1224, "Fry_SB": 805, "Riverpyre Verge": 1699, "Strangle": 2009, "Temple of Epiphany": 2089, "Swiftfoot Boots_SB": 2056, "Collision // Colossus": 396, "Overprotect_SB": 1501, "Shoot the Sheriff": 1858, "Concealing Curtains": 411, "Riptide Gearhulk_SB": 1691, "Blade Historian": 191, "Jirina, Dauntless General": 1070, "Kitesail Larcenist": 1125, "Pyre of Heroes": 1577, "Secluded Courtyard": 1797, "Unclaimed Territory": 2253, "Jirina, Dauntless General_SB": 1071, "Night Clubber_SB": 1405, "Aegis Turtle_SB": 40, "Up the Beanstalk_SB": 2282, "Ride's End": 1684, "Analyze the Pollen": 65, "Hazoret the Fervent": 926, "Assassin's Trophy": 115, "Cleansing Wildfire": 374, "Crumble to Dust": 446, "Encroaching Wastes": 659, "Gnottvold Slumbermound": 862, "Haphazard Bombardment": 915, "Jaya's Greeting": 1063, "Paradise Druid": 1508, "Ravager Wurm": 1619, "Rootbound Crag": 1716, "Rowan, Scholar of Sparks": 1721, "Rubble Reading": 1724, "Sheltered Thicket": 1845, "Structural Distortion": 2016, "Sylvan Primordial": 2061, "Territory Forge": 2098, "Twin Bolt": 2229, "Voyaging Satyr": 2354, "Herbology Instructor_SB": 948, "Nissa's Defeat_SB": 1412, "Peak Eruption_SB": 1522, "Reclamation Sage_SB": 1637, "Scrabbling Claws_SB": 1777, "Battle at the Bridge": 161, "Mephitic Draught": 1316, "Snow-Covered Swamp": 1926, "Spire of Industry": 1967, "Battle at the Bridge_SB": 162, "Ashiok, Nightmare Muse": 109, "Murderous Cut_SB": 1375, "Borrowed Hostility": 235, "Honest Rutstein": 971, "Malakir Rebirth": 1277, "The Filigree Sylex_SB": 2120, "Barbed Batterfist": 152, "Webstrike Elite": 2380, "Yahenni's Expertise": 2428, "Commit // Memory_SB": 406, "Steel Seraph": 1989, "Demilich_SB": 512, "Progenitor Mimic": 1568, "Banefire": 148, "Koma, Cosmos Serpent_SB": 1141, "Nylea's Presence": 1442, "Champion of the Perished": 343, "Cryptbreaker": 450, "Dark Salvation": 473, "Dread Wanderer": 586, "Relentless Dead": 1653, "Wayward Servant": 2375, "Zahur, Glory's Past": 2444, "Crippling Fear_SB": 443, "Fighter Class": 759, "Flowerfoot Swordmaster": 779, "Mabel, Heir to Cragflame": 1262, "Chainsaw_SB": 341, "Nettle Guard_SB": 1402, "Sword of Forge and Frontier_SB": 2058, "Phyrexian Censor": 1532, "Nimble Larcenist_SB": 1408, "Hidetsugu Consumes All": 956, "Experimental Synthesizer": 700, "Violent Urge_SB": 2323, "Wakeroot Elemental": 2360, "Esika's Chariot_SB": 681, "Luminarch Aspirant": 1256, "Boon of Boseiju": 232, "Commune with Dinosaurs": 407, "Ghalta, Primal Hunger": 827, "Marauding Raptor": 1284, "Pugnacious Hammerskull": 1576, "Rampaging Raptor": 1609, "Regal Imperiosaur": 1649, "Regisaur Alpha": 1650, "Ripjaw Raptor": 1688, "Flameblade Adept": 768, "Highway Robbery": 962, "Maximize Velocity": 1305, "Ox of Agonas": 1502, "Birgi, God of Storytelling_SB": 182, "Lightning Axe_SB": 1209, "Expedition Map_SB": 695, "Stock Up_SB": 1997, "Wrenn and Realmbreaker": 2422, "Depopulate_SB": 521, "Unsubstantiate_SB": 2278, "Samut's Sprint": 1748, "Lost Jitte": 1250, "Omen of the Dead_SB": 1461, "Bloodchief's Thirst": 208, "Combat Research": 401, "Lazav, Wearer of Faces": 1174, "Medomai the Ageless": 1310, "Thalia, Heretic Cathar_SB": 2107, "Guardian of Faith": 899, "Fires of Victory_SB": 766, "Riptide Gearhulk": 1690, "Saheeli, Sublime Artificer_SB": 1745, "Kumena's Speaker": 1156, "Eidolon of the Great Revel_SB": 622, "Quick Study": 1587, "Gather Courage_SB": 818, "Festering Gulch": 750, "Elder Gargaroth_SB": 627, "Fog_SB": 782, "Carnage Tyrant": 290, "Nahiri, the Unforgiving_SB": 1387, "Kozilek's Return_SB": 1146, "Feather, the Redeemed": 739, "Loran's Escape_SB": 1247, "Feather, the Redeemed_SB": 740, "Bitter Reunion": 186, "Vampires' Vengeance": 2306, "Etali, Primal Conqueror_SB": 687, "Restless Fortress": 1671, "Ruin-Lurker Bat": 1728, "Healer's Hawk": 931, "Essence Channeler": 683, "Exemplar of Light": 691, "Linden, the Steadfast Queen": 1227, "Leyline of Hope": 1192, "Authority of the Consuls": 129, "Scoured Barrens": 1774, "Rogue's Passage": 1711, "Dewdrop Cure": 537, "Afterburner Expert": 44, "Omnivorous Flytrap": 1469, "Agatha's Soul Cauldron_SB": 49, "Katilda, Dawnhart Martyr": 1092, "Teferi, Hero of Dominaria_SB": 2083, "Void Rend_SB": 2342, "Adorned Pouncer": 37, "Arahbo, the First Fang": 90, "Open the Armory": 1470, "Roadside Reliquary": 1701, "Sacred Cat": 1741, "Ox of Agonas_SB": 1503, "Twinshot Sniper": 2231, "Keruga, the Macrosage": 1114, "Agent of Treachery_SB": 50, "Twinshot Sniper_SB": 2232, "Anzrag, the Quake-Mole": 85, "Temple of Abandon": 2086, "Tamiyo's Safekeeping": 2071, "Tear Asunder": 2078, "Blot Out": 218, "Scrapshooter": 1779, "Questing Beast": 1584, "Thrun, Breaker of Silence": 2165, "Nissa, Ascended Animist": 1414, "Tyrranax Rex": 2234, "Nissa, Ascended Animist_SB": 1415, "Shifting Ceratops_SB": 1852, "Hornet Queen_SB": 980, "Out of Air_SB": 1485, "Cry of the Carnarium": 448, "Kaya, Orzhov Usurper": 1099, "Soul-Guide Lantern": 1943, "The End": 2117, "Calamity's Wake_SB": 274, "Exorcise_SB": 692, "Play with Fire_SB": 1546, "Satoru Umezawa": 1755, "Spontaneous Mutation_SB": 1974, "Painter's Studio // Defaced Gallery": 1506, "Chance for Glory_SB": 344, "Magmatic Chasm_SB": 1274, "Requisition Raid_SB": 1664, "Shrapnel Blast_SB": 1865, "Sorin, Vengeful Bloodlord_SB": 1938, "Exquisite Firecraft": 701, "Raucous Carnival": 1616, "Curse of Shaken Faith_SB": 463, "Epic Downfall_SB": 675, "Tireless Tracker_SB": 2176, "Kiora's Follower": 1119, "Merfolk Mistbinder": 1317, "Merfolk Trickster_SB": 1319, "Mockingbird_SB": 1343, "Smuggler's Copter_SB": 1916, "Mosswood Dreadknight": 1363, "Lovestruck Beast": 1254, "Debris Beetle": 497, "Mystic Repeal_SB": 1382, "Cavalier of Flame": 322, "Nullhide Ferox_SB": 1438, "Builder's Talent": 261, "Sunder the Gateway": 2027, "Kitsa, Otterball Elite": 1126, "Rona, Herald of Invasion": 1715, "Valley Floodcaller": 2300, "Abhorrent Oculus_SB": 22, "Knight of Grace": 1132, "Cruelclaw's Heist_SB": 445, "Reckless Stormseeker": 1634, "The Akroan War": 2110, "Enduring Tenacity_SB": 667, "Swan Song_SB": 2052, "Bladestitched Skaab": 194, "Lazotep Reaver": 1176, "Rotten Reunion_SB": 1718, "The Scarab God_SB": 2132, "Rocketeer Boostbuggy": 1708, "Loran's Escape": 1246, "Blessed Defiance_SB": 200, "Chandra, Spark Hunter_SB": 351, "Growth Spiral": 895, "Ill-Timed Explosion_SB": 998, "Skyclave Cleric": 1898, "Ajani, Strength of the Pride_SB": 54, "Tasigur, the Golden Fang": 2077, "Bomat Courier": 223, "Phoenix Chick": 1530, "Gideon of the Trials": 837, "Azor, the Lawbringer_SB": 139, "The Scarab God": 2131, "Radiant Flames_SB": 1593, "Deep-Cavern Bat": 503, "Gix's Command_SB": 843, "Sorin the Mirthless_SB": 1937, "Mortify": 1361, "Doom Foretold": 564, "Nine-Lives Familiar": 1411, "Rite of Oblivion": 1693, "Starfield of Nyx": 1983, "Kaya's Wrath_SB": 1098, "Necromentia_SB": 1395, "Creeping Chill": 442, "Silversmote Ghoul": 1878, "Fog": 781, "Gaea's Blessing": 811, "Haze of Pollen": 925, "Jace, the Perfected Mind": 1058, "Tamiyo, Collector of Tales": 2073, "Union of the Third Path": 2268, "Winds of Qal Sisma": 2399, "Carnage Tyrant_SB": 291, "Drannith Ruins": 584, "Thought-Knot Seer": 2154, "Wasteland Strangler": 2370, "Phyrexian Fleshgorger": 1535, "Ifnir Deadlands": 996, "Bearer of Silence": 166, "Knight of the Ebon Legion": 1134, "Caustic Bronco": 316, "Reality Smasher_SB": 1626, "Fuel the Flames": 806, "Shoot the Sheriff_SB": 1859, "Turntimber Symbiosis": 2228, "Graf Reaver_SB": 880, "Kraul Whipcracker_SB": 1148, "Maelstrom Pulse_SB": 1266, "Fear of Impostors": 734, "Riptide Chimera": 1689, "Fear of Impostors_SB": 735, "Dive Down_SB": 558, "Fleecemane Lion": 770, "Witchstalker_SB": 2405, "Acererak the Archlich": 30, "Gwenna, Eyes of Gaea": 904, "Relic of Legends": 1654, "Yasharn, Implacable Earth": 2429, "Regal Bunnicorn": 1648, "Demonic Bargain": 516, "Felonious Rage": 748, "Blood Spatter Analysis": 207, "Osseous Sticktwister": 1479, "Soul-Scar Mage_SB": 1946, "Korvold, Fae-Cursed King": 1142, "Korvold, Fae-Cursed King_SB": 1143, "Selfless Glyphweaver_SB": 1806, "Dive Down": 557, "Jace Reawakened_SB": 1053, "Blessed Defiance": 199, "Homestead Courage": 970, "Cease // Desist_SB": 329, "Fugitive Codebreaker": 808, "Burning Earth_SB": 264, "Guardian of New Benalia": 901, "Phyrexian Dragon Engine": 1534, "Seasoned Hallowblade": 1795, "The Mycosynth Gardens": 2127, "Alrund's Epiphany": 61, "Loot, the Pathfinder": 1243, "Nissa, Who Shakes the World": 1419, "Obliterating Bolt_SB": 1447, "Favored Hoplite": 733, "Flowstone Infusion": 780, "Sejiri Shelter": 1803, "Tenth District Legionnaire": 2095, "Invasion of New Phyrexia_SB": 1037, "Clifftop Lookout": 379, "Dreamdew Entrancer": 594, "Dreamroot Cascade": 595, "Insidious Fungus": 1020, "Loot, Exuberant Explorer": 1242, "Risen Reef": 1692, "Tangled Florahedron": 2075, "Healer of the Glade_SB": 930, "Tale's End_SB": 2070, "Wilt_SB": 2398, "Ashiok, Wicked Manipulator": 113, "Dreams of Steel and Oil": 596, "Elspeth Conquers Death_SB": 639, "Gisa, the Hellraiser_SB": 842, "Ride's End_SB": 1685, "Omen of the Sun_SB": 1464, "Omen of the Sun": 1463, "Enduring Courage": 662, "Beseech the Mirror_SB": 174, "Experimental Confectioner": 698, "Commence the Endgame_SB": 403, "Forbidden Friendship": 785, "Case of the Gateway Express_SB": 301, "Collective Effort_SB": 392, "Forge Devil_SB": 788, "Perilous Snare_SB": 1525, "Monastery Mentor": 1350, "Seeker of the Way_SB": 1801, "Redcap Melee": 1641, "Setessan Champion": 1816, "Trapped in the Screen": 2209, "Ghostly Dancers_SB": 832, "Trapped in the Screen_SB": 2210, "The Birth of Meletis": 2113, "Cryptolith Rite": 454, "Knockout Blow": 1136, "Bottomless Pool && Locker Room": 239, "Bottomless Pool && Locker Room_SB": 240, "Hidetsugu's Second Rite": 958, "Eidolon of Blossoms": 618, "Eidolon of Blossoms_SB": 619, "Seal from Existence_SB": 1789, "Ob Nixilis, the Adversary": 1445, "Incubation Druid": 1008, "Interplanar Beacon": 1025, "Kaya the Inexorable": 1095, "Mistrise Village": 1339, "Nicol Bolas, Dragon-God": 1404, "Ral Zarek": 1602, "Tamiyo, Field Researcher": 2074, "Vraska, Betrayal's Sting": 2357, "Kunoros, Hound of Athreos_SB": 1158, "Tersa Lightshatter": 2099, "Mox Jasper": 1369, "Mistrise Village_SB": 1340, "Elspeth, Storm Slayer": 642, "United Battlefront": 2269, "Voice of Victory": 2338, "Sunder the Gateway_SB": 2028, "Voice of Victory_SB": 2339, "Cease // Desist": 328, "Cram Session": 437, "Fell": 747, "Insatiable Avarice": 1016, "The Biblioplex": 2112, "Valgavoth's Onslaught": 2296, "Containment Breach_SB": 420, "Environmental Sciences_SB": 674, "Introduction to Annihilation_SB": 1032, "Mascot Exhibition_SB": 1297, "Pest Summoning_SB": 1528, "Descendant of Storms": 524, "Dragonfire Blade": 576, "Lavaspur Boots_SB": 1171, "Qarsi Revenant": 1580, "Qarsi Revenant_SB": 1581, "Cemetery Illuminator": 332, "Muraganda Raceway": 1373, "Case of the Crimson Pulse": 298, "Rakdos's Return_SB": 1600, "Desperate Measures": 527, "Caustic Exhale": 318, "Dispelling Exhale": 552, "Foul-Tongue Invocation": 793, "Marang River Regent": 1281, "Scavenger Regent": 1766, "Silumgar's Scorn": 1872, "Caustic Exhale_SB": 319, "Strategic Betrayal_SB": 2012, "Dragonskull Summit": 580, "Katilda, Dawnhart Prime": 1094, "Songcrafter Mage": 1934, "Three Tree City": 2164, "Militia Bugler_SB": 1329, "Cori-Steel Cutter_SB": 428, "Sunpearl Kirin": 2034, "Cori-Steel Cutter": 427, "Wild Ride": 2393, "Rot-Curse Rakshasa": 1717, "History of Benalia": 965, "The Restoration of Eiganjo": 2130, "Strategic Betrayal": 2011, "Archangel Elspeth": 95, "Painter's Studio && Defaced Gallery": 1505, "This Town Ain't Big Enough_SB": 2151, "Faceless Haven_SB": 715, "Treasure Map": 2216, "Flashfreeze_SB": 769, "Murderous Rider_SB": 1377, "Cori Mountain Monastery": 426, "Stormwing Entity": 2008, "Gurmag Angler": 902, "Stormscale Scion": 2006, "Stormscale Scion_SB": 2007, "Metamorphic Alteration": 1324, "Not on My Watch_SB": 1430, "Of One Mind": 1452, "Banishing Slash": 151, "Jaya, Fiery Negotiator": 1064, "Warden of the Grove": 2363, "Surrak, Elusive Hunter_SB": 2049, "United Battlefront_SB": 2270, "Fire Prophecy": 762, "White Sun's Twilight_SB": 2391, "Icon of Ancestry": 994, "Paradoxical Outcome_SB": 1510, "Break Out": 248, "Masked Vandal": 1298, "Fanatical Firebrand_SB": 727, "Gruul Charm_SB": 896, "Decadent Dragon_SB": 498, "Liliana, Death's Majesty": 1220, "Urgent Necropsy": 2288, "Scavenger's Talent_SB": 1768, "Ygra, Eater of All_SB": 2434, "Undead Sprinter_SB": 2255, "Runed Halo": 1733, "Boros Reckoner": 234, "Atarka's Command_SB": 120, "Craterhoof Behemoth": 440, "Crackling Drake": 434, "Phyrexian Obliterator": 1536, "Decisive Denial": 499, "Ebondeath, Dracolich": 616, "Ertai's Scorn": 677, "Rakshasa's Bargain": 1601, "Rewind": 1682, "Unwind": 2280, "Awaken the Honored Dead_SB": 136, "Deathmark_SB": 493, "Gaze of Granite_SB": 819, "Lutri, the Spellchaser_SB": 1260, "Shadows' Verdict_SB": 1825, "Specter's Shriek_SB": 1955, "Thrun, Breaker of Silence_SB": 2166, "Abrade": 23, "Collected Company_SB": 389, "Elspeth, Storm Slayer_SB": 643, "Herald of Eternal Dawn_SB": 947, "Selfless Savior": 1807, "Legion Angel": 1179, "Wojek Investigator": 2415, "Legion Angel_SB": 1180, "Apostle of Purifying Light_SB": 87, "Long Goodbye": 1240, "Yathan Roadwatcher": 2431, "Jeskai Revelation": 1066, "Sixth Sense": 1888, "Kaya's Ghostform": 1097, "Hammerhand": 913, "Aqueous Form": 89, "Cartouche of Solidarity": 294, "Doorkeeper Thrull_SB": 568, "Severance Priest": 1821, "Ray of Frost_SB": 1621, "Bontu's Last Reckoning_SB": 230, "Deafening Silence": 490, "Hardened Scales": 916, "Fiery Annihilation_SB": 755, "Dragonlord Silumgar": 579, "Painful Truths": 1504, "Search for Azcanta": 1790, "Supreme Will": 2044, "Contraband Kingpin_SB": 423, "Village Rites": 2320, "Llanowar Visionary": 1236, "Izzet Charm": 1051, "Stormchaser's Talent_SB": 2005, "Rampaging Ferocidon": 1607, "The Sibsig Ceremony": 2134, "Friendly Teddy": 803, "Experiment One": 696, "Kitesail Freebooter_SB": 1124, "Muerra, Trash Tactician": 1370, "Cut // Ribbons": 464, "Dusk Legion Zealot": 612, "Markov Baron": 1296, "Patchwork Banner": 1515, "Bedevil_SB": 168, "Champion of Dusk_SB": 342, "Deadly Dispute_SB": 487, "Soul Transfer_SB": 1942, "Devilish Valet": 535, "Runaway Steam-Kin": 1729, "Grinning Ignus": 893, "Hazoret's Monument": 928, "Light Up the Night": 1203, "Cemetery Prowler_SB": 334, "Nissa, Steward of Elements_SB": 1417, "Kishla Village": 1122, "Greedy Freebooter": 890, "Shambling Ghast": 1830, "Hangarback Walker": 914, "Marketback Walker": 1295, "Diabolic Intent": 539, "Scrapwork Mutt": 1781, "Gleaming Barrier": 851, "Liliana's Standard Bearer": 1219, "Callous Bloodmage_SB": 278, "Crash Through": 438, "Robber of the Rich_SB": 1707, "Ugin, Eye of the Storms": 2241, "Sokenzan, Crucible of Defiance_SB": 1930, "Baneslayer Angel_SB": 150, "Shadows' Verdict": 1824, "The Book of Exalted Deeds_SB": 2115, "Spring-Loaded Sawblades": 1976, "Dennick, Pious Apprentice_SB": 520, "Shiko, Paragon of the Way": 1854, "Slaughter Games_SB": 1906, "Silent Hallcreeper": 1871, "Ashiok, Nightmare Weaver_SB": 112, "Evolved Sleeper": 690, "Tenacious Underdog_SB": 2094, "Rediscover the Way": 1643, "Balmor, Battlemage Captain": 145, "Sram, Senior Edificer": 1979, "Clever Lumimancer": 378, "Wizard's Retort_SB": 2413, "Shapers' Sanctuary": 1832, "Niv-Mizzet, Parun": 1421, "Sweltering Suns": 2053, "Marang River Regent_SB": 1282, "Katilda, Dawnhart Martyr_SB": 1093, "Omnath, Locus of the Roil": 1467, "Lilah, Undefeated Slickshot": 1216, "Tolsimir, Friend to Wolves_SB": 2188, "Giant Growth": 834, "Heritage Reclamation_SB": 952, "Brimaz, King of Oreskos": 252, "Intimidation Tactics": 1027, "Liliana, Dreadhorde General_SB": 1221, "Spirit-Sister's Call": 1970, "Bandit's Talent_SB": 147, "Fountainport Bell": 798, "Gonti, Lord of Luxury_SB": 878, "Frontline Rush": 804, "Mortify_SB": 1362, "Treasure Cruise_SB": 2215, "Drake Hatcher": 581, "Canyon Slough": 286, "Captain Lannery Storm": 288, "Charming Scoundrel": 360, "Goldhound": 875, "Goldspan Dragon": 876, "Kalain, Reclusive Painter": 1083, "Marionette Master": 1293, "Reckless Fireweaver": 1629, "Sticky Fingers": 1993, "Treasure Vault": 2217, "Vraska's Contempt": 2356, "Karn, Scion of Urza_SB": 1090, "Moment of Craving_SB": 1347, "Ratchet Bomb_SB": 1613, "Unlicensed Disintegration_SB": 2271, "Eshki Dragonclaw": 679, "Herd Heirloom": 949, "The Huntsman's Redemption": 2121, "Amonkhet Raceway": 64, "Shore Up": 1860, "Aetherflux Reservoir_SB": 43, "Shore Up_SB": 1861, "Illness in the Ranks_SB": 999, "Phyrexian Arena_SB": 1531, "Abbot of Keral Keep": 19, "Anax, Hardened in the Forge": 66, "Incendiary Flow": 1007, "Invigorated Rampage": 1039, "Rimrock Knight": 1687, "Dire Fleet Daredevil_SB": 544, "Flame-Blessed Bolt_SB": 767, "Sword of Once and Future_SB": 2059, "Virulent Plague_SB": 2329, "Magebane Lizard": 1270, "Arboreal Grazer_SB": 93, "Sunset Revelry": 2037, "Unexpected Windfall": 2261, "Worldspine Wurm": 2420, "Xenagos, God of Revels": 2425, "Herald of Eternal Dawn": 946, "Skrelv's Hive": 1891, "Vaultborn Tyrant_SB": 2312, "Defabricate_SB": 507, "Collector's Cage_SB": 394, "Ajani, Strength of the Pride": 53, "Hushbringer_SB": 991, "Ureni, the Song Unending": 2286, "Plargg, Dean of Chaos": 1544, "Reluctant Role Model": 1655, "Duelist of the Mind": 608, "Portent of Calamity": 1559, "Extraordinary Journey": 709, "Concerted Defense_SB": 412, "Rapid Hybridization_SB": 1612, "Hooting Mandrills": 972, "Jin-Gitaxias, Progress Tyrant_SB": 1069, "Smuggler's Surprise_SB": 1918, "Toxrill, the Corrosive_SB": 2202, "Dire Tactics": 545, "Order of Midnight": 1477, "Invasion of Ergamon": 1033, "Awaken the Honored Dead": 135, "Ghostly Dancers": 831, "Heliod, the Radiant Dawn_SB": 942, "Cathartic Reunion": 314, "Ancient Imperiosaur": 70, "Gastal Thrillroller_SB": 816, "Doom Whisperer_SB": 566, "Virtue of Courage": 2324, "Ball Lightning": 144, "Scytheclaw Raptor_SB": 1784, "Chandra, Hope's Beacon": 350, "Obscura Storefront": 1450, "Disfigure_SB": 550, "Blue Sun's Twilight": 220, "Conduit Pylons": 413, "Ipnu Rivulet": 1042, "Outcaster Greenblade": 1486, "Voltage Surge": 2350, "Fae of Wishes_SB": 719, "Anger of the Gods": 72, "Koth, Fire of Resistance_SB": 1144, "Drake Hatcher_SB": 582, "Niv-Mizzet, Visionary_SB": 1424, "Dispel_SB": 551, "Despark_SB": 526, "Dennick, Pious Apprentice": 519, "Angrath, the Flame-Chained_SB": 74, "Slaughter Singer": 1907, "Venerated Rotpriest": 2316, "The Seedcore": 2133, "Crawling Chorus": 441, "Annex Sentry": 77, "Bloated Contaminator": 203, "Jawbone Duelist": 1062, "Overprotect": 1500, "Ajani, Sleeper Agent_SB": 52, "Phyrexian Censor_SB": 1533, "Tyvar's Stand_SB": 2237, "Annex Sentry_SB": 78, "Melira, the Living Cure_SB": 1311, "Secrets of the Key": 1798, "Baleful Mastery": 143, "Agonizing Remorse_SB": 51, "Gurmag Nightwatch": 903, "Ashen Rider": 107, "Glorybringer": 861, "Mizzium Mortars": 1341, "Cartouche of Zeal": 296, "Skylasher_SB": 1901, "Not on My Watch": 1429, "Scattered Thoughts": 1764, "Nature's Rhythm": 1394, "Dryad's Revival": 607, "Mabel, Heir to Cragflame_SB": 1263, "Wear Down_SB": 2377, "Slagstorm_SB": 1904, "Vineglimmer Snarl": 2321, "Port Town": 1552, "Mystic Reflection": 1381, "Heroic Intervention": 953, "Emergence Zone": 650, "Augmenter Pugilist": 124, "Augur of Autumn": 125, "Simic Charm": 1879, "Fortified Village": 792, "Biovisionary": 180, "Repudiate // Replicate_SB": 1661, "Chord of Calling_SB": 361, "Baird, Steward of Argive_SB": 141, "Stern Dismissal_SB": 1991, "Repel the Abominable": 1659, "Repel the Abominable_SB": 1660, "Unlucky Witness": 2274, "Hornet Queen": 979, "Ojer Taq, Deepest Foundation": 1456, "Pyroclasm": 1578, "Dark Petition_SB": 472, "Ritual of Soot_SB": 1696, "Vampires' Vengeance_SB": 2307, "Lord Skitter, Sewer King": 1248, "Tomik, Distinguished Advokist_SB": 2190, "Hearth Elemental": 933, "Sanguine Evangelist_SB": 1754, "Consuming Fervor": 419, "Aetherflux Reservoir": 42, "Mountain_SB": 1366, "Smoldering Egg": 1914, "Kaervek, the Spiteful_SB": 1076, "Inscribed Tablet": 1017, "Scourge of the Skyclaves": 1775, "Warlock Class": 2365, "Lich-Knights' Conquest": 1199, "Silent Gravestone_SB": 1870, "Ulcerate_SB": 2246, "Ovalchase Daredevil": 1490, "Portal to Phyrexia": 1557, "Can't Stay Away_SB": 284, "Feldon, Ronom Excavator": 746, "Infuriate_SB": 1012, "Wandering Mind": 2361, "Clarion Conqueror_SB": 372, "Abbot of Keral Keep_SB": 20, "Recommission_SB": 1639, "Colossal Skyturtle": 397, "Mirrorshell Crab": 1334, "Teferi, Who Slows the Sunset": 2084, "Chaos Wand_SB": 357, "Dissection Tools_SB": 555, "Jace, the Perfected Mind_SB": 1059, "Rabbit Battery": 1591, "Faerie Dreamthief": 720, "Steamcore Scholar": 1988, "Winternight Stories": 2400, "Seasons Past": 1796, "Defabricate": 506, "Immortal Phoenix_SB": 1002, "Unholy Annex // Ritual Chamber_SB": 2267, "Abuelo's Awakening": 28, "Summon: Knights of Round": 2023, "Cunning Coyote_SB": 461, "Yuna, Hope of Spira": 2439, "Blisterpod": 202, "Cartel Aristocrat": 293, "Rally the Ancestors": 1606, "Sephiroth, Fabled SOLDIER": 1813, "Starting Town": 1985, "Heliod, Sun-Crowned_SB": 940, "Ruthless Lawbringer_SB": 1738, "Joshua, Phoenix's Dominant": 1072, "Lightwheel Enhancements": 1215, "Disenchant_SB": 549, "Dark Confidant_SB": 470, "Kroxa and Kunoros": 1152, "Terra, Magical Adept": 2096, "Vivi Ornitier": 2331, "Ishgard, the Holy See": 1046, "Unflinching Courage": 2262, "Unflinching Courage_SB": 2263, "Vivi Ornitier_SB": 2332, "Eiganjo, Seat of the Empire_SB": 624, "Demon Wall": 515, "Fire Magic_SB": 761, "Crumbling Vestige": 447, "Echoing Deeps": 617, "Glimpse the Core": 854, "Hour of Promise": 985, "The Wandering Minstrel": 2140, "Kura, the Boundless Sky_SB": 1159, "Maelstrom of the Spirit Dragon_SB": 1267, "Twinmaw Stormbrood_SB": 2230, "Toski, Bearer of Secrets_SB": 2199, "Opera Love Song": 1472, "Surrak, Elusive Hunter": 2048, "Esper Origins": 682, "Cecil, Dark Knight": 330, "Dark Confidant": 469, "Gix, Yawgmoth Praetor": 844, "Vren, the Relentless_SB": 2359, "Kitesail Freebooter": 1123, "Lantern Scout_SB": 1167, "Cryptcaller Chariot": 451, "Furnace Reins_SB": 810, "Market Gnome": 1294, "Ancient Adamantoise": 68, "Buster Sword": 270, "Freya Crescent": 802, "Smitten Swordmaster": 1913, "Quicken_SB": 1589, "Alesha, Who Laughs at Fate": 56, "Zack Fair": 2442, "Bile Blight": 178, "Ruthless Negotiation_SB": 1739, "Staggering Insight": 1981, "Sporogenic Infection_SB": 1975, "Roaring Furnace // Steaming Sauna": 1704, "Tocasia's Welcome": 2185, "Al Bhed Salvagers": 55, "Warbriar Blessing": 2362, "Slip Out the Back_SB": 1912, "Demolition Field_SB": 514, "The Raven Man": 2128, "Gryff's Boon_SB": 898, "Lindblum, Industrial Regency": 1225, "Saiba Cryptomancer_SB": 1747, "Rune of Sustenance_SB": 1732, "Disturbing Mirth": 556, "Rite of Oblivion_SB": 1694, "Runed Halo_SB": 1734, "Rain of Revelation": 1597, "Ultima": 2247, "Shatter the Sky_SB": 1839, "Doomsday Excruciator_SB": 567, "Cloud of Darkness_SB": 384, "Outrageous Robbery_SB": 1489, "Sphinx's Tutelage": 1963, "The Water Crystal": 2143, "Eject_SB": 625, "Lindblum, Industrial Regency_SB": 1226, "Ureni, the Song Unending_SB": 2287, "Blossoming Defense_SB": 217, "Cloud, Midgar Mercenary": 385, "Machinist's Arsenal": 1264, "Paladin's Arms": 1507, "Raubahn, Bull of Ala Mhigo": 1615, "Hinterland Harbor": 963, "Summon: Leviathan": 2024, "Hullbreaker Horror": 987, "Titan of Industry_SB": 2180, "Search for Azcanta_SB": 1791, "Bonders' Enclave": 226, "Nissa's Pilgrimage": 1413, "Ulamog, the Ceaseless Hunger": 2244, "Old-Growth Troll_SB": 1458, "Emet-Selch, Unsundered": 654, "Lazav, the Multifarious": 1175, "Valentin, Dean of the Vein": 2294, "Astrologian's Planisphere": 118, "Sunscorched Desert": 2036, "Camellia, the Seedmiser_SB": 282, "Insidious Fungus_SB": 1021, "Massacre Girl_SB": 1300, "Trail of Crumbs_SB": 2204, "Webstrike Elite_SB": 2381, "Kefka, Court Mage": 1107, "Embercleave_SB": 648, "Mox Amber_SB": 1368, "Retraction Helix_SB": 1678, "Founding the Third Path": 795, "No One Left Behind": 1427, "Exsanguinate": 703, "Hedge Shredder": 937, "Return the Favor_SB": 1680, "Kogla and Yidaro_SB": 1138, "Revival // Revenge": 1681, "Vampire Socialite": 2304, "Legion Lieutenant": 1183, "Vito, Thorn of the Dusk Rose": 2330, "Vampire of the Dire Moon": 2305, "Voldaren Bloodcaster_SB": 2345, "Florian, Voldaren Scion_SB": 777, "Stingerback Terror": 1994, "Mistbreath Elder": 1338, "Lightning, Army of One": 1214, "Isareth the Awakener": 1045, "Urza's Ruinous Blast": 2289, "Venat, Heart of Hydaelyn": 2314, "Liliana, the Last Hope": 1223, "Thassa's Oracle": 2108, "Rush of Adrenaline": 1737, "Channeled Dragonfire": 356, "Stadium Headliner": 1980, "Roil Eruption": 1712, "Reckless Lackey": 1631, "Didn't Say Please": 540, "Ruin Crab": 1727, "Merfolk Windrobber": 1320, "Essence Scatter": 685, "Field of Ruin_SB": 753, "Roiling Dragonstorm": 1713, "Skrelv, Defector Mite_SB": 1893, "Midgar, City of Mako": 1326, "End the Festivities": 660, "Raze the Effigy_SB": 1622, "Riverchurn Monument_SB": 1697, "Heritage Reclamation": 951, "Sorceress's Schemes": 1935, "Goblin Chainwhirler": 868, "Halvar, God of Battle_SB": 912, "Unexpected Request_SB": 2260, "Binding the Old Gods": 179, "Tireless Tracker": 2175, "Jaddi Offshoot_SB": 1061, "Linvala, the Preserver_SB": 1229, "Disdainful Stroke": 547, "Scatter Ray": 1762, "Refute": 1647, "Sinister Sabotage": 1883, "Cornered by Black Mages": 429, "Sunken Hollow": 2033, "Temple of Deceit": 2087, "Eliminate_SB": 636, "Cemetery Illuminator_SB": 333, "Enter the God-Eternals_SB": 671, "Lotleth Troll": 1251, "Nullhide Ferox": 1437, "Smuggler's Surprise": 1917, "Speaker of the Heavens": 1954, "Delney, Streetwise Lookout": 510, "Leyline of Transformation": 1195, "Forest_SB": 787, "Restoration Magic_SB": 1676, "Storm Herald_SB": 2000, "Cartouche of Solidarity_SB": 295, "The Wandering Minstrel_SB": 2141, "Elvish Archivist": 645, "Resolute Strike": 1666, "Great Arashin City": 888, "Nissa, Voice of Zendikar_SB": 1418, "Storm Herald": 1999, "Disruptive Stormbrood": 553, "Burning Anger": 263, "Colossification": 399, "Thunder Magic_SB": 2168, "Haunted Dead": 920, "Driven // Despair": 599, "Quag Feast_SB": 1583, "Void Rend": 2341, "Temple of Enlightenment": 2088, "Coveted Falcon": 433, "Jidoor, Aristocratic Capital": 1068, "Auroral Procession": 128, "Omnath, Locus of Creation_SB": 1466, "Snow-Covered Swamp_SB": 1927, "Shattered Sanctum_SB": 1841, "Concealed Courtyard_SB": 410, "Shadowy Backstreet_SB": 1829, "Doom Foretold_SB": 565, "Hopeful Vigil_SB": 974, "(THB) 117_SB": 15, "(DMU) 244_SB": 4, "(WOE) 95_SB": 18, "(M20) 94_SB": 10, "(SLD) 325_SB": 13, "(BRO) 16_SB": 1, "(STX) 72_SB": 14, "(FDN) 704_SB": 7, "(BLB) 83_SB": 0, "(OTJ) 108_SB": 12, "(BRO) 26_SB": 2, "(WOE) 29_SB": 17, "(DAR) 213_SB": 3, "(KLR) 84_SB": 8, "(LCI) 128_SB": 9, "(DSK) 111_SB": 5, "(MID) 112_SB": 11, "(THB) 121_SB": 16, "(FDN) 137_SB": 6, "Capital City": 287, "Languish": 1165, "Ritual of Soot": 1695, "Drag the Canal_SB": 574, "Ugin, the Spirit Dragon": 2242, "Forsaken Monument": 790, "Wastes": 2371, "Haven of the Spirit Dragon": 922, "Crystal Grotto": 456, "Warping Wail": 2366, "The Celestus": 2116, "Adventurer's Inn": 38, "Patchwork Automaton_SB": 1514, "Dwarven Mine": 614, "Dragon Fodder": 575, "Hordeling Outburst": 976, "Lukka, Coppercoat Outcast": 1255, "Satyr's Cunning": 1758, "Ral's Reinforcements": 1603, "Song of Totentanz": 1933, "Cavalcade of Calamity_SB": 320, "Impact Tremors_SB": 1005, "Mechanized Warfare_SB": 1309, "Torbran, Thane of Red Fell_SB": 2192, "Sin, Spira's Punishment": 1882, "Touch the Spirit Realm_SB": 2201, "Saheeli, Filigree Master_SB": 1743, "Self-Destruct": 1804, "March of Otherworldly Light_SB": 1286, "Stormcarved Coast_SB": 2003, "Undead Butler": 2254, "Willow Geist": 2395}}