{"vocabulary": {"Bitter Triumph": 190, "Blooming Marsh": 220, "Boseiju, Who Endures": 243, "Branchloft Pathway": 250, "Brightclimb Pathway": 259, "Cache Grab": 283, "Caves of Koilos": 338, "Concealed Courtyard": 420, "Darkbore Pathway": 495, "Duress": 633, "Esika's Chariot": 707, "Glissa Sunslayer": 891, "Godless Shrine": 905, "Greasefang, Okiba Boss": 918, "Mana Confluence": 1321, "Overlord of the Balemurk": 1551, "Parhelion II": 1568, "Plains": 1605, "Raffine's Informant": 1657, "Sheoldred, the Apocalypse": 1923, "Swamp": 2138, "Takenuma, Abandoned Mire": 2155, "Temple Garden": 2173, "Thoughtseize": 2255, "Thundering Broodwagon": 2270, "Valor's Flagship": 2407, "Vanishing Verse": 2412, "Witherbloom Command": 2519, "Fatal Push_SB": 759, "Leyline of the Void_SB": 1238, "Portable Hole_SB": 1618, "Reckoner Bankbuster_SB": 1702, "Temporary Lockdown_SB": 2185, "Vanishing Verse_SB": 2413, "Collective Brutality": 400, "Consider": 430, "Darkslick Shores": 496, "Detention Chariot": 555, "Extinction Event": 731, "Faithful Mending": 751, "Hallowed Fountain": 943, "Island": 1086, "Kiora, the Rising Tide": 1161, "Monument to Endurance": 1405, "Raffine's Tower": 1658, "Seachrome Coast": 1861, "Shattered Sanctum": 1913, "Skysovereign, Consul Flagship": 1978, "Stubborn Denial": 2098, "Tainted Indulgence": 2154, "Tune Up": 2327, "Watery Grave": 2480, "Ashiok, Dream Render_SB": 112, "Deafening Silence_SB": 512, "Dovin's Veto_SB": 594, "Elenda, Saint of Dusk_SB": 656, "Farewell_SB": 757, "Kaya the Inexorable_SB": 1134, "Sheoldred, the Apocalypse_SB": 1924, "Silence_SB": 1944, "Unlicensed Hearse_SB": 2375, "Abhorrent Oculus": 21, "Otherworldly Gaze": 1542, "Picklock Prankster": 1598, "Recommission": 1704, "Tome Scour": 2292, "Fragmentize_SB": 835, "Go Blank_SB": 898, "Starnheim Unleashed_SB": 2061, "Change the Equation": 367, "Deduce": 522, "Deserted Beach": 549, "Dovin's Veto": 593, "Eiganjo, Seat of the Empire": 647, "Farewell": 756, "Field of Ruin": 782, "Geier Reach Sanitarium": 855, "Get Lost": 858, "Hall of Storm Giants": 942, "Hengegate Pathway": 980, "March of Otherworldly Light": 1329, "Memory Deluge": 1357, "Narset, Parter of Veils": 1442, "No More Lies": 1476, "Otawara, Soaring City": 1540, "Restless Anchorage": 1741, "Sunfall": 2114, "Sunken Citadel": 2116, "Supreme Verdict": 2128, "Teferi, Hero of Dominaria": 2170, "Temporary Lockdown": 2184, "The Wandering Emperor": 2239, "Three Steps Ahead": 2260, "Beza, the Bounding Spring_SB": 179, "Change the Equation_SB": 368, "Elspeth's Smite_SB": 665, "Knockout Blow_SB": 1179, "Mystical Dispute_SB": 1433, "Rest in Peace_SB": 1740, "Ancestral Anger": 71, "Blackcleave Cliffs": 192, "Blightstep Pathway": 203, "Blood Crypt": 212, "Cacophony Scamp": 284, "Callous Sell-Sword": 290, "Claim // Fame": 379, "Den of the Bugbear": 541, "Emberheart Challenger": 675, "Heartfire Hero": 966, "Kumano Faces Kakkazan": 1196, "Leyline of Resonance": 1233, "Manifold Mouse": 1322, "Monstrous Rage": 1403, "Mountain": 1413, "Ramunap Ruins": 1675, "Sokenzan, Crucible of Defiance": 2004, "Sulfurous Springs": 2102, "Turn Inside Out": 2328, "Feed the Swarm_SB": 773, "Grafdigger's Cage_SB": 914, "Ob Nixilis, the Adversary_SB": 1500, "Thoughtseize_SB": 2256, "Urabrask's Forge_SB": 2386, "Atraxa, Grand Unifier": 124, "Blazemire Verge": 199, "Bloodtithe Harvester": 219, "Castle Locthwain": 319, "Fable of the Mirror-Breaker": 737, "Fatal Push": 758, "Fear of Missing Out": 766, "Lightning Axe": 1248, "Raucous Theater": 1682, "Valgavoth's Faithful": 2397, "Valgavoth, Terror Eater": 2399, "Zombify": 2567, "Invoke Despair_SB": 1080, "Kolaghan's Command_SB": 1182, "Pyroclasm_SB": 1640, "Sire of Insanity_SB": 1958, "Burst Lightning": 277, "Copperline Gorge": 441, "Cragcrown Pathway": 454, "Innkeeper's Talent": 1053, "Karplusan Forest": 1128, "Monastery Swiftspear": 1400, "Questing Druid": 1648, "Reckless Rage": 1698, "Screaming Nemesis": 1857, "Snakeskin Veil": 1994, "Stomping Ground": 2075, "Pawpatch Formation_SB": 1577, "Pick Your Poison_SB": 1597, "Questing Druid_SB": 1649, "Redcap Melee_SB": 1708, "Scorching Shot_SB": 1848, "Screaming Nemesis_SB": 1858, "Torch the Tower_SB": 2297, "Clearwater Pathway": 385, "Enduring Curiosity": 689, "Faerie Miscreant": 750, "Floodpits Drowner": 810, "Gloomlake Verge": 894, "Go for the Throat": 899, "Kaito, Bane of Nightmares": 1117, "Mockingbird": 1390, "Moon-Circuit Hacker": 1407, "Mukotai Ambusher": 1419, "Mutavault": 1426, "Spell Pierce": 2034, "Thousand-Faced Shadow": 2257, "Underground River": 2361, "Urborg, Tomb of Yawgmoth": 2389, "Anoint with Affliction_SB": 86, "Cut Down_SB": 486, "Disdainful Stroke_SB": 570, "Duress_SB": 634, "Extinction Event_SB": 732, "Oildeep Gearhulk_SB": 1509, "Spell Pierce_SB": 2035, "Aftermath Analyst": 49, "Brokers Hideout": 265, "Cabaretti Courtyard": 282, "Doppelgang": 591, "Fabled Passage": 739, "Fires of Victory": 798, "Forest": 821, "Ill-Timed Explosion": 1036, "Lumra, Bellow of the Woods": 1297, "Maestros Theater": 1308, "Nissa, Resurgent Animist": 1467, "Riveteers Overlook": 1772, "Shigeki, Jukai Visionary": 1926, "Spelunking": 2037, "Virtue of Strength": 2431, "Worldsoul's Rage": 2533, "Bonny Pall, Clearcutter_SB": 236, "Roxanne, Starfall Savant_SB": 1792, "Three Steps Ahead_SB": 2261, "Yorion, Sky Nomad_SB": 2550, "Arclight Phoenix": 104, "Artist's Talent": 108, "Brazen Borrower": 255, "Fiery Impulse": 786, "Galvanic Iteration": 847, "Into the Flood Maw": 1067, "Opt": 1529, "Proft's Eidetic Memory": 1630, "Riverglide Pathway": 1770, "Shivan Reef": 1929, "Sleight of Hand": 1983, "Spikefield Hazard": 2041, "Spirebluff Canal": 2044, "Steam Vents": 2064, "Stormcarved Coast": 2082, "Temporal Trespass": 2183, "Torch the Tower": 2296, "Treasure Cruise": 2318, "Abrade_SB": 24, "Aether Gust_SB": 43, "Anger of the Gods_SB": 77, "Annul_SB": 84, "Brazen Borrower_SB": 256, "Brotherhood's End_SB": 267, "Negate_SB": 1452, "Prismari Command_SB": 1628, "Thing in the Ice_SB": 2247, "Third Path Iconoclast_SB": 2248, "Cavern of Souls": 336, "Flicker of Fate": 807, "Hushwood Verge": 1029, "Indatha Triome": 1048, "Leyline Binding": 1229, "Overlord of the Floodpits": 1554, "Overlord of the Hauntwoods": 1555, "Overlord of the Mistmoors": 1556, "Spara's Headquarters": 2029, "Up the Beanstalk": 2384, "Zagoth Triome": 2558, "Zur, Eternal Schemer": 2569, "Elesh Norn, Mother of Machines_SB": 658, "Heroic Intervention_SB": 991, "High Noon_SB": 998, "Make Disappear_SB": 1316, "Cauldron Familiar": 326, "Claim the Firstborn": 381, "Deadly Dispute": 507, "Fountainport": 832, "Kroxa, Titan of Death's Hunger": 1194, "Mayhem Devil": 1350, "Overgrown Tomb": 1550, "Scavenger's Talent": 1841, "Witch's Oven": 2515, "Ygra, Eater of All": 2547, "Damping Sphere_SB": 488, "Haywire Mite_SB": 958, "Castle Ardenvale": 316, "Castle Vantress": 320, "Day's Undoing": 503, "Discontinuity": 567, "Emeria's Call": 679, "Floodfarm Verge": 809, "Jwari Disruption": 1113, "Lotus Field": 1291, "Secure the Wastes": 1874, "Settle the Wreckage": 1893, "Shark Typhoon": 1910, "Soul Partition": 2015, "Sphinx's Revelation": 2039, "Strict Proctor": 2094, "Thespian's Stage": 2245, "Leyline of Sanctity_SB": 1234, "Skyclave Apparition_SB": 1972, "Supreme Verdict_SB": 2129, "Wedding Announcement_SB": 2492, "Blade of the Oni": 195, "Unholy Annex // Ritual Chamber": 2368, "Hidetsugu Consumes All_SB": 994, "Liliana of the Veil_SB": 1259, "Withering Torment_SB": 2522, "Llanowar Wastes": 1276, "Abrupt Decay_SB": 26, "Sheoldred's Edict_SB": 1922, "The Meathook Massacre_SB": 2223, "Kari Zev's Expertise_SB": 1125, "Heartless Act_SB": 969, "Aloe Alchemist": 62, "Atarka's Command": 122, "Burning-Tree Emissary": 275, "Cunning Coyote": 479, "Pawpatch Recruit": 1578, "Play with Fire": 1608, "Reckless Bushwhacker": 1694, "Thornspire Verge": 2251, "Claim the Firstborn_SB": 382, "Destructive Revelry_SB": 554, "Magebane Lizard_SB": 1310, "Rending Volley_SB": 1727, "Shapers' Sanctuary_SB": 1907, "Pithing Needle_SB": 1604, "Archon of Emeria": 102, "Aven Interrupter": 134, "Brushland": 268, "Collected Company": 398, "Elvish Mystic": 670, "Enduring Innocence": 691, "Kellan, Daring Traveler": 1147, "Knight of Autumn": 1170, "Llanowar Elves": 1274, "Razorverge Thicket": 1690, "Shefet Dunes": 1917, "Skyclave Apparition": 1971, "Thalia, Guardian of Thraben": 2196, "Voice of Resurgence": 2440, "Werefox Bodyguard": 2496, "Brutal Cathar_SB": 270, "Dromoka's Command_SB": 626, "Elite Spellbinder_SB": 661, "Gideon, Ally of Zendikar_SB": 874, "The Wandering Emperor_SB": 2240, "Werefox Bodyguard_SB": 2497, "Unstoppable Slasher": 2379, "Archfiend of the Dross": 100, "Sheoldred's Edict": 1921, "Hive of the Eye Tyrant": 1003, "Path of Peril_SB": 1575, "Battlefield Forge": 166, "Inspiring Vantage": 1061, "Needleverge Pathway": 1450, "Sacred Foundry": 1812, "Sundown Pass": 2113, "Battle Cry Goblin": 163, "Conspicuous Snoop": 433, "Foundry Street Denizen": 831, "Goblin Instigator": 903, "Greasewrench Goblin": 919, "Raise the Past": 1661, "Rundvelt Hordemaster": 1800, "Skirk Prospector": 1963, "Invasion of Gobakhan_SB": 1073, "Moonshaker Cavalry_SB": 1408, "Nahiri, the Harbinger_SB": 1437, "Reidane, God of the Worthy_SB": 1719, "Strict Proctor_SB": 2095, "Nowhere to Run": 1486, "Kutzil's Flanker": 1201, "Enigmatic Incarnation": 694, "Linvala, the Preserver": 1268, "Overlord of the Boilerbilges": 1553, "Breeding Pool": 258, "Pest Control_SB": 1586, "Ruric Thar, the Unbowed_SB": 1805, "Mirrex": 1376, "Transmogrify": 2311, "Tribute to Horobi": 2323, "Volcanic Spite": 2448, "Virtue of Persistence_SB": 2430, "Void Winnower_SB": 2447, "Shardmage's Rescue": 1908, "Sheltered by Ghosts": 1919, "Slickshot Show-Off": 1984, "Soul-Scar Mage": 2021, "Wizard's Lightning": 2525, "Containment Priest_SB": 438, "Deflecting Palm_SB": 529, "Get Lost_SB": 859, "Infuriate": 1050, "Hazoret the Fervent_SB": 961, "Tyvar, the Pummeler": 2341, "Guardian of Faith_SB": 933, "Kayla's Reconstruction_SB": 1141, "Split Up_SB": 2050, "Fear of Isolation": 765, "Fetid Pools": 781, "Grim Bauble": 924, "Hopeless Nightmare": 1014, "Momentum Breaker": 1397, "Omen of the Sea": 1516, "Shipwreck Marsh": 1928, "Stormchaser's Talent": 2084, "This Town Ain't Big Enough": 2249, "Thundertrap Trainer": 2272, "Yorion, Sky Nomad": 2549, "Beza, the Bounding Spring": 178, "Nurturing Pixie": 1492, "The Meathook Massacre": 2222, "Tinybones Joins Up": 2276, "Treacherous Blessing": 2316, "Dawnbringer Cleric_SB": 500, "Narset, Parter of Veils_SB": 1443, "Legion's Landing": 1227, "Oath of Kaya": 1497, "Optimistic Scavenger_SB": 1531, "Adeline, Resplendent Cathar": 36, "Coppercoat Vanguard": 440, "Extraction Specialist": 733, "Hopeful Initiate": 1012, "Portable Hole": 1617, "Recruitment Officer": 1706, "Thalia's Lieutenant": 2195, "Veteran Survivor": 2420, "Warden of the Inner Sky": 2470, "Brave the Elements_SB": 254, "Sheltered by Ghosts_SB": 1920, "Brave the Elements": 253, "Cave of the Frost Dragon": 335, "Dauntless Bodyguard": 498, "Declaration in Stone": 520, "Mardu Woe-Reaper": 1336, "Fateful Absence_SB": 761, "Soul-Guide Lantern_SB": 2020, "Rockface Village": 1779, "Ray of Enfeeblement_SB": 1685, "Torpor Orb_SB": 2300, "Experimental Frenzy_SB": 726, "Ashiok, Wicked Manipulator_SB": 118, "Ketria Triome": 1157, "Pillage the Bog": 1599, "Ziatora's Proving Ground": 2563, "Archon of Emeria_SB": 103, "Barrier Breach_SB": 158, "Tranquil Frillback_SB": 2310, "Bitter Triumph_SB": 191, "Case of the Crimson Pulse_SB": 311, "Ghost Vacuum_SB": 865, "Molten Collapse_SB": 1394, "Get Out": 860, "Spyglass Siren": 2054, "Undercity Sewers": 2359, "Grim Bauble_SB": 925, "Beanstalk Giant": 168, "Greater Tanuki": 921, "Quintorius Kand": 1653, "Release to the Wind": 1721, "Spark Double": 2030, "Spinewoods Armadillo": 2042, "Trumpeting Carnosaur": 2326, "Virtue of Persistence": 2429, "Colossal Skyturtle_SB": 409, "Consign // Oblivion_SB": 432, "Dragonlord Dromoka_SB": 600, "Gyruda, Doom of Depths_SB": 938, "Horned Loch-Whale_SB": 1017, "Keruga, the Macrosage_SB": 1154, "Roaring Furnace // Steaming Sauna_SB": 1775, "Thought Distortion_SB": 2252, "Back to Nature_SB": 143, "Cavalier of Thorns": 334, "Invasion of Ixalan": 1074, "Kiora, Behemoth Beckoner": 1160, "Lair of the Hydra": 1205, "Nykthos, Shrine to Nyx": 1494, "Oath of Nissa": 1498, "Old-Growth Troll": 1511, "Outcaster Trailblazer": 1545, "Storm the Festival": 2081, "Ulvenwald Oddity": 2349, "Wolfwillow Haven": 2529, "Cityscape Leveler_SB": 378, "Monstrous Emergence_SB": 1402, "The Mightstone and Weakstone_SB": 2225, "The Stone Brain_SB": 2238, "Wicked Wolf_SB": 2502, "Anoint with Affliction": 85, "Cryptic Coat": 472, "Darksteel Citadel": 497, "Ensoul Artifact": 695, "Fearless Swashbuckler": 767, "Gastal Thrillroller": 850, "Inti, Seneschal of the Sun": 1064, "Legion Extruder": 1223, "Shrapnel Blast": 1938, "Smuggler's Copter": 1990, "Voldaren Epicure": 2450, "Burst Lightning_SB": 278, "Shadowspear_SB": 1901, "Voltage Surge_SB": 2455, "Hostile Hostel": 1021, "Leyline of the Guildpact": 1237, "Emrakul, the Promised End_SB": 683, "Obstinate Baloth_SB": 1504, "Polukranos Reborn_SB": 1613, "Claim // Fame_SB": 380, "Dark Betrayal_SB": 489, "Dragonlord Dromoka": 599, "Sunfall_SB": 2115, "Arboreal Grazer": 95, "Archdruid's Charm": 98, "Castle Garenbrig": 318, "Cityscape Leveler": 377, "Emrakul, the Promised End": 682, "Sire of Seven Deaths": 1959, "Leyline Binding_SB": 1230, "Sire of Seven Deaths_SB": 1960, "Ugin, the Spirit Dragon_SB": 2345, "Weathered Runestone_SB": 2487, "Boros Charm": 240, "Ghitu Lavarunner": 863, "Lightning Helix": 1250, "Count on Luck_SB": 450, "Ashiok, Nightmare Weaver": 115, "Bonecrusher Giant": 234, "Liliana of the Veil": 1258, "Kroxa, Titan of Death's Hunger_SB": 1195, "Preacher of the Schism_SB": 1625, "Oildeep Gearhulk": 1508, "Rottenmouth Viper": 1789, "Soulstone Sanctuary": 2028, "Go for the Throat_SB": 900, "Kaito, Bane of Nightmares_SB": 1118, "Rottenmouth Viper_SB": 1790, "Bard Class": 156, "Commune with Spirits": 419, "Domri, Anarch of Bolas": 585, "Gallia of the Endless Dance": 846, "Goro-Goro, Disciple of Ryusei": 911, "Hajar, Loyal Bodyguard": 939, "Itzquinth, Firstborn of Gishath": 1088, "Kari Zev, Skyship Raider": 1126, "Klothys, God of Destiny": 1168, "Migloz, Maze Crusher": 1372, "Mox Amber": 1415, "Radha, Heart of Keld": 1655, "Redshift, Rocketeer Chief": 1710, "Rockfall Vale": 1780, "Ruby, Daring Tracker": 1796, "Samut, Vizier of Naktamun": 1820, "Deadly Cover-Up": 505, "Bala Ged Recovery": 145, "Dark Petition": 492, "Emergent Ultimatum": 677, "Fae of Wishes": 746, "Hidden Strings": 992, "Lier, Disciple of the Drowned": 1241, "Lush Portico": 1300, "Nine Lives": 1460, "Omniscience": 1522, "Path of Peril": 1574, "Pore Over the Pages": 1614, "Sylvan Scrying": 2150, "Vizier of Tumbling Sands": 2438, "Approach of the Second Sun_SB": 91, "Emergent Ultimatum_SB": 678, "Solemnity_SB": 2006, "Soul Partition_SB": 2016, "Zacama, Primal Calamity_SB": 2556, "Jace's Defeat_SB": 1092, "Built to Smash": 272, "Thud": 2267, "Titan's Strength": 2284, "Wayward Guide-Beast": 2481, "Dreadmaw's Ire_SB": 613, "End the Festivities_SB": 687, "Light Up the Stage_SB": 1245, "Obosh, the Preypiercer_SB": 1502, "Voldaren Thrillseeker_SB": 2452, "Hazoret, Godseeker": 963, "Polukranos Reborn": 1612, "Dream Trawler": 614, "Impulse": 1045, "Irrigated Farmland": 1083, "Chandra, Awakened Inferno_SB": 359, "Dream Trawler_SB": 615, "Surge of Righteousness_SB": 2131, "Demilich": 534, "Stern Dismissal": 2067, "Jace, Wielder of Mysteries_SB": 1095, "Proft's Eidetic Memory_SB": 1631, "Thassa's Oracle_SB": 2201, "Withering Torment": 2521, "Azor, the Lawbringer": 141, "Kutzil's Flanker_SB": 1202, "Deathcap Glade": 513, "Feed the Cycle": 771, "Freestrider Lookout": 836, "Ghost Vacuum": 864, "Ketramose, the New Dawn": 1155, "Restless Cottage": 1742, "Scrabbling Claws": 1851, "Deadly Cover-Up_SB": 506, "Legion's End_SB": 1226, "Tear Asunder_SB": 2167, "Kytheon, Hero of Akros": 1204, "Destroy Evil_SB": 553, "Bleachbone Verge": 200, "Willowrush Verge": 2508, "Experimental Augury": 724, "Jace Reawakened": 1090, "Malcolm, Alluring Scoundrel": 1319, "Nashi, Searcher in the Dark": 1444, "Valki, God of Lies": 2402, "Arasta of the Endless Web_SB": 94, "Setessan Petitioner_SB": 1892, "Boltwave": 230, "Clockwork Percussionist": 392, "Eidolon of the Great Revel": 645, "Searing Blood": 1868, "Skewer the Critics": 1962, "Skullcrack": 1968, "Rampaging Ferocidon_SB": 1673, "Roast_SB": 1776, "Roiling Vortex_SB": 1784, "Memory Deluge_SB": 1358, "Callous Sell-Sword_SB": 291, "Chandra's Defeat_SB": 355, "Dreadhorde Arcanist_SB": 611, "Reckless Rage_SB": 1699, "Blacksmith's Talent": 193, "Bladehold War-Whip": 196, "Chainsaw": 350, "Colossus Hammer": 411, "Fervent Champion": 779, "Kellan, the Fae-Blooded": 1149, "Kemba, Kha Enduring": 1150, "Leyline Axe": 1228, "Nahiri, Forged in Fury": 1434, "Shadowspear": 1900, "Swiftfoot Boots": 2143, "Deafening Clarion_SB": 510, "Loran of the Third Path_SB": 1284, "Rebel Salvo_SB": 1693, "Surge of Salvation_SB": 2133, "Murderous Cut": 1422, "Sunbillow Verge": 2110, "Unlicensed Hearse": 2374, "Anguished Unmaking_SB": 79, "Kaya, Orzhov Usurper_SB": 1139, "Wear // Tear_SB": 2484, "Agadeem's Awakening": 50, "Bloodghast": 216, "Call of the Death-Dweller": 288, "Drownyard Temple": 629, "Narcomoeba": 1440, "Prized Amalgam": 1629, "Quag Feast": 1643, "Souls of the Lost": 2026, "Stitcher's Supplier": 2072, "Cling to Dust_SB": 391, "Boommobile": 238, "Fomori Vault": 818, "Glint-Nest Crane": 890, "Hedron Archive": 972, "Inventors' Fair": 1077, "Moonsnare Prototype": 1409, "Paradox Engine": 1566, "Portal of Sanctuary": 1619, "Prophetic Prism": 1633, "Repurposing Bay": 1731, "Snow-Covered Island": 1998, "Snow-Covered Mountain": 1999, "Terrarion": 2189, "The Enigma Jewel": 2214, "The Mightstone and Weakstone": 2224, "Thran Spider": 2259, "Workshop Assistant": 2532, "Lantern of the Lost_SB": 1210, "Liberator, Urza's Battlethopter_SB": 1239, "Noxious Gearhulk_SB": 1489, "Shrapnel Slinger_SB": 1940, "Loran of the Third Path": 1283, "Sylvan Caryatid": 2148, "Brightglass Gearhulk": 260, "Collector's Cage": 403, "Dusk Rose Reliquary": 637, "Giant Killer": 871, "Haywire Mite": 957, "Ingenious Smith": 1052, "Overgrown Farmland": 1549, "Parting Gust": 1569, "Sandstorm Salvager": 1825, "Sentinel of the Nameless City": 1885, "Skrelv, Defector Mite": 1966, "Teething Wurmlet": 2169, "Thraben Inspector": 2258, "Spirit of the Labyrinth_SB": 2045, "Tormod's Crypt_SB": 2299, "Resplendent Angel": 1738, "Righteous Valkyrie": 1758, "Inspiring Overseer": 1060, "Giada, Font of Hope": 869, "Bishop of Wings": 187, "Kayla's Reconstruction": 1140, "Knight of Autumn_SB": 1171, "Ral, Crackling Wit_SB": 1668, "Young Pyromancer_SB": 2552, "Gilded Goose": 877, "Molt Tender": 1392, "Traverse the Ulvenwald": 2315, "Vraska, Golgari Queen": 2461, "Assassin's Trophy_SB": 120, "Big Score": 180, "Dig Through Time": 563, "Indomitable Creativity": 1049, "Magma Opus": 1313, "Negate": 1451, "Prismari Command": 1627, "Sublime Epiphany": 2100, "Thundering Falls": 2271, "Torrential Gearhulk": 2301, "Chandra, Acolyte of Flame_SB": 358, "Hullbreaker Horror_SB": 1027, "Into the Flood Maw_SB": 1068, "Untimely Malfunction_SB": 2382, "Mukotai Ambusher_SB": 1420, "Empyrean Eagle": 681, "Glacial Fortress": 882, "Lofty Denial": 1277, "Mausoleum Wanderer": 1348, "Phantom Interference": 1588, "Rattlechains": 1679, "Selfless Spirit": 1883, "Spectral Sailor": 2033, "Spell Queller": 2036, "Supreme Phantom": 2127, "Adarkar Wastes": 35, "Dewdrop Cure_SB": 560, "Devout Decree_SB": 558, "Remorseful Cleric_SB": 1726, "Dusk // Dawn_SB": 635, "Mindlink Mech_SB": 1374, "Lithomantic Barrage_SB": 1272, "Pawpatch Formation": 1576, "Vinereap Mentor": 2424, "Camellia, the Seedmiser": 292, "Wastewood Verge": 2479, "Commercial District": 414, "Titan of Industry": 2282, "Alpine Moon_SB": 64, "Culling Ritual_SB": 478, "Avishkar Raceway": 137, "Cathartic Pyre": 324, "Marauding Mako": 1327, "Solphim, Mayhem Dominus": 2007, "Fuel the Flames_SB": 842, "Skycrash_SB": 1974, "Gifted Aetherborn": 875, "Graveyard Trespasser": 916, "Invoke Despair": 1079, "Murderous Rider": 1424, "Sign in Blood": 1943, "Sorin the Mirthless": 2012, "Kalitas, Traitor of Ghet_SB": 1122, "Agatha's Soul Cauldron": 52, "Norin, Swift Survivalist": 1479, "Agatha of the Vile Cauldron": 51, "Targ Nar, Demon-Fang Gnoll": 2163, "Zurgo Bellstriker": 2570, "Kellan, Planar Trailblazer": 1148, "Klothys, God of Destiny_SB": 1169, "Tamiyo's Safekeeping_SB": 2159, "Memory Guardian": 1359, "Mendicant Core, Guidelight": 1360, "Metallic Rebuke": 1365, "Novice Inspector": 1485, "Simulacrum Synthesizer": 1953, "Cryptic Coat_SB": 473, "Metallic Rebuke_SB": 1366, "Defiant Strike": 528, "Illuminator Virtuoso": 1039, "Gods Willing_SB": 907, "Light of Hope_SB": 1246, "Slickshot Show-Off_SB": 1985, "Extraction Specialist_SB": 734, "Pest Control": 1585, "Ketramose, the New Dawn_SB": 1156, "Bond of Insight": 232, "Expedition Map": 721, "Sea Gate Restoration": 1860, "Valakut Awakening": 2395, "Wish": 2514, "Dig Through Time_SB": 564, "Fiery Impulse_SB": 787, "Lier, Disciple of the Drowned_SB": 1242, "Niv-Mizzet, Parun_SB": 1473, "Forsaken Miner": 824, "Insidious Roots": 1059, "Priest of Forgotten Gods": 1626, "Rubblebelt Maverick": 1795, "Satyr Wayfinder": 1830, "Scrapheap Scrounger": 1853, "Squirming Emergence": 2055, "Tyvar, Jubilant Brawler": 2340, "Boseiju, Who Endures_SB": 244, "Deathrite Shaman_SB": 516, "Souls of the Lost_SB": 2027, "Snakeskin Veil_SB": 1995, "Abrupt Decay": 25, "Ancient Cornucopia": 73, "Blood Baron of Vizkopa": 210, "Bring to Light": 263, "Deafening Clarion": 509, "Jetmir's Garden": 1104, "Kolaghan's Command": 1181, "Maelstrom Pulse": 1305, "Niv-Mizzet Reborn": 1471, "Niv-Mizzet, Supreme": 1474, "Raugrin Triome": 1683, "Savai Triome": 1832, "Unmoored Ego": 2377, "Xander's Lounge": 2538, "Kambal, Consul of Allocation_SB": 1123, "Lightning Helix_SB": 1251, "Unmoored Ego_SB": 2378, "Sunspine Lynx_SB": 2125, "Giant Killer_SB": 872, "Blot Out_SB": 226, "Aven Interrupter_SB": 135, "Enduring Innocence_SB": 692, "Tyrranax Rex_SB": 2337, "Ashiok, Nightmare Muse_SB": 114, "Barkchannel Pathway": 157, "Benthic Biomancer": 175, "Botanical Sanctum": 246, "Cenote Scout": 345, "Deeproot Pilgrimage": 525, "Kumena, Tyrant of Orazca": 1198, "Mindspring Merfolk": 1375, "Tishana's Tidebinder": 2280, "Vodalian Hexcatcher": 2439, "Tidebinder Mage_SB": 2273, "Unable to Scream_SB": 2353, "Unholy Annex // Ritual Chamber_SB": 2369, "Deathrite Shaman": 515, "Bloodchief's Thirst_SB": 215, "Driven // Despair_SB": 623, "Eaten Alive_SB": 639, "Biting-Palm Ninja_SB": 188, "Dokuchi Silencer_SB": 584, "Brutal Cathar": 269, "Beseech the Mirror": 176, "Gifted Aetherborn_SB": 876, "Treacherous Blessing_SB": 2317, "Kazuul's Toll Collector": 1143, "Lavaspur Boots": 1211, "Shardmage's Rescue_SB": 1909, "Immersturm Raider": 1040, "Nahiri, the Harbinger": 1436, "Authority of the Consuls_SB": 133, "The Speed Demon_SB": 2237, "Anointed Peacekeeper": 87, "Expedite": 720, "Fireblade Charger": 796, "Might of the Meek": 1371, "Skullcrack_SB": 1969, "Twisted Fealty_SB": 2335, "Sphinx of the Final Word_SB": 2038, "Waste Not_SB": 2476, "Pawpatch Recruit_SB": 1579, "Burnout Bashtronaut": 276, "Draconautics Engineer": 595, "Fanatical Firebrand": 754, "Hobgoblin Bandit Lord": 1004, "Howlsquad Heavy": 1025, "Krenko, Mob Boss": 1192, "Goblin Ringleader_SB": 904, "Volley Veteran_SB": 2453, "Harrier Strix": 952, "Hypnotic Grifter": 1030, "Omen Hawker": 1513, "The Reality Chip": 2229, "Training Grounds": 2308, "Unable to Scream": 2352, "Witness Protection": 2523, "Basilisk Collar_SB": 161, "Kaheera, the Orphanguard_SB": 1115, "Aclazotz, Deepest Betrayal": 31, "Bandit's Talent": 149, "Cling to Dust": 390, "Demolition Field": 536, "Foulmire Knight": 829, "Go Blank": 897, "Hostile Investigator": 1022, "Waste Not": 2475, "The End_SB": 2213, "Get Out_SB": 861, "Reckoner Bankbuster": 1701, "Liliana, the Last Hope_SB": 1264, "Glissa Sunslayer_SB": 892, "Drown in the Loch": 627, "Faerie Mastermind": 749, "Nighthawk Scavenger": 1457, "Restless Reef": 1745, "Soaring Thought-Thief": 2003, "Thieves' Guild Enforcer": 2246, "Zareth San, the Trickster": 2560, "Nighthawk Scavenger_SB": 1458, "Rankle's Prank": 1676, "Graveyard Trespasser_SB": 917, "Riverpyre Verge": 1771, "Strangle": 2089, "Temple of Epiphany": 2177, "Shark Typhoon_SB": 1911, "Stock Up": 2073, "Fry_SB": 840, "Momentum Breaker_SB": 1398, "Viashino Pyromancer": 2421, "Swiftfoot Boots_SB": 2144, "Collision // Colossus": 406, "Overprotect_SB": 1558, "Restless Prairie": 1744, "Sigarda's Aid": 1942, "Behold the Beyond": 173, "Behold the Multiverse": 174, "Mastermind's Acquisition": 1346, "Yavimaya Coast": 2546, "Grand Abolisher_SB": 915, "Monument to Endurance_SB": 1406, "Nine Lives_SB": 1461, "Shoot the Sheriff": 1932, "Fortified Beachhead": 826, "Reflector Mage": 1712, "Reflector Mage_SB": 1713, "Blade Historian": 194, "Charming Prince": 371, "Jirina, Dauntless General": 1107, "Kitesail Larcenist": 1165, "Pyre of Heroes": 1638, "Satoru, the Infiltrator": 1829, "Secluded Courtyard": 1872, "Unclaimed Territory": 2356, "Anointed Peacekeeper_SB": 88, "Jirina, Dauntless General_SB": 1108, "Night Clubber_SB": 1456, "Thalia, Guardian of Thraben_SB": 2197, "Destroy Evil": 552, "Riptide Gearhulk_SB": 1763, "Elenda, Saint of Dusk": 655, "Omnath, Locus of Creation": 1519, "Krenko's Buzzcrusher_SB": 1191, "Notion Thief_SB": 1482, "Ossification_SB": 1538, "Aegis Turtle_SB": 40, "Up the Beanstalk_SB": 2385, "Bolas's Citadel": 229, "Catacomb Sifter": 322, "Prosperous Innkeeper": 1634, "Woe Strider": 2527, "Outland Liberator_SB": 1546, "Status // Statue_SB": 2063, "Elegant Parlor": 654, "Concealing Curtains": 422, "Cleansing Wildfire": 384, "Crumble to Dust": 464, "Encroaching Wastes": 685, "Gnottvold Slumbermound": 896, "Haphazard Bombardment": 949, "Jaya's Greeting": 1100, "Krenko's Buzzcrusher": 1190, "Paradise Druid": 1565, "Ravager Wurm": 1684, "Rootbound Crag": 1786, "Rowan, Scholar of Sparks": 1791, "Rubble Reading": 1794, "Sheltered Thicket": 1918, "Structural Distortion": 2097, "Sylvan Primordial": 2149, "Territory Forge": 2190, "Twin Bolt": 2330, "Voyaging Satyr": 2457, "Herbology Instructor_SB": 984, "Nissa's Defeat_SB": 1463, "Peak Eruption_SB": 1580, "Reclamation Sage_SB": 1703, "Scrabbling Claws_SB": 1852, "Snow-Covered Forest": 1997, "Analyze the Pollen": 69, "Herd Migration": 986, "Ride's End": 1756, "Assassin's Trophy": 119, "Tranquil Frillback": 2309, "Battle at the Bridge": 164, "Mephitic Draught": 1361, "Snow-Covered Swamp": 2001, "Spire of Industry": 2043, "Tithing Blade": 2286, "Battle at the Bridge_SB": 165, "Enduring Curiosity_SB": 690, "Deputy of Detention": 546, "Noxious Gearhulk": 1488, "Dreadhorde Arcanist": 610, "Showdown of the Skalds_SB": 1937, "Hazoret the Fervent": 960, "Beacon Bolt_SB": 167, "Meticulous Archive": 1369, "Ashiok, Nightmare Muse": 113, "Censor": 346, "Cut Down": 485, "Mission Briefing": 1385, "Chrome Host Seedshark_SB": 375, "Jace, Vryn's Prodigy_SB": 1094, "Murderous Cut_SB": 1423, "Goblin Chainwhirler_SB": 902, "Borrowed Hostility": 242, "Dredger's Insight": 621, "Honest Rutstein": 1007, "Brass's Tunnel-Grinder": 252, "Malakir Rebirth": 1318, "The Filigree Sylex_SB": 2216, "Hallowed Moonlight": 944, "Barbed Batterfist": 155, "Keen-Eyed Curator": 1144, "Tribute to the World Tree": 2324, "Webstrike Elite": 2489, "Werewolf Pack Leader": 2498, "Inscription of Abundance_SB": 1056, "Elspeth's Smite": 664, "Yahenni's Expertise": 2542, "Test of Talents_SB": 2192, "Commit // Memory_SB": 416, "Demilich_SB": 535, "Ledger Shredder_SB": 1220, "Banefire": 151, "The World Tree": 2244, "Koma, Cosmos Serpent_SB": 1183, "Nylea's Presence": 1496, "Warping Wail_SB": 2473, "Settle the Wreckage_SB": 1894, "Progenitor Mimic": 1632, "Chandra, Dressed to Kill_SB": 361, "Keen-Eyed Curator_SB": 1145, "Scrapshooter_SB": 1855, "Gleaming Geardrake": 887, "Steel Seraph": 2066, "Plaza of Heroes": 1610, "Youthful Valkyrie": 2553, "Boon of Boseiju": 239, "Silverback Elder": 1949, "Elesh Norn, Mother of Machines": 657, "Wakeroot Elemental": 2465, "Tail Swipe_SB": 2153, "Esika's Chariot_SB": 708, "Containment Priest": 437, "Luminarch Aspirant": 1296, "Takenuma, Abandoned Mire_SB": 2156, "Swamp_SB": 2139, "Commune with Dinosaurs": 418, "Ghalta, Primal Hunger": 862, "Marauding Raptor": 1328, "Pugnacious Hammerskull": 1637, "Rampaging Raptor": 1674, "Regal Imperiosaur": 1717, "Regisaur Alpha": 1718, "Ripjaw Raptor": 1760, "Ledger Shredder": 1219, "Champion of the Perished": 353, "Cryptbreaker": 469, "Dark Salvation": 494, "Dread Wanderer": 609, "Relentless Dead": 1722, "Wayward Servant": 2482, "Zahur, Glory's Past": 2559, "Crippling Fear_SB": 462, "Shadowy Backstreet": 1902, "Experimental Synthesizer": 727, "Light Up the Stage": 1244, "Violent Urge_SB": 2426, "Glasspool Mimic": 885, "Phyrexian Censor": 1591, "Nimble Larcenist_SB": 1459, "Nylea's Intervention_SB": 1495, "Optimistic Scavenger": 1530, "Hidetsugu Consumes All": 993, "Fighter Class": 790, "Flowerfoot Swordmaster": 813, "Mabel, Heir to Cragflame": 1302, "Chainsaw_SB": 351, "Nettle Guard_SB": 1454, "Sword of Forge and Frontier_SB": 2146, "Split Up": 2049, "Heliod's Intervention_SB": 973, "Bloodletter of Aclazotz": 217, "Haunted Ridge": 955, "Case of the Gateway Express": 312, "Gleeful Demolition": 888, "Imodane's Recruiter": 1042, "Knight-Errant of Eos": 1177, "Resolute Reinforcements": 1736, "Venerated Loxodon": 2418, "Fiery Temper": 788, "Flameblade Adept": 801, "Footfall Crater": 819, "Highway Robbery": 999, "Maximize Velocity": 1349, "Ox of Agonas": 1560, "Birgi, God of Storytelling_SB": 186, "Lightning Axe_SB": 1249, "Temple of Mystery": 2180, "Expedition Map_SB": 722, "Stock Up_SB": 2074, "Voyaging Satyr_SB": 2458, "Samut's Sprint": 1819, "Knight of Grace_SB": 1174, "Witchstalker Frenzy_SB": 2517, "Sentinel of the Nameless City_SB": 1886, "Wrenn and Realmbreaker": 2536, "Depopulate_SB": 545, "Unsubstantiate_SB": 2380, "Triton Shorestalker": 2325, "Archfiend of the Dross_SB": 101, "Tishana's Tidebinder_SB": 2281, "Lightning Strike": 1252, "Sunspine Lynx": 2124, "Witchstalker Frenzy": 2516, "Mutavault_SB": 1427, "Razorkin Needlehead_SB": 1689, "Lost Jitte": 1288, "Narset's Reversal_SB": 1441, "Caustic Bronco_SB": 328, "Entity Tracker": 697, "Omen of the Dead_SB": 1515, "Hostage Taker": 1020, "Casualties of War_SB": 321, "Kaito, Cunning Infiltrator": 1119, "Ornithopter": 1535, "Silver-Fur Master": 1948, "Bloodchief's Thirst": 214, "Combat Research": 412, "Lazav, Wearer of Faces": 1215, "Lively Dirge": 1273, "Medomai the Ageless": 1355, "Raffine, Scheming Seer": 1659, "Thalia, Heretic Cathar_SB": 2199, "Urza's Ruinous Blast_SB": 2394, "Lotus Cobra": 1290, "Fires of Victory_SB": 799, "Guardian of Faith": 932, "Galvanic Iteration_SB": 848, "Gods Willing": 906, "Riptide Gearhulk": 1762, "Kappa Tech-Wrecker": 1124, "Gather Courage": 852, "Gather Courage_SB": 853, "Saheeli, Sublime Artificer_SB": 1815, "Kumena's Speaker": 1197, "Eidolon of the Great Revel_SB": 646, "Carnage Tyrant": 301, "Arid Archway": 105, "Culling Ritual": 477, "Festering Gulch": 780, "Iridescent Vinelasher": 1082, "Port of Karfell": 1616, "Underground Mortuary": 2360, "Elder Gargaroth_SB": 651, "Fog_SB": 817, "Quick Study": 1650, "Crackling Drake_SB": 453, "Elder Gargaroth": 650, "Fires of Invention": 797, "Heliod, the Radiant Dawn": 976, "Kenrith, the Returned King": 1152, "Marina Vendrell": 1337, "Roaring Furnace // Steaming Sauna": 1774, "Tolsimir, Friend to Wolves": 2290, "Touch the Spirit Realm": 2303, "Chandra, Torch of Defiance_SB": 366, "Can't Stay Away": 294, "Grisly Salvage": 927, "Teferi, Hero of Dominaria_SB": 2171, "Void Rend_SB": 2446, "Castle Embereth": 317, "Hired Claw": 1001, "Kozilek's Return_SB": 1188, "Bitter Reunion": 189, "Case of the Stashed Skeleton": 314, "Vampires' Vengeance": 2410, "Brotherhood's End": 266, "Worldspine Wurm_SB": 2535, "Etali, Primal Conqueror_SB": 714, "Xenagos, God of Revels_SB": 2540, "Katilda, Dawnhart Martyr": 1129, "Slip Out the Back": 1986, "Feather, the Redeemed": 768, "Clifftop Retreat": 389, "Dreadmaw's Ire": 612, "Loran's Escape_SB": 1286, "Feather, the Redeemed_SB": 769, "Zoetic Glyph": 2566, "Sweltering Suns_SB": 2142, "The Akroan War_SB": 2205, "Silvergill Adept": 1950, "Thalia, Heretic Cathar": 2198, "Zephyr Sentinel_SB": 2561, "Restless Fortress": 1743, "Ruin-Lurker Bat": 1798, "Healer's Hawk": 965, "Essence Channeler": 710, "Voice of the Blessed": 2444, "Exemplar of Light": 718, "Linden, the Steadfast Queen": 1267, "Leyline of Hope": 1232, "Authority of the Consuls": 132, "Case of the Uneaten Feast": 315, "Scoured Barrens": 1849, "Rogue's Passage": 1781, "Dewdrop Cure": 559, "Lunarch Veteran": 1298, "Declaration in Stone_SB": 521, "Crystal Barricade_SB": 475, "Afterburner Expert": 48, "Omnivorous Flytrap": 1523, "Agatha's Soul Cauldron_SB": 53, "Nahiri, the Unforgiving_SB": 1439, "Ox of Agonas_SB": 1561, "High Noon": 997, "Twinshot Sniper": 2333, "Keruga, the Macrosage": 1153, "Clever Impersonator": 386, "Agent of Treachery_SB": 54, "Twinshot Sniper_SB": 2334, "Kalitas, Traitor of Ghet": 1121, "Anzrag, the Quake-Mole": 89, "Temple of Abandon": 2174, "Cindervines_SB": 376, "Tamiyo's Safekeeping": 2158, "Tear Asunder": 2166, "Blot Out": 225, "Scrapshooter": 1854, "Questing Beast": 1646, "Thrun, Breaker of Silence": 2265, "Nissa, Ascended Animist": 1465, "Tyrranax Rex": 2336, "Nissa, Ascended Animist_SB": 1466, "Shifting Ceratops_SB": 1925, "Hornet Queen_SB": 1019, "Adorned Pouncer": 37, "Arahbo, the First Fang": 93, "Lion Sash": 1270, "Open the Armory": 1526, "Roadside Reliquary": 1773, "Sacred Cat": 1811, "Skyknight Squire": 1975, "Sword of Forge and Frontier": 2145, "Prosperous Thief": 1635, "Satoru Umezawa": 1828, "Play with Fire_SB": 1609, "Exquisite Firecraft_SB": 729, "Searing Blood_SB": 1869, "Harvester of Misery_SB": 953, "Intimidation Tactics_SB": 1066, "Out of Air_SB": 1543, "Cry of the Carnarium": 466, "Kaya, Orzhov Usurper": 1138, "Soul-Guide Lantern": 2019, "The End": 2212, "Calamity's Wake_SB": 286, "Exorcise_SB": 719, "Spontaneous Mutation_SB": 2051, "Shambling Vent": 1905, "Heartless Act": 968, "Bonecrusher Giant_SB": 235, "Painter's Studio // Defaced Gallery": 1563, "Chance for Glory_SB": 354, "Magmatic Chasm_SB": 1314, "Requisition Raid_SB": 1733, "Shrapnel Blast_SB": 1939, "Exquisite Firecraft": 728, "Raucous Carnival": 1681, "Curse of Shaken Faith_SB": 482, "Fable of the Mirror-Breaker_SB": 738, "Altanak, the Thrice-Called": 66, "Tireless Tracker_SB": 2279, "Titania, Voice of Gaea_SB": 2285, "Doppelgang_SB": 592, "Sorin, Vengeful Bloodlord_SB": 2014, "Kiora's Follower": 1159, "Merfolk Mistbinder": 1362, "Merfolk Trickster_SB": 1363, "Mockingbird_SB": 1391, "Fading Hope_SB": 745, "Smuggler's Copter_SB": 1991, "Mosswood Dreadknight": 1412, "Lovestruck Beast": 1293, "Debris Beetle": 517, "Mystic Repeal_SB": 1431, "Epic Downfall_SB": 701, "Long Goodbye_SB": 1280, "Sunset Revelry_SB": 2122, "Cavalier of Flame": 333, "Nullhide Ferox_SB": 1491, "Builder's Talent": 271, "Caretaker's Talent": 300, "Sunder the Gateway": 2111, "Vaultborn Tyrant": 2415, "Skysovereign, Consul Flagship_SB": 1979, "Drowned Catacomb": 628, "Sunpetal Grove": 2119, "Woodland Cemetery": 2531, "Kitsa, Otterball Elite": 1167, "Retraction Helix": 1749, "Rona, Herald of Invasion": 1785, "Valley Floodcaller": 2404, "Abhorrent Oculus_SB": 22, "Floodpits Drowner_SB": 811, "Bladestitched Skaab": 197, "Lazotep Reaver": 1218, "Rotten Reunion_SB": 1788, "The Scarab God_SB": 2233, "Reckless Stormseeker": 1700, "Rocketeer Boostbuggy": 1778, "The Akroan War": 2204, "Loran's Escape": 1285, "Blessed Defiance_SB": 202, "Enduring Tenacity_SB": 693, "Cruelclaw's Heist_SB": 463, "Swan Song_SB": 2140, "Knight of Grace": 1173, "Chandra, Spark Hunter_SB": 364, "Skyclave Cleric": 1973, "Ajani, Strength of the Pride_SB": 58, "Witness Protection_SB": 2524, "Growth Spiral": 928, "Ill-Timed Explosion_SB": 1037, "Bomat Courier": 231, "Phoenix Chick": 1589, "Tocasia's Welcome_SB": 2289, "Gideon of the Trials": 873, "Mazemind Tome": 1352, "Etali, Primal Conqueror": 713, "The Scarab God": 2232, "Radiant Flames_SB": 1656, "Azor, the Lawbringer_SB": 142, "Tasigur, the Golden Fang": 2165, "Mortify": 1410, "Day of Judgment_SB": 502, "Doom Foretold": 586, "Nine-Lives Familiar": 1462, "Rite of Oblivion": 1765, "Starfield of Nyx": 2060, "Kaya's Wrath_SB": 1137, "Necromentia_SB": 1447, "Creeping Chill": 461, "Say Its Name": 1834, "Silversmote Ghoul": 1951, "Fog": 816, "Gaea's Blessing": 845, "Haze of Pollen": 959, "Jace, the Perfected Mind": 1096, "Tamiyo, Collector of Tales": 2160, "Union of the Third Path": 2370, "Winds of Qal Sisma": 2511, "Carnage Tyrant_SB": 302, "Drannith Ruins": 607, "Thought-Knot Seer": 2253, "Wasteland Strangler": 2477, "Phyrexian Fleshgorger": 1594, "Ifnir Deadlands": 1035, "Bearer of Silence": 169, "Knight of the Ebon Legion": 1175, "Deep-Cavern Bat": 523, "Caustic Bronco": 327, "Reality Smasher_SB": 1691, "Confounding Riddle": 427, "Ral, Izzet Viceroy_SB": 1669, "Necrotic Wound": 1448, "Necrotic Wound_SB": 1449, "Fuel the Flames": 841, "Valgavoth, Terror Eater_SB": 2400, "Unchained Berserker_SB": 2355, "Gix's Command_SB": 880, "Sorin the Mirthless_SB": 2013, "Blast Zone": 198, "Shoot the Sheriff_SB": 1933, "Maelstrom Pulse_SB": 1306, "Turntimber Symbiosis": 2329, "Graf Reaver_SB": 913, "Kraul Whipcracker_SB": 1189, "Fear of Impostors": 763, "Riptide Chimera": 1761, "Fear of Impostors_SB": 764, "Eldrazi Displacer": 652, "Fleecemane Lion": 803, "Witchstalker_SB": 2518, "Acererak the Archlich": 30, "Gwenna, Eyes of Gaea": 937, "Relic of Legends": 1723, "Omen of the Dead": 1514, "Dive Down_SB": 582, "Yasharn, Implacable Earth": 2543, "Felonious Rage": 777, "Molten Collapse": 1393, "Lavinia, Azorius Renegade_SB": 1213, "Selfless Glyphweaver_SB": 1881, "Yasharn, Implacable Earth_SB": 2544, "Surge of Salvation": 2132, "Blood Spatter Analysis": 213, "Soul-Scar Mage_SB": 2022, "Regal Bunnicorn": 1715, "Demonic Bargain": 539, "Osseous Sticktwister": 1536, "Korvold, Fae-Cursed King": 1184, "Trail of Crumbs": 2306, "Korvold, Fae-Cursed King_SB": 1185, "Dive Down": 581, "Jace Reawakened_SB": 1091, "March of Swirling Mist_SB": 1332, "Blessed Defiance": 201, "Homestead Courage": 1006, "Fugitive Codebreaker": 843, "Tears of Valakut_SB": 2168, "Bedeck // Bedazzle_SB": 171, "Cease // Desist_SB": 340, "Languish_SB": 1208, "Cathar Commando_SB": 323, "Burning Earth_SB": 274, "Guardian of New Benalia": 934, "Phyrexian Dragon Engine": 1593, "Seasoned Hallowblade": 1870, "The Mycosynth Gardens": 2226, "Alrund's Epiphany": 65, "Dryad of the Ilysian Grove": 630, "Escape to the Wilds": 705, "Hedge Maze": 970, "Loot, the Pathfinder": 1282, "Nissa, Who Shakes the World": 1470, "Obliterating Bolt_SB": 1501, "Chandra, Torch of Defiance": 365, "Portal to Phyrexia_SB": 1621, "Consign // Oblivion": 431, "Adanto Vanguard": 33, "Favored Hoplite": 762, "Flowstone Infusion": 814, "Sejiri Shelter": 1879, "Tenth District Legionnaire": 2187, "Adanto Vanguard_SB": 34, "Elspeth, Sun's Champion_SB": 668, "Invasion of New Phyrexia_SB": 1075, "Clifftop Lookout": 388, "Dreamdew Entrancer": 616, "Dreamroot Cascade": 617, "Fecund Greenshell": 770, "Insidious Fungus": 1057, "Loot, Exuberant Explorer": 1281, "Risen Reef": 1764, "Tangled Florahedron": 2162, "Healer of the Glade_SB": 964, "Tale's End_SB": 2157, "Wilt_SB": 2510, "Omen of the Sun_SB": 1518, "Ashiok, Wicked Manipulator": 117, "Dreams of Steel and Oil": 619, "Blood Baron of Vizkopa_SB": 211, "Elspeth Conquers Death_SB": 663, "Gisa, the Hellraiser_SB": 879, "Ride's End_SB": 1757, "Omen of the Sun": 1517, "Enduring Courage": 688, "Beseech the Mirror_SB": 177, "Experimental Confectioner": 725, "Commence the Endgame_SB": 413, "Siphon Insight_SB": 1957, "Embercleave": 673, "Forbidden Friendship": 820, "Case of the Gateway Express_SB": 313, "Collective Effort_SB": 402, "Forge Devil_SB": 823, "Perilous Snare_SB": 1584, "Monastery Mentor": 1399, "Seeker of the Way_SB": 1877, "Redcap Melee": 1707, "Calix, Guided by Fate": 287, "Jukai Naturalist": 1111, "Royal Treatment": 1793, "Setessan Champion": 1891, "Spirited Companion": 2048, "Trapped in the Screen": 2312, "Virtue of Loyalty": 2428, "Weaver of Harmony": 2488, "Ghostly Dancers_SB": 867, "Trapped in the Screen_SB": 2313, "Carrot Cake": 303, "Day of Judgment": 501, "Lay Down Arms": 1214, "Ossification": 1537, "The Birth of Meletis": 2207, "Serra Paragon_SB": 1890, "Cryptolith Rite": 474, "Lightning Strike_SB": 1253, "Bottomless Pool // Locker Room": 247, "Bottomless Pool // Locker Room_SB": 248, "Knockout Blow": 1178, "No More Lies_SB": 1477, "Hidetsugu's Second Rite": 995, "Hidetsugu's Second Rite_SB": 996, "Nowhere to Run_SB": 1487, "Eidolon of Blossoms": 642, "Eidolon of Blossoms_SB": 643, "Seal from Existence_SB": 1863, "Serra Paragon": 1889, "Ob Nixilis, the Adversary": 1499, "Incubation Druid": 1047, "Interplanar Beacon": 1063, "Kaya the Inexorable": 1133, "Mistrise Village": 1387, "Nicol Bolas, Dragon-God": 1455, "Ral Zarek": 1665, "Sab-Sunen, Luxa Embodied": 1810, "Tamiyo, Field Researcher": 2161, "Vraska, Betrayal's Sting": 2460, "Kunoros, Hound of Athreos_SB": 1199, "Soulless Jailer_SB": 2025, "Qarsi Revenant": 1641, "Qarsi Revenant_SB": 1642, "Tersa Lightshatter": 2191, "Dragonfire Blade": 598, "Lavaspur Boots_SB": 1212, "Descendant of Storms": 548, "Case of the Crimson Pulse": 310, "Rakdos's Return_SB": 1663, "Cemetery Illuminator": 342, "Perilous Snare": 1583, "Muraganda Raceway": 1421, "Cease // Desist": 339, "Cram Session": 456, "Fell": 775, "Insatiable Avarice": 1054, "The Biblioplex": 2206, "Valgavoth's Onslaught": 2398, "Containment Breach_SB": 436, "Environmental Sciences_SB": 698, "Introduction to Annihilation_SB": 1070, "Mascot Exhibition_SB": 1342, "Pest Summoning_SB": 1587, "Umori, the Collector_SB": 2351, "March of Swirling Mist": 1331, "Mox Jasper": 1417, "Mistrise Village_SB": 1388, "Elspeth, Storm Slayer": 666, "The Book of Exalted Deeds": 2208, "The Irencrag": 2220, "United Battlefront": 2371, "Voice of Victory": 2442, "Wedding Announcement": 2491, "Sunder the Gateway_SB": 2112, "Voice of Victory_SB": 2443, "Desperate Measures": 551, "Caustic Exhale": 329, "Dispelling Exhale": 575, "Foul-Tongue Invocation": 828, "Marang River Regent": 1324, "Scavenger Regent": 1840, "Silumgar's Scorn": 1947, "Caustic Exhale_SB": 330, "Strategic Betrayal_SB": 2092, "Katilda, Dawnhart Prime": 1131, "Songcrafter Mage": 2009, "Three Tree City": 2262, "Militia Bugler_SB": 1373, "Cori-Steel Cutter_SB": 444, "Sunpearl Kirin": 2118, "Fracture_SB": 834, "Dragonskull Summit": 602, "Cori-Steel Cutter": 443, "Wild Ride": 2503, "History of Benalia": 1002, "The Restoration of Eiganjo": 2230, "Rot-Curse Rakshasa": 1787, "Jace, Vryn's Prodigy": 1093, "Strategic Betrayal": 2091, "Flashfreeze_SB": 802, "Chained to the Rocks": 348, "Treasure Map": 2320, "Archangel Elspeth": 97, "Pia Nalaar, Consul of Revival": 1596, "Reckless Impulse": 1696, "Wrenn's Resolve": 2537, "This Town Ain't Big Enough_SB": 2250, "Ascendant Spirit": 109, "Curious Obsession": 481, "Faceless Haven": 741, "Fading Hope": 744, "Geistlight Snare": 856, "Shacklegeist": 1897, "Faceless Haven_SB": 742, "Westvale Abbey": 2499, "Collective Brutality_SB": 401, "Stormscale Scion": 2086, "Stormscale Scion_SB": 2087, "Metamorphic Alteration": 1368, "Of One Mind": 1506, "Banishing Slash": 154, "Not on My Watch_SB": 1481, "Gurmag Angler": 935, "Cori Mountain Monastery": 442, "Make Disappear": 1315, "Stormwing Entity": 2088, "Jaya, Fiery Negotiator": 1101, "Murderous Rider_SB": 1425, "Fiend Artisan": 784, "Warden of the Grove": 2469, "Deputy of Detention_SB": 547, "Surrak, Elusive Hunter_SB": 2136, "Tyvar, the Pummeler_SB": 2342, "United Battlefront_SB": 2372, "Ghostly Pilferer": 868, "Blue Sun's Twilight_SB": 228, "Cemetery Illuminator_SB": 343, "Slip Out the Back_SB": 1987, "Icon of Ancestry": 1033, "Icon of Ancestry_SB": 1034, "Lofty Denial_SB": 1278, "Fire Prophecy": 794, "White Sun's Twilight_SB": 2501, "Paradoxical Outcome_SB": 1567, "Break Out": 257, "Legion Loyalist": 1225, "Masked Vandal": 1343, "Fanatical Firebrand_SB": 755, "Gruul Charm_SB": 929, "Masked Vandal_SB": 1344, "Preacher of the Schism": 1624, "Vivien Reid_SB": 2436, "March of Wretched Sorrow_SB": 1334, "Scavenger's Talent_SB": 1842, "Ygra, Eater of All_SB": 2548, "Liliana, Death's Majesty": 1261, "Rakdos Joins Up": 1662, "Urgent Necropsy": 2392, "Decadent Dragon_SB": 518, "Shiko, Paragon of the Way": 1927, "Doorkeeper Thrull_SB": 590, "Runed Halo": 1803, "Undead Sprinter_SB": 2358, "Boros Reckoner": 241, "Elspeth, Storm Slayer_SB": 667, "Basri, Tomorrow's Champion": 162, "Mantis Rider": 1323, "Mardu Siegebreaker": 1335, "Kitesail Larcenist_SB": 1166, "Craterhoof Behemoth": 458, "Sanguine Evangelist": 1826, "Atarka's Command_SB": 123, "Crackling Drake": 452, "Bushwhack": 279, "Phyrexian Obliterator": 1595, "Decisive Denial": 519, "Ebondeath, Dracolich": 640, "Ertai's Scorn": 704, "Horned Loch-Whale": 1016, "Rakshasa's Bargain": 1664, "Rewind": 1754, "Unwind": 2383, "Awaken the Honored Dead_SB": 139, "Deathmark_SB": 514, "Gaze of Granite_SB": 854, "Lutri, the Spellchaser_SB": 1301, "Shadows' Verdict_SB": 1899, "Specter's Shriek_SB": 2032, "Thrun, Breaker of Silence_SB": 2266, "Abrade": 23, "Collected Company_SB": 399, "Herald of Eternal Dawn_SB": 983, "Severance Priest": 1895, "Yathan Roadwatcher": 2545, "Natural State_SB": 1445, "Long Goodbye": 1279, "Selfless Savior": 1882, "Legion Angel": 1221, "Wojek Investigator": 2528, "Legion Angel_SB": 1222, "Apostle of Purifying Light_SB": 90, "Gladecover Scout": 883, "Light-Paws, Emperor's Voice": 1247, "Sixth Sense": 1961, "Ethereal Armor": 715, "All That Glitters": 61, "Audacity": 126, "Kaya's Ghostform": 1135, "Gryff's Boon": 930, "Sentinel's Eyes": 1887, "Hammerhand": 947, "Aqueous Form": 92, "Cartouche of Solidarity": 306, "Alpha Authority": 63, "Toadstool Admirer": 2287, "Restless Vents": 1747, "Jeskai Revelation": 1103, "Stern Lesson": 2069, "Chained to the Rocks_SB": 349, "Connive // Concoct": 428, "Creative Outburst": 460, "Temple of Deceit": 2175, "Temple of Enlightenment": 2176, "Temple of Malice": 2179, "Temple of Silence": 2181, "Temple of Triumph": 2182, "Ray of Frost_SB": 1686, "Bontu's Last Reckoning_SB": 237, "Deafening Silence": 511, "Hardened Scales": 951, "Fiery Annihilation_SB": 785, "Dragonlord Silumgar": 601, "Painful Truths": 1562, "Search for Azcanta": 1866, "Supreme Will": 2130, "Contraband Kingpin_SB": 439, "Village Rites": 2422, "Llanowar Visionary": 1275, "Rampaging Ferocidon": 1672, "Stormchaser's Talent_SB": 2085, "Greedy Freebooter": 922, "Shambling Ghast": 1904, "Hangarback Walker": 948, "Marketback Walker": 1340, "Diabolic Intent": 561, "Scrapwork Mutt": 1856, "Gleaming Barrier": 886, "Liliana's Standard Bearer": 1260, "The Sibsig Ceremony": 2235, "Callous Bloodmage_SB": 289, "Friendly Teddy": 838, "Experiment One": 723, "Kitesail Freebooter_SB": 1164, "Muerra, Trash Tactician": 1418, "Cut // Ribbons": 484, "Dusk Legion Zealot": 636, "Markov Baron": 1341, "Patchwork Banner": 1572, "Soul Transfer": 2017, "Voldaren Thrillseeker": 2451, "Bedevil_SB": 172, "Champion of Dusk_SB": 352, "Deadly Dispute_SB": 508, "Soul Transfer_SB": 2018, "Devilish Valet": 557, "Runaway Steam-Kin": 1799, "Grinning Ignus": 926, "Birgi, God of Storytelling": 185, "Hazoret's Monument": 962, "Light Up the Night": 1243, "Cemetery Prowler_SB": 344, "Nissa, Steward of Elements_SB": 1468, "Kishla Village": 1162, "Overlord of the Balemurk_SB": 1552, "Robber of the Rich_SB": 1777, "Izzet Charm": 1089, "Ugin, Eye of the Storms": 2343, "Crash Through": 457, "Shadows' Verdict": 1898, "The Book of Exalted Deeds_SB": 2209, "Spring-Loaded Sawblades": 2053, "Dennick, Pious Apprentice_SB": 544, "Slaughter Games_SB": 1981, "Sokenzan, Crucible of Defiance_SB": 2005, "Baneslayer Angel_SB": 153, "Trelasarra, Moon Dancer": 2322, "Kaito Shizuki": 1116, "Silent Hallcreeper": 1946, "Ashiok, Nightmare Weaver_SB": 116, "Evolved Sleeper": 717, "Tenacious Underdog_SB": 2186, "Rediscover the Way": 1709, "Witherbloom Command_SB": 2520, "Balmor, Battlemage Captain": 148, "Sram, Senior Edificer": 2056, "Wizard's Retort_SB": 2526, "Shapers' Sanctuary": 1906, "Eidolon of Rhetoric_SB": 644, "Commit // Memory": 415, "Clever Lumimancer": 387, "Eldritch Evolution": 653, "Niv-Mizzet, Parun": 1472, "Sweltering Suns": 2141, "Katilda, Dawnhart Martyr_SB": 1130, "Omnath, Locus of the Roil": 1521, "Lilah, Undefeated Slickshot": 1257, "Tolsimir, Friend to Wolves_SB": 2291, "Blossoming Defense": 221, "Giant Growth": 870, "Heritage Reclamation_SB": 988, "Brimaz, King of Oreskos": 261, "Welcoming Vampire": 2495, "Intimidation Tactics": 1065, "Liliana, Dreadhorde General_SB": 1262, "Marang River Regent_SB": 1326, "Spirit-Sister's Call": 2046, "Bandit's Talent_SB": 150, "Fountainport Bell": 833, "Dreams of Steel and Oil_SB": 620, "Gonti, Lord of Luxury_SB": 910, "Frontline Rush": 839, "Mortify_SB": 1411, "Treasure Cruise_SB": 2319, "Strangle_SB": 2090, "Canyon Slough": 297, "Captain Lannery Storm": 299, "Charming Scoundrel": 372, "Collector's Vault": 405, "Goldhound": 908, "Goldspan Dragon": 909, "Kalain, Reclusive Painter": 1120, "Marionette Master": 1338, "Reckless Fireweaver": 1695, "Sticky Fingers": 2070, "Treasure Vault": 2321, "Vraska's Contempt": 2459, "Karn, Scion of Urza_SB": 1127, "Moment of Craving_SB": 1396, "Ratchet Bomb_SB": 1678, "Unlicensed Disintegration_SB": 2373, "Eshki Dragonclaw": 706, "Herd Heirloom": 985, "Rhonas the Indomitable": 1755, "The Huntsman's Redemption": 2219, "Stubborn Denial_SB": 2099, "Drake Hatcher": 603, "Quicken": 1651, "Amonkhet Raceway": 68, "The Speed Demon": 2236, "Seal from Existence": 1862, "Shore Up": 1934, "Aetherflux Reservoir_SB": 46, "Shore Up_SB": 1935, "Illness in the Ranks_SB": 1038, "Phyrexian Arena_SB": 1590, "Abbot of Keral Keep": 19, "Anax, Hardened in the Forge": 70, "Incendiary Flow": 1046, "Invigorated Rampage": 1078, "Rimrock Knight": 1759, "Shock": 1930, "Torbran, Thane of Red Fell": 2294, "Wild Slash": 2504, "Dire Fleet Daredevil_SB": 565, "Flame-Blessed Bolt_SB": 800, "Sword of Once and Future_SB": 2147, "Virulent Plague_SB": 2432, "Magebane Lizard": 1309, "Snow-Covered Plains": 2000, "Sunset Revelry": 2121, "Unexpected Windfall": 2365, "Worldspine Wurm": 2534, "Xenagos, God of Revels": 2539, "Arboreal Grazer_SB": 96, "Herald of Eternal Dawn": 982, "Skrelv's Hive": 1965, "Vaultborn Tyrant_SB": 2416, "Defabricate_SB": 527, "Augur of Bolas": 129, "Essence Flux": 711, "Fallaji Archaeologist": 753, "Neoform": 1453, "Tyvar's Stand": 2338, "Collector's Cage_SB": 404, "Dromoka's Command": 625, "Elite Spellbinder": 660, "Ajani, Strength of the Pride": 57, "Reluctant Role Model": 1724, "Plargg, Dean of Chaos": 1607, "Hushbringer_SB": 1028, "Ureni, the Song Unending": 2390, "Evangel of Synthesis": 716, "Duelist of the Mind": 632, "Portent of Calamity": 1622, "Extraordinary Journey": 735, "Concerted Defense_SB": 423, "Rapid Hybridization_SB": 1677, "Hooting Mandrills": 1009, "Jin-Gitaxias, Progress Tyrant_SB": 1106, "Smuggler's Surprise_SB": 1993, "Toxrill, the Corrosive_SB": 2305, "Doom Whisperer_SB": 588, "Razorkin Needlehead": 1688, "Virtue of Courage": 2427, "Ball Lightning": 147, "Scytheclaw Raptor_SB": 1859, "Dire Tactics": 566, "Order of Midnight": 1534, "Cathartic Reunion": 325, "Ancient Imperiosaur": 74, "Gastal Thrillroller_SB": 851, "Invasion of Ergamon": 1071, "Awaken the Honored Dead": 138, "Ghostly Dancers": 866, "Heliod, the Radiant Dawn_SB": 977, "Dispel_SB": 574, "Chandra, Hope's Beacon": 363, "Obscura Storefront": 1503, "Disfigure_SB": 572, "Feed the Swarm": 772, "Blue Sun's Twilight": 227, "Conduit Pylons": 425, "Ipnu Rivulet": 1081, "Outcaster Greenblade": 1544, "Voltage Surge": 2454, "Fae of Wishes_SB": 747, "Koth, Fire of Resistance_SB": 1186, "Anger of the Gods": 76, "Brass Knuckles": 251, "Fabrication Foundry": 740, "Metalwork Colossus": 1367, "Sanctum of Ugin": 1823, "Wedding Invitation": 2493, "Glass Casket_SB": 884, "Repurposing Bay_SB": 1732, "Drake Hatcher_SB": 604, "Ashen Rider": 111, "Soulflayer": 2023, "Zetalpa, Primal Dawn": 2562, "Striped Riverwinder": 2096, "Urborg Scavengers": 2388, "Oracle of Tragedy": 1533, "Gurmag Nightwatch": 936, "Baleful Mastery": 146, "Agonizing Remorse_SB": 55, "Repel the Abominable": 1728, "Invasion of Gobakhan": 1072, "Repel the Abominable_SB": 1729, "Secrets of the Key": 1873, "Slaughter Singer": 1982, "Venerated Rotpriest": 2419, "The Seedcore": 2234, "Crawling Chorus": 459, "Annex Sentry": 81, "Bloated Contaminator": 209, "Jawbone Duelist": 1099, "Overprotect": 1557, "Ajani, Sleeper Agent_SB": 56, "Phyrexian Censor_SB": 1592, "Tyvar's Stand_SB": 2339, "Annex Sentry_SB": 82, "Melira, the Living Cure_SB": 1356, "Hallowed Moonlight_SB": 945, "Selfless Spirit_SB": 1884, "Vineglimmer Snarl": 2423, "Port Town": 1615, "Mystic Reflection": 1430, "Heroic Intervention": 990, "Emergence Zone": 676, "Augmenter Pugilist": 127, "Augur of Autumn": 128, "Simic Charm": 1952, "Fortified Village": 827, "Biovisionary": 184, "Repudiate // Replicate_SB": 1730, "Chord of Calling_SB": 374, "Baird, Steward of Argive_SB": 144, "Glorybringer": 895, "Scavenging Ooze": 1843, "Mizzium Mortars": 1389, "Cartouche of Zeal": 308, "Skylasher_SB": 1976, "Not on My Watch": 1480, "Scattered Thoughts": 1839, "Nature's Rhythm": 1446, "Dryad's Revival": 631, "Mabel, Heir to Cragflame_SB": 1303, "Atraxa, Grand Unifier_SB": 125, "Wear Down_SB": 2486, "Slagstorm_SB": 1980, "Scorching Dragonfire_SB": 1847, "Stern Dismissal_SB": 2068, "Niv-Mizzet, Visionary_SB": 1475, "Despark_SB": 550, "Dennick, Pious Apprentice": 543, "Angrath, the Flame-Chained_SB": 78, "Hornet Queen": 1018, "Ojer Taq, Deepest Foundation": 1510, "Ritual of Soot_SB": 1768, "Dark Petition_SB": 493, "Vampires' Vengeance_SB": 2411, "Heliod's Pilgrim_SB": 974, "Kaya's Ghostform_SB": 1136, "Skrelv, Defector Mite_SB": 1967, "March of Wretched Sorrow": 1333, "Unlucky Witness": 2376, "Pyroclasm": 1639, "Lord Skitter, Sewer King": 1287, "Aclazotz, Deepest Betrayal_SB": 32, "Tomik, Distinguished Advokist_SB": 2293, "Hearth Elemental": 967, "Sanguine Evangelist_SB": 1827, "Spirit-Sister's Call_SB": 2047, "Demonic Counsel": 540, "Consuming Fervor": 435, "Aetherflux Reservoir": 45, "Summary Dismissal_SB": 2104, "Mountain_SB": 1414, "Portal to Phyrexia": 1620, "Ovalchase Daredevil": 1548, "Inscribed Tablet": 1055, "Scourge of the Skyclaves": 1850, "Warlock Class": 2471, "Lich-Knights' Conquest": 1240, "Silent Gravestone_SB": 1945, "Ulcerate_SB": 2347, "Kaervek, the Spiteful_SB": 1114, "Smoldering Egg": 1989, "Lamplight Phoenix_SB": 1206, "Rune of Might": 1801, "Voice of Resurgence_SB": 2441, "Can't Stay Away_SB": 295, "Feldon, Ronom Excavator": 774, "Infuriate_SB": 1051, "Wandering Mind": 2467, "Disenchant_SB": 571, "Candy Trail": 296, "Colossal Skyturtle": 408, "Mirrorshell Crab": 1378, "Teferi, Who Slows the Sunset": 2172, "Chaos Wand_SB": 370, "Dissection Tools_SB": 579, "Jace, the Perfected Mind_SB": 1097, "Zirda, the Dawnwaker_SB": 2565, "Abbot of Keral Keep_SB": 20, "Recommission_SB": 1705, "Clarion Conqueror_SB": 383, "Rabbit Battery": 1654, "Faerie Dreamthief": 748, "Helping Hand": 978, "Steamcore Scholar": 2065, "Winternight Stories": 2513, "Seasons Past": 1871, "Defabricate": 526, "Immortal Phoenix_SB": 1041, "Lightwheel Enhancements": 1256, "Cunning Coyote_SB": 480, "Yuna, Hope of Spira": 2554, "Blisterpod": 205, "Cartel Aristocrat": 305, "Rally the Ancestors": 1670, "Sephiroth, Fabled SOLDIER": 1888, "Starting Town": 2062, "Heliod, Sun-Crowned_SB": 975, "Ruthless Lawbringer_SB": 1808, "Joshua, Phoenix's Dominant": 1109, "Abuelo's Awakening": 29, "Summon: Knights of Round": 2106, "Dark Confidant_SB": 491, "Kroxa and Kunoros": 1193, "Terra, Magical Adept": 2188, "Vivi Ornitier": 2434, "Demon Wall": 538, "Eiganjo, Seat of the Empire_SB": 648, "Vivi Ornitier_SB": 2435, "Unflinching Courage": 2366, "Unflinching Courage_SB": 2367, "Ishgard, the Holy See": 1085, "Twinmaw Stormbrood_SB": 2332, "Fire Magic_SB": 793, "Crumbling Vestige": 465, "Echoing Deeps": 641, "Glimpse the Core": 889, "Hour of Promise": 1024, "Scapeshift": 1837, "The Wandering Minstrel": 2241, "Kura, the Boundless Sky_SB": 1200, "Maelstrom of the Spirit Dragon_SB": 1307, "Surrak, Elusive Hunter": 2135, "Esper Origins": 709, "Cecil, Dark Knight": 341, "Dark Confidant": 490, "Gix, Yawgmoth Praetor": 881, "Vren, the Relentless_SB": 2463, "Opera Love Song": 1527, "Toski, Bearer of Secrets_SB": 2302, "Bloodsoaked Champion": 218, "Kitesail Freebooter": 1163, "Lantern Scout_SB": 1209, "Sin Collector_SB": 1954, "Cryptcaller Chariot": 470, "Hostile Investigator_SB": 1023, "Ancient Adamantoise": 72, "Furnace Reins_SB": 844, "Market Gnome": 1339, "Tinybones, the Pickpocket": 2277, "Buster Sword": 280, "Freya Crescent": 837, "Smitten Swordmaster": 1988, "Monastery Swiftspear_SB": 1401, "Summon: Leviathan": 2107, "Quicken_SB": 1652, "Alesha, Who Laughs at Fate": 60, "Zack Fair": 2557, "Tocasia's Welcome": 2288, "Staggering Insight": 2058, "Sporogenic Infection_SB": 2052, "Al Bhed Salvagers": 59, "Bile Blight": 181, "Ruthless Negotiation_SB": 1809, "Fleeting Spirit": 805, "Saiba Cryptomancer": 1817, "Warbriar Blessing": 2468, "Wilt-Leaf Liege_SB": 2509, "Demolition Field_SB": 537, "Gryff's Boon_SB": 931, "Glistening Deluge_SB": 893, "The Raven Man": 2228, "Rune of Sustenance_SB": 1802, "Rain of Revelation": 1660, "Ultima": 2348, "Shatter the Sky_SB": 1912, "Disturbing Mirth": 580, "Rite of Oblivion_SB": 1766, "Runed Halo_SB": 1804, "Doomsday Excruciator_SB": 589, "Cloud of Darkness_SB": 393, "Outrageous Robbery_SB": 1547, "Saiba Cryptomancer_SB": 1818, "Lindblum, Industrial Regency": 1265, "Sphinx's Tutelage": 2040, "The Water Crystal": 2243, "Eject_SB": 649, "Lindblum, Industrial Regency_SB": 1266, "Ureni, the Song Unending_SB": 2391, "Blossoming Defense_SB": 222, "Cerulean Drake_SB": 347, "Cloud, Midgar Mercenary": 394, "Machinist's Arsenal": 1304, "Paladin's Arms": 1564, "Raubahn, Bull of Ala Mhigo": 1680, "Angel of Serenity": 75, "Hinterland Harbor": 1000, "Hullbreaker Horror": 1026, "Titan of Industry_SB": 2283, "Search for Azcanta_SB": 1867, "Emet-Selch, Unsundered": 680, "Lazav, the Multifarious": 1216, "Valentin, Dean of the Vein": 2396, "Bonders' Enclave": 233, "Nissa's Pilgrimage": 1464, "Ulamog, the Ceaseless Hunger": 2346, "Old-Growth Troll_SB": 1512, "Banefire_SB": 152, "Astrologian's Planisphere": 121, "Camellia, the Seedmiser_SB": 293, "Insidious Fungus_SB": 1058, "Massacre Girl_SB": 1345, "Trail of Crumbs_SB": 2307, "Webstrike Elite_SB": 2490, "Restoration Magic_SB": 1748, "Staggering Insight_SB": 2059, "Plumecreed Escort": 1611, "Sunscorched Desert": 2120, "Anim Pakal, Thousandth Moon": 80, "Embercleave_SB": 674, "Kefka, Court Mage": 1146, "Mox Amber_SB": 1416, "Retraction Helix_SB": 1750, "Revival // Revenge": 1753, "Vampire Socialite": 2408, "Legion Lieutenant": 1224, "Vito, Thorn of the Dusk Rose": 2433, "Vampire of the Dire Moon": 2409, "Voldaren Bloodcaster_SB": 2449, "Florian, Voldaren Scion_SB": 812, "Founding the Third Path": 830, "No One Left Behind": 1478, "Exsanguinate": 730, "Hedge Shredder": 971, "Genesis Wave": 857, "Return the Favor_SB": 1751, "Kogla and Yidaro_SB": 1180, "Stingerback Terror": 2071, "Mistbreath Elder": 1386, "Lightning, Army of One": 1254, "Isareth the Awakener": 1084, "Urza's Ruinous Blast": 2393, "Venat, Heart of Hydaelyn": 2417, "Liliana, the Last Hope": 1263, "Didn't Say Please": 562, "Ruin Crab": 1797, "Merfolk Windrobber": 1364, "Essence Scatter": 712, "Into the Story": 1069, "Field of Ruin_SB": 783, "Rush of Adrenaline": 1806, "Channeled Dragonfire": 369, "Stadium Headliner": 2057, "Roil Eruption": 1782, "Reckless Lackey": 1697, "Thassa's Oracle": 2200, "Heritage Reclamation": 987, "Divine Smite_SB": 583, "Riverchurn Monument_SB": 1769, "Roiling Dragonstorm": 1783, "Chandra, Dressed to Kill": 360, "End the Festivities": 686, "Raze the Effigy_SB": 1687, "Midgar, City of Mako": 1370, "Goblin Chainwhirler": 901, "Leyline of Combustion_SB": 1231, "Sorceress's Schemes": 2010, "Halvar, God of Battle_SB": 946, "Unexpected Request_SB": 2363, "Binding the Old Gods": 182, "Tireless Tracker": 2278, "Jaddi Offshoot_SB": 1098, "Linvala, the Preserver_SB": 1269, "Ertai Resurrected": 702, "Disdainful Stroke": 569, "Scatter Ray": 1838, "Refute": 1714, "Sinister Sabotage": 1956, "Cornered by Black Mages": 445, "Sunken Hollow": 2117, "Eliminate_SB": 659, "Cry of the Carnarium_SB": 467, "Enter the God-Eternals_SB": 696, "Lotleth Troll": 1289, "Nullhide Ferox": 1490, "Samut, Voice of Dissent": 1821, "Smuggler's Surprise": 1992, "Speaker of the Heavens": 2031, "Delney, Streetwise Lookout": 531, "Leyline of Transformation": 1235, "Forest_SB": 822, "Storm Herald_SB": 2080, "Cartouche of Solidarity_SB": 307, "Osteomancer Adept": 1539, "Snarling Gorehound": 1996, "Deep-Cavern Bat_SB": 524, "Scavenging Ooze_SB": 1844, "The Wandering Minstrel_SB": 2242, "Absorb": 28, "Void Rend": 2445, "Haunted Dead": 954, "Driven // Despair": 622, "Quag Feast_SB": 1644, "Snow-Covered Swamp_SB": 2002, "Shattered Sanctum_SB": 1914, "Concealed Courtyard_SB": 421, "Shadowy Backstreet_SB": 1903, "Doom Foretold_SB": 587, "Hopeful Vigil_SB": 1013, "(THB) 117_SB": 15, "(DMU) 244_SB": 4, "(WOE) 95_SB": 18, "(M20) 94_SB": 10, "(SLD) 325_SB": 13, "(BRO) 16_SB": 1, "(STX) 72_SB": 14, "(FDN) 704_SB": 7, "(BLB) 83_SB": 0, "(OTJ) 108_SB": 12, "(BRO) 26_SB": 2, "(WOE) 29_SB": 17, "(DAR) 213_SB": 3, "(KLR) 84_SB": 8, "(LCI) 128_SB": 9, "(DSK) 111_SB": 5, "(MID) 112_SB": 11, "(THB) 121_SB": 16, "(FDN) 137_SB": 6, "Storm Herald": 2079, "Disruptive Stormbrood": 577, "Burning Anger": 273, "Colossification": 410, "Thunder Magic_SB": 2269, "Auroral Procession": 131, "Omnath, Locus of Creation_SB": 1520, "Jidoor, Aristocratic Capital": 1105, "Capital City": 298, "Sin, Spira's Punishment": 1955, "Ugin, the Spirit Dragon": 2344, "Forsaken Monument": 825, "Wastes": 2478, "Haven of the Spirit Dragon": 956, "Crystal Grotto": 476, "Warping Wail": 2472, "The Celestus": 2210, "Adventurer's Inn": 38, "Patchwork Automaton_SB": 1571, "Mazemind Tome_SB": 1353, "Thought-Knot Seer_SB": 2254, "Languish": 1207, "Ritual of Soot": 1767, "Drag the Canal_SB": 596, "Dwarven Mine": 638, "Dragon Fodder": 597, "Hordeling Outburst": 1015, "Lukka, Coppercoat Outcast": 1295, "Satyr's Cunning": 1831, "Ral's Reinforcements": 1666, "Song of Totentanz": 2008, "Cavalcade of Calamity_SB": 332, "Impact Tremors_SB": 1043, "Mechanized Warfare_SB": 1354, "Torbran, Thane of Red Fell_SB": 2295, "Coveted Falcon": 451, "Resolute Strike": 1737, "Great Arashin City": 920, "Nissa, Voice of Zendikar_SB": 1469, "Elvish Archivist": 669, "Touch the Spirit Realm_SB": 2304, "Tormod's Crypt": 2298, "Saheeli, Filigree Master_SB": 1813, "Lion Sash_SB": 1271, "March of Otherworldly Light_SB": 1330, "Self-Destruct": 1880, "Misery's Shadow_SB": 1381, "Stormcarved Coast_SB": 2083, "The Aetherspark": 2202, "Curse of Silence_SB": 483, "Undead Butler": 2357, "Willow Geist": 2507, "Miscast_SB": 1380, "Matoya, Archon Elder_SB": 1347, "Blossoming Tortoise": 223, "Blossoming Tortoise_SB": 224, "Summon: Leviathan_SB": 2108, "Aether Channeler": 41, "Aether Channeler_SB": 42, "Leyline of Transformation_SB": 1236, "Ulvenwald Oddity_SB": 2350, "Bartolom\u00e9 del Presidio": 159, "Zulaport Cutthroat": 2568, "Waker of Waves": 2464, "Discovery // Dispersal": 568, "Consecrate // Consume_SB": 429, "Reduce // Rubble_SB": 1711, "Dread Presence": 608, "Cyclonic Rift_SB": 487, "Sultai Charm_SB": 2103, "Kinnan, Bonder Prodigy": 1158, "Valley Questcaller": 2406, "Choco, Seeker of Paradise": 373, "Sazh's Chocobo": 1836, "Traveling Chocobo": 2314, "Sazh Katzroy": 1835, "Cloudfin Raptor": 396, "Bartz and Boko": 160, "Dazzling Denial": 504, "Ambrosia Whiteheart": 67, "Aven Mindcensor_SB": 136, "Buster Sword_SB": 281, "The Aetherspark_SB": 2203, "Cloudsteel Kirin_SB": 397, "Kenrith's Transformation_SB": 1151, "Wolfwillow Haven_SB": 2530, "Questing Beast_SB": 1647, "Magic Damper": 1311, "Magic Damper_SB": 1312, "Fleeting Spirit_SB": 806, "Knight of Dusk's Shadow_SB": 1172, "Felothar, Dawn of the Abzan": 778, "Skirmish Rhino": 1964, "Sandsteppe Citadel": 1824, "Blitz of the Thunder-Raptor_SB": 207, "Marang River Regent // Coil and Catch": 1325, "Zirda, the Dawnwaker": 2564, "Xenagos, the Reveler": 2541, "Svella, Ice Shaper": 2137, "Collision // Colossus_SB": 407, "Lukka, Bound to Ruin_SB": 1294, "Aether Hub": 44, "Power Word Kill": 1623, "Filter Out_SB": 791, "Rebel Salvo": 1692, "Nahiri, Heir of the Ancients_SB": 1435, "Dreams of Laguna": 618, "Whir of Invention_SB": 2500, "Peerless Recycling_SB": 1581, "Fateful Absence": 760, "Joust Through_SB": 1110, "Brimaz, King of Oreskos_SB": 262, "Regal Caracal_SB": 1716, "Thunder Magic": 2268, "Absolute Virtue_SB": 27, "Mystic Sanctuary": 1432, "Broken Bond_SB": 264, "Fire Prophecy_SB": 795, "Lush Oasis": 1299, "Mirrorpool": 1377, "Cloud, Midgar Mercenary_SB": 395, "Fire Magic": 792, "Mirrorshell Crab_SB": 1379, "Vanquish the Horde_SB": 2414, "Moment of Craving": 1395, "Commune with Beavers": 417, "Blitz of the Thunder-Raptor": 206, "Ephara's Dispersal": 699, "Lazotep Plating": 1217, "Seed of Hope": 1875, "Thrilling Discovery": 2264, "Cavern of Souls_SB": 337, "Yuna, Hope of Spira_SB": 2555, "Ochre Jelly": 1505, "The Ozolith": 2227, "Botanical Brawler": 245, "Kutzil, Malamet Exemplar": 1203, "Conclave Mentor": 424, "Pelt Collector": 1582, "Fight as One_SB": 789, "Garruk's Harbinger_SB": 849, "Patchwork Beastie": 1573, "Wildfire Wickerfolk": 2506, "Beastie Beatdown": 170, "Ogre-Head Helm": 1507, "Violent Urge": 2425, "Summon: Primal Odin": 2109, "Vraska, Golgari Queen_SB": 2462, "Unexpected Request": 2362, "Caelorna, Coral Tyrant_SB": 285, "Fade from History_SB": 743, "Return to Nature_SB": 1752, "Skyreaping_SB": 1977, "Ezrim, Agency Chief_SB": 736, "Axgard Armory": 140, "Invasive Surgery_SB": 1076, "Cryptcaller Chariot_SB": 471, "Bramble Familiar": 249, "Make Your Own Luck": 1317, "One with the Multiverse": 1524, "Overwhelming Splendor": 1559, "Unexpected Results": 2364, "Flowstone Infusion_SB": 815, "Den of the Bugbear_SB": 542, "Sorcerous Spyglass_SB": 2011, "Tail Swipe": 2152, "Wildborn Preserver": 2505, "Drogskol Reaver": 624, "Cragplate Baloth": 455, "Fleetfoot Dancer": 804, "Disruptive Stormbrood_SB": 578, "The Last Ride": 2221, "Warrant // Warden_SB": 2474, "Reinforced Ronin": 1720, "Showdown of the Skalds": 1936, "Blink of an Eye_SB": 204, "Ashaya, Soul of the Wild": 110, "Elvish Reclaimer": 671, "Green Sun's Twilight": 923, "Implement of Combustion": 1044, "Oni-Cult Anvil": 1525, "Weapons Manufacturing": 2483, "Mayhem Devil_SB": 1351, "Tarrian's Journal_SB": 2164, "Hollow One": 1005, "Hemosymbic Mite": 979, "Pinnacle Starcage_SB": 1601, "Seam Rip_SB": 1865, "Seam Rip": 1864, "Ephara's Dispersal_SB": 700, "Kavaron Harrier": 1132, "Nutrient Block": 1493, "Biotech Specialist": 183, "Vivien, Arkbow Ranger": 2437, "Wakeroot Elemental_SB": 2466, "Tifa Lockhart": 2274, "Coruscation Mage_SB": 446, "Rust Goliath": 1807, "Grab the Prize": 912, "Thrill of Possibility": 2263, "Fling": 808, "Mishra, Tamer of Mak Fawa": 1384, "Artificer's Dragon": 107, "Mishra, Excavation Prodigy_SB": 1383, "Shock_SB": 1931, "Insult // Injury_SB": 1062, "Chandra, Flame's Fury": 362, "Chandra's Spitfire": 357, "Unchained Berserker": 2354, "Ember Hauler": 672, "Drakuseth, Maw of Flames": 605, "Cavalcade of Calamity": 331, "Arni Brokenbrow": 106, "Scorch Spitter": 1845, "The Flame of Keld": 2217, "Chandra's Flame Wave": 356, "Sulfur Falls": 2101, "Strategic Planning": 2093, "Siege Veteran": 1941, "Yotian Frontliner": 2551, "Harbin, Vanguard Aviator": 950, "Myrel, Shield of Argive": 1428, "Valiant Veteran": 2401, "Protect the Negotiators_SB": 1636, "Ertai Resurrected_SB": 703, "Consult the Star Charts": 434, "Haliya, Guided by Light": 941, "Sanctify_SB": 1822, "Icetill Explorer": 1031, "Aetherize_SB": 47, "Icetill Explorer_SB": 1032, "Valki, God of Lies_SB": 2403, "Weftwalking": 2494, "Herald of Anguish": 981, "Mishra's Research Desk": 1382, "Cryogen Relic": 468, "Sunset Saboteur": 2123, "Malicious Eclipse_SB": 1320, "Adventurer's Inn_SB": 39, "Otawara, Soaring City_SB": 1541, "Pit of Offerings_SB": 1602, "Confounding Conundrum_SB": 426, "Annul": 83, "Skycat Sovereign_SB": 1970, "Aurelia's Vindicator": 130, "Fall of the Thran": 752, "Hope of Ghirapur": 1010, "Remorseful Cleric": 1725, "Hope of Ghirapur_SB": 1011, "Knight of the White Orchid_SB": 1176, "Kazandu Mammoth": 1142, "Archenemy's Charm": 99, "Shattering Blow_SB": 1915, "Ral, Crackling Wit": 1667, "Reroute Systems": 1734, "Emry, Lurker of the Loch": 684, "Jeskai Ascendancy": 1102, "Restless Spire": 1746, "Saheeli, Sublime Artificer": 1814, "Rally the Monastery_SB": 1671, "Valley Floodcaller_SB": 2405, "Stonebinder's Familiar": 2076, "Symmetry Sage": 2151, "Plains_SB": 1606, "Demand Answers": 533, "Nova Hellkite_SB": 1484, "Tezzeret, Cruel Captain": 2194, "Elixir": 662, "Patchwork Automaton": 1570, "Pithing Needle": 1603, "The Gold Saucer": 2218, "Voyage Home": 2456, "Carrot Cake_SB": 304, "Sai, Master Thopterist_SB": 1816, "Stonecoil Serpent_SB": 2078, "Cosmogoyf": 447, "Seedship Broodtender": 1876, "Severance Priest_SB": 1896, "Quantum Riddler": 1645, "Disruption Protocol": 576, "Monstrous Rage_SB": 1404, "Suplex_SB": 2126, "Louisoix's Sacrifice": 1292, "Cosmogrand Zenith_SB": 449, "Isolate_SB": 1087, "Delney, Streetwise Lookout_SB": 532, "Cascading Cataracts": 309, "The Rollercrusher Ride": 2231, "Devastating Mastery": 556, "Nahiri, the Unforgiving": 1438, "Twinmaw Stormbrood": 2331, "Opera Love Song_SB": 1528, "Timeline Culler": 2275, "Nova Hellkite": 1483, "Halana and Alena, Partners": 940, "The Dominion Bracelet_SB": 2211, "Cosmogrand Zenith": 448, "Lightstall Inquisitor": 1255, "Stonecoil Serpent": 2077, "Gilded Pinions": 878, "Mystic Forge": 1429, "Surgical Skullbomb": 2134, "Pinnacle Emissary": 1600, "Urabrask, Heretic Praetor": 2387, "Soulless Jailer": 2024, "Shatterskull Smashing": 1916, "The Eternal Wanderer": 2215, "Drannith Magistrate": 606, "Wear Down": 2485, "Wingspan Stride": 2512, "Opulent Palace": 1532, "Seeker's Folly": 1878, "Summon: Fenrir": 2105, "Dismal Backwater": 573, "Hero's Downfall": 989, "Temple of Malady": 2178, "Kotis, the Fangkeeper": 1187, "Jungle Hollow": 1112, "Blitzball Shot_SB": 208, "Dauntless Scrapbot_SB": 499, "Fell_SB": 776, "Unsummon_SB": 2381, "Honor": 1008, "Tethmos High Priest_SB": 2193, "Deliberate": 530, "Rest in Peace": 1739, "Saw It Coming": 1833, "Reroute Systems_SB": 1735, "Scorching Dragonfire": 1846}}