{"vocabulary": {"Boseiju, Who Endures": 245, "Cavalier of Thorns": 335, "Elvish Mystic": 666, "Forest": 811, "Invasion of Ixalan": 1059, "Kiora, Behemoth Beckoner": 1143, "Lair of the Hydra": 1187, "Llanowar Elves": 1260, "Nykthos, Shrine to Nyx": 1476, "Oath of Nissa": 1480, "Old-Growth Troll": 1492, "Outcaster Trailblazer": 1521, "Storm the Festival": 2035, "Ulvenwald Oddity": 2289, "Wolfwillow Haven": 2458, "Cityscape Leveler_SB": 379, "Monstrous Emergence_SB": 1389, "Pithing Needle_SB": 1574, "The Mightstone and Weakstone_SB": 2167, "The Stone Brain_SB": 2178, "Tranquil Frillback_SB": 2248, "Wicked Wolf_SB": 2434, "Built to Smash": 273, "Cacophony Scamp": 285, "Heartfire Hero": 954, "Infuriate": 1034, "Kumano Faces Kakkazan": 1179, "Monastery Swiftspear": 1387, "Monstrous Rage": 1390, "Mountain": 1400, "Ramunap Ruins": 1644, "Sokenzan, Crucible of Defiance": 1961, "Soul-Scar Mage": 1977, "Thud": 2207, "Titan's Strength": 2222, "Turn Inside Out": 2269, "Wayward Guide-Beast": 2415, "Claim the Firstborn_SB": 383, "Dreadmaw's Ire_SB": 611, "End the Festivities_SB": 681, "Kari Zev's Expertise_SB": 1109, "Light Up the Stage_SB": 1230, "Obosh, the Preypiercer_SB": 1485, "Redcap Melee_SB": 1677, "Rending Volley_SB": 1694, "Torch the Tower_SB": 2235, "Urabrask's Forge_SB": 2323, "Voldaren Thrillseeker_SB": 2389, "Abyssal Harvester": 30, "Blackcleave Cliffs": 194, "Blazemire Verge": 202, "Blightstep Pathway": 206, "Blood Crypt": 212, "Bloodtithe Harvester": 220, "Den of the Bugbear": 538, "Duress": 630, "Fable of the Mirror-Breaker": 730, "Fatal Push": 750, "Fear of Missing Out": 758, "Go for the Throat": 889, "Haunted Ridge": 943, "Mutavault": 1413, "Sheoldred, the Apocalypse": 1881, "Swamp": 2087, "Takenuma, Abandoned Mire": 2103, "Thoughtseize": 2196, "Torch the Tower": 2234, "Unholy Annex // Ritual Chamber": 2306, "Urborg, Tomb of Yawgmoth": 2325, "Anger of the Gods_SB": 78, "Anoint with Affliction_SB": 86, "Extinction Event_SB": 725, "Go Blank_SB": 887, "Grafdigger's Cage_SB": 904, "Hidetsugu Consumes All_SB": 980, "Invoke Despair_SB": 1064, "Reckoner Bankbuster_SB": 1671, "Change the Equation": 365, "Deserted Beach": 545, "Dovin's Veto": 590, "Eiganjo, Seat of the Empire": 644, "Farewell": 748, "Field of Ruin": 774, "Floodfarm Verge": 799, "Get Lost": 848, "Hall of Storm Giants": 930, "Hallowed Fountain": 931, "Island": 1070, "March of Otherworldly Light": 1315, "Memory Deluge": 1344, "Meticulous Archive": 1357, "Narset, Parter of Veils": 1427, "No More Lies": 1461, "Otawara, Soaring City": 1517, "Plains": 1575, "Portable Hole": 1586, "Restless Anchorage": 1705, "Supreme Verdict": 2078, "Teferi, Hero of Dominaria": 2118, "The Wandering Emperor": 2179, "Beza, the Bounding Spring_SB": 181, "Elspeth's Smite_SB": 661, "Hullbreaker Horror_SB": 1011, "Leyline of Sanctity_SB": 1218, "Mystical Dispute_SB": 1419, "Narset's Reversal_SB": 1426, "Rest in Peace_SB": 1704, "Archon of Emeria": 104, "Atraxa, Grand Unifier": 124, "Breeding Pool": 258, "Cavern of Souls": 337, "Enigmatic Incarnation": 689, "Gloomlake Verge": 883, "Godless Shrine": 895, "Hushwood Verge": 1015, "Indatha Triome": 1032, "Kutzil's Flanker": 1184, "Leyline Binding": 1212, "Linvala, the Preserver": 1253, "Nowhere to Run": 1469, "Overgrown Tomb": 1526, "Overlord of the Boilerbilges": 1529, "Overlord of the Floodpits": 1530, "Overlord of the Hauntwoods": 1531, "Overlord of the Mistmoors": 1532, "Ruric Thar, the Unbowed": 1769, "Skyclave Apparition": 1928, "Spara's Headquarters": 1984, "Split Up": 2005, "Up the Beanstalk": 2321, "Vanishing Verse": 2349, "Zagoth Triome": 2485, "Zur, Eternal Schemer": 2497, "Knockout Blow_SB": 1161, "Obstinate Baloth_SB": 1487, "Split Up_SB": 2006, "Thoughtseize_SB": 2197, "Yorion, Sky Nomad_SB": 2479, "Callous Sell-Sword": 291, "Claim // Fame": 380, "Emberheart Challenger": 669, "Manifold Mouse": 1308, "Might of the Meek": 1359, "Reckless Rage": 1667, "Screaming Nemesis": 1816, "Slickshot Show-Off": 1941, "Sulfurous Springs": 2055, "Claim // Fame_SB": 381, "Fatal Push_SB": 751, "Feed the Swarm_SB": 766, "Hazoret the Fervent_SB": 949, "Slickshot Show-Off_SB": 1942, "Aloe Alchemist": 62, "Atarka's Command": 122, "Burning-Tree Emissary": 276, "Copperline Gorge": 442, "Cunning Coyote": 478, "Karplusan Forest": 1112, "Play with Fire": 1577, "Reckless Bushwhacker": 1663, "Stomping Ground": 2032, "Thornspire Verge": 2192, "Destructive Revelry_SB": 550, "Magebane Lizard_SB": 1297, "Screaming Nemesis_SB": 1817, "Shapers' Sanctuary_SB": 1864, "Anointed Peacekeeper": 87, "Aven Interrupter": 134, "Branchloft Pathway": 250, "Brushland": 269, "Collected Company": 403, "Enduring Innocence": 685, "Kellan, Daring Traveler": 1130, "Razorverge Thicket": 1659, "Shefet Dunes": 1875, "Temple Garden": 2121, "Thalia, Guardian of Thraben": 2143, "Voice of Resurgence": 2377, "Werefox Bodyguard": 2428, "Brutal Cathar_SB": 271, "Elite Spellbinder_SB": 658, "Gideon, Ally of Zendikar_SB": 864, "Guardian of Faith_SB": 922, "Portable Hole_SB": 1587, "The Wandering Emperor_SB": 2180, "Werefox Bodyguard_SB": 2429, "Adarkar Wastes": 36, "Brazen Borrower": 255, "Enduring Curiosity": 683, "Hengegate Pathway": 968, "Invasion of Gobakhan": 1057, "Mausoleum Wanderer": 1336, "Rattlechains": 1648, "Seachrome Coast": 1820, "Sheltered by Ghosts": 1877, "Spell Pierce": 1989, "Spell Queller": 1991, "Supreme Phantom": 2077, "Disdainful Stroke_SB": 567, "Tishana's Tidebinder_SB": 2219, "Wedding Announcement_SB": 2424, "Ancient Cornucopia": 74, "Beza, the Bounding Spring": 180, "Bring to Light": 263, "Culling Ritual": 475, "Deafening Clarion": 508, "Extinction Event": 724, "Ketria Triome": 1140, "Lightning Helix": 1235, "Maelstrom Pulse": 1291, "Niv-Mizzet Reborn": 1456, "Niv-Mizzet, Supreme": 1459, "Pillage the Bog": 1573, "Raffine's Tower": 1629, "Raugrin Triome": 1652, "Sacred Foundry": 1776, "Sunfall": 2066, "Sylvan Caryatid": 2097, "Unmoored Ego": 2315, "Ziatora's Proving Ground": 2491, "Casualties of War_SB": 322, "Dovin's Veto_SB": 591, "Kambal, Consul of Allocation_SB": 1107, "Anoint with Affliction": 85, "Blade of the Oni": 197, "Withering Torment": 2450, "Abrade_SB": 24, "Castle Locthwain": 320, "Clearwater Pathway": 388, "Darkslick Shores": 495, "Fear of Isolation": 757, "Get Out": 850, "Hive of the Eye Tyrant": 989, "Hopeless Nightmare": 998, "Stormchaser's Talent": 2038, "The Meathook Massacre": 2164, "This Town Ain't Big Enough": 2190, "Thundertrap Trainer": 2212, "Tinybones Joins Up": 2214, "Tithing Blade": 2224, "Undercity Sewers": 2298, "Watery Grave": 2414, "Chrome Host Seedshark_SB": 375, "Duress_SB": 631, "Leyline of the Void_SB": 1222, "Negate_SB": 1437, "Sheoldred, the Apocalypse_SB": 1882, "Anointed Peacekeeper_SB": 88, "Unlicensed Hearse_SB": 2313, "Tail Swipe_SB": 2101, "Faerie Miscreant": 742, "Floodpits Drowner": 800, "Kaito, Bane of Nightmares": 1101, "Mockingbird": 1376, "Moon-Circuit Hacker": 1393, "Spyglass Siren": 2010, "Underground River": 2300, "Cut Down_SB": 485, "Enduring Curiosity_SB": 684, "Heartless Act_SB": 957, "Mukotai Ambusher_SB": 1407, "Spell Pierce_SB": 1990, "Fetid Pools": 773, "Silvergill Adept": 1908, "Triton Shorestalker": 2265, "Vodalian Hexcatcher": 2376, "Abhorrent Oculus": 21, "Blooming Marsh": 221, "Botanical Sanctum": 247, "Grisly Salvage": 916, "Mana Confluence": 1307, "Neoform": 1438, "Oracle of Tragedy": 1510, "Otherworldly Gaze": 1518, "Samut, Voice of Dissent": 1784, "Sire of Seven Deaths": 1917, "Soulflayer": 1979, "Striped Riverwinder": 2049, "Stubborn Denial": 2051, "Urborg Scavengers": 2324, "Zetalpa, Primal Dawn": 2490, "Collective Brutality_SB": 406, "Culling Ritual_SB": 476, "Pick Your Poison_SB": 1571, "Candy Trail": 297, "Cast Out": 316, "Crucible of Worlds": 462, "Day of Judgment": 500, "Demolition Field": 533, "Lay Down Arms": 1197, "Mazemind Tome": 1339, "Mirrex": 1364, "Sunken Citadel": 2068, "Blast Zone_SB": 201, "Cleansing Wildfire_SB": 387, "Kaheera, the Orphanguard_SB": 1098, "Vanish into Eternity_SB": 2348, "Angel of Serenity": 76, "Archon of Emeria_SB": 105, "Faerie Mastermind": 741, "Inscription of Ruin": 1042, "Jace Reawakened": 1073, "Sheoldred's Edict": 1879, "Shipwreck Marsh": 1886, "Tinybones, the Pickpocket": 2215, "Valki, God of Lies": 2338, "Ashiok, Dream Render_SB": 111, "Weathered Runestone_SB": 2419, "Withering Torment_SB": 2451, "Glasspool Mimic": 874, "Sunpetal Grove": 2071, "Ruric Thar, the Unbowed_SB": 1770, "Thought Distortion_SB": 2193, "Burst Lightning": 278, "Cragcrown Pathway": 453, "Innkeeper's Talent": 1037, "Snakeskin Veil": 1951, "Chandra's Defeat_SB": 356, "Mutavault_SB": 1414, "Pawpatch Formation_SB": 1551, "Pyroclasm_SB": 1612, "Questing Druid_SB": 1620, "Reckless Rage_SB": 1668, "Go for the Throat_SB": 890, "Blot Out_SB": 227, "Damping Sphere_SB": 487, "Battlefield Forge": 168, "Bitter Triumph": 192, "Concealed Courtyard": 424, "Elegant Parlor": 651, "Greasefang, Okiba Boss": 908, "Kroxa, Titan of Death's Hunger": 1177, "Overlord of the Balemurk": 1527, "Parhelion II": 1543, "Skysovereign, Consul Flagship": 1934, "Containment Priest_SB": 439, "Deafening Silence_SB": 511, "Vanishing Verse_SB": 2350, "Bishop of Wings": 188, "Emeria's Call": 673, "Giada, Font of Hope": 859, "Kayla's Reconstruction": 1123, "Resplendent Angel": 1703, "Righteous Valkyrie": 1722, "Aven Interrupter_SB": 135, "Dromoka's Command_SB": 623, "Elesh Norn, Mother of Machines_SB": 655, "Get Lost_SB": 849, "Knight of Autumn_SB": 1154, "Reidane, God of the Worthy_SB": 1688, "Arclight Phoenix": 106, "Artist's Talent": 108, "Consider": 432, "Fiery Impulse": 778, "Galvanic Iteration": 838, "Into the Flood Maw": 1052, "Lightning Axe": 1233, "Opt": 1507, "Picklock Prankster": 1572, "Proft's Eidetic Memory": 1599, "Riverglide Pathway": 1734, "Sleight of Hand": 1940, "Spikefield Hazard": 1996, "Spirebluff Canal": 2000, "Steam Vents": 2021, "Stormcarved Coast": 2036, "Temporal Trespass": 2130, "Treasure Cruise": 2256, "Aether Gust_SB": 44, "Annul_SB": 84, "Brazen Borrower_SB": 256, "Brotherhood's End_SB": 268, "Prismari Command_SB": 1597, "Third Path Iconoclast_SB": 2188, "Deadly Cover-Up": 504, "Ghost Vacuum_SB": 855, "Liliana of the Veil_SB": 1243, "Change the Equation_SB": 366, "Archfiend of the Dross": 100, "Unstoppable Slasher": 2317, "Beanstalk Giant": 170, "Clever Impersonator": 389, "Fabled Passage": 732, "Greater Tanuki": 911, "Gyruda, Doom of Depths": 927, "Lush Portico": 1285, "Quintorius Kand": 1624, "Spark Double": 1985, "Trumpeting Carnosaur": 2267, "Virtue of Persistence": 2367, "Consign // Oblivion_SB": 434, "Horned Loch-Whale_SB": 1001, "Keruga, the Macrosage_SB": 1137, "Roaring Furnace // Steaming Sauna_SB": 1739, "Abrupt Decay": 25, "Jetmir's Garden": 1088, "Knight of Autumn": 1153, "Kolaghan's Command": 1163, "Nahiri, the Harbinger": 1422, "Omnath, Locus of Creation": 1500, "Savai Triome": 1794, "Notion Thief_SB": 1467, "The End_SB": 2159, "Unmoored Ego_SB": 2316, "Hired Claw": 987, "Beacon Bolt_SB": 169, "Proft's Eidetic Memory_SB": 1600, "Thing in the Ice_SB": 2187, "Enduring Innocence_SB": 686, "Invasion of Gobakhan_SB": 1058, "Cleansing Nova_SB": 385, "Bandit's Talent": 149, "Geier Reach Sanitarium": 845, "Liliana of the Veil": 1242, "Waste Not": 2409, "Cling to Dust_SB": 394, "Narset, Parter of Veils_SB": 1428, "Path of Peril_SB": 1549, "Fountainport": 822, "Transmogrify": 2249, "Tribute to Horobi": 2263, "Volcanic Spite": 2385, "Virtue of Persistence_SB": 2368, "Void Winnower_SB": 2384, "Zirda, the Dawnwaker_SB": 2493, "Eidolon of Rhetoric_SB": 641, "Remorseful Cleric_SB": 1693, "Selfless Spirit_SB": 1840, "Cauldron Familiar": 327, "Claim the Firstborn": 382, "Deadly Dispute": 506, "Legion Extruder": 1205, "Mayhem Devil": 1338, "Scavenger's Talent": 1802, "Witch's Oven": 2444, "Ygra, Eater of All": 2476, "Case of the Crimson Pulse_SB": 311, "Kolaghan's Command_SB": 1164, "Hunter's Talent": 1012, "Polukranos Reborn": 1581, "Rhonas the Indomitable": 1719, "Spinner of Souls": 1998, "Arasta of the Endless Web_SB": 94, "Emrakul, the Promised End_SB": 677, "Scrapshooter_SB": 1814, "Deduce": 522, "Dig Through Time": 559, "Flip the Switch": 798, "Indomitable Creativity": 1033, "Negate": 1436, "Phantom Interference": 1562, "Prismari Command": 1596, "Shark Typhoon": 1867, "Shivan Reef": 1887, "Valgavoth, Terror Eater": 2336, "Vaultborn Tyrant": 2352, "Scorching Shot_SB": 1807, "Boltwave": 231, "Light Up the Stage": 1229, "Skewer the Critics": 1920, "Vengeful Possession": 2358, "Wild Slash": 2436, "Hidetsugu's Second Rite_SB": 982, "Sunspine Lynx_SB": 2076, "Unchained Berserker_SB": 2294, "Elenda, Saint of Dusk": 652, "Hostage Taker": 1004, "Xander's Lounge": 2467, "Deafening Clarion_SB": 509, "Klothys, God of Destiny_SB": 1152, "Invoke Despair": 1063, "Torpor Orb_SB": 2238, "Leyline of the Guildpact": 1221, "Hunter's Talent_SB": 1013, "Setessan Petitioner_SB": 1848, "Castle Ardenvale": 317, "Legion's Landing": 1210, "Nurturing Pixie": 1475, "Oath of Kaya": 1479, "Optimistic Scavenger": 1508, "Syr Ginger, the Meal Ender": 2100, "Molten Collapse_SB": 1380, "Ob Nixilis, the Adversary_SB": 1482, "The Meathook Massacre_SB": 2165, "Augur of Bolas": 130, "Barkchannel Pathway": 157, "Bushwhack": 280, "Essence Flux": 704, "Fading Hope": 736, "Fallaji Archaeologist": 744, "Satyr Wayfinder": 1792, "Traverse the Ulvenwald": 2253, "Tyvar's Stand": 2278, "Into the Flood Maw_SB": 1053, "Natural State_SB": 1430, "Test of Talents_SB": 2139, "Unable to Scream_SB": 2293, "Adeline, Resplendent Cathar": 37, "Coppercoat Vanguard": 441, "Dauntless Bodyguard": 497, "Declaration in Stone": 520, "Extraction Specialist": 727, "Fortified Beachhead": 816, "Hopeful Initiate": 996, "Recruitment Officer": 1675, "Reflector Mage": 1681, "Thalia's Lieutenant": 2142, "Extraction Specialist_SB": 728, "Reflector Mage_SB": 1682, "Lifebane Zombie_SB": 1227, "Farewell_SB": 749, "Kappa Tech-Wrecker": 1108, "Chandra, Dressed to Kill_SB": 360, "Cling to Dust": 393, "Collective Brutality": 405, "Drown in the Loch": 624, "Jwari Disruption": 1096, "Omen of the Sea": 1497, "Trial of Ambition": 2262, "Kaito, Bane of Nightmares_SB": 1102, "Questing Druid": 1619, "Lion Sash": 1255, "Loran of the Third Path": 1269, "Bond of Insight": 234, "Expedition Map": 714, "Hidden Strings": 978, "Lier, Disciple of the Drowned": 1225, "Lightning Strike": 1237, "Lotus Field": 1277, "Pore Over the Pages": 1583, "Thespian's Stage": 2185, "Valakut Awakening": 2332, "Vizier of Tumbling Sands": 2375, "Fiery Impulse_SB": 779, "Niv-Mizzet, Parun_SB": 1458, "Bitter Triumph_SB": 193, "Haywire Mite_SB": 946, "Pawpatch Recruit": 1552, "Censor": 347, "Ertai Resurrected": 696, "Three Steps Ahead": 2202, "Torrential Gearhulk": 2239, "Get Out_SB": 851, "Jace, Vryn's Prodigy_SB": 1077, "Kalitas, Traitor of Ghet_SB": 1106, "Long Goodbye_SB": 1266, "Yorion, Sky Nomad": 2478, "Deadly Cover-Up_SB": 505, "Bonecrusher Giant": 236, "Chained to the Rocks": 349, "Inspiring Vantage": 1047, "Needleverge Pathway": 1435, "Pia Nalaar, Consul of Revival": 1570, "Reckless Impulse": 1665, "Showdown of the Skalds": 1893, "Wrenn's Resolve": 2466, "Rampaging Ferocidon_SB": 1642, "Showdown of the Skalds_SB": 1894, "Drowned Catacomb": 625, "Elesh Norn, Mother of Machines": 654, "Woodland Cemetery": 2460, "Barrier Breach_SB": 159, "Sunfall_SB": 2067, "Krenko's Buzzcrusher": 1173, "Declaration in Stone_SB": 521, "Yasharn, Implacable Earth_SB": 2473, "Release to the Wind": 1689, "Spinewoods Armadillo": 1997, "Dragonlord Dromoka_SB": 597, "Gyruda, Doom of Depths_SB": 928, "Swamp_SB": 2088, "Preacher of the Schism_SB": 1594, "Twisted Fealty_SB": 2275, "Brightclimb Pathway": 259, "Cut Down": 484, "Extract the Truth_SB": 726, "Ghitu Lavarunner": 853, "Wizard's Lightning": 2454, "Witchstalker Frenzy_SB": 2446, "Malcolm, Alluring Scoundrel": 1306, "Agatha's Soul Cauldron": 52, "Bloodsoaked Champion": 218, "Darkbore Pathway": 494, "Deathrite Shaman": 515, "Forsaken Miner": 814, "Insidious Roots": 1045, "Llanowar Wastes": 1262, "Osteomancer Adept": 1516, "Priest of Forgotten Gods": 1595, "Rubblebelt Maverick": 1759, "Scavenging Ooze": 1804, "Scrapheap Scrounger": 1812, "Snarling Gorehound": 1953, "Squirming Emergence": 2011, "Tyvar, Jubilant Brawler": 2280, "Underground Mortuary": 2299, "Knight of Dusk's Shadow_SB": 1155, "Restless Prairie": 1708, "Youthful Valkyrie": 2481, "Authority of the Consuls_SB": 133, "Crystal Barricade_SB": 473, "Kytheon, Hero of Akros": 1186, "Containment Priest": 438, "Brutal Cathar": 270, "Brave the Elements": 253, "Fateful Absence_SB": 753, "Trostani, Three Whispers": 2266, "Voice of Resurgence_SB": 2378, "Bassara Tower Archer": 164, "Blast Zone": 200, "Cloudsteel Kirin": 400, "Colossus Hammer": 416, "Fervent Champion": 771, "Gladecover Scout": 872, "Kellan, the Fae-Blooded": 1132, "Leyline Axe": 1211, "Lizard Blades": 1259, "Shadowspear": 1857, "Sigarda's Aid": 1898, "Thran Power Suit": 2200, "Chained to the Rocks_SB": 350, "Lightning Helix_SB": 1236, "Strict Proctor_SB": 2048, "Soulstone Sanctuary": 1983, "Sheltered by Ghosts_SB": 1878, "Molten Collapse": 1379, "Sheoldred's Edict_SB": 1880, "Viashino Pyromancer": 2360, "Searing Blood": 1825, "Chandra, Torch of Defiance_SB": 364, "Bomat Courier_SB": 233, "Bonecrusher Giant_SB": 237, "Magma Spray_SB": 1301, "Searing Blood_SB": 1826, "Lightning Strike_SB": 1238, "Bloodletter of Aclazotz": 217, "Ral, Crackling Wit_SB": 1638, "Thassa's Oracle_SB": 2148, "Young Pyromancer_SB": 2480, "Dromoka's Command": 622, "Aven Mindcensor_SB": 136, "Kutzil's Flanker_SB": 1185, "Kaito Shizuki": 1099, "Aclazotz, Deepest Betrayal_SB": 33, "Three Steps Ahead_SB": 2203, "Hollow One": 991, "Inti, Seneschal of the Sun": 1049, "Smuggler's Copter": 1947, "Restless Vents": 1711, "Fiery Temper": 780, "Voldaren Epicure": 2387, "Stalactite Stalker": 2016, "Harvester of Misery_SB": 941, "Hostile Investigator_SB": 1007, "Lamplight Phoenix_SB": 1188, "Lithomantic Barrage_SB": 1257, "Roiling Vortex_SB": 1748, "Boros Charm": 242, "Fugitive Codebreaker_SB": 834, "Razorkin Needlehead_SB": 1658, "Cache Grab": 284, "Camellia, the Seedmiser": 293, "Deathcap Glade": 512, "Gilded Goose": 867, "Trail of Crumbs": 2244, "Vinereap Mentor": 2363, "Vraska, Golgari Queen": 2398, "Abrupt Decay_SB": 26, "Assassin's Trophy_SB": 119, "Voldaren Thrillseeker": 2388, "Tree of Perdition": 2260, "Raucous Theater": 1651, "Caustic Bronco_SB": 329, "Absorb": 28, "Castle Vantress": 321, "Elspeth's Smite": 660, "Glacial Fortress": 871, "Irrigated Farmland": 1067, "Temporary Lockdown": 2131, "Destroy Evil_SB": 549, "Brave the Elements_SB": 254, "Protect the Negotiators_SB": 1607, "Sunset Revelry_SB": 2074, "Thirst for Meaning": 2189, "Entity Tracker_SB": 693, "Treacherous Blessing": 2254, "Skyclave Apparition_SB": 1929, "Back to Nature_SB": 143, "Restless Reef": 1709, "Case of the Stashed Skeleton": 314, "Rakdos Joins Up": 1633, "Massacre Wurm_SB": 1333, "Biting-Palm Ninja": 189, "Dokuchi Silencer": 580, "Ornithopter": 1512, "Satoru, the Infiltrator": 1791, "Silver-Fur Master": 1905, "Thousand-Faced Shadow": 2198, "Kaito Shizuki_SB": 1100, "Slaughter Games": 1937, "Discontinuity": 564, "Dream Trawler": 612, "Impulse": 1029, "Settle the Wreckage": 1850, "Strict Proctor": 2047, "Chandra, Awakened Inferno_SB": 358, "Dream Trawler_SB": 613, "Reckoner Bankbuster": 1670, "Kroxa, Titan of Death's Hunger_SB": 1178, "Skysovereign, Consul Flagship_SB": 1935, "Glistening Deluge_SB": 882, "Cult Conscript": 477, "Haywire Mite": 945, "Stitcher's Supplier": 2029, "Helping Hand": 967, "Thalia, Guardian of Thraben_SB": 2144, "Goblin Chainwhirler_SB": 892, "Pawpatch Recruit_SB": 1553, "Assimilation Aegis": 120, "Brass Knuckles": 251, "Fabrication Foundry": 733, "Ingenious Smith": 1036, "Inventors' Fair": 1061, "Metalwork Colossus": 1355, "Moonsnare Prototype": 1395, "Sanctum of Ugin": 1785, "Simulacrum Synthesizer": 1911, "The Irencrag": 2163, "Metallic Rebuke_SB": 1354, "Mystic Forge_SB": 1415, "Colossal Skyturtle_SB": 414, "Takenuma, Abandoned Mire_SB": 2104, "Demilich": 531, "Stern Dismissal": 2024, "Jace, Wielder of Mysteries_SB": 1078, "Magda, Brazen Outlaw": 1295, "Holy Cow": 992, "Lyra Dawnbringer_SB": 1287, "Enduring Vitality": 688, "Soul Transfer": 1973, "High Noon": 983, "Horned Loch-Whale": 1000, "Soul Partition": 1971, "Sphinx's Revelation": 1994, "Tale's End": 2105, "High Noon_SB": 984, "Supreme Verdict_SB": 2079, "Temporary Lockdown_SB": 2132, "Urza's Sylex_SB": 2331, "Snow-Covered Forest": 1954, "Cryptic Coat": 470, "Darksteel Citadel": 496, "Ensoul Artifact": 690, "Shrapnel Blast": 1895, "Burst Lightning_SB": 279, "Shadowspear_SB": 1858, "Voltage Surge_SB": 2392, "Herd Migration": 973, "Entity Tracker": 692, "Omen of the Dead": 1495, "Tyvar, the Pummeler": 2281, "Kayla's Reconstruction_SB": 1124, "Sentinel of the Nameless City_SB": 1842, "Welcoming Vampire_SB": 2427, "Prosperous Thief": 1605, "Rottenmouth Viper": 1753, "Misery's Shadow_SB": 1369, "Rottenmouth Viper_SB": 1754, "Deflecting Palm_SB": 529, "Cathartic Pyre": 325, "Silundi Vision": 1904, "Wish": 2443, "Filter Out_SB": 782, "Lier, Disciple of the Drowned_SB": 1226, "Heartless Act": 956, "Fiend Artisan": 776, "Werewolf Pack Leader": 2430, "Outland Liberator_SB": 1522, "Prowling Serpopard_SB": 1608, "Rockface Village": 1743, "Kazandu Mammoth": 1125, "Sharp-Eyed Rookie": 1869, "Keen-Eyed Curator_SB": 1128, "Genesis Wave": 847, "Hostile Hostel": 1005, "Blossoming Defense": 222, "Welcoming Vampire": 2426, "Ill-Timed Explosion": 1020, "Magma Opus": 1300, "Thundering Falls": 2211, "Alpine Moon_SB": 64, "Atraxa, Grand Unifier_SB": 125, "Ral, Izzet Viceroy_SB": 1639, "Valgavoth, Terror Eater_SB": 2337, "Confounding Riddle": 429, "Sublime Epiphany": 2053, "Shark Typhoon_SB": 1868, "Ayara's Oathsworn": 140, "Experimental Augury": 717, "Commit // Memory": 420, "Feed the Swarm": 765, "Jace, Vryn's Prodigy": 1076, "Mission Briefing": 1371, "Sorin the Mirthless": 1968, "Vein Ripper": 2354, "Veteran Survivor": 2359, "Loran of the Third Path_SB": 1270, "Treacherous Blessing_SB": 2255, "Eidolon of the Great Revel": 642, "Skullcrack_SB": 1927, "Shardmage's Rescue": 1865, "Knight of Grace_SB": 1157, "Curious Obsession": 480, "Geistlight Snare": 846, "Spectral Sailor": 1988, "Settle the Wreckage_SB": 1851, "Can't Stay Away": 295, "Eldritch Evolution": 650, "Esika's Chariot": 700, "Glissa Sunslayer": 880, "Raffine's Informant": 1628, "Witherbloom Command": 2448, "Graveyard Trespasser_SB": 907, "Kalitas, Traitor of Ghet": 1105, "Ledger Shredder_SB": 1202, "Tranquil Frillback": 2247, "Council of the Absolute_SB": 448, "Spirit of the Labyrinth_SB": 2001, "Suncleanser_SB": 2062, "Dawnbringer Cleric_SB": 499, "Surge of Righteousness_SB": 2081, "Adventurous Impulse": 40, "Monastery Mentor_SB": 1386, "Soul Partition_SB": 1972, "Arboreal Grazer": 95, "Archdruid's Charm": 99, "Bala Ged Recovery": 145, "Dark Petition": 491, "Emergent Ultimatum": 671, "Fae of Wishes": 738, "Hedge Maze": 958, "Omniscience": 1503, "Sylvan Scrying": 2099, "Approach of the Second Sun_SB": 91, "Emergent Ultimatum_SB": 672, "Languish_SB": 1190, "Sphinx of the Final Word_SB": 1993, "Zacama, Primal Calamity_SB": 2483, "Snakeskin Veil_SB": 1952, "Souls of the Lost": 1981, "Boseiju, Who Endures_SB": 246, "Souls of the Lost_SB": 1982, "Cathar Commando_SB": 324, "Destroy Evil": 548, "Serra Paragon_SB": 1846, "Graveyard Trespasser": 906, "Arcane Proxy": 97, "Chrome Host Seedshark": 374, "Path of Peril": 1548, "See the Truth": 1832, "Ambitious Farmhand": 67, "Cascading Cataracts": 309, "Charming Prince": 370, "Golos, Tireless Pilgrim": 900, "Helpful Hunter": 966, "Ossification": 1514, "Serra Paragon": 1845, "Spirited Companion": 2004, "Thalia's Lancers": 2141, "The Book of Exalted Deeds": 2155, "Touch the Spirit Realm": 2241, "Nashi, Searcher in the Dark": 1429, "Shadowy Backstreet": 1859, "Shambling Vent": 1862, "Battle Cry Goblin": 165, "Brass's Tunnel-Grinder": 252, "Conspicuous Snoop": 435, "Fireblade Charger": 787, "Goblin Instigator": 893, "Raise the Past": 1632, "Rundvelt Hordemaster": 1764, "Skirk Prospector": 1921, "Caretaker's Talent": 301, "Carrot Cake": 304, "Sundown Pass": 2065, "Wedding Announcement": 2423, "Westvale Abbey": 2431, "Imodane's Recruiter_SB": 1027, "Thought-Knot Seer_SB": 2195, "Divine Smite_SB": 578, "Day of Judgment_SB": 501, "Behold the Beyond": 174, "Nine Lives": 1445, "Temple of Mystery": 2127, "Yavimaya Coast": 2475, "Grand Abolisher_SB": 905, "Silence_SB": 1900, "Wilt-Leaf Liege_SB": 2439, "Surge of Salvation": 2082, "Callous Bloodmage": 289, "Day's Undoing": 502, "Unable to Scream": 2292, "Stubborn Denial_SB": 2052, "Thalia and The Gitrog Monster": 2140, "Cosmic Rebirth_SB": 447, "Dreadbore_SB": 607, "Fires of Invention": 788, "Tolsimir, Friend to Wolves": 2228, "Titan of Industry": 2220, "Heliod, the Radiant Dawn": 964, "Kenrith, the Returned King": 1135, "Cavalier of Dawn": 333, "Kotose, the Silent Spider": 1169, "Sulfur Falls": 2054, "Marina Vendrell": 1323, "Krenko's Buzzcrusher_SB": 1174, "Archon of Absolution_SB": 103, "Chandra, Torch of Defiance": 363, "Fanatic of Mogis": 745, "Leyline of Combustion": 1214, "Razorkin Needlehead": 1657, "Shatterskull Smashing": 1873, "Solphim, Mayhem Dominus": 1964, "Torbran, Thane of Red Fell": 2232, "Fable of the Mirror-Breaker_SB": 731, "Altanak, the Thrice-Called": 66, "Say Its Name": 1795, "Witherbloom Command_SB": 2449, "Deathmist Raptor": 514, "Oblivious Bookworm": 1484, "Cerulean Drake_SB": 348, "Kraul Harpooner_SB": 1171, "Lavabrink Venturer_SB": 1193, "Prosperous Innkeeper_SB": 1604, "Soulless Jailer_SB": 1980, "Nylea's Intervention_SB": 1477, "Gleaming Geardrake": 876, "Thraben Inspector": 2199, "Faithful Mending": 743, "Kiora, the Rising Tide": 1144, "Recommission": 1673, "Tainted Indulgence": 2102, "Tome Scour": 2230, "Fragmentize_SB": 825, "Unholy Annex // Ritual Chamber_SB": 2307, "Augur of Autumn_SB": 129, "Barkhide Troll": 158, "Gather Courage": 842, "Keen-Eyed Curator": 1127, "Tribute to the World Tree": 2264, "Inscription of Abundance_SB": 1041, "Setessan Tactics_SB": 1849, "Prosperous Thief_SB": 1606, "Shatterskull Smashing_SB": 1874, "Blacksmith's Talent": 195, "Bladehold War-Whip": 198, "Chainsaw": 351, "Kemba, Kha Enduring": 1133, "Nahiri, Forged in Fury": 1420, "Sword of Forge and Frontier": 2094, "Rebel Salvo_SB": 1662, "Aftermath Analyst": 49, "Arid Archway": 107, "Bloodthirsty Conqueror": 219, "Dina, Soul Steeper": 561, "Dryad of the Ilysian Grove": 627, "Iridescent Vinelasher": 1066, "Jaddi Offshoot": 1081, "Lumra, Bellow of the Woods": 1282, "Mirrorpool": 1365, "Retreat to Hagra": 1715, "Scapeshift": 1798, "Spelunking": 1992, "Bristly Bill, Spine Sower_SB": 264, "Deathrite Shaman_SB": 516, "Scavenging Ooze_SB": 1805, "Undergrowth Champion_SB": 2301, "Solemnity_SB": 1963, "Deputy of Detention": 542, "Tyvar, the Pummeler_SB": 2282, "Elder Gargaroth": 647, "Silverback Elder": 1906, "Silverback Elder_SB": 1907, "No More Lies_SB": 1462, "Celestial Armor": 342, "Wear // Tear_SB": 2417, "Deputy of Detention_SB": 543, "Brotherhood's End": 267, "Galvanic Iteration_SB": 839, "Nine Lives_SB": 1446, "Thalia, Heretic Cathar": 2145, "Zephyr Sentinel_SB": 2489, "Cindervines_SB": 376, "Collector's Vault": 410, "Etali, Primal Conqueror": 706, "Seize the Spoils": 1834, "Zombify": 2495, "Sire of Insanity_SB": 1916, "Worldspine Wurm_SB": 2464, "Xenagos, God of Revels_SB": 2469, "Novice Inspector": 1468, "Warden of the Inner Sky": 2405, "Legion Loyalist": 1208, "Resolute Reinforcements": 1701, "Venerated Loxodon": 2356, "Knight-Errant of Eos": 1159, "Imodane's Recruiter": 1026, "Case of the Gateway Express": 312, "Gleeful Demolition": 877, "Clifftop Retreat": 392, "Light of Hope_SB": 1231, "Surge of Salvation_SB": 2083, "Soul-Guide Lantern_SB": 1976, "Zoetic Glyph": 2494, "Sweltering Suns_SB": 2091, "The Akroan War_SB": 2152, "Preacher of the Schism": 1593, "Castle Embereth": 318, "Kellan, Planar Trailblazer": 1131, "Zurgo Bellstriker": 2498, "Experimental Frenzy_SB": 719, "March of Swirling Mist": 1317, "Floodpits Drowner_SB": 801, "Massacre Wurm": 1332, "Valgavoth's Faithful": 2334, "Kenrith's Transformation_SB": 1134, "March of Wretched Sorrow": 1319, "Swiftfoot Boots": 2092, "Citizen's Crowbar_SB": 377, "Lion Sash_SB": 1256, "Aclazotz, Deepest Betrayal": 32, "Go Blank": 886, "Gifted Aetherborn_SB": 866, "March of Wretched Sorrow_SB": 1320, "Dissection Tools": 573, "Perilous Snare": 1557, "Wedding Invitation": 2425, "Glass Casket_SB": 873, "Repurposing Bay_SB": 1699, "Mendicant Core, Guidelight": 1347, "Metallic Rebuke": 1353, "Voyager Glidecar": 2393, "Cryptic Coat_SB": 471, "All That Glitters": 61, "Alpha Authority": 63, "Audacity": 126, "Chaplain of Alms": 369, "Ethereal Armor": 708, "Gryff's Boon": 919, "Light-Paws, Emperor's Voice": 1232, "Rune of Might": 1765, "Sentinel's Eyes": 1843, "Toadstool Admirer": 2225, "Adanto Vanguard_SB": 35, "Dawnbringer Cleric": 498, "Momentum Breaker_SB": 1384, "Bard Class": 156, "Birgi, God of Storytelling": 186, "Crater's Claws": 456, "Domri, Anarch of Bolas": 582, "Gallia of the Endless Dance": 837, "Hajar, Loyal Bodyguard": 929, "Klothys, God of Destiny": 1151, "Migloz, Maze Crusher": 1360, "Mox Amber": 1402, "Samut, Vizier of Naktamun": 1783, "Targ Nar, Demon-Fang Gnoll": 2112, "Xenagos, the Reveler": 2470, "Banefire_SB": 152, "Tormod's Crypt_SB": 2237, "Zurgo Bellstriker_SB": 2499, "Hare Apparent": 939, "Bolas's Citadel": 230, "Catacomb Sifter": 323, "Prosperous Innkeeper": 1603, "Woe Strider": 2456, "Glissa Sunslayer_SB": 881, "Liliana, Heretical Healer_SB": 1247, "Status // Statue_SB": 2020, "Lavaspur Boots": 1194, "Patchwork Automaton": 1545, "Sab-Sunen, Luxa Embodied": 1774, "Foundry Street Denizen": 821, "Greasewrench Goblin": 909, "Moonshaker Cavalry_SB": 1394, "Nahiri, the Harbinger_SB": 1423, "Agadeem's Awakening": 50, "Nighthawk Scavenger": 1442, "Soaring Thought-Thief": 1960, "Thieves' Guild Enforcer": 2186, "Zareth San, the Trickster": 2487, "Nighthawk Scavenger_SB": 1443, "Grim Bauble": 913, "Momentum Breaker": 1383, "Oildeep Gearhulk_SB": 1490, "Count on Luck_SB": 449, "Monument to Endurance_SB": 1392, "Shacklegeist_SB": 1854, "Valor's Flagship": 2342, "Callous Sell-Sword_SB": 292, "Dreadhorde Arcanist_SB": 609, "Archfiend's Vessel": 102, "Ledger Shredder": 1201, "Lively Dirge": 1258, "Merfolk Secretkeeper": 1350, "Raffine, Scheming Seer": 1630, "Brightglass Gearhulk": 260, "Dredger's Insight": 619, "Tyrranax Rex_SB": 2277, "Coalstoke Gearhulk": 402, "Shacklegeist": 1853, "Ossification_SB": 1515, "Djeru's Renunciation": 579, "Drannith Healer": 602, "Drannith Stinger": 604, "Flourishing Fox": 803, "Footfall Crater": 809, "Go for Blood": 888, "Marauding Mako": 1313, "Monument to Endurance": 1391, "Sunbillow Verge": 2061, "Zenith Flare": 2488, "Memory Guardian": 1346, "Ketramose, the New Dawn_SB": 1139, "Behold the Multiverse": 175, "Mastermind's Acquisition": 1334, "Peer into the Abyss": 1555, "Behold the Multiverse_SB": 176, "Tears of Valakut_SB": 2116, "Witchstalker Frenzy": 2445, "Grim Bauble_SB": 914, "Ray of Enfeeblement_SB": 1654, "Flicker of Fate": 797, "Heroic Intervention_SB": 977, "Polukranos Reborn_SB": 1582, "Azor, the Lawbringer": 141, "Emry, Lurker of the Loch": 678, "Jeskai Ascendancy": 1086, "Mishra's Research Desk": 1370, "Restless Spire": 1710, "Retraction Helix": 1713, "Saheeli, Sublime Artificer": 1778, "Tormod's Crypt": 2236, "Devout Decree_SB": 554, "Strangle_SB": 2044, "Valley Floodcaller_SB": 2340, "Valorous Stance_SB": 2343, "Mukotai Ambusher": 1406, "Bloodghast": 216, "Molt Tender": 1378, "Driven // Despair_SB": 621, "Ashiok, Wicked Manipulator_SB": 117, "Anim Pakal, Thousandth Moon": 81, "Basri, Tomorrow's Champion": 163, "Embercleave": 667, "Plaza of Heroes": 1579, "Skrelv, Defector Mite": 1924, "Urza's Ruinous Blast_SB": 2330, "The Speed Demon": 2176, "Intimidation Tactics_SB": 1051, "Brokers Hideout": 266, "Cabaretti Courtyard": 283, "Doppelgang": 588, "Fires of Victory": 789, "Maestros Theater": 1294, "Nissa, Resurgent Animist": 1452, "Riveteers Overlook": 1736, "Shigeki, Jukai Visionary": 1884, "Virtue of Strength": 2369, "Worldsoul's Rage": 2462, "Bonny Pall, Clearcutter_SB": 238, "Roxanne, Starfall Savant_SB": 1756, "Feed the Cycle": 764, "Hostile Investigator": 1006, "Rankle's Prank": 1645, "Nowhere to Run_SB": 1470, "Freestrider Lookout": 826, "Ghost Vacuum": 854, "Ketramose, the New Dawn": 1138, "Restless Cottage": 1706, "Scrabbling Claws": 1810, "Shattered Sanctum": 1871, "Legion's End_SB": 1209, "Mosswood Dreadknight_SB": 1399, "Pest Control_SB": 1560, "Tear Asunder_SB": 2115, "Detention Sphere_SB": 552, "Willowrush Verge": 2438, "Ancestral Anger": 72, "Leyline of Resonance": 1217, "Optimistic Scavenger_SB": 1509, "Commercial District": 419, "Innkeeper's Talent_SB": 1038, "Dreadmaw's Ire": 610, "Deep-Cavern Bat_SB": 524, "Legion Extruder_SB": 1206, "Oildeep Gearhulk": 1489, "Commune with Spirits": 423, "Goro-Goro, Disciple of Ryusei": 902, "Itzquinth, Firstborn of Gishath": 1071, "Kari Zev, Skyship Raider": 1110, "Radha, Heart of Keld": 1626, "Redshift, Rocketeer Chief": 1679, "Rockfall Vale": 1744, "Ruby, Daring Tracker": 1760, "Feed the Clan_SB": 763, "Scorching Dragonfire_SB": 1806, "Dark Betrayal_SB": 488, "Bleachbone Verge": 203, "Starnheim Unleashed_SB": 2018, "Caves of Koilos": 338, "Detention Chariot": 551, "Tune Up": 2268, "Elenda, Saint of Dusk_SB": 653, "Kaya the Inexorable_SB": 1117, "Thundering Broodwagon": 2210, "Cave of the Frost Dragon": 336, "Mardu Woe-Reaper": 1322, "Secure the Wastes": 1831, "Make Disappear_SB": 1304, "Dragonlord Dromoka": 596, "Ashiok, Nightmare Weaver": 114, "Castle Garenbrig": 319, "Cityscape Leveler": 378, "Emrakul, the Promised End": 676, "Leyline Binding_SB": 1213, "Sire of Seven Deaths_SB": 1918, "Ugin, the Spirit Dragon_SB": 2285, "Jace's Defeat_SB": 1075, "Fearless Swashbuckler": 759, "Gastal Thrillroller": 840, "Hazoret, Godseeker": 951, "Memory Deluge_SB": 1345, "Clockwork Percussionist": 395, "Skullcrack": 1926, "Roast_SB": 1740, "Boommobile": 240, "Fomori Vault": 808, "Glint-Nest Crane": 879, "Hedron Archive": 960, "Paradox Engine": 1541, "Portal of Sanctuary": 1588, "Prophetic Prism": 1602, "Repurposing Bay": 1698, "Snow-Covered Island": 1955, "Snow-Covered Mountain": 1956, "Terrarion": 2136, "The Enigma Jewel": 2160, "The Mightstone and Weakstone": 2166, "Thran Spider": 2201, "Workshop Assistant": 2461, "Lantern of the Lost_SB": 1192, "Liberator, Urza's Battlethopter_SB": 1223, "Noxious Gearhulk_SB": 1472, "Shrapnel Slinger_SB": 1897, "Inspiring Overseer": 1046, "Norin, Swift Survivalist": 1464, "Agatha of the Vile Cauldron": 51, "Tamiyo's Safekeeping_SB": 2108, "Big Score": 182, "Chandra, Acolyte of Flame_SB": 357, "Untimely Malfunction_SB": 2319, "Pawpatch Formation": 1550, "Wastewood Verge": 2413, "Collector's Cage": 408, "Dusk Rose Reliquary": 634, "Giant Killer": 861, "Overgrown Farmland": 1525, "Parting Gust": 1544, "Sandstorm Salvager": 1787, "Sentinel of the Nameless City": 1841, "Teething Wurmlet": 2117, "Murderous Cut": 1409, "Unlicensed Hearse": 2312, "Anguished Unmaking_SB": 80, "Kaya, Orzhov Usurper_SB": 1122, "Call of the Death-Dweller": 288, "Drownyard Temple": 626, "Narcomoeba": 1425, "Prized Amalgam": 1598, "Quag Feast": 1615, "Empyrean Eagle": 675, "Lofty Denial": 1263, "Selfless Spirit": 1839, "Dewdrop Cure_SB": 556, "Dusk // Dawn_SB": 632, "Mindlink Mech_SB": 1362, "Pest Control": 1559, "Defiant Strike": 528, "Illuminator Virtuoso": 1023, "Gods Willing_SB": 897, "Avishkar Raceway": 137, "Fuel the Flames_SB": 832, "Skycrash_SB": 1931, "Gifted Aetherborn": 865, "Murderous Rider": 1411, "Sign in Blood": 1899, "Sea Gate Restoration": 1819, "Dig Through Time_SB": 560, "Blood Baron of Vizkopa": 210, "Ashiok, Nightmare Muse_SB": 113, "Giant Killer_SB": 862, "Bloodchief's Thirst_SB": 215, "Eaten Alive_SB": 636, "Benthic Biomancer": 177, "Cenote Scout": 346, "Deeproot Pilgrimage": 525, "Kumena, Tyrant of Orazca": 1181, "Mindspring Merfolk": 1363, "Tishana's Tidebinder": 2218, "Tidebinder Mage_SB": 2213, "Biting-Palm Ninja_SB": 190, "Dokuchi Silencer_SB": 581, "Beseech the Mirror": 178, "Kazuul's Toll Collector": 1126, "Shardmage's Rescue_SB": 1866, "Expedite": 713, "Immersturm Raider": 1024, "The Speed Demon_SB": 2177, "Waste Not_SB": 2410, "Burnout Bashtronaut": 277, "Draconautics Engineer": 592, "Fanatical Firebrand": 746, "Hobgoblin Bandit Lord": 990, "Howlsquad Heavy": 1009, "Krenko, Mob Boss": 1175, "Goblin Ringleader_SB": 894, "Volley Veteran_SB": 2390, "Harrier Strix": 940, "Hypnotic Grifter": 1016, "Omen Hawker": 1494, "The Reality Chip": 2170, "Training Grounds": 2246, "Witness Protection": 2452, "Basilisk Collar_SB": 162, "Foulmire Knight": 819, "Swiftfoot Boots_SB": 2093, "Fry_SB": 830, "Collision // Colossus": 411, "Overprotect_SB": 1534, "Stock Up": 2030, "Shoot the Sheriff": 1889, "Riverpyre Verge": 1735, "Strangle": 2043, "Temple of Epiphany": 2125, "Liliana, the Last Hope_SB": 1249, "Concealing Curtains": 426, "Riptide Gearhulk_SB": 1727, "Blade Historian": 196, "Jirina, Dauntless General": 1091, "Kitesail Larcenist": 1148, "Pyre of Heroes": 1610, "Secluded Courtyard": 1829, "Unclaimed Territory": 2295, "Jirina, Dauntless General_SB": 1092, "Night Clubber_SB": 1441, "Aegis Turtle_SB": 41, "Up the Beanstalk_SB": 2322, "Battle at the Bridge": 166, "Mephitic Draught": 1348, "Snow-Covered Swamp": 1958, "Spire of Industry": 1999, "Battle at the Bridge_SB": 167, "Assassin's Trophy": 118, "Analyze the Pollen": 70, "Ride's End": 1720, "Cleansing Wildfire": 386, "Crumble to Dust": 464, "Encroaching Wastes": 679, "Gnottvold Slumbermound": 885, "Haphazard Bombardment": 937, "Jaya's Greeting": 1084, "Paradise Druid": 1540, "Ravager Wurm": 1653, "Rootbound Crag": 1750, "Rowan, Scholar of Sparks": 1755, "Rubble Reading": 1758, "Sheltered Thicket": 1876, "Structural Distortion": 2050, "Sylvan Primordial": 2098, "Territory Forge": 2137, "Twin Bolt": 2271, "Voyaging Satyr": 2394, "Herbology Instructor_SB": 971, "Nissa's Defeat_SB": 1448, "Peak Eruption_SB": 1554, "Reclamation Sage_SB": 1672, "Scrabbling Claws_SB": 1811, "Noxious Gearhulk": 1471, "Dreadhorde Arcanist": 608, "Hazoret the Fervent": 948, "Ashiok, Nightmare Muse": 112, "Murderous Cut_SB": 1410, "Borrowed Hostility": 244, "Honest Rutstein": 994, "Malakir Rebirth": 1305, "The Filigree Sylex_SB": 2161, "Hallowed Moonlight": 932, "Barbed Batterfist": 155, "Webstrike Elite": 2421, "Yahenni's Expertise": 2471, "Commit // Memory_SB": 421, "Demilich_SB": 532, "Progenitor Mimic": 1601, "Nylea's Presence": 1478, "Warping Wail_SB": 2408, "Banefire": 151, "The World Tree": 2184, "Koma, Cosmos Serpent_SB": 1165, "Steel Seraph": 2023, "Phyrexian Censor": 1565, "Nimble Larcenist_SB": 1444, "Commune with Dinosaurs": 422, "Ghalta, Primal Hunger": 852, "Marauding Raptor": 1314, "Pugnacious Hammerskull": 1609, "Rampaging Raptor": 1643, "Regal Imperiosaur": 1686, "Regisaur Alpha": 1687, "Ripjaw Raptor": 1724, "Champion of the Perished": 354, "Cryptbreaker": 468, "Dark Salvation": 493, "Dread Wanderer": 606, "Relentless Dead": 1690, "Wayward Servant": 2416, "Zahur, Glory's Past": 2486, "Crippling Fear_SB": 461, "Experimental Synthesizer": 720, "Violent Urge_SB": 2364, "Boon of Boseiju": 241, "Wakeroot Elemental": 2401, "Esika's Chariot_SB": 701, "Luminarch Aspirant": 1281, "Hidetsugu Consumes All": 979, "Fighter Class": 781, "Flowerfoot Swordmaster": 804, "Mabel, Heir to Cragflame": 1288, "Chainsaw_SB": 352, "Nettle Guard_SB": 1439, "Sword of Forge and Frontier_SB": 2095, "Heliod's Intervention_SB": 961, "Flameblade Adept": 792, "Highway Robbery": 985, "Maximize Velocity": 1337, "Ox of Agonas": 1535, "Birgi, God of Storytelling_SB": 187, "Lightning Axe_SB": 1234, "Expedition Map_SB": 715, "Stock Up_SB": 2031, "Voyaging Satyr_SB": 2395, "Samut's Sprint": 1782, "Wrenn and Realmbreaker": 2465, "Depopulate_SB": 541, "Unsubstantiate_SB": 2318, "Archfiend of the Dross_SB": 101, "Sunspine Lynx": 2075, "Omen of the Dead_SB": 1496, "Lost Jitte": 1274, "Kaito, Cunning Infiltrator": 1103, "Bloodchief's Thirst": 214, "Combat Research": 417, "Lazav, Wearer of Faces": 1198, "Medomai the Ageless": 1342, "Thalia, Heretic Cathar_SB": 2146, "Lotus Cobra": 1276, "Fires of Victory_SB": 790, "Guardian of Faith": 921, "Gods Willing": 896, "Riptide Gearhulk": 1726, "Saheeli, Sublime Artificer_SB": 1779, "Kumena's Speaker": 1180, "Eidolon of the Great Revel_SB": 643, "Quick Study": 1621, "Carnage Tyrant": 302, "Festering Gulch": 772, "Port of Karfell": 1585, "Elder Gargaroth_SB": 648, "Fog_SB": 807, "Gather Courage_SB": 843, "Crackling Drake_SB": 452, "Roaring Furnace // Steaming Sauna": 1738, "Nahiri, the Unforgiving_SB": 1424, "Katilda, Dawnhart Martyr": 1113, "Slip Out the Back": 1943, "Feather, the Redeemed": 760, "Loran's Escape_SB": 1272, "Feather, the Redeemed_SB": 761, "Bitter Reunion": 191, "Vampires' Vengeance": 2346, "Etali, Primal Conqueror_SB": 707, "Restless Fortress": 1707, "Ruin-Lurker Bat": 1762, "Healer's Hawk": 953, "Essence Channeler": 703, "Voice of the Blessed": 2381, "Exemplar of Light": 711, "Linden, the Steadfast Queen": 1252, "Leyline of Hope": 1216, "Authority of the Consuls": 132, "Case of the Uneaten Feast": 315, "Scoured Barrens": 1808, "Rogue's Passage": 1745, "Dewdrop Cure": 555, "Lunarch Veteran": 1283, "Afterburner Expert": 48, "Omnivorous Flytrap": 1504, "Agatha's Soul Cauldron_SB": 53, "Kozilek's Return_SB": 1170, "Teferi, Hero of Dominaria_SB": 2119, "Void Rend_SB": 2383, "Ox of Agonas_SB": 1536, "Tamiyo's Safekeeping": 2107, "Tear Asunder": 2114, "Blot Out": 226, "Scrapshooter": 1813, "Questing Beast": 1617, "Thrun, Breaker of Silence": 2205, "Nissa, Ascended Animist": 1450, "Tyrranax Rex": 2276, "Nissa, Ascended Animist_SB": 1451, "Shifting Ceratops_SB": 1883, "Hornet Queen_SB": 1003, "Twinshot Sniper": 2273, "Keruga, the Macrosage": 1136, "Agent of Treachery_SB": 54, "Twinshot Sniper_SB": 2274, "Anzrag, the Quake-Mole": 89, "Temple of Abandon": 2122, "Adorned Pouncer": 38, "Arahbo, the First Fang": 93, "Open the Armory": 1505, "Roadside Reliquary": 1737, "Sacred Cat": 1775, "Skyknight Squire": 1932, "Play with Fire_SB": 1578, "Satoru Umezawa": 1790, "Exquisite Firecraft_SB": 722, "Cry of the Carnarium": 466, "Kaya, Orzhov Usurper": 1121, "Soul-Guide Lantern": 1975, "The End": 2158, "Calamity's Wake_SB": 286, "Exorcise_SB": 712, "Out of Air_SB": 1519, "Spontaneous Mutation_SB": 2007, "Painter's Studio // Defaced Gallery": 1538, "Chance for Glory_SB": 355, "Magmatic Chasm_SB": 1302, "Requisition Raid_SB": 1700, "Shrapnel Blast_SB": 1896, "Sorin, Vengeful Bloodlord_SB": 1970, "Tireless Tracker_SB": 2217, "Titania, Voice of Gaea_SB": 2223, "Doppelgang_SB": 589, "Exquisite Firecraft": 721, "Raucous Carnival": 1650, "Curse of Shaken Faith_SB": 481, "Kiora's Follower": 1142, "Merfolk Mistbinder": 1349, "Merfolk Trickster_SB": 1351, "Mockingbird_SB": 1377, "Fading Hope_SB": 737, "Smuggler's Copter_SB": 1948, "Mosswood Dreadknight": 1398, "Lovestruck Beast": 1278, "Debris Beetle": 517, "Mystic Repeal_SB": 1417, "Epic Downfall_SB": 695, "Builder's Talent": 272, "Sunder the Gateway": 2063, "Nullhide Ferox_SB": 1474, "Cavalier of Flame": 334, "Kitsa, Otterball Elite": 1150, "Rona, Herald of Invasion": 1749, "Valley Floodcaller": 2339, "Abhorrent Oculus_SB": 22, "Reckless Stormseeker": 1669, "Rocketeer Boostbuggy": 1742, "The Akroan War": 2151, "Bladestitched Skaab": 199, "Lazotep Reaver": 1200, "Rotten Reunion_SB": 1752, "The Scarab God_SB": 2173, "Loran's Escape": 1271, "Blessed Defiance_SB": 205, "Enduring Tenacity_SB": 687, "Cruelclaw's Heist_SB": 463, "Knight of Grace": 1156, "Swan Song_SB": 2089, "Skyclave Cleric": 1930, "Ajani, Strength of the Pride_SB": 58, "Chandra, Spark Hunter_SB": 362, "Witness Protection_SB": 2453, "Growth Spiral": 917, "Ill-Timed Explosion_SB": 1021, "Tasigur, the Golden Fang": 2113, "Bomat Courier": 232, "Phoenix Chick": 1563, "Gideon of the Trials": 863, "Azor, the Lawbringer_SB": 142, "Tocasia's Welcome_SB": 2227, "The Scarab God": 2172, "Radiant Flames_SB": 1627, "Mortify": 1396, "Creeping Chill": 460, "Silversmote Ghoul": 1909, "Fog": 806, "Gaea's Blessing": 836, "Haze of Pollen": 947, "Jace, the Perfected Mind": 1079, "Tamiyo, Collector of Tales": 2109, "Union of the Third Path": 2308, "Winds of Qal Sisma": 2441, "Carnage Tyrant_SB": 303, "Drannith Ruins": 603, "Thought-Knot Seer": 2194, "Wasteland Strangler": 2411, "Phyrexian Fleshgorger": 1568, "Ifnir Deadlands": 1019, "Bearer of Silence": 171, "Knight of the Ebon Legion": 1158, "Deep-Cavern Bat": 523, "Caustic Bronco": 328, "Reality Smasher_SB": 1660, "Necrotic Wound": 1433, "Necrotic Wound_SB": 1434, "Doom Foretold": 583, "Nine-Lives Familiar": 1447, "Rite of Oblivion": 1729, "Starfield of Nyx": 2017, "Kaya's Wrath_SB": 1120, "Necromentia_SB": 1432, "Fuel the Flames": 831, "Gix's Command_SB": 869, "Sorin the Mirthless_SB": 1969, "Shoot the Sheriff_SB": 1890, "Turntimber Symbiosis": 2270, "Graf Reaver_SB": 903, "Kraul Whipcracker_SB": 1172, "Maelstrom Pulse_SB": 1292, "Fear of Impostors": 755, "Riptide Chimera": 1725, "Fear of Impostors_SB": 756, "Dive Down_SB": 577, "Eldrazi Displacer": 649, "Fleecemane Lion": 794, "Witchstalker_SB": 2447, "Acererak the Archlich": 31, "Gwenna, Eyes of Gaea": 926, "Relic of Legends": 1691, "Yasharn, Implacable Earth": 2472, "Felonious Rage": 769, "Soul-Scar Mage_SB": 1978, "Lavinia, Azorius Renegade_SB": 1196, "Selfless Glyphweaver_SB": 1837, "Blood Spatter Analysis": 213, "Demonic Bargain": 536, "Regal Bunnicorn": 1684, "Osseous Sticktwister": 1513, "Korvold, Fae-Cursed King": 1166, "Korvold, Fae-Cursed King_SB": 1167, "Dive Down": 576, "Jace Reawakened_SB": 1074, "March of Swirling Mist_SB": 1318, "Blessed Defiance": 204, "Homestead Courage": 993, "Guardian of New Benalia": 923, "Phyrexian Dragon Engine": 1567, "Seasoned Hallowblade": 1827, "The Mycosynth Gardens": 2168, "Burning Earth_SB": 275, "Alrund's Epiphany": 65, "Escape to the Wilds": 698, "Loot, the Pathfinder": 1268, "Nissa, Who Shakes the World": 1455, "Obliterating Bolt_SB": 1483, "Fugitive Codebreaker": 833, "Bedeck // Bedazzle_SB": 172, "Cease // Desist_SB": 340, "Portal to Phyrexia_SB": 1590, "Adanto Vanguard": 34, "Favored Hoplite": 754, "Flowstone Infusion": 805, "Sejiri Shelter": 1835, "Tenth District Legionnaire": 2134, "Consign // Oblivion": 433, "Elspeth, Sun's Champion_SB": 664, "Invasion of New Phyrexia_SB": 1060, "Clifftop Lookout": 391, "Dreamdew Entrancer": 614, "Dreamroot Cascade": 615, "Fecund Greenshell": 762, "Insidious Fungus": 1043, "Loot, Exuberant Explorer": 1267, "Risen Reef": 1728, "Tangled Florahedron": 2111, "Healer of the Glade_SB": 952, "Tale's End_SB": 2106, "Wilt_SB": 2440, "Ashiok, Wicked Manipulator": 116, "Dreams of Steel and Oil": 617, "Blood Baron of Vizkopa_SB": 211, "Elspeth Conquers Death_SB": 659, "Gisa, the Hellraiser_SB": 868, "Ride's End_SB": 1721, "Omen of the Sun": 1498, "Omen of the Sun_SB": 1499, "Enduring Courage": 682, "Beseech the Mirror_SB": 179, "Experimental Confectioner": 718, "Forbidden Friendship": 810, "Case of the Gateway Express_SB": 313, "Collective Effort_SB": 407, "Forge Devil_SB": 813, "Perilous Snare_SB": 1558, "Monastery Mentor": 1385, "Seeker of the Way_SB": 1833, "Commence the Endgame_SB": 418, "Siphon Insight_SB": 1915, "Redcap Melee": 1676, "Calix, Guided by Fate": 287, "Jukai Naturalist": 1095, "Royal Treatment": 1757, "Setessan Champion": 1847, "Trapped in the Screen": 2250, "Virtue of Loyalty": 2366, "Weaver of Harmony": 2420, "Ghostly Dancers_SB": 857, "Trapped in the Screen_SB": 2251, "The Birth of Meletis": 2154, "Cryptolith Rite": 472, "Bottomless Pool // Locker Room": 248, "Bottomless Pool // Locker Room_SB": 249, "Knockout Blow": 1160, "Hidetsugu's Second Rite": 981, "Eidolon of Blossoms": 639, "Eidolon of Blossoms_SB": 640, "Seal from Existence_SB": 1822, "Ob Nixilis, the Adversary": 1481, "Incubation Druid": 1031, "Interplanar Beacon": 1048, "Kaya the Inexorable": 1116, "Mistrise Village": 1373, "Nicol Bolas, Dragon-God": 1440, "Ral Zarek": 1636, "Tamiyo, Field Researcher": 2110, "Vraska, Betrayal's Sting": 2397, "Kunoros, Hound of Athreos_SB": 1182, "Qarsi Revenant": 1613, "Qarsi Revenant_SB": 1614, "Tersa Lightshatter": 2138, "Dragonfire Blade": 595, "Lavaspur Boots_SB": 1195, "Case of the Crimson Pulse": 310, "Cemetery Illuminator": 343, "Muraganda Raceway": 1408, "Rakdos's Return_SB": 1634, "Descendant of Storms": 544, "Cease // Desist": 339, "Cram Session": 454, "Fell": 768, "Insatiable Avarice": 1039, "The Biblioplex": 2153, "Valgavoth's Onslaught": 2335, "Containment Breach_SB": 437, "Environmental Sciences_SB": 694, "Introduction to Annihilation_SB": 1055, "Mascot Exhibition_SB": 1328, "Pest Summoning_SB": 1561, "Umori, the Collector_SB": 2291, "Mox Jasper": 1404, "Mistrise Village_SB": 1374, "Elspeth, Storm Slayer": 662, "United Battlefront": 2309, "Voice of Victory": 2379, "Sunder the Gateway_SB": 2064, "Voice of Victory_SB": 2380, "Cori-Steel Cutter": 444, "Wild Ride": 2435, "Cori-Steel Cutter_SB": 445, "Rot-Curse Rakshasa": 1751, "History of Benalia": 988, "The Restoration of Eiganjo": 2171, "Katilda, Dawnhart Prime": 1115, "Songcrafter Mage": 1966, "Three Tree City": 2204, "Militia Bugler_SB": 1361, "Strategic Betrayal": 2045, "Desperate Measures": 547, "Caustic Exhale": 330, "Dispelling Exhale": 571, "Foul-Tongue Invocation": 818, "Marang River Regent": 1310, "Scavenger Regent": 1801, "Silumgar's Scorn": 1903, "Caustic Exhale_SB": 331, "Strategic Betrayal_SB": 2046, "Dragonskull Summit": 599, "Sunpearl Kirin": 2070, "Fracture_SB": 824, "Flashfreeze_SB": 793, "Treasure Map": 2258, "Archangel Elspeth": 98, "This Town Ain't Big Enough_SB": 2191, "Ascendant Spirit": 109, "Faceless Haven": 734, "Faceless Haven_SB": 735, "Cori Mountain Monastery": 443, "Make Disappear": 1303, "Stormwing Entity": 2042, "Murderous Rider_SB": 1412, "Gurmag Angler": 924, "Jaya, Fiery Negotiator": 1085, "Not on My Watch_SB": 1466, "Stormscale Scion": 2040, "Stormscale Scion_SB": 2041, "Metamorphic Alteration": 1356, "Of One Mind": 1488, "Banishing Slash": 154, "United Battlefront_SB": 2310, "Warden of the Grove": 2404, "Surrak, Elusive Hunter_SB": 2085, "Icon of Ancestry": 1017, "Icon of Ancestry_SB": 1018, "Lofty Denial_SB": 1264, "Fire Prophecy": 785, "Ghostly Pilferer": 858, "Blue Sun's Twilight_SB": 229, "Cemetery Illuminator_SB": 344, "Slip Out the Back_SB": 1944, "White Sun's Twilight_SB": 2433, "Paradoxical Outcome_SB": 1542, "Break Out": 257, "Masked Vandal": 1329, "Fanatical Firebrand_SB": 747, "Gruul Charm_SB": 918, "Masked Vandal_SB": 1330, "Vivien Reid_SB": 2374, "Liliana, Death's Majesty": 1245, "Urgent Necropsy": 2328, "Shiko, Paragon of the Way": 1885, "Doorkeeper Thrull_SB": 587, "Decadent Dragon_SB": 518, "Scavenger's Talent_SB": 1803, "Ygra, Eater of All_SB": 2477, "Undead Sprinter_SB": 2297, "Runed Halo": 1767, "Boros Reckoner": 243, "Elspeth, Storm Slayer_SB": 663, "Mantis Rider": 1309, "Mardu Siegebreaker": 1321, "Kitesail Larcenist_SB": 1149, "Crackling Drake": 451, "Phyrexian Obliterator": 1569, "Atarka's Command_SB": 123, "Craterhoof Behemoth": 457, "Sanguine Evangelist": 1788, "Decisive Denial": 519, "Ebondeath, Dracolich": 637, "Ertai's Scorn": 697, "Rakshasa's Bargain": 1635, "Rewind": 1718, "Unwind": 2320, "Awaken the Honored Dead_SB": 139, "Deathmark_SB": 513, "Gaze of Granite_SB": 844, "Lutri, the Spellchaser_SB": 1286, "Shadows' Verdict_SB": 1856, "Specter's Shriek_SB": 1987, "Thrun, Breaker of Silence_SB": 2206, "Collected Company_SB": 404, "Abrade": 23, "Herald of Eternal Dawn_SB": 970, "Severance Priest": 1852, "Yathan Roadwatcher": 2474, "Selfless Savior": 1838, "Legion Angel": 1203, "Wojek Investigator": 2457, "Legion Angel_SB": 1204, "Apostle of Purifying Light_SB": 90, "Sixth Sense": 1919, "Kaya's Ghostform": 1118, "Hammerhand": 935, "Aqueous Form": 92, "Cartouche of Solidarity": 306, "Long Goodbye": 1265, "Jeskai Revelation": 1087, "Stern Lesson": 2026, "Connive // Concoct": 430, "Creative Outburst": 459, "Temple of Deceit": 2123, "Temple of Enlightenment": 2124, "Temple of Malice": 2126, "Temple of Silence": 2128, "Temple of Triumph": 2129, "Ray of Frost_SB": 1655, "Bontu's Last Reckoning_SB": 239, "Deafening Silence": 510, "Hardened Scales": 938, "Fiery Annihilation_SB": 777, "Dragonlord Silumgar": 598, "Painful Truths": 1537, "Search for Azcanta": 1823, "Supreme Will": 2080, "Contraband Kingpin_SB": 440, "Village Rites": 2361, "Llanowar Visionary": 1261, "Crash Through": 455, "Ugin, Eye of the Storms": 2283, "Robber of the Rich_SB": 1741, "Izzet Charm": 1072, "Greedy Freebooter": 912, "Shambling Ghast": 1861, "Hangarback Walker": 936, "Marketback Walker": 1326, "Diabolic Intent": 557, "Scrapwork Mutt": 1815, "Gleaming Barrier": 875, "Liliana's Standard Bearer": 1244, "The Sibsig Ceremony": 2175, "Callous Bloodmage_SB": 290, "Friendly Teddy": 828, "Experiment One": 716, "Kitesail Freebooter_SB": 1147, "Muerra, Trash Tactician": 1405, "Cut // Ribbons": 483, "Dusk Legion Zealot": 633, "Markov Baron": 1327, "Patchwork Banner": 1547, "Bedevil_SB": 173, "Champion of Dusk_SB": 353, "Deadly Dispute_SB": 507, "Soul Transfer_SB": 1974, "Devilish Valet": 553, "Runaway Steam-Kin": 1763, "Grinning Ignus": 915, "Hazoret's Monument": 950, "Light Up the Night": 1228, "Cemetery Prowler_SB": 345, "Nissa, Steward of Elements_SB": 1453, "Kishla Village": 1145, "Overlord of the Balemurk_SB": 1528, "Stormchaser's Talent_SB": 2039, "Rampaging Ferocidon": 1641, "Spring-Loaded Sawblades": 2009, "Dennick, Pious Apprentice_SB": 540, "Slaughter Games_SB": 1938, "Shadows' Verdict": 1855, "The Book of Exalted Deeds_SB": 2156, "Sokenzan, Crucible of Defiance_SB": 1962, "Baneslayer Angel_SB": 153, "Trelasarra, Moon Dancer": 2261, "Silent Hallcreeper": 1902, "Ashiok, Nightmare Weaver_SB": 115, "Evolved Sleeper": 710, "Tenacious Underdog_SB": 2133, "Rediscover the Way": 1678, "Balmor, Battlemage Captain": 148, "Sram, Senior Edificer": 2012, "Shapers' Sanctuary": 1863, "Wizard's Retort_SB": 2455, "Clever Lumimancer": 390, "Niv-Mizzet, Parun": 1457, "Sweltering Suns": 2090, "Marang River Regent_SB": 1312, "Omnath, Locus of the Roil": 1502, "Lilah, Undefeated Slickshot": 1241, "Tolsimir, Friend to Wolves_SB": 2229, "Giant Growth": 860, "Heritage Reclamation_SB": 975, "Brimaz, King of Oreskos": 261, "Intimidation Tactics": 1050, "Liliana, Dreadhorde General_SB": 1246, "Katilda, Dawnhart Martyr_SB": 1114, "Spirit-Sister's Call": 2002, "Bandit's Talent_SB": 150, "Fountainport Bell": 823, "Dreams of Steel and Oil_SB": 618, "Gonti, Lord of Luxury_SB": 901, "Frontline Rush": 829, "Mortify_SB": 1397, "Treasure Cruise_SB": 2257, "Drake Hatcher": 600, "Canyon Slough": 298, "Captain Lannery Storm": 300, "Charming Scoundrel": 371, "Goldhound": 898, "Goldspan Dragon": 899, "Kalain, Reclusive Painter": 1104, "Marionette Master": 1324, "Reckless Fireweaver": 1664, "Sticky Fingers": 2027, "Treasure Vault": 2259, "Vraska's Contempt": 2396, "Karn, Scion of Urza_SB": 1111, "Moment of Craving_SB": 1382, "Ratchet Bomb_SB": 1647, "Unlicensed Disintegration_SB": 2311, "Eshki Dragonclaw": 699, "Herd Heirloom": 972, "The Huntsman's Redemption": 2162, "Quicken": 1622, "Seal from Existence": 1821, "Amonkhet Raceway": 69, "Illness in the Ranks_SB": 1022, "Phyrexian Arena_SB": 1564, "Shore Up": 1891, "Aetherflux Reservoir_SB": 47, "Shore Up_SB": 1892, "Abbot of Keral Keep": 19, "Anax, Hardened in the Forge": 71, "Incendiary Flow": 1030, "Invigorated Rampage": 1062, "Rimrock Knight": 1723, "Shock": 1888, "Dire Fleet Daredevil_SB": 562, "Flame-Blessed Bolt_SB": 791, "Sword of Once and Future_SB": 2096, "Virulent Plague_SB": 2370, "Magebane Lizard": 1296, "Arboreal Grazer_SB": 96, "Snow-Covered Plains": 1957, "Sunset Revelry": 2073, "Unexpected Windfall": 2303, "Worldspine Wurm": 2463, "Xenagos, God of Revels": 2468, "Elite Spellbinder": 657, "Defabricate_SB": 527, "Herald of Eternal Dawn": 969, "Skrelv's Hive": 1923, "Collector's Cage_SB": 409, "Vaultborn Tyrant_SB": 2353, "Plargg, Dean of Chaos": 1576, "Ajani, Strength of the Pride": 57, "Reluctant Role Model": 1692, "Hushbringer_SB": 1014, "Ureni, the Song Unending": 2326, "Dire Tactics": 563, "Order of Midnight": 1511, "Evangel of Synthesis": 709, "Invasion of Ergamon": 1056, "Doom Whisperer_SB": 585, "Virtue of Courage": 2365, "Ball Lightning": 147, "Scytheclaw Raptor_SB": 1818, "Cathartic Reunion": 326, "Ancient Imperiosaur": 75, "Gastal Thrillroller_SB": 841, "Duelist of the Mind": 629, "Portent of Calamity": 1591, "Extraordinary Journey": 729, "Concerted Defense_SB": 427, "Rapid Hybridization_SB": 1646, "Hooting Mandrills": 995, "Jin-Gitaxias, Progress Tyrant_SB": 1090, "Smuggler's Surprise_SB": 1950, "Toxrill, the Corrosive_SB": 2243, "Awaken the Honored Dead": 138, "Ghostly Dancers": 856, "Heliod, the Radiant Dawn_SB": 965, "Dispel_SB": 570, "Chandra, Hope's Beacon": 361, "Obscura Storefront": 1486, "Disfigure_SB": 569, "Blue Sun's Twilight": 228, "Conduit Pylons": 428, "Ipnu Rivulet": 1065, "Outcaster Greenblade": 1520, "Voltage Surge": 2391, "Fae of Wishes_SB": 739, "Anger of the Gods": 77, "Koth, Fire of Resistance_SB": 1168, "Drake Hatcher_SB": 601, "Ashen Rider": 110, "Baleful Mastery": 146, "Agonizing Remorse_SB": 55, "Gurmag Nightwatch": 925, "Slaughter Singer": 1939, "Venerated Rotpriest": 2357, "The Seedcore": 2174, "Crawling Chorus": 458, "Annex Sentry": 82, "Bloated Contaminator": 209, "Jawbone Duelist": 1083, "Overprotect": 1533, "Ajani, Sleeper Agent_SB": 56, "Phyrexian Censor_SB": 1566, "Tyvar's Stand_SB": 2279, "Annex Sentry_SB": 83, "Melira, the Living Cure_SB": 1343, "Hallowed Moonlight_SB": 933, "Secrets of the Key": 1830, "Vineglimmer Snarl": 2362, "Port Town": 1584, "Mystic Reflection": 1416, "Heroic Intervention": 976, "Emergence Zone": 670, "Augmenter Pugilist": 127, "Augur of Autumn": 128, "Simic Charm": 1910, "Fortified Village": 817, "Biovisionary": 185, "Repudiate // Replicate_SB": 1697, "Chord of Calling_SB": 373, "Baird, Steward of Argive_SB": 144, "Glorybringer": 884, "Mizzium Mortars": 1375, "Cartouche of Zeal": 308, "Skylasher_SB": 1933, "Not on My Watch": 1465, "Scattered Thoughts": 1800, "Nature's Rhythm": 1431, "Dryad's Revival": 628, "Mabel, Heir to Cragflame_SB": 1289, "Wear Down_SB": 2418, "Slagstorm_SB": 1936, "Stern Dismissal_SB": 2025, "Repel the Abominable": 1695, "Repel the Abominable_SB": 1696, "Niv-Mizzet, Visionary_SB": 1460, "Despark_SB": 546, "Dennick, Pious Apprentice": 539, "Angrath, the Flame-Chained_SB": 79, "Dark Petition_SB": 492, "Heliod's Pilgrim_SB": 962, "Kaya's Ghostform_SB": 1119, "Skrelv, Defector Mite_SB": 1925, "Hornet Queen": 1002, "Ojer Taq, Deepest Foundation": 1491, "Pyroclasm": 1611, "Unlucky Witness": 2314, "Ritual of Soot_SB": 1732, "Vampires' Vengeance_SB": 2347, "Lord Skitter, Sewer King": 1273, "Tomik, Distinguished Advokist_SB": 2231, "Hearth Elemental": 955, "Sanguine Evangelist_SB": 1789, "Spirit-Sister's Call_SB": 2003, "Demonic Counsel": 537, "Consuming Fervor": 436, "Aetherflux Reservoir": 46, "Mountain_SB": 1401, "Summary Dismissal_SB": 2057, "Portal to Phyrexia": 1589, "Ovalchase Daredevil": 1524, "Inscribed Tablet": 1040, "Scourge of the Skyclaves": 1809, "Warlock Class": 2406, "Lich-Knights' Conquest": 1224, "Silent Gravestone_SB": 1901, "Ulcerate_SB": 2287, "Kaervek, the Spiteful_SB": 1097, "Smoldering Egg": 1946, "Can't Stay Away_SB": 296, "Feldon, Ronom Excavator": 767, "Infuriate_SB": 1035, "Disenchant_SB": 568, "Wandering Mind": 2402, "Colossal Skyturtle": 413, "Mirrorshell Crab": 1366, "Teferi, Who Slows the Sunset": 2120, "Chaos Wand_SB": 368, "Dissection Tools_SB": 574, "Jace, the Perfected Mind_SB": 1080, "Recommission_SB": 1674, "Abbot of Keral Keep_SB": 20, "Clarion Conqueror_SB": 384, "Rabbit Battery": 1625, "Faerie Dreamthief": 740, "Steamcore Scholar": 2022, "Winternight Stories": 2442, "Defabricate": 526, "Immortal Phoenix_SB": 1025, "Seasons Past": 1828, "Abuelo's Awakening": 29, "Summon: Knights of Round": 2058, "Cunning Coyote_SB": 479, "Blisterpod": 207, "Cartel Aristocrat": 305, "Rally the Ancestors": 1640, "Sephiroth, Fabled SOLDIER": 1844, "Starting Town": 2019, "Heliod, Sun-Crowned_SB": 963, "Ruthless Lawbringer_SB": 1772, "Yuna, Hope of Spira": 2482, "Lightwheel Enhancements": 1240, "Joshua, Phoenix's Dominant": 1093, "Kroxa and Kunoros": 1176, "Terra, Magical Adept": 2135, "Dark Confidant_SB": 490, "Vivi Ornitier": 2372, "Ishgard, the Holy See": 1069, "Vivi Ornitier_SB": 2373, "Unflinching Courage": 2304, "Unflinching Courage_SB": 2305, "Eiganjo, Seat of the Empire_SB": 645, "Demon Wall": 535, "Fire Magic_SB": 784, "Crumbling Vestige": 465, "Echoing Deeps": 638, "Glimpse the Core": 878, "Hour of Promise": 1008, "The Wandering Minstrel": 2181, "Kura, the Boundless Sky_SB": 1183, "Maelstrom of the Spirit Dragon_SB": 1293, "Twinmaw Stormbrood_SB": 2272, "Toski, Bearer of Secrets_SB": 2240, "Opera Love Song": 1506, "Surrak, Elusive Hunter": 2084, "Esper Origins": 702, "Cecil, Dark Knight": 341, "Dark Confidant": 489, "Gix, Yawgmoth Praetor": 870, "Vren, the Relentless_SB": 2399, "Cryptcaller Chariot": 469, "Ancient Adamantoise": 73, "Furnace Reins_SB": 835, "Kitesail Freebooter": 1146, "Lantern Scout_SB": 1191, "Sin Collector_SB": 1912, "Market Gnome": 1325, "Buster Sword": 281, "Freya Crescent": 827, "Smitten Swordmaster": 1945, "Monastery Swiftspear_SB": 1388, "Summon: Leviathan": 2059, "Quicken_SB": 1623, "Alesha, Who Laughs at Fate": 60, "Zack Fair": 2484, "Bile Blight": 183, "Ruthless Negotiation_SB": 1773, "Staggering Insight": 2014, "Sporogenic Infection_SB": 2008, "Al Bhed Salvagers": 59, "Tocasia's Welcome": 2226, "Fleeting Spirit": 795, "Saiba Cryptomancer": 1780, "Warbriar Blessing": 2403, "The Raven Man": 2169, "Gryff's Boon_SB": 920, "Demolition Field_SB": 534, "Rune of Sustenance_SB": 1766, "Disturbing Mirth": 575, "Rite of Oblivion_SB": 1730, "Runed Halo_SB": 1768, "Doomsday Excruciator_SB": 586, "Cloud of Darkness_SB": 396, "Outrageous Robbery_SB": 1523, "Rain of Revelation": 1631, "Ultima": 2288, "Shatter the Sky_SB": 1870, "Saiba Cryptomancer_SB": 1781, "Lindblum, Industrial Regency": 1250, "Sphinx's Tutelage": 1995, "The Water Crystal": 2183, "Eject_SB": 646, "Lindblum, Industrial Regency_SB": 1251, "Ureni, the Song Unending_SB": 2327, "Blossoming Defense_SB": 223, "Cloud, Midgar Mercenary": 397, "Machinist's Arsenal": 1290, "Paladin's Arms": 1539, "Raubahn, Bull of Ala Mhigo": 1649, "Hinterland Harbor": 986, "Hullbreaker Horror": 1010, "Titan of Industry_SB": 2221, "Search for Azcanta_SB": 1824, "Emet-Selch, Unsundered": 674, "Lazav, the Multifarious": 1199, "Valentin, Dean of the Vein": 2333, "Bonders' Enclave": 235, "Nissa's Pilgrimage": 1449, "Ulamog, the Ceaseless Hunger": 2286, "Old-Growth Troll_SB": 1493, "Astrologian's Planisphere": 121, "Plumecreed Escort": 1580, "Restoration Magic_SB": 1712, "Staggering Insight_SB": 2015, "Sunscorched Desert": 2072, "Camellia, the Seedmiser_SB": 294, "Insidious Fungus_SB": 1044, "Massacre Girl_SB": 1331, "Trail of Crumbs_SB": 2245, "Webstrike Elite_SB": 2422, "Embercleave_SB": 668, "Kefka, Court Mage": 1129, "Mox Amber_SB": 1403, "Retraction Helix_SB": 1714, "Exsanguinate": 723, "Hedge Shredder": 959, "Return the Favor_SB": 1716, "Kogla and Yidaro_SB": 1162, "Revival // Revenge": 1717, "Vampire Socialite": 2344, "Legion Lieutenant": 1207, "Vito, Thorn of the Dusk Rose": 2371, "Vampire of the Dire Moon": 2345, "Voldaren Bloodcaster_SB": 2386, "Florian, Voldaren Scion_SB": 802, "Stingerback Terror": 2028, "Mistbreath Elder": 1372, "Lightning, Army of One": 1239, "Isareth the Awakener": 1068, "Urza's Ruinous Blast": 2329, "Venat, Heart of Hydaelyn": 2355, "Liliana, the Last Hope": 1248, "Didn't Say Please": 558, "Ruin Crab": 1761, "Merfolk Windrobber": 1352, "Essence Scatter": 705, "Into the Story": 1054, "Field of Ruin_SB": 775, "Rush of Adrenaline": 1771, "Channeled Dragonfire": 367, "Stadium Headliner": 2013, "Roil Eruption": 1746, "Reckless Lackey": 1666, "Founding the Third Path": 820, "No One Left Behind": 1463, "Thassa's Oracle": 2147, "Heritage Reclamation": 974, "Riverchurn Monument_SB": 1733, "Roiling Dragonstorm": 1747, "Chandra, Dressed to Kill": 359, "End the Festivities": 680, "Raze the Effigy_SB": 1656, "Midgar, City of Mako": 1358, "Sorceress's Schemes": 1967, "Goblin Chainwhirler": 891, "Leyline of Combustion_SB": 1215, "Halvar, God of Battle_SB": 934, "Unexpected Request_SB": 2302, "Binding the Old Gods": 184, "Tireless Tracker": 2216, "Jaddi Offshoot_SB": 1082, "Linvala, the Preserver_SB": 1254, "The Wandering Minstrel_SB": 2182, "Disdainful Stroke": 566, "Scatter Ray": 1799, "Refute": 1683, "Sinister Sabotage": 1914, "Cornered by Black Mages": 446, "Sunken Hollow": 2069, "Eliminate_SB": 656, "Cry of the Carnarium_SB": 467, "Enter the God-Eternals_SB": 691, "Lotleth Troll": 1275, "Nullhide Ferox": 1473, "Smuggler's Surprise": 1949, "Speaker of the Heavens": 1986, "Delney, Streetwise Lookout": 530, "Leyline of Transformation": 1219, "Forest_SB": 812, "Storm Herald_SB": 2034, "Cartouche of Solidarity_SB": 307, "Void Rend": 2382, "Haunted Dead": 942, "Driven // Despair": 620, "Quag Feast_SB": 1616, "Storm Herald": 2033, "Disruptive Stormbrood": 572, "Burning Anger": 274, "Colossification": 415, "Snow-Covered Swamp_SB": 1959, "Shattered Sanctum_SB": 1872, "Concealed Courtyard_SB": 425, "Shadowy Backstreet_SB": 1860, "Doom Foretold_SB": 584, "Hopeful Vigil_SB": 997, "(THB) 117_SB": 15, "(DMU) 244_SB": 4, "(WOE) 95_SB": 18, "(M20) 94_SB": 10, "(SLD) 325_SB": 13, "(BRO) 16_SB": 1, "(STX) 72_SB": 14, "(FDN) 704_SB": 7, "(BLB) 83_SB": 0, "(OTJ) 108_SB": 12, "(BRO) 26_SB": 2, "(WOE) 29_SB": 17, "(DAR) 213_SB": 3, "(KLR) 84_SB": 8, "(LCI) 128_SB": 9, "(DSK) 111_SB": 5, "(MID) 112_SB": 11, "(THB) 121_SB": 16, "(FDN) 137_SB": 6, "Thunder Magic_SB": 2209, "Auroral Procession": 131, "Omnath, Locus of Creation_SB": 1501, "Jidoor, Aristocratic Capital": 1089, "Capital City": 299, "Sin, Spira's Punishment": 1913, "Ugin, the Spirit Dragon": 2284, "Forsaken Monument": 815, "Wastes": 2412, "Haven of the Spirit Dragon": 944, "Crystal Grotto": 474, "Warping Wail": 2407, "The Celestus": 2157, "Adventurer's Inn": 39, "Patchwork Automaton_SB": 1546, "Mazemind Tome_SB": 1340, "Languish": 1189, "Ritual of Soot": 1731, "Drag the Canal_SB": 593, "Dwarven Mine": 635, "Dragon Fodder": 594, "Hordeling Outburst": 999, "Lukka, Coppercoat Outcast": 1280, "Satyr's Cunning": 1793, "Ral's Reinforcements": 1637, "Song of Totentanz": 1965, "Cavalcade of Calamity_SB": 332, "Impact Tremors_SB": 1028, "Mechanized Warfare_SB": 1341, "Torbran, Thane of Red Fell_SB": 2233, "Coveted Falcon": 450, "Resolute Strike": 1702, "Great Arashin City": 910, "Nissa, Voice of Zendikar_SB": 1454, "Elvish Archivist": 665, "Saheeli, Filigree Master_SB": 1777, "Touch the Spirit Realm_SB": 2242, "March of Otherworldly Light_SB": 1316, "Self-Destruct": 1836, "Stormcarved Coast_SB": 2037, "Undead Butler": 2296, "Willow Geist": 2437, "The Aetherspark": 2149, "Curse of Silence_SB": 482, "Miscast_SB": 1368, "Matoya, Archon Elder_SB": 1335, "Blossoming Tortoise": 224, "Blossoming Tortoise_SB": 225, "Summon: Leviathan_SB": 2060, "Aether Channeler": 42, "Aether Channeler_SB": 43, "Leyline of Transformation_SB": 1220, "Ulvenwald Oddity_SB": 2290, "Dread Presence": 605, "Cyclonic Rift_SB": 486, "Sultai Charm_SB": 2056, "Bartolom\u00e9 del Presidio": 160, "Zulaport Cutthroat": 2496, "Kinnan, Bonder Prodigy": 1141, "Fleeting Spirit_SB": 796, "Buster Sword_SB": 282, "The Aetherspark_SB": 2150, "Cloudsteel Kirin_SB": 401, "Wolfwillow Haven_SB": 2459, "Questing Beast_SB": 1618, "Magic Damper": 1298, "Magic Damper_SB": 1299, "Valley Questcaller": 2341, "Choco, Seeker of Paradise": 372, "Sazh's Chocobo": 1797, "Traveling Chocobo": 2252, "Sazh Katzroy": 1796, "Cloudfin Raptor": 399, "Bartz and Boko": 161, "Dazzling Denial": 503, "Ambrosia Whiteheart": 68, "Waker of Waves": 2400, "Discovery // Dispersal": 565, "Consecrate // Consume_SB": 431, "Reduce // Rubble_SB": 1680, "Marang River Regent // Coil and Catch": 1311, "Felothar, Dawn of the Abzan": 770, "Skirmish Rhino": 1922, "Sandsteppe Citadel": 1786, "Blitz of the Thunder-Raptor_SB": 208, "Zirda, the Dawnwaker": 2492, "Svella, Ice Shaper": 2086, "Collision // Colossus_SB": 412, "Lukka, Bound to Ruin_SB": 1279, "Rebel Salvo": 1661, "Nahiri, Heir of the Ancients_SB": 1421, "Aether Hub": 45, "Power Word Kill": 1592, "Dreams of Laguna": 616, "Whir of Invention_SB": 2432, "Fateful Absence": 752, "Joust Through_SB": 1094, "Peerless Recycling_SB": 1556, "Brimaz, King of Oreskos_SB": 262, "Regal Caracal_SB": 1685, "Thunder Magic": 2208, "Absolute Virtue_SB": 27, "Mystic Sanctuary": 1418, "Broken Bond_SB": 265, "Fire Prophecy_SB": 786, "Lush Oasis": 1284, "Moment of Craving": 1381, "Cloud, Midgar Mercenary_SB": 398, "Mirrorshell Crab_SB": 1367, "Vanquish the Horde_SB": 2351, "Fire Magic": 783}}