{"vocabulary": {"Blackcleave Cliffs": 194, "Blightstep Pathway": 206, "Blood Crypt": 212, "Callous Sell-Sword": 288, "Claim // Fame": 378, "Den of the Bugbear": 534, "Emberheart Challenger": 668, "Fatal Push": 749, "Heartfire Hero": 952, "Infuriate": 1031, "Kumano Faces Kakkazan": 1175, "Manifold Mouse": 1304, "Monastery Swiftspear": 1379, "Monstrous Rage": 1381, "Mountain": 1392, "Ramunap Ruins": 1639, "Reckless Rage": 1662, "Screaming Nemesis": 1814, "Sokenzan, Crucible of Defiance": 1961, "Sulfurous Springs": 2053, "Claim the Firstborn_SB": 381, "Fatal Push_SB": 750, "Feed the Swarm_SB": 765, "Grafdigger's Cage_SB": 901, "Hazoret the Fervent_SB": 947, "Thoughtseize_SB": 2191, "Urabrask's Forge_SB": 2318, "Boseiju, Who Endures": 244, "Cavalier of Thorns": 332, "Elvish Mystic": 665, "Forest": 808, "Invasion of Ixalan": 1056, "Kiora, Behemoth Beckoner": 1140, "Lair of the Hydra": 1183, "Llanowar Elves": 1256, "Nykthos, Shrine to Nyx": 1467, "Oath of Nissa": 1471, "Old-Growth Troll": 1484, "Outcaster Trailblazer": 1514, "Storm the Festival": 2033, "Ulvenwald Oddity": 2282, "Wolfwillow Haven": 2453, "Cityscape Leveler_SB": 377, "Pithing Needle_SB": 1568, "Setessan Petitioner_SB": 1848, "The Mightstone and Weakstone_SB": 2161, "The Stone Brain_SB": 2172, "Tranquil Frillback_SB": 2241, "Wicked Wolf_SB": 2429, "Abrupt Decay": 25, "Blazemire Verge": 202, "Breeding Pool": 257, "Bring to Light": 261, "Deafening Clarion": 504, "Fable of the Mirror-Breaker": 729, "Fabled Passage": 731, "Floodfarm Verge": 796, "Godless Shrine": 892, "Hallowed Fountain": 929, "Hushwood Verge": 1012, "Indatha Triome": 1029, "Island": 1067, "Jetmir's Garden": 1086, "Ketria Triome": 1137, "Knight of Autumn": 1149, "Kolaghan's Command": 1159, "Leyline Binding": 1208, "Lightning Helix": 1231, "Maelstrom Pulse": 1287, "Nahiri, the Harbinger": 1413, "Niv-Mizzet Reborn": 1447, "Niv-Mizzet, Supreme": 1450, "Omnath, Locus of Creation": 1492, "Overgrown Tomb": 1519, "Pillage the Bog": 1567, "Plains": 1569, "Raffine's Tower": 1624, "Raugrin Triome": 1647, "Sacred Foundry": 1772, "Savai Triome": 1790, "Spara's Headquarters": 1984, "Steam Vents": 2019, "Stomping Ground": 2030, "Sunfall": 2064, "Swamp": 2085, "Sylvan Caryatid": 2095, "Up the Beanstalk": 2316, "Valki, God of Lies": 2334, "Vanishing Verse": 2345, "Watery Grave": 2409, "Ziatora's Proving Ground": 2486, "Casualties of War_SB": 319, "Cleansing Nova_SB": 383, "Dovin's Veto_SB": 589, "Kambal, Consul of Allocation_SB": 1105, "Notion Thief_SB": 1458, "Unmoored Ego_SB": 2311, "Yorion, Sky Nomad_SB": 2474, "Anointed Peacekeeper": 86, "Archon of Emeria": 104, "Aven Interrupter": 134, "Branchloft Pathway": 249, "Brushland": 266, "Collected Company": 400, "Eiganjo, Seat of the Empire": 642, "Enduring Innocence": 684, "Kellan, Daring Traveler": 1127, "Razorverge Thicket": 1654, "Shefet Dunes": 1875, "Skyclave Apparition": 1928, "Temple Garden": 2119, "Thalia, Guardian of Thraben": 2138, "Voice of Resurgence": 2372, "Werefox Bodyguard": 2423, "Anointed Peacekeeper_SB": 87, "Brutal Cathar_SB": 268, "Elite Spellbinder_SB": 657, "Gideon, Ally of Zendikar_SB": 860, "Portable Hole_SB": 1582, "Rest in Peace_SB": 1698, "Werefox Bodyguard_SB": 2424, "Blade of the Oni": 197, "Bloodtithe Harvester": 220, "Duress": 628, "Fear of Missing Out": 757, "Go for the Throat": 886, "Mutavault": 1405, "Sheoldred, the Apocalypse": 1881, "Thoughtseize": 2190, "Torch the Tower": 2227, "Unholy Annex && Ritual Chamber": 2299, "Urborg, Tomb of Yawgmoth": 2320, "Withering Torment": 2445, "Anger of the Gods_SB": 77, "Anoint with Affliction_SB": 85, "Duress_SB": 629, "Extinction Event_SB": 724, "Hidetsugu Consumes All_SB": 977, "Invoke Despair_SB": 1061, "Reckoner Bankbuster_SB": 1666, "Torpor Orb_SB": 2231, "Unlicensed Hearse_SB": 2308, "Abyssal Harvester": 29, "Haunted Ridge": 941, "Takenuma, Abandoned Mire": 2101, "Torch the Tower_SB": 2228, "Go Blank_SB": 884, "Withering Torment_SB": 2446, "Anoint with Affliction": 84, "Bloodletter of Aclazotz": 217, "Castle Locthwain": 317, "Heartless Act": 954, "Soulstone Sanctuary": 1983, "Unstoppable Slasher": 2312, "Dreams of Steel and Oil_SB": 616, "The End_SB": 2153, "The Meathook Massacre_SB": 2159, "Battle Cry Goblin": 165, "Cacophony Scamp": 282, "Cavern of Souls": 334, "Conspicuous Snoop": 432, "Copperline Gorge": 439, "Cragcrown Pathway": 450, "Fireblade Charger": 784, "Foundry Street Denizen": 818, "Karplusan Forest": 1110, "Legion Loyalist": 1204, "Rundvelt Hordemaster": 1760, "Searslicer Goblin": 1826, "Skirk Prospector": 1921, "Spinner of Souls": 1998, "Back to Nature_SB": 143, "Case of the Crimson Pulse_SB": 308, "Klothys, God of Destiny_SB": 1148, "Masked Vandal_SB": 1324, "Pick Your Poison_SB": 1565, "Redcap Melee_SB": 1672, "Rending Volley_SB": 1688, "Umori, the Collector_SB": 2284, "Witchstalker Frenzy_SB": 2441, "Kolaghan's Command_SB": 1160, "Blooming Marsh": 221, "Cauldron Familiar": 324, "Claim the Firstborn": 380, "Deadly Dispute": 502, "Fountainport": 819, "Llanowar Wastes": 1258, "Mayhem Devil": 1332, "Scavenger's Talent": 1799, "Witch's Oven": 2439, "Ygra, Eater of All": 2471, "Chandra's Defeat_SB": 354, "Damping Sphere_SB": 483, "Haywire Mite_SB": 944, "Heartless Act_SB": 955, "Ob Nixilis, the Adversary_SB": 1473, "Pawpatch Formation_SB": 1545, "Adanto Vanguard": 33, "Apostle of Purifying Light": 89, "Battlefield Forge": 168, "Blast Zone": 200, "Colossus Hammer": 413, "Fervent Champion": 770, "Kellan, the Fae-Blooded": 1129, "Leyline Axe": 1207, "Needleverge Pathway": 1426, "Portable Hole": 1581, "Shadowspear": 1857, "Sheltered by Ghosts": 1877, "Sigarda's Aid": 1898, "Thran Power Suit": 2194, "Abrade_SB": 24, "Glass Casket_SB": 870, "Leyline of Sanctity_SB": 1214, "Strict Proctor_SB": 2046, "Bonecrusher Giant": 235, "Eidolon of the Great Revel": 640, "Hired Claw": 984, "Lightning Strike": 1233, "Ojer Axonil, Deepest Might": 1482, "Play with Fire": 1572, "Spikefield Hazard": 1996, "Wild Slash": 2431, "Leyline of Combustion_SB": 1211, "Magebane Lizard_SB": 1293, "Rampaging Ferocidon_SB": 1637, "Scorching Shot_SB": 1805, "Abhorrent Oculus": 21, "Augur of Bolas": 130, "Barkchannel Pathway": 157, "Botanical Sanctum": 246, "Bushwhack": 277, "Essence Flux": 703, "Fading Hope": 735, "Fallaji Archaeologist": 743, "Neoform": 1429, "Otawara, Soaring City": 1510, "Satyr Wayfinder": 1788, "Stubborn Denial": 2049, "Thundertrap Trainer": 2205, "Traverse the Ulvenwald": 2246, "Tyvar's Stand": 2271, "Disdainful Stroke_SB": 565, "Ghost Vacuum_SB": 852, "Into the Flood Maw_SB": 1050, "Mazemind Tome_SB": 1334, "Mystical Dispute_SB": 1410, "Natural State_SB": 1421, "Negate_SB": 1428, "Tamiyo's Safekeeping_SB": 2106, "Test of Talents_SB": 2134, "Unable to Scream_SB": 2286, "Clearwater Pathway": 386, "Darkslick Shores": 491, "Fear of Isolation": 756, "Gloomlake Verge": 880, "Hall of Storm Giants": 928, "Hive of the Eye Tyrant": 986, "Hopeless Nightmare": 995, "Narset, Parter of Veils": 1418, "Nowhere to Run": 1460, "Stormchaser's Talent": 2036, "The Meathook Massacre": 2158, "This Town Ain't Big Enough": 2184, "Tithing Blade": 2217, "Undercity Sewers": 2291, "Cling to Dust_SB": 392, "Cut Down_SB": 481, "Kalitas, Traitor of Ghet_SB": 1104, "Tail Swipe_SB": 2099, "Bishop of Wings": 188, "Emeria's Call": 672, "Giada, Font of Hope": 855, "Kayla's Reconstruction": 1120, "Resplendent Angel": 1697, "Righteous Valkyrie": 1716, "The Book of Exalted Deeds": 2149, "Archon of Emeria_SB": 105, "Knight of Autumn_SB": 1150, "Reidane, God of the Worthy_SB": 1682, "Settle the Wreckage_SB": 1851, "Arclight Phoenix": 106, "Artist's Talent": 108, "Brazen Borrower": 254, "Consider": 429, "Fiery Impulse": 777, "Into the Flood Maw": 1049, "Ledger Shredder": 1197, "Lightning Axe": 1229, "Opt": 1500, "Picklock Prankster": 1566, "Proft's Eidetic Memory": 1594, "Riverglide Pathway": 1728, "Sleight of Hand": 1940, "Spell Pierce": 1989, "Spirebluff Canal": 2000, "Stormcarved Coast": 2034, "Treasure Cruise": 2249, "Aether Gust_SB": 43, "Annul_SB": 83, "Brazen Borrower_SB": 255, "Brotherhood's End_SB": 265, "Prismari Command_SB": 1592, "Pyroclasm_SB": 1607, "Third Path Iconoclast_SB": 2182, "Slickshot Show-Off": 1941, "Claim // Fame_SB": 379, "Reckless Rage_SB": 1663, "Built to Smash": 270, "Soul-Scar Mage": 1977, "Thud": 2201, "Titan's Strength": 2215, "Turn Inside Out": 2262, "Wayward Guide-Beast": 2410, "Dreadmaw's Ire_SB": 609, "End the Festivities_SB": 680, "Kari Zev's Expertise_SB": 1107, "Light Up the Stage_SB": 1226, "Obosh, the Preypiercer_SB": 1476, "Voldaren Thrillseeker_SB": 2384, "Legion Extruder": 1201, "Bitter Triumph_SB": 193, "Spell Pierce_SB": 1990, "Leyline of the Guildpact": 1217, "Arasta of the Endless Web_SB": 94, "Elesh Norn, Mother of Machines_SB": 654, "Emrakul, the Promised End_SB": 676, "Keen-Eyed Curator_SB": 1125, "Monstrous Emergence_SB": 1380, "Scrapshooter_SB": 1812, "Blot Out_SB": 227, "Ancestral Anger": 71, "Screaming Nemesis_SB": 1815, "Feed the Swarm": 764, "Sheoldred, the Apocalypse_SB": 1882, "Vivien Reid_SB": 2369, "Rockface Village": 1739, "Knockout Blow_SB": 1157, "Shapers' Sanctuary_SB": 1864, "The Wandering Emperor_SB": 2174, "Invoke Despair": 1060, "Kroxa, Titan of Death's Hunger": 1173, "Grasp of Darkness_SB": 903, "Agatha's Soul Cauldron": 51, "Darkbore Pathway": 490, "Forsaken Miner": 811, "Insidious Roots": 1042, "Necrotic Wound": 1424, "Overlord of the Balemurk": 1520, "Priest of Forgotten Gods": 1590, "Rubblebelt Maverick": 1755, "Scrapheap Scrounger": 1810, "Souls of the Lost": 1981, "Stitcher's Supplier": 2027, "Tyvar, Jubilant Brawler": 2273, "Boseiju, Who Endures_SB": 245, "Necrotic Wound_SB": 1425, "Path of Peril_SB": 1543, "Angel of Serenity": 75, "Atraxa, Grand Unifier": 124, "Enigmatic Incarnation": 688, "Kutzil's Flanker": 1180, "Linvala, the Preserver": 1249, "Overlord of the Boilerbilges": 1522, "Overlord of the Floodpits": 1523, "Overlord of the Hauntwoods": 1524, "Overlord of the Mistmoors": 1525, "Zagoth Triome": 2480, "Zur, Eternal Schemer": 2492, "Elspeth's Smite_SB": 660, "Thought Distortion_SB": 2187, "March of Swirling Mist_SB": 1313, "Ruric Thar, the Unbowed": 1765, "Adarkar Wastes": 35, "Enduring Curiosity": 682, "Hengegate Pathway": 965, "Invasion of Gobakhan": 1054, "Mausoleum Wanderer": 1330, "No More Lies": 1452, "Rattlechains": 1643, "Seachrome Coast": 1819, "Spell Queller": 1991, "Supreme Phantom": 2075, "The Wandering Emperor": 2173, "Enduring Innocence_SB": 685, "Sheltered by Ghosts_SB": 1878, "Split Up_SB": 2005, "Wedding Announcement_SB": 2419, "Beanstalk Giant": 170, "Greater Tanuki": 909, "Lush Portico": 1281, "Quintorius Kand": 1619, "Release to the Wind": 1683, "Spark Double": 1985, "Spinewoods Armadillo": 1997, "Trumpeting Carnosaur": 2260, "Virtue of Persistence": 2362, "Consign // Oblivion_SB": 431, "Dragonlord Dromoka_SB": 595, "Gyruda, Doom of Depths_SB": 926, "Horned Loch-Whale_SB": 998, "Keruga, the Macrosage_SB": 1134, "Roaring Furnace && Steaming Sauna_SB": 1733, "Swamp_SB": 2086, "Liliana of the Veil_SB": 1239, "Ghitu Lavarunner": 850, "Light Up the Stage": 1225, "Wizard's Lightning": 2449, "Aloe Alchemist": 61, "Atarka's Command": 122, "Burning-Tree Emissary": 273, "Cunning Coyote": 475, "Reckless Bushwhacker": 1658, "Thornspire Verge": 2186, "Destructive Revelry_SB": 548, "Sire of Insanity_SB": 1916, "Leyline of the Void_SB": 1218, "Hostage Taker": 1001, "Go for the Throat_SB": 887, "Squirming Emergence": 2010, "Souls of the Lost_SB": 1982, "Beza, the Bounding Spring": 180, "Glasspool Mimic": 871, "Sunpetal Grove": 2069, "Titan of Industry": 2213, "Ruric Thar, the Unbowed_SB": 1766, "Crackling Drake_SB": 449, "Callous Bloodmage": 286, "Sunfall_SB": 2065, "Skewer the Critics": 1920, "Sunspine Lynx_SB": 2074, "Drowned Catacomb": 623, "Elesh Norn, Mother of Machines": 653, "Mana Confluence": 1303, "Woodland Cemetery": 2455, "Barrier Breach_SB": 159, "Molten Collapse_SB": 1373, "Caustic Bronco_SB": 326, "Ashiok, Dream Render_SB": 111, "Guardian of Faith_SB": 920, "Deduce": 518, "Deserted Beach": 541, "Dovin's Veto": 588, "Farewell": 747, "Field of Ruin": 773, "Geier Reach Sanitarium": 842, "Get Lost": 845, "Hallowed Moonlight": 930, "March of Otherworldly Light": 1310, "Memory Deluge": 1338, "Restless Anchorage": 1699, "Supreme Verdict": 2076, "Teferi, Hero of Dominaria": 2116, "Beza, the Bounding Spring_SB": 181, "Farewell_SB": 748, "Kaheera, the Orphanguard_SB": 1096, "Narset, Parter of Veils_SB": 1419, "Shark Typhoon_SB": 1868, "Supreme Verdict_SB": 2077, "Archdruid's Charm": 99, "Bala Ged Recovery": 145, "Dark Petition": 487, "Emergent Ultimatum": 670, "Fae of Wishes": 737, "Hidden Strings": 975, "Lier, Disciple of the Drowned": 1221, "Lotus Field": 1274, "Omniscience": 1495, "Pore Over the Pages": 1578, "Scattered Groves": 1796, "Soul Partition": 1971, "Strict Proctor": 2045, "Sylvan Scrying": 2097, "Thespian's Stage": 2179, "Vizier of Tumbling Sands": 2370, "Approach of the Second Sun_SB": 91, "Emergent Ultimatum_SB": 671, "Glistening Deluge_SB": 879, "Nine Lives_SB": 1437, "Silence_SB": 1900, "Temporary Lockdown_SB": 2127, "Voyaging Satyr_SB": 2390, "Zacama, Primal Calamity_SB": 2478, "Galvanic Iteration": 835, "Temporal Trespass": 2125, "Lightning Helix_SB": 1232, "Confounding Riddle": 426, "Experimental Augury": 716, "Fleeting Spirit": 792, "Get Out": 847, "Inspiring Vantage": 1044, "Jace Reawakened": 1071, "Lore Drakkis": 1270, "Open the Omenpaths": 1498, "Saiba Cryptomancer": 1776, "Sea-Dasher Octopus": 1818, "Vadrok, Apex of Thunder": 2327, "Dromoka's Command": 620, "Kappa Tech-Wrecker": 1106, "Mirrex": 1358, "Dromoka's Command_SB": 621, "Eldrazi Displacer_SB": 648, "Burst Lightning": 275, "Innkeeper's Talent": 1034, "Questing Druid": 1614, "Snakeskin Veil": 1951, "Dusk // Dawn_SB": 630, "Hedge Maze": 956, "Otherworldly Gaze": 1511, "Sentinel of the Nameless City": 1841, "Yavimaya Coast": 2470, "Thassa's Oracle_SB": 2143, "Bitter Triumph": 192, "Concealed Courtyard": 421, "Elegant Parlor": 650, "Greasefang, Okiba Boss": 906, "Parhelion II": 1537, "Skysovereign, Consul Flagship": 1934, "Containment Priest_SB": 436, "Deafening Silence_SB": 507, "Vanishing Verse_SB": 2346, "Archfiend of the Dross": 100, "Faerie Mastermind": 740, "Floodpits Drowner": 797, "Inscription of Ruin": 1039, "Kaito, Bane of Nightmares": 1099, "Sheoldred's Edict": 1879, "Shipwreck Marsh": 1886, "Tinybones, the Pickpocket": 2208, "Underground River": 2293, "Weathered Runestone_SB": 2414, "Blossoming Defense": 222, "Scorching Shot": 1804, "Questing Druid_SB": 1615, "Fetid Pools": 772, "Mockingbird": 1369, "Moon-Circuit Hacker": 1385, "Silvergill Adept": 1908, "Triton Shorestalker": 2258, "Vodalian Hexcatcher": 2371, "Tishana's Tidebinder_SB": 2212, "Blood Baron of Vizkopa": 210, "Deafening Clarion_SB": 505, "Smuggler's Copter": 1947, "Welcoming Vampire": 2421, "Candy Trail": 294, "Cling to Dust": 391, "Crucible of Worlds": 459, "Demolition Field": 529, "Extinction Event": 723, "March of Wretched Sorrow": 1314, "Mazemind Tome": 1333, "Fracture_SB": 821, "Plains_SB": 1570, "Deadly Cover-Up": 500, "Tinybones Joins Up": 2207, "Chrome Host Seedshark_SB": 373, "Destiny Spinner": 544, "Izoni, Center of the Web": 1069, "Moon-Blessed Cleric": 1384, "Noxious Gearhulk": 1462, "Yorion, Sky Nomad": 2473, "Cavern of Souls_SB": 335, "Destiny Spinner_SB": 545, "Glarb, Calamity's Augur_SB": 869, "High Noon_SB": 981, "Sin Collector_SB": 1912, "Cache Grab": 281, "Cult Conscript": 474, "Deathrite Shaman": 511, "Haywire Mite": 943, "Slickshot Show-Off_SB": 1942, "Ancient Cornucopia": 73, "Culling Ritual": 472, "Unmoored Ego": 2310, "Might of the Meek": 1353, "Split Up": 2004, "Obstinate Baloth_SB": 1478, "Change the Equation": 363, "Meticulous Archive": 1351, "Hullbreaker Horror_SB": 1008, "Narset's Reversal_SB": 1417, "Mutavault_SB": 1406, "Grisly Salvage": 914, "Oracle of Tragedy": 1503, "Samut, Voice of Dissent": 1780, "Sire of Seven Deaths": 1917, "Soulflayer": 1979, "Striped Riverwinder": 2047, "Urborg Scavengers": 2319, "Zetalpa, Primal Dawn": 2485, "Collective Brutality_SB": 403, "Culling Ritual_SB": 473, "Cast Out": 313, "Day of Judgment": 496, "Lay Down Arms": 1193, "Sunken Citadel": 2066, "Blast Zone_SB": 201, "Cleansing Wildfire_SB": 385, "Vanish into Eternity_SB": 2344, "Aven Interrupter_SB": 135, "Get Lost_SB": 846, "Faerie Miscreant": 741, "Spyglass Siren": 2009, "Enduring Curiosity_SB": 683, "Mukotai Ambusher_SB": 1399, "Change the Equation_SB": 364, "Clever Impersonator": 387, "Gyruda, Doom of Depths": 925, "Beacon Bolt_SB": 169, "Proft's Eidetic Memory_SB": 1595, "Thing in the Ice_SB": 2181, "Invasion of Gobakhan_SB": 1055, "Bandit's Talent": 149, "Liliana of the Veil": 1238, "Waste Not": 2404, "Transmogrify": 2242, "Tribute to Horobi": 2256, "Volcanic Spite": 2380, "Virtue of Persistence_SB": 2363, "Void Winnower_SB": 2379, "Zirda, the Dawnwaker_SB": 2488, "Eidolon of Rhetoric_SB": 639, "Remorseful Cleric_SB": 1687, "Selfless Spirit_SB": 1840, "Hunter's Talent": 1009, "Polukranos Reborn": 1576, "Rhonas the Indomitable": 1713, "Dig Through Time": 557, "Flip the Switch": 795, "Indomitable Creativity": 1030, "Negate": 1427, "Phantom Interference": 1556, "Prismari Command": 1591, "Shark Typhoon": 1867, "Shivan Reef": 1887, "Valgavoth, Terror Eater": 2332, "Vaultborn Tyrant": 2347, "Boltwave": 230, "Vengeful Possession": 2353, "Hidetsugu's Second Rite_SB": 979, "Unchained Berserker_SB": 2287, "Elenda, Saint of Dusk": 651, "Xander's Lounge": 2462, "Hunter's Talent_SB": 1010, "Lifebane Zombie_SB": 1223, "Syr Ginger, the Meal Ender": 2098, "Castle Ardenvale": 314, "Legion's Landing": 1206, "Nurturing Pixie": 1466, "Oath of Kaya": 1470, "Optimistic Scavenger": 1501, "Adeline, Resplendent Cathar": 36, "Coppercoat Vanguard": 438, "Dauntless Bodyguard": 493, "Declaration in Stone": 516, "Extraction Specialist": 726, "Fortified Beachhead": 813, "Hopeful Initiate": 993, "Recruitment Officer": 1670, "Reflector Mage": 1676, "Thalia's Lieutenant": 2137, "Extraction Specialist_SB": 727, "Reflector Mage_SB": 1677, "Chandra, Dressed to Kill_SB": 358, "Collective Brutality": 402, "Drown in the Loch": 622, "Jwari Disruption": 1094, "Omen of the Sea": 1489, "Trial of Ambition": 2255, "Kaito, Bane of Nightmares_SB": 1100, "Lion Sash": 1251, "Loran of the Third Path": 1265, "Bond of Insight": 233, "Expedition Map": 713, "Valakut Awakening": 2328, "Fiery Impulse_SB": 778, "Niv-Mizzet, Parun_SB": 1449, "Pawpatch Recruit": 1546, "Censor": 345, "Ertai Resurrected": 695, "Three Steps Ahead": 2196, "Torrential Gearhulk": 2232, "Get Out_SB": 848, "Jace, Vryn's Prodigy_SB": 1075, "Long Goodbye_SB": 1262, "Deadly Cover-Up_SB": 501, "Chained to the Rocks": 347, "Pia Nalaar, Consul of Revival": 1564, "Reckless Impulse": 1660, "Showdown of the Skalds": 1893, "Wrenn's Resolve": 2461, "Showdown of the Skalds_SB": 1894, "Krenko's Buzzcrusher": 1169, "Declaration in Stone_SB": 517, "Yasharn, Implacable Earth_SB": 2468, "Preacher of the Schism_SB": 1589, "Twisted Fealty_SB": 2268, "Brightclimb Pathway": 258, "Cut Down": 480, "Extract the Truth_SB": 725, "Malcolm, Alluring Scoundrel": 1302, "Restless Prairie": 1702, "Youthful Valkyrie": 2476, "Authority of the Consuls_SB": 133, "Crystal Barricade_SB": 470, "Kytheon, Hero of Akros": 1182, "Containment Priest": 435, "Brutal Cathar": 267, "Brave the Elements": 252, "Fateful Absence_SB": 752, "Trostani, Three Whispers": 2259, "Voice of Resurgence_SB": 2373, "Bassara Tower Archer": 164, "Cloudsteel Kirin": 397, "Gladecover Scout": 868, "Lizard Blades": 1255, "Chained to the Rocks_SB": 348, "Bloodsoaked Champion": 218, "Osteomancer Adept": 1509, "Scavenging Ooze": 1801, "Snarling Gorehound": 1953, "Underground Mortuary": 2292, "Knight of Dusk's Shadow_SB": 1151, "Molten Collapse": 1372, "Sheoldred's Edict_SB": 1880, "Viashino Pyromancer": 2355, "Searing Blood": 1824, "Chandra, Torch of Defiance_SB": 362, "Bomat Courier_SB": 232, "Bonecrusher Giant_SB": 236, "Magma Spray_SB": 1297, "Searing Blood_SB": 1825, "Lightning Strike_SB": 1234, "Unholy Annex // Ritual Chamber": 2301, "Ral, Crackling Wit_SB": 1633, "Young Pyromancer_SB": 2475, "Aven Mindcensor_SB": 136, "Kutzil's Flanker_SB": 1181, "Kaito Shizuki": 1097, "Aclazotz, Deepest Betrayal_SB": 32, "Three Steps Ahead_SB": 2197, "Hollow One": 988, "Inti, Seneschal of the Sun": 1046, "Restless Vents": 1705, "Fiery Temper": 779, "Voldaren Epicure": 2382, "Stalactite Stalker": 2014, "Harvester of Misery_SB": 939, "Hostile Investigator_SB": 1004, "Lamplight Phoenix_SB": 1184, "Lithomantic Barrage_SB": 1253, "Roiling Vortex_SB": 1744, "Boros Charm": 241, "Fugitive Codebreaker_SB": 831, "Razorkin Needlehead_SB": 1653, "Camellia, the Seedmiser": 290, "Deathcap Glade": 508, "Gilded Goose": 863, "Trail of Crumbs": 2237, "Vinereap Mentor": 2358, "Vraska, Golgari Queen": 2393, "Abrupt Decay_SB": 26, "Assassin's Trophy_SB": 119, "Voldaren Thrillseeker": 2383, "Tree of Perdition": 2253, "Raucous Theater": 1646, "Absorb": 27, "Castle Vantress": 318, "Elspeth's Smite": 659, "Glacial Fortress": 867, "Irrigated Farmland": 1064, "Temporary Lockdown": 2126, "Destroy Evil_SB": 547, "Brave the Elements_SB": 253, "Protect the Negotiators_SB": 1602, "Sunset Revelry_SB": 2072, "Thirst for Meaning": 2183, "Entity Tracker_SB": 692, "Treacherous Blessing": 2247, "Skyclave Apparition_SB": 1929, "Restless Reef": 1703, "Case of the Stashed Skeleton": 311, "Rakdos Joins Up": 1628, "Massacre Wurm_SB": 1327, "Biting-Palm Ninja": 189, "Dokuchi Silencer": 578, "Ornithopter": 1505, "Satoru, the Infiltrator": 1787, "Silver-Fur Master": 1905, "Thousand-Faced Shadow": 2192, "Kaito Shizuki_SB": 1098, "Slaughter Games": 1937, "Discontinuity": 562, "Dream Trawler": 610, "Impulse": 1026, "Settle the Wreckage": 1850, "Chandra, Awakened Inferno_SB": 356, "Dream Trawler_SB": 611, "Reckoner Bankbuster": 1665, "Kroxa, Titan of Death's Hunger_SB": 1174, "Skysovereign, Consul Flagship_SB": 1935, "Helping Hand": 964, "Thalia, Guardian of Thraben_SB": 2139, "Goblin Chainwhirler_SB": 889, "Pawpatch Recruit_SB": 1547, "Assimilation Aegis": 120, "Brass Knuckles": 250, "Fabrication Foundry": 732, "Ingenious Smith": 1033, "Inventors' Fair": 1058, "Metalwork Colossus": 1349, "Moonsnare Prototype": 1387, "Sanctum of Ugin": 1781, "Simulacrum Synthesizer": 1911, "The Irencrag": 2157, "Metallic Rebuke_SB": 1348, "Mystic Forge_SB": 1407, "Demilich": 527, "Stern Dismissal": 2022, "Jace, Wielder of Mysteries_SB": 1076, "Magda, Brazen Outlaw": 1291, "Holy Cow": 989, "Lyra Dawnbringer_SB": 1283, "Enduring Vitality": 687, "Colossal Skyturtle_SB": 411, "Takenuma, Abandoned Mire_SB": 2102, "Soul Transfer": 1973, "High Noon": 980, "Horned Loch-Whale": 997, "Sphinx's Revelation": 1994, "Tale's End": 2103, "Urza's Sylex_SB": 2326, "Snow-Covered Forest": 1954, "Cryptic Coat": 467, "Darksteel Citadel": 492, "Ensoul Artifact": 689, "Shrapnel Blast": 1895, "Burst Lightning_SB": 276, "Shadowspear_SB": 1858, "Voltage Surge_SB": 2387, "Herd Migration": 970, "Roaring Furnace // Steaming Sauna_SB": 1735, "Entity Tracker": 691, "Omen of the Dead": 1487, "Tyvar, the Pummeler": 2274, "Kayla's Reconstruction_SB": 1121, "Sentinel of the Nameless City_SB": 1842, "Welcoming Vampire_SB": 2422, "Prosperous Thief": 1600, "Rottenmouth Viper": 1749, "Misery's Shadow_SB": 1362, "Rottenmouth Viper_SB": 1750, "Deflecting Palm_SB": 525, "Cathartic Pyre": 322, "Silundi Vision": 1904, "Wish": 2438, "Filter Out_SB": 781, "Lier, Disciple of the Drowned_SB": 1222, "Fiend Artisan": 775, "Werewolf Pack Leader": 2425, "Outland Liberator_SB": 1515, "Prowling Serpopard_SB": 1603, "Kazandu Mammoth": 1122, "Sharp-Eyed Rookie": 1869, "Genesis Wave": 844, "Hostile Hostel": 1002, "Ill-Timed Explosion": 1017, "Magma Opus": 1296, "Sublime Epiphany": 2051, "Thundering Falls": 2204, "Alpine Moon_SB": 63, "Ral, Izzet Viceroy_SB": 1634, "Ayara's Oathsworn": 140, "Atraxa, Grand Unifier_SB": 125, "Valgavoth, Terror Eater_SB": 2333, "Commit // Memory": 417, "Jace, Vryn's Prodigy": 1074, "Mission Briefing": 1364, "Sorin the Mirthless": 1968, "Vein Ripper": 2349, "Veteran Survivor": 2354, "Loran of the Third Path_SB": 1266, "Treacherous Blessing_SB": 2248, "Skullcrack_SB": 1927, "Shardmage's Rescue": 1865, "Knight of Grace_SB": 1153, "Can't Stay Away": 292, "Eldritch Evolution": 649, "Esika's Chariot": 699, "Glissa Sunslayer": 877, "Raffine's Informant": 1623, "Witherbloom Command": 2443, "Graveyard Trespasser_SB": 905, "Curious Obsession": 477, "Geistlight Snare": 843, "Spectral Sailor": 1988, "Kalitas, Traitor of Ghet": 1103, "Ledger Shredder_SB": 1198, "Dawnbringer Cleric_SB": 495, "Tranquil Frillback": 2240, "Council of the Absolute_SB": 445, "Spirit of the Labyrinth_SB": 2001, "Suncleanser_SB": 2060, "Adventurous Impulse": 39, "Monastery Mentor_SB": 1378, "Soul Partition_SB": 1972, "Surge of Righteousness_SB": 2079, "Arboreal Grazer": 95, "Languish_SB": 1186, "Sphinx of the Final Word_SB": 1993, "Snakeskin Veil_SB": 1952, "Cathar Commando_SB": 321, "Destroy Evil": 546, "Serra Paragon_SB": 1846, "Graveyard Trespasser": 904, "Arcane Proxy": 97, "Chrome Host Seedshark": 372, "Path of Peril": 1542, "See the Truth": 1832, "Ambitious Farmhand": 66, "Cascading Cataracts": 306, "Charming Prince": 368, "Golos, Tireless Pilgrim": 897, "Helpful Hunter": 963, "Ossification": 1507, "Serra Paragon": 1845, "Spirited Companion": 2003, "Thalia's Lancers": 2136, "Touch the Spirit Realm": 2234, "Nashi, Searcher in the Dark": 1420, "Wilt-Leaf Liege_SB": 2434, "Shadowy Backstreet": 1859, "Shambling Vent": 1862, "Brass's Tunnel-Grinder": 251, "Goblin Instigator": 890, "Raise the Past": 1627, "Caretaker's Talent": 298, "Carrot Cake": 301, "Sundown Pass": 2063, "Wedding Announcement": 2418, "Westvale Abbey": 2426, "Imodane's Recruiter_SB": 1024, "Thought-Knot Seer_SB": 2189, "Divine Smite_SB": 576, "Day of Judgment_SB": 497, "Behold the Beyond": 174, "Nine Lives": 1436, "Temple of Mystery": 2124, "Grand Abolisher_SB": 902, "Surge of Salvation": 2080, "Day's Undoing": 498, "Unable to Scream": 2285, "Stubborn Denial_SB": 2050, "Thalia and The Gitrog Monster": 2135, "Cosmic Rebirth_SB": 444, "Dreadbore_SB": 605, "Fires of Invention": 785, "Tolsimir, Friend to Wolves": 2221, "Heliod, the Radiant Dawn": 961, "Kenrith, the Returned King": 1132, "Cavalier of Dawn": 330, "Kotose, the Silent Spider": 1165, "Sulfur Falls": 2052, "Marina Vendrell": 1317, "Krenko's Buzzcrusher_SB": 1170, "Archon of Absolution_SB": 103, "Chandra, Torch of Defiance": 361, "Fanatic of Mogis": 744, "Leyline of Combustion": 1210, "Razorkin Needlehead": 1652, "Shatterskull Smashing": 1873, "Solphim, Mayhem Dominus": 1964, "Torbran, Thane of Red Fell": 2225, "Fable of the Mirror-Breaker_SB": 730, "Altanak, the Thrice-Called": 65, "Say Its Name": 1791, "Witherbloom Command_SB": 2444, "Deathmist Raptor": 510, "Oblivious Bookworm": 1475, "Cerulean Drake_SB": 346, "Kraul Harpooner_SB": 1167, "Lavabrink Venturer_SB": 1189, "Prosperous Innkeeper_SB": 1599, "Soulless Jailer_SB": 1980, "Nylea's Intervention_SB": 1468, "Gleaming Geardrake": 873, "Thraben Inspector": 2193, "Faithful Mending": 742, "Kiora, the Rising Tide": 1141, "Recommission": 1668, "Tainted Indulgence": 2100, "Tome Scour": 2223, "Fragmentize_SB": 822, "Unholy Annex && Ritual Chamber_SB": 2300, "Augur of Autumn_SB": 129, "Barkhide Troll": 158, "Gather Courage": 839, "Keen-Eyed Curator": 1124, "Tribute to the World Tree": 2257, "Inscription of Abundance_SB": 1038, "Setessan Tactics_SB": 1849, "Prosperous Thief_SB": 1601, "Shatterskull Smashing_SB": 1874, "Blacksmith's Talent": 195, "Bladehold War-Whip": 198, "Chainsaw": 349, "Kemba, Kha Enduring": 1130, "Nahiri, Forged in Fury": 1411, "Sword of Forge and Frontier": 2092, "Rebel Salvo_SB": 1657, "Aftermath Analyst": 48, "Arid Archway": 107, "Bloodthirsty Conqueror": 219, "Dina, Soul Steeper": 559, "Dryad of the Ilysian Grove": 625, "Iridescent Vinelasher": 1063, "Jaddi Offshoot": 1079, "Lumra, Bellow of the Woods": 1279, "Mirrorpool": 1359, "Retreat to Hagra": 1709, "Scapeshift": 1794, "Spelunking": 1992, "Bristly Bill, Spine Sower_SB": 262, "Deathrite Shaman_SB": 512, "Scavenging Ooze_SB": 1802, "Undergrowth Champion_SB": 2294, "Solemnity_SB": 1963, "Deputy of Detention": 538, "Tyvar, the Pummeler_SB": 2275, "Elder Gargaroth": 645, "Silverback Elder": 1906, "Silverback Elder_SB": 1907, "No More Lies_SB": 1453, "Celestial Armor": 340, "Wear // Tear_SB": 2412, "Deputy of Detention_SB": 539, "Brotherhood's End": 264, "Galvanic Iteration_SB": 836, "Thalia, Heretic Cathar": 2140, "Zephyr Sentinel_SB": 2484, "Cindervines_SB": 374, "Collector's Vault": 407, "Etali, Primal Conqueror": 705, "Seize the Spoils": 1834, "Zombify": 2490, "Worldspine Wurm_SB": 2459, "Xenagos, God of Revels_SB": 2464, "Novice Inspector": 1459, "Warden of the Inner Sky": 2400, "Resolute Reinforcements": 1695, "Venerated Loxodon": 2351, "Knight-Errant of Eos": 1155, "Imodane's Recruiter": 1023, "Case of the Gateway Express": 309, "Gleeful Demolition": 874, "Clifftop Retreat": 390, "Light of Hope_SB": 1227, "Surge of Salvation_SB": 2081, "Soul-Guide Lantern_SB": 1976, "Zoetic Glyph": 2489, "Sweltering Suns_SB": 2089, "The Akroan War_SB": 2146, "Preacher of the Schism": 1588, "Castle Embereth": 315, "Kellan, Planar Trailblazer": 1128, "Zurgo Bellstriker": 2493, "Experimental Frenzy_SB": 718, "March of Swirling Mist": 1312, "Floodpits Drowner_SB": 798, "Massacre Wurm": 1326, "Valgavoth's Faithful": 2330, "Kenrith's Transformation_SB": 1131, "Swiftfoot Boots": 2090, "Citizen's Crowbar_SB": 375, "Lion Sash_SB": 1252, "Aclazotz, Deepest Betrayal": 31, "Go Blank": 883, "Gifted Aetherborn_SB": 862, "March of Wretched Sorrow_SB": 1315, "Dissection Tools": 571, "Perilous Snare": 1551, "Wedding Invitation": 2420, "Repurposing Bay_SB": 1693, "Mendicant Core, Guidelight": 1341, "Metallic Rebuke": 1347, "Voyager Glidecar": 2388, "Cryptic Coat_SB": 468, "All That Glitters": 60, "Alpha Authority": 62, "Audacity": 126, "Chaplain of Alms": 367, "Ethereal Armor": 707, "Gryff's Boon": 917, "Light-Paws, Emperor's Voice": 1228, "Rune of Might": 1761, "Sentinel's Eyes": 1843, "Toadstool Admirer": 2218, "Adanto Vanguard_SB": 34, "Dawnbringer Cleric": 494, "Momentum Breaker_SB": 1376, "Bard Class": 156, "Birgi, God of Storytelling": 186, "Crater's Claws": 453, "Domri, Anarch of Bolas": 580, "Gallia of the Endless Dance": 834, "Hajar, Loyal Bodyguard": 927, "Klothys, God of Destiny": 1147, "Migloz, Maze Crusher": 1354, "Mox Amber": 1394, "Samut, Vizier of Naktamun": 1779, "Targ Nar, Demon-Fang Gnoll": 2110, "Xenagos, the Reveler": 2465, "Banefire_SB": 152, "Tormod's Crypt_SB": 2230, "Zurgo Bellstriker_SB": 2494, "Bolas's Citadel": 229, "Catacomb Sifter": 320, "Prosperous Innkeeper": 1598, "Woe Strider": 2451, "Glissa Sunslayer_SB": 878, "Liliana, Heretical Healer_SB": 1243, "Status // Statue_SB": 2018, "Hare Apparent": 937, "Lavaspur Boots": 1190, "Patchwork Automaton": 1539, "Sab-Sunen, Luxa Embodied": 1770, "Greasewrench Goblin": 907, "Moonshaker Cavalry_SB": 1386, "Nahiri, the Harbinger_SB": 1414, "Agadeem's Awakening": 49, "Nighthawk Scavenger": 1433, "Soaring Thought-Thief": 1960, "Thieves' Guild Enforcer": 2180, "Zareth San, the Trickster": 2482, "Nighthawk Scavenger_SB": 1434, "Grim Bauble": 911, "Momentum Breaker": 1375, "Oildeep Gearhulk_SB": 1481, "Count on Luck_SB": 446, "Valor's Flagship": 2338, "Shacklegeist_SB": 1854, "Monument to Endurance_SB": 1383, "Brightglass Gearhulk": 259, "Dredger's Insight": 617, "Archfiend's Vessel": 102, "Lively Dirge": 1254, "Merfolk Secretkeeper": 1344, "Raffine, Scheming Seer": 1625, "Callous Sell-Sword_SB": 289, "Dreadhorde Arcanist_SB": 607, "Tyrranax Rex_SB": 2270, "Coalstoke Gearhulk": 399, "Shacklegeist": 1853, "Ossification_SB": 1508, "Memory Guardian": 1340, "Behold the Multiverse": 175, "Mastermind's Acquisition": 1328, "Peer into the Abyss": 1549, "Behold the Multiverse_SB": 176, "Witchstalker Frenzy": 2440, "Grim Bauble_SB": 912, "Ray of Enfeeblement_SB": 1649, "Tears of Valakut_SB": 2114, "Ketramose, the New Dawn_SB": 1136, "Flicker of Fate": 794, "Heroic Intervention_SB": 974, "Polukranos Reborn_SB": 1577, "Azor, the Lawbringer": 141, "Emry, Lurker of the Loch": 677, "Jeskai Ascendancy": 1084, "Mishra's Research Desk": 1363, "Restless Spire": 1704, "Retraction Helix": 1707, "Saheeli, Sublime Artificer": 1774, "Tormod's Crypt": 2229, "Devout Decree_SB": 552, "Strangle_SB": 2042, "Valley Floodcaller_SB": 2336, "Valorous Stance_SB": 2339, "Djeru's Renunciation": 577, "Drannith Healer": 600, "Drannith Stinger": 602, "Flourishing Fox": 800, "Footfall Crater": 806, "Go for Blood": 885, "Marauding Mako": 1308, "Monument to Endurance": 1382, "Sunbillow Verge": 2059, "Zenith Flare": 2483, "Mukotai Ambusher": 1398, "Bloodghast": 216, "Molt Tender": 1371, "Driven // Despair_SB": 619, "Ashiok, Wicked Manipulator_SB": 117, "Anim Pakal, Thousandth Moon": 80, "Basri, Tomorrow's Champion": 163, "Embercleave": 666, "Plaza of Heroes": 1574, "Skrelv, Defector Mite": 1924, "Urza's Ruinous Blast_SB": 2325, "The Speed Demon": 2170, "Intimidation Tactics_SB": 1048, "Brokers Hideout": 263, "Cabaretti Courtyard": 280, "Doppelgang": 586, "Fires of Victory": 786, "Maestros Theater": 1290, "Nissa, Resurgent Animist": 1443, "Riveteers Overlook": 1730, "Shigeki, Jukai Visionary": 1884, "Virtue of Strength": 2364, "Worldsoul's Rage": 2457, "Bonny Pall, Clearcutter_SB": 237, "Roxanne, Starfall Savant_SB": 1752, "Nowhere to Run_SB": 1461, "Willowrush Verge": 2433, "Feed the Cycle": 763, "Hostile Investigator": 1003, "Rankle's Prank": 1640, "Freestrider Lookout": 823, "Ghost Vacuum": 851, "Ketramose, the New Dawn": 1135, "Restless Cottage": 1700, "Scrabbling Claws": 1808, "Shattered Sanctum": 1871, "Legion's End_SB": 1205, "Mosswood Dreadknight_SB": 1391, "Pest Control_SB": 1554, "Tear Asunder_SB": 2113, "Detention Sphere_SB": 550, "Optimistic Scavenger_SB": 1502, "Leyline of Resonance": 1213, "Commercial District": 416, "Innkeeper's Talent_SB": 1035, "Dreadmaw's Ire": 608, "Deep-Cavern Bat_SB": 520, "Legion Extruder_SB": 1202, "Oildeep Gearhulk": 1480, "Commune with Spirits": 420, "Goro-Goro, Disciple of Ryusei": 899, "Itzquinth, Firstborn of Gishath": 1068, "Kari Zev, Skyship Raider": 1108, "Radha, Heart of Keld": 1621, "Redshift, Rocketeer Chief": 1674, "Rockfall Vale": 1740, "Ruby, Daring Tracker": 1756, "Feed the Clan_SB": 762, "Scorching Dragonfire_SB": 1803, "Bleachbone Verge": 203, "Dark Betrayal_SB": 484, "Starnheim Unleashed_SB": 2016, "Caves of Koilos": 336, "Detention Chariot": 549, "Tune Up": 2261, "Elenda, Saint of Dusk_SB": 652, "Kaya the Inexorable_SB": 1115, "Thundering Broodwagon": 2203, "Cave of the Frost Dragon": 333, "Mardu Woe-Reaper": 1316, "Bloodchief's Thirst_SB": 215, "Eaten Alive_SB": 634, "Benthic Biomancer": 177, "Cenote Scout": 344, "Deeproot Pilgrimage": 521, "Kumena, Tyrant of Orazca": 1177, "Mindspring Merfolk": 1357, "Tishana's Tidebinder": 2211, "Tidebinder Mage_SB": 2206, "Secure the Wastes": 1831, "Make Disappear_SB": 1300, "Castle Garenbrig": 316, "Cityscape Leveler": 376, "Emrakul, the Promised End": 675, "Leyline Binding_SB": 1209, "Sire of Seven Deaths_SB": 1918, "Ugin, the Spirit Dragon_SB": 2278, "Dragonlord Dromoka": 594, "Ashiok, Nightmare Weaver": 114, "Fearless Swashbuckler": 758, "Gastal Thrillroller": 837, "Jace's Defeat_SB": 1073, "Hazoret, Godseeker": 949, "Clockwork Percussionist": 393, "Skullcrack": 1926, "Roast_SB": 1736, "Memory Deluge_SB": 1339, "Pawpatch Formation": 1544, "Wastewood Verge": 2408, "Inspiring Overseer": 1043, "Norin, Swift Survivalist": 1455, "Agatha of the Vile Cauldron": 50, "Big Score": 182, "Chandra, Acolyte of Flame_SB": 355, "Untimely Malfunction_SB": 2314, "Empyrean Eagle": 674, "Lofty Denial": 1259, "Selfless Spirit": 1839, "Dewdrop Cure_SB": 554, "Mindlink Mech_SB": 1356, "Collector's Cage": 405, "Dusk Rose Reliquary": 632, "Giant Killer": 857, "Overgrown Farmland": 1518, "Parting Gust": 1538, "Sandstorm Salvager": 1783, "Teething Wurmlet": 2115, "Murderous Cut": 1401, "Unlicensed Hearse": 2307, "Anguished Unmaking_SB": 79, "Kaya, Orzhov Usurper_SB": 1119, "Call of the Death-Dweller": 285, "Drownyard Temple": 624, "Narcomoeba": 1416, "Prized Amalgam": 1593, "Quag Feast": 1610, "Boommobile": 239, "Fomori Vault": 805, "Glint-Nest Crane": 876, "Hedron Archive": 958, "Paradox Engine": 1535, "Portal of Sanctuary": 1583, "Prophetic Prism": 1597, "Repurposing Bay": 1692, "Snow-Covered Island": 1955, "Snow-Covered Mountain": 1956, "Terrarion": 2131, "The Enigma Jewel": 2154, "The Mightstone and Weakstone": 2160, "Thran Spider": 2195, "Workshop Assistant": 2456, "Lantern of the Lost_SB": 1188, "Liberator, Urza's Battlethopter_SB": 1219, "Noxious Gearhulk_SB": 1463, "Shrapnel Slinger_SB": 1897, "Pest Control": 1553, "Defiant Strike": 524, "Illuminator Virtuoso": 1020, "Gods Willing_SB": 894, "Avishkar Raceway": 137, "Fuel the Flames_SB": 829, "Skycrash_SB": 1931, "Gifted Aetherborn": 861, "Murderous Rider": 1403, "Sign in Blood": 1899, "Sea Gate Restoration": 1817, "Dig Through Time_SB": 558, "Ashiok, Nightmare Muse_SB": 113, "Giant Killer_SB": 858, "Biting-Palm Ninja_SB": 190, "Dokuchi Silencer_SB": 579, "Beseech the Mirror": 178, "Kazuul's Toll Collector": 1123, "Shardmage's Rescue_SB": 1866, "Immersturm Raider": 1021, "The Speed Demon_SB": 2171, "Expedite": 712, "Waste Not_SB": 2405, "Burnout Bashtronaut": 274, "Draconautics Engineer": 590, "Fanatical Firebrand": 745, "Hobgoblin Bandit Lord": 987, "Howlsquad Heavy": 1006, "Krenko, Mob Boss": 1171, "Goblin Ringleader_SB": 891, "Volley Veteran_SB": 2385, "Harrier Strix": 938, "Hypnotic Grifter": 1013, "Omen Hawker": 1486, "The Reality Chip": 2164, "Training Grounds": 2239, "Witness Protection": 2447, "Basilisk Collar_SB": 162, "Foulmire Knight": 816, "Swiftfoot Boots_SB": 2091, "Fry_SB": 827, "Collision // Colossus": 408, "Overprotect_SB": 1527, "Stock Up": 2028, "Shoot the Sheriff": 1889, "Riverpyre Verge": 1729, "Strangle": 2041, "Temple of Epiphany": 2123, "Liliana, the Last Hope_SB": 1245, "Concealing Curtains": 423, "Riptide Gearhulk_SB": 1721, "Blade Historian": 196, "Jirina, Dauntless General": 1089, "Kitesail Larcenist": 1145, "Pyre of Heroes": 1605, "Secluded Courtyard": 1829, "Unclaimed Territory": 2288, "Jirina, Dauntless General_SB": 1090, "Night Clubber_SB": 1432, "Aegis Turtle_SB": 40, "Up the Beanstalk_SB": 2317, "Battle at the Bridge": 166, "Mephitic Draught": 1342, "Snow-Covered Swamp": 1958, "Spire of Industry": 1999, "Battle at the Bridge_SB": 167, "Cleansing Wildfire": 384, "Crumble to Dust": 461, "Encroaching Wastes": 678, "Gnottvold Slumbermound": 882, "Haphazard Bombardment": 935, "Jaya's Greeting": 1082, "Paradise Druid": 1534, "Ravager Wurm": 1648, "Rootbound Crag": 1746, "Rowan, Scholar of Sparks": 1751, "Rubble Reading": 1754, "Sheltered Thicket": 1876, "Structural Distortion": 2048, "Sylvan Primordial": 2096, "Territory Forge": 2132, "Twin Bolt": 2264, "Voyaging Satyr": 2389, "Herbology Instructor_SB": 968, "Nissa's Defeat_SB": 1439, "Peak Eruption_SB": 1548, "Reclamation Sage_SB": 1667, "Scrabbling Claws_SB": 1809, "Analyze the Pollen": 69, "Ride's End": 1714, "Assassin's Trophy": 118, "Dreadhorde Arcanist": 606, "Hazoret the Fervent": 946, "Ashiok, Nightmare Muse": 112, "Murderous Cut_SB": 1402, "Borrowed Hostility": 243, "Honest Rutstein": 991, "Malakir Rebirth": 1301, "The Filigree Sylex_SB": 2155, "Barbed Batterfist": 155, "Webstrike Elite": 2416, "Yahenni's Expertise": 2466, "Commit // Memory_SB": 418, "Demilich_SB": 528, "Progenitor Mimic": 1596, "Nylea's Presence": 1469, "Warping Wail_SB": 2403, "Banefire": 151, "The World Tree": 2178, "Koma, Cosmos Serpent_SB": 1161, "Steel Seraph": 2021, "Phyrexian Censor": 1559, "Nimble Larcenist_SB": 1435, "Commune with Dinosaurs": 419, "Ghalta, Primal Hunger": 849, "Marauding Raptor": 1309, "Pugnacious Hammerskull": 1604, "Rampaging Raptor": 1638, "Regal Imperiosaur": 1680, "Regisaur Alpha": 1681, "Ripjaw Raptor": 1718, "Experimental Synthesizer": 719, "Violent Urge_SB": 2359, "Champion of the Perished": 352, "Cryptbreaker": 465, "Dark Salvation": 489, "Dread Wanderer": 604, "Relentless Dead": 1684, "Wayward Servant": 2411, "Zahur, Glory's Past": 2481, "Crippling Fear_SB": 458, "Boon of Boseiju": 240, "Wakeroot Elemental": 2396, "Esika's Chariot_SB": 700, "Luminarch Aspirant": 1278, "Hidetsugu Consumes All": 976, "Fighter Class": 780, "Flowerfoot Swordmaster": 801, "Mabel, Heir to Cragflame": 1284, "Chainsaw_SB": 350, "Nettle Guard_SB": 1430, "Sword of Forge and Frontier_SB": 2093, "Heliod's Intervention_SB": 959, "Flameblade Adept": 789, "Highway Robbery": 982, "Maximize Velocity": 1331, "Ox of Agonas": 1528, "Birgi, God of Storytelling_SB": 187, "Lightning Axe_SB": 1230, "Expedition Map_SB": 714, "Stock Up_SB": 2029, "Samut's Sprint": 1778, "Wrenn and Realmbreaker": 2460, "Depopulate_SB": 537, "Unsubstantiate_SB": 2313, "Omen of the Dead_SB": 1488, "Archfiend of the Dross_SB": 101, "Sunspine Lynx": 2073, "Lost Jitte": 1271, "Kaito, Cunning Infiltrator": 1101, "Bloodchief's Thirst": 214, "Combat Research": 414, "Lazav, Wearer of Faces": 1194, "Medomai the Ageless": 1336, "Thalia, Heretic Cathar_SB": 2141, "Lotus Cobra": 1273, "Fires of Victory_SB": 787, "Guardian of Faith": 919, "Gods Willing": 893, "Riptide Gearhulk": 1720, "Saheeli, Sublime Artificer_SB": 1775, "Kumena's Speaker": 1176, "Eidolon of the Great Revel_SB": 641, "Quick Study": 1616, "Carnage Tyrant": 299, "Festering Gulch": 771, "Port of Karfell": 1580, "Elder Gargaroth_SB": 646, "Fog_SB": 804, "Gather Courage_SB": 840, "Roaring Furnace && Steaming Sauna": 1732, "Nahiri, the Unforgiving_SB": 1415, "Katilda, Dawnhart Martyr": 1111, "Slip Out the Back": 1943, "Feather, the Redeemed": 759, "Loran's Escape_SB": 1268, "Feather, the Redeemed_SB": 760, "Bitter Reunion": 191, "Vampires' Vengeance": 2342, "Etali, Primal Conqueror_SB": 706, "Restless Fortress": 1701, "Ruin-Lurker Bat": 1758, "Healer's Hawk": 951, "Essence Channeler": 702, "Voice of the Blessed": 2376, "Exemplar of Light": 710, "Linden, the Steadfast Queen": 1248, "Leyline of Hope": 1212, "Authority of the Consuls": 132, "Case of the Uneaten Feast": 312, "Scoured Barrens": 1806, "Rogue's Passage": 1741, "Dewdrop Cure": 553, "Lunarch Veteran": 1280, "Afterburner Expert": 47, "Omnivorous Flytrap": 1496, "Agatha's Soul Cauldron_SB": 52, "Kozilek's Return_SB": 1166, "Teferi, Hero of Dominaria_SB": 2117, "Void Rend_SB": 2378, "Ox of Agonas_SB": 1529, "Twinshot Sniper": 2266, "Keruga, the Macrosage": 1133, "Agent of Treachery_SB": 53, "Twinshot Sniper_SB": 2267, "Anzrag, the Quake-Mole": 88, "Temple of Abandon": 2120, "Tamiyo's Safekeeping": 2105, "Tear Asunder": 2112, "Blot Out": 226, "Scrapshooter": 1811, "Questing Beast": 1612, "Thrun, Breaker of Silence": 2199, "Nissa, Ascended Animist": 1441, "Tyrranax Rex": 2269, "Nissa, Ascended Animist_SB": 1442, "Shifting Ceratops_SB": 1883, "Hornet Queen_SB": 1000, "Adorned Pouncer": 37, "Arahbo, the First Fang": 93, "Open the Armory": 1497, "Roadside Reliquary": 1731, "Sacred Cat": 1771, "Skyknight Squire": 1932, "Satoru Umezawa": 1786, "Play with Fire_SB": 1573, "Exquisite Firecraft_SB": 721, "Out of Air_SB": 1512, "Cry of the Carnarium": 463, "Kaya, Orzhov Usurper": 1118, "Soul-Guide Lantern": 1975, "The End": 2152, "Calamity's Wake_SB": 283, "Exorcise_SB": 711, "Spontaneous Mutation_SB": 2006, "Sorin, Vengeful Bloodlord_SB": 1970, "Exquisite Firecraft": 720, "Raucous Carnival": 1645, "Curse of Shaken Faith_SB": 478, "Painter's Studio // Defaced Gallery": 1532, "Chance for Glory_SB": 353, "Magmatic Chasm_SB": 1298, "Requisition Raid_SB": 1694, "Shrapnel Blast_SB": 1896, "Tireless Tracker_SB": 2210, "Titania, Voice of Gaea_SB": 2216, "Doppelgang_SB": 587, "Kiora's Follower": 1139, "Merfolk Mistbinder": 1343, "Merfolk Trickster_SB": 1345, "Mockingbird_SB": 1370, "Fading Hope_SB": 736, "Smuggler's Copter_SB": 1948, "Mosswood Dreadknight": 1390, "Lovestruck Beast": 1275, "Debris Beetle": 513, "Mystic Repeal_SB": 1409, "Epic Downfall_SB": 694, "Builder's Talent": 269, "Sunder the Gateway": 2061, "Nullhide Ferox_SB": 1465, "Cavalier of Flame": 331, "Kitsa, Otterball Elite": 1146, "Rona, Herald of Invasion": 1745, "Valley Floodcaller": 2335, "Abhorrent Oculus_SB": 22, "Reckless Stormseeker": 1664, "Rocketeer Boostbuggy": 1738, "The Akroan War": 2145, "Bladestitched Skaab": 199, "Lazotep Reaver": 1196, "Rotten Reunion_SB": 1748, "The Scarab God_SB": 2167, "Loran's Escape": 1267, "Blessed Defiance_SB": 205, "Cruelclaw's Heist_SB": 460, "Knight of Grace": 1152, "Enduring Tenacity_SB": 686, "Swan Song_SB": 2087, "Skyclave Cleric": 1930, "Ajani, Strength of the Pride_SB": 57, "Chandra, Spark Hunter_SB": 360, "Growth Spiral": 915, "Ill-Timed Explosion_SB": 1018, "Witness Protection_SB": 2448, "Bomat Courier": 231, "Phoenix Chick": 1557, "Tasigur, the Golden Fang": 2111, "Gideon of the Trials": 859, "Azor, the Lawbringer_SB": 142, "Tocasia's Welcome_SB": 2220, "The Scarab God": 2166, "Radiant Flames_SB": 1622, "Mortify": 1388, "Creeping Chill": 457, "Silversmote Ghoul": 1909, "Fog": 803, "Gaea's Blessing": 833, "Haze of Pollen": 945, "Jace, the Perfected Mind": 1077, "Tamiyo, Collector of Tales": 2107, "Union of the Third Path": 2303, "Winds of Qal Sisma": 2436, "Carnage Tyrant_SB": 300, "Drannith Ruins": 601, "Thought-Knot Seer": 2188, "Wasteland Strangler": 2406, "Phyrexian Fleshgorger": 1562, "Ifnir Deadlands": 1016, "Bearer of Silence": 171, "Knight of the Ebon Legion": 1154, "Deep-Cavern Bat": 519, "Caustic Bronco": 325, "Reality Smasher_SB": 1655, "Doom Foretold": 581, "Nine-Lives Familiar": 1438, "Rite of Oblivion": 1723, "Starfield of Nyx": 2015, "Kaya's Wrath_SB": 1117, "Necromentia_SB": 1423, "Fuel the Flames": 828, "Gix's Command_SB": 865, "Sorin the Mirthless_SB": 1969, "Shoot the Sheriff_SB": 1890, "Turntimber Symbiosis": 2263, "Graf Reaver_SB": 900, "Kraul Whipcracker_SB": 1168, "Maelstrom Pulse_SB": 1288, "Fear of Impostors": 754, "Riptide Chimera": 1719, "Fear of Impostors_SB": 755, "Dive Down_SB": 575, "Eldrazi Displacer": 647, "Fleecemane Lion": 791, "Witchstalker_SB": 2442, "Acererak the Archlich": 30, "Gwenna, Eyes of Gaea": 924, "Relic of Legends": 1685, "Yasharn, Implacable Earth": 2467, "Felonious Rage": 768, "Lavinia, Azorius Renegade_SB": 1192, "Selfless Glyphweaver_SB": 1837, "Soul-Scar Mage_SB": 1978, "Blood Spatter Analysis": 213, "Regal Bunnicorn": 1679, "Demonic Bargain": 532, "Osseous Sticktwister": 1506, "Korvold, Fae-Cursed King": 1162, "Korvold, Fae-Cursed King_SB": 1163, "Dive Down": 574, "Jace Reawakened_SB": 1072, "Blessed Defiance": 204, "Homestead Courage": 990, "Guardian of New Benalia": 921, "Phyrexian Dragon Engine": 1561, "Seasoned Hallowblade": 1827, "The Mycosynth Gardens": 2162, "Alrund's Epiphany": 64, "Escape to the Wilds": 697, "Loot, the Pathfinder": 1264, "Nissa, Who Shakes the World": 1446, "Obliterating Bolt_SB": 1474, "Burning Earth_SB": 272, "Fugitive Codebreaker": 830, "Bedeck // Bedazzle_SB": 172, "Cease // Desist_SB": 338, "Portal to Phyrexia_SB": 1585, "Consign // Oblivion": 430, "Favored Hoplite": 753, "Flowstone Infusion": 802, "Sejiri Shelter": 1835, "Tenth District Legionnaire": 2129, "Elspeth, Sun's Champion_SB": 663, "Invasion of New Phyrexia_SB": 1057, "Wilt_SB": 2435, "Clifftop Lookout": 389, "Dreamdew Entrancer": 612, "Dreamroot Cascade": 613, "Fecund Greenshell": 761, "Insidious Fungus": 1040, "Loot, Exuberant Explorer": 1263, "Risen Reef": 1722, "Tangled Florahedron": 2109, "Healer of the Glade_SB": 950, "Tale's End_SB": 2104, "Ashiok, Wicked Manipulator": 116, "Dreams of Steel and Oil": 615, "Blood Baron of Vizkopa_SB": 211, "Elspeth Conquers Death_SB": 658, "Gisa, the Hellraiser_SB": 864, "Ride's End_SB": 1715, "Omen of the Sun_SB": 1491, "Omen of the Sun": 1490, "Enduring Courage": 681, "Beseech the Mirror_SB": 179, "Experimental Confectioner": 717, "Forbidden Friendship": 807, "Case of the Gateway Express_SB": 310, "Collective Effort_SB": 404, "Forge Devil_SB": 810, "Perilous Snare_SB": 1552, "Monastery Mentor": 1377, "Seeker of the Way_SB": 1833, "Commence the Endgame_SB": 415, "Siphon Insight_SB": 1915, "Redcap Melee": 1671, "Calix, Guided by Fate": 284, "Jukai Naturalist": 1093, "Royal Treatment": 1753, "Setessan Champion": 1847, "Trapped in the Screen": 2243, "Virtue of Loyalty": 2361, "Weaver of Harmony": 2415, "Ghostly Dancers_SB": 854, "Trapped in the Screen_SB": 2244, "The Birth of Meletis": 2148, "Cryptolith Rite": 469, "Knockout Blow": 1156, "Bottomless Pool && Locker Room": 247, "Bottomless Pool && Locker Room_SB": 248, "Hidetsugu's Second Rite": 978, "Eidolon of Blossoms": 637, "Eidolon of Blossoms_SB": 638, "Seal from Existence_SB": 1821, "Ob Nixilis, the Adversary": 1472, "Incubation Druid": 1028, "Interplanar Beacon": 1045, "Kaya the Inexorable": 1114, "Mistrise Village": 1366, "Nicol Bolas, Dragon-God": 1431, "Ral Zarek": 1631, "Tamiyo, Field Researcher": 2108, "Vraska, Betrayal's Sting": 2392, "Kunoros, Hound of Athreos_SB": 1178, "Qarsi Revenant": 1608, "Qarsi Revenant_SB": 1609, "Tersa Lightshatter": 2133, "Mox Jasper": 1396, "Mistrise Village_SB": 1367, "Elspeth, Storm Slayer": 661, "United Battlefront": 2304, "Voice of Victory": 2374, "Sunder the Gateway_SB": 2062, "Voice of Victory_SB": 2375, "Descendant of Storms": 540, "Rakdos's Return_SB": 1629, "Cemetery Illuminator": 341, "Muraganda Raceway": 1400, "Case of the Crimson Pulse": 307, "Dragonfire Blade": 593, "Lavaspur Boots_SB": 1191, "Cease // Desist": 337, "Cram Session": 451, "Fell": 767, "Insatiable Avarice": 1036, "The Biblioplex": 2147, "Valgavoth's Onslaught": 2331, "Containment Breach_SB": 434, "Environmental Sciences_SB": 693, "Introduction to Annihilation_SB": 1052, "Mascot Exhibition_SB": 1322, "Pest Summoning_SB": 1555, "Cori-Steel Cutter": 441, "Wild Ride": 2430, "Cori-Steel Cutter_SB": 442, "Rot-Curse Rakshasa": 1747, "History of Benalia": 985, "The Restoration of Eiganjo": 2165, "Katilda, Dawnhart Prime": 1113, "Songcrafter Mage": 1966, "Three Tree City": 2198, "Militia Bugler_SB": 1355, "Strategic Betrayal": 2043, "Desperate Measures": 543, "Caustic Exhale": 327, "Dispelling Exhale": 569, "Foul-Tongue Invocation": 815, "Marang River Regent": 1305, "Scavenger Regent": 1798, "Silumgar's Scorn": 1903, "Caustic Exhale_SB": 328, "Strategic Betrayal_SB": 2044, "Dragonskull Summit": 597, "Sunpearl Kirin": 2068, "Flashfreeze_SB": 790, "Treasure Map": 2251, "Archangel Elspeth": 98, "Painter's Studio && Defaced Gallery": 1531, "This Town Ain't Big Enough_SB": 2185, "Ascendant Spirit": 109, "Faceless Haven": 733, "Faceless Haven_SB": 734, "Stormscale Scion": 2038, "Stormscale Scion_SB": 2039, "Metamorphic Alteration": 1350, "Not on My Watch_SB": 1457, "Of One Mind": 1479, "Jaya, Fiery Negotiator": 1083, "Banishing Slash": 154, "Gurmag Angler": 922, "Murderous Rider_SB": 1404, "Cori Mountain Monastery": 440, "Make Disappear": 1299, "Stormwing Entity": 2040, "United Battlefront_SB": 2305, "Icon of Ancestry": 1014, "Icon of Ancestry_SB": 1015, "Lofty Denial_SB": 1260, "Fire Prophecy": 783, "Warden of the Grove": 2399, "Surrak, Elusive Hunter_SB": 2083, "Paradoxical Outcome_SB": 1536, "White Sun's Twilight_SB": 2428, "Break Out": 256, "Masked Vandal": 1323, "Fanatical Firebrand_SB": 746, "Gruul Charm_SB": 916, "Decadent Dragon_SB": 514, "Liliana, Death's Majesty": 1241, "Urgent Necropsy": 2323, "Scavenger's Talent_SB": 1800, "Ygra, Eater of All_SB": 2472, "Runed Halo": 1763, "Undead Sprinter_SB": 2290, "Boros Reckoner": 242, "Crackling Drake": 448, "Phyrexian Obliterator": 1563, "Atarka's Command_SB": 123, "Craterhoof Behemoth": 454, "Sanguine Evangelist": 1784, "Abrade": 23, "Decisive Denial": 515, "Ebondeath, Dracolich": 635, "Ertai's Scorn": 696, "Rakshasa's Bargain": 1630, "Rewind": 1712, "Unwind": 2315, "Awaken the Honored Dead_SB": 139, "Deathmark_SB": 509, "Gaze of Granite_SB": 841, "Lutri, the Spellchaser_SB": 1282, "Shadows' Verdict_SB": 1856, "Specter's Shriek_SB": 1987, "Thrun, Breaker of Silence_SB": 2200, "Elspeth, Storm Slayer_SB": 662, "Collected Company_SB": 401, "Herald of Eternal Dawn_SB": 967, "Severance Priest": 1852, "Yathan Roadwatcher": 2469, "Selfless Savior": 1838, "Legion Angel": 1199, "Wojek Investigator": 2452, "Legion Angel_SB": 1200, "Apostle of Purifying Light_SB": 90, "Sixth Sense": 1919, "Kaya's Ghostform": 1116, "Hammerhand": 933, "Aqueous Form": 92, "Cartouche of Solidarity": 303, "Doorkeeper Thrull_SB": 585, "Long Goodbye": 1261, "Jeskai Revelation": 1085, "Stern Lesson": 2024, "Ray of Frost_SB": 1650, "Bontu's Last Reckoning_SB": 238, "Deafening Silence": 506, "Hardened Scales": 936, "Fiery Annihilation_SB": 776, "Dragonlord Silumgar": 596, "Painful Truths": 1530, "Search for Azcanta": 1822, "Supreme Will": 2078, "Contraband Kingpin_SB": 437, "Village Rites": 2356, "Llanowar Visionary": 1257, "Crash Through": 452, "Ugin, Eye of the Storms": 2276, "Robber of the Rich_SB": 1737, "Izzet Charm": 1070, "Greedy Freebooter": 910, "Shambling Ghast": 1861, "Hangarback Walker": 934, "Marketback Walker": 1320, "Diabolic Intent": 555, "Scrapwork Mutt": 1813, "Gleaming Barrier": 872, "Liliana's Standard Bearer": 1240, "The Sibsig Ceremony": 2169, "Callous Bloodmage_SB": 287, "Friendly Teddy": 825, "Experiment One": 715, "Kitesail Freebooter_SB": 1144, "Muerra, Trash Tactician": 1397, "Cut // Ribbons": 479, "Dusk Legion Zealot": 631, "Markov Baron": 1321, "Patchwork Banner": 1541, "Bedevil_SB": 173, "Champion of Dusk_SB": 351, "Deadly Dispute_SB": 503, "Soul Transfer_SB": 1974, "Devilish Valet": 551, "Runaway Steam-Kin": 1759, "Grinning Ignus": 913, "Hazoret's Monument": 948, "Light Up the Night": 1224, "Cemetery Prowler_SB": 343, "Nissa, Steward of Elements_SB": 1444, "Kishla Village": 1142, "Overlord of the Balemurk_SB": 1521, "Stormchaser's Talent_SB": 2037, "Rampaging Ferocidon": 1636, "Shiko, Paragon of the Way": 1885, "Slaughter Games_SB": 1938, "Shadows' Verdict": 1855, "The Book of Exalted Deeds_SB": 2150, "Spring-Loaded Sawblades": 2008, "Dennick, Pious Apprentice_SB": 536, "Sokenzan, Crucible of Defiance_SB": 1962, "Baneslayer Angel_SB": 153, "Trelasarra, Moon Dancer": 2254, "Silent Hallcreeper": 1902, "Ashiok, Nightmare Weaver_SB": 115, "Evolved Sleeper": 709, "Tenacious Underdog_SB": 2128, "Rediscover the Way": 1673, "Balmor, Battlemage Captain": 148, "Sram, Senior Edificer": 2011, "Wizard's Retort_SB": 2450, "Shapers' Sanctuary": 1863, "Clever Lumimancer": 388, "Niv-Mizzet, Parun": 1448, "Sweltering Suns": 2088, "Omnath, Locus of the Roil": 1494, "Lilah, Undefeated Slickshot": 1237, "Tolsimir, Friend to Wolves_SB": 2222, "Giant Growth": 856, "Heritage Reclamation_SB": 972, "Brimaz, King of Oreskos": 260, "Intimidation Tactics": 1047, "Liliana, Dreadhorde General_SB": 1242, "Marang River Regent_SB": 1307, "Katilda, Dawnhart Martyr_SB": 1112, "Fountainport Bell": 820, "Gonti, Lord of Luxury_SB": 898, "Spirit-Sister's Call": 2002, "Bandit's Talent_SB": 150, "Frontline Rush": 826, "Mortify_SB": 1389, "Treasure Cruise_SB": 2250, "Drake Hatcher": 598, "Canyon Slough": 295, "Captain Lannery Storm": 297, "Charming Scoundrel": 369, "Goldhound": 895, "Goldspan Dragon": 896, "Kalain, Reclusive Painter": 1102, "Marionette Master": 1318, "Reckless Fireweaver": 1659, "Sticky Fingers": 2025, "Treasure Vault": 2252, "Vraska's Contempt": 2391, "Karn, Scion of Urza_SB": 1109, "Moment of Craving_SB": 1374, "Ratchet Bomb_SB": 1642, "Unlicensed Disintegration_SB": 2306, "Eshki Dragonclaw": 698, "Herd Heirloom": 969, "The Huntsman's Redemption": 2156, "Quicken": 1617, "Seal from Existence": 1820, "Amonkhet Raceway": 68, "Shore Up": 1891, "Aetherflux Reservoir_SB": 46, "Shore Up_SB": 1892, "Illness in the Ranks_SB": 1019, "Phyrexian Arena_SB": 1558, "Abbot of Keral Keep": 19, "Anax, Hardened in the Forge": 70, "Incendiary Flow": 1027, "Invigorated Rampage": 1059, "Rimrock Knight": 1717, "Shock": 1888, "Dire Fleet Daredevil_SB": 560, "Flame-Blessed Bolt_SB": 788, "Sword of Once and Future_SB": 2094, "Virulent Plague_SB": 2365, "Magebane Lizard": 1292, "Snow-Covered Plains": 1957, "Sunset Revelry": 2071, "Unexpected Windfall": 2296, "Worldspine Wurm": 2458, "Xenagos, God of Revels": 2463, "Arboreal Grazer_SB": 96, "Defabricate_SB": 523, "Elite Spellbinder": 656, "Herald of Eternal Dawn": 966, "Skrelv's Hive": 1923, "Collector's Cage_SB": 406, "Vaultborn Tyrant_SB": 2348, "Ajani, Strength of the Pride": 56, "Reluctant Role Model": 1686, "Plargg, Dean of Chaos": 1571, "Hushbringer_SB": 1011, "Ureni, the Song Unending": 2321, "Dire Tactics": 561, "Order of Midnight": 1504, "Invasion of Ergamon": 1053, "Doom Whisperer_SB": 583, "Virtue of Courage": 2360, "Ball Lightning": 147, "Scytheclaw Raptor_SB": 1816, "Cathartic Reunion": 323, "Ancient Imperiosaur": 74, "Gastal Thrillroller_SB": 838, "Duelist of the Mind": 627, "Portent of Calamity": 1586, "Extraordinary Journey": 728, "Concerted Defense_SB": 424, "Rapid Hybridization_SB": 1641, "Hooting Mandrills": 992, "Jin-Gitaxias, Progress Tyrant_SB": 1088, "Smuggler's Surprise_SB": 1950, "Toxrill, the Corrosive_SB": 2236, "Evangel of Synthesis": 708, "Awaken the Honored Dead": 138, "Ghostly Dancers": 853, "Heliod, the Radiant Dawn_SB": 962, "Obscura Storefront": 1477, "Chandra, Hope's Beacon": 359, "Disfigure_SB": 567, "Blue Sun's Twilight": 228, "Conduit Pylons": 425, "Ipnu Rivulet": 1062, "Outcaster Greenblade": 1513, "Voltage Surge": 2386, "Fae of Wishes_SB": 738, "Anger of the Gods": 76, "Koth, Fire of Resistance_SB": 1164, "Drake Hatcher_SB": 599, "Gurmag Nightwatch": 923, "Baleful Mastery": 146, "Agonizing Remorse_SB": 54, "Ashen Rider": 110, "Hallowed Moonlight_SB": 931, "Slaughter Singer": 1939, "Venerated Rotpriest": 2352, "The Seedcore": 2168, "Crawling Chorus": 455, "Annex Sentry": 81, "Bloated Contaminator": 209, "Jawbone Duelist": 1081, "Overprotect": 1526, "Ajani, Sleeper Agent_SB": 55, "Phyrexian Censor_SB": 1560, "Tyvar's Stand_SB": 2272, "Annex Sentry_SB": 82, "Melira, the Living Cure_SB": 1337, "Secrets of the Key": 1830, "Vineglimmer Snarl": 2357, "Port Town": 1579, "Mystic Reflection": 1408, "Heroic Intervention": 973, "Emergence Zone": 669, "Augmenter Pugilist": 127, "Augur of Autumn": 128, "Simic Charm": 1910, "Fortified Village": 814, "Biovisionary": 185, "Repudiate // Replicate_SB": 1691, "Chord of Calling_SB": 371, "Baird, Steward of Argive_SB": 144, "Glorybringer": 881, "Mizzium Mortars": 1368, "Cartouche of Zeal": 305, "Skylasher_SB": 1933, "Not on My Watch": 1456, "Scattered Thoughts": 1797, "Nature's Rhythm": 1422, "Dryad's Revival": 626, "Mabel, Heir to Cragflame_SB": 1285, "Stern Dismissal_SB": 2023, "Repel the Abominable": 1689, "Repel the Abominable_SB": 1690, "Wear Down_SB": 2413, "Slagstorm_SB": 1936, "Niv-Mizzet, Visionary_SB": 1451, "Dispel_SB": 568, "Despark_SB": 542, "Dennick, Pious Apprentice": 535, "Angrath, the Flame-Chained_SB": 78, "Dark Petition_SB": 488, "Hornet Queen": 999, "Ojer Taq, Deepest Foundation": 1483, "Pyroclasm": 1606, "Unlucky Witness": 2309, "Ritual of Soot_SB": 1726, "Vampires' Vengeance_SB": 2343, "Lord Skitter, Sewer King": 1269, "Tomik, Distinguished Advokist_SB": 2224, "Hearth Elemental": 953, "Sanguine Evangelist_SB": 1785, "Demonic Counsel": 533, "Consuming Fervor": 433, "Aetherflux Reservoir": 45, "Mountain_SB": 1393, "Summary Dismissal_SB": 2055, "Kaervek, the Spiteful_SB": 1095, "Inscribed Tablet": 1037, "Scourge of the Skyclaves": 1807, "Warlock Class": 2401, "Lich-Knights' Conquest": 1220, "Silent Gravestone_SB": 1901, "Ulcerate_SB": 2280, "Smoldering Egg": 1946, "Ovalchase Daredevil": 1517, "Portal to Phyrexia": 1584, "Can't Stay Away_SB": 293, "Feldon, Ronom Excavator": 766, "Infuriate_SB": 1032, "Wandering Mind": 2397, "Colossal Skyturtle": 410, "Mirrorshell Crab": 1360, "Teferi, Who Slows the Sunset": 2118, "Chaos Wand_SB": 366, "Dissection Tools_SB": 572, "Jace, the Perfected Mind_SB": 1078, "Recommission_SB": 1669, "Abbot of Keral Keep_SB": 20, "Clarion Conqueror_SB": 382, "Rabbit Battery": 1620, "Faerie Dreamthief": 739, "Steamcore Scholar": 2020, "Winternight Stories": 2437, "Unholy Annex // Ritual Chamber_SB": 2302, "Seasons Past": 1828, "Defabricate": 522, "Immortal Phoenix_SB": 1022, "Abuelo's Awakening": 28, "Summon: Knights of Round": 2056, "Cunning Coyote_SB": 476, "Yuna, Hope of Spira": 2477, "Blisterpod": 207, "Cartel Aristocrat": 302, "Rally the Ancestors": 1635, "Sephiroth, Fabled SOLDIER": 1844, "Starting Town": 2017, "Heliod, Sun-Crowned_SB": 960, "Ruthless Lawbringer_SB": 1768, "Joshua, Phoenix's Dominant": 1091, "Lightwheel Enhancements": 1236, "Disenchant_SB": 566, "Dark Confidant_SB": 486, "Kroxa and Kunoros": 1172, "Terra, Magical Adept": 2130, "Vivi Ornitier": 2367, "Ishgard, the Holy See": 1066, "Unflinching Courage": 2297, "Unflinching Courage_SB": 2298, "Vivi Ornitier_SB": 2368, "Eiganjo, Seat of the Empire_SB": 643, "Demon Wall": 531, "Fire Magic_SB": 782, "Crumbling Vestige": 462, "Echoing Deeps": 636, "Glimpse the Core": 875, "Hour of Promise": 1005, "The Wandering Minstrel": 2175, "Kura, the Boundless Sky_SB": 1179, "Maelstrom of the Spirit Dragon_SB": 1289, "Twinmaw Stormbrood_SB": 2265, "Toski, Bearer of Secrets_SB": 2233, "Opera Love Song": 1499, "Surrak, Elusive Hunter": 2082, "Esper Origins": 701, "Cecil, Dark Knight": 339, "Dark Confidant": 485, "Gix, Yawgmoth Praetor": 866, "Vren, the Relentless_SB": 2394, "Cryptcaller Chariot": 466, "Furnace Reins_SB": 832, "Kitesail Freebooter": 1143, "Lantern Scout_SB": 1187, "Market Gnome": 1319, "Ancient Adamantoise": 72, "Buster Sword": 278, "Freya Crescent": 824, "Smitten Swordmaster": 1945, "Quicken_SB": 1618, "Alesha, Who Laughs at Fate": 59, "Zack Fair": 2479, "Bile Blight": 183, "Ruthless Negotiation_SB": 1769, "Staggering Insight": 2013, "Sporogenic Infection_SB": 2007, "Roaring Furnace // Steaming Sauna": 1734, "Tocasia's Welcome": 2219, "Al Bhed Salvagers": 58, "Warbriar Blessing": 2398, "Slip Out the Back_SB": 1944, "Gryff's Boon_SB": 918, "The Raven Man": 2163, "Demolition Field_SB": 530, "Rune of Sustenance_SB": 1762, "Disturbing Mirth": 573, "Rite of Oblivion_SB": 1724, "Runed Halo_SB": 1764, "Doomsday Excruciator_SB": 584, "Cloud of Darkness_SB": 394, "Outrageous Robbery_SB": 1516, "Rain of Revelation": 1626, "Ultima": 2281, "Shatter the Sky_SB": 1870, "Saiba Cryptomancer_SB": 1777, "Lindblum, Industrial Regency": 1246, "Sphinx's Tutelage": 1995, "The Water Crystal": 2177, "Eject_SB": 644, "Lindblum, Industrial Regency_SB": 1247, "Ureni, the Song Unending_SB": 2322, "Blossoming Defense_SB": 223, "Cloud, Midgar Mercenary": 395, "Machinist's Arsenal": 1286, "Paladin's Arms": 1533, "Raubahn, Bull of Ala Mhigo": 1644, "Hinterland Harbor": 983, "Summon: Leviathan": 2057, "Hullbreaker Horror": 1007, "Titan of Industry_SB": 2214, "Search for Azcanta_SB": 1823, "Bonders' Enclave": 234, "Nissa's Pilgrimage": 1440, "Ulamog, the Ceaseless Hunger": 2279, "Old-Growth Troll_SB": 1485, "Emet-Selch, Unsundered": 673, "Lazav, the Multifarious": 1195, "Valentin, Dean of the Vein": 2329, "Astrologian's Planisphere": 121, "Plumecreed Escort": 1575, "Sunscorched Desert": 2070, "Camellia, the Seedmiser_SB": 291, "Insidious Fungus_SB": 1041, "Massacre Girl_SB": 1325, "Trail of Crumbs_SB": 2238, "Webstrike Elite_SB": 2417, "Mox Amber_SB": 1395, "Retraction Helix_SB": 1708, "Embercleave_SB": 667, "Kefka, Court Mage": 1126, "Founding the Third Path": 817, "No One Left Behind": 1454, "Isareth the Awakener": 1065, "Urza's Ruinous Blast": 2324, "Venat, Heart of Hydaelyn": 2350, "Liliana, the Last Hope": 1244, "Revival // Revenge": 1711, "Vampire Socialite": 2340, "Legion Lieutenant": 1203, "Vito, Thorn of the Dusk Rose": 2366, "Vampire of the Dire Moon": 2341, "Voldaren Bloodcaster_SB": 2381, "Florian, Voldaren Scion_SB": 799, "Stingerback Terror": 2026, "Mistbreath Elder": 1365, "Lightning, Army of One": 1235, "Didn't Say Please": 556, "Ruin Crab": 1757, "Merfolk Windrobber": 1346, "Essence Scatter": 704, "Into the Story": 1051, "Field of Ruin_SB": 774, "Rush of Adrenaline": 1767, "Channeled Dragonfire": 365, "Stadium Headliner": 2012, "Roil Eruption": 1742, "Reckless Lackey": 1661, "Exsanguinate": 722, "Hedge Shredder": 957, "Return the Favor_SB": 1710, "Kogla and Yidaro_SB": 1158, "Thassa's Oracle": 2142, "Heritage Reclamation": 971, "Skrelv, Defector Mite_SB": 1925, "Riverchurn Monument_SB": 1727, "Roiling Dragonstorm": 1743, "Chandra, Dressed to Kill": 357, "End the Festivities": 679, "Raze the Effigy_SB": 1651, "Midgar, City of Mako": 1352, "Sorceress's Schemes": 1967, "Goblin Chainwhirler": 888, "Halvar, God of Battle_SB": 932, "Unexpected Request_SB": 2295, "Binding the Old Gods": 184, "Tireless Tracker": 2209, "Jaddi Offshoot_SB": 1080, "Linvala, the Preserver_SB": 1250, "The Wandering Minstrel_SB": 2176, "Lotleth Troll": 1272, "Nullhide Ferox": 1464, "Smuggler's Surprise": 1949, "Speaker of the Heavens": 1986, "Delney, Streetwise Lookout": 526, "Leyline of Transformation": 1215, "Forest_SB": 809, "Restoration Magic_SB": 1706, "Storm Herald_SB": 2032, "Cartouche of Solidarity_SB": 304, "Disdainful Stroke": 564, "Scatter Ray": 1795, "Refute": 1678, "Sinister Sabotage": 1914, "Cornered by Black Mages": 443, "Sunken Hollow": 2067, "Temple of Deceit": 2121, "Eliminate_SB": 655, "Cemetery Illuminator_SB": 342, "Cry of the Carnarium_SB": 464, "Enter the God-Eternals_SB": 690, "Void Rend": 2377, "Haunted Dead": 940, "Driven // Despair": 618, "Quag Feast_SB": 1611, "Thunder Magic_SB": 2202, "Storm Herald": 2031, "Disruptive Stormbrood": 570, "Burning Anger": 271, "Colossification": 412, "Auroral Procession": 131, "Omnath, Locus of Creation_SB": 1493, "Temple of Enlightenment": 2122, "Coveted Falcon": 447, "Jidoor, Aristocratic Capital": 1087, "Capital City": 296, "Sin, Spira's Punishment": 1913, "Ugin, the Spirit Dragon": 2277, "Forsaken Monument": 812, "Wastes": 2407, "Haven of the Spirit Dragon": 942, "Crystal Grotto": 471, "Warping Wail": 2402, "The Celestus": 2151, "Adventurer's Inn": 38, "Patchwork Automaton_SB": 1540, "Languish": 1185, "Ritual of Soot": 1725, "Drag the Canal_SB": 591, "Dwarven Mine": 633, "Dragon Fodder": 592, "Hordeling Outburst": 996, "Lukka, Coppercoat Outcast": 1277, "Satyr's Cunning": 1789, "Ral's Reinforcements": 1632, "Song of Totentanz": 1965, "Cavalcade of Calamity_SB": 329, "Impact Tremors_SB": 1025, "Mechanized Warfare_SB": 1335, "Torbran, Thane of Red Fell_SB": 2226, "Snow-Covered Swamp_SB": 1959, "Shattered Sanctum_SB": 1872, "Concealed Courtyard_SB": 422, "Shadowy Backstreet_SB": 1860, "Doom Foretold_SB": 582, "Hopeful Vigil_SB": 994, "(THB) 117_SB": 15, "(DMU) 244_SB": 4, "(WOE) 95_SB": 18, "(M20) 94_SB": 10, "(SLD) 325_SB": 13, "(BRO) 16_SB": 1, "(STX) 72_SB": 14, "(FDN) 704_SB": 7, "(BLB) 83_SB": 0, "(OTJ) 108_SB": 12, "(BRO) 26_SB": 2, "(WOE) 29_SB": 17, "(DAR) 213_SB": 3, "(KLR) 84_SB": 8, "(LCI) 128_SB": 9, "(DSK) 111_SB": 5, "(MID) 112_SB": 11, "(THB) 121_SB": 16, "(FDN) 137_SB": 6, "Resolute Strike": 1696, "Great Arashin City": 908, "Nissa, Voice of Zendikar_SB": 1445, "Elvish Archivist": 664, "Saheeli, Filigree Master_SB": 1773, "Touch the Spirit Realm_SB": 2235, "March of Otherworldly Light_SB": 1311, "Self-Destruct": 1836, "Stormcarved Coast_SB": 2035, "Undead Butler": 2289, "Willow Geist": 2432, "Miscast_SB": 1361, "Matoya, Archon Elder_SB": 1329, "Blossoming Tortoise": 224, "Blossoming Tortoise_SB": 225, "Summon: Leviathan_SB": 2058, "Aether Channeler": 41, "Aether Channeler_SB": 42, "Ulvenwald Oddity_SB": 2283, "Leyline of Transformation_SB": 1216, "Dread Presence": 603, "Cyclonic Rift_SB": 482, "Sultai Charm_SB": 2054, "Creative Outburst": 456, "Connive // Concoct": 427, "Waker of Waves": 2395, "Discovery // Dispersal": 563, "Consecrate // Consume_SB": 428, "Reduce // Rubble_SB": 1675, "Bartolom\u00e9 del Presidio": 160, "Zulaport Cutthroat": 2491, "Fleeting Spirit_SB": 793, "Buster Sword_SB": 279, "The Aetherspark_SB": 2144, "Cloudsteel Kirin_SB": 398, "Wolfwillow Haven_SB": 2454, "Questing Beast_SB": 1613, "Magic Damper": 1294, "Magic Damper_SB": 1295, "Valley Questcaller": 2337, "Choco, Seeker of Paradise": 370, "Sazh's Chocobo": 1793, "Traveling Chocobo": 2245, "Sazh Katzroy": 1792, "Cloudfin Raptor": 396, "Bartz and Boko": 161, "Dazzling Denial": 499, "Ambrosia Whiteheart": 67, "Kinnan, Bonder Prodigy": 1138, "Marang River Regent // Coil and Catch": 1306, "Felothar, Dawn of the Abzan": 769, "Skirmish Rhino": 1922, "Sandsteppe Citadel": 1782, "Blitz of the Thunder-Raptor_SB": 208, "Zirda, the Dawnwaker": 2487, "Svella, Ice Shaper": 2084, "Collision // Colossus_SB": 409, "Lukka, Bound to Ruin_SB": 1276, "Rebel Salvo": 1656, "Nahiri, Heir of the Ancients_SB": 1412, "Aether Hub": 44, "Power Word Kill": 1587, "Dreams of Laguna": 614, "Whir of Invention_SB": 2427, "Peerless Recycling_SB": 1550, "Fateful Absence": 751, "Joust Through_SB": 1092}}