{"vocabulary": {"Blackcleave Cliffs": 220, "Blightstep Pathway": 237, "Blood Crypt": 241, "Callous Sell-Sword": 354, "Claim // Fame": 461, "Den of the Bugbear": 639, "Dreadmaw's Ire": 725, "Emberheart Challenger": 806, "Fatal Push": 902, "Heartfire Hero": 1210, "Infuriate": 1306, "Kumano Faces Kakkazan": 1480, "Manifold Mouse": 1615, "Monastery Swiftspear": 1710, "Monstrous Rage": 1712, "Mountain": 1723, "Ramunap Ruins": 2053, "Reckless Rage": 2079, "Slickshot Show-Off": 2417, "Sokenzan, Crucible of Defiance": 2438, "Sulfurous Springs": 2553, "Turn Inside Out": 2822, "Fatal Push_SB": 903, "Feed the Swarm_SB": 922, "Hazoret the Fervent_SB": 1203, "Jegantha, the Wellspring_SB": 1371, "Magebane Lizard_SB": 1605, "Ob Nixilis, the Adversary_SB": 1822, "Thoughtseize_SB": 2729, "Unlicensed Hearse_SB": 2870, "Archon of Emeria": 107, "Aven Interrupter": 144, "Branchloft Pathway": 296, "Brushland": 325, "Collected Company": 480, "Eiganjo, Seat of the Empire": 775, "Elite Spellbinder": 790, "Elvish Mystic": 801, "Enduring Innocence": 820, "Kellan, Daring Traveler": 1420, "Llanowar Elves": 1564, "Plains": 1960, "Razorverge Thicket": 2066, "Shefet Dunes": 2334, "Skyclave Apparition": 2400, "Temple Garden": 2631, "Thalia, Guardian of Thraben": 2659, "Virtue of Loyalty": 2935, "Werefox Bodyguard": 3007, "Boseiju, Who Endures_SB": 287, "Brutal Cathar_SB": 327, "Deafening Silence_SB": 603, "Dromoka's Command_SB": 739, "Elite Spellbinder_SB": 791, "Gideon, Ally of Zendikar_SB": 1064, "Portable Hole_SB": 1977, "Werefox Bodyguard_SB": 3008, "Blooming Marsh": 256, "Boseiju, Who Endures": 286, "Cavern of Souls": 404, "Chord of Calling": 448, "Circle of Dreams Druid": 455, "Dwynen's Elite": 758, "Elvish Visionary": 802, "Elvish Warmaster": 803, "Lair of the Hydra": 1490, "Leaf-Crowned Visionary": 1505, "Nykthos, Shrine to Nyx": 1815, "Overgrown Tomb": 1881, "Realmwalker": 2072, "Reclamation Sage": 2085, "Secluded Courtyard": 2279, "Shaman of the Pack": 2321, "Snow-Covered Forest": 2432, "Tyvar, Jubilant Brawler": 2835, "Tyvar, the Pummeler": 2836, "Assassin's Trophy_SB": 131, "Deathrite Shaman_SB": 610, "Glissa Sunslayer_SB": 1085, "Phyrexian Revoker_SB": 1945, "Reclamation Sage_SB": 2086, "Sentinel of Lost Lore_SB": 2299, "Shapers' Sanctuary_SB": 2325, "Soulless Jailer_SB": 2460, "Arclight Phoenix": 110, "Artist's Talent": 115, "Brazen Borrower": 301, "Consider": 509, "Fiery Impulse": 938, "Hall of Storm Giants": 1174, "Island": 1349, "Ledger Shredder": 1506, "Lightning Axe": 1539, "Opt": 1854, "Otawara, Soaring City": 1868, "Picklock Prankster": 1950, "Proft's Eidetic Memory": 1994, "Riverglide Pathway": 2164, "Shivan Reef": 2349, "Sleight of Hand": 2414, "Spell Pierce": 2471, "Spirebluff Canal": 2488, "Steam Vents": 2513, "Stormcarved Coast": 2528, "Treasure Cruise": 2805, "Abrade_SB": 4, "Anger of the Gods_SB": 67, "Annul_SB": 75, "Brazen Borrower_SB": 302, "Chandra's Defeat_SB": 425, "Mystical Dispute_SB": 1742, "Negate_SB": 1762, "Third Path Iconoclast_SB": 2717, "Torch the Tower": 2779, "Narset, Parter of Veils_SB": 1753, "Torch the Tower_SB": 2780, "Bloodletter of Aclazotz": 249, "Castle Locthwain": 383, "Caves of Koilos": 406, "Concealed Courtyard": 501, "Duress": 748, "Godless Shrine": 1124, "Heartless Act": 1212, "Hive of the Eye Tyrant": 1249, "Mazemind Tome": 1647, "Mutavault": 1737, "Shattered Sanctum": 2331, "Sheoldred, the Apocalypse": 2340, "Swamp": 2584, "Takenuma, Abandoned Mire": 2605, "The Wandering Emperor": 2702, "Thoughtseize": 2728, "Unholy Annex && Ritual Chamber": 2861, "Unstoppable Slasher": 2876, "Urborg, Tomb of Yawgmoth": 2892, "Vanishing Verse": 2917, "Archon of Emeria_SB": 108, "Blood Baron of Vizkopa_SB": 240, "Cut Down_SB": 577, "Glistening Deluge_SB": 1086, "Invoke Despair_SB": 1343, "Rest in Peace_SB": 2127, "Bushwhack": 343, "Copperline Gorge": 521, "Cragcrown Pathway": 538, "Innkeeper's Talent": 1309, "Karplusan Forest": 1401, "Pawpatch Recruit": 1921, "Play with Fire": 1962, "Questing Druid": 2017, "Rockface Village": 2176, "Screaming Nemesis": 2261, "Stomping Ground": 2525, "Pick Your Poison_SB": 1949, "Pyroclasm_SB": 2011, "Reckless Rage_SB": 2080, "Urabrask's Forge_SB": 2889, "Atarka's Command": 134, "Collision // Colossus": 487, "Snakeskin Veil": 2429, "Soul-Scar Mage": 2457, "Thornspire Verge": 2722, "Cindervines_SB": 454, "Destructive Revelry_SB": 657, "Rampaging Ferocidon_SB": 2051, "Rending Volley_SB": 2113, "Screaming Nemesis_SB": 2262, "Battlefield Forge": 191, "Case of the Gateway Express": 373, "Gleeful Demolition": 1082, "Imodane's Recruiter": 1290, "Inspiring Vantage": 1320, "Knight-Errant of Eos": 1452, "Needleverge Pathway": 1760, "Novice Inspector": 1804, "Resolute Reinforcements": 2122, "Sacred Foundry": 2212, "Thraben Inspector": 2733, "Venerated Loxodon": 2924, "Voldaren Epicure": 2958, "Warden of the Inner Sky": 2984, "Invasion of Gobakhan_SB": 1336, "Reidane, God of the Worthy_SB": 2105, "Sheltered by Ghosts_SB": 2337, "Wedding Announcement_SB": 3003, "Brightclimb Pathway": 309, "Cathar Commando": 389, "Field of Ruin": 933, "Isolated Chapel": 1352, "Loran of the Third Path": 1574, "Obzedat, Ghost Council": 1830, "Sheoldred's Edict": 2338, "Tenacious Underdog": 2645, "Containment Priest_SB": 517, "Cry of the Carnarium_SB": 558, "Destroy Evil_SB": 656, "Duress_SB": 749, "Rush of Dread_SB": 2208, "Galvanic Iteration": 1020, "Stern Dismissal": 2518, "Temporal Trespass": 2641, "Fiery Impulse_SB": 939, "Proft's Eidetic Memory_SB": 1995, "Ancestral Anger": 60, "Titan's Strength": 2764, "Claim // Fame_SB": 462, "Atraxa, Grand Unifier": 136, "Breeding Pool": 305, "Elesh Norn, Mother of Machines": 787, "Enigmatic Incarnation": 825, "Glarb, Calamity's Augur": 1075, "Glasspool Mimic": 1079, "Gloomlake Verge": 1087, "Go for the Throat": 1099, "High Noon": 1243, "Hushwood Verge": 1279, "Indatha Triome": 1299, "Knight of Autumn": 1445, "Kroxa and Kunoros": 1477, "Leyline Binding": 1516, "Nowhere to Run": 1805, "Noxious Gearhulk": 1807, "Overlord of the Balemurk": 1882, "Overlord of the Boilerbilges": 1884, "Overlord of the Floodpits": 1885, "Overlord of the Hauntwoods": 1886, "Sanctuary Warden": 2221, "Spara's Headquarters": 2464, "Titan of Industry": 2762, "Up the Beanstalk": 2886, "Watery Grave": 2994, "Zagoth Triome": 3079, "Zur, Eternal Schemer": 3094, "Agent of Treachery_SB": 38, "Go for the Throat_SB": 1100, "Knockout Blow_SB": 1455, "Nezahal, Primal Tide_SB": 1765, "Nimble Larcenist_SB": 1778, "Thought Distortion_SB": 2724, "Yorion, Sky Nomad_SB": 3070, "Aloe Alchemist": 51, "Burning-Tree Emissary": 338, "Cunning Coyote": 568, "Reckless Bushwhacker": 2076, "Zurgo Bellstriker": 3096, "Claim the Firstborn_SB": 464, "Grafdigger's Cage_SB": 1136, "Redcap Melee_SB": 2091, "Into the Flood Maw": 1328, "Lightning Axe_SB": 1540, "Brotherhood's End_SB": 324, "Thassa's Oracle_SB": 2664, "Sheoldred's Edict_SB": 2339, "Fable of the Mirror-Breaker_SB": 877, "Blossoming Defense": 257, "Anointed Peacekeeper": 78, "Dromoka's Command": 738, "Voice of Resurgence": 2947, "Anointed Peacekeeper_SB": 79, "The Wandering Emperor_SB": 2703, "Cavalier of Thorns": 400, "Forest": 978, "Invasion of Ixalan": 1337, "Kiora, Behemoth Beckoner": 1434, "Leyline of the Guildpact": 1524, "Old-Growth Troll": 1836, "Outcaster Trailblazer": 1874, "Polukranos Reborn": 1969, "Scrapshooter": 2257, "Storm the Festival": 2527, "Ulvenwald Oddity": 2844, "Cityscape Leveler_SB": 459, "Emrakul, the Promised End_SB": 812, "Polukranos Reborn_SB": 1970, "Setessan Petitioner_SB": 2308, "Tail Swipe_SB": 2603, "The Stone Brain_SB": 2701, "Anoint with Affliction": 76, "Clearwater Pathway": 468, "Darkslick Shores": 584, "Drown in the Loch": 742, "Faerie Mastermind": 888, "Graveyard Trespasser": 1143, "Jwari Disruption": 1381, "Kaito, Bane of Nightmares": 1387, "Restless Reef": 2132, "Soaring Thought-Thief": 2437, "Thieves' Guild Enforcer": 2711, "Tishana's Tidebinder": 2760, "Underground River": 2857, "Anoint with Affliction_SB": 77, "Archfiend of the Dross_SB": 104, "Change the Equation_SB": 437, "Disdainful Stroke_SB": 675, "Extinction Event_SB": 869, "Graveyard Trespasser_SB": 1144, "Nighthawk Scavenger_SB": 1774, "Path of Peril_SB": 1916, "Clifftop Retreat": 472, "Deduce": 619, "Dovin's Veto": 704, "Fable of the Mirror-Breaker": 876, "Fountainport": 992, "Indomitable Creativity": 1300, "No More Lies": 1794, "Raugrin Triome": 2058, "Sulfur Falls": 2552, "Three Steps Ahead": 2738, "Valgavoth, Terror Eater": 2904, "Volcanic Spite": 2956, "Dovin's Veto_SB": 705, "High Noon_SB": 1244, "Hullbreaker Horror_SB": 1275, "Archdruid's Charm": 100, "Bala Ged Recovery": 162, "Dark Petition": 581, "Emergent Ultimatum": 807, "Fae of Wishes": 885, "Hidden Strings": 1237, "Lier, Disciple of the Drowned": 1528, "Lotus Field": 1584, "Mana Confluence": 1614, "Omniscience": 1848, "Pore Over the Pages": 1973, "Soul Partition": 2450, "Strict Proctor": 2541, "Sylvan Scrying": 2598, "Thespian's Stage": 2708, "Vizier of Tumbling Sands": 2945, "Approach of the Second Sun_SB": 85, "Emergent Ultimatum_SB": 808, "Languish_SB": 1493, "Leyline of Sanctity_SB": 1523, "Narset's Reversal_SB": 1751, "Realm-Cloaked Giant_SB": 2071, "Silence_SB": 2369, "Soul Partition_SB": 2451, "Temporary Lockdown_SB": 2643, "Zacama, Primal Calamity_SB": 3077, "Bonecrusher Giant": 272, "Cavalier of Flame": 399, "Fabled Passage": 878, "Fires of Invention": 949, "Floodfarm Verge": 963, "Jetmir's Garden": 1374, "Kenrith, the Returned King": 1425, "Ketria Triome": 1431, "Omnath, Locus of Creation": 1845, "Raffine's Tower": 2030, "Savai Triome": 2231, "Supreme Verdict": 2574, "Temporary Lockdown": 2642, "Beza, the Bounding Spring_SB": 208, "Chandra, Awakened Inferno_SB": 428, "Elesh Norn, Mother of Machines_SB": 788, "Keruga, the Macrosage_SB": 1427, "Knight of Autumn_SB": 1446, "Krenko's Buzzcrusher_SB": 1472, "Skyclave Apparition_SB": 2401, "Supreme Verdict_SB": 2575, "Cache Grab": 346, "Cauldron Familiar": 393, "Darkbore Pathway": 583, "Deadly Dispute": 598, "Gilded Goose": 1067, "Llanowar Wastes": 1566, "Scavenger's Talent": 2243, "Tarrian's Journal": 2619, "Traverse the Ulvenwald": 2802, "Vinereap Mentor": 2933, "Witch's Oven": 3028, "Ygra, Eater of All": 3067, "Abrupt Decay_SB": 6, "Leyline of the Void_SB": 1526, "Pawpatch Formation_SB": 1920, "Agatha's Soul Cauldron": 35, "Bloodtithe Harvester": 254, "Fear of Missing Out": 913, "Phyrexian Fleshgorger": 1941, "Raucous Theater": 2057, "Tree of Perdition": 2807, "Voldaren Thrillseeker": 2959, "Ghost Vacuum_SB": 1052, "Phyrexian Fleshgorger_SB": 1942, "Vraska, Betrayal's Sting_SB": 2972, "Guardian of Faith_SB": 1163, "Adarkar Wastes": 16, "Adeline, Resplendent Cathar": 17, "Coppercoat Vanguard": 520, "Dauntless Bodyguard": 586, "Declaration in Stone": 617, "Extraction Specialist": 872, "Get Lost": 1043, "Hallowed Fountain": 1175, "Hengegate Pathway": 1225, "Hopeful Initiate": 1260, "Imposing Sovereign": 1295, "Mockingbird": 1700, "Recruitment Officer": 2088, "Seachrome Coast": 2266, "Thalia's Lieutenant": 2658, "Veteran Survivor": 2928, "Devouring Light_SB": 662, "Extraction Specialist_SB": 873, "Reflector Mage_SB": 2096, "Drowned Catacomb": 743, "Flicker of Fate": 959, "Glacial Fortress": 1072, "Overlord of the Mistmoors": 1887, "Spelunking": 2476, "Sunpetal Grove": 2567, "Woodland Cemetery": 3048, "Damping Sphere_SB": 579, "Heliod's Intervention_SB": 1218, "Bitter Triumph": 218, "Blazemire Verge": 229, "Claim the Firstborn": 463, "Mayhem Devil": 1645, "Bitter Triumph_SB": 219, "Haywire Mite_SB": 1201, "Molten Collapse_SB": 1705, "Beacon Bolt_SB": 192, "Prismari Command_SB": 1990, "Get Lost_SB": 1044, "Marvin, Murderous Mimic": 1630, "Withering Torment_SB": 3036, "Case of the Stashed Skeleton": 375, "Haunted Ridge": 1197, "Ob Nixilis, the Adversary": 1821, "Reckoner Bankbuster": 2083, "Transmogrify": 2798, "Urabrask's Forge": 2888, "Go Blank_SB": 1097, "Dreadhorde Arcanist": 721, "Audacity": 139, "Abhorrent Oculus": 1, "Angel of Serenity": 64, "Beza, the Bounding Spring": 207, "Linvala, the Preserver": 1556, "March of Otherworldly Light": 1619, "Roaring Furnace && Steaming Sauna": 2169, "Ruric Thar, the Unbowed": 2205, "March of Otherworldly Light_SB": 1620, "Archfiend of the Dross": 103, "Caustic Bronco_SB": 395, "Heartless Act_SB": 1213, "Hidetsugu Consumes All_SB": 1239, "Reckoner Bankbuster_SB": 2084, "Virtue of Persistence_SB": 2938, "Blade of the Oni": 224, "Invoke Despair": 1342, "Ashiok, Dream Render_SB": 121, "Deadly Cover-Up_SB": 597, "Kalitas, Traitor of Ghet_SB": 1391, "Kutzil's Flanker_SB": 1485, "Welcoming Vampire": 3005, "Voice of Resurgence_SB": 2948, "Cryptic Coat": 561, "Darksteel Citadel": 585, "Ensoul Artifact": 826, "Inti, Seneschal of the Sun": 1324, "Legion Extruder": 1510, "Shadowspear": 2317, "Shrapnel Blast": 2360, "Smuggler's Copter": 2426, "Spyglass Siren": 2502, "Aether Gust_SB": 25, "Voltage Surge_SB": 2963, "Elegant Parlor": 784, "Greasefang, Okiba Boss": 1146, "Kroxa, Titan of Death's Hunger": 1478, "Parhelion II": 1909, "Skysovereign, Consul Flagship": 2407, "Loran of the Third Path_SB": 1575, "Vanishing Verse_SB": 2918, "Kutzil's Flanker": 1484, "Ruric Thar, the Unbowed_SB": 2206, "Abrupt Decay": 5, "Bring to Light": 315, "Deafening Clarion": 600, "Hostage Taker": 1266, "Kolaghan's Command": 1461, "Lightning Helix": 1541, "Nahiri, the Harbinger": 1746, "Niv-Mizzet Reborn": 1788, "Niv-Mizzet, Supreme": 1791, "Pillage the Bog": 1955, "Sunfall": 2560, "Sylvan Caryatid": 2594, "Unmoored Ego": 2873, "Valki, God of Lies": 2907, "Ziatora's Proving Ground": 3087, "Casualties of War_SB": 386, "Deafening Clarion_SB": 601, "Kambal, Consul of Allocation_SB": 1393, "Cling to Dust": 473, "Extinction Event": 868, "Untimely Malfunction_SB": 2882, "Access Tunnel": 10, "Sheoldred, the Apocalypse_SB": 2341, "The Meathook Massacre_SB": 2686, "Settle the Wreckage_SB": 2311, "Enduring Curiosity": 818, "Faerie Miscreant": 890, "Floodpits Drowner": 964, "Moon-Circuit Hacker": 1716, "Aclazotz, Deepest Betrayal_SB": 13, "Spell Pierce_SB": 2472, "Ghitu Lavarunner": 1049, "Light Up the Stage": 1535, "Skewer the Critics": 2393, "Spikefield Hazard": 2483, "Wizard's Lightning": 3040, "End the Festivities_SB": 815, "Goblin Chainwhirler_SB": 1106, "Kari Zev's Expertise_SB": 1398, "Razorkin Needlehead_SB": 2063, "Roiling Vortex_SB": 2181, "Sunspine Lynx_SB": 2572, "Witchstalker Frenzy_SB": 3031, "Invasion of Gobakhan": 1335, "Mausoleum Wanderer": 1642, "Rattlechains": 2055, "Spell Queller": 2473, "Supreme Phantom": 2573, "Enduring Innocence_SB": 821, "Split Up_SB": 2495, "Three Steps Ahead_SB": 2739, "Tishana's Tidebinder_SB": 2761, "Sheltered by Ghosts": 2336, "Wedding Announcement": 3002, "Vivien, Monsters' Advocate_SB": 2944, "Kaito Shizuki": 1385, "Ornithopter": 1861, "Kaito Shizuki_SB": 1386, "Chandra, Acolyte of Flame": 426, "Exquisite Firecraft": 866, "Castle Ardenvale": 380, "Demolition Field": 631, "Deserted Beach": 649, "Elspeth's Smite": 793, "Farewell": 899, "Memory Deluge": 1653, "Narset, Parter of Veils": 1752, "Omen of the Sea": 1842, "Restless Anchorage": 2128, "Teferi, Hero of Dominaria": 2627, "Elspeth's Smite_SB": 794, "Dream Trawler": 729, "Horned Loch-Whale": 1263, "Meticulous Archive": 1668, "Shark Typhoon": 2328, "Kroxa, Titan of Death's Hunger_SB": 1479, "Castle Vantress": 385, "Discontinuity": 674, "Emeria's Call": 809, "Impulse": 1297, "Settle the Wreckage": 2310, "Sphinx's Revelation": 2479, "Sunken Citadel": 2563, "Tale's End": 2607, "Urza's Sylex_SB": 2896, "Chandra, Dressed to Kill": 429, "Eidolon of the Great Revel": 773, "Goblin Chainwhirler": 1105, "Gruul Charm": 1157, "Hired Claw": 1247, "Leyline of Combustion": 1518, "Rampaging Ferocidon": 2050, "Razorkin Needlehead": 2062, "Scorching Dragonfire": 2247, "Torbran, Thane of Red Fell": 2778, "Scorching Dragonfire_SB": 2248, "Crackling Drake_SB": 536, "Reckless Impulse": 2078, "Irrigated Farmland": 1347, "Lay Down Arms": 1501, "Prairie Stream": 1983, "Day's Undoing_SB": 593, "Farewell_SB": 900, "Shark Typhoon_SB": 2329, "Day's Undoing": 592, "Portable Hole": 1976, "Regal Caracal_SB": 2101, "Summary Dismissal_SB": 2554, "Test of Talents_SB": 2655, "Boros Charm": 281, "Deflecting Palm_SB": 627, "Exquisite Firecraft_SB": 867, "Searing Blood_SB": 2273, "Skullcrack_SB": 2399, "Liliana of the Veil_SB": 1548, "Into the Flood Maw_SB": 1329, "Braids, Arisen Nightmare": 294, "Disturbing Mirth": 684, "Hopeless Nightmare": 1262, "Spiteful Hexmage": 2492, "Treacherous Blessing": 2803, "Haunted Ridge_SB": 1198, "Ancient Cornucopia": 61, "Sunset Revelry_SB": 2569, "Esika's Chariot": 841, "Raffine's Informant": 2029, "Surge of Salvation": 2578, "Witherbloom Command": 3033, "Anger of the Gods": 66, "Ledger Shredder_SB": 1507, "Bond of Insight": 269, "Botanical Sanctum": 289, "Dig Through Time": 668, "Lightning Strike": 1544, "Wish": 3027, "Dragonlord Dromoka_SB": 711, "Galvanic Iteration_SB": 1021, "Lier, Disciple of the Drowned_SB": 1529, "Lightning Strike_SB": 1545, "Niv-Mizzet, Parun_SB": 1790, "Sweltering Suns_SB": 2588, "Censor": 415, "Geistlight Snare": 1039, "Curious Obsession": 572, "Spectral Sailor": 2469, "Shacklegeist": 2313, "Cemetery Illuminator": 411, "Cavern of Souls_SB": 405, "Cemetery Illuminator_SB": 412, "Balmor, Battlemage Captain": 164, "Shore Up_SB": 2355, "Case of the Crimson Pulse_SB": 371, "Soul-Guide Lantern_SB": 2456, "Alpine Moon_SB": 54, "Young Pyromancer_SB": 3074, "Nine Lives_SB": 1780, "Solemnity_SB": 2442, "Baneslayer Angel_SB": 172, "Bag of Holding": 160, "Geier Reach Sanitarium": 1038, "Narset of the Ancient Way": 1750, "Mirrorshell Crab": 1688, "Jace, Architect of Thought": 1361, "Teferi, Master of Time": 2629, "Gideon of the Trials": 1060, "Sundown Pass": 2559, "Interplanar Beacon": 1323, "The Eternal Wanderer": 2678, "Cleansing Nova_SB": 465, "Sunfall_SB": 2561, "Inspired Ultimatum_SB": 1318, "Sarkhan the Masterless_SB": 2226, "Nicol Bolas, Dragon-God_SB": 1769, "Eerie Ultimatum_SB": 768, "Pawpatch Formation": 1919, "Dreadhorde Invasion": 723, "Worldspine Wurm_SB": 3052, "Xenagos, God of Revels_SB": 3060, "Back to Nature_SB": 158, "Unholy Annex // Ritual Chamber": 2863, "March of Wretched Sorrow": 1623, "Underground Mortuary": 2856, "Torpor Orb_SB": 2785, "Unstoppable Slasher_SB": 2877, "March of Wretched Sorrow_SB": 1624, "Mirrex": 1686, "Roaring Furnace // Steaming Sauna": 2171, "Soul Search_SB": 2452, "Witchstalker Frenzy": 3030, "Beseech the Mirror": 204, "Fracture_SB": 995, "Void Rend": 2952, "Deadly Cover-Up": 596, "Hallowed Moonlight": 1176, "Aclazotz, Deepest Betrayal": 12, "Shambling Vent": 2323, "Thief of Sanity_SB": 2710, "Cathar Commando_SB": 390, "Conclave Mentor": 503, "Botanical Brawler": 288, "Hardened Scales": 1186, "Bristly Bill, Spine Sower": 319, "Ossification": 1865, "Kodama of the West Tree": 1456, "Ozolith, the Shattered Spire": 1893, "Stonecoil Serpent": 2526, "Scavenging Ooze_SB": 2246, "Change the Equation": 436, "Kaheera, the Orphanguard_SB": 1384, "Elspeth, Sun's Champion_SB": 798, "Shadowy Backstreet": 2319, "Tear Asunder": 2622, "Tranquil Frillback": 2795, "Tear Asunder_SB": 2623, "Banefire_SB": 170, "Molten Collapse": 1704, "Obliterating Bolt_SB": 1824, "Wrenn's Resolve_SB": 3057, "Twisted Fealty_SB": 2830, "Hushbringer_SB": 1278, "Kayla's Reconstruction": 1413, "Giada, Font of Hope": 1054, "Resplendent Angel": 2124, "Righteous Valkyrie": 2151, "Inspiring Overseer": 1319, "Bishop of Wings": 213, "Lyra Dawnbringer_SB": 1596, "Oath of Nissa": 1819, "Obstinate Baloth_SB": 1828, "Monstrous Emergence_SB": 1711, "Arasta of the Endless Web_SB": 91, "Thing in the Ice_SB": 2714, "Jace Reawakened": 1358, "Undercity Sewers": 2855, "Rona, Herald of Invasion": 2183, "Teferi, Hero of Dominaria_SB": 2628, "Cruelclaw's Heist_SB": 553, "Snow-Covered Island": 2433, "Sorin the Mirthless": 2446, "Liliana of the Veil": 1547, "Chandra, Torch of Defiance_SB": 435, "The End_SB": 2676, "Pithing Needle_SB": 1959, "Archangel Avacyn_SB": 96, "Boon-Bringer Valkyrie_SB": 280, "Tormod's Crypt_SB": 2784, "Rabid Gnaw": 2026, "Shock": 2350, "Kazandu Mammoth": 1415, "Restless Prairie": 2131, "Scavenging Ooze": 2245, "Thalia, Guardian of Thraben_SB": 2660, "Thalia, Heretic Cathar_SB": 2662, "Kolaghan's Command_SB": 1462, "Caustic Bronco": 394, "Experimental Synthesizer": 865, "Obosh, the Preypiercer_SB": 1826, "Peer into the Abyss": 1925, "Grand Abolisher_SB": 1138, "Jace, Wielder of Mysteries_SB": 1365, "Aven Interrupter_SB": 145, "Vraska, Golgari Queen": 2973, "Shipwreck Marsh": 2348, "Spell Stutter": 2474, "Scourge of the Skyclaves": 2253, "Strangle": 2536, "Restless Vents": 2135, "Lion Sash": 1558, "Unable to Scream_SB": 2848, "Careful Cultivation": 362, "Courier's Briefcase": 532, "Sire of Insanity_SB": 2389, "Prosperous Thief": 2001, "Rottenmouth Viper": 2187, "Get Out_SB": 1046, "Trostani, Three Whispers": 2817, "Ajani, Sleeper Agent_SB": 42, "Hazoret the Fervent": 1202, "Obliterating Bolt": 1823, "Phyrexian Dragon Engine": 1940, "Reckless Stormseeker": 2081, "The Akroan War": 2666, "The Akroan War_SB": 2667, "Urgent Necropsy": 2893, "Clever Impersonator": 469, "Spark Double": 2465, "Beanstalk Giant": 193, "Greater Tanuki": 1148, "Spinewoods Armadillo": 2484, "Quintorius Kand": 2023, "Trumpeting Carnosaur": 2818, "Bedeck // Bedazzle": 195, "Roaring Furnace // Steaming Sauna_SB": 2172, "Azorius Charm": 154, "Scavenger Grounds_SB": 2241, "Glissa Sunslayer": 1084, "Approach of the Second Sun": 84, "Fanatical Offering": 898, "Sentinel of the Nameless City": 2300, "Vraska, Golgari Queen_SB": 2974, "Fortified Beachhead": 982, "Relic of Legends": 2108, "Gwenna, Eyes of Gaea": 1169, "Acererak the Archlich": 11, "Kinnan, Bonder Prodigy": 1432, "Honest Rutstein": 1255, "Mox Amber": 1724, "Plaza of Heroes": 1965, "Otawara, Soaring City_SB": 1869, "Bloodsoaked Champion": 251, "Dire Tactics": 673, "Jirina, Dauntless General": 1376, "Kytheon, Hero of Akros": 1489, "Thalia, Heretic Cathar": 2661, "General Kudro of Drannith": 1040, "Sorin, Vengeful Bloodlord_SB": 2449, "Nahiri, the Harbinger_SB": 1747, "Fortified Village": 983, "Hedge Maze": 1214, "Cragplate Baloth": 539, "Deep-Cavern Bat": 620, "Goldvein Hydra": 1127, "Nightveil Predator": 1775, "Rhonas the Indomitable": 2145, "Samut, Voice of Dissent": 2220, "Soulflayer": 2459, "Urborg Scavengers": 2891, "Zetalpa, Primal Dawn": 3085, "Grapple with the Past": 1140, "Grisly Salvage": 1154, "Otherworldly Gaze": 1871, "Collective Brutality": 482, "Savage Summoning_SB": 2230, "Collective Brutality_SB": 483, "Unmoored Ego_SB": 2874, "Deep-Cavern Bat_SB": 621, "Starnheim Unleashed_SB": 2509, "Doomskar_SB": 700, "Enduring Curiosity_SB": 819, "Depopulate": 643, "Sprite Dragon": 2501, "Ral, Crackling Wit_SB": 2043, "Yorion, Sky Nomad": 3069, "The Scorpion God_SB": 2696, "Unlicensed Hearse": 2869, "Painful Truths_SB": 1898, "Lithomantic Barrage_SB": 1561, "Restless Spire": 2134, "Emry, Lurker of the Loch": 813, "Thundertrap Trainer": 2749, "Valley Floodcaller": 2908, "Jeskai Ascendancy": 1372, "Lavaspur Boots": 1498, "Mishra's Research Desk": 1694, "Retraction Helix": 2137, "Tormod's Crypt": 2783, "Surge of Salvation_SB": 2579, "Radiant Flames_SB": 2028, "Lush Portico": 1594, "Voyaging Satyr_SB": 2969, "Sphinx of the Final Word_SB": 2478, "The Cruelty of Gix_SB": 2674, "Cacophony Scamp": 347, "Dreadmaw's Ire_SB": 726, "Lightning Helix_SB": 1542, "Barkchannel Pathway": 181, "Fading Hope": 883, "Fallaji Archaeologist": 893, "Neoform": 1763, "Stubborn Denial": 2545, "Yavimaya Coast": 3066, "Consuming Tide_SB": 514, "Divine Smite_SB": 689, "Long Goodbye_SB": 1570, "Ray of Enfeeblement_SB": 2060, "Tocasia's Welcome_SB": 2769, "Hidetsugu Consumes All": 1238, "Giant Killer": 1057, "The Wandering Rescuer": 2704, "Arabella, Abandoned Doll": 87, "Tears of Valakut_SB": 2624, "Unwanted Remake_SB": 2883, "Outland Liberator_SB": 1876, "Basri Ket_SB": 185, "Yasharn, Implacable Earth_SB": 3064, "Silence": 2368, "Say Its Name": 2236, "Altanak, the Thrice-Called": 57, "Can't Stay Away": 358, "Cathartic Pyre": 391, "Kalitas, Traitor of Ghet": 1390, "Misery's Shadow": 1691, "Preacher of the Schism": 1984, "Bonecrusher Giant_SB": 273, "Necromentia_SB": 1757, "Ritual of Soot_SB": 2163, "Nashi, Searcher in the Dark": 1754, "Lazav, the Multifarious": 1503, "Slogurk, the Overslime": 2421, "Ertai Resurrected": 836, "Ertai Resurrected_SB": 837, "Brutal Cathar": 326, "Cave of the Frost Dragon": 402, "Containment Priest": 516, "Luminarch Aspirant": 1590, "Giant Killer_SB": 1058, "Rockface Village_SB": 2177, "Sorin, Vengeful Bloodlord": 2448, "The End": 2675, "Lukka, Coppercoat Outcast": 1588, "Seed of Hope": 2284, "Aetherflux Reservoir_SB": 27, "Lukka, Coppercoat Outcast_SB": 1589, "Mox Amber_SB": 1725, "Retraction Helix_SB": 2138, "Brave the Elements": 299, "Virtue of Persistence": 2937, "Bedeck // Bedazzle_SB": 196, "Vanquish the Horde_SB": 2919, "Mosswood Dreadknight": 1721, "Deathcap Glade": 605, "Misery's Shadow_SB": 1692, "Silverquill Silencer": 2380, "Not on My Watch_SB": 1801, "Parting Gust_SB": 1911, "Holy Cow": 1253, "Grand Abolisher": 1137, "Declaration in Stone_SB": 618, "Archangel of Tithes_SB": 99, "Heroic Intervention_SB": 1234, "Shalai, Voice of Plenty_SB": 2320, "Metropolis Reformer_SB": 1670, "Conclave Tribunal_SB": 504, "No One Left Behind": 1796, "Brave the Elements_SB": 300, "Moon-Blessed Cleric": 1715, "Heliod, the Radiant Dawn": 1220, "Dragonlord Dromoka": 710, "Chained to the Rocks": 417, "Nylea's Presence": 1817, "Brokers Hideout": 322, "Cabaretti Courtyard": 345, "Cosmic Rebirth": 528, "Fateful Absence": 904, "Ipnu Rivulet": 1344, "Lotus Cobra": 1583, "Lumra, Bellow of the Woods": 1591, "Nissa, Resurgent Animist": 1784, "Obscura Storefront": 1827, "Port of Karfell": 1975, "The World Tree": 2707, "Barrier Breach_SB": 183, "Doppelgang_SB": 703, "Regal Caracal": 2100, "Get Out": 1045, "Bolas's Citadel": 263, "Catacomb Sifter": 387, "Outland Liberator": 1875, "Popular Egotist": 1971, "Priest of Forgotten Gods": 1987, "Prosperous Innkeeper": 1999, "Woe Strider": 3042, "Tolsimir, Friend to Wolves": 2772, "Ashiok, Dream Render": 120, "Camellia, the Seedmiser": 356, "Experimental Confectioner": 863, "Insidious Roots": 1317, "Restless Cottage": 2129, "The Meathook Massacre": 2685, "Trail of Crumbs": 2792, "Agatha's Soul Cauldron_SB": 36, "Professor's Warning": 1992, "Klothys, God of Destiny_SB": 1444, "Questing Druid_SB": 2018, "Duelist of the Mind": 747, "Steamcore Scholar": 2514, "Cut Down": 576, "Hostile Hostel": 1267, "Kenrith's Transformation_SB": 1424, "Leyline of Resonance": 1521, "Might of the Meek": 1673, "Hallowed Moonlight_SB": 1177, "Ashen Rider": 117, "Sunset Revelry": 2568, "Bonny Pall, Clearcutter": 274, "Elesh Norn_SB": 789, "Tranquil Frillback_SB": 2796, "Pest Control_SB": 1933, "Despark_SB": 650, "Seraphic Steed": 2303, "Survivors' Encampment": 2583, "Kona, Rescue Beastie": 1464, "Portal to Phyrexia": 1979, "Enduring Vitality": 823, "The Restoration of Eiganjo": 2692, "Selfless Savior": 2295, "Selfless Savior_SB": 2296, "Kutzil, Malamet Exemplar_SB": 1487, "Haywire Mite": 1200, "Notion Thief_SB": 1803, "Path of Peril": 1915, "Pest Control": 1932, "Restless Fortress": 2130, "Kaya, Orzhov Usurper_SB": 1412, "Kaya, Intangible Slayer_SB": 1410, "Renounce the Guilds_SB": 2116, "Wrenn's Resolve": 3056, "Castle Embereth": 381, "Kitsa, Otterball Elite": 1442, "Call of the Death-Dweller": 351, "Skirk Prospector": 2394, "Fireblade Charger": 947, "Rundvelt Hordemaster": 2200, "Conspicuous Snoop": 512, "Battle Cry Goblin": 188, "Zoyowa Lava-Tongue": 3093, "Exuberant Fuseling_SB": 875, "Squee, Dubious Monarch_SB": 2504, "Reckless Bushwhacker_SB": 2077, "Dream Trawler_SB": 730, "Selfless Glyphweaver": 2293, "Chrome Host Seedshark_SB": 451, "Lively Dirge": 1562, "Renegade Rallier": 2114, "Arboreal Grazer": 92, "Questing Beast_SB": 2016, "Skysovereign, Consul Flagship_SB": 2408, "Zoraline, Cosmos Caller": 3092, "Castle Locthwain_SB": 384, "Edgar, Charmed Groom_SB": 765, "Play with Fire_SB": 1963, "Blot Out": 259, "Cruelclaw's Heist": 552, "Bitter Reunion": 217, "Eidolon of Blossoms": 770, "Krenko's Buzzcrusher": 1471, "Xander's Lounge": 3058, "Golgari Charm_SB": 1128, "Bloodletter of Aclazotz_SB": 250, "Unchained Berserker_SB": 2851, "Hoarding Broodlord_SB": 1250, "Behold the Beyond": 199, "Growth Spiral": 1155, "Realm-Cloaked Giant": 2070, "Sea Gate Restoration": 2264, "Temple of Mystery": 2637, "Faerie Mastermind_SB": 889, "Nine Lives": 1779, "Chandra, Hope's Beacon": 431, "Takenuma, Abandoned Mire_SB": 2606, "Elder Gargaroth_SB": 778, "Shoot the Sheriff_SB": 2353, "Favored Hoplite": 907, "Illuminator Virtuoso": 1288, "Gods Willing": 1125, "Loran's Escape": 1576, "Homestead Courage": 1254, "Defiant Strike": 625, "Demonic Ruckus": 636, "Showdown of the Skalds_SB": 2359, "Light of Hope_SB": 1537, "Den of the Bugbear_SB": 640, "Slickshot Show-Off_SB": 2418, "Dispel_SB": 679, "Satoru, the Infiltrator": 2228, "Kitesail Larcenist_SB": 1439, "Silundi Vision": 2373, "Castle Garenbrig": 382, "Keen-Eyed Curator": 1418, "Finale of Devastation": 945, "Keen-Eyed Curator_SB": 1419, "Viashino Pyromancer": 2929, "Tamiyo's Safekeeping_SB": 2612, "Eldrazi Displacer": 779, "Armored Scrapgorger": 114, "Devout Decree_SB": 663, "Archangel Elspeth_SB": 98, "Wear // Tear_SB": 2997, "Carrot Cake": 367, "Caretaker's Talent": 363, "Weathered Runestone_SB": 2999, "Clever Lumimancer": 470, "Felonious Rage": 927, "Blessed Defiance_SB": 236, "Loran's Escape_SB": 1577, "Silver Raven": 2374, "Chromanticore": 449, "Stitcher's Supplier": 2521, "Arid Archway": 111, "Blue Sun's Twilight": 261, "Clifftop Lookout": 471, "Conduit Pylons": 505, "Dreamdew Entrancer": 731, "Dreamroot Cascade": 732, "Fecund Greenshell": 917, "Insidious Fungus": 1316, "Negate": 1761, "Outcaster Greenblade": 1873, "Up the Beanstalk_SB": 2887, "Dreams of Steel and Oil_SB": 734, "Charred Foyer // Warped Space_SB": 442, "Nylea's Intervention_SB": 1816, "Scrapshooter_SB": 2258, "Field of Ruin_SB": 934, "Path to the World Tree": 1917, "Citywide Bust_SB": 460, "Tyvar, the Pummeler_SB": 2837, "Virtue of Loyalty_SB": 2936, "Hinterland Harbor": 1246, "Furnace Reins_SB": 1014, "Maximize Velocity_SB": 1644, "Saheeli, Sublime Artificer_SB": 2214, "Stormchaser's Talent": 2529, "Temple of Epiphany": 2634, "Phantom Interference": 1935, "Prismari Command": 1989, "Atraxa, Grand Unifier_SB": 137, "Metamorphic Alteration": 1666, "Cling to Dust_SB": 474, "Dokuchi Silencer_SB": 692, "Zareth San, the Trickster_SB": 3082, "Dawnbringer Cleric_SB": 589, "Depopulate_SB": 644, "Magma Opus": 1606, "Torrential Gearhulk": 2786, "Creative Outburst": 547, "Consign // Oblivion": 510, "Dragonskull Summit": 713, "Consign // Oblivion_SB": 511, "Snow-Covered Swamp": 2436, "Rush of Dread": 2207, "Feed the Swarm": 921, "Rhonas the Indomitable_SB": 2146, "Whisperwood Elemental_SB": 3013, "Blazemire Verge_SB": 230, "Blot Out_SB": 260, "Bond of Revival": 270, "Authority of the Consuls_SB": 143, "Strict Proctor_SB": 2542, "Izoni, Center of the Web": 1355, "Demon of Dark Schemes_SB": 632, "Fblthp, the Lost": 908, "Teshar, Ancestor's Apostle": 2654, "Elder Gargaroth": 777, "Dig Through Time_SB": 669, "Filter Out_SB": 944, "Unable to Scream": 2847, "Portal to Phyrexia_SB": 1980, "Selfless Spirit": 2297, "Eidolon of Rhetoric_SB": 772, "Ugin, the Spirit Dragon_SB": 2839, "Bolas's Citadel_SB": 264, "Catacomb Sifter_SB": 388, "Collected Company_SB": 481, "Popular Egotist_SB": 1972, "Prosperous Innkeeper_SB": 2000, "Woe Strider_SB": 3043, "Elvish Archivist_SB": 800, "Rakdos Joins Up": 2036, "Orazca Puzzle-Door": 1858, "Saheeli, Sublime Artificer": 2213, "Monastery Mentor_SB": 1709, "Enduring Bondwarden": 816, "Hangarback Walker": 1180, "Quirion Beastcaller": 2024, "Debt to the Kami": 612, "Fry_SB": 1008, "Debt to the Kami_SB": 613, "Gates of Istfell": 1032, "Fateful Absence_SB": 905, "No More Lies_SB": 1795, "Phyrexian Vindicator_SB": 1946, "Suncleanser_SB": 2556, "Intrepid Adversary": 1332, "Snow-Covered Plains": 2435, "Noxious Grasp_SB": 1809, "Elspeth Conquers Death_SB": 792, "Drag to the Roots": 708, "Alchemist's Gambit": 47, "Experiment One": 860, "Reflector Mage": 2095, "Unclaimed Territory": 2852, "Werewolf Pack Leader": 3009, "Kozilek's Return_SB": 1468, "Flip the Switch": 962, "Thundering Falls": 2748, "Klothys, God of Destiny": 1443, "Release to the Wind": 2106, "Herd Migration": 1230, "Gyruda, Doom of Depths_SB": 1171, "Status // Statue_SB": 2511, "Lofty Denial": 1567, "Unholy Annex // Ritual Chamber_SB": 2864, "Silent Gravestone_SB": 2370, "Guardian of Faith": 1162, "Adanto Vanguard": 14, "Angelfire Ignition": 65, "Tenth District Legionnaire": 2647, "Adanto Vanguard_SB": 15, "Gods Willing_SB": 1126, "Steel Seraph_SB": 2517, "Korvold, Fae-Cursed King": 1465, "Withering Torment": 3035, "Collector's Cage": 485, "The Birth of Meletis": 2669, "Warping Wail_SB": 2988, "Scorching Shot_SB": 2250, "Cityscape Leveler": 458, "Wolfwillow Haven": 3045, "Prowling Serpopard_SB": 2004, "Thrun, Breaker of Silence_SB": 2743, "Candy Trail": 359, "Scapeshift": 2238, "Splendid Reclamation": 2493, "Echoing Deeps": 763, "Hidden Necropolis": 1235, "Mystic Sanctuary": 1741, "Valgavoth's Lair": 2902, "Temple of Malady": 2635, "Temple of Malice": 2636, "Nowhere to Run_SB": 1806, "Mazemind Tome_SB": 1648, "Touch the Spirit Realm": 2788, "Koma, Cosmos Serpent_SB": 1463, "Optimistic Scavenger": 1855, "Generous Visitor": 1041, "Shardmage's Rescue": 2326, "Spirited Companion": 2491, "Jukai Naturalist": 1379, "Calix, Guided by Fate": 350, "Curse of Silence_SB": 574, "Murderous Rider": 1735, "Brimaz, King of Oreskos": 311, "Chandra, Torch of Defiance": 434, "Magebane Lizard": 1604, "Languish": 1492, "Goddric, Cloaked Reveler": 1123, "Roaring Furnace && Steaming Sauna_SB": 2170, "Unholy Annex && Ritual Chamber_SB": 2862, "Forsaken Miner": 981, "Undead Sprinter": 2853, "Chandra, Dressed to Kill_SB": 430, "Empyrean Eagle": 810, "Memory Deluge_SB": 1654, "Kitnap": 1440, "Detention Sphere_SB": 660, "Untimely Malfunction": 2881, "Malicious Eclipse_SB": 1613, "Lofty Denial_SB": 1568, "Demilich": 629, "Overgrown Farmland": 1880, "Bonders' Enclave": 271, "Nicol Bolas, Dragon-God": 1768, "Shadowspear_SB": 2318, "Gleaming Geardrake": 1081, "Zoetic Glyph": 3089, "Cryptic Coat_SB": 562, "Bloodtithe Collector": 253, "Pelt Collector": 1928, "Evolving Adaptive": 853, "Break Out": 303, "Wildfire Wickerfolk": 3019, "Voltaic Brawler": 2964, "Kraul Harpooner_SB": 1469, "Embercleave_SB": 805, "Vengeful Possession_SB": 2926, "Commercial District": 496, "Cease // Desist_SB": 408, "Clockwork Percussionist": 475, "Warleader's Call": 2985, "Archon of Absolution_SB": 106, "Case of the Gateway Express_SB": 374, "Dark Betrayal_SB": 580, "Gyruda, Doom of Depths": 1170, "Consecrate // Consume_SB": 508, "Leyline of Sanctity": 1522, "Rona's Vortex": 2182, "Cyclonic Rift": 578, "Colossal Skyturtle": 489, "Restless Vinestalk": 2136, "Scavenger Grounds": 2240, "Helping Hand": 1224, "Destiny Spinner_SB": 654, "Blood Crypt_SB": 242, "Vampires' Vengeance_SB": 2915, "Nighthawk Scavenger": 1773, "Thousand-Faced Shadow": 2731, "Doorkeeper Thrull_SB": 701, "Snow-Covered Mountain": 2434, "Snakeskin Veil_SB": 2430, "Ingenious Prodigy": 1307, "Glarb, Calamity's Augur_SB": 1076, "Culling Ritual_SB": 566, "Thud": 2744, "Bamboo Grove Archer_SB": 166, "Sunken Citadel_SB": 2564, "Mastermind's Acquisition_SB": 1640, "Pick Your Poison": 1948, "Tomik, Distinguished Advokist_SB": 2775, "Leyline of Combustion_SB": 1519, "Season of the Burrow_SB": 2277, "Spinner of Souls": 2485, "Abyssal Harvester": 8, "Rootbound Crag": 2184, "Zur, Eternal Schemer_SB": 3095, "Burst Lightning": 341, "Blast Zone_SB": 228, "Lantern of the Lost_SB": 1494, "Scab-Clan Berserker_SB": 2237, "Knight-Errant of Eos_SB": 1453, "Boltwave": 265, "Highway Robbery": 1245, "Elenda, Saint of Dusk": 785, "Yasharn, Implacable Earth": 3063, "Elenda, Saint of Dusk_SB": 786, "Serra Paragon": 2304, "Go Blank": 1096, "Waste Not_SB": 2991, "High Fae Trickster_SB": 1242, "March of Swirling Mist_SB": 1622, "Slaughter Games_SB": 2410, "Syr Ginger, the Meal Ender": 2599, "Kaito, Cunning Infiltrator": 1389, "Brass Knuckles": 297, "Fabrication Foundry": 879, "Ingenious Smith": 1308, "Inventors' Fair": 1340, "Leyline Axe": 1515, "Metalwork Colossus": 1665, "Moonsnare Prototype": 1718, "Sanctum of Ugin": 2222, "Simulacrum Synthesizer": 2385, "The Irencrag": 2683, "Wedding Invitation": 3004, "Metallic Rebuke_SB": 1664, "Mystic Forge_SB": 1739, "Defabricate": 624, "Varragoth, Bloodsky Sire": 2920, "Aftermath Analyst": 32, "Annie Joins Up": 73, "Emrakul, the Promised End": 811, "Riveteers Overlook": 2166, "Zacama, Primal Calamity": 3076, "Assimilation Aegis": 133, "Fervent Champion": 929, "Goblin Tomb Raider": 1118, "Stern Dismissal_SB": 2519, "Scrawling Crawler": 2260, "Authority of the Consuls": 142, "Split Up": 2494, "Evangel of Synthesis": 851, "Kiora, the Rising Tide": 1435, "Raffine, Scheming Seer": 2031, "Fragmentize_SB": 996, "Void Rend_SB": 2953, "Expedition Map": 858, "Ral, Crackling Wit": 2042, "Fiery Temper": 940, "Deeproot Pilgrimage": 623, "Cenote Scout": 414, "Kumena's Speaker": 1481, "Vodalian Hexcatcher": 2946, "Kumena, Tyrant of Orazca": 1482, "Tidebinder Mage_SB": 2753, "Driven // Despair": 736, "Wail of the Forgotten": 2976, "Tome Scour": 2774, "Prized Amalgam": 1991, "Haunted Dead": 1196, "Narcomoeba": 1749, "Breaking // Entering": 304, "Founding the Third Path": 989, "Silversmote Ghoul": 2381, "Creeping Chill": 548, "Huskburster Swarm_SB": 1280, "Camellia, the Seedmiser_SB": 357, "Trail of Crumbs_SB": 2793, "Forge Devil_SB": 980, "Blooming Blast": 255, "Gallia of the Endless Dance": 1019, "Cemetery Gatekeeper_SB": 410, "Not on My Watch": 1800, "Mission Briefing": 1695, "Dawnbringer Cleric": 588, "Elspeth, Sun's Champion": 797, "Rite of the Moth": 2161, "Tainted Indulgence": 2604, "Zombify": 3090, "Brimaz, King of Oreskos_SB": 312, "Ashiok, Nightmare Muse": 122, "Legion Loyalist": 1512, "Searslicer Goblin": 2274, "Dropkick Bomber": 740, "Goblin Ringleader_SB": 1115, "Outrageous Robbery_SB": 1878, "Annul": 74, "Torment of Hailfire_SB": 2781, "Waste Not": 2990, "Blast Zone": 227, "Drake Hatcher_SB": 714, "Thespian's Stage_SB": 2709, "Hostile Investigator": 1268, "Tinybones, Bauble Burglar": 2757, "Bandit's Talent": 167, "Hanweir Battlements": 1182, "Response // Resurgence_SB": 2125, "Deathrite Shaman": 609, "Osteomancer Adept": 1867, "Rubblebelt Maverick": 2194, "Scorn-Blade Berserker": 2251, "Scrapheap Scrounger": 2256, "Indulging Patrician": 1302, "Vito, Thorn of the Dusk Rose": 2940, "Heliod, Sun-Crowned": 1219, "Vampire of the Dire Moon": 2913, "Fountain of Renewal": 991, "Hooded Blightfang": 1257, "Scoured Barrens": 2252, "Revival // Revenge": 2143, "Voice of the Blessed": 2951, "Essence Channeler": 844, "Gifted Aetherborn": 1065, "Exorcise_SB": 856, "Deathmark_SB": 607, "Banner of Kinship": 178, "Elvish Archdruid": 799, "Jaspera Sentinel": 1368, "Three Tree City": 2740, "Citanul Stalwart": 456, "Sylvan Messenger_SB": 2595, "Lava Axe_SB": 1496, "Skrelv's Hive": 2395, "Flicker of Fate_SB": 960, "Pyroclasm": 2010, "Kykar, Zephyr Awakener": 1488, "Infestation Sage": 1305, "Adeline, Resplendent Cathar_SB": 18, "Jadar, Ghoulcaller of Nephalia_SB": 1366, "Nahiri, the Unforgiving_SB": 1748, "Splitskin Doll": 2496, "Detention Sphere": 659, "Smash to Smithereens_SB": 2422, "Saiba Cryptomancer": 2215, "Saiba Cryptomancer_SB": 2216, "Ajani, Sleeper Agent": 41, "Bulk Up": 331, "Case of the Filched Falcon": 372, "Skrelv, Defector Mite": 2397, "Alms of the Vein": 50, "Demand Answers": 628, "Grab the Prize": 1134, "Markov Baron": 1629, "Nullpriest of Oblivion": 1812, "Skullcrack": 2398, "Big Score": 209, "Kaya's Ghostform": 1407, "Valgavoth, Terror Eater_SB": 2905, "Joust Through_SB": 1378, "Parting Gust": 1910, "Youthful Valkyrie": 3075, "Faithful Mending": 891, "Maelstrom Pulse": 1599, "Genesis Wave": 1042, "Lush Oasis": 1593, "Samut, Tyrant Smasher": 2218, "Bouncer's Beatdown_SB": 292, "Halana and Alena, Partners": 1173, "The Huntsman's Redemption": 2682, "Arlinn, the Pack's Hope_SB": 112, "Soulstone Sanctuary": 2463, "Valakut Awakening": 2900, "Colossus Hammer": 491, "Sigarda's Aid": 2365, "Blacksmith's Talent": 222, "Resolute Strike": 2123, "Kellan, the Fae-Blooded": 1422, "Thud_SB": 2745, "Dwarven Mine": 757, "Vaultborn Tyrant": 2921, "Skrelv's Hive_SB": 2396, "Crumb and Get It": 554, "Unlucky Witness": 2872, "Voracious Hydra": 2965, "Ulamog, the Ceaseless Hunger": 2840, "Tyrranax Rex_SB": 2833, "Voracious Hydra_SB": 2966, "Mirrorshell Crab_SB": 1689, "Wild Slash": 3017, "Atarka's Command_SB": 135, "Cut // Ribbons": 575, "Escape Tunnel": 839, "Herald of Eternal Dawn_SB": 1227, "Temple of Plenty": 2638, "Peer into the Abyss_SB": 1926, "The Cruelty of Gix": 2673, "The Witch's Vanity": 2706, "Gideon's Triumph": 1061, "Gideon Blackblade": 1059, "Urza's Sylex": 2895, "Day of Judgment": 590, "Gideon, Ally of Zendikar": 1063, "Liliana, Dreadhorde General": 1551, "Ulamog, the Ceaseless Hunger_SB": 2841, "Innkeeper's Talent_SB": 1310, "Blossoming Defense_SB": 258, "Hornet Queen_SB": 1265, "Blitz of the Thunder-Raptor": 238, "Long River's Pull": 1571, "Unsubstantiate": 2878, "Unsubstantiate_SB": 2879, "Sugar Coat_SB": 2551, "Flameblade Adept": 955, "Hollow One": 1252, "Ox of Agonas": 1891, "Curator of Destinies_SB": 570, "Jirina, Dauntless General_SB": 1377, "Imposing Sovereign_SB": 1296, "Haunted Cloak": 1195, "Fomori Vault": 972, "Swiftfoot Boots": 2589, "The Book of Exalted Deeds": 2670, "Dread Fugue": 717, "Linvala, the Preserver_SB": 1557, "Ill-Timed Explosion": 1285, "Maestros Theater": 1601, "Worldsoul's Rage": 3050, "The Hunter Maze": 2681, "Escape to the Wilds": 840, "Omnath, Locus of Creation_SB": 1846, "Ill-Timed Explosion_SB": 1286, "Tolsimir, Friend to Wolves_SB": 2773, "Scrapwork Mutt": 2259, "Tyvar's Stand": 2834, "Karn, Scion of Urza_SB": 1400, "Shadows' Verdict_SB": 2316, "Katilda, Dawnhart Martyr": 1403, "Spawn of Mayhem": 2466, "Foundry Street Denizen": 990, "Gruul Charm_SB": 1158, "Masked Vandal_SB": 1633, "Brass's Tunnel-Grinder": 298, "Goblin Instigator": 1108, "Raise the Past": 2032, "Chained to the Rocks_SB": 418, "Legion's End_SB": 1513, "Dusk Legion Duelist": 751, "Bristlebud Farmer": 316, "Phyrexian Obliterator_SB": 1944, "Panharmonicon": 1903, "Deflecting Palm": 626, "Terror of the Peaks": 2652, "Hellspur Posse Boss": 1222, "Witty Roastmaster": 3039, "Fallaji Vanguard": 894, "Furycalm Snarl": 1015, "Charming Scoundrel": 441, "Temple of Triumph": 2640, "Fortune, Loyal Steed": 984, "Requisition Raid": 2120, "Calamity, Galloping Inferno": 349, "Aetherstorm Roc_SB": 30, "Anim Pakal, Thousandth Moon_SB": 72, "Chance for Glory_SB": 424, "Demonic Ruckus_SB": 637, "Impact Tremors_SB": 1293, "Skyclave Cleric": 2402, "Lunarch Veteran": 1592, "Ajani, Strength of the Pride_SB": 44, "Ascendant Spirit": 116, "Faceless Haven": 880, "Plumecreed Escort": 1966, "Fading Hope_SB": 884, "Icon of Ancestry_SB": 1283, "Metropolis Reformer": 1669, "Slip Out the Back": 2419, "Kellan, Planar Trailblazer": 1421, "Thassa's Oracle": 2663, "Anguished Unmaking": 69, "Oath of Kaya": 1818, "Blessed Alliance_SB": 234, "Day of Judgment_SB": 591, "Mystic Repeal_SB": 1740, "Reasonable Doubt_SB": 2074, "Rottenmouth Viper_SB": 2188, "Topplegeist": 2777, "Niv-Mizzet, Visionary_SB": 1793, "Maelstrom Pulse_SB": 1600, "Chainsaw": 419, "Fountainport Bell": 993, "Glint-Nest Crane": 1083, "Hammer of Purphoros": 1178, "Plumecreed Escort_SB": 1967, "Witness Protection_SB": 3038, "Thing in the Ice": 2713, "Izzet Charm": 1356, "Requisition Raid_SB": 2121, "Slaughter Games": 2409, "Heaped Harvest": 1209, "Charming Prince": 440, "Risen Reef": 2158, "Thassa, God of the Sea": 2665, "Dust Animus_SB": 756, "Tasigur, the Golden Fang": 2621, "Hooting Mandrills": 1258, "Tibalt's Trickery": 2750, "Tibalt's Trickery_SB": 2751, "Combat Research": 493, "Triton Tactics_SB": 2814, "Shrapnel Blast_SB": 2361, "All That Glitters": 49, "Cartouche of Solidarity": 368, "Ethereal Armor": 850, "Gladecover Scout": 1073, "Gryff's Boon": 1161, "Light-Paws, Emperor's Voice": 1538, "Sentinel's Eyes": 2302, "Sixth Sense": 2392, "Sram, Senior Edificer": 2506, "Alpha Authority_SB": 53, "Scattered Groves": 2239, "Arboreal Grazer_SB": 93, "Alpha Authority": 52, "Vein Ripper": 2922, "Assassin's Trophy": 130, "Thought Erasure": 2725, "Wear Down_SB": 2998, "Kaya's Ghostform_SB": 1408, "Metallic Rebuke": 1663, "Spring-Loaded Sawblades": 2499, "Metamorphic Alteration_SB": 1667, "Culling Ritual": 565, "Blood Baron of Vizkopa": 239, "Crystal Barricade_SB": 564, "Chandra, Acolyte of Flame_SB": 427, "Turn the Earth_SB": 2824, "Tenacious Underdog_SB": 2646, "Titan of Industry_SB": 2763, "Bala Ged Recovery_SB": 163, "Dowsing Device": 706, "Push // Pull": 2007, "Sanguine Evangelist": 2225, "Skyknight Squire": 2404, "Llanowar Visionary": 1565, "Burst Lightning_SB": 342, "Ajani, Caller of the Pride": 40, "Burrowguard Mentor": 340, "Dryad Militant": 745, "Fleecemane Lion": 957, "Kutzil, Malamet Exemplar": 1486, "Melira, the Living Cure": 1651, "Wilt-Leaf Liege": 3022, "Westvale Abbey": 3010, "Royal Treatment": 2191, "Seal Away": 2267, "Seal Away_SB": 2268, "Sire of Seven Deaths": 2390, "Niv-Mizzet, Supreme_SB": 1792, "Balustrade Wurm": 165, "Reality Shift": 2069, "Agent of Treachery": 37, "Nimble Larcenist": 1777, "Deputy of Detention": 645, "Questing Beast": 2015, "Embercleave": 804, "Lukka, Bound to Ruin_SB": 1587, "Heliod's Intervention": 1217, "Legion's Landing": 1514, "Maskwood Nexus": 1634, "Rest in Peace": 2126, "Volatile Fault": 2955, "Herald of Eternal Dawn": 1226, "Connive // Concoct_SB": 507, "Torrential Gearhulk_SB": 2787, "Oracle of Tragedy": 1857, "Striped Riverwinder": 2543, "Festering Gulch": 930, "Gingerbread Cabin": 1068, "Outrageous Robbery": 1877, "Spinner of Souls_SB": 2486, "Angel of Invention": 63, "Combat Celebrant": 492, "God-Pharaoh's Gift": 1122, "Refurbish": 2097, "Abhorrent Oculus_SB": 2, "Arashin Cleric_SB": 89, "Commit // Memory": 497, "Seal from Existence": 2269, "Ghostly Dancers_SB": 1053, "Seal from Existence_SB": 2270, "Indomitable Creativity_SB": 1301, "Mech Hangar": 1649, "Hope Tender_SB": 1259, "Chandra, Hope's Beacon_SB": 432, "Case of the Crimson Pulse": 370, "Vindictive Flamestoker_SB": 2931, "Evolving Wilds": 854, "Gala Greeters": 1018, "Garruk's Uprising": 1026, "Good-Fortune Unicorn": 1131, "Mossborn Hydra": 1720, "Ochre Jelly": 1831, "Ornery Tumblewagg": 1860, "Sylvan Scavenging": 2597, "Terramorphic Expanse": 2649, "Wildwood Scourge": 3020, "Gaea's Gift_SB": 1017, "Gnarlid Colony_SB": 1092, "Inscription of Abundance_SB": 1314, "Trash the Town_SB": 2801, "Aether Hub": 26, "Attune with Aether": 138, "Bristling Hydra": 318, "Electrostatic Pummeler": 783, "Fling": 961, "Ghor-Clan Rampager": 1050, "Harnessed Lightning": 1189, "Hashep Oasis": 1192, "Invigorated Rampage": 1341, "Servant of the Conduit": 2306, "Axebane Ferox_SB": 149, "Deathgorge Scavenger_SB": 606, "Gruul Spellbreaker_SB": 1160, "Insult // Injury_SB": 1322, "Sorcerous Spyglass_SB": 2445, "Wilt_SB": 3024, "Legion Angel": 1508, "Mishra's Foundry": 1693, "Legion Angel_SB": 1509, "Builder's Talent": 328, "Worldspine Wurm": 3051, "Assemble the Legion_SB": 132, "Gideon's Triumph_SB": 1062, "Runed Halo_SB": 2204, "Cast Down": 377, "Cast Out": 378, "Demonic Pact": 635, "Doom Foretold": 698, "Hopeful Vigil": 1261, "Kaya's Wrath": 1409, "Sigil of the Empty Throne": 2366, "Spirit-Sister's Call": 2490, "Temple of Silence": 2639, "Trial of Ambition": 2810, "Banishing Light_SB": 176, "Cast Out_SB": 379, "Dreadhorde Invasion_SB": 724, "Trespasser's Curse_SB": 2809, "Usher of the Fallen": 2897, "Gutterbones": 1167, "Mardu Woe-Reaper": 1626, "Blood-Chin Rager": 245, "Mardu Strike Leader": 1625, "Arashin Foremost": 90, "Rally the Ranks": 2045, "Chief of the Edge": 445, "Secure the Wastes": 2281, "Aspect of Hydra": 128, "Garruk's Harbinger": 1024, "Inscription of Abundance": 1313, "Lifecrafter's Bestiary": 1533, "Steel Leaf Champion": 2515, "Tail Swipe": 2602, "Feed the Clan_SB": 918, "Nullhide Ferox_SB": 1811, "Skylasher_SB": 2405, "Skyreaping_SB": 2406, "Nahiri's Resolve": 1743, "Springleaf Drum": 2500, "Thousand Moons Smithy": 2730, "Tinker's Tote": 2755, "Divine Resilience_SB": 687, "Dusk Rose Reliquary_SB": 754, "Unidentified Hovership_SB": 2865, "Drannith Healer": 715, "Drannith Stinger": 716, "Flourishing Fox": 967, "Valiant Rescuer": 2906, "Go for Blood": 1098, "Zenith Flare": 3083, "Reptilian Reflection": 2117, "Irencrag Pyromancer_SB": 1345, "Rip Apart_SB": 2153, "Death-Rattle Oni": 604, "Kessig Flamebreather": 1428, "Tolarian Terror": 2770, "Blazing Volley": 231, "Crash Through": 542, "Abrade": 3, "Cinderclasm": 453, "Electrickery": 782, "Seismic Wave": 2289, "Stolen Vitality": 2524, "Thrill of Possibility": 2741, "Dismal Backwater": 678, "Burn Down the House_SB": 334, "Power Word Kill_SB": 1982, "Smoldering Egg_SB": 2424, "Swamp_SB": 2585, "Gray Merchant of Asphodel": 1145, "Leyline of the Void": 1525, "Mephitic Draught": 1658, "Tithing Blade": 2766, "Warlock Class": 2986, "Corpses of the Lost_SB": 525, "Doom Foretold_SB": 699, "Life of Toshiro Umezawa_SB": 1531, "Burn Down the House": 333, "Flame-Blessed Bolt": 953, "Frostboil Snarl": 1006, "Refute": 2098, "Vampires' Vengeance": 2914, "Pelakka Wurm_SB": 1927, "Strangle_SB": 2537, "Startling Development": 2510, "Memory Leak": 1656, "Frostveil Ambush": 1007, "Footfall Crater": 973, "Boon of the Wish-Giver": 279, "Crackling Drake": 535, "Enigma Drake": 824, "Ephara's Dispersal": 831, "Eroded Canyon": 835, "Essence Capture": 843, "Galvanize": 1022, "Mind Spiral": 1679, "Peculiar Lighthouse": 1924, "Pit of Offerings": 1958, "Scorching Shot": 2249, "Shore Up": 2354, "Slick Sequence": 2416, "Winged Words": 3026, "Into the Fire_SB": 1327, "Tolarian Terror_SB": 2771, "Wildfire Howl_SB": 3018, "Burn Bright": 332, "Chimney Rabble": 446, "Crashing Drawbridge": 543, "Domri, Anarch of Bolas": 696, "Fissure Wizard": 952, "Goblin Arsonist": 1101, "Goblin Javelineer": 1109, "Goblin Morningstar": 1110, "Goblin Rabblemaster": 1113, "Goblin Trailblazer": 1119, "Grumgully, the Generous": 1156, "Heraldic Banner": 1228, "Hobgoblin Bandit Lord": 1251, "Hulking Bugbear": 1272, "Renata, Called to the Hunt": 2112, "Return of the Wildspeaker": 2140, "Rhythm of the Wild": 2147, "Subira, Tulzidi Caravanner": 2547, "You See a Pair of Goblins": 3072, "Krenko, Mob Boss_SB": 1475, "Krenko, Tin Street Kingpin_SB": 1476, "Flowerfoot Swordmaster": 969, "Mabel, Heir to Cragflame": 1597, "Seedglaive Mentor": 2285, "Whiskervale Forerunner": 3012, "Short Bow": 2357, "Banishing Light": 175, "Abzan Charm": 9, "Deathmist Raptor": 608, "Den Protector": 638, "Mastery of the Unseen": 1641, "Sandsteppe Citadel": 2223, "Satyr Wayfinder": 2229, "Siege Rhino": 2363, "Unyielding Gatekeeper": 2885, "Drown in Sorrow_SB": 741, "Azure Beastbinder": 156, "Gnawing Vermin": 1094, "Karumonix, the Rat King": 1402, "Lord Skitter, Sewer King": 1578, "Persistent Marshstalker": 1931, "Piper of the Swarm": 1957, "Shoreline Looter": 2356, "Tangled Colony": 2615, "Vren, the Relentless": 2975, "Disfigure": 676, "Gossip's Talent": 1133, "Choked Estuary": 447, "Tangled Colony_SB": 2616, "Bring the Ending_SB": 314, "Pile On_SB": 1952, "No Witnesses": 1797, "Port Town": 1974, "Temple of Enlightenment": 2633, "Jace, Architect of Thought_SB": 1362, "No Witnesses_SB": 1798, "Ayara, First of Locthwain": 151, "Brain Maggot": 295, "Erebos, Bleak-Hearted": 833, "Foulmire Knight": 988, "Infernal Grasp": 1304, "Phyrexian Arena": 1938, "Underworld Dreams": 2859, "Corrupt_SB": 526, "Whack_SB": 3011, "Akroan Crusader": 46, "Cinder Glade": 452, "Enter the Unknown": 827, "Expedite": 857, "Mirrorwing Dragon": 1690, "Season of Growth": 2276, "Silverfur Partisan": 2378, "Temple of Abandon": 2632, "Young Pyromancer": 3073, "Zada, Hedron Grinder": 3078, "Cankerbloom_SB": 360, "Temur Battle Rage_SB": 2644, "Turn Inside Out_SB": 2823, "Unnatural Moonrise_SB": 2875, "Feed the Cycle": 919, "Honored Dreyleader": 1256, "Necroblossom Snarl": 1756, "Night of the Sweets' Revenge": 1772, "Savor": 2233, "Thornvault Forager": 2723, "Tough Cookie": 2789, "Valley Rotcaller": 2910, "Feed the Cycle_SB": 920, "Fog_SB": 971, "Life Goes On_SB": 1530, "Savor_SB": 2234, "Abandoned Campground": 0, "Dollmaker's Shop // Porcelain Gallery": 694, "Entity Tracker": 828, "Grand Entryway // Elegant Rotunda": 1139, "Gremlin Tamer": 1150, "Inquisitive Glimmer": 1311, "Lionheart Glimmer": 1560, "Niko, Light of Hope": 1776, "Oppressive Rays": 1853, "Kitnap_SB": 1441, "Minor Misstep_SB": 1682, "Paladin Class_SB": 1901, "Fear of Impostors_SB": 911, "Builder's Talent_SB": 329, "Stay Hidden, Stay Silent_SB": 2512, "Badlands Revival": 159, "Fertile Thicket": 928, "Festerleech": 931, "Foul Orchard": 986, "Ghalta, Primal Hunger": 1047, "Gix's Command": 1070, "Golgari Guildgate": 1129, "Hedge Shredder": 1215, "Hero's Downfall": 1232, "Jungle Hollow": 1380, "Long Goodbye": 1569, "Quilled Greatwurm": 2022, "Slavering Branchsnapper": 2411, "Slice from the Shadows": 2415, "Spectral Snatcher": 2470, "Frantic Strength_SB": 999, "Murder_SB": 1732, "Stab_SB": 2507, "Vraska's Fall_SB": 2970, "Desecration Demon": 648, "Evolved Sleeper": 852, "Kaervek, the Punisher": 1382, "Ultimate Price": 2842, "Unexpected Fangs": 2860, "Vadmir, New Blood": 2898, "Bloodchief's Thirst_SB": 247, "Extract a Confession_SB": 870, "Kitesail Freebooter_SB": 1437, "Pilfer_SB": 1953, "Alseid of Life's Bounty": 56, "Hateful Eidolon": 1193, "Karametra's Blessing": 1396, "Agent of the Fates_SB": 39, "Dead Weight_SB": 595, "Eriette of the Charmed Apple_SB": 834, "Pacifism_SB": 1894, "Alesha, Who Laughs at Fate": 48, "Davriel, Rogue Shadowmage": 587, "Dreams of Steel and Oil": 733, "Fell": 925, "Grasp of Darkness": 1141, "Master of Cruelties": 1638, "Rakdos, the Muscle": 2039, "Razorlash Transmogrant": 2064, "Razortrap Gorge": 2065, "Seize the Spoils": 2290, "Illness in the Ranks_SB": 1287, "Kaervek, the Spiteful_SB": 1383, "Painful Quandary_SB": 1896, "Witch's Vengeance_SB": 3029, "Beastie Beatdown": 194, "Omnivorous Flytrap": 1849, "Patchwork Beastie": 1914, "Return to Nature_SB": 2142, "Confounding Riddle": 506, "Flame-Blessed Bolt_SB": 954, "Ral, Izzet Viceroy_SB": 2044, "You See a Guard Approach_SB": 3071, "Ego Drain": 769, "Faerie Dreamthief": 886, "Faerie Fencing": 887, "Obyra, Dreaming Duelist": 1829, "Shineshadow Snarl": 2347, "Sleep-Cursed Faerie": 2413, "Sunken Hollow": 2565, "Talion, the Kindly Lord": 2610, "Talion's Messenger": 2609, "Twining Twins": 2827, "Crippling Fear_SB": 549, "Flashfreeze_SB": 956, "Phantom Interference_SB": 1936, "Blessed Alliance": 233, "Fanatical Firebrand": 896, "Goblin Piledriver": 1112, "Goblin Ringleader": 1114, "Goblin Warchief": 1120, "Krenko, Mob Boss": 1474, "Betrayer's Bargain_SB": 206, "By Force_SB": 344, "Experimental Frenzy_SB": 864, "Collateral Damage": 478, "Exuberant Fuseling": 874, "Squee, Dubious Monarch": 2503, "Collateral Damage_SB": 479, "Tibalt, Rakish Instigator_SB": 2752, "Game Trail": 1023, "Glorybringer": 1090, "Hunter's Talent": 1276, "Nullhide Ferox": 1810, "Garruk's Uprising_SB": 1027, "Ghalta, Primal Hunger_SB": 1048, "Ram Through_SB": 2047, "Toadstool Admirer": 2767, "Apostle of Purifying Light_SB": 83, "Chaplain of Alms_SB": 439, "Healer's Hawk_SB": 1208, "Karametra's Blessing_SB": 1397, "Crawling Barrens": 546, "Ifnir Deadlands": 1284, "Memorial to Folly": 1652, "Power Word Kill": 1981, "Ob Nixilis Reignited_SB": 1820, "Dazzling Angel": 594, "Divine Smite": 688, "Exemplar of Light": 855, "Firemane Avenger": 948, "Leyline of Hope": 1520, "Wind-Scarred Crag": 3025, "Bomat Courier": 267, "Falkenrath Gorger": 892, "Foreboding Ruins": 975, "Olivia, Mobilized for War": 1837, "Unlicensed Disintegration": 2868, "Forerunner of Slaughter": 977, "Shock_SB": 2351, "Transgress the Mind_SB": 2797, "Rakdos Charm_SB": 2034, "Briarbridge Tracker": 307, "Hard-Hitting Question": 1184, "Kitesail Larcenist": 1438, "Subterranean Schooner": 2549, "Teething Wurmlet": 2626, "Vineglimmer Snarl": 2932, "Briarbridge Tracker_SB": 308, "Forest_SB": 979, "Hard-Hitting Question_SB": 1185, "Island_SB": 1350, "Unsummon_SB": 2880, "Rampage of the Clans": 2048, "Hangarback Walker_SB": 1181, "Royal Treatment_SB": 2192, "The Filigree Sylex_SB": 2679, "Earthshaker Khenra": 760, "Mirran Banesplitter": 1685, "Rimrock Knight": 2152, "Aethersphere Harvester_SB": 29, "Burning Hands_SB": 336, "Azorius Guildgate": 155, "Boros Guildgate": 283, "Dimir Guildgate": 670, "Gate Colossus": 1029, "Gatebreaker Ram": 1030, "Gates Ablaze": 1031, "Gateway Plaza": 1033, "Glaive of the Guildpact": 1074, "Gruul Guildgate": 1159, "Guild Summit": 1165, "Hour of Promise": 1270, "Izzet Guildgate": 1357, "Maze's End": 1646, "Open the Gates": 1851, "Orzhov Guildgate": 1862, "Plaza of Harmony": 1964, "Rakdos Guildgate": 2035, "Selesnya Guildgate": 2292, "Simic Guildgate": 2382, "Thran Portal": 2734, "Archway Angel_SB": 109, "Broken Bond_SB": 321, "Crackling Perimeter_SB": 537, "Strategic Planning": 2540, "Wandering Fumarole": 2980, "Essence Scatter_SB": 847, "Frantic Firebolt_SB": 997, "Absorb": 7, "Behold the Multiverse": 200, "Saw It Coming": 2235, "Thirst for Discovery": 2718, "Primal Might": 1988, "Experiment One_SB": 861, "Garruk's Harbinger_SB": 1025, "Toxin Analysis_SB": 2791, "Bloodchief's Thirst": 246, "Shoot the Sheriff": 2352, "Smoldering Marsh": 2425, "Bandit's Talent_SB": 168, "Banehound": 171, "Curator of Mysteries": 571, "Mire Triton": 1684, "Disfigure_SB": 677, "Rush of Vitality_SB": 2209, "Goblin Blast-Runner": 1102, "Implement of Combustion": 1294, "Krenko, Baron of Tin Street": 1473, "Voltage Surge": 2962, "Sunshot Militia_SB": 2570, "Essence Scatter": 846, "Flow of Knowledge": 968, "Haughty Djinn": 1194, "Mocking Sprite_SB": 1699, "Quick Study_SB": 2020, "See Double_SB": 2282, "Shifting Grift_SB": 2344, "Blacklance Paragon": 221, "Brineborn Cutthroat": 313, "Cunning Nightbonder": 569, "Reasonable Doubt": 2073, "Sea-Dasher Octopus": 2265, "Slitherwisp": 2420, "Ashiok's Erasure_SB": 119, "Spectral Adversary_SB": 2468, "Bedlam Reveler": 198, "Warlord's Fury": 2987, "Ox of Agonas_SB": 1892, "Fires of Victory": 950, "Make Disappear": 1609, "Stern Lesson": 2520, "Roast_SB": 2173, "Arcane Infusion": 94, "Secrets of the Key": 2280, "Xenagos, God of Revels": 3059, "Aetherize_SB": 28, "Into the Roil_SB": 1330, "Volcanic Spite_SB": 2957, "Zetalpa, Primal Dawn_SB": 3086, "Adult Gold Dragon": 20, "Gather the Pack": 1036, "Lotleth Troll": 1582, "Cragplate Baloth_SB": 540, "Plains_SB": 1961, "Sporeweb Weaver_SB": 2498, "Eddymurk Crab": 764, "Stormwing Entity": 2535, "Make Disappear_SB": 1610, "Edgewall Inn": 766, "Edgewall Innkeeper": 767, "Lovestruck Beast": 1585, "Lucky Clover": 1586, "Midnight Reaper": 1672, "Order of Midnight": 1859, "Smitten Swordmaster": 2423, "Massacre Girl_SB": 1635, "Stormkeld Vanguard_SB": 2531, "Consuming Aberration": 513, "Contaminated Aquifer": 518, "Didn't Say Please": 667, "Dreadwaters": 727, "Duskmantle Guildmage": 755, "Fell Specter": 926, "Jhessian Thief": 1375, "Mind Carver": 1676, "Mind Drain": 1677, "Murder": 1731, "Nezumi Informant": 1766, "Orzhov Racketeers": 1863, "Painful Quandary": 1895, "Paranoid Delusions": 1908, "Pilfered Plans": 1954, "Psychic Strike": 2005, "Razzle-Dazzler": 2067, "Read the Bones": 2068, "Sleep": 2412, "Tasha's Hideous Laughter": 2620, "The Mindskinner": 2689, "Typhoid Rats": 2831, "Wall of Frost": 2979, "Witness Protection": 3037, "Aspect of Lamprey_SB": 129, "Blood Pact_SB": 243, "Crypt Incursion_SB": 559, "Dreadwaters_SB": 728, "Frogify_SB": 1005, "Professor's Warning_SB": 1993, "Rogue's Gloves_SB": 2179, "Sinister Possession_SB": 2387, "Solemn Simulacrum_SB": 2441, "Sphinx of Magosi_SB": 2477, "Thieving Otter_SB": 2712, "Unlikely Aid_SB": 2871, "Zombify_SB": 3091, "Hullbreaker Horror": 1274, "Boltwave_SB": 266, "Gnarled Scarhide": 1091, "Madcap Skills": 1598, "Minotaur Skullcleaver": 1683, "Mogis's Marauder": 1702, "Rakdos Cackler": 2033, "Rakdos Shred-Freak": 2037, "Spike Jester": 2482, "Tormented Hero": 2782, "Doom Blade_SB": 697, "Ultimate Price_SB": 2843, "Fatal Grudge": 901, "The Scarab God": 2694, "Think Twice": 2715, "Sphinx's Revelation_SB": 2480, "Coruscation Mage": 527, "Giant Cindermaw_SB": 1055, "Lightning Mare_SB": 1543, "Wrangle_SB": 3054, "Ancient Imperiosaur": 62, "Belligerent Yearling": 202, "Hulking Raptor": 1273, "Intrepid Paleontologist": 1333, "Ixalli's Lorekeeper": 1354, "Otepec Huntmaster": 1870, "Palani's Hatcher": 1902, "Pugnacious Hammerskull": 2006, "Regisaur Alpha": 2103, "Shifting Ceratops": 2342, "Triumphant Chomp": 2815, "Fight Rigging": 941, "Restless Ridgeline": 2133, "Shifting Ceratops_SB": 2343, "Thrashing Brontodon_SB": 2737, "Triumphant Chomp_SB": 2816, "Frenzied Goblin": 1002, "Goblin Surprise": 1116, "Goblin Negotiation": 1111, "Redcap Gutter-Dweller": 2089, "Guttersnipe": 1168, "Impact Tremors": 1292, "Goblin Boarders": 1103, "War Squeak": 2982, "Goblin Heelcutter": 1107, "Pyrewild Shaman": 2009, "Rigging Runner": 2150, "Subterranean Scout": 2550, "Goblinslide": 1121, "Hellraiser Goblin": 1221, "Searslicer Goblin_SB": 2275, "Rundvelt Hordemaster_SB": 2201, "Siege-Gang Commander_SB": 2364, "Goblin Boarders_SB": 1104, "Goblin Surprise_SB": 1117, "Frenzied Goblin_SB": 1003, "Cruel Somnophage": 551, "Fraying Sanity": 1000, "Mercurial Spelldancer": 1659, "Mind Sculpt": 1678, "Ruin Crab": 2196, "Sign in Blood": 2367, "Syr Konrad, the Grim": 2601, "Bitter Chill_SB": 216, "Chart a Course_SB": 443, "Sphinx's Tutelage_SB": 2481, "Terisian Mindbreaker_SB": 2648, "Armored Kincaller": 113, "Burning Sun Cavalry": 337, "Captivating Cave": 361, "Cavern Stomper": 403, "Colossadactyl": 488, "Dinotomaton": 672, "Disturbed Slumber": 683, "Earthshaker Dreadmaw": 759, "Hidden Nursery": 1236, "Itzquinth, Firstborn of Gishath": 1353, "Nurturing Bristleback": 1813, "Over the Edge": 1879, "Panicked Altisaur": 1904, "Pathfinding Axejaw": 1918, "Poison Dart Frog": 1968, "Promising Vein": 1997, "Rampaging Ceratops": 2049, "Rumbling Rockslide": 2198, "Scytheclaw Raptor": 2263, "Seeker of Sunlight": 2286, "Seismic Monstrosaur": 2288, "The Skullspore Nexus": 2698, "Walk with the Ancestors": 2978, "Quirion Dryad": 2025, "Deeproot Champion": 622, "Bristling Backwoods": 317, "Domri's Ambush_SB": 695, "Jace, Vryn's Prodigy_SB": 1364, "Gnarlroot Trapper": 1093, "Turntimber Symbiosis": 2825, "Valley Floodcaller_SB": 2909, "Valorous Stance_SB": 2912, "Eidolon of the Great Revel_SB": 774, "Pillage the Bog_SB": 1956, "Aether Channeler": 23, "Decimator of the Provinces": 615, "Elder Deep-Fiend": 776, "Fierce Empath": 936, "Foul Emissary": 985, "Thought-Knot Seer": 2726, "Kogla, the Titan Ape_SB": 1460, "Thought-Knot Seer_SB": 2727, "Sublime Epiphany": 2548, "Unauthorized Exit": 2849, "Fiery Annihilation_SB": 937, "Arahbo, the First Fang": 88, "Felidar Cub": 923, "Feline Sovereign": 924, "Sacred Cat": 2211, "Savannah Lions": 2232, "Lion Sash_SB": 1559, "Reckless Stormseeker_SB": 2082, "Archfiend of Depravity": 101, "Archfiend of Depravity_SB": 102, "Fade from History_SB": 882, "Loot, Exuberant Explorer": 1572, "Notion Thief": 1802, "Quicken": 2021, "Third Path Iconoclast": 2716, "Banish into Fable": 173, "The Celestus": 2672, "The Enigma Jewel": 2677, "Lilah, Undefeated Slickshot": 1546, "Wandering Mind": 2981, "Reluctant Role Model": 2109, "Voyaging Satyr": 2968, "Furnace Punisher": 1013, "March of Swirling Mist": 1621, "Faceless Haven_SB": 881, "Invasive Surgery_SB": 1339, "The Scarab God_SB": 2695, "Pieces of the Puzzle": 1951, "Warrant // Warden": 2989, "Reduce // Rubble_SB": 2094, "Sire of Seven Deaths_SB": 2391, "Dissection Tools": 682, "Dollmaker's Shop && Porcelain Gallery": 693, "Kami of Transience": 1394, "Surgical Suite && Hospital Room_SB": 2580, "Regal Bunnicorn": 2099, "Rockfall Vale": 2178, "Michiko's Reign of Truth": 1671, "Rite of Oblivion": 2159, "Shatterskull Smashing": 2332, "Kazuul's Fury": 1416, "Tinybones, the Pickpocket": 2758, "Anthem of Champions_SB": 80, "Disruption Protocol": 681, "Brotherhood's End": 323, "Return the Favor_SB": 2141, "Gloomshrieker": 1088, "Dennick, Pious Apprentice_SB": 641, "Fear of Abduction": 909, "Blue Sun's Twilight_SB": 262, "Overwhelming Remorse_SB": 1890, "Ruby, Daring Tracker": 2195, "Bard Class": 180, "Samut, Vizier of Naktamun": 2219, "Hajar, Loyal Bodyguard": 1172, "Migloz, Maze Crusher": 1674, "Agatha of the Vile Cauldron": 34, "Targ Nar, Demon-Fang Gnoll": 2618, "Xenagos, the Reveler": 3061, "Thousand-Year Storm": 2732, "Stormsplitter": 2534, "Cathartic Pyre_SB": 392, "Tamiyo, Collector of Tales_SB": 2613, "Ashiok, Wicked Manipulator": 126, "Protect the Negotiators_SB": 2003, "Wolfwillow Haven_SB": 3046, "Ajani, Strength of the Pride": 43, "Case of the Uneaten Feast": 376, "Trelasarra, Moon Dancer": 2808, "Floriferous Vinewall": 966, "Eldritch Evolution": 781, "Hauntwoods Shrieker": 1199, "Urborg Lhurgoyf": 2890, "Aether Channeler_SB": 24, "Zephyr Sentinel_SB": 3084, "Tectonic Hazard_SB": 2625, "Kambal, Consul of Allocation": 1392, "Callous Sell-Sword_SB": 355, "Harmonious Archon": 1188, "Sandstorm Salvager": 2224, "Toby, Beastie Befriender": 2768, "Kayla's Reconstruction_SB": 1414, "Ritual of Soot": 2162, "Inscription of Ruin": 1315, "Frantic Scapegoat": 998, "Surrak Dragonclaw": 2581, "Stubborn Denial_SB": 2546, "Filter Out": 943, "Destroy Evil": 655, "Serra Paragon_SB": 2305, "Woodland Bellower": 3047, "Nissa, Vastwood Seer": 1786, "Knight of the Ebon Legion": 1451, "Worthy Knight": 3053, "Venerable Knight": 2923, "Inspiring Veteran": 1321, "Tournament Grounds": 2790, "Heartflame Duelist": 1211, "Knight of Dusk's Shadow": 1447, "Knight of Dusk's Shadow_SB": 1448, "Breeding Pool_SB": 306, "Chance for Glory": 423, "Collector's Vault": 486, "Omen Hawker": 1838, "Teferi, Who Slows the Sunset": 2630, "Bag of Holding_SB": 161, "Zirda, the Dawnwaker_SB": 3088, "Ashen Rider_SB": 118, "Despise_SB": 652, "Lifebane Zombie_SB": 1532, "Reidane, God of the Worthy": 2104, "Sunspine Lynx": 2571, "Light Up the Stage_SB": 1536, "Come Back Wrong_SB": 494, "The Flame of Keld": 2680, "Weaver of Harmony": 3000, "Isolate_SB": 1351, "Fetid Pools": 932, "Silvergill Adept": 2379, "Triton Shorestalker": 2813, "Agadeem's Awakening": 33, "Fiend Artisan": 935, "Isareth the Awakener": 1348, "Dreadbore": 719, "Callous Bloodmage": 352, "Golos, Tireless Pilgrim": 1130, "Nicol Bolas, the Ravager": 1770, "Omen of the Forge": 1841, "The Kami War": 2684, "Forensic Researcher": 976, "Kiora's Follower": 1433, "Wakeroot Elemental": 2977, "Legion Extruder_SB": 1511, "This Town Ain't Big Enough": 2720, "Lost Legacy_SB": 1581, "Angrath, the Flame-Chained_SB": 68, "The Mightstone and Weakstone_SB": 2688, "Crumbling Vestige": 556, "Smuggler's Surprise": 2428, "Kogla and Yidaro_SB": 1458, "Paradise Druid": 1905, "Sylvan Awakening": 2593, "Nissa, Who Shakes the World": 1787, "Coveted Falcon": 534, "Caretaker's Talent_SB": 364, "Rite of Oblivion_SB": 2160, "Fountainport_SB": 994, "Vivien, Arkbow Ranger": 2942, "Kogla, the Titan Ape": 1459, "Cavalier of Thorns_SB": 401, "Ulvenwald Oddity_SB": 2845, "Bilious Skulldweller": 210, "Chevill, Bane of Monsters": 444, "Fynn, the Fangbearer": 1016, "Ghost Vacuum": 1051, "Heroic Intervention": 1233, "Malakir Rebirth": 1611, "Wasteland Viper": 2992, "Infectious Bite_SB": 1303, "Nahiri's Warcrafting_SB": 1744, "Witherbloom Command_SB": 3034, "Remorseful Cleric": 2110, "Depala, Pilot Exemplar": 642, "Magda, Brazen Outlaw": 1602, "Magda, the Hoardmaster": 1603, "Roaming Throne": 2168, "Toolcraft Exemplar": 2776, "Veteran Motorist": 2927, "Akal Pakal, First Among Equals": 45, "Courser of Kruphix": 533, "Fauna Shaman": 906, "Timestream Navigator": 2754, "Simic Manipulator": 2383, "Trygon Predator_SB": 2820, "Azure Beastbinder_SB": 157, "Vivien, Champion of the Wilds_SB": 2943, "Mockingbird_SB": 1701, "Simic Manipulator_SB": 2384, "Unauthorized Exit_SB": 2850, "The Royal Scions": 2693, "Kogla and Yidaro": 1457, "Trumpeting Carnosaur_SB": 2819, "Kemba, Kha Enduring": 1423, "Dusk // Dawn_SB": 750, "Last Breath_SB": 1495, "Thunderherd Migration": 2746, "Selfless Spirit_SB": 2298, "Boros Elite": 282, "Guardian of New Benalia": 1164, "Mobilized District": 1698, "Precinct Captain": 1986, "Soldier of the Pantheon": 2440, "Spellbook Vendor": 2475, "Sungold Sentinel": 2562, "Banisher Priest_SB": 174, "Bounty Agent_SB": 293, "Rally the Ranks_SB": 2046, "Wicked Wolf_SB": 3015, "Surge of Righteousness_SB": 2577, "Overlord of the Mistmoors_SB": 1888, "Fear of Isolation": 912, "Tinybones Joins Up": 2756, "Renegade Tactics": 2115, "Knight of Grace_SB": 1450, "Built to Smash": 330, "Wayward Guide-Beast": 2995, "Voldaren Thrillseeker_SB": 2960, "Vivien Reid_SB": 2941, "Lavinia, Azorius Renegade_SB": 1500, "Syr Ginger, the Meal Ender_SB": 2600, "Overlord of the Balemurk_SB": 1883, "Demonic Counsel": 634, "Glorious Protector_SB": 1089, "Siphon Insight_SB": 2388, "Imodane's Recruiter_SB": 1291, "The Wandering Rescuer_SB": 2705, "Niambi, Esteemed Speaker_SB": 1767, "Into the Story": 1331, "Augur of Bolas": 141, "Essence Flux": 845, "Natural State_SB": 1755, "Apostle of Purifying Light": 82, "Glass Casket": 1077, "Thran Power Suit": 2735, "Titania, Voice of Gaea_SB": 2765, "Treacherous Blessing_SB": 2804, "Umori, the Collector_SB": 2846, "Glass Casket_SB": 1078, "Ojer Axonil, Deepest Might": 1835, "Grasp of Darkness_SB": 1142, "Necrotic Wound": 1758, "Souls of the Lost": 2461, "Necrotic Wound_SB": 1759, "Horned Loch-Whale_SB": 1264, "Squirming Emergence": 2505, "Souls of the Lost_SB": 2462, "Kappa Tech-Wrecker": 1395, "Eldrazi Displacer_SB": 780, "Experimental Augury": 862, "Fleeting Spirit": 958, "Lore Drakkis": 1579, "Open the Omenpaths": 1852, "Vadrok, Apex of Thunder": 2899, "Crucible of Worlds": 550, "Destiny Spinner": 653, "Sin Collector_SB": 2386, "Cult Conscript": 567, "Cleansing Wildfire_SB": 467, "Vanish into Eternity_SB": 2916, "Mutavault_SB": 1738, "Mukotai Ambusher_SB": 1729, "Tribute to Horobi": 2811, "Void Winnower_SB": 2954, "Hunter's Talent_SB": 1277, "Remorseful Cleric_SB": 2111, "Vengeful Possession": 2925, "Hidetsugu's Second Rite_SB": 1241, "Nurturing Pixie": 1814, "Kaito, Bane of Nightmares_SB": 1388, "Extract the Truth_SB": 871, "Preacher of the Schism_SB": 1985, "Malcolm, Alluring Scoundrel": 1612, "Pia Nalaar, Consul of Revival": 1947, "Showdown of the Skalds": 2358, "Thirst for Meaning": 2719, "Entity Tracker_SB": 829, "Bassara Tower Archer": 187, "Cloudsteel Kirin": 476, "Lizard Blades": 1563, "Snarling Gorehound": 2431, "Searing Blood": 2272, "Bomat Courier_SB": 268, "Magma Spray_SB": 1607, "Aven Mindcensor_SB": 146, "Fugitive Codebreaker_SB": 1012, "Stalactite Stalker": 2508, "Harvester of Misery_SB": 1191, "Hostile Investigator_SB": 1269, "Lamplight Phoenix_SB": 1491, "Biting-Palm Ninja": 214, "Dokuchi Silencer": 691, "Silver-Fur Master": 2375, "Massacre Wurm_SB": 1637, "Pawpatch Recruit_SB": 1922, "Colossal Skyturtle_SB": 490, "Soul Transfer": 2453, "Omen of the Dead": 1839, "Sentinel of the Nameless City_SB": 2301, "Welcoming Vampire_SB": 3006, "Sharp-Eyed Rookie": 2330, "Ayara's Oathsworn": 150, "Jace, Vryn's Prodigy": 1363, "Council of the Absolute_SB": 530, "Spirit of the Labyrinth_SB": 2489, "Adventurous Impulse": 21, "Arcane Proxy": 95, "Chrome Host Seedshark": 450, "See the Truth": 2283, "Wilt-Leaf Liege_SB": 3023, "Ambitious Farmhand": 58, "Cascading Cataracts": 369, "Helpful Hunter": 1223, "Thalia's Lancers": 2657, "Barkhide Troll": 182, "Gather Courage": 1034, "Tribute to the World Tree": 2812, "Setessan Tactics_SB": 2309, "Shatterskull Smashing_SB": 2333, "Oblivious Bookworm": 1825, "Cerulean Drake_SB": 416, "Lavabrink Venturer_SB": 1497, "Prosperous Thief_SB": 2002, "Cavalier of Dawn": 398, "Kotose, the Silent Spider": 1467, "Marina Vendrell": 1627, "Fanatic of Mogis": 895, "Solphim, Mayhem Dominus": 2443, "Thalia and The Gitrog Monster": 2656, "Cosmic Rebirth_SB": 529, "Dreadbore_SB": 720, "Recommission": 2087, "Augur of Autumn_SB": 140, "Bladehold War-Whip": 225, "Nahiri, Forged in Fury": 1745, "Sword of Forge and Frontier": 2591, "Rebel Salvo_SB": 2075, "Bloodthirsty Conqueror": 252, "Dina, Soul Steeper": 671, "Dryad of the Ilysian Grove": 746, "Iridescent Vinelasher": 1346, "Jaddi Offshoot": 1367, "Mirrorpool": 1687, "Retreat to Hagra": 2139, "Bristly Bill, Spine Sower_SB": 320, "Undergrowth Champion_SB": 2858, "Deputy of Detention_SB": 646, "Valgavoth's Faithful": 2901, "Silverback Elder": 2376, "Silverback Elder_SB": 2377, "Celestial Armor": 409, "Etali, Primal Conqueror": 848, "Floodpits Drowner_SB": 965, "Massacre Wurm": 1636, "Citizen's Crowbar_SB": 457, "Gifted Aetherborn_SB": 1066, "Perilous Snare": 1929, "Repurposing Bay_SB": 2119, "Sab-Sunen, Luxa Embodied": 2210, "Liliana, Heretical Healer_SB": 1553, "Chaplain of Alms": 438, "Rune of Might": 2202, "Mendicant Core, Guidelight": 1657, "Voyager Glidecar": 2967, "Patchwork Automaton": 1912, "Momentum Breaker_SB": 1707, "Birgi, God of Storytelling": 211, "Crater's Claws": 544, "Zurgo Bellstriker_SB": 3097, "Monument to Endurance_SB": 1714, "Count on Luck_SB": 531, "Hare Apparent": 1187, "Greasewrench Goblin": 1147, "Moonshaker Cavalry_SB": 1717, "Zareth San, the Trickster": 3081, "Grim Bauble": 1151, "Momentum Breaker": 1706, "Oildeep Gearhulk_SB": 1834, "Shacklegeist_SB": 2314, "Valor's Flagship": 2911, "Ossification_SB": 1866, "Grim Bauble_SB": 1152, "Coalstoke Gearhulk": 477, "Djeru's Renunciation": 690, "Marauding Mako": 1617, "Monument to Endurance": 1713, "Sunbillow Verge": 2555, "Ketramose, the New Dawn_SB": 1430, "Mastermind's Acquisition": 1639, "Behold the Multiverse_SB": 201, "Memory Guardian": 1655, "Azor, the Lawbringer": 152, "Brightglass Gearhulk": 310, "Dredger's Insight": 735, "Archfiend's Vessel": 105, "Merfolk Secretkeeper": 1661, "Dreadhorde Arcanist_SB": 722, "Mukotai Ambusher": 1728, "Bloodghast": 248, "Molt Tender": 1703, "Driven // Despair_SB": 737, "Ashiok, Wicked Manipulator_SB": 127, "Anim Pakal, Thousandth Moon": 71, "Basri, Tomorrow's Champion": 186, "Urza's Ruinous Blast_SB": 2894, "The Speed Demon": 2699, "Intimidation Tactics_SB": 1326, "Rankle's Prank": 2054, "Oildeep Gearhulk": 1833, "Optimistic Scavenger_SB": 1856, "Doppelgang": 702, "Shigeki, Jukai Visionary": 2345, "Virtue of Strength": 2939, "Bonny Pall, Clearcutter_SB": 275, "Roxanne, Starfall Savant_SB": 2190, "Freestrider Lookout": 1001, "Ketramose, the New Dawn": 1429, "Scrabbling Claws": 2254, "Mosswood Dreadknight_SB": 1722, "Willowrush Verge": 3021, "Commune with Spirits": 500, "Goro-Goro, Disciple of Ryusei": 1132, "Kari Zev, Skyship Raider": 1399, "Radha, Heart of Keld": 2027, "Redshift, Rocketeer Chief": 2093, "Bleachbone Verge": 232, "Detention Chariot": 658, "Tune Up": 2821, "Kaya the Inexorable_SB": 1406, "Thundering Broodwagon": 2747, "Eaten Alive_SB": 761, "Benthic Biomancer": 203, "Mindspring Merfolk": 1681, "Fearless Swashbuckler": 914, "Gastal Thrillroller": 1028, "Ashiok, Nightmare Weaver": 124, "Leyline Binding_SB": 1517, "Jace's Defeat_SB": 1360, "Hazoret, Godseeker": 1205, "Avishkar Raceway": 147, "Fuel the Flames_SB": 1010, "Skycrash_SB": 2403, "Dusk Rose Reliquary": 753, "Murderous Cut": 1733, "Anguished Unmaking_SB": 70, "Drownyard Temple": 744, "Quag Feast": 2014, "Boommobile": 277, "Hedron Archive": 1216, "Paradox Engine": 1906, "Portal of Sanctuary": 1978, "Prophetic Prism": 1998, "Repurposing Bay": 2118, "Terrarion": 2650, "The Mightstone and Weakstone": 2687, "Thran Spider": 2736, "Workshop Assistant": 3049, "Liberator, Urza's Battlethopter_SB": 1527, "Noxious Gearhulk_SB": 1808, "Shrapnel Slinger_SB": 2362, "Norin, Swift Survivalist": 1799, "Dewdrop Cure_SB": 665, "Mindlink Mech_SB": 1680, "Wastewood Verge": 2993, "Ashiok, Nightmare Muse_SB": 123, "Biting-Palm Ninja_SB": 215, "Harrier Strix": 1190, "Hypnotic Grifter": 1281, "The Reality Chip": 2691, "Training Grounds": 2794, "Basilisk Collar_SB": 184, "Immersturm Raider": 1289, "The Speed Demon_SB": 2700, "Kazuul's Toll Collector": 1417, "Shardmage's Rescue_SB": 2327, "Burnout Bashtronaut": 339, "Draconautics Engineer": 707, "Howlsquad Heavy": 1271, "Volley Veteran_SB": 2961, "Swiftfoot Boots_SB": 2590, "Overprotect_SB": 1889, "Stock Up": 2522, "Liliana, the Last Hope_SB": 1554, "Riverpyre Verge": 2165, "Concealing Curtains": 502, "Riptide Gearhulk_SB": 2157, "Blade Historian": 223, "Pyre of Heroes": 2008, "Night Clubber_SB": 1771, "Aegis Turtle_SB": 22, "Cleansing Wildfire": 466, "Crumble to Dust": 555, "Encroaching Wastes": 814, "Gnottvold Slumbermound": 1095, "Haphazard Bombardment": 1183, "Jaya's Greeting": 1369, "Ravager Wurm": 2059, "Rowan, Scholar of Sparks": 2189, "Rubble Reading": 2193, "Sheltered Thicket": 2335, "Structural Distortion": 2544, "Sylvan Primordial": 2596, "Territory Forge": 2651, "Twin Bolt": 2826, "Herbology Instructor_SB": 1229, "Nissa's Defeat_SB": 1781, "Peak Eruption_SB": 1923, "Scrabbling Claws_SB": 2255, "Analyze the Pollen": 59, "Ride's End": 2148, "Battle at the Bridge": 189, "Spire of Industry": 2487, "Battle at the Bridge_SB": 190, "Murderous Cut_SB": 1734, "Borrowed Hostility": 285, "Barbed Batterfist": 179, "Webstrike Elite": 3001, "Yahenni's Expertise": 3062, "Commit // Memory_SB": 498, "Steel Seraph": 2516, "Demilich_SB": 630, "Progenitor Mimic": 1996, "Banefire": 169, "Champion of the Perished": 422, "Cryptbreaker": 560, "Dark Salvation": 582, "Dread Wanderer": 718, "Relentless Dead": 2107, "Wayward Servant": 2996, "Zahur, Glory's Past": 3080, "Fighter Class": 942, "Chainsaw_SB": 420, "Nettle Guard_SB": 1764, "Sword of Forge and Frontier_SB": 2592, "Phyrexian Censor": 1939, "Violent Urge_SB": 2934, "Boon of Boseiju": 278, "Esika's Chariot_SB": 842, "Commune with Dinosaurs": 499, "Marauding Raptor": 1618, "Rampaging Raptor": 2052, "Regal Imperiosaur": 2102, "Ripjaw Raptor": 2154, "Maximize Velocity": 1643, "Birgi, God of Storytelling_SB": 212, "Expedition Map_SB": 859, "Stock Up_SB": 2523, "Wrenn and Realmbreaker": 3055, "Samut's Sprint": 2217, "Omen of the Dead_SB": 1840, "Lost Jitte": 1580, "Lazav, Wearer of Faces": 1502, "Medomai the Ageless": 1650, "Fires of Victory_SB": 951, "Riptide Gearhulk": 2156, "Quick Study": 2019, "Gather Courage_SB": 1035, "Carnage Tyrant": 365, "Etali, Primal Conqueror_SB": 849, "Ruin-Lurker Bat": 2197, "Healer's Hawk": 1207, "Linden, the Steadfast Queen": 1555, "Rogue's Passage": 2180, "Dewdrop Cure": 664, "Afterburner Expert": 31, "Feather, the Redeemed": 915, "Feather, the Redeemed_SB": 916, "Satoru Umezawa": 2227, "Adorned Pouncer": 19, "Open the Armory": 1850, "Roadside Reliquary": 2167, "Out of Air_SB": 1872, "Cry of the Carnarium": 557, "Kaya, Orzhov Usurper": 1411, "Soul-Guide Lantern": 2455, "Calamity's Wake_SB": 348, "Twinshot Sniper": 2828, "Keruga, the Macrosage": 1426, "Twinshot Sniper_SB": 2829, "Anzrag, the Quake-Mole": 81, "Tamiyo's Safekeeping": 2611, "Thrun, Breaker of Silence": 2742, "Nissa, Ascended Animist": 1782, "Tyrranax Rex": 2832, "Nissa, Ascended Animist_SB": 1783, "Spontaneous Mutation_SB": 2497, "Raucous Carnival": 2056, "Curse of Shaken Faith_SB": 573, "Painter's Studio // Defaced Gallery": 1900, "Magmatic Chasm_SB": 1608, "Tireless Tracker_SB": 2759, "Merfolk Mistbinder": 1660, "Merfolk Trickster_SB": 1662, "Smuggler's Copter_SB": 2427, "Debris Beetle": 611, "Epic Downfall_SB": 832, "Sunder the Gateway": 2557, "Knight of Grace": 1449, "Swan Song_SB": 2586, "Enduring Tenacity_SB": 822, "Bladestitched Skaab": 226, "Lazotep Reaver": 1504, "Rotten Reunion_SB": 2186, "Rocketeer Boostbuggy": 2175, "Chandra, Spark Hunter_SB": 433, "Phoenix Chick": 1937, "Azor, the Lawbringer_SB": 153, "Mortify": 1719, "Fuel the Flames": 1009, "Gix's Command_SB": 1071, "Sorin the Mirthless_SB": 2447, "Graf Reaver_SB": 1135, "Kraul Whipcracker_SB": 1470, "Dive Down_SB": 686, "Fear of Impostors": 910, "Riptide Chimera": 2155, "Witchstalker_SB": 3032, "Selfless Glyphweaver_SB": 2294, "Soul-Scar Mage_SB": 2458, "Blood Spatter Analysis": 244, "Demonic Bargain": 633, "Osseous Sticktwister": 1864, "Korvold, Fae-Cursed King_SB": 1466, "Dive Down": 685, "Jace Reawakened_SB": 1359, "Blessed Defiance": 235, "Seasoned Hallowblade": 2278, "The Mycosynth Gardens": 2690, "Burning Earth_SB": 335, "Alrund's Epiphany": 55, "Loot, the Pathfinder": 1573, "Fugitive Codebreaker": 1011, "Flowstone Infusion": 970, "Sejiri Shelter": 2291, "Invasion of New Phyrexia_SB": 1338, "Tangled Florahedron": 2617, "Healer of the Glade_SB": 1206, "Tale's End_SB": 2608, "Omen of the Sun_SB": 1844, "Gisa, the Hellraiser_SB": 1069, "Ride's End_SB": 2149, "Omen of the Sun": 1843, "Enduring Courage": 817, "Beseech the Mirror_SB": 205, "Commence the Endgame_SB": 495, "Forbidden Friendship": 974, "Collective Effort_SB": 484, "Perilous Snare_SB": 1930, "Monastery Mentor": 1708, "Seeker of the Way_SB": 2287, "Redcap Melee": 2090, "Setessan Champion": 2307, "Trapped in the Screen": 2799, "Trapped in the Screen_SB": 2800, "Cryptolith Rite": 563, "Bottomless Pool && Locker Room": 290, "Bottomless Pool && Locker Room_SB": 291, "Knockout Blow": 1454, "Hidetsugu's Second Rite": 1240, "Eidolon of Blossoms_SB": 771, "Incubation Druid": 1298, "Kaya the Inexorable": 1405, "Mistrise Village": 1696, "Ral Zarek": 2041, "Tamiyo, Field Researcher": 2614, "Vraska, Betrayal's Sting": 2971, "Kunoros, Hound of Athreos_SB": 1483, "Tersa Lightshatter": 2653, "Mox Jasper": 1726, "Mistrise Village_SB": 1697, "Elspeth, Storm Slayer": 795, "United Battlefront": 2866, "Voice of Victory": 2949, "Sunder the Gateway_SB": 2558, "Voice of Victory_SB": 2950, "Descendant of Storms": 647, "Dragonfire Blade": 709, "Lavaspur Boots_SB": 1499, "Qarsi Revenant": 2012, "Qarsi Revenant_SB": 2013, "Cease // Desist": 407, "Cram Session": 541, "Insatiable Avarice": 1312, "The Biblioplex": 2668, "Valgavoth's Onslaught": 2903, "Containment Breach_SB": 515, "Environmental Sciences_SB": 830, "Introduction to Annihilation_SB": 1334, "Mascot Exhibition_SB": 1631, "Pest Summoning_SB": 1934, "Muraganda Raceway": 1730, "Rakdos's Return_SB": 2038, "Caustic Exhale": 396, "Dispelling Exhale": 680, "Foul-Tongue Invocation": 987, "Marang River Regent": 1616, "Scavenger Regent": 2242, "Silumgar's Scorn": 2372, "Caustic Exhale_SB": 397, "Strategic Betrayal_SB": 2539, "Cori-Steel Cutter": 523, "Wild Ride": 3016, "Cori-Steel Cutter_SB": 524, "Desperate Measures": 651, "Sunpearl Kirin": 2566, "Katilda, Dawnhart Prime": 1404, "Songcrafter Mage": 2444, "Militia Bugler_SB": 1675, "History of Benalia": 1248, "Rot-Curse Rakshasa": 2185, "Strategic Betrayal": 2538, "Treasure Map": 2806, "Archangel Elspeth": 97, "Painter's Studio && Defaced Gallery": 1899, "This Town Ain't Big Enough_SB": 2721, "Stormscale Scion": 2532, "Stormscale Scion_SB": 2533, "Of One Mind": 1832, "Banishing Slash": 177, "Gurmag Angler": 1166, "Murderous Rider_SB": 1736, "Cori Mountain Monastery": 522, "Jaya, Fiery Negotiator": 1370, "United Battlefront_SB": 2867, "Warden of the Grove": 2983, "Surrak, Elusive Hunter_SB": 2582, "Icon of Ancestry": 1282, "Fire Prophecy": 946, "White Sun's Twilight_SB": 3014, "Paradoxical Outcome_SB": 1907, "Masked Vandal": 1632, "Fanatical Firebrand_SB": 897, "Scavenger's Talent_SB": 2244, "Ygra, Eater of All_SB": 3068, "Liliana, Death's Majesty": 1550, "Decadent Dragon_SB": 614, "Runed Halo": 2203, "Undead Sprinter_SB": 2854, "Boros Reckoner": 284, "Craterhoof Behemoth": 545, "Phyrexian Obliterator": 1943, "Decisive Denial": 616, "Ebondeath, Dracolich": 762, "Ertai's Scorn": 838, "Rakshasa's Bargain": 2040, "Rewind": 2144, "Unwind": 2884, "Awaken the Honored Dead_SB": 148, "Carnage Tyrant_SB": 366, "Gaze of Granite_SB": 1037, "Lutri, the Spellchaser_SB": 1595, "Specter's Shriek_SB": 2467, "Elspeth, Storm Slayer_SB": 796, "Wojek Investigator": 3044, "Yathan Roadwatcher": 3065, "Jeskai Revelation": 1373, "Hammerhand": 1179, "Aqueous Form": 86, "Severance Priest": 2312, "Ray of Frost_SB": 2061, "Bontu's Last Reckoning_SB": 276, "Deafening Silence": 602, "Dragonlord Silumgar": 712, "Painful Truths": 1897, "Search for Azcanta": 2271, "Supreme Will": 2576, "Contraband Kingpin_SB": 519, "Village Rites": 2930, "Stormchaser's Talent_SB": 2530, "Greedy Freebooter": 1149, "Shambling Ghast": 2322, "Marketback Walker": 1628, "Diabolic Intent": 666, "Gleaming Barrier": 1080, "Liliana's Standard Bearer": 1549, "The Sibsig Ceremony": 2697, "Callous Bloodmage_SB": 353, "Friendly Teddy": 1004, "Muerra, Trash Tactician": 1727, "Dusk Legion Zealot": 752, "Patchwork Banner": 1913, "Bedevil_SB": 197, "Champion of Dusk_SB": 421, "Deadly Dispute_SB": 599, "Soul Transfer_SB": 2454, "Devilish Valet": 661, "Runaway Steam-Kin": 2199, "Grinning Ignus": 1153, "Hazoret's Monument": 1204, "Light Up the Night": 1534, "Cemetery Prowler_SB": 413, "Nissa, Steward of Elements_SB": 1785, "Kishla Village": 1436, "Ugin, Eye of the Storms": 2838, "Robber of the Rich_SB": 2174, "Sokenzan, Crucible of Defiance_SB": 2439, "Shadows' Verdict": 2315, "The Book of Exalted Deeds_SB": 2671, "Shiko, Paragon of the Way": 2346, "Silent Hallcreeper": 2371, "Ashiok, Nightmare Weaver_SB": 125, "Rediscover the Way": 2092, "Wizard's Retort_SB": 3041, "Shapers' Sanctuary": 2324, "Niv-Mizzet, Parun": 1789, "Sweltering Suns": 2587, "Giant Growth": 1056, "Heritage Reclamation_SB": 1231, "Omnath, Locus of the Roil": 1847, "Intimidation Tactics": 1325, "Liliana, Dreadhorde General_SB": 1552}}