{"vocabulary": {"Atraxa, Grand Unifier": 123, "Breeding Pool": 259, "Cavern of Souls": 339, "Enigmatic Incarnation": 692, "Fatal Push": 756, "Floodfarm Verge": 805, "Gloomlake Verge": 890, "Godless Shrine": 902, "Hushwood Verge": 1021, "Indatha Triome": 1038, "Leyline Binding": 1220, "Linvala, the Preserver": 1261, "Nowhere to Run": 1477, "Overgrown Tomb": 1536, "Overlord of the Boilerbilges": 1539, "Overlord of the Floodpits": 1540, "Overlord of the Hauntwoods": 1541, "Overlord of the Mistmoors": 1542, "Plains": 1587, "Reflector Mage": 1693, "Skyclave Apparition": 1942, "Spara's Headquarters": 1999, "Swamp": 2103, "Up the Beanstalk": 2339, "Vanishing Verse": 2366, "Zagoth Triome": 2505, "Zur, Eternal Schemer": 2517, "Knockout Blow_SB": 1167, "Rest in Peace_SB": 1716, "Ruric Thar, the Unbowed_SB": 1783, "Split Up_SB": 2021, "Thoughtseize_SB": 2213, "Yorion, Sky Nomad_SB": 2498, "Aloe Alchemist": 61, "Atarka's Command": 121, "Burning-Tree Emissary": 277, "Copperline Gorge": 446, "Cunning Coyote": 481, "Den of the Bugbear": 541, "Heartfire Hero": 961, "Karplusan Forest": 1118, "Kumano Faces Kakkazan": 1185, "Monastery Swiftspear": 1395, "Monstrous Rage": 1398, "Mountain": 1408, "Play with Fire": 1589, "Ramunap Ruins": 1656, "Reckless Bushwhacker": 1675, "Screaming Nemesis": 1829, "Sokenzan, Crucible of Defiance": 1976, "Stomping Ground": 2047, "Thornspire Verge": 2208, "Claim the Firstborn_SB": 386, "Destructive Revelry_SB": 553, "Grafdigger's Cage_SB": 911, "Magebane Lizard_SB": 1305, "Redcap Melee_SB": 1689, "Rending Volley_SB": 1706, "Screaming Nemesis_SB": 1830, "Shapers' Sanctuary_SB": 1878, "Castle Locthwain": 322, "Clearwater Pathway": 390, "Darkslick Shores": 498, "Deadly Cover-Up": 507, "Fear of Isolation": 763, "Field of Ruin": 780, "Get Out": 857, "Go for the Throat": 896, "Hall of Storm Giants": 937, "Hive of the Eye Tyrant": 996, "Hopeless Nightmare": 1005, "Island": 1076, "Narset, Parter of Veils": 1435, "Otawara, Soaring City": 1527, "Shipwreck Marsh": 1900, "Stormchaser's Talent": 2053, "Takenuma, Abandoned Mire": 2118, "The Meathook Massacre": 2179, "This Town Ain't Big Enough": 2206, "Thoughtseize": 2212, "Thundertrap Trainer": 2229, "Tinybones Joins Up": 2231, "Tithing Blade": 2241, "Urborg, Tomb of Yawgmoth": 2343, "Watery Grave": 2432, "Ashiok, Dream Render_SB": 110, "Chrome Host Seedshark_SB": 378, "Duress_SB": 634, "Extinction Event_SB": 729, "Ghost Vacuum_SB": 862, "Negate_SB": 1445, "Sheoldred, the Apocalypse_SB": 1896, "Adarkar Wastes": 35, "Brazen Borrower": 256, "Enduring Curiosity": 686, "Hallowed Fountain": 938, "Hengegate Pathway": 975, "Invasion of Gobakhan": 1063, "Mausoleum Wanderer": 1344, "Mutavault": 1421, "No More Lies": 1469, "Rattlechains": 1660, "Seachrome Coast": 1833, "Sheltered by Ghosts": 1891, "Spell Pierce": 2004, "Spell Queller": 2006, "Supreme Phantom": 2093, "The Wandering Emperor": 2195, "Declaration in Stone_SB": 524, "Disdainful Stroke_SB": 570, "Portable Hole_SB": 1599, "Tishana's Tidebinder_SB": 2236, "Wedding Announcement_SB": 2442, "Burst Lightning": 279, "Cragcrown Pathway": 457, "Emberheart Challenger": 672, "Innkeeper's Talent": 1043, "Manifold Mouse": 1316, "Pawpatch Recruit": 1563, "Reckless Rage": 1679, "Soul-Scar Mage": 1992, "Hazoret the Fervent_SB": 956, "Pawpatch Formation_SB": 1562, "Pick Your Poison_SB": 1583, "Pyroclasm_SB": 1624, "Scorching Shot_SB": 1820, "Torch the Tower_SB": 2252, "Urabrask's Forge_SB": 2341, "Kutzil's Flanker": 1190, "Archon of Emeria_SB": 104, "Elesh Norn, Mother of Machines_SB": 658, "Elspeth's Smite_SB": 664, "Blackcleave Cliffs": 194, "Blazemire Verge": 201, "Blightstep Pathway": 205, "Blood Crypt": 212, "Bloodtithe Harvester": 220, "Blooming Marsh": 221, "Cauldron Familiar": 329, "Claim the Firstborn": 385, "Deadly Dispute": 509, "Fable of the Mirror-Breaker": 735, "Fountainport": 828, "Kroxa, Titan of Death's Hunger": 1183, "Mayhem Devil": 1346, "Scavenger's Talent": 1815, "Witch's Oven": 2463, "Ygra, Eater of All": 2495, "Abrade_SB": 24, "Bitter Triumph_SB": 193, "Case of the Crimson Pulse_SB": 313, "Damping Sphere_SB": 490, "Haywire Mite_SB": 953, "Molten Collapse_SB": 1388, "Ob Nixilis, the Adversary_SB": 1490, "Arclight Phoenix": 105, "Artist's Talent": 107, "Consider": 436, "Fiery Impulse": 784, "Galvanic Iteration": 844, "Into the Flood Maw": 1058, "Lightning Axe": 1241, "Opt": 1517, "Picklock Prankster": 1584, "Proft's Eidetic Memory": 1611, "Riverglide Pathway": 1747, "Sleight of Hand": 1955, "Spikefield Hazard": 2011, "Spirebluff Canal": 2015, "Steam Vents": 2036, "Stormcarved Coast": 2051, "Temporal Trespass": 2145, "Torch the Tower": 2251, "Treasure Cruise": 2273, "Aether Gust_SB": 43, "Annul_SB": 83, "Brazen Borrower_SB": 257, "Brotherhood's End_SB": 269, "Mystical Dispute_SB": 1427, "Prismari Command_SB": 1609, "Third Path Iconoclast_SB": 2204, "Censor": 350, "Cling to Dust": 395, "Deduce": 525, "Dig Through Time": 562, "Drown in the Loch": 627, "Ertai Resurrected": 700, "Geier Reach Sanitarium": 852, "Memory Deluge": 1352, "Shark Typhoon": 1881, "Sheoldred's Edict": 1893, "Three Steps Ahead": 2218, "Torrential Gearhulk": 2256, "Undercity Sewers": 2315, "Change the Equation_SB": 369, "Cut Down_SB": 488, "Get Out_SB": 858, "Jace, Vryn's Prodigy_SB": 1083, "Kalitas, Traitor of Ghet_SB": 1112, "Long Goodbye_SB": 1274, "Notion Thief_SB": 1475, "Path of Peril_SB": 1560, "The Meathook Massacre_SB": 2180, "Callous Sell-Sword": 293, "Claim // Fame": 383, "Infuriate": 1040, "Sulfurous Springs": 2070, "Fatal Push_SB": 757, "Feed the Swarm_SB": 772, "Built to Smash": 274, "Cacophony Scamp": 286, "Thud": 2224, "Titan's Strength": 2239, "Turn Inside Out": 2286, "Wayward Guide-Beast": 2433, "Dreadmaw's Ire_SB": 614, "End the Festivities_SB": 684, "Kari Zev's Expertise_SB": 1115, "Light Up the Stage_SB": 1238, "Obosh, the Preypiercer_SB": 1493, "Voldaren Thrillseeker_SB": 2406, "Bond of Insight": 234, "Expedition Map": 718, "Hidden Strings": 985, "Lier, Disciple of the Drowned": 1233, "Lightning Strike": 1245, "Lotus Field": 1285, "Pore Over the Pages": 1595, "Thespian's Stage": 2201, "Valakut Awakening": 2350, "Vizier of Tumbling Sands": 2392, "Anger of the Gods_SB": 77, "Chandra's Defeat_SB": 359, "Fiery Impulse_SB": 785, "Leyline of Sanctity_SB": 1226, "Niv-Mizzet, Parun_SB": 1466, "Bushwhack": 281, "Snakeskin Veil": 1966, "Mutavault_SB": 1422, "Reckless Rage_SB": 1680, "Castle Ardenvale": 319, "Concealed Courtyard": 427, "Enduring Innocence": 688, "Legion's Landing": 1218, "Nurturing Pixie": 1483, "Oath of Kaya": 1487, "Optimistic Scavenger": 1518, "Raffine's Tower": 1641, "Beza, the Bounding Spring_SB": 181, "Dovin's Veto_SB": 594, "Narset, Parter of Veils_SB": 1436, "Heartless Act_SB": 964, "Kolaghan's Command_SB": 1170, "Blade of the Oni": 197, "Duress": 633, "Fear of Missing Out": 764, "Sheoldred, the Apocalypse": 1895, "Unholy Annex // Ritual Chamber": 2324, "Withering Torment": 2469, "Anoint with Affliction_SB": 85, "Hidetsugu Consumes All_SB": 987, "Invoke Despair_SB": 1070, "Unlicensed Hearse_SB": 2331, "Floodpits Drowner": 806, "Kaito, Bane of Nightmares": 1107, "Mockingbird": 1384, "Moon-Circuit Hacker": 1401, "Silvergill Adept": 1922, "Triton Shorestalker": 2282, "Underground River": 2317, "Vodalian Hexcatcher": 2393, "Spell Pierce_SB": 2005, "Haunted Ridge": 950, "Withering Torment_SB": 2470, "Enduring Innocence_SB": 689, "Battlefield Forge": 167, "Bonecrusher Giant": 236, "Chained to the Rocks": 352, "Inspiring Vantage": 1053, "Needleverge Pathway": 1443, "Pia Nalaar, Consul of Revival": 1582, "Reckless Impulse": 1677, "Sacred Foundry": 1789, "Showdown of the Skalds": 1907, "Slickshot Show-Off": 1956, "Wrenn's Resolve": 2485, "Get Lost_SB": 856, "Rampaging Ferocidon_SB": 1654, "Showdown of the Skalds_SB": 1908, "Hired Claw": 994, "Drowned Catacomb": 628, "Elesh Norn, Mother of Machines": 657, "Mana Confluence": 1315, "Pillage the Bog": 1585, "Sunfall": 2082, "Temple Garden": 2136, "Woodland Cemetery": 2479, "Barrier Breach_SB": 158, "Sunfall_SB": 2083, "Reckoner Bankbuster_SB": 1683, "Extinction Event": 728, "Yorion, Sky Nomad": 2497, "Deadly Cover-Up_SB": 508, "Anointed Peacekeeper": 86, "Archon of Emeria": 103, "Aven Interrupter": 133, "Branchloft Pathway": 251, "Brushland": 270, "Collected Company": 405, "Eiganjo, Seat of the Empire": 647, "Elvish Mystic": 669, "Kellan, Daring Traveler": 1136, "Llanowar Elves": 1268, "Razorverge Thicket": 1671, "Shefet Dunes": 1889, "Thalia, Guardian of Thraben": 2158, "Voice of Resurgence": 2394, "Werefox Bodyguard": 2446, "Brutal Cathar_SB": 272, "Elite Spellbinder_SB": 661, "Gideon, Ally of Zendikar_SB": 871, "Guardian of Faith_SB": 929, "The Wandering Emperor_SB": 2196, "Werefox Bodyguard_SB": 2447, "Ruric Thar, the Unbowed": 1782, "Questing Druid_SB": 1632, "Abrupt Decay": 25, "Bring to Light": 264, "Deafening Clarion": 511, "Fabled Passage": 737, "Forest": 817, "Jetmir's Garden": 1094, "Ketria Triome": 1146, "Knight of Autumn": 1159, "Kolaghan's Command": 1169, "Krenko's Buzzcrusher": 1179, "Lightning Helix": 1243, "Maelstrom Pulse": 1299, "Nahiri, the Harbinger": 1430, "Niv-Mizzet Reborn": 1464, "Niv-Mizzet, Supreme": 1467, "Omnath, Locus of Creation": 1510, "Raugrin Triome": 1664, "Savai Triome": 1807, "Sylvan Caryatid": 2113, "Valki, God of Lies": 2356, "Ziatora's Proving Ground": 2511, "Kambal, Consul of Allocation_SB": 1113, "The End_SB": 2174, "Unmoored Ego_SB": 2334, "Boseiju, Who Endures": 245, "Lion Sash": 1263, "Loran of the Third Path": 1277, "Dromoka's Command_SB": 626, "Beanstalk Giant": 169, "Greater Tanuki": 918, "Lush Portico": 1293, "Quintorius Kand": 1636, "Release to the Wind": 1701, "Spark Double": 2000, "Spinewoods Armadillo": 2012, "Trumpeting Carnosaur": 2284, "Virtue of Persistence": 2384, "Consign // Oblivion_SB": 438, "Dragonlord Dromoka_SB": 600, "Gyruda, Doom of Depths_SB": 935, "Horned Loch-Whale_SB": 1008, "Keruga, the Macrosage_SB": 1143, "Roaring Furnace // Steaming Sauna_SB": 1752, "Swamp_SB": 2104, "Thought Distortion_SB": 2209, "Anoint with Affliction": 84, "Invoke Despair": 1069, "Go Blank_SB": 894, "Preacher of the Schism_SB": 1606, "Twisted Fealty_SB": 2292, "Cleansing Nova_SB": 388, "Deafening Clarion_SB": 512, "Yasharn, Implacable Earth_SB": 2492, "Brightclimb Pathway": 260, "Liliana of the Veil_SB": 1251, "Thing in the Ice_SB": 2203, "Questing Druid": 1631, "Faerie Miscreant": 748, "Spyglass Siren": 2025, "Enduring Curiosity_SB": 687, "Mukotai Ambusher_SB": 1415, "Claim // Fame_SB": 384, "Go for the Throat_SB": 897, "Kappa Tech-Wrecker": 1114, "Cut Down": 487, "Jwari Disruption": 1102, "Omen of the Sea": 1507, "Extract the Truth_SB": 730, "Ghitu Lavarunner": 860, "Light Up the Stage": 1237, "Wizard's Lightning": 2473, "Witchstalker Frenzy_SB": 2465, "Faerie Mastermind": 747, "Inscription of Ruin": 1048, "Jace Reawakened": 1079, "Malcolm, Alluring Scoundrel": 1314, "Tinybones, the Pickpocket": 2232, "Weathered Runestone_SB": 2437, "Agatha's Soul Cauldron": 51, "Bloodsoaked Champion": 218, "Darkbore Pathway": 497, "Deathrite Shaman": 518, "Forsaken Miner": 820, "Insidious Roots": 1051, "Llanowar Wastes": 1270, "Osteomancer Adept": 1526, "Overlord of the Balemurk": 1537, "Priest of Forgotten Gods": 1607, "Rubblebelt Maverick": 1772, "Scavenging Ooze": 1817, "Scrapheap Scrounger": 1825, "Snarling Gorehound": 1968, "Squirming Emergence": 2026, "Tyvar, Jubilant Brawler": 2297, "Underground Mortuary": 2316, "Knight of Dusk's Shadow_SB": 1161, "Leyline of the Void_SB": 1230, "Pithing Needle_SB": 1586, "Dauntless Bodyguard": 500, "Hopeful Initiate": 1003, "Kytheon, Hero of Akros": 1193, "Recruitment Officer": 1687, "Containment Priest": 442, "Coppercoat Vanguard": 445, "Thalia's Lieutenant": 2157, "Adeline, Resplendent Cathar": 36, "Brutal Cathar": 271, "Brave the Elements": 254, "Anointed Peacekeeper_SB": 87, "Reidane, God of the Worthy_SB": 1700, "Fateful Absence_SB": 759, "Trostani, Three Whispers": 2283, "Knight of Autumn_SB": 1160, "Voice of Resurgence_SB": 2395, "Soulstone Sanctuary": 1998, "Casualties of War_SB": 324, "Bishop of Wings": 188, "Emeria's Call": 676, "Giada, Font of Hope": 866, "Kayla's Reconstruction": 1129, "Resplendent Angel": 1715, "Righteous Valkyrie": 1735, "Aven Interrupter_SB": 134, "Deafening Silence_SB": 514, "Bassara Tower Archer": 163, "Blast Zone": 200, "Cloudsteel Kirin": 402, "Colossus Hammer": 418, "Fervent Champion": 777, "Gladecover Scout": 879, "Kellan, the Fae-Blooded": 1138, "Leyline Axe": 1219, "Lizard Blades": 1267, "Shadowspear": 1871, "Sigarda's Aid": 1912, "Thran Power Suit": 2216, "Chained to the Rocks_SB": 353, "Lightning Helix_SB": 1244, "Strict Proctor_SB": 2063, "Cavalier of Thorns": 337, "Invasion of Ixalan": 1065, "Kiora, Behemoth Beckoner": 1149, "Lair of the Hydra": 1194, "Nykthos, Shrine to Nyx": 1484, "Oath of Nissa": 1488, "Old-Growth Troll": 1502, "Outcaster Trailblazer": 1531, "Storm the Festival": 2050, "Ulvenwald Oddity": 2306, "Wolfwillow Haven": 2477, "Cityscape Leveler_SB": 382, "Monstrous Emergence_SB": 1397, "The Mightstone and Weakstone_SB": 2182, "The Stone Brain_SB": 2194, "Tranquil Frillback_SB": 2265, "Wicked Wolf_SB": 2452, "Fortified Beachhead": 822, "Extraction Specialist": 731, "Declaration in Stone": 523, "Get Lost": 855, "Sheltered by Ghosts_SB": 1892, "Containment Priest_SB": 443, "Reflector Mage_SB": 1694, "Molten Collapse": 1387, "Sheoldred's Edict_SB": 1894, "Viashino Pyromancer": 2376, "Boltwave": 231, "Skewer the Critics": 1934, "Searing Blood": 1838, "Chandra, Torch of Defiance_SB": 367, "Bomat Courier_SB": 233, "Bonecrusher Giant_SB": 237, "Magma Spray_SB": 1309, "Searing Blood_SB": 1839, "Lightning Strike_SB": 1246, "Unstoppable Slasher": 2335, "Bloodletter of Aclazotz": 217, "Blot Out_SB": 227, "Ral, Crackling Wit_SB": 1650, "Thassa's Oracle_SB": 2163, "Young Pyromancer_SB": 2499, "Dromoka's Command": 625, "Aven Mindcensor_SB": 135, "Remorseful Cleric_SB": 1705, "Kutzil's Flanker_SB": 1191, "Kaito Shizuki": 1105, "Aclazotz, Deepest Betrayal_SB": 32, "Three Steps Ahead_SB": 2219, "Hollow One": 998, "Inti, Seneschal of the Sun": 1055, "Smuggler's Copter": 1962, "Restless Vents": 1723, "Fiery Temper": 786, "Voldaren Epicure": 2404, "Stalactite Stalker": 2031, "Harvester of Misery_SB": 948, "Hostile Investigator_SB": 1014, "Sunspine Lynx_SB": 2092, "Lamplight Phoenix_SB": 1195, "Chandra, Dressed to Kill_SB": 363, "Lithomantic Barrage_SB": 1265, "Roiling Vortex_SB": 1761, "Boros Charm": 242, "Fugitive Codebreaker_SB": 840, "Razorkin Needlehead_SB": 1670, "Leyline of the Guildpact": 1229, "Obstinate Baloth_SB": 1495, "Cache Grab": 285, "Camellia, the Seedmiser": 295, "Deathcap Glade": 515, "Gilded Goose": 874, "Trail of Crumbs": 2261, "Traverse the Ulvenwald": 2270, "Vinereap Mentor": 2379, "Vraska, Golgari Queen": 2415, "Abrupt Decay_SB": 26, "Assassin's Trophy_SB": 118, "Voldaren Thrillseeker": 2405, "Tree of Perdition": 2277, "Raucous Theater": 1663, "Collective Brutality_SB": 408, "Caustic Bronco_SB": 331, "Restless Prairie": 1720, "Youthful Valkyrie": 2500, "Authority of the Consuls_SB": 132, "Crystal Barricade_SB": 476, "Absorb": 28, "Castle Vantress": 323, "Change the Equation": 368, "Deserted Beach": 548, "Dovin's Veto": 593, "Elspeth's Smite": 663, "Farewell": 754, "Glacial Fortress": 878, "Irrigated Farmland": 1073, "March of Otherworldly Light": 1323, "Meticulous Archive": 1365, "Restless Anchorage": 1717, "Supreme Verdict": 2094, "Teferi, Hero of Dominaria": 2133, "Temporary Lockdown": 2146, "Destroy Evil_SB": 552, "Narset's Reversal_SB": 1434, "Lifebane Zombie_SB": 1235, "Brave the Elements_SB": 255, "Protect the Negotiators_SB": 1619, "Sunset Revelry_SB": 2090, "Fetid Pools": 779, "Trial of Ambition": 2279, "Kaito, Bane of Nightmares_SB": 1108, "Ancient Cornucopia": 73, "Beza, the Bounding Spring": 180, "Elenda, Saint of Dusk": 655, "Hostage Taker": 1011, "Unmoored Ego": 2333, "Xander's Lounge": 2486, "Klothys, God of Destiny_SB": 1158, "Wild Slash": 2454, "Hidetsugu's Second Rite_SB": 989, "Unchained Berserker_SB": 2311, "Bitter Triumph": 192, "Elegant Parlor": 654, "Greasefang, Okiba Boss": 915, "Parhelion II": 1553, "Skysovereign, Consul Flagship": 1949, "Vanishing Verse_SB": 2367, "Thirst for Meaning": 2205, "Entity Tracker_SB": 696, "Treacherous Blessing": 2271, "Skyclave Apparition_SB": 1943, "Portable Hole": 1598, "Hullbreaker Horror_SB": 1018, "Restless Reef": 1721, "Sunken Citadel": 2084, "Kaheera, the Orphanguard_SB": 1104, "Back to Nature_SB": 142, "Case of the Stashed Skeleton": 316, "Rakdos Joins Up": 1645, "Transmogrify": 2266, "Valgavoth, Terror Eater": 2354, "Volcanic Spite": 2402, "Massacre Wurm_SB": 1341, "Virtue of Persistence_SB": 2385, "Setessan Petitioner_SB": 1862, "Slaughter Games": 1952, "Abhorrent Oculus": 21, "Augur of Bolas": 129, "Barkchannel Pathway": 156, "Botanical Sanctum": 248, "Essence Flux": 708, "Fading Hope": 742, "Fallaji Archaeologist": 750, "Neoform": 1446, "Satyr Wayfinder": 1805, "Stubborn Denial": 2066, "Tyvar's Stand": 2295, "Into the Flood Maw_SB": 1059, "Natural State_SB": 1438, "Test of Talents_SB": 2154, "Unable to Scream_SB": 2310, "Biting-Palm Ninja": 189, "Dokuchi Silencer": 583, "Ornithopter": 1522, "Satoru, the Infiltrator": 1804, "Silver-Fur Master": 1919, "Thousand-Faced Shadow": 2214, "Kaito Shizuki_SB": 1106, "Discontinuity": 567, "Dream Trawler": 615, "Impulse": 1035, "Settle the Wreckage": 1864, "Strict Proctor": 2062, "Chandra, Awakened Inferno_SB": 361, "Dream Trawler_SB": 616, "Farewell_SB": 755, "Bandit's Talent": 148, "Glistening Deluge_SB": 889, "Archfiend of the Dross": 99, "Cult Conscript": 480, "Haywire Mite": 952, "Stitcher's Supplier": 2044, "Reckoner Bankbuster": 1682, "Kroxa, Titan of Death's Hunger_SB": 1184, "Skysovereign, Consul Flagship_SB": 1950, "Helping Hand": 974, "Thalia, Guardian of Thraben_SB": 2159, "Goblin Chainwhirler_SB": 899, "Pawpatch Recruit_SB": 1564, "Assimilation Aegis": 119, "Brass Knuckles": 252, "Fabrication Foundry": 738, "Ingenious Smith": 1042, "Inventors' Fair": 1067, "Metalwork Colossus": 1363, "Moonsnare Prototype": 1403, "Sanctum of Ugin": 1798, "Simulacrum Synthesizer": 1925, "The Irencrag": 2178, "Metallic Rebuke_SB": 1362, "Mystic Forge_SB": 1423, "Holy Cow": 999, "Lyra Dawnbringer_SB": 1295, "Demilich": 534, "Shivan Reef": 1901, "Stern Dismissal": 2039, "Jace, Wielder of Mysteries_SB": 1084, "Proft's Eidetic Memory_SB": 1612, "Magda, Brazen Outlaw": 1303, "Enduring Vitality": 691, "Arasta of the Endless Web_SB": 93, "Colossal Skyturtle_SB": 416, "Takenuma, Abandoned Mire_SB": 2119, "Soul Transfer": 1988, "High Noon": 990, "Horned Loch-Whale": 1007, "Soul Partition": 1986, "Sphinx's Revelation": 2009, "Tale's End": 2120, "High Noon_SB": 991, "Supreme Verdict_SB": 2095, "Temporary Lockdown_SB": 2147, "Urza's Sylex_SB": 2349, "Cryptic Coat": 473, "Darksteel Citadel": 499, "Ensoul Artifact": 693, "Legion Extruder": 1213, "Shrapnel Blast": 1909, "Burst Lightning_SB": 280, "Shadowspear_SB": 1872, "Voltage Surge_SB": 2409, "Entity Tracker": 695, "Omen of the Dead": 1505, "Emrakul, the Promised End_SB": 680, "Scrapshooter_SB": 1827, "Clever Impersonator": 391, "Gyruda, Doom of Depths": 934, "Herd Migration": 980, "Polukranos Reborn": 1593, "Snow-Covered Forest": 1969, "Tyvar, the Pummeler": 2298, "Kayla's Reconstruction_SB": 1130, "Sentinel of the Nameless City_SB": 1856, "Welcoming Vampire_SB": 2445, "Liliana of the Veil": 1250, "Heartless Act": 963, "Deflecting Palm_SB": 532, "Cathartic Pyre": 327, "Silundi Vision": 1918, "Wish": 2462, "Filter Out_SB": 789, "Lier, Disciple of the Drowned_SB": 1234, "Prosperous Thief": 1617, "Rottenmouth Viper": 1766, "Misery's Shadow_SB": 1377, "Rottenmouth Viper_SB": 1767, "Fiend Artisan": 782, "Rhonas the Indomitable": 1732, "Spinner of Souls": 2013, "Werewolf Pack Leader": 2448, "Hunter's Talent_SB": 1019, "Outland Liberator_SB": 1532, "Prowling Serpopard_SB": 1620, "Rockface Village": 1756, "Waste Not": 2427, "Kazandu Mammoth": 1131, "Sharp-Eyed Rookie": 1883, "Keen-Eyed Curator_SB": 1134, "Genesis Wave": 854, "Hostile Hostel": 1012, "Tail Swipe_SB": 2116, "Blossoming Defense": 222, "Welcoming Vampire": 2444, "Confounding Riddle": 433, "Ill-Timed Explosion": 1026, "Indomitable Creativity": 1039, "Magma Opus": 1308, "Mirrex": 1372, "Negate": 1444, "Prismari Command": 1608, "Sublime Epiphany": 2068, "Thundering Falls": 2228, "Alpine Moon_SB": 63, "Ral, Izzet Viceroy_SB": 1651, "Shark Typhoon_SB": 1882, "Ayara's Oathsworn": 139, "Experimental Augury": 721, "Might of the Meek": 1367, "Slickshot Show-Off_SB": 1957, "Commit // Memory": 422, "Feed the Swarm": 771, "Jace, Vryn's Prodigy": 1082, "Mission Briefing": 1379, "Sorin the Mirthless": 1983, "Vein Ripper": 2371, "Atraxa, Grand Unifier_SB": 124, "Valgavoth, Terror Eater_SB": 2355, "Veteran Survivor": 2375, "Loran of the Third Path_SB": 1278, "Treacherous Blessing_SB": 2272, "Cling to Dust_SB": 396, "Eidolon of the Great Revel": 645, "Skullcrack_SB": 1941, "Shardmage's Rescue": 1879, "Knight of Grace_SB": 1163, "Curious Obsession": 483, "Geistlight Snare": 853, "Spectral Sailor": 2003, "Settle the Wreckage_SB": 1865, "Can't Stay Away": 297, "Eldritch Evolution": 653, "Esika's Chariot": 704, "Glissa Sunslayer": 887, "Grisly Salvage": 923, "Raffine's Informant": 1640, "Witherbloom Command": 2467, "Graveyard Trespasser_SB": 914, "Kalitas, Traitor of Ghet": 1111, "Ledger Shredder_SB": 1210, "Tranquil Frillback": 2264, "Council of the Absolute_SB": 452, "Spirit of the Labyrinth_SB": 2016, "Suncleanser_SB": 2078, "Dawnbringer Cleric_SB": 502, "Adventurous Impulse": 39, "Monastery Mentor_SB": 1394, "Soul Partition_SB": 1987, "Arboreal Grazer": 94, "Archdruid's Charm": 98, "Bala Ged Recovery": 144, "Dark Petition": 494, "Emergent Ultimatum": 674, "Fae of Wishes": 744, "Hedge Maze": 965, "Omniscience": 1513, "Sylvan Scrying": 2115, "Approach of the Second Sun_SB": 90, "Emergent Ultimatum_SB": 675, "Languish_SB": 1197, "Sphinx of the Final Word_SB": 2008, "Zacama, Primal Calamity_SB": 2503, "Snakeskin Veil_SB": 1967, "Surge of Righteousness_SB": 2097, "Souls of the Lost": 1996, "Boseiju, Who Endures_SB": 246, "Souls of the Lost_SB": 1997, "Cathar Commando_SB": 326, "Demolition Field": 536, "Destroy Evil": 551, "Serra Paragon_SB": 1860, "Graveyard Trespasser": 913, "Torpor Orb_SB": 2255, "Arcane Proxy": 96, "Chrome Host Seedshark": 377, "Path of Peril": 1559, "See the Truth": 1845, "Ambitious Farmhand": 66, "Cascading Cataracts": 311, "Charming Prince": 373, "Golos, Tireless Pilgrim": 907, "Helpful Hunter": 973, "Lay Down Arms": 1204, "Ossification": 1524, "Serra Paragon": 1859, "Spirited Companion": 2019, "Thalia's Lancers": 2156, "The Book of Exalted Deeds": 2170, "Touch the Spirit Realm": 2258, "Nashi, Searcher in the Dark": 1437, "Wilt-Leaf Liege_SB": 2458, "Shadowy Backstreet": 1873, "Shambling Vent": 1876, "Battle Cry Goblin": 164, "Brass's Tunnel-Grinder": 253, "Conspicuous Snoop": 439, "Fireblade Charger": 794, "Goblin Instigator": 900, "Raise the Past": 1644, "Rundvelt Hordemaster": 1777, "Skirk Prospector": 1935, "Invasion of Gobakhan_SB": 1064, "Caretaker's Talent": 303, "Carrot Cake": 306, "Sundown Pass": 2081, "Wedding Announcement": 2441, "Westvale Abbey": 2449, "Imodane's Recruiter_SB": 1033, "Thought-Knot Seer_SB": 2211, "Divine Smite_SB": 581, "Day of Judgment_SB": 504, "Behold the Beyond": 174, "Nine Lives": 1453, "Temple of Mystery": 2142, "Yavimaya Coast": 2494, "Grand Abolisher_SB": 912, "Silence_SB": 1914, "Surge of Salvation": 2098, "Callous Bloodmage": 291, "Day's Undoing": 505, "Unable to Scream": 2309, "Stubborn Denial_SB": 2067, "Nylea's Intervention_SB": 1485, "Fires of Invention": 795, "Tolsimir, Friend to Wolves": 2245, "Titan of Industry": 2237, "Heliod, the Radiant Dawn": 971, "Kenrith, the Returned King": 1141, "Cavalier of Dawn": 335, "Kotose, the Silent Spider": 1175, "Sunpetal Grove": 2087, "Sulfur Falls": 2069, "Marina Vendrell": 1331, "Krenko's Buzzcrusher_SB": 1180, "Archon of Absolution_SB": 102, "Chandra, Torch of Defiance": 366, "Fanatic of Mogis": 751, "Leyline of Combustion": 1222, "Razorkin Needlehead": 1669, "Shatterskull Smashing": 1887, "Solphim, Mayhem Dominus": 1979, "Torbran, Thane of Red Fell": 2249, "Fable of the Mirror-Breaker_SB": 736, "Altanak, the Thrice-Called": 65, "Say Its Name": 1808, "Witherbloom Command_SB": 2468, "Thalia and The Gitrog Monster": 2155, "Cosmic Rebirth_SB": 451, "Dreadbore_SB": 610, "Deathmist Raptor": 517, "Oblivious Bookworm": 1492, "Cerulean Drake_SB": 351, "Kraul Harpooner_SB": 1177, "Lavabrink Venturer_SB": 1200, "Prosperous Innkeeper_SB": 1616, "Soulless Jailer_SB": 1995, "Gleaming Geardrake": 883, "Thraben Inspector": 2215, "Faithful Mending": 749, "Kiora, the Rising Tide": 1150, "Otherworldly Gaze": 1528, "Recommission": 1685, "Tainted Indulgence": 2117, "Tome Scour": 2247, "Fragmentize_SB": 831, "Augur of Autumn_SB": 128, "Culling Ritual_SB": 479, "Barkhide Troll": 157, "Gather Courage": 849, "Keen-Eyed Curator": 1133, "Tribute to the World Tree": 2281, "Inscription of Abundance_SB": 1047, "Setessan Tactics_SB": 1863, "Prosperous Thief_SB": 1618, "Unholy Annex // Ritual Chamber_SB": 2325, "Shatterskull Smashing_SB": 1888, "Blacksmith's Talent": 195, "Bladehold War-Whip": 198, "Chainsaw": 354, "Kemba, Kha Enduring": 1139, "Nahiri, Forged in Fury": 1428, "Sword of Forge and Frontier": 2110, "Rebel Salvo_SB": 1674, "Solemnity_SB": 1978, "Aftermath Analyst": 48, "Arid Archway": 106, "Bloodthirsty Conqueror": 219, "Dina, Soul Steeper": 564, "Dryad of the Ilysian Grove": 630, "Iridescent Vinelasher": 1072, "Jaddi Offshoot": 1087, "Lumra, Bellow of the Woods": 1290, "Mirrorpool": 1373, "Retreat to Hagra": 1727, "Scapeshift": 1811, "Spelunking": 2007, "Bristly Bill, Spine Sower_SB": 265, "Deathrite Shaman_SB": 519, "Scavenging Ooze_SB": 1818, "Undergrowth Champion_SB": 2318, "Deputy of Detention": 545, "Tyvar, the Pummeler_SB": 2299, "Elder Gargaroth": 650, "Silverback Elder": 1920, "Silverback Elder_SB": 1921, "No More Lies_SB": 1470, "Celestial Armor": 345, "Wear // Tear_SB": 2435, "Culling Ritual": 478, "Preacher of the Schism": 1605, "Brotherhood's End": 268, "Galvanic Iteration_SB": 845, "Nine Lives_SB": 1454, "Thalia, Heretic Cathar": 2160, "Extraction Specialist_SB": 732, "Zephyr Sentinel_SB": 2509, "Cindervines_SB": 379, "Collector's Vault": 412, "Etali, Primal Conqueror": 710, "Seize the Spoils": 1848, "Zombify": 2515, "Sire of Insanity_SB": 1930, "Worldspine Wurm_SB": 2483, "Xenagos, God of Revels_SB": 2488, "Novice Inspector": 1476, "Warden of the Inner Sky": 2423, "Legion Loyalist": 1216, "Resolute Reinforcements": 1713, "Venerated Loxodon": 2373, "Knight-Errant of Eos": 1165, "Imodane's Recruiter": 1032, "Case of the Gateway Express": 314, "Gleeful Demolition": 884, "Clifftop Retreat": 394, "Light of Hope_SB": 1239, "Surge of Salvation_SB": 2099, "Soul-Guide Lantern_SB": 1991, "Zoetic Glyph": 2514, "Sweltering Suns_SB": 2107, "The Akroan War_SB": 2167, "Castle Embereth": 320, "Kellan, Planar Trailblazer": 1137, "Zurgo Bellstriker": 2518, "Deputy of Detention_SB": 546, "Experimental Frenzy_SB": 723, "March of Swirling Mist": 1325, "Floodpits Drowner_SB": 807, "Massacre Wurm": 1340, "Valgavoth's Faithful": 2352, "Kenrith's Transformation_SB": 1140, "March of Wretched Sorrow": 1327, "Swiftfoot Boots": 2108, "Citizen's Crowbar_SB": 380, "Lion Sash_SB": 1264, "Aclazotz, Deepest Betrayal": 31, "Go Blank": 893, "Mazemind Tome": 1347, "Gifted Aetherborn_SB": 873, "March of Wretched Sorrow_SB": 1328, "Dissection Tools": 576, "Perilous Snare": 1569, "Wedding Invitation": 2443, "Glass Casket_SB": 880, "Repurposing Bay_SB": 1711, "All That Glitters": 60, "Alpha Authority": 62, "Audacity": 125, "Chaplain of Alms": 372, "Ethereal Armor": 712, "Gryff's Boon": 926, "Light-Paws, Emperor's Voice": 1240, "Rune of Might": 1778, "Sentinel's Eyes": 1857, "Toadstool Admirer": 2242, "Adanto Vanguard_SB": 34, "Mendicant Core, Guidelight": 1355, "Metallic Rebuke": 1361, "Voyager Glidecar": 2410, "Cryptic Coat_SB": 474, "Hare Apparent": 946, "Dawnbringer Cleric": 501, "Momentum Breaker_SB": 1392, "Bard Class": 155, "Birgi, God of Storytelling": 186, "Crater's Claws": 460, "Domri, Anarch of Bolas": 585, "Gallia of the Endless Dance": 843, "Hajar, Loyal Bodyguard": 936, "Klothys, God of Destiny": 1157, "Migloz, Maze Crusher": 1368, "Mox Amber": 1410, "Samut, Vizier of Naktamun": 1796, "Targ Nar, Demon-Fang Gnoll": 2127, "Xenagos, the Reveler": 2489, "Banefire_SB": 151, "Tormod's Crypt_SB": 2254, "Zurgo Bellstriker_SB": 2519, "Bolas's Citadel": 230, "Catacomb Sifter": 325, "Prosperous Innkeeper": 1615, "Woe Strider": 2475, "Glissa Sunslayer_SB": 888, "Liliana, Heretical Healer_SB": 1255, "Status // Statue_SB": 2035, "Lavaspur Boots": 1201, "Patchwork Automaton": 1555, "Sab-Sunen, Luxa Embodied": 1787, "Foundry Street Denizen": 827, "Greasewrench Goblin": 916, "Moonshaker Cavalry_SB": 1402, "Nahiri, the Harbinger_SB": 1431, "Grim Bauble": 920, "Momentum Breaker": 1391, "Oildeep Gearhulk_SB": 1500, "Agadeem's Awakening": 49, "Nighthawk Scavenger": 1450, "Soaring Thought-Thief": 1975, "Thieves' Guild Enforcer": 2202, "Zareth San, the Trickster": 2507, "Nighthawk Scavenger_SB": 1451, "Count on Luck_SB": 453, "Valor's Flagship": 2360, "Shacklegeist_SB": 1868, "Monument to Endurance_SB": 1400, "Brightglass Gearhulk": 261, "Dredger's Insight": 622, "Soulflayer": 1994, "Urborg Scavengers": 2342, "Zetalpa, Primal Dawn": 2510, "Callous Sell-Sword_SB": 294, "Dreadhorde Arcanist_SB": 612, "Archfiend's Vessel": 101, "Ledger Shredder": 1209, "Lively Dirge": 1266, "Merfolk Secretkeeper": 1358, "Raffine, Scheming Seer": 1642, "Tyrranax Rex_SB": 2294, "Coalstoke Gearhulk": 404, "Shacklegeist": 1867, "Ossification_SB": 1525, "Tears of Valakut_SB": 2131, "Ketramose, the New Dawn_SB": 1145, "Behold the Multiverse": 175, "Mastermind's Acquisition": 1342, "Peer into the Abyss": 1566, "Behold the Multiverse_SB": 176, "Witchstalker Frenzy": 2464, "Grim Bauble_SB": 921, "Ray of Enfeeblement_SB": 1666, "Cast Out": 318, "Djeru's Renunciation": 582, "Drannith Healer": 605, "Drannith Stinger": 607, "Flourishing Fox": 809, "Footfall Crater": 815, "Go for Blood": 895, "Marauding Mako": 1321, "Monument to Endurance": 1399, "Sunbillow Verge": 2077, "Zenith Flare": 2508, "Flicker of Fate": 804, "Heroic Intervention_SB": 984, "Polukranos Reborn_SB": 1594, "Azor, the Lawbringer": 140, "Memory Guardian": 1354, "Emry, Lurker of the Loch": 681, "Jeskai Ascendancy": 1092, "Mishra's Research Desk": 1378, "Restless Spire": 1722, "Retraction Helix": 1725, "Saheeli, Sublime Artificer": 1791, "Tormod's Crypt": 2253, "Devout Decree_SB": 557, "Strangle_SB": 2059, "Valley Floodcaller_SB": 2358, "Valorous Stance_SB": 2361, "Mukotai Ambusher": 1414, "Bloodghast": 216, "Molt Tender": 1386, "Driven // Despair_SB": 624, "Ashiok, Wicked Manipulator_SB": 116, "Anim Pakal, Thousandth Moon": 80, "Basri, Tomorrow's Champion": 162, "Embercleave": 670, "Plaza of Heroes": 1591, "Skrelv, Defector Mite": 1938, "Urza's Ruinous Blast_SB": 2348, "The Speed Demon": 2192, "Intimidation Tactics_SB": 1057, "Brokers Hideout": 267, "Cabaretti Courtyard": 284, "Doppelgang": 591, "Fires of Victory": 796, "Maestros Theater": 1302, "Nissa, Resurgent Animist": 1460, "Riveteers Overlook": 1749, "Shigeki, Jukai Visionary": 1898, "Virtue of Strength": 2386, "Worldsoul's Rage": 2481, "Bonny Pall, Clearcutter_SB": 238, "Roxanne, Starfall Savant_SB": 1769, "Nowhere to Run_SB": 1478, "Feed the Cycle": 770, "Hostile Investigator": 1013, "Rankle's Prank": 1657, "Freestrider Lookout": 832, "Ghost Vacuum": 861, "Ketramose, the New Dawn": 1144, "Restless Cottage": 1718, "Scrabbling Claws": 1823, "Shattered Sanctum": 1885, "Legion's End_SB": 1217, "Mosswood Dreadknight_SB": 1407, "Pest Control_SB": 1572, "Tear Asunder_SB": 2130, "Detention Sphere_SB": 555, "Willowrush Verge": 2457, "Optimistic Scavenger_SB": 1519, "Beacon Bolt_SB": 168, "Commercial District": 421, "Innkeeper's Talent_SB": 1044, "Dreadmaw's Ire": 613, "Deep-Cavern Bat_SB": 527, "Legion Extruder_SB": 1214, "Ancestral Anger": 71, "Leyline of Resonance": 1225, "Oildeep Gearhulk": 1499, "Commune with Spirits": 426, "Goro-Goro, Disciple of Ryusei": 909, "Itzquinth, Firstborn of Gishath": 1077, "Kari Zev, Skyship Raider": 1116, "Radha, Heart of Keld": 1638, "Redshift, Rocketeer Chief": 1691, "Rockfall Vale": 1757, "Ruby, Daring Tracker": 1773, "Feed the Clan_SB": 769, "Scorching Dragonfire_SB": 1819, "Tribute to Horobi": 2280, "Void Winnower_SB": 2401, "Bleachbone Verge": 202, "Dark Betrayal_SB": 491, "Starnheim Unleashed_SB": 2033, "Caves of Koilos": 341, "Collective Brutality": 407, "Detention Chariot": 554, "Tune Up": 2285, "Elenda, Saint of Dusk_SB": 656, "Kaya the Inexorable_SB": 1123, "Thundering Broodwagon": 2227, "Cave of the Frost Dragon": 338, "Mardu Woe-Reaper": 1330, "Secure the Wastes": 1844, "Make Disappear_SB": 1312, "Castle Garenbrig": 321, "Cityscape Leveler": 381, "Emrakul, the Promised End": 679, "Sire of Seven Deaths": 1931, "Leyline Binding_SB": 1221, "Sire of Seven Deaths_SB": 1932, "Ugin, the Spirit Dragon_SB": 2302, "Dragonlord Dromoka": 599, "Ashiok, Nightmare Weaver": 113, "Fearless Swashbuckler": 765, "Gastal Thrillroller": 847, "Jace's Defeat_SB": 1081, "Hazoret, Godseeker": 958, "Memory Deluge_SB": 1353, "Clockwork Percussionist": 397, "Skullcrack": 1940, "Roast_SB": 1753, "Boommobile": 240, "Fomori Vault": 814, "Glint-Nest Crane": 886, "Hedron Archive": 967, "Paradox Engine": 1551, "Portal of Sanctuary": 1600, "Prophetic Prism": 1614, "Repurposing Bay": 1710, "Snow-Covered Island": 1970, "Snow-Covered Mountain": 1971, "Terrarion": 2151, "The Enigma Jewel": 2175, "The Mightstone and Weakstone": 2181, "Thran Spider": 2217, "Workshop Assistant": 2480, "Lantern of the Lost_SB": 1199, "Liberator, Urza's Battlethopter_SB": 1231, "Noxious Gearhulk_SB": 1480, "Shrapnel Slinger_SB": 1911, "Inspiring Overseer": 1052, "Norin, Swift Survivalist": 1472, "Agatha of the Vile Cauldron": 50, "Tamiyo's Safekeeping_SB": 2123, "Big Score": 182, "Chandra, Acolyte of Flame_SB": 360, "Untimely Malfunction_SB": 2337, "Empyrean Eagle": 678, "Lofty Denial": 1271, "Phantom Interference": 1574, "Selfless Spirit": 1853, "Dewdrop Cure_SB": 559, "Dusk // Dawn_SB": 635, "Mindlink Mech_SB": 1370, "Pawpatch Formation": 1561, "Wastewood Verge": 2431, "Collector's Cage": 410, "Dusk Rose Reliquary": 637, "Giant Killer": 868, "Overgrown Farmland": 1535, "Parting Gust": 1554, "Sandstorm Salvager": 1800, "Sentinel of the Nameless City": 1855, "Teething Wurmlet": 2132, "Murderous Cut": 1417, "Unlicensed Hearse": 2330, "Anguished Unmaking_SB": 79, "Kaya, Orzhov Usurper_SB": 1128, "Call of the Death-Dweller": 290, "Drownyard Temple": 629, "Narcomoeba": 1433, "Prized Amalgam": 1610, "Quag Feast": 1627, "Pest Control": 1571, "Defiant Strike": 531, "Illuminator Virtuoso": 1029, "Gods Willing_SB": 904, "Avishkar Raceway": 136, "Fuel the Flames_SB": 838, "Skycrash_SB": 1945, "Gifted Aetherborn": 872, "Murderous Rider": 1419, "Sign in Blood": 1913, "Sea Gate Restoration": 1832, "Dig Through Time_SB": 563, "Blood Baron of Vizkopa": 210, "Ashiok, Nightmare Muse_SB": 112, "Giant Killer_SB": 869, "Benthic Biomancer": 177, "Cenote Scout": 349, "Deeproot Pilgrimage": 528, "Kumena, Tyrant of Orazca": 1187, "Mindspring Merfolk": 1371, "Tishana's Tidebinder": 2235, "Tidebinder Mage_SB": 2230, "Bloodchief's Thirst_SB": 215, "Eaten Alive_SB": 639, "Biting-Palm Ninja_SB": 190, "Dokuchi Silencer_SB": 584, "Beseech the Mirror": 178, "Kazuul's Toll Collector": 1132, "Shardmage's Rescue_SB": 1880, "Immersturm Raider": 1030, "The Speed Demon_SB": 2193, "Expedite": 717, "Burnout Bashtronaut": 278, "Draconautics Engineer": 595, "Fanatical Firebrand": 752, "Hobgoblin Bandit Lord": 997, "Howlsquad Heavy": 1016, "Krenko, Mob Boss": 1181, "Goblin Ringleader_SB": 901, "Volley Veteran_SB": 2407, "Harrier Strix": 947, "Hypnotic Grifter": 1022, "Omen Hawker": 1504, "The Reality Chip": 2186, "Training Grounds": 2263, "Witness Protection": 2471, "Basilisk Collar_SB": 161, "Waste Not_SB": 2428, "Foulmire Knight": 825, "Collision // Colossus": 413, "Overprotect_SB": 1544, "Swiftfoot Boots_SB": 2109, "Fry_SB": 836, "Stock Up": 2045, "Shoot the Sheriff": 1903, "Riverpyre Verge": 1748, "Strangle": 2058, "Temple of Epiphany": 2140, "Liliana, the Last Hope_SB": 1257, "Concealing Curtains": 429, "Riptide Gearhulk_SB": 1740, "Blade Historian": 196, "Jirina, Dauntless General": 1097, "Kitesail Larcenist": 1154, "Pyre of Heroes": 1622, "Secluded Courtyard": 1842, "Unclaimed Territory": 2312, "Jirina, Dauntless General_SB": 1098, "Night Clubber_SB": 1449, "Aegis Turtle_SB": 40, "Up the Beanstalk_SB": 2340, "Analyze the Pollen": 69, "Ride's End": 1733, "Cleansing Wildfire": 389, "Crumble to Dust": 467, "Encroaching Wastes": 682, "Gnottvold Slumbermound": 892, "Haphazard Bombardment": 944, "Jaya's Greeting": 1090, "Paradise Druid": 1550, "Ravager Wurm": 1665, "Rootbound Crag": 1763, "Rowan, Scholar of Sparks": 1768, "Rubble Reading": 1771, "Sheltered Thicket": 1890, "Structural Distortion": 2065, "Sylvan Primordial": 2114, "Territory Forge": 2152, "Twin Bolt": 2288, "Voyaging Satyr": 2411, "Herbology Instructor_SB": 978, "Nissa's Defeat_SB": 1456, "Peak Eruption_SB": 1565, "Reclamation Sage_SB": 1684, "Scrabbling Claws_SB": 1824, "Assassin's Trophy": 117, "Battle at the Bridge": 165, "Mephitic Draught": 1356, "Snow-Covered Swamp": 1973, "Spire of Industry": 2014, "Battle at the Bridge_SB": 166, "Noxious Gearhulk": 1479, "Dreadhorde Arcanist": 611, "Hazoret the Fervent": 955, "Ashiok, Nightmare Muse": 111, "Murderous Cut_SB": 1418, "Borrowed Hostility": 244, "Honest Rutstein": 1001, "Malakir Rebirth": 1313, "The Filigree Sylex_SB": 2176, "Hallowed Moonlight": 939, "Barbed Batterfist": 154, "Webstrike Elite": 2439, "Yahenni's Expertise": 2490, "Commit // Memory_SB": 423, "Demilich_SB": 535, "Progenitor Mimic": 1613, "Banefire": 150, "The World Tree": 2200, "Koma, Cosmos Serpent_SB": 1171, "Nylea's Presence": 1486, "Warping Wail_SB": 2426, "Steel Seraph": 2038, "Commune with Dinosaurs": 425, "Ghalta, Primal Hunger": 859, "Marauding Raptor": 1322, "Pugnacious Hammerskull": 1621, "Rampaging Raptor": 1655, "Regal Imperiosaur": 1698, "Regisaur Alpha": 1699, "Ripjaw Raptor": 1737, "Glasspool Mimic": 881, "Phyrexian Censor": 1577, "Nimble Larcenist_SB": 1452, "Champion of the Perished": 357, "Cryptbreaker": 471, "Dark Salvation": 496, "Dread Wanderer": 609, "Relentless Dead": 1702, "Wayward Servant": 2434, "Zahur, Glory's Past": 2506, "Crippling Fear_SB": 465, "Experimental Synthesizer": 724, "Violent Urge_SB": 2381, "Boon of Boseiju": 241, "Wakeroot Elemental": 2419, "Esika's Chariot_SB": 705, "Luminarch Aspirant": 1289, "Hidetsugu Consumes All": 986, "Fighter Class": 788, "Flowerfoot Swordmaster": 810, "Mabel, Heir to Cragflame": 1296, "Chainsaw_SB": 355, "Nettle Guard_SB": 1447, "Sword of Forge and Frontier_SB": 2111, "Split Up": 2020, "Heliod's Intervention_SB": 968, "Flameblade Adept": 799, "Highway Robbery": 992, "Maximize Velocity": 1345, "Ox of Agonas": 1545, "Birgi, God of Storytelling_SB": 187, "Lightning Axe_SB": 1242, "Expedition Map_SB": 719, "Stock Up_SB": 2046, "Voyaging Satyr_SB": 2412, "Samut's Sprint": 1795, "Wrenn and Realmbreaker": 2484, "Depopulate_SB": 544, "Unsubstantiate_SB": 2336, "Omen of the Dead_SB": 1506, "Archfiend of the Dross_SB": 100, "Sunspine Lynx": 2091, "Lost Jitte": 1282, "Kaito, Cunning Infiltrator": 1109, "Bloodchief's Thirst": 214, "Combat Research": 419, "Lazav, Wearer of Faces": 1205, "Medomai the Ageless": 1350, "Thalia, Heretic Cathar_SB": 2161, "Guardian of Faith": 928, "Lotus Cobra": 1284, "Fires of Victory_SB": 797, "Gods Willing": 903, "Riptide Gearhulk": 1739, "Saheeli, Sublime Artificer_SB": 1792, "Kumena's Speaker": 1186, "Eidolon of the Great Revel_SB": 646, "Gather Courage_SB": 850, "Carnage Tyrant": 304, "Festering Gulch": 778, "Port of Karfell": 1597, "Elder Gargaroth_SB": 651, "Fog_SB": 813, "Crackling Drake_SB": 456, "Quick Study": 1633, "Roaring Furnace // Steaming Sauna": 1751, "Nahiri, the Unforgiving_SB": 1432, "Kozilek's Return_SB": 1176, "Katilda, Dawnhart Martyr": 1119, "Slip Out the Back": 1958, "Feather, the Redeemed": 766, "Loran's Escape_SB": 1280, "Feather, the Redeemed_SB": 767, "Bitter Reunion": 191, "Vampires' Vengeance": 2364, "Etali, Primal Conqueror_SB": 711, "Restless Fortress": 1719, "Ruin-Lurker Bat": 1775, "Healer's Hawk": 960, "Essence Channeler": 707, "Voice of the Blessed": 2398, "Exemplar of Light": 715, "Linden, the Steadfast Queen": 1260, "Leyline of Hope": 1224, "Authority of the Consuls": 131, "Case of the Uneaten Feast": 317, "Scoured Barrens": 1821, "Rogue's Passage": 1758, "Dewdrop Cure": 558, "Lunarch Veteran": 1291, "Afterburner Expert": 47, "Omnivorous Flytrap": 1514, "Agatha's Soul Cauldron_SB": 52, "Teferi, Hero of Dominaria_SB": 2134, "Void Rend_SB": 2400, "Ox of Agonas_SB": 1546, "Twinshot Sniper": 2290, "Keruga, the Macrosage": 1142, "Agent of Treachery_SB": 53, "Twinshot Sniper_SB": 2291, "Anzrag, the Quake-Mole": 88, "Temple of Abandon": 2137, "Tamiyo's Safekeeping": 2122, "Tear Asunder": 2129, "Blot Out": 226, "Scrapshooter": 1826, "Questing Beast": 1629, "Thrun, Breaker of Silence": 2222, "Nissa, Ascended Animist": 1458, "Tyrranax Rex": 2293, "Nissa, Ascended Animist_SB": 1459, "Shifting Ceratops_SB": 1897, "Hornet Queen_SB": 1010, "Adorned Pouncer": 37, "Arahbo, the First Fang": 92, "Open the Armory": 1515, "Roadside Reliquary": 1750, "Sacred Cat": 1788, "Skyknight Squire": 1946, "Satoru Umezawa": 1803, "Play with Fire_SB": 1590, "Exquisite Firecraft_SB": 726, "Out of Air_SB": 1529, "Cry of the Carnarium": 469, "Kaya, Orzhov Usurper": 1127, "Soul-Guide Lantern": 1990, "The End": 2173, "Calamity's Wake_SB": 288, "Exorcise_SB": 716, "Spontaneous Mutation_SB": 2022, "Exquisite Firecraft": 725, "Raucous Carnival": 1662, "Curse of Shaken Faith_SB": 484, "Painter's Studio // Defaced Gallery": 1548, "Chance for Glory_SB": 358, "Magmatic Chasm_SB": 1310, "Requisition Raid_SB": 1712, "Shrapnel Blast_SB": 1910, "Sorin, Vengeful Bloodlord_SB": 1985, "Tireless Tracker_SB": 2234, "Titania, Voice of Gaea_SB": 2240, "Doppelgang_SB": 592, "Kiora's Follower": 1148, "Merfolk Mistbinder": 1357, "Merfolk Trickster_SB": 1359, "Mockingbird_SB": 1385, "Fading Hope_SB": 743, "Smuggler's Copter_SB": 1963, "Mosswood Dreadknight": 1406, "Lovestruck Beast": 1286, "Debris Beetle": 520, "Mystic Repeal_SB": 1425, "Epic Downfall_SB": 699, "Builder's Talent": 273, "Sunder the Gateway": 2079, "Vaultborn Tyrant": 2369, "Nullhide Ferox_SB": 1482, "Cavalier of Flame": 336, "Kitsa, Otterball Elite": 1156, "Rona, Herald of Invasion": 1762, "Valley Floodcaller": 2357, "Abhorrent Oculus_SB": 22, "Loran's Escape": 1279, "Blessed Defiance_SB": 204, "Reckless Stormseeker": 1681, "Rocketeer Boostbuggy": 1755, "The Akroan War": 2166, "Bladestitched Skaab": 199, "Lazotep Reaver": 1208, "Rotten Reunion_SB": 1765, "The Scarab God_SB": 2189, "Cruelclaw's Heist_SB": 466, "Knight of Grace": 1162, "Enduring Tenacity_SB": 690, "Swan Song_SB": 2105, "Skyclave Cleric": 1944, "Ajani, Strength of the Pride_SB": 57, "Chandra, Spark Hunter_SB": 365, "Growth Spiral": 924, "Ill-Timed Explosion_SB": 1027, "Witness Protection_SB": 2472, "Bomat Courier": 232, "Phoenix Chick": 1575, "Tasigur, the Golden Fang": 2128, "Gideon of the Trials": 870, "Azor, the Lawbringer_SB": 141, "Tocasia's Welcome_SB": 2244, "The Scarab God": 2188, "Radiant Flames_SB": 1639, "Mortify": 1404, "Necrotic Wound": 1441, "Necrotic Wound_SB": 1442, "Creeping Chill": 464, "Silversmote Ghoul": 1923, "Fog": 812, "Gaea's Blessing": 842, "Haze of Pollen": 954, "Jace, the Perfected Mind": 1085, "Tamiyo, Collector of Tales": 2124, "Union of the Third Path": 2326, "Winds of Qal Sisma": 2460, "Carnage Tyrant_SB": 305, "Drannith Ruins": 606, "Thought-Knot Seer": 2210, "Wasteland Strangler": 2429, "Phyrexian Fleshgorger": 1580, "Ifnir Deadlands": 1025, "Bearer of Silence": 170, "Knight of the Ebon Legion": 1164, "Deep-Cavern Bat": 526, "Caustic Bronco": 330, "Reality Smasher_SB": 1672, "Doom Foretold": 586, "Nine-Lives Familiar": 1455, "Rite of Oblivion": 1742, "Starfield of Nyx": 2032, "Kaya's Wrath_SB": 1126, "Necromentia_SB": 1440, "Fuel the Flames": 837, "Gix's Command_SB": 876, "Sorin the Mirthless_SB": 1984, "Shoot the Sheriff_SB": 1904, "Turntimber Symbiosis": 2287, "Graf Reaver_SB": 910, "Kraul Whipcracker_SB": 1178, "Maelstrom Pulse_SB": 1300, "Dive Down_SB": 580, "Fear of Impostors": 761, "Riptide Chimera": 1738, "Fear of Impostors_SB": 762, "Acererak the Archlich": 30, "Gwenna, Eyes of Gaea": 933, "Relic of Legends": 1703, "Eldrazi Displacer": 652, "Fleecemane Lion": 801, "Witchstalker_SB": 2466, "Yasharn, Implacable Earth": 2491, "Felonious Rage": 775, "Soul-Scar Mage_SB": 1993, "Lavinia, Azorius Renegade_SB": 1203, "Selfless Glyphweaver_SB": 1851, "Blood Spatter Analysis": 213, "Regal Bunnicorn": 1696, "Demonic Bargain": 539, "Osseous Sticktwister": 1523, "Korvold, Fae-Cursed King": 1172, "Korvold, Fae-Cursed King_SB": 1173, "Dive Down": 579, "Jace Reawakened_SB": 1080, "March of Swirling Mist_SB": 1326, "Blessed Defiance": 203, "Homestead Courage": 1000, "Guardian of New Benalia": 930, "Phyrexian Dragon Engine": 1579, "Seasoned Hallowblade": 1840, "The Mycosynth Gardens": 2183, "Burning Earth_SB": 276, "Alrund's Epiphany": 64, "Escape to the Wilds": 702, "Loot, the Pathfinder": 1276, "Nissa, Who Shakes the World": 1463, "Obliterating Bolt_SB": 1491, "Bedeck // Bedazzle_SB": 172, "Cease // Desist_SB": 343, "Fugitive Codebreaker": 839, "Consign // Oblivion": 437, "Portal to Phyrexia_SB": 1602, "Adanto Vanguard": 33, "Favored Hoplite": 760, "Flowstone Infusion": 811, "Sejiri Shelter": 1849, "Tenth District Legionnaire": 2149, "Elspeth, Sun's Champion_SB": 667, "Invasion of New Phyrexia_SB": 1066, "Clifftop Lookout": 393, "Dreamdew Entrancer": 617, "Dreamroot Cascade": 618, "Fecund Greenshell": 768, "Insidious Fungus": 1049, "Loot, Exuberant Explorer": 1275, "Risen Reef": 1741, "Tangled Florahedron": 2126, "Healer of the Glade_SB": 959, "Tale's End_SB": 2121, "Wilt_SB": 2459, "Ashiok, Wicked Manipulator": 115, "Dreams of Steel and Oil": 620, "Blood Baron of Vizkopa_SB": 211, "Elspeth Conquers Death_SB": 662, "Gisa, the Hellraiser_SB": 875, "Ride's End_SB": 1734, "Omen of the Sun": 1508, "Omen of the Sun_SB": 1509, "Enduring Courage": 685, "Beseech the Mirror_SB": 179, "Commence the Endgame_SB": 420, "Siphon Insight_SB": 1929, "Monastery Mentor": 1393, "Seeker of the Way_SB": 1847, "Forbidden Friendship": 816, "Case of the Gateway Express_SB": 315, "Collective Effort_SB": 409, "Forge Devil_SB": 819, "Perilous Snare_SB": 1570, "Experimental Confectioner": 722, "Redcap Melee": 1688, "Day of Judgment": 503, "The Birth of Meletis": 2169, "Calix, Guided by Fate": 289, "Jukai Naturalist": 1101, "Royal Treatment": 1770, "Setessan Champion": 1861, "Trapped in the Screen": 2267, "Virtue of Loyalty": 2383, "Weaver of Harmony": 2438, "Ghostly Dancers_SB": 864, "Trapped in the Screen_SB": 2268, "Cryptolith Rite": 475, "Knockout Blow": 1166, "Bottomless Pool // Locker Room": 249, "Bottomless Pool // Locker Room_SB": 250, "Hidetsugu's Second Rite": 988, "Eidolon of Blossoms": 642, "Eidolon of Blossoms_SB": 643, "Seal from Existence_SB": 1835, "Ob Nixilis, the Adversary": 1489, "Incubation Druid": 1037, "Interplanar Beacon": 1054, "Kaya the Inexorable": 1122, "Mistrise Village": 1381, "Nicol Bolas, Dragon-God": 1448, "Ral Zarek": 1648, "Tamiyo, Field Researcher": 2125, "Vraska, Betrayal's Sting": 2414, "Kunoros, Hound of Athreos_SB": 1188, "Qarsi Revenant": 1625, "Qarsi Revenant_SB": 1626, "Rakdos's Return_SB": 1646, "Tersa Lightshatter": 2153, "Dragonfire Blade": 598, "Lavaspur Boots_SB": 1202, "Descendant of Storms": 547, "Case of the Crimson Pulse": 312, "Cemetery Illuminator": 346, "Muraganda Raceway": 1416, "Cease // Desist": 342, "Cram Session": 458, "Fell": 774, "Insatiable Avarice": 1045, "The Biblioplex": 2168, "Valgavoth's Onslaught": 2353, "Containment Breach_SB": 441, "Environmental Sciences_SB": 697, "Introduction to Annihilation_SB": 1061, "Mascot Exhibition_SB": 1336, "Pest Summoning_SB": 1573, "Umori, the Collector_SB": 2308, "Elspeth, Storm Slayer": 665, "United Battlefront": 2327, "Voice of Victory": 2396, "Sunder the Gateway_SB": 2080, "Voice of Victory_SB": 2397, "Mox Jasper": 1412, "Mistrise Village_SB": 1382, "Cori-Steel Cutter": 448, "Wild Ride": 2453, "Cori-Steel Cutter_SB": 449, "Rot-Curse Rakshasa": 1764, "Katilda, Dawnhart Prime": 1121, "Songcrafter Mage": 1981, "Three Tree City": 2220, "Militia Bugler_SB": 1369, "History of Benalia": 995, "The Restoration of Eiganjo": 2187, "Strategic Betrayal": 2060, "Caustic Exhale": 332, "Dispelling Exhale": 574, "Foul-Tongue Invocation": 824, "Marang River Regent": 1318, "Scavenger Regent": 1814, "Silumgar's Scorn": 1917, "Caustic Exhale_SB": 333, "Strategic Betrayal_SB": 2061, "Desperate Measures": 550, "Dragonskull Summit": 602, "Sunpearl Kirin": 2086, "Fracture_SB": 830, "Flashfreeze_SB": 800, "Treasure Map": 2275, "Archangel Elspeth": 97, "This Town Ain't Big Enough_SB": 2207, "Ascendant Spirit": 108, "Faceless Haven": 739, "Faceless Haven_SB": 740, "Jaya, Fiery Negotiator": 1091, "Not on My Watch_SB": 1474, "Cori Mountain Monastery": 447, "Make Disappear": 1311, "Stormwing Entity": 2057, "Murderous Rider_SB": 1420, "Gurmag Angler": 931, "Banishing Slash": 153, "Stormscale Scion": 2055, "Stormscale Scion_SB": 2056, "Metamorphic Alteration": 1364, "Of One Mind": 1497, "United Battlefront_SB": 2328, "Warden of the Grove": 2422, "Surrak, Elusive Hunter_SB": 2101, "Ghostly Pilferer": 865, "Blue Sun's Twilight_SB": 229, "Cemetery Illuminator_SB": 347, "Slip Out the Back_SB": 1959, "Icon of Ancestry": 1023, "Icon of Ancestry_SB": 1024, "Lofty Denial_SB": 1272, "Fire Prophecy": 792, "White Sun's Twilight_SB": 2451, "Paradoxical Outcome_SB": 1552, "Break Out": 258, "Masked Vandal": 1337, "Fanatical Firebrand_SB": 753, "Gruul Charm_SB": 925, "Masked Vandal_SB": 1338, "Vivien Reid_SB": 2391, "Liliana, Death's Majesty": 1253, "Urgent Necropsy": 2346, "Shiko, Paragon of the Way": 1899, "Doorkeeper Thrull_SB": 590, "Decadent Dragon_SB": 521, "Scavenger's Talent_SB": 1816, "Ygra, Eater of All_SB": 2496, "Undead Sprinter_SB": 2314, "Runed Halo": 1780, "Boros Reckoner": 243, "Elspeth, Storm Slayer_SB": 666, "Mantis Rider": 1317, "Mardu Siegebreaker": 1329, "Kitesail Larcenist_SB": 1155, "Crackling Drake": 455, "Phyrexian Obliterator": 1581, "Atarka's Command_SB": 122, "Craterhoof Behemoth": 461, "Sanguine Evangelist": 1801, "Decisive Denial": 522, "Ebondeath, Dracolich": 640, "Ertai's Scorn": 701, "Rakshasa's Bargain": 1647, "Rewind": 1731, "Unwind": 2338, "Awaken the Honored Dead_SB": 138, "Deathmark_SB": 516, "Gaze of Granite_SB": 851, "Lutri, the Spellchaser_SB": 1294, "Shadows' Verdict_SB": 1870, "Specter's Shriek_SB": 2002, "Thrun, Breaker of Silence_SB": 2223, "Collected Company_SB": 406, "Abrade": 23, "Herald of Eternal Dawn_SB": 977, "Severance Priest": 1866, "Yathan Roadwatcher": 2493, "Long Goodbye": 1273, "Selfless Savior": 1852, "Legion Angel": 1211, "Wojek Investigator": 2476, "Legion Angel_SB": 1212, "Apostle of Purifying Light_SB": 89, "Sixth Sense": 1933, "Kaya's Ghostform": 1124, "Hammerhand": 942, "Aqueous Form": 91, "Cartouche of Solidarity": 308, "Jeskai Revelation": 1093, "Stern Lesson": 2041, "Connive // Concoct": 434, "Creative Outburst": 463, "Temple of Deceit": 2138, "Temple of Enlightenment": 2139, "Temple of Malice": 2141, "Temple of Silence": 2143, "Temple of Triumph": 2144, "Ray of Frost_SB": 1667, "Bontu's Last Reckoning_SB": 239, "Deafening Silence": 513, "Hardened Scales": 945, "Fiery Annihilation_SB": 783, "Dragonlord Silumgar": 601, "Painful Truths": 1547, "Search for Azcanta": 1836, "Supreme Will": 2096, "Contraband Kingpin_SB": 444, "Village Rites": 2377, "Llanowar Visionary": 1269, "Crash Through": 459, "Ugin, Eye of the Storms": 2300, "Robber of the Rich_SB": 1754, "Greedy Freebooter": 919, "Shambling Ghast": 1875, "Hangarback Walker": 943, "Marketback Walker": 1334, "Diabolic Intent": 560, "Scrapwork Mutt": 1828, "Gleaming Barrier": 882, "Liliana's Standard Bearer": 1252, "The Sibsig Ceremony": 2191, "Callous Bloodmage_SB": 292, "Friendly Teddy": 834, "Experiment One": 720, "Kitesail Freebooter_SB": 1153, "Muerra, Trash Tactician": 1413, "Cut // Ribbons": 486, "Dusk Legion Zealot": 636, "Markov Baron": 1335, "Patchwork Banner": 1557, "Bedevil_SB": 173, "Champion of Dusk_SB": 356, "Deadly Dispute_SB": 510, "Soul Transfer_SB": 1989, "Devilish Valet": 556, "Runaway Steam-Kin": 1776, "Grinning Ignus": 922, "Hazoret's Monument": 957, "Light Up the Night": 1236, "Cemetery Prowler_SB": 348, "Nissa, Steward of Elements_SB": 1461, "Kishla Village": 1151, "Izzet Charm": 1078, "Rampaging Ferocidon": 1653, "Overlord of the Balemurk_SB": 1538, "Stormchaser's Talent_SB": 2054, "Spring-Loaded Sawblades": 2024, "Dennick, Pious Apprentice_SB": 543, "Slaughter Games_SB": 1953, "Shadows' Verdict": 1869, "The Book of Exalted Deeds_SB": 2171, "Sokenzan, Crucible of Defiance_SB": 1977, "Baneslayer Angel_SB": 152, "Trelasarra, Moon Dancer": 2278, "Silent Hallcreeper": 1916, "Ashiok, Nightmare Weaver_SB": 114, "Evolved Sleeper": 714, "Tenacious Underdog_SB": 2148, "Rediscover the Way": 1690, "Balmor, Battlemage Captain": 147, "Sram, Senior Edificer": 2027, "Shapers' Sanctuary": 1877, "Eidolon of Rhetoric_SB": 644, "Wizard's Retort_SB": 2474, "Clever Lumimancer": 392, "Niv-Mizzet, Parun": 1465, "Sweltering Suns": 2106, "Omnath, Locus of the Roil": 1512, "Lilah, Undefeated Slickshot": 1249, "Tolsimir, Friend to Wolves_SB": 2246, "Marang River Regent_SB": 1320, "Giant Growth": 867, "Heritage Reclamation_SB": 982, "Brimaz, King of Oreskos": 262, "Intimidation Tactics": 1056, "Liliana, Dreadhorde General_SB": 1254, "Katilda, Dawnhart Martyr_SB": 1120, "Spirit-Sister's Call": 2017, "Bandit's Talent_SB": 149, "Fountainport Bell": 829, "Dreams of Steel and Oil_SB": 621, "Gonti, Lord of Luxury_SB": 908, "Frontline Rush": 835, "Mortify_SB": 1405, "Treasure Cruise_SB": 2274, "Drake Hatcher": 603, "Canyon Slough": 300, "Captain Lannery Storm": 302, "Charming Scoundrel": 374, "Goldhound": 905, "Goldspan Dragon": 906, "Kalain, Reclusive Painter": 1110, "Marionette Master": 1332, "Reckless Fireweaver": 1676, "Sticky Fingers": 2042, "Treasure Vault": 2276, "Vraska's Contempt": 2413, "Karn, Scion of Urza_SB": 1117, "Moment of Craving_SB": 1390, "Ratchet Bomb_SB": 1659, "Unlicensed Disintegration_SB": 2329, "Eshki Dragonclaw": 703, "Herd Heirloom": 979, "The Huntsman's Redemption": 2177, "Quicken": 1634, "Seal from Existence": 1834, "Amonkhet Raceway": 68, "Illness in the Ranks_SB": 1028, "Phyrexian Arena_SB": 1576, "Shore Up": 1905, "Aetherflux Reservoir_SB": 46, "Shore Up_SB": 1906, "Abbot of Keral Keep": 19, "Anax, Hardened in the Forge": 70, "Incendiary Flow": 1036, "Invigorated Rampage": 1068, "Rimrock Knight": 1736, "Shock": 1902, "Dire Fleet Daredevil_SB": 565, "Flame-Blessed Bolt_SB": 798, "Sword of Once and Future_SB": 2112, "Magebane Lizard": 1304, "Virulent Plague_SB": 2387, "Arboreal Grazer_SB": 95, "Snow-Covered Plains": 1972, "Sunset Revelry": 2089, "Unexpected Windfall": 2321, "Worldspine Wurm": 2482, "Xenagos, God of Revels": 2487, "Elite Spellbinder": 660, "Defabricate_SB": 530, "Herald of Eternal Dawn": 976, "Skrelv's Hive": 1937, "Collector's Cage_SB": 411, "Vaultborn Tyrant_SB": 2370, "Ajani, Strength of the Pride": 56, "Plargg, Dean of Chaos": 1588, "Reluctant Role Model": 1704, "Hushbringer_SB": 1020, "Ureni, the Song Unending": 2344, "Dire Tactics": 566, "Order of Midnight": 1521, "Doom Whisperer_SB": 588, "Virtue of Courage": 2382, "Ball Lightning": 146, "Scytheclaw Raptor_SB": 1831, "Cathartic Reunion": 328, "Ancient Imperiosaur": 74, "Gastal Thrillroller_SB": 848, "Invasion of Ergamon": 1062, "Evangel of Synthesis": 713, "Duelist of the Mind": 632, "Portent of Calamity": 1603, "Extraordinary Journey": 733, "Concerted Defense_SB": 430, "Rapid Hybridization_SB": 1658, "Hooting Mandrills": 1002, "Jin-Gitaxias, Progress Tyrant_SB": 1096, "Smuggler's Surprise_SB": 1965, "Toxrill, the Corrosive_SB": 2260, "Awaken the Honored Dead": 137, "Ghostly Dancers": 863, "Heliod, the Radiant Dawn_SB": 972, "Dispel_SB": 573, "Chandra, Hope's Beacon": 364, "Obscura Storefront": 1494, "Disfigure_SB": 572, "Blue Sun's Twilight": 228, "Conduit Pylons": 432, "Ipnu Rivulet": 1071, "Outcaster Greenblade": 1530, "Voltage Surge": 2408, "Fae of Wishes_SB": 745, "Anger of the Gods": 76, "Koth, Fire of Resistance_SB": 1174, "Drake Hatcher_SB": 604, "Striped Riverwinder": 2064, "Oracle of Tragedy": 1520, "Gurmag Nightwatch": 932, "Ashen Rider": 109, "Baleful Mastery": 145, "Agonizing Remorse_SB": 54, "Repel the Abominable": 1707, "Repel the Abominable_SB": 1708, "Secrets of the Key": 1843, "Slaughter Singer": 1954, "Venerated Rotpriest": 2374, "The Seedcore": 2190, "Crawling Chorus": 462, "Annex Sentry": 81, "Bloated Contaminator": 209, "Jawbone Duelist": 1089, "Overprotect": 1543, "Ajani, Sleeper Agent_SB": 55, "Phyrexian Censor_SB": 1578, "Tyvar's Stand_SB": 2296, "Annex Sentry_SB": 82, "Melira, the Living Cure_SB": 1351, "Hallowed Moonlight_SB": 940, "Selfless Spirit_SB": 1854, "Vineglimmer Snarl": 2378, "Port Town": 1596, "Mystic Reflection": 1424, "Heroic Intervention": 983, "Emergence Zone": 673, "Augmenter Pugilist": 126, "Augur of Autumn": 127, "Simic Charm": 1924, "Fortified Village": 823, "Biovisionary": 185, "Repudiate // Replicate_SB": 1709, "Chord of Calling_SB": 376, "Baird, Steward of Argive_SB": 143, "Glorybringer": 891, "Mizzium Mortars": 1383, "Cartouche of Zeal": 310, "Skylasher_SB": 1947, "Not on My Watch": 1473, "Scattered Thoughts": 1813, "Nature's Rhythm": 1439, "Dryad's Revival": 631, "Mabel, Heir to Cragflame_SB": 1297, "Wear Down_SB": 2436, "Slagstorm_SB": 1951, "Stern Dismissal_SB": 2040, "Niv-Mizzet, Visionary_SB": 1468, "Despark_SB": 549, "Dennick, Pious Apprentice": 542, "Angrath, the Flame-Chained_SB": 78, "Dark Petition_SB": 495, "Heliod's Pilgrim_SB": 969, "Kaya's Ghostform_SB": 1125, "Skrelv, Defector Mite_SB": 1939, "Hornet Queen": 1009, "Ojer Taq, Deepest Foundation": 1501, "Pyroclasm": 1623, "Unlucky Witness": 2332, "Ritual of Soot_SB": 1745, "Vampires' Vengeance_SB": 2365, "Lord Skitter, Sewer King": 1281, "Tomik, Distinguished Advokist_SB": 2248, "Hearth Elemental": 962, "Sanguine Evangelist_SB": 1802, "Spirit-Sister's Call_SB": 2018, "Demonic Counsel": 540, "Consuming Fervor": 440, "Aetherflux Reservoir": 45, "Mountain_SB": 1409, "Summary Dismissal_SB": 2072, "Portal to Phyrexia": 1601, "Ovalchase Daredevil": 1534, "Inscribed Tablet": 1046, "Scourge of the Skyclaves": 1822, "Warlock Class": 2424, "Lich-Knights' Conquest": 1232, "Silent Gravestone_SB": 1915, "Ulcerate_SB": 2304, "Kaervek, the Spiteful_SB": 1103, "Smoldering Egg": 1961, "Can't Stay Away_SB": 298, "Feldon, Ronom Excavator": 773, "Infuriate_SB": 1041, "Disenchant_SB": 571, "Wandering Mind": 2420, "Candy Trail": 299, "Colossal Skyturtle": 415, "Mirrorshell Crab": 1374, "Teferi, Who Slows the Sunset": 2135, "Chaos Wand_SB": 371, "Dissection Tools_SB": 577, "Jace, the Perfected Mind_SB": 1086, "Zirda, the Dawnwaker_SB": 2513, "Recommission_SB": 1686, "Abbot of Keral Keep_SB": 20, "Clarion Conqueror_SB": 387, "Rabbit Battery": 1637, "Faerie Dreamthief": 746, "Steamcore Scholar": 2037, "Winternight Stories": 2461, "Seasons Past": 1841, "Defabricate": 529, "Immortal Phoenix_SB": 1031, "Abuelo's Awakening": 29, "Summon: Knights of Round": 2073, "Cunning Coyote_SB": 482, "Blisterpod": 206, "Cartel Aristocrat": 307, "Rally the Ancestors": 1652, "Sephiroth, Fabled SOLDIER": 1858, "Starting Town": 2034, "Heliod, Sun-Crowned_SB": 970, "Ruthless Lawbringer_SB": 1785, "Yuna, Hope of Spira": 2501, "Lightwheel Enhancements": 1248, "Joshua, Phoenix's Dominant": 1099, "Kroxa and Kunoros": 1182, "Terra, Magical Adept": 2150, "Dark Confidant_SB": 493, "Vivi Ornitier": 2389, "Ishgard, the Holy See": 1075, "Vivi Ornitier_SB": 2390, "Unflinching Courage": 2322, "Unflinching Courage_SB": 2323, "Eiganjo, Seat of the Empire_SB": 648, "Demon Wall": 538, "Fire Magic_SB": 791, "Crumbling Vestige": 468, "Echoing Deeps": 641, "Glimpse the Core": 885, "Hour of Promise": 1015, "The Wandering Minstrel": 2197, "Kura, the Boundless Sky_SB": 1189, "Maelstrom of the Spirit Dragon_SB": 1301, "Twinmaw Stormbrood_SB": 2289, "Toski, Bearer of Secrets_SB": 2257, "Opera Love Song": 1516, "Surrak, Elusive Hunter": 2100, "Esper Origins": 706, "Cecil, Dark Knight": 344, "Dark Confidant": 492, "Gix, Yawgmoth Praetor": 877, "Vren, the Relentless_SB": 2417, "Cryptcaller Chariot": 472, "Furnace Reins_SB": 841, "Kitesail Freebooter": 1152, "Lantern Scout_SB": 1198, "Sin Collector_SB": 1926, "Market Gnome": 1333, "Ancient Adamantoise": 72, "Buster Sword": 282, "Freya Crescent": 833, "Smitten Swordmaster": 1960, "Monastery Swiftspear_SB": 1396, "Summon: Leviathan": 2074, "Quicken_SB": 1635, "Alesha, Who Laughs at Fate": 59, "Zack Fair": 2504, "Bile Blight": 183, "Ruthless Negotiation_SB": 1786, "Staggering Insight": 2029, "Sporogenic Infection_SB": 2023, "Tocasia's Welcome": 2243, "Al Bhed Salvagers": 58, "Fleeting Spirit": 802, "Saiba Cryptomancer": 1793, "Warbriar Blessing": 2421, "The Raven Man": 2185, "Gryff's Boon_SB": 927, "Demolition Field_SB": 537, "Rune of Sustenance_SB": 1779, "Rain of Revelation": 1643, "Ultima": 2305, "Shatter the Sky_SB": 1884, "Disturbing Mirth": 578, "Rite of Oblivion_SB": 1743, "Runed Halo_SB": 1781, "Doomsday Excruciator_SB": 589, "Cloud of Darkness_SB": 398, "Outrageous Robbery_SB": 1533, "Saiba Cryptomancer_SB": 1794, "Lindblum, Industrial Regency": 1258, "Sphinx's Tutelage": 2010, "The Water Crystal": 2199, "Eject_SB": 649, "Lindblum, Industrial Regency_SB": 1259, "Ureni, the Song Unending_SB": 2345, "Blossoming Defense_SB": 223, "Cloud, Midgar Mercenary": 399, "Machinist's Arsenal": 1298, "Paladin's Arms": 1549, "Raubahn, Bull of Ala Mhigo": 1661, "Angel of Serenity": 75, "Hinterland Harbor": 993, "Hullbreaker Horror": 1017, "Titan of Industry_SB": 2238, "Search for Azcanta_SB": 1837, "Emet-Selch, Unsundered": 677, "Lazav, the Multifarious": 1206, "Valentin, Dean of the Vein": 2351, "Bonders' Enclave": 235, "Nissa's Pilgrimage": 1457, "Ulamog, the Ceaseless Hunger": 2303, "Old-Growth Troll_SB": 1503, "Astrologian's Planisphere": 120, "Plumecreed Escort": 1592, "Restoration Magic_SB": 1724, "Staggering Insight_SB": 2030, "Sunscorched Desert": 2088, "Camellia, the Seedmiser_SB": 296, "Insidious Fungus_SB": 1050, "Massacre Girl_SB": 1339, "Trail of Crumbs_SB": 2262, "Webstrike Elite_SB": 2440, "Embercleave_SB": 671, "Kefka, Court Mage": 1135, "Mox Amber_SB": 1411, "Retraction Helix_SB": 1726, "Exsanguinate": 727, "Hedge Shredder": 966, "Return the Favor_SB": 1728, "Kogla and Yidaro_SB": 1168, "Revival // Revenge": 1730, "Vampire Socialite": 2362, "Legion Lieutenant": 1215, "Vito, Thorn of the Dusk Rose": 2388, "Vampire of the Dire Moon": 2363, "Voldaren Bloodcaster_SB": 2403, "Florian, Voldaren Scion_SB": 808, "Stingerback Terror": 2043, "Mistbreath Elder": 1380, "Lightning, Army of One": 1247, "Isareth the Awakener": 1074, "Urza's Ruinous Blast": 2347, "Venat, Heart of Hydaelyn": 2372, "Liliana, the Last Hope": 1256, "Didn't Say Please": 561, "Ruin Crab": 1774, "Merfolk Windrobber": 1360, "Essence Scatter": 709, "Into the Story": 1060, "Field of Ruin_SB": 781, "Rush of Adrenaline": 1784, "Channeled Dragonfire": 370, "Stadium Headliner": 2028, "Roil Eruption": 1759, "Reckless Lackey": 1678, "Founding the Third Path": 826, "No One Left Behind": 1471, "Thassa's Oracle": 2162, "Heritage Reclamation": 981, "Riverchurn Monument_SB": 1746, "Roiling Dragonstorm": 1760, "Chandra, Dressed to Kill": 362, "End the Festivities": 683, "Raze the Effigy_SB": 1668, "Midgar, City of Mako": 1366, "Sorceress's Schemes": 1982, "Goblin Chainwhirler": 898, "Leyline of Combustion_SB": 1223, "Halvar, God of Battle_SB": 941, "Unexpected Request_SB": 2320, "Binding the Old Gods": 184, "Tireless Tracker": 2233, "Jaddi Offshoot_SB": 1088, "Linvala, the Preserver_SB": 1262, "The Wandering Minstrel_SB": 2198, "Disdainful Stroke": 569, "Scatter Ray": 1812, "Refute": 1695, "Sinister Sabotage": 1928, "Cornered by Black Mages": 450, "Sunken Hollow": 2085, "Eliminate_SB": 659, "Cry of the Carnarium_SB": 470, "Enter the God-Eternals_SB": 694, "Lotleth Troll": 1283, "Nullhide Ferox": 1481, "Samut, Voice of Dissent": 1797, "Smuggler's Surprise": 1964, "Speaker of the Heavens": 2001, "Delney, Streetwise Lookout": 533, "Leyline of Transformation": 1227, "Forest_SB": 818, "Storm Herald_SB": 2049, "Cartouche of Solidarity_SB": 309, "Void Rend": 2399, "Haunted Dead": 949, "Driven // Despair": 623, "Quag Feast_SB": 1628, "Thunder Magic_SB": 2226, "Storm Herald": 2048, "Disruptive Stormbrood": 575, "Burning Anger": 275, "Colossification": 417, "Auroral Procession": 130, "Omnath, Locus of Creation_SB": 1511, "Coveted Falcon": 454, "Jidoor, Aristocratic Capital": 1095, "Capital City": 301, "Sin, Spira's Punishment": 1927, "Ugin, the Spirit Dragon": 2301, "Forsaken Monument": 821, "Wastes": 2430, "Haven of the Spirit Dragon": 951, "Crystal Grotto": 477, "Warping Wail": 2425, "The Celestus": 2172, "Adventurer's Inn": 38, "Patchwork Automaton_SB": 1556, "Mazemind Tome_SB": 1348, "Languish": 1196, "Ritual of Soot": 1744, "Drag the Canal_SB": 596, "Dwarven Mine": 638, "Dragon Fodder": 597, "Hordeling Outburst": 1006, "Lukka, Coppercoat Outcast": 1288, "Satyr's Cunning": 1806, "Ral's Reinforcements": 1649, "Song of Totentanz": 1980, "Cavalcade of Calamity_SB": 334, "Impact Tremors_SB": 1034, "Mechanized Warfare_SB": 1349, "Torbran, Thane of Red Fell_SB": 2250, "Snow-Covered Swamp_SB": 1974, "Shattered Sanctum_SB": 1886, "Concealed Courtyard_SB": 428, "Shadowy Backstreet_SB": 1874, "Doom Foretold_SB": 587, "Hopeful Vigil_SB": 1004, "(THB) 117_SB": 15, "(DMU) 244_SB": 4, "(WOE) 95_SB": 18, "(M20) 94_SB": 10, "(SLD) 325_SB": 13, "(BRO) 16_SB": 1, "(STX) 72_SB": 14, "(FDN) 704_SB": 7, "(BLB) 83_SB": 0, "(OTJ) 108_SB": 12, "(BRO) 26_SB": 2, "(WOE) 29_SB": 17, "(DAR) 213_SB": 3, "(KLR) 84_SB": 8, "(LCI) 128_SB": 9, "(DSK) 111_SB": 5, "(MID) 112_SB": 11, "(THB) 121_SB": 16, "(FDN) 137_SB": 6, "Resolute Strike": 1714, "Great Arashin City": 917, "Nissa, Voice of Zendikar_SB": 1462, "Elvish Archivist": 668, "Saheeli, Filigree Master_SB": 1790, "Touch the Spirit Realm_SB": 2259, "March of Otherworldly Light_SB": 1324, "Self-Destruct": 1850, "Stormcarved Coast_SB": 2052, "Undead Butler": 2313, "Willow Geist": 2456, "The Aetherspark": 2164, "Curse of Silence_SB": 485, "Miscast_SB": 1376, "Matoya, Archon Elder_SB": 1343, "Blossoming Tortoise": 224, "Blossoming Tortoise_SB": 225, "Summon: Leviathan_SB": 2075, "Aether Channeler": 41, "Aether Channeler_SB": 42, "Leyline of Transformation_SB": 1228, "Ulvenwald Oddity_SB": 2307, "Dread Presence": 608, "Cyclonic Rift_SB": 489, "Sultai Charm_SB": 2071, "Bartolom\u00e9 del Presidio": 159, "Zulaport Cutthroat": 2516, "Kinnan, Bonder Prodigy": 1147, "Fleeting Spirit_SB": 803, "Buster Sword_SB": 283, "The Aetherspark_SB": 2165, "Cloudsteel Kirin_SB": 403, "Wolfwillow Haven_SB": 2478, "Questing Beast_SB": 1630, "Magic Damper": 1306, "Magic Damper_SB": 1307, "Valley Questcaller": 2359, "Choco, Seeker of Paradise": 375, "Sazh's Chocobo": 1810, "Traveling Chocobo": 2269, "Sazh Katzroy": 1809, "Cloudfin Raptor": 401, "Bartz and Boko": 160, "Dazzling Denial": 506, "Ambrosia Whiteheart": 67, "Waker of Waves": 2418, "Discovery // Dispersal": 568, "Consecrate // Consume_SB": 435, "Reduce // Rubble_SB": 1692, "Felothar, Dawn of the Abzan": 776, "Skirmish Rhino": 1936, "Sandsteppe Citadel": 1799, "Blitz of the Thunder-Raptor_SB": 208, "Marang River Regent // Coil and Catch": 1319, "Zirda, the Dawnwaker": 2512, "Svella, Ice Shaper": 2102, "Collision // Colossus_SB": 414, "Lukka, Bound to Ruin_SB": 1287, "Rebel Salvo": 1673, "Nahiri, Heir of the Ancients_SB": 1429, "Aether Hub": 44, "Power Word Kill": 1604, "Dreams of Laguna": 619, "Whir of Invention_SB": 2450, "Peerless Recycling_SB": 1567, "Fateful Absence": 758, "Joust Through_SB": 1100, "Brimaz, King of Oreskos_SB": 263, "Regal Caracal_SB": 1697, "Thunder Magic": 2225, "Absolute Virtue_SB": 27, "Mystic Sanctuary": 1426, "Broken Bond_SB": 266, "Fire Prophecy_SB": 793, "Lush Oasis": 1292, "Moment of Craving": 1389, "Cloud, Midgar Mercenary_SB": 400, "Mirrorshell Crab_SB": 1375, "Vanquish the Horde_SB": 2368, "Fire Magic": 790, "Commune with Beavers": 424, "Blitz of the Thunder-Raptor": 207, "Ephara's Dispersal": 698, "Seed of Hope": 1846, "Thrilling Discovery": 2221, "Cavern of Souls_SB": 340, "Yuna, Hope of Spira_SB": 2502, "Lazotep Plating": 1207, "Ochre Jelly": 1496, "The Ozolith": 2184, "Botanical Brawler": 247, "Kutzil, Malamet Exemplar": 1192, "Conclave Mentor": 431, "Pelt Collector": 1568, "Fight as One_SB": 787, "Garruk's Harbinger_SB": 846, "Vraska, Golgari Queen_SB": 2416, "Patchwork Beastie": 1558, "Wildfire Wickerfolk": 2455, "Beastie Beatdown": 171, "Ogre-Head Helm": 1498, "Violent Urge": 2380, "Summon: Primal Odin": 2076, "Unexpected Request": 2319, "Caelorna, Coral Tyrant_SB": 287, "Fade from History_SB": 741, "Return to Nature_SB": 1729, "Skyreaping_SB": 1948, "Ezrim, Agency Chief_SB": 734}}