{"vocabulary": {"Ancestral Anger": 71, "Blackcleave Cliffs": 192, "Blightstep Pathway": 203, "Blood Crypt": 212, "Cacophony Scamp": 284, "Callous Sell-Sword": 290, "Claim // Fame": 379, "Den of the Bugbear": 540, "Emberheart Challenger": 674, "Heartfire Hero": 965, "Kumano Faces Kakkazan": 1194, "Leyline of Resonance": 1231, "Manifold Mouse": 1320, "Monstrous Rage": 1401, "Mountain": 1411, "Ramunap Ruins": 1672, "Sokenzan, Crucible of Defiance": 1997, "Sulfurous Springs": 2094, "Turn Inside Out": 2319, "Fatal Push_SB": 758, "Feed the Swarm_SB": 773, "Grafdigger's Cage_SB": 913, "Ob Nixilis, the Adversary_SB": 1497, "Thoughtseize_SB": 2247, "Urabrask's Forge_SB": 2377, "Boseiju, Who Endures": 243, "Cavalier of Thorns": 334, "Elvish Mystic": 669, "Forest": 821, "Hostile Hostel": 1019, "Invasion of Ixalan": 1072, "Kiora, Behemoth Beckoner": 1158, "Lair of the Hydra": 1203, "Leyline of the Guildpact": 1235, "Llanowar Elves": 1272, "Nykthos, Shrine to Nyx": 1491, "Oath of Nissa": 1495, "Old-Growth Troll": 1508, "Outcaster Trailblazer": 1542, "Storm the Festival": 2073, "Sunken Citadel": 2108, "Ulvenwald Oddity": 2340, "Cityscape Leveler_SB": 378, "Elesh Norn, Mother of Machines_SB": 657, "Emrakul, the Promised End_SB": 682, "Monstrous Emergence_SB": 1400, "Obstinate Baloth_SB": 1501, "Polukranos Reborn_SB": 1610, "The Mightstone and Weakstone_SB": 2216, "The Stone Brain_SB": 2229, "Tranquil Frillback_SB": 2301, "Bard Class": 156, "Commune with Spirits": 419, "Copperline Gorge": 441, "Cragcrown Pathway": 454, "Domri, Anarch of Bolas": 584, "Gallia of the Endless Dance": 846, "Goro-Goro, Disciple of Ryusei": 910, "Hajar, Loyal Bodyguard": 938, "Itzquinth, Firstborn of Gishath": 1086, "Kari Zev, Skyship Raider": 1124, "Klothys, God of Destiny": 1166, "Migloz, Maze Crusher": 1370, "Mox Amber": 1413, "Radha, Heart of Keld": 1652, "Redshift, Rocketeer Chief": 1707, "Rockfall Vale": 1775, "Ruby, Daring Tracker": 1791, "Samut, Vizier of Naktamun": 1815, "Stomping Ground": 2068, "Torch the Tower": 2287, "Back to Nature_SB": 143, "Feed the Clan_SB": 770, "Pick Your Poison_SB": 1594, "Pyroclasm_SB": 1637, "Scorching Dragonfire_SB": 1840, "Atraxa, Grand Unifier": 124, "Bitter Triumph": 190, "Duress": 632, "Fable of the Mirror-Breaker": 736, "Fatal Push": 757, "Fountainport": 832, "Mirrex": 1374, "Mutavault": 1424, "Swamp": 2130, "Thoughtseize": 2246, "Transmogrify": 2302, "Tribute to Horobi": 2314, "Unholy Annex // Ritual Chamber": 2359, "Volcanic Spite": 2439, "Anger of the Gods_SB": 77, "Duress_SB": 633, "Torch the Tower_SB": 2288, "Unlicensed Hearse_SB": 2366, "Virtue of Persistence_SB": 2421, "Void Winnower_SB": 2438, "Adeline, Resplendent Cathar": 36, "Coppercoat Vanguard": 440, "Eiganjo, Seat of the Empire": 646, "Extraction Specialist": 732, "Hopeful Initiate": 1010, "Plains": 1602, "Portable Hole": 1614, "Recruitment Officer": 1703, "Shefet Dunes": 1910, "Thalia's Lieutenant": 2186, "Thalia, Guardian of Thraben": 2187, "Veteran Survivor": 2411, "Warden of the Inner Sky": 2461, "Get Lost_SB": 859, "Invasion of Gobakhan_SB": 1071, "Rest in Peace_SB": 1735, "Sheltered by Ghosts_SB": 1913, "Wedding Announcement_SB": 2483, "Burst Lightning": 277, "Innkeeper's Talent": 1051, "Karplusan Forest": 1126, "Pawpatch Recruit": 1575, "Questing Druid": 1645, "Reckless Rage": 1695, "Screaming Nemesis": 1850, "Soul-Scar Mage": 2014, "Hazoret the Fervent_SB": 960, "Redcap Melee_SB": 1705, "Scorching Shot_SB": 1841, "Archon of Emeria": 102, "Aven Interrupter": 134, "Branchloft Pathway": 250, "Brushland": 268, "Collected Company": 398, "Enduring Innocence": 690, "Kellan, Daring Traveler": 1145, "Knight of Autumn": 1168, "Razorverge Thicket": 1687, "Skyclave Apparition": 1964, "Temple Garden": 2165, "Tyvar, the Pummeler": 2332, "Werefox Bodyguard": 2487, "Brutal Cathar_SB": 270, "Dromoka's Command_SB": 625, "Guardian of Faith_SB": 932, "Kayla's Reconstruction_SB": 1139, "Portable Hole_SB": 1615, "Split Up_SB": 2043, "The Wandering Emperor_SB": 2231, "Werefox Bodyguard_SB": 2488, "Blade of the Oni": 195, "Blazemire Verge": 199, "Bloodtithe Harvester": 219, "Fear of Missing Out": 765, "Go for the Throat": 898, "Sheoldred, the Apocalypse": 1916, "Urborg, Tomb of Yawgmoth": 2380, "Anoint with Affliction_SB": 86, "Extinction Event_SB": 731, "Hidetsugu Consumes All_SB": 993, "Liliana of the Veil_SB": 1257, "Withering Torment_SB": 2513, "Arclight Phoenix": 104, "Artist's Talent": 108, "Brazen Borrower": 255, "Consider": 430, "Fiery Impulse": 786, "Galvanic Iteration": 847, "Hall of Storm Giants": 941, "Into the Flood Maw": 1065, "Island": 1084, "Lightning Axe": 1246, "Opt": 1526, "Otawara, Soaring City": 1537, "Picklock Prankster": 1595, "Proft's Eidetic Memory": 1627, "Riverglide Pathway": 1765, "Shivan Reef": 1922, "Sleight of Hand": 1976, "Spell Pierce": 2027, "Spikefield Hazard": 2034, "Spirebluff Canal": 2037, "Steam Vents": 2057, "Stormcarved Coast": 2074, "Temporal Trespass": 2175, "Treasure Cruise": 2309, "Abrade_SB": 24, "Aether Gust_SB": 43, "Annul_SB": 84, "Brazen Borrower_SB": 256, "Brotherhood's End_SB": 267, "Mystical Dispute_SB": 1430, "Negate_SB": 1449, "Prismari Command_SB": 1625, "Thing in the Ice_SB": 2238, "Third Path Iconoclast_SB": 2239, "Clearwater Pathway": 385, "Darkslick Shores": 496, "Fear of Isolation": 764, "Fetid Pools": 781, "Field of Ruin": 782, "Geier Reach Sanitarium": 855, "Gloomlake Verge": 893, "Grim Bauble": 923, "Hive of the Eye Tyrant": 1002, "Hopeless Nightmare": 1012, "Kaito, Bane of Nightmares": 1115, "Momentum Breaker": 1395, "Narset, Parter of Veils": 1439, "Nowhere to Run": 1483, "Omen of the Sea": 1513, "Shipwreck Marsh": 1921, "Stormchaser's Talent": 2076, "Takenuma, Abandoned Mire": 2147, "This Town Ain't Big Enough": 2240, "Thundertrap Trainer": 2263, "Underground River": 2352, "Watery Grave": 2471, "Yorion, Sky Nomad": 2540, "Sheoldred, the Apocalypse_SB": 1917, "The Meathook Massacre_SB": 2214, "Yorion, Sky Nomad_SB": 2541, "Abhorrent Oculus": 21, "Augur of Bolas": 129, "Barkchannel Pathway": 157, "Botanical Sanctum": 246, "Breeding Pool": 258, "Bushwhack": 279, "Essence Flux": 710, "Fading Hope": 743, "Fallaji Archaeologist": 752, "Neoform": 1450, "Stubborn Denial": 2090, "Tyvar's Stand": 2329, "Unable to Scream": 2343, "Yavimaya Coast": 2537, "Floodpits Drowner_SB": 811, "Ghost Vacuum_SB": 865, "Natural State_SB": 1442, "Unable to Scream_SB": 2344, "Destroy Evil_SB": 552, "Elite Spellbinder_SB": 660, "Ossification_SB": 1535, "Monastery Swiftspear": 1398, "Snakeskin Veil": 1987, "Thornspire Verge": 2242, "Destructive Revelry_SB": 553, "Kari Zev's Expertise_SB": 1123, "Pawpatch Formation_SB": 1574, "Rending Volley_SB": 1724, "Screaming Nemesis_SB": 1851, "Witchstalker Frenzy_SB": 2508, "Count on Luck_SB": 450, "Questing Druid_SB": 1646, "Shapers' Sanctuary_SB": 1900, "Bleachbone Verge": 200, "Cavern of Souls": 336, "Flicker of Fate": 807, "Hallowed Fountain": 942, "Hushwood Verge": 1027, "Indatha Triome": 1046, "Leyline Binding": 1227, "Overlord of the Floodpits": 1551, "Overlord of the Hauntwoods": 1552, "Overlord of the Mistmoors": 1553, "Spara's Headquarters": 2022, "Up the Beanstalk": 2375, "Vanishing Verse": 2403, "Willowrush Verge": 2499, "Zagoth Triome": 2549, "Zur, Eternal Schemer": 2560, "High Noon_SB": 997, "Knockout Blow_SB": 1177, "Beza, the Bounding Spring_SB": 179, "Temporary Lockdown_SB": 2177, "Infuriate": 1048, "Dark Betrayal_SB": 489, "Ashiok, Dream Render_SB": 112, "Withering Torment": 2512, "Damping Sphere_SB": 488, "Rockface Village": 1774, "Slickshot Show-Off": 1977, "Claim the Firstborn_SB": 382, "Ray of Enfeeblement_SB": 1682, "Torpor Orb_SB": 2291, "Go Blank_SB": 897, "Battlefield Forge": 166, "Brightclimb Pathway": 259, "Concealed Courtyard": 420, "Godless Shrine": 904, "Greasefang, Okiba Boss": 917, "Kroxa, Titan of Death's Hunger": 1192, "Overlord of the Balemurk": 1548, "Parhelion II": 1565, "Sacred Foundry": 1807, "Skysovereign, Consul Flagship": 1971, "Valor's Flagship": 2398, "Containment Priest_SB": 438, "Deafening Silence_SB": 512, "Reckoner Bankbuster_SB": 1699, "Vanishing Verse_SB": 2404, "Demilich": 533, "Jwari Disruption": 1111, "Stern Dismissal": 2060, "Jace, Wielder of Mysteries_SB": 1093, "Proft's Eidetic Memory_SB": 1628, "Spell Pierce_SB": 2028, "Thassa's Oracle_SB": 2192, "Blooming Marsh": 220, "Cauldron Familiar": 326, "Claim the Firstborn": 381, "Deadly Dispute": 507, "Mayhem Devil": 1348, "Overgrown Tomb": 1547, "Scavenger's Talent": 1835, "Witch's Oven": 2506, "Ygra, Eater of All": 2538, "Haywire Mite_SB": 957, "Enduring Curiosity": 688, "Faerie Miscreant": 749, "Floodpits Drowner": 810, "Mockingbird": 1388, "Moon-Circuit Hacker": 1405, "Mukotai Ambusher": 1417, "Thousand-Faced Shadow": 2248, "Cut Down_SB": 486, "Disdainful Stroke_SB": 569, "Leyline of the Void_SB": 1236, "Oildeep Gearhulk_SB": 1506, "Invoke Despair_SB": 1078, "Change the Equation": 367, "Deduce": 522, "Deserted Beach": 548, "Dovin's Veto": 592, "Farewell": 755, "Get Lost": 858, "Hengegate Pathway": 979, "March of Otherworldly Light": 1327, "Memory Deluge": 1355, "No More Lies": 1473, "Restless Anchorage": 1736, "Sunfall": 2106, "Supreme Verdict": 2120, "Teferi, Hero of Dominaria": 2162, "Temporary Lockdown": 2176, "The Wandering Emperor": 2230, "Three Steps Ahead": 2251, "Change the Equation_SB": 368, "Dovin's Veto_SB": 593, "Kaheera, the Orphanguard_SB": 1113, "Supreme Verdict_SB": 2121, "Anoint with Affliction": 85, "Bladehold War-Whip": 196, "Chainsaw": 350, "Fervent Champion": 779, "Inspiring Vantage": 1059, "Kellan, the Fae-Blooded": 1147, "Lavaspur Boots": 1209, "Legion Extruder": 1221, "Leyline Axe": 1226, "Needleverge Pathway": 1447, "Patchwork Automaton": 1567, "Shadowspear": 1893, "Sheltered by Ghosts": 1912, "Surge of Salvation": 2124, "Lion Sash_SB": 1269, "Loran of the Third Path_SB": 1282, "Rebel Salvo_SB": 1690, "Surge of Salvation_SB": 2125, "Experimental Frenzy_SB": 725, "Elspeth's Smite_SB": 664, "Castle Locthwain": 319, "Raucous Theater": 1679, "Valgavoth's Faithful": 2388, "Valgavoth, Terror Eater": 2390, "Zombify": 2558, "Kolaghan's Command_SB": 1180, "Sire of Insanity_SB": 1951, "Esika's Chariot": 706, "Faithful Mending": 750, "Mana Confluence": 1319, "Otherworldly Gaze": 1539, "Recommission": 1701, "Seachrome Coast": 1854, "Tainted Indulgence": 2146, "Tome Scour": 2283, "Fragmentize_SB": 835, "Starnheim Unleashed_SB": 2054, "Caves of Koilos": 338, "Collective Brutality": 400, "Detention Chariot": 554, "Extinction Event": 730, "Kiora, the Rising Tide": 1159, "Monument to Endurance": 1403, "Raffine's Tower": 1655, "Shattered Sanctum": 1906, "Tune Up": 2318, "Elenda, Saint of Dusk_SB": 655, "Farewell_SB": 756, "Kaya the Inexorable_SB": 1132, "Silence_SB": 1937, "Cache Grab": 283, "Darkbore Pathway": 495, "Glissa Sunslayer": 890, "Raffine's Informant": 1654, "Thundering Broodwagon": 2261, "Witherbloom Command": 2510, "Heroic Intervention_SB": 990, "Make Disappear_SB": 1314, "Castle Ardenvale": 316, "Castle Vantress": 320, "Day's Undoing": 503, "Discontinuity": 566, "Emeria's Call": 678, "Floodfarm Verge": 809, "Lotus Field": 1289, "Secure the Wastes": 1867, "Settle the Wreckage": 1886, "Shark Typhoon": 1903, "Soul Partition": 2008, "Sphinx's Revelation": 2032, "Strict Proctor": 2086, "Thespian's Stage": 2236, "Leyline of Sanctity_SB": 1232, "Skyclave Apparition_SB": 1965, "Shardmage's Rescue": 1901, "Wizard's Lightning": 2516, "Deflecting Palm_SB": 529, "Strict Proctor_SB": 2087, "Aloe Alchemist": 62, "Atarka's Command": 122, "Burning-Tree Emissary": 275, "Cunning Coyote": 479, "Play with Fire": 1605, "Reckless Bushwhacker": 1691, "Magebane Lizard_SB": 1308, "Llanowar Wastes": 1274, "Abrupt Decay_SB": 26, "Sheoldred's Edict_SB": 1915, "Heartless Act_SB": 968, "Voice of Resurgence": 2431, "Gideon, Ally of Zendikar_SB": 874, "Unstoppable Slasher": 2370, "Archfiend of the Dross": 100, "Sheoldred's Edict": 1914, "Path of Peril_SB": 1572, "Sundown Pass": 2105, "Battle Cry Goblin": 163, "Conspicuous Snoop": 433, "Foundry Street Denizen": 831, "Goblin Instigator": 902, "Greasewrench Goblin": 918, "Raise the Past": 1658, "Rundvelt Hordemaster": 1795, "Skirk Prospector": 1956, "Moonshaker Cavalry_SB": 1406, "Nahiri, the Harbinger_SB": 1434, "Reidane, God of the Worthy_SB": 1716, "Kutzil's Flanker": 1199, "Enigmatic Incarnation": 693, "Linvala, the Preserver": 1266, "Overlord of the Boilerbilges": 1550, "Pest Control_SB": 1583, "Ruric Thar, the Unbowed_SB": 1800, "Aftermath Analyst": 49, "Brokers Hideout": 265, "Cabaretti Courtyard": 282, "Doppelgang": 590, "Fabled Passage": 738, "Fires of Victory": 798, "Ill-Timed Explosion": 1034, "Lumra, Bellow of the Woods": 1295, "Maestros Theater": 1306, "Nissa, Resurgent Animist": 1464, "Riveteers Overlook": 1767, "Shigeki, Jukai Visionary": 1919, "Spelunking": 2030, "Virtue of Strength": 2422, "Worldsoul's Rage": 2524, "Bonny Pall, Clearcutter_SB": 236, "Roxanne, Starfall Savant_SB": 1787, "Three Steps Ahead_SB": 2252, "Pithing Needle_SB": 1601, "Ashiok, Wicked Manipulator_SB": 118, "Beza, the Bounding Spring": 178, "Nurturing Pixie": 1489, "The Meathook Massacre": 2213, "Tinybones Joins Up": 2267, "Treacherous Blessing": 2307, "Dawnbringer Cleric_SB": 500, "Narset, Parter of Veils_SB": 1440, "Legion's Landing": 1225, "Oath of Kaya": 1494, "Optimistic Scavenger_SB": 1528, "Brave the Elements_SB": 254, "Brave the Elements": 253, "Cave of the Frost Dragon": 335, "Dauntless Bodyguard": 498, "Declaration in Stone": 520, "Mardu Woe-Reaper": 1334, "Fateful Absence_SB": 760, "Soul-Guide Lantern_SB": 2013, "Bitter Triumph_SB": 191, "Case of the Crimson Pulse_SB": 311, "Molten Collapse_SB": 1392, "Ketria Triome": 1155, "Pillage the Bog": 1596, "Ziatora's Proving Ground": 2554, "Archon of Emeria_SB": 103, "Barrier Breach_SB": 158, "Beanstalk Giant": 168, "Greater Tanuki": 920, "Quintorius Kand": 1650, "Release to the Wind": 1718, "Spark Double": 2023, "Spinewoods Armadillo": 2035, "Trumpeting Carnosaur": 2317, "Virtue of Persistence": 2420, "Colossal Skyturtle_SB": 409, "Consign // Oblivion_SB": 432, "Dragonlord Dromoka_SB": 599, "Gyruda, Doom of Depths_SB": 937, "Horned Loch-Whale_SB": 1015, "Keruga, the Macrosage_SB": 1152, "Roaring Furnace // Steaming Sauna_SB": 1770, "Thought Distortion_SB": 2243, "Wolfwillow Haven": 2520, "Wicked Wolf_SB": 2493, "Cryptic Coat": 472, "Darksteel Citadel": 497, "Ensoul Artifact": 694, "Fearless Swashbuckler": 766, "Gastal Thrillroller": 850, "Inti, Seneschal of the Sun": 1062, "Shrapnel Blast": 1931, "Smuggler's Copter": 1983, "Spyglass Siren": 2047, "Voldaren Epicure": 2441, "Burst Lightning_SB": 278, "Shadowspear_SB": 1894, "Voltage Surge_SB": 2446, "Claim // Fame_SB": 380, "Dragonlord Dromoka": 598, "Sunfall_SB": 2107, "Get Out": 860, "Undercity Sewers": 2350, "Grim Bauble_SB": 924, "Boros Charm": 240, "Ghitu Lavarunner": 863, "Lightning Helix": 1248, "Ashiok, Nightmare Weaver": 115, "Bonecrusher Giant": 234, "Liliana of the Veil": 1256, "Kroxa, Titan of Death's Hunger_SB": 1193, "Preacher of the Schism_SB": 1622, "Oildeep Gearhulk": 1505, "Rottenmouth Viper": 1784, "Soulstone Sanctuary": 2021, "Go for the Throat_SB": 899, "Kaito, Bane of Nightmares_SB": 1116, "Rottenmouth Viper_SB": 1785, "Arboreal Grazer": 95, "Archdruid's Charm": 98, "Castle Garenbrig": 318, "Cityscape Leveler": 377, "Emrakul, the Promised End": 681, "Sire of Seven Deaths": 1952, "Leyline Binding_SB": 1228, "Sire of Seven Deaths_SB": 1953, "Ugin, the Spirit Dragon_SB": 2336, "Weathered Runestone_SB": 2478, "Deadly Cover-Up": 505, "Bala Ged Recovery": 145, "Dark Petition": 492, "Emergent Ultimatum": 676, "Fae of Wishes": 745, "Hidden Strings": 991, "Lier, Disciple of the Drowned": 1239, "Lush Portico": 1298, "Nine Lives": 1457, "Omniscience": 1519, "Path of Peril": 1571, "Pore Over the Pages": 1611, "Sylvan Scrying": 2142, "Vizier of Tumbling Sands": 2429, "Approach of the Second Sun_SB": 91, "Emergent Ultimatum_SB": 677, "Solemnity_SB": 1999, "Soul Partition_SB": 2009, "Zacama, Primal Calamity_SB": 2547, "Jace's Defeat_SB": 1090, "Built to Smash": 272, "Thud": 2258, "Titan's Strength": 2275, "Wayward Guide-Beast": 2472, "Dreadmaw's Ire_SB": 612, "End the Festivities_SB": 686, "Light Up the Stage_SB": 1243, "Obosh, the Preypiercer_SB": 1499, "Voldaren Thrillseeker_SB": 2443, "Hazoret, Godseeker": 962, "Polukranos Reborn": 1609, "Dream Trawler": 613, "Impulse": 1043, "Irrigated Farmland": 1081, "Chandra, Awakened Inferno_SB": 359, "Dream Trawler_SB": 614, "Surge of Righteousness_SB": 2123, "Azor, the Lawbringer": 141, "Kutzil's Flanker_SB": 1200, "Deathcap Glade": 513, "Feed the Cycle": 771, "Freestrider Lookout": 836, "Ghost Vacuum": 864, "Ketramose, the New Dawn": 1153, "Restless Cottage": 1737, "Scrabbling Claws": 1844, "Deadly Cover-Up_SB": 506, "Legion's End_SB": 1224, "Tear Asunder_SB": 2159, "Kytheon, Hero of Akros": 1202, "Experimental Augury": 723, "Jace Reawakened": 1088, "Malcolm, Alluring Scoundrel": 1317, "Nashi, Searcher in the Dark": 1441, "Valki, God of Lies": 2393, "Arasta of the Endless Web_SB": 94, "Setessan Petitioner_SB": 1885, "Boltwave": 230, "Clockwork Percussionist": 392, "Eidolon of the Great Revel": 644, "Searing Blood": 1861, "Skewer the Critics": 1955, "Skullcrack": 1961, "Rampaging Ferocidon_SB": 1670, "Roast_SB": 1771, "Roiling Vortex_SB": 1779, "Memory Deluge_SB": 1356, "Callous Sell-Sword_SB": 291, "Chandra's Defeat_SB": 355, "Dreadhorde Arcanist_SB": 610, "Reckless Rage_SB": 1696, "Blacksmith's Talent": 193, "Colossus Hammer": 411, "Kemba, Kha Enduring": 1148, "Nahiri, Forged in Fury": 1431, "Swiftfoot Boots": 2135, "Deafening Clarion_SB": 510, "Murderous Cut": 1420, "Sunbillow Verge": 2102, "Unlicensed Hearse": 2365, "Anguished Unmaking_SB": 79, "Kaya, Orzhov Usurper_SB": 1137, "Wear // Tear_SB": 2475, "Agadeem's Awakening": 50, "Bloodghast": 216, "Call of the Death-Dweller": 288, "Drownyard Temple": 628, "Narcomoeba": 1437, "Prized Amalgam": 1626, "Quag Feast": 1640, "Souls of the Lost": 2019, "Stitcher's Supplier": 2065, "Cling to Dust_SB": 391, "Boommobile": 238, "Fomori Vault": 818, "Glint-Nest Crane": 889, "Hedron Archive": 971, "Inventors' Fair": 1075, "Moonsnare Prototype": 1407, "Paradox Engine": 1563, "Portal of Sanctuary": 1616, "Prophetic Prism": 1630, "Repurposing Bay": 1728, "Snow-Covered Island": 1991, "Snow-Covered Mountain": 1992, "Terrarion": 2181, "The Enigma Jewel": 2205, "The Mightstone and Weakstone": 2215, "Thran Spider": 2250, "Workshop Assistant": 2523, "Lantern of the Lost_SB": 1208, "Liberator, Urza's Battlethopter_SB": 1237, "Noxious Gearhulk_SB": 1486, "Shrapnel Slinger_SB": 1933, "Loran of the Third Path": 1281, "Sylvan Caryatid": 2140, "Brightglass Gearhulk": 260, "Collector's Cage": 403, "Dusk Rose Reliquary": 636, "Giant Killer": 871, "Haywire Mite": 956, "Ingenious Smith": 1050, "Overgrown Farmland": 1546, "Parting Gust": 1566, "Sandstorm Salvager": 1820, "Sentinel of the Nameless City": 1878, "Skrelv, Defector Mite": 1959, "Teething Wurmlet": 2161, "Thraben Inspector": 2249, "Spirit of the Labyrinth_SB": 2038, "Tormod's Crypt_SB": 2290, "Resplendent Angel": 1734, "Righteous Valkyrie": 1753, "Inspiring Overseer": 1058, "Giada, Font of Hope": 869, "Bishop of Wings": 187, "Kayla's Reconstruction": 1138, "Knight of Autumn_SB": 1169, "Agatha's Soul Cauldron": 52, "Norin, Swift Survivalist": 1476, "Agatha of the Vile Cauldron": 51, "Targ Nar, Demon-Fang Gnoll": 2155, "Zurgo Bellstriker": 2561, "Kellan, Planar Trailblazer": 1146, "Klothys, God of Destiny_SB": 1167, "Tamiyo's Safekeeping_SB": 2151, "Ral, Crackling Wit_SB": 1665, "Young Pyromancer_SB": 2543, "Gilded Goose": 877, "Molt Tender": 1390, "Traverse the Ulvenwald": 2306, "Vraska, Golgari Queen": 2452, "Assassin's Trophy_SB": 120, "Big Score": 180, "Dig Through Time": 562, "Indomitable Creativity": 1047, "Magma Opus": 1311, "Negate": 1448, "Prismari Command": 1624, "Sublime Epiphany": 2092, "Thundering Falls": 2262, "Torrential Gearhulk": 2292, "Chandra, Acolyte of Flame_SB": 358, "Hullbreaker Horror_SB": 1025, "Into the Flood Maw_SB": 1066, "Untimely Malfunction_SB": 2373, "Mukotai Ambusher_SB": 1418, "Lithomantic Barrage_SB": 1270, "Pawpatch Formation": 1573, "Vinereap Mentor": 2415, "Camellia, the Seedmiser": 292, "Wastewood Verge": 2470, "Commercial District": 414, "Titan of Industry": 2273, "Alpine Moon_SB": 64, "Culling Ritual_SB": 478, "Avishkar Raceway": 137, "Cathartic Pyre": 324, "Marauding Mako": 1325, "Solphim, Mayhem Dominus": 2000, "Fuel the Flames_SB": 842, "Skycrash_SB": 1967, "Gifted Aetherborn": 875, "Graveyard Trespasser": 915, "Invoke Despair": 1077, "Murderous Rider": 1422, "Sign in Blood": 1936, "Sorin the Mirthless": 2005, "Kalitas, Traitor of Ghet_SB": 1120, "Empyrean Eagle": 680, "Glacial Fortress": 881, "Lofty Denial": 1275, "Mausoleum Wanderer": 1346, "Phantom Interference": 1585, "Rattlechains": 1676, "Selfless Spirit": 1876, "Spectral Sailor": 2026, "Spell Queller": 2029, "Supreme Phantom": 2119, "Adarkar Wastes": 35, "Dewdrop Cure_SB": 559, "Devout Decree_SB": 557, "Remorseful Cleric_SB": 1723, "Dusk // Dawn_SB": 634, "Mindlink Mech_SB": 1372, "Memory Guardian": 1357, "Mendicant Core, Guidelight": 1358, "Metallic Rebuke": 1363, "Novice Inspector": 1482, "Simulacrum Synthesizer": 1946, "Cryptic Coat_SB": 473, "Metallic Rebuke_SB": 1364, "Defiant Strike": 528, "Illuminator Virtuoso": 1037, "Gods Willing_SB": 906, "Light of Hope_SB": 1244, "Slickshot Show-Off_SB": 1978, "Extraction Specialist_SB": 733, "Pest Control": 1582, "Ketramose, the New Dawn_SB": 1154, "Bond of Insight": 232, "Expedition Map": 720, "Sea Gate Restoration": 1853, "Valakut Awakening": 2386, "Wish": 2505, "Dig Through Time_SB": 563, "Fiery Impulse_SB": 787, "Lier, Disciple of the Drowned_SB": 1240, "Niv-Mizzet, Parun_SB": 1470, "Forsaken Miner": 824, "Insidious Roots": 1057, "Priest of Forgotten Gods": 1623, "Rubblebelt Maverick": 1790, "Satyr Wayfinder": 1825, "Scrapheap Scrounger": 1846, "Squirming Emergence": 2048, "Tyvar, Jubilant Brawler": 2331, "Boseiju, Who Endures_SB": 244, "Deathrite Shaman_SB": 516, "Souls of the Lost_SB": 2020, "Snakeskin Veil_SB": 1988, "Abrupt Decay": 25, "Ancient Cornucopia": 73, "Blood Baron of Vizkopa": 210, "Bring to Light": 263, "Deafening Clarion": 509, "Jetmir's Garden": 1102, "Kolaghan's Command": 1179, "Maelstrom Pulse": 1303, "Niv-Mizzet Reborn": 1468, "Niv-Mizzet, Supreme": 1471, "Raugrin Triome": 1680, "Savai Triome": 1827, "Unmoored Ego": 2368, "Xander's Lounge": 2529, "Kambal, Consul of Allocation_SB": 1121, "Lightning Helix_SB": 1249, "Unmoored Ego_SB": 2369, "Sunspine Lynx_SB": 2117, "Giant Killer_SB": 872, "Blot Out_SB": 226, "Aven Interrupter_SB": 135, "Enduring Innocence_SB": 691, "Tyrranax Rex_SB": 2328, "Ashiok, Nightmare Muse_SB": 114, "Benthic Biomancer": 175, "Cenote Scout": 345, "Deeproot Pilgrimage": 525, "Kumena, Tyrant of Orazca": 1196, "Mindspring Merfolk": 1373, "Tishana's Tidebinder": 2271, "Vodalian Hexcatcher": 2430, "Tidebinder Mage_SB": 2264, "Unholy Annex // Ritual Chamber_SB": 2360, "Deathrite Shaman": 515, "Bloodchief's Thirst_SB": 215, "Driven // Despair_SB": 622, "Eaten Alive_SB": 638, "Biting-Palm Ninja_SB": 188, "Dokuchi Silencer_SB": 583, "Brutal Cathar": 269, "Beseech the Mirror": 176, "Gifted Aetherborn_SB": 876, "Treacherous Blessing_SB": 2308, "Kazuul's Toll Collector": 1141, "Shardmage's Rescue_SB": 1902, "Immersturm Raider": 1038, "Nahiri, the Harbinger": 1433, "Authority of the Consuls_SB": 133, "The Speed Demon_SB": 2228, "Anointed Peacekeeper": 87, "Expedite": 719, "Fireblade Charger": 796, "Might of the Meek": 1369, "Skullcrack_SB": 1962, "Twisted Fealty_SB": 2326, "Sphinx of the Final Word_SB": 2031, "Waste Not_SB": 2467, "Pawpatch Recruit_SB": 1576, "Burnout Bashtronaut": 276, "Draconautics Engineer": 594, "Fanatical Firebrand": 753, "Hobgoblin Bandit Lord": 1003, "Howlsquad Heavy": 1023, "Krenko, Mob Boss": 1190, "Goblin Ringleader_SB": 903, "Volley Veteran_SB": 2444, "Harrier Strix": 951, "Hypnotic Grifter": 1028, "Omen Hawker": 1510, "The Reality Chip": 2220, "Training Grounds": 2299, "Witness Protection": 2514, "Basilisk Collar_SB": 161, "Aclazotz, Deepest Betrayal": 31, "Bandit's Talent": 149, "Cling to Dust": 390, "Demolition Field": 535, "Foulmire Knight": 829, "Go Blank": 896, "Hostile Investigator": 1020, "Waste Not": 2466, "The End_SB": 2204, "Get Out_SB": 861, "Reckoner Bankbuster": 1698, "Liliana, the Last Hope_SB": 1262, "Drown in the Loch": 626, "Faerie Mastermind": 748, "Nighthawk Scavenger": 1454, "Restless Reef": 1740, "Soaring Thought-Thief": 1996, "Thieves' Guild Enforcer": 2237, "Zareth San, the Trickster": 2551, "Nighthawk Scavenger_SB": 1455, "Glissa Sunslayer_SB": 891, "Rankle's Prank": 1673, "Graveyard Trespasser_SB": 916, "Riverpyre Verge": 1766, "Strangle": 2081, "Temple of Epiphany": 2169, "Shark Typhoon_SB": 1904, "Stock Up": 2066, "Momentum Breaker_SB": 1396, "Fry_SB": 840, "Collision // Colossus": 406, "Overprotect_SB": 1555, "Swiftfoot Boots_SB": 2136, "Viashino Pyromancer": 2412, "Restless Prairie": 1739, "Sigarda's Aid": 1935, "Behold the Beyond": 173, "Behold the Multiverse": 174, "Mastermind's Acquisition": 1344, "Grand Abolisher_SB": 914, "Monument to Endurance_SB": 1404, "Nine Lives_SB": 1458, "Shoot the Sheriff": 1925, "Fortified Beachhead": 826, "Reflector Mage": 1709, "Reflector Mage_SB": 1710, "Elenda, Saint of Dusk": 654, "Omnath, Locus of Creation": 1516, "Krenko's Buzzcrusher_SB": 1189, "Notion Thief_SB": 1479, "Blade Historian": 194, "Charming Prince": 371, "Jirina, Dauntless General": 1105, "Kitesail Larcenist": 1163, "Pyre of Heroes": 1635, "Satoru, the Infiltrator": 1824, "Secluded Courtyard": 1865, "Unclaimed Territory": 2347, "Anointed Peacekeeper_SB": 88, "Jirina, Dauntless General_SB": 1106, "Night Clubber_SB": 1453, "Thalia, Guardian of Thraben_SB": 2188, "Destroy Evil": 551, "Riptide Gearhulk_SB": 1758, "Aegis Turtle_SB": 40, "Up the Beanstalk_SB": 2376, "Bolas's Citadel": 229, "Catacomb Sifter": 322, "Prosperous Innkeeper": 1631, "Woe Strider": 2518, "Outland Liberator_SB": 1543, "Status // Statue_SB": 2056, "Elegant Parlor": 653, "Concealing Curtains": 422, "Cleansing Wildfire": 384, "Crumble to Dust": 464, "Encroaching Wastes": 684, "Gnottvold Slumbermound": 895, "Haphazard Bombardment": 948, "Jaya's Greeting": 1098, "Krenko's Buzzcrusher": 1188, "Paradise Druid": 1562, "Ravager Wurm": 1681, "Rootbound Crag": 1781, "Rowan, Scholar of Sparks": 1786, "Rubble Reading": 1789, "Sheltered Thicket": 1911, "Structural Distortion": 2089, "Sylvan Primordial": 2141, "Territory Forge": 2182, "Twin Bolt": 2321, "Voyaging Satyr": 2448, "Herbology Instructor_SB": 983, "Nissa's Defeat_SB": 1460, "Peak Eruption_SB": 1577, "Reclamation Sage_SB": 1700, "Scrabbling Claws_SB": 1845, "Analyze the Pollen": 69, "Herd Migration": 985, "Ride's End": 1751, "Snow-Covered Forest": 1990, "Assassin's Trophy": 119, "Tranquil Frillback": 2300, "Battle at the Bridge": 164, "Mephitic Draught": 1359, "Snow-Covered Swamp": 1994, "Spire of Industry": 2036, "Tithing Blade": 2277, "Battle at the Bridge_SB": 165, "Enduring Curiosity_SB": 689, "Deputy of Detention": 545, "Noxious Gearhulk": 1485, "Dreadhorde Arcanist": 609, "Showdown of the Skalds_SB": 1930, "Hazoret the Fervent": 959, "Beacon Bolt_SB": 167, "Meticulous Archive": 1367, "Ashiok, Nightmare Muse": 113, "Censor": 346, "Cut Down": 485, "Mission Briefing": 1383, "Chrome Host Seedshark_SB": 375, "Jace, Vryn's Prodigy_SB": 1092, "Murderous Cut_SB": 1421, "Goblin Chainwhirler_SB": 901, "Borrowed Hostility": 242, "Dredger's Insight": 620, "Honest Rutstein": 1006, "Brass's Tunnel-Grinder": 252, "Malakir Rebirth": 1316, "The Filigree Sylex_SB": 2207, "Hallowed Moonlight": 943, "Barbed Batterfist": 155, "Keen-Eyed Curator": 1142, "Tribute to the World Tree": 2315, "Webstrike Elite": 2480, "Werewolf Pack Leader": 2489, "Inscription of Abundance_SB": 1054, "Elspeth's Smite": 663, "Yahenni's Expertise": 2533, "Test of Talents_SB": 2184, "Commit // Memory_SB": 416, "Demilich_SB": 534, "Ledger Shredder_SB": 1218, "Nylea's Presence": 1493, "Warping Wail_SB": 2464, "Settle the Wreckage_SB": 1887, "Progenitor Mimic": 1629, "Banefire": 151, "The World Tree": 2235, "Koma, Cosmos Serpent_SB": 1181, "Chandra, Dressed to Kill_SB": 361, "Keen-Eyed Curator_SB": 1143, "Scrapshooter_SB": 1848, "Steel Seraph": 2059, "Gleaming Geardrake": 886, "Plaza of Heroes": 1607, "Commune with Dinosaurs": 418, "Ghalta, Primal Hunger": 862, "Marauding Raptor": 1326, "Pugnacious Hammerskull": 1634, "Rampaging Raptor": 1671, "Regal Imperiosaur": 1714, "Regisaur Alpha": 1715, "Ripjaw Raptor": 1755, "Ledger Shredder": 1217, "Glasspool Mimic": 884, "Phyrexian Censor": 1588, "Nimble Larcenist_SB": 1456, "Experimental Synthesizer": 726, "Light Up the Stage": 1242, "Violent Urge_SB": 2417, "Youthful Valkyrie": 2544, "Boon of Boseiju": 239, "Silverback Elder": 1942, "Elesh Norn, Mother of Machines": 656, "Wakeroot Elemental": 2456, "Tail Swipe_SB": 2145, "Esika's Chariot_SB": 707, "Containment Priest": 437, "Luminarch Aspirant": 1294, "Takenuma, Abandoned Mire_SB": 2148, "Swamp_SB": 2131, "Nylea's Intervention_SB": 1492, "Champion of the Perished": 353, "Cryptbreaker": 469, "Dark Salvation": 494, "Dread Wanderer": 608, "Relentless Dead": 1719, "Wayward Servant": 2473, "Zahur, Glory's Past": 2550, "Crippling Fear_SB": 462, "Shadowy Backstreet": 1895, "Hidetsugu Consumes All": 992, "Optimistic Scavenger": 1527, "Fighter Class": 790, "Flowerfoot Swordmaster": 813, "Mabel, Heir to Cragflame": 1300, "Chainsaw_SB": 351, "Nettle Guard_SB": 1451, "Sword of Forge and Frontier_SB": 2138, "Split Up": 2042, "Heliod's Intervention_SB": 972, "Bloodletter of Aclazotz": 217, "Haunted Ridge": 954, "Fiery Temper": 788, "Flameblade Adept": 801, "Footfall Crater": 819, "Highway Robbery": 998, "Maximize Velocity": 1347, "Ox of Agonas": 1557, "Birgi, God of Storytelling_SB": 186, "Lightning Axe_SB": 1247, "Case of the Gateway Express": 312, "Gleeful Demolition": 887, "Imodane's Recruiter": 1040, "Knight-Errant of Eos": 1175, "Resolute Reinforcements": 1732, "Venerated Loxodon": 2409, "Temple of Mystery": 2172, "Expedition Map_SB": 721, "Stock Up_SB": 2067, "Voyaging Satyr_SB": 2449, "Samut's Sprint": 1814, "Knight of Grace_SB": 1172, "Sentinel of the Nameless City_SB": 1879, "Wrenn and Realmbreaker": 2527, "Depopulate_SB": 544, "Unsubstantiate_SB": 2371, "Triton Shorestalker": 2316, "Archfiend of the Dross_SB": 101, "Tishana's Tidebinder_SB": 2272, "Lightning Strike": 1250, "Sunspine Lynx": 2116, "Witchstalker Frenzy": 2507, "Mutavault_SB": 1425, "Razorkin Needlehead_SB": 1686, "Lost Jitte": 1286, "Narset's Reversal_SB": 1438, "Entity Tracker": 696, "Omen of the Dead_SB": 1512, "Caustic Bronco_SB": 328, "Hostage Taker": 1018, "Casualties of War_SB": 321, "Kaito, Cunning Infiltrator": 1117, "Ornithopter": 1532, "Silver-Fur Master": 1941, "Bloodchief's Thirst": 214, "Combat Research": 412, "Lazav, Wearer of Faces": 1213, "Lively Dirge": 1271, "Medomai the Ageless": 1353, "Raffine, Scheming Seer": 1656, "Thalia, Heretic Cathar_SB": 2190, "Urza's Ruinous Blast_SB": 2385, "Lotus Cobra": 1288, "Fires of Victory_SB": 799, "Guardian of Faith": 931, "Galvanic Iteration_SB": 848, "Gods Willing": 905, "Riptide Gearhulk": 1757, "Kappa Tech-Wrecker": 1122, "Gather Courage": 852, "Gather Courage_SB": 853, "Saheeli, Sublime Artificer_SB": 1810, "Kumena's Speaker": 1195, "Eidolon of the Great Revel_SB": 645, "Carnage Tyrant": 301, "Arid Archway": 105, "Culling Ritual": 477, "Festering Gulch": 780, "Iridescent Vinelasher": 1080, "Port of Karfell": 1613, "Underground Mortuary": 2351, "Elder Gargaroth_SB": 650, "Fog_SB": 817, "Quick Study": 1647, "Crackling Drake_SB": 453, "Elder Gargaroth": 649, "Fires of Invention": 797, "Heliod, the Radiant Dawn": 975, "Kenrith, the Returned King": 1150, "Marina Vendrell": 1335, "Roaring Furnace // Steaming Sauna": 1769, "Tolsimir, Friend to Wolves": 2281, "Touch the Spirit Realm": 2294, "Chandra, Torch of Defiance_SB": 366, "Teferi, Hero of Dominaria_SB": 2163, "Void Rend_SB": 2437, "Can't Stay Away": 294, "Grisly Salvage": 926, "Katilda, Dawnhart Martyr": 1127, "Slip Out the Back": 1979, "Feather, the Redeemed": 767, "Clifftop Retreat": 389, "Dreadmaw's Ire": 611, "Loran's Escape_SB": 1284, "Feather, the Redeemed_SB": 768, "Zoetic Glyph": 2557, "Sweltering Suns_SB": 2134, "The Akroan War_SB": 2196, "Silvergill Adept": 1943, "Bitter Reunion": 189, "Case of the Stashed Skeleton": 314, "Vampires' Vengeance": 2401, "Brotherhood's End": 266, "Worldspine Wurm_SB": 2526, "Etali, Primal Conqueror_SB": 713, "Xenagos, God of Revels_SB": 2531, "Thalia, Heretic Cathar": 2189, "Zephyr Sentinel_SB": 2552, "Restless Fortress": 1738, "Ruin-Lurker Bat": 1793, "Healer's Hawk": 964, "Essence Channeler": 709, "Voice of the Blessed": 2435, "Exemplar of Light": 717, "Linden, the Steadfast Queen": 1265, "Leyline of Hope": 1230, "Authority of the Consuls": 132, "Case of the Uneaten Feast": 315, "Scoured Barrens": 1842, "Rogue's Passage": 1776, "Dewdrop Cure": 558, "Lunarch Veteran": 1296, "Declaration in Stone_SB": 521, "Crystal Barricade_SB": 475, "Afterburner Expert": 48, "Omnivorous Flytrap": 1520, "Agatha's Soul Cauldron_SB": 53, "Castle Embereth": 317, "Hired Claw": 1000, "Kozilek's Return_SB": 1186, "Nahiri, the Unforgiving_SB": 1436, "Ox of Agonas_SB": 1558, "Tamiyo's Safekeeping": 2150, "Tear Asunder": 2158, "Blot Out": 225, "Scrapshooter": 1847, "Questing Beast": 1643, "Thrun, Breaker of Silence": 2256, "Nissa, Ascended Animist": 1462, "Tyrranax Rex": 2327, "Nissa, Ascended Animist_SB": 1463, "Shifting Ceratops_SB": 1918, "Hornet Queen_SB": 1017, "High Noon": 996, "Twinshot Sniper": 2324, "Keruga, the Macrosage": 1151, "Clever Impersonator": 386, "Agent of Treachery_SB": 54, "Twinshot Sniper_SB": 2325, "Kalitas, Traitor of Ghet": 1119, "Anzrag, the Quake-Mole": 89, "Temple of Abandon": 2166, "Cindervines_SB": 376, "Adorned Pouncer": 37, "Arahbo, the First Fang": 93, "Lion Sash": 1268, "Open the Armory": 1523, "Roadside Reliquary": 1768, "Sacred Cat": 1806, "Skyknight Squire": 1968, "Sword of Forge and Frontier": 2137, "Play with Fire_SB": 1606, "Prosperous Thief": 1632, "Satoru Umezawa": 1823, "Exquisite Firecraft_SB": 728, "Searing Blood_SB": 1862, "Cry of the Carnarium": 466, "Kaya, Orzhov Usurper": 1136, "Soul-Guide Lantern": 2012, "The End": 2203, "Calamity's Wake_SB": 286, "Exorcise_SB": 718, "Harvester of Misery_SB": 952, "Intimidation Tactics_SB": 1064, "Out of Air_SB": 1540, "Spontaneous Mutation_SB": 2044, "Shambling Vent": 1898, "Altanak, the Thrice-Called": 66, "Tireless Tracker_SB": 2270, "Titania, Voice of Gaea_SB": 2276, "Doppelgang_SB": 591, "Heartless Act": 967, "Bonecrusher Giant_SB": 235, "Fable of the Mirror-Breaker_SB": 737, "Exquisite Firecraft": 727, "Raucous Carnival": 1678, "Curse of Shaken Faith_SB": 482, "Painter's Studio // Defaced Gallery": 1560, "Chance for Glory_SB": 354, "Magmatic Chasm_SB": 1312, "Requisition Raid_SB": 1730, "Shrapnel Blast_SB": 1932, "Sorin, Vengeful Bloodlord_SB": 2007, "Kiora's Follower": 1157, "Merfolk Mistbinder": 1360, "Merfolk Trickster_SB": 1361, "Mockingbird_SB": 1389, "Fading Hope_SB": 744, "Smuggler's Copter_SB": 1984, "Mosswood Dreadknight": 1410, "Lovestruck Beast": 1291, "Debris Beetle": 517, "Mystic Repeal_SB": 1428, "Epic Downfall_SB": 700, "Long Goodbye_SB": 1278, "Sunset Revelry_SB": 2114, "Cavalier of Flame": 333, "Nullhide Ferox_SB": 1488, "Builder's Talent": 271, "Caretaker's Talent": 300, "Sunder the Gateway": 2103, "Vaultborn Tyrant": 2406, "Drowned Catacomb": 627, "Sunpetal Grove": 2111, "Woodland Cemetery": 2522, "Kitsa, Otterball Elite": 1165, "Retraction Helix": 1744, "Rona, Herald of Invasion": 1780, "Valley Floodcaller": 2395, "Abhorrent Oculus_SB": 22, "Skysovereign, Consul Flagship_SB": 1972, "Reckless Stormseeker": 1697, "Rocketeer Boostbuggy": 1773, "The Akroan War": 2195, "Bladestitched Skaab": 197, "Lazotep Reaver": 1216, "Rotten Reunion_SB": 1783, "The Scarab God_SB": 2224, "Loran's Escape": 1283, "Blessed Defiance_SB": 202, "Cruelclaw's Heist_SB": 463, "Enduring Tenacity_SB": 692, "Swan Song_SB": 2132, "Knight of Grace": 1171, "Chandra, Spark Hunter_SB": 364, "Skyclave Cleric": 1966, "Ajani, Strength of the Pride_SB": 58, "Witness Protection_SB": 2515, "Growth Spiral": 927, "Ill-Timed Explosion_SB": 1035, "Bomat Courier": 231, "Phoenix Chick": 1586, "Gideon of the Trials": 873, "Mazemind Tome": 1350, "Etali, Primal Conqueror": 712, "The Scarab God": 2223, "Radiant Flames_SB": 1653, "Azor, the Lawbringer_SB": 142, "Tocasia's Welcome_SB": 2280, "Tasigur, the Golden Fang": 2157, "Mortify": 1408, "Day of Judgment_SB": 502, "Creeping Chill": 461, "Say Its Name": 1828, "Silversmote Ghoul": 1944, "Fog": 816, "Gaea's Blessing": 845, "Haze of Pollen": 958, "Jace, the Perfected Mind": 1094, "Tamiyo, Collector of Tales": 2152, "Union of the Third Path": 2361, "Winds of Qal Sisma": 2502, "Carnage Tyrant_SB": 302, "Drannith Ruins": 606, "Thought-Knot Seer": 2244, "Wasteland Strangler": 2468, "Phyrexian Fleshgorger": 1591, "Ifnir Deadlands": 1033, "Bearer of Silence": 169, "Knight of the Ebon Legion": 1173, "Deep-Cavern Bat": 523, "Caustic Bronco": 327, "Reality Smasher_SB": 1688, "Confounding Riddle": 427, "Ral, Izzet Viceroy_SB": 1666, "Necrotic Wound": 1445, "Necrotic Wound_SB": 1446, "Doom Foretold": 585, "Nine-Lives Familiar": 1459, "Rite of Oblivion": 1760, "Starfield of Nyx": 2053, "Kaya's Wrath_SB": 1135, "Necromentia_SB": 1444, "Fuel the Flames": 841, "Valgavoth, Terror Eater_SB": 2391, "Unchained Berserker_SB": 2346, "Gix's Command_SB": 879, "Sorin the Mirthless_SB": 2006, "Blast Zone": 198, "Shoot the Sheriff_SB": 1926, "Turntimber Symbiosis": 2320, "Graf Reaver_SB": 912, "Kraul Whipcracker_SB": 1187, "Maelstrom Pulse_SB": 1304, "Fear of Impostors": 762, "Riptide Chimera": 1756, "Fear of Impostors_SB": 763, "Eldrazi Displacer": 651, "Fleecemane Lion": 803, "Witchstalker_SB": 2509, "Acererak the Archlich": 30, "Gwenna, Eyes of Gaea": 936, "Relic of Legends": 1720, "Omen of the Dead": 1511, "Dive Down_SB": 581, "Yasharn, Implacable Earth": 2534, "Felonious Rage": 777, "Molten Collapse": 1391, "Lavinia, Azorius Renegade_SB": 1211, "Selfless Glyphweaver_SB": 1874, "Yasharn, Implacable Earth_SB": 2535, "Soul-Scar Mage_SB": 2015, "Blood Spatter Analysis": 213, "Regal Bunnicorn": 1712, "Demonic Bargain": 538, "Osseous Sticktwister": 1533, "Korvold, Fae-Cursed King": 1182, "Trail of Crumbs": 2297, "Korvold, Fae-Cursed King_SB": 1183, "Dive Down": 580, "Jace Reawakened_SB": 1089, "March of Swirling Mist_SB": 1330, "Blessed Defiance": 201, "Homestead Courage": 1005, "Fugitive Codebreaker": 843, "Tears of Valakut_SB": 2160, "Bedeck // Bedazzle_SB": 171, "Cease // Desist_SB": 340, "Languish_SB": 1206, "Cathar Commando_SB": 323, "Burning Earth_SB": 274, "Guardian of New Benalia": 933, "Phyrexian Dragon Engine": 1590, "Seasoned Hallowblade": 1863, "The Mycosynth Gardens": 2217, "Alrund's Epiphany": 65, "Dryad of the Ilysian Grove": 629, "Escape to the Wilds": 704, "Hedge Maze": 969, "Loot, the Pathfinder": 1280, "Nissa, Who Shakes the World": 1467, "Obliterating Bolt_SB": 1498, "Chandra, Torch of Defiance": 365, "Portal to Phyrexia_SB": 1618, "Consign // Oblivion": 431, "Adanto Vanguard": 33, "Favored Hoplite": 761, "Flowstone Infusion": 814, "Sejiri Shelter": 1872, "Tenth District Legionnaire": 2179, "Adanto Vanguard_SB": 34, "Elspeth, Sun's Champion_SB": 667, "Invasion of New Phyrexia_SB": 1073, "Wilt_SB": 2501, "Clifftop Lookout": 388, "Dreamdew Entrancer": 615, "Dreamroot Cascade": 616, "Fecund Greenshell": 769, "Insidious Fungus": 1055, "Loot, Exuberant Explorer": 1279, "Risen Reef": 1759, "Tangled Florahedron": 2154, "Healer of the Glade_SB": 963, "Tale's End_SB": 2149, "Ashiok, Wicked Manipulator": 117, "Dreams of Steel and Oil": 618, "Blood Baron of Vizkopa_SB": 211, "Elspeth Conquers Death_SB": 662, "Gisa, the Hellraiser_SB": 878, "Ride's End_SB": 1752, "Omen of the Sun": 1514, "Omen of the Sun_SB": 1515, "Enduring Courage": 687, "Beseech the Mirror_SB": 177, "Experimental Confectioner": 724, "Commence the Endgame_SB": 413, "Siphon Insight_SB": 1950, "Embercleave": 672, "Forbidden Friendship": 820, "Case of the Gateway Express_SB": 313, "Collective Effort_SB": 402, "Forge Devil_SB": 823, "Perilous Snare_SB": 1581, "Monastery Mentor": 1397, "Seeker of the Way_SB": 1870, "Redcap Melee": 1704, "Calix, Guided by Fate": 287, "Jukai Naturalist": 1109, "Royal Treatment": 1788, "Setessan Champion": 1884, "Spirited Companion": 2041, "Trapped in the Screen": 2303, "Virtue of Loyalty": 2419, "Weaver of Harmony": 2479, "Ghostly Dancers_SB": 867, "Trapped in the Screen_SB": 2304, "Carrot Cake": 303, "Day of Judgment": 501, "Lay Down Arms": 1212, "Ossification": 1534, "The Birth of Meletis": 2198, "Serra Paragon_SB": 1883, "Cryptolith Rite": 474, "Lightning Strike_SB": 1251, "Knockout Blow": 1176, "No More Lies_SB": 1474, "Bottomless Pool // Locker Room": 247, "Bottomless Pool // Locker Room_SB": 248, "Hidetsugu's Second Rite": 994, "Hidetsugu's Second Rite_SB": 995, "Nowhere to Run_SB": 1484, "Eidolon of Blossoms": 641, "Eidolon of Blossoms_SB": 642, "Seal from Existence_SB": 1856, "Serra Paragon": 1882, "Ob Nixilis, the Adversary": 1496, "Incubation Druid": 1045, "Interplanar Beacon": 1061, "Kaya the Inexorable": 1131, "Mistrise Village": 1385, "Nicol Bolas, Dragon-God": 1452, "Ral Zarek": 1662, "Sab-Sunen, Luxa Embodied": 1805, "Tamiyo, Field Researcher": 2153, "Vraska, Betrayal's Sting": 2451, "Kunoros, Hound of Athreos_SB": 1197, "Soulless Jailer_SB": 2018, "Qarsi Revenant": 1638, "Qarsi Revenant_SB": 1639, "Tersa Lightshatter": 2183, "Dragonfire Blade": 597, "Lavaspur Boots_SB": 1210, "Case of the Crimson Pulse": 310, "Cemetery Illuminator": 342, "Perilous Snare": 1580, "Muraganda Raceway": 1419, "Rakdos's Return_SB": 1660, "Descendant of Storms": 547, "Cease // Desist": 339, "Cram Session": 456, "Fell": 775, "Insatiable Avarice": 1052, "The Biblioplex": 2197, "Valgavoth's Onslaught": 2389, "Containment Breach_SB": 436, "Environmental Sciences_SB": 697, "Introduction to Annihilation_SB": 1068, "Mascot Exhibition_SB": 1340, "Pest Summoning_SB": 1584, "Umori, the Collector_SB": 2342, "March of Swirling Mist": 1329, "Mox Jasper": 1415, "Mistrise Village_SB": 1386, "Elspeth, Storm Slayer": 665, "The Book of Exalted Deeds": 2199, "The Irencrag": 2211, "United Battlefront": 2362, "Voice of Victory": 2433, "Wedding Announcement": 2482, "Sunder the Gateway_SB": 2104, "Voice of Victory_SB": 2434, "Desperate Measures": 550, "Caustic Exhale": 329, "Dispelling Exhale": 574, "Foul-Tongue Invocation": 828, "Marang River Regent": 1322, "Scavenger Regent": 1834, "Silumgar's Scorn": 1940, "Caustic Exhale_SB": 330, "Strategic Betrayal_SB": 2084, "Katilda, Dawnhart Prime": 1129, "Songcrafter Mage": 2002, "Three Tree City": 2253, "Militia Bugler_SB": 1371, "Cori-Steel Cutter_SB": 444, "Sunpearl Kirin": 2110, "Fracture_SB": 834, "Dragonskull Summit": 601, "Cori-Steel Cutter": 443, "Wild Ride": 2494, "Rot-Curse Rakshasa": 1782, "History of Benalia": 1001, "The Restoration of Eiganjo": 2221, "Jace, Vryn's Prodigy": 1091, "Strategic Betrayal": 2083, "Flashfreeze_SB": 802, "Chained to the Rocks": 348, "Treasure Map": 2311, "Archangel Elspeth": 97, "Pia Nalaar, Consul of Revival": 1593, "Reckless Impulse": 1693, "Wrenn's Resolve": 2528, "This Town Ain't Big Enough_SB": 2241, "Ascendant Spirit": 109, "Curious Obsession": 481, "Faceless Haven": 740, "Geistlight Snare": 856, "Shacklegeist": 1890, "Faceless Haven_SB": 741, "Westvale Abbey": 2490, "Banishing Slash": 154, "Of One Mind": 1503, "Collective Brutality_SB": 401, "Not on My Watch_SB": 1478, "Metamorphic Alteration": 1366, "Stormscale Scion": 2078, "Stormscale Scion_SB": 2079, "Gurmag Angler": 934, "Murderous Rider_SB": 1423, "Cori Mountain Monastery": 442, "Make Disappear": 1313, "Stormwing Entity": 2080, "Jaya, Fiery Negotiator": 1099, "United Battlefront_SB": 2363, "Fiend Artisan": 784, "Warden of the Grove": 2460, "Deputy of Detention_SB": 546, "Surrak, Elusive Hunter_SB": 2128, "Tyvar, the Pummeler_SB": 2333, "Icon of Ancestry": 1031, "Icon of Ancestry_SB": 1032, "Lofty Denial_SB": 1276, "Fire Prophecy": 794, "Ghostly Pilferer": 868, "Blue Sun's Twilight_SB": 228, "Cemetery Illuminator_SB": 343, "Slip Out the Back_SB": 1980, "White Sun's Twilight_SB": 2492, "Paradoxical Outcome_SB": 1564, "Break Out": 257, "Legion Loyalist": 1223, "Masked Vandal": 1341, "Fanatical Firebrand_SB": 754, "Gruul Charm_SB": 928, "Masked Vandal_SB": 1342, "Preacher of the Schism": 1621, "Vivien Reid_SB": 2427, "March of Wretched Sorrow_SB": 1332, "Scavenger's Talent_SB": 1836, "Ygra, Eater of All_SB": 2539, "Liliana, Death's Majesty": 1259, "Rakdos Joins Up": 1659, "Urgent Necropsy": 2383, "Runed Halo": 1798, "Shiko, Paragon of the Way": 1920, "Doorkeeper Thrull_SB": 589, "Decadent Dragon_SB": 518, "Undead Sprinter_SB": 2349, "Boros Reckoner": 241, "Elspeth, Storm Slayer_SB": 666, "Basri, Tomorrow's Champion": 162, "Mantis Rider": 1321, "Mardu Siegebreaker": 1333, "Kitesail Larcenist_SB": 1164, "Atarka's Command_SB": 123, "Craterhoof Behemoth": 458, "Sanguine Evangelist": 1821, "Crackling Drake": 452, "Phyrexian Obliterator": 1592, "Decisive Denial": 519, "Ebondeath, Dracolich": 639, "Ertai's Scorn": 703, "Horned Loch-Whale": 1014, "Rakshasa's Bargain": 1661, "Rewind": 1749, "Unwind": 2374, "Awaken the Honored Dead_SB": 139, "Deathmark_SB": 514, "Gaze of Granite_SB": 854, "Lutri, the Spellchaser_SB": 1299, "Shadows' Verdict_SB": 1892, "Specter's Shriek_SB": 2025, "Thrun, Breaker of Silence_SB": 2257, "Collected Company_SB": 399, "Abrade": 23, "Herald of Eternal Dawn_SB": 982, "Severance Priest": 1888, "Yathan Roadwatcher": 2536, "Selfless Savior": 1875, "Legion Angel": 1219, "Wojek Investigator": 2519, "Legion Angel_SB": 1220, "Apostle of Purifying Light_SB": 90, "Gladecover Scout": 882, "Light-Paws, Emperor's Voice": 1245, "Sixth Sense": 1954, "Ethereal Armor": 714, "All That Glitters": 61, "Audacity": 126, "Kaya's Ghostform": 1133, "Gryff's Boon": 929, "Sentinel's Eyes": 1880, "Hammerhand": 946, "Aqueous Form": 92, "Cartouche of Solidarity": 306, "Alpha Authority": 63, "Toadstool Admirer": 2278, "Long Goodbye": 1277, "Restless Vents": 1742, "Jeskai Revelation": 1101, "Stern Lesson": 2062, "Chained to the Rocks_SB": 349, "Connive // Concoct": 428, "Creative Outburst": 460, "Temple of Deceit": 2167, "Temple of Enlightenment": 2168, "Temple of Malice": 2171, "Temple of Silence": 2173, "Temple of Triumph": 2174, "Ray of Frost_SB": 1683, "Bontu's Last Reckoning_SB": 237, "Deafening Silence": 511, "Hardened Scales": 950, "Fiery Annihilation_SB": 785, "Dragonlord Silumgar": 600, "Painful Truths": 1559, "Search for Azcanta": 1859, "Supreme Will": 2122, "Contraband Kingpin_SB": 439, "Village Rites": 2413, "Llanowar Visionary": 1273, "Rampaging Ferocidon": 1669, "Stormchaser's Talent_SB": 2077, "Overlord of the Balemurk_SB": 1549, "Greedy Freebooter": 921, "Shambling Ghast": 1897, "Hangarback Walker": 947, "Marketback Walker": 1338, "Diabolic Intent": 560, "Scrapwork Mutt": 1849, "Gleaming Barrier": 885, "Liliana's Standard Bearer": 1258, "The Sibsig Ceremony": 2226, "Callous Bloodmage_SB": 289, "Friendly Teddy": 838, "Experiment One": 722, "Kitesail Freebooter_SB": 1162, "Muerra, Trash Tactician": 1416, "Cut // Ribbons": 484, "Dusk Legion Zealot": 635, "Markov Baron": 1339, "Patchwork Banner": 1569, "Soul Transfer": 2010, "Voldaren Thrillseeker": 2442, "Bedevil_SB": 172, "Champion of Dusk_SB": 352, "Deadly Dispute_SB": 508, "Soul Transfer_SB": 2011, "Devilish Valet": 556, "Runaway Steam-Kin": 1794, "Grinning Ignus": 925, "Birgi, God of Storytelling": 185, "Hazoret's Monument": 961, "Light Up the Night": 1241, "Cemetery Prowler_SB": 344, "Nissa, Steward of Elements_SB": 1465, "Kishla Village": 1160, "Robber of the Rich_SB": 1772, "Izzet Charm": 1087, "Crash Through": 457, "Ugin, Eye of the Storms": 2334, "Shadows' Verdict": 1891, "The Book of Exalted Deeds_SB": 2200, "Spring-Loaded Sawblades": 2046, "Dennick, Pious Apprentice_SB": 543, "Slaughter Games_SB": 1974, "Sokenzan, Crucible of Defiance_SB": 1998, "Baneslayer Angel_SB": 153, "Trelasarra, Moon Dancer": 2313, "Kaito Shizuki": 1114, "Silent Hallcreeper": 1939, "Ashiok, Nightmare Weaver_SB": 116, "Evolved Sleeper": 716, "Tenacious Underdog_SB": 2178, "Rediscover the Way": 1706, "Witherbloom Command_SB": 2511, "Balmor, Battlemage Captain": 148, "Sram, Senior Edificer": 2049, "Wizard's Retort_SB": 2517, "Shapers' Sanctuary": 1899, "Eidolon of Rhetoric_SB": 643, "Commit // Memory": 415, "Clever Lumimancer": 387, "Eldritch Evolution": 652, "Niv-Mizzet, Parun": 1469, "Sweltering Suns": 2133, "Katilda, Dawnhart Martyr_SB": 1128, "Omnath, Locus of the Roil": 1518, "Lilah, Undefeated Slickshot": 1255, "Tolsimir, Friend to Wolves_SB": 2282, "Blossoming Defense": 221, "Giant Growth": 870, "Heritage Reclamation_SB": 987, "Brimaz, King of Oreskos": 261, "Welcoming Vampire": 2486, "Intimidation Tactics": 1063, "Liliana, Dreadhorde General_SB": 1260, "Marang River Regent_SB": 1324, "Spirit-Sister's Call": 2039, "Bandit's Talent_SB": 150, "Fountainport Bell": 833, "Dreams of Steel and Oil_SB": 619, "Gonti, Lord of Luxury_SB": 909, "Frontline Rush": 839, "Mortify_SB": 1409, "Treasure Cruise_SB": 2310, "Strangle_SB": 2082, "Drake Hatcher": 602, "Canyon Slough": 297, "Captain Lannery Storm": 299, "Charming Scoundrel": 372, "Collector's Vault": 405, "Goldhound": 907, "Goldspan Dragon": 908, "Kalain, Reclusive Painter": 1118, "Marionette Master": 1336, "Reckless Fireweaver": 1692, "Sticky Fingers": 2063, "Treasure Vault": 2312, "Vraska's Contempt": 2450, "Karn, Scion of Urza_SB": 1125, "Moment of Craving_SB": 1394, "Ratchet Bomb_SB": 1675, "Unlicensed Disintegration_SB": 2364, "Eshki Dragonclaw": 705, "Herd Heirloom": 984, "Rhonas the Indomitable": 1750, "The Huntsman's Redemption": 2210, "Stubborn Denial_SB": 2091, "Quicken": 1648, "Amonkhet Raceway": 68, "The Speed Demon": 2227, "Seal from Existence": 1855, "Shore Up": 1927, "Aetherflux Reservoir_SB": 46, "Shore Up_SB": 1928, "Illness in the Ranks_SB": 1036, "Phyrexian Arena_SB": 1587, "Abbot of Keral Keep": 19, "Anax, Hardened in the Forge": 70, "Incendiary Flow": 1044, "Invigorated Rampage": 1076, "Rimrock Knight": 1754, "Shock": 1923, "Torbran, Thane of Red Fell": 2285, "Wild Slash": 2495, "Dire Fleet Daredevil_SB": 564, "Flame-Blessed Bolt_SB": 800, "Sword of Once and Future_SB": 2139, "Magebane Lizard": 1307, "Virulent Plague_SB": 2423, "Snow-Covered Plains": 1993, "Sunset Revelry": 2113, "Unexpected Windfall": 2356, "Worldspine Wurm": 2525, "Xenagos, God of Revels": 2530, "Arboreal Grazer_SB": 96, "Herald of Eternal Dawn": 981, "Skrelv's Hive": 1958, "Vaultborn Tyrant_SB": 2407, "Defabricate_SB": 527, "Collector's Cage_SB": 404, "Dromoka's Command": 624, "Elite Spellbinder": 659, "Ajani, Strength of the Pride": 57, "Plargg, Dean of Chaos": 1604, "Reluctant Role Model": 1721, "Hushbringer_SB": 1026, "Ureni, the Song Unending": 2381, "Dire Tactics": 565, "Order of Midnight": 1531, "Duelist of the Mind": 631, "Portent of Calamity": 1619, "Extraordinary Journey": 734, "Concerted Defense_SB": 423, "Rapid Hybridization_SB": 1674, "Hooting Mandrills": 1007, "Jin-Gitaxias, Progress Tyrant_SB": 1104, "Smuggler's Surprise_SB": 1986, "Toxrill, the Corrosive_SB": 2296, "Doom Whisperer_SB": 587, "Razorkin Needlehead": 1685, "Virtue of Courage": 2418, "Ball Lightning": 147, "Scytheclaw Raptor_SB": 1852, "Evangel of Synthesis": 715, "Invasion of Ergamon": 1069, "Cathartic Reunion": 325, "Ancient Imperiosaur": 74, "Gastal Thrillroller_SB": 851, "Awaken the Honored Dead": 138, "Ghostly Dancers": 866, "Heliod, the Radiant Dawn_SB": 976, "Dispel_SB": 573, "Chandra, Hope's Beacon": 363, "Obscura Storefront": 1500, "Disfigure_SB": 571, "Feed the Swarm": 772, "Blue Sun's Twilight": 227, "Conduit Pylons": 425, "Ipnu Rivulet": 1079, "Outcaster Greenblade": 1541, "Voltage Surge": 2445, "Fae of Wishes_SB": 746, "Koth, Fire of Resistance_SB": 1184, "Anger of the Gods": 76, "Brass Knuckles": 251, "Fabrication Foundry": 739, "Metalwork Colossus": 1365, "Sanctum of Ugin": 1818, "Wedding Invitation": 2484, "Glass Casket_SB": 883, "Repurposing Bay_SB": 1729, "Drake Hatcher_SB": 603, "Soulflayer": 2016, "Zetalpa, Primal Dawn": 2553, "Striped Riverwinder": 2088, "Urborg Scavengers": 2379, "Oracle of Tragedy": 1530, "Gurmag Nightwatch": 935, "Ashen Rider": 111, "Baleful Mastery": 146, "Agonizing Remorse_SB": 55, "Repel the Abominable": 1725, "Invasion of Gobakhan": 1070, "Repel the Abominable_SB": 1726, "Secrets of the Key": 1866, "Slaughter Singer": 1975, "Venerated Rotpriest": 2410, "The Seedcore": 2225, "Crawling Chorus": 459, "Annex Sentry": 81, "Bloated Contaminator": 209, "Jawbone Duelist": 1097, "Overprotect": 1554, "Ajani, Sleeper Agent_SB": 56, "Phyrexian Censor_SB": 1589, "Tyvar's Stand_SB": 2330, "Annex Sentry_SB": 82, "Melira, the Living Cure_SB": 1354, "Hallowed Moonlight_SB": 944, "Selfless Spirit_SB": 1877, "Vineglimmer Snarl": 2414, "Port Town": 1612, "Mystic Reflection": 1427, "Heroic Intervention": 989, "Emergence Zone": 675, "Augmenter Pugilist": 127, "Augur of Autumn": 128, "Simic Charm": 1945, "Fortified Village": 827, "Biovisionary": 184, "Repudiate // Replicate_SB": 1727, "Chord of Calling_SB": 374, "Baird, Steward of Argive_SB": 144, "Glorybringer": 894, "Scavenging Ooze": 1837, "Mizzium Mortars": 1387, "Cartouche of Zeal": 308, "Skylasher_SB": 1969, "Not on My Watch": 1477, "Scattered Thoughts": 1833, "Nature's Rhythm": 1443, "Dryad's Revival": 630, "Mabel, Heir to Cragflame_SB": 1301, "Atraxa, Grand Unifier_SB": 125, "Wear Down_SB": 2477, "Slagstorm_SB": 1973, "Stern Dismissal_SB": 2061, "Niv-Mizzet, Visionary_SB": 1472, "Despark_SB": 549, "Dennick, Pious Apprentice": 542, "Angrath, the Flame-Chained_SB": 78, "Hornet Queen": 1016, "Ojer Taq, Deepest Foundation": 1507, "Ritual of Soot_SB": 1763, "Dark Petition_SB": 493, "Vampires' Vengeance_SB": 2402, "March of Wretched Sorrow": 1331, "Unlucky Witness": 2367, "Pyroclasm": 1636, "Heliod's Pilgrim_SB": 973, "Kaya's Ghostform_SB": 1134, "Skrelv, Defector Mite_SB": 1960, "Lord Skitter, Sewer King": 1285, "Aclazotz, Deepest Betrayal_SB": 32, "Tomik, Distinguished Advokist_SB": 2284, "Hearth Elemental": 966, "Sanguine Evangelist_SB": 1822, "Spirit-Sister's Call_SB": 2040, "Demonic Counsel": 539, "Consuming Fervor": 435, "Aetherflux Reservoir": 45, "Summary Dismissal_SB": 2096, "Mountain_SB": 1412, "Portal to Phyrexia": 1617, "Ovalchase Daredevil": 1545, "Inscribed Tablet": 1053, "Scourge of the Skyclaves": 1843, "Warlock Class": 2462, "Lich-Knights' Conquest": 1238, "Silent Gravestone_SB": 1938, "Ulcerate_SB": 2338, "Kaervek, the Spiteful_SB": 1112, "Smoldering Egg": 1982, "Lamplight Phoenix_SB": 1204, "Rune of Might": 1796, "Voice of Resurgence_SB": 2432, "Can't Stay Away_SB": 295, "Feldon, Ronom Excavator": 774, "Infuriate_SB": 1049, "Wandering Mind": 2458, "Disenchant_SB": 570, "Candy Trail": 296, "Colossal Skyturtle": 408, "Mirrorshell Crab": 1376, "Teferi, Who Slows the Sunset": 2164, "Chaos Wand_SB": 370, "Dissection Tools_SB": 578, "Jace, the Perfected Mind_SB": 1095, "Zirda, the Dawnwaker_SB": 2556, "Recommission_SB": 1702, "Abbot of Keral Keep_SB": 20, "Clarion Conqueror_SB": 383, "Rabbit Battery": 1651, "Faerie Dreamthief": 747, "Helping Hand": 977, "Steamcore Scholar": 2058, "Winternight Stories": 2504, "Defabricate": 526, "Immortal Phoenix_SB": 1039, "Seasons Past": 1864, "Cunning Coyote_SB": 480, "Yuna, Hope of Spira": 2545, "Blisterpod": 205, "Cartel Aristocrat": 305, "Rally the Ancestors": 1667, "Sephiroth, Fabled SOLDIER": 1881, "Starting Town": 2055, "Heliod, Sun-Crowned_SB": 974, "Ruthless Lawbringer_SB": 1803, "Joshua, Phoenix's Dominant": 1107, "Lightwheel Enhancements": 1254, "Abuelo's Awakening": 29, "Summon: Knights of Round": 2098, "Dark Confidant_SB": 491, "Kroxa and Kunoros": 1191, "Terra, Magical Adept": 2180, "Vivi Ornitier": 2425, "Demon Wall": 537, "Eiganjo, Seat of the Empire_SB": 647, "Vivi Ornitier_SB": 2426, "Unflinching Courage": 2357, "Unflinching Courage_SB": 2358, "Ishgard, the Holy See": 1083, "Fire Magic_SB": 793, "Twinmaw Stormbrood_SB": 2323, "Crumbling Vestige": 465, "Echoing Deeps": 640, "Glimpse the Core": 888, "Hour of Promise": 1022, "Scapeshift": 1831, "The Wandering Minstrel": 2232, "Kura, the Boundless Sky_SB": 1198, "Maelstrom of the Spirit Dragon_SB": 1305, "Surrak, Elusive Hunter": 2127, "Esper Origins": 708, "Cecil, Dark Knight": 341, "Dark Confidant": 490, "Gix, Yawgmoth Praetor": 880, "Vren, the Relentless_SB": 2454, "Opera Love Song": 1524, "Toski, Bearer of Secrets_SB": 2293, "Bloodsoaked Champion": 218, "Kitesail Freebooter": 1161, "Lantern Scout_SB": 1207, "Sin Collector_SB": 1947, "Cryptcaller Chariot": 470, "Hostile Investigator_SB": 1021, "Furnace Reins_SB": 844, "Market Gnome": 1337, "Ancient Adamantoise": 72, "Tinybones, the Pickpocket": 2268, "Buster Sword": 280, "Freya Crescent": 837, "Smitten Swordmaster": 1981, "Monastery Swiftspear_SB": 1399, "Summon: Leviathan": 2099, "Quicken_SB": 1649, "Alesha, Who Laughs at Fate": 60, "Zack Fair": 2548, "Staggering Insight": 2051, "Sporogenic Infection_SB": 2045, "Tocasia's Welcome": 2279, "Bile Blight": 181, "Ruthless Negotiation_SB": 1804, "Al Bhed Salvagers": 59, "Fleeting Spirit": 805, "Saiba Cryptomancer": 1812, "Warbriar Blessing": 2459, "Wilt-Leaf Liege_SB": 2500, "Demolition Field_SB": 536, "The Raven Man": 2219, "Glistening Deluge_SB": 892, "Gryff's Boon_SB": 930, "Rune of Sustenance_SB": 1797, "Disturbing Mirth": 579, "Rite of Oblivion_SB": 1761, "Runed Halo_SB": 1799, "Doomsday Excruciator_SB": 588, "Cloud of Darkness_SB": 393, "Outrageous Robbery_SB": 1544, "Rain of Revelation": 1657, "Ultima": 2339, "Shatter the Sky_SB": 1905, "Saiba Cryptomancer_SB": 1813, "Lindblum, Industrial Regency": 1263, "Sphinx's Tutelage": 2033, "The Water Crystal": 2234, "Eject_SB": 648, "Lindblum, Industrial Regency_SB": 1264, "Ureni, the Song Unending_SB": 2382, "Blossoming Defense_SB": 222, "Cerulean Drake_SB": 347, "Cloud, Midgar Mercenary": 394, "Machinist's Arsenal": 1302, "Paladin's Arms": 1561, "Raubahn, Bull of Ala Mhigo": 1677, "Angel of Serenity": 75, "Hinterland Harbor": 999, "Hullbreaker Horror": 1024, "Titan of Industry_SB": 2274, "Search for Azcanta_SB": 1860, "Emet-Selch, Unsundered": 679, "Lazav, the Multifarious": 1214, "Valentin, Dean of the Vein": 2387, "Bonders' Enclave": 233, "Nissa's Pilgrimage": 1461, "Ulamog, the Ceaseless Hunger": 2337, "Old-Growth Troll_SB": 1509, "Banefire_SB": 152, "Astrologian's Planisphere": 121, "Camellia, the Seedmiser_SB": 293, "Insidious Fungus_SB": 1056, "Massacre Girl_SB": 1343, "Trail of Crumbs_SB": 2298, "Webstrike Elite_SB": 2481, "Restoration Magic_SB": 1743, "Staggering Insight_SB": 2052, "Plumecreed Escort": 1608, "Sunscorched Desert": 2112, "Anim Pakal, Thousandth Moon": 80, "Embercleave_SB": 673, "Kefka, Court Mage": 1144, "Mox Amber_SB": 1414, "Retraction Helix_SB": 1745, "Exsanguinate": 729, "Hedge Shredder": 970, "Genesis Wave": 857, "Return the Favor_SB": 1746, "Kogla and Yidaro_SB": 1178, "Revival // Revenge": 1748, "Vampire Socialite": 2399, "Legion Lieutenant": 1222, "Vito, Thorn of the Dusk Rose": 2424, "Vampire of the Dire Moon": 2400, "Voldaren Bloodcaster_SB": 2440, "Florian, Voldaren Scion_SB": 812, "Stingerback Terror": 2064, "Mistbreath Elder": 1384, "Lightning, Army of One": 1252, "Isareth the Awakener": 1082, "Urza's Ruinous Blast": 2384, "Venat, Heart of Hydaelyn": 2408, "Liliana, the Last Hope": 1261, "Didn't Say Please": 561, "Ruin Crab": 1792, "Merfolk Windrobber": 1362, "Essence Scatter": 711, "Into the Story": 1067, "Field of Ruin_SB": 783, "Rush of Adrenaline": 1801, "Channeled Dragonfire": 369, "Stadium Headliner": 2050, "Roil Eruption": 1777, "Reckless Lackey": 1694, "Founding the Third Path": 830, "No One Left Behind": 1475, "Thassa's Oracle": 2191, "Riverchurn Monument_SB": 1764, "Heritage Reclamation": 986, "Divine Smite_SB": 582, "Roiling Dragonstorm": 1778, "Chandra, Dressed to Kill": 360, "End the Festivities": 685, "Raze the Effigy_SB": 1684, "Midgar, City of Mako": 1368, "Goblin Chainwhirler": 900, "Leyline of Combustion_SB": 1229, "Sorceress's Schemes": 2003, "Halvar, God of Battle_SB": 945, "Unexpected Request_SB": 2354, "Binding the Old Gods": 182, "Tireless Tracker": 2269, "Jaddi Offshoot_SB": 1096, "Linvala, the Preserver_SB": 1267, "Ertai Resurrected": 701, "Disdainful Stroke": 568, "Scatter Ray": 1832, "Refute": 1711, "Sinister Sabotage": 1949, "Cornered by Black Mages": 445, "Sunken Hollow": 2109, "Eliminate_SB": 658, "Cry of the Carnarium_SB": 467, "Enter the God-Eternals_SB": 695, "Lotleth Troll": 1287, "Nullhide Ferox": 1487, "Samut, Voice of Dissent": 1816, "Smuggler's Surprise": 1985, "Speaker of the Heavens": 2024, "Delney, Streetwise Lookout": 530, "Leyline of Transformation": 1233, "Forest_SB": 822, "Storm Herald_SB": 2072, "Cartouche of Solidarity_SB": 307, "Osteomancer Adept": 1536, "Snarling Gorehound": 1989, "Deep-Cavern Bat_SB": 524, "Scavenging Ooze_SB": 1838, "The Wandering Minstrel_SB": 2233, "Absorb": 28, "Void Rend": 2436, "Haunted Dead": 953, "Driven // Despair": 621, "Quag Feast_SB": 1641, "Thunder Magic_SB": 2260, "Storm Herald": 2071, "Disruptive Stormbrood": 576, "Burning Anger": 273, "Colossification": 410, "Auroral Procession": 131, "Omnath, Locus of Creation_SB": 1517, "Coveted Falcon": 451, "Jidoor, Aristocratic Capital": 1103, "Capital City": 298, "Sin, Spira's Punishment": 1948, "Ugin, the Spirit Dragon": 2335, "Forsaken Monument": 825, "Wastes": 2469, "Haven of the Spirit Dragon": 955, "Crystal Grotto": 476, "Warping Wail": 2463, "The Celestus": 2201, "Adventurer's Inn": 38, "Patchwork Automaton_SB": 1568, "Mazemind Tome_SB": 1351, "Thought-Knot Seer_SB": 2245, "Languish": 1205, "Ritual of Soot": 1762, "Drag the Canal_SB": 595, "Dwarven Mine": 637, "Dragon Fodder": 596, "Hordeling Outburst": 1013, "Lukka, Coppercoat Outcast": 1293, "Satyr's Cunning": 1826, "Ral's Reinforcements": 1663, "Song of Totentanz": 2001, "Cavalcade of Calamity_SB": 332, "Impact Tremors_SB": 1041, "Mechanized Warfare_SB": 1352, "Torbran, Thane of Red Fell_SB": 2286, "Snow-Covered Swamp_SB": 1995, "Shattered Sanctum_SB": 1907, "Concealed Courtyard_SB": 421, "Shadowy Backstreet_SB": 1896, "Doom Foretold_SB": 586, "Hopeful Vigil_SB": 1011, "(THB) 117_SB": 15, "(DMU) 244_SB": 4, "(WOE) 95_SB": 18, "(M20) 94_SB": 10, "(SLD) 325_SB": 13, "(BRO) 16_SB": 1, "(STX) 72_SB": 14, "(FDN) 704_SB": 7, "(BLB) 83_SB": 0, "(OTJ) 108_SB": 12, "(BRO) 26_SB": 2, "(WOE) 29_SB": 17, "(DAR) 213_SB": 3, "(KLR) 84_SB": 8, "(LCI) 128_SB": 9, "(DSK) 111_SB": 5, "(MID) 112_SB": 11, "(THB) 121_SB": 16, "(FDN) 137_SB": 6, "Resolute Strike": 1733, "Great Arashin City": 919, "Nissa, Voice of Zendikar_SB": 1466, "Elvish Archivist": 668, "Touch the Spirit Realm_SB": 2295, "Tormod's Crypt": 2289, "Saheeli, Filigree Master_SB": 1808, "March of Otherworldly Light_SB": 1328, "Self-Destruct": 1873, "Misery's Shadow_SB": 1379, "Stormcarved Coast_SB": 2075, "Undead Butler": 2348, "Willow Geist": 2498, "The Aetherspark": 2193, "Curse of Silence_SB": 483, "Miscast_SB": 1378, "Matoya, Archon Elder_SB": 1345, "Blossoming Tortoise": 223, "Blossoming Tortoise_SB": 224, "Summon: Leviathan_SB": 2100, "Aether Channeler": 41, "Aether Channeler_SB": 42, "Leyline of Transformation_SB": 1234, "Ulvenwald Oddity_SB": 2341, "Dread Presence": 607, "Cyclonic Rift_SB": 487, "Sultai Charm_SB": 2095, "Bartolom\u00e9 del Presidio": 159, "Zulaport Cutthroat": 2559, "Kinnan, Bonder Prodigy": 1156, "Buster Sword_SB": 281, "The Aetherspark_SB": 2194, "Cloudsteel Kirin_SB": 397, "Kenrith's Transformation_SB": 1149, "Wolfwillow Haven_SB": 2521, "Questing Beast_SB": 1644, "Magic Damper": 1309, "Magic Damper_SB": 1310, "Valley Questcaller": 2397, "Choco, Seeker of Paradise": 373, "Sazh's Chocobo": 1830, "Traveling Chocobo": 2305, "Sazh Katzroy": 1829, "Cloudfin Raptor": 396, "Bartz and Boko": 160, "Dazzling Denial": 504, "Ambrosia Whiteheart": 67, "Aven Mindcensor_SB": 136, "Waker of Waves": 2455, "Discovery // Dispersal": 567, "Consecrate // Consume_SB": 429, "Reduce // Rubble_SB": 1708, "Fleeting Spirit_SB": 806, "Knight of Dusk's Shadow_SB": 1170, "Felothar, Dawn of the Abzan": 778, "Skirmish Rhino": 1957, "Sandsteppe Citadel": 1819, "Blitz of the Thunder-Raptor_SB": 207, "Marang River Regent // Coil and Catch": 1323, "Zirda, the Dawnwaker": 2555, "Xenagos, the Reveler": 2532, "Svella, Ice Shaper": 2129, "Collision // Colossus_SB": 407, "Lukka, Bound to Ruin_SB": 1292, "Aether Hub": 44, "Power Word Kill": 1620, "Filter Out_SB": 791, "Rebel Salvo": 1689, "Nahiri, Heir of the Ancients_SB": 1432, "Dreams of Laguna": 617, "Whir of Invention_SB": 2491, "Peerless Recycling_SB": 1578, "Fateful Absence": 759, "Joust Through_SB": 1108, "Brimaz, King of Oreskos_SB": 262, "Regal Caracal_SB": 1713, "Thunder Magic": 2259, "Absolute Virtue_SB": 27, "Mystic Sanctuary": 1429, "Broken Bond_SB": 264, "Fire Prophecy_SB": 795, "Lush Oasis": 1297, "Mirrorpool": 1375, "Cloud, Midgar Mercenary_SB": 395, "Fire Magic": 792, "Mirrorshell Crab_SB": 1377, "Vanquish the Horde_SB": 2405, "Moment of Craving": 1393, "Commune with Beavers": 417, "Blitz of the Thunder-Raptor": 206, "Ephara's Dispersal": 698, "Vraska, Golgari Queen_SB": 2453, "Seed of Hope": 1868, "Thrilling Discovery": 2255, "Cavern of Souls_SB": 337, "Yuna, Hope of Spira_SB": 2546, "Lazotep Plating": 1215, "Ochre Jelly": 1502, "The Ozolith": 2218, "Botanical Brawler": 245, "Kutzil, Malamet Exemplar": 1201, "Conclave Mentor": 424, "Pelt Collector": 1579, "Fight as One_SB": 789, "Garruk's Harbinger_SB": 849, "Patchwork Beastie": 1570, "Wildfire Wickerfolk": 2497, "Beastie Beatdown": 170, "Ogre-Head Helm": 1504, "Violent Urge": 2416, "Summon: Primal Odin": 2101, "Unexpected Request": 2353, "Caelorna, Coral Tyrant_SB": 285, "Fade from History_SB": 742, "Return to Nature_SB": 1747, "Skyreaping_SB": 1970, "Ezrim, Agency Chief_SB": 735, "Axgard Armory": 140, "Invasive Surgery_SB": 1074, "Cryptcaller Chariot_SB": 471, "Bramble Familiar": 249, "Make Your Own Luck": 1315, "One with the Multiverse": 1521, "Overwhelming Splendor": 1556, "Unexpected Results": 2355, "Flowstone Infusion_SB": 815, "Den of the Bugbear_SB": 541, "Sorcerous Spyglass_SB": 2004, "Tail Swipe": 2144, "Wildborn Preserver": 2496, "Drogskol Reaver": 623, "Cragplate Baloth": 455, "Fleetfoot Dancer": 804, "Disruptive Stormbrood_SB": 577, "The Last Ride": 2212, "Warrant // Warden_SB": 2465, "Reinforced Ronin": 1717, "Showdown of the Skalds": 1929, "Blink of an Eye_SB": 204, "Ashaya, Soul of the Wild": 110, "Elvish Reclaimer": 670, "Green Sun's Twilight": 922, "Implement of Combustion": 1042, "Oni-Cult Anvil": 1522, "Weapons Manufacturing": 2474, "Mayhem Devil_SB": 1349, "Tarrian's Journal_SB": 2156, "Hollow One": 1004, "Hemosymbic Mite": 978, "Seam Rip": 1857, "Seam Rip_SB": 1858, "Pinnacle Starcage_SB": 1598, "Ephara's Dispersal_SB": 699, "Kavaron Harrier": 1130, "Nutrient Block": 1490, "Biotech Specialist": 183, "Tifa Lockhart": 2265, "Vivien, Arkbow Ranger": 2428, "Wakeroot Elemental_SB": 2457, "Coruscation Mage_SB": 446, "Rust Goliath": 1802, "Grab the Prize": 911, "Thrill of Possibility": 2254, "Fling": 808, "Mishra, Tamer of Mak Fawa": 1382, "Artificer's Dragon": 107, "Mishra, Excavation Prodigy_SB": 1381, "Shock_SB": 1924, "Insult // Injury_SB": 1060, "Chandra, Flame's Fury": 362, "Chandra's Spitfire": 357, "Unchained Berserker": 2345, "Ember Hauler": 671, "Drakuseth, Maw of Flames": 604, "Cavalcade of Calamity": 331, "Arni Brokenbrow": 106, "Scorch Spitter": 1839, "The Flame of Keld": 2208, "Chandra's Flame Wave": 356, "Sulfur Falls": 2093, "Strategic Planning": 2085, "Siege Veteran": 1934, "Yotian Frontliner": 2542, "Harbin, Vanguard Aviator": 949, "Myrel, Shield of Argive": 1426, "Valiant Veteran": 2392, "Protect the Negotiators_SB": 1633, "Ertai Resurrected_SB": 702, "Haliya, Guided by Light": 940, "Sanctify_SB": 1817, "Valki, God of Lies_SB": 2394, "Consult the Star Charts": 434, "Icetill Explorer": 1029, "Aetherize_SB": 47, "Icetill Explorer_SB": 1030, "Weftwalking": 2485, "Herald of Anguish": 980, "Mishra's Research Desk": 1380, "Sunset Saboteur": 2115, "Malicious Eclipse_SB": 1318, "Adventurer's Inn_SB": 39, "Otawara, Soaring City_SB": 1538, "Pit of Offerings_SB": 1599, "Cryogen Relic": 468, "Confounding Conundrum_SB": 426, "Annul": 83, "Skycat Sovereign_SB": 1963, "Kazandu Mammoth": 1140, "Aurelia's Vindicator": 130, "Fall of the Thran": 751, "Hope of Ghirapur": 1008, "Remorseful Cleric": 1722, "Hope of Ghirapur_SB": 1009, "Knight of the White Orchid_SB": 1174, "Archenemy's Charm": 99, "Shattering Blow_SB": 1908, "Ral, Crackling Wit": 1664, "Reroute Systems": 1731, "Emry, Lurker of the Loch": 683, "Jeskai Ascendancy": 1100, "Restless Spire": 1741, "Saheeli, Sublime Artificer": 1809, "Rally the Monastery_SB": 1668, "Valley Floodcaller_SB": 2396, "Stonebinder's Familiar": 2069, "Symmetry Sage": 2143, "Plains_SB": 1603, "Demand Answers": 532, "Nova Hellkite_SB": 1481, "Elixir": 661, "Pithing Needle": 1600, "Tezzeret, Cruel Captain": 2185, "The Gold Saucer": 2209, "Voyage Home": 2447, "Carrot Cake_SB": 304, "Sai, Master Thopterist_SB": 1811, "Stonecoil Serpent_SB": 2070, "Cosmogoyf": 447, "Seedship Broodtender": 1869, "Severance Priest_SB": 1889, "Quantum Riddler": 1642, "Disruption Protocol": 575, "Monstrous Rage_SB": 1402, "Suplex_SB": 2118, "Louisoix's Sacrifice": 1290, "Cosmogrand Zenith_SB": 449, "Isolate_SB": 1085, "Delney, Streetwise Lookout_SB": 531, "Cascading Cataracts": 309, "The Rollercrusher Ride": 2222, "Devastating Mastery": 555, "Nahiri, the Unforgiving": 1435, "Twinmaw Stormbrood": 2322, "Opera Love Song_SB": 1525, "Timeline Culler": 2266, "Nova Hellkite": 1480, "Halana and Alena, Partners": 939, "The Dominion Bracelet_SB": 2202, "Cosmogrand Zenith": 448, "Lightstall Inquisitor": 1253, "Wear Down": 2476, "Wingspan Stride": 2503, "Opulent Palace": 1529, "Seeker's Folly": 1871, "Summon: Fenrir": 2097, "Dismal Backwater": 572, "Hero's Downfall": 988, "Temple of Malady": 2170, "Kotis, the Fangkeeper": 1185, "Jungle Hollow": 1110, "Blitzball Shot_SB": 208, "Dauntless Scrapbot_SB": 499, "Fell_SB": 776, "Unsummon_SB": 2372, "Urabrask, Heretic Praetor": 2378, "Soulless Jailer": 2017, "Shatterskull Smashing": 1909, "The Eternal Wanderer": 2206, "Drannith Magistrate": 605, "Surgical Skullbomb": 2126, "Pinnacle Emissary": 1597}}