{"vocabulary": {"Anointed Peacekeeper": 85, "Archon of Emeria": 103, "Aven Interrupter": 133, "Branchloft Pathway": 245, "Brushland": 262, "Collected Company": 392, "Eiganjo, Seat of the Empire": 627, "Elvish Mystic": 650, "Enduring Innocence": 669, "Kellan, Daring Traveler": 1111, "Llanowar Elves": 1239, "Plains": 1548, "Razorverge Thicket": 1631, "Shefet Dunes": 1849, "Skyclave Apparition": 1901, "Temple Garden": 2091, "Thalia, Guardian of Thraben": 2110, "Voice of Resurgence": 2342, "Werefox Bodyguard": 2393, "Anointed Peacekeeper_SB": 86, "Brutal Cathar_SB": 264, "Elite Spellbinder_SB": 642, "Portable Hole_SB": 1561, "Rest in Peace_SB": 1673, "Werefox Bodyguard_SB": 2394, "Adarkar Wastes": 35, "Brazen Borrower": 250, "Enduring Curiosity": 667, "Hallowed Fountain": 913, "Hengegate Pathway": 949, "Island": 1051, "Mausoleum Wanderer": 1309, "Mockingbird": 1348, "Mutavault": 1384, "No More Lies": 1431, "Otawara, Soaring City": 1489, "Rattlechains": 1620, "Seachrome Coast": 1792, "Shacklegeist": 1827, "Sheltered by Ghosts": 1851, "Slip Out the Back": 1916, "Spell Pierce": 1962, "Spell Queller": 1964, "Supreme Phantom": 2047, "The Wandering Emperor": 2144, "Damping Sphere_SB": 471, "Disdainful Stroke_SB": 552, "Split Up_SB": 1978, "Get Lost_SB": 828, "Tocasia's Welcome_SB": 2192, "Wedding Announcement_SB": 2389, "Get Lost": 827, "Change the Equation": 358, "Dovin's Veto": 575, "Farewell": 732, "Temporary Lockdown": 2098, "Omen of the Sea": 1468, "March of Otherworldly Light": 1289, "Memory Deluge": 1317, "Teferi, Hero of Dominaria": 2088, "Narset, Parter of Veils": 1396, "Supreme Verdict": 2048, "Settle the Wreckage": 1824, "Three Steps Ahead": 2168, "Shark Typhoon": 1841, "Deserted Beach": 529, "Restless Anchorage": 1674, "Sunken Citadel": 2038, "Fountainport": 801, "Hall of Storm Giants": 912, "Castle Vantress": 313, "Field of Ruin": 756, "Meticulous Archive": 1330, "Floodfarm Verge": 778, "Shark Typhoon_SB": 1842, "Dovin's Veto_SB": 576, "Beza, the Bounding Spring_SB": 178, "Yorion, Sky Nomad_SB": 2442, "Farewell_SB": 733, "High Noon_SB": 965, "Unlicensed Hearse_SB": 2279, "Chrome Host Seedshark_SB": 367, "Hullbreaker Horror_SB": 992, "Monastery Swiftspear": 1358, "Soul-Scar Mage": 1950, "Slickshot Show-Off": 1914, "Boltwave": 226, "Skewer the Critics": 1894, "Light Up the Stage": 1208, "Burst Lightning": 271, "Boros Charm": 237, "Lightning Helix": 1214, "Monstrous Rage": 1360, "Kumano Faces Kakkazan": 1158, "Sacred Foundry": 1747, "Inspiring Vantage": 1028, "Battlefield Forge": 165, "Needleverge Pathway": 1404, "Ramunap Ruins": 1616, "Mountain": 1371, "Sokenzan, Crucible of Defiance": 1934, "Den of the Bugbear": 522, "Lightning Helix_SB": 1215, "Deflecting Palm_SB": 513, "Case of the Crimson Pulse_SB": 303, "Screaming Nemesis_SB": 1788, "Magebane Lizard_SB": 1275, "Case of the Gateway Express": 304, "Giant Killer": 839, "Gleeful Demolition": 857, "Imodane's Recruiter": 1007, "Knight-Errant of Eos": 1138, "Novice Inspector": 1438, "Resolute Reinforcements": 1670, "Thraben Inspector": 2165, "Venerated Loxodon": 2321, "Voldaren Epicure": 2352, "Warden of the Inner Sky": 2370, "Containment Priest_SB": 426, "Deafening Silence_SB": 495, "Invasion of Gobakhan_SB": 1039, "Reidane, God of the Worthy_SB": 1657, "Sheltered by Ghosts_SB": 1852, "Deduce": 506, "Portable Hole": 1560, "Commit // Memory": 409, "Mystical Dispute_SB": 1389, "Elspeth's Smite_SB": 645, "Aether Gust_SB": 43, "Narset's Reversal_SB": 1395, "Kaheera, the Orphanguard_SB": 1080, "Mayhem Devil": 1311, "Cauldron Familiar": 319, "Scavenger's Talent": 1772, "Blazemire Verge": 199, "Fatal Push": 734, "Bloodtithe Harvester": 216, "Blightstep Pathway": 203, "Blackcleave Cliffs": 191, "Torch the Tower": 2199, "Witch's Oven": 2408, "Blood Crypt": 208, "Deadly Dispute": 490, "Fable of the Mirror-Breaker": 714, "Ygra, Eater of All": 2439, "Legion Extruder": 1184, "Blooming Marsh": 217, "Overgrown Tomb": 1498, "Swamp": 2056, "Haywire Mite_SB": 928, "Ob Nixilis, the Adversary_SB": 1452, "Leyline of the Void_SB": 1201, "Thoughtseize_SB": 2163, "Path of Peril_SB": 1523, "Blot Out_SB": 223, "Sheoldred's Edict_SB": 1854, "Torch the Tower_SB": 2200, "Atraxa, Grand Unifier": 123, "Steam Vents": 1992, "Indomitable Creativity": 1014, "Prismari Command": 1569, "Thundering Falls": 2176, "Valgavoth, Terror Eater": 2303, "Negate": 1405, "Transmogrify": 2214, "Fiery Impulse": 760, "Make Disappear": 1279, "Flip the Switch": 777, "Riverglide Pathway": 1703, "Stormcarved Coast": 2007, "Spirebluff Canal": 1973, "Mirrex": 1337, "Shivan Reef": 1861, "Volcanic Spite": 2350, "Narset, Parter of Veils_SB": 1397, "Valgavoth, Terror Eater_SB": 2304, "Unable to Scream_SB": 2257, "Rending Volley_SB": 1663, "Fiery Impulse_SB": 761, "Negate_SB": 1406, "Portal to Phyrexia_SB": 1564, "Hushwood Verge": 996, "Guardian of Faith_SB": 904, "Glorious Protector_SB": 864, "Ghitu Lavarunner": 832, "Play with Fire": 1551, "Spikefield Hazard": 1969, "Wizard's Lightning": 2418, "Rampaging Ferocidon_SB": 1614, "Sunspine Lynx_SB": 2046, "Kari Zev's Expertise_SB": 1091, "Roiling Vortex_SB": 1719, "Hazoret the Fervent_SB": 931, "End the Festivities_SB": 665, "Goblin Chainwhirler_SB": 873, "Redcap Melee_SB": 1648, "Witchstalker Frenzy_SB": 2410, "Nowhere to Run": 1439, "Leyline Binding": 1191, "Up the Beanstalk": 2287, "Vanishing Verse": 2315, "Enigmatic Incarnation": 673, "Kutzil's Flanker": 1163, "Zur, Eternal Schemer": 2460, "Overlord of the Floodpits": 1502, "Overlord of the Mistmoors": 1504, "Overlord of the Hauntwoods": 1503, "Overlord of the Boilerbilges": 1501, "Linvala, the Preserver": 1232, "Breeding Pool": 253, "Cavern of Souls": 329, "Gloomlake Verge": 863, "Godless Shrine": 876, "Indatha Triome": 1013, "Zagoth Triome": 2449, "Spara's Headquarters": 1957, "Knockout Blow_SB": 1140, "Ruric Thar, the Unbowed_SB": 1741, "Thought Distortion_SB": 2159, "Archon of Emeria_SB": 104, "Elesh Norn, Mother of Machines_SB": 639, "Hallowed Moonlight_SB": 915, "Blood Baron of Vizkopa": 206, "Elenda, Saint of Dusk": 636, "Hostage Taker": 985, "Knight of Autumn": 1132, "Niv-Mizzet Reborn": 1426, "Niv-Mizzet, Supreme": 1429, "Omnath, Locus of Creation": 1471, "Valki, God of Lies": 2305, "Abrupt Decay": 25, "Bring to Light": 257, "Deafening Clarion": 492, "Kolaghan's Command": 1142, "Maelstrom Pulse": 1269, "Pillage the Bog": 1546, "Sunfall": 2036, "Nahiri, the Harbinger": 1391, "Fabled Passage": 716, "Forest": 790, "Jetmir's Garden": 1070, "Ketria Triome": 1121, "Raffine's Tower": 1601, "Raugrin Triome": 1624, "Stomping Ground": 2003, "Thornspire Verge": 2158, "Xander's Lounge": 2430, "Ziatora's Proving Ground": 2455, "Blood Baron of Vizkopa_SB": 207, "Cleansing Nova_SB": 377, "Culling Ritual_SB": 462, "Fatal Push_SB": 735, "Kambal, Consul of Allocation_SB": 1089, "Notion Thief_SB": 1437, "Unmoored Ego_SB": 2282, "Artist's Talent": 107, "Opt": 1479, "Proft's Eidetic Memory": 1572, "Picklock Prankster": 1545, "Ledger Shredder": 1180, "Consider": 419, "Sleight of Hand": 1913, "Treasure Cruise": 2220, "Arclight Phoenix": 105, "Lightning Axe": 1212, "Crackling Drake_SB": 439, "Brazen Borrower_SB": 251, "Third Path Iconoclast_SB": 2154, "Anger of the Gods_SB": 75, "Annul_SB": 82, "Ral, Crackling Wit_SB": 1610, "Prismari Command_SB": 1570, "Ashiok, Dream Render_SB": 110, "Caretaker's Talent": 293, "Carrot Cake": 296, "Castle Ardenvale": 309, "High Noon": 964, "Sundown Pass": 2035, "Wedding Announcement": 2388, "Westvale Abbey": 2396, "Chandra, Awakened Inferno_SB": 351, "Imodane's Recruiter_SB": 1008, "Thought-Knot Seer_SB": 2161, "Divine Smite_SB": 563, "Day of Judgment_SB": 485, "Boseiju, Who Endures": 240, "Lion Sash": 1234, "Elite Spellbinder": 641, "Dromoka's Command_SB": 606, "Knight of Autumn_SB": 1133, "Kutzil's Flanker_SB": 1164, "Gideon, Ally of Zendikar_SB": 842, "Savai Triome": 1764, "Sylvan Caryatid": 2066, "Unmoored Ego": 2281, "Watery Grave": 2379, "Casualties of War_SB": 314, "Bitter Triumph": 189, "Concealed Courtyard": 413, "Duress": 613, "Elegant Parlor": 635, "Fear of Missing Out": 741, "Greasefang, Okiba Boss": 890, "Kroxa, Titan of Death's Hunger": 1156, "Overlord of the Balemurk": 1499, "Parhelion II": 1517, "Skysovereign, Consul Flagship": 1907, "Takenuma, Abandoned Mire": 2073, "Thoughtseize": 2162, "Dark Betrayal_SB": 472, "Duress_SB": 614, "Reckoner Bankbuster_SB": 1642, "Vanishing Verse_SB": 2316, "Into the Flood Maw": 1033, "Temporal Trespass": 2097, "Galvanic Iteration": 817, "Thassa's Oracle_SB": 2115, "Abrade_SB": 24, "Proft's Eidetic Memory_SB": 1573, "Old-Growth Troll": 1463, "Outcaster Trailblazer": 1493, "Ulvenwald Oddity": 2254, "Cavalier of Thorns": 327, "Kiora, Behemoth Beckoner": 1123, "Storm the Festival": 2006, "Invasion of Ixalan": 1040, "Leyline of the Guildpact": 1200, "Lair of the Hydra": 1166, "Nykthos, Shrine to Nyx": 1446, "Expedition Map": 698, "Cityscape Leveler": 370, "Tail Swipe_SB": 2071, "Keen-Eyed Curator_SB": 1109, "The Stone Brain_SB": 2143, "Cityscape Leveler_SB": 371, "Ulamog, the Ceaseless Hunger_SB": 2251, "Setessan Petitioner_SB": 1822, "Outland Liberator_SB": 1494, "Adeline, Resplendent Cathar": 36, "Coppercoat Vanguard": 428, "Dauntless Bodyguard": 481, "Declaration in Stone": 504, "Extraction Specialist": 711, "Fortified Beachhead": 795, "Hopeful Initiate": 977, "Recruitment Officer": 1646, "Reflector Mage": 1651, "Thalia's Lieutenant": 2109, "Reflector Mage_SB": 1652, "Spell Pierce_SB": 1963, "Young Pyromancer_SB": 2443, "Geier Reach Sanitarium": 824, "Day's Undoing_SB": 487, "Wolfwillow Haven": 2422, "Archdruid's Charm": 98, "Oath of Nissa": 1450, "Pick Your Poison_SB": 1544, "Voracious Hydra_SB": 2358, "Darkslick Shores": 479, "Clearwater Pathway": 380, "Faerie Miscreant": 726, "Ornithopter": 1484, "Satoru, the Infiltrator": 1761, "Floodpits Drowner": 779, "Moon-Circuit Hacker": 1364, "Kaito, Cunning Infiltrator": 1085, "Kaito Shizuki": 1081, "Kaito, Bane of Nightmares": 1083, "Anoint with Affliction_SB": 84, "Dokuchi Silencer_SB": 566, "Extinction Event_SB": 709, "Sheoldred, the Apocalypse_SB": 1856, "Heartfire Hero": 936, "Emberheart Challenger": 653, "Callous Sell-Sword": 283, "Manifold Mouse": 1284, "Titan's Strength": 2187, "Reckless Rage": 1638, "Ancestral Anger": 69, "Sulfurous Springs": 2026, "Claim // Fame": 372, "Urabrask's Forge_SB": 2289, "Feed the Swarm_SB": 749, "Reckless Rage_SB": 1639, "Voice of Resurgence_SB": 2343, "The Wandering Emperor_SB": 2145, "Eldrazi Displacer": 632, "Settle the Wreckage_SB": 1825, "Skyclave Apparition_SB": 1902, "Blade of the Oni": 194, "Go for the Throat": 870, "Sheoldred, the Apocalypse": 1855, "Unholy Annex // Ritual Chamber": 2272, "Urborg, Tomb of Yawgmoth": 2291, "Hidetsugu Consumes All_SB": 961, "Invoke Despair_SB": 1045, "Beza, the Bounding Spring": 177, "Emeria's Call": 657, "Warping Wail_SB": 2373, "Elspeth, Sun's Champion_SB": 648, "Heliod's Intervention_SB": 943, "Virtue of Loyalty": 2331, "Wear // Tear_SB": 2382, "Graveyard Trespasser": 888, "Drown in the Loch": 607, "Thieves' Guild Enforcer": 2152, "Soaring Thought-Thief": 1933, "Into the Story": 1035, "Hive of the Eye Tyrant": 970, "Faerie Mastermind": 725, "Sheoldred's Edict": 1853, "Underground River": 2264, "Restless Reef": 1678, "Shipwreck Marsh": 1860, "Ray of Enfeeblement_SB": 1626, "Grafdigger's Cage_SB": 885, "Cling to Dust_SB": 386, "Kalitas, Traitor of Ghet_SB": 1088, "Test of Talents_SB": 2106, "Ascendant Spirit": 108, "Plumecreed Escort": 1554, "Curious Obsession": 466, "Spectral Sailor": 1961, "Geistlight Snare": 825, "Faceless Haven": 718, "Snow-Covered Island": 1928, "Lofty Denial_SB": 1243, "Icon of Ancestry_SB": 999, "Fading Hope_SB": 721, "Witness Protection_SB": 2417, "Destroy Evil_SB": 535, "Exquisite Firecraft_SB": 706, "Pyroclasm_SB": 1585, "Skullcrack_SB": 1900, "Snow-Covered Plains": 1930, "Temporary Lockdown_SB": 2099, "Overlord of the Mistmoors_SB": 1505, "Kytheon, Hero of Akros": 1165, "Thalia, Heretic Cathar": 2112, "The Wandering Rescuer_SB": 2148, "Niambi, Esteemed Speaker_SB": 1409, "Krenko's Buzzcrusher": 1152, "Ancient Cornucopia": 71, "Deadly Cover-Up": 488, "Deafening Clarion_SB": 493, "Siphon Insight_SB": 1889, "Infuriate": 1015, "Screaming Nemesis": 1787, "Callous Sell-Sword_SB": 284, "Claim // Fame_SB": 373, "Bushwhack": 273, "Copperline Gorge": 429, "Cragcrown Pathway": 440, "Innkeeper's Talent": 1018, "Karplusan Forest": 1094, "Questing Druid": 1591, "Snakeskin Veil": 1924, "Thud": 2173, "Pawpatch Formation_SB": 1525, "Arasta of the Endless Web_SB": 93, "Emrakul, the Promised End_SB": 661, "Monstrous Emergence_SB": 1359, "Scrapshooter_SB": 1785, "Claim the Firstborn_SB": 375, "Chained to the Rocks": 342, "Elesh Norn, Mother of Machines": 638, "Escape to the Wilds": 682, "Selfless Glyphweaver": 1810, "Slaughter Games": 1910, "Lavinia, Azorius Renegade_SB": 1175, "Inscription of Ruin": 1023, "Jace Reawakened": 1055, "Tinybones, the Pickpocket": 2180, "Unholy Annex && Ritual Chamber": 2270, "Cut Down_SB": 470, "Withering Torment_SB": 2415, "Anoint with Affliction": 83, "Bloodletter of Aclazotz": 213, "Castle Locthwain": 312, "Heartless Act": 938, "Soulstone Sanctuary": 1956, "Unstoppable Slasher": 2283, "Come Back Wrong_SB": 406, "Dreams of Steel and Oil_SB": 601, "The End_SB": 2124, "The Meathook Massacre_SB": 2130, "Enduring Innocence_SB": 670, "Invasion of Gobakhan": 1038, "Molten Collapse_SB": 1352, "Fear of Isolation": 740, "Hopeless Nightmare": 979, "Liliana of the Veil": 1221, "Stormchaser's Talent": 2009, "This Town Ain't Big Enough": 2156, "Tinybones Joins Up": 2179, "Undercity Sewers": 2262, "Waste Not": 2374, "Go Blank_SB": 868, "Go for the Throat_SB": 871, "Claim the Firstborn": 374, "Chandra's Defeat_SB": 349, "Kolaghan's Command_SB": 1143, "Syr Ginger, the Meal Ender_SB": 2070, "Haunted Ridge": 925, "Withering Torment": 2414, "Liliana of the Veil_SB": 1222, "Case of the Uneaten Feast": 307, "Lunarch Veteran": 1262, "Prosperous Innkeeper": 1576, "Righteous Valkyrie": 1691, "Trelasarra, Moon Dancer": 2225, "Voice of the Blessed": 2346, "Aven Interrupter_SB": 134, "Shapers' Sanctuary_SB": 1838, "Invoke Despair": 1044, "Demolition Field": 517, "Elspeth's Smite": 644, "Jwari Disruption": 1077, "Summary Dismissal_SB": 2027, "Supreme Verdict_SB": 2049, "Three Steps Ahead_SB": 2169, "Mana Confluence": 1283, "Evangel of Synthesis": 693, "Kiora, the Rising Tide": 1124, "Raffine, Scheming Seer": 1602, "Shattered Sanctum": 1845, "Elenda, Saint of Dusk_SB": 637, "Heartless Act_SB": 939, "Pithing Needle_SB": 1547, "Aloe Alchemist": 60, "Atarka's Command": 121, "Burning-Tree Emissary": 269, "Cunning Coyote": 464, "Reckless Bushwhacker": 1634, "Destructive Revelry_SB": 536, "The Mightstone and Weakstone_SB": 2132, "Tranquil Frillback_SB": 2213, "Wicked Wolf_SB": 2398, "Demonic Counsel": 521, "Stern Lesson": 1997, "Zombify": 2458, "Sire of Insanity_SB": 1890, "Dusk // Dawn_SB": 615, "Abhorrent Oculus": 21, "Day's Undoing": 486, "Quicken": 1594, "Cry of the Carnarium_SB": 453, "Glistening Deluge_SB": 862, "Long Goodbye_SB": 1245, "Overlord of the Balemurk_SB": 1500, "Unholy Annex && Ritual Chamber_SB": 2271, "Rockface Village": 1714, "Archfiend of the Dross": 99, "Vivien Reid_SB": 2339, "Kayla's Reconstruction": 1104, "Restless Prairie": 1677, "Sanguine Evangelist": 1758, "Soul Partition_SB": 1945, "Abyssal Harvester": 29, "Adanto Vanguard": 33, "Apostle of Purifying Light": 88, "Clifftop Retreat": 384, "Colossus Hammer": 404, "Fervent Champion": 753, "Glass Casket": 852, "Kellan, the Fae-Blooded": 1113, "Leyline Axe": 1190, "Shadowspear": 1831, "Sigarda's Aid": 1872, "Swiftfoot Boots": 2061, "Thran Power Suit": 2166, "Leyline of Sanctity_SB": 1197, "Feed the Swarm": 748, "Built to Smash": 266, "Cacophony Scamp": 277, "Turn Inside Out": 2233, "Wayward Guide-Beast": 2380, "Dreadmaw's Ire_SB": 595, "Obosh, the Preypiercer_SB": 1455, "Voldaren Thrillseeker_SB": 2354, "Augur of Bolas": 129, "Barkchannel Pathway": 156, "Botanical Sanctum": 242, "Essence Flux": 688, "Fading Hope": 720, "Fallaji Archaeologist": 728, "Neoform": 1407, "Satyr Wayfinder": 1762, "Stubborn Denial": 2022, "Thundertrap Trainer": 2177, "Traverse the Ulvenwald": 2217, "Tyvar's Stand": 2242, "Ghost Vacuum_SB": 834, "Into the Flood Maw_SB": 1034, "Natural State_SB": 1399, "Blossoming Defense": 218, "Cindervines_SB": 368, "Questing Druid_SB": 1592, "Scavenger Grounds": 1770, "Beacon Bolt_SB": 166, "Bonecrusher Giant": 231, "Caustic Bronco_SB": 321, "Graveyard Trespasser_SB": 889, "Beanstalk Giant": 167, "Greater Tanuki": 893, "Herd Migration": 954, "Lush Portico": 1263, "Quintorius Kand": 1596, "Release to the Wind": 1658, "Spark Double": 1958, "Spinewoods Armadillo": 1970, "Trumpeting Carnosaur": 2231, "Virtue of Persistence": 2332, "Boseiju, Who Endures_SB": 241, "Consign // Oblivion_SB": 421, "Dragonlord Dromoka_SB": 582, "Gyruda, Doom of Depths_SB": 910, "Keruga, the Macrosage_SB": 1118, "Roaring Furnace && Steaming Sauna_SB": 1708, "Swamp_SB": 2057, "Aftermath Analyst": 47, "Annie Joins Up": 81, "Brokers Hideout": 259, "Cabaretti Courtyard": 275, "Emrakul, the Promised End": 660, "Fecund Greenshell": 745, "Kenrith, the Returned King": 1116, "Lotus Cobra": 1256, "Lumra, Bellow of the Woods": 1261, "Nissa, Resurgent Animist": 1422, "Port of Karfell": 1559, "Riveteers Overlook": 1705, "Soul Partition": 1944, "Spelunking": 1965, "The World Tree": 2150, "Titan of Industry": 2185, "Zacama, Primal Calamity": 2446, "Doppelgang_SB": 574, "Titania, Voice of Gaea_SB": 2188, "Detention Sphere_SB": 538, "Enduring Curiosity_SB": 668, "Brightclimb Pathway": 254, "Kaervek, the Punisher": 1078, "Ossification": 1486, "Shadowy Backstreet": 1833, "Zoraline, Cosmos Caller": 2459, "Fracture_SB": 803, "Jace, Wielder of Mysteries_SB": 1060, "Change the Equation_SB": 359, "Thing in the Ice_SB": 2153, "Mazemind Tome_SB": 1313, "Tamiyo's Safekeeping_SB": 2078, "Razorkin Needlehead_SB": 1630, "Archfiend of the Dross_SB": 100, "Chandra, Dressed to Kill": 352, "Shock": 1862, "Sunspine Lynx": 2045, "Wild Slash": 2400, "Chandra, Dressed to Kill_SB": 353, "Lithomantic Barrage_SB": 1236, "Unchained Berserker_SB": 2258, "Angel of Serenity": 73, "Tyvar, the Pummeler": 2245, "Brave the Elements": 248, "Brave the Elements_SB": 249, "Extraction Specialist_SB": 712, "Grand Abolisher_SB": 886, "Kroxa, Titan of Death's Hunger_SB": 1157, "The Meathook Massacre": 2129, "Treacherous Blessing_SB": 2219, "Battle Cry Goblin": 162, "Conspicuous Snoop": 422, "Fireblade Charger": 767, "Foundry Street Denizen": 800, "Legion Loyalist": 1187, "Rundvelt Hordemaster": 1735, "Searslicer Goblin": 1799, "Skirk Prospector": 1895, "Spinner of Souls": 1971, "Back to Nature_SB": 142, "Klothys, God of Destiny_SB": 1131, "Masked Vandal_SB": 1303, "Umori, the Collector_SB": 2255, "Torpor Orb_SB": 2203, "Llanowar Wastes": 1241, "Blast Zone": 197, "Glass Casket_SB": 853, "Strict Proctor_SB": 2019, "Eidolon of the Great Revel": 625, "Hired Claw": 968, "Lightning Strike": 1216, "Ojer Axonil, Deepest Might": 1461, "Leyline of Combustion_SB": 1194, "Scorching Shot_SB": 1778, "Light Up the Stage_SB": 1209, "Tithing Blade": 2189, "Brotherhood's End_SB": 261, "Bishop of Wings": 185, "Giada, Font of Hope": 837, "Resplendent Angel": 1672, "The Book of Exalted Deeds": 2120, "Bitter Triumph_SB": 190, "Grasp of Darkness_SB": 887, "Agatha's Soul Cauldron": 50, "Darkbore Pathway": 478, "Forsaken Miner": 793, "Insidious Roots": 1026, "Necrotic Wound": 1402, "Priest of Forgotten Gods": 1568, "Rubblebelt Maverick": 1730, "Scrapheap Scrounger": 1783, "Souls of the Lost": 1954, "Stitcher's Supplier": 2000, "Tyvar, Jubilant Brawler": 2244, "Necrotic Wound_SB": 1403, "March of Swirling Mist_SB": 1292, "Ruric Thar, the Unbowed": 1740, "Horned Loch-Whale_SB": 982, "Squirming Emergence": 1983, "Souls of the Lost_SB": 1955, "Glasspool Mimic": 854, "Sunpetal Grove": 2041, "Callous Bloodmage": 281, "Sunfall_SB": 2037, "Drowned Catacomb": 608, "Woodland Cemetery": 2423, "Barrier Breach_SB": 158, "Hallowed Moonlight": 914, "Bala Ged Recovery": 144, "Dark Petition": 475, "Emergent Ultimatum": 655, "Fae of Wishes": 722, "Hidden Strings": 959, "Lier, Disciple of the Drowned": 1204, "Lotus Field": 1257, "Omniscience": 1474, "Pore Over the Pages": 1557, "Scattered Groves": 1768, "Strict Proctor": 2018, "Sylvan Scrying": 2068, "Thespian's Stage": 2151, "Vizier of Tumbling Sands": 2340, "Approach of the Second Sun_SB": 90, "Emergent Ultimatum_SB": 656, "Nine Lives_SB": 1416, "Silence_SB": 1874, "Voyaging Satyr_SB": 2361, "Zacama, Primal Calamity_SB": 2447, "Confounding Riddle": 418, "Experimental Augury": 701, "Fleeting Spirit": 775, "Get Out": 829, "Lore Drakkis": 1253, "Open the Omenpaths": 1477, "Saiba Cryptomancer": 1751, "Sea-Dasher Octopus": 1791, "Vadrok, Apex of Thunder": 2298, "Dromoka's Command": 605, "Kappa Tech-Wrecker": 1090, "Eldrazi Displacer_SB": 633, "Hedge Maze": 940, "Otherworldly Gaze": 1490, "Sentinel of the Nameless City": 1815, "Yavimaya Coast": 2438, "Weathered Runestone_SB": 2384, "Scorching Shot": 1777, "Fetid Pools": 755, "Silvergill Adept": 1882, "Triton Shorestalker": 2229, "Vodalian Hexcatcher": 2341, "Tishana's Tidebinder_SB": 2184, "Smuggler's Copter": 1920, "Welcoming Vampire": 2391, "Candy Trail": 289, "Cling to Dust": 385, "Crucible of Worlds": 448, "Extinction Event": 708, "March of Wretched Sorrow": 1293, "Mazemind Tome": 1312, "Plains_SB": 1549, "Destiny Spinner": 532, "Izoni, Center of the Web": 1053, "Moon-Blessed Cleric": 1363, "Noxious Gearhulk": 1441, "Yorion, Sky Nomad": 2441, "Cavern of Souls_SB": 330, "Destiny Spinner_SB": 533, "Glarb, Calamity's Augur_SB": 851, "Sin Collector_SB": 1886, "Cache Grab": 276, "Cult Conscript": 463, "Deathrite Shaman": 499, "Haywire Mite": 927, "Culling Ritual": 461, "Might of the Meek": 1332, "Slickshot Show-Off_SB": 1915, "Split Up": 1977, "Obstinate Baloth_SB": 1457, "Grisly Salvage": 898, "Oracle of Tragedy": 1482, "Samut, Voice of Dissent": 1755, "Sire of Seven Deaths": 1891, "Soulflayer": 1952, "Striped Riverwinder": 2020, "Urborg Scavengers": 2290, "Zetalpa, Primal Dawn": 2454, "Collective Brutality_SB": 395, "Cast Out": 308, "Day of Judgment": 484, "Lay Down Arms": 1176, "Blast Zone_SB": 198, "Cleansing Wildfire_SB": 379, "Vanish into Eternity_SB": 2314, "Spyglass Siren": 1982, "Mukotai Ambusher_SB": 1378, "Mutavault_SB": 1385, "Clever Impersonator": 381, "Gyruda, Doom of Depths": 909, "Bandit's Talent": 148, "Tribute to Horobi": 2227, "Virtue of Persistence_SB": 2333, "Void Winnower_SB": 2349, "Hunter's Talent": 993, "Polukranos Reborn": 1555, "Rhonas the Indomitable": 1688, "Zirda, the Dawnwaker_SB": 2456, "Eidolon of Rhetoric_SB": 624, "Remorseful Cleric_SB": 1662, "Selfless Spirit_SB": 1814, "Hunter's Talent_SB": 994, "Vengeful Possession": 2323, "Hidetsugu's Second Rite_SB": 963, "Dig Through Time": 545, "Phantom Interference": 1535, "Vaultborn Tyrant": 2317, "Syr Ginger, the Meal Ender": 2069, "Legion's Landing": 1189, "Nurturing Pixie": 1445, "Oath of Kaya": 1449, "Optimistic Scavenger": 1480, "Lifebane Zombie_SB": 1206, "Collective Brutality": 394, "Trial of Ambition": 2226, "Kaito, Bane of Nightmares_SB": 1084, "Loran of the Third Path": 1248, "Bond of Insight": 229, "Valakut Awakening": 2299, "Niv-Mizzet, Parun_SB": 1428, "Pawpatch Recruit": 1526, "Declaration in Stone_SB": 505, "Censor": 340, "Ertai Resurrected": 680, "Torrential Gearhulk": 2204, "Get Out_SB": 830, "Jace, Vryn's Prodigy_SB": 1059, "Deadly Cover-Up_SB": 489, "Pia Nalaar, Consul of Revival": 1543, "Reckless Impulse": 1636, "Showdown of the Skalds": 1867, "Wrenn's Resolve": 2429, "Showdown of the Skalds_SB": 1868, "Preacher of the Schism_SB": 1567, "Twisted Fealty_SB": 2239, "Yasharn, Implacable Earth_SB": 2436, "Cut Down": 469, "Extract the Truth_SB": 710, "Malcolm, Alluring Scoundrel": 1282, "Bloodsoaked Champion": 214, "Osteomancer Adept": 1488, "Scavenging Ooze": 1774, "Snarling Gorehound": 1926, "Underground Mortuary": 2263, "Knight of Dusk's Shadow_SB": 1134, "Youthful Valkyrie": 2444, "Authority of the Consuls_SB": 132, "Crystal Barricade_SB": 459, "Containment Priest": 425, "Brutal Cathar": 263, "Fateful Absence_SB": 736, "Trostani, Three Whispers": 2230, "Bassara Tower Archer": 161, "Cloudsteel Kirin": 390, "Gladecover Scout": 850, "Lizard Blades": 1238, "Chained to the Rocks_SB": 343, "Molten Collapse": 1351, "Viashino Pyromancer": 2325, "Searing Blood": 1797, "Chandra, Torch of Defiance_SB": 357, "Bomat Courier_SB": 228, "Bonecrusher Giant_SB": 232, "Magma Spray_SB": 1277, "Searing Blood_SB": 1798, "Lightning Strike_SB": 1217, "Aven Mindcensor_SB": 135, "Aclazotz, Deepest Betrayal_SB": 32, "Hollow One": 972, "Inti, Seneschal of the Sun": 1030, "Restless Vents": 1680, "Fiery Temper": 762, "Stalactite Stalker": 1987, "Harvester of Misery_SB": 923, "Hostile Investigator_SB": 988, "Lamplight Phoenix_SB": 1167, "Fugitive Codebreaker_SB": 813, "Camellia, the Seedmiser": 285, "Deathcap Glade": 496, "Gilded Goose": 845, "Trail of Crumbs": 2209, "Vinereap Mentor": 2328, "Vraska, Golgari Queen": 2364, "Abrupt Decay_SB": 26, "Assassin's Trophy_SB": 118, "Voldaren Thrillseeker": 2353, "Tree of Perdition": 2224, "Raucous Theater": 1623, "Absorb": 27, "Glacial Fortress": 849, "Irrigated Farmland": 1048, "Protect the Negotiators_SB": 1580, "Sunset Revelry_SB": 2044, "Thirst for Meaning": 2155, "Entity Tracker_SB": 677, "Treacherous Blessing": 2218, "Case of the Stashed Skeleton": 306, "Rakdos Joins Up": 1605, "Massacre Wurm_SB": 1306, "Biting-Palm Ninja": 186, "Dokuchi Silencer": 565, "Silver-Fur Master": 1879, "Thousand-Faced Shadow": 2164, "Kaito Shizuki_SB": 1082, "Discontinuity": 550, "Dream Trawler": 596, "Impulse": 1010, "Dream Trawler_SB": 597, "Reckoner Bankbuster": 1641, "Skysovereign, Consul Flagship_SB": 1908, "Helping Hand": 948, "Thalia, Guardian of Thraben_SB": 2111, "Pawpatch Recruit_SB": 1527, "Assimilation Aegis": 119, "Brass Knuckles": 246, "Fabrication Foundry": 717, "Ingenious Smith": 1017, "Inventors' Fair": 1042, "Metalwork Colossus": 1328, "Moonsnare Prototype": 1366, "Sanctum of Ugin": 1756, "Simulacrum Synthesizer": 1885, "The Irencrag": 2128, "Metallic Rebuke_SB": 1327, "Mystic Forge_SB": 1386, "Demilich": 515, "Stern Dismissal": 1995, "Magda, Brazen Outlaw": 1273, "Holy Cow": 973, "Lyra Dawnbringer_SB": 1265, "Enduring Vitality": 672, "Colossal Skyturtle_SB": 402, "Takenuma, Abandoned Mire_SB": 2074, "Soul Transfer": 1946, "Horned Loch-Whale": 981, "Sphinx's Revelation": 1967, "Tale's End": 2075, "Urza's Sylex_SB": 2297, "Cryptic Coat": 456, "Darksteel Citadel": 480, "Ensoul Artifact": 674, "Shrapnel Blast": 1869, "Burst Lightning_SB": 272, "Shadowspear_SB": 1832, "Voltage Surge_SB": 2357, "Entity Tracker": 676, "Omen of the Dead": 1466, "Roaring Furnace // Steaming Sauna_SB": 1710, "Snow-Covered Forest": 1927, "Kayla's Reconstruction_SB": 1105, "Sentinel of the Nameless City_SB": 1816, "Welcoming Vampire_SB": 2392, "Cathartic Pyre": 317, "Silundi Vision": 1878, "Wish": 2407, "Filter Out_SB": 764, "Lier, Disciple of the Drowned_SB": 1205, "Prosperous Thief": 1578, "Rottenmouth Viper": 1724, "Misery's Shadow_SB": 1341, "Rottenmouth Viper_SB": 1725, "Fiend Artisan": 758, "Werewolf Pack Leader": 2395, "Prowling Serpopard_SB": 1581, "Kazandu Mammoth": 1106, "Sharp-Eyed Rookie": 1843, "Genesis Wave": 826, "Hostile Hostel": 986, "Ill-Timed Explosion": 1001, "Magma Opus": 1276, "Sublime Epiphany": 2024, "Alpine Moon_SB": 62, "Ral, Izzet Viceroy_SB": 1611, "Ayara's Oathsworn": 139, "Atraxa, Grand Unifier_SB": 124, "Vein Ripper": 2319, "Jace, Vryn's Prodigy": 1058, "Mission Briefing": 1343, "Sorin the Mirthless": 1941, "Veteran Survivor": 2324, "Loran of the Third Path_SB": 1249, "Shardmage's Rescue": 1839, "Knight of Grace_SB": 1136, "Can't Stay Away": 287, "Eldritch Evolution": 634, "Esika's Chariot": 684, "Glissa Sunslayer": 860, "Raffine's Informant": 1600, "Witherbloom Command": 2412, "Kalitas, Traitor of Ghet": 1087, "Ledger Shredder_SB": 1181, "Dawnbringer Cleric_SB": 483, "Tranquil Frillback": 2212, "Council of the Absolute_SB": 435, "Spirit of the Labyrinth_SB": 1974, "Suncleanser_SB": 2032, "Arboreal Grazer": 94, "Languish_SB": 1169, "Sphinx of the Final Word_SB": 1966, "Snakeskin Veil_SB": 1925, "Surge of Righteousness_SB": 2051, "Adventurous Impulse": 39, "Monastery Mentor_SB": 1357, "Cathar Commando_SB": 316, "Destroy Evil": 534, "Serra Paragon_SB": 1820, "Arcane Proxy": 96, "Chrome Host Seedshark": 366, "Path of Peril": 1522, "See the Truth": 1805, "Ambitious Farmhand": 65, "Cascading Cataracts": 301, "Charming Prince": 363, "Golos, Tireless Pilgrim": 881, "Helpful Hunter": 947, "Serra Paragon": 1819, "Spirited Companion": 1976, "Thalia's Lancers": 2108, "Touch the Spirit Realm": 2206, "Nashi, Searcher in the Dark": 1398, "Wilt-Leaf Liege_SB": 2403, "Shambling Vent": 1836, "Brass's Tunnel-Grinder": 247, "Goblin Instigator": 874, "Raise the Past": 1604, "Behold the Beyond": 171, "Nine Lives": 1415, "Temple of Mystery": 2096, "Surge of Salvation": 2052, "Unable to Scream": 2256, "Stubborn Denial_SB": 2023, "Nylea's Intervention_SB": 1447, "Fires of Invention": 768, "Tolsimir, Friend to Wolves": 2193, "Heliod, the Radiant Dawn": 945, "Cavalier of Dawn": 325, "Kotose, the Silent Spider": 1148, "Sulfur Falls": 2025, "Marina Vendrell": 1296, "Krenko's Buzzcrusher_SB": 1153, "Archon of Absolution_SB": 102, "Chandra, Torch of Defiance": 356, "Fanatic of Mogis": 729, "Leyline of Combustion": 1193, "Razorkin Needlehead": 1629, "Shatterskull Smashing": 1847, "Solphim, Mayhem Dominus": 1937, "Torbran, Thane of Red Fell": 2197, "Fable of the Mirror-Breaker_SB": 715, "Altanak, the Thrice-Called": 64, "Say Its Name": 1765, "Witherbloom Command_SB": 2413, "Thalia and The Gitrog Monster": 2107, "Cosmic Rebirth_SB": 434, "Dreadbore_SB": 591, "Deathmist Raptor": 498, "Oblivious Bookworm": 1454, "Cerulean Drake_SB": 341, "Kraul Harpooner_SB": 1150, "Lavabrink Venturer_SB": 1172, "Prosperous Innkeeper_SB": 1577, "Soulless Jailer_SB": 1953, "Gleaming Geardrake": 856, "Faithful Mending": 727, "Recommission": 1644, "Tainted Indulgence": 2072, "Tome Scour": 2195, "Fragmentize_SB": 804, "Augur of Autumn_SB": 128, "Barkhide Troll": 157, "Gather Courage": 821, "Keen-Eyed Curator": 1108, "Tribute to the World Tree": 2228, "Inscription of Abundance_SB": 1022, "Setessan Tactics_SB": 1823, "Prosperous Thief_SB": 1579, "Shatterskull Smashing_SB": 1848, "Arid Archway": 106, "Bloodthirsty Conqueror": 215, "Dina, Soul Steeper": 547, "Dryad of the Ilysian Grove": 610, "Iridescent Vinelasher": 1047, "Jaddi Offshoot": 1063, "Mirrorpool": 1338, "Retreat to Hagra": 1684, "Scapeshift": 1766, "Bristly Bill, Spine Sower_SB": 258, "Deathrite Shaman_SB": 500, "Scavenging Ooze_SB": 1775, "Undergrowth Champion_SB": 2265, "Blacksmith's Talent": 192, "Bladehold War-Whip": 195, "Chainsaw": 344, "Kemba, Kha Enduring": 1114, "Nahiri, Forged in Fury": 1390, "Sword of Forge and Frontier": 2063, "Rebel Salvo_SB": 1633, "Solemnity_SB": 1936, "Deputy of Detention": 526, "Tyvar, the Pummeler_SB": 2246, "Celestial Armor": 335, "Elder Gargaroth": 630, "Silverback Elder": 1880, "Silverback Elder_SB": 1881, "No More Lies_SB": 1432, "Preacher of the Schism": 1566, "Castle Embereth": 310, "Kellan, Planar Trailblazer": 1112, "Zurgo Bellstriker": 2461, "Soul-Guide Lantern_SB": 1949, "Brotherhood's End": 260, "Galvanic Iteration_SB": 818, "Zephyr Sentinel_SB": 2453, "Collector's Vault": 399, "Etali, Primal Conqueror": 690, "Seize the Spoils": 1807, "Worldspine Wurm_SB": 2427, "Xenagos, God of Revels_SB": 2432, "Light of Hope_SB": 1210, "Surge of Salvation_SB": 2053, "Zoetic Glyph": 2457, "Sweltering Suns_SB": 2060, "The Akroan War_SB": 2117, "Deputy of Detention_SB": 527, "Experimental Frenzy_SB": 703, "March of Swirling Mist": 1291, "Floodpits Drowner_SB": 780, "Massacre Wurm": 1305, "Valgavoth's Faithful": 2301, "Kenrith's Transformation_SB": 1115, "Citizen's Crowbar_SB": 369, "Lion Sash_SB": 1235, "Aclazotz, Deepest Betrayal": 31, "Go Blank": 867, "Gifted Aetherborn_SB": 844, "March of Wretched Sorrow_SB": 1294, "Dissection Tools": 558, "Perilous Snare": 1530, "Wedding Invitation": 2390, "Repurposing Bay_SB": 1668, "Mendicant Core, Guidelight": 1320, "Metallic Rebuke": 1326, "Voyager Glidecar": 2359, "Cryptic Coat_SB": 457, "Lavaspur Boots": 1173, "Patchwork Automaton": 1519, "Hare Apparent": 921, "Bard Class": 155, "Birgi, God of Storytelling": 183, "Crater's Claws": 443, "Domri, Anarch of Bolas": 567, "Gallia of the Endless Dance": 816, "Hajar, Loyal Bodyguard": 911, "Klothys, God of Destiny": 1130, "Migloz, Maze Crusher": 1333, "Mox Amber": 1373, "Samut, Vizier of Naktamun": 1754, "Targ Nar, Demon-Fang Gnoll": 2082, "Xenagos, the Reveler": 2433, "Banefire_SB": 151, "Tormod's Crypt_SB": 2202, "Zurgo Bellstriker_SB": 2462, "Bolas's Citadel": 225, "Catacomb Sifter": 315, "Woe Strider": 2420, "Glissa Sunslayer_SB": 861, "Liliana, Heretical Healer_SB": 1226, "Status // Statue_SB": 1991, "Dawnbringer Cleric": 482, "Momentum Breaker_SB": 1355, "Sab-Sunen, Luxa Embodied": 1745, "All That Glitters": 59, "Alpha Authority": 61, "Audacity": 125, "Chaplain of Alms": 362, "Ethereal Armor": 692, "Gryff's Boon": 901, "Light-Paws, Emperor's Voice": 1211, "Rune of Might": 1736, "Sentinel's Eyes": 1817, "Toadstool Admirer": 2190, "Adanto Vanguard_SB": 34, "Greasewrench Goblin": 891, "Moonshaker Cavalry_SB": 1365, "Nahiri, the Harbinger_SB": 1392, "Grim Bauble": 895, "Momentum Breaker": 1354, "Oildeep Gearhulk_SB": 1460, "Agadeem's Awakening": 48, "Nighthawk Scavenger": 1412, "Zareth San, the Trickster": 2451, "Nighthawk Scavenger_SB": 1413, "Count on Luck_SB": 436, "Valor's Flagship": 2308, "Shacklegeist_SB": 1828, "Monument to Endurance_SB": 1362, "Brightglass Gearhulk": 255, "Dredger's Insight": 602, "Dreadhorde Arcanist_SB": 593, "Archfiend's Vessel": 101, "Lively Dirge": 1237, "Merfolk Secretkeeper": 1323, "Tyrranax Rex_SB": 2241, "Coalstoke Gearhulk": 391, "Ossification_SB": 1487, "Memory Guardian": 1319, "Ketramose, the New Dawn_SB": 1120, "Behold the Multiverse": 172, "Mastermind's Acquisition": 1307, "Peer into the Abyss": 1529, "Behold the Multiverse_SB": 173, "Witchstalker Frenzy": 2409, "Grim Bauble_SB": 896, "Tears of Valakut_SB": 2086, "Djeru's Renunciation": 564, "Drannith Healer": 587, "Drannith Stinger": 589, "Flourishing Fox": 782, "Footfall Crater": 788, "Go for Blood": 869, "Marauding Mako": 1287, "Monument to Endurance": 1361, "Sunbillow Verge": 2031, "Zenith Flare": 2452, "Flicker of Fate": 776, "Heroic Intervention_SB": 958, "Polukranos Reborn_SB": 1556, "Azor, the Lawbringer": 140, "Emry, Lurker of the Loch": 662, "Jeskai Ascendancy": 1068, "Mishra's Research Desk": 1342, "Restless Spire": 1679, "Retraction Helix": 1682, "Saheeli, Sublime Artificer": 1749, "Tormod's Crypt": 2201, "Devout Decree_SB": 540, "Strangle_SB": 2015, "Valley Floodcaller_SB": 2307, "Valorous Stance_SB": 2309, "Mukotai Ambusher": 1377, "Bloodghast": 212, "Molt Tender": 1350, "Driven // Despair_SB": 604, "Ashiok, Wicked Manipulator_SB": 116, "Anim Pakal, Thousandth Moon": 78, "Basri, Tomorrow's Champion": 160, "Embercleave": 651, "Plaza of Heroes": 1553, "Skrelv, Defector Mite": 1897, "Urza's Ruinous Blast_SB": 2296, "The Speed Demon": 2141, "Intimidation Tactics_SB": 1032, "Doppelgang": 573, "Fires of Victory": 769, "Maestros Theater": 1272, "Shigeki, Jukai Visionary": 1858, "Virtue of Strength": 2334, "Worldsoul's Rage": 2425, "Bonny Pall, Clearcutter_SB": 233, "Roxanne, Starfall Savant_SB": 1727, "Nowhere to Run_SB": 1440, "Feed the Cycle": 747, "Hostile Investigator": 987, "Rankle's Prank": 1617, "Freestrider Lookout": 805, "Ghost Vacuum": 833, "Ketramose, the New Dawn": 1119, "Restless Cottage": 1675, "Scrabbling Claws": 1781, "Legion's End_SB": 1188, "Mosswood Dreadknight_SB": 1370, "Pest Control_SB": 1533, "Tear Asunder_SB": 2085, "Willowrush Verge": 2402, "Optimistic Scavenger_SB": 1481, "Leyline of Resonance": 1196, "Dreadmaw's Ire": 594, "Deep-Cavern Bat_SB": 508, "Legion Extruder_SB": 1185, "Commercial District": 408, "Innkeeper's Talent_SB": 1019, "Oildeep Gearhulk": 1459, "Commune with Spirits": 412, "Goro-Goro, Disciple of Ryusei": 883, "Itzquinth, Firstborn of Gishath": 1052, "Kari Zev, Skyship Raider": 1092, "Radha, Heart of Keld": 1598, "Redshift, Rocketeer Chief": 1650, "Rockfall Vale": 1715, "Ruby, Daring Tracker": 1731, "Feed the Clan_SB": 746, "Scorching Dragonfire_SB": 1776, "Bleachbone Verge": 200, "Caves of Koilos": 331, "Detention Chariot": 537, "Tune Up": 2232, "Kaya the Inexorable_SB": 1099, "Starnheim Unleashed_SB": 1989, "Thundering Broodwagon": 2175, "Cave of the Frost Dragon": 328, "Mardu Woe-Reaper": 1295, "Benthic Biomancer": 174, "Cenote Scout": 339, "Deeproot Pilgrimage": 509, "Kumena, Tyrant of Orazca": 1160, "Mindspring Merfolk": 1336, "Tishana's Tidebinder": 2183, "Tidebinder Mage_SB": 2178, "Bloodchief's Thirst_SB": 211, "Eaten Alive_SB": 619, "Secure the Wastes": 1804, "Make Disappear_SB": 1280, "Castle Garenbrig": 311, "Leyline Binding_SB": 1192, "Sire of Seven Deaths_SB": 1892, "Ugin, the Spirit Dragon_SB": 2249, "Dragonlord Dromoka": 581, "Ashiok, Nightmare Weaver": 113, "Jace's Defeat_SB": 1057, "Fearless Swashbuckler": 742, "Gastal Thrillroller": 819, "Hazoret, Godseeker": 933, "Clockwork Percussionist": 387, "Skullcrack": 1899, "Roast_SB": 1711, "Memory Deluge_SB": 1318, "Boommobile": 235, "Fomori Vault": 787, "Glint-Nest Crane": 859, "Hedron Archive": 942, "Paradox Engine": 1515, "Portal of Sanctuary": 1562, "Prophetic Prism": 1575, "Repurposing Bay": 1667, "Snow-Covered Mountain": 1929, "Terrarion": 2103, "The Enigma Jewel": 2125, "The Mightstone and Weakstone": 2131, "Thran Spider": 2167, "Workshop Assistant": 2424, "Lantern of the Lost_SB": 1171, "Liberator, Urza's Battlethopter_SB": 1202, "Noxious Gearhulk_SB": 1442, "Shrapnel Slinger_SB": 1871, "Inspiring Overseer": 1027, "Norin, Swift Survivalist": 1434, "Agatha of the Vile Cauldron": 49, "Big Score": 179, "Chandra, Acolyte of Flame_SB": 350, "Untimely Malfunction_SB": 2285, "Pawpatch Formation": 1524, "Wastewood Verge": 2378, "Collector's Cage": 397, "Dusk Rose Reliquary": 617, "Overgrown Farmland": 1497, "Parting Gust": 1518, "Sandstorm Salvager": 1757, "Teething Wurmlet": 2087, "Murderous Cut": 1380, "Unlicensed Hearse": 2278, "Anguished Unmaking_SB": 77, "Kaya, Orzhov Usurper_SB": 1103, "Call of the Death-Dweller": 280, "Drownyard Temple": 609, "Narcomoeba": 1394, "Prized Amalgam": 1571, "Quag Feast": 1588, "Empyrean Eagle": 659, "Lofty Denial": 1242, "Selfless Spirit": 1813, "Dewdrop Cure_SB": 542, "Mindlink Mech_SB": 1335, "Pest Control": 1532, "Defiant Strike": 512, "Illuminator Virtuoso": 1004, "Gods Willing_SB": 878, "Avishkar Raceway": 136, "Fuel the Flames_SB": 811, "Skycrash_SB": 1904, "Gifted Aetherborn": 843, "Murderous Rider": 1382, "Sign in Blood": 1873, "Sea Gate Restoration": 1790, "Dig Through Time_SB": 546, "Ashiok, Nightmare Muse_SB": 112, "Giant Killer_SB": 840, "Beseech the Mirror": 175, "Kazuul's Toll Collector": 1107, "Shardmage's Rescue_SB": 1840, "Immersturm Raider": 1005, "The Speed Demon_SB": 2142, "Expedite": 697, "Biting-Palm Ninja_SB": 187, "Burnout Bashtronaut": 270, "Draconautics Engineer": 577, "Fanatical Firebrand": 730, "Hobgoblin Bandit Lord": 971, "Howlsquad Heavy": 990, "Krenko, Mob Boss": 1154, "Goblin Ringleader_SB": 875, "Volley Veteran_SB": 2355, "Harrier Strix": 922, "Hypnotic Grifter": 997, "Omen Hawker": 1465, "The Reality Chip": 2135, "Training Grounds": 2211, "Witness Protection": 2416, "Basilisk Collar_SB": 159, "Waste Not_SB": 2375, "Foulmire Knight": 798, "Swiftfoot Boots_SB": 2062, "Fry_SB": 809, "Collision // Colossus": 400, "Overprotect_SB": 1507, "Stock Up": 2001, "Shoot the Sheriff": 1863, "Riverpyre Verge": 1704, "Strangle": 2014, "Temple of Epiphany": 2095, "Liliana, the Last Hope_SB": 1228, "Concealing Curtains": 415, "Blade Historian": 193, "Jirina, Dauntless General": 1073, "Kitesail Larcenist": 1128, "Pyre of Heroes": 1583, "Secluded Courtyard": 1802, "Unclaimed Territory": 2259, "Jirina, Dauntless General_SB": 1074, "Night Clubber_SB": 1411, "Riptide Gearhulk_SB": 1696, "Aegis Turtle_SB": 40, "Up the Beanstalk_SB": 2288, "Battle at the Bridge": 163, "Mephitic Draught": 1321, "Snow-Covered Swamp": 1931, "Spire of Industry": 1972, "Battle at the Bridge_SB": 164, "Assassin's Trophy": 117, "Analyze the Pollen": 67, "Ride's End": 1689, "Cleansing Wildfire": 378, "Crumble to Dust": 450, "Encroaching Wastes": 663, "Gnottvold Slumbermound": 866, "Haphazard Bombardment": 919, "Jaya's Greeting": 1066, "Paradise Druid": 1514, "Ravager Wurm": 1625, "Rootbound Crag": 1721, "Rowan, Scholar of Sparks": 1726, "Rubble Reading": 1729, "Sheltered Thicket": 1850, "Structural Distortion": 2021, "Sylvan Primordial": 2067, "Territory Forge": 2104, "Twin Bolt": 2235, "Voyaging Satyr": 2360, "Herbology Instructor_SB": 952, "Nissa's Defeat_SB": 1418, "Peak Eruption_SB": 1528, "Reclamation Sage_SB": 1643, "Scrabbling Claws_SB": 1782, "Dreadhorde Arcanist": 592, "Hazoret the Fervent": 930, "Ashiok, Nightmare Muse": 111, "Murderous Cut_SB": 1381, "Borrowed Hostility": 239, "Honest Rutstein": 975, "Malakir Rebirth": 1281, "The Filigree Sylex_SB": 2126, "Barbed Batterfist": 154, "Webstrike Elite": 2386, "Yahenni's Expertise": 2434, "Commit // Memory_SB": 410, "Demilich_SB": 516, "Progenitor Mimic": 1574, "Banefire": 150, "Koma, Cosmos Serpent_SB": 1144, "Nylea's Presence": 1448, "Steel Seraph": 1994, "Phyrexian Censor": 1538, "Nimble Larcenist_SB": 1414, "Commune with Dinosaurs": 411, "Ghalta, Primal Hunger": 831, "Marauding Raptor": 1288, "Pugnacious Hammerskull": 1582, "Rampaging Raptor": 1615, "Regal Imperiosaur": 1655, "Regisaur Alpha": 1656, "Ripjaw Raptor": 1693, "Champion of the Perished": 347, "Cryptbreaker": 454, "Dark Salvation": 477, "Dread Wanderer": 590, "Relentless Dead": 1659, "Wayward Servant": 2381, "Zahur, Glory's Past": 2450, "Crippling Fear_SB": 447, "Experimental Synthesizer": 704, "Violent Urge_SB": 2329, "Boon of Boseiju": 236, "Wakeroot Elemental": 2366, "Esika's Chariot_SB": 685, "Luminarch Aspirant": 1260, "Hidetsugu Consumes All": 960, "Fighter Class": 763, "Flowerfoot Swordmaster": 783, "Mabel, Heir to Cragflame": 1266, "Chainsaw_SB": 345, "Nettle Guard_SB": 1408, "Sword of Forge and Frontier_SB": 2064, "Flameblade Adept": 772, "Highway Robbery": 966, "Maximize Velocity": 1310, "Ox of Agonas": 1508, "Birgi, God of Storytelling_SB": 184, "Lightning Axe_SB": 1213, "Expedition Map_SB": 699, "Stock Up_SB": 2002, "Samut's Sprint": 1753, "Wrenn and Realmbreaker": 2428, "Depopulate_SB": 525, "Unsubstantiate_SB": 2284, "Omen of the Dead_SB": 1467, "Lost Jitte": 1254, "Bloodchief's Thirst": 210, "Combat Research": 405, "Lazav, Wearer of Faces": 1177, "Medomai the Ageless": 1315, "Thalia, Heretic Cathar_SB": 2113, "Guardian of Faith": 903, "Fires of Victory_SB": 770, "Gods Willing": 877, "Riptide Gearhulk": 1695, "Saheeli, Sublime Artificer_SB": 1750, "Kumena's Speaker": 1159, "Eidolon of the Great Revel_SB": 626, "Quick Study": 1593, "Carnage Tyrant": 294, "Festering Gulch": 754, "Elder Gargaroth_SB": 631, "Fog_SB": 786, "Gather Courage_SB": 822, "Roaring Furnace && Steaming Sauna": 1707, "Nahiri, the Unforgiving_SB": 1393, "Bitter Reunion": 188, "Vampires' Vengeance": 2312, "Etali, Primal Conqueror_SB": 691, "Katilda, Dawnhart Martyr": 1095, "Feather, the Redeemed": 743, "Loran's Escape_SB": 1251, "Feather, the Redeemed_SB": 744, "Restless Fortress": 1676, "Ruin-Lurker Bat": 1733, "Healer's Hawk": 935, "Essence Channeler": 687, "Exemplar of Light": 695, "Linden, the Steadfast Queen": 1231, "Leyline of Hope": 1195, "Authority of the Consuls": 131, "Scoured Barrens": 1779, "Rogue's Passage": 1716, "Dewdrop Cure": 541, "Afterburner Expert": 46, "Omnivorous Flytrap": 1475, "Agatha's Soul Cauldron_SB": 51, "Kozilek's Return_SB": 1149, "Teferi, Hero of Dominaria_SB": 2089, "Void Rend_SB": 2348, "Ox of Agonas_SB": 1509, "Twinshot Sniper": 2237, "Keruga, the Macrosage": 1117, "Agent of Treachery_SB": 52, "Twinshot Sniper_SB": 2238, "Anzrag, the Quake-Mole": 87, "Temple of Abandon": 2092, "Tamiyo's Safekeeping": 2077, "Tear Asunder": 2084, "Blot Out": 222, "Scrapshooter": 1784, "Questing Beast": 1590, "Thrun, Breaker of Silence": 2171, "Nissa, Ascended Animist": 1420, "Tyrranax Rex": 2240, "Nissa, Ascended Animist_SB": 1421, "Shifting Ceratops_SB": 1857, "Hornet Queen_SB": 984, "Adorned Pouncer": 37, "Arahbo, the First Fang": 92, "Open the Armory": 1476, "Roadside Reliquary": 1706, "Sacred Cat": 1746, "Skyknight Squire": 1905, "Satoru Umezawa": 1760, "Play with Fire_SB": 1552, "Out of Air_SB": 1491, "Cry of the Carnarium": 452, "Kaya, Orzhov Usurper": 1102, "Soul-Guide Lantern": 1948, "The End": 2123, "Calamity's Wake_SB": 278, "Exorcise_SB": 696, "Spontaneous Mutation_SB": 1979, "Exquisite Firecraft": 705, "Raucous Carnival": 1622, "Curse of Shaken Faith_SB": 467, "Painter's Studio // Defaced Gallery": 1512, "Chance for Glory_SB": 348, "Magmatic Chasm_SB": 1278, "Requisition Raid_SB": 1669, "Shrapnel Blast_SB": 1870, "Sorin, Vengeful Bloodlord_SB": 1943, "Tireless Tracker_SB": 2182, "Kiora's Follower": 1122, "Merfolk Mistbinder": 1322, "Merfolk Trickster_SB": 1324, "Mockingbird_SB": 1349, "Smuggler's Copter_SB": 1921, "Mosswood Dreadknight": 1369, "Lovestruck Beast": 1258, "Debris Beetle": 501, "Mystic Repeal_SB": 1388, "Epic Downfall_SB": 679, "Builder's Talent": 265, "Sunder the Gateway": 2033, "Nullhide Ferox_SB": 1444, "Cavalier of Flame": 326, "Kitsa, Otterball Elite": 1129, "Rona, Herald of Invasion": 1720, "Valley Floodcaller": 2306, "Abhorrent Oculus_SB": 22, "Reckless Stormseeker": 1640, "Rocketeer Boostbuggy": 1713, "The Akroan War": 2116, "Bladestitched Skaab": 196, "Lazotep Reaver": 1179, "Rotten Reunion_SB": 1723, "The Scarab God_SB": 2138, "Loran's Escape": 1250, "Blessed Defiance_SB": 202, "Enduring Tenacity_SB": 671, "Cruelclaw's Heist_SB": 449, "Knight of Grace": 1135, "Swan Song_SB": 2058, "Skyclave Cleric": 1903, "Ajani, Strength of the Pride_SB": 56, "Chandra, Spark Hunter_SB": 355, "Growth Spiral": 899, "Ill-Timed Explosion_SB": 1002, "Bomat Courier": 227, "Phoenix Chick": 1536, "Tasigur, the Golden Fang": 2083, "Gideon of the Trials": 841, "Azor, the Lawbringer_SB": 141, "The Scarab God": 2137, "Radiant Flames_SB": 1599, "Mortify": 1367, "Fog": 785, "Gaea's Blessing": 815, "Haze of Pollen": 929, "Jace, the Perfected Mind": 1061, "Tamiyo, Collector of Tales": 2079, "Union of the Third Path": 2274, "Winds of Qal Sisma": 2405, "Carnage Tyrant_SB": 295, "Creeping Chill": 446, "Silversmote Ghoul": 1883, "Drannith Ruins": 588, "Thought-Knot Seer": 2160, "Wasteland Strangler": 2376, "Phyrexian Fleshgorger": 1541, "Ifnir Deadlands": 1000, "Bearer of Silence": 168, "Knight of the Ebon Legion": 1137, "Deep-Cavern Bat": 507, "Caustic Bronco": 320, "Reality Smasher_SB": 1632, "Doom Foretold": 568, "Nine-Lives Familiar": 1417, "Rite of Oblivion": 1698, "Starfield of Nyx": 1988, "Kaya's Wrath_SB": 1101, "Necromentia_SB": 1401, "Fuel the Flames": 810, "Gix's Command_SB": 847, "Sorin the Mirthless_SB": 1942, "Shoot the Sheriff_SB": 1864, "Turntimber Symbiosis": 2234, "Graf Reaver_SB": 884, "Kraul Whipcracker_SB": 1151, "Maelstrom Pulse_SB": 1270, "Dive Down_SB": 562, "Fear of Impostors": 738, "Riptide Chimera": 1694, "Fear of Impostors_SB": 739, "Fleecemane Lion": 774, "Witchstalker_SB": 2411, "Acererak the Archlich": 30, "Gwenna, Eyes of Gaea": 908, "Relic of Legends": 1660, "Yasharn, Implacable Earth": 2435, "Felonious Rage": 752, "Selfless Glyphweaver_SB": 1811, "Blood Spatter Analysis": 209, "Soul-Scar Mage_SB": 1951, "Regal Bunnicorn": 1654, "Demonic Bargain": 520, "Osseous Sticktwister": 1485, "Korvold, Fae-Cursed King": 1145, "Korvold, Fae-Cursed King_SB": 1146, "Dive Down": 561, "Jace Reawakened_SB": 1056, "Blessed Defiance": 201, "Homestead Courage": 974, "Guardian of New Benalia": 905, "Phyrexian Dragon Engine": 1540, "Seasoned Hallowblade": 1800, "The Mycosynth Gardens": 2133, "Burning Earth_SB": 268, "Alrund's Epiphany": 63, "Loot, the Pathfinder": 1247, "Nissa, Who Shakes the World": 1425, "Obliterating Bolt_SB": 1453, "Bedeck // Bedazzle_SB": 169, "Cease // Desist_SB": 333, "Fugitive Codebreaker": 812, "Consign // Oblivion": 420, "Favored Hoplite": 737, "Flowstone Infusion": 784, "Sejiri Shelter": 1808, "Tenth District Legionnaire": 2101, "Invasion of New Phyrexia_SB": 1041, "Clifftop Lookout": 383, "Dreamdew Entrancer": 598, "Dreamroot Cascade": 599, "Insidious Fungus": 1024, "Loot, Exuberant Explorer": 1246, "Risen Reef": 1697, "Tangled Florahedron": 2081, "Healer of the Glade_SB": 934, "Tale's End_SB": 2076, "Wilt_SB": 2404, "Ashiok, Wicked Manipulator": 115, "Dreams of Steel and Oil": 600, "Elspeth Conquers Death_SB": 643, "Gisa, the Hellraiser_SB": 846, "Ride's End_SB": 1690, "Omen of the Sun": 1469, "Omen of the Sun_SB": 1470, "Enduring Courage": 666, "Beseech the Mirror_SB": 176, "Experimental Confectioner": 702, "Forbidden Friendship": 789, "Case of the Gateway Express_SB": 305, "Collective Effort_SB": 396, "Forge Devil_SB": 792, "Perilous Snare_SB": 1531, "Commence the Endgame_SB": 407, "Monastery Mentor": 1356, "Seeker of the Way_SB": 1806, "Redcap Melee": 1647, "Calix, Guided by Fate": 279, "Jukai Naturalist": 1076, "Royal Treatment": 1728, "Setessan Champion": 1821, "Trapped in the Screen": 2215, "Weaver of Harmony": 2385, "Ghostly Dancers_SB": 836, "Trapped in the Screen_SB": 2216, "The Birth of Meletis": 2119, "Cryptolith Rite": 458, "Bottomless Pool && Locker Room": 243, "Bottomless Pool && Locker Room_SB": 244, "Hidetsugu's Second Rite": 962, "Knockout Blow": 1139, "Eidolon of Blossoms": 622, "Eidolon of Blossoms_SB": 623, "Seal from Existence_SB": 1794, "Ob Nixilis, the Adversary": 1451, "Incubation Druid": 1012, "Interplanar Beacon": 1029, "Kaya the Inexorable": 1098, "Mistrise Village": 1345, "Nicol Bolas, Dragon-God": 1410, "Ral Zarek": 1608, "Tamiyo, Field Researcher": 2080, "Vraska, Betrayal's Sting": 2363, "Kunoros, Hound of Athreos_SB": 1161, "Tersa Lightshatter": 2105, "Mox Jasper": 1375, "Mistrise Village_SB": 1346, "Elspeth, Storm Slayer": 646, "United Battlefront": 2275, "Voice of Victory": 2344, "Sunder the Gateway_SB": 2034, "Voice of Victory_SB": 2345, "Qarsi Revenant": 1586, "Qarsi Revenant_SB": 1587, "Descendant of Storms": 528, "Rakdos's Return_SB": 1606, "Cemetery Illuminator": 336, "Muraganda Raceway": 1379, "Case of the Crimson Pulse": 302, "Dragonfire Blade": 580, "Lavaspur Boots_SB": 1174, "Cease // Desist": 332, "Cram Session": 441, "Fell": 751, "Insatiable Avarice": 1020, "The Biblioplex": 2118, "Valgavoth's Onslaught": 2302, "Containment Breach_SB": 424, "Environmental Sciences_SB": 678, "Introduction to Annihilation_SB": 1036, "Mascot Exhibition_SB": 1301, "Pest Summoning_SB": 1534, "Cori-Steel Cutter": 431, "Wild Ride": 2399, "Cori-Steel Cutter_SB": 432, "Rot-Curse Rakshasa": 1722, "History of Benalia": 969, "The Restoration of Eiganjo": 2136, "Katilda, Dawnhart Prime": 1097, "Songcrafter Mage": 1939, "Three Tree City": 2170, "Militia Bugler_SB": 1334, "Strategic Betrayal": 2016, "Caustic Exhale": 322, "Dispelling Exhale": 556, "Foul-Tongue Invocation": 797, "Marang River Regent": 1285, "Scavenger Regent": 1771, "Silumgar's Scorn": 1877, "Caustic Exhale_SB": 323, "Strategic Betrayal_SB": 2017, "Desperate Measures": 531, "Dragonskull Summit": 584, "Sunpearl Kirin": 2040, "Flashfreeze_SB": 773, "Treasure Map": 2222, "Archangel Elspeth": 97, "Painter's Studio && Defaced Gallery": 1511, "This Town Ain't Big Enough_SB": 2157, "Faceless Haven_SB": 719, "Stormscale Scion": 2011, "Stormscale Scion_SB": 2012, "Metamorphic Alteration": 1329, "Not on My Watch_SB": 1436, "Of One Mind": 1458, "Jaya, Fiery Negotiator": 1067, "Banishing Slash": 153, "Gurmag Angler": 906, "Murderous Rider_SB": 1383, "Cori Mountain Monastery": 430, "Stormwing Entity": 2013, "United Battlefront_SB": 2276, "Icon of Ancestry": 998, "Fire Prophecy": 766, "Warden of the Grove": 2369, "Surrak, Elusive Hunter_SB": 2055, "Paradoxical Outcome_SB": 1516, "White Sun's Twilight_SB": 2397, "Break Out": 252, "Masked Vandal": 1302, "Fanatical Firebrand_SB": 731, "Gruul Charm_SB": 900, "Decadent Dragon_SB": 502, "Liliana, Death's Majesty": 1224, "Urgent Necropsy": 2294, "Scavenger's Talent_SB": 1773, "Ygra, Eater of All_SB": 2440, "Runed Halo": 1738, "Undead Sprinter_SB": 2261, "Boros Reckoner": 238, "Crackling Drake": 438, "Phyrexian Obliterator": 1542, "Atarka's Command_SB": 122, "Craterhoof Behemoth": 444, "Decisive Denial": 503, "Ebondeath, Dracolich": 620, "Ertai's Scorn": 681, "Rakshasa's Bargain": 1607, "Rewind": 1687, "Unwind": 2286, "Awaken the Honored Dead_SB": 138, "Deathmark_SB": 497, "Gaze of Granite_SB": 823, "Lutri, the Spellchaser_SB": 1264, "Shadows' Verdict_SB": 1830, "Specter's Shriek_SB": 1960, "Thrun, Breaker of Silence_SB": 2172, "Abrade": 23, "Elspeth, Storm Slayer_SB": 647, "Collected Company_SB": 393, "Herald of Eternal Dawn_SB": 951, "Sixth Sense": 1893, "Kaya's Ghostform": 1100, "Hammerhand": 917, "Aqueous Form": 91, "Cartouche of Solidarity": 298, "Doorkeeper Thrull_SB": 572, "Yathan Roadwatcher": 2437, "Selfless Savior": 1812, "Legion Angel": 1182, "Wojek Investigator": 2421, "Legion Angel_SB": 1183, "Apostle of Purifying Light_SB": 89, "Long Goodbye": 1244, "Severance Priest": 1826, "Jeskai Revelation": 1069, "Ray of Frost_SB": 1627, "Bontu's Last Reckoning_SB": 234, "Deafening Silence": 494, "Hardened Scales": 920, "Fiery Annihilation_SB": 759, "Dragonlord Silumgar": 583, "Painful Truths": 1510, "Search for Azcanta": 1795, "Supreme Will": 2050, "Contraband Kingpin_SB": 427, "Village Rites": 2326, "Llanowar Visionary": 1240, "Crash Through": 442, "Ugin, Eye of the Storms": 2247, "Robber of the Rich_SB": 1712, "Greedy Freebooter": 894, "Shambling Ghast": 1835, "Hangarback Walker": 918, "Marketback Walker": 1299, "Diabolic Intent": 543, "Scrapwork Mutt": 1786, "Gleaming Barrier": 855, "Liliana's Standard Bearer": 1223, "The Sibsig Ceremony": 2140, "Callous Bloodmage_SB": 282, "Friendly Teddy": 807, "Experiment One": 700, "Kitesail Freebooter_SB": 1127, "Muerra, Trash Tactician": 1376, "Cut // Ribbons": 468, "Dusk Legion Zealot": 616, "Markov Baron": 1300, "Patchwork Banner": 1521, "Bedevil_SB": 170, "Champion of Dusk_SB": 346, "Deadly Dispute_SB": 491, "Soul Transfer_SB": 1947, "Devilish Valet": 539, "Runaway Steam-Kin": 1734, "Grinning Ignus": 897, "Hazoret's Monument": 932, "Light Up the Night": 1207, "Cemetery Prowler_SB": 338, "Nissa, Steward of Elements_SB": 1423, "Kishla Village": 1125, "Izzet Charm": 1054, "Stormchaser's Talent_SB": 2010, "Rampaging Ferocidon": 1613, "Spring-Loaded Sawblades": 1981, "Dennick, Pious Apprentice_SB": 524, "Shiko, Paragon of the Way": 1859, "Slaughter Games_SB": 1911, "Shadows' Verdict": 1829, "The Book of Exalted Deeds_SB": 2121, "Sokenzan, Crucible of Defiance_SB": 1935, "Baneslayer Angel_SB": 152, "Silent Hallcreeper": 1876, "Ashiok, Nightmare Weaver_SB": 114, "Evolved Sleeper": 694, "Tenacious Underdog_SB": 2100, "Rediscover the Way": 1649, "Balmor, Battlemage Captain": 147, "Sram, Senior Edificer": 1984, "Wizard's Retort_SB": 2419, "Shapers' Sanctuary": 1837, "Clever Lumimancer": 382, "Niv-Mizzet, Parun": 1427, "Sweltering Suns": 2059, "Omnath, Locus of the Roil": 1473, "Lilah, Undefeated Slickshot": 1220, "Tolsimir, Friend to Wolves_SB": 2194, "Giant Growth": 838, "Heritage Reclamation_SB": 956, "Brimaz, King of Oreskos": 256, "Intimidation Tactics": 1031, "Liliana, Dreadhorde General_SB": 1225, "Marang River Regent_SB": 1286, "Katilda, Dawnhart Martyr_SB": 1096, "Fountainport Bell": 802, "Gonti, Lord of Luxury_SB": 882, "Spirit-Sister's Call": 1975, "Bandit's Talent_SB": 149, "Frontline Rush": 808, "Mortify_SB": 1368, "Treasure Cruise_SB": 2221, "Drake Hatcher": 585, "Canyon Slough": 290, "Captain Lannery Storm": 292, "Charming Scoundrel": 364, "Goldhound": 879, "Goldspan Dragon": 880, "Kalain, Reclusive Painter": 1086, "Marionette Master": 1297, "Reckless Fireweaver": 1635, "Sticky Fingers": 1998, "Treasure Vault": 2223, "Vraska's Contempt": 2362, "Karn, Scion of Urza_SB": 1093, "Moment of Craving_SB": 1353, "Ratchet Bomb_SB": 1619, "Unlicensed Disintegration_SB": 2277, "Eshki Dragonclaw": 683, "Herd Heirloom": 953, "The Huntsman's Redemption": 2127, "Seal from Existence": 1793, "Amonkhet Raceway": 66, "Illness in the Ranks_SB": 1003, "Phyrexian Arena_SB": 1537, "Shore Up": 1865, "Aetherflux Reservoir_SB": 45, "Shore Up_SB": 1866, "Abbot of Keral Keep": 19, "Anax, Hardened in the Forge": 68, "Incendiary Flow": 1011, "Invigorated Rampage": 1043, "Rimrock Knight": 1692, "Dire Fleet Daredevil_SB": 548, "Flame-Blessed Bolt_SB": 771, "Sword of Once and Future_SB": 2065, "Magebane Lizard": 1274, "Virulent Plague_SB": 2335, "Sunset Revelry": 2043, "Unexpected Windfall": 2267, "Worldspine Wurm": 2426, "Xenagos, God of Revels": 2431, "Arboreal Grazer_SB": 95, "Defabricate_SB": 511, "Herald of Eternal Dawn": 950, "Skrelv's Hive": 1896, "Collector's Cage_SB": 398, "Vaultborn Tyrant_SB": 2318, "Plargg, Dean of Chaos": 1550, "Reluctant Role Model": 1661, "Ajani, Strength of the Pride": 55, "Hushbringer_SB": 995, "Ureni, the Song Unending": 2292, "Dire Tactics": 549, "Order of Midnight": 1483, "Doom Whisperer_SB": 570, "Virtue of Courage": 2330, "Ball Lightning": 146, "Scytheclaw Raptor_SB": 1789, "Cathartic Reunion": 318, "Ancient Imperiosaur": 72, "Gastal Thrillroller_SB": 820, "Invasion of Ergamon": 1037, "Duelist of the Mind": 612, "Portent of Calamity": 1565, "Extraordinary Journey": 713, "Concerted Defense_SB": 416, "Rapid Hybridization_SB": 1618, "Hooting Mandrills": 976, "Jin-Gitaxias, Progress Tyrant_SB": 1072, "Smuggler's Surprise_SB": 1923, "Toxrill, the Corrosive_SB": 2208, "Awaken the Honored Dead": 137, "Ghostly Dancers": 835, "Heliod, the Radiant Dawn_SB": 946, "Chandra, Hope's Beacon": 354, "Obscura Storefront": 1456, "Disfigure_SB": 554, "Blue Sun's Twilight": 224, "Conduit Pylons": 417, "Ipnu Rivulet": 1046, "Outcaster Greenblade": 1492, "Voltage Surge": 2356, "Fae of Wishes_SB": 723, "Koth, Fire of Resistance_SB": 1147, "Anger of the Gods": 74, "Drake Hatcher_SB": 586, "Ashen Rider": 109, "Baleful Mastery": 145, "Agonizing Remorse_SB": 53, "Gurmag Nightwatch": 907, "Secrets of the Key": 1803, "Vineglimmer Snarl": 2327, "Port Town": 1558, "Mystic Reflection": 1387, "Heroic Intervention": 957, "Emergence Zone": 654, "Augmenter Pugilist": 126, "Augur of Autumn": 127, "Simic Charm": 1884, "Fortified Village": 796, "Biovisionary": 182, "Repudiate // Replicate_SB": 1666, "Chord of Calling_SB": 365, "Baird, Steward of Argive_SB": 143, "Glorybringer": 865, "Mizzium Mortars": 1347, "Cartouche of Zeal": 300, "Skylasher_SB": 1906, "Not on My Watch": 1435, "Scattered Thoughts": 1769, "Nature's Rhythm": 1400, "Dryad's Revival": 611, "Mabel, Heir to Cragflame_SB": 1267, "Wear Down_SB": 2383, "Slagstorm_SB": 1909, "Stern Dismissal_SB": 1996, "Repel the Abominable": 1664, "Repel the Abominable_SB": 1665, "Slaughter Singer": 1912, "Venerated Rotpriest": 2322, "The Seedcore": 2139, "Crawling Chorus": 445, "Annex Sentry": 79, "Bloated Contaminator": 205, "Jawbone Duelist": 1065, "Overprotect": 1506, "Ajani, Sleeper Agent_SB": 54, "Phyrexian Censor_SB": 1539, "Tyvar's Stand_SB": 2243, "Annex Sentry_SB": 80, "Melira, the Living Cure_SB": 1316, "Niv-Mizzet, Visionary_SB": 1430, "Dispel_SB": 555, "Despark_SB": 530, "Dennick, Pious Apprentice": 523, "Angrath, the Flame-Chained_SB": 76, "Dark Petition_SB": 476, "Hornet Queen": 983, "Ojer Taq, Deepest Foundation": 1462, "Pyroclasm": 1584, "Unlucky Witness": 2280, "Ritual of Soot_SB": 1701, "Vampires' Vengeance_SB": 2313, "Lord Skitter, Sewer King": 1252, "Tomik, Distinguished Advokist_SB": 2196, "Hearth Elemental": 937, "Sanguine Evangelist_SB": 1759, "Consuming Fervor": 423, "Aetherflux Reservoir": 44, "Mountain_SB": 1372, "Smoldering Egg": 1919, "Inscribed Tablet": 1021, "Scourge of the Skyclaves": 1780, "Warlock Class": 2371, "Lich-Knights' Conquest": 1203, "Silent Gravestone_SB": 1875, "Ulcerate_SB": 2252, "Kaervek, the Spiteful_SB": 1079, "Ovalchase Daredevil": 1496, "Portal to Phyrexia": 1563, "Can't Stay Away_SB": 288, "Feldon, Ronom Excavator": 750, "Infuriate_SB": 1016, "Wandering Mind": 2367, "Colossal Skyturtle": 401, "Mirrorshell Crab": 1339, "Teferi, Who Slows the Sunset": 2090, "Chaos Wand_SB": 361, "Dissection Tools_SB": 559, "Jace, the Perfected Mind_SB": 1062, "Recommission_SB": 1645, "Abbot of Keral Keep_SB": 20, "Clarion Conqueror_SB": 376, "Rabbit Battery": 1597, "Faerie Dreamthief": 724, "Steamcore Scholar": 1993, "Winternight Stories": 2406, "Unholy Annex // Ritual Chamber_SB": 2273, "Seasons Past": 1801, "Defabricate": 510, "Immortal Phoenix_SB": 1006, "Cunning Coyote_SB": 465, "Yuna, Hope of Spira": 2445, "Blisterpod": 204, "Cartel Aristocrat": 297, "Rally the Ancestors": 1612, "Sephiroth, Fabled SOLDIER": 1818, "Starting Town": 1990, "Heliod, Sun-Crowned_SB": 944, "Ruthless Lawbringer_SB": 1743, "Abuelo's Awakening": 28, "Summon: Knights of Round": 2028, "Joshua, Phoenix's Dominant": 1075, "Lightwheel Enhancements": 1219, "Disenchant_SB": 553, "Dark Confidant_SB": 474, "Kroxa and Kunoros": 1155, "Terra, Magical Adept": 2102, "Vivi Ornitier": 2337, "Ishgard, the Holy See": 1050, "Unflinching Courage": 2268, "Unflinching Courage_SB": 2269, "Vivi Ornitier_SB": 2338, "Eiganjo, Seat of the Empire_SB": 628, "Demon Wall": 519, "Fire Magic_SB": 765, "Twinmaw Stormbrood_SB": 2236, "Crumbling Vestige": 451, "Echoing Deeps": 621, "Glimpse the Core": 858, "Hour of Promise": 989, "The Wandering Minstrel": 2146, "Kura, the Boundless Sky_SB": 1162, "Maelstrom of the Spirit Dragon_SB": 1271, "Toski, Bearer of Secrets_SB": 2205, "Opera Love Song": 1478, "Surrak, Elusive Hunter": 2054, "Esper Origins": 686, "Cecil, Dark Knight": 334, "Dark Confidant": 473, "Gix, Yawgmoth Praetor": 848, "Vren, the Relentless_SB": 2365, "Cryptcaller Chariot": 455, "Furnace Reins_SB": 814, "Kitesail Freebooter": 1126, "Lantern Scout_SB": 1170, "Market Gnome": 1298, "Ancient Adamantoise": 70, "Buster Sword": 274, "Freya Crescent": 806, "Smitten Swordmaster": 1918, "Quicken_SB": 1595, "Alesha, Who Laughs at Fate": 58, "Zack Fair": 2448, "Bile Blight": 180, "Ruthless Negotiation_SB": 1744, "Staggering Insight": 1986, "Sporogenic Infection_SB": 1980, "Roaring Furnace // Steaming Sauna": 1709, "Al Bhed Salvagers": 57, "Tocasia's Welcome": 2191, "Warbriar Blessing": 2368, "Slip Out the Back_SB": 1917, "The Raven Man": 2134, "Gryff's Boon_SB": 902, "Demolition Field_SB": 518, "Rune of Sustenance_SB": 1737, "Disturbing Mirth": 560, "Rite of Oblivion_SB": 1699, "Runed Halo_SB": 1739, "Doomsday Excruciator_SB": 571, "Cloud of Darkness_SB": 388, "Outrageous Robbery_SB": 1495, "Rain of Revelation": 1603, "Ultima": 2253, "Shatter the Sky_SB": 1844, "Saiba Cryptomancer_SB": 1752, "Lindblum, Industrial Regency": 1229, "Sphinx's Tutelage": 1968, "The Water Crystal": 2149, "Eject_SB": 629, "Lindblum, Industrial Regency_SB": 1230, "Blossoming Defense_SB": 219, "Ureni, the Song Unending_SB": 2293, "Cloud, Midgar Mercenary": 389, "Machinist's Arsenal": 1268, "Paladin's Arms": 1513, "Raubahn, Bull of Ala Mhigo": 1621, "Hinterland Harbor": 967, "Summon: Leviathan": 2029, "Hullbreaker Horror": 991, "Titan of Industry_SB": 2186, "Search for Azcanta_SB": 1796, "Bonders' Enclave": 230, "Nissa's Pilgrimage": 1419, "Ulamog, the Ceaseless Hunger": 2250, "Old-Growth Troll_SB": 1464, "Emet-Selch, Unsundered": 658, "Lazav, the Multifarious": 1178, "Valentin, Dean of the Vein": 2300, "Astrologian's Planisphere": 120, "Sunscorched Desert": 2042, "Camellia, the Seedmiser_SB": 286, "Insidious Fungus_SB": 1025, "Massacre Girl_SB": 1304, "Trail of Crumbs_SB": 2210, "Webstrike Elite_SB": 2387, "Embercleave_SB": 652, "Mox Amber_SB": 1374, "Retraction Helix_SB": 1683, "Kefka, Court Mage": 1110, "Revival // Revenge": 1686, "Vampire Socialite": 2310, "Legion Lieutenant": 1186, "Vito, Thorn of the Dusk Rose": 2336, "Vampire of the Dire Moon": 2311, "Voldaren Bloodcaster_SB": 2351, "Florian, Voldaren Scion_SB": 781, "Exsanguinate": 707, "Hedge Shredder": 941, "Return the Favor_SB": 1685, "Kogla and Yidaro_SB": 1141, "Stingerback Terror": 1999, "Mistbreath Elder": 1344, "Lightning, Army of One": 1218, "Isareth the Awakener": 1049, "Urza's Ruinous Blast": 2295, "Venat, Heart of Hydaelyn": 2320, "Liliana, the Last Hope": 1227, "Didn't Say Please": 544, "Ruin Crab": 1732, "Merfolk Windrobber": 1325, "Essence Scatter": 689, "Field of Ruin_SB": 757, "Rush of Adrenaline": 1742, "Channeled Dragonfire": 360, "Stadium Headliner": 1985, "Roil Eruption": 1717, "Reckless Lackey": 1637, "Founding the Third Path": 799, "No One Left Behind": 1433, "Thassa's Oracle": 2114, "Heritage Reclamation": 955, "Riverchurn Monument_SB": 1702, "Skrelv, Defector Mite_SB": 1898, "Roiling Dragonstorm": 1718, "End the Festivities": 664, "Raze the Effigy_SB": 1628, "Midgar, City of Mako": 1331, "Sorceress's Schemes": 1940, "Goblin Chainwhirler": 872, "Halvar, God of Battle_SB": 916, "Unexpected Request_SB": 2266, "Binding the Old Gods": 181, "Tireless Tracker": 2181, "Jaddi Offshoot_SB": 1064, "Linvala, the Preserver_SB": 1233, "The Wandering Minstrel_SB": 2147, "Disdainful Stroke": 551, "Scatter Ray": 1767, "Refute": 1653, "Sinister Sabotage": 1888, "Cornered by Black Mages": 433, "Sunken Hollow": 2039, "Temple of Deceit": 2093, "Eliminate_SB": 640, "Cemetery Illuminator_SB": 337, "Enter the God-Eternals_SB": 675, "Lotleth Troll": 1255, "Nullhide Ferox": 1443, "Smuggler's Surprise": 1922, "Speaker of the Heavens": 1959, "Delney, Streetwise Lookout": 514, "Leyline of Transformation": 1198, "Forest_SB": 791, "Restoration Magic_SB": 1681, "Storm Herald_SB": 2005, "Cartouche of Solidarity_SB": 299, "Void Rend": 2347, "Haunted Dead": 924, "Driven // Despair": 603, "Quag Feast_SB": 1589, "Storm Herald": 2004, "Disruptive Stormbrood": 557, "Burning Anger": 267, "Colossification": 403, "Snow-Covered Swamp_SB": 1932, "Shattered Sanctum_SB": 1846, "Concealed Courtyard_SB": 414, "Shadowy Backstreet_SB": 1834, "Doom Foretold_SB": 569, "Hopeful Vigil_SB": 978, "(THB) 117_SB": 15, "(DMU) 244_SB": 4, "(WOE) 95_SB": 18, "(M20) 94_SB": 10, "(SLD) 325_SB": 13, "(BRO) 16_SB": 1, "(STX) 72_SB": 14, "(FDN) 704_SB": 7, "(BLB) 83_SB": 0, "(OTJ) 108_SB": 12, "(BRO) 26_SB": 2, "(WOE) 29_SB": 17, "(DAR) 213_SB": 3, "(KLR) 84_SB": 8, "(LCI) 128_SB": 9, "(DSK) 111_SB": 5, "(MID) 112_SB": 11, "(THB) 121_SB": 16, "(FDN) 137_SB": 6, "Thunder Magic_SB": 2174, "Auroral Procession": 130, "Omnath, Locus of Creation_SB": 1472, "Jidoor, Aristocratic Capital": 1071, "Capital City": 291, "Sin, Spira's Punishment": 1887, "Ugin, the Spirit Dragon": 2248, "Forsaken Monument": 794, "Wastes": 2377, "Haven of the Spirit Dragon": 926, "Crystal Grotto": 460, "Warping Wail": 2372, "The Celestus": 2122, "Adventurer's Inn": 38, "Patchwork Automaton_SB": 1520, "Languish": 1168, "Ritual of Soot": 1700, "Drag the Canal_SB": 578, "Dwarven Mine": 618, "Dragon Fodder": 579, "Hordeling Outburst": 980, "Lukka, Coppercoat Outcast": 1259, "Satyr's Cunning": 1763, "Ral's Reinforcements": 1609, "Song of Totentanz": 1938, "Cavalcade of Calamity_SB": 324, "Impact Tremors_SB": 1009, "Mechanized Warfare_SB": 1314, "Torbran, Thane of Red Fell_SB": 2198, "Temple of Enlightenment": 2094, "Coveted Falcon": 437, "Resolute Strike": 1671, "Great Arashin City": 892, "Nissa, Voice of Zendikar_SB": 1424, "Elvish Archivist": 649, "Saheeli, Filigree Master_SB": 1748, "Touch the Spirit Realm_SB": 2207, "March of Otherworldly Light_SB": 1290, "Self-Destruct": 1809, "Stormcarved Coast_SB": 2008, "Undead Butler": 2260, "Willow Geist": 2401, "Miscast_SB": 1340, "Matoya, Archon Elder_SB": 1308, "Blossoming Tortoise": 220, "Blossoming Tortoise_SB": 221, "Summon: Leviathan_SB": 2030, "Aether Channeler": 41, "Aether Channeler_SB": 42, "Leyline of Transformation_SB": 1199}}