{"vocabulary": {"Torch the Tower": 2698, "Consider": 488, "Spirebluff Canal": 2417, "Otawara, Soaring City": 1819, "Riverglide Pathway": 2105, "Treasure Cruise": 2724, "Opt": 1806, "Picklock Prankster": 1895, "Sleight of Hand": 2345, "Stormcarved Coast": 2455, "Proft's Eidetic Memory": 1936, "Island": 1306, "Arclight Phoenix": 106, "Steam Vents": 2441, "Artist's Talent": 111, "Shivan Reef": 2282, "Lightning Axe": 1493, "Spell Pierce": 2400, "Into the Flood Maw": 1285, "Fiery Impulse": 899, "Brazen Borrower": 288, "Anger of the Gods_SB": 65, "Mystical Dispute_SB": 1698, "Brazen Borrower_SB": 289, "Negate_SB": 1717, "Annul_SB": 73, "Torch the Tower_SB": 2699, "Abrade_SB": 4, "Unlicensed Hearse_SB": 2790, "Third Path Iconoclast_SB": 2636, "Proft's Eidetic Memory_SB": 1937, "Bonecrusher Giant": 261, "Soul-Scar Mage": 2386, "Screaming Nemesis": 2197, "Monastery Swiftspear": 1665, "Emberheart Challenger": 770, "Lightning Strike": 1498, "Reckless Rage": 2021, "Play with Fire": 1907, "Monstrous Rage": 1667, "Kumano Faces Kakkazan": 1435, "Sokenzan, Crucible of Defiance": 2369, "Ramunap Ruins": 1995, "Den of the Bugbear": 614, "Mountain": 1679, "Witchstalker Frenzy": 2949, "Hazoret the Fervent_SB": 1162, "Rending Volley_SB": 2054, "Witchstalker Frenzy_SB": 2950, "Twisted Fealty_SB": 2750, "Pyroclasm_SB": 1953, "Redcap Melee_SB": 2032, "Chandra's Defeat_SB": 408, "Jegantha, the Wellspring_SB": 1327, "Plains": 1905, "Branchloft Pathway": 283, "Eiganjo, Seat of the Empire": 742, "Temple Garden": 2555, "Brushland": 311, "Razorverge Thicket": 2008, "Righteous Valkyrie": 2092, "Bishop of Wings": 206, "Skyclave Apparition": 2331, "Giada, Font of Hope": 1016, "Resplendent Angel": 2065, "Kayla's Reconstruction": 1370, "Collected Company": 460, "Elvish Mystic": 766, "Llanowar Elves": 1518, "Inspiring Overseer": 1276, "Enduring Innocence": 784, "Anointed Peacekeeper_SB": 77, "Archon of Emeria_SB": 104, "Portable Hole_SB": 1920, "Rest in Peace_SB": 2068, "Back to Nature_SB": 153, "Sheoldred, the Apocalypse": 2273, "Archfiend of the Dross": 99, "Fable of the Mirror-Breaker": 839, "Unholy Annex // Ritual Chamber": 2783, "Unstoppable Slasher": 2796, "Heartless Act": 1171, "Go for the Throat": 1061, "Blade of the Oni": 217, "Fear of Missing Out": 875, "Bloodtithe Harvester": 245, "Fatal Push": 864, "Thoughtseize": 2647, "Duress": 717, "Takenuma, Abandoned Mire": 2530, "Urborg, Tomb of Yawgmoth": 2811, "Blazemire Verge": 222, "Sulfurous Springs": 2480, "Haunted Ridge": 1157, "Swamp": 2509, "Blackcleave Cliffs": 213, "Mutavault": 1693, "Blightstep Pathway": 229, "Blood Crypt": 233, "Anoint with Affliction_SB": 75, "Withering Torment_SB": 2955, "Hidetsugu Consumes All_SB": 1198, "Extinction Event_SB": 832, "Invoke Despair_SB": 1300, "Leyline of the Void_SB": 1480, "Temporal Trespass": 2565, "Galvanic Iteration": 982, "Crackling Drake_SB": 514, "Narset, Parter of Veils_SB": 1708, "Fiery Impulse_SB": 900, "Greasefang, Okiba Boss": 1106, "Kroxa, Titan of Death's Hunger": 1433, "Overlord of the Balemurk": 1832, "Parhelion II": 1857, "Skysovereign, Consul Flagship": 2338, "Bitter Triumph": 211, "Vanishing Verse": 2836, "Battlefield Forge": 184, "Concealed Courtyard": 481, "Elegant Parlor": 751, "Godless Shrine": 1086, "Sacred Foundry": 2152, "Duress_SB": 718, "Elesh Norn, Mother of Machines_SB": 755, "Fatal Push_SB": 865, "Reckoner Bankbuster_SB": 2026, "Vanishing Verse_SB": 2837, "Castle Locthwain": 369, "Reckoner Bankbuster": 2025, "Go Blank_SB": 1059, "Case of the Stashed Skeleton": 361, "Extinction Event": 831, "Fountainport": 953, "Sheoldred's Edict": 2271, "Transmogrify": 2717, "Valgavoth, Terror Eater": 2823, "Volcanic Spite": 2875, "Damping Sphere_SB": 556, "Ob Nixilis, the Adversary_SB": 1776, "Sire of Insanity_SB": 2320, "Untimely Malfunction_SB": 2802, "Bloodletter of Aclazotz": 241, "Invoke Despair": 1299, "Graveyard Trespasser": 1103, "Field of Ruin": 895, "Hive of the Eye Tyrant": 1208, "Caustic Bronco_SB": 379, "Misery's Shadow_SB": 1647, "Sheoldred, the Apocalypse_SB": 2274, "Cut Down_SB": 554, "March of Wretched Sorrow_SB": 1579, "The Meathook Massacre_SB": 2608, "Ashiok, Dream Render_SB": 117, "Graveyard Trespasser_SB": 1104, "Mana Confluence": 1568, "Inspiring Vantage": 1277, "Shadowy Backstreet": 2253, "Wear // Tear_SB": 2916, "Nahiri, the Harbinger_SB": 1703, "Kutzil's Flanker_SB": 1440, "Beza, the Bounding Spring": 200, "Caretaker's Talent": 349, "Carrot Cake": 353, "Castle Ardenvale": 366, "Collector's Cage": 465, "Demolition Field": 606, "Emeria's Call": 773, "Get Lost": 1005, "High Noon": 1202, "March of Otherworldly Light": 1574, "Nykthos, Shrine to Nyx": 1769, "Overlord of the Mistmoors": 1837, "Sunfall": 2487, "Sunken Citadel": 2490, "The Birth of Meletis": 2592, "The Wandering Emperor": 2623, "Wedding Announcement": 2921, "Beza, the Bounding Spring_SB": 201, "Destroy Evil_SB": 629, "Heliod's Intervention_SB": 1177, "Knockout Blow_SB": 1412, "Warping Wail_SB": 2907, "Yorion, Sky Nomad_SB": 2987, "Kellan, Daring Traveler": 1377, "Aven Interrupter": 140, "Thalia, Guardian of Thraben": 2582, "Archon of Emeria": 103, "Werefox Bodyguard": 2926, "Shefet Dunes": 2267, "Elite Spellbinder": 756, "Dromoka's Command": 707, "Virtue of Loyalty": 2854, "Gideon, Ally of Zendikar_SB": 1026, "Brutal Cathar_SB": 313, "Elite Spellbinder_SB": 757, "The Wandering Emperor_SB": 2624, "Werefox Bodyguard_SB": 2927, "Dromoka's Command_SB": 708, "Deserted Beach": 623, "Dovin's Veto": 674, "Farewell": 861, "Floodfarm Verge": 924, "Hall of Storm Giants": 1134, "Hallowed Fountain": 1135, "Memory Deluge": 1608, "Meticulous Archive": 1623, "Narset, Parter of Veils": 1707, "No More Lies": 1748, "Portable Hole": 1919, "Restless Anchorage": 2069, "Supreme Verdict": 2500, "Teferi, Hero of Dominaria": 2552, "Kutzil's Flanker": 1439, "Hullbreaker Horror_SB": 1233, "Leyline of Sanctity_SB": 1477, "High Noon_SB": 1203, "Callous Sell-Sword": 340, "Claim // Fame": 441, "Dreadhorde Arcanist": 690, "Heartfire Hero": 1169, "Infuriate": 1264, "Manifold Mouse": 1569, "Slickshot Show-Off": 2348, "Feed the Swarm_SB": 884, "Magebane Lizard_SB": 1559, "Thoughtseize_SB": 2648, "Kolaghan's Command": 1417, "Chandra, Torch of Defiance_SB": 418, "Go for the Throat_SB": 1062, "Kolaghan's Command_SB": 1418, "Feed the Swarm": 883, "Torpor Orb_SB": 2704, "Liliana of the Veil_SB": 1502, "Cling to Dust": 453, "Loran of the Third Path_SB": 1529, "Ghost Vacuum_SB": 1014, "Cavern of Souls": 388, "Forest": 939, "Hushwood Verge": 1237, "Indatha Triome": 1257, "Leyline Binding": 1470, "Overlord of the Floodpits": 1835, "Overlord of the Hauntwoods": 1836, "Up the Beanstalk": 2805, "Watery Grave": 2913, "Yorion, Sky Nomad": 2986, "Zagoth Triome": 2996, "Zur, Eternal Schemer": 3010, "Get Lost_SB": 1006, "Thought Distortion_SB": 2643, "Breeding Pool": 292, "Drowned Catacomb": 712, "Flicker of Fate": 920, "Glacial Fortress": 1034, "Overgrown Tomb": 1831, "Raffine's Tower": 1972, "Spara's Headquarters": 2393, "Spelunking": 2405, "Sunpetal Grove": 2494, "Woodland Cemetery": 2966, "Dovin's Veto_SB": 675, "Rush of Dread": 2148, "Mazemind Tome": 1602, "Path of Peril_SB": 1863, "Necromentia_SB": 1712, "Moon-Circuit Hacker": 1671, "Gloomlake Verge": 1049, "Darkslick Shores": 561, "Mockingbird": 1655, "Faerie Miscreant": 853, "Clearwater Pathway": 448, "Floodpits Drowner": 925, "Spyglass Siren": 2430, "Kaito, Bane of Nightmares": 1343, "Enduring Curiosity": 782, "Disdainful Stroke_SB": 647, "Spell Pierce_SB": 2401, "Kaito Shizuki_SB": 1342, "Ledger Shredder": 1460, "Liliana of the Veil": 1501, "Anoint with Affliction": 74, "Beacon Bolt_SB": 185, "Brotherhood's End_SB": 310, "Prismari Command_SB": 1933, "Archdruid's Charm": 96, "Boseiju, Who Endures": 274, "Cavalier of Thorns": 384, "Cityscape Leveler": 439, "Elder Gargaroth": 744, "Kiora, Behemoth Beckoner": 1391, "Lair of the Hydra": 1445, "Old-Growth Troll": 1788, "Outcaster Trailblazer": 1825, "Polukranos Reborn": 1914, "Storm the Festival": 2454, "Ulvenwald Oddity": 2764, "Wolfwillow Haven": 2963, "Pick Your Poison_SB": 1894, "Prowling Serpopard_SB": 1946, "Questing Beast_SB": 1958, "Tail Swipe_SB": 2528, "Thrun, Breaker of Silence_SB": 2662, "Thassa's Oracle_SB": 2587, "Atraxa, Grand Unifier": 132, "Elesh Norn, Mother of Machines": 754, "Enigmatic Incarnation": 789, "Glasspool Mimic": 1041, "Glissa Sunslayer": 1046, "Linvala, the Preserver": 1510, "Nowhere to Run": 1759, "Noxious Gearhulk": 1761, "Nylea's Presence": 1771, "Overlord of the Boilerbilges": 1834, "Raugrin Triome": 2000, "Renegade Rallier": 2055, "Roaring Furnace // Steaming Sauna": 2112, "Stomping Ground": 2452, "Thornspire Verge": 2641, "Titan of Industry": 2681, "Tranquil Frillback": 2714, "Ziatora's Proving Ground": 3003, "Chandra, Awakened Inferno_SB": 411, "Nezahal, Primal Tide_SB": 1720, "Ruric Thar, the Unbowed_SB": 2147, "Candy Trail": 345, "Pillage the Bog": 1900, "Pawpatch Formation": 1866, "Abrupt Decay": 5, "Beseech the Mirror": 197, "Scapeshift": 2176, "Splendid Reclamation": 2421, "Echoing Deeps": 732, "Hidden Necropolis": 1194, "Lotus Field": 1538, "Mystic Sanctuary": 1697, "Valgavoth's Lair": 2821, "Arid Archway": 107, "Blooming Marsh": 247, "Temple of Malady": 2559, "Temple of Malice": 2560, "Nowhere to Run_SB": 1760, "Pawpatch Formation_SB": 1867, "Mazemind Tome_SB": 1603, "Vraska, Golgari Queen_SB": 2893, "Gwenna, Eyes of Gaea": 1129, "Acererak the Archlich": 11, "Rona, Herald of Invasion": 2124, "Cacophony Scamp": 333, "Titan's Strength": 2683, "Ancestral Anger": 59, "Turn Inside Out": 2742, "Lithomantic Barrage_SB": 1515, "End the Festivities_SB": 779, "Screaming Nemesis_SB": 2198, "Roiling Vortex_SB": 2122, "Scorching Shot_SB": 2187, "Soul-Guide Lantern_SB": 2385, "Witch's Oven": 2947, "Mayhem Devil": 1600, "Scavenger's Talent": 2180, "Cauldron Familiar": 377, "Deadly Dispute": 575, "Ygra, Eater of All": 2984, "Claim the Firstborn": 443, "Haywire Mite_SB": 1160, "Castle Vantress": 371, "Day's Undoing": 569, "Deduce": 594, "Geier Reach Sanitarium": 1000, "Irrigated Farmland": 1304, "Lay Down Arms": 1456, "Prairie Stream": 1926, "Aether Gust_SB": 25, "Farewell_SB": 862, "Kaheera, the Orphanguard_SB": 1340, "Shark Typhoon_SB": 2262, "Cathar Commando_SB": 374, "Bala Ged Recovery": 156, "Dark Petition": 558, "Emergent Ultimatum": 771, "Fae of Wishes": 848, "Hidden Strings": 1196, "Lier, Disciple of the Drowned": 1482, "Lush Portico": 1548, "Omniscience": 1800, "Pore Over the Pages": 1916, "Soul Partition": 2380, "Strict Proctor": 2468, "Sylvan Scrying": 2523, "Thespian's Stage": 2628, "Vizier of Tumbling Sands": 2864, "Approach of the Second Sun_SB": 82, "Elder Gargaroth_SB": 745, "Emergent Ultimatum_SB": 772, "Glistening Deluge_SB": 1048, "Nine Lives_SB": 1734, "Silence_SB": 2301, "Sphinx of the Final Word_SB": 2407, "Temporary Lockdown_SB": 2567, "Voyaging Satyr_SB": 2888, "Zacama, Primal Calamity_SB": 2994, "Dragonlord Dromoka_SB": 680, "Inti, Seneschal of the Sun": 1281, "Rockface Village": 2117, "Reckless Rage_SB": 2022, "Urabrask's Forge_SB": 2808, "Hallowed Moonlight": 1136, "Three Steps Ahead": 2657, "Change the Equation_SB": 420, "Divine Smite_SB": 660, "Botanical Sanctum": 277, "Dig Through Time": 640, "Ketria Triome": 1388, "Wish": 2946, "Impulse": 1255, "Bond of Insight": 259, "Silundi Vision": 2305, "Into the Flood Maw_SB": 1286, "Lier, Disciple of the Drowned_SB": 1483, "Niv-Mizzet, Parun_SB": 1744, "Llanowar Wastes": 1520, "Hidetsugu Consumes All": 1197, "Ob Nixilis, the Adversary": 1775, "Raucous Theater": 1999, "Anointed Peacekeeper": 76, "Voice of Resurgence": 2866, "Guardian of Faith_SB": 1123, "Scrapshooter": 2193, "Leyline of the Guildpact": 1478, "Oath of Nissa": 1773, "Invasion of Ixalan": 1294, "Cityscape Leveler_SB": 440, "Emrakul, the Promised End_SB": 776, "Monstrous Emergence_SB": 1666, "Obstinate Baloth_SB": 1781, "Setessan Petitioner_SB": 2242, "Scrapshooter_SB": 2194, "Archfiend of the Dross_SB": 100, "Fires of Invention": 910, "Heliod, the Radiant Dawn": 1179, "Kenrith, the Returned King": 1382, "Savai Triome": 2169, "Sulfur Falls": 2479, "Temporary Lockdown": 2566, "Tolsimir, Friend to Wolves": 2691, "Touch the Spirit Realm": 2707, "Keruga, the Macrosage_SB": 1384, "Koma, Cosmos Serpent_SB": 1419, "Krenko's Buzzcrusher_SB": 1427, "The Stone Brain_SB": 2622, "Arasta of the Endless Web_SB": 88, "Skysovereign, Consul Flagship_SB": 2339, "Favored Hoplite": 869, "Illuminator Virtuoso": 1246, "Gods Willing": 1087, "Loran's Escape": 1530, "Homestead Courage": 1212, "Defiant Strike": 600, "Needleverge Pathway": 1715, "Spikefield Hazard": 2412, "Demonic Ruckus": 611, "Showdown of the Skalds_SB": 2292, "Light of Hope_SB": 1491, "Sheltered by Ghosts_SB": 2270, "Den of the Bugbear_SB": 615, "Molten Collapse": 1659, "Dreadmaw's Ire": 694, "Heartless Act_SB": 1172, "Aclazotz, Deepest Betrayal_SB": 13, "Arboreal Grazer": 89, "Temple of Mystery": 2561, "Hedge Maze": 1173, "Yavimaya Coast": 2983, "Cut Down": 553, "Caves of Koilos": 390, "Shattered Sanctum": 2264, "Cry of the Carnarium_SB": 535, "Ritual of Soot_SB": 2104, "Deafening Silence_SB": 580, "Optimistic Scavenger": 1807, "Generous Visitor": 1003, "Hardened Scales": 1146, "Shardmage's Rescue": 2259, "Spirited Companion": 2420, "Jukai Naturalist": 1335, "Sheltered by Ghosts": 2269, "Calix, Guided by Fate": 336, "Eidolon of Blossoms": 737, "Innkeeper's Talent": 1267, "Shapers' Sanctuary_SB": 2258, "Surge of Salvation_SB": 2505, "Curse of Silence_SB": 551, "Reidane, God of the Worthy_SB": 2046, "Deadly Cover-Up_SB": 574, "Burning-Tree Emissary": 324, "Reckless Bushwhacker": 2018, "Cunning Coyote": 545, "Atarka's Command": 130, "Aloe Alchemist": 50, "Copperline Gorge": 499, "Karplusan Forest": 1357, "Cragcrown Pathway": 516, "Cindervines_SB": 435, "Kari Zev's Expertise_SB": 1354, "Rampaging Ferocidon_SB": 1993, "Restless Reef": 2073, "Faerie Mastermind": 851, "Underground River": 2777, "Soaring Thought-Thief": 2368, "Thieves' Guild Enforcer": 2630, "Drown in the Loch": 711, "Jwari Disruption": 1337, "Tishana's Tidebinder_SB": 2680, "Thundertrap Trainer": 2668, "Sphinx's Revelation": 2408, "Pest Control": 1879, "Undercity Sewers": 2775, "Restless Fortress": 2071, "Blood Baron of Vizkopa_SB": 232, "Kaya, Orzhov Usurper_SB": 1369, "Renounce the Guilds_SB": 2057, "Kaya, Intangible Slayer_SB": 1367, "Narset's Reversal_SB": 1706, "Kozilek's Return_SB": 1423, "Ghitu Lavarunner": 1011, "Wizard's Lightning": 2959, "Light Up the Stage": 1489, "Skewer the Critics": 2324, "Phyrexian Fleshgorger": 1888, "Murderous Rider": 1691, "Isolated Chapel": 1309, "Brightclimb Pathway": 296, "Grafdigger's Cage_SB": 1098, "Sheoldred's Edict_SB": 2272, "Censor": 398, "Hengegate Pathway": 1184, "Horned Loch-Whale": 1221, "Shark Typhoon": 2261, "Enduring Curiosity_SB": 783, "Adeline, Resplendent Cathar": 17, "Coppercoat Vanguard": 498, "Dauntless Bodyguard": 563, "Recruitment Officer": 2029, "Seachrome Coast": 2202, "Thalia's Lieutenant": 2581, "Extraction Specialist": 835, "Hopeful Initiate": 1218, "Veteran Survivor": 2847, "Adarkar Wastes": 16, "Declaration in Stone": 592, "Giant Killer": 1019, "Reflector Mage_SB": 2037, "Extraction Specialist_SB": 836, "Brimaz, King of Oreskos": 298, "Elspeth's Smite_SB": 760, "Collision // Colossus": 467, "Questing Druid": 1959, "Snakeskin Veil": 2360, "Destructive Revelry_SB": 630, "Stormchaser's Talent": 2456, "Fable of the Mirror-Breaker_SB": 840, "Settle the Wreckage_SB": 2245, "Fabled Passage": 841, "Indomitable Creativity": 1258, "Worldspine Wurm_SB": 2970, "Xenagos, God of Revels_SB": 2977, "Chandra, Torch of Defiance": 417, "Restless Vents": 2076, "Claim // Fame_SB": 442, "Ornithopter": 1812, "Aven Interrupter_SB": 141, "Chandra, Dressed to Kill": 412, "Eidolon of the Great Revel": 740, "Gruul Charm": 1117, "Hired Claw": 1206, "Leyline of Combustion": 1472, "Magebane Lizard": 1558, "Rampaging Ferocidon": 1992, "Razorkin Needlehead": 2004, "Scorching Dragonfire": 2184, "Torbran, Thane of Red Fell": 2697, "Goblin Chainwhirler_SB": 1068, "Scorching Dragonfire_SB": 2185, "Cache Grab": 332, "Darkbore Pathway": 560, "Gilded Goose": 1029, "Traverse the Ulvenwald": 2721, "Vinereap Mentor": 2852, "Vraska, Golgari Queen": 2892, "Abrupt Decay_SB": 6, "Languish": 1447, "Goddric, Cloaked Reveler": 1085, "Zurgo Bellstriker": 3012, "Claim the Firstborn_SB": 444, "Bushwhack": 329, "Pawpatch Recruit": 1868, "Bitter Triumph_SB": 212, "Molten Collapse_SB": 1660, "Case of the Crimson Pulse_SB": 357, "Beanstalk Giant": 186, "Clever Impersonator": 449, "Consign // Oblivion": 489, "Greater Tanuki": 1108, "Herd Migration": 1189, "Quintorius Kand": 1965, "Release to the Wind": 2047, "Spark Double": 2394, "Spinewoods Armadillo": 2413, "Trumpeting Carnosaur": 2738, "Virtue of Persistence": 2856, "Bedeck // Bedazzle_SB": 189, "Gyruda, Doom of Depths_SB": 1131, "Roaring Furnace && Steaming Sauna_SB": 2111, "Virtue of Persistence_SB": 2857, "Unholy Annex && Ritual Chamber": 2781, "Unholy Annex && Ritual Chamber_SB": 2782, "Kaito Shizuki": 1341, "Bring to Light": 302, "Deafening Clarion": 577, "Hostage Taker": 1224, "Jetmir's Garden": 1330, "Lightning Helix": 1495, "Nahiri, the Harbinger": 1702, "Niv-Mizzet Reborn": 1742, "Niv-Mizzet, Supreme": 1745, "Omnath, Locus of Creation": 1797, "Roaring Furnace && Steaming Sauna": 2110, "Sylvan Caryatid": 2519, "Unmoored Ego": 2793, "Valki, God of Lies": 2826, "Casualties of War_SB": 372, "Deafening Clarion_SB": 578, "Kambal, Consul of Allocation_SB": 1349, "Knight of Autumn_SB": 1403, "Agatha's Soul Cauldron": 35, "Forsaken Miner": 942, "Tree of Perdition": 2727, "Undead Sprinter": 2773, "Voldaren Thrillseeker": 2878, "Reckless Impulse": 2020, "Boros Charm": 269, "Chandra, Dressed to Kill_SB": 413, "Deflecting Palm_SB": 602, "Change the Equation": 419, "Baneslayer Angel_SB": 166, "Chrome Host Seedshark_SB": 432, "Elspeth, Sun's Champion_SB": 764, "Lyra Dawnbringer_SB": 1550, "Razorkin Needlehead_SB": 2005, "Sunspine Lynx_SB": 2498, "Jace, Wielder of Mysteries_SB": 1321, "Saheeli, Sublime Artificer_SB": 2154, "Tocasia's Welcome_SB": 2688, "Alpine Moon_SB": 53, "Supreme Verdict_SB": 2501, "Knight of Autumn": 1402, "Krenko's Buzzcrusher": 1426, "Xander's Lounge": 2975, "Yasharn, Implacable Earth_SB": 2981, "Barkchannel Pathway": 175, "Mausoleum Wanderer": 1597, "Spectral Sailor": 2398, "Rattlechains": 1997, "Shacklegeist": 2247, "Supreme Phantom": 2499, "Spell Queller": 2402, "Empyrean Eagle": 774, "Skyclave Apparition_SB": 2332, "Prismari Command": 1932, "Flip the Switch": 923, "Get Out": 1007, "Phantom Interference": 1882, "Negate": 1716, "Thundering Falls": 2667, "Memory Deluge_SB": 1609, "Cruelclaw's Heist_SB": 530, "Dreams of Steel and Oil_SB": 703, "Might of the Meek": 1628, "Dreadmaw's Ire_SB": 695, "Dispel_SB": 651, "Nylea's Intervention_SB": 1770, "Tranquil Frillback_SB": 2715, "Ral, Crackling Wit_SB": 1985, "The End_SB": 2599, "Brutal Cathar": 312, "Declaration in Stone_SB": 593, "Wedding Announcement_SB": 2922, "Clifftop Lookout": 451, "Conduit Pylons": 484, "Dreamdew Entrancer": 700, "Fading Hope": 846, "Fecund Greenshell": 879, "Insidious Fungus": 1274, "Ipnu Rivulet": 1301, "Kitnap": 1397, "Outcaster Greenblade": 1824, "Unable to Scream_SB": 2768, "Up the Beanstalk_SB": 2806, "The Cruelty of Gix_SB": 2597, "Anger of the Gods": 64, "Detention Sphere_SB": 633, "Kalitas, Traitor of Ghet_SB": 1347, "Searing Blood_SB": 2209, "Strict Proctor_SB": 2469, "Restless Prairie": 2072, "Untimely Malfunction": 2801, "Deathcap Glade": 582, "Mosswood Dreadknight": 1677, "Malicious Eclipse_SB": 1567, "Slickshot Show-Off_SB": 2349, "Shipwreck Marsh": 2281, "Spell Stutter": 2403, "Assassin's Trophy_SB": 127, "Tyvar, the Pummeler": 2756, "Geistlight Snare": 1001, "Lofty Denial": 1521, "Containment Priest_SB": 495, "Invasion of Gobakhan_SB": 1293, "Lofty Denial_SB": 1522, "Otherworldly Gaze": 1822, "Demilich": 604, "Overgrown Farmland": 1830, "Ajani, Sleeper Agent_SB": 42, "Tarrian's Journal": 2544, "Glissa Sunslayer_SB": 1047, "Galvanic Iteration_SB": 983, "Sweltering Suns_SB": 2513, "Battle Cry Goblin": 181, "Call of the Death-Dweller": 337, "Conspicuous Snoop": 491, "Fireblade Charger": 908, "Goblin Chainwhirler": 1067, "Rundvelt Hordemaster": 2141, "Skirk Prospector": 2325, "Zoyowa Lava-Tongue": 3009, "Exuberant Fuseling_SB": 838, "Reckless Bushwhacker_SB": 2019, "Squee, Dubious Monarch_SB": 2432, "Klothys, God of Destiny": 1400, "Notion Thief_SB": 1757, "Elspeth's Smite": 759, "Omen of the Sea": 1794, "General Kudro of Drannith": 1002, "Jirina, Dauntless General": 1332, "Reflector Mage": 2036, "Secluded Courtyard": 2215, "Thalia, Heretic Cathar": 2584, "Unclaimed Territory": 2772, "Werewolf Pack Leader": 2928, "Experiment One": 823, "Thalia, Guardian of Thraben_SB": 2583, "Young Pyromancer_SB": 2991, "Pithing Needle_SB": 1904, "Unholy Annex // Ritual Chamber_SB": 2784, "Darksteel Citadel": 562, "Ensoul Artifact": 790, "Gleaming Geardrake": 1043, "Shrapnel Blast": 2293, "Smuggler's Copter": 2357, "Voldaren Epicure": 2877, "Zoetic Glyph": 3005, "Legion Extruder": 1464, "Cryptic Coat": 538, "Shadowspear": 2251, "Cryptic Coat_SB": 539, "Demon of Dark Schemes_SB": 607, "Blot Out": 250, "Cruelclaw's Heist": 529, "Castle Embereth": 367, "Hostile Hostel": 1225, "Kenrith's Transformation_SB": 1381, "Honest Rutstein": 1213, "Kinnan, Bonder Prodigy": 1389, "Plaza of Heroes": 1910, "Relic of Legends": 2049, "Tamiyo's Safekeeping_SB": 2537, "Hazoret the Fervent": 1161, "Exquisite Firecraft_SB": 830, "Mox Amber": 1680, "Otawara, Soaring City_SB": 1820, "Intrepid Adversary": 1289, "Caustic Bronco": 378, "Tormod's Crypt_SB": 2703, "Castle Garenbrig": 368, "Keen-Eyed Curator": 1375, "Finale of Devastation": 906, "Keen-Eyed Curator_SB": 1376, "Thraben Inspector": 2652, "Novice Inspector": 1758, "Warden of the Inner Sky": 2903, "Gleeful Demolition": 1044, "Resolute Reinforcements": 2063, "Case of the Gateway Express": 359, "Imodane's Recruiter": 1248, "Venerated Loxodon": 2843, "Knight-Errant of Eos": 1409, "Enduring Innocence_SB": 785, "Welcoming Vampire": 2924, "Depopulate_SB": 618, "Bloodtithe Collector": 244, "Kytheon, Hero of Akros": 1444, "Brave the Elements": 286, "Esika's Chariot": 804, "Raffine's Informant": 1971, "Grisly Salvage": 1114, "Say Its Name": 2174, "Altanak, the Thrice-Called": 56, "Pelt Collector": 1875, "Evolving Adaptive": 816, "Break Out": 290, "Wildfire Wickerfolk": 2938, "Voltaic Brawler": 2883, "Kraul Harpooner_SB": 1424, "Embercleave_SB": 769, "Vengeful Possession_SB": 2845, "Duelist of the Mind": 716, "Steamcore Scholar": 2442, "Lightning Strike_SB": 1499, "Haywire Mite": 1159, "Withering Torment": 2954, "Sunfall_SB": 2488, "Barrier Breach_SB": 177, "Chandra, Hope's Beacon": 414, "Atraxa, Grand Unifier_SB": 133, "Stern Dismissal": 2445, "Bonders' Enclave": 260, "Nicol Bolas, Dragon-God": 1723, "Shadowspear_SB": 2252, "Armored Scrapgorger": 110, "Eldrazi Displacer": 746, "Devout Decree_SB": 635, "Archangel Elspeth_SB": 95, "Golgari Charm_SB": 1089, "Bedeck // Bedazzle": 188, "Commercial District": 476, "Cease // Desist_SB": 392, "Roaring Furnace // Steaming Sauna_SB": 2113, "Clockwork Percussionist": 455, "Warleader's Call": 2904, "Arabella, Abandoned Doll": 84, "Archon of Absolution_SB": 102, "Case of the Gateway Express_SB": 360, "Dark Betrayal_SB": 557, "Guardian of Faith": 1122, "Gyruda, Doom of Depths": 1130, "Consign // Oblivion_SB": 490, "Consecrate // Consume_SB": 487, "Vanquish the Horde_SB": 2838, "Discontinuity": 646, "Gates of Istfell": 994, "Leyline of Sanctity": 1476, "Settle the Wreckage": 2244, "Hallowed Moonlight_SB": 1137, "No More Lies_SB": 1749, "Glarb, Calamity's Augur": 1037, "Kroxa and Kunoros": 1432, "Ruric Thar, the Unbowed": 2146, "Sanctuary Warden": 2161, "Nimble Larcenist_SB": 1732, "Blue Sun's Twilight": 252, "Dreamroot Cascade": 701, "Rona's Vortex": 2123, "Cyclonic Rift": 555, "Colossal Skyturtle": 469, "Restless Vinestalk": 2077, "Scavenger Grounds": 2178, "Maximize Velocity_SB": 1599, "Helping Hand": 1183, "Valley Floodcaller": 2827, "Retraction Helix": 2078, "Surge of Salvation": 2504, "Tormod's Crypt": 2702, "Monastery Mentor_SB": 1664, "March of Otherworldly Light_SB": 1575, "Dragonskull Summit": 682, "Get Out_SB": 1008, "Chained to the Rocks": 400, "Abhorrent Oculus": 1, "Bonny Pall, Clearcutter": 263, "Elspeth Conquers Death_SB": 758, "Grand Abolisher_SB": 1099, "Vivien, Monsters' Advocate_SB": 2863, "Camellia, the Seedmiser": 342, "Silent Gravestone_SB": 2302, "Dream Trawler": 698, "Pest Control_SB": 1880, "Blood Crypt_SB": 234, "Imposing Sovereign": 1253, "Ancient Cornucopia": 60, "Clifftop Retreat": 452, "Hinterland Harbor": 1205, "Moon-Blessed Cleric": 1670, "Agent of Treachery_SB": 38, "Destiny Spinner_SB": 627, "Deep-Cavern Bat": 595, "Marvin, Murderous Mimic": 1585, "Vampires' Vengeance_SB": 2834, "Nighthawk Scavenger": 1727, "Thousand-Faced Shadow": 2650, "Kitesail Larcenist_SB": 1396, "Rhonas the Indomitable_SB": 2087, "Whisperwood Elemental_SB": 2932, "Polukranos Reborn_SB": 1915, "Doorkeeper Thrull_SB": 671, "Soulless Jailer_SB": 2389, "Brave the Elements_SB": 287, "Snow-Covered Mountain": 2365, "Snakeskin Veil_SB": 2361, "Glarb, Calamity's Augur_SB": 1038, "Ingenious Prodigy": 1265, "Culling Ritual_SB": 543, "Deadly Cover-Up": 573, "Shambling Vent": 2256, "Void Rend": 2871, "Reckless Stormseeker": 2023, "Thud": 2663, "Bamboo Grove Archer_SB": 160, "Sunken Citadel_SB": 2491, "Lukka, Coppercoat Outcast": 1542, "Tyvar, Jubilant Brawler": 2755, "Aetherflux Reservoir_SB": 27, "Deep-Cavern Bat_SB": 596, "Dig Through Time_SB": 641, "Mastermind's Acquisition_SB": 1595, "Mox Amber_SB": 1681, "Retraction Helix_SB": 2079, "Ugin, the Spirit Dragon_SB": 2759, "Faerie Mastermind_SB": 852, "Pick Your Poison": 1893, "Long Goodbye_SB": 1524, "Tomik, Distinguished Advokist_SB": 2694, "Languish_SB": 1448, "Silver Raven": 2306, "Leyline of Combustion_SB": 1473, "Season of the Burrow_SB": 2213, "Kroxa, Titan of Death's Hunger_SB": 1434, "Lion Sash": 1512, "Spinner of Souls": 2414, "Abyssal Harvester": 8, "Trail of Crumbs": 2711, "Angel of Serenity": 63, "Rootbound Crag": 2125, "Zur, Eternal Schemer_SB": 3011, "Serra Paragon": 2238, "Metropolis Reformer_SB": 1625, "Split Up_SB": 2423, "Burst Lightning": 327, "Experimental Synthesizer": 828, "Blast Zone_SB": 221, "Lantern of the Lost_SB": 1449, "Obosh, the Preypiercer_SB": 1780, "Scab-Clan Berserker_SB": 2175, "Fortified Beachhead": 943, "Knight-Errant of Eos_SB": 1410, "Boltwave": 255, "Highway Robbery": 1204, "Elenda, Saint of Dusk": 752, "Yasharn, Implacable Earth": 2980, "Elenda, Saint of Dusk_SB": 753, "Go Blank": 1058, "Kalitas, Traitor of Ghet": 1346, "Waste Not_SB": 2910, "High Fae Trickster_SB": 1201, "March of Swirling Mist_SB": 1577, "Slaughter Games_SB": 2341, "Invasion of Gobakhan": 1292, "Three Steps Ahead_SB": 2658, "Syr Ginger, the Meal Ender": 2524, "Kaito, Cunning Infiltrator": 1345, "Scrawling Crawler": 2196, "Voltage Surge_SB": 2882, "Brass Knuckles": 284, "Fabrication Foundry": 842, "Ingenious Smith": 1266, "Inventors' Fair": 1297, "Lavaspur Boots": 1453, "Leyline Axe": 1469, "Metalwork Colossus": 1620, "Moonsnare Prototype": 1673, "Sanctum of Ugin": 2162, "Simulacrum Synthesizer": 2316, "The Irencrag": 2605, "Wedding Invitation": 2923, "Metallic Rebuke_SB": 1619, "Mystic Forge_SB": 1695, "Defabricate": 599, "Careful Cultivation": 348, "Varragoth, Bloodsky Sire": 2839, "Assimilation Aegis": 129, "Fervent Champion": 891, "Goblin Tomb Raider": 1080, "Stern Dismissal_SB": 2446, "Aftermath Analyst": 32, "Annie Joins Up": 71, "Brokers Hideout": 308, "Cabaretti Courtyard": 331, "Emrakul, the Promised End": 775, "Lotus Cobra": 1537, "Lumra, Bellow of the Woods": 1545, "Nissa, Resurgent Animist": 1738, "Port of Karfell": 1918, "Riveteers Overlook": 2107, "The World Tree": 2627, "Zacama, Primal Calamity": 2993, "Radiant Flames_SB": 1970, "Reclamation Sage_SB": 2027, "Skullcrack_SB": 2330, "Authority of the Consuls": 138, "Split Up": 2422, "Thing in the Ice_SB": 2633, "March of Wretched Sorrow": 1578, "Evangel of Synthesis": 814, "Kiora, the Rising Tide": 1392, "Lively Dirge": 1516, "Raffine, Scheming Seer": 1973, "Collective Brutality_SB": 463, "Fragmentize_SB": 957, "Void Rend_SB": 2872, "Archangel Avacyn_SB": 93, "Eidolon of Rhetoric_SB": 739, "Vraska, Betrayal's Sting_SB": 2891, "Expedition Map": 821, "Ral, Crackling Wit": 1984, "Fiery Temper": 901, "Lightning Helix_SB": 1496, "Deeproot Pilgrimage": 598, "Unable to Scream": 2767, "Cenote Scout": 397, "Kumena's Speaker": 1436, "Vodalian Hexcatcher": 2865, "Kumena, Tyrant of Orazca": 1437, "Sentinel of the Nameless City": 2235, "Tidebinder Mage_SB": 2672, "Ashiok, Dream Render": 116, "Driven // Despair": 705, "Wail of the Forgotten": 2895, "Tome Scour": 2693, "Prized Amalgam": 1934, "Haunted Dead": 1156, "Narcomoeba": 1705, "Breaking // Entering": 291, "Founding the Third Path": 950, "Silversmote Ghoul": 2312, "Creeping Chill": 525, "Huskburster Swarm_SB": 1238, "Prosperous Innkeeper": 1941, "Camellia, the Seedmiser_SB": 343, "Prosperous Innkeeper_SB": 1942, "Trail of Crumbs_SB": 2712, "Forge Devil_SB": 941, "Blooming Blast": 246, "Gallia of the Endless Dance": 981, "Cemetery Gatekeeper_SB": 394, "Rottenmouth Viper": 2128, "Not on My Watch": 1754, "Mission Briefing": 1650, "Teferi, Hero of Dominaria_SB": 2553, "Weathered Runestone_SB": 2918, "Dawnbringer Cleric": 565, "Elspeth, Sun's Champion": 763, "Dream Trawler_SB": 699, "Restless Cottage": 2070, "Tear Asunder_SB": 2548, "Rite of the Moth": 2102, "Tainted Indulgence": 2529, "Zombify": 3006, "Legion Loyalist": 1466, "Searslicer Goblin": 2210, "Dropkick Bomber": 709, "Goblin Ringleader_SB": 1077, "Waste Not": 2909, "Blast Zone": 220, "The End": 2598, "Ashiok, Nightmare Muse": 118, "Ray of Enfeeblement_SB": 2002, "Brimaz, King of Oreskos_SB": 299, "Not on My Watch_SB": 1755, "Annul": 72, "Torment of Hailfire_SB": 2700, "Trostani, Three Whispers": 2737, "Sentinel of Lost Lore_SB": 2234, "Thespian's Stage_SB": 2629, "Underground Mortuary": 2776, "Drake Hatcher_SB": 683, "Lightning Axe_SB": 1494, "Selfless Glyphweaver": 2229, "Unmoored Ego_SB": 2794, "Outrageous Robbery_SB": 1828, "Banner of Kinship": 172, "Circle of Dreams Druid": 436, "Dwynen's Elite": 727, "Elvish Archdruid": 765, "Elvish Warmaster": 767, "Jaspera Sentinel": 1324, "Leaf-Crowned Visionary": 1459, "Three Tree City": 2659, "Peer into the Abyss": 1872, "Hostile Investigator": 1226, "Tinybones, Bauble Burglar": 2676, "Bandit's Talent": 161, "Kazandu Mammoth": 1372, "Hanweir Battlements": 1142, "Luminarch Aspirant": 1544, "Fateful Absence_SB": 867, "Response // Resurgence_SB": 2066, "Deathrite Shaman": 586, "Osteomancer Adept": 1818, "Priest of Forgotten Gods": 1930, "Rubblebelt Maverick": 2135, "Scorn-Blade Berserker": 2188, "Scrapheap Scrounger": 2192, "Stitcher's Supplier": 2448, "Insidious Roots": 1275, "Indulging Patrician": 1260, "Vito, Thorn of the Dusk Rose": 2859, "Heliod, Sun-Crowned": 1178, "Vampire of the Dire Moon": 2832, "Fountain of Renewal": 952, "Hooded Blightfang": 1215, "Scoured Barrens": 2189, "Revival // Revenge": 2084, "Voice of the Blessed": 2870, "Essence Channeler": 807, "Gifted Aetherborn": 1027, "Exorcise_SB": 819, "Access Tunnel": 10, "Can't Stay Away": 344, "Fracture_SB": 956, "Sorin, Vengeful Bloodlord_SB": 2379, "Filter Out_SB": 905, "Deathmark_SB": 584, "Chord of Calling": 430, "Citanul Stalwart": 437, "Realmwalker": 2014, "Shaman of the Pack": 2254, "Snow-Covered Forest": 2363, "Phyrexian Revoker_SB": 1891, "Sylvan Messenger_SB": 2520, "Lava Axe_SB": 1451, "Sprite Dragon": 2429, "Pyroclasm": 1952, "Cosmic Rebirth": 506, "Kykar, Zephyr Awakener": 1443, "Infestation Sage": 1263, "The Meathook Massacre": 2607, "Adeline, Resplendent Cathar_SB": 18, "Jadar, Ghoulcaller of Nephalia_SB": 1322, "Skrelv's Hive": 2326, "Sundown Pass": 2486, "Flicker of Fate_SB": 921, "Nahiri, the Unforgiving_SB": 1704, "Detention Sphere": 632, "Scavenging Ooze": 2182, "Smash to Smithereens_SB": 2353, "Dreadhorde Invasion": 692, "Saiba Cryptomancer": 2155, "Dokuchi Silencer_SB": 663, "Saiba Cryptomancer_SB": 2156, "Unstoppable Slasher_SB": 2797, "Starnheim Unleashed_SB": 2437, "Ajani, Sleeper Agent": 41, "Soul Partition_SB": 2381, "Splitskin Doll": 2424, "Bulk Up": 317, "Case of the Filched Falcon": 358, "The Akroan War_SB": 2590, "Skrelv, Defector Mite": 2328, "Dawnbringer Cleric_SB": 566, "Alms of the Vein": 49, "Demand Answers": 603, "Grab the Prize": 1096, "Markov Baron": 1584, "Nullpriest of Oblivion": 1766, "Skullcrack": 2329, "Blot Out_SB": 251, "Rakdos Joins Up": 1978, "Big Score": 202, "Kaya's Ghostform": 1364, "Valgavoth, Terror Eater_SB": 2824, "Joust Through_SB": 1334, "Cling to Dust_SB": 454, "The Akroan War": 2589, "Obliterating Bolt": 1777, "Halana and Alena, Partners": 1133, "The Huntsman's Redemption": 2604, "Arlinn, the Pack's Hope_SB": 108, "Parting Gust": 1858, "Youthful Valkyrie": 2992, "Collective Brutality": 462, "Faithful Mending": 854, "Stubborn Denial": 2472, "Maelstrom Pulse": 1553, "Genesis Wave": 1004, "Lush Oasis": 1547, "Samut, Tyrant Smasher": 2158, "Bouncer's Beatdown_SB": 280, "Boseiju, Who Endures_SB": 275, "Soulstone Sanctuary": 2392, "Valakut Awakening": 2819, "Colossus Hammer": 471, "Sigarda's Aid": 2298, "Blacksmith's Talent": 215, "Snow-Covered Plains": 2366, "Resolute Strike": 2064, "Kellan, the Fae-Blooded": 1379, "Loran's Escape_SB": 1531, "Thud_SB": 2664, "Authority of the Consuls_SB": 139, "Herald of Eternal Dawn_SB": 1186, "Regal Caracal_SB": 2042, "Crumb and Get It": 531, "Leyline of Resonance": 1475, "Obliterating Bolt_SB": 1778, "Unlucky Witness": 2792, "Dwarven Mine": 726, "Vaultborn Tyrant": 2840, "Skrelv's Hive_SB": 2327, "Voracious Hydra": 2884, "Ulamog, the Ceaseless Hunger": 2760, "Tyrranax Rex_SB": 2753, "Scavenging Ooze_SB": 2183, "Voracious Hydra_SB": 2885, "Curious Obsession": 549, "Witherbloom Command": 2952, "Courier's Briefcase": 510, "Mirrex": 1641, "Bitter Reunion": 210, "Mirrorshell Crab_SB": 1644, "Realm-Cloaked Giant": 2012, "Temple of Plenty": 2562, "Peer into the Abyss_SB": 1873, "The Cruelty of Gix": 2596, "The Witch's Vanity": 2626, "Gideon's Triumph": 1023, "Gideon Blackblade": 1021, "Gideon of the Trials": 1022, "Urza's Sylex": 2814, "Day of Judgment": 567, "Gideon, Ally of Zendikar": 1025, "Liliana, Dreadhorde General": 1505, "Ulamog, the Ceaseless Hunger_SB": 2761, "Audacity": 135, "Innkeeper's Talent_SB": 1268, "Blossoming Defense_SB": 249, "Wild Slash": 2936, "Atarka's Command_SB": 131, "Blossoming Defense": 248, "Outland Liberator_SB": 1826, "Voice of Resurgence_SB": 2867, "Hornet Queen_SB": 1223, "Cut // Ribbons": 552, "Escape Tunnel": 802, "Satoru, the Infiltrator": 2167, "Thalia, Heretic Cathar_SB": 2585, "Blitz of the Thunder-Raptor": 230, "Temple of Epiphany": 2558, "Long River's Pull": 1525, "Unsubstantiate": 2798, "Unsubstantiate_SB": 2799, "Sugar Coat_SB": 2478, "Kitsa, Otterball Elite": 1399, "Flameblade Adept": 916, "Hollow One": 1210, "Ox of Agonas": 1841, "Curator of Destinies_SB": 547, "Bloodsoaked Champion": 242, "Dire Tactics": 645, "Jirina, Dauntless General_SB": 1333, "Imposing Sovereign_SB": 1254, "Torrential Gearhulk": 2705, "The Book of Exalted Deeds": 2593, "Ashen Rider": 113, "Hushbringer_SB": 1236, "Linvala, the Preserver_SB": 1511, "Dread Fugue": 686, "Haunted Cloak": 1155, "Fomori Vault": 933, "Swiftfoot Boots": 2514, "Ill-Timed Explosion": 1243, "Maestros Theater": 1555, "Worldsoul's Rage": 2968, "The Hunter Maze": 2603, "Escape to the Wilds": 803, "Omnath, Locus of Creation_SB": 1798, "Ill-Timed Explosion_SB": 1244, "Tolsimir, Friend to Wolves_SB": 2692, "Bonecrusher Giant_SB": 262, "Scrapwork Mutt": 2195, "Tyvar's Stand": 2754, "Karn, Scion of Urza_SB": 1356, "Shadows' Verdict_SB": 2250, "Furnace Reins_SB": 976, "Katilda, Dawnhart Martyr": 1359, "Spawn of Mayhem": 2395, "Tenacious Underdog": 2569, "Foundry Street Denizen": 951, "Gruul Charm_SB": 1118, "Masked Vandal_SB": 1588, "Brass's Tunnel-Grinder": 285, "Goblin Instigator": 1070, "Raise the Past": 1974, "Chained to the Rocks_SB": 401, "Legion's End_SB": 1467, "Dusk Legion Duelist": 720, "Bristlebud Farmer": 303, "Urabrask's Forge": 2807, "Phyrexian Obliterator_SB": 1890, "Balmor, Battlemage Captain": 158, "Shore Up_SB": 2288, "Skyclave Cleric": 2333, "Lunarch Veteran": 1546, "Cave of the Frost Dragon": 386, "Ajani, Strength of the Pride_SB": 44, "Panharmonicon": 1851, "Deflecting Palm": 601, "Terror of the Peaks": 2576, "Hellspur Posse Boss": 1181, "Witty Roastmaster": 2958, "Fallaji Vanguard": 857, "Furycalm Snarl": 977, "Charming Scoundrel": 424, "Temple of Triumph": 2564, "Fortune, Loyal Steed": 945, "Requisition Raid": 2061, "Calamity, Galloping Inferno": 335, "Aetherstorm Roc_SB": 30, "Anim Pakal, Thousandth Moon_SB": 70, "Chance for Glory_SB": 407, "Demonic Ruckus_SB": 612, "Impact Tremors_SB": 1251, "Fry_SB": 970, "Metamorphic Alteration": 1621, "Ledger Shredder_SB": 1461, "Ascendant Spirit": 112, "Faceless Haven": 843, "Plumecreed Escort": 1911, "Snow-Covered Island": 2364, "Fading Hope_SB": 847, "Icon of Ancestry_SB": 1241, "Metropolis Reformer": 1624, "Emry, Lurker of the Loch": 777, "Jeskai Ascendancy": 1328, "Mishra's Research Desk": 1649, "Restless Spire": 2075, "Kellan, Planar Trailblazer": 1378, "Slip Out the Back": 2350, "Thassa's Oracle": 2586, "Prosperous Thief": 1943, "Nighthawk Scavenger_SB": 1728, "Anguished Unmaking": 67, "Oath of Kaya": 1772, "Blessed Alliance_SB": 226, "Day of Judgment_SB": 568, "Mystic Repeal_SB": 1696, "Preacher of the Schism": 1927, "Reasonable Doubt_SB": 2016, "Rottenmouth Viper_SB": 2129, "Topplegeist": 2696, "Niv-Mizzet, Visionary_SB": 1747, "Maelstrom Pulse_SB": 1554, "Rabid Gnaw": 1968, "Plumecreed Escort_SB": 1912, "Witness Protection_SB": 2957, "Chainsaw": 402, "Fountainport Bell": 954, "Glint-Nest Crane": 1045, "Hammer of Purphoros": 1138, "Thing in the Ice": 2632, "Izzet Charm": 1313, "Giant Killer_SB": 1020, "Requisition Raid_SB": 2062, "Slaughter Games": 2340, "Dust Animus_SB": 725, "Heroic Intervention_SB": 1193, "Neoform": 1718, "Tasigur, the Golden Fang": 2546, "Hooting Mandrills": 1216, "Tibalt's Trickery": 2669, "Tibalt's Trickery_SB": 2670, "Heaped Harvest": 1168, "Charming Prince": 423, "Risen Reef": 2099, "Thassa, God of the Sea": 2588, "Combat Research": 473, "Triton Tactics_SB": 2734, "Shrapnel Blast_SB": 2294, "Nine Lives": 1733, "Path of Peril": 1862, "All That Glitters": 48, "Cartouche of Solidarity": 354, "Ethereal Armor": 813, "Gladecover Scout": 1035, "Gryff's Boon": 1121, "Light-Paws, Emperor's Voice": 1492, "Sentinel's Eyes": 2237, "Sixth Sense": 2323, "Sram, Senior Edificer": 2434, "Adanto Vanguard_SB": 15, "Alpha Authority_SB": 52, "Scattered Groves": 2177, "Arboreal Grazer_SB": 90, "Alpha Authority": 51, "Vein Ripper": 2841, "Assassin's Trophy": 126, "Thought Erasure": 2644, "Metallic Rebuke": 1618, "Spring-Loaded Sawblades": 2427, "Kaya's Ghostform_SB": 1365, "Questing Druid_SB": 1960, "Wear Down_SB": 2917, "Metamorphic Alteration_SB": 1622, "Culling Ritual": 542, "Blood Baron of Vizkopa": 231, "Crystal Barricade_SB": 541, "Chandra, Acolyte of Flame_SB": 410, "Turn the Earth_SB": 2744, "Tenacious Underdog_SB": 2570, "Chandra, Acolyte of Flame": 409, "Titan of Industry_SB": 2682, "Bala Ged Recovery_SB": 157, "Dowsing Device": 676, "Push // Pull": 1949, "Realm-Cloaked Giant_SB": 2013, "Sanguine Evangelist": 2165, "Selfless Spirit": 2232, "Skyknight Squire": 2335, "Llanowar Visionary": 1519, "Burst Lightning_SB": 328, "Ajani, Caller of the Pride": 40, "Burrowguard Mentor": 326, "Dryad Militant": 714, "Fleecemane Lion": 918, "Kutzil, Malamet Exemplar": 1441, "Melira, the Living Cure": 1606, "Wilt-Leaf Liege": 2941, "Westvale Abbey": 2929, "Royal Treatment": 2132, "Seal Away": 2203, "Seal Away_SB": 2204, "Sire of Seven Deaths": 2321, "Niv-Mizzet, Supreme_SB": 1746, "Sunset Revelry_SB": 2495, "Balustrade Wurm": 159, "Slogurk, the Overslime": 2352, "Agatha's Soul Cauldron_SB": 36, "Reality Shift": 2011, "Agent of Treachery": 37, "Nimble Larcenist": 1731, "Deputy of Detention": 619, "Questing Beast": 1957, "Embercleave": 768, "Lukka, Bound to Ruin_SB": 1541, "Heliod's Intervention": 1176, "Legion's Landing": 1468, "Maskwood Nexus": 1589, "Rest in Peace": 2067, "Volatile Fault": 2874, "Herald of Eternal Dawn": 1185, "Magma Opus": 1560, "Creative Outburst": 524, "Connive // Concoct_SB": 486, "Torrential Gearhulk_SB": 2706, "Summary Dismissal_SB": 2481, "Oracle of Tragedy": 1809, "Urborg Scavengers": 2810, "Samut, Voice of Dissent": 2160, "Soulflayer": 2388, "Striped Riverwinder": 2470, "Zetalpa, Primal Dawn": 3001, "Festering Gulch": 892, "Gingerbread Cabin": 1030, "Outrageous Robbery": 1827, "Urgent Necropsy": 2812, "Spinner of Souls_SB": 2415, "Angel of Invention": 62, "Combat Celebrant": 472, "Fallaji Archaeologist": 856, "God-Pharaoh's Gift": 1084, "Refurbish": 2038, "Abhorrent Oculus_SB": 2, "Arashin Cleric_SB": 86, "Lukka, Coppercoat Outcast_SB": 1543, "Commit // Memory": 477, "Seal from Existence": 2205, "Ghostly Dancers_SB": 1015, "Seal from Existence_SB": 2206, "Indomitable Creativity_SB": 1259, "Mech Hangar": 1604, "Hope Tender_SB": 1217, "Chandra, Hope's Beacon_SB": 415, "The Scarab God": 2616, "Case of the Crimson Pulse": 356, "Viashino Pyromancer": 2848, "Play with Fire_SB": 1908, "Vindictive Flamestoker_SB": 2850, "Botanical Brawler": 276, "Conclave Mentor": 483, "Enduring Bondwarden": 780, "Evolving Wilds": 817, "Gala Greeters": 980, "Garruk's Uprising": 988, "Good-Fortune Unicorn": 1093, "Hangarback Walker": 1140, "Mossborn Hydra": 1676, "Ochre Jelly": 1783, "Ornery Tumblewagg": 1811, "Ossification": 1816, "Quirion Beastcaller": 1966, "Sylvan Scavenging": 2522, "Terramorphic Expanse": 2573, "Wildwood Scourge": 2939, "Gaea's Gift_SB": 979, "Gnarlid Colony_SB": 1054, "Inscription of Abundance_SB": 1272, "Kutzil, Malamet Exemplar_SB": 1442, "Trash the Town_SB": 2720, "Aether Hub": 26, "Attune with Aether": 134, "Bristling Hydra": 305, "Electrostatic Pummeler": 750, "Fling": 922, "Ghor-Clan Rampager": 1012, "Harnessed Lightning": 1149, "Hashep Oasis": 1152, "Invigorated Rampage": 1298, "Rhonas the Indomitable": 2086, "Servant of the Conduit": 2240, "Axebane Ferox_SB": 145, "Deathgorge Scavenger_SB": 583, "Gruul Spellbreaker_SB": 1120, "Insult // Injury_SB": 1279, "Sorcerous Spyglass_SB": 2376, "Wilt_SB": 2943, "Legion Angel": 1462, "Mishra's Foundry": 1648, "Legion Angel_SB": 1463, "Builder's Talent": 314, "Worldspine Wurm": 2969, "Assemble the Legion_SB": 128, "Gideon's Triumph_SB": 1024, "Runed Halo_SB": 2145, "Cast Down": 363, "Cast Out": 364, "Demonic Pact": 610, "Doom Foretold": 669, "Hopeful Vigil": 1219, "Hopeless Nightmare": 1220, "Kaya's Wrath": 1366, "Sigil of the Empty Throne": 2299, "Spirit-Sister's Call": 2419, "Temple of Silence": 2563, "Treacherous Blessing": 2722, "Trial of Ambition": 2730, "Banishing Light_SB": 170, "Cast Out_SB": 365, "Dreadhorde Invasion_SB": 693, "Trespasser's Curse_SB": 2729, "Usher of the Fallen": 2816, "Gutterbones": 1127, "Mardu Woe-Reaper": 1581, "Blood-Chin Rager": 237, "Mardu Strike Leader": 1580, "Arashin Foremost": 87, "Rally the Ranks": 1987, "Chief of the Edge": 427, "Secure the Wastes": 2217, "Aspect of Hydra": 124, "Garruk's Harbinger": 986, "Inscription of Abundance": 1271, "Lifecrafter's Bestiary": 1487, "Steel Leaf Champion": 2443, "Tail Swipe": 2527, "Feed the Clan_SB": 880, "Nullhide Ferox_SB": 1765, "Skylasher_SB": 2336, "Skyreaping_SB": 2337, "Nahiri's Resolve": 1699, "Springleaf Drum": 2428, "Thousand Moons Smithy": 2649, "Tinker's Tote": 2674, "Divine Resilience_SB": 658, "Dusk Rose Reliquary_SB": 723, "Unidentified Hovership_SB": 2785, "Drannith Healer": 684, "Drannith Stinger": 685, "Flourishing Fox": 928, "Valiant Rescuer": 2825, "Go for Blood": 1060, "Zenith Flare": 2999, "Reptilian Reflection": 2058, "Irencrag Pyromancer_SB": 1302, "Rip Apart_SB": 2094, "Death-Rattle Oni": 581, "Kessig Flamebreather": 1385, "Tolarian Terror": 2689, "Blazing Volley": 223, "Crash Through": 519, "Abrade": 3, "Cinderclasm": 434, "Electrickery": 749, "Seismic Wave": 2225, "Stolen Vitality": 2451, "Thrill of Possibility": 2660, "Dismal Backwater": 650, "Burn Down the House_SB": 320, "Power Word Kill_SB": 1925, "Smoldering Egg_SB": 2355, "Swamp_SB": 2510, "Gray Merchant of Asphodel": 1105, "Leyline of the Void": 1479, "Mephitic Draught": 1613, "The Restoration of Eiganjo": 2614, "Tithing Blade": 2685, "Warlock Class": 2905, "Corpses of the Lost_SB": 503, "Doom Foretold_SB": 670, "Life of Toshiro Umezawa_SB": 1485, "Burn Down the House": 319, "Flame-Blessed Bolt": 914, "Frostboil Snarl": 968, "Refute": 2039, "Vampires' Vengeance": 2833, "Pelakka Wurm_SB": 1874, "Strangle_SB": 2464, "Test of Talents_SB": 2578, "Startling Development": 2438, "Memory Leak": 1611, "Frostveil Ambush": 969, "Footfall Crater": 934, "Boon of the Wish-Giver": 268, "Crackling Drake": 513, "Enigma Drake": 788, "Ephara's Dispersal": 795, "Eroded Canyon": 799, "Essence Capture": 806, "Galvanize": 984, "Mind Spiral": 1634, "Peculiar Lighthouse": 1871, "Pit of Offerings": 1903, "Scorching Shot": 2186, "Shock": 2283, "Shore Up": 2287, "Slick Sequence": 2347, "Winged Words": 2945, "Into the Fire_SB": 1284, "Tolarian Terror_SB": 2690, "Wildfire Howl_SB": 2937, "Burn Bright": 318, "Chimney Rabble": 428, "Crashing Drawbridge": 520, "Domri, Anarch of Bolas": 667, "Fissure Wizard": 913, "Goblin Arsonist": 1063, "Goblin Javelineer": 1071, "Goblin Morningstar": 1072, "Goblin Rabblemaster": 1075, "Goblin Trailblazer": 1081, "Grumgully, the Generous": 1116, "Heraldic Banner": 1187, "Hobgoblin Bandit Lord": 1209, "Hulking Bugbear": 1230, "Renata, Called to the Hunt": 2053, "Return of the Wildspeaker": 2081, "Rhythm of the Wild": 2088, "Subira, Tulzidi Caravanner": 2474, "You See a Pair of Goblins": 2989, "Krenko, Mob Boss_SB": 1430, "Krenko, Tin Street Kingpin_SB": 1431, "Flowerfoot Swordmaster": 930, "Mabel, Heir to Cragflame": 1551, "Seedglaive Mentor": 2221, "Whiskervale Forerunner": 2931, "Short Bow": 2290, "Banishing Light": 169, "Abzan Charm": 9, "Deathmist Raptor": 585, "Den Protector": 613, "Mastery of the Unseen": 1596, "Sandsteppe Citadel": 2163, "Satyr Wayfinder": 2168, "Siege Rhino": 2296, "Unyielding Gatekeeper": 2804, "Drown in Sorrow_SB": 710, "Azure Beastbinder": 151, "Gnawing Vermin": 1056, "Karumonix, the Rat King": 1358, "Lord Skitter, Sewer King": 1532, "Nashi, Searcher in the Dark": 1709, "Persistent Marshstalker": 1878, "Piper of the Swarm": 1902, "Shoreline Looter": 2289, "Tangled Colony": 2540, "Vren, the Relentless": 2894, "Disfigure": 648, "Gossip's Talent": 1095, "Choked Estuary": 429, "Tangled Colony_SB": 2541, "Bring the Ending_SB": 301, "Pile On_SB": 1897, "Fateful Absence": 866, "No Witnesses": 1751, "Port Town": 1917, "Temple of Enlightenment": 2557, "Day's Undoing_SB": 570, "Jace, Architect of Thought_SB": 1318, "No Witnesses_SB": 1752, "Ayara, First of Locthwain": 147, "Brain Maggot": 282, "Erebos, Bleak-Hearted": 797, "Foulmire Knight": 949, "Infernal Grasp": 1262, "Phyrexian Arena": 1885, "Underworld Dreams": 2779, "Corrupt_SB": 504, "Noxious Grasp_SB": 1763, "Whack_SB": 2930, "Akroan Crusader": 46, "Cinder Glade": 433, "Enter the Unknown": 791, "Expedite": 820, "Mirrorwing Dragon": 1645, "Season of Growth": 2212, "Silverfur Partisan": 2310, "Temple of Abandon": 2556, "Young Pyromancer": 2990, "Zada, Hedron Grinder": 2995, "Cankerbloom_SB": 346, "Temur Battle Rage_SB": 2568, "Turn Inside Out_SB": 2743, "Unnatural Moonrise_SB": 2795, "Feed the Cycle": 881, "Honored Dreyleader": 1214, "Necroblossom Snarl": 1711, "Night of the Sweets' Revenge": 1726, "Savor": 2171, "Thornvault Forager": 2642, "Tough Cookie": 2708, "Valley Rotcaller": 2829, "Feed the Cycle_SB": 882, "Fog_SB": 932, "Life Goes On_SB": 1484, "Savor_SB": 2172, "Abandoned Campground": 0, "Dollmaker's Shop // Porcelain Gallery": 665, "Entity Tracker": 792, "Grand Entryway // Elegant Rotunda": 1100, "Gremlin Tamer": 1110, "Inquisitive Glimmer": 1269, "Lionheart Glimmer": 1514, "Niko, Light of Hope": 1730, "Oppressive Rays": 1805, "Kitnap_SB": 1398, "Minor Misstep_SB": 1637, "Paladin Class_SB": 1849, "Fear of Impostors_SB": 873, "Builder's Talent_SB": 315, "Stay Hidden, Stay Silent_SB": 2440, "Badlands Revival": 154, "Fertile Thicket": 890, "Festerleech": 893, "Foul Orchard": 947, "Ghalta, Primal Hunger": 1009, "Gix's Command": 1032, "Golgari Guildgate": 1090, "Hedge Shredder": 1174, "Hero's Downfall": 1191, "Jungle Hollow": 1336, "Long Goodbye": 1523, "Quilled Greatwurm": 1964, "Slavering Branchsnapper": 2342, "Slice from the Shadows": 2346, "Spectral Snatcher": 2399, "Frantic Strength_SB": 960, "Murder_SB": 1688, "Stab_SB": 2435, "Vraska's Fall_SB": 2889, "Alseid of Life's Bounty": 55, "Hateful Eidolon": 1153, "Karametra's Blessing": 1352, "Selfless Savior": 2231, "Stonecoil Serpent": 2453, "Agent of the Fates_SB": 39, "Dead Weight_SB": 572, "Eriette of the Charmed Apple_SB": 798, "Pacifism_SB": 1843, "Desecration Demon": 622, "Evolved Sleeper": 815, "Kaervek, the Punisher": 1338, "Ultimate Price": 2762, "Unexpected Fangs": 2780, "Vadmir, New Blood": 2817, "Bloodchief's Thirst_SB": 239, "Extract a Confession_SB": 833, "Kitesail Freebooter_SB": 1394, "Pilfer_SB": 1898, "Beastie Beatdown": 187, "Omnivorous Flytrap": 1801, "Patchwork Beastie": 1861, "Return to Nature_SB": 2083, "Confounding Riddle": 485, "Flame-Blessed Bolt_SB": 915, "Ral, Izzet Viceroy_SB": 1986, "You See a Guard Approach_SB": 2988, "Ego Drain": 736, "Faerie Dreamthief": 849, "Faerie Fencing": 850, "Obyra, Dreaming Duelist": 1782, "Shineshadow Snarl": 2280, "Sleep-Cursed Faerie": 2344, "Sunken Hollow": 2492, "Talion, the Kindly Lord": 2535, "Talion's Messenger": 2534, "Twining Twins": 2747, "Crippling Fear_SB": 526, "Flashfreeze_SB": 917, "Phantom Interference_SB": 1883, "Blessed Alliance": 225, "Fanatical Firebrand": 859, "Goblin Piledriver": 1074, "Goblin Ringleader": 1076, "Goblin Warchief": 1082, "Krenko, Mob Boss": 1429, "Betrayer's Bargain_SB": 199, "By Force_SB": 330, "Experimental Frenzy_SB": 827, "Collateral Damage": 458, "Exuberant Fuseling": 837, "Squee, Dubious Monarch": 2431, "Collateral Damage_SB": 459, "Tibalt, Rakish Instigator_SB": 2671, "Game Trail": 985, "Glorybringer": 1052, "Hunter's Talent": 1234, "Nullhide Ferox": 1764, "Garruk's Uprising_SB": 989, "Ghalta, Primal Hunger_SB": 1010, "Ram Through_SB": 1989, "Fortified Village": 944, "Toadstool Admirer": 2686, "Apostle of Purifying Light_SB": 81, "Chaplain of Alms_SB": 422, "Healer's Hawk_SB": 1167, "Karametra's Blessing_SB": 1353, "Crawling Barrens": 523, "Ifnir Deadlands": 1242, "Memorial to Folly": 1607, "Misery's Shadow": 1646, "Power Word Kill": 1924, "Ob Nixilis Reignited_SB": 1774, "Dazzling Angel": 571, "Divine Smite": 659, "Exemplar of Light": 818, "Firemane Avenger": 909, "Leyline of Hope": 1474, "Wind-Scarred Crag": 2944, "Bomat Courier": 257, "Falkenrath Gorger": 855, "Foreboding Ruins": 936, "Olivia, Mobilized for War": 1789, "Unlicensed Disintegration": 2788, "Forerunner of Slaughter": 938, "Shock_SB": 2284, "Transgress the Mind_SB": 2716, "Rakdos Charm_SB": 1976, "Briarbridge Tracker": 294, "Hard-Hitting Question": 1144, "Kitesail Larcenist": 1395, "Subterranean Schooner": 2476, "Teething Wurmlet": 2551, "Vineglimmer Snarl": 2851, "Briarbridge Tracker_SB": 295, "Forest_SB": 940, "Hard-Hitting Question_SB": 1145, "Island_SB": 1307, "Unsummon_SB": 2800, "Rampage of the Clans": 1990, "Hangarback Walker_SB": 1141, "Royal Treatment_SB": 2133, "The Filigree Sylex_SB": 2601, "Earthshaker Khenra": 729, "Mirran Banesplitter": 1640, "Rimrock Knight": 2093, "Aethersphere Harvester_SB": 29, "Burning Hands_SB": 322, "Unchained Berserker_SB": 2771, "Azorius Guildgate": 150, "Boros Guildgate": 271, "Dimir Guildgate": 642, "Gate Colossus": 991, "Gatebreaker Ram": 992, "Gates Ablaze": 993, "Gateway Plaza": 995, "Glaive of the Guildpact": 1036, "Growth Spiral": 1115, "Gruul Guildgate": 1119, "Guild Summit": 1125, "Hour of Promise": 1228, "Izzet Guildgate": 1314, "Maze's End": 1601, "Open the Gates": 1803, "Orzhov Guildgate": 1813, "Plaza of Harmony": 1909, "Rakdos Guildgate": 1977, "Selesnya Guildgate": 2228, "Simic Guildgate": 2313, "Thran Portal": 2653, "Archway Angel_SB": 105, "Broken Bond_SB": 307, "Crackling Perimeter_SB": 515, "Strategic Planning": 2467, "Wandering Fumarole": 2899, "Essence Scatter_SB": 810, "Frantic Firebolt_SB": 958, "Absorb": 7, "Behold the Multiverse": 193, "Saw It Coming": 2173, "Thirst for Discovery": 2637, "Primal Might": 1931, "Experiment One_SB": 824, "Garruk's Harbinger_SB": 987, "Toxin Analysis_SB": 2710, "Witch's Vengeance_SB": 2948, "Bloodchief's Thirst": 238, "Shoot the Sheriff": 2285, "Smoldering Marsh": 2356, "Bandit's Talent_SB": 162, "Banehound": 165, "Curator of Mysteries": 548, "Mire Triton": 1639, "Nightveil Predator": 1729, "Disfigure_SB": 649, "Rush of Vitality_SB": 2149, "Goblin Blast-Runner": 1064, "Implement of Combustion": 1252, "Krenko, Baron of Tin Street": 1428, "Voltage Surge": 2881, "Sunshot Militia_SB": 2496, "Essence Scatter": 809, "Flow of Knowledge": 929, "Haughty Djinn": 1154, "Mocking Sprite_SB": 1654, "Quick Study_SB": 1962, "See Double_SB": 2218, "Shifting Grift_SB": 2277, "Blacklance Paragon": 214, "Brineborn Cutthroat": 300, "Cunning Nightbonder": 546, "Reasonable Doubt": 2015, "Sea-Dasher Octopus": 2201, "Slitherwisp": 2351, "Ashiok's Erasure_SB": 115, "Spectral Adversary_SB": 2397, "Bedlam Reveler": 191, "Warlord's Fury": 2906, "Ox of Agonas_SB": 1842, "Fires of Victory": 911, "Make Disappear": 1563, "Stern Lesson": 2447, "Roast_SB": 2114, "Arcane Infusion": 91, "Secrets of the Key": 2216, "Xenagos, God of Revels": 2976, "Aetherize_SB": 28, "Into the Roil_SB": 1287, "Volcanic Spite_SB": 2876, "Zetalpa, Primal Dawn_SB": 3002, "Adult Gold Dragon": 20, "Gather the Pack": 998, "Lotleth Troll": 1536, "Cragplate Baloth_SB": 517, "Plains_SB": 1906, "Sporeweb Weaver_SB": 2426, "Alesha, Who Laughs at Fate": 47, "Davriel, Rogue Shadowmage": 564, "Dreams of Steel and Oil": 702, "Fell": 887, "Grasp of Darkness": 1101, "Master of Cruelties": 1593, "Rakdos, the Muscle": 1981, "Razorlash Transmogrant": 2006, "Razortrap Gorge": 2007, "Seize the Spoils": 2226, "Illness in the Ranks_SB": 1245, "Kaervek, the Spiteful_SB": 1339, "Painful Quandary_SB": 1845, "Edgewall Inn": 734, "Edgewall Innkeeper": 735, "Lovestruck Beast": 1539, "Lucky Clover": 1540, "Midnight Reaper": 1627, "Order of Midnight": 1810, "Smitten Swordmaster": 2354, "Massacre Girl_SB": 1590, "Stormkeld Vanguard_SB": 2458, "Gnarled Scarhide": 1053, "Madcap Skills": 1552, "Minotaur Skullcleaver": 1638, "Mogis's Marauder": 1657, "Rakdos Cackler": 1975, "Rakdos Shred-Freak": 1979, "Spike Jester": 2411, "Tormented Hero": 2701, "Doom Blade_SB": 668, "Ultimate Price_SB": 2763, "Hullbreaker Horror": 1232, "Boltwave_SB": 256, "Eddymurk Crab": 733, "Stormwing Entity": 2462, "Make Disappear_SB": 1564, "Fatal Grudge": 863, "Think Twice": 2634, "Sphinx's Revelation_SB": 2409, "Doppelgang_SB": 673, "Consuming Aberration": 492, "Contaminated Aquifer": 496, "Didn't Say Please": 639, "Dreadwaters": 696, "Duskmantle Guildmage": 724, "Fell Specter": 888, "Jhessian Thief": 1331, "Mind Carver": 1631, "Mind Drain": 1632, "Murder": 1687, "Nezumi Informant": 1721, "Orzhov Racketeers": 1814, "Painful Quandary": 1844, "Paranoid Delusions": 1856, "Pilfered Plans": 1899, "Psychic Strike": 1947, "Razzle-Dazzler": 2009, "Read the Bones": 2010, "Sleep": 2343, "Tasha's Hideous Laughter": 2545, "The Mindskinner": 2611, "Typhoid Rats": 2751, "Wall of Frost": 2898, "Witness Protection": 2956, "Aspect of Lamprey_SB": 125, "Blood Pact_SB": 235, "Crypt Incursion_SB": 536, "Dreadwaters_SB": 697, "Frogify_SB": 966, "Professor's Warning_SB": 1935, "Rogue's Gloves_SB": 2120, "Sinister Possession_SB": 2318, "Solemn Simulacrum_SB": 2372, "Sphinx of Magosi_SB": 2406, "Thieving Otter_SB": 2631, "Unlikely Aid_SB": 2791, "Zombify_SB": 3007, "Coruscation Mage": 505, "Wrenn's Resolve": 2974, "Giant Cindermaw_SB": 1017, "Lightning Mare_SB": 1497, "Wrangle_SB": 2972, "Ancient Imperiosaur": 61, "Belligerent Yearling": 195, "Hulking Raptor": 1231, "Intrepid Paleontologist": 1290, "Ixalli's Lorekeeper": 1311, "Otepec Huntmaster": 1821, "Palani's Hatcher": 1850, "Pugnacious Hammerskull": 1948, "Regisaur Alpha": 2044, "Shifting Ceratops": 2275, "Triumphant Chomp": 2735, "Fight Rigging": 902, "Restless Ridgeline": 2074, "Shifting Ceratops_SB": 2276, "Thrashing Brontodon_SB": 2656, "Triumphant Chomp_SB": 2736, "Frenzied Goblin": 963, "Goblin Surprise": 1078, "Goblin Negotiation": 1073, "Redcap Gutter-Dweller": 2030, "Guttersnipe": 1128, "Impact Tremors": 1250, "Goblin Boarders": 1065, "War Squeak": 2901, "Goblin Heelcutter": 1069, "Pyrewild Shaman": 1951, "Rigging Runner": 2091, "Subterranean Scout": 2477, "Goblinslide": 1083, "Hellraiser Goblin": 1180, "Searslicer Goblin_SB": 2211, "Rundvelt Hordemaster_SB": 2142, "Siege-Gang Commander_SB": 2297, "Goblin Boarders_SB": 1066, "Goblin Surprise_SB": 1079, "Frenzied Goblin_SB": 964, "Cruel Somnophage": 528, "Fraying Sanity": 961, "Mercurial Spelldancer": 1614, "Mind Sculpt": 1633, "Ruin Crab": 2137, "Sign in Blood": 2300, "Syr Konrad, the Grim": 2526, "Bitter Chill_SB": 209, "Chart a Course_SB": 425, "Sphinx's Tutelage_SB": 2410, "Terisian Mindbreaker_SB": 2572, "Armored Kincaller": 109, "Burning Sun Cavalry": 323, "Captivating Cave": 347, "Cavern Stomper": 387, "Colossadactyl": 468, "Dinotomaton": 644, "Disturbed Slumber": 655, "Earthshaker Dreadmaw": 728, "Hidden Nursery": 1195, "Itzquinth, Firstborn of Gishath": 1310, "Nurturing Bristleback": 1767, "Over the Edge": 1829, "Panicked Altisaur": 1852, "Pathfinding Axejaw": 1865, "Poison Dart Frog": 1913, "Promising Vein": 1939, "Rampaging Ceratops": 1991, "Rumbling Rockslide": 2139, "Scytheclaw Raptor": 2199, "Seeker of Sunlight": 2222, "Seismic Monstrosaur": 2224, "The Skullspore Nexus": 2619, "Walk with the Ancestors": 2897, "Quirion Dryad": 1967, "Deeproot Champion": 597, "Bristling Backwoods": 304, "Domri's Ambush_SB": 666, "Sorin the Mirthless": 2377, "Jace, Vryn's Prodigy_SB": 1320, "Gnarlroot Trapper": 1055, "Turntimber Symbiosis": 2745, "Saheeli, Sublime Artificer": 2153, "Valley Floodcaller_SB": 2828, "Valorous Stance_SB": 2831, "Eidolon of the Great Revel_SB": 741, "Pillage the Bog_SB": 1901, "Aether Channeler": 23, "Decimator of the Provinces": 590, "Elder Deep-Fiend": 743, "Fblthp, the Lost": 870, "Fierce Empath": 897, "Foul Emissary": 946, "Thought-Knot Seer": 2645, "Kogla, the Titan Ape_SB": 1416, "Thought-Knot Seer_SB": 2646, "Containment Priest": 494, "Sublime Epiphany": 2475, "Unauthorized Exit": 2769, "Fiery Annihilation_SB": 898, "Arahbo, the First Fang": 85, "Felidar Cub": 885, "Feline Sovereign": 886, "Regal Caracal": 2041, "Sacred Cat": 2151, "Savannah Lions": 2170, "Lion Sash_SB": 1513, "Reckless Stormseeker_SB": 2024, "Archfiend of Depravity": 97, "Archfiend of Depravity_SB": 98, "Tale's End": 2532, "Urza's Sylex_SB": 2815, "Cathartic Pyre": 375, "Fade from History_SB": 845, "Loot, Exuberant Explorer": 1526, "Notion Thief": 1756, "Quicken": 1963, "Rockface Village_SB": 2118, "Third Path Iconoclast": 2635, "Lilah, Undefeated Slickshot": 1500, "Wandering Mind": 2900, "Banish into Fable": 167, "The Celestus": 2595, "The Enigma Jewel": 2600, "Reluctant Role Model": 2050, "Behold the Beyond": 192, "Voyaging Satyr": 2887, "Furnace Punisher": 975, "Snow-Covered Swamp": 2367, "March of Swirling Mist": 1576, "Faceless Haven_SB": 844, "Invasive Surgery_SB": 1296, "The Scarab God_SB": 2617, "Pieces of the Puzzle": 1896, "No One Left Behind": 1750, "Warrant // Warden": 2908, "Reduce // Rubble_SB": 2035, "Sire of Seven Deaths_SB": 2322, "Dissection Tools": 654, "Dollmaker's Shop && Porcelain Gallery": 664, "Enduring Vitality": 787, "Kami of Transience": 1350, "Surgical Suite && Hospital Room_SB": 2506, "Regal Bunnicorn": 2040, "Castle Locthwain_SB": 370, "Rockfall Vale": 2119, "Michiko's Reign of Truth": 1626, "Rite of Oblivion": 2100, "Anthem of Champions_SB": 78, "Shatterskull Smashing": 2265, "Kazuul's Fury": 1373, "Tinybones, the Pickpocket": 2677, "Disruption Protocol": 653, "Brotherhood's End": 309, "Return the Favor_SB": 2082, "Path to the World Tree": 1864, "Gloomshrieker": 1050, "Dennick, Pious Apprentice_SB": 616, "Fear of Abduction": 871, "Virtue of Loyalty_SB": 2855, "Blue Sun's Twilight_SB": 253, "Overwhelming Remorse_SB": 1840, "Ruby, Daring Tracker": 2136, "Bard Class": 174, "Samut, Vizier of Naktamun": 2159, "Hajar, Loyal Bodyguard": 1132, "Migloz, Maze Crusher": 1629, "Agatha of the Vile Cauldron": 34, "Targ Nar, Demon-Fang Gnoll": 2543, "Xenagos, the Reveler": 2978, "Thousand-Year Storm": 2651, "Stormsplitter": 2461, "Cathartic Pyre_SB": 376, "Tamiyo, Collector of Tales_SB": 2538, "Ashiok, Wicked Manipulator": 122, "Protect the Negotiators_SB": 1945, "Tears of Valakut_SB": 2549, "Wolfwillow Haven_SB": 2964, "Ajani, Strength of the Pride": 43, "Case of the Uneaten Feast": 362, "Trelasarra, Moon Dancer": 2728, "Floriferous Vinewall": 927, "Eldritch Evolution": 748, "Hauntwoods Shrieker": 1158, "Urborg Lhurgoyf": 2809, "Aether Channeler_SB": 24, "Zephyr Sentinel_SB": 3000, "Tectonic Hazard_SB": 2550, "Kambal, Consul of Allocation": 1348, "Callous Sell-Sword_SB": 341, "Harmonious Archon": 1148, "Sandstorm Salvager": 2164, "Toby, Beastie Befriender": 2687, "Kayla's Reconstruction_SB": 1371, "Ritual of Soot": 2103, "Inscription of Ruin": 1273, "Jace Reawakened": 1315, "Felonious Rage": 889, "Frantic Scapegoat": 959, "Gods Willing_SB": 1088, "Stubborn Denial_SB": 2473, "Surrak Dragonclaw": 2507, "Seed of Hope": 2220, "Filter Out": 904, "Destroy Evil": 628, "Serra Paragon_SB": 2239, "Woodland Bellower": 2965, "Nissa, Vastwood Seer": 1740, "Knight of the Ebon Legion": 1408, "Worthy Knight": 2971, "Venerable Knight": 2842, "Inspiring Veteran": 1278, "Tournament Grounds": 2709, "Heartflame Duelist": 1170, "Knight of Dusk's Shadow": 1404, "Knight of Dusk's Shadow_SB": 1405, "Breeding Pool_SB": 293, "Chance for Glory": 406, "Collector's Vault": 466, "Mirrorshell Crab": 1643, "Omen Hawker": 1790, "Teferi, Who Slows the Sunset": 2554, "Bag of Holding_SB": 155, "Zirda, the Dawnwaker_SB": 3004, "Ashen Rider_SB": 114, "Despise_SB": 625, "Lifebane Zombie_SB": 1486, "Reidane, God of the Worthy": 2045, "Aclazotz, Deepest Betrayal": 12, "Sunspine Lynx": 2497, "Light Up the Stage_SB": 1490, "Come Back Wrong_SB": 474, "The Flame of Keld": 2602, "Weaver of Harmony": 2919, "Isolate_SB": 1308, "Fetid Pools": 894, "Silvergill Adept": 2311, "Triton Shorestalker": 2733, "Agadeem's Awakening": 33, "Fiend Artisan": 896, "Isareth the Awakener": 1305, "Dreadbore": 688, "Callous Bloodmage": 338, "Golos, Tireless Pilgrim": 1091, "Nicol Bolas, the Ravager": 1724, "Omen of the Forge": 1793, "The Kami War": 2606, "Forensic Researcher": 937, "Kiora's Follower": 1390, "Wakeroot Elemental": 2896, "Legion Extruder_SB": 1465, "This Town Ain't Big Enough": 2639, "Lost Legacy_SB": 1535, "Angrath, the Flame-Chained_SB": 66, "Crumbling Vestige": 533, "The Mightstone and Weakstone_SB": 2610, "Smuggler's Surprise": 2359, "Kogla and Yidaro_SB": 1414, "Portal to Phyrexia_SB": 1923, "Paradise Druid": 1853, "Sylvan Awakening": 2518, "Nissa, Who Shakes the World": 1741, "Akal Pakal, First Among Equals": 45, "Courser of Kruphix": 511, "Fauna Shaman": 868, "Timestream Navigator": 2673, "Simic Manipulator": 2314, "Trygon Predator_SB": 2740, "Azure Beastbinder_SB": 152, "Vivien, Champion of the Wilds_SB": 2862, "Mockingbird_SB": 1656, "Simic Manipulator_SB": 2315, "Coveted Falcon": 512, "Caretaker's Talent_SB": 350, "Rite of Oblivion_SB": 2101, "Fountainport_SB": 955, "Depala, Pilot Exemplar": 617, "Magda, Brazen Outlaw": 1556, "Magda, the Hoardmaster": 1557, "Portal to Phyrexia": 1922, "Roaming Throne": 2109, "Toolcraft Exemplar": 2695, "Unlicensed Hearse": 2789, "Veteran Motorist": 2846, "Bilious Skulldweller": 203, "Chevill, Bane of Monsters": 426, "Fynn, the Fangbearer": 978, "Ghost Vacuum": 1013, "Heroic Intervention": 1192, "Malakir Rebirth": 1565, "Wasteland Viper": 2911, "Infectious Bite_SB": 1261, "Nahiri's Warcrafting_SB": 1700, "Witherbloom Command_SB": 2953, "Remorseful Cleric": 2051, "Vivien, Arkbow Ranger": 2861, "Kogla, the Titan Ape": 1415, "Cavalier of Thorns_SB": 385, "Ulvenwald Oddity_SB": 2765, "Solemnity_SB": 2373, "Unauthorized Exit_SB": 2770, "The Royal Scions": 2615, "Kemba, Kha Enduring": 1380, "Kogla and Yidaro": 1413, "Trumpeting Carnosaur_SB": 2739, "Dusk // Dawn_SB": 719, "Last Breath_SB": 1450, "Cleansing Nova_SB": 445, "Thunderherd Migration": 2665, "Selfless Spirit_SB": 2233, "Boros Elite": 270, "Guardian of New Benalia": 1124, "Mobilized District": 1653, "Precinct Captain": 1929, "Soldier of the Pantheon": 2371, "Spellbook Vendor": 2404, "Sungold Sentinel": 2489, "Banisher Priest_SB": 168, "Bounty Agent_SB": 281, "Rally the Ranks_SB": 1988, "Wicked Wolf_SB": 2934, "Overlord of the Mistmoors_SB": 1838, "Surge of Righteousness_SB": 2503, "Fear of Isolation": 874, "Tinybones Joins Up": 2675, "Loran of the Third Path": 1528, "Built to Smash": 316, "Wayward Guide-Beast": 2914, "Voldaren Thrillseeker_SB": 2879, "Vivien Reid_SB": 2860, "Renegade Tactics": 2056, "Knight of Grace_SB": 1407, "Lavinia, Azorius Renegade_SB": 1455, "Syr Ginger, the Meal Ender_SB": 2525, "Overlord of the Balemurk_SB": 1833, "Demonic Counsel": 609, "Siphon Insight_SB": 2319, "Glorious Protector_SB": 1051, "Imodane's Recruiter_SB": 1249, "The Wandering Rescuer_SB": 2625, "Niambi, Esteemed Speaker_SB": 1722, "Into the Story": 1288, "Zoraline, Cosmos Caller": 3008, "Augur of Bolas": 137, "Essence Flux": 808, "Natural State_SB": 1710, "Adanto Vanguard": 14, "Apostle of Purifying Light": 80, "Glass Casket": 1039, "Thran Power Suit": 2654, "Titania, Voice of Gaea_SB": 2684, "Treacherous Blessing_SB": 2723, "Klothys, God of Destiny_SB": 1401, "Umori, the Collector_SB": 2766, "Glass Casket_SB": 1040, "Ojer Axonil, Deepest Might": 1787, "Grasp of Darkness_SB": 1102, "Necrotic Wound": 1713, "Souls of the Lost": 2390, "Necrotic Wound_SB": 1714, "Horned Loch-Whale_SB": 1222, "Squirming Emergence": 2433, "Souls of the Lost_SB": 2391, "Kappa Tech-Wrecker": 1351, "Eldrazi Displacer_SB": 747, "Experimental Augury": 825, "Fleeting Spirit": 919, "Lore Drakkis": 1533, "Open the Omenpaths": 1804, "Vadrok, Apex of Thunder": 2818, "Crucible of Worlds": 527, "Destiny Spinner": 626, "Izoni, Center of the Web": 1312, "Cavern of Souls_SB": 389, "Sin Collector_SB": 2317, "Cult Conscript": 544, "Cleansing Wildfire_SB": 447, "Vanish into Eternity_SB": 2835, "Mutavault_SB": 1694, "Mukotai Ambusher_SB": 1685, "Tribute to Horobi": 2731, "Void Winnower_SB": 2873, "Hunter's Talent_SB": 1235, "Remorseful Cleric_SB": 2052, "Vengeful Possession": 2844, "Hidetsugu's Second Rite_SB": 1200, "Nurturing Pixie": 1768, "Kaito, Bane of Nightmares_SB": 1344, "Extract the Truth_SB": 834, "Preacher of the Schism_SB": 1928, "Malcolm, Alluring Scoundrel": 1566, "Ertai Resurrected": 800, "Pia Nalaar, Consul of Revival": 1892, "Showdown of the Skalds": 2291, "Thirst for Meaning": 2638, "Entity Tracker_SB": 793, "Bassara Tower Archer": 180, "Cloudsteel Kirin": 456, "Lizard Blades": 1517, "Snarling Gorehound": 2362, "Searing Blood": 2208, "Bomat Courier_SB": 258, "Magma Spray_SB": 1561, "Aven Mindcensor_SB": 142, "Fugitive Codebreaker_SB": 974, "Stalactite Stalker": 2436, "Harvester of Misery_SB": 1151, "Hostile Investigator_SB": 1227, "Lamplight Phoenix_SB": 1446, "Biting-Palm Ninja": 207, "Dokuchi Silencer": 662, "Silver-Fur Master": 2307, "Massacre Wurm_SB": 1592, "Pawpatch Recruit_SB": 1869, "Colossal Skyturtle_SB": 470, "Takenuma, Abandoned Mire_SB": 2531, "Holy Cow": 1211, "Soul Transfer": 2382, "Omen of the Dead": 1791, "Sentinel of the Nameless City_SB": 2236, "Welcoming Vampire_SB": 2925, "Sharp-Eyed Rookie": 2263, "Ayara's Oathsworn": 146, "Jace, Vryn's Prodigy": 1319, "Council of the Absolute_SB": 508, "Spirit of the Labyrinth_SB": 2418, "Suncleanser_SB": 2483, "Adventurous Impulse": 21, "Arcane Proxy": 92, "Chrome Host Seedshark": 431, "See the Truth": 2219, "Wilt-Leaf Liege_SB": 2942, "Ambitious Farmhand": 57, "Cascading Cataracts": 355, "Helpful Hunter": 1182, "Thalia's Lancers": 2580, "Barkhide Troll": 176, "Gather Courage": 996, "Tribute to the World Tree": 2732, "Setessan Tactics_SB": 2243, "Shatterskull Smashing_SB": 2266, "Oblivious Bookworm": 1779, "Cerulean Drake_SB": 399, "Lavabrink Venturer_SB": 1452, "Prosperous Thief_SB": 1944, "Fanatic of Mogis": 858, "Solphim, Mayhem Dominus": 2374, "Thalia and The Gitrog Monster": 2579, "Cosmic Rebirth_SB": 507, "Dreadbore_SB": 689, "Cavalier of Dawn": 382, "Kotose, the Silent Spider": 1422, "Marina Vendrell": 1582, "Recommission": 2028, "Augur of Autumn_SB": 136, "Bladehold War-Whip": 218, "Nahiri, Forged in Fury": 1701, "Sword of Forge and Frontier": 2516, "Rebel Salvo_SB": 2017, "Bloodthirsty Conqueror": 243, "Dina, Soul Steeper": 643, "Dryad of the Ilysian Grove": 715, "Iridescent Vinelasher": 1303, "Jaddi Offshoot": 1323, "Mirrorpool": 1642, "Retreat to Hagra": 2080, "Bristly Bill, Spine Sower_SB": 306, "Deathrite Shaman_SB": 587, "Undergrowth Champion_SB": 2778, "Tyvar, the Pummeler_SB": 2757, "Valgavoth's Faithful": 2820, "Deputy of Detention_SB": 620, "Silverback Elder": 2308, "Silverback Elder_SB": 2309, "Celestial Armor": 393, "Etali, Primal Conqueror": 811, "Floodpits Drowner_SB": 926, "Massacre Wurm": 1591, "Citizen's Crowbar_SB": 438, "Gifted Aetherborn_SB": 1028, "Perilous Snare": 1876, "Repurposing Bay_SB": 2060, "Chaplain of Alms": 421, "Rune of Might": 2143, "Bolas's Citadel": 254, "Catacomb Sifter": 373, "Woe Strider": 2961, "Liliana, Heretical Healer_SB": 1507, "Status // Statue_SB": 2439, "Sab-Sunen, Luxa Embodied": 2150, "Mendicant Core, Guidelight": 1612, "Voyager Glidecar": 2886, "Patchwork Automaton": 1859, "Momentum Breaker_SB": 1662, "Birgi, God of Storytelling": 204, "Crater's Claws": 521, "Banefire_SB": 164, "Zurgo Bellstriker_SB": 3013, "Monument to Endurance_SB": 1669, "Hare Apparent": 1147, "Greasewrench Goblin": 1107, "Moonshaker Cavalry_SB": 1672, "Zareth San, the Trickster": 2998, "Shacklegeist_SB": 2248, "Count on Luck_SB": 509, "Valor's Flagship": 2830, "Grim Bauble": 1111, "Momentum Breaker": 1661, "Oildeep Gearhulk_SB": 1786, "Ossification_SB": 1817, "Grim Bauble_SB": 1112, "Coalstoke Gearhulk": 457, "Djeru's Renunciation": 661, "Marauding Mako": 1572, "Monument to Endurance": 1668, "Sunbillow Verge": 2482, "Ketramose, the New Dawn_SB": 1387, "Mastermind's Acquisition": 1594, "Behold the Multiverse_SB": 194, "Memory Guardian": 1610, "Azor, the Lawbringer": 148, "Brightglass Gearhulk": 297, "Dredger's Insight": 704, "Archfiend's Vessel": 101, "Merfolk Secretkeeper": 1616, "Dreadhorde Arcanist_SB": 691, "Mukotai Ambusher": 1684, "Bloodghast": 240, "Molt Tender": 1658, "Driven // Despair_SB": 706, "Ashiok, Wicked Manipulator_SB": 123, "Anim Pakal, Thousandth Moon": 69, "Basri, Tomorrow's Champion": 179, "Urza's Ruinous Blast_SB": 2813, "The Speed Demon": 2620, "Intimidation Tactics_SB": 1283, "Rankle's Prank": 1996, "Oildeep Gearhulk": 1785, "Doppelgang": 672, "Shigeki, Jukai Visionary": 2278, "Virtue of Strength": 2858, "Bonny Pall, Clearcutter_SB": 264, "Roxanne, Starfall Savant_SB": 2131, "Willowrush Verge": 2940, "Freestrider Lookout": 962, "Ketramose, the New Dawn": 1386, "Scrabbling Claws": 2190, "Mosswood Dreadknight_SB": 1678, "Optimistic Scavenger_SB": 1808, "Commune with Spirits": 480, "Goro-Goro, Disciple of Ryusei": 1094, "Kari Zev, Skyship Raider": 1355, "Radha, Heart of Keld": 1969, "Redshift, Rocketeer Chief": 2034, "Bleachbone Verge": 224, "Detention Chariot": 631, "Tune Up": 2741, "Kaya the Inexorable_SB": 1363, "Thundering Broodwagon": 2666, "Eaten Alive_SB": 730, "Benthic Biomancer": 196, "Mindspring Merfolk": 1636, "Tishana's Tidebinder": 2679, "Fearless Swashbuckler": 876, "Gastal Thrillroller": 990, "Dragonlord Dromoka": 679, "Ashiok, Nightmare Weaver": 120, "Leyline Binding_SB": 1471, "Jace's Defeat_SB": 1317, "Hazoret, Godseeker": 1164, "Avishkar Raceway": 143, "Fuel the Flames_SB": 972, "Skycrash_SB": 2334, "Dusk Rose Reliquary": 722, "Murderous Cut": 1689, "Anguished Unmaking_SB": 68, "Drownyard Temple": 713, "Quag Feast": 1956, "Boommobile": 266, "Hedron Archive": 1175, "Paradox Engine": 1854, "Portal of Sanctuary": 1921, "Prophetic Prism": 1940, "Repurposing Bay": 2059, "Terrarion": 2574, "The Mightstone and Weakstone": 2609, "Thran Spider": 2655, "Workshop Assistant": 2967, "Liberator, Urza's Battlethopter_SB": 1481, "Noxious Gearhulk_SB": 1762, "Shrapnel Slinger_SB": 2295, "Norin, Swift Survivalist": 1753, "Dewdrop Cure_SB": 637, "Mindlink Mech_SB": 1635, "Wastewood Verge": 2912, "Sea Gate Restoration": 2200, "Ashiok, Nightmare Muse_SB": 119, "Biting-Palm Ninja_SB": 208, "Harrier Strix": 1150, "Hypnotic Grifter": 1239, "The Reality Chip": 2613, "Training Grounds": 2713, "Basilisk Collar_SB": 178, "Immersturm Raider": 1247, "The Speed Demon_SB": 2621, "Kazuul's Toll Collector": 1374, "Shardmage's Rescue_SB": 2260, "Burnout Bashtronaut": 325, "Draconautics Engineer": 677, "Howlsquad Heavy": 1229, "Volley Veteran_SB": 2880, "Swiftfoot Boots_SB": 2515, "Overprotect_SB": 1839, "Stock Up": 2449, "Riverpyre Verge": 2106, "Strangle": 2463, "Liliana, the Last Hope_SB": 1508, "Concealing Curtains": 482, "Riptide Gearhulk_SB": 2098, "Blade Historian": 216, "Pyre of Heroes": 1950, "Night Clubber_SB": 1725, "Aegis Turtle_SB": 22, "Analyze the Pollen": 58, "Ride's End": 2089, "Cleansing Wildfire": 446, "Crumble to Dust": 532, "Encroaching Wastes": 778, "Gnottvold Slumbermound": 1057, "Haphazard Bombardment": 1143, "Jaya's Greeting": 1325, "Ravager Wurm": 2001, "Rowan, Scholar of Sparks": 2130, "Rubble Reading": 2134, "Sheltered Thicket": 2268, "Structural Distortion": 2471, "Sylvan Primordial": 2521, "Territory Forge": 2575, "Twin Bolt": 2746, "Herbology Instructor_SB": 1188, "Nissa's Defeat_SB": 1735, "Peak Eruption_SB": 1870, "Scrabbling Claws_SB": 2191, "Battle at the Bridge": 182, "Spire of Industry": 2416, "Battle at the Bridge_SB": 183, "Murderous Cut_SB": 1690, "Borrowed Hostility": 273, "Barbed Batterfist": 173, "Webstrike Elite": 2920, "Yahenni's Expertise": 2979, "Commit // Memory_SB": 478, "Steel Seraph": 2444, "Demilich_SB": 605, "Progenitor Mimic": 1938, "Banefire": 163, "Champion of the Perished": 405, "Cryptbreaker": 537, "Dark Salvation": 559, "Dread Wanderer": 687, "Relentless Dead": 2048, "Wayward Servant": 2915, "Zahur, Glory's Past": 2997, "Fighter Class": 903, "Chainsaw_SB": 403, "Nettle Guard_SB": 1719, "Sword of Forge and Frontier_SB": 2517, "Esika's Chariot_SB": 805, "Violent Urge_SB": 2853, "Boon of Boseiju": 267, "Phyrexian Censor": 1886, "Commune with Dinosaurs": 479, "Marauding Raptor": 1573, "Rampaging Raptor": 1994, "Regal Imperiosaur": 2043, "Ripjaw Raptor": 2095, "Maximize Velocity": 1598, "Birgi, God of Storytelling_SB": 205, "Expedition Map_SB": 822, "Stock Up_SB": 2450, "Wrenn and Realmbreaker": 2973, "Samut's Sprint": 2157, "Omen of the Dead_SB": 1792, "Lost Jitte": 1534, "Lazav, Wearer of Faces": 1457, "Medomai the Ageless": 1605, "Fires of Victory_SB": 912, "Riptide Gearhulk": 2097, "Quick Study": 1961, "Carnage Tyrant": 351, "Gather Courage_SB": 997, "Feather, the Redeemed": 877, "Feather, the Redeemed_SB": 878, "Etali, Primal Conqueror_SB": 812, "Ruin-Lurker Bat": 2138, "Healer's Hawk": 1166, "Linden, the Steadfast Queen": 1509, "Rogue's Passage": 2121, "Dewdrop Cure": 636, "Afterburner Expert": 31, "Satoru Umezawa": 2166, "Adorned Pouncer": 19, "Open the Armory": 1802, "Roadside Reliquary": 2108, "Out of Air_SB": 1823, "Cry of the Carnarium": 534, "Kaya, Orzhov Usurper": 1368, "Soul-Guide Lantern": 2384, "Calamity's Wake_SB": 334, "Twinshot Sniper": 2748, "Keruga, the Macrosage": 1383, "Twinshot Sniper_SB": 2749, "Anzrag, the Quake-Mole": 79, "Tamiyo's Safekeeping": 2536, "Tear Asunder": 2547, "Thrun, Breaker of Silence": 2661, "Nissa, Ascended Animist": 1736, "Tyrranax Rex": 2752, "Nissa, Ascended Animist_SB": 1737, "Spontaneous Mutation_SB": 2425, "Painter's Studio // Defaced Gallery": 1848, "Magmatic Chasm_SB": 1562, "Exquisite Firecraft": 829, "Raucous Carnival": 1998, "Curse of Shaken Faith_SB": 550, "Tireless Tracker_SB": 2678, "Merfolk Mistbinder": 1615, "Merfolk Trickster_SB": 1617, "Smuggler's Copter_SB": 2358, "Debris Beetle": 588, "Epic Downfall_SB": 796, "Cavalier of Flame": 383, "Sunder the Gateway": 2484, "Knight of Grace": 1406, "Swan Song_SB": 2511, "Blessed Defiance_SB": 228, "Rocketeer Boostbuggy": 2116, "Bladestitched Skaab": 219, "Lazotep Reaver": 1458, "Rotten Reunion_SB": 2127, "Enduring Tenacity_SB": 786, "Chandra, Spark Hunter_SB": 416, "Phoenix Chick": 1884, "Azor, the Lawbringer_SB": 149, "Mortify": 1674, "Fuel the Flames": 971, "Gix's Command_SB": 1033, "Sorin the Mirthless_SB": 2378, "Shoot the Sheriff_SB": 2286, "Graf Reaver_SB": 1097, "Kraul Whipcracker_SB": 1425, "Dive Down_SB": 657, "Fear of Impostors": 872, "Riptide Chimera": 2096, "Witchstalker_SB": 2951, "Soul-Scar Mage_SB": 2387, "Selfless Glyphweaver_SB": 2230, "Blood Spatter Analysis": 236, "Osseous Sticktwister": 1815, "Korvold, Fae-Cursed King": 1420, "Korvold, Fae-Cursed King_SB": 1421, "Demonic Bargain": 608, "Dive Down": 656, "Jace Reawakened_SB": 1316, "Blessed Defiance": 227, "Phyrexian Dragon Engine": 1887, "Seasoned Hallowblade": 2214, "The Mycosynth Gardens": 2612, "Burning Earth_SB": 321, "Alrund's Epiphany": 54, "Loot, the Pathfinder": 1527, "Fugitive Codebreaker": 973, "Flowstone Infusion": 931, "Sejiri Shelter": 2227, "Tenth District Legionnaire": 2571, "Invasion of New Phyrexia_SB": 1295, "Tangled Florahedron": 2542, "Healer of the Glade_SB": 1165, "Tale's End_SB": 2533, "Gisa, the Hellraiser_SB": 1031, "Ride's End_SB": 2090, "Omen of the Sun": 1795, "Omen of the Sun_SB": 1796, "Enduring Courage": 781, "Beseech the Mirror_SB": 198, "Experimental Confectioner": 826, "Commence the Endgame_SB": 475, "Forbidden Friendship": 935, "Collective Effort_SB": 464, "Perilous Snare_SB": 1877, "Monastery Mentor": 1663, "Seeker of the Way_SB": 2223, "Redcap Melee": 2031, "Setessan Champion": 2241, "Trapped in the Screen": 2718, "Trapped in the Screen_SB": 2719, "Cryptolith Rite": 540, "Bottomless Pool && Locker Room": 278, "Bottomless Pool && Locker Room_SB": 279, "Knockout Blow": 1411, "Hidetsugu's Second Rite": 1199, "Eidolon of Blossoms_SB": 738, "Incubation Druid": 1256, "Interplanar Beacon": 1280, "Kaya the Inexorable": 1362, "Mistrise Village": 1651, "Ral Zarek": 1983, "Tamiyo, Field Researcher": 2539, "Vraska, Betrayal's Sting": 2890, "Kunoros, Hound of Athreos_SB": 1438, "Tersa Lightshatter": 2577, "Mox Jasper": 1682, "Mistrise Village_SB": 1652, "Elspeth, Storm Slayer": 761, "United Battlefront": 2786, "Voice of Victory": 2868, "Sunder the Gateway_SB": 2485, "Voice of Victory_SB": 2869, "Descendant of Storms": 621, "Dragonfire Blade": 678, "Lavaspur Boots_SB": 1454, "Qarsi Revenant": 1954, "Qarsi Revenant_SB": 1955, "Cease // Desist": 391, "Cram Session": 518, "Insatiable Avarice": 1270, "The Biblioplex": 2591, "Valgavoth's Onslaught": 2822, "Containment Breach_SB": 493, "Environmental Sciences_SB": 794, "Introduction to Annihilation_SB": 1291, "Mascot Exhibition_SB": 1586, "Pest Summoning_SB": 1881, "Cemetery Illuminator": 395, "Muraganda Raceway": 1686, "Rakdos's Return_SB": 1980, "Caustic Exhale": 380, "Dispelling Exhale": 652, "Foul-Tongue Invocation": 948, "Marang River Regent": 1570, "Scavenger Regent": 2179, "Silumgar's Scorn": 2304, "Caustic Exhale_SB": 381, "Strategic Betrayal_SB": 2466, "Cori-Steel Cutter": 501, "Wild Ride": 2935, "Cori-Steel Cutter_SB": 502, "Desperate Measures": 624, "Katilda, Dawnhart Prime": 1361, "Songcrafter Mage": 2375, "Militia Bugler_SB": 1630, "Sunpearl Kirin": 2493, "Rot-Curse Rakshasa": 2126, "History of Benalia": 1207, "Strategic Betrayal": 2465, "Treasure Map": 2726, "Archangel Elspeth": 94, "Painter's Studio && Defaced Gallery": 1847, "This Town Ain't Big Enough_SB": 2640, "Stormscale Scion": 2459, "Stormscale Scion_SB": 2460, "Of One Mind": 1784, "Banishing Slash": 171, "Jaya, Fiery Negotiator": 1326, "Gurmag Angler": 1126, "Murderous Rider_SB": 1692, "Cori Mountain Monastery": 500, "United Battlefront_SB": 2787, "Warden of the Grove": 2902, "Surrak, Elusive Hunter_SB": 2508, "Icon of Ancestry": 1240, "Fire Prophecy": 907, "White Sun's Twilight_SB": 2933, "Paradoxical Outcome_SB": 1855, "Masked Vandal": 1587, "Fanatical Firebrand_SB": 860, "Scavenger's Talent_SB": 2181, "Ygra, Eater of All_SB": 2985, "Liliana, Death's Majesty": 1504, "Decadent Dragon_SB": 589, "Runed Halo": 2144, "Undead Sprinter_SB": 2774, "Boros Reckoner": 272, "Craterhoof Behemoth": 522, "Phyrexian Obliterator": 1889, "Decisive Denial": 591, "Ebondeath, Dracolich": 731, "Ertai's Scorn": 801, "Rakshasa's Bargain": 1982, "Rewind": 2085, "Unwind": 2803, "Awaken the Honored Dead_SB": 144, "Carnage Tyrant_SB": 352, "Gaze of Granite_SB": 999, "Lutri, the Spellchaser_SB": 1549, "Specter's Shriek_SB": 2396, "Collected Company_SB": 461, "Elspeth, Storm Slayer_SB": 762, "Wojek Investigator": 2962, "Yathan Roadwatcher": 2982, "Jeskai Revelation": 1329, "Hammerhand": 1139, "Aqueous Form": 83, "Severance Priest": 2246, "Ray of Frost_SB": 2003, "Bontu's Last Reckoning_SB": 265, "Deafening Silence": 579, "Dragonlord Silumgar": 681, "Painful Truths": 1846, "Search for Azcanta": 2207, "Supreme Will": 2502, "Contraband Kingpin_SB": 497, "Village Rites": 2849, "Stormchaser's Talent_SB": 2457, "Greedy Freebooter": 1109, "Shambling Ghast": 2255, "Marketback Walker": 1583, "Diabolic Intent": 638, "Gleaming Barrier": 1042, "Liliana's Standard Bearer": 1503, "The Sibsig Ceremony": 2618, "Callous Bloodmage_SB": 339, "Friendly Teddy": 965, "Muerra, Trash Tactician": 1683, "Dusk Legion Zealot": 721, "Patchwork Banner": 1860, "Bedevil_SB": 190, "Champion of Dusk_SB": 404, "Deadly Dispute_SB": 576, "Soul Transfer_SB": 2383, "Devilish Valet": 634, "Runaway Steam-Kin": 2140, "Grinning Ignus": 1113, "Hazoret's Monument": 1163, "Light Up the Night": 1488, "Cemetery Prowler_SB": 396, "Nissa, Steward of Elements_SB": 1739, "Kishla Village": 1393, "Ugin, Eye of the Storms": 2758, "Robber of the Rich_SB": 2115, "Sokenzan, Crucible of Defiance_SB": 2370, "Shadows' Verdict": 2249, "The Book of Exalted Deeds_SB": 2594, "Shiko, Paragon of the Way": 2279, "Silent Hallcreeper": 2303, "Ashiok, Nightmare Weaver_SB": 121, "Rediscover the Way": 2033, "Wizard's Retort_SB": 2960, "Shapers' Sanctuary": 2257, "Clever Lumimancer": 450, "Niv-Mizzet, Parun": 1743, "Sweltering Suns": 2512, "Marang River Regent_SB": 1571, "Giant Growth": 1018, "Heritage Reclamation_SB": 1190, "Omnath, Locus of the Roil": 1799, "Intimidation Tactics": 1282, "Liliana, Dreadhorde General_SB": 1506, "Katilda, Dawnhart Martyr_SB": 1360, "Gonti, Lord of Luxury_SB": 1092, "Frontline Rush": 967, "Mortify_SB": 1675, "Treasure Cruise_SB": 2725}}