{"vocabulary": {"Boseiju, Who Endures": 240, "Cavalier of Thorns": 336, "Elvish Mystic": 670, "Forest": 818, "Invasion of Ixalan": 1067, "Kiora, Behemoth Beckoner": 1149, "Lair of the Hydra": 1193, "Llanowar Elves": 1263, "Nykthos, Shrine to Nyx": 1476, "Oath of Nissa": 1479, "Old-Growth Troll": 1492, "Outcaster Trailblazer": 1529, "Storm the Festival": 2054, "Ulvenwald Oddity": 2322, "Wolfwillow Haven": 2498, "Cityscape Leveler_SB": 380, "Monstrous Emergence_SB": 1389, "Pithing Needle_SB": 1585, "The Mightstone and Weakstone_SB": 2198, "The Stone Brain_SB": 2209, "Tranquil Frillback_SB": 2284, "Wicked Wolf_SB": 2471, "Arclight Phoenix": 109, "Artist's Talent": 114, "Brazen Borrower": 252, "Consider": 430, "Fiery Impulse": 783, "Galvanic Iteration": 842, "Hall of Storm Giants": 937, "Into the Flood Maw": 1060, "Island": 1079, "Lightning Axe": 1236, "Opt": 1511, "Otawara, Soaring City": 1523, "Picklock Prankster": 1578, "Proft's Eidetic Memory": 1610, "Riverglide Pathway": 1747, "Shivan Reef": 1907, "Sleight of Hand": 1956, "Spell Pierce": 2006, "Spikefield Hazard": 2014, "Spirebluff Canal": 2017, "Steam Vents": 2038, "Stormcarved Coast": 2055, "Temporal Trespass": 2156, "Torch the Tower": 2269, "Treasure Cruise": 2292, "Abrade_SB": 24, "Aether Gust_SB": 45, "Anger of the Gods_SB": 83, "Annul_SB": 89, "Brazen Borrower_SB": 253, "Brotherhood's End_SB": 266, "Mystical Dispute_SB": 1421, "Negate_SB": 1440, "Prismari Command_SB": 1608, "Thing in the Ice_SB": 2218, "Third Path Iconoclast_SB": 2219, "Blackcleave Cliffs": 192, "Blade of the Oni": 194, "Blazemire Verge": 198, "Blightstep Pathway": 202, "Blood Crypt": 210, "Bloodtithe Harvester": 217, "Duress": 630, "Fable of the Mirror-Breaker": 736, "Fatal Push": 756, "Fear of Missing Out": 764, "Go for the Throat": 893, "Mutavault": 1413, "Sheoldred, the Apocalypse": 1901, "Sokenzan, Crucible of Defiance": 1977, "Sulfurous Springs": 2075, "Swamp": 2112, "Thoughtseize": 2227, "Unholy Annex // Ritual Chamber": 2341, "Urborg, Tomb of Yawgmoth": 2361, "Damping Sphere_SB": 490, "Duress_SB": 631, "Extinction Event_SB": 730, "Go Blank_SB": 892, "Hidetsugu Consumes All_SB": 988, "Invoke Despair_SB": 1073, "Liliana of the Veil_SB": 1247, "Torch the Tower_SB": 2270, "Unlicensed Hearse_SB": 2348, "Withering Torment_SB": 2492, "Burst Lightning": 277, "Copperline Gorge": 441, "Cragcrown Pathway": 455, "Den of the Bugbear": 540, "Emberheart Challenger": 675, "Heartfire Hero": 960, "Innkeeper's Talent": 1046, "Karplusan Forest": 1119, "Manifold Mouse": 1312, "Monstrous Rage": 1390, "Mountain": 1400, "Pawpatch Recruit": 1559, "Ramunap Ruins": 1653, "Reckless Rage": 1677, "Screaming Nemesis": 1835, "Soul-Scar Mage": 1994, "Stomping Ground": 2048, "Hazoret the Fervent_SB": 955, "Magebane Lizard_SB": 1299, "Pawpatch Formation_SB": 1558, "Pick Your Poison_SB": 1577, "Pyroclasm_SB": 1616, "Redcap Melee_SB": 1687, "Scorching Shot_SB": 1825, "Urabrask's Forge_SB": 2358, "Kumano Faces Kakkazan": 1184, "Monastery Swiftspear": 1387, "Questing Druid": 1625, "Snakeskin Veil": 1968, "Questing Druid_SB": 1626, "Reckless Rage_SB": 1678, "Screaming Nemesis_SB": 1836, "Sentinel of the Nameless City_SB": 1865, "Anoint with Affliction_SB": 91, "Reckoner Bankbuster_SB": 1681, "Clearwater Pathway": 387, "Darkslick Shores": 497, "Enduring Curiosity": 687, "Faerie Miscreant": 748, "Floodpits Drowner": 807, "Gloomlake Verge": 889, "Kaito, Bane of Nightmares": 1109, "Mockingbird": 1378, "Moon-Circuit Hacker": 1394, "Spyglass Siren": 2028, "Thousand-Faced Shadow": 2229, "Underground River": 2334, "Watery Grave": 2450, "Biting-Palm Ninja_SB": 188, "Cut Down_SB": 486, "Disdainful Stroke_SB": 569, "Dokuchi Silencer_SB": 584, "Leyline of the Void_SB": 1226, "Sheoldred, the Apocalypse_SB": 1902, "Spell Pierce_SB": 2007, "Aloe Alchemist": 66, "Atarka's Command": 126, "Burning-Tree Emissary": 275, "Cunning Coyote": 479, "Play with Fire": 1590, "Reckless Bushwhacker": 1672, "Thornspire Verge": 2222, "Claim the Firstborn_SB": 384, "Destructive Revelry_SB": 553, "Rending Volley_SB": 1703, "Shapers' Sanctuary_SB": 1886, "Bonecrusher Giant": 233, "Greasewrench Goblin": 913, "Inti, Seneschal of the Sun": 1057, "Rockface Village": 1756, "Sunspine Lynx": 2098, "Witchstalker Frenzy": 2486, "Eidolon of the Great Revel_SB": 643, "Lithomantic Barrage_SB": 1261, "Razorkin Needlehead_SB": 1667, "Fry_SB": 835, "Saheeli, Sublime Artificer_SB": 1790, "Archfiend of the Dross": 105, "Haunted Ridge": 949, "Invoke Despair": 1072, "Kroxa, Titan of Death's Hunger": 1182, "The Meathook Massacre_SB": 2196, "Experimental Frenzy_SB": 724, "Mutavault_SB": 1414, "Bitter Triumph_SB": 191, "Graveyard Trespasser_SB": 911, "Kroxa, Titan of Death's Hunger_SB": 1183, "Expedition Map": 720, "Hidden Strings": 986, "Lier, Disciple of the Drowned": 1228, "Lightning Strike": 1240, "Lotus Field": 1280, "Pore Over the Pages": 1596, "Stock Up": 2046, "Thespian's Stage": 2216, "Valakut Awakening": 2367, "Vizier of Tumbling Sands": 2409, "Wish": 2484, "Fiery Impulse_SB": 784, "Galvanic Iteration_SB": 843, "Lier, Disciple of the Drowned_SB": 1229, "Nine Lives_SB": 1444, "Niv-Mizzet, Parun_SB": 1455, "Stock Up_SB": 2047, "Callous Sell-Sword": 291, "Claim // Fame": 381, "Infuriate": 1043, "Slickshot Show-Off": 1957, "Claim // Fame_SB": 382, "Fatal Push_SB": 757, "Feed the Swarm_SB": 770, "Ob Nixilis, the Adversary_SB": 1481, "Ray of Enfeeblement_SB": 1663, "Thoughtseize_SB": 2228, "Beza, the Bounding Spring": 178, "Change the Equation": 370, "Demolition Field": 535, "Deserted Beach": 548, "Destroy Evil": 551, "Dovin's Veto": 593, "Field of Ruin": 779, "Floodfarm Verge": 806, "Fountainport": 828, "Hallowed Fountain": 938, "Hengegate Pathway": 975, "March of Otherworldly Light": 1319, "Memory Deluge": 1346, "No More Lies": 1458, "Plains": 1586, "Portable Hole": 1599, "Quick Study": 1627, "Restless Anchorage": 1716, "Settle the Wreckage": 1872, "Supreme Verdict": 2102, "Teferi, Hero of Dominaria": 2143, "The Wandering Emperor": 2210, "Beza, the Bounding Spring_SB": 179, "Destroy Evil_SB": 552, "Farewell_SB": 755, "Riptide Gearhulk_SB": 1739, "Settle the Wreckage_SB": 1873, "Yorion, Sky Nomad_SB": 2518, "Abrupt Decay": 25, "Ancient Cornucopia": 79, "Breeding Pool": 255, "Bring to Light": 260, "Culling Ritual": 477, "Deafening Clarion": 511, "Elesh Norn, Mother of Machines": 656, "Godless Shrine": 899, "Hostage Taker": 1013, "Hushwood Verge": 1021, "Indatha Triome": 1041, "Jetmir's Garden": 1096, "Ketria Triome": 1146, "Knight of Autumn": 1159, "Kolaghan's Command": 1170, "Leyline Binding": 1218, "Lightning Helix": 1238, "Maelstrom Pulse": 1293, "Niv-Mizzet Reborn": 1453, "Niv-Mizzet, Supreme": 1456, "Overgrown Tomb": 1534, "Pillage the Bog": 1579, "Raffine's Tower": 1636, "Raugrin Triome": 1661, "Sacred Foundry": 1787, "Savai Triome": 1809, "Spara's Headquarters": 2001, "Sunfall": 2087, "Sylvan Caryatid": 2121, "Unmoored Ego": 2350, "Up the Beanstalk": 2356, "Valki, God of Lies": 2373, "Vanishing Verse": 2384, "Xander's Lounge": 2506, "Zagoth Triome": 2527, "Ziatora's Proving Ground": 2531, "Culling Ritual_SB": 478, "Deafening Clarion_SB": 512, "Dovin's Veto_SB": 594, "Elesh Norn, Mother of Machines_SB": 657, "Kambal, Consul of Allocation_SB": 1115, "Knight of Autumn_SB": 1160, "Notion Thief_SB": 1464, "Grafdigger's Cage_SB": 908, "Case of the Crimson Pulse_SB": 312, "Brightclimb Pathway": 256, "Concealed Courtyard": 420, "Fear of Isolation": 763, "Hopeless Nightmare": 1007, "Legion's Landing": 1216, "Momentum Breaker": 1385, "Nowhere to Run": 1468, "Nurturing Pixie": 1474, "Optimistic Scavenger": 1512, "Seachrome Coast": 1839, "Stormchaser's Talent": 2059, "This Town Ain't Big Enough": 2220, "Treacherous Blessing": 2291, "Rest in Peace_SB": 1715, "Skyclave Apparition_SB": 1946, "Blooming Marsh": 218, "Cauldron Familiar": 328, "Claim the Firstborn": 383, "Deadly Dispute": 509, "Mayhem Devil": 1339, "Scavenger's Talent": 1818, "Takenuma, Abandoned Mire": 2130, "Witch's Oven": 2485, "Ygra, Eater of All": 2515, "Haywire Mite_SB": 952, "Battlefield Forge": 167, "Boros Charm": 237, "Gods Willing": 900, "Inspiring Vantage": 1054, "Needleverge Pathway": 1438, "Get Lost_SB": 854, "Showdown of the Skalds_SB": 1915, "Strict Proctor_SB": 2069, "Chandra, Torch of Defiance_SB": 369, "Fetid Pools": 778, "Geier Reach Sanitarium": 850, "Grim Bauble": 918, "Hive of the Eye Tyrant": 997, "Narset, Parter of Veils": 1430, "Omen of the Sea": 1498, "Overlord of the Floodpits": 1538, "Shipwreck Marsh": 1906, "The Meathook Massacre": 2195, "Ashiok, Dream Render_SB": 118, "Ashiok, Nightmare Muse_SB": 120, "Beacon Bolt_SB": 168, "Change the Equation_SB": 371, "Crackling Drake_SB": 454, "Proft's Eidetic Memory_SB": 1611, "Tormod's Crypt_SB": 2272, "Atraxa, Grand Unifier": 128, "Elder Gargaroth": 647, "Enigmatic Incarnation": 693, "Fires of Invention": 794, "Glasspool Mimic": 881, "Heliod, the Radiant Dawn": 971, "Kenrith, the Returned King": 1141, "Marina Vendrell": 1326, "Roaring Furnace // Steaming Sauna": 1751, "Temple Garden": 2146, "Temporary Lockdown": 2157, "Titan of Industry": 2253, "Tolsimir, Friend to Wolves": 2261, "Touch the Spirit Realm": 2276, "Keruga, the Macrosage_SB": 1143, "Knockout Blow_SB": 1168, "Koma, Cosmos Serpent_SB": 1172, "Krenko's Buzzcrusher_SB": 1180, "Archdruid's Charm": 103, "Leyline of the Guildpact": 1225, "Sunken Citadel": 2089, "Arasta of the Endless Web_SB": 99, "Emrakul, the Promised End_SB": 682, "Obstinate Baloth_SB": 1485, "Tail Swipe_SB": 2128, "Call of the Death-Dweller": 289, "Kaito, Cunning Infiltrator": 1111, "Ornithopter": 1518, "Satoru, the Infiltrator": 1806, "Silver-Fur Master": 1925, "Go for the Throat_SB": 894, "Mukotai Ambusher_SB": 1407, "Liliana, the Last Hope_SB": 1253, "Bitter Triumph": 190, "Branchloft Pathway": 247, "Cache Grab": 284, "Darkbore Pathway": 496, "Esika's Chariot": 706, "Greasefang, Okiba Boss": 912, "Mana Confluence": 1311, "Overlord of the Balemurk": 1535, "Parhelion II": 1550, "Raffine's Informant": 1635, "Thundering Broodwagon": 2241, "Traverse the Ulvenwald": 2290, "Valor's Flagship": 2378, "Witherbloom Command": 2489, "Glissa Sunslayer_SB": 887, "Portable Hole_SB": 1600, "Torpor Orb_SB": 2273, "Vanishing Verse_SB": 2385, "Turn Inside Out": 2302, "Chandra, Dressed to Kill_SB": 364, "Elegant Parlor": 651, "Skysovereign, Consul Flagship": 1951, "Ketramose, the New Dawn_SB": 1145, "Castle Locthwain": 320, "Barkchannel Pathway": 159, "Benthic Biomancer": 175, "Botanical Sanctum": 243, "Cavern of Souls": 337, "Cenote Scout": 346, "Collected Company": 400, "Deeproot Pilgrimage": 526, "Kumena's Speaker": 1185, "Kumena, Tyrant of Orazca": 1186, "Mindspring Merfolk": 1363, "Sentinel of the Nameless City": 1864, "Tishana's Tidebinder": 2251, "Vodalian Hexcatcher": 2410, "Willowrush Verge": 2477, "Tidebinder Mage_SB": 2244, "Unable to Scream_SB": 2326, "Withering Torment": 2491, "Castle Ardenvale": 317, "Eiganjo, Seat of the Empire": 644, "Farewell": 754, "Get Lost": 853, "Hallowed Moonlight": 939, "Irrigated Farmland": 1076, "Meticulous Archive": 1357, "Ride's End": 1732, "Narset, Parter of Veils_SB": 1431, "Thundertrap Trainer": 2243, "Yorion, Sky Nomad": 2517, "Gather Courage": 847, "Keen-Eyed Curator": 1133, "Polukranos Reborn": 1594, "Tribute to the World Tree": 2298, "Tyvar, the Pummeler": 2314, "Webstrike Elite": 2458, "Werewolf Pack Leader": 2467, "Gather Courage_SB": 848, "Inscription of Abundance_SB": 1049, "Blacksmith's Talent": 193, "Bladehold War-Whip": 195, "Chainsaw": 352, "Colossus Hammer": 412, "Fervent Champion": 776, "Kellan, the Fae-Blooded": 1138, "Kemba, Kha Enduring": 1139, "Lavaspur Boots": 1199, "Legion Extruder": 1211, "Leyline Axe": 1217, "Mirrex": 1364, "Nahiri, Forged in Fury": 1422, "Shadowspear": 1879, "Swiftfoot Boots": 2117, "Sheltered by Ghosts_SB": 1898, "Surge of Salvation_SB": 2107, "Barbed Batterfist": 157, "Hidetsugu Consumes All": 987, "Ghost Vacuum_SB": 859, "Back to Nature_SB": 145, "Oildeep Gearhulk_SB": 1490, "Arboreal Grazer": 100, "Arid Archway": 110, "Castle Garenbrig": 319, "Deadly Cover-Up": 507, "Festering Gulch": 777, "Iridescent Vinelasher": 1075, "Lumra, Bellow of the Woods": 1286, "Port of Karfell": 1598, "Spelunking": 2010, "Underground Mortuary": 2333, "Abrupt Decay_SB": 26, "Elder Gargaroth_SB": 648, "Fog_SB": 814, "Carnage Tyrant": 302, "Kutzil's Flanker": 1189, "Linvala, the Preserver": 1257, "Overlord of the Boilerbilges": 1537, "Overlord of the Hauntwoods": 1539, "Overlord of the Mistmoors": 1540, "Skyclave Apparition": 1945, "Zur, Eternal Schemer": 2537, "Barrier Breach_SB": 160, "Sunfall_SB": 2088, "Containment Priest_SB": 438, "Deafening Silence_SB": 514, "Split Up": 2022, "Kaheera, the Orphanguard_SB": 1107, "Shark Typhoon_SB": 1890, "Supreme Verdict_SB": 2103, "Fiery Temper": 785, "Flameblade Adept": 797, "Footfall Crater": 816, "Highway Robbery": 993, "Marauding Mako": 1317, "Maximize Velocity": 1338, "Monument to Endurance": 1392, "Ox of Agonas": 1543, "Lightning Axe_SB": 1237, "Sunspine Lynx_SB": 2099, "Kazuul's Toll Collector": 1132, "Nahiri, the Unforgiving_SB": 1427, "Hostile Hostel": 1014, "Archon of Emeria": 107, "Bleachbone Verge": 199, "Deputy of Detention": 545, "Noxious Gearhulk": 1470, "Tranquil Frillback": 2283, "Wastewood Verge": 2449, "Ruric Thar, the Unbowed_SB": 1778, "Light Up the Stage": 1231, "Skewer the Critics": 1937, "Castle Embereth": 318, "Hired Claw": 995, "Zurgo Bellstriker": 2538, "Kari Zev's Expertise_SB": 1116, "Obosh, the Preypiercer_SB": 1483, "Soul-Guide Lantern_SB": 1993, "Rampaging Ferocidon_SB": 1652, "Goblin Chainwhirler_SB": 896, "Twisted Fealty_SB": 2308, "Kozilek's Return_SB": 1177, "Flicker of Fate": 804, "High Noon_SB": 992, "Adarkar Wastes": 36, "Mausoleum Wanderer": 1337, "Rattlechains": 1657, "Spell Queller": 2008, "Supreme Phantom": 2101, "Sheltered by Ghosts": 1897, "Katilda, Dawnhart Martyr": 1120, "Slip Out the Back": 1959, "Wedding Announcement_SB": 2461, "Invasion of Gobakhan_SB": 1066, "Tishana's Tidebinder_SB": 2252, "Split Up_SB": 2023, "Ensoul Artifact": 694, "Voldaren Epicure": 2421, "Shrapnel Blast": 1916, "Zoetic Glyph": 2534, "Darksteel Citadel": 498, "Smuggler's Copter": 1964, "Stubborn Denial": 2071, "Cryptic Coat": 472, "Sweltering Suns_SB": 2116, "The Akroan War_SB": 2178, "Basilisk Collar_SB": 163, "Silvergill Adept": 1926, "Triton Shorestalker": 2299, "Undercity Sewers": 2332, "Tithing Blade": 2257, "Path of Peril_SB": 1556, "Bitter Reunion": 189, "Case of the Stashed Skeleton": 315, "Big Score": 180, "Vampires' Vengeance": 2381, "Fabled Passage": 738, "Raucous Theater": 1660, "Valgavoth, Terror Eater": 2370, "Brotherhood's End": 265, "Indomitable Creativity": 1042, "Zombify": 2535, "Worldspine Wurm_SB": 2503, "Etali, Primal Conqueror_SB": 713, "Xenagos, God of Revels_SB": 2508, "Beanstalk Giant": 169, "Greater Tanuki": 915, "Magma Opus": 1302, "Quintorius Kand": 1630, "Release to the Wind": 1698, "Spark Double": 2002, "Spinewoods Armadillo": 2015, "Trumpeting Carnosaur": 2300, "Virtue of Persistence": 2400, "Colossal Skyturtle_SB": 410, "Consign // Oblivion_SB": 432, "Dragonlord Dromoka_SB": 599, "Gyruda, Doom of Depths_SB": 932, "Horned Loch-Whale_SB": 1010, "Roaring Furnace // Steaming Sauna_SB": 1752, "Thought Distortion_SB": 2224, "Fortified Beachhead": 823, "Declaration in Stone": 521, "Thalia, Heretic Cathar": 2172, "Hopeful Initiate": 1005, "Thalia's Lieutenant": 2169, "Coppercoat Vanguard": 440, "Reflector Mage": 1691, "Adeline, Resplendent Cathar": 37, "Thalia, Guardian of Thraben": 2170, "Recruitment Officer": 1685, "Dauntless Bodyguard": 499, "Brutal Cathar_SB": 270, "Extraction Specialist_SB": 733, "Zephyr Sentinel_SB": 2528, "Anointed Peacekeeper_SB": 93, "Brave the Elements_SB": 251, "Caves of Koilos": 339, "Restless Fortress": 1718, "Ruin-Lurker Bat": 1771, "Healer's Hawk": 959, "Essence Channeler": 708, "Voice of the Blessed": 2415, "Exemplar of Light": 717, "Linden, the Steadfast Queen": 1256, "Leyline of Hope": 1220, "Authority of the Consuls": 136, "Case of the Uneaten Feast": 316, "Scoured Barrens": 1826, "Werefox Bodyguard": 2465, "Rogue's Passage": 1758, "Dewdrop Cure": 557, "Lunarch Veteran": 1287, "Ossification_SB": 1521, "Declaration in Stone_SB": 522, "Crystal Barricade_SB": 475, "Fateful Absence_SB": 759, "Afterburner Expert": 50, "Agatha's Soul Cauldron": 55, "Draconautics Engineer": 595, "Dredger's Insight": 620, "Omnivorous Flytrap": 1505, "Wrenn and Realmbreaker": 2504, "Agatha's Soul Cauldron_SB": 56, "Sundown Pass": 2086, "Might of the Meek": 1359, "Feather, the Redeemed": 765, "Cacophony Scamp": 285, "Clifftop Retreat": 391, "Dreadmaw's Ire": 611, "Light of Hope_SB": 1234, "Loran's Escape_SB": 1275, "Feather, the Redeemed_SB": 766, "Sheoldred's Edict_SB": 1900, "Anoint with Affliction": 90, "Extraction Specialist": 732, "Shefet Dunes": 1896, "Veteran Survivor": 2392, "Warden of the Inner Sky": 2438, "Elite Spellbinder_SB": 660, "Brushland": 268, "Can't Stay Away": 294, "Glissa Sunslayer": 886, "Grisly Salvage": 921, "Razorverge Thicket": 1668, "Temporary Lockdown_SB": 2158, "Collective Brutality": 402, "Faithful Mending": 749, "Kiora, the Rising Tide": 1150, "Lively Dirge": 1262, "Pest Control": 1565, "Shattered Sanctum": 1892, "Tainted Indulgence": 2129, "Dream Trawler_SB": 614, "Elenda, Saint of Dusk_SB": 655, "Silence_SB": 1921, "Teferi, Hero of Dominaria_SB": 2144, "Void Rend_SB": 2417, "Graveyard Trespasser": 910, "Oildeep Gearhulk": 1489, "Adorned Pouncer": 38, "Arahbo, the First Fang": 98, "Brave the Elements": 250, "Lion Sash": 1259, "Open the Armory": 1508, "Roadside Reliquary": 1750, "Sacred Cat": 1786, "Sigarda's Aid": 1919, "Skyknight Squire": 1948, "Sword of Forge and Frontier": 2118, "Heliod's Intervention_SB": 967, "Kutzil's Flanker_SB": 1190, "Kolaghan's Command_SB": 1171, "Burst Lightning_SB": 278, "Ox of Agonas_SB": 1544, "Gastal Thrillroller": 845, "Gleaming Geardrake": 883, "Memory Guardian": 1348, "Shadowspear_SB": 1880, "Voltage Surge_SB": 2425, "Boltwave": 229, "Eidolon of the Great Revel": 642, "Exquisite Firecraft_SB": 727, "Roiling Vortex_SB": 1761, "Searing Blood_SB": 1847, "Wear // Tear_SB": 2453, "Battle Cry Goblin": 165, "Foundry Street Denizen": 827, "Goblin Instigator": 897, "Raise the Past": 1640, "Rundvelt Hordemaster": 1773, "Skirk Prospector": 1938, "Moonshaker Cavalry_SB": 1395, "Nahiri, the Harbinger_SB": 1425, "Prosperous Thief": 1613, "Satoru Umezawa": 1805, "Three Steps Ahead": 2231, "High Noon": 991, "Hullbreaker Horror_SB": 1019, "Gifted Aetherborn": 870, "Kalitas, Traitor of Ghet": 1113, "Murderous Rider": 1411, "Sign in Blood": 1920, "Sorin the Mirthless": 1984, "Liliana of the Veil": 1246, "Kalitas, Traitor of Ghet_SB": 1114, "Cling to Dust_SB": 393, "Bard Class": 158, "Commune with Spirits": 419, "Radha, Heart of Keld": 1632, "Kari Zev, Skyship Raider": 1117, "Domri, Anarch of Bolas": 585, "Samut, Vizier of Naktamun": 1795, "Itzquinth, Firstborn of Gishath": 1082, "Redshift, Rocketeer Chief": 1689, "Klothys, God of Destiny": 1157, "Ruby, Daring Tracker": 1769, "Mox Amber": 1402, "Rockfall Vale": 1757, "Plaza of Heroes": 1592, "Hajar, Loyal Bodyguard": 933, "Migloz, Maze Crusher": 1360, "Goro-Goro, Disciple of Ryusei": 905, "Gallia of the Endless Dance": 841, "Anzrag, the Quake-Mole": 94, "Temple of Abandon": 2147, "Cindervines_SB": 378, "Elenda, Saint of Dusk": 654, "Omnath, Locus of Creation": 1501, "Casualties of War_SB": 322, "Unmoored Ego_SB": 2351, "Ghitu Lavarunner": 857, "Wizard's Lightning": 2494, "Count on Luck_SB": 451, "Tamiyo's Safekeeping": 2132, "Tear Asunder": 2140, "Blot Out": 224, "Scrapshooter": 1832, "Questing Beast": 1623, "Thrun, Breaker of Silence": 2236, "Nissa, Ascended Animist": 1447, "Tyrranax Rex": 2309, "Cityscape Leveler": 379, "Keen-Eyed Curator_SB": 1134, "Blot Out_SB": 225, "Nissa, Ascended Animist_SB": 1448, "Shifting Ceratops_SB": 1903, "Hornet Queen_SB": 1012, "Weathered Runestone_SB": 2456, "Twinshot Sniper": 2306, "Keruga, the Macrosage": 1142, "Clever Impersonator": 388, "Agent of Treachery_SB": 57, "Twinshot Sniper_SB": 2307, "Ancestral Anger": 77, "Leyline of Resonance": 1221, "Play with Fire_SB": 1591, "Leyline of Sanctity_SB": 1222, "Cut Down": 485, "Entity Tracker": 696, "Get Out": 855, "Restless Reef": 1720, "Tinybones Joins Up": 2247, "Grim Bauble_SB": 919, "Harvester of Misery_SB": 947, "Intimidation Tactics_SB": 1059, "Out of Air_SB": 1527, "Cling to Dust": 392, "Cry of the Carnarium": 466, "Ghost Vacuum": 858, "Kaya, Orzhov Usurper": 1128, "Ketramose, the New Dawn": 1144, "Soul-Guide Lantern": 1992, "The End": 2185, "Calamity's Wake_SB": 287, "Devout Decree_SB": 556, "Elspeth's Smite_SB": 664, "Exorcise_SB": 718, "Legion's End_SB": 1215, "Borrowed Hostility": 239, "Built to Smash": 272, "Fireblade Charger": 793, "Thud": 2238, "Titan's Strength": 2255, "Wayward Guide-Beast": 2451, "Dreadmaw's Ire_SB": 612, "End the Festivities_SB": 685, "Light Up the Stage_SB": 1232, "Voldaren Thrillseeker_SB": 2423, "Hazoret the Fervent": 954, "Experimental Augury": 722, "Jace Reawakened": 1084, "Malcolm, Alluring Scoundrel": 1309, "Nashi, Searcher in the Dark": 1432, "Sheoldred's Edict": 1899, "Witchstalker Frenzy_SB": 2487, "Spontaneous Mutation_SB": 2024, "Deduce": 523, "Prismari Command": 1607, "Riverpyre Verge": 1748, "Shark Typhoon": 1889, "Temple of Epiphany": 2150, "The World Tree": 2215, "Volcanic Spite": 2418, "Gilded Goose": 872, "Llanowar Wastes": 1265, "Vinereap Mentor": 2396, "Vraska, Golgari Queen": 2430, "Bloodchief's Thirst": 212, "Bloodchief's Thirst_SB": 213, "Elspeth's Smite": 663, "Glacial Fortress": 878, "Jwari Disruption": 1105, "Archon of Emeria_SB": 108, "Chrome Host Seedshark_SB": 377, "Starnheim Unleashed_SB": 2036, "Test of Talents_SB": 2165, "Aclazotz, Deepest Betrayal": 32, "Reckoner Bankbuster": 1680, "Scrabbling Claws": 1829, "Shadowy Backstreet": 1881, "Shambling Vent": 1884, "Bonecrusher Giant_SB": 234, "Fable of the Mirror-Breaker_SB": 737, "Case of the Gateway Express": 313, "Gleeful Demolition": 884, "Imodane's Recruiter": 1034, "Knight-Errant of Eos": 1166, "Novice Inspector": 1467, "Resolute Reinforcements": 1711, "Painter's Studio // Defaced Gallery": 1546, "Sunbillow Verge": 2083, "Thraben Inspector": 2230, "Venerated Loxodon": 2390, "Chance for Glory_SB": 357, "Magmatic Chasm_SB": 1303, "Requisition Raid_SB": 1708, "Shrapnel Blast_SB": 1917, "Thalia, Guardian of Thraben_SB": 2171, "Untimely Malfunction_SB": 2354, "Extinction Event": 729, "Sorin, Vengeful Bloodlord_SB": 1986, "Aftermath Analyst": 51, "Brokers Hideout": 264, "Cabaretti Courtyard": 283, "Ill-Timed Explosion": 1028, "Lotus Cobra": 1279, "Maestros Theater": 1296, "Nissa, Resurgent Animist": 1449, "Riveteers Overlook": 1749, "Shigeki, Jukai Visionary": 1904, "Virtue of Strength": 2402, "Worldsoul's Rage": 2501, "Stern Dismissal": 2040, "Chandra's Defeat_SB": 358, "Thassa's Oracle_SB": 2174, "Immersturm Raider": 1032, "Archfiend of the Dross_SB": 106, "Ledger Shredder": 1207, "Searing Blood": 1846, "Exquisite Firecraft": 726, "Raucous Carnival": 1659, "Curse of Shaken Faith_SB": 482, "Unstoppable Slasher": 2352, "Heartless Act": 962, "Targ Nar, Demon-Fang Gnoll": 2137, "Kellan, Planar Trailblazer": 1137, "Norin, Swift Survivalist": 1461, "Doppelgang": 591, "Altanak, the Thrice-Called": 72, "Cathartic Pyre": 325, "Tireless Tracker_SB": 2250, "Titania, Voice of Gaea_SB": 2256, "Doppelgang_SB": 592, "Kiora's Follower": 1148, "Merfolk Mistbinder": 1349, "Yavimaya Coast": 2514, "Merfolk Trickster_SB": 1350, "Mockingbird_SB": 1379, "Fading Hope_SB": 744, "Smuggler's Copter_SB": 1965, "Transmogrify": 2285, "Beseech the Mirror": 176, "Mosswood Dreadknight": 1399, "Lovestruck Beast": 1282, "Debris Beetle": 518, "Mystic Repeal_SB": 1419, "Klothys, God of Destiny_SB": 1158, "Epic Downfall_SB": 700, "Long Goodbye_SB": 1269, "Malakir Rebirth": 1308, "Tune Up": 2301, "Loran of the Third Path_SB": 1273, "Sunset Revelry_SB": 2095, "Riptide Gearhulk": 1738, "Builder's Talent": 271, "Caretaker's Talent": 301, "Soul Partition": 1988, "Sunder the Gateway": 2084, "Vaultborn Tyrant": 2387, "Authority of the Consuls_SB": 137, "Into the Flood Maw_SB": 1061, "Nullhide Ferox_SB": 1473, "Cavalier of Flame": 335, "Skysovereign, Consul Flagship_SB": 1952, "Assassin's Trophy": 123, "Drowned Catacomb": 626, "Sunpetal Grove": 2092, "Woodland Cemetery": 2500, "Kitsa, Otterball Elite": 1156, "Retraction Helix": 1725, "Rona, Herald of Invasion": 1762, "Valley Floodcaller": 2375, "Abhorrent Oculus_SB": 22, "Floodpits Drowner_SB": 808, "Bishop of Wings": 187, "Emeria's Call": 679, "Enduring Innocence": 689, "Giada, Font of Hope": 863, "Inspiring Overseer": 1053, "Kayla's Reconstruction": 1130, "Resplendent Angel": 1713, "Righteous Valkyrie": 1734, "Aven Interrupter_SB": 139, "Reidane, God of the Worthy_SB": 1696, "Prosperous Innkeeper": 1612, "Reckless Stormseeker": 1679, "Rocketeer Boostbuggy": 1755, "The Akroan War": 2177, "Bladestitched Skaab": 196, "Champion of the Perished": 356, "Cryptbreaker": 469, "Dark Salvation": 495, "Dread Wanderer": 608, "Lazotep Reaver": 1206, "Crippling Fear_SB": 463, "Rotten Reunion_SB": 1764, "The Scarab God_SB": 2205, "Illuminator Virtuoso": 1031, "Loran's Escape": 1274, "Blessed Defiance_SB": 201, "Jace, Wielder of Mysteries_SB": 1088, "Ashiok, Nightmare Muse": 119, "Get Out_SB": 856, "Waste Not_SB": 2446, "Enduring Innocence_SB": 690, "Cruelclaw's Heist_SB": 464, "Defiant Strike": 529, "Dreadhorde Arcanist": 609, "Knight of Grace": 1162, "Samut's Sprint": 1794, "Dreadhorde Arcanist_SB": 610, "Gods Willing_SB": 901, "Knight of Grace_SB": 1163, "Swan Song_SB": 2114, "Enduring Tenacity_SB": 692, "Overgrown Farmland": 1533, "Skyclave Cleric": 1947, "Ajani, Strength of the Pride_SB": 61, "Chandra, Spark Hunter_SB": 367, "Growth Spiral": 922, "Ill-Timed Explosion_SB": 1029, "Witness Protection_SB": 2493, "Gideon of the Trials": 867, "Mazemind Tome": 1341, "Gifted Aetherborn_SB": 871, "Azor, the Lawbringer_SB": 144, "Tasigur, the Golden Fang": 2139, "Brightglass Gearhulk": 257, "Collector's Cage": 405, "Dusk Rose Reliquary": 634, "Sandstorm Salvager": 1800, "Voice of Resurgence": 2411, "Giant Killer_SB": 866, "Bomat Courier": 230, "Phoenix Chick": 1569, "Tocasia's Welcome_SB": 2260, "Etali, Primal Conqueror": 712, "Nylea's Presence": 1477, "Oath of Kaya": 1478, "The Scarab God": 2204, "Radiant Flames_SB": 1633, "Bala Ged Recovery": 147, "Dark Petition": 493, "Emergent Ultimatum": 677, "Fae of Wishes": 745, "Lush Portico": 1289, "Omniscience": 1504, "Path of Peril": 1555, "Strict Proctor": 2068, "Sylvan Scrying": 2122, "Approach of the Second Sun_SB": 96, "Emergent Ultimatum_SB": 678, "Soul Partition_SB": 1989, "Zacama, Primal Calamity_SB": 2525, "Mortify": 1397, "Day of Judgment_SB": 504, "Kaya, Orzhov Usurper_SB": 1129, "Censor": 347, "Drown in the Loch": 625, "Mission Briefing": 1373, "Jace, Vryn's Prodigy_SB": 1087, "Murderous Cut_SB": 1410, "Setessan Petitioner_SB": 1871, "Deep-Cavern Bat": 524, "Gix's Command_SB": 876, "Sorin the Mirthless_SB": 1985, "Bandit's Talent": 151, "Doom Foretold": 586, "Nine-Lives Familiar": 1445, "Rite of Oblivion": 1742, "Starfield of Nyx": 2035, "Kaya's Wrath_SB": 1127, "Necromentia_SB": 1435, "Bloodghast": 214, "Creeping Chill": 462, "Narcomoeba": 1428, "Otherworldly Gaze": 1525, "Prized Amalgam": 1609, "Say Its Name": 1811, "Silversmote Ghoul": 1927, "Stitcher's Supplier": 2045, "Tome Scour": 2263, "Tear Asunder_SB": 2141, "Day's Undoing": 505, "Dig Through Time": 561, "Fog": 813, "Gaea's Blessing": 839, "Haze of Pollen": 953, "Jace, the Perfected Mind": 1089, "Tamiyo, Collector of Tales": 2134, "Union of the Third Path": 2343, "Winds of Qal Sisma": 2481, "Carnage Tyrant_SB": 303, "Castle Vantress": 321, "Deadly Cover-Up_SB": 508, "Drannith Ruins": 606, "Agadeem's Awakening": 53, "Thought-Knot Seer": 2225, "Wasteland Strangler": 2447, "Phyrexian Fleshgorger": 1574, "Ifnir Deadlands": 1026, "Bearer of Silence": 170, "Knight of the Ebon Legion": 1164, "Caustic Bronco": 329, "Warping Wail_SB": 2442, "Reality Smasher_SB": 1669, "Forsaken Miner": 821, "Rubblebelt Maverick": 1768, "Priest of Forgotten Gods": 1606, "Satyr Wayfinder": 1807, "Scrapheap Scrounger": 1831, "Necrotic Wound": 1436, "Squirming Emergence": 2029, "Insidious Roots": 1052, "Tyvar, Jubilant Brawler": 2313, "Necrotic Wound_SB": 1437, "Boseiju, Who Endures_SB": 241, "Souls of the Lost_SB": 1999, "Thundering Falls": 2242, "Sublime Epiphany": 2073, "Confounding Riddle": 427, "Negate": 1439, "Torrential Gearhulk": 2274, "Alpine Moon_SB": 69, "Ral, Izzet Viceroy_SB": 1648, "Fuel the Flames": 836, "Valgavoth, Terror Eater_SB": 2371, "Emrakul, the Promised End": 681, "Scrapshooter_SB": 1833, "Heroic Intervention_SB": 985, "Make Disappear_SB": 1306, "Unchained Berserker_SB": 2328, "Banefire": 153, "Blast Zone": 197, "Sire of Insanity_SB": 1934, "Shoot the Sheriff_SB": 1911, "Turntimber Symbiosis": 2303, "Graf Reaver_SB": 907, "Kraul Whipcracker_SB": 1178, "Reclamation Sage_SB": 1682, "Camellia, the Seedmiser": 292, "Maelstrom Pulse_SB": 1294, "Acererak the Archlich": 31, "Gwenna, Eyes of Gaea": 931, "Honest Rutstein": 1000, "Relic of Legends": 1699, "Anointed Peacekeeper": 92, "Aven Interrupter": 138, "Eldrazi Displacer": 649, "Fleecemane Lion": 799, "Kellan, Daring Traveler": 1136, "Dromoka's Command_SB": 624, "Witchstalker_SB": 2488, "Fear of Impostors": 761, "Riptide Chimera": 1737, "Fear of Impostors_SB": 762, "Optimistic Scavenger_SB": 1513, "Omen of the Dead": 1496, "Omen of the Dead_SB": 1497, "Werefox Bodyguard_SB": 2466, "Dive Down_SB": 582, "Nahiri, the Harbinger": 1424, "Yasharn, Implacable Earth": 2511, "Polukranos Reborn_SB": 1595, "Felonious Rage": 774, "Concealing Curtains": 422, "Go Blank": 891, "Hostile Investigator": 1015, "Waste Not": 2445, "The End_SB": 2186, "Molten Collapse": 1381, "Lavinia, Azorius Renegade_SB": 1201, "Selfless Glyphweaver_SB": 1861, "Yasharn, Implacable Earth_SB": 2512, "Surge of Salvation": 2106, "Blood Spatter Analysis": 211, "Soul-Scar Mage_SB": 1995, "Metallic Rebuke": 1353, "Regal Bunnicorn": 1694, "Simulacrum Synthesizer": 1929, "Cryptic Coat_SB": 473, "Metallic Rebuke_SB": 1354, "Demonic Bargain": 538, "Osseous Sticktwister": 1519, "Molten Collapse_SB": 1382, "Korvold, Fae-Cursed King": 1173, "Trail of Crumbs": 2281, "Korvold, Fae-Cursed King_SB": 1174, "Outland Liberator_SB": 1530, "Dive Down": 581, "Jace Reawakened_SB": 1085, "March of Swirling Mist_SB": 1322, "Memory Deluge_SB": 1347, "Chandra, Awakened Inferno_SB": 362, "Blessed Defiance": 200, "Homestead Courage": 999, "Dawnbringer Cleric_SB": 502, "Alrund's Epiphany": 71, "Commercial District": 415, "Dryad of the Ilysian Grove": 627, "Escape to the Wilds": 704, "Hedge Maze": 964, "Loot, the Pathfinder": 1271, "Nissa, Who Shakes the World": 1452, "Obliterating Bolt_SB": 1482, "Guardian of New Benalia": 928, "Phyrexian Dragon Engine": 1573, "Recommission": 1683, "Seasoned Hallowblade": 1848, "The Mycosynth Gardens": 2199, "The Wandering Emperor_SB": 2211, "Burning Earth_SB": 274, "Heartless Act_SB": 963, "Kytheon, Hero of Akros": 1192, "Fugitive Codebreaker": 837, "Roast_SB": 1753, "Tears of Valakut_SB": 2142, "Herd Migration": 980, "Bedeck // Bedazzle_SB": 172, "Cease // Desist_SB": 341, "Languish_SB": 1196, "Monument to Endurance_SB": 1393, "Cathar Commando_SB": 324, "Chandra, Torch of Defiance": 368, "Unable to Scream": 2325, "Portal to Phyrexia_SB": 1602, "Consign // Oblivion": 431, "Swamp_SB": 2113, "Virtue of Persistence_SB": 2401, "Adanto Vanguard": 34, "Favored Hoplite": 760, "Flowstone Infusion": 811, "Sejiri Shelter": 1859, "Shardmage's Rescue": 1887, "Tenth District Legionnaire": 2161, "Adanto Vanguard_SB": 35, "Elspeth, Sun's Champion_SB": 667, "Invasion of New Phyrexia_SB": 1068, "Clifftop Lookout": 390, "Dreamdew Entrancer": 615, "Dreamroot Cascade": 616, "Fecund Greenshell": 767, "Insidious Fungus": 1050, "Kitesail Larcenist": 1154, "Loot, Exuberant Explorer": 1270, "Risen Reef": 1740, "Tangled Florahedron": 2136, "Healer of the Glade_SB": 958, "Tale's End_SB": 2131, "Wilt_SB": 2479, "Ashiok, Wicked Manipulator": 122, "Dreams of Steel and Oil": 618, "Blood Baron of Vizkopa_SB": 209, "Elspeth Conquers Death_SB": 662, "Gisa, the Hellraiser_SB": 875, "Ride's End_SB": 1733, "Omen of the Sun": 1499, "Omen of the Sun_SB": 1500, "Skullcrack_SB": 1943, "Monastery Mentor": 1386, "Seeker of the Way_SB": 1856, "Experimental Confectioner": 723, "Quag Feast": 1619, "Commence the Endgame_SB": 414, "Siphon Insight_SB": 1933, "Embercleave": 673, "Forbidden Friendship": 817, "Snow-Covered Mountain": 1972, "Spire of Industry": 2016, "Case of the Gateway Express_SB": 314, "Collective Effort_SB": 404, "Forge Devil_SB": 820, "Perilous Snare_SB": 1564, "Redcap Melee": 1686, "Enduring Courage": 686, "Rottenmouth Viper": 1765, "Beseech the Mirror_SB": 177, "Bloodletter of Aclazotz": 215, "Calix, Guided by Fate": 288, "Jukai Naturalist": 1103, "Restless Prairie": 1719, "Royal Treatment": 1766, "Setessan Champion": 1870, "Spirited Companion": 2021, "Trapped in the Screen": 2287, "Virtue of Loyalty": 2399, "Weaver of Harmony": 2457, "Ghostly Dancers_SB": 861, "Trapped in the Screen_SB": 2288, "Carrot Cake": 304, "Day of Judgment": 503, "Lay Down Arms": 1202, "Ossification": 1520, "The Birth of Meletis": 2180, "Serra Paragon_SB": 1869, "Nine Lives": 1443, "Solemnity_SB": 1979, "Cryptolith Rite": 474, "Up the Beanstalk_SB": 2357, "Young Pyromancer_SB": 2521, "Unholy Annex // Ritual Chamber_SB": 2342, "Bottomless Pool // Locker Room": 244, "Bottomless Pool // Locker Room_SB": 245, "Eidolon of Blossoms": 639, "Eidolon of Blossoms_SB": 640, "Seal from Existence_SB": 1841, "Nowhere to Run_SB": 1469, "Lightning Strike_SB": 1241, "Knockout Blow": 1167, "No More Lies_SB": 1459, "Hidetsugu's Second Rite": 989, "Hidetsugu's Second Rite_SB": 990, "Serra Paragon": 1868, "Lightning Helix_SB": 1239, "Ob Nixilis, the Adversary": 1480, "Incubation Druid": 1040, "Interplanar Beacon": 1056, "Kaya the Inexorable": 1124, "Mistrise Village": 1375, "Nicol Bolas, Dragon-God": 1442, "Ral Zarek": 1644, "Sab-Sunen, Luxa Embodied": 1785, "Tamiyo, Field Researcher": 2135, "Vraska, Betrayal's Sting": 2429, "Kunoros, Hound of Athreos_SB": 1187, "Soulless Jailer_SB": 1998, "Qarsi Revenant": 1617, "Qarsi Revenant_SB": 1618, "Tersa Lightshatter": 2164, "Dragonfire Blade": 598, "Lavaspur Boots_SB": 1200, "Descendant of Storms": 547, "Cease // Desist": 340, "Cram Session": 457, "Fell": 772, "Insatiable Avarice": 1047, "Restless Cottage": 1717, "The Biblioplex": 2179, "Valgavoth's Onslaught": 2369, "Containment Breach_SB": 436, "Environmental Sciences_SB": 697, "Introduction to Annihilation_SB": 1063, "Mascot Exhibition_SB": 1331, "Pest Summoning_SB": 1567, "Umori, the Collector_SB": 2324, "Case of the Crimson Pulse": 311, "Spectral Sailor": 2005, "Cemetery Illuminator": 343, "Perilous Snare": 1563, "Muraganda Raceway": 1408, "Rakdos's Return_SB": 1642, "Elspeth, Storm Slayer": 665, "The Book of Exalted Deeds": 2181, "The Irencrag": 2193, "United Battlefront": 2344, "Voice of Victory": 2413, "Wedding Announcement": 2460, "Sunder the Gateway_SB": 2085, "Voice of Victory_SB": 2414, "March of Swirling Mist": 1321, "Mox Jasper": 1404, "Sea Gate Restoration": 1838, "Mistrise Village_SB": 1376, "Desperate Measures": 550, "Caustic Exhale": 331, "Dispelling Exhale": 574, "Foul-Tongue Invocation": 825, "Marang River Regent": 1314, "Scavenger Regent": 1817, "Silumgar's Scorn": 1924, "Caustic Exhale_SB": 332, "Strategic Betrayal_SB": 2066, "Katilda, Dawnhart Prime": 1122, "Secluded Courtyard": 1850, "Songcrafter Mage": 1981, "Three Tree City": 2233, "Unclaimed Territory": 2329, "Militia Bugler_SB": 1362, "Cori-Steel Cutter_SB": 444, "Sunpearl Kirin": 2091, "Fracture_SB": 830, "Dragonskull Summit": 601, "Cori-Steel Cutter": 443, "Wild Ride": 2472, "Rot-Curse Rakshasa": 1763, "History of Benalia": 996, "The Restoration of Eiganjo": 2202, "Jace, Vryn's Prodigy": 1086, "Strategic Betrayal": 2065, "Chainsaw_SB": 353, "Flashfreeze_SB": 798, "Chained to the Rocks": 350, "Treasure Map": 2294, "Archangel Elspeth": 102, "Pia Nalaar, Consul of Revival": 1576, "Reckless Impulse": 1675, "Wrenn's Resolve": 2505, "This Town Ain't Big Enough_SB": 2221, "Ascendant Spirit": 115, "Curious Obsession": 481, "Faceless Haven": 740, "Fading Hope": 743, "Geistlight Snare": 851, "Shacklegeist": 1876, "Snow-Covered Island": 1971, "Faceless Haven_SB": 741, "Westvale Abbey": 2468, "Not on My Watch_SB": 1463, "Banishing Slash": 156, "Of One Mind": 1487, "Collective Brutality_SB": 403, "Metamorphic Alteration": 1356, "Stormscale Scion": 2061, "Stormscale Scion_SB": 2062, "Jaya, Fiery Negotiator": 1093, "Gurmag Angler": 929, "Murderous Cut": 1409, "Murderous Rider_SB": 1412, "Cori Mountain Monastery": 442, "Make Disappear": 1305, "Stormwing Entity": 2063, "United Battlefront_SB": 2345, "Abhorrent Oculus": 21, "Fiend Artisan": 781, "Warden of the Grove": 2437, "Deputy of Detention_SB": 546, "Reflector Mage_SB": 1692, "Surrak, Elusive Hunter_SB": 2110, "Tyvar, the Pummeler_SB": 2315, "Icon of Ancestry": 1024, "Icon of Ancestry_SB": 1025, "Lofty Denial_SB": 1267, "Fire Prophecy": 791, "Ghostly Pilferer": 862, "Blue Sun's Twilight_SB": 227, "Cemetery Illuminator_SB": 344, "Slip Out the Back_SB": 1960, "Three Steps Ahead_SB": 2232, "White Sun's Twilight_SB": 2470, "Paradoxical Outcome_SB": 1549, "Break Out": 254, "Conspicuous Snoop": 433, "Legion Loyalist": 1214, "Masked Vandal": 1332, "Fanatical Firebrand_SB": 753, "Gruul Charm_SB": 924, "Masked Vandal_SB": 1333, "Deathcap Glade": 515, "Preacher of the Schism": 1605, "Vivien Reid_SB": 2407, "Caustic Bronco_SB": 330, "March of Wretched Sorrow_SB": 1324, "Liliana, Death's Majesty": 1249, "Rakdos Joins Up": 1641, "Urgent Necropsy": 2364, "Lazav, Wearer of Faces": 1203, "Raffine, Scheming Seer": 1637, "Shiko, Paragon of the Way": 1905, "Doorkeeper Thrull_SB": 590, "Decadent Dragon_SB": 519, "Haywire Mite": 951, "Pawpatch Formation": 1557, "Scavenger's Talent_SB": 1819, "Ygra, Eater of All_SB": 2516, "Mukotai Ambusher": 1406, "Undead Sprinter_SB": 2331, "Runed Halo": 1776, "Boros Reckoner": 238, "Elspeth, Storm Slayer_SB": 666, "Basri, Tomorrow's Champion": 164, "Mantis Rider": 1313, "Mardu Siegebreaker": 1325, "Skrelv, Defector Mite": 1941, "Kitesail Larcenist_SB": 1155, "Narset's Reversal_SB": 1429, "Crackling Drake": 453, "Bushwhack": 279, "Phyrexian Obliterator": 1575, "Experimental Synthesizer": 725, "Atarka's Command_SB": 127, "Craterhoof Behemoth": 459, "Sanguine Evangelist": 1802, "Decisive Denial": 520, "Ebondeath, Dracolich": 637, "Ertai's Scorn": 703, "Horned Loch-Whale": 1009, "Phantom Interference": 1568, "Rakshasa's Bargain": 1643, "Rewind": 1730, "Unwind": 2355, "Awaken the Honored Dead_SB": 142, "Deathmark_SB": 516, "Gaze of Granite_SB": 849, "Lutri, the Spellchaser_SB": 1290, "Shadows' Verdict_SB": 1878, "Specter's Shriek_SB": 2004, "Thrun, Breaker of Silence_SB": 2237, "Abrade": 23, "Collected Company_SB": 401, "Herald of Eternal Dawn_SB": 978, "Selfless Savior": 1862, "Youthful Valkyrie": 2522, "Legion Angel": 1209, "Wojek Investigator": 2497, "Legion Angel_SB": 1210, "Apostle of Purifying Light_SB": 95, "Jeskai Revelation": 1095, "Stern Lesson": 2042, "Chained to the Rocks_SB": 351, "Yathan Roadwatcher": 2513, "Long Goodbye": 1268, "Gladecover Scout": 879, "Light-Paws, Emperor's Voice": 1235, "Sixth Sense": 1936, "Ethereal Armor": 714, "All That Glitters": 65, "Audacity": 130, "Kaya's Ghostform": 1125, "Gryff's Boon": 925, "Sentinel's Eyes": 1866, "Hammerhand": 942, "Aqueous Form": 97, "Cartouche of Solidarity": 307, "Alpha Authority": 67, "Toadstool Admirer": 2258, "Restless Vents": 1723, "Severance Priest": 1874, "Natural State_SB": 1433, "Sire of Seven Deaths_SB": 1935, "Connive // Concoct": 428, "Creative Outburst": 461, "Temple of Deceit": 2148, "Temple of Enlightenment": 2149, "Temple of Malice": 2152, "Temple of Silence": 2154, "Temple of Triumph": 2155, "Dig Through Time_SB": 562, "Ray of Frost_SB": 1664, "Bontu's Last Reckoning_SB": 236, "Deafening Silence": 513, "Hardened Scales": 945, "Fiery Annihilation_SB": 782, "Dragonlord Silumgar": 600, "Mastermind's Acquisition": 1335, "Painful Truths": 1545, "Search for Azcanta": 1844, "Supreme Will": 2104, "Contraband Kingpin_SB": 439, "Village Rites": 2394, "Llanowar Visionary": 1264, "Robber of the Rich_SB": 1754, "Snakeskin Veil_SB": 1969, "Feed the Cycle": 768, "Freestrider Lookout": 831, "Ugin, Eye of the Storms": 2316, "Crash Through": 458, "Izzet Charm": 1083, "Bond of Insight": 231, "The Sibsig Ceremony": 2207, "Friendly Teddy": 833, "Experiment One": 721, "Kitesail Freebooter_SB": 1153, "Agatha of the Vile Cauldron": 54, "Lost Jitte": 1277, "Muerra, Trash Tactician": 1405, "Cut // Ribbons": 484, "Dusk Legion Zealot": 633, "Markov Baron": 1330, "Patchwork Banner": 1553, "Soul Transfer": 1990, "Voldaren Thrillseeker": 2422, "Bedevil_SB": 173, "Champion of Dusk_SB": 355, "Deadly Dispute_SB": 510, "Soul Transfer_SB": 1991, "Devilish Valet": 555, "Runaway Steam-Kin": 1772, "Grinning Ignus": 920, "Birgi, God of Storytelling": 186, "Hazoret's Monument": 956, "Light Up the Night": 1230, "Cemetery Prowler_SB": 345, "Nissa, Steward of Elements_SB": 1450, "Tamiyo's Safekeeping_SB": 2133, "Kishla Village": 1151, "Greedy Freebooter": 916, "Shambling Ghast": 1883, "Hangarback Walker": 943, "Marketback Walker": 1329, "Diabolic Intent": 559, "Scrapwork Mutt": 1834, "Gleaming Barrier": 882, "Liliana's Standard Bearer": 1248, "Callous Bloodmage_SB": 290, "Overlord of the Balemurk_SB": 1536, "Rampaging Ferocidon": 1651, "Stormchaser's Talent_SB": 2060, "Baneslayer Angel_SB": 155, "Shardmage's Rescue_SB": 1888, "Sokenzan, Crucible of Defiance_SB": 1978, "Pest Control_SB": 1566, "Shadows' Verdict": 1877, "The Book of Exalted Deeds_SB": 2182, "Spring-Loaded Sawblades": 2026, "Dennick, Pious Apprentice_SB": 543, "Slaughter Games_SB": 1954, "Trelasarra, Moon Dancer": 2296, "Guardian of Faith_SB": 927, "Kaito Shizuki": 1108, "Shoot the Sheriff": 1910, "Silent Hallcreeper": 1923, "Ashiok, Nightmare Weaver_SB": 121, "Evolved Sleeper": 716, "Tenacious Underdog_SB": 2160, "Rediscover the Way": 1688, "Balmor, Battlemage Captain": 150, "Witherbloom Command_SB": 2490, "Sram, Senior Edificer": 2030, "Shapers' Sanctuary": 1885, "Eidolon of Rhetoric_SB": 641, "Wizard's Retort_SB": 2495, "Commit // Memory": 416, "Clever Lumimancer": 389, "Eldritch Evolution": 650, "Scrabbling Claws_SB": 1830, "Niv-Mizzet, Parun": 1454, "Sweltering Suns": 2115, "Marang River Regent_SB": 1316, "Katilda, Dawnhart Martyr_SB": 1121, "Omnath, Locus of the Roil": 1503, "Lilah, Undefeated Slickshot": 1245, "Tolsimir, Friend to Wolves_SB": 2262, "Blossoming Defense": 220, "Giant Growth": 864, "Heritage Reclamation_SB": 982, "Brimaz, King of Oreskos": 258, "Brutal Cathar": 269, "Welcoming Vampire": 2464, "Intimidation Tactics": 1058, "Liliana, Dreadhorde General_SB": 1251, "Spirit-Sister's Call": 2019, "Bandit's Talent_SB": 152, "Fountainport Bell": 829, "Dreams of Steel and Oil_SB": 619, "Gonti, Lord of Luxury_SB": 904, "Lantern of the Lost_SB": 1198, "Frontline Rush": 834, "Soaring Thought-Thief": 1976, "Thieves' Guild Enforcer": 2217, "Enduring Curiosity_SB": 688, "Mortify_SB": 1398, "Hazoret, Godseeker": 957, "Strangle_SB": 2064, "Treasure Cruise_SB": 2293, "Drake Hatcher": 602, "Canyon Slough": 297, "Captain Lannery Storm": 300, "Charming Scoundrel": 374, "Collector's Vault": 407, "Goldhound": 902, "Goldspan Dragon": 903, "Inventors' Fair": 1070, "Kalain, Reclusive Painter": 1112, "Marionette Master": 1327, "Reckless Fireweaver": 1674, "Sticky Fingers": 2043, "Treasure Vault": 2295, "Vraska's Contempt": 2428, "Karn, Scion of Urza_SB": 1118, "Moment of Craving_SB": 1384, "Noxious Gearhulk_SB": 1471, "Ratchet Bomb_SB": 1656, "Unlicensed Disintegration_SB": 2346, "Eshki Dragonclaw": 705, "Herd Heirloom": 979, "Rhonas the Indomitable": 1731, "The Huntsman's Redemption": 2192, "Stubborn Denial_SB": 2072, "Quicken": 1628, "Unlicensed Hearse": 2347, "Amonkhet Raceway": 74, "The Speed Demon": 2208, "Soulstone Sanctuary": 2000, "Ral, Crackling Wit_SB": 1647, "Seal from Existence": 1840, "Shore Up": 1912, "Aetherflux Reservoir_SB": 48, "Shore Up_SB": 1913, "Gideon, Ally of Zendikar_SB": 869, "Illness in the Ranks_SB": 1030, "Phyrexian Arena_SB": 1571, "Abbot of Keral Keep": 19, "Anax, Hardened in the Forge": 76, "Incendiary Flow": 1039, "Invigorated Rampage": 1071, "Rimrock Knight": 1735, "Shock": 1908, "Torbran, Thane of Red Fell": 2267, "Wild Slash": 2473, "Dire Fleet Daredevil_SB": 563, "Flame-Blessed Bolt_SB": 796, "Sword of Once and Future_SB": 2120, "Magebane Lizard": 1298, "Virulent Plague_SB": 2403, "Rebel Salvo_SB": 1671, "Behold the Beyond": 174, "Impulse": 1037, "Temple of Mystery": 2153, "Arboreal Grazer_SB": 101, "Grand Abolisher_SB": 909, "Brass's Tunnel-Grinder": 249, "Snow-Covered Plains": 1973, "Sunset Revelry": 2094, "Unexpected Windfall": 2338, "Worldspine Wurm": 2502, "Xenagos, God of Revels": 2507, "Dromoka's Command": 623, "Elite Spellbinder": 659, "Defabricate_SB": 528, "Augur of Bolas": 133, "Essence Flux": 709, "Fallaji Archaeologist": 751, "Neoform": 1441, "Tyvar's Stand": 2311, "Herald of Eternal Dawn": 977, "Skrelv's Hive": 1940, "Collector's Cage_SB": 406, "Ledger Shredder_SB": 1208, "Vaultborn Tyrant_SB": 2388, "Dispel_SB": 573, "Sphinx of the Final Word_SB": 2011, "Hushbringer_SB": 1020, "Ajani, Strength of the Pride": 60, "Ureni, the Song Unending": 2362, "Hooting Mandrills": 1002, "Jin-Gitaxias, Progress Tyrant_SB": 1098, "Smuggler's Surprise_SB": 1967, "Toxrill, the Corrosive_SB": 2278, "Evangel of Synthesis": 715, "Dire Tactics": 564, "Order of Midnight": 1516, "Luminarch Aspirant": 1285, "Giant Killer": 865, "Jirina, Dauntless General_SB": 1100, "Plargg, Dean of Chaos": 1588, "Reluctant Role Model": 1700, "The Enigma Jewel": 2187, "Duelist of the Mind": 629, "Portent of Calamity": 1603, "Extraordinary Journey": 734, "Omen Hawker": 1495, "Concerted Defense_SB": 423, "Rapid Hybridization_SB": 1655, "Invasion of Ergamon": 1064, "Loran of the Third Path": 1272, "Awaken the Honored Dead": 141, "Ghostly Dancers": 860, "Heliod, the Radiant Dawn_SB": 972, "Razorkin Needlehead": 1666, "Virtue of Courage": 2398, "Viashino Pyromancer": 2393, "Ball Lightning": 149, "Scytheclaw Raptor_SB": 1837, "Cathartic Reunion": 326, "Ancient Imperiosaur": 80, "Gastal Thrillroller_SB": 846, "Doom Whisperer_SB": 588, "Chandra, Hope's Beacon": 366, "Discontinuity": 566, "Obscura Storefront": 1484, "Disfigure_SB": 571, "Feed the Swarm": 769, "Commit // Memory_SB": 417, "Blue Sun's Twilight": 226, "Conduit Pylons": 425, "Ipnu Rivulet": 1074, "Outcaster Greenblade": 1528, "Clockwork Percussionist": 394, "Voltage Surge": 2424, "Fae of Wishes_SB": 746, "Anger of the Gods": 82, "Tribute to Horobi": 2297, "Drake Hatcher_SB": 603, "Koth, Fire of Resistance_SB": 1175, "Brass Knuckles": 248, "Fabrication Foundry": 739, "Ingenious Smith": 1045, "Metalwork Colossus": 1355, "Moonsnare Prototype": 1396, "Sanctum of Ugin": 1798, "Wedding Invitation": 2462, "Glass Casket_SB": 880, "Repurposing Bay_SB": 1707, "Niv-Mizzet, Visionary_SB": 1457, "Invasion of Gobakhan": 1065, "Despark_SB": 549, "Dennick, Pious Apprentice": 542, "Angrath, the Flame-Chained_SB": 84, "Slaughter Singer": 1955, "Venerated Rotpriest": 2391, "The Seedcore": 2206, "Crawling Chorus": 460, "Annex Sentry": 86, "Bloated Contaminator": 208, "Jawbone Duelist": 1092, "Overprotect": 1541, "Ajani, Sleeper Agent_SB": 59, "Phyrexian Censor_SB": 1572, "Tyvar's Stand_SB": 2312, "Dewdrop Cure_SB": 558, "Annex Sentry_SB": 87, "Melira, the Living Cure_SB": 1345, "Secrets of the Key": 1851, "Assassin's Trophy_SB": 124, "Baleful Mastery": 148, "Agonizing Remorse_SB": 58, "Soulflayer": 1996, "Zetalpa, Primal Dawn": 2530, "Striped Riverwinder": 2070, "Urborg Scavengers": 2360, "Oracle of Tragedy": 1515, "Gurmag Nightwatch": 930, "Ashen Rider": 117, "Hallowed Moonlight_SB": 940, "Selfless Spirit_SB": 1863, "Glorybringer": 890, "Scavenging Ooze": 1820, "Mizzium Mortars": 1377, "Cartouche of Zeal": 309, "Skylasher_SB": 1949, "Not on My Watch": 1462, "Scattered Thoughts": 1816, "Nature's Rhythm": 1434, "Dryad's Revival": 628, "Mabel, Heir to Cragflame_SB": 1291, "Atraxa, Grand Unifier_SB": 129, "Wear Down_SB": 2455, "Slagstorm_SB": 1953, "Scorching Dragonfire_SB": 1824, "Vineglimmer Snarl": 2395, "Port Town": 1597, "Mystic Reflection": 1418, "Heroic Intervention": 984, "Emergence Zone": 676, "Augmenter Pugilist": 131, "Augur of Autumn": 132, "Simic Charm": 1928, "Fortified Village": 824, "Biovisionary": 185, "Repudiate // Replicate_SB": 1706, "Chord of Calling_SB": 376, "Baird, Steward of Argive_SB": 146, "Dusk // Dawn_SB": 632, "Stern Dismissal_SB": 2041, "Repel the Abominable": 1704, "Repel the Abominable_SB": 1705, "Vampires' Vengeance_SB": 2382, "Heliod's Pilgrim_SB": 968, "Kaya's Ghostform_SB": 1126, "Skrelv, Defector Mite_SB": 1942, "March of Wretched Sorrow": 1323, "Unlucky Witness": 2349, "Ritual of Soot_SB": 1745, "Dark Petition_SB": 494, "Hornet Queen": 1011, "Ojer Taq, Deepest Foundation": 1491, "Pyroclasm": 1615, "Lord Skitter, Sewer King": 1276, "Aclazotz, Deepest Betrayal_SB": 33, "Tomik, Distinguished Advokist_SB": 2264, "Urza's Ruinous Blast_SB": 2366, "Hearth Elemental": 961, "Sanguine Evangelist_SB": 1803, "Spirit-Sister's Call_SB": 2020, "Demonic Counsel": 539, "Consuming Fervor": 435, "Aetherflux Reservoir": 47, "Summary Dismissal_SB": 2077, "Mountain_SB": 1401, "Portal to Phyrexia": 1601, "Smoldering Egg": 1963, "Flowerfoot Swordmaster": 810, "Lamplight Phoenix_SB": 1194, "Ovalchase Daredevil": 1532, "Inscribed Tablet": 1048, "Scourge of the Skyclaves": 1827, "Warlock Class": 2440, "Lich-Knights' Conquest": 1227, "Silent Gravestone_SB": 1922, "Ulcerate_SB": 2320, "Kaervek, the Spiteful_SB": 1106, "Can't Stay Away_SB": 295, "Rune of Might": 1774, "Voice of Resurgence_SB": 2412, "Disenchant_SB": 570, "Feldon, Ronom Excavator": 771, "Infuriate_SB": 1044, "Krenko's Buzzcrusher": 1179, "Wandering Mind": 2435, "Candy Trail": 296, "Colossal Skyturtle": 409, "Mirrorshell Crab": 1366, "Teferi, Who Slows the Sunset": 2145, "Chaos Wand_SB": 373, "Dissection Tools_SB": 578, "Jace, the Perfected Mind_SB": 1090, "Zirda, the Dawnwaker_SB": 2533, "Abbot of Keral Keep_SB": 20, "Recommission_SB": 1684, "Clarion Conqueror_SB": 385, "Rabbit Battery": 1631, "Dream Trawler": 613, "Surge of Righteousness_SB": 2105, "Faerie Dreamthief": 747, "Helping Hand": 973, "Steamcore Scholar": 2039, "Winternight Stories": 2483, "Defabricate": 527, "Immortal Phoenix_SB": 1033, "Seasons Past": 1849, "Yuna, Hope of Spira": 2523, "Cunning Coyote_SB": 480, "Blisterpod": 204, "Cartel Aristocrat": 306, "Catacomb Sifter": 323, "Rally the Ancestors": 1649, "Sephiroth, Fabled SOLDIER": 1867, "Starting Town": 2037, "Heliod, Sun-Crowned_SB": 970, "Ruthless Lawbringer_SB": 1782, "Abuelo's Awakening": 29, "Summon: Knights of Round": 2079, "Lightwheel Enhancements": 1244, "Joshua, Phoenix's Dominant": 1101, "Kroxa and Kunoros": 1181, "Terra, Magical Adept": 2162, "Vivi Ornitier": 2405, "Dark Confidant_SB": 492, "Ishgard, the Holy See": 1078, "Secure the Wastes": 1852, "Unflinching Courage": 2339, "Unflinching Courage_SB": 2340, "Vivi Ornitier_SB": 2406, "Eiganjo, Seat of the Empire_SB": 645, "Demon Wall": 537, "Fire Magic_SB": 790, "Twinmaw Stormbrood_SB": 2305, "Crumbling Vestige": 465, "Echoing Deeps": 638, "Glimpse the Core": 885, "Hour of Promise": 1017, "Scapeshift": 1814, "The Wandering Minstrel": 2212, "Kura, the Boundless Sky_SB": 1188, "Maelstrom of the Spirit Dragon_SB": 1295, "Toski, Bearer of Secrets_SB": 2275, "Opera Love Song": 1509, "Surrak, Elusive Hunter": 2109, "Esper Origins": 707, "Cecil, Dark Knight": 342, "Dark Confidant": 491, "Gix, Yawgmoth Praetor": 877, "Vren, the Relentless_SB": 2432, "Cryptcaller Chariot": 470, "Hostile Investigator_SB": 1016, "Tyrranax Rex_SB": 2310, "Tinybones, the Pickpocket": 2248, "Furnace Reins_SB": 838, "Bloodsoaked Champion": 216, "Kitesail Freebooter": 1152, "Lantern Scout_SB": 1197, "Sin Collector_SB": 1930, "Market Gnome": 1328, "Ancient Adamantoise": 78, "Buster Sword": 280, "Freya Crescent": 832, "Smitten Swordmaster": 1962, "Monastery Swiftspear_SB": 1388, "Summon: Leviathan": 2080, "Quicken_SB": 1629, "Alesha, Who Laughs at Fate": 63, "Jirina, Dauntless General": 1099, "Zack Fair": 2526, "Bile Blight": 181, "Ruthless Negotiation_SB": 1784, "Staggering Insight": 2032, "Sporogenic Infection_SB": 2025, "Tocasia's Welcome": 2259, "Al Bhed Salvagers": 62, "Fleeting Spirit": 802, "Saiba Cryptomancer": 1792, "Warbriar Blessing": 2436, "The Raven Man": 2201, "Glistening Deluge_SB": 888, "Gryff's Boon_SB": 926, "Wilt-Leaf Liege_SB": 2478, "Demolition Field_SB": 536, "Saiba Cryptomancer_SB": 1793, "Lindblum, Industrial Regency": 1254, "Rune of Sustenance_SB": 1775, "Disturbing Mirth": 580, "Rite of Oblivion_SB": 1743, "Runed Halo_SB": 1777, "Rain of Revelation": 1638, "Ultima": 2321, "Shatter the Sky_SB": 1891, "Doomsday Excruciator_SB": 589, "Cloud of Darkness_SB": 395, "Outrageous Robbery_SB": 1531, "Sphinx's Tutelage": 2013, "The Water Crystal": 2214, "Eject_SB": 646, "Lindblum, Industrial Regency_SB": 1255, "Blossoming Defense_SB": 221, "Cerulean Drake_SB": 349, "Ureni, the Song Unending_SB": 2363, "Angel of Serenity": 81, "Hinterland Harbor": 994, "Cloud, Midgar Mercenary": 396, "Machinist's Arsenal": 1292, "Paladin's Arms": 1547, "Raubahn, Bull of Ala Mhigo": 1658, "The Filigree Sylex_SB": 2189, "Hullbreaker Horror": 1018, "Bonny Pall, Clearcutter_SB": 235, "Titan of Industry_SB": 2254, "Search for Azcanta_SB": 1845, "Emet-Selch, Unsundered": 680, "Lazav, the Multifarious": 1204, "Medomai the Ageless": 1344, "Valentin, Dean of the Vein": 2368, "Bonders' Enclave": 232, "Nissa's Pilgrimage": 1446, "Ulamog, the Ceaseless Hunger": 2319, "Old-Growth Troll_SB": 1493, "Ugin, the Spirit Dragon_SB": 2318, "Banefire_SB": 154, "Astrologian's Planisphere": 125, "Slickshot Show-Off_SB": 1958, "Camellia, the Seedmiser_SB": 293, "Insidious Fungus_SB": 1051, "Massacre Girl_SB": 1334, "Trail of Crumbs_SB": 2282, "Webstrike Elite_SB": 2459, "Sunscorched Desert": 2093, "Plumecreed Escort": 1593, "Restoration Magic_SB": 1724, "Staggering Insight_SB": 2033, "Expedite": 719, "Kefka, Court Mage": 1135, "Anim Pakal, Thousandth Moon": 85, "Embercleave_SB": 674, "Mox Amber_SB": 1403, "Retraction Helix_SB": 1726, "Exsanguinate": 728, "Hedge Shredder": 965, "Genesis Wave": 852, "Return the Favor_SB": 1727, "Kogla and Yidaro_SB": 1169, "Revival // Revenge": 1729, "Vampire Socialite": 2379, "Legion Lieutenant": 1213, "Vito, Thorn of the Dusk Rose": 2404, "Vampire of the Dire Moon": 2380, "Voldaren Bloodcaster_SB": 2420, "Florian, Voldaren Scion_SB": 809, "Stingerback Terror": 2044, "Mistbreath Elder": 1374, "Pawpatch Recruit_SB": 1560, "Lightning, Army of One": 1242, "Founding the Third Path": 826, "No One Left Behind": 1460, "Isareth the Awakener": 1077, "Urza's Ruinous Blast": 2365, "Venat, Heart of Hydaelyn": 2389, "Liliana, the Last Hope": 1252, "Thassa's Oracle": 2173, "Rush of Adrenaline": 1779, "Channeled Dragonfire": 372, "Stadium Headliner": 2031, "Roil Eruption": 1759, "Burnout Bashtronaut": 276, "Reckless Lackey": 1676, "Didn't Say Please": 560, "Ruin Crab": 1770, "Merfolk Windrobber": 1351, "Essence Scatter": 710, "Into the Story": 1062, "Field of Ruin_SB": 780, "Roiling Dragonstorm": 1760, "Chandra, Dressed to Kill": 363, "End the Festivities": 684, "Raze the Effigy_SB": 1665, "Midgar, City of Mako": 1358, "Divine Smite_SB": 583, "Heritage Reclamation": 981, "Riverchurn Monument_SB": 1746, "Goblin Chainwhirler": 895, "Leyline of Combustion_SB": 1219, "Sorceress's Schemes": 1982, "Halvar, God of Battle_SB": 941, "Unexpected Request_SB": 2336, "Binding the Old Gods": 183, "Tireless Tracker": 2249, "Jaddi Offshoot_SB": 1091, "Linvala, the Preserver_SB": 1258, "Yahenni's Expertise": 2510, "The Wandering Minstrel_SB": 2213, "Molt Tender": 1380, "Osteomancer Adept": 1522, "Snarling Gorehound": 1970, "Deep-Cavern Bat_SB": 525, "Scavenging Ooze_SB": 1821, "Ertai Resurrected": 701, "Disdainful Stroke": 568, "Scatter Ray": 1815, "Refute": 1693, "Sinister Sabotage": 1932, "Cornered by Black Mages": 445, "Sunken Hollow": 2090, "Eliminate_SB": 658, "Cry of the Carnarium_SB": 467, "Enter the God-Eternals_SB": 695, "Speaker of the Heavens": 2003, "Delney, Streetwise Lookout": 531, "Woe Strider": 2496, "Leyline of Transformation": 1223, "Combat Research": 413, "Forest_SB": 819, "Storm Herald_SB": 2053, "Cartouche of Solidarity_SB": 308, "Lotleth Troll": 1278, "Nullhide Ferox": 1472, "Samut, Voice of Dissent": 1796, "Smuggler's Surprise": 1966, "Elvish Archivist": 669, "Great Arashin City": 914, "Nissa, Voice of Zendikar_SB": 1451, "Resolute Strike": 1712, "Haunted Dead": 948, "Driven // Despair": 621, "Quag Feast_SB": 1620, "Sin, Spira's Punishment": 1931, "Capital City": 298, "Jidoor, Aristocratic Capital": 1097, "Coveted Falcon": 452, "Auroral Procession": 135, "Omnath, Locus of Creation_SB": 1502, "Absorb": 28, "Sphinx's Revelation": 2012, "Void Rend": 2416, "Thunder Magic_SB": 2240, "Goblin Ringleader_SB": 898, "Storm Herald": 2052, "Disruptive Stormbrood": 576, "Burning Anger": 273, "Colossification": 411, "Ugin, the Spirit Dragon": 2317, "Forsaken Monument": 822, "Wastes": 2448, "Haven of the Spirit Dragon": 950, "Crystal Grotto": 476, "Warping Wail": 2441, "Fomori Vault": 815, "Hedron Archive": 966, "The Mightstone and Weakstone": 2197, "The Celestus": 2183, "Adventurer's Inn": 39, "Patchwork Automaton_SB": 1552, "Mazemind Tome_SB": 1342, "Thought-Knot Seer_SB": 2226, "Dwarven Mine": 636, "Dragon Fodder": 597, "Hordeling Outburst": 1008, "Lukka, Coppercoat Outcast": 1284, "Satyr's Cunning": 1808, "Ral's Reinforcements": 1645, "Song of Totentanz": 1980, "Cavalcade of Calamity_SB": 334, "Impact Tremors_SB": 1035, "Mechanized Warfare_SB": 1343, "Torbran, Thane of Red Fell_SB": 2268, "Languish": 1195, "Ritual of Soot": 1744, "Drag the Canal_SB": 596, "Snow-Covered Swamp_SB": 1975, "Shattered Sanctum_SB": 1893, "Concealed Courtyard_SB": 421, "Shadowy Backstreet_SB": 1882, "Doom Foretold_SB": 587, "Hopeful Vigil_SB": 1006, "(THB) 117_SB": 15, "(DMU) 244_SB": 4, "(WOE) 95_SB": 18, "(M20) 94_SB": 10, "(SLD) 325_SB": 13, "(BRO) 16_SB": 1, "(STX) 72_SB": 14, "(FDN) 704_SB": 7, "(BLB) 83_SB": 0, "(OTJ) 108_SB": 12, "(BRO) 26_SB": 2, "(WOE) 29_SB": 17, "(DAR) 213_SB": 3, "(KLR) 84_SB": 8, "(LCI) 128_SB": 9, "(DSK) 111_SB": 5, "(MID) 112_SB": 11, "(THB) 121_SB": 16, "(FDN) 137_SB": 6, "Touch the Spirit Realm_SB": 2277, "Tormod's Crypt": 2271, "Saheeli, Filigree Master_SB": 1788, "Fighter Class": 787, "Self-Destruct": 1860, "Lion Sash_SB": 1260, "March of Otherworldly Light_SB": 1320, "Stormcarved Coast_SB": 2056, "Misery's Shadow_SB": 1369, "Undead Butler": 2330, "Willow Geist": 2476, "The Aetherspark": 2175, "Curse of Silence_SB": 483, "Miscast_SB": 1368, "Matoya, Archon Elder_SB": 1336, "Blossoming Tortoise": 222, "Blossoming Tortoise_SB": 223, "Summon: Leviathan_SB": 2081, "Aether Channeler": 42, "Aether Channeler_SB": 43, "Ephara's Dispersal": 698, "Lush Oasis": 1288, "Aftermath Analyst_SB": 52, "Ulvenwald Oddity_SB": 2323, "Mystic Sanctuary": 1420, "Broken Bond_SB": 263, "Leyline of Transformation_SB": 1224, "Fleeting Spirit_SB": 803, "Knight of Dusk's Shadow_SB": 1161, "Bartolom\u00e9 del Presidio": 161, "Zulaport Cutthroat": 2536, "Waker of Waves": 2433, "Discovery // Dispersal": 567, "Consecrate // Consume_SB": 429, "Reduce // Rubble_SB": 1690, "Dread Presence": 607, "Cyclonic Rift_SB": 488, "Sultai Charm_SB": 2076, "Kinnan, Bonder Prodigy": 1147, "Valley Questcaller": 2377, "Choco, Seeker of Paradise": 375, "Sazh's Chocobo": 1813, "Traveling Chocobo": 2289, "Sazh Katzroy": 1812, "Cloudfin Raptor": 398, "Bartz and Boko": 162, "Dazzling Denial": 506, "Ambrosia Whiteheart": 73, "Aven Mindcensor_SB": 140, "Kenrith's Transformation_SB": 1140, "Wolfwillow Haven_SB": 2499, "Questing Beast_SB": 1624, "Buster Sword_SB": 281, "The Aetherspark_SB": 2176, "Sword of Forge and Frontier_SB": 2119, "Cloudsteel Kirin_SB": 399, "Magic Damper": 1300, "Magic Damper_SB": 1301, "Fateful Absence": 758, "Joust Through_SB": 1102, "Peerless Recycling_SB": 1561, "Filter Out_SB": 788, "Dreams of Laguna": 617, "Whir of Invention_SB": 2469, "Zirda, the Dawnwaker": 2532, "Xenagos, the Reveler": 2509, "Svella, Ice Shaper": 2111, "Collision // Colossus_SB": 408, "Lukka, Bound to Ruin_SB": 1283, "Blitz of the Thunder-Raptor_SB": 206, "Rebel Salvo": 1670, "Nahiri, Heir of the Ancients_SB": 1423, "Aether Hub": 46, "Power Word Kill": 1604, "Marang River Regent // Coil and Catch": 1315, "Felothar, Dawn of the Abzan": 775, "Skirmish Rhino": 1939, "Sandsteppe Citadel": 1799, "Brimaz, King of Oreskos_SB": 259, "Regal Caracal_SB": 1695, "Thunder Magic": 2239, "Absolute Virtue_SB": 27, "Fire Prophecy_SB": 792, "Mirrorpool": 1365, "Moment of Craving": 1383, "Cloud, Midgar Mercenary_SB": 397, "Mirrorshell Crab_SB": 1367, "Vanquish the Horde_SB": 2386, "Fire Magic": 789, "Commune with Beavers": 418, "Blitz of the Thunder-Raptor": 205, "Unexpected Request": 2335, "Seed of Hope": 1853, "Thrilling Discovery": 2235, "Cavern of Souls_SB": 338, "Yuna, Hope of Spira_SB": 2524, "Summon: Primal Odin": 2082, "Vraska, Golgari Queen_SB": 2431, "Lazotep Plating": 1205, "Ochre Jelly": 1486, "The Ozolith": 2200, "Botanical Brawler": 242, "Kutzil, Malamet Exemplar": 1191, "Conclave Mentor": 424, "Pelt Collector": 1562, "Fight as One_SB": 786, "Garruk's Harbinger_SB": 844, "Patchwork Beastie": 1554, "Wildfire Wickerfolk": 2475, "Beastie Beatdown": 171, "Ogre-Head Helm": 1488, "Violent Urge": 2397, "Caelorna, Coral Tyrant_SB": 286, "Fade from History_SB": 742, "Return to Nature_SB": 1728, "Skyreaping_SB": 1950, "Ezrim, Agency Chief_SB": 735, "Axgard Armory": 143, "Invasive Surgery_SB": 1069, "Bramble Familiar": 246, "Make Your Own Luck": 1307, "One with the Multiverse": 1506, "Overwhelming Splendor": 1542, "Unexpected Results": 2337, "Flowstone Infusion_SB": 812, "Den of the Bugbear_SB": 541, "Cryptcaller Chariot_SB": 471, "Bolas's Citadel": 228, "Sorcerous Spyglass_SB": 1983, "Blink of an Eye_SB": 203, "Ashaya, Soul of the Wild": 116, "Elvish Reclaimer": 671, "Green Sun's Twilight": 917, "Drogskol Reaver": 622, "Cragplate Baloth": 456, "Fleetfoot Dancer": 800, "The Last Ride": 2194, "Warrant // Warden_SB": 2444, "Reinforced Ronin": 1697, "Showdown of the Skalds": 1914, "Disruptive Stormbrood_SB": 577, "Tail Swipe": 2127, "Wildborn Preserver": 2474, "Implement of Combustion": 1036, "Oni-Cult Anvil": 1507, "Weapons Manufacturing": 2452, "Mayhem Devil_SB": 1340, "Tarrian's Journal_SB": 2138, "Hollow One": 998, "Hemosymbic Mite": 974, "Kaito, Bane of Nightmares_SB": 1110, "Pinnacle Starcage_SB": 1582, "Seam Rip_SB": 1843, "Seam Rip": 1842, "Ephara's Dispersal_SB": 699, "Kavaron Harrier": 1123, "Nutrient Block": 1475, "Consult the Star Charts": 434, "Tifa Lockhart": 2245, "Haliya, Guided by Light": 935, "Sanctify_SB": 1797, "Vivien, Arkbow Ranger": 2408, "Wakeroot Elemental_SB": 2434, "Icetill Explorer": 1022, "Aetherize_SB": 49, "Icetill Explorer_SB": 1023, "Rust Goliath": 1780, "Grab the Prize": 906, "Thrill of Possibility": 2234, "Fling": 805, "Mishra, Tamer of Mak Fawa": 1372, "Artificer's Dragon": 113, "Mishra, Excavation Prodigy_SB": 1371, "Shock_SB": 1909, "Insult // Injury_SB": 1055, "Chandra, Flame's Fury": 365, "Chandra's Spitfire": 360, "Unchained Berserker": 2327, "Ember Hauler": 672, "Fanatical Firebrand": 752, "Drakuseth, Maw of Flames": 604, "Cavalcade of Calamity": 333, "Arni Brokenbrow": 112, "Scorch Spitter": 1822, "The Flame of Keld": 2190, "Chandra's Flame Wave": 359, "Siege Veteran": 1918, "Yotian Frontliner": 2519, "Harbin, Vanguard Aviator": 944, "Myrel, Shield of Argive": 1415, "Valiant Veteran": 2372, "Protect the Negotiators_SB": 1614, "Ertai Resurrected_SB": 702, "Sulfur Falls": 2074, "Strategic Planning": 2067, "Biotech Specialist": 184, "Coruscation Mage_SB": 447, "Valki, God of Lies_SB": 2374, "Weftwalking": 2463, "Herald of Anguish": 976, "Mishra's Research Desk": 1370, "Sunset Saboteur": 2096, "Malicious Eclipse_SB": 1310, "Cryogen Relic": 468, "Adventurer's Inn_SB": 40, "Otawara, Soaring City_SB": 1524, "Pit of Offerings_SB": 1583, "Confounding Conundrum_SB": 426, "Annul": 88, "Skycat Sovereign_SB": 1944, "Kazandu Mammoth": 1131, "Lofty Denial": 1266, "Aurelia's Vindicator": 134, "Fall of the Thran": 750, "Hope of Ghirapur": 1003, "Remorseful Cleric": 1701, "Hope of Ghirapur_SB": 1004, "Knight of the White Orchid_SB": 1165, "Shattering Blow_SB": 1894, "Archenemy's Charm": 104, "Ral, Crackling Wit": 1646, "Emry, Lurker of the Loch": 683, "Jeskai Ascendancy": 1094, "Restless Spire": 1722, "Saheeli, Sublime Artificer": 1789, "Rally the Monastery_SB": 1650, "Valley Floodcaller_SB": 2376, "Stonebinder's Familiar": 2049, "Reroute Systems": 1709, "Demand Answers": 533, "Nova Hellkite_SB": 1466, "Plains_SB": 1587, "Tezzeret, Cruel Captain": 2167, "Cosmogoyf": 448, "Deathrite Shaman": 517, "Seedship Broodtender": 1854, "Severance Priest_SB": 1875, "Elixir": 661, "Paradox Engine": 1548, "Patchwork Automaton": 1551, "Pithing Needle": 1584, "The Gold Saucer": 2191, "Voyage Home": 2427, "Carrot Cake_SB": 305, "Sai, Master Thopterist_SB": 1791, "Stonecoil Serpent_SB": 2051, "Demilich": 534, "Symmetry Sage": 2123, "Quantum Riddler": 1621, "Disruption Protocol": 575, "Monstrous Rage_SB": 1391, "Suplex_SB": 2100, "Twinmaw Stormbrood": 2304, "Opera Love Song_SB": 1510, "Louisoix's Sacrifice": 1281, "Cosmogrand Zenith_SB": 450, "Isolate_SB": 1081, "Remorseful Cleric_SB": 1702, "Delney, Streetwise Lookout_SB": 532, "Cascading Cataracts": 310, "Cleansing Wildfire": 386, "The Rollercrusher Ride": 2203, "Devastating Mastery": 554, "Nahiri, the Unforgiving": 1426, "Nova Hellkite": 1465, "Timeline Culler": 2246, "Halana and Alena, Partners": 934, "The Dominion Bracelet_SB": 2184, "Cosmogrand Zenith": 449, "Lightstall Inquisitor": 1243, "Gilded Pinions": 873, "Mystic Forge": 1417, "Stonecoil Serpent": 2050, "Honor": 1001, "Tethmos High Priest_SB": 2166, "Surgical Skullbomb": 2108, "Pinnacle Emissary": 1580, "Urabrask, Heretic Praetor": 2359, "Soulless Jailer": 1997, "Shatterskull Smashing": 1895, "The Eternal Wanderer": 2188, "Drannith Magistrate": 605, "Wear Down": 2454, "Wingspan Stride": 2482, "Opulent Palace": 1514, "Seeker's Folly": 1857, "Summon: Fenrir": 2078, "Dismal Backwater": 572, "Hero's Downfall": 983, "Temple of Malady": 2151, "Kotis, the Fangkeeper": 1176, "Jungle Hollow": 1104, "Blitzball Shot_SB": 207, "Dauntless Scrapbot_SB": 500, "Fell_SB": 773, "Unsummon_SB": 2353, "Rankle's Prank": 1654, "Reroute Systems_SB": 1710, "Deliberate": 530, "Rest in Peace": 1714, "Saw It Coming": 1810, "Scorching Dragonfire": 1823, "Impulse_SB": 1038, "Aerith Gainsborough": 41, "Gala Greeters": 840, "Heliod, Sun-Crowned": 969, "Syr Vondam, Sunstar Exemplar": 2125, "Alesha, Who Laughs at Fate_SB": 64, "Sothera, the Supervoid_SB": 1987, "Dalkovan Encampment": 489, "Depose // Deploy": 544, "Snow-Covered Swamp": 1974, "Temur Battle Rage": 2159, "Analyze the Pollen": 75, "Extract a Confession_SB": 731, "Armed and Armored": 111, "Bruenor Battlehammer": 267, "Giott, King of the Dwarves": 874, "Magda, Brazen Outlaw": 1297, "Toolcraft Exemplar": 2265, "Reckless Crew_SB": 1673, "Pinnacle Starcage": 1581, "Vandalblast_SB": 2383, "Springleaf Drum": 2027, "Legion Extruder_SB": 1212, "Quantum Riddler_SB": 1622, "Seedship Impact_SB": 1855, "Radiant Fountain": 1634, "Plasma Bolt": 1589, "Essence Scatter_SB": 711, "Dirgur Island Dragon": 565, "Containment Priest": 437, "Spirit of the Labyrinth_SB": 2018, "Sunset Saboteur_SB": 2097, "Tragic Trajectory_SB": 2280, "Gideon of the Trials_SB": 868, "Volcanic Spite_SB": 2419, "Transmogrify_SB": 2286, "Synthesizer Labship": 2124, "Tezzeret, Cruel Captain_SB": 2168, "Hardlight Containment_SB": 946, "Battle Menu": 166, "Raise the Alarm": 1639, "You See a Pair of Goblins": 2520, "By Invitation Only_SB": 282, "Starfield Vocalist": 2034, "Tragic Trajectory": 2279, "Warrant // Warden": 2443, "Capricious Hellraiser": 299, "Elemental Masterpiece": 653, "Spell Stutter_SB": 2009, "Island_SB": 1080, "First Day of Class": 795, "Myriad Construct": 1416, "Light of Hope": 1233, "Phoenix Down": 1570, "Seize the Spoils_SB": 1858, "Fleeting Effigy_SB": 801, "Warleader's Call_SB": 2439, "Haliya, Guided by Light_SB": 936, "Academic Probation_SB": 30, "Syr Vondam, Sunstar Exemplar_SB": 2126, "Ravenous Intruder": 1662, "Rust Harvester": 1781, "Broadside Barrage": 262, "Chandra, Acolyte of Flame_SB": 361, "Sandworm": 1801, "Marauding Raptor": 1318, "Sarkhan, Dragon Ascendant": 1804, "Magmatic Hellkite": 1304, "Toralf, God of Fury": 2266, "Restless Ridgeline": 1721, "Migloz, Maze Crusher_SB": 1361, "Alpine Houndmaster": 68, "Alpine Watchdog": 70, "Igneous Cur": 1027, "Terror of the Peaks": 2163, "Ruthless Negotiation": 1783, "Davriel, Rogue Shadowmage": 501, "Bile Blight_SB": 182, "Zero Point Ballad_SB": 2529, "Rip Apart_SB": 1736, "Caught Red-Handed_SB": 327, "Royal Treatment_SB": 1767, "Liliana, Death's Majesty_SB": 1250, "Bristlebud Farmer_SB": 261, "Bloomvine Regent": 219, "Gruff Triplets": 923, "Ouroboroid": 1526, "Vorinclex": 2426, "Elegy Acolyte": 652, "Chalk Outline_SB": 354, "Metallic Mimic": 1352, "Dusk Rose Reliquary_SB": 635, "Cut Propulsion_SB": 487, "Thornwood Falls": 2223, "Elusive Otter": 668, "Slip Through Space": 1961, "Stormchaser Drake": 2057, "Ollenbock Escort_SB": 1494, "Scout for Survivors_SB": 1828, "Stormchaser Drake_SB": 2058, "Enduring Tenacity": 691, "Corrupt": 446, "Ornery Tumblewagg": 1517, "Winding Constrictor": 2480, "Rishkar, Peema Renegade": 1741, "District Mascot": 579, "Aether Gust": 44, "Censor_SB": 348}}