{"vocabulary": {"Plains": 1588, "Burst Lightning": 276, "Copperline Gorge": 439, "Cragcrown Pathway": 453, "Den of the Bugbear": 538, "Emberheart Challenger": 673, "Heartfire Hero": 960, "Innkeeper's Talent": 1046, "Karplusan Forest": 1120, "Manifold Mouse": 1313, "Monstrous Rage": 1392, "Mountain": 1402, "Mutavault": 1415, "Pawpatch Recruit": 1561, "Ramunap Ruins": 1655, "Reckless Rage": 1679, "Screaming Nemesis": 1837, "Sokenzan, Crucible of Defiance": 1979, "Soul-Scar Mage": 1996, "Stomping Ground": 2050, "Hazoret the Fervent_SB": 955, "Magebane Lizard_SB": 1300, "Pawpatch Formation_SB": 1560, "Pick Your Poison_SB": 1579, "Pyroclasm_SB": 1618, "Redcap Melee_SB": 1689, "Scorching Shot_SB": 1827, "Torch the Tower_SB": 2272, "Urabrask's Forge_SB": 2360, "Battlefield Forge": 166, "Bladehold War-Whip": 194, "Chainsaw": 350, "Colossus Hammer": 410, "Eiganjo, Seat of the Empire": 642, "Fervent Champion": 774, "Inspiring Vantage": 1054, "Kazuul's Toll Collector": 1133, "Kellan, the Fae-Blooded": 1139, "Kemba, Kha Enduring": 1140, "Lavaspur Boots": 1200, "Legion Extruder": 1212, "Leyline Axe": 1218, "Mirrex": 1365, "Needleverge Pathway": 1440, "Sacred Foundry": 1789, "Shadowspear": 1881, "Swiftfoot Boots": 2119, "Deafening Clarion_SB": 510, "Destroy Evil_SB": 550, "Portable Hole_SB": 1602, "Rest in Peace_SB": 1717, "Strict Proctor_SB": 2071, "Surge of Salvation_SB": 2109, "Artist's Talent": 113, "Consider": 428, "Dig Through Time": 559, "Expedition Map": 718, "Hidden Strings": 986, "Into the Flood Maw": 1060, "Island": 1079, "Lier, Disciple of the Drowned": 1229, "Lightning Strike": 1241, "Lotus Field": 1281, "Otawara, Soaring City": 1525, "Pore Over the Pages": 1598, "Riverglide Pathway": 1749, "Sleight of Hand": 1958, "Spirebluff Canal": 2019, "Steam Vents": 2040, "Stock Up": 2048, "Thespian's Stage": 2218, "Valakut Awakening": 2369, "Vizier of Tumbling Sands": 2411, "Wish": 2486, "Anger of the Gods_SB": 82, "Fiery Impulse_SB": 782, "Galvanic Iteration_SB": 842, "Into the Flood Maw_SB": 1061, "Lier, Disciple of the Drowned_SB": 1230, "Mystical Dispute_SB": 1423, "Nine Lives_SB": 1446, "Niv-Mizzet, Parun_SB": 1457, "Stock Up_SB": 2049, "Arclight Phoenix": 108, "Brazen Borrower": 251, "Fiery Impulse": 781, "Galvanic Iteration": 841, "Hall of Storm Giants": 937, "Lightning Axe": 1237, "Opt": 1513, "Picklock Prankster": 1580, "Proft's Eidetic Memory": 1612, "Spell Pierce": 2008, "Stormcarved Coast": 2057, "Temporal Trespass": 2158, "Torch the Tower": 2271, "Treasure Cruise": 2294, "Abrade_SB": 24, "Aether Gust_SB": 44, "Annul_SB": 88, "Brazen Borrower_SB": 252, "Brotherhood's End_SB": 265, "Negate_SB": 1442, "Prismari Command_SB": 1610, "Thing in the Ice_SB": 2220, "Third Path Iconoclast_SB": 2221, "Blackcleave Cliffs": 191, "Blade of the Oni": 193, "Blazemire Verge": 197, "Blightstep Pathway": 201, "Blood Crypt": 209, "Bloodtithe Harvester": 216, "Duress": 628, "Fable of the Mirror-Breaker": 734, "Fatal Push": 754, "Fear of Missing Out": 762, "Go for the Throat": 892, "Sheoldred, the Apocalypse": 1903, "Sulfurous Springs": 2077, "Swamp": 2114, "Thoughtseize": 2229, "Unholy Annex // Ritual Chamber": 2343, "Urborg, Tomb of Yawgmoth": 2363, "Withering Torment": 2493, "Bitter Triumph_SB": 190, "Damping Sphere_SB": 488, "Extinction Event_SB": 728, "Hidetsugu Consumes All_SB": 988, "Kroxa, Titan of Death's Hunger_SB": 1184, "Unlicensed Hearse_SB": 2350, "Withering Torment_SB": 2494, "Liliana of the Veil_SB": 1248, "Clearwater Pathway": 385, "Darkslick Shores": 495, "Fear of Isolation": 761, "Fetid Pools": 776, "Field of Ruin": 777, "Geier Reach Sanitarium": 849, "Gloomlake Verge": 888, "Grim Bauble": 917, "Hive of the Eye Tyrant": 997, "Hopeless Nightmare": 1007, "Momentum Breaker": 1386, "Narset, Parter of Veils": 1432, "Nowhere to Run": 1470, "Omen of the Sea": 1500, "Shipwreck Marsh": 1908, "Stormchaser's Talent": 2061, "Takenuma, Abandoned Mire": 2132, "The Meathook Massacre": 2197, "This Town Ain't Big Enough": 2222, "Thundertrap Trainer": 2245, "Underground River": 2336, "Watery Grave": 2452, "Yorion, Sky Nomad": 2519, "Anoint with Affliction_SB": 90, "Ashiok, Nightmare Muse_SB": 119, "Grafdigger's Cage_SB": 907, "Sheoldred, the Apocalypse_SB": 1904, "Yorion, Sky Nomad_SB": 2520, "Bitter Triumph": 189, "Brightclimb Pathway": 255, "Concealed Courtyard": 418, "Godless Shrine": 898, "Greasefang, Okiba Boss": 911, "Kroxa, Titan of Death's Hunger": 1183, "Overlord of the Balemurk": 1537, "Parhelion II": 1552, "Skysovereign, Consul Flagship": 1953, "Valor's Flagship": 2380, "Vanishing Verse": 2386, "Containment Priest_SB": 436, "Deafening Silence_SB": 512, "Duress_SB": 629, "Reckoner Bankbuster_SB": 1683, "Vanishing Verse_SB": 2387, "Barbed Batterfist": 156, "Snakeskin Veil": 1970, "Questing Druid_SB": 1628, "Reckless Rage_SB": 1680, "Sentinel of the Nameless City_SB": 1867, "Overlord of the Floodpits": 1540, "Ashiok, Dream Render_SB": 117, "Liliana, the Last Hope_SB": 1254, "Back to Nature_SB": 144, "Hallowed Fountain": 938, "Kaito, Bane of Nightmares": 1109, "Legion's Landing": 1217, "Nurturing Pixie": 1476, "Optimistic Scavenger": 1514, "Restless Anchorage": 1718, "Seachrome Coast": 1841, "Dawnbringer Cleric_SB": 500, "Dovin's Veto_SB": 592, "Fatal Push_SB": 755, "Momentum Breaker_SB": 1387, "The Meathook Massacre_SB": 2198, "Thoughtseize_SB": 2230, "Bloodchief's Thirst": 211, "Undercity Sewers": 2334, "Bloodchief's Thirst_SB": 212, "Waste Not_SB": 2448, "Weathered Runestone_SB": 2458, "Archfiend of the Dross": 104, "Bonecrusher Giant": 232, "Chandra's Defeat_SB": 356, "Invoke Despair_SB": 1073, "Path of Peril_SB": 1558, "Shivan Reef": 1909, "Disdainful Stroke_SB": 567, "Aftermath Analyst": 50, "Brokers Hideout": 263, "Cabaretti Courtyard": 282, "Fabled Passage": 736, "Forest": 817, "Ill-Timed Explosion": 1028, "Lotus Cobra": 1280, "Lumra, Bellow of the Woods": 1287, "Maestros Theater": 1297, "Memory Deluge": 1347, "Nissa, Resurgent Animist": 1451, "Riveteers Overlook": 1751, "Shigeki, Jukai Visionary": 1906, "Spelunking": 2012, "Up the Beanstalk": 2358, "Virtue of Strength": 2404, "Worldsoul's Rage": 2503, "Fires of Victory_SB": 793, "Ruric Thar, the Unbowed_SB": 1780, "Archon of Emeria": 106, "Aven Interrupter": 137, "Boseiju, Who Endures": 239, "Branchloft Pathway": 246, "Brushland": 267, "Collected Company": 398, "Elvish Mystic": 668, "Enduring Innocence": 687, "Kappa Tech-Wrecker": 1116, "Kellan, Daring Traveler": 1137, "Knight of Autumn": 1160, "Llanowar Elves": 1264, "Razorverge Thicket": 1670, "Shefet Dunes": 1898, "Skyclave Apparition": 1947, "Temple Garden": 2148, "Thalia, Guardian of Thraben": 2172, "Werefox Bodyguard": 2467, "Brutal Cathar_SB": 269, "Dromoka's Command_SB": 622, "Knight of Autumn_SB": 1161, "The Wandering Emperor_SB": 2213, "Werefox Bodyguard_SB": 2468, "Get Lost": 852, "Voice of Resurgence": 2413, "Anointed Peacekeeper": 91, "Guardian of Faith": 926, "Elite Spellbinder_SB": 658, "Supreme Verdict": 2104, "Deduce": 521, "Dovin's Veto": 591, "Hengegate Pathway": 975, "Deserted Beach": 546, "Farewell": 752, "March of Otherworldly Light": 1320, "Temporary Lockdown": 2159, "The Wandering Emperor": 2212, "Change the Equation": 368, "Sunfall": 2089, "Sunken Citadel": 2091, "No More Lies": 1460, "Three Steps Ahead": 2233, "Teferi, Hero of Dominaria": 2145, "Leyline of Sanctity_SB": 1223, "Settle the Wreckage_SB": 1875, "Experimental Frenzy_SB": 722, "Boros Charm": 236, "Gods Willing": 899, "Kumano Faces Kakkazan": 1185, "Lightning Helix": 1239, "Monastery Swiftspear": 1389, "Rockface Village": 1758, "Slickshot Show-Off": 1959, "Get Lost_SB": 853, "Mutavault_SB": 1416, "Screaming Nemesis_SB": 1838, "Showdown of the Skalds_SB": 1917, "Enduring Curiosity": 685, "Faerie Miscreant": 746, "Floodpits Drowner": 806, "Mockingbird": 1379, "Moon-Circuit Hacker": 1396, "Spyglass Siren": 2030, "Thousand-Faced Shadow": 2231, "Biting-Palm Ninja_SB": 187, "Cut Down_SB": 484, "Dokuchi Silencer_SB": 582, "Leyline of the Void_SB": 1227, "Spell Pierce_SB": 2009, "Callous Sell-Sword": 290, "Claim // Fame": 379, "Infuriate": 1043, "Claim the Firstborn_SB": 382, "Feed the Swarm_SB": 768, "Tyvar, the Pummeler": 2316, "Spikefield Hazard": 2016, "Beza, the Bounding Spring": 177, "Demolition Field": 533, "Destroy Evil": 549, "Portable Hole": 1601, "Riptide Gearhulk": 1740, "Settle the Wreckage": 1874, "Beza, the Bounding Spring_SB": 178, "Pithing Needle_SB": 1587, "Riptide Gearhulk_SB": 1741, "Sunspine Lynx": 2100, "Witchstalker Frenzy": 2488, "Case of the Crimson Pulse_SB": 311, "Lithomantic Barrage_SB": 1262, "Razorkin Needlehead_SB": 1669, "Fry_SB": 834, "Adeline, Resplendent Cathar": 37, "Coppercoat Vanguard": 438, "Extraction Specialist": 730, "Hopeful Initiate": 1005, "Recruitment Officer": 1687, "Thalia's Lieutenant": 2171, "Veteran Survivor": 2394, "Warden of the Inner Sky": 2440, "Ossification_SB": 1523, "Wedding Announcement_SB": 2463, "Haunted Ridge": 949, "Invoke Despair": 1072, "Go Blank_SB": 891, "Greasewrench Goblin": 912, "Inti, Seneschal of the Sun": 1057, "Eidolon of the Great Revel_SB": 641, "Saheeli, Sublime Artificer_SB": 1792, "Blooming Marsh": 217, "Cauldron Familiar": 327, "Claim the Firstborn": 381, "Deadly Dispute": 507, "Fountainport": 827, "Mayhem Devil": 1340, "Overgrown Tomb": 1536, "Scavenger's Talent": 1820, "Witch's Oven": 2487, "Ygra, Eater of All": 2517, "Haywire Mite_SB": 952, "Aloe Alchemist": 65, "Atarka's Command": 125, "Burning-Tree Emissary": 274, "Cunning Coyote": 477, "Play with Fire": 1592, "Reckless Bushwhacker": 1674, "Thornspire Verge": 2224, "Destructive Revelry_SB": 551, "Rending Volley_SB": 1705, "Shapers' Sanctuary_SB": 1888, "Questing Druid": 1627, "Graveyard Trespasser_SB": 910, "Atraxa, Grand Unifier": 127, "Elder Gargaroth": 645, "Elesh Norn, Mother of Machines": 654, "Enigmatic Incarnation": 691, "Fires of Invention": 792, "Floodfarm Verge": 805, "Glasspool Mimic": 880, "Heliod, the Radiant Dawn": 971, "Indatha Triome": 1041, "Kenrith, the Returned King": 1142, "Leyline Binding": 1219, "Marina Vendrell": 1327, "Raffine's Tower": 1638, "Raugrin Triome": 1663, "Roaring Furnace // Steaming Sauna": 1753, "Titan of Industry": 2255, "Tolsimir, Friend to Wolves": 2263, "Touch the Spirit Realm": 2278, "Keruga, the Macrosage_SB": 1144, "Knockout Blow_SB": 1169, "Koma, Cosmos Serpent_SB": 1173, "Krenko's Buzzcrusher_SB": 1181, "Beacon Bolt_SB": 167, "Change the Equation_SB": 369, "Crackling Drake_SB": 452, "Proft's Eidetic Memory_SB": 1613, "Tormod's Crypt_SB": 2274, "Chandra, Torch of Defiance_SB": 367, "Ob Nixilis, the Adversary_SB": 1483, "Claim // Fame_SB": 380, "Ray of Enfeeblement_SB": 1665, "Treacherous Blessing": 2293, "Skyclave Apparition_SB": 1948, "Abrupt Decay": 25, "Ancient Cornucopia": 78, "Breeding Pool": 254, "Bring to Light": 259, "Culling Ritual": 475, "Deafening Clarion": 509, "Hostage Taker": 1013, "Hushwood Verge": 1021, "Jetmir's Garden": 1096, "Ketria Triome": 1147, "Kolaghan's Command": 1171, "Maelstrom Pulse": 1294, "Niv-Mizzet Reborn": 1455, "Niv-Mizzet, Supreme": 1458, "Pillage the Bog": 1581, "Savai Triome": 1811, "Spara's Headquarters": 2003, "Sylvan Caryatid": 2123, "Unmoored Ego": 2352, "Valki, God of Lies": 2375, "Xander's Lounge": 2508, "Zagoth Triome": 2529, "Ziatora's Proving Ground": 2533, "Culling Ritual_SB": 476, "Elesh Norn, Mother of Machines_SB": 655, "Kambal, Consul of Allocation_SB": 1115, "Notion Thief_SB": 1466, "Quick Study": 1629, "Farewell_SB": 753, "Archdruid's Charm": 102, "Cavalier of Thorns": 335, "Invasion of Ixalan": 1067, "Kiora, Behemoth Beckoner": 1150, "Lair of the Hydra": 1194, "Leyline of the Guildpact": 1226, "Nykthos, Shrine to Nyx": 1478, "Oath of Nissa": 1481, "Old-Growth Troll": 1494, "Outcaster Trailblazer": 1531, "Storm the Festival": 2056, "Ulvenwald Oddity": 2324, "Arasta of the Endless Web_SB": 98, "Cityscape Leveler_SB": 378, "Emrakul, the Promised End_SB": 680, "Obstinate Baloth_SB": 1487, "Tail Swipe_SB": 2130, "The Stone Brain_SB": 2211, "Tranquil Frillback_SB": 2286, "Call of the Death-Dweller": 288, "Kaito, Cunning Infiltrator": 1111, "Ornithopter": 1520, "Satoru, the Infiltrator": 1808, "Silver-Fur Master": 1927, "Go for the Throat_SB": 893, "Mukotai Ambusher_SB": 1409, "Wolfwillow Haven": 2500, "Monstrous Emergence_SB": 1391, "The Mightstone and Weakstone_SB": 2200, "Wicked Wolf_SB": 2473, "Cache Grab": 283, "Darkbore Pathway": 494, "Esika's Chariot": 704, "Mana Confluence": 1312, "Raffine's Informant": 1637, "Thundering Broodwagon": 2243, "Traverse the Ulvenwald": 2292, "Witherbloom Command": 2491, "Glissa Sunslayer_SB": 886, "Torpor Orb_SB": 2275, "Castle Ardenvale": 316, "Hallowed Moonlight": 939, "Irrigated Farmland": 1076, "Meticulous Archive": 1358, "Ride's End": 1734, "Narset, Parter of Veils_SB": 1433, "Turn Inside Out": 2304, "Chandra, Dressed to Kill_SB": 362, "Elegant Parlor": 649, "Ketramose, the New Dawn_SB": 1146, "Castle Locthwain": 319, "Barkchannel Pathway": 158, "Benthic Biomancer": 174, "Botanical Sanctum": 242, "Cavern of Souls": 336, "Cenote Scout": 345, "Deeproot Pilgrimage": 524, "Kumena's Speaker": 1186, "Kumena, Tyrant of Orazca": 1187, "Mindspring Merfolk": 1364, "Sentinel of the Nameless City": 1866, "Tishana's Tidebinder": 2253, "Vodalian Hexcatcher": 2412, "Willowrush Verge": 2479, "Tidebinder Mage_SB": 2246, "Unable to Scream_SB": 2328, "Gather Courage": 846, "Keen-Eyed Curator": 1134, "Polukranos Reborn": 1596, "Tribute to the World Tree": 2300, "Webstrike Elite": 2460, "Werewolf Pack Leader": 2469, "Gather Courage_SB": 847, "Inscription of Abundance_SB": 1049, "Blacksmith's Talent": 192, "Nahiri, Forged in Fury": 1424, "Sheltered by Ghosts_SB": 1900, "Hidetsugu Consumes All": 987, "Ghost Vacuum_SB": 858, "Oildeep Gearhulk_SB": 1492, "Arboreal Grazer": 99, "Arid Archway": 109, "Castle Garenbrig": 318, "Deadly Cover-Up": 505, "Festering Gulch": 775, "Iridescent Vinelasher": 1075, "Port of Karfell": 1600, "Underground Mortuary": 2335, "Abrupt Decay_SB": 26, "Elder Gargaroth_SB": 646, "Fog_SB": 813, "Carnage Tyrant": 301, "Kutzil's Flanker": 1190, "Linvala, the Preserver": 1258, "Overlord of the Boilerbilges": 1539, "Overlord of the Hauntwoods": 1541, "Overlord of the Mistmoors": 1542, "Zur, Eternal Schemer": 2539, "Barrier Breach_SB": 159, "Sunfall_SB": 2090, "Fiery Temper": 783, "Flameblade Adept": 796, "Footfall Crater": 815, "Highway Robbery": 993, "Marauding Mako": 1318, "Maximize Velocity": 1339, "Monument to Endurance": 1394, "Ox of Agonas": 1545, "Lightning Axe_SB": 1238, "Sunspine Lynx_SB": 2101, "Split Up": 2024, "Kaheera, the Orphanguard_SB": 1107, "Shark Typhoon_SB": 1892, "Supreme Verdict_SB": 2105, "Hostile Hostel": 1014, "Nahiri, the Unforgiving_SB": 1429, "Beanstalk Giant": 168, "Greater Tanuki": 914, "Magma Opus": 1303, "Quintorius Kand": 1632, "Release to the Wind": 1700, "Spark Double": 2004, "Spinewoods Armadillo": 2017, "Trumpeting Carnosaur": 2302, "Virtue of Persistence": 2402, "Colossal Skyturtle_SB": 408, "Consign // Oblivion_SB": 430, "Dragonlord Dromoka_SB": 597, "Gyruda, Doom of Depths_SB": 932, "Horned Loch-Whale_SB": 1010, "Roaring Furnace // Steaming Sauna_SB": 1754, "Thought Distortion_SB": 2226, "Light Up the Stage": 1232, "Skewer the Critics": 1939, "Castle Embereth": 317, "Hired Claw": 995, "Zurgo Bellstriker": 2540, "Kari Zev's Expertise_SB": 1117, "Obosh, the Preypiercer_SB": 1485, "Soul-Guide Lantern_SB": 1995, "Rampaging Ferocidon_SB": 1654, "Goblin Chainwhirler_SB": 895, "Twisted Fealty_SB": 2310, "Kozilek's Return_SB": 1178, "Flicker of Fate": 803, "High Noon_SB": 992, "Adarkar Wastes": 36, "Mausoleum Wanderer": 1338, "Rattlechains": 1659, "Spell Queller": 2010, "Supreme Phantom": 2103, "Sheltered by Ghosts": 1899, "Katilda, Dawnhart Martyr": 1121, "Slip Out the Back": 1961, "Invasion of Gobakhan_SB": 1066, "Tishana's Tidebinder_SB": 2254, "Split Up_SB": 2025, "Ensoul Artifact": 692, "Voldaren Epicure": 2423, "Shrapnel Blast": 1918, "Zoetic Glyph": 2536, "Darksteel Citadel": 496, "Smuggler's Copter": 1966, "Stubborn Denial": 2073, "Cryptic Coat": 470, "Sweltering Suns_SB": 2118, "The Akroan War_SB": 2180, "Basilisk Collar_SB": 162, "Silvergill Adept": 1928, "Triton Shorestalker": 2301, "Tithing Blade": 2259, "Bitter Reunion": 188, "Case of the Stashed Skeleton": 314, "Big Score": 179, "Vampires' Vengeance": 2383, "Raucous Theater": 1662, "Valgavoth, Terror Eater": 2372, "Brotherhood's End": 264, "Indomitable Creativity": 1042, "Zombify": 2537, "Worldspine Wurm_SB": 2505, "Etali, Primal Conqueror_SB": 711, "Xenagos, God of Revels_SB": 2510, "Fortified Beachhead": 822, "Declaration in Stone": 519, "Thalia, Heretic Cathar": 2174, "Reflector Mage": 1693, "Dauntless Bodyguard": 497, "Extraction Specialist_SB": 731, "Zephyr Sentinel_SB": 2530, "Anointed Peacekeeper_SB": 92, "Brave the Elements_SB": 250, "Caves of Koilos": 338, "Restless Fortress": 1720, "Ruin-Lurker Bat": 1773, "Healer's Hawk": 959, "Essence Channeler": 706, "Voice of the Blessed": 2417, "Exemplar of Light": 715, "Linden, the Steadfast Queen": 1257, "Leyline of Hope": 1221, "Authority of the Consuls": 135, "Case of the Uneaten Feast": 315, "Scoured Barrens": 1828, "Rogue's Passage": 1760, "Dewdrop Cure": 555, "Lunarch Veteran": 1288, "Declaration in Stone_SB": 520, "Crystal Barricade_SB": 473, "Fateful Absence_SB": 757, "Afterburner Expert": 49, "Agatha's Soul Cauldron": 54, "Draconautics Engineer": 593, "Dredger's Insight": 618, "Omnivorous Flytrap": 1507, "Wastewood Verge": 2451, "Wrenn and Realmbreaker": 2506, "Agatha's Soul Cauldron_SB": 55, "Sheoldred's Edict_SB": 1902, "Sundown Pass": 2088, "Might of the Meek": 1360, "Feather, the Redeemed": 763, "Cacophony Scamp": 284, "Clifftop Retreat": 389, "Dreadmaw's Ire": 609, "Light of Hope_SB": 1235, "Loran's Escape_SB": 1276, "Feather, the Redeemed_SB": 764, "Anoint with Affliction": 89, "Can't Stay Away": 293, "Glissa Sunslayer": 885, "Grisly Salvage": 920, "Temporary Lockdown_SB": 2160, "Collective Brutality": 400, "Faithful Mending": 747, "Kiora, the Rising Tide": 1151, "Lively Dirge": 1263, "Pest Control": 1567, "Shattered Sanctum": 1894, "Tainted Indulgence": 2131, "Dream Trawler_SB": 612, "Elenda, Saint of Dusk_SB": 653, "Silence_SB": 1923, "Teferi, Hero of Dominaria_SB": 2146, "Void Rend_SB": 2419, "Bleachbone Verge": 198, "Deputy of Detention": 543, "Noxious Gearhulk": 1472, "Tranquil Frillback": 2285, "Graveyard Trespasser": 909, "Oildeep Gearhulk": 1491, "Adorned Pouncer": 38, "Arahbo, the First Fang": 97, "Brave the Elements": 249, "Lion Sash": 1260, "Open the Armory": 1510, "Roadside Reliquary": 1752, "Sacred Cat": 1788, "Sigarda's Aid": 1921, "Skyknight Squire": 1950, "Sword of Forge and Frontier": 2120, "Heliod's Intervention_SB": 967, "Kutzil's Flanker_SB": 1191, "Kolaghan's Command_SB": 1172, "Burst Lightning_SB": 277, "Ox of Agonas_SB": 1546, "Gastal Thrillroller": 844, "Gleaming Geardrake": 882, "Memory Guardian": 1349, "Shadowspear_SB": 1882, "Voltage Surge_SB": 2427, "Boltwave": 228, "Eidolon of the Great Revel": 640, "Exquisite Firecraft_SB": 725, "Roiling Vortex_SB": 1763, "Searing Blood_SB": 1849, "Wear // Tear_SB": 2455, "Battle Cry Goblin": 164, "Foundry Street Denizen": 826, "Goblin Instigator": 896, "Raise the Past": 1642, "Rundvelt Hordemaster": 1775, "Skirk Prospector": 1940, "Moonshaker Cavalry_SB": 1397, "Nahiri, the Harbinger_SB": 1427, "Prosperous Thief": 1615, "Satoru Umezawa": 1807, "High Noon": 991, "Hullbreaker Horror_SB": 1019, "Gifted Aetherborn": 869, "Kalitas, Traitor of Ghet": 1113, "Murderous Rider": 1413, "Sign in Blood": 1922, "Sorin the Mirthless": 1986, "Liliana of the Veil": 1247, "Kalitas, Traitor of Ghet_SB": 1114, "Cling to Dust_SB": 391, "Bard Class": 157, "Commune with Spirits": 417, "Radha, Heart of Keld": 1634, "Kari Zev, Skyship Raider": 1118, "Domri, Anarch of Bolas": 583, "Samut, Vizier of Naktamun": 1797, "Itzquinth, Firstborn of Gishath": 1082, "Redshift, Rocketeer Chief": 1691, "Klothys, God of Destiny": 1158, "Ruby, Daring Tracker": 1771, "Mox Amber": 1404, "Rockfall Vale": 1759, "Plaza of Heroes": 1594, "Hajar, Loyal Bodyguard": 933, "Migloz, Maze Crusher": 1361, "Goro-Goro, Disciple of Ryusei": 904, "Gallia of the Endless Dance": 840, "Anzrag, the Quake-Mole": 93, "Temple of Abandon": 2149, "Cindervines_SB": 376, "Elenda, Saint of Dusk": 652, "Omnath, Locus of Creation": 1503, "Casualties of War_SB": 321, "Unmoored Ego_SB": 2353, "Ghitu Lavarunner": 856, "Wizard's Lightning": 2496, "Count on Luck_SB": 449, "Tamiyo's Safekeeping": 2134, "Tear Asunder": 2142, "Blot Out": 223, "Scrapshooter": 1834, "Questing Beast": 1625, "Thrun, Breaker of Silence": 2238, "Nissa, Ascended Animist": 1449, "Tyrranax Rex": 2311, "Cityscape Leveler": 377, "Keen-Eyed Curator_SB": 1135, "Blot Out_SB": 224, "Nissa, Ascended Animist_SB": 1450, "Shifting Ceratops_SB": 1905, "Hornet Queen_SB": 1012, "Twinshot Sniper": 2308, "Keruga, the Macrosage": 1143, "Clever Impersonator": 386, "Agent of Treachery_SB": 56, "Twinshot Sniper_SB": 2309, "Ancestral Anger": 76, "Leyline of Resonance": 1222, "Play with Fire_SB": 1593, "Cut Down": 483, "Entity Tracker": 694, "Get Out": 854, "Restless Reef": 1722, "Tinybones Joins Up": 2249, "Grim Bauble_SB": 918, "Harvester of Misery_SB": 947, "Intimidation Tactics_SB": 1059, "Out of Air_SB": 1529, "Cling to Dust": 390, "Cry of the Carnarium": 464, "Ghost Vacuum": 857, "Kaya, Orzhov Usurper": 1129, "Ketramose, the New Dawn": 1145, "Soul-Guide Lantern": 1994, "The End": 2187, "Calamity's Wake_SB": 286, "Devout Decree_SB": 554, "Elspeth's Smite_SB": 662, "Exorcise_SB": 716, "Legion's End_SB": 1216, "Borrowed Hostility": 238, "Built to Smash": 271, "Fireblade Charger": 791, "Thud": 2240, "Titan's Strength": 2257, "Wayward Guide-Beast": 2453, "Dreadmaw's Ire_SB": 610, "End the Festivities_SB": 683, "Light Up the Stage_SB": 1233, "Voldaren Thrillseeker_SB": 2425, "Hazoret the Fervent": 954, "Experimental Augury": 720, "Jace Reawakened": 1084, "Malcolm, Alluring Scoundrel": 1310, "Nashi, Searcher in the Dark": 1434, "Sheoldred's Edict": 1901, "Witchstalker Frenzy_SB": 2489, "Spontaneous Mutation_SB": 2026, "Gilded Goose": 871, "Llanowar Wastes": 1266, "Vinereap Mentor": 2398, "Vraska, Golgari Queen": 2432, "Prismari Command": 1609, "Riverpyre Verge": 1750, "Shark Typhoon": 1891, "Temple of Epiphany": 2152, "The World Tree": 2217, "Volcanic Spite": 2420, "Elspeth's Smite": 661, "Glacial Fortress": 877, "Jwari Disruption": 1105, "Archon of Emeria_SB": 107, "Chrome Host Seedshark_SB": 375, "Starnheim Unleashed_SB": 2038, "Test of Talents_SB": 2167, "Aclazotz, Deepest Betrayal": 32, "Reckoner Bankbuster": 1682, "Scrabbling Claws": 1831, "Shadowy Backstreet": 1883, "Shambling Vent": 1886, "Bonecrusher Giant_SB": 233, "Fable of the Mirror-Breaker_SB": 735, "Case of the Gateway Express": 312, "Gleeful Demolition": 883, "Imodane's Recruiter": 1034, "Knight-Errant of Eos": 1167, "Novice Inspector": 1469, "Resolute Reinforcements": 1713, "Painter's Studio // Defaced Gallery": 1548, "Sunbillow Verge": 2085, "Thraben Inspector": 2232, "Venerated Loxodon": 2392, "Chance for Glory_SB": 355, "Magmatic Chasm_SB": 1304, "Requisition Raid_SB": 1710, "Shrapnel Blast_SB": 1919, "Thalia, Guardian of Thraben_SB": 2173, "Untimely Malfunction_SB": 2356, "Extinction Event": 727, "Sorin, Vengeful Bloodlord_SB": 1988, "Stern Dismissal": 2042, "Thassa's Oracle_SB": 2176, "Immersturm Raider": 1032, "Archfiend of the Dross_SB": 105, "Ledger Shredder": 1208, "Searing Blood": 1848, "Exquisite Firecraft": 724, "Raucous Carnival": 1661, "Curse of Shaken Faith_SB": 480, "Unstoppable Slasher": 2354, "Heartless Act": 962, "Targ Nar, Demon-Fang Gnoll": 2139, "Kellan, Planar Trailblazer": 1138, "Norin, Swift Survivalist": 1463, "Doppelgang": 589, "Altanak, the Thrice-Called": 71, "Cathartic Pyre": 324, "Tireless Tracker_SB": 2252, "Titania, Voice of Gaea_SB": 2258, "Doppelgang_SB": 590, "Kiora's Follower": 1149, "Merfolk Mistbinder": 1350, "Yavimaya Coast": 2516, "Merfolk Trickster_SB": 1351, "Mockingbird_SB": 1380, "Fading Hope_SB": 742, "Smuggler's Copter_SB": 1967, "Transmogrify": 2287, "Beseech the Mirror": 175, "Mosswood Dreadknight": 1401, "Lovestruck Beast": 1283, "Debris Beetle": 516, "Mystic Repeal_SB": 1421, "Klothys, God of Destiny_SB": 1159, "Epic Downfall_SB": 698, "Long Goodbye_SB": 1270, "Malakir Rebirth": 1309, "Tune Up": 2303, "Loran of the Third Path_SB": 1274, "Sunset Revelry_SB": 2097, "Builder's Talent": 270, "Caretaker's Talent": 300, "Soul Partition": 1990, "Sunder the Gateway": 2086, "Vaultborn Tyrant": 2389, "Authority of the Consuls_SB": 136, "Nullhide Ferox_SB": 1475, "Cavalier of Flame": 334, "Skysovereign, Consul Flagship_SB": 1954, "Assassin's Trophy": 122, "Drowned Catacomb": 624, "Sunpetal Grove": 2094, "Woodland Cemetery": 2502, "Kitsa, Otterball Elite": 1157, "Retraction Helix": 1727, "Rona, Herald of Invasion": 1764, "Valley Floodcaller": 2377, "Abhorrent Oculus_SB": 22, "Floodpits Drowner_SB": 807, "Bishop of Wings": 186, "Emeria's Call": 677, "Giada, Font of Hope": 862, "Inspiring Overseer": 1053, "Kayla's Reconstruction": 1131, "Resplendent Angel": 1715, "Righteous Valkyrie": 1736, "Aven Interrupter_SB": 138, "Reidane, God of the Worthy_SB": 1698, "Prosperous Innkeeper": 1614, "Reckless Stormseeker": 1681, "Rocketeer Boostbuggy": 1757, "The Akroan War": 2179, "Bladestitched Skaab": 195, "Champion of the Perished": 354, "Cryptbreaker": 467, "Dark Salvation": 493, "Dread Wanderer": 606, "Lazotep Reaver": 1207, "Crippling Fear_SB": 461, "Rotten Reunion_SB": 1766, "The Scarab God_SB": 2207, "Illuminator Virtuoso": 1031, "Loran's Escape": 1275, "Blessed Defiance_SB": 200, "Jace, Wielder of Mysteries_SB": 1088, "Ashiok, Nightmare Muse": 118, "Get Out_SB": 855, "Enduring Innocence_SB": 688, "Cruelclaw's Heist_SB": 462, "Defiant Strike": 527, "Dreadhorde Arcanist": 607, "Knight of Grace": 1163, "Samut's Sprint": 1796, "Dreadhorde Arcanist_SB": 608, "Gods Willing_SB": 900, "Knight of Grace_SB": 1164, "Swan Song_SB": 2116, "Enduring Tenacity_SB": 690, "Overgrown Farmland": 1535, "Skyclave Cleric": 1949, "Ajani, Strength of the Pride_SB": 60, "Chandra, Spark Hunter_SB": 365, "Growth Spiral": 921, "Ill-Timed Explosion_SB": 1029, "Witness Protection_SB": 2495, "Gideon of the Trials": 866, "Mazemind Tome": 1342, "Gifted Aetherborn_SB": 870, "Azor, the Lawbringer_SB": 143, "Tasigur, the Golden Fang": 2141, "Brightglass Gearhulk": 256, "Collector's Cage": 403, "Dusk Rose Reliquary": 632, "Sandstorm Salvager": 1802, "Giant Killer_SB": 865, "Bomat Courier": 229, "Phoenix Chick": 1571, "Tocasia's Welcome_SB": 2262, "Etali, Primal Conqueror": 710, "Nylea's Presence": 1479, "Oath of Kaya": 1480, "The Scarab God": 2206, "Radiant Flames_SB": 1635, "Bala Ged Recovery": 146, "Dark Petition": 491, "Emergent Ultimatum": 675, "Fae of Wishes": 743, "Lush Portico": 1290, "Omniscience": 1506, "Path of Peril": 1557, "Strict Proctor": 2070, "Sylvan Scrying": 2124, "Approach of the Second Sun_SB": 95, "Emergent Ultimatum_SB": 676, "Soul Partition_SB": 1991, "Zacama, Primal Calamity_SB": 2527, "Mortify": 1399, "Day of Judgment_SB": 502, "Kaya, Orzhov Usurper_SB": 1130, "Censor": 346, "Drown in the Loch": 623, "Mission Briefing": 1374, "Jace, Vryn's Prodigy_SB": 1087, "Murderous Cut_SB": 1412, "Setessan Petitioner_SB": 1873, "Deep-Cavern Bat": 522, "Gix's Command_SB": 875, "Sorin the Mirthless_SB": 1987, "Bandit's Talent": 150, "Doom Foretold": 584, "Nine-Lives Familiar": 1447, "Rite of Oblivion": 1744, "Starfield of Nyx": 2037, "Kaya's Wrath_SB": 1128, "Necromentia_SB": 1437, "Bloodghast": 213, "Creeping Chill": 460, "Narcomoeba": 1430, "Otherworldly Gaze": 1527, "Prized Amalgam": 1611, "Say Its Name": 1813, "Silversmote Ghoul": 1929, "Stitcher's Supplier": 2047, "Tome Scour": 2265, "Tear Asunder_SB": 2143, "Day's Undoing": 503, "Fog": 812, "Gaea's Blessing": 838, "Haze of Pollen": 953, "Jace, the Perfected Mind": 1089, "Tamiyo, Collector of Tales": 2136, "Union of the Third Path": 2345, "Winds of Qal Sisma": 2483, "Carnage Tyrant_SB": 302, "Castle Vantress": 320, "Deadly Cover-Up_SB": 506, "Drannith Ruins": 604, "Agadeem's Awakening": 52, "Thought-Knot Seer": 2227, "Wasteland Strangler": 2449, "Phyrexian Fleshgorger": 1576, "Ifnir Deadlands": 1026, "Bearer of Silence": 169, "Knight of the Ebon Legion": 1165, "Caustic Bronco": 328, "Warping Wail_SB": 2444, "Reality Smasher_SB": 1671, "Forsaken Miner": 820, "Rubblebelt Maverick": 1770, "Priest of Forgotten Gods": 1608, "Satyr Wayfinder": 1809, "Scrapheap Scrounger": 1833, "Necrotic Wound": 1438, "Squirming Emergence": 2031, "Insidious Roots": 1052, "Tyvar, Jubilant Brawler": 2315, "Necrotic Wound_SB": 1439, "Boseiju, Who Endures_SB": 240, "Souls of the Lost_SB": 2001, "Thundering Falls": 2244, "Sublime Epiphany": 2075, "Confounding Riddle": 425, "Negate": 1441, "Torrential Gearhulk": 2276, "Alpine Moon_SB": 68, "Ral, Izzet Viceroy_SB": 1650, "Fuel the Flames": 835, "Valgavoth, Terror Eater_SB": 2373, "Emrakul, the Promised End": 679, "Scrapshooter_SB": 1835, "Heroic Intervention_SB": 985, "Make Disappear_SB": 1307, "Unchained Berserker_SB": 2330, "Banefire": 152, "Blast Zone": 196, "Sire of Insanity_SB": 1936, "Shoot the Sheriff_SB": 1913, "Turntimber Symbiosis": 2305, "Graf Reaver_SB": 906, "Kraul Whipcracker_SB": 1179, "Reclamation Sage_SB": 1684, "Camellia, the Seedmiser": 291, "Maelstrom Pulse_SB": 1295, "Acererak the Archlich": 31, "Gwenna, Eyes of Gaea": 931, "Honest Rutstein": 1000, "Relic of Legends": 1701, "Eldrazi Displacer": 647, "Fleecemane Lion": 798, "Witchstalker_SB": 2490, "Fear of Impostors": 759, "Riptide Chimera": 1739, "Fear of Impostors_SB": 760, "Optimistic Scavenger_SB": 1515, "Omen of the Dead": 1498, "Omen of the Dead_SB": 1499, "Dive Down_SB": 580, "Nahiri, the Harbinger": 1426, "Yasharn, Implacable Earth": 2513, "Polukranos Reborn_SB": 1597, "Felonious Rage": 772, "Molten Collapse": 1382, "Lavinia, Azorius Renegade_SB": 1202, "Selfless Glyphweaver_SB": 1863, "Yasharn, Implacable Earth_SB": 2514, "Surge of Salvation": 2108, "Blood Spatter Analysis": 210, "Soul-Scar Mage_SB": 1997, "Concealing Curtains": 420, "Go Blank": 890, "Hostile Investigator": 1015, "Waste Not": 2447, "The End_SB": 2188, "Demonic Bargain": 536, "Metallic Rebuke": 1354, "Regal Bunnicorn": 1696, "Simulacrum Synthesizer": 1931, "Cryptic Coat_SB": 471, "Metallic Rebuke_SB": 1355, "Osseous Sticktwister": 1521, "Molten Collapse_SB": 1383, "Korvold, Fae-Cursed King": 1174, "Trail of Crumbs": 2283, "Korvold, Fae-Cursed King_SB": 1175, "Outland Liberator_SB": 1532, "Chandra, Awakened Inferno_SB": 360, "Dive Down": 579, "Jace Reawakened_SB": 1085, "March of Swirling Mist_SB": 1323, "Memory Deluge_SB": 1348, "Blessed Defiance": 199, "Homestead Courage": 999, "Alrund's Epiphany": 70, "Commercial District": 413, "Dryad of the Ilysian Grove": 625, "Escape to the Wilds": 702, "Hedge Maze": 964, "Loot, the Pathfinder": 1272, "Nissa, Who Shakes the World": 1454, "Obliterating Bolt_SB": 1484, "Guardian of New Benalia": 928, "Phyrexian Dragon Engine": 1575, "Recommission": 1685, "Seasoned Hallowblade": 1850, "The Mycosynth Gardens": 2201, "Burning Earth_SB": 273, "Heartless Act_SB": 963, "Kytheon, Hero of Akros": 1193, "Fugitive Codebreaker": 836, "Roast_SB": 1755, "Tears of Valakut_SB": 2144, "Monument to Endurance_SB": 1395, "Herd Migration": 980, "Bedeck // Bedazzle_SB": 171, "Cease // Desist_SB": 340, "Languish_SB": 1197, "Cathar Commando_SB": 323, "Adanto Vanguard": 34, "Favored Hoplite": 758, "Flowstone Infusion": 810, "Sejiri Shelter": 1861, "Shardmage's Rescue": 1889, "Tenth District Legionnaire": 2163, "Adanto Vanguard_SB": 35, "Chandra, Torch of Defiance": 366, "Unable to Scream": 2327, "Portal to Phyrexia_SB": 1604, "Consign // Oblivion": 429, "Swamp_SB": 2115, "Virtue of Persistence_SB": 2403, "Elspeth, Sun's Champion_SB": 665, "Invasion of New Phyrexia_SB": 1068, "Wilt_SB": 2481, "Clifftop Lookout": 388, "Dreamdew Entrancer": 613, "Dreamroot Cascade": 614, "Fecund Greenshell": 765, "Insidious Fungus": 1050, "Kitesail Larcenist": 1155, "Loot, Exuberant Explorer": 1271, "Risen Reef": 1742, "Tangled Florahedron": 2138, "Healer of the Glade_SB": 958, "Tale's End_SB": 2133, "Omen of the Sun_SB": 1502, "Ashiok, Wicked Manipulator": 121, "Dreams of Steel and Oil": 616, "Blood Baron of Vizkopa_SB": 208, "Elspeth Conquers Death_SB": 660, "Gisa, the Hellraiser_SB": 874, "Ride's End_SB": 1735, "Omen of the Sun": 1501, "Skullcrack_SB": 1945, "Monastery Mentor": 1388, "Seeker of the Way_SB": 1858, "Experimental Confectioner": 721, "Quag Feast": 1621, "Commence the Endgame_SB": 412, "Siphon Insight_SB": 1935, "Embercleave": 671, "Forbidden Friendship": 816, "Snow-Covered Mountain": 1974, "Spire of Industry": 2018, "Case of the Gateway Express_SB": 313, "Collective Effort_SB": 402, "Forge Devil_SB": 819, "Perilous Snare_SB": 1566, "Redcap Melee": 1688, "Enduring Courage": 684, "Rottenmouth Viper": 1767, "Beseech the Mirror_SB": 176, "Bloodletter of Aclazotz": 214, "Calix, Guided by Fate": 287, "Jukai Naturalist": 1103, "Restless Prairie": 1721, "Royal Treatment": 1768, "Setessan Champion": 1872, "Spirited Companion": 2023, "Trapped in the Screen": 2289, "Virtue of Loyalty": 2401, "Weaver of Harmony": 2459, "Ghostly Dancers_SB": 860, "Trapped in the Screen_SB": 2290, "Carrot Cake": 303, "Day of Judgment": 501, "Lay Down Arms": 1203, "Ossification": 1522, "The Birth of Meletis": 2182, "Serra Paragon_SB": 1871, "Nine Lives": 1445, "Solemnity_SB": 1981, "Cryptolith Rite": 472, "Up the Beanstalk_SB": 2359, "Young Pyromancer_SB": 2523, "Unholy Annex // Ritual Chamber_SB": 2344, "Bottomless Pool // Locker Room": 243, "Bottomless Pool // Locker Room_SB": 244, "Eidolon of Blossoms": 637, "Eidolon of Blossoms_SB": 638, "Seal from Existence_SB": 1843, "Nowhere to Run_SB": 1471, "Lightning Strike_SB": 1242, "Knockout Blow": 1168, "No More Lies_SB": 1461, "Hidetsugu's Second Rite": 989, "Hidetsugu's Second Rite_SB": 990, "Serra Paragon": 1870, "Lightning Helix_SB": 1240, "Ob Nixilis, the Adversary": 1482, "Incubation Druid": 1040, "Interplanar Beacon": 1056, "Kaya the Inexorable": 1125, "Mistrise Village": 1376, "Nicol Bolas, Dragon-God": 1444, "Ral Zarek": 1646, "Sab-Sunen, Luxa Embodied": 1787, "Tamiyo, Field Researcher": 2137, "Vraska, Betrayal's Sting": 2431, "Kunoros, Hound of Athreos_SB": 1188, "Soulless Jailer_SB": 2000, "Qarsi Revenant": 1619, "Qarsi Revenant_SB": 1620, "Dragonfire Blade": 596, "Lavaspur Boots_SB": 1201, "Descendant of Storms": 545, "Cease // Desist": 339, "Cram Session": 455, "Fell": 770, "Insatiable Avarice": 1047, "Restless Cottage": 1719, "The Biblioplex": 2181, "Valgavoth's Onslaught": 2371, "Containment Breach_SB": 434, "Environmental Sciences_SB": 695, "Introduction to Annihilation_SB": 1063, "Mascot Exhibition_SB": 1332, "Pest Summoning_SB": 1569, "Umori, the Collector_SB": 2326, "Tersa Lightshatter": 2166, "Spectral Sailor": 2007, "Cemetery Illuminator": 342, "Perilous Snare": 1565, "Muraganda Raceway": 1410, "Rakdos's Return_SB": 1644, "Case of the Crimson Pulse": 310, "Elspeth, Storm Slayer": 663, "The Book of Exalted Deeds": 2183, "The Irencrag": 2195, "United Battlefront": 2346, "Voice of Victory": 2415, "Wedding Announcement": 2462, "Sunder the Gateway_SB": 2087, "Voice of Victory_SB": 2416, "March of Swirling Mist": 1322, "Mox Jasper": 1406, "Sea Gate Restoration": 1840, "Mistrise Village_SB": 1377, "Desperate Measures": 548, "Caustic Exhale": 330, "Dispelling Exhale": 572, "Foul-Tongue Invocation": 824, "Marang River Regent": 1315, "Scavenger Regent": 1819, "Silumgar's Scorn": 1926, "Caustic Exhale_SB": 331, "Strategic Betrayal_SB": 2068, "Katilda, Dawnhart Prime": 1123, "Secluded Courtyard": 1852, "Songcrafter Mage": 1983, "Three Tree City": 2235, "Unclaimed Territory": 2331, "Militia Bugler_SB": 1363, "Cori-Steel Cutter_SB": 442, "Sunpearl Kirin": 2093, "Fracture_SB": 829, "Dragonskull Summit": 599, "Cori-Steel Cutter": 441, "Wild Ride": 2474, "History of Benalia": 996, "The Restoration of Eiganjo": 2204, "Rot-Curse Rakshasa": 1765, "Jace, Vryn's Prodigy": 1086, "Strategic Betrayal": 2067, "Chainsaw_SB": 351, "Flashfreeze_SB": 797, "Chained to the Rocks": 348, "Treasure Map": 2296, "Archangel Elspeth": 101, "Pia Nalaar, Consul of Revival": 1578, "Reckless Impulse": 1677, "Wrenn's Resolve": 2507, "This Town Ain't Big Enough_SB": 2223, "Ascendant Spirit": 114, "Curious Obsession": 479, "Faceless Haven": 738, "Fading Hope": 741, "Geistlight Snare": 850, "Shacklegeist": 1878, "Snow-Covered Island": 1973, "Faceless Haven_SB": 739, "Westvale Abbey": 2470, "Collective Brutality_SB": 401, "Stormscale Scion": 2063, "Stormscale Scion_SB": 2064, "Metamorphic Alteration": 1357, "Of One Mind": 1489, "Banishing Slash": 155, "Not on My Watch_SB": 1465, "Jaya, Fiery Negotiator": 1093, "Gurmag Angler": 929, "Murderous Cut": 1411, "Murderous Rider_SB": 1414, "Cori Mountain Monastery": 440, "Make Disappear": 1306, "Stormwing Entity": 2065, "Abhorrent Oculus": 21, "Fiend Artisan": 779, "Warden of the Grove": 2439, "Deputy of Detention_SB": 544, "Reflector Mage_SB": 1694, "Surrak, Elusive Hunter_SB": 2112, "Tyvar, the Pummeler_SB": 2317, "United Battlefront_SB": 2347, "Ghostly Pilferer": 861, "Blue Sun's Twilight_SB": 226, "Cemetery Illuminator_SB": 343, "Slip Out the Back_SB": 1962, "Icon of Ancestry": 1024, "Icon of Ancestry_SB": 1025, "Lofty Denial_SB": 1268, "Fire Prophecy": 789, "Three Steps Ahead_SB": 2234, "White Sun's Twilight_SB": 2472, "Paradoxical Outcome_SB": 1551, "Break Out": 253, "Conspicuous Snoop": 431, "Legion Loyalist": 1215, "Masked Vandal": 1333, "Fanatical Firebrand_SB": 751, "Gruul Charm_SB": 923, "Masked Vandal_SB": 1334, "Deathcap Glade": 513, "Preacher of the Schism": 1607, "Vivien Reid_SB": 2409, "Caustic Bronco_SB": 329, "March of Wretched Sorrow_SB": 1325, "Liliana, Death's Majesty": 1250, "Rakdos Joins Up": 1643, "Urgent Necropsy": 2366, "Lazav, Wearer of Faces": 1204, "Raffine, Scheming Seer": 1639, "Shiko, Paragon of the Way": 1907, "Doorkeeper Thrull_SB": 588, "Decadent Dragon_SB": 517, "Haywire Mite": 951, "Pawpatch Formation": 1559, "Scavenger's Talent_SB": 1821, "Ygra, Eater of All_SB": 2518, "Mukotai Ambusher": 1408, "Undead Sprinter_SB": 2333, "Runed Halo": 1778, "Boros Reckoner": 237, "Elspeth, Storm Slayer_SB": 664, "Basri, Tomorrow's Champion": 163, "Mantis Rider": 1314, "Mardu Siegebreaker": 1326, "Skrelv, Defector Mite": 1943, "Kitesail Larcenist_SB": 1156, "Narset's Reversal_SB": 1431, "Crackling Drake": 451, "Bushwhack": 278, "Phyrexian Obliterator": 1577, "Experimental Synthesizer": 723, "Atarka's Command_SB": 126, "Craterhoof Behemoth": 457, "Sanguine Evangelist": 1804, "Decisive Denial": 518, "Ebondeath, Dracolich": 635, "Ertai's Scorn": 701, "Horned Loch-Whale": 1009, "Phantom Interference": 1570, "Rakshasa's Bargain": 1645, "Rewind": 1732, "Unwind": 2357, "Awaken the Honored Dead_SB": 141, "Deathmark_SB": 514, "Gaze of Granite_SB": 848, "Lutri, the Spellchaser_SB": 1291, "Shadows' Verdict_SB": 1880, "Specter's Shriek_SB": 2006, "Thrun, Breaker of Silence_SB": 2239, "Abrade": 23, "Collected Company_SB": 399, "Herald of Eternal Dawn_SB": 978, "Yathan Roadwatcher": 2515, "Jeskai Revelation": 1095, "Stern Lesson": 2044, "Chained to the Rocks_SB": 349, "Long Goodbye": 1269, "Selfless Savior": 1864, "Youthful Valkyrie": 2524, "Legion Angel": 1210, "Wojek Investigator": 2499, "Legion Angel_SB": 1211, "Apostle of Purifying Light_SB": 94, "Gladecover Scout": 878, "Light-Paws, Emperor's Voice": 1236, "Sixth Sense": 1938, "Ethereal Armor": 712, "All That Glitters": 64, "Audacity": 129, "Kaya's Ghostform": 1126, "Gryff's Boon": 924, "Sentinel's Eyes": 1868, "Hammerhand": 942, "Aqueous Form": 96, "Cartouche of Solidarity": 306, "Alpha Authority": 66, "Toadstool Admirer": 2260, "Restless Vents": 1725, "Natural State_SB": 1435, "Severance Priest": 1876, "Sire of Seven Deaths_SB": 1937, "Connive // Concoct": 426, "Creative Outburst": 459, "Temple of Deceit": 2150, "Temple of Enlightenment": 2151, "Temple of Malice": 2154, "Temple of Silence": 2156, "Temple of Triumph": 2157, "Dig Through Time_SB": 560, "Ray of Frost_SB": 1666, "Bontu's Last Reckoning_SB": 235, "Deafening Silence": 511, "Hardened Scales": 945, "Fiery Annihilation_SB": 780, "Dragonlord Silumgar": 598, "Mastermind's Acquisition": 1336, "Painful Truths": 1547, "Search for Azcanta": 1846, "Supreme Will": 2106, "Contraband Kingpin_SB": 437, "Village Rites": 2396, "Llanowar Visionary": 1265, "Robber of the Rich_SB": 1756, "Snakeskin Veil_SB": 1971, "Feed the Cycle": 766, "Freestrider Lookout": 830, "Ugin, Eye of the Storms": 2318, "Crash Through": 456, "Izzet Charm": 1083, "Greedy Freebooter": 915, "Shambling Ghast": 1885, "Hangarback Walker": 943, "Marketback Walker": 1330, "Diabolic Intent": 557, "Scrapwork Mutt": 1836, "Gleaming Barrier": 881, "Liliana's Standard Bearer": 1249, "The Sibsig Ceremony": 2209, "Callous Bloodmage_SB": 289, "Bond of Insight": 230, "Friendly Teddy": 832, "Experiment One": 719, "Kitesail Freebooter_SB": 1154, "Agatha of the Vile Cauldron": 53, "Lost Jitte": 1278, "Muerra, Trash Tactician": 1407, "Cut // Ribbons": 482, "Dusk Legion Zealot": 631, "Markov Baron": 1331, "Patchwork Banner": 1555, "Soul Transfer": 1992, "Voldaren Thrillseeker": 2424, "Bedevil_SB": 172, "Champion of Dusk_SB": 353, "Deadly Dispute_SB": 508, "Soul Transfer_SB": 1993, "Devilish Valet": 553, "Runaway Steam-Kin": 1774, "Grinning Ignus": 919, "Birgi, God of Storytelling": 185, "Hazoret's Monument": 956, "Light Up the Night": 1231, "Cemetery Prowler_SB": 344, "Nissa, Steward of Elements_SB": 1452, "Tamiyo's Safekeeping_SB": 2135, "Kishla Village": 1152, "Overlord of the Balemurk_SB": 1538, "Stormchaser's Talent_SB": 2062, "Rampaging Ferocidon": 1653, "Baneslayer Angel_SB": 154, "Shardmage's Rescue_SB": 1890, "Sokenzan, Crucible of Defiance_SB": 1980, "Pest Control_SB": 1568, "Shadows' Verdict": 1879, "The Book of Exalted Deeds_SB": 2184, "Spring-Loaded Sawblades": 2028, "Dennick, Pious Apprentice_SB": 541, "Slaughter Games_SB": 1956, "Trelasarra, Moon Dancer": 2298, "Guardian of Faith_SB": 927, "Kaito Shizuki": 1108, "Shoot the Sheriff": 1912, "Silent Hallcreeper": 1925, "Ashiok, Nightmare Weaver_SB": 120, "Evolved Sleeper": 714, "Tenacious Underdog_SB": 2162, "Rediscover the Way": 1690, "Balmor, Battlemage Captain": 149, "Witherbloom Command_SB": 2492, "Sram, Senior Edificer": 2032, "Shapers' Sanctuary": 1887, "Eidolon of Rhetoric_SB": 639, "Wizard's Retort_SB": 2497, "Commit // Memory": 414, "Clever Lumimancer": 387, "Eldritch Evolution": 648, "Scrabbling Claws_SB": 1832, "Niv-Mizzet, Parun": 1456, "Sweltering Suns": 2117, "Marang River Regent_SB": 1317, "Katilda, Dawnhart Martyr_SB": 1122, "Omnath, Locus of the Roil": 1505, "Lilah, Undefeated Slickshot": 1246, "Tolsimir, Friend to Wolves_SB": 2264, "Blossoming Defense": 219, "Giant Growth": 863, "Heritage Reclamation_SB": 982, "Brimaz, King of Oreskos": 257, "Brutal Cathar": 268, "Welcoming Vampire": 2466, "Intimidation Tactics": 1058, "Liliana, Dreadhorde General_SB": 1252, "Spirit-Sister's Call": 2021, "Bandit's Talent_SB": 151, "Fountainport Bell": 828, "Dreams of Steel and Oil_SB": 617, "Gonti, Lord of Luxury_SB": 903, "Lantern of the Lost_SB": 1199, "Frontline Rush": 833, "Soaring Thought-Thief": 1978, "Thieves' Guild Enforcer": 2219, "Enduring Curiosity_SB": 686, "Hazoret, Godseeker": 957, "Mortify_SB": 1400, "Treasure Cruise_SB": 2295, "Strangle_SB": 2066, "Drake Hatcher": 600, "Eshki Dragonclaw": 703, "Herd Heirloom": 979, "Rhonas the Indomitable": 1733, "The Huntsman's Redemption": 2194, "Stubborn Denial_SB": 2074, "Canyon Slough": 296, "Captain Lannery Storm": 299, "Charming Scoundrel": 372, "Collector's Vault": 405, "Goldhound": 901, "Goldspan Dragon": 902, "Inventors' Fair": 1070, "Kalain, Reclusive Painter": 1112, "Marionette Master": 1328, "Reckless Fireweaver": 1676, "Sticky Fingers": 2045, "Treasure Vault": 2297, "Vraska's Contempt": 2430, "Karn, Scion of Urza_SB": 1119, "Moment of Craving_SB": 1385, "Noxious Gearhulk_SB": 1473, "Ratchet Bomb_SB": 1658, "Unlicensed Disintegration_SB": 2348, "Unlicensed Hearse": 2349, "Quicken": 1630, "Amonkhet Raceway": 73, "The Speed Demon": 2210, "Soulstone Sanctuary": 2002, "Ral, Crackling Wit_SB": 1649, "Seal from Existence": 1842, "Shore Up": 1914, "Aetherflux Reservoir_SB": 47, "Shore Up_SB": 1915, "Gideon, Ally of Zendikar_SB": 868, "Illness in the Ranks_SB": 1030, "Phyrexian Arena_SB": 1573, "Abbot of Keral Keep": 19, "Anax, Hardened in the Forge": 75, "Incendiary Flow": 1039, "Invigorated Rampage": 1071, "Rimrock Knight": 1737, "Shock": 1910, "Torbran, Thane of Red Fell": 2269, "Wild Slash": 2475, "Dire Fleet Daredevil_SB": 561, "Flame-Blessed Bolt_SB": 795, "Sword of Once and Future_SB": 2122, "Magebane Lizard": 1299, "Virulent Plague_SB": 2405, "Rebel Salvo_SB": 1673, "Behold the Beyond": 173, "Impulse": 1037, "Temple of Mystery": 2155, "Arboreal Grazer_SB": 100, "Grand Abolisher_SB": 908, "Brass's Tunnel-Grinder": 248, "Snow-Covered Plains": 1975, "Sunset Revelry": 2096, "Unexpected Windfall": 2340, "Worldspine Wurm": 2504, "Xenagos, God of Revels": 2509, "Dromoka's Command": 621, "Elite Spellbinder": 657, "Defabricate_SB": 526, "Herald of Eternal Dawn": 977, "Skrelv's Hive": 1942, "Augur of Bolas": 132, "Essence Flux": 707, "Fallaji Archaeologist": 749, "Neoform": 1443, "Tyvar's Stand": 2313, "Collector's Cage_SB": 404, "Ledger Shredder_SB": 1209, "Vaultborn Tyrant_SB": 2390, "Dispel_SB": 571, "Sphinx of the Final Word_SB": 2013, "Ajani, Strength of the Pride": 59, "Hushbringer_SB": 1020, "Ureni, the Song Unending": 2364, "Hooting Mandrills": 1002, "Jin-Gitaxias, Progress Tyrant_SB": 1098, "Smuggler's Surprise_SB": 1969, "Toxrill, the Corrosive_SB": 2280, "Evangel of Synthesis": 713, "Dire Tactics": 562, "Order of Midnight": 1518, "Luminarch Aspirant": 1286, "Giant Killer": 864, "Jirina, Dauntless General_SB": 1100, "Plargg, Dean of Chaos": 1590, "Reluctant Role Model": 1702, "Invasion of Ergamon": 1064, "Loran of the Third Path": 1273, "The Enigma Jewel": 2189, "Duelist of the Mind": 627, "Portent of Calamity": 1605, "Extraordinary Journey": 732, "Omen Hawker": 1497, "Concerted Defense_SB": 421, "Rapid Hybridization_SB": 1657, "Awaken the Honored Dead": 140, "Ghostly Dancers": 859, "Heliod, the Radiant Dawn_SB": 972, "Razorkin Needlehead": 1668, "Virtue of Courage": 2400, "Viashino Pyromancer": 2395, "Ball Lightning": 148, "Scytheclaw Raptor_SB": 1839, "Doom Whisperer_SB": 586, "Cathartic Reunion": 325, "Ancient Imperiosaur": 79, "Gastal Thrillroller_SB": 845, "Chandra, Hope's Beacon": 364, "Discontinuity": 564, "Obscura Storefront": 1486, "Disfigure_SB": 569, "Feed the Swarm": 767, "Commit // Memory_SB": 415, "Blue Sun's Twilight": 225, "Conduit Pylons": 423, "Ipnu Rivulet": 1074, "Outcaster Greenblade": 1530, "Clockwork Percussionist": 392, "Voltage Surge": 2426, "Fae of Wishes_SB": 744, "Anger of the Gods": 81, "Tribute to Horobi": 2299, "Drake Hatcher_SB": 601, "Brass Knuckles": 247, "Fabrication Foundry": 737, "Ingenious Smith": 1045, "Metalwork Colossus": 1356, "Moonsnare Prototype": 1398, "Sanctum of Ugin": 1800, "Wedding Invitation": 2464, "Glass Casket_SB": 879, "Repurposing Bay_SB": 1709, "Koth, Fire of Resistance_SB": 1176, "Niv-Mizzet, Visionary_SB": 1459, "Invasion of Gobakhan": 1065, "Despark_SB": 547, "Dennick, Pious Apprentice": 540, "Angrath, the Flame-Chained_SB": 83, "Slaughter Singer": 1957, "Venerated Rotpriest": 2393, "The Seedcore": 2208, "Crawling Chorus": 458, "Annex Sentry": 85, "Bloated Contaminator": 207, "Jawbone Duelist": 1092, "Overprotect": 1543, "Ajani, Sleeper Agent_SB": 58, "Phyrexian Censor_SB": 1574, "Tyvar's Stand_SB": 2314, "Dewdrop Cure_SB": 556, "Annex Sentry_SB": 86, "Melira, the Living Cure_SB": 1346, "Secrets of the Key": 1853, "Assassin's Trophy_SB": 123, "Baleful Mastery": 147, "Agonizing Remorse_SB": 57, "Soulflayer": 1998, "Zetalpa, Primal Dawn": 2532, "Striped Riverwinder": 2072, "Urborg Scavengers": 2362, "Oracle of Tragedy": 1517, "Gurmag Nightwatch": 930, "Ashen Rider": 116, "Hallowed Moonlight_SB": 940, "Selfless Spirit_SB": 1865, "Glorybringer": 889, "Scavenging Ooze": 1822, "Mizzium Mortars": 1378, "Cartouche of Zeal": 308, "Skylasher_SB": 1951, "Not on My Watch": 1464, "Scattered Thoughts": 1818, "Nature's Rhythm": 1436, "Dryad's Revival": 626, "Mabel, Heir to Cragflame_SB": 1292, "Atraxa, Grand Unifier_SB": 128, "Vineglimmer Snarl": 2397, "Port Town": 1599, "Mystic Reflection": 1420, "Heroic Intervention": 984, "Emergence Zone": 674, "Augmenter Pugilist": 130, "Augur of Autumn": 131, "Simic Charm": 1930, "Fortified Village": 823, "Biovisionary": 184, "Repudiate // Replicate_SB": 1708, "Chord of Calling_SB": 374, "Baird, Steward of Argive_SB": 145, "Dusk // Dawn_SB": 630, "Stern Dismissal_SB": 2043, "Wear Down_SB": 2457, "Slagstorm_SB": 1955, "Scorching Dragonfire_SB": 1826, "Repel the Abominable": 1706, "Repel the Abominable_SB": 1707, "Dark Petition_SB": 492, "Vampires' Vengeance_SB": 2384, "Heliod's Pilgrim_SB": 968, "Kaya's Ghostform_SB": 1127, "Skrelv, Defector Mite_SB": 1944, "March of Wretched Sorrow": 1324, "Unlucky Witness": 2351, "Ritual of Soot_SB": 1747, "Pyroclasm": 1617, "Hornet Queen": 1011, "Ojer Taq, Deepest Foundation": 1493, "Lord Skitter, Sewer King": 1277, "Aclazotz, Deepest Betrayal_SB": 33, "Tomik, Distinguished Advokist_SB": 2266, "Urza's Ruinous Blast_SB": 2368, "Hearth Elemental": 961, "Sanguine Evangelist_SB": 1805, "Spirit-Sister's Call_SB": 2022, "Demonic Counsel": 537, "Consuming Fervor": 433, "Aetherflux Reservoir": 46, "Summary Dismissal_SB": 2079, "Mountain_SB": 1403, "Portal to Phyrexia": 1603, "Smoldering Egg": 1965, "Flowerfoot Swordmaster": 809, "Lamplight Phoenix_SB": 1195, "Ovalchase Daredevil": 1534, "Inscribed Tablet": 1048, "Scourge of the Skyclaves": 1829, "Warlock Class": 2442, "Lich-Knights' Conquest": 1228, "Silent Gravestone_SB": 1924, "Ulcerate_SB": 2322, "Kaervek, the Spiteful_SB": 1106, "Can't Stay Away_SB": 294, "Rune of Might": 1776, "Voice of Resurgence_SB": 2414, "Disenchant_SB": 568, "Feldon, Ronom Excavator": 769, "Infuriate_SB": 1044, "Krenko's Buzzcrusher": 1180, "Wandering Mind": 2437, "Candy Trail": 295, "Colossal Skyturtle": 407, "Mirrorshell Crab": 1367, "Teferi, Who Slows the Sunset": 2147, "Chaos Wand_SB": 371, "Dissection Tools_SB": 576, "Jace, the Perfected Mind_SB": 1090, "Zirda, the Dawnwaker_SB": 2535, "Abbot of Keral Keep_SB": 20, "Recommission_SB": 1686, "Clarion Conqueror_SB": 383, "Rabbit Battery": 1633, "Dream Trawler": 611, "Surge of Righteousness_SB": 2107, "Faerie Dreamthief": 745, "Helping Hand": 973, "Steamcore Scholar": 2041, "Winternight Stories": 2485, "Defabricate": 525, "Immortal Phoenix_SB": 1033, "Seasons Past": 1851, "Yuna, Hope of Spira": 2525, "Cunning Coyote_SB": 478, "Blisterpod": 203, "Cartel Aristocrat": 305, "Catacomb Sifter": 322, "Rally the Ancestors": 1651, "Sephiroth, Fabled SOLDIER": 1869, "Starting Town": 2039, "Heliod, Sun-Crowned_SB": 970, "Ruthless Lawbringer_SB": 1784, "Abuelo's Awakening": 29, "Summon: Knights of Round": 2081, "Lightwheel Enhancements": 1245, "Joshua, Phoenix's Dominant": 1101, "Kroxa and Kunoros": 1182, "Terra, Magical Adept": 2164, "Vivi Ornitier": 2407, "Dark Confidant_SB": 490, "Unflinching Courage": 2341, "Unflinching Courage_SB": 2342, "Vivi Ornitier_SB": 2408, "Ishgard, the Holy See": 1078, "Secure the Wastes": 1854, "Eiganjo, Seat of the Empire_SB": 643, "Demon Wall": 535, "Fire Magic_SB": 788, "Twinmaw Stormbrood_SB": 2307, "Crumbling Vestige": 463, "Echoing Deeps": 636, "Glimpse the Core": 884, "Hour of Promise": 1017, "Scapeshift": 1816, "The Wandering Minstrel": 2214, "Kura, the Boundless Sky_SB": 1189, "Maelstrom of the Spirit Dragon_SB": 1296, "Toski, Bearer of Secrets_SB": 2277, "Opera Love Song": 1511, "Surrak, Elusive Hunter": 2111, "Esper Origins": 705, "Cecil, Dark Knight": 341, "Dark Confidant": 489, "Gix, Yawgmoth Praetor": 876, "Vren, the Relentless_SB": 2434, "Cryptcaller Chariot": 468, "Hostile Investigator_SB": 1016, "Tyrranax Rex_SB": 2312, "Tinybones, the Pickpocket": 2250, "Furnace Reins_SB": 837, "Bloodsoaked Champion": 215, "Kitesail Freebooter": 1153, "Lantern Scout_SB": 1198, "Sin Collector_SB": 1932, "Market Gnome": 1329, "Ancient Adamantoise": 77, "Buster Sword": 279, "Freya Crescent": 831, "Smitten Swordmaster": 1964, "Monastery Swiftspear_SB": 1390, "Summon: Leviathan": 2082, "Quicken_SB": 1631, "Alesha, Who Laughs at Fate": 62, "Jirina, Dauntless General": 1099, "Zack Fair": 2528, "Bile Blight": 180, "Ruthless Negotiation_SB": 1786, "Staggering Insight": 2034, "Sporogenic Infection_SB": 2027, "Tocasia's Welcome": 2261, "Al Bhed Salvagers": 61, "Fleeting Spirit": 801, "Saiba Cryptomancer": 1794, "Warbriar Blessing": 2438, "The Raven Man": 2203, "Glistening Deluge_SB": 887, "Gryff's Boon_SB": 925, "Wilt-Leaf Liege_SB": 2480, "Demolition Field_SB": 534, "Saiba Cryptomancer_SB": 1795, "Lindblum, Industrial Regency": 1255, "Rune of Sustenance_SB": 1777, "Disturbing Mirth": 578, "Rite of Oblivion_SB": 1745, "Runed Halo_SB": 1779, "Rain of Revelation": 1640, "Ultima": 2323, "Shatter the Sky_SB": 1893, "Doomsday Excruciator_SB": 587, "Cloud of Darkness_SB": 393, "Outrageous Robbery_SB": 1533, "Sphinx's Tutelage": 2015, "The Water Crystal": 2216, "Eject_SB": 644, "Lindblum, Industrial Regency_SB": 1256, "Blossoming Defense_SB": 220, "Cerulean Drake_SB": 347, "Ureni, the Song Unending_SB": 2365, "Angel of Serenity": 80, "Hinterland Harbor": 994, "Cloud, Midgar Mercenary": 394, "Machinist's Arsenal": 1293, "Paladin's Arms": 1549, "Raubahn, Bull of Ala Mhigo": 1660, "The Filigree Sylex_SB": 2191, "Hullbreaker Horror": 1018, "Bonny Pall, Clearcutter_SB": 234, "Titan of Industry_SB": 2256, "Search for Azcanta_SB": 1847, "Emet-Selch, Unsundered": 678, "Lazav, the Multifarious": 1205, "Medomai the Ageless": 1345, "Valentin, Dean of the Vein": 2370, "Bonders' Enclave": 231, "Nissa's Pilgrimage": 1448, "Ulamog, the Ceaseless Hunger": 2321, "Old-Growth Troll_SB": 1495, "Ugin, the Spirit Dragon_SB": 2320, "Banefire_SB": 153, "Astrologian's Planisphere": 124, "Slickshot Show-Off_SB": 1960, "Camellia, the Seedmiser_SB": 292, "Insidious Fungus_SB": 1051, "Massacre Girl_SB": 1335, "Trail of Crumbs_SB": 2284, "Webstrike Elite_SB": 2461, "Sunscorched Desert": 2095, "Plumecreed Escort": 1595, "Restoration Magic_SB": 1726, "Staggering Insight_SB": 2035, "Expedite": 717, "Kefka, Court Mage": 1136, "Anim Pakal, Thousandth Moon": 84, "Embercleave_SB": 672, "Mox Amber_SB": 1405, "Retraction Helix_SB": 1728, "Exsanguinate": 726, "Hedge Shredder": 965, "Genesis Wave": 851, "Return the Favor_SB": 1729, "Kogla and Yidaro_SB": 1170, "Revival // Revenge": 1731, "Vampire Socialite": 2381, "Legion Lieutenant": 1214, "Vito, Thorn of the Dusk Rose": 2406, "Vampire of the Dire Moon": 2382, "Voldaren Bloodcaster_SB": 2422, "Florian, Voldaren Scion_SB": 808, "Stingerback Terror": 2046, "Mistbreath Elder": 1375, "Pawpatch Recruit_SB": 1562, "Lightning, Army of One": 1243, "Founding the Third Path": 825, "No One Left Behind": 1462, "Isareth the Awakener": 1077, "Urza's Ruinous Blast": 2367, "Venat, Heart of Hydaelyn": 2391, "Liliana, the Last Hope": 1253, "Thassa's Oracle": 2175, "Rush of Adrenaline": 1781, "Channeled Dragonfire": 370, "Stadium Headliner": 2033, "Roil Eruption": 1761, "Burnout Bashtronaut": 275, "Reckless Lackey": 1678, "Didn't Say Please": 558, "Ruin Crab": 1772, "Merfolk Windrobber": 1352, "Essence Scatter": 708, "Into the Story": 1062, "Field of Ruin_SB": 778, "Roiling Dragonstorm": 1762, "Chandra, Dressed to Kill": 361, "End the Festivities": 682, "Raze the Effigy_SB": 1667, "Midgar, City of Mako": 1359, "Divine Smite_SB": 581, "Heritage Reclamation": 981, "Riverchurn Monument_SB": 1748, "Goblin Chainwhirler": 894, "Leyline of Combustion_SB": 1220, "Sorceress's Schemes": 1984, "Halvar, God of Battle_SB": 941, "Unexpected Request_SB": 2338, "Binding the Old Gods": 182, "Tireless Tracker": 2251, "Jaddi Offshoot_SB": 1091, "Linvala, the Preserver_SB": 1259, "Yahenni's Expertise": 2512, "The Wandering Minstrel_SB": 2215, "Molt Tender": 1381, "Osteomancer Adept": 1524, "Snarling Gorehound": 1972, "Deep-Cavern Bat_SB": 523, "Scavenging Ooze_SB": 1823, "Ertai Resurrected": 699, "Disdainful Stroke": 566, "Scatter Ray": 1817, "Refute": 1695, "Sinister Sabotage": 1934, "Cornered by Black Mages": 443, "Sunken Hollow": 2092, "Eliminate_SB": 656, "Cry of the Carnarium_SB": 465, "Enter the God-Eternals_SB": 693, "Speaker of the Heavens": 2005, "Delney, Streetwise Lookout": 529, "Woe Strider": 2498, "Leyline of Transformation": 1224, "Combat Research": 411, "Forest_SB": 818, "Storm Herald_SB": 2055, "Cartouche of Solidarity_SB": 307, "Lotleth Troll": 1279, "Nullhide Ferox": 1474, "Samut, Voice of Dissent": 1798, "Smuggler's Surprise": 1968, "Elvish Archivist": 667, "Great Arashin City": 913, "Nissa, Voice of Zendikar_SB": 1453, "Resolute Strike": 1714, "Haunted Dead": 948, "Driven // Despair": 619, "Quag Feast_SB": 1622, "Sin, Spira's Punishment": 1933, "Capital City": 297, "Jidoor, Aristocratic Capital": 1097, "Coveted Falcon": 450, "Auroral Procession": 134, "Omnath, Locus of Creation_SB": 1504, "Absorb": 28, "Sphinx's Revelation": 2014, "Void Rend": 2418, "Thunder Magic_SB": 2242, "Goblin Ringleader_SB": 897, "Storm Herald": 2054, "Disruptive Stormbrood": 574, "Burning Anger": 272, "Colossification": 409, "Ugin, the Spirit Dragon": 2319, "Forsaken Monument": 821, "Wastes": 2450, "Haven of the Spirit Dragon": 950, "Crystal Grotto": 474, "Warping Wail": 2443, "Fomori Vault": 814, "Hedron Archive": 966, "The Mightstone and Weakstone": 2199, "The Celestus": 2185, "Adventurer's Inn": 39, "Patchwork Automaton_SB": 1554, "Mazemind Tome_SB": 1343, "Thought-Knot Seer_SB": 2228, "Dwarven Mine": 634, "Dragon Fodder": 595, "Hordeling Outburst": 1008, "Lukka, Coppercoat Outcast": 1285, "Satyr's Cunning": 1810, "Ral's Reinforcements": 1647, "Song of Totentanz": 1982, "Cavalcade of Calamity_SB": 333, "Impact Tremors_SB": 1035, "Mechanized Warfare_SB": 1344, "Torbran, Thane of Red Fell_SB": 2270, "Languish": 1196, "Ritual of Soot": 1746, "Drag the Canal_SB": 594, "Snow-Covered Swamp_SB": 1977, "Shattered Sanctum_SB": 1895, "Concealed Courtyard_SB": 419, "Shadowy Backstreet_SB": 1884, "Doom Foretold_SB": 585, "Hopeful Vigil_SB": 1006, "(THB) 117_SB": 15, "(DMU) 244_SB": 4, "(WOE) 95_SB": 18, "(M20) 94_SB": 10, "(SLD) 325_SB": 13, "(BRO) 16_SB": 1, "(STX) 72_SB": 14, "(FDN) 704_SB": 7, "(BLB) 83_SB": 0, "(OTJ) 108_SB": 12, "(BRO) 26_SB": 2, "(WOE) 29_SB": 17, "(DAR) 213_SB": 3, "(KLR) 84_SB": 8, "(LCI) 128_SB": 9, "(DSK) 111_SB": 5, "(MID) 112_SB": 11, "(THB) 121_SB": 16, "(FDN) 137_SB": 6, "Touch the Spirit Realm_SB": 2279, "Tormod's Crypt": 2273, "Saheeli, Filigree Master_SB": 1790, "Fighter Class": 785, "Self-Destruct": 1862, "Lion Sash_SB": 1261, "March of Otherworldly Light_SB": 1321, "Stormcarved Coast_SB": 2058, "Misery's Shadow_SB": 1370, "Undead Butler": 2332, "Willow Geist": 2478, "The Aetherspark": 2177, "Curse of Silence_SB": 481, "Miscast_SB": 1369, "Matoya, Archon Elder_SB": 1337, "Blossoming Tortoise": 221, "Blossoming Tortoise_SB": 222, "Summon: Leviathan_SB": 2083, "Aether Channeler": 42, "Aether Channeler_SB": 43, "Ephara's Dispersal": 696, "Lush Oasis": 1289, "Aftermath Analyst_SB": 51, "Ulvenwald Oddity_SB": 2325, "Mystic Sanctuary": 1422, "Broken Bond_SB": 262, "Leyline of Transformation_SB": 1225, "Fleeting Spirit_SB": 802, "Knight of Dusk's Shadow_SB": 1162, "Bartolom\u00e9 del Presidio": 160, "Zulaport Cutthroat": 2538, "Waker of Waves": 2435, "Discovery // Dispersal": 565, "Consecrate // Consume_SB": 427, "Reduce // Rubble_SB": 1692, "Dread Presence": 605, "Cyclonic Rift_SB": 486, "Sultai Charm_SB": 2078, "Kinnan, Bonder Prodigy": 1148, "Valley Questcaller": 2379, "Choco, Seeker of Paradise": 373, "Sazh's Chocobo": 1815, "Traveling Chocobo": 2291, "Sazh Katzroy": 1814, "Cloudfin Raptor": 396, "Bartz and Boko": 161, "Dazzling Denial": 504, "Ambrosia Whiteheart": 72, "Aven Mindcensor_SB": 139, "Kenrith's Transformation_SB": 1141, "Wolfwillow Haven_SB": 2501, "Questing Beast_SB": 1626, "Buster Sword_SB": 280, "The Aetherspark_SB": 2178, "Sword of Forge and Frontier_SB": 2121, "Cloudsteel Kirin_SB": 397, "Magic Damper": 1301, "Magic Damper_SB": 1302, "Fateful Absence": 756, "Joust Through_SB": 1102, "Peerless Recycling_SB": 1563, "Filter Out_SB": 786, "Dreams of Laguna": 615, "Whir of Invention_SB": 2471, "Zirda, the Dawnwaker": 2534, "Xenagos, the Reveler": 2511, "Svella, Ice Shaper": 2113, "Collision // Colossus_SB": 406, "Lukka, Bound to Ruin_SB": 1284, "Blitz of the Thunder-Raptor_SB": 205, "Rebel Salvo": 1672, "Nahiri, Heir of the Ancients_SB": 1425, "Aether Hub": 45, "Power Word Kill": 1606, "Marang River Regent // Coil and Catch": 1316, "Felothar, Dawn of the Abzan": 773, "Skirmish Rhino": 1941, "Sandsteppe Citadel": 1801, "Brimaz, King of Oreskos_SB": 258, "Regal Caracal_SB": 1697, "Thunder Magic": 2241, "Absolute Virtue_SB": 27, "Fire Prophecy_SB": 790, "Mirrorpool": 1366, "Moment of Craving": 1384, "Cloud, Midgar Mercenary_SB": 395, "Mirrorshell Crab_SB": 1368, "Vanquish the Horde_SB": 2388, "Fire Magic": 787, "Commune with Beavers": 416, "Blitz of the Thunder-Raptor": 204, "Unexpected Request": 2337, "Seed of Hope": 1855, "Thrilling Discovery": 2237, "Cavern of Souls_SB": 337, "Yuna, Hope of Spira_SB": 2526, "Summon: Primal Odin": 2084, "Vraska, Golgari Queen_SB": 2433, "Lazotep Plating": 1206, "Ochre Jelly": 1488, "The Ozolith": 2202, "Botanical Brawler": 241, "Kutzil, Malamet Exemplar": 1192, "Conclave Mentor": 422, "Pelt Collector": 1564, "Fight as One_SB": 784, "Garruk's Harbinger_SB": 843, "Patchwork Beastie": 1556, "Wildfire Wickerfolk": 2477, "Beastie Beatdown": 170, "Ogre-Head Helm": 1490, "Violent Urge": 2399, "Caelorna, Coral Tyrant_SB": 285, "Fade from History_SB": 740, "Return to Nature_SB": 1730, "Skyreaping_SB": 1952, "Ezrim, Agency Chief_SB": 733, "Axgard Armory": 142, "Invasive Surgery_SB": 1069, "Bramble Familiar": 245, "Make Your Own Luck": 1308, "One with the Multiverse": 1508, "Overwhelming Splendor": 1544, "Unexpected Results": 2339, "Flowstone Infusion_SB": 811, "Den of the Bugbear_SB": 539, "Cryptcaller Chariot_SB": 469, "Bolas's Citadel": 227, "Sorcerous Spyglass_SB": 1985, "Blink of an Eye_SB": 202, "Ashaya, Soul of the Wild": 115, "Elvish Reclaimer": 669, "Green Sun's Twilight": 916, "Drogskol Reaver": 620, "Cragplate Baloth": 454, "Fleetfoot Dancer": 799, "The Last Ride": 2196, "Warrant // Warden_SB": 2446, "Reinforced Ronin": 1699, "Showdown of the Skalds": 1916, "Disruptive Stormbrood_SB": 575, "Tail Swipe": 2129, "Wildborn Preserver": 2476, "Implement of Combustion": 1036, "Oni-Cult Anvil": 1509, "Weapons Manufacturing": 2454, "Mayhem Devil_SB": 1341, "Tarrian's Journal_SB": 2140, "Hollow One": 998, "Hemosymbic Mite": 974, "Kaito, Bane of Nightmares_SB": 1110, "Pinnacle Starcage_SB": 1584, "Seam Rip_SB": 1845, "Seam Rip": 1844, "Ephara's Dispersal_SB": 697, "Kavaron Harrier": 1124, "Nutrient Block": 1477, "Consult the Star Charts": 432, "Tifa Lockhart": 2247, "Haliya, Guided by Light": 935, "Sanctify_SB": 1799, "Vivien, Arkbow Ranger": 2410, "Wakeroot Elemental_SB": 2436, "Icetill Explorer": 1022, "Aetherize_SB": 48, "Icetill Explorer_SB": 1023, "Rust Goliath": 1782, "Grab the Prize": 905, "Thrill of Possibility": 2236, "Fling": 804, "Mishra, Tamer of Mak Fawa": 1373, "Artificer's Dragon": 112, "Mishra, Excavation Prodigy_SB": 1372, "Shock_SB": 1911, "Insult // Injury_SB": 1055, "Chandra, Flame's Fury": 363, "Chandra's Spitfire": 358, "Unchained Berserker": 2329, "Ember Hauler": 670, "Fanatical Firebrand": 750, "Drakuseth, Maw of Flames": 602, "Cavalcade of Calamity": 332, "Arni Brokenbrow": 111, "Scorch Spitter": 1824, "The Flame of Keld": 2192, "Chandra's Flame Wave": 357, "Siege Veteran": 1920, "Yotian Frontliner": 2521, "Harbin, Vanguard Aviator": 944, "Myrel, Shield of Argive": 1417, "Valiant Veteran": 2374, "Protect the Negotiators_SB": 1616, "Ertai Resurrected_SB": 700, "Sulfur Falls": 2076, "Strategic Planning": 2069, "Biotech Specialist": 183, "Coruscation Mage_SB": 445, "Valki, God of Lies_SB": 2376, "Weftwalking": 2465, "Herald of Anguish": 976, "Mishra's Research Desk": 1371, "Sunset Saboteur": 2098, "Malicious Eclipse_SB": 1311, "Cryogen Relic": 466, "Adventurer's Inn_SB": 40, "Otawara, Soaring City_SB": 1526, "Pit of Offerings_SB": 1585, "Confounding Conundrum_SB": 424, "Annul": 87, "Skycat Sovereign_SB": 1946, "Kazandu Mammoth": 1132, "Lofty Denial": 1267, "Aurelia's Vindicator": 133, "Fall of the Thran": 748, "Hope of Ghirapur": 1003, "Remorseful Cleric": 1703, "Hope of Ghirapur_SB": 1004, "Knight of the White Orchid_SB": 1166, "Shattering Blow_SB": 1896, "Archenemy's Charm": 103, "Ral, Crackling Wit": 1648, "Emry, Lurker of the Loch": 681, "Jeskai Ascendancy": 1094, "Restless Spire": 1724, "Saheeli, Sublime Artificer": 1791, "Rally the Monastery_SB": 1652, "Valley Floodcaller_SB": 2378, "Stonebinder's Familiar": 2051, "Reroute Systems": 1711, "Demand Answers": 531, "Nova Hellkite_SB": 1468, "Plains_SB": 1589, "Tezzeret, Cruel Captain": 2169, "Cosmogoyf": 446, "Deathrite Shaman": 515, "Seedship Broodtender": 1856, "Severance Priest_SB": 1877, "Elixir": 659, "Paradox Engine": 1550, "Patchwork Automaton": 1553, "Pithing Needle": 1586, "The Gold Saucer": 2193, "Voyage Home": 2429, "Carrot Cake_SB": 304, "Sai, Master Thopterist_SB": 1793, "Stonecoil Serpent_SB": 2053, "Demilich": 532, "Symmetry Sage": 2125, "Quantum Riddler": 1623, "Disruption Protocol": 573, "Monstrous Rage_SB": 1393, "Suplex_SB": 2102, "Twinmaw Stormbrood": 2306, "Opera Love Song_SB": 1512, "Louisoix's Sacrifice": 1282, "Cosmogrand Zenith_SB": 448, "Isolate_SB": 1081, "Remorseful Cleric_SB": 1704, "Delney, Streetwise Lookout_SB": 530, "Cascading Cataracts": 309, "Cleansing Wildfire": 384, "The Rollercrusher Ride": 2205, "Devastating Mastery": 552, "Nahiri, the Unforgiving": 1428, "Nova Hellkite": 1467, "Timeline Culler": 2248, "Halana and Alena, Partners": 934, "The Dominion Bracelet_SB": 2186, "Cosmogrand Zenith": 447, "Lightstall Inquisitor": 1244, "Gilded Pinions": 872, "Mystic Forge": 1419, "Stonecoil Serpent": 2052, "Honor": 1001, "Tethmos High Priest_SB": 2168, "Surgical Skullbomb": 2110, "Pinnacle Emissary": 1582, "Urabrask, Heretic Praetor": 2361, "Soulless Jailer": 1999, "Shatterskull Smashing": 1897, "The Eternal Wanderer": 2190, "Drannith Magistrate": 603, "Wear Down": 2456, "Wingspan Stride": 2484, "Opulent Palace": 1516, "Seeker's Folly": 1859, "Summon: Fenrir": 2080, "Dismal Backwater": 570, "Hero's Downfall": 983, "Temple of Malady": 2153, "Kotis, the Fangkeeper": 1177, "Jungle Hollow": 1104, "Blitzball Shot_SB": 206, "Dauntless Scrapbot_SB": 498, "Fell_SB": 771, "Unsummon_SB": 2355, "Rankle's Prank": 1656, "Reroute Systems_SB": 1712, "Deliberate": 528, "Rest in Peace": 1716, "Saw It Coming": 1812, "Scorching Dragonfire": 1825, "Impulse_SB": 1038, "Aerith Gainsborough": 41, "Gala Greeters": 839, "Heliod, Sun-Crowned": 969, "Syr Vondam, Sunstar Exemplar": 2127, "Alesha, Who Laughs at Fate_SB": 63, "Sothera, the Supervoid_SB": 1989, "Dalkovan Encampment": 487, "Depose // Deploy": 542, "Snow-Covered Swamp": 1976, "Temur Battle Rage": 2161, "Analyze the Pollen": 74, "Extract a Confession_SB": 729, "Armed and Armored": 110, "Bruenor Battlehammer": 266, "Giott, King of the Dwarves": 873, "Magda, Brazen Outlaw": 1298, "Toolcraft Exemplar": 2267, "Reckless Crew_SB": 1675, "Pinnacle Starcage": 1583, "Vandalblast_SB": 2385, "Springleaf Drum": 2029, "Legion Extruder_SB": 1213, "Quantum Riddler_SB": 1624, "Seedship Impact_SB": 1857, "Radiant Fountain": 1636, "Plasma Bolt": 1591, "Essence Scatter_SB": 709, "Dirgur Island Dragon": 563, "Containment Priest": 435, "Spirit of the Labyrinth_SB": 2020, "Sunset Saboteur_SB": 2099, "Tragic Trajectory_SB": 2282, "Gideon of the Trials_SB": 867, "Volcanic Spite_SB": 2421, "Transmogrify_SB": 2288, "Synthesizer Labship": 2126, "Tezzeret, Cruel Captain_SB": 2170, "Hardlight Containment_SB": 946, "Battle Menu": 165, "Raise the Alarm": 1641, "You See a Pair of Goblins": 2522, "By Invitation Only_SB": 281, "Starfield Vocalist": 2036, "Tragic Trajectory": 2281, "Warrant // Warden": 2445, "Capricious Hellraiser": 298, "Elemental Masterpiece": 651, "Spell Stutter_SB": 2011, "Island_SB": 1080, "First Day of Class": 794, "Myriad Construct": 1418, "Light of Hope": 1234, "Phoenix Down": 1572, "Seize the Spoils_SB": 1860, "Fleeting Effigy_SB": 800, "Warleader's Call_SB": 2441, "Haliya, Guided by Light_SB": 936, "Academic Probation_SB": 30, "Syr Vondam, Sunstar Exemplar_SB": 2128, "Ravenous Intruder": 1664, "Rust Harvester": 1783, "Broadside Barrage": 261, "Chandra, Acolyte of Flame_SB": 359, "Sandworm": 1803, "Marauding Raptor": 1319, "Sarkhan, Dragon Ascendant": 1806, "Magmatic Hellkite": 1305, "Toralf, God of Fury": 2268, "Restless Ridgeline": 1723, "Migloz, Maze Crusher_SB": 1362, "Alpine Houndmaster": 67, "Alpine Watchdog": 69, "Igneous Cur": 1027, "Terror of the Peaks": 2165, "Ruthless Negotiation": 1785, "Davriel, Rogue Shadowmage": 499, "Bile Blight_SB": 181, "Zero Point Ballad_SB": 2531, "Rip Apart_SB": 1738, "Caught Red-Handed_SB": 326, "Royal Treatment_SB": 1769, "Liliana, Death's Majesty_SB": 1251, "Bristlebud Farmer_SB": 260, "Bloomvine Regent": 218, "Gruff Triplets": 922, "Ouroboroid": 1528, "Vorinclex": 2428, "Elegy Acolyte": 650, "Chalk Outline_SB": 352, "Metallic Mimic": 1353, "Dusk Rose Reliquary_SB": 633, "Cut Propulsion_SB": 485, "Thornwood Falls": 2225, "Elusive Otter": 666, "Slip Through Space": 1963, "Stormchaser Drake": 2059, "Ollenbock Escort_SB": 1496, "Scout for Survivors_SB": 1830, "Stormchaser Drake_SB": 2060, "Enduring Tenacity": 689, "Corrupt": 444, "Ornery Tumblewagg": 1519, "Winding Constrictor": 2482, "Rishkar, Peema Renegade": 1743, "District Mascot": 577}}