{"vocabulary": {"Aloe Alchemist": 41, "Atarka's Command": 103, "Burning-Tree Emissary": 252, "Copperline Gorge": 406, "Cunning Coyote": 441, "Den of the Bugbear": 498, "Heartfire Hero": 904, "Karplusan Forest": 1063, "Kumano Faces Kakkazan": 1131, "Monastery Swiftspear": 1317, "Monstrous Rage": 1319, "Mountain": 1330, "Play with Fire": 1509, "Questing Druid": 1550, "Ramunap Ruins": 1573, "Reckless Bushwhacker": 1591, "Sokenzan, Crucible of Defiance": 1873, "Stomping Ground": 1937, "Thornspire Verge": 2087, "Claim the Firstborn_SB": 356, "Destructive Revelry_SB": 514, "Grafdigger's Cage_SB": 854, "Magebane Lizard_SB": 1241, "Redcap Melee_SB": 1604, "Rending Volley_SB": 1621, "Shapers' Sanctuary_SB": 1780, "Atraxa, Grand Unifier": 105, "Blackcleave Cliffs": 175, "Blazemire Verge": 183, "Blood Crypt": 192, "Case of the Stashed Skeleton": 287, "Fable of the Mirror-Breaker": 675, "Fatal Push": 696, "Fountainport": 765, "Indomitable Creativity": 978, "Ob Nixilis, the Adversary": 1410, "Pawpatch Formation": 1481, "Pillage the Bog": 1504, "Raucous Theater": 1579, "Swamp": 1986, "Thoughtseize": 2091, "Titan of Industry": 2114, "Torch the Tower": 2127, "Valgavoth, Terror Eater": 2228, "Volcanic Spite": 2275, "Ziatora's Proving Ground": 2377, "Anger of the Gods_SB": 56, "Back to Nature_SB": 125, "Chandra's Defeat_SB": 330, "Damping Sphere_SB": 448, "Duress_SB": 585, "Go Blank_SB": 837, "Hidetsugu Consumes All_SB": 928, "Leyline of the Void_SB": 1170, "Path of Peril_SB": 1479, "Thought Distortion_SB": 2088, "Brazen Borrower": 232, "Clearwater Pathway": 361, "Darkslick Shores": 456, "Enduring Curiosity": 631, "Faerie Miscreant": 688, "Floodpits Drowner": 744, "Gloomlake Verge": 831, "Hall of Storm Giants": 881, "Island": 1018, "Kaito, Bane of Nightmares": 1051, "Mockingbird": 1307, "Moon-Circuit Hacker": 1323, "Mutavault": 1343, "Otawara, Soaring City": 1447, "Spell Pierce": 1899, "Spyglass Siren": 1919, "Underground River": 2192, "Watery Grave": 2301, "Aclazotz, Deepest Betrayal_SB": 13, "Anoint with Affliction_SB": 66, "Disdainful Stroke_SB": 529, "Extinction Event_SB": 670, "Sheoldred, the Apocalypse_SB": 1796, "Spell Pierce_SB": 1900, "Unlicensed Hearse_SB": 2206, "Blade of the Oni": 178, "Blightstep Pathway": 187, "Bloodletter of Aclazotz": 197, "Bloodtithe Harvester": 200, "Duress": 584, "Go for the Throat": 839, "Haunted Ridge": 893, "Sulfurous Springs": 1957, "Takenuma, Abandoned Mire": 2004, "Unholy Annex && Ritual Chamber": 2197, "Unstoppable Slasher": 2210, "Urborg, Tomb of Yawgmoth": 2219, "Invoke Despair_SB": 1012, "Torch the Tower_SB": 2128, "Fear of Missing Out": 704, "Sheoldred, the Apocalypse": 1795, "Withering Torment": 2334, "Archfiend of the Dross": 81, "Bonecrusher Giant": 211, "Graveyard Trespasser": 857, "Hive of the Eye Tyrant": 937, "Kalitas, Traitor of Ghet": 1055, "Sheoldred's Edict": 1793, "Liliana of the Veil_SB": 1190, "Archdruid's Charm": 80, "Bala Ged Recovery": 128, "Boseiju, Who Endures": 221, "Dark Petition": 452, "Emergent Ultimatum": 621, "Fae of Wishes": 683, "Forest": 756, "Hidden Strings": 926, "Lier, Disciple of the Drowned": 1173, "Lotus Field": 1222, "Lush Portico": 1229, "Mana Confluence": 1249, "Omniscience": 1432, "Peer into the Abyss": 1486, "Pore Over the Pages": 1515, "Razorverge Thicket": 1586, "Soul Partition": 1882, "Spara's Headquarters": 1895, "Strict Proctor": 1949, "Sylvan Scrying": 1999, "Thespian's Stage": 2080, "Vizier of Tumbling Sands": 2266, "Approach of the Second Sun_SB": 72, "Emergent Ultimatum_SB": 622, "Leyline of Sanctity_SB": 1168, "Silence_SB": 1815, "Soul Partition_SB": 1883, "Sphinx of the Final Word_SB": 1904, "Temporary Lockdown_SB": 2029, "Zacama, Primal Calamity_SB": 2370, "Feed the Swarm_SB": 712, "Adeline, Resplendent Cathar": 17, "Cavern of Souls": 310, "Coppercoat Vanguard": 405, "Dauntless Bodyguard": 458, "Declaration in Stone": 482, "Eiganjo, Seat of the Empire": 597, "Extraction Specialist": 672, "Fortified Beachhead": 760, "Get Lost": 795, "Hallowed Fountain": 882, "Hopeful Initiate": 945, "Plains": 1506, "Recruitment Officer": 1602, "Seachrome Coast": 1736, "Thalia's Lieutenant": 2039, "Thalia, Guardian of Thraben": 2040, "Containment Priest_SB": 403, "Get Lost_SB": 796, "Portable Hole_SB": 1519, "Reflector Mage_SB": 1608, "Rest in Peace_SB": 1631, "Sheltered by Ghosts_SB": 1792, "Wedding Announcement_SB": 2310, "Blooming Marsh": 201, "Cauldron Familiar": 300, "Claim the Firstborn": 355, "Deadly Dispute": 467, "Heartless Act": 907, "Mayhem Devil": 1274, "Overgrown Tomb": 1455, "Scavenger's Talent": 1716, "Witch's Oven": 2328, "Ygra, Eater of All": 2362, "Ashiok, Dream Render_SB": 93, "Ghost Vacuum_SB": 802, "Haywire Mite_SB": 896, "Molten Collapse_SB": 1311, "Ob Nixilis, the Adversary_SB": 1411, "Pawpatch Formation_SB": 1482, "The Meathook Massacre_SB": 2061, "Thoughtseize_SB": 2092, "Cragcrown Pathway": 417, "Eidolon of the Great Revel": 595, "Hired Claw": 935, "Leyline of Combustion": 1164, "Rampaging Ferocidon": 1570, "Razorkin Needlehead": 1584, "Screaming Nemesis": 1731, "Torbran, Thane of Red Fell": 2126, "Witchstalker Frenzy": 2329, "Goblin Chainwhirler_SB": 841, "Gruul Charm_SB": 870, "Rampaging Ferocidon_SB": 1571, "Reckoner Bankbuster_SB": 1598, "Adarkar Wastes": 16, "Hengegate Pathway": 917, "Mausoleum Wanderer": 1272, "No More Lies": 1392, "Rattlechains": 1577, "Shacklegeist": 1770, "Sheltered by Ghosts": 1791, "Skyclave Apparition": 1841, "Slip Out the Back": 1856, "Spell Queller": 1901, "Supreme Phantom": 1976, "The Wandering Emperor": 2075, "Split Up_SB": 1915, "Tocasia's Welcome_SB": 2120, "Archon of Emeria": 85, "Aven Interrupter": 114, "Branchloft Pathway": 227, "Brushland": 246, "Collected Company": 371, "Eldrazi Displacer": 601, "Elvish Mystic": 617, "Enduring Innocence": 633, "Kellan, Daring Traveler": 1080, "Llanowar Elves": 1204, "Shefet Dunes": 1789, "Temple Garden": 2023, "Thalia, Heretic Cathar": 2042, "Werefox Bodyguard": 2314, "Brutal Cathar_SB": 248, "Dromoka's Command_SB": 577, "Gideon, Ally of Zendikar_SB": 810, "The Wandering Emperor_SB": 2076, "Battlefield Forge": 150, "Boltwave": 207, "Boros Charm": 217, "Emberheart Challenger": 619, "Inspiring Vantage": 993, "Lightning Helix": 1183, "Needleverge Pathway": 1364, "Sacred Foundry": 1695, "Shardmage's Rescue": 1781, "Slickshot Show-Off": 1854, "Snow-Covered Mountain": 1869, "Soul-Scar Mage": 1888, "Case of the Crimson Pulse_SB": 283, "Hazoret the Fervent_SB": 899, "Pyroclasm_SB": 1544, "Screaming Nemesis_SB": 1732, "Showdown of the Skalds_SB": 1809, "Castle Locthwain": 293, "Field of Ruin": 719, "Invoke Despair": 1011, "Reckoner Bankbuster": 1597, "Caustic Bronco_SB": 302, "Cling to Dust_SB": 367, "Torpor Orb_SB": 2131, "Dragonlord Dromoka_SB": 553, "Nine Lives_SB": 1378, "Ghitu Lavarunner": 800, "Light Up the Stage": 1177, "Skewer the Critics": 1835, "Spikefield Hazard": 1906, "Wizard's Lightning": 2338, "End the Festivities_SB": 629, "Kari Zev's Expertise_SB": 1060, "Razorkin Needlehead_SB": 1585, "Roiling Vortex_SB": 1671, "Witchstalker Frenzy_SB": 2330, "Callous Sell-Sword": 265, "Claim // Fame": 353, "Infuriate": 980, "Manifold Mouse": 1250, "Reckless Rage": 1594, "Claim // Fame_SB": 354, "Fatal Push_SB": 697, "Reckless Rage_SB": 1595, "Sunspine Lynx_SB": 1975, "Cavalier of Thorns": 307, "Hostile Hostel": 952, "Invasion of Ixalan": 1007, "Kiora, Behemoth Beckoner": 1093, "Lair of the Hydra": 1139, "Leyline of the Guildpact": 1169, "Nykthos, Shrine to Nyx": 1405, "Old-Growth Troll": 1422, "Outcaster Trailblazer": 1451, "Polukranos Reborn": 1513, "Storm the Festival": 1938, "Sunken Citadel": 1968, "Ulvenwald Oddity": 2181, "Arasta of the Endless Web_SB": 75, "Cityscape Leveler_SB": 352, "Elesh Norn, Mother of Machines_SB": 608, "Emrakul, the Promised End_SB": 626, "Monstrous Emergence_SB": 1318, "Scrapshooter_SB": 1729, "Setessan Petitioner_SB": 1765, "Tail Swipe_SB": 2002, "The Stone Brain_SB": 2074, "Voracious Hydra_SB": 2282, "Deduce": 484, "Deserted Beach": 506, "Dovin's Veto": 548, "Farewell": 694, "Floodfarm Verge": 743, "March of Otherworldly Light": 1255, "Memory Deluge": 1279, "Narset, Parter of Veils": 1356, "Portable Hole": 1518, "Restless Anchorage": 1632, "Supreme Verdict": 1977, "Teferi, Hero of Dominaria": 2020, "Beza, the Bounding Spring_SB": 163, "Detention Sphere_SB": 517, "Dovin's Veto_SB": 549, "Enduring Curiosity_SB": 632, "Farewell_SB": 695, "Kaheera, the Orphanguard_SB": 1048, "Mystical Dispute_SB": 1348, "Narset, Parter of Veils_SB": 1357, "Shark Typhoon_SB": 1784, "Heartless Act_SB": 908, "Withering Torment_SB": 2335, "Case of the Gateway Express": 285, "Giant Killer": 807, "Gleeful Demolition": 825, "Imodane's Recruiter": 972, "Knight-Errant of Eos": 1109, "Novice Inspector": 1398, "Resolute Reinforcements": 1629, "Thraben Inspector": 2094, "Venerated Loxodon": 2244, "Voldaren Epicure": 2276, "Warden of the Inner Sky": 2293, "Deafening Silence_SB": 472, "Extraction Specialist_SB": 673, "Invasion of Gobakhan_SB": 1006, "Reidane, God of the Worthy_SB": 1614, "Titan's Strength": 2115, "Turn Inside Out": 2163, "Abrupt Decay": 6, "Breeding Pool": 235, "Bring to Light": 241, "Deafening Clarion": 469, "Fabled Passage": 677, "Godless Shrine": 844, "Hushwood Verge": 961, "Indatha Triome": 977, "Jetmir's Garden": 1039, "Ketria Triome": 1090, "Knight of Autumn": 1102, "Kolaghan's Command": 1115, "Leyline Binding": 1162, "Maelstrom Pulse": 1234, "Nahiri, the Harbinger": 1351, "Niv-Mizzet Reborn": 1387, "Niv-Mizzet, Supreme": 1390, "Omnath, Locus of Creation": 1430, "Raffine's Tower": 1559, "Raugrin Triome": 1580, "Savai Triome": 1709, "Steam Vents": 1927, "Sunfall": 1965, "Sylvan Caryatid": 1997, "Unmoored Ego": 2208, "Up the Beanstalk": 2214, "Valki, God of Lies": 2230, "Vanishing Verse": 2238, "Deadly Cover-Up_SB": 466, "Deafening Clarion_SB": 470, "Kambal, Consul of Allocation_SB": 1058, "Notion Thief_SB": 1397, "Yorion, Sky Nomad_SB": 2365, "Arclight Phoenix": 87, "Artist's Talent": 89, "Consider": 396, "Fiery Impulse": 723, "Into the Flood Maw": 999, "Ledger Shredder": 1152, "Lightning Axe": 1181, "Opt": 1437, "Picklock Prankster": 1503, "Proft's Eidetic Memory": 1531, "Riverglide Pathway": 1657, "Sleight of Hand": 1853, "Spirebluff Canal": 1910, "Stormcarved Coast": 1939, "Treasure Cruise": 2147, "Abrade_SB": 5, "Aether Gust_SB": 23, "Annul_SB": 64, "Brazen Borrower_SB": 233, "Brotherhood's End_SB": 245, "Crackling Drake_SB": 416, "Negate_SB": 1366, "Third Path Iconoclast_SB": 2083, "Sire of Insanity_SB": 1831, "Reflector Mage": 1607, "Floriferous Vinewall": 746, "Keen-Eyed Curator_SB": 1079, "Kroxa, Titan of Death's Hunger_SB": 1130, "Caustic Bronco": 301, "Darkbore Pathway": 455, "Deathrite Shaman": 476, "Cut Down_SB": 447, "Sheoldred's Edict_SB": 1794, "Acererak the Archlich": 11, "Botanical Sanctum": 223, "Gwenna, Eyes of Gaea": 877, "Honest Rutstein": 942, "Kinnan, Bonder Prodigy": 1091, "Plaza of Heroes": 1511, "Relic of Legends": 1617, "Rona, Herald of Invasion": 1672, "Tranquil Frillback": 2139, "Assassin's Trophy_SB": 101, "Elder Gargaroth_SB": 600, "Tranquil Frillback_SB": 2140, "Jegantha, the Wellspring_SB": 1036, "Abhorrent Oculus": 2, "Aether Channeler": 21, "Cruel Somnophage": 426, "Eldritch Evolution": 603, "Glasspool Mimic": 822, "Hauntwoods Shrieker": 894, "Kiora, the Rising Tide": 1094, "Satyr Wayfinder": 1708, "Urborg Lhurgoyf": 2217, "Yavimaya Coast": 2361, "Aether Channeler_SB": 22, "Deep-Cavern Bat_SB": 486, "Fear of Impostors_SB": 702, "Garruk's Harbinger_SB": 786, "Polukranos Reborn_SB": 1514, "Prismari Command_SB": 1529, "Anoint with Affliction": 65, "Unholy Annex && Ritual Chamber_SB": 2198, "Castle Vantress": 294, "Censor": 320, "Change the Equation": 339, "Irrigated Farmland": 1015, "Jwari Disruption": 1045, "Temporary Lockdown": 2028, "Brimaz, King of Oreskos_SB": 240, "Dream Trawler_SB": 569, "Knockout Blow_SB": 1111, "Cling to Dust": 366, "Extinction Event": 669, "Mirrex": 1297, "Molten Collapse": 1310, "Rakdos Joins Up": 1562, "Transmogrify": 2141, "Legion Extruder": 1156, "Bitter Triumph_SB": 174, "Blot Out_SB": 204, "Ancient Cornucopia": 52, "Elenda, Saint of Dusk": 605, "Hostage Taker": 951, "Casualties of War_SB": 295, "Yasharn, Implacable Earth_SB": 2359, "Kroxa, Titan of Death's Hunger": 1129, "Soulstone Sanctuary": 1894, "Enigmatic Incarnation": 637, "Kutzil's Flanker": 1136, "Linvala, the Preserver": 1197, "Nowhere to Run": 1399, "Overlord of the Boilerbilges": 1458, "Overlord of the Floodpits": 1459, "Overlord of the Hauntwoods": 1460, "Overlord of the Mistmoors": 1461, "Zagoth Triome": 2371, "Zur, Eternal Schemer": 2382, "Archon of Emeria_SB": 86, "Ruric Thar, the Unbowed_SB": 1691, "Flicker of Fate": 741, "Pick Your Poison_SB": 1502, "Bishop of Wings": 169, "Emeria's Call": 623, "Giada, Font of Hope": 805, "Inspiring Overseer": 992, "Kayla's Reconstruction": 1074, "Resplendent Angel": 1630, "Righteous Valkyrie": 1646, "Aven Interrupter_SB": 115, "Urabrask's Forge_SB": 2216, "Blossoming Defense": 202, "Gruul Charm": 869, "Twisted Fealty_SB": 2169, "Anointed Peacekeeper_SB": 68, "Enduring Innocence_SB": 634, "Shivan Reef": 1802, "Expedition Map": 660, "Cryptic Coat": 434, "Darksteel Citadel": 457, "Ensoul Artifact": 638, "Inti, Seneschal of the Sun": 996, "Shadowspear": 1774, "Shrapnel Blast": 1810, "Smuggler's Copter": 1860, "Shadowspear_SB": 1775, "Voltage Surge_SB": 2281, "Kambal, Consul of Allocation": 1057, "Bitter Triumph": 173, "Concealed Courtyard": 391, "Elegant Parlor": 604, "Greasefang, Okiba Boss": 860, "Overlord of the Balemurk": 1456, "Parhelion II": 1474, "Skysovereign, Consul Flagship": 1847, "Vanishing Verse_SB": 2239, "Dawnbringer Cleric_SB": 460, "Zephyr Sentinel_SB": 2375, "Krenko's Buzzcrusher": 1125, "Tolsimir, Friend to Wolves": 2121, "Wandering Mind": 2291, "Unmoored Ego_SB": 2209, "Annul": 63, "Fiery Impulse_SB": 724, "Proft's Eidetic Memory_SB": 1532, "Angel of Serenity": 54, "Beza, the Bounding Spring": 162, "High Noon": 931, "Moon-Blessed Cleric": 1322, "Sunpetal Grove": 1971, "High Noon_SB": 932, "Tectonic Hazard_SB": 2018, "Overgrown Farmland": 1454, "Heliod's Intervention_SB": 911, "Dig Through Time": 523, "Negate": 1365, "Change the Equation_SB": 340, "Anointed Peacekeeper": 67, "Cathar Commando_SB": 297, "Elite Spellbinder_SB": 610, "Knight of Autumn_SB": 1103, "Werefox Bodyguard_SB": 2315, "Elspeth's Smite_SB": 613, "Rockface Village": 1668, "Royal Treatment": 1680, "Royal Treatment_SB": 1681, "Curious Obsession": 443, "Geistlight Snare": 793, "Invasion of Gobakhan": 1005, "Spectral Sailor": 1898, "Destroy Evil_SB": 513, "Settle the Wreckage_SB": 1768, "Skyclave Apparition_SB": 1842, "Ingenious Prodigy": 982, "Archfiend of the Dross_SB": 82, "Pithing Needle_SB": 1505, "Slaughter Games": 1850, "Yasharn, Implacable Earth": 2358, "Nahiri, the Harbinger_SB": 1352, "Go for the Throat_SB": 840, "Decimator of the Provinces": 480, "Fierce Empath": 721, "Gala Greeters": 782, "Harmonious Archon": 890, "Prosperous Innkeeper": 1535, "Restless Prairie": 1635, "Sandstorm Salvager": 1703, "Sanguine Evangelist": 1704, "Skyknight Squire": 1845, "Toby, Beastie Befriender": 2119, "Voice of Resurgence": 2268, "Kayla's Reconstruction_SB": 1075, "Snow-Covered Island": 1868, "Elesh Norn, Mother of Machines": 607, "Bond of Insight": 210, "Lightning Strike": 1185, "Silundi Vision": 1819, "Valakut Awakening": 2225, "Wish": 2327, "Lier, Disciple of the Drowned_SB": 1174, "Narset's Reversal_SB": 1355, "Niv-Mizzet, Parun_SB": 1389, "Thassa's Oracle_SB": 2044, "Cache Grab": 258, "Gilded Goose": 813, "Llanowar Wastes": 1206, "Traverse the Ulvenwald": 2144, "Vinereap Mentor": 2253, "Vraska, Golgari Queen": 2288, "Abrupt Decay_SB": 7, "Faerie Mastermind": 686, "Make Disappear": 1245, "Cut Down": 446, "Day's Undoing": 463, "Deadly Cover-Up": 465, "Demolition Field": 494, "Long Goodbye": 1209, "Path of Peril": 1478, "Ritual of Soot": 1655, "Shipwreck Marsh": 1801, "Three Steps Ahead": 2097, "Tishana's Tidebinder_SB": 2113, "Inscription of Ruin": 989, "Jace Reawakened": 1024, "Tinybones, the Pickpocket": 2110, "Callous Sell-Sword_SB": 266, "Anger of the Gods": 55, "Into the Flood Maw_SB": 1000, "Aetherflux Reservoir_SB": 25, "Filter Out_SB": 728, "Unholy Annex // Ritual Chamber": 2199, "Dragonskull Summit": 555, "Lithomantic Barrage_SB": 1201, "Impulse": 974, "Cathartic Pyre": 298, "Galvanic Iteration_SB": 785, "Shineshadow Snarl": 1800, "Undercity Sewers": 2190, "Meticulous Archive": 1291, "Shadowy Backstreet": 1776, "Shattered Sanctum": 1786, "Test of Talents_SB": 2036, "The Cruelty of Gix": 2051, "Leyline of Resonance": 1167, "Cacophony Scamp": 259, "Might of the Meek": 1292, "Felonious Rage": 715, "Frantic Scapegoat": 770, "Dreadmaw's Ire": 566, "Plains_SB": 1507, "Island_SB": 1019, "Forest_SB": 757, "Restless Spire": 1637, "Emry, Lurker of the Loch": 627, "Thundertrap Trainer": 2106, "Valley Floodcaller": 2231, "Jeskai Ascendancy": 1037, "Lavaspur Boots": 1146, "Mishra's Research Desk": 1301, "Mox Amber": 1332, "Tormod's Crypt": 2129, "Retraction Helix": 1639, "Surge of Salvation_SB": 1982, "Radiant Flames_SB": 1557, "Valorous Stance_SB": 2234, "Chrome Host Seedshark_SB": 348, "Glistening Deluge_SB": 830, "Kalitas, Traitor of Ghet_SB": 1056, "Three Steps Ahead_SB": 2098, "Zombify": 2380, "Slaughter Games_SB": 1851, "Atraxa, Grand Unifier_SB": 106, "Deflecting Palm_SB": 491, "Gods Willing_SB": 846, "Searing Blood_SB": 1741, "Lightning Helix_SB": 1184, "Skullcrack_SB": 1840, "Stubborn Denial": 1953, "Krenko's Buzzcrusher_SB": 1126, "Stubborn Denial_SB": 1954, "Surrak Dragonclaw": 1983, "Xander's Lounge": 2353, "Beacon Bolt_SB": 151, "Soaring Thought-Thief": 1872, "Thieves' Guild Enforcer": 2081, "Drown in the Loch": 578, "Ritual of Soot_SB": 1656, "Worldspine Wurm": 2348, "Xenagos, God of Revels": 2354, "Shark Typhoon": 1783, "Phantom Interference": 1492, "Big Score": 164, "Secrets of the Key": 1746, "Chandra, Awakened Inferno_SB": 332, "Hullbreaker Horror_SB": 957, "Lukka, Coppercoat Outcast": 1224, "Oath of Nissa": 1409, "Seed of Hope": 1749, "Tyvar, Jubilant Brawler": 2174, "Lukka, Coppercoat Outcast_SB": 1225, "Mox Amber_SB": 1333, "Retraction Helix_SB": 1640, "Tormod's Crypt_SB": 2130, "Boseiju, Who Endures_SB": 222, "March of Swirling Mist_SB": 1257, "Fog_SB": 751, "Tamiyo's Safekeeping_SB": 2009, "Assimilation Aegis": 102, "Brass Knuckles": 228, "Fabrication Foundry": 678, "Ingenious Smith": 983, "Inventors' Fair": 1009, "Leyline Axe": 1161, "Metalwork Colossus": 1289, "Moonsnare Prototype": 1325, "Sanctum of Ugin": 1702, "Simulacrum Synthesizer": 1828, "The Irencrag": 2058, "Metallic Rebuke_SB": 1288, "Mystic Forge_SB": 1345, "Scattered Groves": 1712, "Lion Sash": 1199, "Destroy Evil": 512, "Baneslayer Angel_SB": 136, "Serra Paragon_SB": 1763, "Filter Out": 727, "Detention Sphere": 516, "Supreme Verdict_SB": 1978, "Castle Ardenvale": 290, "Discontinuity": 528, "Horned Loch-Whale": 947, "Settle the Wreckage": 1767, "Sphinx's Revelation": 1905, "Tale's End": 2006, "Urza's Sylex_SB": 2223, "Brave the Elements": 230, "Brutal Cathar": 247, "Containment Priest": 402, "Kytheon, Hero of Akros": 1138, "Burst Lightning": 254, "Authority of the Consuls_SB": 113, "Calix, Guided by Fate": 261, "Jukai Naturalist": 1044, "Seal from Existence": 1737, "Virtue of Loyalty": 2256, "Ghostly Dancers_SB": 804, "Seal from Existence_SB": 1738, "Woodland Bellower": 2344, "Scavenging Ooze_SB": 1719, "Loran of the Third Path_SB": 1214, "Nissa, Vastwood Seer": 1385, "Knight of the Ebon Legion": 1108, "Worthy Knight": 2350, "Caves of Koilos": 312, "Secluded Courtyard": 1745, "Unclaimed Territory": 2188, "Embercleave": 618, "Fervent Champion": 716, "Sundown Pass": 1964, "Venerable Knight": 2243, "Inspiring Veteran": 994, "Tournament Grounds": 2135, "Smitten Swordmaster": 1858, "Heartflame Duelist": 905, "Knight of Dusk's Shadow": 1104, "Snow-Covered Swamp": 1871, "Knight of Dusk's Shadow_SB": 1105, "Weathered Runestone_SB": 2306, "Dreams of Steel and Oil_SB": 573, "Restless Cottage": 1633, "The Meathook Massacre": 2060, "Trail of Crumbs": 2137, "Dreamroot Cascade": 571, "Pick Your Poison": 1501, "Breeding Pool_SB": 236, "Linvala, the Preserver_SB": 1198, "Lyra Dawnbringer_SB": 1231, "Scavenging Ooze": 1718, "Divine Smite_SB": 538, "Chance for Glory": 328, "Collector's Vault": 378, "Colossal Skyturtle": 380, "Mirrorshell Crab": 1299, "Omen Hawker": 1423, "Teferi, Who Slows the Sunset": 2022, "The Enigma Jewel": 2054, "Bag of Holding_SB": 126, "Zirda, the Dawnwaker_SB": 2378, "Agent of Treachery": 32, "Enduring Vitality": 636, "Entity Tracker": 639, "Nylea's Presence": 1407, "Roaring Furnace && Steaming Sauna": 1662, "Ashen Rider_SB": 92, "Finale of Devastation": 729, "Regal Caracal_SB": 1610, "Fable of the Mirror-Breaker_SB": 676, "Ancestral Anger": 50, "Despise_SB": 509, "Lifebane Zombie_SB": 1175, "Kutzil's Flanker_SB": 1137, "Realm-Cloaked Giant": 1588, "Reidane, God of the Worthy": 1613, "Selfless Spirit": 1756, "Esika's Chariot": 647, "Llanowar Visionary": 1205, "Lovestruck Beast": 1223, "Mosswood Dreadknight": 1328, "Reclamation Sage_SB": 1599, "Confounding Riddle": 395, "Ill-Timed Explosion": 966, "Magma Opus": 1242, "Prismari Command": 1528, "Sublime Epiphany": 1955, "Thundering Falls": 2105, "Torrential Gearhulk": 2132, "Alpine Moon_SB": 43, "Evangel of Synthesis": 655, "Lively Dirge": 1202, "Raffine, Scheming Seer": 1560, "Collective Brutality_SB": 374, "Fragmentize_SB": 769, "Void Rend_SB": 2273, "Dark Betrayal_SB": 449, "Arboreal Grazer": 76, "Hedge Maze": 909, "Languish_SB": 1141, "Liliana of the Veil": 1189, "Ajani, Strength of the Pride": 36, "Leyline of Hope": 1166, "Chandra, Dressed to Kill": 333, "Sunspine Lynx": 1974, "Chandra, Dressed to Kill_SB": 334, "Light Up the Stage_SB": 1178, "Vengeful Possession_SB": 2247, "Come Back Wrong_SB": 384, "The End_SB": 2053, "Elenda, Saint of Dusk_SB": 606, "Burst Lightning_SB": 255, "Scrapshooter": 1728, "Kenrith's Transformation_SB": 1084, "Questing Beast_SB": 1549, "Skysovereign, Consul Flagship_SB": 1848, "Wolfwillow Haven_SB": 2343, "Aclazotz, Deepest Betrayal": 12, "Bandit's Talent": 132, "Foulmire Knight": 763, "Geier Reach Sanitarium": 792, "Go Blank": 836, "Hostile Investigator": 953, "Waste Not": 2296, "Deep-Cavern Bat": 485, "Preacher of the Schism": 1524, "Prosperous Thief": 1537, "Rottenmouth Viper": 1676, "Misery's Shadow_SB": 1300, "Reasonable Doubt_SB": 1589, "Battle Cry Goblin": 147, "Conspicuous Snoop": 399, "Fireblade Charger": 732, "Goblin Instigator": 842, "Raise the Past": 1561, "Rundvelt Hordemaster": 1687, "Searslicer Goblin": 1742, "Skirk Prospector": 1836, "Strict Proctor_SB": 1950, "The Flame of Keld": 2056, "Spirited Companion": 1913, "Weaver of Harmony": 2307, "Isolate_SB": 1020, "Kolaghan's Command_SB": 1116, "Elite Spellbinder": 609, "Veteran Survivor": 2249, "Blood Baron of Vizkopa_SB": 191, "Akroan Crusader": 39, "Illuminator Virtuoso": 969, "Loran's Escape_SB": 1216, "Smash to Smithereens_SB": 1857, "Wear // Tear_SB": 2304, "Fetid Pools": 718, "Silvergill Adept": 1823, "Triton Shorestalker": 2156, "Vodalian Hexcatcher": 2267, "Hallowed Moonlight_SB": 884, "Genesis Wave": 794, "Wakeroot Elemental": 2290, "Sunken Citadel_SB": 1969, "Dreadbore": 562, "Thing in the Ice_SB": 2082, "Agadeem's Awakening": 28, "Ayara, First of Locthwain": 121, "Fiend Artisan": 720, "Gifted Aetherborn": 811, "Gnawing Vermin": 834, "Gray Merchant of Asphodel": 859, "Isareth the Awakener": 1016, "Stitcher's Supplier": 1934, "Agatha's Soul Cauldron": 30, "Barkchannel Pathway": 141, "Cenote Scout": 319, "Deeproot Pilgrimage": 487, "Forensic Researcher": 755, "Kiora's Follower": 1092, "Kumena's Speaker": 1132, "Kumena, Tyrant of Orazca": 1133, "Witness Protection_SB": 2337, "Callous Bloodmage": 263, "Clifftop Retreat": 365, "Fires of Invention": 733, "Glacial Fortress": 817, "Golos, Tireless Pilgrim": 850, "Heliod, the Radiant Dawn": 913, "Hinterland Harbor": 934, "Kenrith, the Returned King": 1085, "Nicol Bolas, the Ravager": 1372, "Oath of Kaya": 1408, "Omen of the Forge": 1426, "Omen of the Sea": 1427, "Path to the World Tree": 1480, "Snow-Covered Forest": 1867, "Snow-Covered Plains": 1870, "Sulfur Falls": 1956, "The Kami War": 2059, "The Scarab God": 2068, "Touch the Spirit Realm": 2134, "Nezahal, Primal Tide_SB": 1369, "Nimble Larcenist_SB": 1376, "Tolsimir, Friend to Wolves_SB": 2122, "Wedding Announcement": 2309, "Declaration in Stone_SB": 483, "Stormchaser's Talent": 1940, "This Town Ain't Big Enough": 2085, "Nowhere to Run_SB": 1400, "Legion Extruder_SB": 1157, "Feed the Swarm": 711, "Mission Briefing": 1302, "Sorin the Mirthless": 1879, "Angrath, the Flame-Chained_SB": 57, "Brave the Elements_SB": 231, "Faerie Mastermind_SB": 687, "Maelstrom Pulse_SB": 1235, "Shoot the Sheriff": 1804, "Lost Legacy_SB": 1220, "Syr Ginger, the Meal Ender": 2000, "Unable to Scream_SB": 2185, "Scavenger Grounds": 1714, "Glissa Sunslayer": 828, "Raffine's Informant": 1558, "Witherbloom Command": 2332, "Arid Archway": 88, "Castle Garenbrig": 292, "Crumbling Vestige": 429, "Dreamdew Entrancer": 570, "Fecund Greenshell": 708, "Insidious Fungus": 990, "Sire of Seven Deaths": 1832, "Spelunking": 1903, "Spinewoods Armadillo": 1907, "Tyrranax Rex_SB": 2171, "Commercial District": 386, "Rockfall Vale": 1669, "Smuggler's Surprise": 1862, "Trumpeting Carnosaur": 2159, "Vaultborn Tyrant": 2240, "Cindervines_SB": 349, "Kogla and Yidaro_SB": 1113, "Portal to Phyrexia_SB": 1522, "Vampires' Vengeance_SB": 2236, "Wolfwillow Haven": 2342, "The Mightstone and Weakstone_SB": 2063, "Ray of Enfeeblement_SB": 1582, "Paradise Druid": 1471, "Sylvan Awakening": 1996, "Saheeli, Sublime Artificer_SB": 1697, "Castle Embereth": 291, "Nahiri's Warcrafting_SB": 1349, "Obosh, the Preypiercer_SB": 1414, "Nissa, Who Shakes the World": 1386, "Nylea's Intervention_SB": 1406, "Obstinate Baloth_SB": 1416, "Day's Undoing_SB": 464, "Akal Pakal, First Among Equals": 38, "Courser of Kruphix": 413, "Fauna Shaman": 699, "Kitesail Larcenist": 1098, "Sentinel of the Nameless City": 1758, "Timestream Navigator": 2108, "Simic Manipulator": 1826, "Trygon Predator_SB": 2161, "Sporeweb Weaver_SB": 1917, "Azure Beastbinder_SB": 124, "Vivien, Champion of the Wilds_SB": 2265, "Mockingbird_SB": 1308, "Simic Manipulator_SB": 1827, "Legion's Landing": 1160, "Carrot Cake": 277, "Nine Lives": 1377, "Caretaker's Talent": 273, "Coveted Falcon": 414, "Beseech the Mirror": 160, "Kaya's Wrath": 1070, "Caretaker's Talent_SB": 274, "Kaya, Orzhov Usurper_SB": 1073, "Rite of Oblivion_SB": 1654, "Fountainport_SB": 767, "Necromentia_SB": 1361, "Depala, Pilot Exemplar": 501, "Magda, Brazen Outlaw": 1238, "Magda, the Hoardmaster": 1239, "Portal to Phyrexia": 1521, "Roaming Throne": 1661, "Toolcraft Exemplar": 2125, "Unlicensed Hearse": 2205, "Veteran Motorist": 2248, "Doorkeeper Thrull_SB": 545, "Bilious Skulldweller": 165, "Call of the Death-Dweller": 262, "Chevill, Bane of Monsters": 345, "Fynn, the Fangbearer": 780, "Ghost Vacuum": 801, "Heroic Intervention": 924, "Hooded Blightfang": 943, "Malakir Rebirth": 1247, "Nighthawk Scavenger": 1374, "Wasteland Viper": 2299, "Glissa Sunslayer_SB": 829, "Infectious Bite_SB": 979, "Can't Stay Away": 268, "Grisly Salvage": 867, "Witherbloom Command_SB": 2333, "Youthful Valkyrie": 2367, "Remorseful Cleric": 1619, "Ajani, Sleeper Agent_SB": 35, "Lion Sash_SB": 1200, "Brightclimb Pathway": 237, "Turntimber Symbiosis": 2164, "Vivien, Arkbow Ranger": 2264, "Kogla, the Titan Ape": 1114, "Tyvar, the Pummeler": 2175, "Cavalier of Thorns_SB": 308, "Ulamog, the Ceaseless Hunger_SB": 2179, "Ulvenwald Oddity_SB": 2182, "Solemnity_SB": 1876, "Temple of Mystery": 2026, "Unauthorized Exit_SB": 2186, "Fading Hope_SB": 682, "Split Up": 1914, "Demilich": 492, "Tear Asunder_SB": 2016, "Sweltering Suns_SB": 1990, "Young Pyromancer_SB": 2366, "Cave of the Frost Dragon": 309, "Guardian of Faith_SB": 873, "Case of the Filched Falcon": 284, "The Royal Scions": 2067, "Cryptic Coat_SB": 435, "Kogla and Yidaro": 1112, "Vampires' Vengeance": 2235, "Trumpeting Carnosaur_SB": 2160, "Colossus Hammer": 382, "Kellan, the Fae-Blooded": 1082, "Kemba, Kha Enduring": 1083, "Sigarda's Aid": 1813, "Surge of Salvation": 1981, "Day of Judgment_SB": 462, "Last Breath_SB": 1144, "Dusk // Dawn_SB": 586, "Forsaken Miner": 759, "Insidious Roots": 991, "Priest of Forgotten Gods": 1527, "Rubblebelt Maverick": 1683, "Scrapheap Scrounger": 1727, "Cleansing Nova_SB": 358, "Unlucky Witness": 2207, "Abyssal Harvester": 10, "Thalia, Guardian of Thraben_SB": 2041, "Golgari Charm_SB": 849, "Galvanic Iteration": 784, "Temporal Trespass": 2027, "Jace, Wielder of Mysteries_SB": 1029, "Shock": 1803, "Palani's Hatcher": 1470, "Thunderherd Migration": 2103, "Triumphant Chomp": 2157, "Cease // Desist_SB": 314, "Selfless Spirit_SB": 1757, "Beanstalk Giant": 152, "Greater Tanuki": 862, "Herd Migration": 922, "Quintorius Kand": 1554, "Release to the Wind": 1615, "Spark Double": 1896, "Bedeck // Bedazzle_SB": 154, "Consign // Oblivion_SB": 398, "Gyruda, Doom of Depths_SB": 879, "Keruga, the Macrosage_SB": 1087, "Swamp_SB": 1987, "Virtue of Persistence_SB": 2258, "Boros Elite": 218, "Guardian of New Benalia": 874, "Intrepid Adversary": 1002, "Luminarch Aspirant": 1226, "Mardu Woe-Reaper": 1260, "Mobilized District": 1306, "Ossification": 1444, "Precinct Captain": 1526, "Soldier of the Pantheon": 1875, "Spellbook Vendor": 1902, "Sungold Sentinel": 1967, "Banisher Priest_SB": 137, "Bounty Agent_SB": 226, "Fateful Absence_SB": 698, "Rally the Ranks_SB": 1569, "Soul-Guide Lantern_SB": 1887, "Elspeth's Smite": 612, "Wicked Wolf_SB": 2319, "Absorb": 8, "Audacity": 107, "Overlord of the Mistmoors_SB": 1462, "Dream Trawler": 568, "Surge of Righteousness_SB": 1980, "Protect the Negotiators_SB": 1539, "Loran of the Third Path": 1213, "Consign // Oblivion": 397, "Fear of Isolation": 703, "Hopeless Nightmare": 946, "Tinybones Joins Up": 2109, "Built to Smash": 250, "Thud": 2102, "Wayward Guide-Beast": 2302, "Dreadmaw's Ire_SB": 567, "Voldaren Thrillseeker_SB": 2278, "Wild Slash": 2321, "Unchained Berserker_SB": 2187, "Defiant Strike": 490, "Dreadhorde Arcanist": 564, "Gods Willing": 845, "Renegade Tactics": 1622, "Knight of Grace_SB": 1107, "The Book of Exalted Deeds": 2049, "Vivien Reid_SB": 2263, "Chained to the Rocks": 322, "Escape to the Wilds": 645, "Selfless Glyphweaver": 1753, "Lavinia, Azorius Renegade_SB": 1148, "Bushwhack": 256, "Innkeeper's Talent": 984, "Snakeskin Veil": 1864, "Syr Ginger, the Meal Ender_SB": 2001, "Case of the Uneaten Feast": 288, "Lunarch Veteran": 1228, "Trelasarra, Moon Dancer": 2152, "Voice of the Blessed": 2272, "Summary Dismissal_SB": 1958, "Quicken": 1553, "Cry of the Carnarium_SB": 431, "Long Goodbye_SB": 1210, "Overlord of the Balemurk_SB": 1457, "Demonic Counsel": 497, "Stern Lesson": 1932, "Cityscape Leveler": 351, "Outland Liberator_SB": 1452, "Commit // Memory": 387, "Flip the Switch": 742, "Valgavoth, Terror Eater_SB": 2229, "Glorious Protector_SB": 832, "Siphon Insight_SB": 1830, "Blood Baron of Vizkopa": 190, "Culling Ritual_SB": 439, "Ral, Crackling Wit_SB": 1566, "Westvale Abbey": 2317, "Imodane's Recruiter_SB": 973, "Thought-Knot Seer_SB": 2090, "Voice of Resurgence_SB": 2269, "The Wandering Rescuer_SB": 2078, "Niambi, Esteemed Speaker_SB": 1370, "Ornithopter": 1442, "Satoru, the Infiltrator": 1707, "Kaito, Cunning Infiltrator": 1053, "Kaito Shizuki": 1049, "Dokuchi Silencer_SB": 541, "Warping Wail_SB": 2295, "Elspeth, Sun's Champion_SB": 616, "Into the Story": 1001, "Restless Reef": 1636, "Ascendant Spirit": 90, "Plumecreed Escort": 1512, "Faceless Haven": 679, "Lofty Denial_SB": 1208, "Icon of Ancestry_SB": 964, "Exquisite Firecraft_SB": 668, "Kaervek, the Punisher": 1046, "Zoraline, Cosmos Caller": 2381, "Fracture_SB": 768, "Augur of Bolas": 111, "Essence Flux": 651, "Fading Hope": 681, "Fallaji Archaeologist": 690, "Neoform": 1367, "Tyvar's Stand": 2172, "Mazemind Tome_SB": 1276, "Natural State_SB": 1359, "Questing Druid_SB": 1551, "Adanto Vanguard": 14, "Apostle of Purifying Light": 70, "Glass Casket": 820, "Swiftfoot Boots": 1991, "Thran Power Suit": 2095, "Graveyard Trespasser_SB": 858, "Virtue of Persistence": 2257, "Roaring Furnace && Steaming Sauna_SB": 1663, "Aftermath Analyst": 27, "Annie Joins Up": 62, "Brokers Hideout": 243, "Cabaretti Courtyard": 257, "Emrakul, the Promised End": 625, "Lotus Cobra": 1221, "Lumra, Bellow of the Woods": 1227, "Nissa, Resurgent Animist": 1383, "Port of Karfell": 1517, "Riveteers Overlook": 1659, "The World Tree": 2079, "Zacama, Primal Calamity": 2369, "Doppelgang_SB": 547, "Titania, Voice of Gaea_SB": 2116, "Grand Abolisher_SB": 855, "Treacherous Blessing_SB": 2146, "Foundry Street Denizen": 764, "Legion Loyalist": 1158, "Spinner of Souls": 1908, "Klothys, God of Destiny_SB": 1101, "Masked Vandal_SB": 1268, "Umori, the Collector_SB": 2183, "Blast Zone": 181, "Glass Casket_SB": 821, "Ojer Axonil, Deepest Might": 1420, "Leyline of Combustion_SB": 1165, "Scorching Shot_SB": 1722, "Tithing Blade": 2117, "Grasp of Darkness_SB": 856, "Necrotic Wound": 1362, "Souls of the Lost": 1892, "Necrotic Wound_SB": 1363, "Ruric Thar, the Unbowed": 1690, "Horned Loch-Whale_SB": 948, "Squirming Emergence": 1920, "Souls of the Lost_SB": 1893, "Sunfall_SB": 1966, "Drowned Catacomb": 579, "Woodland Cemetery": 2345, "Barrier Breach_SB": 143, "Hallowed Moonlight": 883, "Voyaging Satyr_SB": 2285, "Experimental Augury": 663, "Fleeting Spirit": 740, "Get Out": 797, "Lore Drakkis": 1218, "Open the Omenpaths": 1435, "Saiba Cryptomancer": 1698, "Sea-Dasher Octopus": 1735, "Vadrok, Apex of Thunder": 2224, "Dromoka's Command": 576, "Kappa Tech-Wrecker": 1059, "Eldrazi Displacer_SB": 602, "Otherworldly Gaze": 1448, "Scorching Shot": 1721, "Welcoming Vampire": 2312, "Candy Trail": 270, "Crucible of Worlds": 425, "March of Wretched Sorrow": 1258, "Mazemind Tome": 1275, "Destiny Spinner": 510, "Izoni, Center of the Web": 1022, "Noxious Gearhulk": 1401, "Yorion, Sky Nomad": 2364, "Cavern of Souls_SB": 311, "Destiny Spinner_SB": 511, "Glarb, Calamity's Augur_SB": 819, "Sin Collector_SB": 1829, "Cult Conscript": 440, "Haywire Mite": 895, "Slickshot Show-Off_SB": 1855, "Mutavault_SB": 1344, "Culling Ritual": 438, "Mukotai Ambusher_SB": 1337, "Oracle of Tragedy": 1440, "Samut, Voice of Dissent": 1701, "Soulflayer": 1890, "Striped Riverwinder": 1951, "Urborg Scavengers": 2218, "Zetalpa, Primal Dawn": 2376, "Clever Impersonator": 362, "Gyruda, Doom of Depths": 878, "Cast Out": 289, "Day of Judgment": 461, "Lay Down Arms": 1149, "Blast Zone_SB": 182, "Cleansing Wildfire_SB": 360, "Vanish into Eternity_SB": 2237, "Tribute to Horobi": 2154, "Void Winnower_SB": 2274, "Hunter's Talent_SB": 959, "Eidolon of Rhetoric_SB": 594, "Remorseful Cleric_SB": 1620, "Hunter's Talent": 958, "Rhonas the Indomitable": 1643, "Vengeful Possession": 2246, "Hidetsugu's Second Rite_SB": 930, "Nurturing Pixie": 1404, "Optimistic Scavenger": 1438, "Collective Brutality": 373, "Trial of Ambition": 2153, "Kaito, Bane of Nightmares_SB": 1052, "Pawpatch Recruit": 1483, "Extract the Truth_SB": 671, "Malcolm, Alluring Scoundrel": 1248, "Ertai Resurrected": 643, "Get Out_SB": 798, "Jace, Vryn's Prodigy_SB": 1028, "Pia Nalaar, Consul of Revival": 1500, "Reckless Impulse": 1593, "Showdown of the Skalds": 1808, "Wrenn's Resolve": 2352, "Preacher of the Schism_SB": 1525, "Thirst for Meaning": 2084, "Entity Tracker_SB": 640, "Sunset Revelry_SB": 1973, "Bassara Tower Archer": 146, "Cloudsteel Kirin": 369, "Gladecover Scout": 818, "Lizard Blades": 1203, "Chained to the Rocks_SB": 323, "Trostani, Three Whispers": 2158, "Crystal Barricade_SB": 437, "Bloodsoaked Champion": 198, "Osteomancer Adept": 1446, "Snarling Gorehound": 1866, "Underground Mortuary": 2191, "Voldaren Thrillseeker": 2277, "Tree of Perdition": 2151, "Viashino Pyromancer": 2250, "Searing Blood": 1740, "Chandra, Torch of Defiance_SB": 338, "Bomat Courier_SB": 209, "Bonecrusher Giant_SB": 212, "Magma Spray_SB": 1243, "Lightning Strike_SB": 1186, "Aven Mindcensor_SB": 116, "Camellia, the Seedmiser": 267, "Deathcap Glade": 473, "Fugitive Codebreaker_SB": 778, "Hollow One": 939, "Restless Vents": 1638, "Fiery Temper": 725, "Stalactite Stalker": 1922, "Harvester of Misery_SB": 892, "Hostile Investigator_SB": 954, "Lamplight Phoenix_SB": 1140, "Treacherous Blessing": 2145, "Biting-Palm Ninja": 170, "Dokuchi Silencer": 540, "Silver-Fur Master": 1820, "Thousand-Faced Shadow": 2093, "Kaito Shizuki_SB": 1050, "Massacre Wurm_SB": 1270, "Helping Hand": 916, "Pawpatch Recruit_SB": 1484, "Colossal Skyturtle_SB": 381, "Takenuma, Abandoned Mire_SB": 2005, "Stern Dismissal": 1930, "Holy Cow": 940, "Soul Transfer": 1884, "Omen of the Dead": 1424, "Sentinel of the Nameless City_SB": 1759, "Welcoming Vampire_SB": 2313, "Rottenmouth Viper_SB": 1677, "Roaring Furnace // Steaming Sauna_SB": 1664, "Werewolf Pack Leader": 2316, "Prowling Serpopard_SB": 1540, "Kazandu Mammoth": 1076, "Sharp-Eyed Rookie": 1785, "Ral, Izzet Viceroy_SB": 1567, "Ayara's Oathsworn": 120, "Jace, Vryn's Prodigy": 1027, "Vein Ripper": 2242, "Ledger Shredder_SB": 1153, "Council of the Absolute_SB": 411, "Spirit of the Labyrinth_SB": 1911, "Suncleanser_SB": 1961, "Adventurous Impulse": 19, "Monastery Mentor_SB": 1316, "Snakeskin Veil_SB": 1865, "Arcane Proxy": 78, "Chrome Host Seedshark": 347, "See the Truth": 1748, "Nashi, Searcher in the Dark": 1358, "Wilt-Leaf Liege_SB": 2323, "Shambling Vent": 1778, "Ambitious Farmhand": 46, "Cascading Cataracts": 281, "Charming Prince": 343, "Helpful Hunter": 915, "Serra Paragon": 1762, "Thalia's Lancers": 2038, "Brass's Tunnel-Grinder": 229, "Behold the Beyond": 156, "Prosperous Thief_SB": 1538, "Gleaming Geardrake": 824, "Shatterskull Smashing_SB": 1788, "Augur of Autumn_SB": 110, "Lavabrink Venturer_SB": 1145, "Soulless Jailer_SB": 1891, "Faithful Mending": 689, "Recommission": 1600, "Tainted Indulgence": 2003, "Tome Scour": 2123, "Deathmist Raptor": 475, "Oblivious Bookworm": 1413, "Cerulean Drake_SB": 321, "Kraul Harpooner_SB": 1123, "Prosperous Innkeeper_SB": 1536, "Cavalier of Dawn": 305, "Kotose, the Silent Spider": 1121, "Marina Vendrell": 1261, "Archon of Absolution_SB": 84, "Chandra, Torch of Defiance": 337, "Fanatic of Mogis": 691, "Shatterskull Smashing": 1787, "Solphim, Mayhem Dominus": 1877, "Altanak, the Thrice-Called": 45, "Say Its Name": 1710, "Thalia and The Gitrog Monster": 2037, "Cosmic Rebirth_SB": 410, "Dreadbore_SB": 563, "Barkhide Troll": 142, "Gather Courage": 789, "Keen-Eyed Curator": 1078, "Tribute to the World Tree": 2155, "Inscription of Abundance_SB": 988, "Setessan Tactics_SB": 1766, "Unable to Scream": 2184, "Blacksmith's Talent": 176, "Bladehold War-Whip": 179, "Chainsaw": 324, "Nahiri, Forged in Fury": 1350, "Sword of Forge and Frontier": 1993, "Rebel Salvo_SB": 1590, "Bloodthirsty Conqueror": 199, "Dina, Soul Steeper": 525, "Dryad of the Ilysian Grove": 581, "Iridescent Vinelasher": 1014, "Jaddi Offshoot": 1032, "Mirrorpool": 1298, "Retreat to Hagra": 1641, "Scapeshift": 1711, "Bristly Bill, Spine Sower_SB": 242, "Deathrite Shaman_SB": 477, "Undergrowth Champion_SB": 2193, "Deputy of Detention": 503, "Tyvar, the Pummeler_SB": 2176, "Deputy of Detention_SB": 504, "Experimental Frenzy_SB": 665, "Massacre Wurm": 1269, "March of Swirling Mist": 1256, "Floodpits Drowner_SB": 745, "Brotherhood's End": 244, "Etali, Primal Conqueror": 652, "Seize the Spoils": 1751, "Worldspine Wurm_SB": 2349, "Xenagos, God of Revels_SB": 2355, "Light of Hope_SB": 1179, "Zoetic Glyph": 2379, "The Akroan War_SB": 2046, "Kellan, Planar Trailblazer": 1081, "Zurgo Bellstriker": 2383, "Valgavoth's Faithful": 2226, "Elder Gargaroth": 599, "Silverback Elder": 1821, "Silverback Elder_SB": 1822, "No More Lies_SB": 1393, "Celestial Armor": 316, "Citizen's Crowbar_SB": 350, "Gifted Aetherborn_SB": 812, "March of Wretched Sorrow_SB": 1259, "Dissection Tools": 534, "Perilous Snare": 1487, "Wedding Invitation": 2311, "Repurposing Bay_SB": 1627, "All That Glitters": 40, "Alpha Authority": 42, "Chaplain of Alms": 342, "Ethereal Armor": 654, "Gryff's Boon": 871, "Light-Paws, Emperor's Voice": 1180, "Rune of Might": 1688, "Sentinel's Eyes": 1760, "Toadstool Admirer": 2118, "Adanto Vanguard_SB": 15, "Bolas's Citadel": 206, "Catacomb Sifter": 296, "Woe Strider": 2340, "Liliana, Heretical Healer_SB": 1194, "Status // Statue_SB": 1926, "Sab-Sunen, Luxa Embodied": 1693, "Mendicant Core, Guidelight": 1282, "Metallic Rebuke": 1287, "Voyager Glidecar": 2283, "Patchwork Automaton": 1476, "Dawnbringer Cleric": 459, "Momentum Breaker_SB": 1314, "Bard Class": 140, "Birgi, God of Storytelling": 167, "Crater's Claws": 420, "Domri, Anarch of Bolas": 542, "Gallia of the Endless Dance": 783, "Hajar, Loyal Bodyguard": 880, "Klothys, God of Destiny": 1100, "Migloz, Maze Crusher": 1293, "Samut, Vizier of Naktamun": 1700, "Targ Nar, Demon-Fang Gnoll": 2013, "Xenagos, the Reveler": 2356, "Banefire_SB": 135, "Zurgo Bellstriker_SB": 2384, "Monument to Endurance_SB": 1321, "Hare Apparent": 889, "Greasewrench Goblin": 861, "Moonshaker Cavalry_SB": 1324, "Zareth San, the Trickster": 2373, "Nighthawk Scavenger_SB": 1375, "Shacklegeist_SB": 1771, "Count on Luck_SB": 412, "Valor's Flagship": 2233, "Grim Bauble": 864, "Momentum Breaker": 1313, "Oildeep Gearhulk_SB": 1419, "Archfiend's Vessel": 83, "Merfolk Secretkeeper": 1285, "Brightglass Gearhulk": 238, "Dredger's Insight": 574, "Grim Bauble_SB": 865, "Djeru's Renunciation": 539, "Drannith Healer": 558, "Drannith Stinger": 560, "Flourishing Fox": 747, "Footfall Crater": 753, "Go for Blood": 838, "Marauding Mako": 1253, "Monument to Endurance": 1320, "Sunbillow Verge": 1960, "Zenith Flare": 2374, "Heroic Intervention_SB": 925, "Ketramose, the New Dawn_SB": 1089, "Behold the Multiverse": 157, "Mastermind's Acquisition": 1271, "Behold the Multiverse_SB": 158, "Ossification_SB": 1445, "Tears of Valakut_SB": 2017, "Dreadhorde Arcanist_SB": 565, "Saheeli, Sublime Artificer": 1696, "Devout Decree_SB": 519, "Strangle_SB": 1946, "Valley Floodcaller_SB": 2232, "Memory Guardian": 1281, "Azor, the Lawbringer": 122, "Coalstoke Gearhulk": 370, "Mukotai Ambusher": 1336, "Bloodghast": 196, "Molt Tender": 1309, "Driven // Despair_SB": 575, "Ashiok, Wicked Manipulator_SB": 99, "Anim Pakal, Thousandth Moon": 59, "Basri, Tomorrow's Champion": 145, "Skrelv, Defector Mite": 1838, "Urza's Ruinous Blast_SB": 2222, "The Speed Demon": 2072, "Intimidation Tactics_SB": 998, "Feed the Cycle": 710, "Freestrider Lookout": 771, "Ketramose, the New Dawn": 1088, "Scrabbling Claws": 1725, "Legion's End_SB": 1159, "Mosswood Dreadknight_SB": 1329, "Pest Control_SB": 1490, "Oildeep Gearhulk": 1418, "Innkeeper's Talent_SB": 985, "Optimistic Scavenger_SB": 1439, "Rankle's Prank": 1574, "Doppelgang": 546, "Fires of Victory": 734, "Maestros Theater": 1237, "Shigeki, Jukai Visionary": 1798, "Virtue of Strength": 2259, "Worldsoul's Rage": 2347, "Bonny Pall, Clearcutter_SB": 213, "Roxanne, Starfall Savant_SB": 1679, "Willowrush Verge": 2322, "Commune with Spirits": 390, "Goro-Goro, Disciple of Ryusei": 852, "Itzquinth, Firstborn of Gishath": 1021, "Kari Zev, Skyship Raider": 1061, "Radha, Heart of Keld": 1556, "Redshift, Rocketeer Chief": 1606, "Ruby, Daring Tracker": 1684, "Feed the Clan_SB": 709, "Scorching Dragonfire_SB": 1720, "Bleachbone Verge": 184, "Starnheim Unleashed_SB": 1924, "Detention Chariot": 515, "Tune Up": 2162, "Kaya the Inexorable_SB": 1068, "Thundering Broodwagon": 2104, "Make Disappear_SB": 1246, "Secure the Wastes": 1747, "Bloodchief's Thirst_SB": 195, "Eaten Alive_SB": 589, "Benthic Biomancer": 159, "Mindspring Merfolk": 1296, "Tishana's Tidebinder": 2112, "Tidebinder Mage_SB": 2107, "Jace's Defeat_SB": 1026, "Leyline Binding_SB": 1163, "Sire of Seven Deaths_SB": 1833, "Ugin, the Spirit Dragon_SB": 2178, "Hazoret, Godseeker": 901, "Fearless Swashbuckler": 705, "Gastal Thrillroller": 787, "Dragonlord Dromoka": 552, "Ashiok, Nightmare Weaver": 96, "Memory Deluge_SB": 1280, "Clockwork Percussionist": 368, "Skullcrack": 1839, "Roast_SB": 1665, "Avishkar Raceway": 117, "Fuel the Flames_SB": 776, "Skycrash_SB": 1844, "Murderous Rider": 1341, "Sign in Blood": 1814, "Sea Gate Restoration": 1734, "Dig Through Time_SB": 524, "Collector's Cage": 376, "Dusk Rose Reliquary": 588, "Parting Gust": 1475, "Teething Wurmlet": 2019, "Pest Control": 1489, "Norin, Swift Survivalist": 1394, "Agatha of the Vile Cauldron": 29, "Chandra, Acolyte of Flame_SB": 331, "Untimely Malfunction_SB": 2212, "Empyrean Eagle": 624, "Lofty Denial": 1207, "Dewdrop Cure_SB": 521, "Mindlink Mech_SB": 1295, "Wastewood Verge": 2300, "Drownyard Temple": 580, "Narcomoeba": 1354, "Prized Amalgam": 1530, "Quag Feast": 1547, "Boommobile": 215, "Fomori Vault": 752, "Glint-Nest Crane": 827, "Hedron Archive": 910, "Paradox Engine": 1472, "Portal of Sanctuary": 1520, "Prophetic Prism": 1534, "Repurposing Bay": 1626, "Terrarion": 2033, "The Mightstone and Weakstone": 2062, "Thran Spider": 2096, "Workshop Assistant": 2346, "Lantern of the Lost_SB": 1143, "Liberator, Urza's Battlethopter_SB": 1171, "Noxious Gearhulk_SB": 1402, "Shrapnel Slinger_SB": 1812, "Murderous Cut": 1339, "Anguished Unmaking_SB": 58, "Giant Killer_SB": 808, "Ashiok, Nightmare Muse_SB": 95, "Immersturm Raider": 970, "The Speed Demon_SB": 2073, "Biting-Palm Ninja_SB": 171, "Kazuul's Toll Collector": 1077, "Shardmage's Rescue_SB": 1782, "Expedite": 659, "Waste Not_SB": 2297, "Burnout Bashtronaut": 253, "Draconautics Engineer": 550, "Fanatical Firebrand": 692, "Hobgoblin Bandit Lord": 938, "Howlsquad Heavy": 956, "Krenko, Mob Boss": 1127, "Goblin Ringleader_SB": 843, "Volley Veteran_SB": 2279, "Harrier Strix": 891, "Hypnotic Grifter": 962, "The Reality Chip": 2065, "Training Grounds": 2138, "Witness Protection": 2336, "Basilisk Collar_SB": 144, "Swiftfoot Boots_SB": 1992, "Fry_SB": 774, "Collision // Colossus": 379, "Overprotect_SB": 1464, "Stock Up": 1935, "Riverpyre Verge": 1658, "Strangle": 1945, "Temple of Epiphany": 2025, "Liliana, the Last Hope_SB": 1195, "Concealing Curtains": 392, "Riptide Gearhulk_SB": 1651, "Blade Historian": 177, "Jirina, Dauntless General": 1041, "Pyre of Heroes": 1542, "Jirina, Dauntless General_SB": 1042, "Night Clubber_SB": 1373, "Aegis Turtle_SB": 20, "Up the Beanstalk_SB": 2215, "Cleansing Wildfire": 359, "Crumble to Dust": 428, "Encroaching Wastes": 628, "Gnottvold Slumbermound": 835, "Haphazard Bombardment": 887, "Jaya's Greeting": 1034, "Ravager Wurm": 1581, "Rootbound Crag": 1673, "Rowan, Scholar of Sparks": 1678, "Rubble Reading": 1682, "Sheltered Thicket": 1790, "Structural Distortion": 1952, "Sylvan Primordial": 1998, "Territory Forge": 2034, "Twin Bolt": 2165, "Voyaging Satyr": 2284, "Herbology Instructor_SB": 920, "Nissa's Defeat_SB": 1380, "Peak Eruption_SB": 1485, "Scrabbling Claws_SB": 1726, "Analyze the Pollen": 48, "Ride's End": 1644, "Battle at the Bridge": 148, "Mephitic Draught": 1283, "Spire of Industry": 1909, "Battle at the Bridge_SB": 149, "Assassin's Trophy": 100, "Hazoret the Fervent": 898, "Ashiok, Nightmare Muse": 94, "Murderous Cut_SB": 1340, "Borrowed Hostility": 220, "The Filigree Sylex_SB": 2055, "Barbed Batterfist": 139, "Webstrike Elite": 2308, "Yahenni's Expertise": 2357, "Commit // Memory_SB": 388, "Steel Seraph": 1929, "Demilich_SB": 493, "Banefire": 134, "Koma, Cosmos Serpent_SB": 1117, "Progenitor Mimic": 1533, "Hidetsugu Consumes All": 927, "Champion of the Perished": 327, "Cryptbreaker": 432, "Dark Salvation": 454, "Dread Wanderer": 561, "Relentless Dead": 1616, "Wayward Servant": 2303, "Zahur, Glory's Past": 2372, "Crippling Fear_SB": 424, "Phyrexian Censor": 1495, "Commune with Dinosaurs": 389, "Ghalta, Primal Hunger": 799, "Marauding Raptor": 1254, "Pugnacious Hammerskull": 1541, "Rampaging Raptor": 1572, "Regal Imperiosaur": 1611, "Regisaur Alpha": 1612, "Ripjaw Raptor": 1648, "Experimental Synthesizer": 666, "Violent Urge_SB": 2254, "Fighter Class": 726, "Flowerfoot Swordmaster": 748, "Mabel, Heir to Cragflame": 1232, "Chainsaw_SB": 325, "Nettle Guard_SB": 1368, "Sword of Forge and Frontier_SB": 1994, "Esika's Chariot_SB": 648, "Boon of Boseiju": 216, "Flameblade Adept": 737, "Highway Robbery": 933, "Maximize Velocity": 1273, "Ox of Agonas": 1465, "Birgi, God of Storytelling_SB": 168, "Lightning Axe_SB": 1182, "Expedition Map_SB": 661, "Stock Up_SB": 1936, "Wrenn and Realmbreaker": 2351, "Depopulate_SB": 502, "Unsubstantiate_SB": 2211, "Samut's Sprint": 1699, "Omen of the Dead_SB": 1425, "Lost Jitte": 1219, "Bloodchief's Thirst": 194, "Combat Research": 383, "Lazav, Wearer of Faces": 1150, "Medomai the Ageless": 1277, "Thalia, Heretic Cathar_SB": 2043, "Guardian of Faith": 872, "Fires of Victory_SB": 735, "Riptide Gearhulk": 1650, "Eidolon of the Great Revel_SB": 596, "Quick Study": 1552, "Festering Gulch": 717, "Carnage Tyrant": 275, "Gather Courage_SB": 790, "Nahiri, the Unforgiving_SB": 1353, "Kozilek's Return_SB": 1122, "Feather, the Redeemed": 706, "Feather, the Redeemed_SB": 707, "Bitter Reunion": 172, "Etali, Primal Conqueror_SB": 653, "Restless Fortress": 1634, "Ruin-Lurker Bat": 1685, "Healer's Hawk": 903, "Essence Channeler": 650, "Exemplar of Light": 657, "Linden, the Steadfast Queen": 1196, "Authority of the Consuls": 112, "Scoured Barrens": 1723, "Rogue's Passage": 1670, "Dewdrop Cure": 520, "Afterburner Expert": 26, "Omnivorous Flytrap": 1433, "Agatha's Soul Cauldron_SB": 31, "Katilda, Dawnhart Martyr": 1064, "Teferi, Hero of Dominaria_SB": 2021, "Adorned Pouncer": 18, "Arahbo, the First Fang": 74, "Open the Armory": 1434, "Roadside Reliquary": 1660, "Sacred Cat": 1694, "Ox of Agonas_SB": 1466, "Tamiyo's Safekeeping": 2008, "Tear Asunder": 2015, "Blot Out": 203, "Questing Beast": 1548, "Thrun, Breaker of Silence": 2100, "Nissa, Ascended Animist": 1381, "Tyrranax Rex": 2170, "Nissa, Ascended Animist_SB": 1382, "Shifting Ceratops_SB": 1797, "Hornet Queen_SB": 950, "Anzrag, the Quake-Mole": 69, "Temple of Abandon": 2024, "Twinshot Sniper": 2167, "Keruga, the Macrosage": 1086, "Agent of Treachery_SB": 33, "Twinshot Sniper_SB": 2168, "Cry of the Carnarium": 430, "Kaya, Orzhov Usurper": 1072, "Soul-Guide Lantern": 1886, "The End": 2052, "Calamity's Wake_SB": 260, "Exorcise_SB": 658, "Out of Air_SB": 1449, "Play with Fire_SB": 1510, "Satoru Umezawa": 1706, "Spontaneous Mutation_SB": 1916, "Painter's Studio // Defaced Gallery": 1469, "Chance for Glory_SB": 329, "Magmatic Chasm_SB": 1244, "Requisition Raid_SB": 1628, "Shrapnel Blast_SB": 1811, "Sorin, Vengeful Bloodlord_SB": 1881, "Exquisite Firecraft": 667, "Raucous Carnival": 1578, "Curse of Shaken Faith_SB": 444, "Tireless Tracker_SB": 2111, "Merfolk Mistbinder": 1284, "Merfolk Trickster_SB": 1286, "Smuggler's Copter_SB": 1861, "Debris Beetle": 478, "Mystic Repeal_SB": 1347, "Epic Downfall_SB": 642, "Cavalier of Flame": 306, "Nullhide Ferox_SB": 1403, "Builder's Talent": 249, "Sunder the Gateway": 1962, "Kitsa, Otterball Elite": 1099, "Abhorrent Oculus_SB": 3, "Reckless Stormseeker": 1596, "Rocketeer Boostbuggy": 1667, "The Akroan War": 2045, "Bladestitched Skaab": 180, "Lazotep Reaver": 1151, "Rotten Reunion_SB": 1675, "The Scarab God_SB": 2069, "Loran's Escape": 1215, "Blessed Defiance_SB": 186, "Enduring Tenacity_SB": 635, "Cruelclaw's Heist_SB": 427, "Knight of Grace": 1106, "Swan Song_SB": 1988, "Chandra, Spark Hunter_SB": 336, "Skyclave Cleric": 1843, "Ajani, Strength of the Pride_SB": 37, "Growth Spiral": 868, "Ill-Timed Explosion_SB": 967, "Bomat Courier": 208, "Phoenix Chick": 1493, "Tasigur, the Golden Fang": 2014, "Gideon of the Trials": 809, "Azor, the Lawbringer_SB": 123, "Gix's Command_SB": 815, "Sorin the Mirthless_SB": 1880, "Mortify": 1326, "Doom Foretold": 543, "Nine-Lives Familiar": 1379, "Rite of Oblivion": 1653, "Starfield of Nyx": 1923, "Kaya's Wrath_SB": 1071, "Creeping Chill": 423, "Silversmote Ghoul": 1824, "Fog": 750, "Gaea's Blessing": 781, "Haze of Pollen": 897, "Jace, the Perfected Mind": 1030, "Tamiyo, Collector of Tales": 2010, "Union of the Third Path": 2201, "Winds of Qal Sisma": 2325, "Carnage Tyrant_SB": 276, "Drannith Ruins": 559, "Thought-Knot Seer": 2089, "Wasteland Strangler": 2298, "Phyrexian Fleshgorger": 1498, "Ifnir Deadlands": 965, "Bearer of Silence": 153, "Reality Smasher_SB": 1587, "Fuel the Flames": 775, "Shoot the Sheriff_SB": 1805, "Graf Reaver_SB": 853, "Kraul Whipcracker_SB": 1124, "Dive Down_SB": 537, "Fear of Impostors": 701, "Riptide Chimera": 1649, "Fleecemane Lion": 739, "Witchstalker_SB": 2331, "Osseous Sticktwister": 1443, "Korvold, Fae-Cursed King": 1118, "Korvold, Fae-Cursed King_SB": 1119, "Demonic Bargain": 496, "Regal Bunnicorn": 1609, "Blood Spatter Analysis": 193, "Selfless Glyphweaver_SB": 1754, "Soul-Scar Mage_SB": 1889, "Dive Down": 536, "Jace Reawakened_SB": 1025, "Blessed Defiance": 185, "Homestead Courage": 941, "Alrund's Epiphany": 44, "Loot, the Pathfinder": 1212, "Obliterating Bolt_SB": 1412, "Phyrexian Dragon Engine": 1497, "Seasoned Hallowblade": 1743, "The Mycosynth Gardens": 2064, "Burning Earth_SB": 251, "Fugitive Codebreaker": 777, "Favored Hoplite": 700, "Flowstone Infusion": 749, "Sejiri Shelter": 1752, "Tenth District Legionnaire": 2031, "Invasion of New Phyrexia_SB": 1008, "Clifftop Lookout": 364, "Loot, Exuberant Explorer": 1211, "Risen Reef": 1652, "Tangled Florahedron": 2012, "Healer of the Glade_SB": 902, "Tale's End_SB": 2007, "Wilt_SB": 2324, "Ashiok, Wicked Manipulator": 98, "Dreams of Steel and Oil": 572, "Elspeth Conquers Death_SB": 611, "Gisa, the Hellraiser_SB": 814, "Ride's End_SB": 1645, "Omen of the Sun": 1428, "Omen of the Sun_SB": 1429, "Monastery Mentor": 1315, "Seeker of the Way_SB": 1750, "Redcap Melee": 1603, "Forbidden Friendship": 754, "Case of the Gateway Express_SB": 286, "Collective Effort_SB": 375, "Forge Devil_SB": 758, "Perilous Snare_SB": 1488, "Commence the Endgame_SB": 385, "Experimental Confectioner": 664, "Enduring Courage": 630, "Beseech the Mirror_SB": 161, "Setessan Champion": 1764, "Trapped in the Screen": 2142, "Trapped in the Screen_SB": 2143, "Cryptolith Rite": 436, "The Birth of Meletis": 2048, "Eidolon of Blossoms": 592, "Eidolon of Blossoms_SB": 593, "Bottomless Pool && Locker Room": 224, "Bottomless Pool && Locker Room_SB": 225, "Knockout Blow": 1110, "Hidetsugu's Second Rite": 929, "Incubation Druid": 976, "Interplanar Beacon": 995, "Kaya the Inexorable": 1067, "Mistrise Village": 1303, "Nicol Bolas, Dragon-God": 1371, "Ral Zarek": 1565, "Tamiyo, Field Researcher": 2011, "Vraska, Betrayal's Sting": 2287, "Kunoros, Hound of Athreos_SB": 1134, "Tersa Lightshatter": 2035, "Mox Jasper": 1334, "Mistrise Village_SB": 1304, "Elspeth, Storm Slayer": 614, "United Battlefront": 2202, "Voice of Victory": 2270, "Sunder the Gateway_SB": 1963, "Voice of Victory_SB": 2271, "Descendant of Storms": 505, "Cease // Desist": 313, "Cram Session": 418, "Fell": 714, "Insatiable Avarice": 986, "The Biblioplex": 2047, "Valgavoth's Onslaught": 2227, "Containment Breach_SB": 401, "Environmental Sciences_SB": 641, "Introduction to Annihilation_SB": 1003, "Mascot Exhibition_SB": 1266, "Pest Summoning_SB": 1491, "Dragonfire Blade": 551, "Lavaspur Boots_SB": 1147, "Qarsi Revenant": 1545, "Qarsi Revenant_SB": 1546, "Rakdos's Return_SB": 1563, "Cemetery Illuminator": 317, "Muraganda Raceway": 1338, "Case of the Crimson Pulse": 282, "Caustic Exhale": 303, "Dispelling Exhale": 533, "Foul-Tongue Invocation": 762, "Marang River Regent": 1251, "Scavenger Regent": 1715, "Silumgar's Scorn": 1818, "Caustic Exhale_SB": 304, "Strategic Betrayal_SB": 1948, "Cori-Steel Cutter": 408, "Wild Ride": 2320, "Cori-Steel Cutter_SB": 409, "Desperate Measures": 508, "Sunpearl Kirin": 1970, "Katilda, Dawnhart Prime": 1066, "Songcrafter Mage": 1878, "Three Tree City": 2099, "Militia Bugler_SB": 1294, "History of Benalia": 936, "The Restoration of Eiganjo": 2066, "Rot-Curse Rakshasa": 1674, "Strategic Betrayal": 1947, "Archangel Elspeth": 79, "Painter's Studio && Defaced Gallery": 1468, "This Town Ain't Big Enough_SB": 2086, "Faceless Haven_SB": 680, "Treasure Map": 2149, "Flashfreeze_SB": 738, "Murderous Rider_SB": 1342, "Cori Mountain Monastery": 407, "Stormwing Entity": 1944, "Gurmag Angler": 875, "Stormscale Scion": 1942, "Stormscale Scion_SB": 1943, "Metamorphic Alteration": 1290, "Not on My Watch_SB": 1396, "Of One Mind": 1417, "Banishing Slash": 138, "Jaya, Fiery Negotiator": 1035, "United Battlefront_SB": 2203, "Icon of Ancestry": 963, "Fire Prophecy": 731, "Warden of the Grove": 2292, "Surrak, Elusive Hunter_SB": 1985, "Paradoxical Outcome_SB": 1473, "White Sun's Twilight_SB": 2318, "Break Out": 234, "Masked Vandal": 1267, "Fanatical Firebrand_SB": 693, "Scavenger's Talent_SB": 1717, "Ygra, Eater of All_SB": 2363, "Liliana, Death's Majesty": 1192, "Urgent Necropsy": 2221, "Decadent Dragon_SB": 479, "Runed Halo": 1689, "Undead Sprinter_SB": 2189, "Boros Reckoner": 219, "Phyrexian Obliterator": 1499, "Atarka's Command_SB": 104, "Crackling Drake": 415, "Craterhoof Behemoth": 421, "Decisive Denial": 481, "Ebondeath, Dracolich": 590, "Ertai's Scorn": 644, "Rakshasa's Bargain": 1564, "Rewind": 1642, "Unwind": 2213, "Awaken the Honored Dead_SB": 119, "Deathmark_SB": 474, "Gaze of Granite_SB": 791, "Lutri, the Spellchaser_SB": 1230, "Shadows' Verdict_SB": 1773, "Specter's Shriek_SB": 1897, "Thrun, Breaker of Silence_SB": 2101, "Abrade": 4, "Elspeth, Storm Slayer_SB": 615, "Collected Company_SB": 372, "Herald of Eternal Dawn_SB": 919, "Selfless Savior": 1755, "Legion Angel": 1154, "Wojek Investigator": 2341, "Legion Angel_SB": 1155, "Apostle of Purifying Light_SB": 71, "Yathan Roadwatcher": 2360, "Jeskai Revelation": 1038, "Sixth Sense": 1834, "Kaya's Ghostform": 1069, "Hammerhand": 885, "Aqueous Form": 73, "Cartouche of Solidarity": 279, "Severance Priest": 1769, "Ray of Frost_SB": 1583, "Fiery Annihilation_SB": 722, "Dragonlord Silumgar": 554, "Painful Truths": 1467, "Search for Azcanta": 1739, "Supreme Will": 1979, "Contraband Kingpin_SB": 404, "Deafening Silence": 471, "Hardened Scales": 888, "Bontu's Last Reckoning_SB": 214, "Village Rites": 2251, "Izzet Charm": 1023, "Stormchaser's Talent_SB": 1941, "Greedy Freebooter": 863, "Shambling Ghast": 1777, "Hangarback Walker": 886, "Marketback Walker": 1264, "Diabolic Intent": 522, "Scrapwork Mutt": 1730, "Gleaming Barrier": 823, "Liliana's Standard Bearer": 1191, "The Sibsig Ceremony": 2071, "Callous Bloodmage_SB": 264, "Experiment One": 662, "Kitesail Freebooter_SB": 1097, "Muerra, Trash Tactician": 1335, "Cut // Ribbons": 445, "Dusk Legion Zealot": 587, "Markov Baron": 1265, "Patchwork Banner": 1477, "Bedevil_SB": 155, "Champion of Dusk_SB": 326, "Deadly Dispute_SB": 468, "Soul Transfer_SB": 1885, "Devilish Valet": 518, "Runaway Steam-Kin": 1686, "Grinning Ignus": 866, "Hazoret's Monument": 900, "Light Up the Night": 1176, "Cemetery Prowler_SB": 318, "Nissa, Steward of Elements_SB": 1384, "Kishla Village": 1095, "Friendly Teddy": 772, "Crash Through": 419, "Ugin, Eye of the Storms": 2177, "Robber of the Rich_SB": 1666, "Shiko, Paragon of the Way": 1799, "Spring-Loaded Sawblades": 1918, "Dennick, Pious Apprentice_SB": 500, "Sokenzan, Crucible of Defiance_SB": 1874, "Shadows' Verdict": 1772, "The Book of Exalted Deeds_SB": 2050, "Silent Hallcreeper": 1817, "Ashiok, Nightmare Weaver_SB": 97, "Evolved Sleeper": 656, "Tenacious Underdog_SB": 2030, "Rediscover the Way": 1605, "Balmor, Battlemage Captain": 131, "Sram, Senior Edificer": 1921, "Clever Lumimancer": 363, "Wizard's Retort_SB": 2339, "Shapers' Sanctuary": 1779, "Niv-Mizzet, Parun": 1388, "Sweltering Suns": 1989, "Marang River Regent_SB": 1252, "Katilda, Dawnhart Martyr_SB": 1065, "Omnath, Locus of the Roil": 1431, "Lilah, Undefeated Slickshot": 1188, "Giant Growth": 806, "Heritage Reclamation_SB": 923, "Brimaz, King of Oreskos": 239, "Intimidation Tactics": 997, "Liliana, Dreadhorde General_SB": 1193, "Fountainport Bell": 766, "Gonti, Lord of Luxury_SB": 851, "Spirit-Sister's Call": 1912, "Bandit's Talent_SB": 133, "Frontline Rush": 773, "Mortify_SB": 1327, "Treasure Cruise_SB": 2148, "Drake Hatcher": 556, "Canyon Slough": 271, "Captain Lannery Storm": 272, "Charming Scoundrel": 344, "Goldhound": 847, "Goldspan Dragon": 848, "Kalain, Reclusive Painter": 1054, "Marionette Master": 1262, "Reckless Fireweaver": 1592, "Sticky Fingers": 1933, "Treasure Vault": 2150, "Vraska's Contempt": 2286, "Karn, Scion of Urza_SB": 1062, "Moment of Craving_SB": 1312, "Ratchet Bomb_SB": 1576, "Unlicensed Disintegration_SB": 2204, "Eshki Dragonclaw": 646, "Herd Heirloom": 921, "The Huntsman's Redemption": 2057, "Amonkhet Raceway": 47, "Shore Up": 1806, "Shore Up_SB": 1807, "Illness in the Ranks_SB": 968, "Phyrexian Arena_SB": 1494, "Abbot of Keral Keep": 0, "Anax, Hardened in the Forge": 49, "Incendiary Flow": 975, "Invigorated Rampage": 1010, "Rimrock Knight": 1647, "Dire Fleet Daredevil_SB": 526, "Flame-Blessed Bolt_SB": 736, "Sword of Once and Future_SB": 1995, "Magebane Lizard": 1240, "Virulent Plague_SB": 2260, "Sunset Revelry": 1972, "Unexpected Windfall": 2194, "Arboreal Grazer_SB": 77, "Herald of Eternal Dawn": 918, "Skrelv's Hive": 1837, "Vaultborn Tyrant_SB": 2241, "Collector's Cage_SB": 377, "Defabricate_SB": 489, "Awaken the Honored Dead": 118, "Ghostly Dancers": 803, "Heliod, the Radiant Dawn_SB": 914, "Hushbringer_SB": 960, "Ureni, the Song Unending": 2220, "Duelist of the Mind": 583, "Portent of Calamity": 1523, "Extraordinary Journey": 674, "Concerted Defense_SB": 393, "Rapid Hybridization_SB": 1575, "Hooting Mandrills": 944, "Jin-Gitaxias, Progress Tyrant_SB": 1040, "Smuggler's Surprise_SB": 1863, "Toxrill, the Corrosive_SB": 2136, "Doom Whisperer_SB": 544, "Virtue of Courage": 2255, "Ball Lightning": 130, "Scytheclaw Raptor_SB": 1733, "Cathartic Reunion": 299, "Ancient Imperiosaur": 53, "Gastal Thrillroller_SB": 788, "Invasion of Ergamon": 1004, "Reluctant Role Model": 1618, "Dire Tactics": 527, "Order of Midnight": 1441, "Plargg, Dean of Chaos": 1508, "Chandra, Hope's Beacon": 335, "Obscura Storefront": 1415, "Disfigure_SB": 531, "Blue Sun's Twilight": 205, "Conduit Pylons": 394, "Ipnu Rivulet": 1013, "Outcaster Greenblade": 1450, "Voltage Surge": 2280, "Fae of Wishes_SB": 684, "Drake Hatcher_SB": 557, "Koth, Fire of Resistance_SB": 1120, "Niv-Mizzet, Visionary_SB": 1391, "Dispel_SB": 532, "Dennick, Pious Apprentice": 499, "Despark_SB": 507, "Slaughter Singer": 1852, "Venerated Rotpriest": 2245, "The Seedcore": 2070, "Crawling Chorus": 422, "Annex Sentry": 60, "Bloated Contaminator": 189, "Jawbone Duelist": 1033, "Overprotect": 1463, "Phyrexian Censor_SB": 1496, "Tyvar's Stand_SB": 2173, "Annex Sentry_SB": 61, "Melira, the Living Cure_SB": 1278, "Baleful Mastery": 129, "Agonizing Remorse_SB": 34, "Gurmag Nightwatch": 876, "Ashen Rider": 91, "Vineglimmer Snarl": 2252, "Port Town": 1516, "Mystic Reflection": 1346, "Emergence Zone": 620, "Augmenter Pugilist": 108, "Augur of Autumn": 109, "Simic Charm": 1825, "Fortified Village": 761, "Biovisionary": 166, "Repudiate // Replicate_SB": 1625, "Chord of Calling_SB": 346, "Baird, Steward of Argive_SB": 127, "Glorybringer": 833, "Mizzium Mortars": 1305, "Cartouche of Zeal": 280, "Skylasher_SB": 1846, "Not on My Watch": 1395, "Scattered Thoughts": 1713, "Nature's Rhythm": 1360, "Dryad's Revival": 582, "Mabel, Heir to Cragflame_SB": 1233, "Stern Dismissal_SB": 1931, "Wear Down_SB": 2305, "Slagstorm_SB": 1849, "Repel the Abominable": 1623, "Repel the Abominable_SB": 1624, "Dark Petition_SB": 453, "Hornet Queen": 949, "Ojer Taq, Deepest Foundation": 1421, "Pyroclasm": 1543, "Lord Skitter, Sewer King": 1217, "Tomik, Distinguished Advokist_SB": 2124, "Hearth Elemental": 906, "Sanguine Evangelist_SB": 1705, "Consuming Fervor": 400, "Aetherflux Reservoir": 24, "Mountain_SB": 1331, "Smoldering Egg": 1859, "Kaervek, the Spiteful_SB": 1047, "Inscribed Tablet": 987, "Scourge of the Skyclaves": 1724, "Warlock Class": 2294, "Lich-Knights' Conquest": 1172, "Silent Gravestone_SB": 1816, "Ulcerate_SB": 2180, "Ovalchase Daredevil": 1453, "Can't Stay Away_SB": 269, "Feldon, Ronom Excavator": 713, "Infuriate_SB": 981, "Chaos Wand_SB": 341, "Dissection Tools_SB": 535, "Jace, the Perfected Mind_SB": 1031, "Recommission_SB": 1601, "Abbot of Keral Keep_SB": 1, "Clarion Conqueror_SB": 357, "Rabbit Battery": 1555, "Faerie Dreamthief": 685, "Steamcore Scholar": 1928, "Winternight Stories": 2326, "Unholy Annex // Ritual Chamber_SB": 2200, "Defabricate": 488, "Immortal Phoenix_SB": 971, "Seasons Past": 1744, "Abuelo's Awakening": 9, "Summon: Knights of Round": 1959, "Cunning Coyote_SB": 442, "Yuna, Hope of Spira": 2368, "Blisterpod": 188, "Cartel Aristocrat": 278, "Rally the Ancestors": 1568, "Sephiroth, Fabled SOLDIER": 1761, "Starting Town": 1925, "Heliod, Sun-Crowned_SB": 912, "Ruthless Lawbringer_SB": 1692, "Joshua, Phoenix's Dominant": 1043, "Lightwheel Enhancements": 1187, "Disenchant_SB": 530, "Dark Confidant_SB": 451, "Kroxa and Kunoros": 1128, "Terra, Magical Adept": 2032, "Vivi Ornitier": 2261, "Demon Wall": 495, "Eiganjo, Seat of the Empire_SB": 598, "Vivi Ornitier_SB": 2262, "Unflinching Courage": 2195, "Unflinching Courage_SB": 2196, "Ishgard, the Holy See": 1017, "Fire Magic_SB": 730, "Twinmaw Stormbrood_SB": 2166, "Echoing Deeps": 591, "Glimpse the Core": 826, "Hour of Promise": 955, "The Wandering Minstrel": 2077, "Kura, the Boundless Sky_SB": 1135, "Maelstrom of the Spirit Dragon_SB": 1236, "Toski, Bearer of Secrets_SB": 2133, "Opera Love Song": 1436, "Surrak, Elusive Hunter": 1984, "Esper Origins": 649, "Cecil, Dark Knight": 315, "Dark Confidant": 450, "Gix, Yawgmoth Praetor": 816, "Vren, the Relentless_SB": 2289, "Kitesail Freebooter": 1096, "Lantern Scout_SB": 1142, "Cryptcaller Chariot": 433, "Market Gnome": 1263, "Ancient Adamantoise": 51, "Furnace Reins_SB": 779}}