{"vocabulary": {"Archon of Emeria": 103, "Aven Interrupter": 133, "Branchloft Pathway": 250, "Brushland": 269, "Collected Company": 403, "Eiganjo, Seat of the Empire": 649, "Elvish Mystic": 671, "Enduring Innocence": 690, "Helping Hand": 975, "Llanowar Elves": 1267, "Plains": 1587, "Razorverge Thicket": 1671, "Shefet Dunes": 1889, "Skyclave Apparition": 1942, "Temple Garden": 2136, "Thalia, Guardian of Thraben": 2158, "Werefox Bodyguard": 2446, "Brutal Cathar_SB": 271, "Elite Spellbinder_SB": 663, "Gideon, Ally of Zendikar_SB": 872, "Knight of Autumn_SB": 1161, "Portable Hole_SB": 1599, "Thalia, Guardian of Thraben_SB": 2159, "The Wandering Emperor_SB": 2197, "Blackcleave Cliffs": 193, "Blightstep Pathway": 204, "Blood Crypt": 211, "Callous Sell-Sword": 292, "Claim // Fame": 382, "Den of the Bugbear": 541, "Emberheart Challenger": 674, "Fatal Push": 756, "Heartfire Hero": 962, "Infuriate": 1041, "Kumano Faces Kakkazan": 1186, "Manifold Mouse": 1315, "Monastery Swiftspear": 1393, "Monstrous Rage": 1396, "Mountain": 1406, "Ramunap Ruins": 1656, "Slickshot Show-Off": 1956, "Sokenzan, Crucible of Defiance": 1976, "Sulfurous Springs": 2070, "Turn Inside Out": 2284, "Claim // Fame_SB": 383, "Claim the Firstborn_SB": 385, "Fatal Push_SB": 757, "Go for the Throat_SB": 898, "Hazoret the Fervent_SB": 957, "Thoughtseize_SB": 2213, "Urabrask's Forge_SB": 2340, "Blade of the Oni": 196, "Blazemire Verge": 200, "Bloodtithe Harvester": 219, "Duress": 635, "Fable of the Mirror-Breaker": 735, "Fear of Missing Out": 764, "Go for the Throat": 897, "Haunted Ridge": 951, "Mutavault": 1419, "Sheoldred, the Apocalypse": 1895, "Swamp": 2103, "Takenuma, Abandoned Mire": 2118, "Thoughtseize": 2212, "Torch the Tower": 2251, "Unholy Annex // Ritual Chamber": 2323, "Urborg, Tomb of Yawgmoth": 2342, "Withering Torment": 2469, "Anger of the Gods_SB": 77, "Anoint with Affliction_SB": 85, "Damping Sphere_SB": 490, "Extinction Event_SB": 730, "Hidetsugu Consumes All_SB": 988, "Invoke Despair_SB": 1072, "Liliana of the Veil_SB": 1251, "Reckoner Bankbuster_SB": 1683, "Unlicensed Hearse_SB": 2330, "Ghitu Lavarunner": 861, "Light Up the Stage": 1237, "Play with Fire": 1589, "Skewer the Critics": 1934, "Soul-Scar Mage": 1993, "Spikefield Hazard": 2012, "Wizard's Lightning": 2473, "End the Festivities_SB": 686, "Goblin Chainwhirler_SB": 900, "Kari Zev's Expertise_SB": 1116, "Rampaging Ferocidon_SB": 1654, "Razorkin Needlehead_SB": 1670, "Redcap Melee_SB": 1689, "Rending Volley_SB": 1707, "Roiling Vortex_SB": 1762, "Sunspine Lynx_SB": 2092, "Torch the Tower_SB": 2252, "Witchstalker Frenzy_SB": 2465, "Adeline, Resplendent Cathar": 36, "Cavern of Souls": 338, "Coppercoat Vanguard": 443, "Dauntless Bodyguard": 500, "Extraction Specialist": 731, "Fortified Beachhead": 824, "Get Lost": 856, "Hallowed Fountain": 939, "Hopeful Initiate": 1004, "Mockingbird": 1382, "Recruitment Officer": 1687, "Reflector Mage": 1693, "Seachrome Coast": 1833, "Thalia's Lieutenant": 2157, "Brave the Elements_SB": 254, "Containment Priest_SB": 441, "Protect the Negotiators_SB": 1619, "Rest in Peace_SB": 1717, "Sunset Revelry_SB": 2090, "Blot Out_SB": 226, "Duress_SB": 636, "Go Blank_SB": 895, "Brightclimb Pathway": 259, "Clearwater Pathway": 389, "Concealed Courtyard": 425, "Darkslick Shores": 498, "Fear of Isolation": 763, "Floodfarm Verge": 806, "Gloomlake Verge": 891, "Godless Shrine": 903, "Hengegate Pathway": 976, "Hopeless Nightmare": 1006, "Island": 1078, "Legion's Landing": 1219, "Nowhere to Run": 1475, "Nurturing Pixie": 1481, "Optimistic Scavenger": 1517, "Raffine's Tower": 1641, "Stormchaser's Talent": 2053, "This Town Ain't Big Enough": 2206, "Treacherous Blessing": 2271, "Vanishing Verse": 2365, "Watery Grave": 2432, "Beza, the Bounding Spring_SB": 181, "Dovin's Veto_SB": 595, "Path of Peril_SB": 1560, "Skyclave Apparition_SB": 1943, "Yorion, Sky Nomad_SB": 2498, "Reckless Rage": 1679, "Chandra, Dressed to Kill_SB": 362, "Ob Nixilis, the Adversary_SB": 1488, "Screaming Nemesis": 1829, "Feed the Swarm_SB": 772, "Grafdigger's Cage_SB": 912, "Boseiju, Who Endures": 243, "Cavalier of Thorns": 336, "Forest": 819, "Invasion of Ixalan": 1066, "Kiora, Behemoth Beckoner": 1150, "Lair of the Hydra": 1195, "Nykthos, Shrine to Nyx": 1482, "Oath of Nissa": 1486, "Old-Growth Troll": 1500, "Outcaster Trailblazer": 1530, "Storm the Festival": 2050, "Ulvenwald Oddity": 2304, "Wolfwillow Haven": 2477, "Cityscape Leveler_SB": 381, "Monstrous Emergence_SB": 1395, "Pithing Needle_SB": 1586, "The Mightstone and Weakstone_SB": 2183, "Tranquil Frillback_SB": 2265, "Wicked Wolf_SB": 2452, "Withering Torment_SB": 2470, "Burst Lightning": 278, "Copperline Gorge": 444, "Cragcrown Pathway": 455, "Innkeeper's Talent": 1044, "Karplusan Forest": 1119, "Pawpatch Recruit": 1563, "Questing Druid": 1631, "Stomping Ground": 2047, "Back to Nature_SB": 143, "Pick Your Poison_SB": 1583, "Pyroclasm_SB": 1624, "Scorching Shot_SB": 1820, "Faerie Mastermind": 747, "Floodpits Drowner": 807, "Hall of Storm Giants": 938, "Hive of the Eye Tyrant": 997, "Inscription of Ruin": 1049, "Jace Reawakened": 1081, "Kaito, Bane of Nightmares": 1108, "Malcolm, Alluring Scoundrel": 1313, "Otawara, Soaring City": 1526, "Sheoldred's Edict": 1893, "Underground River": 2315, "Valki, God of Lies": 2355, "Annul_SB": 83, "Ashiok, Dream Render_SB": 110, "Cut Down_SB": 488, "Negate_SB": 1443, "Weathered Runestone_SB": 2437, "Kappa Tech-Wrecker": 1115, "Kellan, Daring Traveler": 1137, "Knight of Autumn": 1160, "Dromoka's Command_SB": 628, "Werefox Bodyguard_SB": 2447, "Reckless Rage_SB": 1680, "Inti, Seneschal of the Sun": 1056, "Pawpatch Recruit_SB": 1564, "Screaming Nemesis_SB": 1830, "Adarkar Wastes": 35, "Assimilation Aegis": 119, "Brass Knuckles": 251, "Fabrication Foundry": 738, "Fountainport": 830, "Ingenious Smith": 1043, "Inventors' Fair": 1069, "Leyline Axe": 1220, "Metalwork Colossus": 1361, "Moonsnare Prototype": 1401, "Portable Hole": 1598, "Sanctum of Ugin": 1798, "Shadowspear": 1871, "Simulacrum Synthesizer": 1925, "The Irencrag": 2178, "Knockout Blow_SB": 1168, "Metallic Rebuke_SB": 1360, "Mystic Forge_SB": 1421, "Pawpatch Formation_SB": 1562, "Bonecrusher Giant": 234, "Invoke Despair": 1071, "Preacher of the Schism_SB": 1606, "Arclight Phoenix": 105, "Artist's Talent": 107, "Consider": 434, "Demilich": 534, "Fiery Impulse": 784, "Jwari Disruption": 1104, "Lightning Axe": 1241, "Opt": 1516, "Picklock Prankster": 1584, "Proft's Eidetic Memory": 1611, "Riverglide Pathway": 1748, "Shivan Reef": 1901, "Sleight of Hand": 1955, "Spirebluff Canal": 2016, "Steam Vents": 2036, "Stern Dismissal": 2039, "Treasure Cruise": 2273, "Jace, Wielder of Mysteries_SB": 1086, "Mystical Dispute_SB": 1425, "Prismari Command_SB": 1609, "Proft's Eidetic Memory_SB": 1612, "Spell Pierce_SB": 2006, "Thassa's Oracle_SB": 2163, "Magda, Brazen Outlaw": 1302, "Brazen Borrower": 255, "Galvanic Iteration": 845, "Into the Flood Maw": 1059, "Spell Pierce": 2005, "Stormcarved Coast": 2051, "Temporal Trespass": 2145, "Abrade_SB": 24, "Aether Gust_SB": 43, "Brazen Borrower_SB": 256, "Brotherhood's End_SB": 268, "Thing in the Ice_SB": 2204, "Third Path Iconoclast_SB": 2205, "Enduring Curiosity": 688, "Faerie Miscreant": 748, "Moon-Circuit Hacker": 1399, "Spyglass Siren": 2026, "Disdainful Stroke_SB": 571, "Enduring Curiosity_SB": 689, "Mukotai Ambusher_SB": 1413, "Sheoldred, the Apocalypse_SB": 1896, "Aloe Alchemist": 61, "Atarka's Command": 121, "Burning-Tree Emissary": 276, "Cunning Coyote": 481, "Reckless Bushwhacker": 1675, "Thornspire Verge": 2208, "Destructive Revelry_SB": 554, "Magebane Lizard_SB": 1304, "Shapers' Sanctuary_SB": 1878, "Bishop of Wings": 188, "Emeria's Call": 678, "Giada, Font of Hope": 867, "Holy Cow": 1000, "Kayla's Reconstruction": 1130, "Resplendent Angel": 1716, "Righteous Valkyrie": 1736, "Youthful Valkyrie": 2500, "Archon of Emeria_SB": 104, "Deafening Silence_SB": 514, "Lyra Dawnbringer_SB": 1294, "Bandit's Talent": 149, "Extinction Event": 729, "Field of Ruin": 780, "Geier Reach Sanitarium": 853, "Narset, Parter of Veils": 1433, "Shipwreck Marsh": 1900, "The Meathook Massacre": 2180, "Thundertrap Trainer": 2229, "Tinybones Joins Up": 2231, "Tithing Blade": 2241, "Chrome Host Seedshark_SB": 377, "Ghost Vacuum_SB": 863, "Atraxa, Grand Unifier": 123, "Beza, the Bounding Spring": 180, "Breeding Pool": 258, "Enduring Vitality": 693, "Enigmatic Incarnation": 694, "Hushwood Verge": 1022, "Indatha Triome": 1039, "Kutzil's Flanker": 1191, "Leyline Binding": 1221, "Linvala, the Preserver": 1261, "Overgrown Tomb": 1535, "Overlord of the Boilerbilges": 1538, "Overlord of the Floodpits": 1539, "Overlord of the Hauntwoods": 1540, "Overlord of the Mistmoors": 1541, "Spara's Headquarters": 2000, "Up the Beanstalk": 2338, "Zagoth Triome": 2505, "Zur, Eternal Schemer": 2517, "Arasta of the Endless Web_SB": 93, "Elesh Norn, Mother of Machines_SB": 660, "Thought Distortion_SB": 2209, "Beanstalk Giant": 169, "Fabled Passage": 737, "Greater Tanuki": 919, "Ketria Triome": 1147, "Lush Portico": 1292, "Quintorius Kand": 1636, "Release to the Wind": 1702, "Sacred Foundry": 1789, "Spark Double": 2001, "Spinewoods Armadillo": 2013, "Trumpeting Carnosaur": 2282, "Virtue of Persistence": 2383, "Colossal Skyturtle_SB": 414, "Consign // Oblivion_SB": 436, "Dragonlord Dromoka_SB": 601, "Gyruda, Doom of Depths_SB": 936, "Horned Loch-Whale_SB": 1009, "Keruga, the Macrosage_SB": 1144, "Swamp_SB": 2104, "Takenuma, Abandoned Mire_SB": 2119, "Soul Transfer": 1989, "Agatha's Soul Cauldron": 51, "Blooming Marsh": 220, "Cache Grab": 284, "Cult Conscript": 480, "Darkbore Pathway": 497, "Deathrite Shaman": 518, "Forsaken Miner": 822, "Haywire Mite": 953, "Insidious Roots": 1052, "Llanowar Wastes": 1269, "Priest of Forgotten Gods": 1607, "Rubblebelt Maverick": 1773, "Stitcher's Supplier": 2044, "Tyvar, Jubilant Brawler": 2295, "Bitter Triumph_SB": 192, "Glistening Deluge_SB": 890, "Haywire Mite_SB": 954, "Castle Ardenvale": 318, "Castle Vantress": 322, "Deduce": 525, "Discontinuity": 568, "Farewell": 754, "High Noon": 991, "Horned Loch-Whale": 1008, "Impulse": 1036, "Lotus Field": 1284, "March of Otherworldly Light": 1322, "Memory Deluge": 1350, "Settle the Wreckage": 1864, "Shark Typhoon": 1881, "Soul Partition": 1987, "Sphinx's Revelation": 2010, "Strict Proctor": 2062, "Sunken Citadel": 2084, "Tale's End": 2120, "Teferi, Hero of Dominaria": 2133, "Temporary Lockdown": 2146, "The Wandering Emperor": 2196, "Thespian's Stage": 2202, "High Noon_SB": 992, "Leyline of Sanctity_SB": 1227, "Supreme Verdict_SB": 2095, "Temporary Lockdown_SB": 2147, "Urza's Sylex_SB": 2348, "Built to Smash": 273, "Cacophony Scamp": 285, "Thud": 2224, "Titan's Strength": 2239, "Wayward Guide-Beast": 2433, "Dreadmaw's Ire_SB": 615, "Light Up the Stage_SB": 1238, "Obosh, the Preypiercer_SB": 1491, "Voldaren Thrillseeker_SB": 2405, "Cryptic Coat": 473, "Darksteel Citadel": 499, "Ensoul Artifact": 695, "Legion Extruder": 1214, "Shrapnel Blast": 1909, "Smuggler's Copter": 1962, "Voldaren Epicure": 2403, "Burst Lightning_SB": 279, "Shadowspear_SB": 1872, "Voltage Surge_SB": 2408, "Entity Tracker": 697, "Omen of the Dead": 1503, "Omen of the Sea": 1505, "Trial of Ambition": 2278, "Leyline of the Guildpact": 1230, "Emrakul, the Promised End_SB": 682, "Scrapshooter_SB": 1827, "Setessan Petitioner_SB": 1862, "The Stone Brain_SB": 2195, "Clever Impersonator": 390, "Gyruda, Doom of Depths": 935, "Roaring Furnace // Steaming Sauna_SB": 1753, "Herd Migration": 981, "Polukranos Reborn": 1593, "Snow-Covered Forest": 1969, "Obstinate Baloth_SB": 1493, "Split Up_SB": 2022, "Liliana of the Veil": 1250, "Heartless Act": 964, "Battlefield Forge": 167, "Boros Charm": 240, "Inspiring Vantage": 1054, "Lightning Helix": 1243, "Needleverge Pathway": 1441, "Deflecting Palm_SB": 532, "Get Lost_SB": 857, "Sheltered by Ghosts_SB": 1892, "Strict Proctor_SB": 2063, "Bond of Insight": 232, "Cathartic Pyre": 326, "Dig Through Time": 563, "Expedition Map": 719, "Hidden Strings": 986, "Lier, Disciple of the Drowned": 1234, "Pore Over the Pages": 1595, "Silundi Vision": 1918, "Valakut Awakening": 2349, "Vizier of Tumbling Sands": 2391, "Wish": 2462, "Fiery Impulse_SB": 785, "Filter Out_SB": 789, "Into the Flood Maw_SB": 1060, "Lier, Disciple of the Drowned_SB": 1235, "Narset's Reversal_SB": 1432, "Niv-Mizzet, Parun_SB": 1464, "Thousand-Faced Shadow": 2214, "Skysovereign, Consul Flagship_SB": 1950, "Prosperous Thief": 1617, "Rottenmouth Viper": 1767, "Soulstone Sanctuary": 1999, "Kaito, Bane of Nightmares_SB": 1109, "Kalitas, Traitor of Ghet_SB": 1113, "Leyline of the Void_SB": 1231, "Misery's Shadow_SB": 1375, "Rottenmouth Viper_SB": 1768, "Abhorrent Oculus": 21, "Botanical Sanctum": 246, "Fiend Artisan": 782, "Rhonas the Indomitable": 1733, "Spinner of Souls": 2014, "Werewolf Pack Leader": 2448, "Hunter's Talent_SB": 1020, "Outland Liberator_SB": 1531, "Prowling Serpopard_SB": 1620, "Castle Locthwain": 321, "Cling to Dust": 394, "Fetid Pools": 779, "Yorion, Sky Nomad": 2497, "The Meathook Massacre_SB": 2181, "Tyvar, the Pummeler": 2296, "Voice of Resurgence": 2393, "Kayla's Reconstruction_SB": 1131, "Sentinel of the Nameless City_SB": 1856, "Welcoming Vampire_SB": 2445, "Rockface Village": 1757, "Waste Not": 2427, "Narset, Parter of Veils_SB": 1434, "Notion Thief_SB": 1473, "Kazandu Mammoth": 1132, "Sharp-Eyed Rookie": 1883, "Keen-Eyed Curator_SB": 1135, "Bushwhack": 280, "Snakeskin Veil": 1966, "Chandra's Defeat_SB": 358, "Mutavault_SB": 1420, "Genesis Wave": 855, "Hostile Hostel": 1013, "Tail Swipe_SB": 2116, "Blossoming Defense": 221, "Boltwave": 230, "Dromoka's Command": 627, "Welcoming Vampire": 2444, "Change the Equation": 367, "Commit // Memory": 420, "Cut Down": 487, "Deadly Cover-Up": 507, "Drown in the Loch": 629, "Feed the Swarm": 771, "Jace, Vryn's Prodigy": 1084, "Mission Briefing": 1377, "Sorin the Mirthless": 1984, "Three Steps Ahead": 2218, "Undercity Sewers": 2313, "Heartless Act_SB": 965, "Absorb": 28, "Deserted Beach": 549, "Dovin's Veto": 594, "Elspeth's Smite": 665, "Glacial Fortress": 879, "Irrigated Farmland": 1075, "Meticulous Archive": 1363, "No More Lies": 1467, "Restless Anchorage": 1718, "Supreme Verdict": 2094, "Destroy Evil_SB": 553, "Elspeth's Smite_SB": 666, "Kutzil's Flanker_SB": 1192, "Confounding Riddle": 431, "Ill-Timed Explosion": 1027, "Indomitable Creativity": 1040, "Magma Opus": 1307, "Mirrex": 1370, "Negate": 1442, "Prismari Command": 1608, "Sublime Epiphany": 2068, "Thundering Falls": 2228, "Torrential Gearhulk": 2256, "Alpine Moon_SB": 63, "Hullbreaker Horror_SB": 1019, "Ral, Izzet Viceroy_SB": 1651, "Shark Typhoon_SB": 1882, "Ayara's Oathsworn": 140, "Experimental Augury": 722, "Might of the Meek": 1365, "Slickshot Show-Off_SB": 1957, "Pillage the Bog": 1585, "Vein Ripper": 2370, "Ziatora's Proving Ground": 2511, "Sunfall_SB": 2083, "Atraxa, Grand Unifier_SB": 124, "Valgavoth, Terror Eater_SB": 2354, "Brave the Elements": 253, "Containment Priest": 440, "Kytheon, Hero of Akros": 1194, "Veteran Survivor": 2374, "Loran of the Third Path_SB": 1277, "Get Out": 858, "Treacherous Blessing_SB": 2272, "Cling to Dust_SB": 395, "Anointed Peacekeeper_SB": 87, "Eidolon of the Great Revel": 647, "Searing Blood_SB": 1839, "Showdown of the Skalds_SB": 1908, "Skullcrack_SB": 1941, "Kolaghan's Command_SB": 1171, "Xander's Lounge": 2486, "Dream Trawler": 616, "Sunfall": 2082, "Chandra, Awakened Inferno_SB": 360, "Dream Trawler_SB": 617, "Farewell_SB": 755, "Restless Reef": 1722, "Bitter Triumph": 191, "Abrupt Decay": 25, "Bring to Light": 263, "Deafening Clarion": 511, "Jetmir's Garden": 1096, "Kolaghan's Command": 1170, "Maelstrom Pulse": 1298, "Nahiri, the Harbinger": 1428, "Niv-Mizzet Reborn": 1462, "Niv-Mizzet, Supreme": 1465, "Omnath, Locus of Creation": 1508, "Raugrin Triome": 1664, "Savai Triome": 1807, "Sylvan Caryatid": 2113, "Kambal, Consul of Allocation_SB": 1114, "The End_SB": 2174, "Unmoored Ego_SB": 2333, "Cauldron Familiar": 328, "Claim the Firstborn": 384, "Deadly Dispute": 509, "Kroxa, Titan of Death's Hunger": 1184, "Mayhem Devil": 1344, "Scavenger's Talent": 1815, "Witch's Oven": 2463, "Ygra, Eater of All": 2495, "Case of the Crimson Pulse_SB": 312, "Molten Collapse_SB": 1386, "Shardmage's Rescue": 1879, "Sheltered by Ghosts": 1891, "Knight of Grace_SB": 1164, "Curious Obsession": 483, "Geistlight Snare": 854, "Invasion of Gobakhan": 1064, "Mausoleum Wanderer": 1342, "Rattlechains": 1660, "Spectral Sailor": 2004, "Spell Queller": 2007, "Supreme Phantom": 2093, "Enduring Innocence_SB": 691, "Settle the Wreckage_SB": 1865, "Lightning Strike": 1245, "Oath of Kaya": 1485, "Censor": 349, "Change the Equation_SB": 368, "Kaheera, the Orphanguard_SB": 1106, "Lightning Helix_SB": 1244, "Anointed Peacekeeper": 86, "Can't Stay Away": 296, "Eldritch Evolution": 655, "Esika's Chariot": 705, "Glissa Sunslayer": 888, "Greasefang, Okiba Boss": 916, "Grisly Salvage": 924, "Mana Confluence": 1314, "Parhelion II": 1553, "Raffine's Informant": 1640, "Skysovereign, Consul Flagship": 1949, "Witherbloom Command": 2467, "Graveyard Trespasser_SB": 915, "Vanishing Verse_SB": 2366, "Scrapheap Scrounger": 1825, "Kalitas, Traitor of Ghet": 1112, "Ledger Shredder_SB": 1211, "Barrier Breach_SB": 159, "Caustic Bronco_SB": 330, "Tranquil Frillback": 2264, "Council of the Absolute_SB": 450, "Spirit of the Labyrinth_SB": 2017, "Suncleanser_SB": 2078, "Voice of Resurgence_SB": 2394, "Dawnbringer Cleric_SB": 502, "Adventurous Impulse": 39, "Essence Flux": 709, "Fading Hope": 742, "Fallaji Archaeologist": 750, "Neoform": 1444, "Stubborn Denial": 2066, "Monastery Mentor_SB": 1392, "Soul Partition_SB": 1988, "Overlord of the Balemurk": 1536, "Arboreal Grazer": 94, "Archdruid's Charm": 98, "Bala Ged Recovery": 145, "Dark Petition": 494, "Emergent Ultimatum": 676, "Fae of Wishes": 744, "Hedge Maze": 966, "Omniscience": 1511, "Sylvan Scrying": 2115, "Approach of the Second Sun_SB": 90, "Emergent Ultimatum_SB": 677, "Languish_SB": 1198, "Sphinx of the Final Word_SB": 2009, "Zacama, Primal Calamity_SB": 2503, "Questing Druid_SB": 1632, "Snakeskin Veil_SB": 1967, "Surge of Righteousness_SB": 2097, "Deadly Cover-Up_SB": 508, "Casualties of War_SB": 323, "Cleansing Nova_SB": 387, "Satyr Wayfinder": 1805, "Souls of the Lost": 1997, "Squirming Emergence": 2027, "Boseiju, Who Endures_SB": 244, "Souls of the Lost_SB": 1998, "Elegant Parlor": 656, "Cathar Commando_SB": 325, "Demolition Field": 536, "Destroy Evil": 552, "Serra Paragon_SB": 1860, "Archfiend of the Dross": 99, "Bloodletter of Aclazotz": 216, "Graveyard Trespasser": 914, "Reckoner Bankbuster": 1682, "Unstoppable Slasher": 2334, "Torpor Orb_SB": 2255, "Arcane Proxy": 96, "Chrome Host Seedshark": 376, "Path of Peril": 1559, "See the Truth": 1845, "Ambitious Farmhand": 66, "Cascading Cataracts": 310, "Charming Prince": 372, "Elesh Norn, Mother of Machines": 659, "Golos, Tireless Pilgrim": 908, "Helpful Hunter": 974, "Lay Down Arms": 1205, "Ossification": 1523, "Serra Paragon": 1859, "Spirited Companion": 2020, "Thalia's Lancers": 2156, "The Book of Exalted Deeds": 2170, "Touch the Spirit Realm": 2258, "Aven Interrupter_SB": 134, "Nashi, Searcher in the Dark": 1435, "Wilt-Leaf Liege_SB": 2458, "Shadowy Backstreet": 1873, "Shambling Vent": 1876, "Battle Cry Goblin": 164, "Brass's Tunnel-Grinder": 252, "Conspicuous Snoop": 437, "Fireblade Charger": 794, "Goblin Instigator": 901, "Raise the Past": 1644, "Rundvelt Hordemaster": 1778, "Skirk Prospector": 1935, "Invasion of Gobakhan_SB": 1065, "Caretaker's Talent": 302, "Carrot Cake": 305, "Sundown Pass": 2081, "Wedding Announcement": 2441, "Westvale Abbey": 2449, "Imodane's Recruiter_SB": 1034, "Thought-Knot Seer_SB": 2211, "Divine Smite_SB": 583, "Day of Judgment_SB": 504, "Behold the Beyond": 174, "Nine Lives": 1451, "Temple of Mystery": 2142, "Yavimaya Coast": 2494, "Grand Abolisher_SB": 913, "Silence_SB": 1914, "Anoint with Affliction": 84, "Surge of Salvation": 2098, "Voldaren Thrillseeker": 2404, "Callous Bloodmage": 290, "Klothys, God of Destiny_SB": 1159, "Day's Undoing": 505, "Augur of Bolas": 129, "Barkchannel Pathway": 157, "Tyvar's Stand": 2293, "Unable to Scream": 2307, "Natural State_SB": 1436, "Stubborn Denial_SB": 2067, "Unable to Scream_SB": 2308, "Nylea's Intervention_SB": 1483, "Fires of Invention": 795, "Tolsimir, Friend to Wolves": 2245, "Titan of Industry": 2237, "Heliod, the Radiant Dawn": 972, "Kenrith, the Returned King": 1142, "Cavalier of Dawn": 334, "Kotose, the Silent Spider": 1176, "Sunpetal Grove": 2087, "Sulfur Falls": 2069, "Marina Vendrell": 1330, "Krenko's Buzzcrusher_SB": 1181, "Archon of Absolution_SB": 102, "Young Pyromancer_SB": 2499, "Chandra, Torch of Defiance": 365, "Fanatic of Mogis": 751, "Leyline of Combustion": 1223, "Razorkin Needlehead": 1669, "Shatterskull Smashing": 1887, "Solphim, Mayhem Dominus": 1979, "Torbran, Thane of Red Fell": 2249, "Fable of the Mirror-Breaker_SB": 736, "Altanak, the Thrice-Called": 65, "Say Its Name": 1808, "Collective Brutality_SB": 406, "Witherbloom Command_SB": 2468, "Thalia and The Gitrog Monster": 2155, "Hostage Taker": 1012, "Cosmic Rebirth_SB": 449, "Dreadbore_SB": 611, "Deafening Clarion_SB": 512, "Deathmist Raptor": 517, "Oblivious Bookworm": 1490, "Cerulean Drake_SB": 350, "Kraul Harpooner_SB": 1178, "Lavabrink Venturer_SB": 1201, "Prosperous Innkeeper_SB": 1616, "Soulless Jailer_SB": 1996, "Gleaming Geardrake": 884, "Thraben Inspector": 2215, "Faithful Mending": 749, "Kiora, the Rising Tide": 1151, "Otherworldly Gaze": 1527, "Recommission": 1685, "Tainted Indulgence": 2117, "Tome Scour": 2247, "Fragmentize_SB": 833, "Wedding Announcement_SB": 2442, "Brutal Cathar": 270, "Augur of Autumn_SB": 128, "Culling Ritual_SB": 479, "Barkhide Troll": 158, "Gather Courage": 850, "Keen-Eyed Curator": 1134, "Tribute to the World Tree": 2280, "Inscription of Abundance_SB": 1048, "Setessan Tactics_SB": 1863, "Prosperous Thief_SB": 1618, "Unholy Annex // Ritual Chamber_SB": 2324, "Shatterskull Smashing_SB": 1888, "Kroxa, Titan of Death's Hunger_SB": 1185, "Aftermath Analyst": 48, "Arid Archway": 106, "Bloodthirsty Conqueror": 218, "Dina, Soul Steeper": 565, "Dryad of the Ilysian Grove": 632, "Iridescent Vinelasher": 1074, "Jaddi Offshoot": 1089, "Lumra, Bellow of the Woods": 1289, "Mirrorpool": 1371, "Retreat to Hagra": 1728, "Scapeshift": 1811, "Spelunking": 2008, "Traverse the Ulvenwald": 2270, "Underground Mortuary": 2314, "Bristly Bill, Spine Sower_SB": 264, "Deathrite Shaman_SB": 519, "Scavenging Ooze_SB": 1818, "Undergrowth Champion_SB": 2316, "Blacksmith's Talent": 194, "Bladehold War-Whip": 197, "Chainsaw": 353, "Colossus Hammer": 416, "Fervent Champion": 777, "Kellan, the Fae-Blooded": 1139, "Kemba, Kha Enduring": 1140, "Nahiri, Forged in Fury": 1426, "Sword of Forge and Frontier": 2110, "Rebel Salvo_SB": 1674, "Solemnity_SB": 1978, "Ruric Thar, the Unbowed_SB": 1783, "Deputy of Detention": 546, "Gilded Goose": 875, "Tyvar, the Pummeler_SB": 2297, "Celestial Armor": 344, "Wear // Tear_SB": 2435, "Elder Gargaroth": 652, "Silverback Elder": 1920, "Silverback Elder_SB": 1921, "No More Lies_SB": 1468, "Ancient Cornucopia": 73, "Culling Ritual": 478, "Unmoored Ego": 2332, "Preacher of the Schism": 1605, "Chandra, Torch of Defiance_SB": 366, "Castle Embereth": 319, "Hired Claw": 995, "Kellan, Planar Trailblazer": 1138, "Zurgo Bellstriker": 2518, "Lithomantic Barrage_SB": 1265, "Soul-Guide Lantern_SB": 1992, "Twisted Fealty_SB": 2290, "Brotherhood's End": 267, "Galvanic Iteration_SB": 846, "Nine Lives_SB": 1452, "Declaration in Stone": 523, "Thalia, Heretic Cathar": 2160, "Extraction Specialist_SB": 732, "Zephyr Sentinel_SB": 2509, "Cindervines_SB": 378, "Collector's Vault": 410, "Case of the Stashed Skeleton": 315, "Valgavoth, Terror Eater": 2353, "Etali, Primal Conqueror": 711, "Seize the Spoils": 1848, "Zombify": 2515, "Sire of Insanity_SB": 1930, "Worldspine Wurm_SB": 2483, "Xenagos, God of Revels_SB": 2488, "Novice Inspector": 1474, "Warden of the Inner Sky": 2422, "Legion Loyalist": 1217, "Resolute Reinforcements": 1714, "Venerated Loxodon": 2372, "Knight-Errant of Eos": 1166, "Imodane's Recruiter": 1033, "Case of the Gateway Express": 313, "Gleeful Demolition": 885, "Clifftop Retreat": 393, "Light of Hope_SB": 1239, "Surge of Salvation_SB": 2099, "Authority of the Consuls_SB": 132, "Reidane, God of the Worthy_SB": 1700, "Zoetic Glyph": 2514, "Sweltering Suns_SB": 2107, "The Akroan War_SB": 2167, "Restless Prairie": 1721, "Declaration in Stone_SB": 524, "Tishana's Tidebinder_SB": 2236, "Deputy of Detention_SB": 547, "Experimental Frenzy_SB": 724, "March of Swirling Mist": 1324, "Floodpits Drowner_SB": 808, "Massacre Wurm": 1339, "Get Out_SB": 859, "Raucous Theater": 1663, "Valgavoth's Faithful": 2351, "Kenrith's Transformation_SB": 1141, "March of Wretched Sorrow": 1326, "Test of Talents_SB": 2154, "Swiftfoot Boots": 2108, "Citizen's Crowbar_SB": 379, "Lion Sash_SB": 1264, "Aclazotz, Deepest Betrayal": 31, "Blast Zone": 199, "Go Blank": 894, "Mazemind Tome": 1345, "Gifted Aetherborn_SB": 874, "March of Wretched Sorrow_SB": 1327, "Dissection Tools": 578, "Perilous Snare": 1569, "Wedding Invitation": 2443, "Glass Casket_SB": 881, "Repurposing Bay_SB": 1712, "Mendicant Core, Guidelight": 1353, "Metallic Rebuke": 1359, "Voyager Glidecar": 2409, "Cryptic Coat_SB": 474, "Lavaspur Boots": 1202, "Patchwork Automaton": 1555, "Thran Power Suit": 2216, "Bard Class": 156, "Birgi, God of Storytelling": 186, "Crater's Claws": 459, "Domri, Anarch of Bolas": 586, "Gallia of the Endless Dance": 844, "Hajar, Loyal Bodyguard": 937, "Klothys, God of Destiny": 1158, "Migloz, Maze Crusher": 1366, "Mox Amber": 1408, "Samut, Vizier of Naktamun": 1796, "Targ Nar, Demon-Fang Gnoll": 2127, "Xenagos, the Reveler": 2489, "Banefire_SB": 152, "Tormod's Crypt_SB": 2254, "Zurgo Bellstriker_SB": 2519, "Abrupt Decay_SB": 26, "Sheoldred's Edict_SB": 1894, "Hare Apparent": 947, "All That Glitters": 60, "Alpha Authority": 62, "Audacity": 125, "Chaplain of Alms": 371, "Ethereal Armor": 713, "Gladecover Scout": 880, "Gryff's Boon": 927, "Light-Paws, Emperor's Voice": 1240, "Rune of Might": 1779, "Sentinel's Eyes": 1857, "Toadstool Admirer": 2242, "Adanto Vanguard_SB": 34, "Dawnbringer Cleric": 501, "Momentum Breaker_SB": 1390, "Sab-Sunen, Luxa Embodied": 1787, "Slaughter Games": 1952, "Bolas's Citadel": 229, "Catacomb Sifter": 324, "Prosperous Innkeeper": 1615, "Woe Strider": 2475, "Glissa Sunslayer_SB": 889, "Liliana, Heretical Healer_SB": 1255, "Status // Statue_SB": 2035, "Agadeem's Awakening": 49, "Nighthawk Scavenger": 1448, "Soaring Thought-Thief": 1975, "Thieves' Guild Enforcer": 2203, "Zareth San, the Trickster": 2507, "Nighthawk Scavenger_SB": 1449, "Foundry Street Denizen": 829, "Greasewrench Goblin": 917, "Moonshaker Cavalry_SB": 1400, "Nahiri, the Harbinger_SB": 1429, "Grim Bauble": 921, "Momentum Breaker": 1389, "Oildeep Gearhulk_SB": 1498, "Valor's Flagship": 2359, "Shacklegeist_SB": 1868, "Monument to Endurance_SB": 1398, "Count on Luck_SB": 451, "Brightglass Gearhulk": 260, "Dredger's Insight": 623, "Sigarda's Aid": 1912, "Soulflayer": 1995, "Urborg Scavengers": 2341, "Zetalpa, Primal Dawn": 2510, "Archfiend's Vessel": 101, "Ledger Shredder": 1210, "Lively Dirge": 1266, "Merfolk Secretkeeper": 1356, "Raffine, Scheming Seer": 1642, "Callous Sell-Sword_SB": 293, "Dreadhorde Arcanist_SB": 613, "Loran of the Third Path": 1276, "Tyrranax Rex_SB": 2292, "Coalstoke Gearhulk": 402, "Shacklegeist": 1867, "Ossification_SB": 1524, "Behold the Multiverse": 175, "Mastermind's Acquisition": 1340, "Peer into the Abyss": 1566, "Behold the Multiverse_SB": 176, "Memory Guardian": 1352, "Ketramose, the New Dawn_SB": 1146, "Witchstalker Frenzy": 2464, "Grim Bauble_SB": 922, "Ray of Enfeeblement_SB": 1666, "Tears of Valakut_SB": 2131, "Cast Out": 317, "Djeru's Renunciation": 584, "Drannith Healer": 606, "Drannith Stinger": 608, "Flourishing Fox": 810, "Footfall Crater": 817, "Go for Blood": 896, "Hollow One": 999, "Marauding Mako": 1320, "Monument to Endurance": 1397, "Sunbillow Verge": 2077, "Zenith Flare": 2508, "Flicker of Fate": 805, "Heroic Intervention_SB": 985, "Polukranos Reborn_SB": 1594, "Azor, the Lawbringer": 141, "Emry, Lurker of the Loch": 683, "Jeskai Ascendancy": 1094, "Mishra's Research Desk": 1376, "Restless Spire": 1723, "Retraction Helix": 1726, "Saheeli, Sublime Artificer": 1791, "Tormod's Crypt": 2253, "Devout Decree_SB": 558, "Strangle_SB": 2059, "Valley Floodcaller_SB": 2357, "Valorous Stance_SB": 2360, "Mukotai Ambusher": 1412, "Bloodghast": 215, "Molt Tender": 1384, "Driven // Despair_SB": 625, "Ashiok, Wicked Manipulator_SB": 116, "Anim Pakal, Thousandth Moon": 80, "Basri, Tomorrow's Champion": 163, "Embercleave": 672, "Plaza of Heroes": 1591, "Skrelv, Defector Mite": 1938, "Urza's Ruinous Blast_SB": 2347, "The Speed Demon": 2193, "Intimidation Tactics_SB": 1058, "Brokers Hideout": 266, "Cabaretti Courtyard": 283, "Doppelgang": 592, "Fires of Victory": 796, "Maestros Theater": 1301, "Nissa, Resurgent Animist": 1458, "Riveteers Overlook": 1750, "Shigeki, Jukai Visionary": 1898, "Virtue of Strength": 2385, "Worldsoul's Rage": 2481, "Bonny Pall, Clearcutter_SB": 236, "Roxanne, Starfall Savant_SB": 1770, "Three Steps Ahead_SB": 2219, "Guardian of Faith_SB": 930, "Nowhere to Run_SB": 1476, "Feed the Cycle": 770, "Hostile Investigator": 1014, "Rankle's Prank": 1657, "Deathcap Glade": 515, "Freestrider Lookout": 834, "Ghost Vacuum": 862, "Ketramose, the New Dawn": 1145, "Restless Cottage": 1719, "Scrabbling Claws": 1823, "Shattered Sanctum": 1885, "Legion's End_SB": 1218, "Mosswood Dreadknight_SB": 1405, "Pest Control_SB": 1572, "Tear Asunder_SB": 2130, "Detention Sphere_SB": 556, "Willowrush Verge": 2457, "Optimistic Scavenger_SB": 1518, "Beacon Bolt_SB": 168, "Ancestral Anger": 71, "Leyline of Resonance": 1226, "Dreadmaw's Ire": 614, "Deep-Cavern Bat_SB": 527, "Legion Extruder_SB": 1215, "Commercial District": 419, "Innkeeper's Talent_SB": 1045, "Oildeep Gearhulk": 1497, "Commune with Spirits": 424, "Goro-Goro, Disciple of Ryusei": 910, "Itzquinth, Firstborn of Gishath": 1079, "Kari Zev, Skyship Raider": 1117, "Radha, Heart of Keld": 1638, "Redshift, Rocketeer Chief": 1691, "Rockfall Vale": 1758, "Ruby, Daring Tracker": 1774, "Feed the Clan_SB": 769, "Scorching Dragonfire_SB": 1819, "Transmogrify": 2266, "Tribute to Horobi": 2279, "Volcanic Spite": 2401, "Virtue of Persistence_SB": 2384, "Void Winnower_SB": 2400, "Dark Betrayal_SB": 491, "Bleachbone Verge": 201, "Starnheim Unleashed_SB": 2033, "Caves of Koilos": 340, "Collective Brutality": 405, "Detention Chariot": 555, "Tune Up": 2283, "Elenda, Saint of Dusk_SB": 658, "Kaya the Inexorable_SB": 1124, "Thundering Broodwagon": 2227, "Cave of the Frost Dragon": 337, "Mardu Woe-Reaper": 1329, "Fateful Absence_SB": 759, "Secure the Wastes": 1844, "Make Disappear_SB": 1310, "Castle Garenbrig": 320, "Cityscape Leveler": 380, "Emrakul, the Promised End": 681, "Sire of Seven Deaths": 1931, "Leyline Binding_SB": 1222, "Sire of Seven Deaths_SB": 1932, "Ugin, the Spirit Dragon_SB": 2300, "Dragonlord Dromoka": 600, "Ashiok, Nightmare Weaver": 113, "Jace's Defeat_SB": 1083, "Fearless Swashbuckler": 765, "Gastal Thrillroller": 848, "Hazoret, Godseeker": 959, "Clockwork Percussionist": 396, "Searing Blood": 1838, "Skullcrack": 1940, "Roast_SB": 1754, "Memory Deluge_SB": 1351, "Pawpatch Formation": 1561, "Vinereap Mentor": 2378, "Camellia, the Seedmiser": 294, "Vraska, Golgari Queen": 2414, "Wastewood Verge": 2431, "Inspiring Overseer": 1053, "Norin, Swift Survivalist": 1470, "Agatha of the Vile Cauldron": 50, "Tamiyo's Safekeeping_SB": 2123, "Ral, Crackling Wit_SB": 1650, "Assassin's Trophy_SB": 118, "Big Score": 182, "Chandra, Acolyte of Flame_SB": 359, "Untimely Malfunction_SB": 2336, "Empyrean Eagle": 680, "Lofty Denial": 1270, "Phantom Interference": 1574, "Selfless Spirit": 1853, "Dewdrop Cure_SB": 560, "Remorseful Cleric_SB": 1706, "Dusk // Dawn_SB": 637, "Mindlink Mech_SB": 1368, "Collector's Cage": 408, "Dusk Rose Reliquary": 639, "Giant Killer": 869, "Overgrown Farmland": 1534, "Parting Gust": 1554, "Sandstorm Salvager": 1800, "Sentinel of the Nameless City": 1855, "Teething Wurmlet": 2132, "Murderous Cut": 1415, "Unlicensed Hearse": 2329, "Anguished Unmaking_SB": 79, "Kaya, Orzhov Usurper_SB": 1129, "Call of the Death-Dweller": 289, "Drownyard Temple": 631, "Narcomoeba": 1431, "Prized Amalgam": 1610, "Quag Feast": 1627, "Boommobile": 238, "Fomori Vault": 816, "Glint-Nest Crane": 887, "Hedron Archive": 968, "Paradox Engine": 1551, "Portal of Sanctuary": 1600, "Prophetic Prism": 1614, "Repurposing Bay": 1711, "Snow-Covered Island": 1970, "Snow-Covered Mountain": 1971, "Terrarion": 2151, "The Enigma Jewel": 2175, "The Mightstone and Weakstone": 2182, "Thran Spider": 2217, "Workshop Assistant": 2480, "Lantern of the Lost_SB": 1200, "Liberator, Urza's Battlethopter_SB": 1232, "Noxious Gearhulk_SB": 1478, "Shrapnel Slinger_SB": 1911, "Pest Control": 1571, "Defiant Strike": 531, "Illuminator Virtuoso": 1030, "Gods Willing_SB": 905, "Avishkar Raceway": 136, "Fuel the Flames_SB": 840, "Skycrash_SB": 1945, "Gifted Aetherborn": 873, "Murderous Rider": 1417, "Sign in Blood": 1913, "Sea Gate Restoration": 1832, "Dig Through Time_SB": 564, "Blood Baron of Vizkopa": 209, "Ashiok, Nightmare Muse_SB": 112, "Giant Killer_SB": 870, "Benthic Biomancer": 177, "Cenote Scout": 348, "Deeproot Pilgrimage": 528, "Kumena, Tyrant of Orazca": 1188, "Mindspring Merfolk": 1369, "Tishana's Tidebinder": 2235, "Vodalian Hexcatcher": 2392, "Tidebinder Mage_SB": 2230, "Bloodchief's Thirst_SB": 214, "Eaten Alive_SB": 641, "Biting-Palm Ninja_SB": 189, "Dokuchi Silencer_SB": 585, "Beseech the Mirror": 178, "Kazuul's Toll Collector": 1133, "Shardmage's Rescue_SB": 1880, "Immersturm Raider": 1031, "The Speed Demon_SB": 2194, "Expedite": 718, "Burnout Bashtronaut": 277, "Draconautics Engineer": 596, "Fanatical Firebrand": 752, "Hobgoblin Bandit Lord": 998, "Howlsquad Heavy": 1017, "Krenko, Mob Boss": 1182, "Goblin Ringleader_SB": 902, "Volley Veteran_SB": 2406, "Harrier Strix": 948, "Hypnotic Grifter": 1023, "Omen Hawker": 1502, "The Reality Chip": 2187, "Training Grounds": 2263, "Witness Protection": 2471, "Basilisk Collar_SB": 162, "Waste Not_SB": 2428, "Foulmire Knight": 827, "Swiftfoot Boots_SB": 2109, "Fry_SB": 838, "Collision // Colossus": 411, "Overprotect_SB": 1543, "Viashino Pyromancer": 2375, "Shoot the Sheriff": 1903, "Stock Up": 2045, "Riverpyre Verge": 1749, "Strangle": 2058, "Temple of Epiphany": 2140, "Liliana, the Last Hope_SB": 1257, "Reflector Mage_SB": 1694, "Concealing Curtains": 427, "Riptide Gearhulk_SB": 1741, "Elenda, Saint of Dusk": 657, "Blade Historian": 195, "Jirina, Dauntless General": 1099, "Kitesail Larcenist": 1155, "Pyre of Heroes": 1622, "Satoru, the Infiltrator": 1804, "Secluded Courtyard": 1842, "Unclaimed Territory": 2310, "Jirina, Dauntless General_SB": 1100, "Night Clubber_SB": 1447, "Aegis Turtle_SB": 40, "Up the Beanstalk_SB": 2339, "Battle at the Bridge": 165, "Mephitic Draught": 1354, "Snow-Covered Swamp": 1973, "Spire of Industry": 2015, "Battle at the Bridge_SB": 166, "Assassin's Trophy": 117, "Analyze the Pollen": 69, "Ride's End": 1734, "Cleansing Wildfire": 388, "Crumble to Dust": 466, "Encroaching Wastes": 684, "Gnottvold Slumbermound": 893, "Haphazard Bombardment": 945, "Jaya's Greeting": 1092, "Krenko's Buzzcrusher": 1180, "Paradise Druid": 1550, "Ravager Wurm": 1665, "Rootbound Crag": 1764, "Rowan, Scholar of Sparks": 1769, "Rubble Reading": 1772, "Sheltered Thicket": 1890, "Structural Distortion": 2065, "Sylvan Primordial": 2114, "Territory Forge": 2152, "Twin Bolt": 2286, "Voyaging Satyr": 2410, "Herbology Instructor_SB": 979, "Nissa's Defeat_SB": 1454, "Peak Eruption_SB": 1565, "Reclamation Sage_SB": 1684, "Scrabbling Claws_SB": 1824, "Noxious Gearhulk": 1477, "Dreadhorde Arcanist": 612, "Hazoret the Fervent": 956, "Ashiok, Nightmare Muse": 111, "Jace, Vryn's Prodigy_SB": 1085, "Murderous Cut_SB": 1416, "Borrowed Hostility": 242, "Honest Rutstein": 1002, "Malakir Rebirth": 1312, "The Filigree Sylex_SB": 2176, "Hallowed Moonlight": 940, "Barbed Batterfist": 155, "Webstrike Elite": 2439, "Yahenni's Expertise": 2490, "Commit // Memory_SB": 421, "Demilich_SB": 535, "Progenitor Mimic": 1613, "Banefire": 151, "The World Tree": 2201, "Koma, Cosmos Serpent_SB": 1172, "Nylea's Presence": 1484, "Warping Wail_SB": 2425, "Steel Seraph": 2038, "Commune with Dinosaurs": 423, "Ghalta, Primal Hunger": 860, "Marauding Raptor": 1321, "Pugnacious Hammerskull": 1621, "Rampaging Raptor": 1655, "Regal Imperiosaur": 1698, "Regisaur Alpha": 1699, "Ripjaw Raptor": 1738, "Glasspool Mimic": 882, "Phyrexian Censor": 1577, "Nimble Larcenist_SB": 1450, "Experimental Synthesizer": 725, "Violent Urge_SB": 2380, "Champion of the Perished": 356, "Cryptbreaker": 470, "Dark Salvation": 496, "Dread Wanderer": 610, "Relentless Dead": 1703, "Wayward Servant": 2434, "Zahur, Glory's Past": 2506, "Crippling Fear_SB": 464, "Boon of Boseiju": 239, "Wakeroot Elemental": 2418, "Esika's Chariot_SB": 706, "Luminarch Aspirant": 1288, "Hidetsugu Consumes All": 987, "Fighter Class": 788, "Flowerfoot Swordmaster": 811, "Mabel, Heir to Cragflame": 1295, "Chainsaw_SB": 354, "Nettle Guard_SB": 1445, "Sword of Forge and Frontier_SB": 2111, "Split Up": 2021, "Heliod's Intervention_SB": 969, "Fiery Temper": 786, "Flameblade Adept": 799, "Highway Robbery": 993, "Maximize Velocity": 1343, "Ox of Agonas": 1545, "Birgi, God of Storytelling_SB": 187, "Lightning Axe_SB": 1242, "Expedition Map_SB": 720, "Stock Up_SB": 2046, "Voyaging Satyr_SB": 2411, "Samut's Sprint": 1795, "Wrenn and Realmbreaker": 2484, "Depopulate_SB": 545, "Unsubstantiate_SB": 2335, "Omen of the Dead_SB": 1504, "Sunspine Lynx": 2091, "Triton Shorestalker": 2281, "Archfiend of the Dross_SB": 100, "Lost Jitte": 1281, "Kaito, Cunning Infiltrator": 1110, "Ornithopter": 1521, "Silver-Fur Master": 1919, "Bloodchief's Thirst": 213, "Combat Research": 417, "Lazav, Wearer of Faces": 1206, "Medomai the Ageless": 1348, "Thalia, Heretic Cathar_SB": 2161, "Lotus Cobra": 1283, "Fires of Victory_SB": 797, "Guardian of Faith": 929, "Gods Willing": 904, "Riptide Gearhulk": 1740, "Saheeli, Sublime Artificer_SB": 1792, "Kumena's Speaker": 1187, "Eidolon of the Great Revel_SB": 648, "Gather Courage_SB": 851, "Carnage Tyrant": 303, "Festering Gulch": 778, "Port of Karfell": 1597, "Elder Gargaroth_SB": 653, "Fog_SB": 815, "Quick Study": 1633, "Crackling Drake_SB": 454, "Roaring Furnace // Steaming Sauna": 1752, "Nahiri, the Unforgiving_SB": 1430, "Kozilek's Return_SB": 1177, "Bitter Reunion": 190, "Vampires' Vengeance": 2363, "Etali, Primal Conqueror_SB": 712, "Katilda, Dawnhart Martyr": 1120, "Slip Out the Back": 1958, "Feather, the Redeemed": 766, "Loran's Escape_SB": 1279, "Feather, the Redeemed_SB": 767, "Silvergill Adept": 1922, "Restless Fortress": 1720, "Ruin-Lurker Bat": 1776, "Healer's Hawk": 961, "Essence Channeler": 708, "Voice of the Blessed": 2397, "Exemplar of Light": 716, "Linden, the Steadfast Queen": 1260, "Leyline of Hope": 1225, "Authority of the Consuls": 131, "Case of the Uneaten Feast": 316, "Scoured Barrens": 1821, "Rogue's Passage": 1759, "Dewdrop Cure": 559, "Lunarch Veteran": 1290, "Crystal Barricade_SB": 476, "Afterburner Expert": 47, "Omnivorous Flytrap": 1512, "Agatha's Soul Cauldron_SB": 52, "Teferi, Hero of Dominaria_SB": 2134, "Void Rend_SB": 2399, "Ox of Agonas_SB": 1546, "Twinshot Sniper": 2288, "Keruga, the Macrosage": 1143, "Agent of Treachery_SB": 53, "Twinshot Sniper_SB": 2289, "Anzrag, the Quake-Mole": 88, "Temple of Abandon": 2137, "Tamiyo's Safekeeping": 2122, "Tear Asunder": 2129, "Blot Out": 225, "Scrapshooter": 1826, "Questing Beast": 1629, "Thrun, Breaker of Silence": 2222, "Nissa, Ascended Animist": 1456, "Tyrranax Rex": 2291, "Nissa, Ascended Animist_SB": 1457, "Shifting Ceratops_SB": 1897, "Hornet Queen_SB": 1011, "Adorned Pouncer": 37, "Arahbo, the First Fang": 92, "Lion Sash": 1263, "Open the Armory": 1514, "Roadside Reliquary": 1751, "Sacred Cat": 1788, "Skyknight Squire": 1946, "Satoru Umezawa": 1803, "Play with Fire_SB": 1590, "Exquisite Firecraft_SB": 727, "Harvester of Misery_SB": 949, "Out of Air_SB": 1528, "Cry of the Carnarium": 468, "Kaya, Orzhov Usurper": 1128, "Soul-Guide Lantern": 1991, "The End": 2173, "Calamity's Wake_SB": 287, "Exorcise_SB": 717, "Spontaneous Mutation_SB": 2023, "Bonecrusher Giant_SB": 235, "Sorin, Vengeful Bloodlord_SB": 1986, "Exquisite Firecraft": 726, "Raucous Carnival": 1662, "Curse of Shaken Faith_SB": 484, "Painter's Studio // Defaced Gallery": 1548, "Chance for Glory_SB": 357, "Magmatic Chasm_SB": 1308, "Requisition Raid_SB": 1713, "Shrapnel Blast_SB": 1910, "Tireless Tracker_SB": 2234, "Titania, Voice of Gaea_SB": 2240, "Doppelgang_SB": 593, "Kiora's Follower": 1149, "Merfolk Mistbinder": 1355, "Merfolk Trickster_SB": 1357, "Mockingbird_SB": 1383, "Fading Hope_SB": 743, "Smuggler's Copter_SB": 1963, "Mosswood Dreadknight": 1404, "Lovestruck Beast": 1285, "Debris Beetle": 520, "Mystic Repeal_SB": 1423, "Epic Downfall_SB": 700, "Long Goodbye_SB": 1273, "Builder's Talent": 272, "Sunder the Gateway": 2079, "Vaultborn Tyrant": 2368, "Nullhide Ferox_SB": 1480, "Cavalier of Flame": 335, "Drowned Catacomb": 630, "Woodland Cemetery": 2479, "Kitsa, Otterball Elite": 1157, "Rona, Herald of Invasion": 1763, "Valley Floodcaller": 2356, "Abhorrent Oculus_SB": 22, "Reckless Stormseeker": 1681, "Rocketeer Boostbuggy": 1756, "The Akroan War": 2166, "Bladestitched Skaab": 198, "Lazotep Reaver": 1209, "Rotten Reunion_SB": 1766, "The Scarab God_SB": 2190, "Loran's Escape": 1278, "Blessed Defiance_SB": 203, "Cruelclaw's Heist_SB": 465, "Knight of Grace": 1163, "Swan Song_SB": 2105, "Enduring Tenacity_SB": 692, "Skyclave Cleric": 1944, "Ajani, Strength of the Pride_SB": 57, "Chandra, Spark Hunter_SB": 364, "Growth Spiral": 925, "Ill-Timed Explosion_SB": 1028, "Witness Protection_SB": 2472, "Bomat Courier": 231, "Phoenix Chick": 1575, "Tasigur, the Golden Fang": 2128, "Tocasia's Welcome_SB": 2244, "Gideon of the Trials": 871, "Azor, the Lawbringer_SB": 142, "The Scarab God": 2189, "Radiant Flames_SB": 1639, "Mortify": 1402, "Doom Foretold": 587, "Nine-Lives Familiar": 1453, "Rite of Oblivion": 1743, "Starfield of Nyx": 2032, "Kaya's Wrath_SB": 1127, "Necromentia_SB": 1438, "Creeping Chill": 463, "Silversmote Ghoul": 1923, "Fog": 814, "Gaea's Blessing": 843, "Haze of Pollen": 955, "Jace, the Perfected Mind": 1087, "Tamiyo, Collector of Tales": 2124, "Union of the Third Path": 2325, "Winds of Qal Sisma": 2460, "Carnage Tyrant_SB": 304, "Drannith Ruins": 607, "Thought-Knot Seer": 2210, "Wasteland Strangler": 2429, "Phyrexian Fleshgorger": 1580, "Ifnir Deadlands": 1026, "Bearer of Silence": 170, "Knight of the Ebon Legion": 1165, "Deep-Cavern Bat": 526, "Caustic Bronco": 329, "Reality Smasher_SB": 1672, "Necrotic Wound": 1439, "Necrotic Wound_SB": 1440, "Fuel the Flames": 839, "Unchained Berserker_SB": 2309, "Gix's Command_SB": 877, "Sorin the Mirthless_SB": 1985, "Shoot the Sheriff_SB": 1904, "Turntimber Symbiosis": 2285, "Graf Reaver_SB": 911, "Kraul Whipcracker_SB": 1179, "Maelstrom Pulse_SB": 1299, "Dive Down_SB": 582, "Fear of Impostors": 761, "Riptide Chimera": 1739, "Fear of Impostors_SB": 762, "Acererak the Archlich": 30, "Gwenna, Eyes of Gaea": 934, "Relic of Legends": 1704, "Eldrazi Displacer": 654, "Fleecemane Lion": 801, "Witchstalker_SB": 2466, "Yasharn, Implacable Earth": 2491, "Felonious Rage": 775, "Molten Collapse": 1385, "Lavinia, Azorius Renegade_SB": 1204, "Selfless Glyphweaver_SB": 1851, "Yasharn, Implacable Earth_SB": 2492, "Blood Spatter Analysis": 212, "Soul-Scar Mage_SB": 1994, "Demonic Bargain": 539, "Regal Bunnicorn": 1696, "Osseous Sticktwister": 1522, "Korvold, Fae-Cursed King": 1173, "Trail of Crumbs": 2261, "Korvold, Fae-Cursed King_SB": 1174, "Dive Down": 581, "Jace Reawakened_SB": 1082, "March of Swirling Mist_SB": 1325, "Blessed Defiance": 202, "Homestead Courage": 1001, "Guardian of New Benalia": 931, "Phyrexian Dragon Engine": 1579, "Seasoned Hallowblade": 1840, "The Mycosynth Gardens": 2184, "Alrund's Epiphany": 64, "Escape to the Wilds": 703, "Loot, the Pathfinder": 1275, "Nissa, Who Shakes the World": 1461, "Obliterating Bolt_SB": 1489, "Burning Earth_SB": 275, "Fugitive Codebreaker": 841, "Bedeck // Bedazzle_SB": 172, "Cease // Desist_SB": 342, "Adanto Vanguard": 33, "Favored Hoplite": 760, "Flowstone Infusion": 812, "Sejiri Shelter": 1849, "Tenth District Legionnaire": 2149, "Portal to Phyrexia_SB": 1602, "Consign // Oblivion": 435, "Elspeth, Sun's Champion_SB": 669, "Invasion of New Phyrexia_SB": 1067, "Wilt_SB": 2459, "Clifftop Lookout": 392, "Dreamdew Entrancer": 618, "Dreamroot Cascade": 619, "Fecund Greenshell": 768, "Insidious Fungus": 1050, "Loot, Exuberant Explorer": 1274, "Risen Reef": 1742, "Tangled Florahedron": 2126, "Healer of the Glade_SB": 960, "Tale's End_SB": 2121, "Omen of the Sun_SB": 1507, "Ashiok, Wicked Manipulator": 115, "Dreams of Steel and Oil": 621, "Blood Baron of Vizkopa_SB": 210, "Elspeth Conquers Death_SB": 664, "Gisa, the Hellraiser_SB": 876, "Ride's End_SB": 1735, "Omen of the Sun": 1506, "Enduring Courage": 687, "Beseech the Mirror_SB": 179, "Forbidden Friendship": 818, "Case of the Gateway Express_SB": 314, "Collective Effort_SB": 407, "Forge Devil_SB": 821, "Perilous Snare_SB": 1570, "Commence the Endgame_SB": 418, "Siphon Insight_SB": 1929, "Monastery Mentor": 1391, "Seeker of the Way_SB": 1847, "Experimental Confectioner": 723, "Redcap Melee": 1688, "Calix, Guided by Fate": 288, "Jukai Naturalist": 1103, "Royal Treatment": 1771, "Setessan Champion": 1861, "Trapped in the Screen": 2267, "Virtue of Loyalty": 2382, "Weaver of Harmony": 2438, "Ghostly Dancers_SB": 865, "Trapped in the Screen_SB": 2268, "Day of Judgment": 503, "The Birth of Meletis": 2169, "Cryptolith Rite": 475, "Lightning Strike_SB": 1246, "Bottomless Pool // Locker Room": 247, "Bottomless Pool // Locker Room_SB": 248, "Hidetsugu's Second Rite": 989, "Hidetsugu's Second Rite_SB": 990, "Knockout Blow": 1167, "Eidolon of Blossoms": 644, "Eidolon of Blossoms_SB": 645, "Seal from Existence_SB": 1835, "Ob Nixilis, the Adversary": 1487, "Incubation Druid": 1038, "Interplanar Beacon": 1055, "Kaya the Inexorable": 1123, "Mistrise Village": 1379, "Nicol Bolas, Dragon-God": 1446, "Ral Zarek": 1648, "Tamiyo, Field Researcher": 2125, "Vraska, Betrayal's Sting": 2413, "Kunoros, Hound of Athreos_SB": 1189, "Qarsi Revenant": 1625, "Qarsi Revenant_SB": 1626, "Tersa Lightshatter": 2153, "Dragonfire Blade": 599, "Lavaspur Boots_SB": 1203, "Descendant of Storms": 548, "Case of the Crimson Pulse": 311, "Rakdos's Return_SB": 1646, "Cemetery Illuminator": 345, "Muraganda Raceway": 1414, "Cease // Desist": 341, "Cram Session": 457, "Fell": 774, "Insatiable Avarice": 1046, "The Biblioplex": 2168, "Valgavoth's Onslaught": 2352, "Containment Breach_SB": 439, "Environmental Sciences_SB": 698, "Introduction to Annihilation_SB": 1062, "Mascot Exhibition_SB": 1335, "Pest Summoning_SB": 1573, "Umori, the Collector_SB": 2306, "Mox Jasper": 1410, "Mistrise Village_SB": 1380, "Elspeth, Storm Slayer": 667, "United Battlefront": 2326, "Voice of Victory": 2395, "Sunder the Gateway_SB": 2080, "Voice of Victory_SB": 2396, "Cori-Steel Cutter": 446, "Wild Ride": 2453, "Cori-Steel Cutter_SB": 447, "Rot-Curse Rakshasa": 1765, "History of Benalia": 996, "The Restoration of Eiganjo": 2188, "Katilda, Dawnhart Prime": 1122, "Songcrafter Mage": 1981, "Three Tree City": 2220, "Militia Bugler_SB": 1367, "Strategic Betrayal": 2060, "Desperate Measures": 551, "Caustic Exhale": 331, "Dispelling Exhale": 575, "Foul-Tongue Invocation": 826, "Marang River Regent": 1317, "Scavenger Regent": 1814, "Silumgar's Scorn": 1917, "Caustic Exhale_SB": 332, "Strategic Betrayal_SB": 2061, "Dragonskull Summit": 603, "Sunpearl Kirin": 2086, "Fracture_SB": 832, "Flashfreeze_SB": 800, "Chained to the Rocks": 351, "Treasure Map": 2275, "Archangel Elspeth": 97, "Pia Nalaar, Consul of Revival": 1582, "Reckless Impulse": 1677, "Wrenn's Resolve": 2485, "This Town Ain't Big Enough_SB": 2207, "Ascendant Spirit": 108, "Faceless Haven": 739, "Faceless Haven_SB": 740, "Jaya, Fiery Negotiator": 1093, "Not on My Watch_SB": 1472, "Gurmag Angler": 932, "Murderous Rider_SB": 1418, "Cori Mountain Monastery": 445, "Make Disappear": 1309, "Stormwing Entity": 2057, "Stormscale Scion": 2055, "Stormscale Scion_SB": 2056, "Metamorphic Alteration": 1362, "Of One Mind": 1495, "Banishing Slash": 154, "Warden of the Grove": 2421, "Surrak, Elusive Hunter_SB": 2101, "United Battlefront_SB": 2327, "Ghostly Pilferer": 866, "Blue Sun's Twilight_SB": 228, "Cemetery Illuminator_SB": 346, "Slip Out the Back_SB": 1959, "Icon of Ancestry": 1024, "Icon of Ancestry_SB": 1025, "Lofty Denial_SB": 1271, "Fire Prophecy": 792, "White Sun's Twilight_SB": 2451, "Paradoxical Outcome_SB": 1552, "Break Out": 257, "Masked Vandal": 1336, "Fanatical Firebrand_SB": 753, "Gruul Charm_SB": 926, "Masked Vandal_SB": 1337, "Vivien Reid_SB": 2390, "Liliana, Death's Majesty": 1253, "Rakdos Joins Up": 1645, "Urgent Necropsy": 2345, "Shiko, Paragon of the Way": 1899, "Doorkeeper Thrull_SB": 591, "Decadent Dragon_SB": 521, "Scavenger's Talent_SB": 1816, "Ygra, Eater of All_SB": 2496, "Undead Sprinter_SB": 2312, "Runed Halo": 1781, "Boros Reckoner": 241, "Elspeth, Storm Slayer_SB": 668, "Mantis Rider": 1316, "Mardu Siegebreaker": 1328, "Kitesail Larcenist_SB": 1156, "Crackling Drake": 453, "Phyrexian Obliterator": 1581, "Atarka's Command_SB": 122, "Craterhoof Behemoth": 460, "Sanguine Evangelist": 1801, "Decisive Denial": 522, "Ebondeath, Dracolich": 642, "Ertai's Scorn": 702, "Rakshasa's Bargain": 1647, "Rewind": 1732, "Unwind": 2337, "Awaken the Honored Dead_SB": 138, "Deathmark_SB": 516, "Gaze of Granite_SB": 852, "Lutri, the Spellchaser_SB": 1293, "Shadows' Verdict_SB": 1870, "Specter's Shriek_SB": 2003, "Thrun, Breaker of Silence_SB": 2223, "Abrade": 23, "Collected Company_SB": 404, "Herald of Eternal Dawn_SB": 978, "Severance Priest": 1866, "Yathan Roadwatcher": 2493, "Long Goodbye": 1272, "Selfless Savior": 1852, "Legion Angel": 1212, "Wojek Investigator": 2476, "Legion Angel_SB": 1213, "Apostle of Purifying Light_SB": 89, "Sixth Sense": 1933, "Kaya's Ghostform": 1125, "Hammerhand": 943, "Aqueous Form": 91, "Cartouche of Solidarity": 307, "Restless Vents": 1724, "Jeskai Revelation": 1095, "Stern Lesson": 2041, "Chained to the Rocks_SB": 352, "Connive // Concoct": 432, "Creative Outburst": 462, "Temple of Deceit": 2138, "Temple of Enlightenment": 2139, "Temple of Malice": 2141, "Temple of Silence": 2143, "Temple of Triumph": 2144, "Ray of Frost_SB": 1667, "Bontu's Last Reckoning_SB": 237, "Deafening Silence": 513, "Hardened Scales": 946, "Fiery Annihilation_SB": 783, "Dragonlord Silumgar": 602, "Painful Truths": 1547, "Search for Azcanta": 1836, "Supreme Will": 2096, "Contraband Kingpin_SB": 442, "Village Rites": 2376, "Llanowar Visionary": 1268, "Crash Through": 458, "Ugin, Eye of the Storms": 2298, "Robber of the Rich_SB": 1755, "Izzet Charm": 1080, "Greedy Freebooter": 920, "Shambling Ghast": 1875, "Hangarback Walker": 944, "Marketback Walker": 1333, "Diabolic Intent": 561, "Scrapwork Mutt": 1828, "Gleaming Barrier": 883, "Liliana's Standard Bearer": 1252, "The Sibsig Ceremony": 2192, "Callous Bloodmage_SB": 291, "Friendly Teddy": 836, "Experiment One": 721, "Kitesail Freebooter_SB": 1154, "Muerra, Trash Tactician": 1411, "Cut // Ribbons": 486, "Dusk Legion Zealot": 638, "Markov Baron": 1334, "Patchwork Banner": 1557, "Bedevil_SB": 173, "Champion of Dusk_SB": 355, "Deadly Dispute_SB": 510, "Soul Transfer_SB": 1990, "Kishla Village": 1152, "Devilish Valet": 557, "Runaway Steam-Kin": 1777, "Grinning Ignus": 923, "Hazoret's Monument": 958, "Light Up the Night": 1236, "Cemetery Prowler_SB": 347, "Nissa, Steward of Elements_SB": 1459, "Rampaging Ferocidon": 1653, "Overlord of the Balemurk_SB": 1537, "Stormchaser's Talent_SB": 2054, "Spring-Loaded Sawblades": 2025, "Dennick, Pious Apprentice_SB": 544, "Slaughter Games_SB": 1953, "Shadows' Verdict": 1869, "The Book of Exalted Deeds_SB": 2171, "Sokenzan, Crucible of Defiance_SB": 1977, "Baneslayer Angel_SB": 153, "Trelasarra, Moon Dancer": 2277, "Kaito Shizuki": 1107, "Silent Hallcreeper": 1916, "Ashiok, Nightmare Weaver_SB": 114, "Evolved Sleeper": 715, "Tenacious Underdog_SB": 2148, "Rediscover the Way": 1690, "Balmor, Battlemage Captain": 148, "Sram, Senior Edificer": 2028, "Shapers' Sanctuary": 1877, "Eidolon of Rhetoric_SB": 646, "Wizard's Retort_SB": 2474, "Clever Lumimancer": 391, "Niv-Mizzet, Parun": 1463, "Sweltering Suns": 2106, "Marang River Regent_SB": 1319, "Omnath, Locus of the Roil": 1510, "Lilah, Undefeated Slickshot": 1249, "Tolsimir, Friend to Wolves_SB": 2246, "Giant Growth": 868, "Heritage Reclamation_SB": 983, "Brimaz, King of Oreskos": 261, "Intimidation Tactics": 1057, "Liliana, Dreadhorde General_SB": 1254, "Katilda, Dawnhart Martyr_SB": 1121, "Spirit-Sister's Call": 2018, "Bandit's Talent_SB": 150, "Fountainport Bell": 831, "Dreams of Steel and Oil_SB": 622, "Gonti, Lord of Luxury_SB": 909, "Frontline Rush": 837, "Mortify_SB": 1403, "Treasure Cruise_SB": 2274, "Drake Hatcher": 604, "Eshki Dragonclaw": 704, "Herd Heirloom": 980, "The Huntsman's Redemption": 2177, "Canyon Slough": 299, "Captain Lannery Storm": 301, "Charming Scoundrel": 373, "Goldhound": 906, "Goldspan Dragon": 907, "Kalain, Reclusive Painter": 1111, "Marionette Master": 1331, "Reckless Fireweaver": 1676, "Sticky Fingers": 2042, "Treasure Vault": 2276, "Vraska's Contempt": 2412, "Karn, Scion of Urza_SB": 1118, "Moment of Craving_SB": 1388, "Ratchet Bomb_SB": 1659, "Unlicensed Disintegration_SB": 2328, "Quicken": 1634, "Seal from Existence": 1834, "Amonkhet Raceway": 68, "Shore Up": 1905, "Aetherflux Reservoir_SB": 46, "Shore Up_SB": 1906, "Illness in the Ranks_SB": 1029, "Phyrexian Arena_SB": 1576, "Abbot of Keral Keep": 19, "Anax, Hardened in the Forge": 70, "Incendiary Flow": 1037, "Invigorated Rampage": 1070, "Rimrock Knight": 1737, "Shock": 1902, "Wild Slash": 2454, "Dire Fleet Daredevil_SB": 566, "Flame-Blessed Bolt_SB": 798, "Sword of Once and Future_SB": 2112, "Virulent Plague_SB": 2386, "Magebane Lizard": 1303, "Arboreal Grazer_SB": 95, "Snow-Covered Plains": 1972, "Sunset Revelry": 2089, "Unexpected Windfall": 2320, "Worldspine Wurm": 2482, "Xenagos, God of Revels": 2487, "Elite Spellbinder": 662, "Herald of Eternal Dawn": 977, "Skrelv's Hive": 1937, "Defabricate_SB": 530, "Collector's Cage_SB": 409, "Vaultborn Tyrant_SB": 2369, "Ajani, Strength of the Pride": 56, "Reluctant Role Model": 1705, "Plargg, Dean of Chaos": 1588, "Hushbringer_SB": 1021, "Ureni, the Song Unending": 2343, "Dire Tactics": 567, "Order of Midnight": 1520, "Virtue of Courage": 2381, "Ball Lightning": 147, "Scytheclaw Raptor_SB": 1831, "Cathartic Reunion": 327, "Ancient Imperiosaur": 74, "Gastal Thrillroller_SB": 849, "Invasion of Ergamon": 1063, "Evangel of Synthesis": 714, "Duelist of the Mind": 634, "Portent of Calamity": 1603, "Extraordinary Journey": 733, "Concerted Defense_SB": 428, "Rapid Hybridization_SB": 1658, "Doom Whisperer_SB": 589, "Hooting Mandrills": 1003, "Jin-Gitaxias, Progress Tyrant_SB": 1098, "Smuggler's Surprise_SB": 1965, "Toxrill, the Corrosive_SB": 2260, "Awaken the Honored Dead": 137, "Ghostly Dancers": 864, "Heliod, the Radiant Dawn_SB": 973, "Dispel_SB": 574, "Chandra, Hope's Beacon": 363, "Obscura Storefront": 1492, "Disfigure_SB": 573, "Voltage Surge": 2407, "Blue Sun's Twilight": 227, "Conduit Pylons": 430, "Ipnu Rivulet": 1073, "Outcaster Greenblade": 1529, "Fae of Wishes_SB": 745, "Anger of the Gods": 76, "Koth, Fire of Resistance_SB": 1175, "Drake Hatcher_SB": 605, "Striped Riverwinder": 2064, "Oracle of Tragedy": 1519, "Gurmag Nightwatch": 933, "Ashen Rider": 109, "Baleful Mastery": 146, "Agonizing Remorse_SB": 54, "Repel the Abominable": 1708, "Repel the Abominable_SB": 1709, "Secrets of the Key": 1843, "Slaughter Singer": 1954, "Venerated Rotpriest": 2373, "The Seedcore": 2191, "Crawling Chorus": 461, "Annex Sentry": 81, "Bloated Contaminator": 208, "Jawbone Duelist": 1091, "Overprotect": 1542, "Ajani, Sleeper Agent_SB": 55, "Phyrexian Censor_SB": 1578, "Tyvar's Stand_SB": 2294, "Annex Sentry_SB": 82, "Melira, the Living Cure_SB": 1349, "Hallowed Moonlight_SB": 941, "Selfless Spirit_SB": 1854, "Vineglimmer Snarl": 2377, "Port Town": 1596, "Mystic Reflection": 1422, "Heroic Intervention": 984, "Emergence Zone": 675, "Augmenter Pugilist": 126, "Augur of Autumn": 127, "Simic Charm": 1924, "Fortified Village": 825, "Biovisionary": 185, "Repudiate // Replicate_SB": 1710, "Chord of Calling_SB": 375, "Baird, Steward of Argive_SB": 144, "Glorybringer": 892, "Scavenging Ooze": 1817, "Mizzium Mortars": 1381, "Not on My Watch": 1471, "Scattered Thoughts": 1813, "Nature's Rhythm": 1437, "Dryad's Revival": 633, "Mabel, Heir to Cragflame_SB": 1296, "Wear Down_SB": 2436, "Slagstorm_SB": 1951, "Stern Dismissal_SB": 2040, "Cartouche of Zeal": 309, "Skylasher_SB": 1947, "Niv-Mizzet, Visionary_SB": 1466, "Despark_SB": 550, "Dennick, Pious Apprentice": 543, "Angrath, the Flame-Chained_SB": 78, "Dark Petition_SB": 495, "Heliod's Pilgrim_SB": 970, "Kaya's Ghostform_SB": 1126, "Skrelv, Defector Mite_SB": 1939, "Hornet Queen": 1010, "Ojer Taq, Deepest Foundation": 1499, "Pyroclasm": 1623, "Ritual of Soot_SB": 1746, "Unlucky Witness": 2331, "Vampires' Vengeance_SB": 2364, "Lord Skitter, Sewer King": 1280, "Aclazotz, Deepest Betrayal_SB": 32, "Tomik, Distinguished Advokist_SB": 2248, "Hearth Elemental": 963, "Sanguine Evangelist_SB": 1802, "Spirit-Sister's Call_SB": 2019, "Demonic Counsel": 540, "Consuming Fervor": 438, "Aetherflux Reservoir": 45, "Mountain_SB": 1407, "Summary Dismissal_SB": 2072, "Lamplight Phoenix_SB": 1196, "Portal to Phyrexia": 1601, "Ovalchase Daredevil": 1533, "Inscribed Tablet": 1047, "Scourge of the Skyclaves": 1822, "Warlock Class": 2423, "Lich-Knights' Conquest": 1233, "Silent Gravestone_SB": 1915, "Ulcerate_SB": 2302, "Kaervek, the Spiteful_SB": 1105, "Smoldering Egg": 1961, "Can't Stay Away_SB": 297, "Disenchant_SB": 572, "Feldon, Ronom Excavator": 773, "Infuriate_SB": 1042, "Wandering Mind": 2419, "Candy Trail": 298, "Colossal Skyturtle": 413, "Mirrorshell Crab": 1372, "Teferi, Who Slows the Sunset": 2135, "Chaos Wand_SB": 370, "Dissection Tools_SB": 579, "Jace, the Perfected Mind_SB": 1088, "Zirda, the Dawnwaker_SB": 2513, "Recommission_SB": 1686, "Abbot of Keral Keep_SB": 20, "Clarion Conqueror_SB": 386, "Rabbit Battery": 1637, "Faerie Dreamthief": 746, "Steamcore Scholar": 2037, "Winternight Stories": 2461, "Seasons Past": 1841, "Defabricate": 529, "Immortal Phoenix_SB": 1032, "Yuna, Hope of Spira": 2501, "Cunning Coyote_SB": 482, "Blisterpod": 205, "Cartel Aristocrat": 306, "Rally the Ancestors": 1652, "Sephiroth, Fabled SOLDIER": 1858, "Starting Town": 2034, "Heliod, Sun-Crowned_SB": 971, "Ruthless Lawbringer_SB": 1785, "Abuelo's Awakening": 29, "Summon: Knights of Round": 2073, "Lightwheel Enhancements": 1248, "Joshua, Phoenix's Dominant": 1101, "Kroxa and Kunoros": 1183, "Terra, Magical Adept": 2150, "Vivi Ornitier": 2388, "Dark Confidant_SB": 493, "Ishgard, the Holy See": 1077, "Unflinching Courage": 2321, "Unflinching Courage_SB": 2322, "Vivi Ornitier_SB": 2389, "Eiganjo, Seat of the Empire_SB": 650, "Demon Wall": 538, "Fire Magic_SB": 791, "Twinmaw Stormbrood_SB": 2287, "Crumbling Vestige": 467, "Echoing Deeps": 643, "Glimpse the Core": 886, "Hour of Promise": 1016, "The Wandering Minstrel": 2198, "Kura, the Boundless Sky_SB": 1190, "Maelstrom of the Spirit Dragon_SB": 1300, "Toski, Bearer of Secrets_SB": 2257, "Surrak, Elusive Hunter": 2100, "Esper Origins": 707, "Cecil, Dark Knight": 343, "Dark Confidant": 492, "Gix, Yawgmoth Praetor": 878, "Vren, the Relentless_SB": 2416, "Opera Love Song": 1515, "Cryptcaller Chariot": 471, "Hostile Investigator_SB": 1015, "Tinybones, the Pickpocket": 2232, "Furnace Reins_SB": 842, "Bloodsoaked Champion": 217, "Kitesail Freebooter": 1153, "Lantern Scout_SB": 1199, "Sin Collector_SB": 1926, "Market Gnome": 1332, "Ancient Adamantoise": 72, "Summon: Leviathan": 2074, "Buster Sword": 281, "Freya Crescent": 835, "Smitten Swordmaster": 1960, "Monastery Swiftspear_SB": 1394, "Quicken_SB": 1635, "Alesha, Who Laughs at Fate": 59, "Zack Fair": 2504, "Bile Blight": 183, "Ruthless Negotiation_SB": 1786, "Staggering Insight": 2030, "Sporogenic Infection_SB": 2024, "Tocasia's Welcome": 2243, "Al Bhed Salvagers": 58, "Fleeting Spirit": 803, "Saiba Cryptomancer": 1793, "Warbriar Blessing": 2420, "The Raven Man": 2186, "Gryff's Boon_SB": 928, "Demolition Field_SB": 537, "Rune of Sustenance_SB": 1780, "Disturbing Mirth": 580, "Rite of Oblivion_SB": 1744, "Runed Halo_SB": 1782, "Doomsday Excruciator_SB": 590, "Cloud of Darkness_SB": 397, "Outrageous Robbery_SB": 1532, "Rain of Revelation": 1643, "Ultima": 2303, "Shatter the Sky_SB": 1884, "Saiba Cryptomancer_SB": 1794, "Lindblum, Industrial Regency": 1258, "Sphinx's Tutelage": 2011, "The Water Crystal": 2200, "Eject_SB": 651, "Lindblum, Industrial Regency_SB": 1259, "Ureni, the Song Unending_SB": 2344, "Blossoming Defense_SB": 222, "Cloud, Midgar Mercenary": 398, "Machinist's Arsenal": 1297, "Paladin's Arms": 1549, "Raubahn, Bull of Ala Mhigo": 1661, "Angel of Serenity": 75, "Hinterland Harbor": 994, "Hullbreaker Horror": 1018, "Titan of Industry_SB": 2238, "Search for Azcanta_SB": 1837, "Emet-Selch, Unsundered": 679, "Lazav, the Multifarious": 1207, "Valentin, Dean of the Vein": 2350, "Bonders' Enclave": 233, "Nissa's Pilgrimage": 1455, "Ulamog, the Ceaseless Hunger": 2301, "Old-Growth Troll_SB": 1501, "Astrologian's Planisphere": 120, "Plumecreed Escort": 1592, "Sunscorched Desert": 2088, "Restoration Magic_SB": 1725, "Staggering Insight_SB": 2031, "Camellia, the Seedmiser_SB": 295, "Insidious Fungus_SB": 1051, "Massacre Girl_SB": 1338, "Trail of Crumbs_SB": 2262, "Webstrike Elite_SB": 2440, "Embercleave_SB": 673, "Kefka, Court Mage": 1136, "Mox Amber_SB": 1409, "Retraction Helix_SB": 1727, "Revival // Revenge": 1731, "Vampire Socialite": 2361, "Legion Lieutenant": 1216, "Vito, Thorn of the Dusk Rose": 2387, "Vampire of the Dire Moon": 2362, "Voldaren Bloodcaster_SB": 2402, "Florian, Voldaren Scion_SB": 809, "Founding the Third Path": 828, "No One Left Behind": 1469, "Exsanguinate": 728, "Hedge Shredder": 967, "Return the Favor_SB": 1729, "Kogla and Yidaro_SB": 1169, "Stingerback Terror": 2043, "Mistbreath Elder": 1378, "Lightning, Army of One": 1247, "Isareth the Awakener": 1076, "Urza's Ruinous Blast": 2346, "Venat, Heart of Hydaelyn": 2371, "Liliana, the Last Hope": 1256, "Didn't Say Please": 562, "Ruin Crab": 1775, "Merfolk Windrobber": 1358, "Essence Scatter": 710, "Into the Story": 1061, "Field of Ruin_SB": 781, "Rush of Adrenaline": 1784, "Channeled Dragonfire": 369, "Stadium Headliner": 2029, "Roil Eruption": 1760, "Reckless Lackey": 1678, "Thassa's Oracle": 2162, "Heritage Reclamation": 982, "Riverchurn Monument_SB": 1747, "Roiling Dragonstorm": 1761, "Chandra, Dressed to Kill": 361, "End the Festivities": 685, "Raze the Effigy_SB": 1668, "Midgar, City of Mako": 1364, "Sorceress's Schemes": 1982, "Goblin Chainwhirler": 899, "Leyline of Combustion_SB": 1224, "Halvar, God of Battle_SB": 942, "Unexpected Request_SB": 2318, "Binding the Old Gods": 184, "Tireless Tracker": 2233, "Jaddi Offshoot_SB": 1090, "Linvala, the Preserver_SB": 1262, "The Wandering Minstrel_SB": 2199, "Ertai Resurrected": 701, "Disdainful Stroke": 570, "Scatter Ray": 1812, "Refute": 1695, "Sinister Sabotage": 1928, "Cornered by Black Mages": 448, "Sunken Hollow": 2085, "Eliminate_SB": 661, "Cry of the Carnarium_SB": 469, "Enter the God-Eternals_SB": 696, "Lotleth Troll": 1282, "Nullhide Ferox": 1479, "Samut, Voice of Dissent": 1797, "Smuggler's Surprise": 1964, "Speaker of the Heavens": 2002, "Delney, Streetwise Lookout": 533, "Leyline of Transformation": 1228, "Forest_SB": 820, "Storm Herald_SB": 2049, "Cartouche of Solidarity_SB": 308, "Osteomancer Adept": 1525, "Snarling Gorehound": 1968, "Snow-Covered Swamp_SB": 1974, "Shattered Sanctum_SB": 1886, "Concealed Courtyard_SB": 426, "Shadowy Backstreet_SB": 1874, "Doom Foretold_SB": 588, "Hopeful Vigil_SB": 1005, "(THB) 117_SB": 15, "(DMU) 244_SB": 4, "(WOE) 95_SB": 18, "(M20) 94_SB": 10, "(SLD) 325_SB": 13, "(BRO) 16_SB": 1, "(STX) 72_SB": 14, "(FDN) 704_SB": 7, "(BLB) 83_SB": 0, "(OTJ) 108_SB": 12, "(BRO) 26_SB": 2, "(WOE) 29_SB": 17, "(DAR) 213_SB": 3, "(KLR) 84_SB": 8, "(LCI) 128_SB": 9, "(DSK) 111_SB": 5, "(MID) 112_SB": 11, "(THB) 121_SB": 16, "(FDN) 137_SB": 6, "Void Rend": 2398, "Haunted Dead": 950, "Driven // Despair": 624, "Quag Feast_SB": 1628, "Storm Herald": 2048, "Disruptive Stormbrood": 576, "Burning Anger": 274, "Colossification": 415, "Auroral Procession": 130, "Omnath, Locus of Creation_SB": 1509, "Thunder Magic_SB": 2226, "Coveted Falcon": 452, "Jidoor, Aristocratic Capital": 1097, "Capital City": 300, "Sin, Spira's Punishment": 1927, "Ugin, the Spirit Dragon": 2299, "Forsaken Monument": 823, "Wastes": 2430, "Haven of the Spirit Dragon": 952, "Crystal Grotto": 477, "Warping Wail": 2424, "The Celestus": 2172, "Adventurer's Inn": 38, "Patchwork Automaton_SB": 1556, "Mazemind Tome_SB": 1346, "Languish": 1197, "Ritual of Soot": 1745, "Drag the Canal_SB": 597, "Dwarven Mine": 640, "Dragon Fodder": 598, "Hordeling Outburst": 1007, "Lukka, Coppercoat Outcast": 1287, "Satyr's Cunning": 1806, "Ral's Reinforcements": 1649, "Song of Totentanz": 1980, "Cavalcade of Calamity_SB": 333, "Impact Tremors_SB": 1035, "Mechanized Warfare_SB": 1347, "Torbran, Thane of Red Fell_SB": 2250, "Resolute Strike": 1715, "Great Arashin City": 918, "Nissa, Voice of Zendikar_SB": 1460, "Elvish Archivist": 670, "Saheeli, Filigree Master_SB": 1790, "Touch the Spirit Realm_SB": 2259, "March of Otherworldly Light_SB": 1323, "Self-Destruct": 1850, "Stormcarved Coast_SB": 2052, "Undead Butler": 2311, "Willow Geist": 2456, "The Aetherspark": 2164, "Curse of Silence_SB": 485, "Miscast_SB": 1374, "Matoya, Archon Elder_SB": 1341, "Blossoming Tortoise": 223, "Blossoming Tortoise_SB": 224, "Summon: Leviathan_SB": 2075, "Aether Channeler": 41, "Aether Channeler_SB": 42, "Leyline of Transformation_SB": 1229, "Ulvenwald Oddity_SB": 2305, "Kinnan, Bonder Prodigy": 1148, "Dread Presence": 609, "Cyclonic Rift_SB": 489, "Sultai Charm_SB": 2071, "Bartolom\u00e9 del Presidio": 160, "Zulaport Cutthroat": 2516, "Fleeting Spirit_SB": 804, "Knight of Dusk's Shadow_SB": 1162, "Valley Questcaller": 2358, "Choco, Seeker of Paradise": 374, "Sazh's Chocobo": 1810, "Traveling Chocobo": 2269, "Sazh Katzroy": 1809, "Cloudfin Raptor": 400, "Bartz and Boko": 161, "Dazzling Denial": 506, "Ambrosia Whiteheart": 67, "Aven Mindcensor_SB": 135, "Buster Sword_SB": 282, "The Aetherspark_SB": 2165, "Cloudsteel Kirin_SB": 401, "Wolfwillow Haven_SB": 2478, "Questing Beast_SB": 1630, "Magic Damper": 1305, "Magic Damper_SB": 1306, "Waker of Waves": 2417, "Discovery // Dispersal": 569, "Consecrate // Consume_SB": 433, "Reduce // Rubble_SB": 1692, "Felothar, Dawn of the Abzan": 776, "Skirmish Rhino": 1936, "Sandsteppe Citadel": 1799, "Blitz of the Thunder-Raptor_SB": 207, "Marang River Regent // Coil and Catch": 1318, "Zirda, the Dawnwaker": 2512, "Svella, Ice Shaper": 2102, "Collision // Colossus_SB": 412, "Lukka, Bound to Ruin_SB": 1286, "Rebel Salvo": 1673, "Nahiri, Heir of the Ancients_SB": 1427, "Aether Hub": 44, "Power Word Kill": 1604, "Dreams of Laguna": 620, "Whir of Invention_SB": 2450, "Peerless Recycling_SB": 1567, "Fateful Absence": 758, "Joust Through_SB": 1102, "Brimaz, King of Oreskos_SB": 262, "Regal Caracal_SB": 1697, "Thunder Magic": 2225, "Absolute Virtue_SB": 27, "Mystic Sanctuary": 1424, "Broken Bond_SB": 265, "Fire Prophecy_SB": 793, "Lush Oasis": 1291, "Moment of Craving": 1387, "Cloud, Midgar Mercenary_SB": 399, "Mirrorshell Crab_SB": 1373, "Vanquish the Horde_SB": 2367, "Fire Magic": 790, "Commune with Beavers": 422, "Blitz of the Thunder-Raptor": 206, "Ephara's Dispersal": 699, "Seed of Hope": 1846, "Thrilling Discovery": 2221, "Cavern of Souls_SB": 339, "Yuna, Hope of Spira_SB": 2502, "Vraska, Golgari Queen_SB": 2415, "Unexpected Request": 2317, "Lazotep Plating": 1208, "Ochre Jelly": 1494, "The Ozolith": 2185, "Botanical Brawler": 245, "Kutzil, Malamet Exemplar": 1193, "Conclave Mentor": 429, "Pelt Collector": 1568, "Fight as One_SB": 787, "Garruk's Harbinger_SB": 847, "Patchwork Beastie": 1558, "Wildfire Wickerfolk": 2455, "Beastie Beatdown": 171, "Ogre-Head Helm": 1496, "Violent Urge": 2379, "Summon: Primal Odin": 2076, "Caelorna, Coral Tyrant_SB": 286, "Fade from History_SB": 741, "Return to Nature_SB": 1730, "Skyreaping_SB": 1948, "Ezrim, Agency Chief_SB": 734, "Axgard Armory": 139, "Invasive Surgery_SB": 1068, "Cryptcaller Chariot_SB": 472, "Bramble Familiar": 249, "Make Your Own Luck": 1311, "One with the Multiverse": 1513, "Overwhelming Splendor": 1544, "Unexpected Results": 2319, "Flowstone Infusion_SB": 813, "Den of the Bugbear_SB": 542, "Sorcerous Spyglass_SB": 1983, "Disruptive Stormbrood_SB": 577, "The Last Ride": 2179, "Reinforced Ronin": 1701, "Showdown of the Skalds": 1907, "Drogskol Reaver": 626, "Cragplate Baloth": 456, "Fleetfoot Dancer": 802, "Warrant // Warden_SB": 2426}}