{"vocabulary": {"Brightclimb Pathway": 258, "Clearwater Pathway": 383, "Concealed Courtyard": 418, "Darkslick Shores": 494, "Fatal Push": 754, "Fear of Isolation": 761, "Godless Shrine": 901, "Hallowed Fountain": 939, "Hengegate Pathway": 977, "Hopeless Nightmare": 1011, "Island": 1084, "Legion's Landing": 1224, "Momentum Breaker": 1392, "Nurturing Pixie": 1487, "Oath of Kaya": 1492, "Plains": 1600, "Raffine's Tower": 1655, "Seachrome Coast": 1858, "Stormchaser's Talent": 2079, "Swamp": 2133, "This Town Ain't Big Enough": 2245, "Thoughtseize": 2251, "Tinybones Joins Up": 2272, "Treacherous Blessing": 2313, "Vanishing Verse": 2410, "Watery Grave": 2477, "Beza, the Bounding Spring_SB": 178, "Dawnbringer Cleric_SB": 498, "Duress_SB": 630, "Path of Peril_SB": 1569, "Rest in Peace_SB": 1738, "Yorion, Sky Nomad_SB": 2547, "Agatha's Soul Cauldron": 54, "Blooming Marsh": 219, "Boseiju, Who Endures": 242, "Darkbore Pathway": 493, "Forest": 817, "Forsaken Miner": 820, "Insidious Roots": 1057, "Llanowar Wastes": 1272, "Molt Tender": 1387, "Overgrown Tomb": 1545, "Overlord of the Balemurk": 1546, "Priest of Forgotten Gods": 1621, "Rubblebelt Maverick": 1792, "Satyr Wayfinder": 1827, "Scrapheap Scrounger": 1850, "Souls of the Lost": 2021, "Squirming Emergence": 2050, "Stitcher's Supplier": 2067, "Takenuma, Abandoned Mire": 2151, "Tyvar, Jubilant Brawler": 2337, "Boseiju, Who Endures_SB": 243, "Deathrite Shaman_SB": 514, "Fatal Push_SB": 755, "Haywire Mite_SB": 954, "Souls of the Lost_SB": 2022, "Thoughtseize_SB": 2252, "Burst Lightning": 277, "Copperline Gorge": 439, "Cragcrown Pathway": 452, "Den of the Bugbear": 539, "Emberheart Challenger": 671, "Heartfire Hero": 962, "Innkeeper's Talent": 1051, "Karplusan Forest": 1125, "Kumano Faces Kakkazan": 1192, "Manifold Mouse": 1319, "Monastery Swiftspear": 1395, "Monstrous Rage": 1398, "Mountain": 1408, "Pawpatch Recruit": 1572, "Questing Druid": 1644, "Ramunap Ruins": 1672, "Reckless Rage": 1696, "Screaming Nemesis": 1854, "Snakeskin Veil": 1989, "Sokenzan, Crucible of Defiance": 1999, "Stomping Ground": 2070, "Hazoret the Fervent_SB": 957, "Pawpatch Formation_SB": 1571, "Pick Your Poison_SB": 1591, "Pyroclasm_SB": 1635, "Questing Druid_SB": 1645, "Redcap Melee_SB": 1706, "Scorching Shot_SB": 1845, "Screaming Nemesis_SB": 1855, "Snakeskin Veil_SB": 1990, "Torch the Tower_SB": 2294, "Anoint with Affliction": 87, "Blackcleave Cliffs": 191, "Blade of the Oni": 194, "Blazemire Verge": 198, "Blightstep Pathway": 202, "Blood Crypt": 211, "Bloodtithe Harvester": 218, "Duress": 629, "Fable of the Mirror-Breaker": 733, "Fear of Missing Out": 762, "Go for the Throat": 895, "Mutavault": 1421, "Sheoldred, the Apocalypse": 1920, "Torch the Tower": 2293, "Unholy Annex // Ritual Chamber": 2365, "Urborg, Tomb of Yawgmoth": 2386, "Abrade_SB": 24, "Anger of the Gods_SB": 80, "Anoint with Affliction_SB": 88, "Extinction Event_SB": 727, "Grafdigger's Cage_SB": 910, "Hidetsugu Consumes All_SB": 991, "Invoke Despair_SB": 1078, "Torpor Orb_SB": 2297, "Unlicensed Hearse_SB": 2372, "Bitter Triumph": 189, "Castle Locthwain": 319, "Field of Ruin": 778, "Gifted Aetherborn": 870, "Graveyard Trespasser": 912, "Hive of the Eye Tyrant": 1000, "Invoke Despair": 1077, "Liliana of the Veil": 1254, "Murderous Rider": 1419, "Sign in Blood": 1939, "Sorin the Mirthless": 2006, "Go Blank_SB": 894, "Kalitas, Traitor of Ghet_SB": 1119, "Ray of Enfeeblement_SB": 1682, "Soul-Scar Mage": 2016, "Experimental Frenzy_SB": 721, "Urabrask's Forge_SB": 2383, "Adeline, Resplendent Cathar": 36, "Brave the Elements": 252, "Castle Ardenvale": 316, "Coppercoat Vanguard": 438, "Dauntless Bodyguard": 496, "Eiganjo, Seat of the Empire": 643, "Enduring Innocence": 686, "Hopeful Initiate": 1009, "Kytheon, Hero of Akros": 1200, "Recruitment Officer": 1704, "Sheltered by Ghosts": 1916, "Thalia's Lieutenant": 2191, "Thalia, Guardian of Thraben": 2192, "Containment Priest_SB": 436, "Destroy Evil_SB": 552, "Extraction Specialist_SB": 730, "Portable Hole_SB": 1613, "Wedding Announcement_SB": 2489, "Adarkar Wastes": 35, "Cryptic Coat": 470, "Darksteel Citadel": 495, "Ensoul Artifact": 690, "Floodfarm Verge": 805, "Memory Guardian": 1355, "Mendicant Core, Guidelight": 1356, "Metallic Rebuke": 1361, "Novice Inspector": 1480, "Otawara, Soaring City": 1535, "Portable Hole": 1612, "Simulacrum Synthesizer": 1949, "Spyglass Siren": 2049, "Thraben Inspector": 2254, "Aether Gust_SB": 44, "Annul_SB": 86, "Cryptic Coat_SB": 471, "Damping Sphere_SB": 487, "Metallic Rebuke_SB": 1362, "Mystical Dispute_SB": 1428, "Sheltered by Ghosts_SB": 1917, "Sulfurous Springs": 2097, "Liliana of the Veil_SB": 1255, "Withering Torment_SB": 2519, "Abrupt Decay": 25, "Ancient Cornucopia": 76, "Beza, the Bounding Spring": 177, "Blood Baron of Vizkopa": 209, "Breeding Pool": 257, "Bring to Light": 262, "Deafening Clarion": 507, "Hushwood Verge": 1026, "Indatha Triome": 1046, "Jetmir's Garden": 1101, "Ketria Triome": 1153, "Knight of Autumn": 1166, "Kolaghan's Command": 1177, "Leyline Binding": 1226, "Lightning Helix": 1246, "Maelstrom Pulse": 1301, "Niv-Mizzet Reborn": 1466, "Niv-Mizzet, Supreme": 1469, "Pest Control": 1579, "Pillage the Bog": 1593, "Raugrin Triome": 1680, "Sacred Foundry": 1809, "Savai Triome": 1829, "Spara's Headquarters": 2024, "Steam Vents": 2059, "Sunfall": 2109, "Unmoored Ego": 2374, "Up the Beanstalk": 2381, "Valki, God of Lies": 2399, "Xander's Lounge": 2535, "Zagoth Triome": 2555, "Ziatora's Proving Ground": 2560, "Back to Nature_SB": 142, "Culling Ritual_SB": 476, "Elesh Norn, Mother of Machines_SB": 654, "Kambal, Consul of Allocation_SB": 1120, "Lightning Helix_SB": 1247, "Unmoored Ego_SB": 2375, "Fetid Pools": 777, "Geier Reach Sanitarium": 850, "Gloomlake Verge": 890, "Grim Bauble": 920, "Narset, Parter of Veils": 1437, "Nowhere to Run": 1481, "Omen of the Sea": 1511, "Shipwreck Marsh": 1925, "The Meathook Massacre": 2218, "Thundertrap Trainer": 2268, "Underground River": 2358, "Yorion, Sky Nomad": 2546, "Ghost Vacuum_SB": 860, "Kaito, Bane of Nightmares_SB": 1115, "Negate_SB": 1447, "Sheoldred, the Apocalypse_SB": 1921, "The Meathook Massacre_SB": 2219, "Weathered Runestone_SB": 2484, "Battlefield Forge": 165, "Boltwave": 229, "Boros Charm": 239, "Ghitu Lavarunner": 858, "Inspiring Vantage": 1059, "Needleverge Pathway": 1445, "Slickshot Show-Off": 1979, "Wizard's Lightning": 2522, "Count on Luck_SB": 448, "Get Lost_SB": 854, "Sunspine Lynx_SB": 2120, "Surge of Salvation_SB": 2128, "Cauldron Familiar": 326, "Claim the Firstborn": 379, "Deadly Dispute": 505, "Fountainport": 828, "Kroxa, Titan of Death's Hunger": 1190, "Mayhem Devil": 1346, "Scavenger's Talent": 1838, "Witch's Oven": 2512, "Ygra, Eater of All": 2544, "Abrupt Decay_SB": 26, "Bitter Triumph_SB": 190, "Case of the Crimson Pulse_SB": 311, "Molten Collapse_SB": 1389, "Ob Nixilis, the Adversary_SB": 1495, "Archon of Emeria": 104, "Aven Interrupter": 135, "Branchloft Pathway": 249, "Brushland": 268, "Collected Company": 396, "Elvish Mystic": 666, "Kellan, Daring Traveler": 1143, "Llanowar Elves": 1270, "Razorverge Thicket": 1687, "Shefet Dunes": 1914, "Skyclave Apparition": 1966, "Temple Garden": 2168, "Tyvar, the Pummeler": 2338, "Werefox Bodyguard": 2493, "Brutal Cathar_SB": 270, "Dromoka's Command_SB": 623, "Gideon, Ally of Zendikar_SB": 869, "Split Up_SB": 2044, "The Wandering Emperor_SB": 2236, "Magebane Lizard_SB": 1307, "Kaito, Bane of Nightmares": 1114, "Extraction Specialist": 729, "Veteran Survivor": 2418, "Warden of the Inner Sky": 2467, "Invasion of Gobakhan_SB": 1071, "Cavalier of Thorns": 334, "Invasion of Ixalan": 1072, "Kiora, Behemoth Beckoner": 1156, "Lair of the Hydra": 1201, "Nykthos, Shrine to Nyx": 1489, "Oath of Nissa": 1493, "Old-Growth Troll": 1506, "Outcaster Trailblazer": 1540, "Storm the Festival": 2076, "Ulvenwald Oddity": 2346, "Wolfwillow Haven": 2526, "Cityscape Leveler_SB": 376, "Monstrous Emergence_SB": 1397, "Pithing Needle_SB": 1599, "The Mightstone and Weakstone_SB": 2221, "The Stone Brain_SB": 2234, "Tranquil Frillback_SB": 2307, "Wicked Wolf_SB": 2499, "Hostile Hostel": 1018, "Leyline of the Guildpact": 1233, "Sunken Citadel": 2111, "Emrakul, the Promised End_SB": 678, "Obstinate Baloth_SB": 1499, "Polukranos Reborn_SB": 1608, "Castle Vantress": 320, "Deserted Beach": 548, "Discontinuity": 565, "Dovin's Veto": 591, "Dream Trawler": 611, "Farewell": 752, "Hall of Storm Giants": 938, "Impulse": 1042, "Irrigated Farmland": 1081, "Lotus Field": 1287, "March of Otherworldly Light": 1326, "Memory Deluge": 1353, "No More Lies": 1471, "Restless Anchorage": 1739, "Settle the Wreckage": 1890, "Strict Proctor": 2089, "Teferi, Hero of Dominaria": 2165, "The Wandering Emperor": 2235, "Thespian's Stage": 2241, "Chandra, Awakened Inferno_SB": 357, "Dovin's Veto_SB": 592, "Dream Trawler_SB": 612, "Farewell_SB": 753, "Knockout Blow_SB": 1175, "Surge of Righteousness_SB": 2126, "Thought Distortion_SB": 2248, "Claim the Firstborn_SB": 380, "Withering Torment": 2518, "Brightglass Gearhulk": 259, "Collector's Cage": 401, "Dusk Rose Reliquary": 633, "Emeria's Call": 675, "Overlord of the Mistmoors": 1551, "Sandstorm Salvager": 1822, "Voice of Resurgence": 2438, "Deafening Silence_SB": 510, "Giant Killer_SB": 867, "Knight of Autumn_SB": 1167, "Shapers' Sanctuary_SB": 1904, "Enduring Curiosity": 684, "Faerie Miscreant": 746, "Floodpits Drowner": 806, "Mockingbird": 1385, "Moon-Circuit Hacker": 1402, "Spell Pierce": 2029, "Thousand-Faced Shadow": 2253, "Cut Down_SB": 484, "Disdainful Stroke_SB": 568, "Leyline of the Void_SB": 1234, "Oildeep Gearhulk_SB": 1504, "Spell Pierce_SB": 2030, "Blot Out_SB": 225, "Rending Volley_SB": 1725, "Strict Proctor_SB": 2090, "Greasefang, Okiba Boss": 914, "Parhelion II": 1563, "Skysovereign, Consul Flagship": 1973, "Valor's Flagship": 2404, "Reckoner Bankbuster_SB": 1700, "Vanishing Verse_SB": 2411, "Bishop of Wings": 186, "Giada, Font of Hope": 864, "Kayla's Reconstruction": 1136, "Resplendent Angel": 1736, "Righteous Valkyrie": 1756, "Archon of Emeria_SB": 105, "Aven Interrupter_SB": 136, "Enduring Innocence_SB": 687, "Skyclave Apparition_SB": 1967, "Tyrranax Rex_SB": 2334, "Ashiok, Dream Render_SB": 115, "Ashiok, Nightmare Muse_SB": 117, "Callous Sell-Sword": 290, "Claim // Fame": 377, "Infuriate": 1048, "Callous Sell-Sword_SB": 291, "Chandra's Defeat_SB": 354, "Claim // Fame_SB": 378, "Dreadhorde Arcanist_SB": 608, "Go for the Throat_SB": 896, "Reckless Rage_SB": 1697, "Arclight Phoenix": 106, "Artist's Talent": 111, "Brazen Borrower": 254, "Consider": 428, "Fiery Impulse": 782, "Galvanic Iteration": 842, "Into the Flood Maw": 1065, "Lightning Axe": 1244, "Opt": 1524, "Picklock Prankster": 1592, "Proft's Eidetic Memory": 1625, "Riverglide Pathway": 1768, "Shivan Reef": 1926, "Sleight of Hand": 1978, "Spikefield Hazard": 2036, "Spirebluff Canal": 2039, "Stormcarved Coast": 2077, "Temporal Trespass": 2178, "Treasure Cruise": 2315, "Brazen Borrower_SB": 255, "Brotherhood's End_SB": 266, "Prismari Command_SB": 1623, "Thing in the Ice_SB": 2243, "Third Path Iconoclast_SB": 2244, "Change the Equation": 365, "Deduce": 520, "Get Lost": 853, "Supreme Verdict": 2123, "Temporary Lockdown": 2179, "Three Steps Ahead": 2256, "Starnheim Unleashed_SB": 2056, "Barkchannel Pathway": 156, "Benthic Biomancer": 174, "Botanical Sanctum": 245, "Cavern of Souls": 335, "Cenote Scout": 344, "Deeproot Pilgrimage": 523, "Kumena, Tyrant of Orazca": 1194, "Mindspring Merfolk": 1370, "Sentinel of the Nameless City": 1882, "Tishana's Tidebinder": 2276, "Vodalian Hexcatcher": 2437, "Willowrush Verge": 2505, "Tidebinder Mage_SB": 2269, "Unable to Scream_SB": 2350, "Atraxa, Grand Unifier": 125, "Raucous Theater": 1679, "Valgavoth's Faithful": 2394, "Valgavoth, Terror Eater": 2396, "Zombify": 2564, "Kolaghan's Command_SB": 1178, "Sire of Insanity_SB": 1954, "Unholy Annex // Ritual Chamber_SB": 2366, "Deathrite Shaman": 513, "Bloodchief's Thirst_SB": 214, "Cling to Dust_SB": 389, "Driven // Despair_SB": 620, "Eaten Alive_SB": 635, "Brutal Cathar": 269, "Rockface Village": 1777, "Feed the Swarm_SB": 769, "Beseech the Mirror": 175, "Extinction Event": 726, "Gifted Aetherborn_SB": 871, "Treacherous Blessing_SB": 2314, "Bladehold War-Whip": 195, "Chainsaw": 349, "Colossus Hammer": 409, "Fervent Champion": 775, "Kazuul's Toll Collector": 1139, "Kellan, the Fae-Blooded": 1145, "Kemba, Kha Enduring": 1146, "Lavaspur Boots": 1207, "Legion Extruder": 1219, "Leyline Axe": 1225, "Mirrex": 1371, "Shadowspear": 1897, "Deafening Clarion_SB": 508, "Loran of the Third Path_SB": 1280, "Shardmage's Rescue_SB": 1906, "Immersturm Raider": 1037, "Nahiri, the Harbinger": 1431, "Shattered Sanctum": 1910, "Sundown Pass": 2108, "Thundering Broodwagon": 2266, "Authority of the Consuls_SB": 134, "The Speed Demon_SB": 2233, "Anointed Peacekeeper": 89, "Elite Spellbinder_SB": 657, "Werefox Bodyguard_SB": 2494, "Ancestral Anger": 74, "Cacophony Scamp": 284, "Expedite": 715, "Fireblade Charger": 792, "Leyline of Resonance": 1229, "Might of the Meek": 1367, "Titan's Strength": 2280, "Turn Inside Out": 2325, "Skullcrack_SB": 1964, "Soul-Guide Lantern_SB": 2015, "Twisted Fealty_SB": 2332, "Biting-Palm Ninja_SB": 187, "Dokuchi Silencer_SB": 582, "Archdruid's Charm": 100, "Bala Ged Recovery": 144, "Dark Petition": 490, "Emergent Ultimatum": 673, "Fae of Wishes": 742, "Hidden Strings": 989, "Lier, Disciple of the Drowned": 1237, "Lush Portico": 1296, "Mana Confluence": 1318, "Nine Lives": 1455, "Omniscience": 1517, "Path of Peril": 1568, "Pore Over the Pages": 1609, "Soul Partition": 2010, "Sylvan Scrying": 2145, "Vizier of Tumbling Sands": 2436, "Approach of the Second Sun_SB": 93, "Dragonlord Dromoka_SB": 597, "Emergent Ultimatum_SB": 674, "Leyline of Sanctity_SB": 1230, "Solemnity_SB": 2001, "Soul Partition_SB": 2011, "Sphinx of the Final Word_SB": 2033, "Temporary Lockdown_SB": 2180, "Zacama, Primal Calamity_SB": 2553, "Pawpatch Recruit_SB": 1573, "Burnout Bashtronaut": 276, "Conspicuous Snoop": 431, "Draconautics Engineer": 593, "Fanatical Firebrand": 750, "Hobgoblin Bandit Lord": 1001, "Howlsquad Heavy": 1022, "Krenko, Mob Boss": 1188, "Rundvelt Hordemaster": 1797, "Goblin Ringleader_SB": 900, "Volley Veteran_SB": 2450, "Harrier Strix": 948, "Hypnotic Grifter": 1027, "Monument to Endurance": 1400, "Omen Hawker": 1508, "Sea Gate Restoration": 1857, "Spectral Sailor": 2028, "The Enigma Jewel": 2210, "The Reality Chip": 2225, "Training Grounds": 2305, "Unable to Scream": 2349, "Witness Protection": 2520, "Basilisk Collar_SB": 160, "Shadowspear_SB": 1898, "Jwari Disruption": 1110, "Change the Equation_SB": 366, "Kaheera, the Orphanguard_SB": 1112, "Supreme Verdict_SB": 2124, "Overlord of the Floodpits": 1549, "Waste Not_SB": 2473, "Aclazotz, Deepest Betrayal": 31, "Bandit's Talent": 148, "Cling to Dust": 388, "Demolition Field": 534, "Foulmire Knight": 825, "Go Blank": 893, "Hostile Investigator": 1019, "Unstoppable Slasher": 2376, "Waste Not": 2472, "The End_SB": 2209, "Bonecrusher Giant": 233, "Kroxa, Titan of Death's Hunger_SB": 1191, "Preacher of the Schism_SB": 1620, "Loran of the Third Path": 1279, "Sylvan Caryatid": 2143, "Oildeep Gearhulk": 1503, "Rottenmouth Viper": 1787, "Undercity Sewers": 2356, "Get Out_SB": 856, "Grim Bauble_SB": 921, "Reckoner Bankbuster": 1699, "Liliana, the Last Hope_SB": 1260, "Thud": 2263, "Agadeem's Awakening": 52, "Drown in the Loch": 624, "Faerie Mastermind": 745, "Nighthawk Scavenger": 1452, "Restless Reef": 1743, "Soaring Thought-Thief": 1998, "Thieves' Guild Enforcer": 2242, "Zareth San, the Trickster": 2557, "Nighthawk Scavenger_SB": 1453, "Cache Grab": 283, "Esika's Chariot": 702, "Raffine's Informant": 1654, "Traverse the Ulvenwald": 2312, "Witherbloom Command": 2516, "Glissa Sunslayer_SB": 888, "Feed the Cycle": 767, "Rankle's Prank": 1673, "Sheoldred's Edict": 1918, "Graveyard Trespasser_SB": 913, "Indomitable Creativity": 1047, "Negate": 1446, "Prismari Command": 1622, "Riverpyre Verge": 1769, "Shark Typhoon": 1907, "Strangle": 2084, "Temple of Epiphany": 2172, "Volcanic Spite": 2445, "Alpine Moon_SB": 67, "Shark Typhoon_SB": 1908, "Clockwork Percussionist": 390, "Inti, Seneschal of the Sun": 1062, "Shrapnel Blast": 1935, "Smuggler's Copter": 1985, "Stock Up": 2068, "Voldaren Epicure": 2447, "Fry_SB": 835, "Momentum Breaker_SB": 1393, "Enigmatic Incarnation": 689, "Kutzil's Flanker": 1197, "Linvala, the Preserver": 1264, "Overlord of the Boilerbilges": 1548, "Overlord of the Hauntwoods": 1550, "Zur, Eternal Schemer": 2566, "Barrier Breach_SB": 157, "Ruric Thar, the Unbowed_SB": 1802, "Collision // Colossus": 404, "Overprotect_SB": 1553, "Swiftfoot Boots": 2138, "Swiftfoot Boots_SB": 2139, "Eidolon of the Great Revel": 641, "Play with Fire": 1603, "Searing Blood": 1865, "Skewer the Critics": 1957, "Skullcrack": 1963, "Viashino Pyromancer": 2419, "Deflecting Palm_SB": 527, "Roiling Vortex_SB": 1782, "Experimental Augury": 719, "Jace Reawakened": 1088, "Malcolm, Alluring Scoundrel": 1316, "Nashi, Searcher in the Dark": 1439, "Restless Prairie": 1742, "Sigarda's Aid": 1938, "Defiant Strike": 526, "Illuminator Virtuoso": 1036, "Wear // Tear_SB": 2481, "Arboreal Grazer": 97, "Behold the Beyond": 172, "Behold the Multiverse": 173, "Expedition Map": 716, "Mastermind's Acquisition": 1342, "Yavimaya Coast": 2543, "Grand Abolisher_SB": 911, "Monument to Endurance_SB": 1401, "Nine Lives_SB": 1456, "Shoot the Sheriff": 1929, "Aloe Alchemist": 65, "Atarka's Command": 123, "Burning-Tree Emissary": 275, "Cunning Coyote": 477, "Reckless Bushwhacker": 1691, "Thornspire Verge": 2247, "Destructive Revelry_SB": 553, "Elenda, Saint of Dusk": 651, "Fabled Passage": 735, "Omnath, Locus of Creation": 1514, "Krenko's Buzzcrusher_SB": 1187, "Notion Thief_SB": 1477, "Reflector Mage_SB": 1711, "Declaration in Stone": 518, "Fortified Beachhead": 822, "Reflector Mage": 1710, "Built to Smash": 272, "Wayward Guide-Beast": 2478, "Dreadmaw's Ire_SB": 610, "End the Festivities_SB": 682, "Kari Zev's Expertise_SB": 1122, "Light Up the Stage_SB": 1241, "Obosh, the Preypiercer_SB": 1497, "Voldaren Thrillseeker_SB": 2449, "Blade Historian": 193, "Charming Prince": 369, "Jirina, Dauntless General": 1104, "Kitesail Larcenist": 1161, "Pyre of Heroes": 1633, "Satoru, the Infiltrator": 1826, "Secluded Courtyard": 1869, "Unclaimed Territory": 2353, "Anointed Peacekeeper_SB": 90, "Jirina, Dauntless General_SB": 1105, "Night Clubber_SB": 1451, "Thalia, Guardian of Thraben_SB": 2193, "Destroy Evil": 551, "Riptide Gearhulk_SB": 1761, "Archfiend of the Dross": 102, "Ossification_SB": 1533, "Aftermath Analyst": 50, "Brokers Hideout": 264, "Cabaretti Courtyard": 282, "Doppelgang": 589, "Fires of Victory": 794, "Ill-Timed Explosion": 1033, "Lumra, Bellow of the Woods": 1293, "Maestros Theater": 1304, "Nissa, Resurgent Animist": 1462, "Riveteers Overlook": 1770, "Shigeki, Jukai Visionary": 1923, "Spelunking": 2032, "Virtue of Strength": 2429, "Worldsoul's Rage": 2530, "Aegis Turtle_SB": 40, "Three Steps Ahead_SB": 2257, "Up the Beanstalk_SB": 2382, "Bolas's Citadel": 228, "Catacomb Sifter": 322, "Gilded Goose": 872, "Glissa Sunslayer": 887, "Prosperous Innkeeper": 1629, "Woe Strider": 2524, "Outland Liberator_SB": 1541, "Status // Statue_SB": 2058, "Elegant Parlor": 650, "Ketramose, the New Dawn_SB": 1152, "Concealing Curtains": 420, "Narset, Parter of Veils_SB": 1438, "Cleansing Wildfire": 382, "Crumble to Dust": 462, "Encroaching Wastes": 680, "Gnottvold Slumbermound": 892, "Haphazard Bombardment": 945, "Jaya's Greeting": 1097, "Klothys, God of Destiny": 1164, "Krenko's Buzzcrusher": 1186, "Paradise Druid": 1560, "Ravager Wurm": 1681, "Rootbound Crag": 1784, "Rowan, Scholar of Sparks": 1788, "Rubble Reading": 1791, "Sheltered Thicket": 1915, "Structural Distortion": 2092, "Sylvan Primordial": 2144, "Territory Forge": 2186, "Twin Bolt": 2327, "Voyaging Satyr": 2454, "Herbology Instructor_SB": 981, "Nissa's Defeat_SB": 1458, "Peak Eruption_SB": 1574, "Reclamation Sage_SB": 1701, "Scrabbling Claws_SB": 1849, "Snow-Covered Forest": 1992, "Analyze the Pollen": 72, "Bleachbone Verge": 199, "Herd Migration": 983, "Ride's End": 1754, "High Noon_SB": 995, "Tear Asunder_SB": 2163, "Assassin's Trophy": 120, "Tranquil Frillback": 2306, "Wastewood Verge": 2476, "Battle at the Bridge": 163, "Boommobile": 237, "Fomori Vault": 814, "Glint-Nest Crane": 886, "Hedron Archive": 968, "Inventors' Fair": 1075, "Mephitic Draught": 1357, "Moonsnare Prototype": 1404, "Paradox Engine": 1561, "Portal of Sanctuary": 1614, "Prophetic Prism": 1628, "Repurposing Bay": 1729, "Snow-Covered Island": 1993, "Snow-Covered Swamp": 1996, "Spire of Industry": 2038, "Terrarion": 2185, "The Mightstone and Weakstone": 2220, "Thran Spider": 2255, "Tithing Blade": 2282, "Workshop Assistant": 2529, "Battle at the Bridge_SB": 164, "Lantern of the Lost_SB": 1206, "Liberator, Urza's Battlethopter_SB": 1235, "Noxious Gearhulk_SB": 1484, "Enduring Curiosity_SB": 685, "Deputy of Detention": 545, "Noxious Gearhulk": 1483, "Dreadhorde Arcanist": 607, "Showdown of the Skalds_SB": 1934, "Fearless Swashbuckler": 763, "Gastal Thrillroller": 845, "Burst Lightning_SB": 278, "Voltage Surge_SB": 2452, "Hazoret the Fervent": 956, "Soulstone Sanctuary": 2023, "Beacon Bolt_SB": 166, "Meticulous Archive": 1365, "Brave the Elements_SB": 253, "Transmogrify": 2308, "Tribute to Horobi": 2320, "Virtue of Persistence_SB": 2428, "Ashiok, Nightmare Muse": 116, "Censor": 345, "Cut Down": 483, "Deadly Cover-Up": 503, "Dig Through Time": 561, "Mission Briefing": 1380, "Chrome Host Seedshark_SB": 373, "Jace, Vryn's Prodigy_SB": 1091, "Murderous Cut_SB": 1418, "Goblin Chainwhirler_SB": 898, "Roast_SB": 1774, "Borrowed Hostility": 241, "Dredger's Insight": 618, "Honest Rutstein": 1004, "Brass's Tunnel-Grinder": 251, "Malakir Rebirth": 1315, "The Filigree Sylex_SB": 2212, "Hallowed Moonlight": 940, "Barbed Batterfist": 154, "Keen-Eyed Curator": 1140, "Polukranos Reborn": 1607, "Tribute to the World Tree": 2321, "Webstrike Elite": 2486, "Werewolf Pack Leader": 2495, "Heroic Intervention_SB": 988, "Inscription of Abundance_SB": 1054, "Tormod's Crypt_SB": 2296, "Guardian of Faith_SB": 929, "Battle Cry Goblin": 162, "Foundry Street Denizen": 827, "Goblin Instigator": 899, "Greasewrench Goblin": 915, "Raise the Past": 1658, "Skirk Prospector": 1958, "Moonshaker Cavalry_SB": 1403, "Nahiri, the Harbinger_SB": 1432, "Elspeth's Smite": 660, "Glacial Fortress": 878, "Elspeth's Smite_SB": 661, "Kutzil's Flanker_SB": 1198, "Yahenni's Expertise": 2539, "Test of Talents_SB": 2188, "Commit // Memory_SB": 414, "Stern Dismissal": 2062, "Demilich_SB": 533, "Ledger Shredder_SB": 1216, "Flicker of Fate": 803, "Nylea's Presence": 1491, "Warping Wail_SB": 2470, "Settle the Wreckage_SB": 1891, "Progenitor Mimic": 1627, "Pest Control_SB": 1580, "Sheoldred's Edict_SB": 1919, "Heartless Act_SB": 965, "Banefire": 150, "The World Tree": 2240, "Koma, Cosmos Serpent_SB": 1179, "Chandra, Dressed to Kill_SB": 359, "Emrakul, the Promised End": 677, "Keen-Eyed Curator_SB": 1141, "Scrapshooter_SB": 1852, "Steel Seraph": 2061, "Gleaming Geardrake": 883, "Memory Deluge_SB": 1354, "Silence_SB": 1940, "Plaza of Heroes": 1605, "Ledger Shredder": 1215, "Thundering Falls": 2267, "Experimental Synthesizer": 722, "Light Up the Stage": 1240, "Rampaging Ferocidon_SB": 1670, "Violent Urge_SB": 2424, "Youthful Valkyrie": 2550, "Boon of Boseiju": 238, "Reidane, God of the Worthy_SB": 1717, "Silverback Elder": 1945, "Elesh Norn, Mother of Machines": 653, "Wakeroot Elemental": 2462, "Tail Swipe_SB": 2149, "Setessan Petitioner_SB": 1889, "Esika's Chariot_SB": 703, "Containment Priest": 435, "Giant Killer": 866, "Luminarch Aspirant": 1292, "Spark Double": 2025, "Trumpeting Carnosaur": 2323, "Greater Tanuki": 917, "Spinewoods Armadillo": 2037, "Beanstalk Giant": 167, "Release to the Wind": 1719, "Quintorius Kand": 1649, "Virtue of Persistence": 2427, "Keruga, the Macrosage_SB": 1150, "Takenuma, Abandoned Mire_SB": 2152, "Colossal Skyturtle_SB": 407, "Horned Loch-Whale_SB": 1014, "Swamp_SB": 2134, "Gyruda, Doom of Depths_SB": 934, "Consign // Oblivion_SB": 430, "Commune with Dinosaurs": 416, "Ghalta, Primal Hunger": 857, "Marauding Raptor": 1325, "Pugnacious Hammerskull": 1632, "Rampaging Raptor": 1671, "Regal Imperiosaur": 1715, "Regisaur Alpha": 1716, "Ripjaw Raptor": 1758, "Nylea's Intervention_SB": 1490, "Arasta of the Endless Web_SB": 96, "Bonny Pall, Clearcutter_SB": 235, "Roxanne, Starfall Savant_SB": 1789, "Champion of the Perished": 352, "Cryptbreaker": 467, "Dark Salvation": 492, "Dread Wanderer": 606, "Relentless Dead": 1720, "Wayward Servant": 2479, "Zahur, Glory's Past": 2556, "Crippling Fear_SB": 460, "Abhorrent Oculus": 21, "Ketramose, the New Dawn": 1151, "Scrabbling Claws": 1848, "Shadowy Backstreet": 1899, "Tainted Indulgence": 2150, "Glasspool Mimic": 881, "Phyrexian Censor": 1585, "Sunbillow Verge": 2105, "Titan of Industry": 2278, "Nimble Larcenist_SB": 1454, "Optimistic Scavenger": 1525, "Hidetsugu Consumes All": 990, "Sunfall_SB": 2110, "Roaring Furnace // Steaming Sauna_SB": 1773, "Bard Class": 155, "Commune with Spirits": 417, "Domri, Anarch of Bolas": 583, "Gallia of the Endless Dance": 841, "Goro-Goro, Disciple of Ryusei": 907, "Hajar, Loyal Bodyguard": 935, "Itzquinth, Firstborn of Gishath": 1086, "Kari Zev, Skyship Raider": 1123, "Migloz, Maze Crusher": 1368, "Radha, Heart of Keld": 1651, "Redshift, Rocketeer Chief": 1708, "Rockfall Vale": 1778, "Ruby, Daring Tracker": 1793, "Samut, Vizier of Naktamun": 1817, "Blacksmith's Talent": 192, "Fighter Class": 786, "Flowerfoot Swordmaster": 809, "Mabel, Heir to Cragflame": 1298, "Chainsaw_SB": 350, "Nettle Guard_SB": 1449, "Sword of Forge and Frontier_SB": 2141, "Split Up": 2043, "Heliod's Intervention_SB": 969, "Bloodletter of Aclazotz": 216, "Haunted Ridge": 951, "Case of the Gateway Express": 312, "Gleeful Demolition": 884, "Imodane's Recruiter": 1039, "Knight-Errant of Eos": 1173, "Resolute Reinforcements": 1734, "Venerated Loxodon": 2416, "Fiery Temper": 784, "Flameblade Adept": 797, "Footfall Crater": 815, "Highway Robbery": 996, "Marauding Mako": 1324, "Maximize Velocity": 1345, "Ox of Agonas": 1555, "Birgi, God of Storytelling_SB": 185, "Lightning Axe_SB": 1245, "Skycrash_SB": 1969, "Temple of Mystery": 2175, "Expedition Map_SB": 717, "Stock Up_SB": 2069, "Voyaging Satyr_SB": 2455, "Kayla's Reconstruction_SB": 1137, "Samut's Sprint": 1816, "Gods Willing_SB": 903, "Knight of Grace_SB": 1170, "Witchstalker Frenzy_SB": 2514, "Sentinel of the Nameless City_SB": 1883, "Haywire Mite": 953, "Skrelv, Defector Mite": 1961, "Wrenn and Realmbreaker": 2533, "Depopulate_SB": 543, "Unsubstantiate_SB": 2377, "Triton Shorestalker": 2322, "Archfiend of the Dross_SB": 103, "Tishana's Tidebinder_SB": 2277, "Lightning Strike": 1248, "Sunspine Lynx": 2119, "Witchstalker Frenzy": 2513, "Lithomantic Barrage_SB": 1268, "Mutavault_SB": 1422, "Razorkin Needlehead_SB": 1686, "Lost Jitte": 1284, "Shardmage's Rescue": 1905, "Narset's Reversal_SB": 1436, "Caustic Bronco_SB": 328, "Entity Tracker": 692, "Omen of the Dead_SB": 1510, "Hostage Taker": 1017, "Casualties of War_SB": 321, "Klothys, God of Destiny_SB": 1165, "Call of the Death-Dweller": 288, "Kaito, Cunning Infiltrator": 1116, "Ornithopter": 1530, "Silver-Fur Master": 1944, "Mukotai Ambusher_SB": 1415, "Bloodchief's Thirst": 213, "Combat Research": 410, "Lazav, Wearer of Faces": 1211, "Lively Dirge": 1269, "Medomai the Ageless": 1351, "Mox Amber": 1410, "Raffine, Scheming Seer": 1656, "Elenda, Saint of Dusk_SB": 652, "Thalia, Heretic Cathar_SB": 2195, "Urza's Ruinous Blast_SB": 2391, "Guardian of Faith": 928, "Lotus Cobra": 1286, "Fires of Victory_SB": 795, "Valakut Awakening": 2392, "Wish": 2511, "Fiery Impulse_SB": 783, "Galvanic Iteration_SB": 843, "Into the Flood Maw_SB": 1066, "Lier, Disciple of the Drowned_SB": 1238, "Niv-Mizzet, Parun_SB": 1468, "Gods Willing": 902, "Riptide Gearhulk": 1760, "Kappa Tech-Wrecker": 1121, "Gather Courage": 847, "Gather Courage_SB": 848, "Saheeli, Sublime Artificer_SB": 1812, "Kumena's Speaker": 1193, "Eidolon of the Great Revel_SB": 642, "Carnage Tyrant": 301, "Arid Archway": 107, "Castle Garenbrig": 318, "Culling Ritual": 475, "Festering Gulch": 776, "Iridescent Vinelasher": 1080, "Port of Karfell": 1611, "Underground Mortuary": 2357, "Elder Gargaroth_SB": 647, "Fog_SB": 813, "Nahiri, Forged in Fury": 1429, "Quick Study": 1646, "Crackling Drake_SB": 451, "Proft's Eidetic Memory_SB": 1626, "Elder Gargaroth": 646, "Fires of Invention": 793, "Heliod, the Radiant Dawn": 973, "Kenrith, the Returned King": 1148, "Marina Vendrell": 1333, "Roaring Furnace // Steaming Sauna": 1772, "Tolsimir, Friend to Wolves": 2286, "Touch the Spirit Realm": 2300, "Chandra, Torch of Defiance_SB": 364, "Caves of Koilos": 337, "Collective Brutality": 398, "Faithful Mending": 747, "Kiora, the Rising Tide": 1157, "Stubborn Denial": 2093, "Teferi, Hero of Dominaria_SB": 2166, "Void Rend_SB": 2444, "Can't Stay Away": 294, "Grisly Salvage": 923, "Mausoleum Wanderer": 1344, "Rattlechains": 1676, "Spell Queller": 2031, "Supreme Phantom": 2122, "Katilda, Dawnhart Martyr": 1126, "Slip Out the Back": 1981, "Feather, the Redeemed": 764, "Clifftop Retreat": 387, "Dreadmaw's Ire": 609, "Light of Hope_SB": 1242, "Loran's Escape_SB": 1282, "Feather, the Redeemed_SB": 765, "Zoetic Glyph": 2563, "Sweltering Suns_SB": 2137, "The Akroan War_SB": 2201, "Silvergill Adept": 1946, "Bitter Reunion": 188, "Case of the Stashed Skeleton": 314, "Big Score": 179, "Vampires' Vengeance": 2407, "Brotherhood's End": 265, "Worldspine Wurm_SB": 2532, "Etali, Primal Conqueror_SB": 709, "Xenagos, God of Revels_SB": 2537, "Thalia, Heretic Cathar": 2194, "Zephyr Sentinel_SB": 2558, "Restless Fortress": 1741, "Ruin-Lurker Bat": 1795, "Healer's Hawk": 961, "Essence Channeler": 705, "Voice of the Blessed": 2442, "Exemplar of Light": 713, "Linden, the Steadfast Queen": 1263, "Leyline of Hope": 1228, "Authority of the Consuls": 133, "Case of the Uneaten Feast": 315, "Scoured Barrens": 1846, "Rogue's Passage": 1779, "Dewdrop Cure": 557, "Lunarch Veteran": 1294, "Declaration in Stone_SB": 519, "Crystal Barricade_SB": 473, "Fateful Absence_SB": 757, "Afterburner Expert": 49, "Omnivorous Flytrap": 1518, "Agatha's Soul Cauldron_SB": 55, "Castle Embereth": 317, "Hired Claw": 998, "Zurgo Bellstriker": 2567, "Kozilek's Return_SB": 1184, "Magma Opus": 1310, "Nahiri, the Unforgiving_SB": 1434, "Ox of Agonas_SB": 1556, "High Noon": 994, "Hullbreaker Horror_SB": 1024, "Twinshot Sniper": 2330, "Keruga, the Macrosage": 1149, "Clever Impersonator": 384, "Agent of Treachery_SB": 56, "Twinshot Sniper_SB": 2331, "Kalitas, Traitor of Ghet": 1118, "Anzrag, the Quake-Mole": 91, "Temple of Abandon": 2169, "Cindervines_SB": 374, "Tamiyo's Safekeeping": 2154, "Tear Asunder": 2162, "Blot Out": 224, "Scrapshooter": 1851, "Questing Beast": 1642, "Thrun, Breaker of Silence": 2261, "Nissa, Ascended Animist": 1460, "Tyrranax Rex": 2333, "Cityscape Leveler": 375, "Nissa, Ascended Animist_SB": 1461, "Shifting Ceratops_SB": 1922, "Hornet Queen_SB": 1016, "Adorned Pouncer": 37, "Arahbo, the First Fang": 95, "Lion Sash": 1266, "Open the Armory": 1521, "Roadside Reliquary": 1771, "Sacred Cat": 1808, "Skyknight Squire": 1970, "Sword of Forge and Frontier": 2140, "Prosperous Thief": 1630, "Satoru Umezawa": 1825, "Play with Fire_SB": 1604, "Exquisite Firecraft_SB": 724, "Searing Blood_SB": 1866, "Get Out": 855, "Harvester of Misery_SB": 949, "Intimidation Tactics_SB": 1064, "Out of Air_SB": 1538, "Cry of the Carnarium": 464, "Ghost Vacuum": 859, "Kaya, Orzhov Usurper": 1134, "Soul-Guide Lantern": 2014, "The End": 2208, "Calamity's Wake_SB": 286, "Devout Decree_SB": 556, "Exorcise_SB": 714, "Legion's End_SB": 1223, "Spontaneous Mutation_SB": 2045, "Vinereap Mentor": 2422, "Vraska, Golgari Queen": 2458, "Shambling Vent": 1902, "Targ Nar, Demon-Fang Gnoll": 2159, "Kellan, Planar Trailblazer": 1144, "Norin, Swift Survivalist": 1474, "Heartless Act": 964, "Bonecrusher Giant_SB": 234, "Sorin, Vengeful Bloodlord_SB": 2008, "Exquisite Firecraft": 723, "Raucous Carnival": 1678, "Curse of Shaken Faith_SB": 480, "Fable of the Mirror-Breaker_SB": 734, "Painter's Studio // Defaced Gallery": 1558, "Chance for Glory_SB": 353, "Magmatic Chasm_SB": 1311, "Requisition Raid_SB": 1731, "Shrapnel Blast_SB": 1936, "Untimely Malfunction_SB": 2379, "Altanak, the Thrice-Called": 69, "Cathartic Pyre": 324, "Tireless Tracker_SB": 2275, "Titania, Voice of Gaea_SB": 2281, "Doppelgang_SB": 590, "Kiora's Follower": 1155, "Merfolk Mistbinder": 1358, "Merfolk Trickster_SB": 1359, "Mockingbird_SB": 1386, "Fading Hope_SB": 741, "Smuggler's Copter_SB": 1986, "Mosswood Dreadknight": 1407, "Lovestruck Beast": 1289, "Debris Beetle": 515, "Mystic Repeal_SB": 1426, "Epic Downfall_SB": 696, "Long Goodbye_SB": 1276, "Thassa's Oracle_SB": 2197, "Tune Up": 2324, "Sunset Revelry_SB": 2117, "Cavalier of Flame": 333, "Nullhide Ferox_SB": 1486, "Builder's Talent": 271, "Caretaker's Talent": 300, "Sunder the Gateway": 2106, "Vaultborn Tyrant": 2413, "Inspiring Overseer": 1058, "Drowned Catacomb": 625, "Sunpetal Grove": 2114, "Woodland Cemetery": 2528, "Kitsa, Otterball Elite": 1163, "Retraction Helix": 1747, "Rona, Herald of Invasion": 1783, "Valley Floodcaller": 2401, "Abhorrent Oculus_SB": 22, "Floodpits Drowner_SB": 807, "Skysovereign, Consul Flagship_SB": 1974, "Loran's Escape": 1281, "Blessed Defiance_SB": 201, "Reckless Stormseeker": 1698, "Rocketeer Boostbuggy": 1776, "The Akroan War": 2200, "Bladestitched Skaab": 196, "Lazotep Reaver": 1214, "Rotten Reunion_SB": 1786, "The Scarab God_SB": 2229, "Jace, Wielder of Mysteries_SB": 1092, "Enduring Tenacity_SB": 688, "Cruelclaw's Heist_SB": 461, "Swan Song_SB": 2135, "Knight of Grace": 1169, "Chandra, Spark Hunter_SB": 362, "Overgrown Farmland": 1544, "Skyclave Cleric": 1968, "Ajani, Strength of the Pride_SB": 60, "Witness Protection_SB": 2521, "Growth Spiral": 924, "Ill-Timed Explosion_SB": 1034, "Bomat Courier": 230, "Phoenix Chick": 1583, "Tocasia's Welcome_SB": 2285, "Gideon of the Trials": 868, "Mazemind Tome": 1348, "Etali, Primal Conqueror": 708, "The Scarab God": 2228, "Radiant Flames_SB": 1652, "Azor, the Lawbringer_SB": 141, "Tasigur, the Golden Fang": 2161, "Mortify": 1405, "Day of Judgment_SB": 500, "Kaya, Orzhov Usurper_SB": 1135, "Doom Foretold": 584, "Nine-Lives Familiar": 1457, "Rite of Oblivion": 1763, "Starfield of Nyx": 2055, "Kaya's Wrath_SB": 1133, "Necromentia_SB": 1442, "Bloodghast": 215, "Creeping Chill": 459, "Narcomoeba": 1435, "Otherworldly Gaze": 1537, "Prized Amalgam": 1624, "Say Its Name": 1831, "Silversmote Ghoul": 1947, "Tome Scour": 2288, "Day's Undoing": 501, "Fog": 812, "Gaea's Blessing": 839, "Haze of Pollen": 955, "Jace, the Perfected Mind": 1093, "Tamiyo, Collector of Tales": 2156, "Union of the Third Path": 2367, "Winds of Qal Sisma": 2508, "Carnage Tyrant_SB": 302, "Deadly Cover-Up_SB": 504, "Drannith Ruins": 604, "Thought-Knot Seer": 2249, "Wasteland Strangler": 2474, "Phyrexian Fleshgorger": 1588, "Ifnir Deadlands": 1032, "Bearer of Silence": 168, "Knight of the Ebon Legion": 1171, "Deep-Cavern Bat": 521, "Caustic Bronco": 327, "Reality Smasher_SB": 1688, "Sublime Epiphany": 2095, "Confounding Riddle": 425, "Torrential Gearhulk": 2298, "Ral, Izzet Viceroy_SB": 1666, "Necrotic Wound": 1443, "Necrotic Wound_SB": 1444, "Fuel the Flames": 836, "Valgavoth, Terror Eater_SB": 2397, "Make Disappear_SB": 1313, "Unchained Berserker_SB": 2352, "Gix's Command_SB": 876, "Sorin the Mirthless_SB": 2007, "Blast Zone": 197, "Shoot the Sheriff_SB": 1930, "Turntimber Symbiosis": 2326, "Graf Reaver_SB": 909, "Kraul Whipcracker_SB": 1185, "Camellia, the Seedmiser": 292, "Maelstrom Pulse_SB": 1302, "Eldrazi Displacer": 648, "Fleecemane Lion": 799, "Witchstalker_SB": 2515, "Fear of Impostors": 759, "Riptide Chimera": 1759, "Fear of Impostors_SB": 760, "Acererak the Archlich": 30, "Gwenna, Eyes of Gaea": 933, "Relic of Legends": 1721, "Optimistic Scavenger_SB": 1526, "Omen of the Dead": 1509, "Dive Down_SB": 580, "Yasharn, Implacable Earth": 2540, "Felonious Rage": 773, "Molten Collapse": 1388, "Lavinia, Azorius Renegade_SB": 1209, "Selfless Glyphweaver_SB": 1879, "Yasharn, Implacable Earth_SB": 2541, "Surge of Salvation": 2127, "Blood Spatter Analysis": 212, "Soul-Scar Mage_SB": 2017, "Regal Bunnicorn": 1713, "Demonic Bargain": 537, "Osseous Sticktwister": 1531, "Korvold, Fae-Cursed King": 1180, "Trail of Crumbs": 2303, "Korvold, Fae-Cursed King_SB": 1181, "Dive Down": 579, "Jace Reawakened_SB": 1089, "March of Swirling Mist_SB": 1329, "Blessed Defiance": 200, "Homestead Courage": 1003, "Fugitive Codebreaker": 837, "Tears of Valakut_SB": 2164, "Bedeck // Bedazzle_SB": 170, "Cease // Desist_SB": 339, "Languish_SB": 1204, "Cathar Commando_SB": 323, "Burning Earth_SB": 274, "Alrund's Epiphany": 68, "Commercial District": 412, "Dryad of the Ilysian Grove": 626, "Escape to the Wilds": 700, "Hedge Maze": 966, "Loot, the Pathfinder": 1278, "Nissa, Who Shakes the World": 1465, "Obliterating Bolt_SB": 1496, "Guardian of New Benalia": 930, "Phyrexian Dragon Engine": 1587, "Recommission": 1702, "Seasoned Hallowblade": 1867, "The Mycosynth Gardens": 2222, "Chandra, Torch of Defiance": 363, "Portal to Phyrexia_SB": 1616, "Consign // Oblivion": 429, "Adanto Vanguard": 33, "Favored Hoplite": 758, "Flowstone Infusion": 810, "Sejiri Shelter": 1877, "Tenth District Legionnaire": 2183, "Adanto Vanguard_SB": 34, "Elspeth, Sun's Champion_SB": 664, "Invasion of New Phyrexia_SB": 1073, "Wilt_SB": 2507, "Clifftop Lookout": 386, "Dreamdew Entrancer": 613, "Dreamroot Cascade": 614, "Fecund Greenshell": 766, "Insidious Fungus": 1055, "Loot, Exuberant Explorer": 1277, "Risen Reef": 1762, "Tangled Florahedron": 2158, "Healer of the Glade_SB": 960, "Tale's End_SB": 2153, "Omen of the Sun_SB": 1513, "Ashiok, Wicked Manipulator": 119, "Dreams of Steel and Oil": 616, "Blood Baron of Vizkopa_SB": 210, "Elspeth Conquers Death_SB": 659, "Gisa, the Hellraiser_SB": 875, "Ride's End_SB": 1755, "Omen of the Sun": 1512, "Enduring Courage": 683, "Beseech the Mirror_SB": 176, "Experimental Confectioner": 720, "Quag Feast": 1638, "Commence the Endgame_SB": 411, "Siphon Insight_SB": 1953, "Embercleave": 669, "Forbidden Friendship": 816, "Snow-Covered Mountain": 1994, "Case of the Gateway Express_SB": 313, "Collective Effort_SB": 400, "Forge Devil_SB": 819, "Perilous Snare_SB": 1578, "Monastery Mentor": 1394, "Seeker of the Way_SB": 1875, "Redcap Melee": 1705, "Calix, Guided by Fate": 287, "Jukai Naturalist": 1108, "Royal Treatment": 1790, "Setessan Champion": 1888, "Spirited Companion": 2042, "Trapped in the Screen": 2309, "Virtue of Loyalty": 2426, "Weaver of Harmony": 2485, "Ghostly Dancers_SB": 862, "Trapped in the Screen_SB": 2310, "Carrot Cake": 303, "Day of Judgment": 499, "Lay Down Arms": 1210, "Ossification": 1532, "The Birth of Meletis": 2203, "Serra Paragon_SB": 1887, "Cryptolith Rite": 472, "Lightning Strike_SB": 1249, "Bottomless Pool // Locker Room": 246, "Bottomless Pool // Locker Room_SB": 247, "Knockout Blow": 1174, "No More Lies_SB": 1472, "Hidetsugu's Second Rite": 992, "Hidetsugu's Second Rite_SB": 993, "Eidolon of Blossoms": 638, "Eidolon of Blossoms_SB": 639, "Seal from Existence_SB": 1860, "Nowhere to Run_SB": 1482, "Young Pyromancer_SB": 2549, "Serra Paragon": 1886, "Ob Nixilis, the Adversary": 1494, "Incubation Druid": 1045, "Interplanar Beacon": 1061, "Kaya the Inexorable": 1130, "Mistrise Village": 1382, "Nicol Bolas, Dragon-God": 1450, "Ral Zarek": 1662, "Sab-Sunen, Luxa Embodied": 1807, "Tamiyo, Field Researcher": 2157, "Vraska, Betrayal's Sting": 2457, "Kunoros, Hound of Athreos_SB": 1195, "Soulless Jailer_SB": 2020, "Qarsi Revenant": 1636, "Qarsi Revenant_SB": 1637, "Tersa Lightshatter": 2187, "Dragonfire Blade": 596, "Lavaspur Boots_SB": 1208, "Descendant of Storms": 547, "Case of the Crimson Pulse": 310, "Cemetery Illuminator": 341, "Perilous Snare": 1577, "Muraganda Raceway": 1416, "Rakdos's Return_SB": 1660, "Cease // Desist": 338, "Cram Session": 454, "Fell": 771, "Insatiable Avarice": 1052, "Restless Cottage": 1740, "The Biblioplex": 2202, "Valgavoth's Onslaught": 2395, "Containment Breach_SB": 434, "Environmental Sciences_SB": 693, "Introduction to Annihilation_SB": 1068, "Mascot Exhibition_SB": 1338, "Pest Summoning_SB": 1581, "Umori, the Collector_SB": 2348, "Elspeth, Storm Slayer": 662, "The Book of Exalted Deeds": 2204, "The Irencrag": 2216, "United Battlefront": 2368, "Voice of Victory": 2440, "Wedding Announcement": 2488, "Sunder the Gateway_SB": 2107, "Voice of Victory_SB": 2441, "March of Swirling Mist": 1328, "Mox Jasper": 1412, "Mistrise Village_SB": 1383, "Desperate Measures": 550, "Caustic Exhale": 329, "Dispelling Exhale": 573, "Foul-Tongue Invocation": 824, "Marang River Regent": 1321, "Scavenger Regent": 1837, "Silumgar's Scorn": 1943, "Caustic Exhale_SB": 330, "Strategic Betrayal_SB": 2087, "Katilda, Dawnhart Prime": 1128, "Songcrafter Mage": 2003, "Three Tree City": 2258, "Militia Bugler_SB": 1369, "Cori-Steel Cutter_SB": 442, "Sunpearl Kirin": 2113, "Fracture_SB": 830, "Dragonskull Summit": 599, "Cori-Steel Cutter": 441, "Wild Ride": 2500, "Rot-Curse Rakshasa": 1785, "History of Benalia": 999, "The Restoration of Eiganjo": 2226, "Jace, Vryn's Prodigy": 1090, "Strategic Betrayal": 2086, "Flashfreeze_SB": 798, "Chained to the Rocks": 347, "Treasure Map": 2317, "Archangel Elspeth": 99, "Pia Nalaar, Consul of Revival": 1590, "Reckless Impulse": 1694, "Wrenn's Resolve": 2534, "This Town Ain't Big Enough_SB": 2246, "Ascendant Spirit": 112, "Curious Obsession": 479, "Faceless Haven": 737, "Fading Hope": 740, "Geistlight Snare": 851, "Shacklegeist": 1894, "Faceless Haven_SB": 738, "Westvale Abbey": 2496, "Banishing Slash": 153, "Of One Mind": 1501, "Collective Brutality_SB": 399, "Not on My Watch_SB": 1476, "Metamorphic Alteration": 1364, "Stormscale Scion": 2081, "Stormscale Scion_SB": 2082, "Gurmag Angler": 931, "Murderous Cut": 1417, "Murderous Rider_SB": 1420, "Cori Mountain Monastery": 440, "Make Disappear": 1312, "Stormwing Entity": 2083, "Jaya, Fiery Negotiator": 1098, "United Battlefront_SB": 2369, "Fiend Artisan": 780, "Warden of the Grove": 2466, "Deputy of Detention_SB": 546, "Surrak, Elusive Hunter_SB": 2131, "Tyvar, the Pummeler_SB": 2339, "Icon of Ancestry": 1030, "Icon of Ancestry_SB": 1031, "Lofty Denial_SB": 1274, "Fire Prophecy": 790, "Ghostly Pilferer": 863, "Blue Sun's Twilight_SB": 227, "Cemetery Illuminator_SB": 342, "Slip Out the Back_SB": 1982, "White Sun's Twilight_SB": 2498, "Paradoxical Outcome_SB": 1562, "Break Out": 256, "Legion Loyalist": 1222, "Masked Vandal": 1339, "Fanatical Firebrand_SB": 751, "Gruul Charm_SB": 925, "Masked Vandal_SB": 1340, "Deathcap Glade": 511, "Preacher of the Schism": 1619, "Vivien Reid_SB": 2434, "March of Wretched Sorrow_SB": 1331, "Pawpatch Formation": 1570, "Scavenger's Talent_SB": 1839, "Ygra, Eater of All_SB": 2545, "Liliana, Death's Majesty": 1257, "Rakdos Joins Up": 1659, "Urgent Necropsy": 2389, "Runed Halo": 1800, "Shiko, Paragon of the Way": 1924, "Doorkeeper Thrull_SB": 588, "Decadent Dragon_SB": 516, "Mukotai Ambusher": 1414, "Undead Sprinter_SB": 2355, "Boros Reckoner": 240, "Elspeth, Storm Slayer_SB": 663, "Basri, Tomorrow's Champion": 161, "Mantis Rider": 1320, "Mardu Siegebreaker": 1332, "Kitesail Larcenist_SB": 1162, "Craterhoof Behemoth": 456, "Sanguine Evangelist": 1823, "Atarka's Command_SB": 124, "Crackling Drake": 450, "Bushwhack": 279, "Phyrexian Obliterator": 1589, "Abrade": 23, "Decisive Denial": 517, "Ebondeath, Dracolich": 636, "Ertai's Scorn": 699, "Horned Loch-Whale": 1013, "Phantom Interference": 1582, "Rakshasa's Bargain": 1661, "Rewind": 1752, "Unwind": 2380, "Awaken the Honored Dead_SB": 139, "Deathmark_SB": 512, "Gaze of Granite_SB": 849, "Lutri, the Spellchaser_SB": 1297, "Shadows' Verdict_SB": 1896, "Specter's Shriek_SB": 2027, "Thrun, Breaker of Silence_SB": 2262, "Collected Company_SB": 397, "Herald of Eternal Dawn_SB": 980, "Severance Priest": 1892, "Yathan Roadwatcher": 2542, "Natural State_SB": 1440, "Gladecover Scout": 879, "Light-Paws, Emperor's Voice": 1243, "Sixth Sense": 1956, "Ethereal Armor": 710, "All That Glitters": 64, "Audacity": 127, "Kaya's Ghostform": 1131, "Gryff's Boon": 926, "Sentinel's Eyes": 1884, "Hammerhand": 943, "Aqueous Form": 94, "Cartouche of Solidarity": 306, "Alpha Authority": 66, "Toadstool Admirer": 2283, "Selfless Savior": 1880, "Legion Angel": 1217, "Wojek Investigator": 2525, "Legion Angel_SB": 1218, "Apostle of Purifying Light_SB": 92, "Long Goodbye": 1275, "Restless Vents": 1745, "Jeskai Revelation": 1100, "Stern Lesson": 2064, "Chained to the Rocks_SB": 348, "Connive // Concoct": 426, "Creative Outburst": 458, "Temple of Deceit": 2170, "Temple of Enlightenment": 2171, "Temple of Malice": 2174, "Temple of Silence": 2176, "Temple of Triumph": 2177, "Dig Through Time_SB": 562, "Sire of Seven Deaths_SB": 1955, "Ray of Frost_SB": 1683, "Bontu's Last Reckoning_SB": 236, "Deafening Silence": 509, "Hardened Scales": 947, "Fiery Annihilation_SB": 781, "Dragonlord Silumgar": 598, "Painful Truths": 1557, "Search for Azcanta": 1863, "Supreme Will": 2125, "Contraband Kingpin_SB": 437, "Village Rites": 2420, "Llanowar Visionary": 1271, "Rampaging Ferocidon": 1669, "Stormchaser's Talent_SB": 2080, "Greedy Freebooter": 918, "Shambling Ghast": 1901, "Hangarback Walker": 944, "Marketback Walker": 1336, "Diabolic Intent": 559, "Scrapwork Mutt": 1853, "Gleaming Barrier": 882, "Liliana's Standard Bearer": 1256, "The Sibsig Ceremony": 2231, "Callous Bloodmage_SB": 289, "Bond of Insight": 231, "Friendly Teddy": 833, "Agatha of the Vile Cauldron": 53, "Muerra, Trash Tactician": 1413, "Cut // Ribbons": 482, "Dusk Legion Zealot": 632, "Markov Baron": 1337, "Patchwork Banner": 1566, "Soul Transfer": 2012, "Voldaren Thrillseeker": 2448, "Bedevil_SB": 171, "Champion of Dusk_SB": 351, "Deadly Dispute_SB": 506, "Soul Transfer_SB": 2013, "Devilish Valet": 555, "Runaway Steam-Kin": 1796, "Grinning Ignus": 922, "Birgi, God of Storytelling": 184, "Hazoret's Monument": 958, "Light Up the Night": 1239, "Cemetery Prowler_SB": 343, "Nissa, Steward of Elements_SB": 1463, "Tamiyo's Safekeeping_SB": 2155, "Kishla Village": 1158, "Overlord of the Balemurk_SB": 1547, "Experiment One": 718, "Kitesail Freebooter_SB": 1160, "Robber of the Rich_SB": 1775, "Izzet Charm": 1087, "Freestrider Lookout": 831, "Ugin, Eye of the Storms": 2340, "Crash Through": 455, "Shadows' Verdict": 1895, "The Book of Exalted Deeds_SB": 2205, "Spring-Loaded Sawblades": 2047, "Dennick, Pious Apprentice_SB": 542, "Slaughter Games_SB": 1976, "Sokenzan, Crucible of Defiance_SB": 2000, "Baneslayer Angel_SB": 152, "Trelasarra, Moon Dancer": 2319, "Kaito Shizuki": 1113, "Silent Hallcreeper": 1942, "Ashiok, Nightmare Weaver_SB": 118, "Evolved Sleeper": 712, "Tenacious Underdog_SB": 2182, "Rediscover the Way": 1707, "Witherbloom Command_SB": 2517, "Balmor, Battlemage Captain": 147, "Sram, Senior Edificer": 2051, "Wizard's Retort_SB": 2523, "Shapers' Sanctuary": 1903, "Eidolon of Rhetoric_SB": 640, "Commit // Memory": 413, "Clever Lumimancer": 385, "Eldritch Evolution": 649, "Niv-Mizzet, Parun": 1467, "Sweltering Suns": 2136, "Omnath, Locus of the Roil": 1516, "Lilah, Undefeated Slickshot": 1253, "Tolsimir, Friend to Wolves_SB": 2287, "Katilda, Dawnhart Martyr_SB": 1127, "Blossoming Defense": 220, "Giant Growth": 865, "Heritage Reclamation_SB": 985, "Brimaz, King of Oreskos": 260, "Welcoming Vampire": 2492, "Intimidation Tactics": 1063, "Liliana, Dreadhorde General_SB": 1258, "Marang River Regent_SB": 1323, "Spirit-Sister's Call": 2040, "Bandit's Talent_SB": 149, "Fountainport Bell": 829, "Dreams of Steel and Oil_SB": 617, "Gonti, Lord of Luxury_SB": 906, "Frontline Rush": 834, "Mortify_SB": 1406, "Hazoret, Godseeker": 959, "Treasure Cruise_SB": 2316, "Strangle_SB": 2085, "Drake Hatcher": 600, "Canyon Slough": 297, "Captain Lannery Storm": 299, "Charming Scoundrel": 370, "Collector's Vault": 403, "Goldhound": 904, "Goldspan Dragon": 905, "Kalain, Reclusive Painter": 1117, "Marionette Master": 1334, "Reckless Fireweaver": 1693, "Sticky Fingers": 2065, "Treasure Vault": 2318, "Vraska's Contempt": 2456, "Karn, Scion of Urza_SB": 1124, "Moment of Craving_SB": 1391, "Ratchet Bomb_SB": 1675, "Unlicensed Disintegration_SB": 2370, "Eshki Dragonclaw": 701, "Herd Heirloom": 982, "Rhonas the Indomitable": 1753, "The Huntsman's Redemption": 2215, "Stubborn Denial_SB": 2094, "Quicken": 1647, "Unlicensed Hearse": 2371, "Amonkhet Raceway": 71, "The Speed Demon": 2232, "Ral, Crackling Wit_SB": 1665, "Seal from Existence": 1859, "Shore Up": 1931, "Aetherflux Reservoir_SB": 47, "Shore Up_SB": 1932, "Illness in the Ranks_SB": 1035, "Phyrexian Arena_SB": 1584, "Abbot of Keral Keep": 19, "Anax, Hardened in the Forge": 73, "Incendiary Flow": 1044, "Invigorated Rampage": 1076, "Rimrock Knight": 1757, "Shock": 1927, "Torbran, Thane of Red Fell": 2291, "Wild Slash": 2501, "Dire Fleet Daredevil_SB": 563, "Flame-Blessed Bolt_SB": 796, "Sword of Once and Future_SB": 2142, "Magebane Lizard": 1306, "Virulent Plague_SB": 2430, "Snow-Covered Plains": 1995, "Sunset Revelry": 2116, "Unexpected Windfall": 2362, "Worldspine Wurm": 2531, "Xenagos, God of Revels": 2536, "Rebel Salvo_SB": 1690, "Arboreal Grazer_SB": 98, "Herald of Eternal Dawn": 979, "Skrelv's Hive": 1960, "Vaultborn Tyrant_SB": 2414, "Defabricate_SB": 525, "Augur of Bolas": 130, "Essence Flux": 706, "Fallaji Archaeologist": 749, "Neoform": 1448, "Tyvar's Stand": 2335, "Collector's Cage_SB": 402, "Dromoka's Command": 622, "Elite Spellbinder": 656, "Ajani, Strength of the Pride": 59, "Plargg, Dean of Chaos": 1602, "Reluctant Role Model": 1722, "Hushbringer_SB": 1025, "Ureni, the Song Unending": 2387, "Dire Tactics": 564, "Order of Midnight": 1529, "Duelist of the Mind": 628, "Portent of Calamity": 1617, "Extraordinary Journey": 731, "Concerted Defense_SB": 421, "Rapid Hybridization_SB": 1674, "Hooting Mandrills": 1006, "Jin-Gitaxias, Progress Tyrant_SB": 1103, "Smuggler's Surprise_SB": 1988, "Toxrill, the Corrosive_SB": 2302, "Doom Whisperer_SB": 586, "Razorkin Needlehead": 1685, "Virtue of Courage": 2425, "Ball Lightning": 146, "Scytheclaw Raptor_SB": 1856, "Cathartic Reunion": 325, "Ancient Imperiosaur": 77, "Gastal Thrillroller_SB": 846, "Invasion of Ergamon": 1069, "Evangel of Synthesis": 711, "Awaken the Honored Dead": 138, "Ghostly Dancers": 861, "Heliod, the Radiant Dawn_SB": 974, "Dispel_SB": 572, "Chandra, Hope's Beacon": 361, "Obscura Storefront": 1498, "Disfigure_SB": 570, "Feed the Swarm": 768, "Blue Sun's Twilight": 226, "Conduit Pylons": 423, "Ipnu Rivulet": 1079, "Outcaster Greenblade": 1539, "Voltage Surge": 2451, "Fae of Wishes_SB": 743, "Koth, Fire of Resistance_SB": 1182, "Anger of the Gods": 79, "Brass Knuckles": 250, "Fabrication Foundry": 736, "Ingenious Smith": 1050, "Metalwork Colossus": 1363, "Sanctum of Ugin": 1820, "Wedding Invitation": 2490, "Glass Casket_SB": 880, "Repurposing Bay_SB": 1730, "Drake Hatcher_SB": 601, "Ashen Rider": 114, "Assassin's Trophy_SB": 121, "Baleful Mastery": 145, "Agonizing Remorse_SB": 57, "Soulflayer": 2018, "Zetalpa, Primal Dawn": 2559, "Striped Riverwinder": 2091, "Urborg Scavengers": 2385, "Oracle of Tragedy": 1528, "Gurmag Nightwatch": 932, "Hallowed Moonlight_SB": 941, "Selfless Spirit_SB": 1881, "Slaughter Singer": 1977, "Venerated Rotpriest": 2417, "The Seedcore": 2230, "Crawling Chorus": 457, "Annex Sentry": 83, "Bloated Contaminator": 208, "Jawbone Duelist": 1096, "Overprotect": 1552, "Ajani, Sleeper Agent_SB": 58, "Phyrexian Censor_SB": 1586, "Tyvar's Stand_SB": 2336, "Dewdrop Cure_SB": 558, "Annex Sentry_SB": 84, "Melira, the Living Cure_SB": 1352, "Secrets of the Key": 1870, "Vineglimmer Snarl": 2421, "Port Town": 1610, "Mystic Reflection": 1425, "Heroic Intervention": 987, "Emergence Zone": 672, "Augmenter Pugilist": 128, "Augur of Autumn": 129, "Simic Charm": 1948, "Fortified Village": 823, "Biovisionary": 183, "Repudiate // Replicate_SB": 1728, "Chord of Calling_SB": 372, "Baird, Steward of Argive_SB": 143, "Dusk // Dawn_SB": 631, "Glorybringer": 891, "Scavenging Ooze": 1840, "Mizzium Mortars": 1384, "Cartouche of Zeal": 308, "Skylasher_SB": 1971, "Wear Down_SB": 2483, "Slagstorm_SB": 1975, "Scorching Dragonfire_SB": 1844, "Stern Dismissal_SB": 2063, "Repel the Abominable": 1726, "Invasion of Gobakhan": 1070, "Repel the Abominable_SB": 1727, "Not on My Watch": 1475, "Scattered Thoughts": 1836, "Nature's Rhythm": 1441, "Dryad's Revival": 627, "Mabel, Heir to Cragflame_SB": 1299, "Atraxa, Grand Unifier_SB": 126, "Niv-Mizzet, Visionary_SB": 1470, "Despark_SB": 549, "Dennick, Pious Apprentice": 541, "Angrath, the Flame-Chained_SB": 81, "Ritual of Soot_SB": 1766, "Dark Petition_SB": 491, "Vampires' Vengeance_SB": 2408, "Hornet Queen": 1015, "Ojer Taq, Deepest Foundation": 1505, "Pyroclasm": 1634, "March of Wretched Sorrow": 1330, "Unlucky Witness": 2373, "Heliod's Pilgrim_SB": 970, "Kaya's Ghostform_SB": 1132, "Skrelv, Defector Mite_SB": 1962, "Lord Skitter, Sewer King": 1283, "Aclazotz, Deepest Betrayal_SB": 32, "Tomik, Distinguished Advokist_SB": 2289, "Hearth Elemental": 963, "Sanguine Evangelist_SB": 1824, "Spirit-Sister's Call_SB": 2041, "Demonic Counsel": 538, "Consuming Fervor": 433, "Aetherflux Reservoir": 46, "Summary Dismissal_SB": 2099, "Mountain_SB": 1409, "Portal to Phyrexia": 1615, "Lamplight Phoenix_SB": 1202, "Ovalchase Daredevil": 1543, "Inscribed Tablet": 1053, "Scourge of the Skyclaves": 1847, "Warlock Class": 2468, "Lich-Knights' Conquest": 1236, "Silent Gravestone_SB": 1941, "Ulcerate_SB": 2344, "Kaervek, the Spiteful_SB": 1111, "Smoldering Egg": 1984, "Rune of Might": 1798, "Voice of Resurgence_SB": 2439, "Can't Stay Away_SB": 295, "Feldon, Ronom Excavator": 770, "Infuriate_SB": 1049, "Wandering Mind": 2464, "Disenchant_SB": 569, "Candy Trail": 296, "Colossal Skyturtle": 406, "Mirrorshell Crab": 1373, "Teferi, Who Slows the Sunset": 2167, "Chaos Wand_SB": 368, "Dissection Tools_SB": 577, "Jace, the Perfected Mind_SB": 1094, "Zirda, the Dawnwaker_SB": 2562, "Recommission_SB": 1703, "Abbot of Keral Keep_SB": 20, "Clarion Conqueror_SB": 381, "Rabbit Battery": 1650, "Faerie Dreamthief": 744, "Helping Hand": 975, "Steamcore Scholar": 2060, "Winternight Stories": 2510, "Seasons Past": 1868, "Defabricate": 524, "Immortal Phoenix_SB": 1038, "Yuna, Hope of Spira": 2551, "Blisterpod": 204, "Cartel Aristocrat": 305, "Rally the Ancestors": 1667, "Sephiroth, Fabled SOLDIER": 1885, "Starting Town": 2057, "Heliod, Sun-Crowned_SB": 972, "Ruthless Lawbringer_SB": 1805, "Lightwheel Enhancements": 1252, "Joshua, Phoenix's Dominant": 1106, "Cunning Coyote_SB": 478, "Abuelo's Awakening": 29, "Summon: Knights of Round": 2101, "Kroxa and Kunoros": 1189, "Terra, Magical Adept": 2184, "Dark Confidant_SB": 489, "Vivi Ornitier": 2432, "Demon Wall": 536, "Eiganjo, Seat of the Empire_SB": 644, "Vivi Ornitier_SB": 2433, "Unflinching Courage": 2363, "Unflinching Courage_SB": 2364, "Ishgard, the Holy See": 1083, "Secure the Wastes": 1871, "Twinmaw Stormbrood_SB": 2329, "Fire Magic_SB": 789, "Crumbling Vestige": 463, "Echoing Deeps": 637, "Glimpse the Core": 885, "Hour of Promise": 1021, "Scapeshift": 1834, "The Wandering Minstrel": 2237, "Kura, the Boundless Sky_SB": 1196, "Maelstrom of the Spirit Dragon_SB": 1303, "Surrak, Elusive Hunter": 2130, "Esper Origins": 704, "Cecil, Dark Knight": 340, "Dark Confidant": 488, "Gix, Yawgmoth Praetor": 877, "Vren, the Relentless_SB": 2460, "Opera Love Song": 1522, "Toski, Bearer of Secrets_SB": 2299, "Bloodsoaked Champion": 217, "Kitesail Freebooter": 1159, "Lantern Scout_SB": 1205, "Sin Collector_SB": 1950, "Cryptcaller Chariot": 468, "Hostile Investigator_SB": 1020, "Ancient Adamantoise": 75, "Furnace Reins_SB": 838, "Market Gnome": 1335, "Tinybones, the Pickpocket": 2273, "Buster Sword": 280, "Freya Crescent": 832, "Smitten Swordmaster": 1983, "Monastery Swiftspear_SB": 1396, "Summon: Leviathan": 2102, "Quicken_SB": 1648, "Alesha, Who Laughs at Fate": 62, "Zack Fair": 2554, "Tocasia's Welcome": 2284, "Staggering Insight": 2053, "Sporogenic Infection_SB": 2046, "Al Bhed Salvagers": 61, "Bile Blight": 180, "Ruthless Negotiation_SB": 1806, "Fleeting Spirit": 801, "Saiba Cryptomancer": 1814, "Warbriar Blessing": 2465, "Wilt-Leaf Liege_SB": 2506, "Demolition Field_SB": 535, "The Raven Man": 2224, "Glistening Deluge_SB": 889, "Gryff's Boon_SB": 927, "Rune of Sustenance_SB": 1799, "Rain of Revelation": 1657, "Ultima": 2345, "Shatter the Sky_SB": 1909, "Disturbing Mirth": 578, "Rite of Oblivion_SB": 1764, "Runed Halo_SB": 1801, "Doomsday Excruciator_SB": 587, "Cloud of Darkness_SB": 391, "Outrageous Robbery_SB": 1542, "Saiba Cryptomancer_SB": 1815, "Lindblum, Industrial Regency": 1261, "Sphinx's Tutelage": 2035, "The Water Crystal": 2239, "Eject_SB": 645, "Lindblum, Industrial Regency_SB": 1262, "Ureni, the Song Unending_SB": 2388, "Cerulean Drake_SB": 346, "Blossoming Defense_SB": 221, "Cloud, Midgar Mercenary": 392, "Machinist's Arsenal": 1300, "Paladin's Arms": 1559, "Raubahn, Bull of Ala Mhigo": 1677, "Angel of Serenity": 78, "Hinterland Harbor": 997, "Hullbreaker Horror": 1023, "Titan of Industry_SB": 2279, "Search for Azcanta_SB": 1864, "Emet-Selch, Unsundered": 676, "Lazav, the Multifarious": 1212, "Valentin, Dean of the Vein": 2393, "Bonders' Enclave": 232, "Nissa's Pilgrimage": 1459, "Ulamog, the Ceaseless Hunger": 2343, "Old-Growth Troll_SB": 1507, "Ugin, the Spirit Dragon_SB": 2342, "Banefire_SB": 151, "Astrologian's Planisphere": 122, "Slickshot Show-Off_SB": 1980, "Camellia, the Seedmiser_SB": 293, "Insidious Fungus_SB": 1056, "Massacre Girl_SB": 1341, "Trail of Crumbs_SB": 2304, "Webstrike Elite_SB": 2487, "Restoration Magic_SB": 1746, "Staggering Insight_SB": 2054, "Plumecreed Escort": 1606, "Sunscorched Desert": 2115, "Anim Pakal, Thousandth Moon": 82, "Embercleave_SB": 670, "Kefka, Court Mage": 1142, "Mox Amber_SB": 1411, "Retraction Helix_SB": 1748, "Exsanguinate": 725, "Hedge Shredder": 967, "Genesis Wave": 852, "Return the Favor_SB": 1749, "Kogla and Yidaro_SB": 1176, "Revival // Revenge": 1751, "Vampire Socialite": 2405, "Legion Lieutenant": 1221, "Vito, Thorn of the Dusk Rose": 2431, "Vampire of the Dire Moon": 2406, "Voldaren Bloodcaster_SB": 2446, "Florian, Voldaren Scion_SB": 808, "Stingerback Terror": 2066, "Mistbreath Elder": 1381, "Lightning, Army of One": 1250, "Isareth the Awakener": 1082, "Urza's Ruinous Blast": 2390, "Venat, Heart of Hydaelyn": 2415, "Liliana, the Last Hope": 1259, "Didn't Say Please": 560, "Ruin Crab": 1794, "Merfolk Windrobber": 1360, "Essence Scatter": 707, "Into the Story": 1067, "Field of Ruin_SB": 779, "Rush of Adrenaline": 1803, "Channeled Dragonfire": 367, "Stadium Headliner": 2052, "Roil Eruption": 1780, "Reckless Lackey": 1695, "Founding the Third Path": 826, "No One Left Behind": 1473, "Thassa's Oracle": 2196, "Heritage Reclamation": 984, "Riverchurn Monument_SB": 1767, "Divine Smite_SB": 581, "Roiling Dragonstorm": 1781, "Chandra, Dressed to Kill": 358, "End the Festivities": 681, "Raze the Effigy_SB": 1684, "Midgar, City of Mako": 1366, "Goblin Chainwhirler": 897, "Leyline of Combustion_SB": 1227, "Sorceress's Schemes": 2004, "Halvar, God of Battle_SB": 942, "Unexpected Request_SB": 2360, "Binding the Old Gods": 181, "Tireless Tracker": 2274, "Jaddi Offshoot_SB": 1095, "Linvala, the Preserver_SB": 1265, "Lotleth Troll": 1285, "Nullhide Ferox": 1485, "Samut, Voice of Dissent": 1818, "Smuggler's Surprise": 1987, "Ertai Resurrected": 697, "Disdainful Stroke": 567, "Scatter Ray": 1835, "Refute": 1712, "Sinister Sabotage": 1952, "Cornered by Black Mages": 443, "Sunken Hollow": 2112, "Eliminate_SB": 655, "Cry of the Carnarium_SB": 465, "Enter the God-Eternals_SB": 691, "Speaker of the Heavens": 2026, "Delney, Streetwise Lookout": 529, "Leyline of Transformation": 1231, "Forest_SB": 818, "Storm Herald_SB": 2075, "Cartouche of Solidarity_SB": 307, "Osteomancer Adept": 1534, "Snarling Gorehound": 1991, "Deep-Cavern Bat_SB": 522, "Scavenging Ooze_SB": 1841, "The Wandering Minstrel_SB": 2238, "Snow-Covered Swamp_SB": 1997, "Shattered Sanctum_SB": 1911, "Concealed Courtyard_SB": 419, "Shadowy Backstreet_SB": 1900, "Doom Foretold_SB": 585, "Hopeful Vigil_SB": 1010, "(THB) 117_SB": 15, "(DMU) 244_SB": 4, "(WOE) 95_SB": 18, "(M20) 94_SB": 10, "(SLD) 325_SB": 13, "(BRO) 16_SB": 1, "(STX) 72_SB": 14, "(FDN) 704_SB": 7, "(BLB) 83_SB": 0, "(OTJ) 108_SB": 12, "(BRO) 26_SB": 2, "(WOE) 29_SB": 17, "(DAR) 213_SB": 3, "(KLR) 84_SB": 8, "(LCI) 128_SB": 9, "(DSK) 111_SB": 5, "(MID) 112_SB": 11, "(THB) 121_SB": 16, "(FDN) 137_SB": 6, "Resolute Strike": 1735, "Storm Herald": 2074, "Disruptive Stormbrood": 575, "Burning Anger": 273, "Colossification": 408, "Thunder Magic_SB": 2265, "Ugin, the Spirit Dragon": 2341, "Forsaken Monument": 821, "Wastes": 2475, "Haven of the Spirit Dragon": 952, "Crystal Grotto": 474, "Warping Wail": 2469, "The Celestus": 2206, "Adventurer's Inn": 38, "Patchwork Automaton_SB": 1565, "Mazemind Tome_SB": 1349, "Thought-Knot Seer_SB": 2250, "Haunted Dead": 950, "Driven // Despair": 619, "Quag Feast_SB": 1639, "Dwarven Mine": 634, "Dragon Fodder": 595, "Hordeling Outburst": 1012, "Lukka, Coppercoat Outcast": 1291, "Satyr's Cunning": 1828, "Ral's Reinforcements": 1663, "Song of Totentanz": 2002, "Cavalcade of Calamity_SB": 332, "Impact Tremors_SB": 1040, "Mechanized Warfare_SB": 1350, "Torbran, Thane of Red Fell_SB": 2292, "Languish": 1203, "Ritual of Soot": 1765, "Drag the Canal_SB": 594, "Sin, Spira's Punishment": 1951, "Capital City": 298, "Jidoor, Aristocratic Capital": 1102, "Coveted Falcon": 449, "Auroral Procession": 132, "Omnath, Locus of Creation_SB": 1515, "Absorb": 28, "Sphinx's Revelation": 2034, "Void Rend": 2443, "Elvish Archivist": 665, "Great Arashin City": 916, "Nissa, Voice of Zendikar_SB": 1464, "Touch the Spirit Realm_SB": 2301, "Tormod's Crypt": 2295, "Saheeli, Filigree Master_SB": 1810, "Lion Sash_SB": 1267, "March of Otherworldly Light_SB": 1327, "Self-Destruct": 1878, "Misery's Shadow_SB": 1376, "Stormcarved Coast_SB": 2078, "Undead Butler": 2354, "Willow Geist": 2504, "The Aetherspark": 2198, "Curse of Silence_SB": 481, "Miscast_SB": 1375, "Matoya, Archon Elder_SB": 1343, "Blossoming Tortoise": 222, "Blossoming Tortoise_SB": 223, "Summon: Leviathan_SB": 2103, "Aether Channeler": 42, "Aether Channeler_SB": 43, "Leyline of Transformation_SB": 1232, "Ulvenwald Oddity_SB": 2347, "Ephara's Dispersal": 694, "Lush Oasis": 1295, "Aftermath Analyst_SB": 51, "Mystic Sanctuary": 1427, "Broken Bond_SB": 263, "Kinnan, Bonder Prodigy": 1154, "Dread Presence": 605, "Cyclonic Rift_SB": 485, "Sultai Charm_SB": 2098, "Waker of Waves": 2461, "Discovery // Dispersal": 566, "Consecrate // Consume_SB": 427, "Reduce // Rubble_SB": 1709, "Bartolom\u00e9 del Presidio": 158, "Zulaport Cutthroat": 2565, "Valley Questcaller": 2403, "Choco, Seeker of Paradise": 371, "Sazh's Chocobo": 1833, "Traveling Chocobo": 2311, "Sazh Katzroy": 1832, "Cloudfin Raptor": 394, "Bartz and Boko": 159, "Dazzling Denial": 502, "Ambrosia Whiteheart": 70, "Aven Mindcensor_SB": 137, "Buster Sword_SB": 281, "The Aetherspark_SB": 2199, "Cloudsteel Kirin_SB": 395, "Kenrith's Transformation_SB": 1147, "Wolfwillow Haven_SB": 2527, "Questing Beast_SB": 1643, "Magic Damper": 1308, "Magic Damper_SB": 1309, "Fleeting Spirit_SB": 802, "Knight of Dusk's Shadow_SB": 1168, "Marang River Regent // Coil and Catch": 1322, "Felothar, Dawn of the Abzan": 774, "Skirmish Rhino": 1959, "Sandsteppe Citadel": 1821, "Blitz of the Thunder-Raptor_SB": 206, "Zirda, the Dawnwaker": 2561, "Xenagos, the Reveler": 2538, "Svella, Ice Shaper": 2132, "Collision // Colossus_SB": 405, "Lukka, Bound to Ruin_SB": 1290, "Rebel Salvo": 1689, "Nahiri, Heir of the Ancients_SB": 1430, "Aether Hub": 45, "Power Word Kill": 1618, "Filter Out_SB": 787, "Dreams of Laguna": 615, "Whir of Invention_SB": 2497, "Peerless Recycling_SB": 1575, "Fateful Absence": 756, "Joust Through_SB": 1107, "Brimaz, King of Oreskos_SB": 261, "Regal Caracal_SB": 1714, "Thunder Magic": 2264, "Absolute Virtue_SB": 27, "Fire Prophecy_SB": 791, "Mirrorpool": 1372, "Cloud, Midgar Mercenary_SB": 393, "Fire Magic": 788, "Mirrorshell Crab_SB": 1374, "Vanquish the Horde_SB": 2412, "Moment of Craving": 1390, "Commune with Beavers": 415, "Blitz of the Thunder-Raptor": 205, "Patchwork Beastie": 1567, "Wildfire Wickerfolk": 2503, "Beastie Beatdown": 169, "Ogre-Head Helm": 1502, "Violent Urge": 2423, "Seed of Hope": 1872, "Thrilling Discovery": 2260, "Cavern of Souls_SB": 336, "Yuna, Hope of Spira_SB": 2552, "Vraska, Golgari Queen_SB": 2459, "Lazotep Plating": 1213, "Ochre Jelly": 1500, "The Ozolith": 2223, "Botanical Brawler": 244, "Kutzil, Malamet Exemplar": 1199, "Conclave Mentor": 422, "Pelt Collector": 1576, "Fight as One_SB": 785, "Garruk's Harbinger_SB": 844, "Summon: Primal Odin": 2104, "Unexpected Request": 2359, "Caelorna, Coral Tyrant_SB": 285, "Fade from History_SB": 739, "Return to Nature_SB": 1750, "Skyreaping_SB": 1972, "Ezrim, Agency Chief_SB": 732, "Axgard Armory": 140, "Cryptcaller Chariot_SB": 469, "Bramble Familiar": 248, "Make Your Own Luck": 1314, "One with the Multiverse": 1519, "Overwhelming Splendor": 1554, "Unexpected Results": 2361, "Flowstone Infusion_SB": 811, "Den of the Bugbear_SB": 540, "Invasive Surgery_SB": 1074, "Sorcerous Spyglass_SB": 2005, "Tail Swipe": 2148, "Wildborn Preserver": 2502, "Drogskol Reaver": 621, "Cragplate Baloth": 453, "Fleetfoot Dancer": 800, "Disruptive Stormbrood_SB": 576, "The Last Ride": 2217, "Warrant // Warden_SB": 2471, "Reinforced Ronin": 1718, "Showdown of the Skalds": 1933, "Blink of an Eye_SB": 203, "Ashaya, Soul of the Wild": 113, "Elvish Reclaimer": 667, "Green Sun's Twilight": 919, "Implement of Combustion": 1041, "Oni-Cult Anvil": 1520, "Weapons Manufacturing": 2480, "Mayhem Devil_SB": 1347, "Tarrian's Journal_SB": 2160, "Hollow One": 1002, "Hemosymbic Mite": 976, "Seam Rip": 1861, "Seam Rip_SB": 1862, "Pinnacle Starcage_SB": 1596, "Ephara's Dispersal_SB": 695, "Kavaron Harrier": 1129, "Nutrient Block": 1488, "Biotech Specialist": 182, "Vivien, Arkbow Ranger": 2435, "Wakeroot Elemental_SB": 2463, "Tifa Lockhart": 2270, "Rust Goliath": 1804, "Grab the Prize": 908, "Thrill of Possibility": 2259, "Fling": 804, "Mishra, Tamer of Mak Fawa": 1379, "Artificer's Dragon": 110, "Mishra, Excavation Prodigy_SB": 1378, "Shock_SB": 1928, "Insult // Injury_SB": 1060, "Chandra, Flame's Fury": 360, "Chandra's Spitfire": 356, "Unchained Berserker": 2351, "Ember Hauler": 668, "Drakuseth, Maw of Flames": 602, "Cavalcade of Calamity": 331, "Arni Brokenbrow": 109, "Scorch Spitter": 1842, "The Flame of Keld": 2213, "Chandra's Flame Wave": 355, "Sulfur Falls": 2096, "Strategic Planning": 2088, "Siege Veteran": 1937, "Yotian Frontliner": 2548, "Harbin, Vanguard Aviator": 946, "Myrel, Shield of Argive": 1423, "Valiant Veteran": 2398, "Protect the Negotiators_SB": 1631, "Ertai Resurrected_SB": 698, "Coruscation Mage_SB": 444, "Valki, God of Lies_SB": 2400, "Consult the Star Charts": 432, "Haliya, Guided by Light": 937, "Sanctify_SB": 1819, "Icetill Explorer": 1028, "Aetherize_SB": 48, "Icetill Explorer_SB": 1029, "Weftwalking": 2491, "Herald of Anguish": 978, "Mishra's Research Desk": 1377, "Sunset Saboteur": 2118, "Malicious Eclipse_SB": 1317, "Cryogen Relic": 466, "Adventurer's Inn_SB": 39, "Otawara, Soaring City_SB": 1536, "Pit of Offerings_SB": 1597, "Confounding Conundrum_SB": 424, "Annul": 85, "Skycat Sovereign_SB": 1965, "Kazandu Mammoth": 1138, "Aurelia's Vindicator": 131, "Fall of the Thran": 748, "Hope of Ghirapur": 1007, "Remorseful Cleric": 1723, "Hope of Ghirapur_SB": 1008, "Knight of the White Orchid_SB": 1172, "Lofty Denial": 1273, "Archenemy's Charm": 101, "Shattering Blow_SB": 1912, "Ral, Crackling Wit": 1664, "Reroute Systems": 1732, "Emry, Lurker of the Loch": 679, "Jeskai Ascendancy": 1099, "Restless Spire": 1744, "Saheeli, Sublime Artificer": 1811, "Rally the Monastery_SB": 1668, "Valley Floodcaller_SB": 2402, "Stonebinder's Familiar": 2071, "Demilich": 532, "Symmetry Sage": 2146, "Plains_SB": 1601, "Demand Answers": 531, "Nova Hellkite_SB": 1479, "Elixir": 658, "Patchwork Automaton": 1564, "Pithing Needle": 1598, "Tezzeret, Cruel Captain": 2190, "The Gold Saucer": 2214, "Voyage Home": 2453, "Carrot Cake_SB": 304, "Sai, Master Thopterist_SB": 1813, "Stonecoil Serpent_SB": 2073, "Cosmogoyf": 445, "Seedship Broodtender": 1873, "Severance Priest_SB": 1893, "Quantum Riddler": 1640, "Cascading Cataracts": 309, "The Rollercrusher Ride": 2227, "Suplex_SB": 2121, "Louisoix's Sacrifice": 1288, "Cosmogrand Zenith_SB": 447, "Isolate_SB": 1085, "Remorseful Cleric_SB": 1724, "Delney, Streetwise Lookout_SB": 530, "Disruption Protocol": 574, "Monstrous Rage_SB": 1399, "Devastating Mastery": 554, "Nahiri, the Unforgiving": 1433, "Twinmaw Stormbrood": 2328, "Opera Love Song_SB": 1523, "Nova Hellkite": 1478, "Timeline Culler": 2271, "Halana and Alena, Partners": 936, "The Dominion Bracelet_SB": 2207, "Cosmogrand Zenith": 446, "Lightstall Inquisitor": 1251, "Stonecoil Serpent": 2072, "Gilded Pinions": 873, "Mystic Forge": 1424, "Wear Down": 2482, "Wingspan Stride": 2509, "Opulent Palace": 1527, "Seeker's Folly": 1876, "Summon: Fenrir": 2100, "Dismal Backwater": 571, "Hero's Downfall": 986, "Temple of Malady": 2173, "Kotis, the Fangkeeper": 1183, "Jungle Hollow": 1109, "Blitzball Shot_SB": 207, "Dauntless Scrapbot_SB": 497, "Fell_SB": 772, "Unsummon_SB": 2378, "Surgical Skullbomb": 2129, "Pinnacle Emissary": 1594, "Urabrask, Heretic Praetor": 2384, "Soulless Jailer": 2019, "Shatterskull Smashing": 1913, "The Eternal Wanderer": 2211, "Drannith Magistrate": 603, "Honor": 1005, "Tethmos High Priest_SB": 2189, "Deliberate": 528, "Rest in Peace": 1737, "Saw It Coming": 1830, "Reroute Systems_SB": 1733, "Scorching Dragonfire": 1843, "Impulse_SB": 1043, "Aerith Gainsborough": 41, "Gala Greeters": 840, "Heliod, Sun-Crowned": 971, "Sothera, the Supervoid_SB": 2009, "Depose // Deploy": 544, "Dalkovan Encampment": 486, "Syr Vondam, Sunstar Exemplar": 2147, "Alesha, Who Laughs at Fate_SB": 63, "Temur Battle Rage": 2181, "Springleaf Drum": 2048, "Legion Extruder_SB": 1220, "Pinnacle Starcage": 1595, "Vandalblast_SB": 2409, "Armed and Armored": 108, "Bruenor Battlehammer": 267, "Giott, King of the Dwarves": 874, "Magda, Brazen Outlaw": 1305, "Toolcraft Exemplar": 2290, "Reckless Crew_SB": 1692, "Extract a Confession_SB": 728, "Quantum Riddler_SB": 1641, "Seedship Impact_SB": 1874, "Radiant Fountain": 1653}}