{"vocabulary": {"Brazen Borrower": 256, "Clearwater Pathway": 387, "Darkslick Shores": 499, "Enduring Curiosity": 692, "Faerie Miscreant": 753, "Fatal Push": 761, "Floodpits Drowner": 813, "Gloomlake Verge": 897, "Go for the Throat": 903, "Island": 1089, "Kaito, Bane of Nightmares": 1119, "Mockingbird": 1392, "Moon-Circuit Hacker": 1409, "Mutavault": 1429, "Otawara, Soaring City": 1541, "Spell Pierce": 2029, "Thoughtseize": 2245, "Thousand-Faced Shadow": 2247, "Underground River": 2352, "Watery Grave": 2471, "Anoint with Affliction_SB": 86, "Cut Down_SB": 489, "Disdainful Stroke_SB": 572, "Duress_SB": 637, "Extinction Event_SB": 735, "Grafdigger's Cage_SB": 918, "Mukotai Ambusher_SB": 1423, "Sheoldred, the Apocalypse_SB": 1920, "Spell Pierce_SB": 2030, "Adarkar Wastes": 35, "Eiganjo, Seat of the Empire": 650, "Hallowed Fountain": 947, "Hengegate Pathway": 984, "Invasion of Gobakhan": 1075, "Mausoleum Wanderer": 1349, "No More Lies": 1478, "Plains": 1606, "Rattlechains": 1680, "Seachrome Coast": 1858, "Shacklegeist": 1893, "Sheltered by Ghosts": 1915, "Skyclave Apparition": 1967, "Spell Queller": 2031, "Supreme Phantom": 2120, "The Wandering Emperor": 2229, "Declaration in Stone_SB": 523, "Invasion of Gobakhan_SB": 1076, "Portable Hole_SB": 1619, "Rest in Peace_SB": 1739, "Split Up_SB": 2045, "Tishana's Tidebinder_SB": 2272, "Wedding Announcement_SB": 2482, "Blackcleave Cliffs": 194, "Blade of the Oni": 197, "Blazemire Verge": 201, "Blightstep Pathway": 205, "Blood Crypt": 213, "Bloodtithe Harvester": 220, "Duress": 636, "Fable of the Mirror-Breaker": 740, "Fear of Missing Out": 769, "Sheoldred, the Apocalypse": 1919, "Sokenzan, Crucible of Defiance": 2000, "Sulfurous Springs": 2096, "Swamp": 2130, "Torch the Tower": 2287, "Unholy Annex // Ritual Chamber": 2359, "Urborg, Tomb of Yawgmoth": 2378, "Withering Torment": 2510, "Damping Sphere_SB": 491, "Hidetsugu Consumes All_SB": 997, "Liliana of the Veil_SB": 1260, "Torch the Tower_SB": 2288, "Unlicensed Hearse_SB": 2366, "Withering Torment_SB": 2511, "Burst Lightning": 278, "Copperline Gorge": 444, "Cragcrown Pathway": 456, "Den of the Bugbear": 542, "Emberheart Challenger": 678, "Heartfire Hero": 970, "Innkeeper's Talent": 1055, "Karplusan Forest": 1130, "Kumano Faces Kakkazan": 1197, "Manifold Mouse": 1323, "Monastery Swiftspear": 1402, "Monstrous Rage": 1405, "Mountain": 1416, "Questing Druid": 1649, "Ramunap Ruins": 1676, "Reckless Rage": 1699, "Screaming Nemesis": 1854, "Snakeskin Veil": 1990, "Stomping Ground": 2070, "Destructive Revelry_SB": 555, "Pawpatch Formation_SB": 1578, "Pick Your Poison_SB": 1599, "Pyroclasm_SB": 1641, "Questing Druid_SB": 1650, "Redcap Melee_SB": 1709, "Rending Volley_SB": 1728, "Scorching Shot_SB": 1845, "Screaming Nemesis_SB": 1855, "Shapers' Sanctuary_SB": 1903, "Boseiju, Who Endures": 244, "Cavalier of Thorns": 336, "Elvish Mystic": 673, "Forest": 825, "Hostile Hostel": 1023, "Invasion of Ixalan": 1077, "Kiora, Behemoth Beckoner": 1162, "Lair of the Hydra": 1206, "Leyline of the Guildpact": 1239, "Llanowar Elves": 1275, "Nykthos, Shrine to Nyx": 1496, "Oath of Nissa": 1500, "Old-Growth Troll": 1513, "Outcaster Trailblazer": 1546, "Storm the Festival": 2075, "Sunken Citadel": 2109, "Ulvenwald Oddity": 2340, "Cityscape Leveler_SB": 380, "Elesh Norn, Mother of Machines_SB": 661, "Emrakul, the Promised End_SB": 686, "Monstrous Emergence_SB": 1404, "Obstinate Baloth_SB": 1506, "Polukranos Reborn_SB": 1614, "The Mightstone and Weakstone_SB": 2215, "The Stone Brain_SB": 2228, "Tranquil Frillback_SB": 2301, "Atraxa, Grand Unifier": 125, "Azor, the Lawbringer": 142, "Breeding Pool": 259, "Cavern of Souls": 338, "Enigmatic Incarnation": 697, "Floodfarm Verge": 812, "Godless Shrine": 909, "Hushwood Verge": 1031, "Indatha Triome": 1050, "Ketria Triome": 1159, "Kutzil's Flanker": 1202, "Leyline Binding": 1231, "Linvala, the Preserver": 1269, "Nowhere to Run": 1488, "Overgrown Tomb": 1551, "Overlord of the Boilerbilges": 1554, "Overlord of the Floodpits": 1555, "Overlord of the Hauntwoods": 1556, "Overlord of the Mistmoors": 1557, "Pillage the Bog": 1601, "Spara's Headquarters": 2024, "Up the Beanstalk": 2374, "Vanishing Verse": 2402, "Zagoth Triome": 2547, "Ziatora's Proving Ground": 2553, "Zur, Eternal Schemer": 2559, "Archon of Emeria_SB": 104, "Barrier Breach_SB": 159, "Knockout Blow_SB": 1181, "Thoughtseize_SB": 2246, "Yorion, Sky Nomad_SB": 2539, "Haunted Ridge": 959, "Takenuma, Abandoned Mire": 2147, "Anger of the Gods_SB": 77, "Invoke Despair_SB": 1083, "Arclight Phoenix": 105, "Artist's Talent": 109, "Consider": 433, "Demilich": 535, "Fiery Impulse": 789, "Jwari Disruption": 1115, "Lightning Axe": 1250, "Opt": 1531, "Picklock Prankster": 1600, "Proft's Eidetic Memory": 1631, "Riverglide Pathway": 1769, "Shivan Reef": 1925, "Sleight of Hand": 1979, "Spirebluff Canal": 2039, "Steam Vents": 2059, "Stern Dismissal": 2062, "Treasure Cruise": 2309, "Annul_SB": 84, "Jace, Wielder of Mysteries_SB": 1098, "Ledger Shredder_SB": 1221, "Mystical Dispute_SB": 1435, "Prismari Command_SB": 1629, "Battlefield Forge": 167, "Cast Out": 317, "Djeru's Renunciation": 585, "Drannith Healer": 608, "Drannith Stinger": 610, "Flourishing Fox": 816, "Footfall Crater": 823, "Go for Blood": 902, "Hollow One": 1008, "Inspiring Vantage": 1064, "Marauding Mako": 1328, "Monument to Endurance": 1407, "Needleverge Pathway": 1452, "Sunbillow Verge": 2103, "Zenith Flare": 2550, "Deafening Clarion_SB": 512, "Get Lost_SB": 863, "Flicker of Fate": 810, "Temple Garden": 2166, "Farewell_SB": 760, "Heroic Intervention_SB": 994, "High Noon_SB": 1001, "Thought Distortion_SB": 2242, "Fear of Isolation": 768, "Fetid Pools": 784, "Field of Ruin": 785, "Geier Reach Sanitarium": 859, "Grim Bauble": 928, "Hive of the Eye Tyrant": 1006, "Hopeless Nightmare": 1016, "Momentum Breaker": 1399, "Narset, Parter of Veils": 1444, "Omen of the Sea": 1518, "Shipwreck Marsh": 1924, "Stormchaser's Talent": 2078, "This Town Ain't Big Enough": 2239, "Thundertrap Trainer": 2263, "Yorion, Sky Nomad": 2538, "Kaito, Bane of Nightmares_SB": 1120, "Negate_SB": 1454, "The Meathook Massacre_SB": 2213, "Concealed Courtyard": 423, "Elegant Parlor": 657, "Greasefang, Okiba Boss": 922, "Kroxa, Titan of Death's Hunger": 1195, "Overlord of the Balemurk": 1552, "Parhelion II": 1569, "Sacred Foundry": 1811, "Skysovereign, Consul Flagship": 1974, "Valor's Flagship": 2396, "Abrade_SB": 24, "Ketramose, the New Dawn_SB": 1158, "Reckoner Bankbuster_SB": 1703, "Vanishing Verse_SB": 2403, "Pawpatch Recruit": 1579, "Soul-Scar Mage": 2017, "Experimental Frenzy_SB": 729, "Hazoret the Fervent_SB": 965, "Urabrask's Forge_SB": 2376, "Arboreal Grazer": 95, "Bala Ged Recovery": 146, "Behold the Multiverse": 175, "Botanical Sanctum": 247, "Dig Through Time": 565, "Emergent Ultimatum": 680, "Expedition Map": 724, "Hidden Strings": 995, "Impulse": 1047, "Into the Flood Maw": 1070, "Lier, Disciple of the Drowned": 1243, "Lotus Field": 1292, "Mastermind's Acquisition": 1347, "Omniscience": 1524, "Peer into the Abyss": 1582, "Pore Over the Pages": 1615, "Sylvan Scrying": 2142, "Thespian's Stage": 2235, "Vizier of Tumbling Sands": 2428, "Yavimaya Coast": 2535, "Approach of the Second Sun_SB": 91, "Behold the Multiverse_SB": 176, "Grand Abolisher_SB": 919, "Into the Flood Maw_SB": 1071, "Nine Lives_SB": 1463, "Silence_SB": 1940, "Supreme Verdict_SB": 2122, "Temporary Lockdown_SB": 2177, "Zacama, Primal Calamity_SB": 2545, "Bladehold War-Whip": 198, "Chainsaw": 352, "Fervent Champion": 782, "Kellan, the Fae-Blooded": 1151, "Lavaspur Boots": 1212, "Legion Extruder": 1224, "Leyline Axe": 1230, "Mirrex": 1378, "Patchwork Automaton": 1571, "Shadowspear": 1896, "Thran Power Suit": 2249, "Knight of Grace_SB": 1176, "Loran of the Third Path_SB": 1285, "Rebel Salvo_SB": 1694, "Torpor Orb_SB": 2291, "Go Blank_SB": 901, "Witchstalker Frenzy": 2505, "Witchstalker Frenzy_SB": 2506, "Shardmage's Rescue": 1904, "Slickshot Show-Off": 1980, "Wizard's Lightning": 2514, "Containment Priest_SB": 441, "Deflecting Palm_SB": 531, "Strict Proctor_SB": 2089, "Battle Cry Goblin": 164, "Cacophony Scamp": 285, "Conspicuous Snoop": 436, "Foundry Street Denizen": 835, "Goblin Instigator": 907, "Greasewrench Goblin": 923, "Raise the Past": 1662, "Rundvelt Hordemaster": 1799, "Skirk Prospector": 1959, "Sundown Pass": 2106, "Deafening Silence_SB": 514, "Moonshaker Cavalry_SB": 1410, "Nahiri, the Harbinger_SB": 1439, "Reidane, God of the Worthy_SB": 1720, "Abhorrent Oculus": 21, "Archfiend's Vessel": 102, "Can't Stay Away": 295, "Extraction Specialist": 736, "Fiend Artisan": 787, "Helping Hand": 982, "Ledger Shredder": 1220, "Lively Dirge": 1274, "Merfolk Secretkeeper": 1364, "Raffine, Scheming Seer": 1660, "Stitcher's Supplier": 2067, "Dawnbringer Cleric_SB": 502, "Extraction Specialist_SB": 737, "Fatal Push_SB": 762, "Fragmentize_SB": 839, "Skyclave Apparition_SB": 1968, "Aloe Alchemist": 62, "Atarka's Command": 123, "Burning-Tree Emissary": 276, "Cunning Coyote": 482, "Play with Fire": 1609, "Reckless Bushwhacker": 1695, "Thornspire Verge": 2241, "Claim the Firstborn_SB": 384, "Kari Zev's Expertise_SB": 1127, "Magebane Lizard_SB": 1311, "Bitter Triumph": 192, "Blooming Marsh": 221, "Brightglass Gearhulk": 261, "Cache Grab": 284, "Colossus Hammer": 414, "Dredger's Insight": 624, "Eldritch Evolution": 656, "Llanowar Wastes": 1277, "Mana Confluence": 1322, "Raffine's Informant": 1658, "Razorverge Thicket": 1691, "Sigarda's Aid": 1938, "Soulflayer": 2019, "Sylvan Caryatid": 2140, "Urborg Scavengers": 2377, "Zetalpa, Primal Dawn": 2552, "Authority of the Consuls_SB": 134, "Collective Brutality_SB": 404, "Culling Ritual_SB": 480, "Gifted Aetherborn_SB": 880, "Haywire Mite_SB": 962, "Boros Charm": 241, "Ghitu Lavarunner": 867, "Lightning Helix": 1252, "Count on Luck_SB": 452, "Sheltered by Ghosts_SB": 1916, "Archfiend of the Dross": 100, "Heartless Act": 972, "Unstoppable Slasher": 2370, "Callous Sell-Sword": 291, "Claim // Fame": 381, "Infuriate": 1052, "Turn Inside Out": 2319, "Chandra, Dressed to Kill_SB": 363, "Feed the Swarm_SB": 777, "Ob Nixilis, the Adversary_SB": 1502, "Archon of Emeria": 103, "Aven Interrupter": 135, "Branchloft Pathway": 251, "Brushland": 269, "Collected Company": 401, "Enduring Innocence": 694, "Kellan, Daring Traveler": 1149, "Knight of Autumn": 1172, "Loran of the Third Path": 1284, "Shefet Dunes": 1913, "Thalia, Guardian of Thraben": 2187, "Tyvar, the Pummeler": 2332, "Werefox Bodyguard": 2486, "Brutal Cathar_SB": 271, "Dromoka's Command_SB": 629, "The Wandering Emperor_SB": 2230, "Werefox Bodyguard_SB": 2487, "Back to Nature_SB": 144, "Castle Ardenvale": 318, "Castle Vantress": 322, "Day's Undoing": 505, "Discontinuity": 569, "Emeria's Call": 682, "Farewell": 759, "Get Lost": 862, "Hall of Storm Giants": 946, "Horned Loch-Whale": 1018, "Irrigated Farmland": 1086, "March of Otherworldly Light": 1330, "Memory Deluge": 1358, "Settle the Wreckage": 1889, "Shark Typhoon": 1906, "Soul Partition": 2011, "Sphinx's Revelation": 2034, "Strict Proctor": 2088, "Tale's End": 2149, "Teferi, Hero of Dominaria": 2163, "Dovin's Veto_SB": 596, "Leyline of Sanctity_SB": 1236, "Beanstalk Giant": 169, "Fabled Passage": 742, "Greater Tanuki": 925, "Quintorius Kand": 1654, "Release to the Wind": 1722, "Spark Double": 2025, "Spinewoods Armadillo": 2037, "Trumpeting Carnosaur": 2317, "Virtue of Persistence": 2419, "Colossal Skyturtle_SB": 412, "Consign // Oblivion_SB": 435, "Dragonlord Dromoka_SB": 602, "Gyruda, Doom of Depths_SB": 942, "Horned Loch-Whale_SB": 1019, "Keruga, the Macrosage_SB": 1156, "Roaring Furnace // Steaming Sauna_SB": 1774, "Rockface Village": 1778, "Chandra's Defeat_SB": 357, "Rottenmouth Viper": 1788, "Soulstone Sanctuary": 2023, "Spyglass Siren": 2049, "Kalitas, Traitor of Ghet_SB": 1124, "Leyline of the Void_SB": 1240, "Rottenmouth Viper_SB": 1789, "Wolfwillow Haven": 2518, "Pithing Needle_SB": 1605, "Wicked Wolf_SB": 2492, "Chrome Host Seedshark_SB": 377, "End the Festivities_SB": 690, "Tears of Valakut_SB": 2161, "Cryptic Coat": 474, "Gleaming Geardrake": 890, "Inti, Seneschal of the Sun": 1067, "Memory Guardian": 1360, "Mendicant Core, Guidelight": 1361, "Metallic Rebuke": 1367, "Portable Hole": 1618, "Shrapnel Blast": 1934, "Smuggler's Copter": 1986, "Thraben Inspector": 2248, "Voldaren Epicure": 2440, "Voyager Glidecar": 2447, "Aether Gust_SB": 43, "Cryptic Coat_SB": 475, "Experimental Augury": 727, "Jace Reawakened": 1093, "Malcolm, Alluring Scoundrel": 1320, "Nashi, Searcher in the Dark": 1446, "Sheoldred's Edict": 1917, "Valki, God of Lies": 2391, "Ashiok, Dream Render_SB": 113, "Anoint with Affliction": 85, "Oildeep Gearhulk_SB": 1511, "Adeline, Resplendent Cathar": 36, "Coppercoat Vanguard": 443, "Hopeful Initiate": 1014, "Recruitment Officer": 1707, "Thalia's Lieutenant": 2186, "Veteran Survivor": 2410, "Warden of the Inner Sky": 2461, "Destroy Evil_SB": 554, "Elite Spellbinder_SB": 664, "Ossification_SB": 1539, "Reckless Rage_SB": 1700, "Agadeem's Awakening": 50, "Castle Locthwain": 321, "Drown in the Loch": 630, "Faerie Mastermind": 752, "Graveyard Trespasser": 920, "Nighthawk Scavenger": 1459, "Restless Reef": 1744, "Soaring Thought-Thief": 1999, "Thieves' Guild Enforcer": 2236, "Zareth San, the Trickster": 2549, "Change the Equation_SB": 370, "Nighthawk Scavenger_SB": 1460, "Stormcarved Coast": 2076, "Temporal Trespass": 2175, "Brazen Borrower_SB": 257, "Fiery Impulse_SB": 790, "Proft's Eidetic Memory_SB": 1632, "Third Path Iconoclast_SB": 2238, "Galvanic Iteration": 851, "Spikefield Hazard": 2036, "Brotherhood's End_SB": 268, "Thing in the Ice_SB": 2237, "Callous Sell-Sword_SB": 292, "Claim // Fame_SB": 382, "Dreadhorde Arcanist_SB": 614, "Go for the Throat_SB": 904, "Sentinel of the Nameless City_SB": 1882, "Raucous Theater": 1683, "Valgavoth's Faithful": 2386, "Valgavoth, Terror Eater": 2388, "Zombify": 2557, "Ghost Vacuum_SB": 869, "Kolaghan's Command_SB": 1184, "Sire of Insanity_SB": 1954, "Archdruid's Charm": 98, "Dark Petition": 495, "Fae of Wishes": 749, "Lush Portico": 1301, "Nine Lives": 1462, "Path of Peril": 1575, "Temporary Lockdown": 2176, "Emergent Ultimatum_SB": 681, "Solemnity_SB": 2002, "Soul Partition_SB": 2012, "Emry, Lurker of the Loch": 687, "Fallaji Archaeologist": 756, "Jeskai Ascendancy": 1105, "Mishra's Research Desk": 1384, "Mox Amber": 1418, "Restless Spire": 1745, "Retraction Helix": 1748, "Saheeli, Sublime Artificer": 1813, "Tormod's Crypt": 2289, "Devout Decree_SB": 560, "Strangle_SB": 2084, "Surge of Salvation_SB": 2126, "Valley Floodcaller_SB": 2394, "Valorous Stance_SB": 2397, "Cauldron Familiar": 328, "Claim the Firstborn": 383, "Deadly Dispute": 509, "Fountainport": 836, "Mayhem Devil": 1351, "Scavenger's Talent": 1839, "Witch's Oven": 2504, "Ygra, Eater of All": 2536, "Bitter Triumph_SB": 193, "Case of the Crimson Pulse_SB": 312, "Molten Collapse_SB": 1396, "Kappa Tech-Wrecker": 1126, "Ray of Enfeeblement_SB": 1686, "Brightclimb Pathway": 260, "Surge of Salvation": 2125, "Grim Bauble_SB": 929, "Narset's Reversal_SB": 1443, "Coalstoke Gearhulk": 400, "Keen-Eyed Curator_SB": 1147, "Setessan Petitioner_SB": 1888, "Tyrranax Rex_SB": 2328, "Mukotai Ambusher": 1422, "Agatha's Soul Cauldron": 52, "Bloodghast": 217, "Cult Conscript": 481, "Darkbore Pathway": 498, "Forsaken Miner": 828, "Insidious Roots": 1062, "Molt Tender": 1394, "Priest of Forgotten Gods": 1627, "Rubblebelt Maverick": 1794, "Tyvar, Jubilant Brawler": 2331, "Driven // Despair_SB": 626, "Arasta of the Endless Web_SB": 94, "Tail Swipe_SB": 2145, "March of Wretched Sorrow": 1334, "The Meathook Massacre": 2212, "Tithing Blade": 2277, "Narset, Parter of Veils_SB": 1445, "Path of Peril_SB": 1576, "Abrupt Decay": 25, "Ancient Cornucopia": 73, "Beza, the Bounding Spring": 180, "Bring to Light": 264, "Culling Ritual": 479, "Deafening Clarion": 511, "Hostage Taker": 1022, "Jetmir's Garden": 1107, "Kolaghan's Command": 1183, "Maelstrom Pulse": 1306, "Niv-Mizzet Reborn": 1473, "Niv-Mizzet, Supreme": 1476, "Raffine's Tower": 1659, "Raugrin Triome": 1684, "Savai Triome": 1831, "Sunfall": 2107, "Unmoored Ego": 2368, "Xander's Lounge": 2527, "Casualties of War_SB": 323, "Kambal, Consul of Allocation_SB": 1125, "Knight of Autumn_SB": 1173, "Notion Thief_SB": 1484, "Mazemind Tome": 1353, "Ashiok, Wicked Manipulator_SB": 119, "Censor": 348, "Change the Equation": 369, "Deduce": 524, "Deserted Beach": 550, "Dovin's Veto": 595, "Restless Anchorage": 1740, "Supreme Verdict": 2121, "Three Steps Ahead": 2251, "Beza, the Bounding Spring_SB": 181, "Kaheera, the Orphanguard_SB": 1117, "Anim Pakal, Thousandth Moon": 80, "Basri, Tomorrow's Champion": 163, "Embercleave": 676, "Kellan, Planar Trailblazer": 1150, "Kytheon, Hero of Akros": 1205, "Plaza of Heroes": 1611, "Skrelv, Defector Mite": 1962, "Lightning Helix_SB": 1253, "Urza's Ruinous Blast_SB": 2383, "Wear // Tear_SB": 2475, "The Speed Demon": 2226, "Intimidation Tactics_SB": 1069, "Nurturing Pixie": 1494, "Tinybones Joins Up": 2267, "Treacherous Blessing": 2307, "Beacon Bolt_SB": 168, "Cling to Dust": 392, "Unholy Annex // Ritual Chamber_SB": 2360, "Bandit's Talent": 150, "Demolition Field": 537, "Feed the Cycle": 775, "Go Blank": 900, "Hostile Investigator": 1024, "Liliana of the Veil": 1259, "Rankle's Prank": 1677, "Reckoner Bankbuster": 1702, "Waste Not": 2466, "Graveyard Trespasser_SB": 921, "Bond of Insight": 233, "Lightning Strike": 1254, "Niv-Mizzet, Parun_SB": 1475, "Shatterskull Smashing_SB": 1912, "Dreadmaw's Ire": 615, "Deep-Cavern Bat_SB": 526, "Guardian of Faith_SB": 937, "Kayla's Reconstruction_SB": 1143, "Legion Extruder_SB": 1225, "Polukranos Reborn": 1613, "Chandra, Awakened Inferno_SB": 361, "Oildeep Gearhulk": 1510, "Ancestral Anger": 71, "Leyline of Resonance": 1235, "Commercial District": 417, "Innkeeper's Talent_SB": 1056, "Aftermath Analyst": 49, "Brokers Hideout": 266, "Cabaretti Courtyard": 283, "Doppelgang": 593, "Fires of Victory": 801, "Ill-Timed Explosion": 1038, "Lumra, Bellow of the Woods": 1298, "Maestros Theater": 1309, "Nissa, Resurgent Animist": 1469, "Riveteers Overlook": 1771, "Shigeki, Jukai Visionary": 1922, "Spelunking": 2032, "Virtue of Strength": 2421, "Worldsoul's Rage": 2522, "Bonny Pall, Clearcutter_SB": 237, "Roxanne, Starfall Savant_SB": 1791, "Three Steps Ahead_SB": 2252, "Legion's Landing": 1229, "Optimistic Scavenger_SB": 1533, "Nowhere to Run_SB": 1489, "Deadly Cover-Up": 507, "Deathcap Glade": 515, "Freestrider Lookout": 840, "Ghost Vacuum": 868, "Ketramose, the New Dawn": 1157, "Restless Cottage": 1741, "Scrabbling Claws": 1848, "Shattered Sanctum": 1909, "Deadly Cover-Up_SB": 508, "Legion's End_SB": 1228, "Mosswood Dreadknight_SB": 1415, "Pest Control_SB": 1588, "Tear Asunder_SB": 2160, "Detention Sphere_SB": 557, "Divine Smite_SB": 584, "Shark Typhoon_SB": 1907, "Willowrush Verge": 2498, "Bard Class": 157, "Commune with Spirits": 422, "Domri, Anarch of Bolas": 587, "Gallia of the Endless Dance": 850, "Goro-Goro, Disciple of Ryusei": 915, "Hajar, Loyal Bodyguard": 943, "Itzquinth, Firstborn of Gishath": 1091, "Kari Zev, Skyship Raider": 1128, "Klothys, God of Destiny": 1170, "Migloz, Maze Crusher": 1374, "Radha, Heart of Keld": 1656, "Redshift, Rocketeer Chief": 1711, "Rockfall Vale": 1779, "Ruby, Daring Tracker": 1795, "Samut, Vizier of Naktamun": 1819, "Feed the Clan_SB": 774, "Scorching Dragonfire_SB": 1844, "Transmogrify": 2302, "Tribute to Horobi": 2314, "Volcanic Spite": 2438, "Virtue of Persistence_SB": 2420, "Void Winnower_SB": 2437, "Augur of Bolas": 130, "Barkchannel Pathway": 158, "Bushwhack": 280, "Essence Flux": 714, "Fading Hope": 747, "Neoform": 1455, "Stubborn Denial": 2092, "Tyvar's Stand": 2329, "Unable to Scream": 2343, "Floodpits Drowner_SB": 814, "Natural State_SB": 1447, "Unable to Scream_SB": 2344, "Dark Betrayal_SB": 492, "Bleachbone Verge": 202, "Thassa's Oracle_SB": 2192, "Lion Sash_SB": 1272, "Elspeth's Smite_SB": 668, "Esika's Chariot": 710, "Faithful Mending": 754, "Otherworldly Gaze": 1543, "Recommission": 1705, "Tainted Indulgence": 2146, "Tome Scour": 2283, "Starnheim Unleashed_SB": 2056, "Caves of Koilos": 340, "Collective Brutality": 403, "Detention Chariot": 556, "Extinction Event": 734, "Kiora, the Rising Tide": 1163, "Tune Up": 2318, "Elenda, Saint of Dusk_SB": 659, "Kaya the Inexorable_SB": 1136, "Glissa Sunslayer": 894, "Thundering Broodwagon": 2261, "Witherbloom Command": 2508, "Make Disappear_SB": 1317, "Secure the Wastes": 1871, "Abrupt Decay_SB": 26, "Sheoldred's Edict_SB": 1918, "Heartless Act_SB": 973, "Voice of Resurgence": 2430, "Gideon, Ally of Zendikar_SB": 878, "Ruric Thar, the Unbowed_SB": 1804, "Oath of Kaya": 1499, "Brave the Elements_SB": 255, "Brave the Elements": 254, "Cave of the Frost Dragon": 337, "Dauntless Bodyguard": 501, "Declaration in Stone": 522, "Mardu Woe-Reaper": 1337, "Fateful Absence_SB": 764, "Soul-Guide Lantern_SB": 2016, "Darksteel Citadel": 500, "Ensoul Artifact": 698, "Fearless Swashbuckler": 770, "Gastal Thrillroller": 854, "Burst Lightning_SB": 279, "Shadowspear_SB": 1897, "Voltage Surge_SB": 2445, "Ashiok, Nightmare Weaver": 116, "Castle Garenbrig": 320, "Cityscape Leveler": 379, "Emrakul, the Promised End": 685, "Sire of Seven Deaths": 1955, "Leyline Binding_SB": 1232, "Sire of Seven Deaths_SB": 1956, "Ugin, the Spirit Dragon_SB": 2336, "Weathered Runestone_SB": 2477, "Dragonlord Dromoka": 601, "Sunfall_SB": 2108, "Get Out": 864, "Undercity Sewers": 2350, "Bonecrusher Giant": 235, "Kroxa, Titan of Death's Hunger_SB": 1196, "Preacher of the Schism_SB": 1626, "Jace's Defeat_SB": 1095, "Built to Smash": 273, "Thud": 2258, "Titan's Strength": 2275, "Wayward Guide-Beast": 2472, "Dreadmaw's Ire_SB": 616, "Light Up the Stage_SB": 1247, "Obosh, the Preypiercer_SB": 1504, "Voldaren Thrillseeker_SB": 2442, "Hazoret, Godseeker": 967, "Dream Trawler": 617, "Dream Trawler_SB": 618, "Surge of Righteousness_SB": 2124, "Kutzil's Flanker_SB": 1203, "Boltwave": 231, "Clockwork Percussionist": 394, "Eidolon of the Great Revel": 648, "Searing Blood": 1865, "Skewer the Critics": 1958, "Skullcrack": 1964, "Rampaging Ferocidon_SB": 1674, "Roast_SB": 1775, "Roiling Vortex_SB": 1783, "Memory Deluge_SB": 1359, "Blacksmith's Talent": 195, "Kemba, Kha Enduring": 1152, "Nahiri, Forged in Fury": 1436, "Swiftfoot Boots": 2135, "Collector's Cage": 406, "Dusk Rose Reliquary": 640, "Giant Killer": 875, "Haywire Mite": 961, "Ingenious Smith": 1054, "Overgrown Farmland": 1550, "Parting Gust": 1570, "Sandstorm Salvager": 1824, "Sentinel of the Nameless City": 1881, "Teething Wurmlet": 2162, "Spirit of the Labyrinth_SB": 2040, "Tormod's Crypt_SB": 2290, "Murderous Cut": 1425, "Unlicensed Hearse": 2365, "Anguished Unmaking_SB": 79, "Kaya, Orzhov Usurper_SB": 1141, "Call of the Death-Dweller": 289, "Drownyard Temple": 632, "Narcomoeba": 1442, "Prized Amalgam": 1630, "Quag Feast": 1644, "Souls of the Lost": 2021, "Cling to Dust_SB": 393, "Boommobile": 239, "Fomori Vault": 822, "Glint-Nest Crane": 893, "Hedron Archive": 976, "Inventors' Fair": 1080, "Moonsnare Prototype": 1411, "Paradox Engine": 1567, "Portal of Sanctuary": 1620, "Prophetic Prism": 1634, "Repurposing Bay": 1732, "Snow-Covered Island": 1994, "Snow-Covered Mountain": 1995, "Terrarion": 2181, "The Enigma Jewel": 2205, "The Mightstone and Weakstone": 2214, "Thran Spider": 2250, "Workshop Assistant": 2521, "Lantern of the Lost_SB": 1211, "Liberator, Urza's Battlethopter_SB": 1241, "Noxious Gearhulk_SB": 1491, "Shrapnel Slinger_SB": 1936, "Gilded Goose": 881, "Traverse the Ulvenwald": 2306, "Pawpatch Formation": 1577, "Vinereap Mentor": 2414, "Camellia, the Seedmiser": 293, "Vraska, Golgari Queen": 2452, "Wastewood Verge": 2470, "Gifted Aetherborn": 879, "Invoke Despair": 1082, "Murderous Rider": 1427, "Sign in Blood": 1939, "Sorin the Mirthless": 2008, "Resplendent Angel": 1738, "Righteous Valkyrie": 1757, "Inspiring Overseer": 1063, "Giada, Font of Hope": 873, "Bishop of Wings": 189, "Kayla's Reconstruction": 1142, "Norin, Swift Survivalist": 1481, "Agatha of the Vile Cauldron": 51, "Targ Nar, Demon-Fang Gnoll": 2156, "Zurgo Bellstriker": 2560, "Klothys, God of Destiny_SB": 1171, "Tamiyo's Safekeeping_SB": 2152, "Ral, Crackling Wit_SB": 1669, "Young Pyromancer_SB": 2541, "Assassin's Trophy_SB": 121, "Big Score": 182, "Indomitable Creativity": 1051, "Magma Opus": 1314, "Negate": 1453, "Prismari Command": 1628, "Sublime Epiphany": 2094, "Thundering Falls": 2262, "Torrential Gearhulk": 2292, "Chandra, Acolyte of Flame_SB": 360, "Hullbreaker Horror_SB": 1029, "Untimely Malfunction_SB": 2372, "Empyrean Eagle": 684, "Glacial Fortress": 885, "Lofty Denial": 1278, "Phantom Interference": 1590, "Selfless Spirit": 1879, "Spectral Sailor": 2028, "Dewdrop Cure_SB": 562, "Remorseful Cleric_SB": 1727, "Dusk // Dawn_SB": 638, "Mindlink Mech_SB": 1376, "Lithomantic Barrage_SB": 1273, "Titan of Industry": 2273, "Alpine Moon_SB": 64, "Avishkar Raceway": 138, "Cathartic Pyre": 326, "Solphim, Mayhem Dominus": 2003, "Fuel the Flames_SB": 846, "Skycrash_SB": 1970, "Novice Inspector": 1487, "Simulacrum Synthesizer": 1949, "Metallic Rebuke_SB": 1368, "Defiant Strike": 530, "Illuminator Virtuoso": 1041, "Gods Willing_SB": 911, "Light of Hope_SB": 1248, "Slickshot Show-Off_SB": 1981, "Pest Control": 1587, "Sea Gate Restoration": 1857, "Valakut Awakening": 2384, "Wish": 2503, "Dig Through Time_SB": 566, "Lier, Disciple of the Drowned_SB": 1244, "Satyr Wayfinder": 1829, "Scrapheap Scrounger": 1850, "Squirming Emergence": 2050, "Boseiju, Who Endures_SB": 245, "Deathrite Shaman_SB": 518, "Souls of the Lost_SB": 2022, "Snakeskin Veil_SB": 1991, "Sunspine Lynx_SB": 2118, "Blood Baron of Vizkopa": 211, "Unmoored Ego_SB": 2369, "Blot Out_SB": 227, "Giant Killer_SB": 876, "Aven Interrupter_SB": 136, "Enduring Innocence_SB": 695, "Ashiok, Nightmare Muse_SB": 115, "Benthic Biomancer": 177, "Cenote Scout": 347, "Deeproot Pilgrimage": 527, "Kumena, Tyrant of Orazca": 1199, "Mindspring Merfolk": 1377, "Tishana's Tidebinder": 2271, "Vodalian Hexcatcher": 2429, "Tidebinder Mage_SB": 2264, "Deathrite Shaman": 517, "Bloodchief's Thirst_SB": 216, "Eaten Alive_SB": 642, "Brutal Cathar": 270, "Beseech the Mirror": 178, "Treacherous Blessing_SB": 2308, "Kazuul's Toll Collector": 1145, "Shardmage's Rescue_SB": 1905, "Immersturm Raider": 1042, "Nahiri, the Harbinger": 1438, "The Speed Demon_SB": 2227, "Anointed Peacekeeper": 87, "Expedite": 723, "Fireblade Charger": 799, "Might of the Meek": 1373, "Skullcrack_SB": 1965, "Twisted Fealty_SB": 2326, "Biting-Palm Ninja_SB": 190, "Dokuchi Silencer_SB": 586, "Sphinx of the Final Word_SB": 2033, "Waste Not_SB": 2467, "Burnout Bashtronaut": 277, "Draconautics Engineer": 597, "Fanatical Firebrand": 757, "Hobgoblin Bandit Lord": 1007, "Howlsquad Heavy": 1027, "Krenko, Mob Boss": 1193, "Goblin Ringleader_SB": 908, "Volley Veteran_SB": 2443, "Harrier Strix": 956, "Hypnotic Grifter": 1032, "Omen Hawker": 1515, "The Reality Chip": 2219, "Training Grounds": 2299, "Witness Protection": 2512, "Basilisk Collar_SB": 162, "Pawpatch Recruit_SB": 1580, "Aclazotz, Deepest Betrayal": 31, "Foulmire Knight": 833, "The End_SB": 2204, "Get Out_SB": 865, "Liliana, the Last Hope_SB": 1265, "Glissa Sunslayer_SB": 895, "Riverpyre Verge": 1770, "Strangle": 2083, "Temple of Epiphany": 2170, "Stock Up": 2068, "Fry_SB": 844, "Momentum Breaker_SB": 1400, "Swiftfoot Boots_SB": 2136, "Viashino Pyromancer": 2411, "Collision // Colossus": 409, "Overprotect_SB": 1559, "Behold the Beyond": 174, "Monument to Endurance_SB": 1408, "Restless Prairie": 1743, "Shoot the Sheriff": 1928, "Fortified Beachhead": 830, "Reflector Mage": 1713, "Reflector Mage_SB": 1714, "Blade Historian": 196, "Charming Prince": 373, "Jirina, Dauntless General": 1110, "Kitesail Larcenist": 1167, "Pyre of Heroes": 1639, "Satoru, the Infiltrator": 1828, "Secluded Courtyard": 1869, "Unclaimed Territory": 2347, "Anointed Peacekeeper_SB": 88, "Jirina, Dauntless General_SB": 1111, "Night Clubber_SB": 1458, "Thalia, Guardian of Thraben_SB": 2188, "Destroy Evil": 553, "Riptide Gearhulk_SB": 1762, "Elenda, Saint of Dusk": 658, "Omnath, Locus of Creation": 1521, "Krenko's Buzzcrusher_SB": 1192, "Aegis Turtle_SB": 40, "Up the Beanstalk_SB": 2375, "Bolas's Citadel": 230, "Catacomb Sifter": 324, "Prosperous Innkeeper": 1635, "Woe Strider": 2516, "Outland Liberator_SB": 1547, "Status // Statue_SB": 2058, "Concealing Curtains": 425, "Cleansing Wildfire": 386, "Crumble to Dust": 466, "Encroaching Wastes": 688, "Gnottvold Slumbermound": 899, "Haphazard Bombardment": 953, "Jaya's Greeting": 1103, "Krenko's Buzzcrusher": 1191, "Paradise Druid": 1566, "Ravager Wurm": 1685, "Rootbound Crag": 1785, "Rowan, Scholar of Sparks": 1790, "Rubble Reading": 1793, "Sheltered Thicket": 1914, "Structural Distortion": 2091, "Sylvan Primordial": 2141, "Territory Forge": 2182, "Twin Bolt": 2321, "Voyaging Satyr": 2448, "Herbology Instructor_SB": 988, "Nissa's Defeat_SB": 1465, "Peak Eruption_SB": 1581, "Reclamation Sage_SB": 1704, "Scrabbling Claws_SB": 1849, "Analyze the Pollen": 69, "Herd Migration": 990, "Ride's End": 1755, "Snow-Covered Forest": 1993, "Assassin's Trophy": 120, "Tranquil Frillback": 2300, "Battle at the Bridge": 165, "Mephitic Draught": 1362, "Snow-Covered Swamp": 1997, "Spire of Industry": 2038, "Battle at the Bridge_SB": 166, "Enduring Curiosity_SB": 693, "Deputy of Detention": 547, "Noxious Gearhulk": 1490, "Dreadhorde Arcanist": 613, "Showdown of the Skalds_SB": 1933, "Hazoret the Fervent": 964, "Meticulous Archive": 1371, "Ashiok, Nightmare Muse": 114, "Cut Down": 488, "Mission Briefing": 1387, "Jace, Vryn's Prodigy_SB": 1097, "Murderous Cut_SB": 1426, "Goblin Chainwhirler_SB": 906, "Borrowed Hostility": 243, "Honest Rutstein": 1010, "Brass's Tunnel-Grinder": 253, "Malakir Rebirth": 1319, "The Filigree Sylex_SB": 2206, "Keen-Eyed Curator": 1146, "Tribute to the World Tree": 2315, "Webstrike Elite": 2479, "Werewolf Pack Leader": 2488, "Inscription of Abundance_SB": 1059, "Hallowed Moonlight": 948, "Barbed Batterfist": 156, "Elspeth's Smite": 667, "Yahenni's Expertise": 2531, "Test of Talents_SB": 2184, "Commit // Memory_SB": 419, "Demilich_SB": 536, "Banefire": 152, "The World Tree": 2234, "Koma, Cosmos Serpent_SB": 1185, "Nylea's Presence": 1498, "Warping Wail_SB": 2464, "Settle the Wreckage_SB": 1890, "Progenitor Mimic": 1633, "Steel Seraph": 2061, "Scrapshooter_SB": 1852, "Commune with Dinosaurs": 421, "Ghalta, Primal Hunger": 866, "Marauding Raptor": 1329, "Pugnacious Hammerskull": 1638, "Rampaging Raptor": 1675, "Regal Imperiosaur": 1718, "Regisaur Alpha": 1719, "Ripjaw Raptor": 1759, "Glasspool Mimic": 888, "Phyrexian Censor": 1593, "Nimble Larcenist_SB": 1461, "Experimental Synthesizer": 730, "Light Up the Stage": 1246, "Violent Urge_SB": 2416, "Youthful Valkyrie": 2542, "Boon of Boseiju": 240, "Silverback Elder": 1945, "Elesh Norn, Mother of Machines": 660, "Wakeroot Elemental": 2456, "Esika's Chariot_SB": 711, "Containment Priest": 440, "Luminarch Aspirant": 1297, "Takenuma, Abandoned Mire_SB": 2148, "Swamp_SB": 2131, "Nylea's Intervention_SB": 1497, "Champion of the Perished": 355, "Cryptbreaker": 471, "Dark Salvation": 497, "Dread Wanderer": 612, "Relentless Dead": 1723, "Wayward Servant": 2473, "Zahur, Glory's Past": 2548, "Crippling Fear_SB": 464, "Shadowy Backstreet": 1898, "Hidetsugu Consumes All": 996, "Optimistic Scavenger": 1532, "Fighter Class": 793, "Flowerfoot Swordmaster": 817, "Mabel, Heir to Cragflame": 1303, "Chainsaw_SB": 353, "Nettle Guard_SB": 1456, "Sword of Forge and Frontier_SB": 2138, "Split Up": 2044, "Heliod's Intervention_SB": 977, "Bloodletter of Aclazotz": 218, "Case of the Gateway Express": 313, "Gleeful Demolition": 891, "Imodane's Recruiter": 1044, "Knight-Errant of Eos": 1179, "Resolute Reinforcements": 1736, "Venerated Loxodon": 2408, "Fiery Temper": 791, "Flameblade Adept": 804, "Highway Robbery": 1002, "Maximize Velocity": 1350, "Ox of Agonas": 1561, "Birgi, God of Storytelling_SB": 188, "Lightning Axe_SB": 1251, "Temple of Mystery": 2172, "Expedition Map_SB": 725, "Stock Up_SB": 2069, "Voyaging Satyr_SB": 2449, "Samut's Sprint": 1818, "Wrenn and Realmbreaker": 2525, "Depopulate_SB": 546, "Unsubstantiate_SB": 2371, "Triton Shorestalker": 2316, "Archfiend of the Dross_SB": 101, "Sunspine Lynx": 2117, "Mutavault_SB": 1430, "Razorkin Needlehead_SB": 1690, "Lost Jitte": 1289, "Entity Tracker": 700, "Omen of the Dead_SB": 1517, "Caustic Bronco_SB": 330, "Kaito, Cunning Infiltrator": 1121, "Ornithopter": 1536, "Silver-Fur Master": 1944, "Bloodchief's Thirst": 215, "Combat Research": 415, "Lazav, Wearer of Faces": 1216, "Medomai the Ageless": 1356, "Thalia, Heretic Cathar_SB": 2190, "Guardian of Faith": 936, "Lotus Cobra": 1291, "Fires of Victory_SB": 802, "Galvanic Iteration_SB": 852, "Gods Willing": 910, "Riptide Gearhulk": 1761, "Saheeli, Sublime Artificer_SB": 1814, "Kumena's Speaker": 1198, "Eidolon of the Great Revel_SB": 649, "Gather Courage": 856, "Gather Courage_SB": 857, "Arid Archway": 106, "Festering Gulch": 783, "Iridescent Vinelasher": 1085, "Port of Karfell": 1617, "Underground Mortuary": 2351, "Elder Gargaroth_SB": 654, "Fog_SB": 821, "Quick Study": 1651, "Carnage Tyrant": 302, "Crackling Drake_SB": 455, "Chandra, Torch of Defiance_SB": 368, "Elder Gargaroth": 653, "Fires of Invention": 800, "Heliod, the Radiant Dawn": 980, "Kenrith, the Returned King": 1154, "Marina Vendrell": 1338, "Roaring Furnace // Steaming Sauna": 1773, "Tolsimir, Friend to Wolves": 2281, "Touch the Spirit Realm": 2294, "Teferi, Hero of Dominaria_SB": 2164, "Void Rend_SB": 2436, "Grisly Salvage": 931, "Bitter Reunion": 191, "Case of the Stashed Skeleton": 315, "Vampires' Vengeance": 2400, "Brotherhood's End": 267, "Worldspine Wurm_SB": 2524, "Etali, Primal Conqueror_SB": 717, "Xenagos, God of Revels_SB": 2529, "Katilda, Dawnhart Martyr": 1131, "Slip Out the Back": 1982, "Feather, the Redeemed": 771, "Clifftop Retreat": 391, "Loran's Escape_SB": 1287, "Feather, the Redeemed_SB": 772, "Zoetic Glyph": 2556, "Sweltering Suns_SB": 2134, "The Akroan War_SB": 2196, "Silvergill Adept": 1946, "Thalia, Heretic Cathar": 2189, "Zephyr Sentinel_SB": 2551, "Restless Fortress": 1742, "Ruin-Lurker Bat": 1797, "Healer's Hawk": 969, "Essence Channeler": 713, "Voice of the Blessed": 2434, "Exemplar of Light": 721, "Linden, the Steadfast Queen": 1268, "Leyline of Hope": 1234, "Authority of the Consuls": 133, "Case of the Uneaten Feast": 316, "Scoured Barrens": 1846, "Rogue's Passage": 1780, "Dewdrop Cure": 561, "Lunarch Veteran": 1299, "Crystal Barricade_SB": 477, "Afterburner Expert": 48, "Omnivorous Flytrap": 1525, "Agatha's Soul Cauldron_SB": 53, "Castle Embereth": 319, "Hired Claw": 1004, "Kozilek's Return_SB": 1189, "Nahiri, the Unforgiving_SB": 1441, "Ox of Agonas_SB": 1562, "Twinshot Sniper": 2324, "Keruga, the Macrosage": 1155, "Clever Impersonator": 388, "Agent of Treachery_SB": 54, "Twinshot Sniper_SB": 2325, "Kalitas, Traitor of Ghet": 1123, "Anzrag, the Quake-Mole": 89, "Temple of Abandon": 2167, "Cindervines_SB": 378, "Tamiyo's Safekeeping": 2151, "Tear Asunder": 2159, "Blot Out": 226, "Scrapshooter": 1851, "Questing Beast": 1647, "Thrun, Breaker of Silence": 2256, "Nissa, Ascended Animist": 1467, "Tyrranax Rex": 2327, "Nissa, Ascended Animist_SB": 1468, "Shifting Ceratops_SB": 1921, "Hornet Queen_SB": 1021, "Adorned Pouncer": 37, "Arahbo, the First Fang": 93, "Lion Sash": 1271, "Open the Armory": 1528, "Roadside Reliquary": 1772, "Sacred Cat": 1810, "Skyknight Squire": 1971, "Sword of Forge and Frontier": 2137, "High Noon": 1000, "Prosperous Thief": 1636, "Satoru Umezawa": 1827, "Play with Fire_SB": 1610, "Exquisite Firecraft_SB": 732, "Searing Blood_SB": 1866, "Harvester of Misery_SB": 957, "Out of Air_SB": 1544, "Cry of the Carnarium": 468, "Kaya, Orzhov Usurper": 1140, "Soul-Guide Lantern": 2015, "The End": 2203, "Calamity's Wake_SB": 287, "Exorcise_SB": 722, "Spontaneous Mutation_SB": 2046, "Shambling Vent": 1901, "Bonecrusher Giant_SB": 236, "Fable of the Mirror-Breaker_SB": 741, "Exquisite Firecraft": 731, "Raucous Carnival": 1682, "Curse of Shaken Faith_SB": 485, "Painter's Studio // Defaced Gallery": 1564, "Chance for Glory_SB": 356, "Magmatic Chasm_SB": 1315, "Requisition Raid_SB": 1734, "Shrapnel Blast_SB": 1935, "Sorin, Vengeful Bloodlord_SB": 2010, "Altanak, the Thrice-Called": 66, "Tireless Tracker_SB": 2270, "Titania, Voice of Gaea_SB": 2276, "Doppelgang_SB": 594, "Kiora's Follower": 1161, "Merfolk Mistbinder": 1363, "Merfolk Trickster_SB": 1365, "Mockingbird_SB": 1393, "Fading Hope_SB": 748, "Smuggler's Copter_SB": 1987, "Mosswood Dreadknight": 1414, "Lovestruck Beast": 1294, "Debris Beetle": 519, "Mystic Repeal_SB": 1433, "Epic Downfall_SB": 704, "Long Goodbye_SB": 1281, "Sunset Revelry_SB": 2115, "Cavalier of Flame": 335, "Nullhide Ferox_SB": 1493, "Builder's Talent": 272, "Caretaker's Talent": 301, "Sunder the Gateway": 2104, "Vaultborn Tyrant": 2405, "Skysovereign, Consul Flagship_SB": 1975, "Drowned Catacomb": 631, "Sunpetal Grove": 2112, "Woodland Cemetery": 2520, "Kitsa, Otterball Elite": 1169, "Rona, Herald of Invasion": 1784, "Valley Floodcaller": 2393, "Abhorrent Oculus_SB": 22, "Reckless Stormseeker": 1701, "Rocketeer Boostbuggy": 1777, "The Akroan War": 2195, "Bladestitched Skaab": 199, "Lazotep Reaver": 1219, "Rotten Reunion_SB": 1787, "The Scarab God_SB": 2223, "Loran's Escape": 1286, "Blessed Defiance_SB": 204, "Enduring Tenacity_SB": 696, "Cruelclaw's Heist_SB": 465, "Swan Song_SB": 2132, "Knight of Grace": 1175, "Chandra, Spark Hunter_SB": 366, "Witness Protection_SB": 2513, "Skyclave Cleric": 1969, "Ajani, Strength of the Pride_SB": 58, "Growth Spiral": 932, "Ill-Timed Explosion_SB": 1039, "Bomat Courier": 232, "Phoenix Chick": 1591, "Tocasia's Welcome_SB": 2280, "Gideon of the Trials": 877, "Etali, Primal Conqueror": 716, "The Scarab God": 2222, "Radiant Flames_SB": 1657, "Azor, the Lawbringer_SB": 143, "Tasigur, the Golden Fang": 2158, "Mortify": 1412, "Day of Judgment_SB": 504, "Fog": 820, "Gaea's Blessing": 849, "Haze of Pollen": 963, "Jace, the Perfected Mind": 1099, "Tamiyo, Collector of Tales": 2153, "Union of the Third Path": 2361, "Winds of Qal Sisma": 2501, "Carnage Tyrant_SB": 303, "Creeping Chill": 463, "Say Its Name": 1832, "Silversmote Ghoul": 1947, "Drannith Ruins": 609, "Thought-Knot Seer": 2243, "Wasteland Strangler": 2468, "Phyrexian Fleshgorger": 1596, "Ifnir Deadlands": 1037, "Bearer of Silence": 170, "Knight of the Ebon Legion": 1177, "Deep-Cavern Bat": 525, "Caustic Bronco": 329, "Reality Smasher_SB": 1692, "Confounding Riddle": 430, "Ral, Izzet Viceroy_SB": 1670, "Necrotic Wound": 1450, "Necrotic Wound_SB": 1451, "Doom Foretold": 588, "Nine-Lives Familiar": 1464, "Rite of Oblivion": 1764, "Starfield of Nyx": 2055, "Kaya's Wrath_SB": 1139, "Necromentia_SB": 1449, "Fuel the Flames": 845, "Valgavoth, Terror Eater_SB": 2389, "Unchained Berserker_SB": 2346, "Gix's Command_SB": 883, "Sorin the Mirthless_SB": 2009, "Blast Zone": 200, "Shoot the Sheriff_SB": 1929, "Turntimber Symbiosis": 2320, "Graf Reaver_SB": 917, "Kraul Whipcracker_SB": 1190, "Maelstrom Pulse_SB": 1307, "Fear of Impostors": 766, "Riptide Chimera": 1760, "Fear of Impostors_SB": 767, "Eldrazi Displacer": 655, "Fleecemane Lion": 806, "Witchstalker_SB": 2507, "Acererak the Archlich": 30, "Gwenna, Eyes of Gaea": 941, "Relic of Legends": 1724, "Omen of the Dead": 1516, "Dive Down_SB": 583, "Yasharn, Implacable Earth": 2532, "Felonious Rage": 780, "Molten Collapse": 1395, "Lavinia, Azorius Renegade_SB": 1214, "Selfless Glyphweaver_SB": 1877, "Yasharn, Implacable Earth_SB": 2533, "Blood Spatter Analysis": 214, "Soul-Scar Mage_SB": 2018, "Regal Bunnicorn": 1716, "Demonic Bargain": 540, "Osseous Sticktwister": 1537, "Korvold, Fae-Cursed King": 1186, "Trail of Crumbs": 2297, "Korvold, Fae-Cursed King_SB": 1187, "Dive Down": 582, "Jace Reawakened_SB": 1094, "March of Swirling Mist_SB": 1333, "Blessed Defiance": 203, "Homestead Courage": 1009, "Fugitive Codebreaker": 847, "Bedeck // Bedazzle_SB": 172, "Cease // Desist_SB": 342, "Languish_SB": 1209, "Cathar Commando_SB": 325, "Burning Earth_SB": 275, "Guardian of New Benalia": 938, "Phyrexian Dragon Engine": 1595, "Seasoned Hallowblade": 1867, "The Mycosynth Gardens": 2216, "Alrund's Epiphany": 65, "Dryad of the Ilysian Grove": 633, "Escape to the Wilds": 708, "Hedge Maze": 974, "Loot, the Pathfinder": 1283, "Nissa, Who Shakes the World": 1472, "Obliterating Bolt_SB": 1503, "Chandra, Torch of Defiance": 367, "Portal to Phyrexia_SB": 1622, "Consign // Oblivion": 434, "Adanto Vanguard": 33, "Favored Hoplite": 765, "Flowstone Infusion": 818, "Sejiri Shelter": 1875, "Tenth District Legionnaire": 2179, "Adanto Vanguard_SB": 34, "Elspeth, Sun's Champion_SB": 671, "Invasion of New Phyrexia_SB": 1078, "Clifftop Lookout": 390, "Dreamdew Entrancer": 619, "Dreamroot Cascade": 620, "Fecund Greenshell": 773, "Insidious Fungus": 1060, "Loot, Exuberant Explorer": 1282, "Risen Reef": 1763, "Tangled Florahedron": 2155, "Healer of the Glade_SB": 968, "Tale's End_SB": 2150, "Wilt_SB": 2500, "Ashiok, Wicked Manipulator": 118, "Dreams of Steel and Oil": 622, "Blood Baron of Vizkopa_SB": 212, "Elspeth Conquers Death_SB": 666, "Gisa, the Hellraiser_SB": 882, "Ride's End_SB": 1756, "Omen of the Sun": 1519, "Omen of the Sun_SB": 1520, "Enduring Courage": 691, "Beseech the Mirror_SB": 179, "Experimental Confectioner": 728, "Commence the Endgame_SB": 416, "Siphon Insight_SB": 1953, "Forbidden Friendship": 824, "Case of the Gateway Express_SB": 314, "Collective Effort_SB": 405, "Forge Devil_SB": 827, "Perilous Snare_SB": 1586, "Monastery Mentor": 1401, "Seeker of the Way_SB": 1874, "Redcap Melee": 1708, "Calix, Guided by Fate": 288, "Jukai Naturalist": 1114, "Royal Treatment": 1792, "Setessan Champion": 1887, "Spirited Companion": 2043, "Trapped in the Screen": 2303, "Virtue of Loyalty": 2418, "Weaver of Harmony": 2478, "Ghostly Dancers_SB": 871, "Trapped in the Screen_SB": 2304, "Carrot Cake": 304, "Day of Judgment": 503, "Lay Down Arms": 1215, "Ossification": 1538, "The Birth of Meletis": 2198, "Serra Paragon_SB": 1886, "Cryptolith Rite": 476, "Lightning Strike_SB": 1255, "Bottomless Pool // Locker Room": 248, "Bottomless Pool // Locker Room_SB": 249, "Knockout Blow": 1180, "No More Lies_SB": 1479, "Hidetsugu's Second Rite": 998, "Hidetsugu's Second Rite_SB": 999, "Eidolon of Blossoms": 645, "Eidolon of Blossoms_SB": 646, "Seal from Existence_SB": 1860, "Serra Paragon": 1885, "Ob Nixilis, the Adversary": 1501, "Incubation Druid": 1049, "Interplanar Beacon": 1066, "Kaya the Inexorable": 1135, "Mistrise Village": 1389, "Nicol Bolas, Dragon-God": 1457, "Ral Zarek": 1666, "Sab-Sunen, Luxa Embodied": 1809, "Tamiyo, Field Researcher": 2154, "Vraska, Betrayal's Sting": 2451, "Kunoros, Hound of Athreos_SB": 1200, "Soulless Jailer_SB": 2020, "Qarsi Revenant": 1642, "Qarsi Revenant_SB": 1643, "Tersa Lightshatter": 2183, "Dragonfire Blade": 600, "Lavaspur Boots_SB": 1213, "Case of the Crimson Pulse": 311, "Cemetery Illuminator": 344, "Perilous Snare": 1585, "Muraganda Raceway": 1424, "Rakdos's Return_SB": 1664, "Descendant of Storms": 549, "Cease // Desist": 341, "Cram Session": 458, "Fell": 779, "Insatiable Avarice": 1057, "The Biblioplex": 2197, "Valgavoth's Onslaught": 2387, "Containment Breach_SB": 439, "Environmental Sciences_SB": 701, "Introduction to Annihilation_SB": 1073, "Mascot Exhibition_SB": 1343, "Pest Summoning_SB": 1589, "Umori, the Collector_SB": 2342, "Elspeth, Storm Slayer": 669, "The Book of Exalted Deeds": 2199, "The Irencrag": 2210, "United Battlefront": 2362, "Voice of Victory": 2432, "Wedding Announcement": 2481, "Sunder the Gateway_SB": 2105, "Voice of Victory_SB": 2433, "March of Swirling Mist": 1332, "Mox Jasper": 1420, "Mistrise Village_SB": 1390, "Desperate Measures": 552, "Caustic Exhale": 331, "Dispelling Exhale": 576, "Foul-Tongue Invocation": 832, "Marang River Regent": 1325, "Scavenger Regent": 1838, "Silumgar's Scorn": 1943, "Caustic Exhale_SB": 332, "Strategic Betrayal_SB": 2086, "Sunpearl Kirin": 2111, "Fracture_SB": 838, "Katilda, Dawnhart Prime": 1133, "Songcrafter Mage": 2005, "Three Tree City": 2253, "Militia Bugler_SB": 1375, "Cori-Steel Cutter_SB": 447, "Dragonskull Summit": 604, "Cori-Steel Cutter": 446, "Wild Ride": 2493, "History of Benalia": 1005, "The Restoration of Eiganjo": 2220, "Rot-Curse Rakshasa": 1786, "Jace, Vryn's Prodigy": 1096, "Strategic Betrayal": 2085, "Flashfreeze_SB": 805, "Chained to the Rocks": 350, "Treasure Map": 2311, "Archangel Elspeth": 97, "Pia Nalaar, Consul of Revival": 1598, "Reckless Impulse": 1697, "Wrenn's Resolve": 2526, "This Town Ain't Big Enough_SB": 2240, "Ascendant Spirit": 110, "Curious Obsession": 484, "Faceless Haven": 744, "Geistlight Snare": 860, "Faceless Haven_SB": 745, "Westvale Abbey": 2489, "Banishing Slash": 155, "Stormscale Scion": 2080, "Stormscale Scion_SB": 2081, "Metamorphic Alteration": 1370, "Not on My Watch_SB": 1483, "Of One Mind": 1508, "Gurmag Angler": 939, "Murderous Rider_SB": 1428, "Cori Mountain Monastery": 445, "Make Disappear": 1316, "Stormwing Entity": 2082, "Jaya, Fiery Negotiator": 1104, "United Battlefront_SB": 2363, "Warden of the Grove": 2460, "Deputy of Detention_SB": 548, "Surrak, Elusive Hunter_SB": 2128, "Tyvar, the Pummeler_SB": 2333, "Fire Prophecy": 797, "Icon of Ancestry": 1035, "Icon of Ancestry_SB": 1036, "Lofty Denial_SB": 1279, "Ghostly Pilferer": 872, "Blue Sun's Twilight_SB": 229, "Cemetery Illuminator_SB": 345, "Slip Out the Back_SB": 1983, "White Sun's Twilight_SB": 2491, "Paradoxical Outcome_SB": 1568, "Break Out": 258, "Legion Loyalist": 1227, "Masked Vandal": 1344, "Fanatical Firebrand_SB": 758, "Gruul Charm_SB": 933, "Masked Vandal_SB": 1345, "March of Wretched Sorrow_SB": 1335, "Preacher of the Schism": 1625, "Vivien Reid_SB": 2426, "Scavenger's Talent_SB": 1840, "Ygra, Eater of All_SB": 2537, "Liliana, Death's Majesty": 1262, "Rakdos Joins Up": 1663, "Urgent Necropsy": 2381, "Runed Halo": 1802, "Decadent Dragon_SB": 520, "Shiko, Paragon of the Way": 1923, "Doorkeeper Thrull_SB": 592, "Undead Sprinter_SB": 2349, "Elspeth, Storm Slayer_SB": 670, "Boros Reckoner": 242, "Mantis Rider": 1324, "Mardu Siegebreaker": 1336, "Kitesail Larcenist_SB": 1168, "Atarka's Command_SB": 124, "Craterhoof Behemoth": 460, "Sanguine Evangelist": 1825, "Crackling Drake": 454, "Phyrexian Obliterator": 1597, "Decisive Denial": 521, "Ebondeath, Dracolich": 643, "Ertai's Scorn": 707, "Rakshasa's Bargain": 1665, "Rewind": 1753, "Unwind": 2373, "Awaken the Honored Dead_SB": 140, "Deathmark_SB": 516, "Gaze of Granite_SB": 858, "Lutri, the Spellchaser_SB": 1302, "Shadows' Verdict_SB": 1895, "Specter's Shriek_SB": 2027, "Thrun, Breaker of Silence_SB": 2257, "Abrade": 23, "Collected Company_SB": 402, "Herald of Eternal Dawn_SB": 987, "Severance Priest": 1891, "Yathan Roadwatcher": 2534, "Long Goodbye": 1280, "Selfless Savior": 1878, "Legion Angel": 1222, "Wojek Investigator": 2517, "Legion Angel_SB": 1223, "Apostle of Purifying Light_SB": 90, "Gladecover Scout": 886, "Light-Paws, Emperor's Voice": 1249, "Sixth Sense": 1957, "Ethereal Armor": 718, "All That Glitters": 61, "Audacity": 127, "Kaya's Ghostform": 1137, "Gryff's Boon": 934, "Sentinel's Eyes": 1883, "Hammerhand": 951, "Aqueous Form": 92, "Cartouche of Solidarity": 307, "Alpha Authority": 63, "Toadstool Admirer": 2278, "Restless Vents": 1746, "Jeskai Revelation": 1106, "Stern Lesson": 2064, "Chained to the Rocks_SB": 351, "Connive // Concoct": 431, "Creative Outburst": 462, "Temple of Deceit": 2168, "Temple of Enlightenment": 2169, "Temple of Malice": 2171, "Temple of Silence": 2173, "Temple of Triumph": 2174, "Ray of Frost_SB": 1687, "Bontu's Last Reckoning_SB": 238, "Deafening Silence": 513, "Hardened Scales": 955, "Fiery Annihilation_SB": 788, "Dragonlord Silumgar": 603, "Painful Truths": 1563, "Search for Azcanta": 1863, "Supreme Will": 2123, "Contraband Kingpin_SB": 442, "Village Rites": 2412, "Llanowar Visionary": 1276, "Rampaging Ferocidon": 1673, "Stormchaser's Talent_SB": 2079, "Overlord of the Balemurk_SB": 1553, "Greedy Freebooter": 926, "Shambling Ghast": 1900, "Hangarback Walker": 952, "Marketback Walker": 1341, "Diabolic Intent": 563, "Scrapwork Mutt": 1853, "Gleaming Barrier": 889, "Liliana's Standard Bearer": 1261, "The Sibsig Ceremony": 2225, "Callous Bloodmage_SB": 290, "Friendly Teddy": 842, "Experiment One": 726, "Kitesail Freebooter_SB": 1166, "Muerra, Trash Tactician": 1421, "Cut // Ribbons": 487, "Dusk Legion Zealot": 639, "Markov Baron": 1342, "Patchwork Banner": 1573, "Soul Transfer": 2013, "Voldaren Thrillseeker": 2441, "Bedevil_SB": 173, "Champion of Dusk_SB": 354, "Deadly Dispute_SB": 510, "Soul Transfer_SB": 2014, "Devilish Valet": 559, "Runaway Steam-Kin": 1798, "Grinning Ignus": 930, "Birgi, God of Storytelling": 187, "Hazoret's Monument": 966, "Light Up the Night": 1245, "Cemetery Prowler_SB": 346, "Nissa, Steward of Elements_SB": 1470, "Kishla Village": 1164, "Robber of the Rich_SB": 1776, "Izzet Charm": 1092, "Crash Through": 459, "Ugin, Eye of the Storms": 2334, "Shadows' Verdict": 1894, "The Book of Exalted Deeds_SB": 2200, "Spring-Loaded Sawblades": 2048, "Dennick, Pious Apprentice_SB": 545, "Slaughter Games_SB": 1977, "Sokenzan, Crucible of Defiance_SB": 2001, "Baneslayer Angel_SB": 154, "Trelasarra, Moon Dancer": 2313, "Kaito Shizuki": 1118, "Silent Hallcreeper": 1942, "Ashiok, Nightmare Weaver_SB": 117, "Evolved Sleeper": 720, "Tenacious Underdog_SB": 2178, "Rediscover the Way": 1710, "Balmor, Battlemage Captain": 149, "Witherbloom Command_SB": 2509, "Sram, Senior Edificer": 2051, "Wizard's Retort_SB": 2515, "Shapers' Sanctuary": 1902, "Eidolon of Rhetoric_SB": 647, "Commit // Memory": 418, "Clever Lumimancer": 389, "Niv-Mizzet, Parun": 1474, "Sweltering Suns": 2133, "Omnath, Locus of the Roil": 1523, "Lilah, Undefeated Slickshot": 1258, "Tolsimir, Friend to Wolves_SB": 2282, "Blossoming Defense": 222, "Giant Growth": 874, "Heritage Reclamation_SB": 992, "Katilda, Dawnhart Martyr_SB": 1132, "Brimaz, King of Oreskos": 262, "Welcoming Vampire": 2485, "Intimidation Tactics": 1068, "Liliana, Dreadhorde General_SB": 1263, "Marang River Regent_SB": 1327, "Spirit-Sister's Call": 2041, "Bandit's Talent_SB": 151, "Fountainport Bell": 837, "Dreams of Steel and Oil_SB": 623, "Gonti, Lord of Luxury_SB": 914, "Frontline Rush": 843, "Mortify_SB": 1413, "Treasure Cruise_SB": 2310, "Eshki Dragonclaw": 709, "Herd Heirloom": 989, "Rhonas the Indomitable": 1754, "The Huntsman's Redemption": 2209, "Stubborn Denial_SB": 2093, "Drake Hatcher": 605, "Canyon Slough": 298, "Captain Lannery Storm": 300, "Charming Scoundrel": 374, "Collector's Vault": 408, "Goldhound": 912, "Goldspan Dragon": 913, "Kalain, Reclusive Painter": 1122, "Marionette Master": 1339, "Reckless Fireweaver": 1696, "Sticky Fingers": 2065, "Treasure Vault": 2312, "Vraska's Contempt": 2450, "Karn, Scion of Urza_SB": 1129, "Moment of Craving_SB": 1398, "Ratchet Bomb_SB": 1679, "Unlicensed Disintegration_SB": 2364, "Quicken": 1652, "Amonkhet Raceway": 68, "Seal from Existence": 1859, "Shore Up": 1930, "Aetherflux Reservoir_SB": 46, "Shore Up_SB": 1931, "Illness in the Ranks_SB": 1040, "Phyrexian Arena_SB": 1592, "Abbot of Keral Keep": 19, "Anax, Hardened in the Forge": 70, "Incendiary Flow": 1048, "Invigorated Rampage": 1081, "Rimrock Knight": 1758, "Shock": 1926, "Torbran, Thane of Red Fell": 2285, "Wild Slash": 2494, "Dire Fleet Daredevil_SB": 567, "Flame-Blessed Bolt_SB": 803, "Sword of Once and Future_SB": 2139, "Magebane Lizard": 1310, "Virulent Plague_SB": 2422, "Snow-Covered Plains": 1996, "Sunset Revelry": 2114, "Unexpected Windfall": 2356, "Worldspine Wurm": 2523, "Xenagos, God of Revels": 2528, "Arboreal Grazer_SB": 96, "Herald of Eternal Dawn": 986, "Skrelv's Hive": 1961, "Vaultborn Tyrant_SB": 2406, "Defabricate_SB": 529, "Collector's Cage_SB": 407, "Dromoka's Command": 628, "Elite Spellbinder": 663, "Ajani, Strength of the Pride": 57, "Reluctant Role Model": 1725, "Plargg, Dean of Chaos": 1608, "Hushbringer_SB": 1030, "Ureni, the Song Unending": 2379, "Dire Tactics": 568, "Order of Midnight": 1535, "Duelist of the Mind": 635, "Portent of Calamity": 1623, "Extraordinary Journey": 738, "Concerted Defense_SB": 426, "Rapid Hybridization_SB": 1678, "Hooting Mandrills": 1011, "Jin-Gitaxias, Progress Tyrant_SB": 1109, "Smuggler's Surprise_SB": 1989, "Toxrill, the Corrosive_SB": 2296, "Doom Whisperer_SB": 590, "Razorkin Needlehead": 1689, "Virtue of Courage": 2417, "Ball Lightning": 148, "Scytheclaw Raptor_SB": 1856, "Evangel of Synthesis": 719, "Invasion of Ergamon": 1074, "Cathartic Reunion": 327, "Ancient Imperiosaur": 74, "Gastal Thrillroller_SB": 855, "Awaken the Honored Dead": 139, "Ghostly Dancers": 870, "Heliod, the Radiant Dawn_SB": 981, "Dispel_SB": 575, "Chandra, Hope's Beacon": 365, "Obscura Storefront": 1505, "Disfigure_SB": 574, "Feed the Swarm": 776, "Blue Sun's Twilight": 228, "Conduit Pylons": 428, "Ipnu Rivulet": 1084, "Outcaster Greenblade": 1545, "Voltage Surge": 2444, "Fae of Wishes_SB": 750, "Koth, Fire of Resistance_SB": 1188, "Anger of the Gods": 76, "Brass Knuckles": 252, "Fabrication Foundry": 743, "Metalwork Colossus": 1369, "Sanctum of Ugin": 1822, "Wedding Invitation": 2483, "Glass Casket_SB": 887, "Repurposing Bay_SB": 1733, "Drake Hatcher_SB": 606, "Ashen Rider": 112, "Baleful Mastery": 147, "Agonizing Remorse_SB": 55, "Striped Riverwinder": 2090, "Oracle of Tragedy": 1534, "Gurmag Nightwatch": 940, "Hallowed Moonlight_SB": 949, "Selfless Spirit_SB": 1880, "Slaughter Singer": 1978, "Venerated Rotpriest": 2409, "The Seedcore": 2224, "Crawling Chorus": 461, "Annex Sentry": 81, "Bloated Contaminator": 210, "Jawbone Duelist": 1102, "Overprotect": 1558, "Ajani, Sleeper Agent_SB": 56, "Phyrexian Censor_SB": 1594, "Tyvar's Stand_SB": 2330, "Annex Sentry_SB": 82, "Melira, the Living Cure_SB": 1357, "Secrets of the Key": 1870, "Vineglimmer Snarl": 2413, "Port Town": 1616, "Mystic Reflection": 1432, "Heroic Intervention": 993, "Emergence Zone": 679, "Augmenter Pugilist": 128, "Augur of Autumn": 129, "Simic Charm": 1948, "Fortified Village": 831, "Biovisionary": 186, "Repudiate // Replicate_SB": 1731, "Chord of Calling_SB": 376, "Baird, Steward of Argive_SB": 145, "Glorybringer": 898, "Scavenging Ooze": 1841, "Mizzium Mortars": 1391, "Cartouche of Zeal": 309, "Skylasher_SB": 1972, "Not on My Watch": 1482, "Scattered Thoughts": 1837, "Nature's Rhythm": 1448, "Dryad's Revival": 634, "Mabel, Heir to Cragflame_SB": 1304, "Atraxa, Grand Unifier_SB": 126, "Wear Down_SB": 2476, "Slagstorm_SB": 1976, "Stern Dismissal_SB": 2063, "Repel the Abominable": 1729, "Repel the Abominable_SB": 1730, "Niv-Mizzet, Visionary_SB": 1477, "Despark_SB": 551, "Dennick, Pious Apprentice": 544, "Angrath, the Flame-Chained_SB": 78, "Ritual of Soot_SB": 1767, "Dark Petition_SB": 496, "Vampires' Vengeance_SB": 2401, "Hornet Queen": 1020, "Ojer Taq, Deepest Foundation": 1512, "Pyroclasm": 1640, "Heliod's Pilgrim_SB": 978, "Kaya's Ghostform_SB": 1138, "Skrelv, Defector Mite_SB": 1963, "Unlucky Witness": 2367, "Lord Skitter, Sewer King": 1288, "Aclazotz, Deepest Betrayal_SB": 32, "Tomik, Distinguished Advokist_SB": 2284, "Hearth Elemental": 971, "Sanguine Evangelist_SB": 1826, "Spirit-Sister's Call_SB": 2042, "Demonic Counsel": 541, "Consuming Fervor": 438, "Aetherflux Reservoir": 45, "Summary Dismissal_SB": 2098, "Mountain_SB": 1417, "Portal to Phyrexia": 1621, "Lamplight Phoenix_SB": 1207, "Ovalchase Daredevil": 1549, "Inscribed Tablet": 1058, "Scourge of the Skyclaves": 1847, "Warlock Class": 2462, "Lich-Knights' Conquest": 1242, "Silent Gravestone_SB": 1941, "Ulcerate_SB": 2338, "Kaervek, the Spiteful_SB": 1116, "Smoldering Egg": 1985, "Rune of Might": 1800, "Voice of Resurgence_SB": 2431, "Can't Stay Away_SB": 296, "Feldon, Ronom Excavator": 778, "Infuriate_SB": 1053, "Wandering Mind": 2458, "Disenchant_SB": 573, "Candy Trail": 297, "Colossal Skyturtle": 411, "Mirrorshell Crab": 1380, "Teferi, Who Slows the Sunset": 2165, "Chaos Wand_SB": 372, "Dissection Tools_SB": 580, "Jace, the Perfected Mind_SB": 1100, "Zirda, the Dawnwaker_SB": 2555, "Recommission_SB": 1706, "Abbot of Keral Keep_SB": 20, "Clarion Conqueror_SB": 385, "Rabbit Battery": 1655, "Faerie Dreamthief": 751, "Steamcore Scholar": 2060, "Winternight Stories": 2502, "Seasons Past": 1868, "Defabricate": 528, "Immortal Phoenix_SB": 1043, "Lightwheel Enhancements": 1257, "Cunning Coyote_SB": 483, "Yuna, Hope of Spira": 2543, "Blisterpod": 207, "Cartel Aristocrat": 306, "Rally the Ancestors": 1671, "Sephiroth, Fabled SOLDIER": 1884, "Starting Town": 2057, "Heliod, Sun-Crowned_SB": 979, "Ruthless Lawbringer_SB": 1807, "Joshua, Phoenix's Dominant": 1112, "Abuelo's Awakening": 29, "Summon: Knights of Round": 2099, "Dark Confidant_SB": 494, "Kroxa and Kunoros": 1194, "Terra, Magical Adept": 2180, "Vivi Ornitier": 2424, "Demon Wall": 539, "Eiganjo, Seat of the Empire_SB": 651, "Vivi Ornitier_SB": 2425, "Unflinching Courage": 2357, "Unflinching Courage_SB": 2358, "Ishgard, the Holy See": 1088, "Fire Magic_SB": 796, "Twinmaw Stormbrood_SB": 2323, "Crumbling Vestige": 467, "Echoing Deeps": 644, "Glimpse the Core": 892, "Hour of Promise": 1026, "Scapeshift": 1835, "The Wandering Minstrel": 2231, "Kura, the Boundless Sky_SB": 1201, "Maelstrom of the Spirit Dragon_SB": 1308, "Surrak, Elusive Hunter": 2127, "Esper Origins": 712, "Cecil, Dark Knight": 343, "Dark Confidant": 493, "Gix, Yawgmoth Praetor": 884, "Vren, the Relentless_SB": 2454, "Opera Love Song": 1529, "Toski, Bearer of Secrets_SB": 2293, "Bloodsoaked Champion": 219, "Kitesail Freebooter": 1165, "Lantern Scout_SB": 1210, "Sin Collector_SB": 1950, "Cryptcaller Chariot": 472, "Hostile Investigator_SB": 1025, "Furnace Reins_SB": 848, "Ancient Adamantoise": 72, "Market Gnome": 1340, "Tinybones, the Pickpocket": 2268, "Buster Sword": 281, "Freya Crescent": 841, "Smitten Swordmaster": 1984, "Monastery Swiftspear_SB": 1403, "Summon: Leviathan": 2100, "Quicken_SB": 1653, "Alesha, Who Laughs at Fate": 60, "Zack Fair": 2546, "Tocasia's Welcome": 2279, "Staggering Insight": 2053, "Sporogenic Infection_SB": 2047, "Bile Blight": 183, "Ruthless Negotiation_SB": 1808, "Al Bhed Salvagers": 59, "Fleeting Spirit": 808, "Saiba Cryptomancer": 1816, "Warbriar Blessing": 2459, "Wilt-Leaf Liege_SB": 2499, "Demolition Field_SB": 538, "The Raven Man": 2218, "Glistening Deluge_SB": 896, "Gryff's Boon_SB": 935, "Rune of Sustenance_SB": 1801, "Rain of Revelation": 1661, "Ultima": 2339, "Shatter the Sky_SB": 1908, "Disturbing Mirth": 581, "Rite of Oblivion_SB": 1765, "Runed Halo_SB": 1803, "Doomsday Excruciator_SB": 591, "Cloud of Darkness_SB": 395, "Outrageous Robbery_SB": 1548, "Saiba Cryptomancer_SB": 1817, "Lindblum, Industrial Regency": 1266, "Sphinx's Tutelage": 2035, "The Water Crystal": 2233, "Eject_SB": 652, "Lindblum, Industrial Regency_SB": 1267, "Blossoming Defense_SB": 223, "Cerulean Drake_SB": 349, "Ureni, the Song Unending_SB": 2380, "Angel of Serenity": 75, "Hinterland Harbor": 1003, "Cloud, Midgar Mercenary": 396, "Machinist's Arsenal": 1305, "Paladin's Arms": 1565, "Raubahn, Bull of Ala Mhigo": 1681, "Hullbreaker Horror": 1028, "Titan of Industry_SB": 2274, "Search for Azcanta_SB": 1864, "Emet-Selch, Unsundered": 683, "Lazav, the Multifarious": 1217, "Valentin, Dean of the Vein": 2385, "Bonders' Enclave": 234, "Nissa's Pilgrimage": 1466, "Ulamog, the Ceaseless Hunger": 2337, "Old-Growth Troll_SB": 1514, "Banefire_SB": 153, "Astrologian's Planisphere": 122, "Camellia, the Seedmiser_SB": 294, "Insidious Fungus_SB": 1061, "Massacre Girl_SB": 1346, "Trail of Crumbs_SB": 2298, "Webstrike Elite_SB": 2480, "Restoration Magic_SB": 1747, "Staggering Insight_SB": 2054, "Plumecreed Escort": 1612, "Sunscorched Desert": 2113, "Embercleave_SB": 677, "Kefka, Court Mage": 1148, "Mox Amber_SB": 1419, "Retraction Helix_SB": 1749, "Revival // Revenge": 1752, "Vampire Socialite": 2398, "Legion Lieutenant": 1226, "Vito, Thorn of the Dusk Rose": 2423, "Vampire of the Dire Moon": 2399, "Voldaren Bloodcaster_SB": 2439, "Florian, Voldaren Scion_SB": 815, "Founding the Third Path": 834, "No One Left Behind": 1480, "Exsanguinate": 733, "Hedge Shredder": 975, "Genesis Wave": 861, "Return the Favor_SB": 1750, "Kogla and Yidaro_SB": 1182, "Stingerback Terror": 2066, "Mistbreath Elder": 1388, "Lightning, Army of One": 1256, "Isareth the Awakener": 1087, "Urza's Ruinous Blast": 2382, "Venat, Heart of Hydaelyn": 2407, "Liliana, the Last Hope": 1264, "Didn't Say Please": 564, "Ruin Crab": 1796, "Merfolk Windrobber": 1366, "Essence Scatter": 715, "Into the Story": 1072, "Field of Ruin_SB": 786, "Rush of Adrenaline": 1805, "Channeled Dragonfire": 371, "Stadium Headliner": 2052, "Roil Eruption": 1781, "Reckless Lackey": 1698, "Thassa's Oracle": 2191, "Heritage Reclamation": 991, "Riverchurn Monument_SB": 1768, "Roiling Dragonstorm": 1782, "Chandra, Dressed to Kill": 362, "End the Festivities": 689, "Raze the Effigy_SB": 1688, "Midgar, City of Mako": 1372, "Goblin Chainwhirler": 905, "Leyline of Combustion_SB": 1233, "Sorceress's Schemes": 2006, "Halvar, God of Battle_SB": 950, "Unexpected Request_SB": 2354, "Binding the Old Gods": 184, "Tireless Tracker": 2269, "Jaddi Offshoot_SB": 1101, "Linvala, the Preserver_SB": 1270, "Ertai Resurrected": 705, "Disdainful Stroke": 571, "Scatter Ray": 1836, "Refute": 1715, "Sinister Sabotage": 1952, "Cornered by Black Mages": 448, "Sunken Hollow": 2110, "Eliminate_SB": 662, "Cry of the Carnarium_SB": 469, "Enter the God-Eternals_SB": 699, "Lotleth Troll": 1290, "Nullhide Ferox": 1492, "Samut, Voice of Dissent": 1820, "Smuggler's Surprise": 1988, "Speaker of the Heavens": 2026, "Delney, Streetwise Lookout": 532, "Leyline of Transformation": 1237, "Forest_SB": 826, "Storm Herald_SB": 2074, "Cartouche of Solidarity_SB": 308, "Osteomancer Adept": 1540, "Snarling Gorehound": 1992, "Scavenging Ooze_SB": 1842, "The Wandering Minstrel_SB": 2232, "Absorb": 28, "Void Rend": 2435, "Haunted Dead": 958, "Driven // Despair": 625, "Quag Feast_SB": 1645, "Thunder Magic_SB": 2260, "Storm Herald": 2073, "Disruptive Stormbrood": 578, "Burning Anger": 274, "Colossification": 413, "Auroral Procession": 132, "Omnath, Locus of Creation_SB": 1522, "Coveted Falcon": 453, "Jidoor, Aristocratic Capital": 1108, "Capital City": 299, "Sin, Spira's Punishment": 1951, "Ugin, the Spirit Dragon": 2335, "Forsaken Monument": 829, "Wastes": 2469, "Haven of the Spirit Dragon": 960, "Crystal Grotto": 478, "Warping Wail": 2463, "The Celestus": 2201, "Adventurer's Inn": 38, "Patchwork Automaton_SB": 1572, "Mazemind Tome_SB": 1354, "Thought-Knot Seer_SB": 2244, "Languish": 1208, "Ritual of Soot": 1766, "Drag the Canal_SB": 598, "Dwarven Mine": 641, "Dragon Fodder": 599, "Hordeling Outburst": 1017, "Lukka, Coppercoat Outcast": 1296, "Satyr's Cunning": 1830, "Ral's Reinforcements": 1667, "Song of Totentanz": 2004, "Cavalcade of Calamity_SB": 334, "Impact Tremors_SB": 1045, "Mechanized Warfare_SB": 1355, "Torbran, Thane of Red Fell_SB": 2286, "Snow-Covered Swamp_SB": 1998, "Shattered Sanctum_SB": 1910, "Concealed Courtyard_SB": 424, "Shadowy Backstreet_SB": 1899, "Doom Foretold_SB": 589, "Hopeful Vigil_SB": 1015, "(THB) 117_SB": 15, "(DMU) 244_SB": 4, "(WOE) 95_SB": 18, "(M20) 94_SB": 10, "(SLD) 325_SB": 13, "(BRO) 16_SB": 1, "(STX) 72_SB": 14, "(FDN) 704_SB": 7, "(BLB) 83_SB": 0, "(OTJ) 108_SB": 12, "(BRO) 26_SB": 2, "(WOE) 29_SB": 17, "(DAR) 213_SB": 3, "(KLR) 84_SB": 8, "(LCI) 128_SB": 9, "(DSK) 111_SB": 5, "(MID) 112_SB": 11, "(THB) 121_SB": 16, "(FDN) 137_SB": 6, "Resolute Strike": 1737, "Great Arashin City": 924, "Nissa, Voice of Zendikar_SB": 1471, "Elvish Archivist": 672, "Touch the Spirit Realm_SB": 2295, "Saheeli, Filigree Master_SB": 1812, "March of Otherworldly Light_SB": 1331, "Self-Destruct": 1876, "Misery's Shadow_SB": 1383, "Stormcarved Coast_SB": 2077, "Undead Butler": 2348, "Willow Geist": 2497, "The Aetherspark": 2193, "Curse of Silence_SB": 486, "Miscast_SB": 1382, "Matoya, Archon Elder_SB": 1348, "Blossoming Tortoise": 224, "Blossoming Tortoise_SB": 225, "Summon: Leviathan_SB": 2101, "Aether Channeler": 41, "Aether Channeler_SB": 42, "Leyline of Transformation_SB": 1238, "Ulvenwald Oddity_SB": 2341, "Kinnan, Bonder Prodigy": 1160, "Dread Presence": 611, "Cyclonic Rift_SB": 490, "Sultai Charm_SB": 2097, "Bartolom\u00e9 del Presidio": 160, "Zulaport Cutthroat": 2558, "Valley Questcaller": 2395, "Choco, Seeker of Paradise": 375, "Sazh's Chocobo": 1834, "Traveling Chocobo": 2305, "Sazh Katzroy": 1833, "Cloudfin Raptor": 398, "Bartz and Boko": 161, "Dazzling Denial": 506, "Ambrosia Whiteheart": 67, "Aven Mindcensor_SB": 137, "Buster Sword_SB": 282, "The Aetherspark_SB": 2194, "Cloudsteel Kirin_SB": 399, "Kenrith's Transformation_SB": 1153, "Wolfwillow Haven_SB": 2519, "Questing Beast_SB": 1648, "Magic Damper": 1312, "Magic Damper_SB": 1313, "Waker of Waves": 2455, "Discovery // Dispersal": 570, "Consecrate // Consume_SB": 432, "Reduce // Rubble_SB": 1712, "Fleeting Spirit_SB": 809, "Knight of Dusk's Shadow_SB": 1174, "Felothar, Dawn of the Abzan": 781, "Skirmish Rhino": 1960, "Sandsteppe Citadel": 1823, "Blitz of the Thunder-Raptor_SB": 209, "Marang River Regent // Coil and Catch": 1326, "Zirda, the Dawnwaker": 2554, "Xenagos, the Reveler": 2530, "Svella, Ice Shaper": 2129, "Collision // Colossus_SB": 410, "Lukka, Bound to Ruin_SB": 1295, "Rebel Salvo": 1693, "Nahiri, Heir of the Ancients_SB": 1437, "Aether Hub": 44, "Power Word Kill": 1624, "Filter Out_SB": 794, "Dreams of Laguna": 621, "Whir of Invention_SB": 2490, "Peerless Recycling_SB": 1583, "Fateful Absence": 763, "Joust Through_SB": 1113, "Brimaz, King of Oreskos_SB": 263, "Regal Caracal_SB": 1717, "Thunder Magic": 2259, "Absolute Virtue_SB": 27, "Mystic Sanctuary": 1434, "Broken Bond_SB": 265, "Lush Oasis": 1300, "Mirrorpool": 1379, "Fire Prophecy_SB": 798, "Cloud, Midgar Mercenary_SB": 397, "Fire Magic": 795, "Mirrorshell Crab_SB": 1381, "Vanquish the Horde_SB": 2404, "Moment of Craving": 1397, "Commune with Beavers": 420, "Blitz of the Thunder-Raptor": 208, "Ephara's Dispersal": 702, "Vraska, Golgari Queen_SB": 2453, "Seed of Hope": 1872, "Thrilling Discovery": 2255, "Cavern of Souls_SB": 339, "Yuna, Hope of Spira_SB": 2544, "Summon: Primal Odin": 2102, "Lazotep Plating": 1218, "Ochre Jelly": 1507, "The Ozolith": 2217, "Botanical Brawler": 246, "Kutzil, Malamet Exemplar": 1204, "Conclave Mentor": 427, "Pelt Collector": 1584, "Fight as One_SB": 792, "Garruk's Harbinger_SB": 853, "Patchwork Beastie": 1574, "Wildfire Wickerfolk": 2496, "Beastie Beatdown": 171, "Ogre-Head Helm": 1509, "Violent Urge": 2415, "Unexpected Request": 2353, "Caelorna, Coral Tyrant_SB": 286, "Fade from History_SB": 746, "Return to Nature_SB": 1751, "Skyreaping_SB": 1973, "Ezrim, Agency Chief_SB": 739, "Axgard Armory": 141, "Invasive Surgery_SB": 1079, "Cryptcaller Chariot_SB": 473, "Bramble Familiar": 250, "Make Your Own Luck": 1318, "One with the Multiverse": 1526, "Overwhelming Splendor": 1560, "Unexpected Results": 2355, "Flowstone Infusion_SB": 819, "Den of the Bugbear_SB": 543, "Sorcerous Spyglass_SB": 2007, "Tail Swipe": 2144, "Wildborn Preserver": 2495, "Drogskol Reaver": 627, "Cragplate Baloth": 457, "Fleetfoot Dancer": 807, "Disruptive Stormbrood_SB": 579, "The Last Ride": 2211, "Warrant // Warden_SB": 2465, "Reinforced Ronin": 1721, "Showdown of the Skalds": 1932, "Blink of an Eye_SB": 206, "Ashaya, Soul of the Wild": 111, "Elvish Reclaimer": 674, "Green Sun's Twilight": 927, "Implement of Combustion": 1046, "Oni-Cult Anvil": 1527, "Weapons Manufacturing": 2474, "Mayhem Devil_SB": 1352, "Tarrian's Journal_SB": 2157, "Hemosymbic Mite": 983, "Pinnacle Starcage_SB": 1602, "Seam Rip_SB": 1862, "Seam Rip": 1861, "Ephara's Dispersal_SB": 703, "Kavaron Harrier": 1134, "Nutrient Block": 1495, "Biotech Specialist": 185, "Tifa Lockhart": 2265, "Vivien, Arkbow Ranger": 2427, "Wakeroot Elemental_SB": 2457, "Coruscation Mage_SB": 449, "Rust Goliath": 1806, "Grab the Prize": 916, "Thrill of Possibility": 2254, "Fling": 811, "Mishra, Tamer of Mak Fawa": 1386, "Artificer's Dragon": 108, "Mishra, Excavation Prodigy_SB": 1385, "Shock_SB": 1927, "Insult // Injury_SB": 1065, "Chandra, Flame's Fury": 364, "Chandra's Spitfire": 359, "Unchained Berserker": 2345, "Ember Hauler": 675, "Drakuseth, Maw of Flames": 607, "Cavalcade of Calamity": 333, "Arni Brokenbrow": 107, "Scorch Spitter": 1843, "The Flame of Keld": 2207, "Chandra's Flame Wave": 358, "Sulfur Falls": 2095, "Strategic Planning": 2087, "Siege Veteran": 1937, "Yotian Frontliner": 2540, "Harbin, Vanguard Aviator": 954, "Myrel, Shield of Argive": 1431, "Valiant Veteran": 2390, "Protect the Negotiators_SB": 1637, "Ertai Resurrected_SB": 706, "Haliya, Guided by Light": 945, "Sanctify_SB": 1821, "Valki, God of Lies_SB": 2392, "Consult the Star Charts": 437, "Icetill Explorer": 1033, "Aetherize_SB": 47, "Icetill Explorer_SB": 1034, "Weftwalking": 2484, "Herald of Anguish": 985, "Cryogen Relic": 470, "Sunset Saboteur": 2116, "Malicious Eclipse_SB": 1321, "Adventurer's Inn_SB": 39, "Otawara, Soaring City_SB": 1542, "Pit of Offerings_SB": 1603, "Confounding Conundrum_SB": 429, "Annul": 83, "Skycat Sovereign_SB": 1966, "Kazandu Mammoth": 1144, "Aurelia's Vindicator": 131, "Fall of the Thran": 755, "Hope of Ghirapur": 1012, "Remorseful Cleric": 1726, "Hope of Ghirapur_SB": 1013, "Knight of the White Orchid_SB": 1178, "Archenemy's Charm": 99, "Shattering Blow_SB": 1911, "Ral, Crackling Wit": 1668, "Reroute Systems": 1735, "Rally the Monastery_SB": 1672, "Stonebinder's Familiar": 2071, "Symmetry Sage": 2143, "Plains_SB": 1607, "Demand Answers": 534, "Nova Hellkite_SB": 1486, "Tezzeret, Cruel Captain": 2185, "Elixir": 665, "Pithing Needle": 1604, "The Gold Saucer": 2208, "Voyage Home": 2446, "Carrot Cake_SB": 305, "Sai, Master Thopterist_SB": 1815, "Stonecoil Serpent_SB": 2072, "Cosmogoyf": 450, "Seedship Broodtender": 1873, "Severance Priest_SB": 1892, "Quantum Riddler": 1646, "Cascading Cataracts": 310, "The Rollercrusher Ride": 2221, "Suplex_SB": 2119, "Louisoix's Sacrifice": 1293, "Cosmogrand Zenith_SB": 451, "Isolate_SB": 1090, "Delney, Streetwise Lookout_SB": 533, "Disruption Protocol": 577, "Monstrous Rage_SB": 1406, "Devastating Mastery": 558, "Nahiri, the Unforgiving": 1440, "Twinmaw Stormbrood": 2322, "Opera Love Song_SB": 1530, "Nova Hellkite": 1485, "Timeline Culler": 2266, "Halana and Alena, Partners": 944, "The Dominion Bracelet_SB": 2202}}