{"vocabulary": {"Blackcleave Cliffs": 176, "Blightstep Pathway": 189, "Blood Crypt": 193, "Callous Sell-Sword": 268, "Claim // Fame": 356, "Den of the Bugbear": 496, "Dreadmaw's Ire": 565, "Emberheart Challenger": 619, "Heartfire Hero": 903, "Infuriate": 976, "Kumano Faces Kakkazan": 1128, "Manifold Mouse": 1244, "Monastery Swiftspear": 1312, "Monstrous Rage": 1314, "Mountain": 1325, "Ramunap Ruins": 1569, "Reckless Rage": 1590, "Slickshot Show-Off": 1855, "Sokenzan, Crucible of Defiance": 1874, "Sulfurous Springs": 1957, "Turn Inside Out": 2165, "Claim // Fame_SB": 357, "Fatal Push_SB": 695, "Feed the Swarm_SB": 711, "Hazoret the Fervent_SB": 898, "Jegantha, the Wellspring_SB": 1034, "Ob Nixilis, the Adversary_SB": 1408, "Pyroclasm_SB": 1542, "Thoughtseize_SB": 2094, "Cavern of Souls": 314, "Drowned Catacomb": 578, "Fatal Push": 694, "Flicker of Fate": 739, "Floodfarm Verge": 741, "Get Lost": 794, "Glacial Fortress": 815, "Gloomlake Verge": 828, "Hushwood Verge": 958, "Indatha Triome": 973, "Leyline Binding": 1158, "Mana Confluence": 1243, "Overgrown Tomb": 1451, "Overlord of the Floodpits": 1455, "Overlord of the Hauntwoods": 1456, "Overlord of the Mistmoors": 1457, "Spara's Headquarters": 1896, "Sunpetal Grove": 1970, "Swamp": 1985, "Temporary Lockdown": 2030, "Up the Beanstalk": 2212, "Vanishing Verse": 2237, "Watery Grave": 2300, "Woodland Cemetery": 2343, "Zagoth Triome": 2368, "Zur, Eternal Schemer": 2379, "Damping Sphere_SB": 450, "Deadly Cover-Up_SB": 466, "Dovin's Veto_SB": 548, "High Noon_SB": 930, "Knockout Blow_SB": 1109, "Rest in Peace_SB": 1630, "Temporary Lockdown_SB": 2031, "Test of Talents_SB": 2037, "Abrupt Decay": 6, "Ancient Cornucopia": 51, "Blazemire Verge": 184, "Breeding Pool": 238, "Bring to Light": 244, "Deafening Clarion": 469, "Elenda, Saint of Dusk": 603, "Fable of the Mirror-Breaker": 674, "Fabled Passage": 676, "Forest": 754, "Godless Shrine": 842, "Hallowed Fountain": 881, "Hostage Taker": 949, "Island": 1014, "Jetmir's Garden": 1037, "Ketria Triome": 1089, "Knight of Autumn": 1100, "Kolaghan's Command": 1113, "Lightning Helix": 1179, "Nahiri, the Harbinger": 1346, "Niv-Mizzet Reborn": 1382, "Niv-Mizzet, Supreme": 1385, "Omnath, Locus of Creation": 1427, "Pillage the Bog": 1502, "Plains": 1504, "Raffine's Tower": 1556, "Raugrin Triome": 1576, "Sacred Foundry": 1696, "Savai Triome": 1710, "Steam Vents": 1927, "Stomping Ground": 1936, "Sunfall": 1964, "Sylvan Caryatid": 1996, "Valki, God of Lies": 2229, "Ziatora's Proving Ground": 2374, "Casualties of War_SB": 298, "Kambal, Consul of Allocation_SB": 1055, "Mystical Dispute_SB": 1343, "Notion Thief_SB": 1394, "Yasharn, Implacable Earth_SB": 2357, "Yorion, Sky Nomad_SB": 2363, "Boseiju, Who Endures": 224, "Temple Garden": 2023, "Disdainful Stroke_SB": 527, "Elesh Norn, Mother of Machines_SB": 606, "Get Lost_SB": 795, "Pick Your Poison_SB": 1499, "Cacophony Scamp": 262, "Titan's Strength": 2118, "Reckless Rage_SB": 1591, "Screaming Nemesis_SB": 1733, "Deduce": 484, "Deserted Beach": 504, "Dovin's Veto": 547, "Eiganjo, Seat of the Empire": 596, "Farewell": 692, "Field of Ruin": 718, "Fountainport": 763, "Geier Reach Sanitarium": 790, "Hall of Storm Giants": 880, "March of Otherworldly Light": 1249, "Memory Deluge": 1272, "Narset, Parter of Veils": 1351, "No More Lies": 1387, "Otawara, Soaring City": 1443, "Portable Hole": 1516, "Restless Anchorage": 1631, "Supreme Verdict": 1976, "Teferi, Hero of Dominaria": 2020, "The Wandering Emperor": 2077, "Aether Gust_SB": 22, "Baneslayer Angel_SB": 136, "Day's Undoing_SB": 464, "Detention Sphere_SB": 515, "Elspeth's Smite_SB": 611, "Farewell_SB": 693, "Narset, Parter of Veils_SB": 1352, "Shark Typhoon_SB": 1785, "Atraxa, Grand Unifier": 105, "Enigmatic Incarnation": 637, "Kutzil's Flanker": 1132, "Linvala, the Preserver": 1192, "Nowhere to Run": 1396, "Overlord of the Boilerbilges": 1454, "Skyclave Apparition": 1842, "Archon of Emeria_SB": 86, "Glistening Deluge_SB": 827, "Portable Hole_SB": 1517, "Ruric Thar, the Unbowed_SB": 1693, "Thought Distortion_SB": 2090, "Adeline, Resplendent Cathar": 16, "Coppercoat Vanguard": 408, "Dauntless Bodyguard": 458, "Declaration in Stone": 482, "Extraction Specialist": 671, "Fortified Beachhead": 758, "Hopeful Initiate": 943, "Mockingbird": 1302, "Mutavault": 1338, "Recruitment Officer": 1598, "Seachrome Coast": 1737, "Thalia's Lieutenant": 2040, "Thalia, Guardian of Thraben": 2041, "Containment Priest_SB": 406, "Reflector Mage_SB": 1605, "Sheltered by Ghosts_SB": 1793, "Wedding Announcement_SB": 2309, "Artist's Talent": 89, "Bond of Insight": 212, "Cathartic Pyre": 301, "Consider": 399, "Dig Through Time": 521, "Expedition Map": 659, "Hidden Strings": 924, "Impulse": 970, "Into the Flood Maw": 995, "Jwari Disruption": 1042, "Lier, Disciple of the Drowned": 1169, "Lotus Field": 1217, "Pore Over the Pages": 1513, "Riverglide Pathway": 1658, "Sleight of Hand": 1854, "Spirebluff Canal": 1911, "Thespian's Stage": 2081, "Valakut Awakening": 2224, "Vizier of Tumbling Sands": 2264, "Wish": 2325, "Anger of the Gods_SB": 55, "Fable of the Mirror-Breaker_SB": 675, "Fiery Impulse_SB": 723, "Filter Out_SB": 727, "Galvanic Iteration_SB": 783, "Lier, Disciple of the Drowned_SB": 1170, "Narset's Reversal_SB": 1350, "Niv-Mizzet, Parun_SB": 1384, "Thassa's Oracle_SB": 2045, "Thoughtseize": 2093, "Heartless Act_SB": 907, "Torch the Tower_SB": 2131, "Unlicensed Hearse_SB": 2204, "Arclight Phoenix": 87, "Brazen Borrower": 235, "Fiery Impulse": 722, "Lightning Axe": 1177, "Opt": 1433, "Picklock Prankster": 1500, "Proft's Eidetic Memory": 1529, "Shivan Reef": 1803, "Spell Pierce": 1900, "Stormcarved Coast": 1938, "Torch the Tower": 2130, "Treasure Cruise": 2149, "Abrade_SB": 5, "Annul_SB": 63, "Beacon Bolt_SB": 152, "Brazen Borrower_SB": 236, "Negate_SB": 1361, "Prismari Command_SB": 1527, "Third Path Iconoclast_SB": 2085, "Beza, the Bounding Spring": 163, "Cosmic Rebirth": 413, "Maelstrom Pulse": 1229, "Unmoored Ego": 2206, "Xander's Lounge": 2351, "Deafening Clarion_SB": 470, "Deafening Silence_SB": 472, "Archdruid's Charm": 80, "Bala Ged Recovery": 128, "Dark Petition": 452, "Emergent Ultimatum": 621, "Fae of Wishes": 682, "Lush Portico": 1224, "Omniscience": 1429, "Peer into the Abyss": 1483, "Razorverge Thicket": 1582, "Soul Partition": 1883, "Strict Proctor": 1949, "Sylvan Scrying": 1998, "Approach of the Second Sun_SB": 72, "Day of Judgment_SB": 462, "Dragonlord Dromoka_SB": 552, "Emergent Ultimatum_SB": 622, "Nine Lives_SB": 1373, "Path of Peril_SB": 1476, "Silence_SB": 1816, "Soul Partition_SB": 1884, "Sphinx of the Final Word_SB": 1905, "Zacama, Primal Calamity_SB": 2367, "Archfiend of the Dross": 81, "Bloodtithe Harvester": 201, "Duress": 583, "Go for the Throat": 837, "Heartless Act": 906, "Sheoldred, the Apocalypse": 1796, "Unholy Annex && Ritual Chamber": 2196, "Unstoppable Slasher": 2208, "Urborg, Tomb of Yawgmoth": 2218, "Anoint with Affliction_SB": 65, "Duress_SB": 584, "Go Blank_SB": 835, "Hidetsugu Consumes All_SB": 926, "Invoke Despair_SB": 1009, "Ghitu Lavarunner": 799, "Light Up the Stage": 1173, "Play with Fire": 1507, "Screaming Nemesis": 1732, "Soul-Scar Mage": 1889, "Wizard's Lightning": 2336, "Chandra's Defeat_SB": 333, "Magebane Lizard_SB": 1235, "Rending Volley_SB": 1618, "Urabrask's Forge_SB": 2215, "Big Score": 165, "Bitter Triumph": 174, "Indomitable Creativity": 974, "Pawpatch Formation": 1478, "Thornspire Verge": 2089, "Titan of Industry": 2117, "Valgavoth, Terror Eater": 2227, "Zombify": 2377, "Back to Nature_SB": 125, "Slaughter Games_SB": 1852, "Clearwater Pathway": 364, "Darkslick Shores": 456, "Deep-Cavern Bat": 485, "Enduring Curiosity": 631, "Faerie Miscreant": 686, "Kaito, Bane of Nightmares": 1048, "Preacher of the Schism": 1522, "Prosperous Thief": 1535, "Rottenmouth Viper": 1678, "Spyglass Siren": 1920, "Kalitas, Traitor of Ghet_SB": 1053, "Leyline of the Void_SB": 1166, "Misery's Shadow_SB": 1295, "Reasonable Doubt_SB": 1585, "Sheoldred, the Apocalypse_SB": 1797, "Hengegate Pathway": 915, "Three Steps Ahead": 2100, "Beza, the Bounding Spring_SB": 164, "Kaheera, the Orphanguard_SB": 1045, "Archon of Emeria": 85, "Aven Interrupter": 114, "Branchloft Pathway": 230, "Brushland": 249, "Collected Company": 374, "Elvish Mystic": 616, "Enduring Innocence": 633, "Kellan, Daring Traveler": 1079, "Lion Sash": 1194, "Llanowar Elves": 1199, "Shefet Dunes": 1790, "Voice of Resurgence": 2266, "Werefox Bodyguard": 2313, "Brutal Cathar_SB": 251, "Dromoka's Command_SB": 576, "Knight of Autumn_SB": 1101, "The Wandering Emperor_SB": 2078, "Werefox Bodyguard_SB": 2314, "Galvanic Iteration": 782, "Temporal Trespass": 2029, "Into the Flood Maw_SB": 996, "Jace, Wielder of Mysteries_SB": 1026, "Proft's Eidetic Memory_SB": 1530, "Censor": 323, "Day's Undoing": 463, "Deadly Cover-Up": 465, "Hive of the Eye Tyrant": 935, "Notion Thief": 1393, "Path of Peril": 1475, "Quicken": 1551, "Restless Reef": 1635, "Sheoldred's Edict": 1794, "Chrome Host Seedshark_SB": 351, "Cut Down_SB": 449, "Jace, Vryn's Prodigy_SB": 1025, "The Meathook Massacre_SB": 2063, "Cauldron Familiar": 304, "Deadly Dispute": 467, "Kroxa, Titan of Death's Hunger": 1126, "Legion Extruder": 1152, "Mayhem Devil": 1267, "Scavenger's Talent": 1717, "Syr Ginger, the Meal Ender": 1999, "Witch's Oven": 2326, "Ygra, Eater of All": 2360, "Claim the Firstborn_SB": 359, "Kolaghan's Command_SB": 1114, "Molten Collapse_SB": 1306, "Anoint with Affliction": 64, "Blade of the Oni": 179, "Bloodletter of Aclazotz": 198, "Restless Vents": 1637, "Soulstone Sanctuary": 1895, "Skewer the Critics": 1836, "Spikefield Hazard": 1907, "End the Festivities_SB": 629, "Goblin Chainwhirler_SB": 839, "Kari Zev's Expertise_SB": 1058, "Rampaging Ferocidon_SB": 1567, "Razorkin Needlehead_SB": 1581, "Redcap Melee_SB": 1600, "Roiling Vortex_SB": 1673, "Sunspine Lynx_SB": 1974, "Witchstalker Frenzy_SB": 2328, "Stern Dismissal": 1929, "Change the Equation_SB": 343, "Stern Dismissal_SB": 1930, "Rockface Village_SB": 1670, "Case of the Stashed Skeleton": 289, "Haunted Ridge": 892, "Transmogrify": 2143, "Volcanic Spite": 2274, "Reckoner Bankbuster_SB": 1594, "Valgavoth, Terror Eater_SB": 2228, "Arboreal Grazer": 76, "Botanical Sanctum": 226, "Hedge Maze": 908, "Lair of the Hydra": 1135, "Languish_SB": 1137, "Leyline of Sanctity_SB": 1164, "Hullbreaker Horror_SB": 954, "Lightning Strike": 1181, "Silundi Vision": 1820, "Brutal Cathar": 250, "Castle Ardenvale": 292, "Destroy Evil_SB": 511, "Anointed Peacekeeper": 66, "Scavenging Ooze": 1719, "Elite Spellbinder_SB": 608, "Gideon, Ally of Zendikar_SB": 809, "Guardian of Faith_SB": 871, "Hallowed Moonlight_SB": 883, "Blooming Marsh": 202, "Claim the Firstborn": 358, "Bitter Triumph_SB": 175, "Case of the Crimson Pulse_SB": 285, "Haywire Mite_SB": 895, "Pawpatch Formation_SB": 1479, "Floodpits Drowner": 742, "Moon-Circuit Hacker": 1318, "Underground River": 2193, "Spell Pierce_SB": 1901, "Archfiend of the Dross_SB": 82, "Tormod's Crypt_SB": 2133, "Fear of Missing Out": 703, "Withering Torment": 2332, "Takenuma, Abandoned Mire": 2003, "Battlefield Forge": 151, "Concealed Courtyard": 394, "Elegant Parlor": 602, "Greasefang, Okiba Boss": 858, "Overlord of the Balemurk": 1452, "Parhelion II": 1471, "Skysovereign, Consul Flagship": 1848, "Kutzil's Flanker_SB": 1133, "Loran of the Third Path_SB": 1209, "Adarkar Wastes": 15, "Mausoleum Wanderer": 1265, "Rattlechains": 1573, "Shacklegeist": 1771, "Sheltered by Ghosts": 1792, "Slip Out the Back": 1857, "Spell Queller": 1902, "Supreme Phantom": 1975, "Split Up_SB": 1916, "Tocasia's Welcome_SB": 2123, "Ledger Shredder": 1148, "Third Path Iconoclast": 2084, "Burst Lightning": 257, "Bushwhack": 259, "Copperline Gorge": 409, "Cragcrown Pathway": 421, "Innkeeper's Talent": 980, "Karplusan Forest": 1061, "Questing Druid": 1548, "Snakeskin Veil": 1865, "Thud": 2105, "Grafdigger's Cage_SB": 852, "Sheoldred's Edict_SB": 1795, "Lilah, Undefeated Slickshot": 1183, "Wandering Mind": 2289, "Elenda, Saint of Dusk_SB": 604, "Lightning Helix_SB": 1180, "Cryptic Coat": 437, "Darksteel Citadel": 457, "Ensoul Artifact": 638, "Inti, Seneschal of the Sun": 992, "Shadowspear": 1775, "Shrapnel Blast": 1811, "Smuggler's Copter": 1861, "Voldaren Epicure": 2275, "Burst Lightning_SB": 258, "Voltage Surge_SB": 2280, "Ornithopter": 1438, "Undercity Sewers": 2191, "Dreams of Steel and Oil_SB": 572, "Extinction Event_SB": 669, "Graveyard Trespasser": 855, "Crackling Drake_SB": 420, "Banish into Fable": 137, "Caretaker's Talent": 276, "High Noon": 929, "Omen of the Sea": 1424, "Reckoner Bankbuster": 1593, "Shark Typhoon": 1784, "The Celestus": 2052, "The Enigma Jewel": 2056, "Summary Dismissal_SB": 1958, "Three Steps Ahead_SB": 2101, "Ob Nixilis, the Adversary": 1407, "Raucous Theater": 1575, "Withering Torment_SB": 2333, "Case of the Gateway Express": 287, "Giant Killer": 806, "Gleeful Demolition": 823, "Imodane's Recruiter": 968, "Inspiring Vantage": 989, "Knight-Errant of Eos": 1107, "Needleverge Pathway": 1359, "Novice Inspector": 1395, "Resolute Reinforcements": 1626, "Thraben Inspector": 2097, "Venerated Loxodon": 2243, "Warden of the Inner Sky": 2291, "Invasion of Gobakhan_SB": 1002, "Reidane, God of the Worthy_SB": 1611, "Ancestral Anger": 50, "Clifftop Retreat": 368, "Sulfur Falls": 1956, "Highway Robbery": 931, "Aloe Alchemist": 40, "Atarka's Command": 103, "Burning-Tree Emissary": 255, "Cunning Coyote": 444, "Reckless Bushwhacker": 1587, "Zurgo Bellstriker": 2381, "Destructive Revelry_SB": 512, "Shapers' Sanctuary_SB": 1781, "Eldrazi Displacer": 599, "Cathar Commando_SB": 300, "Ghost Vacuum_SB": 801, "Brave the Elements": 233, "Ossification": 1440, "Reluctant Role Model": 1615, "Veteran Survivor": 2248, "Apostle of Purifying Light_SB": 71, "Brave the Elements_SB": 234, "Dawnbringer Cleric_SB": 460, "Doorkeeper Thrull_SB": 544, "Blot Out_SB": 205, "Behold the Beyond": 157, "Chandra, Hope's Beacon": 338, "Voyaging Satyr": 2283, "Assimilation Aegis": 102, "Brass Knuckles": 231, "Fabrication Foundry": 677, "Ingenious Smith": 979, "Inventors' Fair": 1006, "Lavaspur Boots": 1141, "Leyline Axe": 1157, "Metalwork Colossus": 1282, "Moonsnare Prototype": 1320, "Sanctum of Ugin": 1703, "Simulacrum Synthesizer": 1829, "The Irencrag": 2060, "Metallic Rebuke_SB": 1281, "Mystic Forge_SB": 1340, "Anger of the Gods": 54, "Reflector Mage": 1604, "Enduring Curiosity_SB": 632, "All That Glitters": 39, "Audacity": 107, "Ethereal Armor": 653, "Gladecover Scout": 816, "Gryff's Boon": 869, "Kaya's Ghostform": 1067, "Light-Paws, Emperor's Voice": 1176, "Mox Amber": 1327, "Sentinel's Eyes": 1762, "Shardmage's Rescue": 1782, "Skrelv, Defector Mite": 1839, "Sram, Senior Edificer": 1922, "Torpor Orb_SB": 2134, "Satoru, the Infiltrator": 1708, "Castle Embereth": 293, "Furnace Punisher": 777, "Twisted Fealty_SB": 2170, "Snow-Covered Forest": 1868, "Snow-Covered Island": 1869, "Snow-Covered Mountain": 1870, "Snow-Covered Plains": 1871, "Snow-Covered Swamp": 1872, "Vanishing Verse_SB": 2238, "Hired Claw": 933, "Hunter's Talent": 955, "Supreme Verdict_SB": 1977, "Slickshot Show-Off_SB": 1856, "Thalia, Heretic Cathar": 2043, "Ascendant Spirit": 90, "Curious Obsession": 445, "Faceless Haven": 678, "Geistlight Snare": 791, "March of Swirling Mist": 1250, "Spectral Sailor": 1899, "Faceless Haven_SB": 679, "Icon of Ancestry_SB": 961, "Invasive Surgery_SB": 1005, "Lofty Denial_SB": 1203, "Unable to Scream_SB": 2186, "Witness Protection_SB": 2335, "Cavalier of Thorns": 311, "Invasion of Ixalan": 1003, "Kiora, Behemoth Beckoner": 1092, "Leyline of the Guildpact": 1165, "Nykthos, Shrine to Nyx": 1402, "Oath of Nissa": 1406, "Old-Growth Troll": 1419, "Outcaster Trailblazer": 1447, "Storm the Festival": 1937, "Ulvenwald Oddity": 2182, "Arasta of the Endless Web_SB": 75, "Cityscape Leveler_SB": 355, "Emrakul, the Promised End_SB": 626, "Nylea's Intervention_SB": 1403, "Obstinate Baloth_SB": 1413, "Polukranos Reborn_SB": 1512, "Setessan Petitioner_SB": 1766, "The Stone Brain_SB": 2076, "Extinction Event": 668, "Liliana of the Veil_SB": 1185, "Castle Vantress": 297, "Discontinuity": 526, "Emeria's Call": 623, "Horned Loch-Whale": 945, "Settle the Wreckage": 1768, "Sphinx's Revelation": 1906, "Sunken Citadel": 1967, "Tale's End": 2005, "Urza's Sylex_SB": 2222, "Nine Lives": 1372, "Boltwave": 209, "Boros Charm": 220, "Eidolon of the Great Revel": 594, "Searing Blood_SB": 1744, "Strict Proctor_SB": 1950, "Caustic Bronco": 305, "Darkbore Pathway": 455, "Deathrite Shaman": 476, "The Scarab God_SB": 2071, "Hostile Hostel": 950, "Monstrous Emergence_SB": 1313, "Scrapshooter_SB": 1730, "Tail Swipe_SB": 2001, "Brotherhood's End_SB": 248, "Necromentia_SB": 1356, "Angel of Serenity": 53, "Glasspool Mimic": 820, "Nylea's Presence": 1404, "Roaring Furnace && Steaming Sauna": 1663, "Rootbound Crag": 1675, "Ruric Thar, the Unbowed": 1692, "Trumpeting Carnosaur": 2161, "Heliod's Intervention_SB": 910, "Zur, Eternal Schemer_SB": 2380, "Cut Down": 448, "Shadowspear_SB": 1776, "Bonecrusher Giant": 213, "Cling to Dust": 369, "Mirrex": 1291, "Molten Collapse": 1305, "Rakdos Joins Up": 1559, "Assassin's Trophy": 100, "Elesh Norn, Mother of Machines": 605, "Tolsimir, Friend to Wolves": 2124, "Culling Ritual_SB": 442, "Abhorrent Oculus": 2, "Pieces of the Puzzle": 1501, "Unholy Annex && Ritual Chamber_SB": 2197, "Blood Baron of Vizkopa": 191, "Unmoored Ego_SB": 2207, "Extraction Specialist_SB": 672, "Blossoming Defense": 203, "No One Left Behind": 1389, "Elspeth, Sun's Champion_SB": 614, "Bishop of Wings": 170, "Giada, Font of Hope": 804, "Kayla's Reconstruction": 1072, "Resplendent Angel": 1627, "Righteous Valkyrie": 1647, "Aven Interrupter_SB": 115, "Sunfall_SB": 1965, "Archon of Absolution_SB": 84, "Case of the Filched Falcon": 286, "Michiko's Reign of Truth": 1285, "Metallic Rebuke": 1280, "Rite of Oblivion": 1654, "Cryptic Coat_SB": 438, "Graveyard Trespasser_SB": 856, "Rockfall Vale": 1671, "Cling to Dust_SB": 370, "Unholy Annex // Ritual Chamber": 2198, "Anointed Peacekeeper_SB": 67, "Llanowar Wastes": 1201, "Abrupt Decay_SB": 7, "Anthem of Champions_SB": 68, "Virtue of Loyalty": 2255, "Elite Spellbinder": 607, "Thalia, Guardian of Thraben_SB": 2042, "Shatterskull Smashing": 1788, "Kazuul's Fury": 1075, "Urabrask's Forge": 2214, "Tinybones, the Pickpocket": 2113, "Authority of the Consuls": 112, "Overgrown Farmland": 1450, "Surge of Salvation_SB": 1981, "Weathered Runestone_SB": 2305, "Castle Locthwain_SB": 296, "Thousand-Year Storm": 2096, "Stormsplitter": 1943, "March of Swirling Mist_SB": 1251, "Cathartic Pyre_SB": 302, "Tamiyo, Collector of Tales_SB": 2010, "Magma Opus": 1236, "Torrential Gearhulk": 2135, "Make Disappear": 1239, "Stern Lesson": 1931, "Sublime Epiphany": 1955, "Izzet Charm": 1020, "Alpine Moon_SB": 42, "Ral, Izzet Viceroy_SB": 1564, "Agent of Treachery": 31, "Restless Vinestalk": 1638, "Moon-Blessed Cleric": 1317, "Fear of Abduction": 699, "Blessed Alliance": 186, "Settle the Wreckage_SB": 1769, "Virtue of Loyalty_SB": 2256, "Blue Sun's Twilight_SB": 207, "Eidolon of Rhetoric_SB": 593, "Doppelgang_SB": 546, "Overwhelming Remorse_SB": 1461, "Elspeth Conquers Death_SB": 609, "Phantom Interference": 1489, "Negate": 1360, "Disruption Protocol": 531, "Brotherhood's End": 247, "Prismari Command": 1526, "Vaultborn Tyrant": 2239, "Volatile Fault": 2273, "Return the Favor_SB": 1642, "Ashiok, Dream Render_SB": 93, "Noxious Gearhulk": 1398, "Path to the World Tree": 1477, "Hinterland Harbor": 932, "Isolated Chapel": 1017, "Gloomshrieker": 829, "Rest in Peace": 1629, "Tranquil Frillback": 2141, "Dennick, Pious Apprentice_SB": 498, "Annul": 62, "Bonny Pall, Clearcutter": 215, "Gallia of the Endless Dance": 781, "Halana and Alena, Partners": 879, "Ruby, Daring Tracker": 1686, "Bard Class": 141, "Domri, Anarch of Bolas": 541, "Samut, Vizier of Naktamun": 1701, "Hajar, Loyal Bodyguard": 878, "Itzquinth, Firstborn of Gishath": 1018, "Klothys, God of Destiny": 1098, "Migloz, Maze Crusher": 1287, "Agatha of the Vile Cauldron": 28, "Targ Nar, Demon-Fang Gnoll": 2013, "Samut, Voice of Dissent": 1702, "Xenagos, the Reveler": 2354, "Pick Your Poison": 1498, "Tamiyo's Safekeeping_SB": 2008, "Cindervines_SB": 352, "Temple of Mystery": 2027, "Clever Impersonator": 365, "Gyruda, Doom of Depths": 876, "Quintorius Kand": 1552, "Spark Double": 1897, "Sundown Pass": 1963, "Temple of Enlightenment": 2025, "Temple of Epiphany": 2026, "Temple of Triumph": 2028, "Warrant // Warden": 2294, "Mirrorshell Crab_SB": 1294, "Reduce // Rubble_SB": 1603, "Response // Resurgence_SB": 1628, "Sire of Seven Deaths_SB": 1834, "Witchstalker Frenzy": 2327, "Questing Druid_SB": 1549, "Dissection Tools": 532, "Alseid of Life's Bounty": 44, "Dollmaker's Shop && Porcelain Gallery": 540, "Enduring Vitality": 636, "Generous Visitor": 792, "Jukai Naturalist": 1041, "Kami of Transience": 1056, "Optimistic Scavenger": 1434, "Scattered Groves": 1713, "Seal Away": 1738, "Exorcise_SB": 657, "Fragmentize_SB": 767, "Ghostly Dancers_SB": 803, "Seal Away_SB": 1739, "Surgical Suite && Hospital Room_SB": 1982, "Dwynen's Elite": 588, "Elvish Archdruid": 615, "Elvish Warmaster": 617, "Jaspera Sentinel": 1030, "Leaf-Crowned Visionary": 1147, "Three Tree City": 2102, "Turntimber Symbiosis": 2166, "Tyvar, Jubilant Brawler": 2175, "Tyvar, the Pummeler": 2176, "Dark Betrayal_SB": 451, "Deep-Cavern Bat_SB": 486, "Masked Vandal_SB": 1261, "Esika's Chariot": 647, "Lovestruck Beast": 1218, "The Akroan War": 2046, "Skysovereign, Consul Flagship_SB": 1849, "Regal Bunnicorn": 1606, "Inspiring Overseer": 988, "Commercial District": 389, "Invoke Despair": 1008, "Kytheon, Hero of Akros": 1134, "Gilded Goose": 812, "Vinereap Mentor": 2252, "Cache Grab": 261, "Traverse the Ulvenwald": 2146, "Vraska, Golgari Queen": 2287, "Containment Priest": 405, "Scrapshooter": 1729, "Wolfwillow Haven_SB": 2341, "Pithing Needle_SB": 1503, "Kenrith's Transformation_SB": 1083, "Fog_SB": 749, "Questing Beast_SB": 1547, "Caves of Koilos": 316, "Collective Brutality": 376, "Faithful Mending": 687, "Kiora, the Rising Tide": 1093, "Lively Dirge": 1197, "Shattered Sanctum": 1787, "Stubborn Denial": 1953, "Tainted Indulgence": 2002, "Teferi, Hero of Dominaria_SB": 2021, "Void Rend_SB": 2271, "Lay Down Arms": 1144, "Carrot Cake": 280, "Split Up": 1915, "Wedding Announcement": 2308, "Demolition Field": 493, "Divine Smite_SB": 536, "Castle Locthwain": 295, "Kellan, Planar Trailblazer": 1080, "Declaration in Stone_SB": 483, "Ashiok, Wicked Manipulator": 98, "Protect the Negotiators_SB": 1537, "Polukranos Reborn": 1511, "Voracious Hydra_SB": 2281, "Fires of Victory": 732, "Tears of Valakut_SB": 2017, "The Cruelty of Gix": 2053, "Ajani, Strength of the Pride": 35, "Case of the Uneaten Feast": 290, "Lunarch Veteran": 1223, "Prosperous Innkeeper": 1533, "Trelasarra, Moon Dancer": 2154, "Voice of the Blessed": 2270, "Aclazotz, Deepest Betrayal_SB": 12, "Kalitas, Traitor of Ghet": 1052, "Leyline of Combustion": 1160, "Rampaging Ferocidon": 1566, "Razorkin Needlehead": 1580, "Torbran, Thane of Red Fell": 2129, "Gruul Charm_SB": 868, "Showdown of the Skalds_SB": 1810, "Caustic Bronco_SB": 306, "Sire of Insanity_SB": 1832, "Floriferous Vinewall": 744, "Keen-Eyed Curator_SB": 1078, "Kroxa, Titan of Death's Hunger_SB": 1127, "Acererak the Archlich": 10, "Gwenna, Eyes of Gaea": 875, "Honest Rutstein": 940, "Kinnan, Bonder Prodigy": 1090, "Plaza of Heroes": 1509, "Relic of Legends": 1614, "Rona, Herald of Invasion": 1674, "Assassin's Trophy_SB": 101, "Elder Gargaroth_SB": 598, "Tranquil Frillback_SB": 2142, "Aether Channeler": 20, "Cruel Somnophage": 430, "Eldritch Evolution": 601, "Hauntwoods Shrieker": 893, "Satyr Wayfinder": 1709, "Urborg Lhurgoyf": 2216, "Yavimaya Coast": 2359, "Aether Channeler_SB": 21, "Fear of Impostors_SB": 701, "Garruk's Harbinger_SB": 784, "Change the Equation": 342, "Irrigated Farmland": 1012, "Brimaz, King of Oreskos_SB": 243, "Dream Trawler_SB": 568, "Rockface Village": 1669, "Krenko's Buzzcrusher": 1123, "Zephyr Sentinel_SB": 2372, "Gruul Charm": 867, "Kambal, Consul of Allocation": 1054, "Tectonic Hazard_SB": 2018, "Enduring Innocence_SB": 634, "Royal Treatment": 1682, "Royal Treatment_SB": 1683, "Deflecting Palm_SB": 490, "Gods Willing_SB": 844, "Skullcrack_SB": 1841, "Atraxa, Grand Unifier_SB": 106, "Decimator of the Provinces": 480, "Fierce Empath": 720, "Gala Greeters": 780, "Harmonious Archon": 889, "Restless Prairie": 1634, "Sandstorm Salvager": 1704, "Sanguine Evangelist": 1705, "Skyknight Squire": 1846, "Toby, Beastie Befriender": 2122, "Kayla's Reconstruction_SB": 1073, "Skyclave Apparition_SB": 1843, "Go for the Throat_SB": 838, "Slaughter Games": 1851, "Yasharn, Implacable Earth": 2356, "Nahiri, the Harbinger_SB": 1347, "Krenko's Buzzcrusher_SB": 1124, "Stubborn Denial_SB": 1954, "Restless Spire": 1636, "Emry, Lurker of the Loch": 627, "Thundertrap Trainer": 2109, "Valley Floodcaller": 2230, "Jeskai Ascendancy": 1035, "Mishra's Research Desk": 1296, "Tormod's Crypt": 2132, "Retraction Helix": 1639, "Radiant Flames_SB": 1554, "Valorous Stance_SB": 2233, "Lukka, Coppercoat Outcast": 1219, "Seed of Hope": 1751, "Aetherflux Reservoir_SB": 24, "Chandra, Awakened Inferno_SB": 335, "Lukka, Coppercoat Outcast_SB": 1220, "Mox Amber_SB": 1328, "Retraction Helix_SB": 1640, "Boseiju, Who Endures_SB": 225, "Worldspine Wurm": 2346, "Xenagos, God of Revels": 2352, "Secrets of the Key": 1748, "Faerie Mastermind": 684, "Shipwreck Marsh": 1802, "Soaring Thought-Thief": 1873, "Thieves' Guild Enforcer": 2082, "Drown in the Loch": 577, "Ritual of Soot_SB": 1657, "Surrak Dragonclaw": 1983, "Lithomantic Barrage_SB": 1196, "Shineshadow Snarl": 1801, "Meticulous Archive": 1284, "Shadowy Backstreet": 1777, "Leyline of Resonance": 1163, "Might of the Meek": 1286, "Felonious Rage": 714, "Frantic Scapegoat": 768, "Plains_SB": 1505, "Island_SB": 1015, "Forest_SB": 755, "Dragonskull Summit": 554, "Long Goodbye": 1204, "Ritual of Soot": 1656, "Tishana's Tidebinder_SB": 2116, "Inscription of Ruin": 985, "Jace Reawakened": 1021, "Callous Sell-Sword_SB": 269, "Invasion of Gobakhan": 1001, "Ingenious Prodigy": 978, "Nissa, Vastwood Seer": 1380, "Authority of the Consuls_SB": 113, "Knight of the Ebon Legion": 1106, "Worthy Knight": 2348, "Secluded Courtyard": 1747, "Unclaimed Territory": 2189, "Embercleave": 618, "Fervent Champion": 715, "Venerable Knight": 2242, "Inspiring Veteran": 990, "Tournament Grounds": 2137, "Smitten Swordmaster": 1859, "Heartflame Duelist": 904, "Knight of Dusk's Shadow": 1102, "Knight of Dusk's Shadow_SB": 1103, "Destroy Evil": 510, "Serra Paragon_SB": 1764, "Linvala, the Preserver_SB": 1193, "Woodland Bellower": 2342, "Scavenging Ooze_SB": 1720, "Dreamroot Cascade": 570, "Breeding Pool_SB": 239, "Detention Sphere": 514, "Trail of Crumbs": 2139, "Lyra Dawnbringer_SB": 1226, "Filter Out": 726, "Restless Cottage": 1632, "The Meathook Massacre": 2062, "Calix, Guided by Fate": 264, "Seal from Existence": 1740, "Seal from Existence_SB": 1741, "Chance for Glory": 331, "Collector's Vault": 381, "Colossal Skyturtle": 383, "Mirrorshell Crab": 1293, "Omen Hawker": 1420, "Teferi, Who Slows the Sunset": 2022, "Bag of Holding_SB": 126, "Zirda, the Dawnwaker_SB": 2375, "Entity Tracker": 639, "Ashen Rider_SB": 92, "Finale of Devastation": 728, "Regal Caracal_SB": 1607, "Despise_SB": 507, "Lifebane Zombie_SB": 1171, "Evangel of Synthesis": 654, "Raffine, Scheming Seer": 1557, "Collective Brutality_SB": 377, "Realm-Cloaked Giant": 1584, "Reidane, God of the Worthy": 1610, "Selfless Spirit": 1758, "Llanowar Visionary": 1200, "Mosswood Dreadknight": 1323, "Reclamation Sage_SB": 1595, "Confounding Riddle": 398, "Ill-Timed Explosion": 963, "Thundering Falls": 2108, "Liliana of the Veil": 1184, "Battle Cry Goblin": 148, "Conspicuous Snoop": 402, "Fireblade Charger": 730, "Goblin Instigator": 840, "Raise the Past": 1558, "Rundvelt Hordemaster": 1689, "Searslicer Goblin": 1745, "Skirk Prospector": 1837, "Leyline of Hope": 1162, "Aclazotz, Deepest Betrayal": 11, "Bandit's Talent": 132, "Foulmire Knight": 761, "Go Blank": 834, "Hostile Investigator": 951, "Waste Not": 2295, "Chandra, Dressed to Kill": 336, "Sunspine Lynx": 1973, "Chandra, Dressed to Kill_SB": 337, "Light Up the Stage_SB": 1174, "Vengeful Possession_SB": 2246, "Come Back Wrong_SB": 387, "The End_SB": 2055, "The Flame of Keld": 2058, "Spirited Companion": 1914, "Weaver of Harmony": 2306, "Isolate_SB": 1016, "Akroan Crusader": 38, "Illuminator Virtuoso": 966, "Loran's Escape_SB": 1211, "Smash to Smithereens_SB": 1858, "Wear // Tear_SB": 2303, "Blood Baron of Vizkopa_SB": 192, "Fetid Pools": 717, "Silvergill Adept": 1824, "Triton Shorestalker": 2158, "Vodalian Hexcatcher": 2265, "Agadeem's Awakening": 27, "Ayara, First of Locthwain": 121, "Fiend Artisan": 719, "Gifted Aetherborn": 810, "Gnawing Vermin": 832, "Gray Merchant of Asphodel": 857, "Isareth the Awakener": 1013, "Stitcher's Supplier": 1933, "Dreadbore": 561, "Callous Bloodmage": 266, "Fires of Invention": 731, "Golos, Tireless Pilgrim": 848, "Heliod, the Radiant Dawn": 911, "Kenrith, the Returned King": 1084, "Nicol Bolas, the Ravager": 1367, "Oath of Kaya": 1405, "Omen of the Forge": 1423, "The Kami War": 2061, "The Scarab God": 2070, "Touch the Spirit Realm": 2136, "Nezahal, Primal Tide_SB": 1364, "Nimble Larcenist_SB": 1371, "Tolsimir, Friend to Wolves_SB": 2125, "Thing in the Ice_SB": 2083, "Genesis Wave": 793, "Wakeroot Elemental": 2288, "Sunken Citadel_SB": 1968, "Agatha's Soul Cauldron": 29, "Barkchannel Pathway": 142, "Cenote Scout": 322, "Deeproot Pilgrimage": 487, "Forensic Researcher": 753, "Kiora's Follower": 1091, "Kumena's Speaker": 1129, "Kumena, Tyrant of Orazca": 1130, "Stormchaser's Talent": 1939, "This Town Ain't Big Enough": 2087, "Nowhere to Run_SB": 1397, "Legion Extruder_SB": 1153, "Feed the Swarm": 710, "Mission Briefing": 1297, "Sorin the Mirthless": 1880, "Angrath, the Flame-Chained_SB": 56, "Faerie Mastermind_SB": 685, "Maelstrom Pulse_SB": 1230, "Shoot the Sheriff": 1805, "Lost Legacy_SB": 1215, "Wolfwillow Haven": 2340, "The Mightstone and Weakstone_SB": 2065, "Brightclimb Pathway": 240, "Youthful Valkyrie": 2365, "Remorseful Cleric": 1616, "Ajani, Sleeper Agent_SB": 34, "Lion Sash_SB": 1195, "Nissa, Who Shakes the World": 1381, "Can't Stay Away": 271, "Grisly Salvage": 865, "Raffine's Informant": 1555, "Witherbloom Command_SB": 2331, "Smuggler's Surprise": 1863, "Kogla and Yidaro_SB": 1111, "Portal to Phyrexia_SB": 1520, "Vampires' Vengeance_SB": 2235, "Ray of Enfeeblement_SB": 1578, "Paradise Druid": 1468, "Sylvan Awakening": 1995, "Saheeli, Sublime Artificer_SB": 1698, "Nahiri's Warcrafting_SB": 1344, "Obosh, the Preypiercer_SB": 1411, "Depala, Pilot Exemplar": 499, "Magda, Brazen Outlaw": 1232, "Magda, the Hoardmaster": 1233, "Portal to Phyrexia": 1519, "Roaming Throne": 1662, "Toolcraft Exemplar": 2128, "Unlicensed Hearse": 2203, "Veteran Motorist": 2247, "The Royal Scions": 2069, "Cave of the Frost Dragon": 313, "Sweltering Suns_SB": 1989, "Young Pyromancer_SB": 2364, "Castle Garenbrig": 294, "Tear Asunder_SB": 2016, "Unauthorized Exit_SB": 2187, "Fading Hope_SB": 681, "Demilich": 491, "Bilious Skulldweller": 166, "Call of the Death-Dweller": 265, "Chevill, Bane of Monsters": 348, "Fynn, the Fangbearer": 778, "Ghost Vacuum": 800, "Heroic Intervention": 922, "Hooded Blightfang": 941, "Malakir Rebirth": 1241, "Nighthawk Scavenger": 1369, "Wasteland Viper": 2298, "Glissa Sunslayer_SB": 826, "Infectious Bite_SB": 975, "Solemnity_SB": 1877, "Akal Pakal, First Among Equals": 37, "Courser of Kruphix": 417, "Fauna Shaman": 697, "Kitesail Larcenist": 1096, "Sentinel of the Nameless City": 1760, "Timestream Navigator": 2111, "Simic Manipulator": 1827, "Trygon Predator_SB": 2163, "Sporeweb Weaver_SB": 1918, "Azure Beastbinder_SB": 124, "Vivien, Champion of the Wilds_SB": 2263, "Mockingbird_SB": 1303, "Simic Manipulator_SB": 1828, "Legion's Landing": 1156, "Coveted Falcon": 418, "Beseech the Mirror": 161, "Kaya's Wrath": 1068, "Caretaker's Talent_SB": 277, "Kaya, Orzhov Usurper_SB": 1071, "Rite of Oblivion_SB": 1655, "Fountainport_SB": 765, "Vivien, Arkbow Ranger": 2262, "Kogla, the Titan Ape": 1112, "Cavalier of Thorns_SB": 312, "Ulamog, the Ceaseless Hunger_SB": 2180, "Tyrranax Rex_SB": 2172, "Ulvenwald Oddity_SB": 2183, "Arid Archway": 88, "Crumbling Vestige": 433, "Dreamdew Entrancer": 569, "Fecund Greenshell": 707, "Insidious Fungus": 986, "Sire of Seven Deaths": 1833, "Spelunking": 1904, "Spinewoods Armadillo": 1908, "Scavenger Grounds": 1715, "Glissa Sunslayer": 825, "Witherbloom Command": 2330, "Colossus Hammer": 385, "Kellan, the Fae-Blooded": 1081, "Kemba, Kha Enduring": 1082, "Sigarda's Aid": 1814, "Surge of Salvation": 1980, "Kogla and Yidaro": 1110, "Vampires' Vengeance": 2234, "Trumpeting Carnosaur_SB": 2162, "Dusk // Dawn_SB": 585, "Last Breath_SB": 1139, "Forsaken Miner": 757, "Insidious Roots": 987, "Priest of Forgotten Gods": 1525, "Rubblebelt Maverick": 1685, "Scrapheap Scrounger": 1728, "Cleansing Nova_SB": 361, "Palani's Hatcher": 1467, "Thunderherd Migration": 2106, "Triumphant Chomp": 2159, "Cease // Desist_SB": 318, "Unlucky Witness": 2205, "Abyssal Harvester": 9, "Golgari Charm_SB": 847, "Shock": 1804, "Selfless Spirit_SB": 1759, "Elspeth's Smite": 610, "Beanstalk Giant": 153, "Greater Tanuki": 860, "Herd Migration": 920, "Release to the Wind": 1612, "Bedeck // Bedazzle_SB": 155, "Consign // Oblivion_SB": 401, "Gyruda, Doom of Depths_SB": 877, "Keruga, the Macrosage_SB": 1086, "Swamp_SB": 1986, "Virtue of Persistence_SB": 2258, "Boros Elite": 221, "Guardian of New Benalia": 872, "Intrepid Adversary": 998, "Luminarch Aspirant": 1221, "Mardu Woe-Reaper": 1254, "Mobilized District": 1301, "Precinct Captain": 1524, "Soldier of the Pantheon": 1876, "Spellbook Vendor": 1903, "Sungold Sentinel": 1966, "Banisher Priest_SB": 138, "Bounty Agent_SB": 229, "Fateful Absence_SB": 696, "Rally the Ranks_SB": 1565, "Soul-Guide Lantern_SB": 1888, "Wicked Wolf_SB": 2318, "Absorb": 8, "Overlord of the Mistmoors_SB": 1458, "Dream Trawler": 567, "Surge of Righteousness_SB": 1979, "Vivien Reid_SB": 2261, "Defiant Strike": 489, "Dreadhorde Arcanist": 563, "Gods Willing": 843, "Renegade Tactics": 1619, "Knight of Grace_SB": 1105, "Consign // Oblivion": 400, "The Book of Exalted Deeds": 2050, "Loran of the Third Path": 1208, "Fear of Isolation": 702, "Hopeless Nightmare": 944, "Tinybones Joins Up": 2112, "Built to Smash": 253, "Wayward Guide-Beast": 2301, "Dreadmaw's Ire_SB": 566, "Voldaren Thrillseeker_SB": 2277, "Wild Slash": 2320, "Unchained Berserker_SB": 2188, "Commit // Memory": 390, "Siphon Insight_SB": 1831, "Flip the Switch": 740, "Cityscape Leveler": 354, "Outland Liberator_SB": 1448, "Ral, Crackling Wit_SB": 1563, "Westvale Abbey": 2316, "Imodane's Recruiter_SB": 969, "Thought-Knot Seer_SB": 2092, "Glorious Protector_SB": 830, "Voice of Resurgence_SB": 2267, "Kaito, Cunning Infiltrator": 1050, "Kaito Shizuki": 1046, "Dokuchi Silencer_SB": 539, "Warping Wail_SB": 2293, "Into the Story": 997, "Plumecreed Escort": 1510, "Exquisite Firecraft_SB": 667, "The Wandering Rescuer_SB": 2079, "Niambi, Esteemed Speaker_SB": 1365, "Chained to the Rocks": 325, "Escape to the Wilds": 645, "Selfless Glyphweaver": 1755, "Lavinia, Azorius Renegade_SB": 1143, "Syr Ginger, the Meal Ender_SB": 2000, "Cry of the Carnarium_SB": 435, "Long Goodbye_SB": 1205, "Overlord of the Balemurk_SB": 1453, "Demonic Counsel": 495, "Adanto Vanguard": 13, "Apostle of Purifying Light": 70, "Glass Casket": 818, "Swiftfoot Boots": 1990, "Thran Power Suit": 2098, "Augur of Bolas": 111, "Essence Flux": 650, "Fading Hope": 680, "Fallaji Archaeologist": 688, "Neoform": 1362, "Tyvar's Stand": 2173, "Natural State_SB": 1354, "Virtue of Persistence": 2257, "Roaring Furnace && Steaming Sauna_SB": 1664, "Aftermath Analyst": 26, "Annie Joins Up": 61, "Brokers Hideout": 246, "Cabaretti Courtyard": 260, "Emrakul, the Promised End": 625, "Lotus Cobra": 1216, "Lumra, Bellow of the Woods": 1222, "Nissa, Resurgent Animist": 1378, "Port of Karfell": 1515, "Riveteers Overlook": 1660, "The World Tree": 2080, "Zacama, Primal Calamity": 2366, "Titania, Voice of Gaea_SB": 2119, "Mazemind Tome_SB": 1269, "Kaervek, the Punisher": 1043, "Zoraline, Cosmos Caller": 2378, "Fracture_SB": 766, "Grand Abolisher_SB": 853, "Treacherous Blessing_SB": 2148, "Foundry Street Denizen": 762, "Legion Loyalist": 1154, "Spinner of Souls": 1909, "Klothys, God of Destiny_SB": 1099, "Umori, the Collector_SB": 2184, "Blast Zone": 182, "Glass Casket_SB": 819, "Ojer Axonil, Deepest Might": 1417, "Leyline of Combustion_SB": 1161, "Scorching Shot_SB": 1723, "Tithing Blade": 2120, "Grasp of Darkness_SB": 854, "Necrotic Wound": 1357, "Souls of the Lost": 1893, "Necrotic Wound_SB": 1358, "Horned Loch-Whale_SB": 946, "Squirming Emergence": 1921, "Souls of the Lost_SB": 1894, "Barrier Breach_SB": 144, "Hallowed Moonlight": 882, "Voyaging Satyr_SB": 2284, "Experimental Augury": 662, "Fleeting Spirit": 738, "Get Out": 796, "Lore Drakkis": 1213, "Open the Omenpaths": 1432, "Saiba Cryptomancer": 1699, "Sea-Dasher Octopus": 1736, "Vadrok, Apex of Thunder": 2223, "Dromoka's Command": 575, "Kappa Tech-Wrecker": 1057, "Eldrazi Displacer_SB": 600, "Otherworldly Gaze": 1444, "Scorching Shot": 1722, "Candy Trail": 273, "Crucible of Worlds": 429, "March of Wretched Sorrow": 1252, "Mazemind Tome": 1268, "Welcoming Vampire": 2311, "Destiny Spinner": 508, "Izoni, Center of the Web": 1019, "Yorion, Sky Nomad": 2362, "Cavern of Souls_SB": 315, "Destiny Spinner_SB": 509, "Glarb, Calamity's Augur_SB": 817, "Sin Collector_SB": 1830, "Cult Conscript": 443, "Haywire Mite": 894, "Oracle of Tragedy": 1436, "Soulflayer": 1891, "Striped Riverwinder": 1951, "Urborg Scavengers": 2217, "Zetalpa, Primal Dawn": 2373, "Cast Out": 291, "Day of Judgment": 461, "Blast Zone_SB": 183, "Cleansing Wildfire_SB": 363, "Vanish into Eternity_SB": 2236, "Mutavault_SB": 1339, "Culling Ritual": 441, "Mukotai Ambusher_SB": 1332, "Tribute to Horobi": 2156, "Void Winnower_SB": 2272, "Remorseful Cleric_SB": 1617, "Rhonas the Indomitable": 1644, "Hunter's Talent_SB": 956, "Vengeful Possession": 2245, "Hidetsugu's Second Rite_SB": 928, "Nurturing Pixie": 1401, "Trial of Ambition": 2155, "Kaito, Bane of Nightmares_SB": 1049, "Pawpatch Recruit": 1480, "Extract the Truth_SB": 670, "Malcolm, Alluring Scoundrel": 1242, "Preacher of the Schism_SB": 1523, "Ertai Resurrected": 643, "Get Out_SB": 797, "Pia Nalaar, Consul of Revival": 1497, "Reckless Impulse": 1589, "Showdown of the Skalds": 1809, "Wrenn's Resolve": 2350, "Crystal Barricade_SB": 440, "Trostani, Three Whispers": 2160, "Bloodsoaked Champion": 199, "Osteomancer Adept": 1442, "Snarling Gorehound": 1867, "Underground Mortuary": 2192, "Bassara Tower Archer": 147, "Cloudsteel Kirin": 372, "Lizard Blades": 1198, "Chained to the Rocks_SB": 326, "Viashino Pyromancer": 2249, "Searing Blood": 1743, "Chandra, Torch of Defiance_SB": 341, "Bomat Courier_SB": 211, "Bonecrusher Giant_SB": 214, "Magma Spray_SB": 1237, "Lightning Strike_SB": 1182, "Voldaren Thrillseeker": 2276, "Tree of Perdition": 2153, "Aven Mindcensor_SB": 116, "Hollow One": 937, "Fiery Temper": 724, "Stalactite Stalker": 1923, "Harvester of Misery_SB": 891, "Hostile Investigator_SB": 952, "Lamplight Phoenix_SB": 1136, "Fugitive Codebreaker_SB": 776, "Camellia, the Seedmiser": 270, "Deathcap Glade": 473, "Sunset Revelry_SB": 1972, "Thirst for Meaning": 2086, "Entity Tracker_SB": 640, "Treacherous Blessing": 2147, "Massacre Wurm_SB": 1263, "Biting-Palm Ninja": 171, "Dokuchi Silencer": 538, "Silver-Fur Master": 1821, "Thousand-Faced Shadow": 2095, "Kaito Shizuki_SB": 1047, "Helping Hand": 914, "Pawpatch Recruit_SB": 1481, "Holy Cow": 938, "Colossal Skyturtle_SB": 384, "Takenuma, Abandoned Mire_SB": 2004, "Soul Transfer": 1885, "Omen of the Dead": 1421, "Rottenmouth Viper_SB": 1679, "Roaring Furnace // Steaming Sauna_SB": 1665, "Werewolf Pack Leader": 2315, "Prowling Serpopard_SB": 1538, "Sentinel of the Nameless City_SB": 1761, "Welcoming Vampire_SB": 2312, "Kazandu Mammoth": 1074, "Sharp-Eyed Rookie": 1786, "Ayara's Oathsworn": 120, "Jace, Vryn's Prodigy": 1024, "Vein Ripper": 2241, "Ledger Shredder_SB": 1149, "Council of the Absolute_SB": 415, "Spirit of the Labyrinth_SB": 1912, "Suncleanser_SB": 1960, "Snakeskin Veil_SB": 1866, "Adventurous Impulse": 18, "Monastery Mentor_SB": 1311, "Arcane Proxy": 78, "Chrome Host Seedshark": 350, "See the Truth": 1750, "Ambitious Farmhand": 46, "Cascading Cataracts": 283, "Charming Prince": 346, "Helpful Hunter": 913, "Serra Paragon": 1763, "Thalia's Lancers": 2039, "Nashi, Searcher in the Dark": 1353, "Wilt-Leaf Liege_SB": 2322, "Shambling Vent": 1779, "Brass's Tunnel-Grinder": 232, "Augur of Autumn_SB": 110, "Lavabrink Venturer_SB": 1140, "Soulless Jailer_SB": 1892, "Gleaming Geardrake": 822, "Cavalier of Dawn": 309, "Kotose, the Silent Spider": 1119, "Marina Vendrell": 1255, "Prosperous Thief_SB": 1536, "Chandra, Torch of Defiance": 340, "Fanatic of Mogis": 689, "Solphim, Mayhem Dominus": 1878, "Altanak, the Thrice-Called": 45, "Say Its Name": 1711, "Thalia and The Gitrog Monster": 2038, "Cosmic Rebirth_SB": 414, "Dreadbore_SB": 562, "Shatterskull Smashing_SB": 1789, "Unable to Scream": 2185, "Barkhide Troll": 143, "Gather Courage": 787, "Keen-Eyed Curator": 1077, "Tribute to the World Tree": 2157, "Inscription of Abundance_SB": 984, "Setessan Tactics_SB": 1767, "Recommission": 1596, "Tome Scour": 2126, "Deathmist Raptor": 475, "Oblivious Bookworm": 1410, "Cerulean Drake_SB": 324, "Kraul Harpooner_SB": 1121, "Prosperous Innkeeper_SB": 1534, "Blacksmith's Talent": 177, "Bladehold War-Whip": 180, "Chainsaw": 327, "Nahiri, Forged in Fury": 1345, "Sword of Forge and Frontier": 1992, "Rebel Salvo_SB": 1586, "Bloodthirsty Conqueror": 200, "Dina, Soul Steeper": 523, "Dryad of the Ilysian Grove": 580, "Iridescent Vinelasher": 1011, "Jaddi Offshoot": 1029, "Mirrorpool": 1292, "Retreat to Hagra": 1641, "Scapeshift": 1712, "Bristly Bill, Spine Sower_SB": 245, "Deathrite Shaman_SB": 477, "Undergrowth Champion_SB": 2194, "Deputy of Detention": 501, "Tyvar, the Pummeler_SB": 2177, "Floodpits Drowner_SB": 743, "Massacre Wurm": 1262, "Valgavoth's Faithful": 2225, "Etali, Primal Conqueror": 651, "Seize the Spoils": 1753, "Worldspine Wurm_SB": 2347, "Xenagos, God of Revels_SB": 2353, "Light of Hope_SB": 1175, "Zoetic Glyph": 2376, "The Akroan War_SB": 2047, "No More Lies_SB": 1388, "Celestial Armor": 319, "Elder Gargaroth": 597, "Silverback Elder": 1822, "Silverback Elder_SB": 1823, "Deputy of Detention_SB": 502, "Experimental Frenzy_SB": 664, "Citizen's Crowbar_SB": 353, "Gifted Aetherborn_SB": 811, "March of Wretched Sorrow_SB": 1253, "Perilous Snare": 1484, "Wedding Invitation": 2310, "Repurposing Bay_SB": 1624, "Patchwork Automaton": 1473, "Dawnbringer Cleric": 459, "Momentum Breaker_SB": 1309, "Birgi, God of Storytelling": 168, "Crater's Claws": 424, "Banefire_SB": 135, "Zurgo Bellstriker_SB": 2382, "Hare Apparent": 888, "Zareth San, the Trickster": 2370, "Nighthawk Scavenger_SB": 1370, "Mendicant Core, Guidelight": 1275, "Voyager Glidecar": 2282, "Greasewrench Goblin": 859, "Moonshaker Cavalry_SB": 1319, "Grim Bauble": 862, "Momentum Breaker": 1308, "Oildeep Gearhulk_SB": 1416, "Count on Luck_SB": 416, "Shacklegeist_SB": 1772, "Valor's Flagship": 2232, "Monument to Endurance_SB": 1316, "Alpha Authority": 41, "Chaplain of Alms": 345, "Rune of Might": 1690, "Toadstool Admirer": 2121, "Adanto Vanguard_SB": 14, "Sab-Sunen, Luxa Embodied": 1694, "Bolas's Citadel": 208, "Catacomb Sifter": 299, "Woe Strider": 2338, "Liliana, Heretical Healer_SB": 1189, "Status // Statue_SB": 1926, "Saheeli, Sublime Artificer": 1697, "Devout Decree_SB": 517, "Strangle_SB": 1946, "Valley Floodcaller_SB": 2231, "Archfiend's Vessel": 83, "Merfolk Secretkeeper": 1278, "Brightglass Gearhulk": 241, "Dredger's Insight": 573, "Grim Bauble_SB": 863, "Djeru's Renunciation": 537, "Drannith Healer": 557, "Drannith Stinger": 559, "Flourishing Fox": 745, "Footfall Crater": 751, "Go for Blood": 836, "Marauding Mako": 1247, "Monument to Endurance": 1315, "Sunbillow Verge": 1959, "Zenith Flare": 2371, "Heroic Intervention_SB": 923, "Ketramose, the New Dawn_SB": 1088, "Behold the Multiverse": 158, "Mastermind's Acquisition": 1264, "Behold the Multiverse_SB": 159, "Ossification_SB": 1441, "Dreadhorde Arcanist_SB": 564, "Coalstoke Gearhulk": 373, "Memory Guardian": 1274, "Azor, the Lawbringer": 122, "Mukotai Ambusher": 1331, "Bloodghast": 197, "Molt Tender": 1304, "Driven // Despair_SB": 574, "Ashiok, Wicked Manipulator_SB": 99, "Anim Pakal, Thousandth Moon": 58, "Basri, Tomorrow's Champion": 146, "Urza's Ruinous Blast_SB": 2221, "The Speed Demon": 2074, "Intimidation Tactics_SB": 994, "Doppelgang": 545, "Maestros Theater": 1231, "Shigeki, Jukai Visionary": 1799, "Virtue of Strength": 2259, "Worldsoul's Rage": 2345, "Bonny Pall, Clearcutter_SB": 216, "Roxanne, Starfall Savant_SB": 1681, "Feed the Cycle": 709, "Rankle's Prank": 1570, "Freestrider Lookout": 769, "Ketramose, the New Dawn": 1087, "Scrabbling Claws": 1726, "Legion's End_SB": 1155, "Mosswood Dreadknight_SB": 1324, "Pest Control_SB": 1487, "Willowrush Verge": 2321, "Optimistic Scavenger_SB": 1435, "Innkeeper's Talent_SB": 981, "Oildeep Gearhulk": 1415, "Commune with Spirits": 393, "Goro-Goro, Disciple of Ryusei": 850, "Kari Zev, Skyship Raider": 1059, "Radha, Heart of Keld": 1553, "Redshift, Rocketeer Chief": 1602, "Feed the Clan_SB": 708, "Scorching Dragonfire_SB": 1721, "Bleachbone Verge": 185, "Starnheim Unleashed_SB": 1925, "Detention Chariot": 513, "Tune Up": 2164, "Kaya the Inexorable_SB": 1066, "Thundering Broodwagon": 2107, "Bloodchief's Thirst_SB": 196, "Eaten Alive_SB": 589, "Benthic Biomancer": 160, "Mindspring Merfolk": 1290, "Tishana's Tidebinder": 2115, "Tidebinder Mage_SB": 2110, "Secure the Wastes": 1749, "Make Disappear_SB": 1240, "Fearless Swashbuckler": 704, "Gastal Thrillroller": 785, "Dragonlord Dromoka": 551, "Ashiok, Nightmare Weaver": 96, "Hazoret, Godseeker": 900, "Leyline Binding_SB": 1159, "Ugin, the Spirit Dragon_SB": 2179, "Jace's Defeat_SB": 1023, "Memory Deluge_SB": 1273, "Clockwork Percussionist": 371, "Skullcrack": 1840, "Roast_SB": 1666, "Norin, Swift Survivalist": 1390, "Chandra, Acolyte of Flame_SB": 334, "Untimely Malfunction_SB": 2210, "Empyrean Eagle": 624, "Lofty Denial": 1202, "Dewdrop Cure_SB": 519, "Mindlink Mech_SB": 1289, "Wastewood Verge": 2299, "Collector's Cage": 379, "Dusk Rose Reliquary": 587, "Parting Gust": 1472, "Teething Wurmlet": 2019, "Murderous Cut": 1334, "Anguished Unmaking_SB": 57, "Drownyard Temple": 579, "Narcomoeba": 1349, "Prized Amalgam": 1528, "Quag Feast": 1545, "Boommobile": 218, "Fomori Vault": 750, "Glint-Nest Crane": 824, "Hedron Archive": 909, "Paradox Engine": 1469, "Portal of Sanctuary": 1518, "Prophetic Prism": 1532, "Repurposing Bay": 1623, "Terrarion": 2034, "The Mightstone and Weakstone": 2064, "Thran Spider": 2099, "Workshop Assistant": 2344, "Lantern of the Lost_SB": 1138, "Liberator, Urza's Battlethopter_SB": 1167, "Noxious Gearhulk_SB": 1399, "Shrapnel Slinger_SB": 1813, "Pest Control": 1486, "Avishkar Raceway": 117, "Fuel the Flames_SB": 774, "Skycrash_SB": 1845, "Murderous Rider": 1336, "Sign in Blood": 1815, "Sea Gate Restoration": 1735, "Dig Through Time_SB": 522, "Giant Killer_SB": 807, "Ashiok, Nightmare Muse_SB": 95, "Biting-Palm Ninja_SB": 172, "Expedite": 658, "Kazuul's Toll Collector": 1076, "Shardmage's Rescue_SB": 1783, "Immersturm Raider": 967, "The Speed Demon_SB": 2075, "Waste Not_SB": 2296, "Burnout Bashtronaut": 256, "Draconautics Engineer": 549, "Fanatical Firebrand": 690, "Hobgoblin Bandit Lord": 936, "Howlsquad Heavy": 953, "Krenko, Mob Boss": 1125, "Goblin Ringleader_SB": 841, "Volley Veteran_SB": 2278, "Harrier Strix": 890, "Hypnotic Grifter": 959, "The Reality Chip": 2067, "Training Grounds": 2140, "Witness Protection": 2334, "Basilisk Collar_SB": 145, "Swiftfoot Boots_SB": 1991, "Fry_SB": 772, "Collision // Colossus": 382, "Overprotect_SB": 1460, "Stock Up": 1934, "Riverpyre Verge": 1659, "Strangle": 1945, "Liliana, the Last Hope_SB": 1190, "Blade Historian": 178, "Jirina, Dauntless General": 1039, "Pyre of Heroes": 1540, "Jirina, Dauntless General_SB": 1040, "Night Clubber_SB": 1368, "Riptide Gearhulk_SB": 1652, "Aegis Turtle_SB": 19, "Up the Beanstalk_SB": 2213, "Concealing Curtains": 395, "Battle at the Bridge": 149, "Mephitic Draught": 1276, "Spire of Industry": 1910, "Battle at the Bridge_SB": 150, "Analyze the Pollen": 48, "Ride's End": 1645, "Cleansing Wildfire": 362, "Crumble to Dust": 432, "Encroaching Wastes": 628, "Gnottvold Slumbermound": 833, "Haphazard Bombardment": 886, "Jaya's Greeting": 1032, "Ravager Wurm": 1577, "Rowan, Scholar of Sparks": 1680, "Rubble Reading": 1684, "Sheltered Thicket": 1791, "Structural Distortion": 1952, "Sylvan Primordial": 1997, "Territory Forge": 2035, "Twin Bolt": 2167, "Herbology Instructor_SB": 918, "Nissa's Defeat_SB": 1375, "Peak Eruption_SB": 1482, "Scrabbling Claws_SB": 1727, "Hazoret the Fervent": 897, "Ashiok, Nightmare Muse": 94, "Murderous Cut_SB": 1335, "Borrowed Hostility": 223, "The Filigree Sylex_SB": 2057, "Barbed Batterfist": 140, "Webstrike Elite": 2307, "Yahenni's Expertise": 2355, "Commit // Memory_SB": 391, "Demilich_SB": 492, "Progenitor Mimic": 1531, "Banefire": 134, "Koma, Cosmos Serpent_SB": 1115, "Steel Seraph": 1928, "Fighter Class": 725, "Flowerfoot Swordmaster": 746, "Mabel, Heir to Cragflame": 1227, "Chainsaw_SB": 328, "Nettle Guard_SB": 1363, "Sword of Forge and Frontier_SB": 1993, "Experimental Synthesizer": 665, "Violent Urge_SB": 2253, "Boon of Boseiju": 219, "Esika's Chariot_SB": 648, "Hidetsugu Consumes All": 925, "Champion of the Perished": 330, "Cryptbreaker": 436, "Dark Salvation": 454, "Dread Wanderer": 560, "Relentless Dead": 1613, "Wayward Servant": 2302, "Zahur, Glory's Past": 2369, "Crippling Fear_SB": 428, "Commune with Dinosaurs": 392, "Ghalta, Primal Hunger": 798, "Marauding Raptor": 1248, "Pugnacious Hammerskull": 1539, "Rampaging Raptor": 1568, "Regal Imperiosaur": 1608, "Regisaur Alpha": 1609, "Ripjaw Raptor": 1649, "Phyrexian Censor": 1492, "Flameblade Adept": 735, "Maximize Velocity": 1266, "Ox of Agonas": 1462, "Birgi, God of Storytelling_SB": 169, "Lightning Axe_SB": 1178, "Expedition Map_SB": 660, "Stock Up_SB": 1935, "Wrenn and Realmbreaker": 2349, "Depopulate_SB": 500, "Unsubstantiate_SB": 2209, "Samut's Sprint": 1700, "Lost Jitte": 1214, "Omen of the Dead_SB": 1422, "Bloodchief's Thirst": 195, "Combat Research": 386, "Lazav, Wearer of Faces": 1145, "Medomai the Ageless": 1270, "Thalia, Heretic Cathar_SB": 2044, "Guardian of Faith": 870, "Fires of Victory_SB": 733, "Riptide Gearhulk": 1651, "Gather Courage_SB": 788, "Eidolon of the Great Revel_SB": 595, "Carnage Tyrant": 278, "Festering Gulch": 716, "Quick Study": 1550, "Katilda, Dawnhart Martyr": 1062, "Feather, the Redeemed": 705, "Feather, the Redeemed_SB": 706, "Bitter Reunion": 173, "Etali, Primal Conqueror_SB": 652, "Restless Fortress": 1633, "Ruin-Lurker Bat": 1687, "Healer's Hawk": 902, "Essence Channeler": 649, "Exemplar of Light": 656, "Linden, the Steadfast Queen": 1191, "Scoured Barrens": 1724, "Rogue's Passage": 1672, "Dewdrop Cure": 518, "Afterburner Expert": 25, "Omnivorous Flytrap": 1430, "Agatha's Soul Cauldron_SB": 30, "Kozilek's Return_SB": 1120, "Nahiri, the Unforgiving_SB": 1348, "Out of Air_SB": 1445, "Cry of the Carnarium": 434, "Kaya, Orzhov Usurper": 1070, "Soul-Guide Lantern": 1887, "The End": 2054, "Calamity's Wake_SB": 263, "Play with Fire_SB": 1508, "Twinshot Sniper": 2168, "Keruga, the Macrosage": 1085, "Agent of Treachery_SB": 32, "Twinshot Sniper_SB": 2169, "Anzrag, the Quake-Mole": 69, "Temple of Abandon": 2024, "Tamiyo's Safekeeping": 2007, "Tear Asunder": 2015, "Blot Out": 204, "Questing Beast": 1546, "Thrun, Breaker of Silence": 2103, "Nissa, Ascended Animist": 1376, "Tyrranax Rex": 2171, "Nissa, Ascended Animist_SB": 1377, "Shifting Ceratops_SB": 1798, "Hornet Queen_SB": 948, "Satoru Umezawa": 1707, "Ox of Agonas_SB": 1463, "Adorned Pouncer": 17, "Arahbo, the First Fang": 74, "Open the Armory": 1431, "Roadside Reliquary": 1661, "Sacred Cat": 1695, "Spontaneous Mutation_SB": 1917, "Sorin, Vengeful Bloodlord_SB": 1882, "Exquisite Firecraft": 666, "Raucous Carnival": 1574, "Curse of Shaken Faith_SB": 446, "Painter's Studio // Defaced Gallery": 1466, "Chance for Glory_SB": 332, "Magmatic Chasm_SB": 1238, "Requisition Raid_SB": 1625, "Shrapnel Blast_SB": 1812, "Tireless Tracker_SB": 2114, "Merfolk Mistbinder": 1277, "Merfolk Trickster_SB": 1279, "Smuggler's Copter_SB": 1862, "Debris Beetle": 478, "Mystic Repeal_SB": 1342, "Epic Downfall_SB": 642, "Cavalier of Flame": 310, "Nullhide Ferox_SB": 1400, "Builder's Talent": 252, "Sunder the Gateway": 1961, "Kitsa, Otterball Elite": 1097, "Abhorrent Oculus_SB": 3, "Loran's Escape": 1210, "Blessed Defiance_SB": 188, "Reckless Stormseeker": 1592, "Rocketeer Boostbuggy": 1668, "Bladestitched Skaab": 181, "Lazotep Reaver": 1146, "Rotten Reunion_SB": 1677, "Enduring Tenacity_SB": 635, "Cruelclaw's Heist_SB": 431, "Knight of Grace": 1104, "Swan Song_SB": 1987, "Chandra, Spark Hunter_SB": 339, "Skyclave Cleric": 1844, "Ajani, Strength of the Pride_SB": 36, "Growth Spiral": 866, "Ill-Timed Explosion_SB": 964, "Gideon of the Trials": 808, "Azor, the Lawbringer_SB": 123, "Bomat Courier": 210, "Phoenix Chick": 1490, "Tasigur, the Golden Fang": 2014, "Mortify": 1321, "Doom Foretold": 542, "Nine-Lives Familiar": 1374, "Starfield of Nyx": 1924, "Kaya's Wrath_SB": 1069, "Creeping Chill": 427, "Silversmote Ghoul": 1825, "Fog": 748, "Gaea's Blessing": 779, "Haze of Pollen": 896, "Jace, the Perfected Mind": 1027, "Tamiyo, Collector of Tales": 2009, "Union of the Third Path": 2199, "Winds of Qal Sisma": 2324, "Carnage Tyrant_SB": 279, "Drannith Ruins": 558, "Thought-Knot Seer": 2091, "Wasteland Strangler": 2297, "Phyrexian Fleshgorger": 1495, "Ifnir Deadlands": 962, "Bearer of Silence": 154, "Reality Smasher_SB": 1583, "Fuel the Flames": 773, "Gix's Command_SB": 814, "Sorin the Mirthless_SB": 1881, "Shoot the Sheriff_SB": 1806, "Graf Reaver_SB": 851, "Kraul Whipcracker_SB": 1122, "Dive Down_SB": 535, "Fear of Impostors": 700, "Riptide Chimera": 1650, "Fleecemane Lion": 737, "Witchstalker_SB": 2329, "Soul-Scar Mage_SB": 1890, "Selfless Glyphweaver_SB": 1756, "Blood Spatter Analysis": 194, "Demonic Bargain": 494, "Osseous Sticktwister": 1439, "Korvold, Fae-Cursed King": 1116, "Korvold, Fae-Cursed King_SB": 1117, "Dive Down": 534, "Jace Reawakened_SB": 1022, "Blessed Defiance": 187, "Homestead Courage": 939, "Phyrexian Dragon Engine": 1494, "Seasoned Hallowblade": 1746, "The Mycosynth Gardens": 2066, "Alrund's Epiphany": 43, "Loot, the Pathfinder": 1207, "Obliterating Bolt_SB": 1409, "Burning Earth_SB": 254, "Fugitive Codebreaker": 775, "Favored Hoplite": 698, "Flowstone Infusion": 747, "Sejiri Shelter": 1754, "Tenth District Legionnaire": 2033, "Invasion of New Phyrexia_SB": 1004, "Wilt_SB": 2323, "Clifftop Lookout": 367, "Loot, Exuberant Explorer": 1206, "Risen Reef": 1653, "Tangled Florahedron": 2012, "Healer of the Glade_SB": 901, "Tale's End_SB": 2006, "Dreams of Steel and Oil": 571, "Gisa, the Hellraiser_SB": 813, "Ride's End_SB": 1646, "Omen of the Sun": 1425, "Omen of the Sun_SB": 1426, "Enduring Courage": 630, "Beseech the Mirror_SB": 162, "Forbidden Friendship": 752, "Case of the Gateway Express_SB": 288, "Collective Effort_SB": 378, "Forge Devil_SB": 756, "Perilous Snare_SB": 1485, "Commence the Endgame_SB": 388, "Experimental Confectioner": 663, "Monastery Mentor": 1310, "Seeker of the Way_SB": 1752, "Redcap Melee": 1599, "Setessan Champion": 1765, "Trapped in the Screen": 2144, "Trapped in the Screen_SB": 2145, "The Birth of Meletis": 2049, "Cryptolith Rite": 439, "Bottomless Pool && Locker Room": 227, "Bottomless Pool && Locker Room_SB": 228, "Eidolon of Blossoms": 591, "Eidolon of Blossoms_SB": 592, "Knockout Blow": 1108, "Hidetsugu's Second Rite": 927, "Incubation Druid": 972, "Interplanar Beacon": 991, "Kaya the Inexorable": 1065, "Mistrise Village": 1298, "Nicol Bolas, Dragon-God": 1366, "Ral Zarek": 1562, "Tamiyo, Field Researcher": 2011, "Vraska, Betrayal's Sting": 2286, "Kunoros, Hound of Athreos_SB": 1131, "Qarsi Revenant": 1543, "Qarsi Revenant_SB": 1544, "Elspeth, Storm Slayer": 612, "United Battlefront": 2200, "Voice of Victory": 2268, "Sunder the Gateway_SB": 1962, "Voice of Victory_SB": 2269, "Mox Jasper": 1329, "Mistrise Village_SB": 1299, "Rakdos's Return_SB": 1560, "Cemetery Illuminator": 320, "Muraganda Raceway": 1333, "Case of the Crimson Pulse": 284, "Tersa Lightshatter": 2036, "Cease // Desist": 317, "Cram Session": 422, "Fell": 713, "Insatiable Avarice": 982, "The Biblioplex": 2048, "Valgavoth's Onslaught": 2226, "Containment Breach_SB": 404, "Environmental Sciences_SB": 641, "Introduction to Annihilation_SB": 999, "Mascot Exhibition_SB": 1259, "Pest Summoning_SB": 1488, "Descendant of Storms": 503, "Dragonfire Blade": 550, "Lavaspur Boots_SB": 1142, "Caustic Exhale": 307, "Dispelling Exhale": 530, "Foul-Tongue Invocation": 760, "Marang River Regent": 1245, "Scavenger Regent": 1716, "Silumgar's Scorn": 1819, "Caustic Exhale_SB": 308, "Strategic Betrayal_SB": 1948, "Cori-Steel Cutter": 411, "Wild Ride": 2319, "Cori-Steel Cutter_SB": 412, "Desperate Measures": 506, "Sunpearl Kirin": 1969, "Rot-Curse Rakshasa": 1676, "History of Benalia": 934, "The Restoration of Eiganjo": 2068, "Katilda, Dawnhart Prime": 1064, "Songcrafter Mage": 1879, "Militia Bugler_SB": 1288, "Strategic Betrayal": 1947, "Flashfreeze_SB": 736, "Treasure Map": 2151, "Archangel Elspeth": 79, "Painter's Studio && Defaced Gallery": 1465, "This Town Ain't Big Enough_SB": 2088, "Stormscale Scion": 1941, "Stormscale Scion_SB": 1942, "Metamorphic Alteration": 1283, "Not on My Watch_SB": 1392, "Of One Mind": 1414, "Banishing Slash": 139, "Jaya, Fiery Negotiator": 1033, "Cori Mountain Monastery": 410, "Stormwing Entity": 1944, "Gurmag Angler": 873, "Murderous Rider_SB": 1337, "United Battlefront_SB": 2201, "Warden of the Grove": 2290, "Surrak, Elusive Hunter_SB": 1984, "Icon of Ancestry": 960, "Fire Prophecy": 729, "White Sun's Twilight_SB": 2317, "Paradoxical Outcome_SB": 1470, "Break Out": 237, "Masked Vandal": 1260, "Fanatical Firebrand_SB": 691, "Decadent Dragon_SB": 479, "Liliana, Death's Majesty": 1187, "Urgent Necropsy": 2220, "Scavenger's Talent_SB": 1718, "Ygra, Eater of All_SB": 2361, "Runed Halo": 1691, "Undead Sprinter_SB": 2190, "Boros Reckoner": 222, "Atarka's Command_SB": 104, "Craterhoof Behemoth": 425, "Crackling Drake": 419, "Phyrexian Obliterator": 1496, "Decisive Denial": 481, "Ebondeath, Dracolich": 590, "Ertai's Scorn": 644, "Rakshasa's Bargain": 1561, "Rewind": 1643, "Unwind": 2211, "Awaken the Honored Dead_SB": 119, "Deathmark_SB": 474, "Gaze of Granite_SB": 789, "Lutri, the Spellchaser_SB": 1225, "Shadows' Verdict_SB": 1774, "Specter's Shriek_SB": 1898, "Thrun, Breaker of Silence_SB": 2104, "Abrade": 4, "Collected Company_SB": 375, "Elspeth, Storm Slayer_SB": 613, "Herald of Eternal Dawn_SB": 917, "Yathan Roadwatcher": 2358, "Selfless Savior": 1757, "Legion Angel": 1150, "Wojek Investigator": 2339, "Legion Angel_SB": 1151, "Sixth Sense": 1835, "Hammerhand": 884, "Aqueous Form": 73, "Cartouche of Solidarity": 281, "Severance Priest": 1770, "Jeskai Revelation": 1036, "Ray of Frost_SB": 1579, "Fiery Annihilation_SB": 721, "Dragonlord Silumgar": 553, "Painful Truths": 1464, "Search for Azcanta": 1742, "Supreme Will": 1978, "Contraband Kingpin_SB": 407, "Deafening Silence": 471, "Hardened Scales": 887, "Bontu's Last Reckoning_SB": 217, "Village Rites": 2250, "Stormchaser's Talent_SB": 1940, "Greedy Freebooter": 861, "Shambling Ghast": 1778, "Hangarback Walker": 885, "Marketback Walker": 1257, "Diabolic Intent": 520, "Scrapwork Mutt": 1731, "Gleaming Barrier": 821, "Liliana's Standard Bearer": 1186, "The Sibsig Ceremony": 2073, "Callous Bloodmage_SB": 267, "Friendly Teddy": 770, "Experiment One": 661, "Kitesail Freebooter_SB": 1095, "Muerra, Trash Tactician": 1330, "Cut // Ribbons": 447, "Dusk Legion Zealot": 586, "Markov Baron": 1258, "Patchwork Banner": 1474, "Bedevil_SB": 156, "Champion of Dusk_SB": 329, "Deadly Dispute_SB": 468, "Soul Transfer_SB": 1886, "Devilish Valet": 516, "Runaway Steam-Kin": 1688, "Grinning Ignus": 864, "Hazoret's Monument": 899, "Light Up the Night": 1172, "Cemetery Prowler_SB": 321, "Nissa, Steward of Elements_SB": 1379, "Kishla Village": 1094, "Robber of the Rich_SB": 1667, "Crash Through": 423, "Ugin, Eye of the Storms": 2178, "Shiko, Paragon of the Way": 1800, "Shadows' Verdict": 1773, "The Book of Exalted Deeds_SB": 2051, "Spring-Loaded Sawblades": 1919, "Sokenzan, Crucible of Defiance_SB": 1875, "Silent Hallcreeper": 1818, "Ashiok, Nightmare Weaver_SB": 97, "Evolved Sleeper": 655, "Tenacious Underdog_SB": 2032, "Rediscover the Way": 1601, "Balmor, Battlemage Captain": 131, "Wizard's Retort_SB": 2337, "Shapers' Sanctuary": 1780, "Clever Lumimancer": 366, "Niv-Mizzet, Parun": 1383, "Sweltering Suns": 1988, "Marang River Regent_SB": 1246, "Omnath, Locus of the Roil": 1428, "Giant Growth": 805, "Heritage Reclamation_SB": 921, "Brimaz, King of Oreskos": 242, "Intimidation Tactics": 993, "Liliana, Dreadhorde General_SB": 1188, "Katilda, Dawnhart Martyr_SB": 1063, "Fountainport Bell": 764, "Gonti, Lord of Luxury_SB": 849, "Spirit-Sister's Call": 1913, "Bandit's Talent_SB": 133, "Frontline Rush": 771, "Mortify_SB": 1322, "Treasure Cruise_SB": 2150, "Drake Hatcher": 555, "Eshki Dragonclaw": 646, "Herd Heirloom": 919, "The Huntsman's Redemption": 2059, "Canyon Slough": 274, "Captain Lannery Storm": 275, "Charming Scoundrel": 347, "Goldhound": 845, "Goldspan Dragon": 846, "Kalain, Reclusive Painter": 1051, "Marionette Master": 1256, "Reckless Fireweaver": 1588, "Sticky Fingers": 1932, "Treasure Vault": 2152, "Vraska's Contempt": 2285, "Karn, Scion of Urza_SB": 1060, "Moment of Craving_SB": 1307, "Ratchet Bomb_SB": 1572, "Unlicensed Disintegration_SB": 2202, "Amonkhet Raceway": 47, "Shore Up": 1807, "Shore Up_SB": 1808, "Illness in the Ranks_SB": 965, "Phyrexian Arena_SB": 1491, "Abbot of Keral Keep": 0, "Anax, Hardened in the Forge": 49, "Incendiary Flow": 971, "Invigorated Rampage": 1007, "Rimrock Knight": 1648, "Dire Fleet Daredevil_SB": 524, "Flame-Blessed Bolt_SB": 734, "Sword of Once and Future_SB": 1994, "Virulent Plague_SB": 2260, "Magebane Lizard": 1234, "Arboreal Grazer_SB": 77, "Sunset Revelry": 1971, "Unexpected Windfall": 2195, "Herald of Eternal Dawn": 916, "Skrelv's Hive": 1838, "Vaultborn Tyrant_SB": 2240, "Defabricate_SB": 488, "Collector's Cage_SB": 380, "Plargg, Dean of Chaos": 1506, "Dire Tactics": 525, "Order of Midnight": 1437, "Doom Whisperer_SB": 543, "Virtue of Courage": 2254, "Ball Lightning": 130, "Scytheclaw Raptor_SB": 1734, "Cathartic Reunion": 303, "Ancient Imperiosaur": 52, "Gastal Thrillroller_SB": 786, "Invasion of Ergamon": 1000, "Duelist of the Mind": 582, "Portent of Calamity": 1521, "Extraordinary Journey": 673, "Concerted Defense_SB": 396, "Rapid Hybridization_SB": 1571, "Hooting Mandrills": 942, "Jin-Gitaxias, Progress Tyrant_SB": 1038, "Smuggler's Surprise_SB": 1864, "Toxrill, the Corrosive_SB": 2138, "Ureni, the Song Unending": 2219, "Awaken the Honored Dead": 118, "Ghostly Dancers": 802, "Heliod, the Radiant Dawn_SB": 912, "Hushbringer_SB": 957, "Obscura Storefront": 1412, "Disfigure_SB": 528, "Blue Sun's Twilight": 206, "Conduit Pylons": 397, "Ipnu Rivulet": 1010, "Outcaster Greenblade": 1446, "Voltage Surge": 2279, "Fae of Wishes_SB": 683, "Koth, Fire of Resistance_SB": 1118, "Drake Hatcher_SB": 556, "Ashen Rider": 91, "Baleful Mastery": 129, "Agonizing Remorse_SB": 33, "Gurmag Nightwatch": 874, "Slaughter Singer": 1853, "Venerated Rotpriest": 2244, "The Seedcore": 2072, "Crawling Chorus": 426, "Annex Sentry": 59, "Bloated Contaminator": 190, "Jawbone Duelist": 1031, "Overprotect": 1459, "Phyrexian Censor_SB": 1493, "Tyvar's Stand_SB": 2174, "Annex Sentry_SB": 60, "Melira, the Living Cure_SB": 1271, "Vineglimmer Snarl": 2251, "Port Town": 1514, "Mystic Reflection": 1341, "Emergence Zone": 620, "Augmenter Pugilist": 108, "Augur of Autumn": 109, "Simic Charm": 1826, "Fortified Village": 759, "Biovisionary": 167, "Repudiate // Replicate_SB": 1622, "Chord of Calling_SB": 349, "Baird, Steward of Argive_SB": 127, "Glorybringer": 831, "Mizzium Mortars": 1300, "Cartouche of Zeal": 282, "Skylasher_SB": 1847, "Not on My Watch": 1391, "Scattered Thoughts": 1714, "Nature's Rhythm": 1355, "Dryad's Revival": 581, "Mabel, Heir to Cragflame_SB": 1228, "Wear Down_SB": 2304, "Slagstorm_SB": 1850, "Repel the Abominable": 1620, "Repel the Abominable_SB": 1621, "Niv-Mizzet, Visionary_SB": 1386, "Dispel_SB": 529, "Despark_SB": 505, "Dennick, Pious Apprentice": 497, "Dark Petition_SB": 453, "Hornet Queen": 947, "Ojer Taq, Deepest Foundation": 1418, "Pyroclasm": 1541, "Lord Skitter, Sewer King": 1212, "Tomik, Distinguished Advokist_SB": 2127, "Hearth Elemental": 905, "Sanguine Evangelist_SB": 1706, "Consuming Fervor": 403, "Aetherflux Reservoir": 23, "Mountain_SB": 1326, "Smoldering Egg": 1860, "Ovalchase Daredevil": 1449, "Kaervek, the Spiteful_SB": 1044, "Inscribed Tablet": 983, "Scourge of the Skyclaves": 1725, "Warlock Class": 2292, "Lich-Knights' Conquest": 1168, "Silent Gravestone_SB": 1817, "Ulcerate_SB": 2181, "Can't Stay Away_SB": 272, "Feldon, Ronom Excavator": 712, "Infuriate_SB": 977, "Clarion Conqueror_SB": 360, "Abbot of Keral Keep_SB": 1, "Chaos Wand_SB": 344, "Dissection Tools_SB": 533, "Jace, the Perfected Mind_SB": 1028, "Recommission_SB": 1597}}