{"vocabulary": {"Bonecrusher Giant": 236, "Burst Lightning": 281, "Emberheart Challenger": 678, "Greasewrench Goblin": 920, "Heartfire Hero": 968, "Kumano Faces Kakkazan": 1186, "Lightning Strike": 1241, "Manifold Mouse": 1313, "Monstrous Rage": 1391, "Mountain": 1400, "Mutavault": 1413, "Ramunap Ruins": 1659, "Rockface Village": 1762, "Screaming Nemesis": 1839, "Sunspine Lynx": 2104, "Witchstalker Frenzy": 2489, "Chandra, Dressed to Kill_SB": 365, "Magebane Lizard_SB": 1300, "Razorkin Needlehead_SB": 1672, "Redcap Melee_SB": 1692, "Torch the Tower_SB": 2275, "Beza, the Bounding Spring": 182, "Change the Equation": 371, "Demolition Field": 536, "Deserted Beach": 549, "Destroy Evil": 552, "Dovin's Veto": 594, "Farewell": 754, "Field of Ruin": 778, "Floodfarm Verge": 805, "Hall of Storm Giants": 946, "Hallowed Fountain": 947, "Hengegate Pathway": 983, "Island": 1084, "March of Otherworldly Light": 1321, "Memory Deluge": 1348, "No More Lies": 1457, "Plains": 1589, "Portable Hole": 1603, "Restless Anchorage": 1721, "Riptide Gearhulk": 1744, "Spell Pierce": 2009, "Supreme Verdict": 2108, "Teferi, Hero of Dominaria": 2149, "Aether Gust_SB": 45, "Annul_SB": 92, "Mystical Dispute_SB": 1420, "Riptide Gearhulk_SB": 1745, "Yorion, Sky Nomad_SB": 2520, "Blackcleave Cliffs": 196, "Blood Crypt": 214, "Castle Locthwain": 322, "Fable of the Mirror-Breaker": 736, "Fatal Push": 756, "Fear of Missing Out": 764, "Greasefang, Okiba Boss": 919, "Immersturm Raider": 1040, "Malakir Rebirth": 1308, "Parhelion II": 1550, "Savai Triome": 1814, "Shattered Sanctum": 1898, "Sheoldred, the Apocalypse": 1907, "Sundown Pass": 2092, "Thoughtseize": 2234, "Thundering Broodwagon": 2248, "Tune Up": 2306, "Unholy Annex // Ritual Chamber": 2343, "Bonecrusher Giant_SB": 237, "Damping Sphere_SB": 492, "Hidetsugu Consumes All_SB": 997, "Loran of the Third Path_SB": 1273, "Nahiri, the Harbinger_SB": 1424, "Ob Nixilis, the Adversary_SB": 1480, "Sheoldred, the Apocalypse_SB": 1908, "Sunset Revelry_SB": 2101, "Unlicensed Hearse_SB": 2350, "Arclight Phoenix": 112, "Artist's Talent": 117, "Brazen Borrower": 256, "Consider": 431, "Fiery Impulse": 782, "Ledger Shredder": 1208, "Lightning Axe": 1237, "Opt": 1510, "Otawara, Soaring City": 1523, "Picklock Prankster": 1581, "Proft's Eidetic Memory": 1614, "Riverglide Pathway": 1753, "Shivan Reef": 1913, "Sleight of Hand": 1961, "Spirebluff Canal": 2021, "Steam Vents": 2043, "Stormcarved Coast": 2061, "Torch the Tower": 2274, "Treasure Cruise": 2297, "Abrade_SB": 24, "Beacon Bolt_SB": 172, "Brazen Borrower_SB": 257, "Crackling Drake_SB": 456, "Disdainful Stroke_SB": 571, "Fable of the Mirror-Breaker_SB": 737, "Negate_SB": 1439, "Pyroclasm_SB": 1621, "Third Path Iconoclast_SB": 2226, "Battlefield Forge": 171, "Bitter Triumph": 194, "Blightstep Pathway": 206, "Bloodtithe Harvester": 221, "Brightclimb Pathway": 260, "Concealed Courtyard": 421, "Duress": 632, "Godless Shrine": 904, "Kroxa, Titan of Death's Hunger": 1184, "Overlord of the Balemurk": 1534, "Sacred Foundry": 1791, "Skysovereign, Consul Flagship": 1955, "Takenuma, Abandoned Mire": 2137, "Valor's Flagship": 2380, "Vanishing Verse": 2386, "Containment Priest_SB": 439, "Deafening Silence_SB": 516, "Duress_SB": 633, "Portable Hole_SB": 1604, "Reckoner Bankbuster_SB": 1686, "Vanishing Verse_SB": 2387, "Blade of the Oni": 198, "Blazemire Verge": 202, "Go for the Throat": 898, "Sokenzan, Crucible of Defiance": 1981, "Sulfurous Springs": 2081, "Swamp": 2119, "Urborg, Tomb of Yawgmoth": 2363, "Anoint with Affliction_SB": 94, "Blot Out_SB": 228, "Extinction Event_SB": 729, "Invoke Despair_SB": 1079, "Kolaghan's Command_SB": 1173, "Withering Torment_SB": 2495, "Clearwater Pathway": 388, "Darkslick Shores": 499, "Fear of Isolation": 763, "Geier Reach Sanitarium": 852, "Gloomlake Verge": 894, "Grim Bauble": 925, "Hive of the Eye Tyrant": 1005, "Hopeless Nightmare": 1015, "Momentum Breaker": 1386, "Narset, Parter of Veils": 1429, "Nowhere to Run": 1467, "Omen of the Sea": 1497, "Shipwreck Marsh": 1912, "Stock Up": 2051, "Stormchaser's Talent": 2065, "This Town Ain't Big Enough": 2227, "Underground River": 2336, "Watery Grave": 2452, "Ashiok, Nightmare Muse_SB": 123, "Grim Bauble_SB": 926, "The Meathook Massacre_SB": 2203, "Tishana's Tidebinder_SB": 2258, "Eiganjo, Seat of the Empire": 647, "Fountainport": 826, "Get Lost": 856, "The Wandering Emperor": 2217, "Beza, the Bounding Spring_SB": 183, "Change the Equation_SB": 372, "Heliod's Intervention_SB": 975, "Kaheera, the Orphanguard_SB": 1113, "Rest in Peace_SB": 1720, "Supreme Verdict_SB": 2109, "Builder's Talent": 275, "Caretaker's Talent": 304, "Elegant Parlor": 654, "Indomitable Creativity": 1050, "Inspiring Vantage": 1061, "Lightning Helix": 1239, "Mirrex": 1365, "Needleverge Pathway": 1437, "Settle the Wreckage": 1877, "Soul Partition": 1991, "Sunder the Gateway": 2090, "Sunken Citadel": 2095, "Vaultborn Tyrant": 2389, "Anger of the Gods_SB": 86, "Authority of the Consuls_SB": 140, "Elesh Norn, Mother of Machines_SB": 660, "Knockout Blow_SB": 1170, "Wedding Announcement_SB": 2463, "Galvanic Iteration": 841, "Into the Flood Maw": 1066, "Spikefield Hazard": 2018, "Temporal Trespass": 2161, "Brotherhood's End_SB": 270, "Prismari Command_SB": 1612, "Thing in the Ice_SB": 2225, "Reckoner Bankbuster": 1685, "Bitter Triumph_SB": 195, "Graveyard Trespasser_SB": 918, "Kroxa, Titan of Death's Hunger_SB": 1185, "Graveyard Trespasser": 917, "Withering Torment": 2494, "Thoughtseize_SB": 2235, "Riverpyre Verge": 1754, "Stern Dismissal": 2045, "Into the Flood Maw_SB": 1067, "Thassa's Oracle_SB": 2181, "Enduring Curiosity": 690, "Faerie Miscreant": 748, "Floodpits Drowner": 806, "Kaito, Bane of Nightmares": 1115, "Mockingbird": 1380, "Moon-Circuit Hacker": 1395, "Spyglass Siren": 2033, "Thousand-Faced Shadow": 2237, "Biting-Palm Ninja_SB": 192, "Cut Down_SB": 488, "Dokuchi Silencer_SB": 586, "Leyline of the Void_SB": 1227, "Spell Pierce_SB": 2010, "Barbed Batterfist": 161, "Experimental Frenzy_SB": 725, "Lithomantic Barrage_SB": 1261, "Mutavault_SB": 1414, "Urabrask's Forge_SB": 2360, "Barkchannel Pathway": 163, "Benthic Biomancer": 179, "Boseiju, Who Endures": 244, "Botanical Sanctum": 247, "Breeding Pool": 259, "Cavern of Souls": 339, "Cenote Scout": 348, "Collected Company": 401, "Deeproot Pilgrimage": 527, "Kumena, Tyrant of Orazca": 1187, "Mindspring Merfolk": 1364, "Sentinel of the Nameless City": 1869, "Tishana's Tidebinder": 2257, "Vodalian Hexcatcher": 2412, "Willowrush Verge": 2480, "Shapers' Sanctuary_SB": 1892, "Tidebinder Mage_SB": 2251, "Unable to Scream_SB": 2328, "Grafdigger's Cage_SB": 915, "Bard Class": 162, "Commune with Spirits": 420, "Copperline Gorge": 442, "Cragcrown Pathway": 458, "Den of the Bugbear": 541, "Domri, Anarch of Bolas": 587, "Forest": 816, "Gallia of the Endless Dance": 840, "Goro-Goro, Disciple of Ryusei": 912, "Hajar, Loyal Bodyguard": 942, "Itzquinth, Firstborn of Gishath": 1087, "Kari Zev, Skyship Raider": 1122, "Klothys, God of Destiny": 1159, "Lair of the Hydra": 1194, "Migloz, Maze Crusher": 1361, "Radha, Heart of Keld": 1637, "Redshift, Rocketeer Chief": 1694, "Rockfall Vale": 1763, "Ruby, Daring Tracker": 1774, "Samut, Vizier of Naktamun": 1799, "Stomping Ground": 2054, "Back to Nature_SB": 149, "Chandra's Defeat_SB": 359, "Nullhide Ferox_SB": 1472, "Pick Your Poison_SB": 1580, "Tormod's Crypt_SB": 2277, "The Meathook Massacre": 2202, "Cavalier of Flame": 337, "Fabled Passage": 738, "Fires of Invention": 793, "Jetmir's Garden": 1102, "Kenrith, the Returned King": 1145, "Ketria Triome": 1149, "Leyline Binding": 1219, "Omnath, Locus of Creation": 1500, "Raffine's Tower": 1641, "Temple Garden": 2152, "Temporary Lockdown": 2162, "Deafening Clarion_SB": 514, "Keruga, the Macrosage_SB": 1146, "Krenko's Buzzcrusher_SB": 1182, "Temporary Lockdown_SB": 2163, "Aloe Alchemist": 68, "Atarka's Command": 129, "Burning-Tree Emissary": 279, "Cunning Coyote": 481, "Karplusan Forest": 1124, "Monastery Swiftspear": 1388, "Play with Fire": 1593, "Reckless Bushwhacker": 1677, "Thornspire Verge": 2229, "Claim the Firstborn_SB": 385, "Destructive Revelry_SB": 554, "Hazoret the Fervent_SB": 964, "Rending Volley_SB": 1708, "Scorching Shot_SB": 1830, "Blooming Marsh": 222, "Brushland": 272, "Cache Grab": 288, "Can't Stay Away": 297, "Darkbore Pathway": 498, "Dredger's Insight": 622, "Esika's Chariot": 708, "Grisly Salvage": 928, "Mana Confluence": 1312, "Overgrown Tomb": 1533, "Raffine's Informant": 1640, "Razorverge Thicket": 1673, "Traverse the Ulvenwald": 2295, "Abrupt Decay_SB": 26, "Fatal Push_SB": 757, "Knight of Autumn_SB": 1162, "Skysovereign, Consul Flagship_SB": 1956, "Innkeeper's Talent": 1054, "Pawpatch Recruit": 1559, "Reckless Rage": 1682, "Soul-Scar Mage": 1997, "Pawpatch Formation_SB": 1558, "Cauldron Familiar": 330, "Claim the Firstborn": 384, "Deadly Dispute": 511, "Mayhem Devil": 1340, "Scavenger's Talent": 1823, "Witch's Oven": 2488, "Ygra, Eater of All": 2517, "Haywire Mite_SB": 961, "Archon of Emeria": 110, "Assassin's Trophy": 126, "Atraxa, Grand Unifier": 131, "Bleachbone Verge": 203, "Deputy of Detention": 546, "Enigmatic Incarnation": 696, "Hushwood Verge": 1029, "Indatha Triome": 1049, "Linvala, the Preserver": 1257, "Noxious Gearhulk": 1469, "Overlord of the Floodpits": 1537, "Overlord of the Hauntwoods": 1538, "Overlord of the Mistmoors": 1539, "Spara's Headquarters": 2004, "Tranquil Frillback": 2288, "Up the Beanstalk": 2358, "Wastewood Verge": 2451, "Zagoth Triome": 2529, "Zur, Eternal Schemer": 2537, "Ruric Thar, the Unbowed_SB": 1782, "Tranquil Frillback_SB": 2289, "Drowned Catacomb": 628, "Glacial Fortress": 883, "Ride's End": 1737, "Spelunking": 2014, "Sunfall": 2093, "Sunpetal Grove": 2098, "Woodland Cemetery": 2503, "Stock Up_SB": 2052, "Sunfall_SB": 2094, "Thought Distortion_SB": 2231, "Kitsa, Otterball Elite": 1158, "Mox Amber": 1402, "Retraction Helix": 1730, "Rona, Herald of Invasion": 1767, "Thundertrap Trainer": 2250, "Valley Floodcaller": 2377, "Abhorrent Oculus_SB": 22, "Floodpits Drowner_SB": 807, "Narset, Parter of Veils_SB": 1430, "Proft's Eidetic Memory_SB": 1615, "Bishop of Wings": 191, "Branchloft Pathway": 251, "Elvish Mystic": 673, "Emeria's Call": 682, "Enduring Innocence": 692, "Giada, Font of Hope": 866, "Inspiring Overseer": 1060, "Kayla's Reconstruction": 1135, "Llanowar Elves": 1263, "Resplendent Angel": 1718, "Righteous Valkyrie": 1739, "Skyclave Apparition": 1950, "Aven Interrupter_SB": 142, "Get Lost_SB": 857, "Reidane, God of the Worthy_SB": 1701, "Liliana of the Veil_SB": 1248, "Ancestral Anger": 80, "Cacophony Scamp": 289, "Callous Sell-Sword": 294, "Illuminator Virtuoso": 1039, "Leyline of Resonance": 1222, "Loran's Escape": 1274, "Slickshot Show-Off": 1962, "Titan's Strength": 2261, "Turn Inside Out": 2307, "Blessed Defiance_SB": 205, "Count on Luck_SB": 452, "Loran's Escape_SB": 1275, "Sheltered by Ghosts_SB": 1904, "Strict Proctor_SB": 2075, "Lovestruck Beast": 1282, "Prosperous Innkeeper": 1616, "Reckless Stormseeker": 1684, "Rocketeer Boostbuggy": 1761, "Smuggler's Copter": 1969, "The Akroan War": 2184, "Cindervines_SB": 379, "Klothys, God of Destiny_SB": 1160, "Obstinate Baloth_SB": 1484, "Bladestitched Skaab": 200, "Champion of the Perished": 358, "Cryptbreaker": 471, "Dark Salvation": 497, "Dread Wanderer": 610, "Lazotep Reaver": 1207, "Crippling Fear_SB": 466, "Go Blank_SB": 897, "Kalitas, Traitor of Ghet_SB": 1119, "Rotten Reunion_SB": 1769, "The Scarab God_SB": 2212, "Fry_SB": 834, "Saheeli, Sublime Artificer_SB": 1794, "Claim // Fame": 382, "Infuriate": 1051, "Eidolon of the Great Revel_SB": 646, "Feed the Swarm_SB": 770, "Hired Claw": 1003, "Witchstalker Frenzy_SB": 2490, "Battle Cry Goblin": 169, "Foundry Street Denizen": 825, "Goblin Instigator": 902, "Raise the Past": 1645, "Rundvelt Hordemaster": 1777, "Skirk Prospector": 1943, "Invasion of Gobakhan_SB": 1072, "Anoint with Affliction": 93, "Jwari Disruption": 1111, "Jace, Wielder of Mysteries_SB": 1094, "Ashiok, Nightmare Muse": 122, "Bloodchief's Thirst": 216, "Get Out": 858, "Get Out_SB": 859, "Path of Peril_SB": 1556, "Waste Not_SB": 2448, "Questing Druid": 1630, "Snakeskin Veil": 1972, "Questing Druid_SB": 1631, "Reckless Rage_SB": 1683, "Sentinel of the Nameless City_SB": 1870, "Chandra, Torch of Defiance_SB": 370, "Haunted Ridge": 958, "Cruelclaw's Heist_SB": 467, "Defiant Strike": 530, "Dreadhorde Arcanist": 611, "Knight of Grace": 1164, "Samut's Sprint": 1798, "Dreadhorde Arcanist_SB": 612, "Gods Willing_SB": 906, "Knight of Grace_SB": 1165, "Gilded Goose": 876, "Llanowar Wastes": 1265, "Vinereap Mentor": 2398, "Vraska, Golgari Queen": 2432, "Enduring Tenacity_SB": 695, "Archon of Emeria_SB": 111, "Enduring Innocence_SB": 693, "Swan Song_SB": 2121, "Go for the Throat_SB": 899, "Leyline of Hope": 1221, "Overgrown Farmland": 1532, "Skyclave Cleric": 1952, "Ajani, Strength of the Pride_SB": 62, "Chandra, Spark Hunter_SB": 368, "Sunspine Lynx_SB": 2105, "Adeline, Resplendent Cathar": 37, "Coppercoat Vanguard": 441, "Extraction Specialist": 731, "Hopeful Initiate": 1013, "Recruitment Officer": 1690, "Shefet Dunes": 1902, "Thalia's Lieutenant": 2176, "Thalia, Guardian of Thraben": 2177, "Veteran Survivor": 2394, "Warden of the Inner Sky": 2440, "Destroy Evil_SB": 553, "Elite Spellbinder_SB": 663, "Ossification_SB": 1521, "Oildeep Gearhulk_SB": 1489, "Witness Protection_SB": 2496, "Castle Ardenvale": 319, "Chrome Host Seedshark_SB": 378, "Farewell_SB": 755, "Ketramose, the New Dawn_SB": 1148, "Aftermath Analyst": 51, "Brokers Hideout": 268, "Cabaretti Courtyard": 287, "Growth Spiral": 929, "Ill-Timed Explosion": 1036, "Lotus Cobra": 1279, "Lumra, Bellow of the Woods": 1287, "Maestros Theater": 1297, "Nissa, Resurgent Animist": 1448, "Riveteers Overlook": 1755, "Shigeki, Jukai Visionary": 1910, "Virtue of Strength": 2404, "Worldsoul's Rage": 2504, "Ill-Timed Explosion_SB": 1037, "Boltwave": 232, "Boros Charm": 240, "Ghitu Lavarunner": 860, "Wizard's Lightning": 2497, "Screaming Nemesis_SB": 1840, "Mukotai Ambusher_SB": 1407, "Knight of Autumn": 1161, "Tasigur, the Golden Fang": 2145, "Witherbloom Command": 2492, "Caves of Koilos": 341, "Cling to Dust": 393, "Cut Down": 487, "Gideon of the Trials": 871, "Liliana of the Veil": 1247, "Mazemind Tome": 1343, "Sorin the Mirthless": 1988, "Gifted Aetherborn_SB": 875, "Ornithopter": 1517, "Satoru Umezawa": 1810, "Satoru, the Infiltrator": 1811, "Silver-Fur Master": 1930, "Torpor Orb_SB": 2278, "Brightglass Gearhulk": 261, "Collector's Cage": 406, "Dusk Rose Reliquary": 636, "Nurturing Pixie": 1473, "Sandstorm Salvager": 1804, "Voice of Resurgence": 2413, "Ghost Vacuum_SB": 862, "Giant Killer_SB": 870, "Bomat Courier": 233, "Kellan, Planar Trailblazer": 1141, "Phoenix Chick": 1571, "Abrupt Decay": 25, "Azor, the Lawbringer_SB": 147, "Cavalier of Thorns": 338, "Invasion of Ixalan": 1073, "Kiora, Behemoth Beckoner": 1151, "Nykthos, Shrine to Nyx": 1475, "Oath of Nissa": 1478, "Old-Growth Troll": 1491, "Outcaster Trailblazer": 1528, "Storm the Festival": 2060, "Ulvenwald Oddity": 2324, "Wolfwillow Haven": 2501, "Cityscape Leveler_SB": 381, "Monstrous Emergence_SB": 1390, "Pithing Needle_SB": 1588, "The Mightstone and Weakstone_SB": 2205, "The Stone Brain_SB": 2216, "Wicked Wolf_SB": 2474, "Cryptic Coat": 474, "Darksteel Citadel": 500, "Ensoul Artifact": 697, "Gastal Thrillroller": 845, "Gleaming Geardrake": 888, "Inti, Seneschal of the Sun": 1064, "Memory Guardian": 1350, "Shrapnel Blast": 1922, "Voldaren Epicure": 2423, "Burst Lightning_SB": 282, "Shadowspear_SB": 1885, "Voltage Surge_SB": 2427, "Tocasia's Welcome_SB": 2265, "Elesh Norn, Mother of Machines": 659, "Etali, Primal Conqueror": 714, "Glasspool Mimic": 886, "Nylea's Presence": 1476, "Oath of Kaya": 1477, "The Scarab God": 2211, "Radiant Flames_SB": 1638, "Unmoored Ego_SB": 2353, "Borrowed Hostility": 243, "Built to Smash": 276, "Fireblade Charger": 792, "Thud": 2245, "Wayward Guide-Beast": 2453, "Dreadmaw's Ire_SB": 614, "End the Festivities_SB": 688, "Kari Zev's Expertise_SB": 1121, "Light Up the Stage_SB": 1233, "Obosh, the Preypiercer_SB": 1482, "Voldaren Thrillseeker_SB": 2425, "Archdruid's Charm": 106, "Bala Ged Recovery": 151, "Dark Petition": 495, "Emergent Ultimatum": 680, "Fae of Wishes": 745, "Hidden Strings": 995, "Lier, Disciple of the Drowned": 1229, "Lotus Field": 1280, "Lush Portico": 1290, "Omniscience": 1503, "Path of Peril": 1555, "Pore Over the Pages": 1600, "Strict Proctor": 2074, "Sylvan Scrying": 2129, "Thespian's Stage": 2223, "Vizier of Tumbling Sands": 2411, "Approach of the Second Sun_SB": 99, "Dragonlord Dromoka_SB": 601, "Emergent Ultimatum_SB": 681, "Leyline of Sanctity_SB": 1223, "Silence_SB": 1926, "Soul Partition_SB": 1992, "Zacama, Primal Calamity_SB": 2527, "Mortify": 1397, "Day of Judgment_SB": 506, "Kaya, Orzhov Usurper_SB": 1134, "Censor": 349, "Deadly Cover-Up": 509, "Deduce": 524, "Drown in the Loch": 627, "Extinction Event": 728, "Mission Briefing": 1375, "Shark Typhoon": 1895, "Sheoldred's Edict": 1905, "Undercity Sewers": 2334, "Jace, Vryn's Prodigy_SB": 1093, "Murderous Cut_SB": 1410, "Leyline of the Guildpact": 1226, "Setessan Petitioner_SB": 1876, "Deep-Cavern Bat": 525, "Kalitas, Traitor of Ghet": 1118, "Ashiok, Dream Render_SB": 121, "Gix's Command_SB": 881, "Sorin the Mirthless_SB": 1989, "Prismari Command": 1611, "Thundering Falls": 2249, "Sublime Epiphany": 2079, "Confounding Riddle": 428, "Magma Opus": 1303, "Negate": 1438, "Torrential Gearhulk": 2279, "Hullbreaker Horror_SB": 1027, "Shark Typhoon_SB": 1896, "Alpine Moon_SB": 71, "Ral, Izzet Viceroy_SB": 1654, "Bandit's Talent": 155, "Doom Foretold": 588, "Nine-Lives Familiar": 1444, "Rite of Oblivion": 1748, "Starfield of Nyx": 2040, "Treacherous Blessing": 2296, "Kaya's Wrath_SB": 1132, "Necromentia_SB": 1434, "Altanak, the Thrice-Called": 75, "Bloodghast": 218, "Creeping Chill": 465, "Narcomoeba": 1427, "Otherworldly Gaze": 1525, "Prized Amalgam": 1613, "Say Its Name": 1816, "Silversmote Ghoul": 1931, "Stitcher's Supplier": 2050, "Tome Scour": 2268, "Tear Asunder_SB": 2147, "Day's Undoing": 507, "Dig Through Time": 561, "Fog": 812, "Gaea's Blessing": 838, "Haze of Pollen": 962, "Jace, the Perfected Mind": 1095, "Seachrome Coast": 1843, "Tamiyo, Collector of Tales": 2140, "Union of the Third Path": 2345, "Winds of Qal Sisma": 2484, "Carnage Tyrant_SB": 305, "Dovin's Veto_SB": 595, "Castle Vantress": 323, "Split Up": 2027, "Three Steps Ahead": 2239, "Deadly Cover-Up_SB": 510, "Void Rend_SB": 2419, "Cityscape Leveler": 380, "Emrakul, the Promised End_SB": 685, "Drannith Ruins": 608, "Agadeem's Awakening": 53, "Thought-Knot Seer": 2232, "Wasteland Strangler": 2449, "Phyrexian Fleshgorger": 1576, "Ifnir Deadlands": 1034, "Bearer of Silence": 174, "Knight of the Ebon Legion": 1166, "Caustic Bronco": 331, "Warping Wail_SB": 2444, "Reality Smasher_SB": 1674, "Forsaken Miner": 819, "Rubblebelt Maverick": 1773, "Priest of Forgotten Gods": 1610, "Satyr Wayfinder": 1812, "Scrapheap Scrounger": 1835, "Agatha's Soul Cauldron": 55, "Necrotic Wound": 1435, "Squirming Emergence": 2034, "Insidious Roots": 1059, "Tyvar, Jubilant Brawler": 2315, "Necrotic Wound_SB": 1436, "Boseiju, Who Endures_SB": 245, "Souls of the Lost_SB": 2002, "Fuel the Flames": 835, "Transmogrify": 2290, "Cling to Dust_SB": 394, "Valgavoth, Terror Eater_SB": 2373, "Emrakul, the Promised End": 684, "Hostile Hostel": 1021, "Scrapshooter_SB": 1837, "Flicker of Fate": 802, "Heroic Intervention_SB": 994, "High Noon_SB": 1001, "Make Disappear_SB": 1306, "Unchained Berserker_SB": 2330, "Banefire": 157, "Blast Zone": 201, "Temple of Epiphany": 2155, "Valgavoth, Terror Eater": 2372, "Volcanic Spite": 2420, "Sire of Insanity_SB": 1939, "Elspeth's Smite": 666, "Irrigated Farmland": 1081, "Meticulous Archive": 1358, "Elspeth's Smite_SB": 667, "Kutzil's Flanker_SB": 1191, "Starnheim Unleashed_SB": 2041, "Test of Talents_SB": 2171, "Shoot the Sheriff_SB": 1917, "Experimental Augury": 723, "Jace Reawakened": 1090, "Malcolm, Alluring Scoundrel": 1309, "Nashi, Searcher in the Dark": 1431, "Plaza of Heroes": 1596, "Valki, God of Lies": 2375, "Mosswood Dreadknight": 1399, "Tribute to the World Tree": 2303, "Turntimber Symbiosis": 2308, "Tyvar, the Pummeler": 2316, "Webstrike Elite": 2460, "Graf Reaver_SB": 914, "Kraul Whipcracker_SB": 1180, "Reclamation Sage_SB": 1687, "Brave the Elements_SB": 255, "Camellia, the Seedmiser": 295, "Maelstrom Pulse_SB": 1295, "Fetid Pools": 777, "Yorion, Sky Nomad": 2519, "Acererak the Archlich": 31, "Glissa Sunslayer": 891, "Gwenna, Eyes of Gaea": 940, "Honest Rutstein": 1008, "Relic of Legends": 1704, "Entity Tracker": 699, "Fear of Impostors": 761, "Riptide Chimera": 1743, "Fear of Impostors_SB": 762, "Anointed Peacekeeper": 95, "Aven Interrupter": 141, "Eldrazi Displacer": 652, "Fleecemane Lion": 797, "Kellan, Daring Traveler": 1140, "Werefox Bodyguard": 2467, "Dromoka's Command_SB": 626, "Skyclave Apparition_SB": 1951, "Witchstalker_SB": 2491, "Bloodchief's Thirst_SB": 217, "Liliana, the Last Hope_SB": 1254, "Legion's Landing": 1217, "Optimistic Scavenger_SB": 1512, "Omen of the Dead": 1495, "Omen of the Dead_SB": 1496, "Werefox Bodyguard_SB": 2468, "Sheoldred's Edict_SB": 1906, "Dive Down_SB": 584, "Hazoret the Fervent": 963, "Ancient Cornucopia": 82, "Bring to Light": 264, "Deafening Clarion": 513, "Elenda, Saint of Dusk": 657, "Hostage Taker": 1020, "Kolaghan's Command": 1172, "Maelstrom Pulse": 1294, "Nahiri, the Harbinger": 1423, "Niv-Mizzet Reborn": 1452, "Niv-Mizzet, Supreme": 1455, "Pillage the Bog": 1582, "Raugrin Triome": 1666, "Sunbillow Verge": 2089, "Tolsimir, Friend to Wolves": 2266, "Xander's Lounge": 2509, "Yasharn, Implacable Earth": 2513, "Ziatora's Proving Ground": 2532, "Casualties of War_SB": 324, "Culling Ritual_SB": 480, "Kambal, Consul of Allocation_SB": 1120, "Notion Thief_SB": 1463, "Polukranos Reborn_SB": 1599, "Felonious Rage": 774, "Aclazotz, Deepest Betrayal": 32, "Concealing Curtains": 423, "Go Blank": 896, "Hostile Investigator": 1022, "Unstoppable Slasher": 2354, "Waste Not": 2447, "The End_SB": 2193, "Soul-Scar Mage_SB": 1998, "Molten Collapse": 1382, "Pest Control": 1567, "Sylvan Caryatid": 2128, "Lavinia, Azorius Renegade_SB": 1202, "Selfless Glyphweaver_SB": 1866, "Yasharn, Implacable Earth_SB": 2514, "Surge of Salvation": 2112, "Glissa Sunslayer_SB": 892, "Blood Spatter Analysis": 215, "Gifted Aetherborn": 874, "Adarkar Wastes": 36, "Metallic Rebuke": 1354, "Novice Inspector": 1466, "Regal Bunnicorn": 1699, "Sheltered by Ghosts": 1903, "Simulacrum Synthesizer": 1934, "Thraben Inspector": 2238, "Cryptic Coat_SB": 475, "Metallic Rebuke_SB": 1355, "Polukranos Reborn": 1598, "Demonic Bargain": 539, "Ketramose, the New Dawn": 1147, "Scrabbling Claws": 1833, "Shadowy Backstreet": 1886, "Osseous Sticktwister": 1519, "Case of the Crimson Pulse_SB": 314, "Molten Collapse_SB": 1383, "Korvold, Fae-Cursed King": 1175, "Trail of Crumbs": 2286, "Korvold, Fae-Cursed King_SB": 1176, "Outland Liberator_SB": 1529, "Dive Down": 583, "Jace Reawakened_SB": 1091, "March of Swirling Mist_SB": 1324, "Memory Deluge_SB": 1349, "Archfiend of the Dross": 108, "Chandra, Awakened Inferno_SB": 363, "Blessed Defiance": 204, "Homestead Courage": 1007, "Expedition Map": 721, "Valakut Awakening": 2369, "Wish": 2487, "Fiery Impulse_SB": 783, "Galvanic Iteration_SB": 842, "Lier, Disciple of the Drowned_SB": 1230, "Nine Lives_SB": 1443, "Niv-Mizzet, Parun_SB": 1454, "Optimistic Scavenger": 1511, "Dawnbringer Cleric_SB": 504, "Elder Gargaroth_SB": 651, "Fiery Temper": 784, "Guardian of New Benalia": 936, "Marauding Mako": 1319, "Monument to Endurance": 1393, "Phyrexian Dragon Engine": 1575, "Recommission": 1688, "Seasoned Hallowblade": 1852, "The Mycosynth Gardens": 2206, "The Wandering Emperor_SB": 2218, "Alrund's Epiphany": 73, "Commercial District": 416, "Dryad of the Ilysian Grove": 629, "Escape to the Wilds": 706, "Hedge Maze": 972, "Loot, the Pathfinder": 1271, "Nissa, Who Shakes the World": 1451, "Obliterating Bolt_SB": 1481, "Murderous Rider": 1411, "Burning Earth_SB": 278, "Unmoored Ego": 2352, "Heartless Act_SB": 971, "Triton Shorestalker": 2304, "Dauntless Bodyguard": 501, "Declaration in Stone": 522, "Fortified Beachhead": 821, "Kytheon, Hero of Akros": 1193, "Reflector Mage": 1696, "Brutal Cathar_SB": 274, "Declaration in Stone_SB": 523, "Extraction Specialist_SB": 732, "Monument to Endurance_SB": 1394, "Wear // Tear_SB": 2455, "Beanstalk Giant": 173, "Greater Tanuki": 922, "Herd Migration": 988, "Quintorius Kand": 1635, "Release to the Wind": 1703, "Spark Double": 2005, "Spinewoods Armadillo": 2019, "Trumpeting Carnosaur": 2305, "Virtue of Persistence": 2402, "Bedeck // Bedazzle_SB": 176, "Cease // Desist_SB": 343, "Harvester of Misery_SB": 956, "Languish_SB": 1197, "Eidolon of the Great Revel": 645, "Fugitive Codebreaker": 836, "Skewer the Critics": 1942, "Rampaging Ferocidon_SB": 1658, "Roast_SB": 1759, "Roiling Vortex_SB": 1766, "Tears of Valakut_SB": 2148, "Arboreal Grazer": 103, "Cathartic Pyre": 327, "Doppelgang": 593, "Tireless Tracker_SB": 2256, "Cathar Commando_SB": 326, "Clever Impersonator": 389, "Consign // Oblivion": 432, "Roaring Furnace // Steaming Sauna": 1757, "Colossal Skyturtle_SB": 411, "Gyruda, Doom of Depths_SB": 941, "Swamp_SB": 2120, "Virtue of Persistence_SB": 2403, "Chandra, Torch of Defiance": 369, "Unable to Scream": 2327, "Portal to Phyrexia_SB": 1606, "Heartless Act": 970, "Adanto Vanguard": 34, "Favored Hoplite": 760, "Flowstone Infusion": 810, "Sejiri Shelter": 1863, "Shardmage's Rescue": 1893, "Tenth District Legionnaire": 2167, "Adanto Vanguard_SB": 35, "Showdown of the Skalds_SB": 1921, "Weathered Runestone_SB": 2458, "Untimely Malfunction_SB": 2356, "Elspeth, Sun's Champion_SB": 670, "Invasion of New Phyrexia_SB": 1074, "Arid Archway": 113, "Castle Garenbrig": 321, "Clifftop Lookout": 391, "Dreamdew Entrancer": 617, "Dreamroot Cascade": 618, "Fecund Greenshell": 767, "Insidious Fungus": 1057, "Kitesail Larcenist": 1156, "Loot, Exuberant Explorer": 1270, "Risen Reef": 1746, "Tangled Florahedron": 2142, "Healer of the Glade_SB": 967, "Tale's End_SB": 2138, "Wilt_SB": 2482, "Ashiok, Wicked Manipulator": 125, "Dreams of Steel and Oil": 620, "Restless Fortress": 1723, "Blood Baron of Vizkopa_SB": 213, "Elspeth Conquers Death_SB": 665, "Gisa, the Hellraiser_SB": 880, "Ride's End_SB": 1738, "Omen of the Sun_SB": 1499, "Arasta of the Endless Web_SB": 102, "Tail Swipe_SB": 2135, "Omen of the Sun": 1498, "Light Up the Stage": 1232, "Searing Blood_SB": 1851, "Skullcrack_SB": 1948, "Monastery Mentor": 1387, "Seeker of the Way_SB": 1860, "Experimental Confectioner": 724, "Quag Feast": 1624, "Oildeep Gearhulk": 1488, "Tainted Indulgence": 2136, "The End": 2192, "Commence the Endgame_SB": 415, "Siphon Insight_SB": 1938, "Case of the Gateway Express": 315, "Castle Embereth": 320, "Embercleave": 676, "Forbidden Friendship": 815, "Gleeful Demolition": 889, "Imodane's Recruiter": 1042, "Knight-Errant of Eos": 1168, "Resolute Reinforcements": 1716, "Snow-Covered Mountain": 1976, "Spire of Industry": 2020, "Venerated Loxodon": 2392, "Case of the Gateway Express_SB": 316, "Collective Effort_SB": 405, "Forge Devil_SB": 818, "Perilous Snare_SB": 1564, "Redcap Melee": 1691, "Invoke Despair": 1078, "Sign in Blood": 1925, "Ray of Enfeeblement_SB": 1668, "Bloodletter of Aclazotz": 219, "Kutzil's Flanker": 1190, "Overlord of the Boilerbilges": 1536, "Barrier Breach_SB": 164, "Roaring Furnace // Steaming Sauna_SB": 1758, "Enduring Courage": 689, "Rottenmouth Viper": 1770, "Beseech the Mirror_SB": 181, "Calix, Guided by Fate": 291, "Jukai Naturalist": 1109, "Restless Prairie": 1724, "Royal Treatment": 1771, "Setessan Champion": 1875, "Spirited Companion": 2025, "Trapped in the Screen": 2292, "Virtue of Loyalty": 2401, "Weaver of Harmony": 2459, "Ghostly Dancers_SB": 864, "Split Up_SB": 2028, "Trapped in the Screen_SB": 2293, "Carrot Cake": 306, "Day of Judgment": 505, "Lay Down Arms": 1203, "Ossification": 1520, "The Birth of Meletis": 2187, "Serra Paragon_SB": 1874, "Nine Lives": 1442, "Solemnity_SB": 1983, "Cryptolith Rite": 476, "Wrenn and Realmbreaker": 2507, "Yavimaya Coast": 2516, "Fog_SB": 813, "Up the Beanstalk_SB": 2359, "Young Pyromancer_SB": 2523, "Unholy Annex // Ritual Chamber_SB": 2344, "Bottomless Pool // Locker Room": 248, "Bottomless Pool // Locker Room_SB": 249, "Eidolon of Blossoms": 642, "Eidolon of Blossoms_SB": 643, "Seal from Existence_SB": 1845, "Surge of Salvation_SB": 2113, "Lightning Strike_SB": 1242, "Nowhere to Run_SB": 1468, "Authority of the Consuls": 139, "Knockout Blow": 1169, "No More Lies_SB": 1458, "Teferi, Hero of Dominaria_SB": 2150, "Hidetsugu's Second Rite": 998, "Hidetsugu's Second Rite_SB": 999, "Lavaspur Boots": 1200, "Serra Paragon": 1873, "Lightning Helix_SB": 1240, "Hidetsugu Consumes All": 996, "Ob Nixilis, the Adversary": 1479, "Incubation Druid": 1048, "Interplanar Beacon": 1063, "Kaya the Inexorable": 1129, "Mistrise Village": 1377, "Nicol Bolas, Dragon-God": 1441, "Nissa, Ascended Animist": 1446, "Ral Zarek": 1650, "Sab-Sunen, Luxa Embodied": 1789, "Tamiyo, Field Researcher": 2141, "Vraska, Betrayal's Sting": 2431, "Kunoros, Hound of Athreos_SB": 1188, "Soulless Jailer_SB": 2001, "Tersa Lightshatter": 2170, "Claim // Fame_SB": 383, "Qarsi Revenant": 1622, "Qarsi Revenant_SB": 1623, "Bladehold War-Whip": 199, "Chainsaw": 354, "Colossus Hammer": 413, "Dragonfire Blade": 600, "Fervent Champion": 776, "Kazuul's Toll Collector": 1137, "Kellan, the Fae-Blooded": 1142, "Kemba, Kha Enduring": 1143, "Legion Extruder": 1212, "Leyline Axe": 1218, "Shadowspear": 1884, "Lavaspur Boots_SB": 1201, "Nahiri, the Unforgiving_SB": 1426, "Descendant of Storms": 548, "Cease // Desist": 342, "Cram Session": 460, "Fell": 772, "Insatiable Avarice": 1055, "Restless Cottage": 1722, "The Biblioplex": 2186, "Underground Mortuary": 2335, "Valgavoth's Onslaught": 2371, "Containment Breach_SB": 437, "Environmental Sciences_SB": 700, "Introduction to Annihilation_SB": 1069, "Mascot Exhibition_SB": 1333, "Pest Summoning_SB": 1569, "Umori, the Collector_SB": 2326, "The World Tree": 2222, "Case of the Crimson Pulse": 313, "Goblin Chainwhirler_SB": 901, "Mausoleum Wanderer": 1339, "Spell Queller": 2011, "Supreme Phantom": 2107, "Rattlechains": 1663, "Spectral Sailor": 2008, "Cemetery Illuminator": 345, "Perilous Snare": 1563, "Muraganda Raceway": 1408, "Rakdos's Return_SB": 1648, "Elspeth, Storm Slayer": 668, "The Book of Exalted Deeds": 2188, "The Irencrag": 2200, "United Battlefront": 2346, "Voice of Victory": 2415, "Wedding Announcement": 2462, "Sunder the Gateway_SB": 2091, "Voice of Victory_SB": 2416, "March of Swirling Mist": 1323, "Mox Jasper": 1404, "Sea Gate Restoration": 1842, "Mistrise Village_SB": 1378, "Desperate Measures": 551, "Caustic Exhale": 333, "Dispelling Exhale": 576, "Foul-Tongue Invocation": 823, "Marang River Regent": 1315, "Restless Reef": 1725, "Scavenger Regent": 1822, "Silumgar's Scorn": 1929, "Caustic Exhale_SB": 334, "Strategic Betrayal_SB": 2072, "Katilda, Dawnhart Prime": 1127, "Secluded Courtyard": 1854, "Songcrafter Mage": 1985, "Three Tree City": 2241, "Unclaimed Territory": 2331, "Militia Bugler_SB": 1363, "Thalia, Guardian of Thraben_SB": 2178, "Cori-Steel Cutter_SB": 445, "Beseech the Mirror": 180, "Sunpearl Kirin": 2097, "Fracture_SB": 828, "Dragonskull Summit": 603, "Cori-Steel Cutter": 444, "Wild Ride": 2475, "Rot-Curse Rakshasa": 1768, "History of Benalia": 1004, "The Restoration of Eiganjo": 2209, "Jace, Vryn's Prodigy": 1092, "Blacksmith's Talent": 197, "Nahiri, Forged in Fury": 1421, "Chainsaw_SB": 355, "Strategic Betrayal": 2071, "Flashfreeze_SB": 796, "Chained to the Rocks": 352, "Treasure Map": 2299, "Archangel Elspeth": 105, "Painter's Studio // Defaced Gallery": 1546, "Pia Nalaar, Consul of Revival": 1578, "Reckless Impulse": 1680, "Wrenn's Resolve": 2508, "This Town Ain't Big Enough_SB": 2228, "Ascendant Spirit": 118, "Curious Obsession": 483, "Faceless Haven": 740, "Fading Hope": 743, "Geistlight Snare": 853, "Shacklegeist": 1881, "Snow-Covered Island": 1975, "Faceless Haven_SB": 741, "Fading Hope_SB": 744, "Westvale Abbey": 2470, "Not on My Watch_SB": 1462, "Banishing Slash": 160, "Of One Mind": 1486, "Collective Brutality_SB": 404, "Metamorphic Alteration": 1357, "Bitter Reunion": 193, "Stormscale Scion": 2067, "Stormscale Scion_SB": 2068, "Jaya, Fiery Negotiator": 1099, "Gurmag Angler": 938, "Murderous Cut": 1409, "Murderous Rider_SB": 1412, "Cori Mountain Monastery": 443, "Make Disappear": 1305, "Stormwing Entity": 2069, "High Noon": 1000, "United Battlefront_SB": 2347, "Abhorrent Oculus": 21, "Fiend Artisan": 780, "Warden of the Grove": 2439, "Deputy of Detention_SB": 547, "Reflector Mage_SB": 1697, "Surrak, Elusive Hunter_SB": 2116, "Tyvar, the Pummeler_SB": 2317, "Icon of Ancestry": 1032, "Icon of Ancestry_SB": 1033, "Lofty Denial_SB": 1267, "Fire Prophecy": 790, "Ghostly Pilferer": 865, "Slip Out the Back": 1964, "Blue Sun's Twilight_SB": 230, "Cemetery Illuminator_SB": 346, "Slip Out the Back_SB": 1965, "Katilda, Dawnhart Martyr": 1125, "Three Steps Ahead_SB": 2240, "White Sun's Twilight_SB": 2473, "Ox of Agonas": 1542, "Ox of Agonas_SB": 1543, "Paradoxical Outcome_SB": 1549, "Break Out": 258, "Conspicuous Snoop": 434, "Legion Loyalist": 1215, "Masked Vandal": 1334, "Fanatical Firebrand_SB": 753, "Gruul Charm_SB": 931, "Masked Vandal_SB": 1335, "Deathcap Glade": 517, "Preacher of the Schism": 1609, "Vivien Reid_SB": 2409, "Caustic Bronco_SB": 332, "March of Wretched Sorrow_SB": 1326, "Might of the Meek": 1360, "Case of the Stashed Skeleton": 317, "Liliana, Death's Majesty": 1250, "Rakdos Joins Up": 1647, "Raucous Theater": 1665, "Urgent Necropsy": 2366, "Lazav, Wearer of Faces": 1204, "Raffine, Scheming Seer": 1642, "Shiko, Paragon of the Way": 1911, "Doorkeeper Thrull_SB": 592, "Decadent Dragon_SB": 520, "Haywire Mite": 960, "Pawpatch Formation": 1557, "Scavenger's Talent_SB": 1824, "Ygra, Eater of All_SB": 2518, "Agent of Treachery_SB": 58, "Mukotai Ambusher": 1406, "Undead Sprinter_SB": 2333, "Runed Halo": 1780, "Boros Reckoner": 242, "Elspeth, Storm Slayer_SB": 669, "Basri, Tomorrow's Champion": 168, "Mantis Rider": 1314, "Mardu Siegebreaker": 1327, "Skrelv, Defector Mite": 1946, "Kitesail Larcenist_SB": 1157, "Narset's Reversal_SB": 1428, "Experimental Synthesizer": 726, "Crackling Drake": 455, "Bushwhack": 283, "Phyrexian Obliterator": 1577, "Archfiend of the Dross_SB": 109, "Craterhoof Behemoth": 462, "Sanguine Evangelist": 1806, "Atarka's Command_SB": 130, "Culling Ritual": 479, "Decisive Denial": 521, "Ebondeath, Dracolich": 639, "Ertai's Scorn": 705, "Horned Loch-Whale": 1017, "Phantom Interference": 1570, "Quick Study": 1632, "Rakshasa's Bargain": 1649, "Rewind": 1735, "Tear Asunder": 2146, "Unwind": 2357, "Awaken the Honored Dead_SB": 145, "Deathmark_SB": 518, "Gaze of Granite_SB": 851, "Lutri, the Spellchaser_SB": 1291, "Shadows' Verdict_SB": 1883, "Specter's Shriek_SB": 2007, "Thrun, Breaker of Silence_SB": 2244, "Abrade": 23, "Collected Company_SB": 402, "Herald of Eternal Dawn_SB": 986, "Long Goodbye": 1268, "Yathan Roadwatcher": 2515, "Jeskai Revelation": 1101, "Stern Lesson": 2047, "Chained to the Rocks_SB": 353, "Lightning Axe_SB": 1238, "Selfless Savior": 1867, "Youthful Valkyrie": 2524, "Legion Angel": 1210, "Wojek Investigator": 2500, "Legion Angel_SB": 1211, "Apostle of Purifying Light_SB": 98, "Norin, Swift Survivalist": 1460, "Zurgo Bellstriker": 2538, "Targ Nar, Demon-Fang Gnoll": 2143, "Natural State_SB": 1432, "Severance Priest": 1879, "Gladecover Scout": 884, "Light-Paws, Emperor's Voice": 1236, "Sixth Sense": 1941, "Ethereal Armor": 715, "All That Glitters": 67, "Audacity": 133, "Kaya's Ghostform": 1130, "Gryff's Boon": 933, "Sentinel's Eyes": 1871, "Hammerhand": 951, "Aqueous Form": 100, "Cartouche of Solidarity": 309, "Alpha Authority": 69, "Toadstool Admirer": 2263, "Restless Vents": 1728, "Connive // Concoct": 429, "Creative Outburst": 464, "Temple of Deceit": 2153, "Temple of Enlightenment": 2154, "Temple of Malice": 2157, "Temple of Silence": 2159, "Temple of Triumph": 2160, "Dig Through Time_SB": 562, "Sire of Seven Deaths_SB": 1940, "Ray of Frost_SB": 1669, "Bontu's Last Reckoning_SB": 239, "Deafening Silence": 515, "Hardened Scales": 954, "Basilisk Collar_SB": 167, "Fiery Annihilation_SB": 781, "Dragonlord Silumgar": 602, "Mastermind's Acquisition": 1337, "Painful Truths": 1545, "Search for Azcanta": 1848, "Supreme Will": 2110, "Contraband Kingpin_SB": 440, "Village Rites": 2396, "Llanowar Visionary": 1264, "Devout Decree_SB": 557, "Robber of the Rich_SB": 1760, "Snakeskin Veil_SB": 1973, "Feed the Cycle": 768, "Freestrider Lookout": 830, "Ghost Vacuum": 861, "Ugin, Eye of the Storms": 2318, "Crash Through": 461, "Izzet Charm": 1088, "Bond of Insight": 234, "The Sibsig Ceremony": 2214, "Friendly Teddy": 832, "Experiment One": 722, "Kitesail Freebooter_SB": 1155, "Agatha of the Vile Cauldron": 54, "Lost Jitte": 1277, "Muerra, Trash Tactician": 1405, "Cut // Ribbons": 486, "Dusk Legion Zealot": 635, "Markov Baron": 1332, "Patchwork Banner": 1553, "Soul Transfer": 1993, "Voldaren Thrillseeker": 2424, "Bedevil_SB": 177, "Champion of Dusk_SB": 357, "Deadly Dispute_SB": 512, "Soul Transfer_SB": 1994, "Devilish Valet": 556, "Runaway Steam-Kin": 1776, "Grinning Ignus": 927, "Birgi, God of Storytelling": 190, "Hazoret's Monument": 965, "Light Up the Night": 1231, "Cemetery Prowler_SB": 347, "Nissa, Steward of Elements_SB": 1449, "Tamiyo's Safekeeping_SB": 2139, "Kishla Village": 1153, "Greedy Freebooter": 923, "Shambling Ghast": 1888, "Hangarback Walker": 952, "Marketback Walker": 1331, "Diabolic Intent": 559, "Scrapwork Mutt": 1838, "Gleaming Barrier": 887, "Liliana's Standard Bearer": 1249, "Callous Bloodmage_SB": 293, "Overlord of the Balemurk_SB": 1535, "Rampaging Ferocidon": 1657, "Stormchaser's Talent_SB": 2066, "Baneslayer Angel_SB": 159, "Gods Willing": 905, "Light of Hope_SB": 1235, "Shardmage's Rescue_SB": 1894, "Sokenzan, Crucible of Defiance_SB": 1982, "Spring-Loaded Sawblades": 2030, "Dennick, Pious Apprentice_SB": 544, "Exorcise_SB": 719, "Pest Control_SB": 1568, "Settle the Wreckage_SB": 1878, "Shadows' Verdict": 1882, "The Book of Exalted Deeds_SB": 2189, "Slaughter Games_SB": 1958, "Stubborn Denial": 2077, "Case of the Uneaten Feast": 318, "Lunarch Veteran": 1288, "Trelasarra, Moon Dancer": 2301, "Voice of the Blessed": 2417, "Guardian of Faith_SB": 935, "Kaito Shizuki": 1114, "Shoot the Sheriff": 1916, "Silent Hallcreeper": 1928, "Ashiok, Nightmare Weaver_SB": 124, "Evolved Sleeper": 717, "Tenacious Underdog_SB": 2166, "Rediscover the Way": 1693, "Balmor, Battlemage Captain": 154, "Witherbloom Command_SB": 2493, "Sram, Senior Edificer": 2035, "Shapers' Sanctuary": 1891, "Eidolon of Rhetoric_SB": 644, "Wizard's Retort_SB": 2498, "Commit // Memory": 417, "Clever Lumimancer": 390, "Eldritch Evolution": 653, "Scrabbling Claws_SB": 1834, "Niv-Mizzet, Parun": 1453, "Sweltering Suns": 2122, "Consign // Oblivion_SB": 433, "Marang River Regent_SB": 1318, "Katilda, Dawnhart Martyr_SB": 1126, "Blossoming Defense": 224, "Giant Growth": 868, "Heritage Reclamation_SB": 990, "Omnath, Locus of the Roil": 1502, "Lilah, Undefeated Slickshot": 1246, "Tolsimir, Friend to Wolves_SB": 2267, "Brimaz, King of Oreskos": 262, "Brutal Cathar": 273, "Welcoming Vampire": 2466, "Intimidation Tactics": 1065, "Liliana, Dreadhorde General_SB": 1252, "Spirit-Sister's Call": 2023, "Bandit's Talent_SB": 156, "Fountainport Bell": 827, "Dreams of Steel and Oil_SB": 621, "Gonti, Lord of Luxury_SB": 911, "Lantern of the Lost_SB": 1199, "Frontline Rush": 833, "Soaring Thought-Thief": 1980, "Thieves' Guild Enforcer": 2224, "Enduring Curiosity_SB": 691, "Mortify_SB": 1398, "Hazoret, Godseeker": 966, "Treasure Cruise_SB": 2298, "Strangle_SB": 2070, "Drake Hatcher": 604, "Canyon Slough": 300, "Captain Lannery Storm": 303, "Charming Scoundrel": 375, "Collector's Vault": 408, "Goldhound": 907, "Goldspan Dragon": 908, "Inventors' Fair": 1076, "Kalain, Reclusive Painter": 1117, "Marionette Master": 1329, "Reckless Fireweaver": 1679, "Soul-Guide Lantern": 1995, "Sticky Fingers": 2048, "Treasure Vault": 2300, "Vraska's Contempt": 2430, "Karn, Scion of Urza_SB": 1123, "Moment of Craving_SB": 1385, "Noxious Gearhulk_SB": 1470, "Ratchet Bomb_SB": 1662, "Unlicensed Disintegration_SB": 2348, "Eshki Dragonclaw": 707, "Herd Heirloom": 987, "Rhonas the Indomitable": 1736, "The Huntsman's Redemption": 2199, "Stubborn Denial_SB": 2078, "The Akroan War_SB": 2185, "Quicken": 1633, "Unlicensed Hearse": 2349, "Amonkhet Raceway": 77, "The Speed Demon": 2215, "Soulstone Sanctuary": 2003, "Ral, Crackling Wit_SB": 1653, "Seal from Existence": 1844, "Shore Up": 1918, "Aetherflux Reservoir_SB": 48, "Shore Up_SB": 1919, "Gideon, Ally of Zendikar_SB": 873, "Horned Loch-Whale_SB": 1018, "Illness in the Ranks_SB": 1038, "Phyrexian Arena_SB": 1573, "Abbot of Keral Keep": 19, "Anax, Hardened in the Forge": 79, "Dreadmaw's Ire": 613, "Incendiary Flow": 1047, "Invigorated Rampage": 1077, "Rimrock Knight": 1740, "Shock": 1914, "Torbran, Thane of Red Fell": 2272, "Wild Slash": 2476, "Dire Fleet Daredevil_SB": 564, "Flame-Blessed Bolt_SB": 795, "Sword of Once and Future_SB": 2127, "Magebane Lizard": 1299, "Virulent Plague_SB": 2405, "Rebel Salvo_SB": 1676, "Behold the Beyond": 178, "Impulse": 1045, "Temple of Mystery": 2158, "Arboreal Grazer_SB": 104, "Grand Abolisher_SB": 916, "Brass's Tunnel-Grinder": 253, "Big Score": 184, "Brotherhood's End": 269, "Snow-Covered Plains": 1977, "Sunset Revelry": 2100, "Unexpected Windfall": 2340, "Worldspine Wurm": 2505, "Xenagos, God of Revels": 2510, "Dromoka's Command": 625, "Elite Spellbinder": 662, "Defabricate_SB": 529, "Augur of Bolas": 136, "Essence Flux": 711, "Fallaji Archaeologist": 751, "Neoform": 1440, "Tyvar's Stand": 2313, "Herald of Eternal Dawn": 985, "Skrelv's Hive": 1945, "Worldspine Wurm_SB": 2506, "Collector's Cage_SB": 407, "Ledger Shredder_SB": 1209, "Vaultborn Tyrant_SB": 2390, "Dispel_SB": 575, "Sphinx of the Final Word_SB": 2015, "Ajani, Strength of the Pride": 61, "Hushbringer_SB": 1028, "Ureni, the Song Unending": 2364, "Collective Brutality": 403, "Faithful Mending": 749, "Kiora, the Rising Tide": 1152, "Elenda, Saint of Dusk_SB": 658, "Hooting Mandrills": 1010, "Jin-Gitaxias, Progress Tyrant_SB": 1104, "Smuggler's Surprise_SB": 1971, "Toxrill, the Corrosive_SB": 2283, "Lively Dirge": 1262, "Evangel of Synthesis": 716, "Dire Tactics": 565, "Order of Midnight": 1515, "Luminarch Aspirant": 1286, "Giant Killer": 869, "Jirina, Dauntless General_SB": 1106, "Plargg, Dean of Chaos": 1591, "Reluctant Role Model": 1705, "Brave the Elements": 254, "Requisition Raid_SB": 1713, "Zoetic Glyph": 2535, "Sweltering Suns_SB": 2123, "The Enigma Jewel": 2194, "Duelist of the Mind": 631, "Portent of Calamity": 1607, "Extraordinary Journey": 733, "Omen Hawker": 1494, "Concerted Defense_SB": 424, "Rapid Hybridization_SB": 1661, "Titan of Industry": 2259, "Invasion of Ergamon": 1070, "Vampires' Vengeance": 2383, "Loran of the Third Path": 1272, "Awaken the Honored Dead": 144, "Ghostly Dancers": 863, "Anointed Peacekeeper_SB": 96, "Heliod, the Radiant Dawn_SB": 980, "Kozilek's Return_SB": 1179, "Soul-Guide Lantern_SB": 1996, "Twisted Fealty_SB": 2311, "Cathartic Reunion": 328, "Draconautics Engineer": 596, "Ancient Imperiosaur": 83, "Afterburner Expert": 50, "Gastal Thrillroller_SB": 846, "Razorkin Needlehead": 1671, "Virtue of Courage": 2400, "Viashino Pyromancer": 2395, "Ball Lightning": 153, "Scytheclaw Raptor_SB": 1841, "Doom Whisperer_SB": 590, "Feather, the Redeemed": 765, "Clifftop Retreat": 392, "Feather, the Redeemed_SB": 766, "Chandra, Hope's Beacon": 367, "Discontinuity": 568, "Obscura Storefront": 1483, "Shambling Vent": 1890, "Disfigure_SB": 573, "Feed the Swarm": 769, "Commit // Memory_SB": 418, "Blue Sun's Twilight": 229, "Conduit Pylons": 426, "Ipnu Rivulet": 1080, "Outcaster Greenblade": 1527, "Clockwork Percussionist": 395, "Voltage Surge": 2426, "Fae of Wishes_SB": 746, "Anger of the Gods": 85, "Tribute to Horobi": 2302, "Drake Hatcher_SB": 605, "Koth, Fire of Resistance_SB": 1177, "Brass Knuckles": 252, "Fabrication Foundry": 739, "Ingenious Smith": 1053, "Metalwork Colossus": 1356, "Moonsnare Prototype": 1396, "Sanctum of Ugin": 1802, "Wedding Invitation": 2464, "Glass Casket_SB": 885, "Repurposing Bay_SB": 1712, "Niv-Mizzet, Visionary_SB": 1456, "Searing Blood": 1850, "Invasion of Gobakhan": 1071, "Despark_SB": 550, "Slaughter Singer": 1959, "Venerated Rotpriest": 2393, "The Seedcore": 2213, "Crawling Chorus": 463, "Annex Sentry": 89, "Bloated Contaminator": 212, "Jawbone Duelist": 1098, "Overprotect": 1540, "Ajani, Sleeper Agent_SB": 60, "Phyrexian Censor_SB": 1574, "Tyvar's Stand_SB": 2314, "Dewdrop Cure_SB": 558, "Annex Sentry_SB": 90, "Melira, the Living Cure_SB": 1347, "Dennick, Pious Apprentice": 543, "Angrath, the Flame-Chained_SB": 87, "Hallowed Moonlight_SB": 949, "Fateful Absence_SB": 759, "Selfless Spirit_SB": 1868, "Baleful Mastery": 152, "Agonizing Remorse_SB": 59, "Soulflayer": 1999, "Zetalpa, Primal Dawn": 2531, "Striped Riverwinder": 2076, "Urborg Scavengers": 2362, "Oracle of Tragedy": 1514, "Gurmag Nightwatch": 939, "Assassin's Trophy_SB": 127, "Secrets of the Key": 1855, "Ashen Rider": 120, "Questing Beast": 1628, "Glorybringer": 895, "Scavenging Ooze": 1825, "Mizzium Mortars": 1379, "Shifting Ceratops_SB": 1909, "Not on My Watch": 1461, "Scattered Thoughts": 1821, "Nature's Rhythm": 1433, "Dryad's Revival": 630, "Port of Karfell": 1602, "Mabel, Heir to Cragflame_SB": 1292, "Titania, Voice of Gaea_SB": 2262, "Atraxa, Grand Unifier_SB": 132, "Wear Down_SB": 2457, "Slagstorm_SB": 1957, "Scorching Dragonfire_SB": 1829, "Stern Dismissal_SB": 2046, "Cartouche of Zeal": 311, "Skylasher_SB": 1953, "Repel the Abominable": 1709, "Thalia, Heretic Cathar": 2179, "Repel the Abominable_SB": 1710, "Vineglimmer Snarl": 2397, "Port Town": 1601, "Mystic Reflection": 1418, "Heroic Intervention": 993, "Emergence Zone": 679, "Augmenter Pugilist": 134, "Augur of Autumn": 135, "Simic Charm": 1932, "Fortified Village": 822, "Biovisionary": 189, "Repudiate // Replicate_SB": 1711, "Chord of Calling_SB": 377, "Baird, Steward of Argive_SB": 150, "Dusk // Dawn_SB": 634, "Dark Petition_SB": 496, "Vampires' Vengeance_SB": 2384, "Heliod's Pilgrim_SB": 976, "Kaya's Ghostform_SB": 1131, "Skrelv, Defector Mite_SB": 1947, "March of Wretched Sorrow": 1325, "Call of the Death-Dweller": 292, "Unlucky Witness": 2351, "Ritual of Soot_SB": 1751, "Pyroclasm": 1620, "Hornet Queen": 1019, "Ojer Taq, Deepest Foundation": 1490, "Lord Skitter, Sewer King": 1276, "Aclazotz, Deepest Betrayal_SB": 33, "Tomik, Distinguished Advokist_SB": 2269, "Urza's Ruinous Blast_SB": 2368, "Hearth Elemental": 969, "Kaya, Orzhov Usurper": 1133, "Sanguine Evangelist_SB": 1807, "Spirit-Sister's Call_SB": 2024, "Demonic Counsel": 540, "Consuming Fervor": 436, "Aetherflux Reservoir": 47, "Summary Dismissal_SB": 2083, "Mountain_SB": 1401, "Portal to Phyrexia": 1605, "Flowerfoot Swordmaster": 809, "Lamplight Phoenix_SB": 1195, "Smoldering Egg": 1968, "Ovalchase Daredevil": 1531, "Inscribed Tablet": 1056, "Scourge of the Skyclaves": 1831, "Warlock Class": 2442, "Lich-Knights' Conquest": 1228, "Silent Gravestone_SB": 1927, "Ulcerate_SB": 2322, "Kaervek, the Spiteful_SB": 1112, "Can't Stay Away_SB": 298, "Rune of Might": 1778, "Voice of Resurgence_SB": 2414, "Disenchant_SB": 572, "Feldon, Ronom Excavator": 771, "Infuriate_SB": 1052, "Krenko's Buzzcrusher": 1181, "Wandering Mind": 2437, "Candy Trail": 299, "Colossal Skyturtle": 410, "Mirrorshell Crab": 1368, "Teferi, Who Slows the Sunset": 2151, "Chaos Wand_SB": 374, "Dissection Tools_SB": 580, "Jace, the Perfected Mind_SB": 1096, "Zirda, the Dawnwaker_SB": 2534, "Recommission_SB": 1689, "Abbot of Keral Keep_SB": 20, "Clarion Conqueror_SB": 386, "Rabbit Battery": 1636, "Dream Trawler": 615, "Dream Trawler_SB": 616, "Surge of Righteousness_SB": 2111, "Faerie Dreamthief": 747, "Helping Hand": 981, "Steamcore Scholar": 2044, "Winternight Stories": 2486, "Defabricate": 528, "Immortal Phoenix_SB": 1041, "Seasons Past": 1853, "Crystal Barricade_SB": 477, "Abuelo's Awakening": 29, "Summon: Knights of Round": 2085, "Yuna, Hope of Spira": 2525, "Blisterpod": 208, "Cartel Aristocrat": 308, "Catacomb Sifter": 325, "Rally the Ancestors": 1655, "Sephiroth, Fabled SOLDIER": 1872, "Starting Town": 2042, "Heliod, Sun-Crowned_SB": 978, "Ruthless Lawbringer_SB": 1786, "Cunning Coyote_SB": 482, "Lightwheel Enhancements": 1245, "Joshua, Phoenix's Dominant": 1107, "Kroxa and Kunoros": 1183, "Terra, Magical Adept": 2168, "Dark Confidant_SB": 494, "Vivi Ornitier": 2407, "Ishgard, the Holy See": 1083, "Secure the Wastes": 1856, "Unflinching Courage": 2341, "Unflinching Courage_SB": 2342, "Vivi Ornitier_SB": 2408, "Eiganjo, Seat of the Empire_SB": 648, "Demon Wall": 538, "Fire Magic_SB": 789, "Twinmaw Stormbrood_SB": 2310, "Crumbling Vestige": 468, "Echoing Deeps": 640, "Glimpse the Core": 890, "Hour of Promise": 1024, "Scapeshift": 1819, "The Wandering Minstrel": 2219, "Kura, the Boundless Sky_SB": 1189, "Maelstrom of the Spirit Dragon_SB": 1296, "Toski, Bearer of Secrets_SB": 2280, "Opera Love Song": 1508, "Elder Gargaroth": 650, "Surrak, Elusive Hunter": 2115, "Esper Origins": 709, "Cecil, Dark Knight": 344, "Dark Confidant": 493, "Gix, Yawgmoth Praetor": 882, "Vren, the Relentless_SB": 2434, "Cryptcaller Chariot": 472, "Hostile Investigator_SB": 1023, "Tyrranax Rex_SB": 2312, "Tinybones, the Pickpocket": 2254, "Furnace Reins_SB": 837, "Bloodsoaked Champion": 220, "Kitesail Freebooter": 1154, "Lantern Scout_SB": 1198, "Sin Collector_SB": 1935, "Market Gnome": 1330, "Ancient Adamantoise": 81, "Buster Sword": 284, "Freya Crescent": 831, "Smitten Swordmaster": 1967, "Monastery Swiftspear_SB": 1389, "Summon: Leviathan": 2086, "Quicken_SB": 1634, "Alesha, Who Laughs at Fate": 65, "Jirina, Dauntless General": 1105, "Zack Fair": 2528, "Bile Blight": 185, "Ruthless Negotiation_SB": 1788, "Staggering Insight": 2037, "Sporogenic Infection_SB": 2029, "Al Bhed Salvagers": 63, "Tocasia's Welcome": 2264, "Fleeting Spirit": 800, "Saiba Cryptomancer": 1796, "Warbriar Blessing": 2438, "The Raven Man": 2208, "Glistening Deluge_SB": 893, "Gryff's Boon_SB": 934, "Wilt-Leaf Liege_SB": 2481, "Demolition Field_SB": 537, "Saiba Cryptomancer_SB": 1797, "Lindblum, Industrial Regency": 1255, "Rune of Sustenance_SB": 1779, "Rain of Revelation": 1643, "Ultima": 2323, "Shatter the Sky_SB": 1897, "Touch the Spirit Realm": 2281, "Disturbing Mirth": 582, "Rite of Oblivion_SB": 1749, "Runed Halo_SB": 1781, "Doomsday Excruciator_SB": 591, "Cloud of Darkness_SB": 396, "Outrageous Robbery_SB": 1530, "Eject_SB": 649, "Lindblum, Industrial Regency_SB": 1256, "Sphinx's Tutelage": 2017, "The Water Crystal": 2221, "Long Goodbye_SB": 1269, "Cerulean Drake_SB": 351, "Blossoming Defense_SB": 225, "Ureni, the Song Unending_SB": 2365, "Angel of Serenity": 84, "Hinterland Harbor": 1002, "Cloud, Midgar Mercenary": 397, "Machinist's Arsenal": 1293, "Paladin's Arms": 1547, "Raubahn, Bull of Ala Mhigo": 1664, "Sigarda's Aid": 1924, "The Filigree Sylex_SB": 2196, "Hullbreaker Horror": 1026, "Bonny Pall, Clearcutter_SB": 238, "Titan of Industry_SB": 2260, "Search for Azcanta_SB": 1849, "Emet-Selch, Unsundered": 683, "Lazav, the Multifarious": 1205, "Medomai the Ageless": 1346, "Valentin, Dean of the Vein": 2370, "Bonders' Enclave": 235, "Nissa's Pilgrimage": 1445, "Ulamog, the Ceaseless Hunger": 2321, "Old-Growth Troll_SB": 1492, "Ugin, the Spirit Dragon_SB": 2320, "Banefire_SB": 158, "Astrologian's Planisphere": 128, "Slickshot Show-Off_SB": 1963, "Camellia, the Seedmiser_SB": 296, "Insidious Fungus_SB": 1058, "Massacre Girl_SB": 1336, "Trail of Crumbs_SB": 2287, "Webstrike Elite_SB": 2461, "Sunscorched Desert": 2099, "Plumecreed Escort": 1597, "Restoration Magic_SB": 1729, "Staggering Insight_SB": 2038, "Expedite": 720, "Kefka, Court Mage": 1139, "Anim Pakal, Thousandth Moon": 88, "Embercleave_SB": 677, "Mox Amber_SB": 1403, "Retraction Helix_SB": 1731, "Exsanguinate": 727, "Hedge Shredder": 973, "Genesis Wave": 855, "Return the Favor_SB": 1732, "Kogla and Yidaro_SB": 1171, "Revival // Revenge": 1734, "Vampire Socialite": 2381, "Legion Lieutenant": 1214, "Vito, Thorn of the Dusk Rose": 2406, "Vampire of the Dire Moon": 2382, "Voldaren Bloodcaster_SB": 2422, "Florian, Voldaren Scion_SB": 808, "Stingerback Terror": 2049, "Mistbreath Elder": 1376, "Pawpatch Recruit_SB": 1560, "Lightning, Army of One": 1243, "Founding the Third Path": 824, "No One Left Behind": 1459, "Isareth the Awakener": 1082, "Urza's Ruinous Blast": 2367, "Venat, Heart of Hydaelyn": 2391, "Liliana, the Last Hope": 1253, "Thassa's Oracle": 2180, "Rush of Adrenaline": 1783, "Channeled Dragonfire": 373, "Stadium Headliner": 2036, "Roil Eruption": 1764, "Burnout Bashtronaut": 280, "Reckless Lackey": 1681, "Didn't Say Please": 560, "Ruin Crab": 1775, "Merfolk Windrobber": 1352, "Essence Scatter": 712, "Into the Story": 1068, "Field of Ruin_SB": 779, "Roiling Dragonstorm": 1765, "Chandra, Dressed to Kill": 364, "End the Festivities": 687, "Raze the Effigy_SB": 1670, "Midgar, City of Mako": 1359, "Divine Smite_SB": 585, "Heritage Reclamation": 989, "Riverchurn Monument_SB": 1752, "Goblin Chainwhirler": 900, "Leyline of Combustion_SB": 1220, "Sorceress's Schemes": 1986, "Halvar, God of Battle_SB": 950, "Unexpected Request_SB": 2338, "Binding the Old Gods": 187, "Tireless Tracker": 2255, "Jaddi Offshoot_SB": 1097, "Linvala, the Preserver_SB": 1258, "Yahenni's Expertise": 2512, "The Wandering Minstrel_SB": 2220, "Molt Tender": 1381, "Osteomancer Adept": 1522, "Snarling Gorehound": 1974, "Deep-Cavern Bat_SB": 526, "Scavenging Ooze_SB": 1826, "Lotleth Troll": 1278, "Nullhide Ferox": 1471, "Samut, Voice of Dissent": 1800, "Smuggler's Surprise": 1970, "Speaker of the Heavens": 2006, "Delney, Streetwise Lookout": 532, "Woe Strider": 2499, "Leyline of Transformation": 1224, "Combat Research": 414, "Forest_SB": 817, "Storm Herald_SB": 2059, "Cartouche of Solidarity_SB": 310, "Ertai Resurrected": 703, "Disdainful Stroke": 570, "Scatter Ray": 1820, "Refute": 1698, "Sinister Sabotage": 1937, "Cornered by Black Mages": 446, "Sunken Hollow": 2096, "Eliminate_SB": 661, "Cry of the Carnarium_SB": 469, "Enter the God-Eternals_SB": 698, "Great Arashin City": 921, "Keen-Eyed Curator_SB": 1138, "Nissa, Voice of Zendikar_SB": 1450, "Elvish Archivist": 672, "Resolute Strike": 1717, "Sin, Spira's Punishment": 1936, "Capital City": 301, "Jidoor, Aristocratic Capital": 1103, "Coveted Falcon": 454, "Auroral Procession": 138, "Omnath, Locus of Creation_SB": 1501, "Absorb": 28, "Sphinx's Revelation": 2016, "Void Rend": 2418, "Haunted Dead": 957, "Driven // Despair": 623, "Quag Feast_SB": 1625, "Thunder Magic_SB": 2247, "Agatha's Soul Cauldron_SB": 56, "Goblin Ringleader_SB": 903, "Storm Herald": 2058, "Disruptive Stormbrood": 578, "Burning Anger": 277, "Colossification": 412, "Languish": 1196, "Ritual of Soot": 1750, "Drag the Canal_SB": 597, "Ugin, the Spirit Dragon": 2319, "Forsaken Monument": 820, "Wastes": 2450, "Haven of the Spirit Dragon": 959, "Crystal Grotto": 478, "Warping Wail": 2443, "Fomori Vault": 814, "Hedron Archive": 974, "The Mightstone and Weakstone": 2204, "The Celestus": 2190, "Adventurer's Inn": 39, "Patchwork Automaton_SB": 1552, "Mazemind Tome_SB": 1344, "Thought-Knot Seer_SB": 2233, "Dwarven Mine": 638, "Dragon Fodder": 598, "Hordeling Outburst": 1016, "Lukka, Coppercoat Outcast": 1285, "Satyr's Cunning": 1813, "Ral's Reinforcements": 1651, "Song of Totentanz": 1984, "Cavalcade of Calamity_SB": 336, "Impact Tremors_SB": 1043, "Mechanized Warfare_SB": 1345, "Torbran, Thane of Red Fell_SB": 2273, "Snow-Covered Swamp_SB": 1979, "Shattered Sanctum_SB": 1899, "Concealed Courtyard_SB": 422, "Shadowy Backstreet_SB": 1887, "Doom Foretold_SB": 589, "Hopeful Vigil_SB": 1014, "(THB) 117_SB": 15, "(DMU) 244_SB": 4, "(WOE) 95_SB": 18, "(M20) 94_SB": 10, "(SLD) 325_SB": 13, "(BRO) 16_SB": 1, "(STX) 72_SB": 14, "(FDN) 704_SB": 7, "(BLB) 83_SB": 0, "(OTJ) 108_SB": 12, "(BRO) 26_SB": 2, "(WOE) 29_SB": 17, "(DAR) 213_SB": 3, "(KLR) 84_SB": 8, "(LCI) 128_SB": 9, "(DSK) 111_SB": 5, "(MID) 112_SB": 11, "(THB) 121_SB": 16, "(FDN) 137_SB": 6, "Touch the Spirit Realm_SB": 2282, "Tormod's Crypt": 2276, "Saheeli, Filigree Master_SB": 1792, "Fighter Class": 786, "Self-Destruct": 1865, "Lion Sash_SB": 1260, "March of Otherworldly Light_SB": 1322, "Stormcarved Coast_SB": 2062, "Misery's Shadow_SB": 1371, "Undead Butler": 2332, "Willow Geist": 2479, "The Aetherspark": 2182, "Curse of Silence_SB": 485, "Miscast_SB": 1370, "Matoya, Archon Elder_SB": 1338, "Blossoming Tortoise": 226, "Blossoming Tortoise_SB": 227, "Summon: Leviathan_SB": 2087, "Aether Channeler": 42, "Aether Channeler_SB": 43, "Lion Sash": 1259, "Ephara's Dispersal": 701, "Lush Oasis": 1289, "Aftermath Analyst_SB": 52, "Ulvenwald Oddity_SB": 2325, "Mystic Sanctuary": 1419, "Broken Bond_SB": 267, "Nissa, Ascended Animist_SB": 1447, "Leyline of Transformation_SB": 1225, "Fleeting Spirit_SB": 801, "Knight of Dusk's Shadow_SB": 1163, "Bartolom\u00e9 del Presidio": 165, "Zulaport Cutthroat": 2536, "Dread Presence": 609, "Cyclonic Rift_SB": 490, "Sultai Charm_SB": 2082, "Kinnan, Bonder Prodigy": 1150, "Valley Questcaller": 2379, "Choco, Seeker of Paradise": 376, "Sazh's Chocobo": 1818, "Traveling Chocobo": 2294, "Sazh Katzroy": 1817, "Cloudfin Raptor": 399, "Bartz and Boko": 166, "Dazzling Denial": 508, "Ambrosia Whiteheart": 76, "Aven Mindcensor_SB": 143, "Waker of Waves": 2435, "Discovery // Dispersal": 569, "Consecrate // Consume_SB": 430, "Reduce // Rubble_SB": 1695, "Scrapshooter": 1836, "Kenrith's Transformation_SB": 1144, "Wolfwillow Haven_SB": 2502, "Questing Beast_SB": 1629, "Magic Damper": 1301, "Magic Damper_SB": 1302, "Buster Sword_SB": 285, "The Aetherspark_SB": 2183, "Sword of Forge and Frontier_SB": 2126, "Cloudsteel Kirin_SB": 400, "Peerless Recycling_SB": 1561, "Fateful Absence": 758, "Hallowed Moonlight": 948, "Joust Through_SB": 1108, "Filter Out_SB": 787, "Dreams of Laguna": 619, "Whir of Invention_SB": 2472, "Zirda, the Dawnwaker": 2533, "Xenagos, the Reveler": 2511, "Anzrag, the Quake-Mole": 97, "Svella, Ice Shaper": 2118, "Collision // Colossus_SB": 409, "Lukka, Bound to Ruin_SB": 1284, "Blitz of the Thunder-Raptor_SB": 210, "Rebel Salvo": 1675, "Nahiri, Heir of the Ancients_SB": 1422, "Aether Hub": 46, "Power Word Kill": 1608, "Marang River Regent // Coil and Catch": 1316, "Felothar, Dawn of the Abzan": 775, "Skirmish Rhino": 1944, "Sandsteppe Citadel": 1803, "Brimaz, King of Oreskos_SB": 263, "Regal Caracal_SB": 1700, "Thunder Magic": 2246, "Absolute Virtue_SB": 27, "Fire Prophecy_SB": 791, "Mirrorpool": 1367, "Moment of Craving": 1384, "Cloud, Midgar Mercenary_SB": 398, "Mirrorshell Crab_SB": 1369, "Vanquish the Horde_SB": 2388, "Fire Magic": 788, "Commune with Beavers": 419, "Blitz of the Thunder-Raptor": 209, "Unexpected Request": 2337, "Seed of Hope": 1857, "Thrilling Discovery": 2243, "Cavern of Souls_SB": 340, "Yuna, Hope of Spira_SB": 2526, "Swiftfoot Boots": 2124, "Summon: Primal Odin": 2088, "Vraska, Golgari Queen_SB": 2433, "Lazotep Plating": 1206, "Ochre Jelly": 1485, "The Ozolith": 2207, "Botanical Brawler": 246, "Kutzil, Malamet Exemplar": 1192, "Conclave Mentor": 425, "Pelt Collector": 1562, "Fight as One_SB": 785, "Garruk's Harbinger_SB": 843, "Patchwork Beastie": 1554, "Wildfire Wickerfolk": 2478, "Beastie Beatdown": 175, "Ogre-Head Helm": 1487, "Violent Urge": 2399, "Caelorna, Coral Tyrant_SB": 290, "Fade from History_SB": 742, "Return to Nature_SB": 1733, "Skyreaping_SB": 1954, "Ezrim, Agency Chief_SB": 735, "Werewolf Pack Leader": 2469, "Axgard Armory": 146, "Bramble Familiar": 250, "Make Your Own Luck": 1307, "One with the Multiverse": 1505, "Overwhelming Splendor": 1541, "Unexpected Results": 2339, "Flowstone Infusion_SB": 811, "Invasive Surgery_SB": 1075, "Den of the Bugbear_SB": 542, "Cryptcaller Chariot_SB": 473, "Bolas's Citadel": 231, "Sorcerous Spyglass_SB": 1987, "Blink of an Eye_SB": 207, "Ashaya, Soul of the Wild": 119, "Elvish Reclaimer": 674, "Green Sun's Twilight": 924, "The Last Ride": 2201, "Warrant // Warden_SB": 2446, "Reinforced Ronin": 1702, "Showdown of the Skalds": 1920, "Disruptive Stormbrood_SB": 579, "Drogskol Reaver": 624, "Cragplate Baloth": 459, "Fleetfoot Dancer": 798, "Tail Swipe": 2134, "Wildborn Preserver": 2477, "Implement of Combustion": 1044, "Oni-Cult Anvil": 1506, "Weapons Manufacturing": 2454, "Mayhem Devil_SB": 1341, "Tarrian's Journal_SB": 2144, "Hollow One": 1006, "Hemosymbic Mite": 982, "Kaito, Bane of Nightmares_SB": 1116, "Seam Rip": 1846, "Seam Rip_SB": 1847, "Pinnacle Starcage_SB": 1585, "Ephara's Dispersal_SB": 702, "Kavaron Harrier": 1128, "Nutrient Block": 1474, "Consult the Star Charts": 435, "Tifa Lockhart": 2252, "Essence Channeler": 710, "Exemplar of Light": 718, "Haliya, Guided by Light": 944, "Sanctify_SB": 1801, "Vivien, Arkbow Ranger": 2410, "Wakeroot Elemental_SB": 2436, "Icetill Explorer": 1030, "Aetherize_SB": 49, "Icetill Explorer_SB": 1031, "Rust Goliath": 1784, "Grab the Prize": 913, "Thrill of Possibility": 2242, "Fling": 803, "Mishra, Tamer of Mak Fawa": 1374, "Artificer's Dragon": 116, "Mishra, Excavation Prodigy_SB": 1373, "Shock_SB": 1915, "Insult // Injury_SB": 1062, "Chandra, Flame's Fury": 366, "Chandra's Spitfire": 361, "Unchained Berserker": 2329, "Ember Hauler": 675, "Fanatical Firebrand": 752, "Drakuseth, Maw of Flames": 606, "Cavalcade of Calamity": 335, "Arni Brokenbrow": 115, "Scorch Spitter": 1827, "The Flame of Keld": 2197, "Chandra's Flame Wave": 360, "Siege Veteran": 1923, "Yotian Frontliner": 2521, "Harbin, Vanguard Aviator": 953, "Myrel, Shield of Argive": 1415, "Valiant Veteran": 2374, "Protect the Negotiators_SB": 1617, "Ertai Resurrected_SB": 704, "Sulfur Falls": 2080, "Strategic Planning": 2073, "Biotech Specialist": 188, "Coruscation Mage_SB": 448, "Valki, God of Lies_SB": 2376, "Weftwalking": 2465, "Herald of Anguish": 984, "Mishra's Research Desk": 1372, "Sunset Saboteur": 2102, "Malicious Eclipse_SB": 1311, "Cryogen Relic": 470, "Adventurer's Inn_SB": 40, "Otawara, Soaring City_SB": 1524, "Pit of Offerings_SB": 1586, "Confounding Conundrum_SB": 427, "Annul": 91, "Skycat Sovereign_SB": 1949, "Kazandu Mammoth": 1136, "Lofty Denial": 1266, "Aurelia's Vindicator": 137, "Fall of the Thran": 750, "Hope of Ghirapur": 1011, "Remorseful Cleric": 1706, "Hope of Ghirapur_SB": 1012, "Knight of the White Orchid_SB": 1167, "Shattering Blow_SB": 1900, "Archenemy's Charm": 107, "Ral, Crackling Wit": 1652, "Emry, Lurker of the Loch": 686, "Jeskai Ascendancy": 1100, "Restless Spire": 1727, "Saheeli, Sublime Artificer": 1793, "Rally the Monastery_SB": 1656, "Valley Floodcaller_SB": 2378, "Stonebinder's Familiar": 2055, "Reroute Systems": 1714, "Demand Answers": 534, "Nova Hellkite_SB": 1465, "Cosmogoyf": 449, "Deathrite Shaman": 519, "Seedship Broodtender": 1858, "Severance Priest_SB": 1880, "Plains_SB": 1590, "Adorned Pouncer": 38, "Arahbo, the First Fang": 101, "Roadside Reliquary": 1756, "Sacred Cat": 1790, "Tezzeret, Cruel Captain": 2174, "Elixir": 664, "Paradox Engine": 1548, "Patchwork Automaton": 1551, "Pithing Needle": 1587, "The Gold Saucer": 2198, "Voyage Home": 2429, "Carrot Cake_SB": 307, "Sai, Master Thopterist_SB": 1795, "Stonecoil Serpent_SB": 2057, "Demilich": 535, "Symmetry Sage": 2130, "Quantum Riddler": 1626, "Twinmaw Stormbrood": 2309, "Opera Love Song_SB": 1509, "Louisoix's Sacrifice": 1281, "Cosmogrand Zenith_SB": 451, "Isolate_SB": 1086, "Remorseful Cleric_SB": 1707, "Delney, Streetwise Lookout_SB": 533, "Cascading Cataracts": 312, "Cleansing Wildfire": 387, "The Rollercrusher Ride": 2210, "Suplex_SB": 2106, "Curse of Shaken Faith_SB": 484, "Devastating Mastery": 555, "Disruption Protocol": 577, "Monstrous Rage_SB": 1392, "Nahiri, the Unforgiving": 1425, "Nova Hellkite": 1464, "Halana and Alena, Partners": 943, "The Dominion Bracelet_SB": 2191, "Timeline Culler": 2253, "Cosmogrand Zenith": 450, "Lightstall Inquisitor": 1244, "Gilded Pinions": 877, "Mystic Forge": 1417, "Stonecoil Serpent": 2056, "Honor": 1009, "Tethmos High Priest_SB": 2172, "Surgical Skullbomb": 2114, "Pinnacle Emissary": 1583, "Urabrask, Heretic Praetor": 2361, "Soulless Jailer": 2000, "Shatterskull Smashing": 1901, "The Eternal Wanderer": 2195, "Drannith Magistrate": 607, "Wear Down": 2456, "Wingspan Stride": 2485, "Opulent Palace": 1513, "Seeker's Folly": 1861, "Summon: Fenrir": 2084, "Dismal Backwater": 574, "Hero's Downfall": 991, "Temple of Malady": 2156, "Kotis, the Fangkeeper": 1178, "Jungle Hollow": 1110, "Blitzball Shot_SB": 211, "Dauntless Scrapbot_SB": 502, "Fell_SB": 773, "Unsummon_SB": 2355, "Deliberate": 531, "Rest in Peace": 1719, "Saw It Coming": 1815, "Rankle's Prank": 1660, "Reroute Systems_SB": 1715, "Scorching Dragonfire": 1828, "Aerith Gainsborough": 41, "Gala Greeters": 839, "Heliod, Sun-Crowned": 977, "Impulse_SB": 1046, "Open the Armory": 1507, "Syr Vondam, Sunstar Exemplar": 2132, "Alesha, Who Laughs at Fate_SB": 66, "Sothera, the Supervoid_SB": 1990, "Dalkovan Encampment": 491, "Depose // Deploy": 545, "Snow-Covered Swamp": 1978, "Temur Battle Rage": 2164, "Pinnacle Starcage": 1584, "Armed and Armored": 114, "Bruenor Battlehammer": 271, "Giott, King of the Dwarves": 879, "Magda, Brazen Outlaw": 1298, "Toolcraft Exemplar": 2270, "Reckless Crew_SB": 1678, "Analyze the Pollen": 78, "Extract a Confession_SB": 730, "Vandalblast_SB": 2385, "Springleaf Drum": 2032, "Legion Extruder_SB": 1213, "Quantum Riddler_SB": 1627, "Seedship Impact_SB": 1859, "Radiant Fountain": 1639, "Plasma Bolt": 1592, "Heliod, the Radiant Dawn": 979, "Marina Vendrell": 1328, "Koma, Cosmos Serpent_SB": 1174, "Essence Scatter_SB": 713, "Dirgur Island Dragon": 566, "Containment Priest": 438, "Spirit of the Labyrinth_SB": 2022, "Sunset Saboteur_SB": 2103, "Tragic Trajectory_SB": 2285, "Play with Fire_SB": 1594, "Warrant // Warden": 2445, "Capricious Hellraiser": 302, "Elemental Masterpiece": 656, "Gideon of the Trials_SB": 872, "Volcanic Spite_SB": 2421, "Transmogrify_SB": 2291, "Synthesizer Labship": 2131, "Tezzeret, Cruel Captain_SB": 2175, "Hardlight Containment_SB": 955, "Battle Menu": 170, "Raise the Alarm": 1644, "You See a Pair of Goblins": 2522, "By Invitation Only_SB": 286, "Starfield Vocalist": 2039, "Tragic Trajectory": 2284, "Spell Stutter_SB": 2013, "Island_SB": 1085, "First Day of Class": 794, "Myriad Construct": 1416, "Light of Hope": 1234, "Phoenix Down": 1572, "Seize the Spoils_SB": 1862, "Fleeting Effigy_SB": 799, "Warleader's Call_SB": 2441, "Haliya, Guided by Light_SB": 945, "Academic Probation_SB": 30, "Syr Vondam, Sunstar Exemplar_SB": 2133, "Ravenous Intruder": 1667, "Rust Harvester": 1785, "Broadside Barrage": 266, "Chandra, Acolyte of Flame_SB": 362, "Sandworm": 1805, "Marauding Raptor": 1320, "Sarkhan, Dragon Ascendant": 1808, "Magmatic Hellkite": 1304, "Toralf, God of Fury": 2271, "Restless Ridgeline": 1726, "Migloz, Maze Crusher_SB": 1362, "Alpine Houndmaster": 70, "Alpine Watchdog": 72, "Igneous Cur": 1035, "Terror of the Peaks": 2169, "Ruthless Negotiation": 1787, "Davriel, Rogue Shadowmage": 503, "Bile Blight_SB": 186, "Zero Point Ballad_SB": 2530, "Rip Apart_SB": 1742, "Caught Red-Handed_SB": 329, "Royal Treatment_SB": 1772, "Liliana, Death's Majesty_SB": 1251, "Bristlebud Farmer_SB": 265, "Bloomvine Regent": 223, "Gruff Triplets": 930, "Ouroboroid": 1526, "Vorinclex": 2428, "Elegy Acolyte": 655, "Chalk Outline_SB": 356, "Metallic Mimic": 1353, "Dusk Rose Reliquary_SB": 637, "Cut Propulsion_SB": 489, "Thornwood Falls": 2230, "Elusive Otter": 671, "Slip Through Space": 1966, "Stormchaser Drake": 2063, "Ollenbock Escort_SB": 1493, "Scout for Survivors_SB": 1832, "Stormchaser Drake_SB": 2064, "Ornery Tumblewagg": 1516, "Winding Constrictor": 2483, "Rishkar, Peema Renegade": 1747, "District Mascot": 581, "Enduring Tenacity": 694, "Corrupt": 447, "Aether Gust": 44, "Censor_SB": 350, "Shambling Suit": 1889, "Thousand Moons Smithy": 2236, "Spring-Loaded Sawblades_SB": 2031, "Garruk, Cursed Huntsman_SB": 844, "Malevolent Hermit_SB": 1310, "Whelming Wave_SB": 2471, "Alchemist's Gambit": 64, "Prowling Serpopard_SB": 1618, "Pick Your Poison": 1579, "Hero's Downfall_SB": 992, "Persistent Petitioners": 1565, "Pain for All": 1544, "Persistent Petitioners_SB": 1566, "Spell Stutter": 2012, "Sleep-Cursed Faerie": 1960, "General Kudro of Drannith_SB": 854, "Gingerbrute": 878, "Stolen Uniform": 2053, "Suspicious Stowaway": 2117, "Tetsuko Umezawa, Fugitive": 2173, "Fragmentize_SB": 829, "Giant Cindermaw_SB": 867, "Swiftfoot Boots_SB": 2125, "Agent of Treachery": 57, "Marang River Regent // Coil and Catch // Marang River Regent": 1317, "Hugs, Grisly Guardian": 1025, "Temur Battlecrier": 2165, "Edgewall Innkeeper": 641, "Lucky Clover": 1283, "Fling_SB": 804, "Extraordinary Journey_SB": 734, "Once and Future_SB": 1504, "Alrund's Epiphany_SB": 74, "Mirrex_SB": 1366, "Dragonclaw Strike_SB": 599, "Disallow_SB": 567, "Azorius Guildgate": 148, "Boros Guildgate": 241, "Dimir Guildgate": 563, "Gates Ablaze": 848, "Gateway Plaza": 850, "Golgari Guildgate": 909, "Gruul Guildgate": 932, "Guild Summit": 937, "Izzet Guildgate": 1089, "Maze's End": 1342, "Orzhov Guildgate": 1518, "Plaza of Harmony": 1595, "PuPu UFO": 1619, "Rakdos Guildgate": 1646, "Riot Control": 1741, "Selesnya Guildgate": 1864, "Simic Guildgate": 1933, "Splendid Reclamation": 2026, "Courser of Kruphix_SB": 453, "Crackling Perimeter_SB": 457, "Gatebreaker Ram_SB": 847, "Gates Ablaze_SB": 849, "Golos, Tireless Pilgrim_SB": 910, "Merciless Eviction_SB": 1351, "Saruli Gatekeepers_SB": 1809, "Legion's End_SB": 1216}}