{"vocabulary": {"Cavern of Souls": 387, "Fatal Push": 860, "Floodfarm Verge": 920, "Go for the Throat": 1056, "Godless Shrine": 1080, "Hushwood Verge": 1234, "Indatha Triome": 1255, "Leyline Binding": 1466, "Mana Confluence": 1563, "Overgrown Tomb": 1826, "Overlord of the Floodpits": 1830, "Overlord of the Hauntwoods": 1831, "Overlord of the Mistmoors": 1832, "Spara's Headquarters": 2384, "Swamp": 2501, "Thoughtseize": 2638, "Up the Beanstalk": 2796, "Vanishing Verse": 2826, "Watery Grave": 2901, "Zagoth Triome": 2983, "Zur, Eternal Schemer": 2996, "Cut Down_SB": 551, "Dovin's Veto_SB": 671, "Extinction Event_SB": 829, "Heliod's Intervention_SB": 1173, "High Noon_SB": 1200, "Knockout Blow_SB": 1409, "Mystical Dispute_SB": 1693, "Rest in Peace_SB": 2063, "Thoughtseize_SB": 2639, "Beza, the Bounding Spring": 200, "Caretaker's Talent": 348, "Carrot Cake": 352, "Castle Ardenvale": 365, "Demolition Field": 602, "Eiganjo, Seat of the Empire": 739, "Emeria's Call": 770, "Enduring Innocence": 781, "Field of Ruin": 891, "Fountainport": 949, "Get Lost": 1000, "March of Otherworldly Light": 1569, "Plains": 1901, "Portable Hole": 1915, "Sunfall": 2479, "Sunken Citadel": 2482, "The Wandering Emperor": 2614, "Wedding Announcement": 2909, "Elspeth, Sun's Champion_SB": 761, "Portable Hole_SB": 1916, "Reckoner Bankbuster_SB": 2023, "Season of the Burrow_SB": 2206, "Temporary Lockdown_SB": 2558, "Wedding Announcement_SB": 2910, "Archfiend of the Dross": 101, "Bitter Triumph": 211, "Blackcleave Cliffs": 213, "Blazemire Verge": 222, "Blightstep Pathway": 229, "Blood Crypt": 233, "Bloodtithe Harvester": 243, "Duress": 714, "Fable of the Mirror-Breaker": 835, "Fear of Missing Out": 871, "Mutavault": 1688, "Sheoldred, the Apocalypse": 2266, "Sulfurous Springs": 2472, "Torch the Tower": 2688, "Unholy Annex && Ritual Chamber": 2771, "Unstoppable Slasher": 2787, "Urborg, Tomb of Yawgmoth": 2802, "Anger of the Gods_SB": 68, "Anoint with Affliction_SB": 78, "Duress_SB": 715, "Go Blank_SB": 1054, "Hidetsugu Consumes All_SB": 1195, "Invoke Despair_SB": 1298, "Kroxa, Titan of Death's Hunger_SB": 1431, "Leyline of the Void_SB": 1475, "Unlicensed Hearse_SB": 2781, "Blooming Marsh": 245, "Cauldron Familiar": 376, "Deadly Dispute": 571, "Den of the Bugbear": 610, "Heartless Act": 1167, "Kroxa, Titan of Death's Hunger": 1430, "Llanowar Wastes": 1515, "Mayhem Devil": 1594, "Scavenger's Talent": 2174, "Sokenzan, Crucible of Defiance": 2360, "Witch's Oven": 2934, "Ygra, Eater of All": 2971, "Haywire Mite_SB": 1156, "Jegantha, the Wellspring_SB": 1325, "Kolaghan's Command_SB": 1415, "Ob Nixilis, the Adversary_SB": 1771, "Torch the Tower_SB": 2689, "Clearwater Pathway": 447, "Darkslick Shores": 557, "Enduring Curiosity": 779, "Faerie Miscreant": 849, "Floodpits Drowner": 921, "Gloomlake Verge": 1044, "Hall of Storm Giants": 1130, "Ingenious Prodigy": 1263, "Island": 1304, "Kaito Shizuki": 1339, "Kaito, Bane of Nightmares": 1341, "Mockingbird": 1649, "Moon-Circuit Hacker": 1666, "Otawara, Soaring City": 1814, "Spyglass Siren": 2421, "Underground River": 2767, "Aclazotz, Deepest Betrayal_SB": 14, "Brazen Borrower_SB": 286, "Change the Equation_SB": 419, "Grafdigger's Cage_SB": 1094, "Lofty Denial_SB": 1517, "Pithing Needle_SB": 1900, "Spell Pierce_SB": 2392, "Anointed Peacekeeper": 79, "Archon of Emeria": 105, "Aven Interrupter": 141, "Branchloft Pathway": 280, "Brushland": 308, "Collected Company": 459, "Elvish Mystic": 763, "Lion Sash": 1507, "Llanowar Elves": 1513, "Razorverge Thicket": 2005, "Shefet Dunes": 2260, "Skyclave Apparition": 2322, "Spinner of Souls": 2405, "Temple Garden": 2547, "Thalia, Guardian of Thraben": 2573, "Werefox Bodyguard": 2914, "Anointed Peacekeeper_SB": 80, "Brutal Cathar_SB": 310, "Elite Spellbinder_SB": 754, "Gideon, Ally of Zendikar_SB": 1021, "Guardian of Faith_SB": 1119, "Werefox Bodyguard_SB": 2915, "Abyssal Harvester": 9, "Castle Locthwain": 368, "Invoke Despair": 1297, "Reckoner Bankbuster": 2022, "Sheoldred's Edict_SB": 2265, "Boseiju, Who Endures": 271, "Cache Grab": 329, "Darkbore Pathway": 556, "Forest": 935, "Gilded Goose": 1024, "Takenuma, Abandoned Mire": 2523, "Trail of Crumbs": 2701, "Traverse the Ulvenwald": 2711, "Vinereap Mentor": 2842, "Abrupt Decay_SB": 7, "Glissa Sunslayer_SB": 1042, "Pawpatch Formation_SB": 1862, "Abhorrent Oculus": 2, "Angel of Serenity": 66, "Atraxa, Grand Unifier": 133, "Breeding Pool": 289, "Enigmatic Incarnation": 786, "Glacial Fortress": 1029, "Glasspool Mimic": 1036, "Jetmir's Garden": 1328, "Ketria Triome": 1386, "Knight of Autumn": 1399, "Linvala, the Preserver": 1505, "Nylea's Presence": 1766, "Overlord of the Balemurk": 1827, "Overlord of the Boilerbilges": 1829, "Raffine's Tower": 1968, "Raugrin Triome": 1997, "Roaring Furnace && Steaming Sauna": 2104, "Rootbound Crag": 2119, "Ruric Thar, the Unbowed": 2140, "Sacred Foundry": 2146, "Savai Triome": 2163, "Sunpetal Grove": 2486, "Archon of Emeria_SB": 106, "Beza, the Bounding Spring_SB": 201, "Elesh Norn, Mother of Machines_SB": 752, "Get Lost_SB": 1001, "Koma, Cosmos Serpent_SB": 1416, "Supreme Verdict_SB": 2493, "Yorion, Sky Nomad_SB": 2974, "Zur, Eternal Schemer_SB": 2997, "Dromoka's Command": 704, "Elite Spellbinder": 753, "Kellan, Daring Traveler": 1375, "Virtue of Loyalty": 2844, "Deafening Silence_SB": 576, "The Wandering Emperor_SB": 2615, "Arclight Phoenix": 108, "Artist's Talent": 112, "Consider": 486, "Fiery Impulse": 895, "Galvanic Iteration": 978, "Into the Flood Maw": 1283, "Lightning Axe": 1488, "Opt": 1801, "Picklock Prankster": 1891, "Proft's Eidetic Memory": 1932, "Riverglide Pathway": 2099, "Shivan Reef": 2275, "Sleight of Hand": 2336, "Spell Pierce": 2391, "Spirebluff Canal": 2408, "Steam Vents": 2432, "Stormcarved Coast": 2447, "Temporal Trespass": 2556, "Treasure Cruise": 2714, "Abrade_SB": 5, "Annul_SB": 76, "Into the Flood Maw_SB": 1284, "Narset, Parter of Veils_SB": 1703, "Proft's Eidetic Memory_SB": 1933, "Third Path Iconoclast_SB": 2627, "Claim the Firstborn": 442, "Back to Nature_SB": 154, "Chandra's Defeat_SB": 407, "Bonecrusher Giant": 258, "Burst Lightning": 324, "Experimental Synthesizer": 825, "Hired Claw": 1203, "Kumano Faces Kakkazan": 1432, "Monastery Swiftspear": 1660, "Monstrous Rage": 1662, "Mountain": 1674, "Ramunap Ruins": 1991, "Reckless Rage": 2018, "Screaming Nemesis": 2190, "Soul-Scar Mage": 2377, "Spikefield Hazard": 2403, "Blast Zone_SB": 221, "Case of the Crimson Pulse_SB": 356, "Kozilek's Return_SB": 1420, "Lantern of the Lost_SB": 1445, "Obosh, the Preypiercer_SB": 1775, "Scab-Clan Berserker_SB": 2169, "Abrupt Decay": 6, "Bring to Light": 299, "Deafening Clarion": 573, "Fabled Passage": 837, "Hallowed Fountain": 1131, "Hostage Taker": 1221, "Kolaghan's Command": 1414, "Lightning Helix": 1490, "Nahiri, the Harbinger": 1697, "Niv-Mizzet Reborn": 1737, "Niv-Mizzet, Supreme": 1740, "Omnath, Locus of Creation": 1792, "Pillage the Bog": 1896, "Stomping Ground": 2444, "Sylvan Caryatid": 2512, "Unmoored Ego": 2784, "Valki, God of Lies": 2816, "Ziatora's Proving Ground": 2990, "Casualties of War_SB": 371, "Culling Ritual_SB": 541, "Deafening Clarion_SB": 574, "Fatal Push_SB": 861, "Kambal, Consul of Allocation_SB": 1348, "Haunted Ridge": 1153, "Adeline, Resplendent Cathar": 18, "Coppercoat Vanguard": 496, "Declaration in Stone": 588, "Extraction Specialist": 832, "Fortified Beachhead": 939, "Hopeful Initiate": 1215, "Recruitment Officer": 2026, "Seachrome Coast": 2195, "Thalia's Lieutenant": 2572, "Veteran Survivor": 2837, "Containment Priest_SB": 493, "Knight-Errant of Eos_SB": 1407, "Loran of the Third Path_SB": 1524, "Reflector Mage_SB": 2034, "Sheltered by Ghosts_SB": 2263, "Bushwhack": 326, "Copperline Gorge": 497, "Cragcrown Pathway": 514, "Emberheart Challenger": 767, "Innkeeper's Talent": 1265, "Karplusan Forest": 1356, "Play with Fire": 1903, "Questing Druid": 1955, "Snakeskin Veil": 2351, "Hazoret the Fervent_SB": 1158, "Pick Your Poison_SB": 1890, "Pyroclasm_SB": 1949, "Screaming Nemesis_SB": 2191, "Urabrask's Forge_SB": 2799, "Kutzil's Flanker": 1436, "Nowhere to Run": 1754, "Thought Distortion_SB": 2634, "Battlefield Forge": 184, "Boltwave": 253, "Boros Charm": 266, "Inspiring Vantage": 1275, "Needleverge Pathway": 1710, "Slickshot Show-Off": 2339, "Rending Volley_SB": 2051, "Roiling Vortex_SB": 2116, "Strict Proctor_SB": 2461, "Wear // Tear_SB": 2904, "Restless Prairie": 2067, "Dromoka's Command_SB": 705, "Kutzil's Flanker_SB": 1437, "Elenda, Saint of Dusk": 749, "Yasharn, Implacable Earth": 2967, "Elenda, Saint of Dusk_SB": 750, "Demilich": 600, "Highway Robbery": 1201, "Brotherhood's End_SB": 307, "Negate_SB": 1712, "Prismari Command_SB": 1929, "Bishop of Wings": 206, "Giada, Font of Hope": 1011, "Kayla's Reconstruction": 1368, "Resplendent Angel": 2060, "Righteous Valkyrie": 2086, "Serra Paragon": 2231, "Metropolis Reformer_SB": 1619, "Split Up_SB": 2414, "Case of the Stashed Skeleton": 360, "Cling to Dust": 452, "Extinction Event": 828, "Ob Nixilis, the Adversary": 1770, "Transmogrify": 2707, "Volcanic Spite": 2864, "Damping Sphere_SB": 552, "Untimely Malfunction_SB": 2793, "Anoint with Affliction": 77, "Torpor Orb_SB": 2694, "Deduce": 590, "Deserted Beach": 618, "Dovin's Veto": 670, "Farewell": 857, "Geier Reach Sanitarium": 995, "Memory Deluge": 1602, "Narset, Parter of Veils": 1702, "No More Lies": 1743, "Restless Anchorage": 2064, "Supreme Verdict": 2492, "Teferi, Hero of Dominaria": 2544, "Aether Gust_SB": 26, "Detention Sphere_SB": 628, "Divine Smite_SB": 656, "Farewell_SB": 858, "Hullbreaker Horror_SB": 1230, "Kaheera, the Orphanguard_SB": 1338, "Shark Typhoon_SB": 2255, "Blade of the Oni": 217, "Archfiend of the Dross_SB": 102, "Feed the Swarm_SB": 880, "Molten Collapse": 1653, "Heartfire Hero": 1165, "Manifold Mouse": 1564, "Pawpatch Recruit": 1863, "Rockface Village": 2111, "Reckless Rage_SB": 2019, "Snakeskin Veil_SB": 2352, "Brazen Borrower": 285, "Faerie Mastermind": 847, "Hive of the Eye Tyrant": 1205, "Jwari Disruption": 1335, "Shipwreck Marsh": 2274, "Disdainful Stroke_SB": 643, "Voice of Resurgence": 2855, "Knight of Autumn_SB": 1400, "Go Blank": 1053, "Kalitas, Traitor of Ghet": 1345, "Waste Not_SB": 2898, "Withering Torment_SB": 2942, "Bitter Triumph_SB": 212, "Ghost Vacuum_SB": 1009, "Molten Collapse_SB": 1654, "Bond of Insight": 257, "Dig Through Time": 635, "Hidden Strings": 1193, "Impulse": 1252, "Lier, Disciple of the Drowned": 1477, "Lotus Field": 1533, "Pore Over the Pages": 1912, "Thespian's Stage": 2619, "Vizier of Tumbling Sands": 2853, "Wish": 2933, "Galvanic Iteration_SB": 979, "High Fae Trickster_SB": 1198, "Leyline of Sanctity_SB": 1472, "Lier, Disciple of the Drowned_SB": 1478, "March of Swirling Mist_SB": 1572, "Narset's Reversal_SB": 1701, "Niv-Mizzet, Parun_SB": 1739, "Thassa's Oracle_SB": 2578, "Agatha's Soul Cauldron": 36, "Inti, Seneschal of the Sun": 1279, "Raucous Theater": 1996, "Tree of Perdition": 2718, "Voldaren Thrillseeker": 2867, "Jace, Wielder of Mysteries_SB": 1319, "Woodland Cemetery": 2953, "Yorion, Sky Nomad": 2973, "Elspeth's Smite_SB": 757, "Emrakul, the Promised End_SB": 773, "Aloe Alchemist": 51, "Atarka's Command": 131, "Burning-Tree Emissary": 321, "Cunning Coyote": 543, "Reckless Bushwhacker": 2015, "Thornspire Verge": 2632, "Zurgo Bellstriker": 2998, "Claim the Firstborn_SB": 443, "Destructive Revelry_SB": 625, "Magebane Lizard_SB": 1554, "Redcap Melee_SB": 2029, "Shapers' Sanctuary_SB": 2251, "Indomitable Creativity": 1256, "Pawpatch Formation": 1861, "Titan of Industry": 2672, "Valgavoth, Terror Eater": 2813, "Worldspine Wurm_SB": 2957, "Xenagos, God of Revels_SB": 2964, "Ruric Thar, the Unbowed_SB": 2141, "Archdruid's Charm": 98, "Bala Ged Recovery": 157, "Dark Petition": 554, "Emergent Ultimatum": 768, "Fae of Wishes": 844, "Lush Portico": 1543, "Omniscience": 1795, "Soul Partition": 2371, "Strict Proctor": 2460, "Sylvan Scrying": 2516, "Approach of the Second Sun_SB": 85, "Depopulate_SB": 613, "Dragonlord Dromoka_SB": 676, "Emergent Ultimatum_SB": 769, "Glistening Deluge_SB": 1043, "Nine Lives_SB": 1729, "Silence_SB": 2294, "Voyaging Satyr_SB": 2877, "Zacama, Primal Calamity_SB": 2981, "Thud": 2654, "Slaughter Games_SB": 2332, "Grisly Salvage": 1110, "Assassin's Trophy_SB": 128, "Stern Dismissal": 2436, "Adarkar Wastes": 17, "Hengegate Pathway": 1180, "Invasion of Gobakhan": 1290, "Mausoleum Wanderer": 1592, "Rattlechains": 1994, "Spell Queller": 2393, "Supreme Phantom": 2491, "Three Steps Ahead_SB": 2649, "Tishana's Tidebinder_SB": 2671, "Syr Ginger, the Meal Ender": 2517, "Sheoldred, the Apocalypse_SB": 2267, "Kaito, Cunning Infiltrator": 1343, "Graveyard Trespasser_SB": 1100, "Vraska, Golgari Queen": 2882, "Cryptic Coat": 536, "Darksteel Citadel": 558, "Ensoul Artifact": 787, "Legion Extruder": 1460, "Scrawling Crawler": 2189, "Shadowspear": 2244, "Shrapnel Blast": 2286, "Smuggler's Copter": 2348, "Voldaren Epicure": 2866, "Voltage Surge_SB": 2871, "Dauntless Bodyguard": 559, "Declaration in Stone_SB": 589, "Brass Knuckles": 281, "Fabrication Foundry": 838, "Ingenious Smith": 1264, "Inventors' Fair": 1295, "Lavaspur Boots": 1449, "Leyline Axe": 1465, "Metalwork Colossus": 1614, "Moonsnare Prototype": 1668, "Sanctum of Ugin": 2156, "Simulacrum Synthesizer": 2307, "The Irencrag": 2596, "Wedding Invitation": 2911, "Metallic Rebuke_SB": 1613, "Mystic Forge_SB": 1690, "Defabricate": 595, "Meticulous Archive": 1617, "Shark Typhoon": 2254, "Enduring Curiosity_SB": 780, "Faerie Mastermind_SB": 848, "Careful Cultivation": 347, "Tormod's Crypt_SB": 2693, "Bloodletter of Aclazotz": 240, "Caves of Koilos": 389, "Concealed Courtyard": 480, "Mazemind Tome": 1596, "Sheoldred's Edict": 2264, "Varragoth, Bloodsky Sire": 2829, "Liliana of the Veil_SB": 1497, "Path of Peril_SB": 1858, "Vanishing Verse_SB": 2827, "Callous Sell-Sword": 337, "Claim // Fame": 440, "Hazoret the Fervent": 1157, "Infuriate": 1262, "Titan's Strength": 2674, "Aftermath Analyst": 33, "Annie Joins Up": 74, "Brokers Hideout": 305, "Cabaretti Courtyard": 328, "Emrakul, the Promised End": 772, "Fecund Greenshell": 875, "Kenrith, the Returned King": 1380, "Lotus Cobra": 1532, "Lumra, Bellow of the Woods": 1540, "Nissa, Resurgent Animist": 1733, "Port of Karfell": 1914, "Riveteers Overlook": 2101, "Spelunking": 2396, "The World Tree": 2618, "Zacama, Primal Calamity": 2980, "Radiant Flames_SB": 1966, "Reclamation Sage_SB": 2024, "Yasharn, Implacable Earth_SB": 2968, "Assimilation Aegis": 130, "Fervent Champion": 887, "Goblin Tomb Raider": 1075, "Soul-Guide Lantern_SB": 2376, "Stern Dismissal_SB": 2437, "Ancient Cornucopia": 63, "Ghitu Lavarunner": 1006, "Light Up the Stage": 1484, "Skewer the Critics": 2315, "Wizard's Lightning": 2946, "End the Festivities_SB": 776, "Goblin Chainwhirler_SB": 1063, "Kari Zev's Expertise_SB": 1353, "Rampaging Ferocidon_SB": 1989, "Razorkin Needlehead_SB": 2002, "Sunspine Lynx_SB": 2490, "Witchstalker Frenzy_SB": 2937, "Withering Torment": 2941, "Anger of the Gods": 67, "Ledger Shredder": 1456, "Ashiok, Dream Render_SB": 118, "Elegant Parlor": 748, "Greasefang, Okiba Boss": 1102, "Parhelion II": 1852, "Skysovereign, Consul Flagship": 2329, "Ornithopter": 1807, "Go for the Throat_SB": 1057, "Flicker of Fate": 916, "Deflecting Palm_SB": 598, "Destroy Evil_SB": 624, "Exquisite Firecraft_SB": 827, "Searing Blood_SB": 2202, "Skullcrack_SB": 2321, "Aven Interrupter_SB": 142, "Authority of the Consuls": 139, "Lay Down Arms": 1452, "Nykthos, Shrine to Nyx": 1764, "Split Up": 2413, "Hallowed Moonlight_SB": 1133, "Turn Inside Out": 2733, "Claim // Fame_SB": 441, "Hallowed Moonlight": 1132, "Three Steps Ahead": 2648, "Crackling Drake_SB": 512, "Thing in the Ice_SB": 2624, "Welcoming Vampire": 2912, "Reidane, God of the Worthy_SB": 2043, "Beacon Bolt_SB": 185, "The Meathook Massacre_SB": 2599, "Gruul Charm": 1113, "Eidolon of the Great Revel": 737, "Razorkin Needlehead": 2001, "Rampaging Ferocidon": 1988, "Chandra, Dressed to Kill": 411, "Goblin Chainwhirler": 1062, "Torbran, Thane of Red Fell": 2687, "Leyline of Combustion": 1468, "Fiery Impulse_SB": 896, "March of Wretched Sorrow": 1573, "Unholy Annex // Ritual Chamber": 2773, "Heartless Act_SB": 1168, "Caustic Bronco_SB": 378, "Dreadmaw's Ire": 691, "Evangel of Synthesis": 812, "Kiora, the Rising Tide": 1390, "Lively Dirge": 1511, "Raffine, Scheming Seer": 1969, "Raffine's Informant": 1967, "Shattered Sanctum": 2257, "Collective Brutality_SB": 462, "Fragmentize_SB": 953, "Void Rend_SB": 2861, "Archangel Avacyn_SB": 96, "Eidolon of Rhetoric_SB": 736, "Graveyard Trespasser": 1099, "Ritual of Soot_SB": 2098, "Magebane Lizard": 1553, "Marvin, Murderous Mimic": 1581, "Phyrexian Fleshgorger": 1884, "Vraska, Betrayal's Sting_SB": 2881, "Expedition Map": 818, "Dig Through Time_SB": 636, "Imposing Sovereign": 1250, "Extraction Specialist_SB": 833, "Necromentia_SB": 1707, "Horned Loch-Whale": 1218, "High Noon": 1199, "Barkchannel Pathway": 175, "Botanical Sanctum": 274, "Deeproot Pilgrimage": 594, "Unable to Scream": 2758, "Cenote Scout": 396, "Kumena's Speaker": 1433, "Vodalian Hexcatcher": 2854, "Kumena, Tyrant of Orazca": 1434, "Sentinel of the Nameless City": 2228, "Tidebinder Mage_SB": 2663, "Unable to Scream_SB": 2759, "Ancestral Anger": 62, "Ral, Crackling Wit": 1980, "Fiery Temper": 897, "Chandra, Awakened Inferno_SB": 410, "Lightning Helix_SB": 1491, "Mosswood Dreadknight": 1672, "Glissa Sunslayer": 1041, "Deathcap Glade": 578, "Temporary Lockdown": 2557, "Ashiok, Dream Render": 117, "Driven // Despair": 702, "Wail of the Forgotten": 2884, "Tome Scour": 2684, "Prized Amalgam": 1930, "Haunted Dead": 1152, "Narcomoeba": 1700, "Breaking // Entering": 288, "Founding the Third Path": 946, "Silversmote Ghoul": 2303, "Otherworldly Gaze": 1817, "Creeping Chill": 523, "Huskburster Swarm_SB": 1235, "Camellia, the Seedmiser": 339, "Prosperous Innkeeper": 1937, "Camellia, the Seedmiser_SB": 340, "Prosperous Innkeeper_SB": 1938, "Trail of Crumbs_SB": 2702, "Gleeful Demolition": 1039, "Imodane's Recruiter": 1245, "Knight-Errant of Eos": 1406, "Novice Inspector": 1753, "Resolute Reinforcements": 2058, "Thraben Inspector": 2643, "Venerated Loxodon": 2833, "Warden of the Inner Sky": 2892, "Forge Devil_SB": 937, "Invasion of Gobakhan_SB": 1291, "Skyclave Apparition_SB": 2323, "Lightning Strike": 1493, "Blooming Blast": 244, "Gallia of the Endless Dance": 977, "Cindervines_SB": 434, "Cemetery Gatekeeper_SB": 393, "Rottenmouth Viper": 2122, "Not on My Watch": 1749, "Mission Briefing": 1644, "Settle the Wreckage": 2237, "Castle Vantress": 370, "Teferi, Hero of Dominaria_SB": 2545, "Cacophony Scamp": 330, "Weathered Runestone_SB": 2906, "Ral, Crackling Wit_SB": 1981, "Dawnbringer Cleric": 561, "Overgrown Farmland": 1825, "Doorkeeper Thrull_SB": 667, "Censor": 397, "Elspeth, Sun's Champion": 760, "Dream Trawler_SB": 696, "Restless Cottage": 2065, "Tear Asunder_SB": 2540, "Barrier Breach_SB": 177, "Rite of the Moth": 2096, "Rona, Herald of Invasion": 2118, "Shadowy Backstreet": 2246, "Tainted Indulgence": 2522, "Undercity Sewers": 2765, "Zombify": 2993, "Skirk Prospector": 2316, "Legion Loyalist": 1462, "Fireblade Charger": 904, "Battle Cry Goblin": 181, "Searslicer Goblin": 2203, "Rundvelt Hordemaster": 2135, "Dropkick Bomber": 706, "Goblin Ringleader_SB": 1072, "The End": 2589, "Deadly Cover-Up": 569, "Change the Equation": 418, "Negate": 1711, "Ashiok, Nightmare Muse": 119, "Drown in the Loch": 708, "Ray of Enfeeblement_SB": 1999, "Chrome Host Seedshark_SB": 431, "Kalitas, Traitor of Ghet_SB": 1346, "Sire of Insanity_SB": 2311, "Brimaz, King of Oreskos_SB": 296, "Not on My Watch_SB": 1750, "Cavalier of Thorns": 383, "Invasion of Ixalan": 1292, "Kiora, Behemoth Beckoner": 1389, "Lair of the Hydra": 1442, "Leyline of the Guildpact": 1473, "Old-Growth Troll": 1783, "Outcaster Trailblazer": 1820, "Polukranos Reborn": 1910, "Storm the Festival": 2446, "Ulvenwald Oddity": 2755, "The Stone Brain_SB": 2613, "Cityscape Leveler_SB": 439, "Monstrous Emergence_SB": 1661, "Tail Swipe_SB": 2521, "Scrapshooter_SB": 2187, "Setessan Petitioner_SB": 2235, "Cry of the Carnarium_SB": 533, "Annul": 75, "Drowned Catacomb": 709, "March of Wretched Sorrow_SB": 1574, "Torment of Hailfire_SB": 2690, "Trostani, Three Whispers": 2728, "Baneslayer Angel_SB": 166, "Sentinel of Lost Lore_SB": 2227, "Thespian's Stage_SB": 2620, "Waste Not": 2897, "Liliana of the Veil": 1496, "Blast Zone": 220, "Underground Mortuary": 2766, "Drake Hatcher_SB": 680, "Get Out_SB": 1003, "Lightning Axe_SB": 1489, "Tolsimir, Friend to Wolves": 2682, "Heliod, the Radiant Dawn": 1175, "Selfless Glyphweaver": 2222, "Roaring Furnace // Steaming Sauna": 2106, "Blood Baron of Vizkopa_SB": 232, "Roaring Furnace // Steaming Sauna_SB": 2107, "Unmoored Ego_SB": 2785, "Young Pyromancer_SB": 2978, "Noxious Gearhulk": 1756, "Elder Gargaroth": 741, "Outrageous Robbery_SB": 1823, "The End_SB": 2590, "Sunfall_SB": 2480, "Beanstalk Giant": 186, "Clever Impersonator": 448, "Consign // Oblivion": 487, "Greater Tanuki": 1104, "Quintorius Kand": 1961, "Spark Double": 2385, "Spinewoods Armadillo": 2404, "Trumpeting Carnosaur": 2729, "Virtue of Persistence": 2846, "Bedeck // Bedazzle_SB": 189, "Cease // Desist_SB": 391, "Consign // Oblivion_SB": 488, "Keruga, the Macrosage_SB": 1382, "Access Tunnel": 11, "Tinybones, Bauble Burglar": 2667, "Peer into the Abyss": 1867, "Hostile Investigator": 1223, "Bandit's Talent": 161, "Kazandu Mammoth": 1370, "Brutal Cathar": 309, "Hanweir Battlements": 1138, "Luminarch Aspirant": 1539, "Kytheon, Hero of Akros": 1441, "Enduring Innocence_SB": 782, "Fateful Absence_SB": 863, "Response // Resurgence_SB": 2061, "Tyvar, Jubilant Brawler": 2746, "Deathrite Shaman": 582, "Forsaken Miner": 938, "Osteomancer Adept": 1813, "Priest of Forgotten Gods": 1926, "Rubblebelt Maverick": 2129, "Scorn-Blade Berserker": 2181, "Scrapheap Scrounger": 2185, "Stitcher's Supplier": 2440, "Insidious Roots": 1273, "Indulging Patrician": 1258, "Vito, Thorn of the Dusk Rose": 2849, "Heliod, Sun-Crowned": 1174, "Vampire of the Dire Moon": 2822, "Murderous Rider": 1686, "Fountain of Renewal": 948, "Hooded Blightfang": 1212, "Brightclimb Pathway": 293, "Scoured Barrens": 2182, "Revival // Revenge": 2079, "Voice of the Blessed": 2859, "Essence Channeler": 805, "Gifted Aetherborn": 1022, "Exorcise_SB": 816, "Esika's Chariot": 802, "Can't Stay Away": 341, "Fracture_SB": 952, "Settle the Wreckage_SB": 2238, "Sorin, Vengeful Bloodlord_SB": 2370, "Filter Out_SB": 901, "Sphinx of the Final Word_SB": 2398, "Deathmark_SB": 580, "Sprite Dragon": 2420, "Thundering Falls": 2658, "Showdown of the Skalds_SB": 2285, "Banner of Kinship": 172, "Circle of Dreams Druid": 435, "Dwynen's Elite": 724, "Elvish Archdruid": 762, "Elvish Warmaster": 764, "Jaspera Sentinel": 1322, "Leaf-Crowned Visionary": 1455, "Three Tree City": 2650, "Tyvar, the Pummeler": 2747, "Chord of Calling": 429, "Citanul Stalwart": 436, "Realmwalker": 2011, "Shaman of the Pack": 2247, "Snow-Covered Forest": 2354, "Phyrexian Revoker_SB": 1887, "Soulless Jailer_SB": 2380, "Sylvan Messenger_SB": 2513, "Cut Down": 550, "Lava Axe_SB": 1447, "Scrapshooter": 2186, "Polukranos Reborn_SB": 1911, "Skrelv's Hive": 2317, "Sundown Pass": 2478, "Flicker of Fate_SB": 917, "Lithomantic Barrage_SB": 1510, "Hidetsugu Consumes All": 1194, "Pyroclasm": 1948, "Cosmic Rebirth": 504, "Kykar, Zephyr Awakener": 1440, "Notion Thief_SB": 1752, "Infestation Sage": 1261, "The Meathook Massacre": 2598, "Adeline, Resplendent Cathar_SB": 19, "Jadar, Ghoulcaller of Nephalia_SB": 1320, "Nahiri, the Unforgiving_SB": 1699, "Splitskin Doll": 2415, "Arabella, Abandoned Doll": 87, "Thalia, Guardian of Thraben_SB": 2574, "Klothys, God of Destiny": 1397, "Detention Sphere": 627, "Krenko's Buzzcrusher_SB": 1424, "Haywire Mite": 1155, "Scavenging Ooze": 2176, "Smash to Smithereens_SB": 2344, "Collision // Colossus": 466, "Dreadhorde Invasion": 689, "Saiba Cryptomancer": 2149, "Dokuchi Silencer_SB": 659, "Saiba Cryptomancer_SB": 2150, "Unstoppable Slasher_SB": 2788, "Shambling Vent": 2249, "Pest Control_SB": 1875, "Starnheim Unleashed_SB": 2428, "Ajani, Sleeper Agent": 42, "Soul Partition_SB": 2372, "Caustic Bronco": 377, "Rush of Dread": 2142, "Misery's Shadow_SB": 1641, "Bulk Up": 314, "Gleaming Geardrake": 1038, "Case of the Filched Falcon": 357, "The Akroan War_SB": 2581, "Sheltered by Ghosts": 2262, "Skrelv, Defector Mite": 2319, "Brave the Elements_SB": 284, "Dawnbringer Cleric_SB": 562, "Alms of the Vein": 50, "Demand Answers": 599, "Grab the Prize": 1092, "Markov Baron": 1580, "Nullpriest of Oblivion": 1761, "Skullcrack": 2320, "Blot Out_SB": 249, "Elesh Norn, Mother of Machines": 751, "Tranquil Frillback": 2704, "Castle Garenbrig": 367, "Keen-Eyed Curator_SB": 1374, "Obstinate Baloth_SB": 1776, "Prowling Serpopard_SB": 1942, "Rakdos Joins Up": 1974, "Big Score": 202, "Kaya's Ghostform": 1363, "Valgavoth, Terror Eater_SB": 2814, "Deadly Cover-Up_SB": 570, "Elspeth's Smite": 756, "Omen of the Sea": 1789, "Glarb, Calamity's Augur": 1032, "Glarb, Calamity's Augur_SB": 1033, "Joust Through_SB": 1332, "Cathar Commando_SB": 373, "Thalia, Heretic Cathar": 2575, "Brave the Elements": 283, "Cling to Dust_SB": 453, "Eldrazi Displacer": 743, "Plaza of Heroes": 1906, "Kinnan, Bonder Prodigy": 1387, "Acererak the Archlich": 12, "Gwenna, Eyes of Gaea": 1125, "Relic of Legends": 2046, "Honest Rutstein": 1210, "Tranquil Frillback_SB": 2705, "Mox Amber": 1675, "Tamiyo's Safekeeping_SB": 2530, "Virtue of Persistence_SB": 2847, "The Akroan War": 2580, "Obliterating Bolt": 1772, "Halana and Alena, Partners": 1129, "Reckless Stormseeker": 2020, "The Huntsman's Redemption": 2595, "Embercleave_SB": 766, "Thrun, Breaker of Silence_SB": 2653, "Arlinn, the Pack's Hope_SB": 110, "Parting Gust": 1853, "Youthful Valkyrie": 2979, "March of Otherworldly Light_SB": 1570, "Collective Brutality": 461, "Faithful Mending": 850, "Stubborn Denial": 2464, "Xander's Lounge": 2962, "Maelstrom Pulse": 1548, "Arboreal Grazer": 92, "Arid Archway": 109, "Blue Sun's Twilight": 250, "Clifftop Lookout": 450, "Conduit Pylons": 483, "Dreamdew Entrancer": 697, "Dreamroot Cascade": 698, "Fading Hope": 842, "Genesis Wave": 999, "Insidious Fungus": 1272, "Ipnu Rivulet": 1299, "Lush Oasis": 1542, "Outcaster Greenblade": 1819, "Samut, Tyrant Smasher": 2152, "Bouncer's Beatdown_SB": 277, "Restless Reef": 2068, "Phantom Interference": 1877, "Boseiju, Who Endures_SB": 272, "Otawara, Soaring City_SB": 1815, "Soulstone Sanctuary": 2383, "Valakut Awakening": 2810, "Colossus Hammer": 470, "Sigarda's Aid": 2291, "Blacksmith's Talent": 215, "Snow-Covered Plains": 2357, "Resolute Strike": 2059, "Kellan, the Fae-Blooded": 1377, "Snow-Covered Mountain": 2356, "Clifftop Retreat": 451, "Surge of Salvation_SB": 2497, "Loran's Escape_SB": 1526, "Light of Hope_SB": 1486, "Thud_SB": 2655, "Authority of the Consuls_SB": 140, "Herald of Eternal Dawn_SB": 1182, "Regal Caracal_SB": 2039, "Illuminator Virtuoso": 1243, "Loran's Escape": 1525, "Crumb and Get It": 529, "Gods Willing": 1081, "Might of the Meek": 1622, "Leyline of Resonance": 1471, "Obliterating Bolt_SB": 1773, "Unlucky Witness": 2783, "Cruelclaw's Heist": 527, "Chained to the Rocks": 399, "Dwarven Mine": 723, "Vaultborn Tyrant": 2830, "Skrelv's Hive_SB": 2318, "Voracious Hydra": 2873, "Ulamog, the Ceaseless Hunger": 2751, "Cityscape Leveler": 438, "Tyrranax Rex_SB": 2744, "Scavenging Ooze_SB": 2177, "Voracious Hydra_SB": 2874, "Arasta of the Endless Web_SB": 91, "Curious Obsession": 547, "Geistlight Snare": 996, "Witherbloom Command": 2939, "Spectral Sailor": 2389, "Shacklegeist": 2240, "Courier's Briefcase": 508, "Mirrex": 1635, "Malicious Eclipse_SB": 1562, "Bitter Reunion": 210, "Nimble Larcenist_SB": 1727, "Herd Migration": 1186, "Sulfur Falls": 2471, "Mirrorshell Crab_SB": 1638, "Atraxa, Grand Unifier_SB": 134, "Day's Undoing": 565, "Chandra, Hope's Beacon": 413, "Dream Trawler": 695, "Realm-Cloaked Giant": 2009, "Temple of Plenty": 2553, "Peer into the Abyss_SB": 1868, "The Cruelty of Gix": 2587, "The Witch's Vanity": 2617, "Restless Fortress": 2066, "Gideon's Triumph": 1018, "Gideon Blackblade": 1016, "Gideon of the Trials": 1017, "Urza's Sylex": 2805, "Day of Judgment": 563, "Gideon, Ally of Zendikar": 1020, "Liliana, Dreadhorde General": 1500, "Ulamog, the Ceaseless Hunger_SB": 2752, "Irrigated Farmland": 1302, "Audacity": 136, "Innkeeper's Talent_SB": 1266, "Blossoming Defense_SB": 247, "Wild Slash": 2923, "Twisted Fealty_SB": 2741, "Vengeful Possession_SB": 2835, "Atarka's Command_SB": 132, "Blossoming Defense": 246, "Outland Liberator_SB": 1821, "Voice of Resurgence_SB": 2856, "Grand Abolisher_SB": 1095, "Cryptic Coat_SB": 537, "Hornet Queen_SB": 1220, "Cut // Ribbons": 549, "Escape Tunnel": 799, "Satoru, the Infiltrator": 2161, "Thalia, Heretic Cathar_SB": 2576, "Dreadhorde Arcanist": 687, "Languish_SB": 1444, "Void Rend": 2860, "Blitz of the Thunder-Raptor": 230, "Temple of Epiphany": 2550, "Long River's Pull": 1520, "Unsubstantiate": 2789, "Prismari Command": 1928, "Unsubstantiate_SB": 2790, "Sugar Coat_SB": 2470, "Kitsa, Otterball Elite": 1396, "Demon of Dark Schemes_SB": 603, "Hushbringer_SB": 1233, "Curator of Destinies_SB": 545, "Bloodsoaked Champion": 241, "Dire Tactics": 641, "General Kudro of Drannith": 997, "Jirina, Dauntless General_SB": 1331, "Imposing Sovereign_SB": 1251, "Torrential Gearhulk": 2695, "Haunted Cloak": 1151, "Fomori Vault": 929, "Swiftfoot Boots": 2506, "The Book of Exalted Deeds": 2584, "Ashen Rider": 114, "Case of the Gateway Express": 358, "Devout Decree_SB": 630, "Flip the Switch": 919, "Sanctuary Warden": 2155, "Moon-Blessed Cleric": 1665, "Elspeth Conquers Death_SB": 755, "Linvala, the Preserver_SB": 1506, "Dread Fugue": 683, "Flameblade Adept": 912, "Hollow One": 1207, "Ox of Agonas": 1836, "Bonecrusher Giant_SB": 259, "Echoing Deeps": 729, "Ill-Timed Explosion": 1240, "Maestros Theater": 1550, "Mystic Sanctuary": 1692, "Worldsoul's Rage": 2955, "Scapeshift": 2170, "Splendid Reclamation": 2412, "The Hunter Maze": 2594, "Escape to the Wilds": 800, "Altanak, the Thrice-Called": 57, "Pick Your Poison": 1889, "Omnath, Locus of Creation_SB": 1793, "Ill-Timed Explosion_SB": 1241, "Tolsimir, Friend to Wolves_SB": 2683, "The Cruelty of Gix_SB": 2588, "Tyvar's Stand": 2745, "Scrapwork Mutt": 2188, "Karn, Scion of Urza_SB": 1355, "Restless Vents": 2071, "Furnace Reins_SB": 972, "Shadows' Verdict_SB": 2243, "Lightning Strike_SB": 1494, "Katilda, Dawnhart Martyr": 1358, "Spawn of Mayhem": 2386, "Tenacious Underdog": 2560, "Break Out": 287, "Conspicuous Snoop": 489, "Foundry Street Denizen": 947, "Chandra, Dressed to Kill_SB": 412, "Gruul Charm_SB": 1114, "Masked Vandal_SB": 1584, "Brass's Tunnel-Grinder": 282, "Goblin Instigator": 1065, "Raise the Past": 1970, "Chained to the Rocks_SB": 400, "Favored Hoplite": 865, "Defiant Strike": 596, "Legion's End_SB": 1463, "Temple of Mystery": 2552, "Hedge Maze": 1169, "Inspiring Overseer": 1274, "Collector's Cage": 464, "Dusk Legion Duelist": 717, "Giant Killer": 1014, "Bristlebud Farmer": 300, "Urabrask's Forge": 2798, "Phyrexian Obliterator_SB": 1886, "Balmor, Battlemage Captain": 159, "Shore Up_SB": 2281, "Skyclave Cleric": 2324, "Lunarch Veteran": 1541, "Cave of the Frost Dragon": 385, "Ajani, Strength of the Pride_SB": 45, "Unholy Annex // Ritual Chamber_SB": 2774, "Yavimaya Coast": 2970, "Panharmonicon": 1846, "Deflecting Palm": 597, "Terror of the Peaks": 2567, "Hellspur Posse Boss": 1177, "Witty Roastmaster": 2945, "Fallaji Vanguard": 853, "Furycalm Snarl": 973, "Charming Scoundrel": 423, "Temple of Triumph": 2555, "Fortune, Loyal Steed": 941, "Requisition Raid": 2056, "Calamity, Galloping Inferno": 332, "Aetherstorm Roc_SB": 31, "Anim Pakal, Thousandth Moon_SB": 73, "Chance for Glory_SB": 406, "Demonic Ruckus_SB": 608, "Impact Tremors_SB": 1248, "Fry_SB": 966, "Metamorphic Alteration": 1615, "Reflector Mage": 2033, "Ledger Shredder_SB": 1457, "Ascendant Spirit": 113, "Faceless Haven": 839, "Plumecreed Escort": 1907, "Snow-Covered Island": 2355, "Fading Hope_SB": 843, "Icon of Ancestry_SB": 1238, "Metropolis Reformer": 1618, "Emry, Lurker of the Loch": 774, "Jeskai Ascendancy": 1326, "Mishra's Research Desk": 1643, "Restless Spire": 2070, "Retraction Helix": 2073, "Thundertrap Trainer": 2659, "Tormod's Crypt": 2692, "Valley Floodcaller": 2817, "Homestead Courage": 1209, "Shardmage's Rescue": 2252, "Kellan, Planar Trailblazer": 1376, "Witchstalker Frenzy": 2936, "Slip Out the Back": 2341, "Thassa's Oracle": 2577, "Dreadmaw's Ire_SB": 692, "Prosperous Thief": 1939, "Nighthawk Scavenger_SB": 1723, "Anguished Unmaking": 70, "Oath of Kaya": 1767, "Blessed Alliance_SB": 226, "Day of Judgment_SB": 564, "Mystic Repeal_SB": 1691, "Deep-Cavern Bat": 591, "Preacher of the Schism": 1923, "Reasonable Doubt_SB": 2013, "Rottenmouth Viper_SB": 2123, "Topplegeist": 2686, "No More Lies_SB": 1744, "Niv-Mizzet, Visionary_SB": 1742, "Maelstrom Pulse_SB": 1549, "Bonny Pall, Clearcutter": 260, "Rabid Gnaw": 1964, "Plumecreed Escort_SB": 1908, "Witness Protection_SB": 2944, "Chainsaw": 401, "Fountainport Bell": 950, "Glint-Nest Crane": 1040, "Hammer of Purphoros": 1134, "Thing in the Ice": 2623, "Izzet Charm": 1311, "Giant Killer_SB": 1015, "Case of the Gateway Express_SB": 359, "Requisition Raid_SB": 2057, "Slaughter Games": 2331, "Dust Animus_SB": 722, "Unholy Annex && Ritual Chamber_SB": 2772, "Heroic Intervention_SB": 1190, "Neoform": 1713, "Tasigur, the Golden Fang": 2538, "Hooting Mandrills": 1213, "Tibalt's Trickery": 2660, "Tibalt's Trickery_SB": 2661, "Heaped Harvest": 1164, "Charming Prince": 422, "Risen Reef": 2093, "Kroxa and Kunoros": 1429, "Thassa, God of the Sea": 2579, "Oath of Nissa": 1768, "Nylea's Intervention_SB": 1765, "Combat Research": 472, "Lofty Denial": 1516, "Triton Tactics_SB": 2725, "Dreams of Steel and Oil_SB": 700, "Clockwork Percussionist": 454, "Shrapnel Blast_SB": 2287, "Nine Lives": 1728, "Path of Peril": 1857, "All That Glitters": 49, "Cartouche of Solidarity": 353, "Ethereal Armor": 811, "Gladecover Scout": 1030, "Gryff's Boon": 1117, "Light-Paws, Emperor's Voice": 1487, "Sentinel's Eyes": 2230, "Sixth Sense": 2314, "Sram, Senior Edificer": 2425, "Adanto Vanguard_SB": 16, "Alpha Authority_SB": 53, "Hostile Hostel": 1222, "Scattered Groves": 2171, "Arboreal Grazer_SB": 93, "Memory Deluge_SB": 1603, "Alpha Authority": 52, "Vein Ripper": 2831, "Assassin's Trophy": 127, "Thought Erasure": 2635, "Metallic Rebuke": 1612, "Spring-Loaded Sawblades": 2418, "Kaya's Ghostform_SB": 1364, "Questing Druid_SB": 1956, "Wear Down_SB": 2905, "Fable of the Mirror-Breaker_SB": 836, "Metamorphic Alteration_SB": 1616, "Culling Ritual": 540, "Hinterland Harbor": 1202, "Isolated Chapel": 1307, "Pest Control": 1874, "Blood Baron of Vizkopa": 231, "Crystal Barricade_SB": 539, "Beseech the Mirror": 197, "Chandra, Acolyte of Flame_SB": 409, "Turn the Earth_SB": 2735, "Tenacious Underdog_SB": 2561, "Feed the Swarm": 879, "Chandra, Acolyte of Flame": 408, "Titan of Industry_SB": 2673, "Bala Ged Recovery_SB": 158, "Dowsing Device": 672, "Push // Pull": 1945, "Release to the Wind": 2044, "Gyruda, Doom of Depths_SB": 1127, "Realm-Cloaked Giant_SB": 2010, "Spell Stutter": 2394, "Sanguine Evangelist": 2159, "Selfless Spirit": 2225, "Skyknight Squire": 2326, "Llanowar Visionary": 1514, "Burst Lightning_SB": 325, "Calix, Guided by Fate": 333, "Jukai Naturalist": 1333, "Royal Treatment": 2126, "Seal Away": 2196, "Seal Away_SB": 2197, "Ajani, Caller of the Pride": 41, "Burrowguard Mentor": 323, "Dryad Militant": 711, "Fleecemane Lion": 914, "Kutzil, Malamet Exemplar": 1438, "Melira, the Living Cure": 1600, "Wilt-Leaf Liege": 2928, "Westvale Abbey": 2917, "Warping Wail_SB": 2895, "Nahiri, the Harbinger_SB": 1698, "Sire of Seven Deaths": 2312, "Niv-Mizzet, Supreme_SB": 1741, "Sunset Revelry_SB": 2487, "Reality Shift": 2008, "Balustrade Wurm": 160, "Slogurk, the Overslime": 2343, "Agatha's Soul Cauldron_SB": 37, "Questing Beast": 1953, "Embercleave": 765, "Lukka, Bound to Ruin_SB": 1536, "Slickshot Show-Off_SB": 2340, "Agent of Treachery": 38, "Nimble Larcenist": 1726, "Deputy of Detention": 614, "Fires of Invention": 906, "Heliod's Intervention": 1172, "Legion's Landing": 1464, "Maskwood Nexus": 1585, "Rest in Peace": 2062, "Volatile Fault": 2863, "Herald of Eternal Dawn": 1181, "Nezahal, Primal Tide_SB": 1715, "Saheeli, Sublime Artificer_SB": 2148, "Magma Opus": 1555, "Creative Outburst": 522, "Vanquish the Horde_SB": 2828, "Connive // Concoct_SB": 485, "Torrential Gearhulk_SB": 2696, "Summary Dismissal_SB": 2473, "Oracle of Tragedy": 1804, "Nighthawk Scavenger": 1722, "Urborg Scavengers": 2801, "Samut, Voice of Dissent": 2154, "Soulflayer": 2379, "Striped Riverwinder": 2462, "Zetalpa, Primal Dawn": 2988, "Festering Gulch": 888, "Gingerbread Cabin": 1025, "Hidden Necropolis": 1191, "Outrageous Robbery": 1822, "Urgent Necropsy": 2803, "Seal from Existence": 2198, "Ghostly Dancers_SB": 1010, "Seal from Existence_SB": 2199, "Spinner of Souls_SB": 2406, "Angel of Invention": 65, "Combat Celebrant": 471, "Fallaji Archaeologist": 852, "God-Pharaoh's Gift": 1079, "Refurbish": 2035, "Abhorrent Oculus_SB": 3, "Arashin Cleric_SB": 89, "Lukka, Coppercoat Outcast": 1537, "Aetherflux Reservoir_SB": 28, "Lukka, Coppercoat Outcast_SB": 1538, "Mox Amber_SB": 1676, "Retraction Helix_SB": 2074, "Commit // Memory": 476, "Dark Betrayal_SB": 553, "Indomitable Creativity_SB": 1257, "Mech Hangar": 1598, "Bedeck // Bedazzle": 188, "Discontinuity": 642, "Hope Tender_SB": 1214, "Ugin, the Spirit Dragon_SB": 2750, "Chandra, Hope's Beacon_SB": 414, "The Scarab God": 2607, "Alseid of Life's Bounty": 56, "Hateful Eidolon": 1149, "Karametra's Blessing": 1351, "Selfless Savior": 2224, "Stonecoil Serpent": 2445, "Agent of the Fates_SB": 40, "Dead Weight_SB": 568, "Eriette of the Charmed Apple_SB": 795, "Pacifism_SB": 1838, "Case of the Crimson Pulse": 355, "Viashino Pyromancer": 2838, "Play with Fire_SB": 1904, "Vindictive Flamestoker_SB": 2840, "Botanical Brawler": 273, "Conclave Mentor": 482, "Enduring Bondwarden": 777, "Evolving Wilds": 814, "Gala Greeters": 976, "Garruk's Uprising": 984, "Good-Fortune Unicorn": 1089, "Hangarback Walker": 1136, "Hardened Scales": 1142, "Mossborn Hydra": 1671, "Ochre Jelly": 1778, "Ornery Tumblewagg": 1806, "Ossification": 1811, "Quirion Beastcaller": 1962, "Sylvan Scavenging": 2515, "Terramorphic Expanse": 2564, "Wildwood Scourge": 2926, "Gaea's Gift_SB": 975, "Gnarlid Colony_SB": 1049, "Inscription of Abundance_SB": 1270, "Kutzil, Malamet Exemplar_SB": 1439, "Trash the Town_SB": 2710, "Aether Hub": 27, "Attune with Aether": 135, "Bristling Hydra": 302, "Electrostatic Pummeler": 747, "Fling": 918, "Ghor-Clan Rampager": 1007, "Harnessed Lightning": 1145, "Hashep Oasis": 1148, "Invigorated Rampage": 1296, "Rhonas the Indomitable": 2081, "Servant of the Conduit": 2233, "Voltaic Brawler": 2872, "Axebane Ferox_SB": 146, "Deathgorge Scavenger_SB": 579, "Gruul Spellbreaker_SB": 1116, "Insult // Injury_SB": 1277, "Sorcerous Spyglass_SB": 2367, "Wilt_SB": 2930, "Legion Angel": 1458, "Mishra's Foundry": 1642, "Legion Angel_SB": 1459, "Builder's Talent": 311, "Scavenger Grounds": 2172, "Worldspine Wurm": 2956, "Assemble the Legion_SB": 129, "Gideon's Triumph_SB": 1019, "Runed Halo_SB": 2139, "Cast Down": 362, "Cast Out": 363, "Demonic Pact": 606, "Doom Foretold": 665, "Hopeful Vigil": 1216, "Hopeless Nightmare": 1217, "Kaya's Wrath": 1365, "Sigil of the Empty Throne": 2292, "Spirit-Sister's Call": 2410, "Temple of Silence": 2554, "The Birth of Meletis": 2583, "Treacherous Blessing": 2712, "Trial of Ambition": 2721, "Banishing Light_SB": 170, "Cast Out_SB": 364, "Dreadhorde Invasion_SB": 690, "Kaya, Orzhov Usurper_SB": 1367, "Trespasser's Curse_SB": 2720, "Usher of the Fallen": 2807, "Gutterbones": 1123, "Mardu Woe-Reaper": 1576, "Blood-Chin Rager": 236, "Mardu Strike Leader": 1575, "Arashin Foremost": 90, "Rally the Ranks": 1983, "Chief of the Edge": 426, "Secure the Wastes": 2210, "Aspect of Hydra": 125, "Garruk's Harbinger": 982, "Inscription of Abundance": 1269, "Lifecrafter's Bestiary": 1482, "Steel Leaf Champion": 2434, "Tail Swipe": 2520, "Werewolf Pack Leader": 2916, "Feed the Clan_SB": 876, "Nullhide Ferox_SB": 1760, "Skylasher_SB": 2327, "Skyreaping_SB": 2328, "Nahiri's Resolve": 1694, "Springleaf Drum": 2419, "Thousand Moons Smithy": 2640, "Tinker's Tote": 2665, "Divine Resilience_SB": 654, "Dusk Rose Reliquary_SB": 720, "Unidentified Hovership_SB": 2775, "Drannith Healer": 681, "Drannith Stinger": 682, "Flourishing Fox": 924, "Valiant Rescuer": 2815, "Go for Blood": 1055, "Zenith Flare": 2986, "Reptilian Reflection": 2053, "Irencrag Pyromancer_SB": 1300, "Rip Apart_SB": 2088, "Sweltering Suns_SB": 2505, "Edgewall Inn": 731, "Edgewall Innkeeper": 732, "Foulmire Knight": 945, "Lovestruck Beast": 1534, "Lucky Clover": 1535, "Midnight Reaper": 1621, "Necroblossom Snarl": 1706, "Order of Midnight": 1805, "Smitten Swordmaster": 2345, "Temple of Malady": 2551, "Disfigure_SB": 645, "Massacre Girl_SB": 1586, "Stormkeld Vanguard_SB": 2450, "Gray Merchant of Asphodel": 1101, "Leyline of the Void": 1474, "Mephitic Draught": 1607, "The Restoration of Eiganjo": 2605, "Tithing Blade": 2676, "Warlock Class": 2893, "Corpses of the Lost_SB": 501, "Doom Foretold_SB": 666, "Life of Toshiro Umezawa_SB": 1480, "Burn Down the House": 316, "Flame-Blessed Bolt": 910, "Frostboil Snarl": 964, "Refute": 2036, "Vampires' Vengeance": 2823, "Pelakka Wurm_SB": 1869, "Strangle_SB": 2456, "Test of Talents_SB": 2569, "Startling Development": 2429, "Memory Leak": 1605, "Frostveil Ambush": 965, "Footfall Crater": 930, "Boon of the Wish-Giver": 265, "Crackling Drake": 511, "Enigma Drake": 785, "Ephara's Dispersal": 792, "Eroded Canyon": 796, "Essence Capture": 804, "Galvanize": 980, "Mind Spiral": 1628, "Peculiar Lighthouse": 1866, "Pit of Offerings": 1899, "Scorching Shot": 2179, "Shock": 2276, "Shore Up": 2280, "Slick Sequence": 2338, "Tolarian Terror": 2680, "Winged Words": 2932, "Into the Fire_SB": 1282, "Tolarian Terror_SB": 2681, "Wildfire Howl_SB": 2924, "Burn Bright": 315, "Castle Embereth": 366, "Chimney Rabble": 427, "Crashing Drawbridge": 518, "Domri, Anarch of Bolas": 663, "Fissure Wizard": 909, "Goblin Arsonist": 1058, "Goblin Javelineer": 1066, "Goblin Morningstar": 1067, "Goblin Rabblemaster": 1070, "Goblin Trailblazer": 1076, "Grumgully, the Generous": 1112, "Heraldic Banner": 1183, "Hobgoblin Bandit Lord": 1206, "Hulking Bugbear": 1227, "Renata, Called to the Hunt": 2050, "Return of the Wildspeaker": 2076, "Rhythm of the Wild": 2082, "Subira, Tulzidi Caravanner": 2466, "You See a Pair of Goblins": 2976, "Krenko, Mob Boss_SB": 1427, "Krenko, Tin Street Kingpin_SB": 1428, "Flowerfoot Swordmaster": 926, "Mabel, Heir to Cragflame": 1546, "Seedglaive Mentor": 2214, "Whiskervale Forerunner": 2919, "Short Bow": 2283, "Banishing Light": 169, "Abzan Charm": 10, "Deathmist Raptor": 581, "Den Protector": 609, "Mastery of the Unseen": 1591, "Sandsteppe Citadel": 2157, "Satyr Wayfinder": 2162, "Siege Rhino": 2289, "Unyielding Gatekeeper": 2795, "Drown in Sorrow_SB": 707, "Azure Beastbinder": 152, "Gnawing Vermin": 1051, "Karumonix, the Rat King": 1357, "Lord Skitter, Sewer King": 1527, "Nashi, Searcher in the Dark": 1704, "Persistent Marshstalker": 1873, "Piper of the Swarm": 1898, "Shoreline Looter": 2282, "Tangled Colony": 2533, "Vren, the Relentless": 2883, "Disfigure": 644, "Gossip's Talent": 1091, "Choked Estuary": 428, "Tangled Colony_SB": 2534, "Bring the Ending_SB": 298, "Pile On_SB": 1893, "Fateful Absence": 862, "No Witnesses": 1746, "Port Town": 1913, "Temple of Enlightenment": 2549, "Day's Undoing_SB": 566, "Jace, Architect of Thought_SB": 1316, "No Witnesses_SB": 1747, "Ayara, First of Locthwain": 148, "Brain Maggot": 279, "Erebos, Bleak-Hearted": 794, "Infernal Grasp": 1260, "Phyrexian Arena": 1880, "Underworld Dreams": 2769, "Corrupt_SB": 502, "Noxious Grasp_SB": 1758, "Power Word Kill_SB": 1921, "Whack_SB": 2918, "Akroan Crusader": 47, "Cinder Glade": 432, "Enter the Unknown": 788, "Expedite": 817, "Mirrorwing Dragon": 1639, "Season of Growth": 2205, "Silverfur Partisan": 2301, "Temple of Abandon": 2548, "Young Pyromancer": 2977, "Zada, Hedron Grinder": 2982, "Cankerbloom_SB": 343, "Temur Battle Rage_SB": 2559, "Turn Inside Out_SB": 2734, "Unnatural Moonrise_SB": 2786, "Feed the Cycle": 877, "Honored Dreyleader": 1211, "Night of the Sweets' Revenge": 1721, "Savor": 2165, "Thornvault Forager": 2633, "Tough Cookie": 2698, "Valley Rotcaller": 2819, "Feed the Cycle_SB": 878, "Fog_SB": 928, "Life Goes On_SB": 1479, "Savor_SB": 2166, "Abandoned Campground": 0, "Dollmaker's Shop // Porcelain Gallery": 661, "Entity Tracker": 789, "Grand Entryway // Elegant Rotunda": 1096, "Gremlin Tamer": 1106, "Inquisitive Glimmer": 1267, "Lionheart Glimmer": 1509, "Niko, Light of Hope": 1725, "Oppressive Rays": 1800, "Optimistic Scavenger": 1802, "Kitnap_SB": 1395, "Minor Misstep_SB": 1631, "Paladin Class_SB": 1844, "Fear of Impostors_SB": 869, "Builder's Talent_SB": 312, "Stay Hidden, Stay Silent_SB": 2431, "Badlands Revival": 155, "Fertile Thicket": 886, "Festerleech": 889, "Foul Orchard": 943, "Ghalta, Primal Hunger": 1004, "Gix's Command": 1027, "Golgari Guildgate": 1086, "Hedge Shredder": 1170, "Hero's Downfall": 1188, "Jungle Hollow": 1334, "Long Goodbye": 1518, "Quilled Greatwurm": 1960, "Say Its Name": 2168, "Slavering Branchsnapper": 2333, "Slice from the Shadows": 2337, "Spectral Snatcher": 2390, "Frantic Strength_SB": 956, "Murder_SB": 1683, "Nowhere to Run_SB": 1755, "Stab_SB": 2426, "Vraska's Fall_SB": 2879, "Beastie Beatdown": 187, "Omnivorous Flytrap": 1796, "Patchwork Beastie": 1856, "Wildfire Wickerfolk": 2925, "Return to Nature_SB": 2078, "Desecration Demon": 617, "Evolved Sleeper": 813, "Kaervek, the Punisher": 1336, "Ultimate Price": 2753, "Unexpected Fangs": 2770, "Vadmir, New Blood": 2808, "Bloodchief's Thirst_SB": 238, "Extract a Confession_SB": 830, "Kitesail Freebooter_SB": 1392, "Pilfer_SB": 1894, "Adult Gold Dragon": 21, "Gather the Pack": 993, "Lotleth Troll": 1531, "Cragplate Baloth_SB": 515, "Plains_SB": 1902, "Sporeweb Weaver_SB": 2417, "Arcane Infusion": 94, "Secrets of the Key": 2209, "Silundi Vision": 2297, "Xenagos, God of Revels": 2963, "Aetherize_SB": 29, "Dispel_SB": 647, "Into the Roil_SB": 1285, "Volcanic Spite_SB": 2865, "Zetalpa, Primal Dawn_SB": 2989, "Ego Drain": 733, "Faerie Dreamthief": 845, "Faerie Fencing": 846, "Obyra, Dreaming Duelist": 1777, "Prairie Stream": 1922, "Shineshadow Snarl": 2273, "Sleep-Cursed Faerie": 2335, "Sunken Hollow": 2484, "Talion, the Kindly Lord": 2528, "Talion's Messenger": 2527, "Twining Twins": 2738, "Crippling Fear_SB": 524, "Flashfreeze_SB": 913, "Phantom Interference_SB": 1878, "Blessed Alliance": 225, "Fanatical Firebrand": 855, "Goblin Piledriver": 1069, "Goblin Ringleader": 1071, "Goblin Warchief": 1077, "Krenko, Mob Boss": 1426, "Betrayer's Bargain_SB": 199, "By Force_SB": 327, "Experimental Frenzy_SB": 824, "Squee, Dubious Monarch_SB": 2423, "Collateral Damage": 457, "Exuberant Fuseling": 834, "Squee, Dubious Monarch": 2422, "Collateral Damage_SB": 458, "Tibalt, Rakish Instigator_SB": 2662, "Game Trail": 981, "Glorybringer": 1047, "Hunter's Talent": 1231, "Keen-Eyed Curator": 1373, "Nullhide Ferox": 1759, "Pelt Collector": 1870, "Garruk's Uprising_SB": 985, "Ghalta, Primal Hunger_SB": 1005, "Ram Through_SB": 1985, "Fortified Village": 940, "Generous Visitor": 998, "Toadstool Admirer": 2677, "Apostle of Purifying Light_SB": 84, "Chaplain of Alms_SB": 421, "Healer's Hawk_SB": 1163, "Karametra's Blessing_SB": 1352, "Crawling Barrens": 521, "Ifnir Deadlands": 1239, "Memorial to Folly": 1601, "Misery's Shadow": 1640, "Power Word Kill": 1920, "Mazemind Tome_SB": 1597, "Ob Nixilis Reignited_SB": 1769, "Abrade": 4, "Dazzling Angel": 567, "Divine Smite": 655, "Exemplar of Light": 815, "Firemane Avenger": 905, "Leyline of Hope": 1470, "Wind-Scarred Crag": 2931, "Bomat Courier": 255, "Falkenrath Gorger": 851, "Foreboding Ruins": 932, "Olivia, Mobilized for War": 1784, "Unlicensed Disintegration": 2778, "Forerunner of Slaughter": 934, "Shock_SB": 2277, "Transgress the Mind_SB": 2706, "Rakdos Charm_SB": 1972, "Briarbridge Tracker": 291, "Hard-Hitting Question": 1140, "Kitesail Larcenist": 1393, "Restless Vinestalk": 2072, "Subterranean Schooner": 2468, "Teething Wurmlet": 2543, "Vineglimmer Snarl": 2841, "Zoetic Glyph": 2992, "Briarbridge Tracker_SB": 292, "Forest_SB": 936, "Hard-Hitting Question_SB": 1141, "Island_SB": 1305, "Unsummon_SB": 2791, "Candy Trail": 342, "Rampage of the Clans": 1986, "Hangarback Walker_SB": 1137, "Royal Treatment_SB": 2127, "The Filigree Sylex_SB": 2592, "Earthshaker Khenra": 726, "Mirran Banesplitter": 1634, "Rimrock Knight": 2087, "Aethersphere Harvester_SB": 30, "Burning Hands_SB": 319, "Unchained Berserker_SB": 2762, "Azorius Guildgate": 151, "Boros Guildgate": 268, "Dimir Guildgate": 637, "Gate Colossus": 987, "Gatebreaker Ram": 988, "Gates Ablaze": 989, "Gateway Plaza": 990, "Glaive of the Guildpact": 1031, "Growth Spiral": 1111, "Gruul Guildgate": 1115, "Guild Summit": 1121, "Hour of Promise": 1225, "Izzet Guildgate": 1312, "Maze's End": 1595, "Open the Gates": 1798, "Orzhov Guildgate": 1808, "Plaza of Harmony": 1905, "Rakdos Guildgate": 1973, "Selesnya Guildgate": 2221, "Simic Guildgate": 2304, "Thran Portal": 2644, "Archway Angel_SB": 107, "Broken Bond_SB": 304, "Crackling Perimeter_SB": 513, "Strategic Planning": 2459, "Wandering Fumarole": 2888, "Essence Scatter_SB": 808, "Frantic Firebolt_SB": 954, "Absorb": 8, "Behold the Multiverse": 193, "Saw It Coming": 2167, "Thirst for Discovery": 2628, "Primal Might": 1927, "Experiment One_SB": 821, "Garruk's Harbinger_SB": 983, "Toxin Analysis_SB": 2700, "Witch's Vengeance_SB": 2935, "Bloodchief's Thirst": 237, "Shoot the Sheriff": 2278, "Smoldering Marsh": 2347, "Bandit's Talent_SB": 162, "Banehound": 165, "Curator of Mysteries": 546, "Mire Triton": 1633, "Nightveil Predator": 1724, "Rush of Vitality_SB": 2143, "Goblin Blast-Runner": 1059, "Implement of Combustion": 1249, "Krenko, Baron of Tin Street": 1425, "Voltage Surge": 2870, "Sunshot Militia_SB": 2488, "Duelist of the Mind": 713, "Essence Scatter": 807, "Flow of Knowledge": 925, "Haughty Djinn": 1150, "Rona's Vortex": 2117, "Steamcore Scholar": 2433, "Mocking Sprite_SB": 1648, "Quick Study_SB": 1958, "See Double_SB": 2211, "Shifting Grift_SB": 2270, "Blacklance Paragon": 214, "Brineborn Cutthroat": 297, "Cunning Nightbonder": 544, "Reasonable Doubt": 2012, "Sea-Dasher Octopus": 2194, "Slitherwisp": 2342, "Ashiok's Erasure_SB": 116, "Spectral Adversary_SB": 2388, "Bedlam Reveler": 191, "Warlord's Fury": 2894, "Ox of Agonas_SB": 1837, "Confounding Riddle": 484, "Fires of Victory": 907, "Make Disappear": 1558, "Stern Lesson": 2438, "Roast_SB": 2108, "Flame-Blessed Bolt_SB": 911, "Ral, Izzet Viceroy_SB": 1982, "You See a Guard Approach_SB": 2975, "Alesha, Who Laughs at Fate": 48, "Call of the Death-Dweller": 334, "Davriel, Rogue Shadowmage": 560, "Dreams of Steel and Oil": 699, "Fell": 883, "Grasp of Darkness": 1097, "Master of Cruelties": 1589, "Rakdos, the Muscle": 1977, "Razorlash Transmogrant": 2003, "Razortrap Gorge": 2004, "Seize the Spoils": 2219, "Illness in the Ranks_SB": 1242, "Kaervek, the Spiteful_SB": 1337, "Painful Quandary_SB": 1840, "Skysovereign, Consul Flagship_SB": 2330, "Death-Rattle Oni": 577, "Kessig Flamebreather": 1383, "Blazing Volley": 223, "Crash Through": 517, "Cinderclasm": 433, "Electrickery": 746, "Seismic Wave": 2218, "Stolen Vitality": 2443, "Thrill of Possibility": 2651, "Untimely Malfunction": 2792, "Dismal Backwater": 646, "Burn Down the House_SB": 317, "Smoldering Egg_SB": 2346, "Swamp_SB": 2502, "Gnarled Scarhide": 1048, "Madcap Skills": 1547, "Minotaur Skullcleaver": 1632, "Mogis's Marauder": 1651, "Rakdos Cackler": 1971, "Rakdos Shred-Freak": 1975, "Spike Jester": 2402, "Tormented Hero": 2691, "Doom Blade_SB": 664, "Ultimate Price_SB": 2754, "Hullbreaker Horror": 1229, "Boltwave_SB": 254, "Eddymurk Crab": 730, "Stormwing Entity": 2454, "Make Disappear_SB": 1559, "Fatal Grudge": 859, "Think Twice": 2625, "Sphinx's Revelation_SB": 2400, "Doppelgang_SB": 669, "Consuming Aberration": 490, "Contaminated Aquifer": 494, "Didn't Say Please": 634, "Dreadwaters": 693, "Duskmantle Guildmage": 721, "Fell Specter": 884, "Jhessian Thief": 1329, "Mind Carver": 1625, "Mind Drain": 1626, "Murder": 1682, "Nezumi Informant": 1716, "Orzhov Racketeers": 1809, "Painful Quandary": 1839, "Paranoid Delusions": 1851, "Pilfered Plans": 1895, "Psychic Strike": 1943, "Razzle-Dazzler": 2006, "Read the Bones": 2007, "Sleep": 2334, "Tasha's Hideous Laughter": 2537, "The Mindskinner": 2602, "Typhoid Rats": 2742, "Wall of Frost": 2887, "Witness Protection": 2943, "Aspect of Lamprey_SB": 126, "Blood Pact_SB": 234, "Crypt Incursion_SB": 534, "Dreadwaters_SB": 694, "Frogify_SB": 962, "Professor's Warning_SB": 1931, "Rogue's Gloves_SB": 2114, "Sinister Possession_SB": 2309, "Solemn Simulacrum_SB": 2363, "Sphinx of Magosi_SB": 2397, "Thieving Otter_SB": 2622, "Unlikely Aid_SB": 2782, "Zombify_SB": 2994, "Coruscation Mage": 503, "Reckless Impulse": 2017, "Wrenn's Resolve": 2961, "Giant Cindermaw_SB": 1012, "Lightning Mare_SB": 1492, "Wrangle_SB": 2959, "Ancient Imperiosaur": 64, "Belligerent Yearling": 195, "Hulking Raptor": 1228, "Intrepid Paleontologist": 1288, "Ixalli's Lorekeeper": 1309, "Otepec Huntmaster": 1816, "Palani's Hatcher": 1845, "Pugnacious Hammerskull": 1944, "Regisaur Alpha": 2041, "Shifting Ceratops": 2268, "Triumphant Chomp": 2726, "Fight Rigging": 898, "Restless Ridgeline": 2069, "Secluded Courtyard": 2208, "Unclaimed Territory": 2763, "Shifting Ceratops_SB": 2269, "Thrashing Brontodon_SB": 2647, "Triumphant Chomp_SB": 2727, "Frenzied Goblin": 959, "Goblin Surprise": 1073, "Goblin Negotiation": 1068, "Redcap Gutter-Dweller": 2027, "Guttersnipe": 1124, "Impact Tremors": 1247, "Goblin Boarders": 1060, "War Squeak": 2890, "Goblin Heelcutter": 1064, "Pyrewild Shaman": 1947, "Rigging Runner": 2085, "Subterranean Scout": 2469, "Goblinslide": 1078, "Hellraiser Goblin": 1176, "Demonic Ruckus": 607, "Searslicer Goblin_SB": 2204, "Rundvelt Hordemaster_SB": 2136, "Siege-Gang Commander_SB": 2290, "Goblin Boarders_SB": 1061, "Goblin Surprise_SB": 1074, "Frenzied Goblin_SB": 960, "Cruel Somnophage": 526, "Fraying Sanity": 957, "Mercurial Spelldancer": 1608, "Mind Sculpt": 1627, "Ruin Crab": 2131, "Sign in Blood": 2293, "Syr Konrad, the Grim": 2519, "Bitter Chill_SB": 209, "Chart a Course_SB": 424, "Sphinx's Tutelage_SB": 2401, "Terisian Mindbreaker_SB": 2563, "Armored Kincaller": 111, "Burning Sun Cavalry": 320, "Captivating Cave": 346, "Cavern Stomper": 386, "Colossadactyl": 467, "Dinotomaton": 639, "Disturbed Slumber": 651, "Earthshaker Dreadmaw": 725, "Hidden Nursery": 1192, "Itzquinth, Firstborn of Gishath": 1308, "Nurturing Bristleback": 1762, "Over the Edge": 1824, "Panicked Altisaur": 1847, "Pathfinding Axejaw": 1860, "Poison Dart Frog": 1909, "Promising Vein": 1935, "Rampaging Ceratops": 1987, "Rumbling Rockslide": 2133, "Scytheclaw Raptor": 2192, "Seeker of Sunlight": 2215, "Seismic Monstrosaur": 2217, "The Skullspore Nexus": 2610, "Walk with the Ancestors": 2886, "Quirion Dryad": 1963, "Deeproot Champion": 593, "Bristling Backwoods": 301, "Domri's Ambush_SB": 662, "Sorin the Mirthless": 2368, "Jace, Vryn's Prodigy_SB": 1318, "Gnarlroot Trapper": 1050, "Turntimber Symbiosis": 2736, "Deep-Cavern Bat_SB": 592, "Saheeli, Sublime Artificer": 2147, "Valley Floodcaller_SB": 2818, "Valorous Stance_SB": 2821, "Eidolon of the Great Revel_SB": 738, "Pillage the Bog_SB": 1897, "Aether Channeler": 24, "Decimator of the Provinces": 586, "Elder Deep-Fiend": 740, "Fblthp, the Lost": 866, "Fierce Empath": 893, "Foul Emissary": 942, "Thought-Knot Seer": 2636, "Kogla, the Titan Ape_SB": 1413, "Thought-Knot Seer_SB": 2637, "Containment Priest": 492, "Sublime Epiphany": 2467, "Unauthorized Exit": 2760, "Fiery Annihilation_SB": 894, "Arahbo, the First Fang": 88, "Brimaz, King of Oreskos": 295, "Felidar Cub": 881, "Feline Sovereign": 882, "Regal Caracal": 2038, "Sacred Cat": 2145, "Savannah Lions": 2164, "Lion Sash_SB": 1508, "Reckless Stormseeker_SB": 2021, "Tocasia's Welcome_SB": 2679, "Surge of Salvation": 2496, "Archfiend of Depravity": 99, "Archfiend of Depravity_SB": 100, "Sphinx's Revelation": 2399, "Tale's End": 2525, "Urza's Sylex_SB": 2806, "Cathartic Pyre": 374, "Alpine Moon_SB": 54, "Fade from History_SB": 841, "Loot, Exuberant Explorer": 1521, "Kitesail Larcenist_SB": 1394, "Notion Thief": 1751, "Quicken": 1959, "Rockface Village_SB": 2112, "Third Path Iconoclast": 2626, "Banish into Fable": 167, "The Celestus": 2586, "The Enigma Jewel": 2591, "Lilah, Undefeated Slickshot": 1495, "Wandering Mind": 2889, "Reluctant Role Model": 2047, "Behold the Beyond": 192, "Voyaging Satyr": 2876, "Furnace Punisher": 971, "Snow-Covered Swamp": 2358, "March of Swirling Mist": 1571, "Faceless Haven_SB": 840, "Invasive Surgery_SB": 1294, "The Scarab God_SB": 2608, "Shadowspear_SB": 2245, "Pieces of the Puzzle": 1892, "No One Left Behind": 1745, "Archon of Absolution_SB": 104, "Gyruda, Doom of Depths": 1126, "Warrant // Warden": 2896, "Reduce // Rubble_SB": 2032, "Sire of Seven Deaths_SB": 2313, "Dollmaker's Shop && Porcelain Gallery": 660, "Enduring Vitality": 784, "Kami of Transience": 1349, "Surgical Suite && Hospital Room_SB": 2498, "Regal Bunnicorn": 2037, "Dissection Tools": 650, "Castle Locthwain_SB": 369, "Rockfall Vale": 2113, "Michiko's Reign of Truth": 1620, "Rite of Oblivion": 2094, "Anthem of Champions_SB": 81, "Shatterskull Smashing": 2258, "Kazuul's Fury": 1371, "Tinybones, the Pickpocket": 2668, "Disruption Protocol": 649, "Brotherhood's End": 306, "Return the Favor_SB": 2077, "Path to the World Tree": 1859, "Gloomshrieker": 1045, "Dennick, Pious Apprentice_SB": 611, "Fear of Abduction": 867, "Virtue of Loyalty_SB": 2845, "Blue Sun's Twilight_SB": 251, "Overwhelming Remorse_SB": 1835, "Ruby, Daring Tracker": 2130, "Bard Class": 174, "Samut, Vizier of Naktamun": 2153, "Hajar, Loyal Bodyguard": 1128, "Migloz, Maze Crusher": 1623, "Agatha of the Vile Cauldron": 35, "Targ Nar, Demon-Fang Gnoll": 2536, "Xenagos, the Reveler": 2965, "Thousand-Year Storm": 2642, "Stormsplitter": 2453, "Cathartic Pyre_SB": 375, "Tamiyo, Collector of Tales_SB": 2531, "Ashiok, Wicked Manipulator": 123, "Tears of Valakut_SB": 2541, "Protect the Negotiators_SB": 1941, "Wolfwillow Haven_SB": 2951, "Kenrith's Transformation_SB": 1379, "Questing Beast_SB": 1954, "Commercial District": 475, "Ajani, Strength of the Pride": 44, "Case of the Uneaten Feast": 361, "Trelasarra, Moon Dancer": 2719, "Floriferous Vinewall": 923, "Elder Gargaroth_SB": 742, "Eldritch Evolution": 745, "Hauntwoods Shrieker": 1154, "Urborg Lhurgoyf": 2800, "Aether Channeler_SB": 25, "Zephyr Sentinel_SB": 2987, "Krenko's Buzzcrusher": 1423, "Kambal, Consul of Allocation": 1347, "Tectonic Hazard_SB": 2542, "Callous Sell-Sword_SB": 338, "Harmonious Archon": 1144, "Sandstorm Salvager": 2158, "Toby, Beastie Befriender": 2678, "Kayla's Reconstruction_SB": 1369, "Ritual of Soot": 2097, "Inscription of Ruin": 1271, "Jace Reawakened": 1313, "Surrak Dragonclaw": 2499, "Dragonskull Summit": 678, "Felonious Rage": 885, "Frantic Scapegoat": 955, "Gods Willing_SB": 1082, "Stubborn Denial_SB": 2465, "Seed of Hope": 2213, "Soaring Thought-Thief": 2359, "Thieves' Guild Enforcer": 2621, "Filter Out": 900, "Destroy Evil": 623, "Serra Paragon_SB": 2232, "Woodland Bellower": 2952, "Nissa, Vastwood Seer": 1735, "Knight of the Ebon Legion": 1405, "Worthy Knight": 2958, "Venerable Knight": 2832, "Inspiring Veteran": 1276, "Tournament Grounds": 2699, "Heartflame Duelist": 1166, "Knight of Dusk's Shadow": 1401, "Knight of Dusk's Shadow_SB": 1402, "Lyra Dawnbringer_SB": 1545, "Breeding Pool_SB": 290, "Chance for Glory": 405, "Collector's Vault": 465, "Colossal Skyturtle": 468, "Mirrorshell Crab": 1637, "Omen Hawker": 1785, "Teferi, Who Slows the Sunset": 2546, "Bag of Holding_SB": 156, "Zirda, the Dawnwaker_SB": 2991, "Ashen Rider_SB": 115, "Finale of Devastation": 902, "Despise_SB": 620, "Lifebane Zombie_SB": 1481, "Reidane, God of the Worthy": 2042, "Aclazotz, Deepest Betrayal": 13, "Sunspine Lynx": 2489, "Light Up the Stage_SB": 1485, "Come Back Wrong_SB": 473, "Spirited Companion": 2411, "Weaver of Harmony": 2907, "Isolate_SB": 1306, "The Flame of Keld": 2593, "Fetid Pools": 890, "Silvergill Adept": 2302, "Triton Shorestalker": 2724, "Agadeem's Awakening": 34, "Fiend Artisan": 892, "Isareth the Awakener": 1303, "Dreadbore": 685, "Callous Bloodmage": 335, "Golos, Tireless Pilgrim": 1087, "Nicol Bolas, the Ravager": 1719, "Omen of the Forge": 1788, "The Kami War": 2597, "Touch the Spirit Realm": 2697, "Wakeroot Elemental": 2885, "Sunken Citadel_SB": 2483, "Forensic Researcher": 933, "Kiora's Follower": 1388, "Legion Extruder_SB": 1461, "Stormchaser's Talent": 2448, "This Town Ain't Big Enough": 2630, "Lost Legacy_SB": 1530, "Angrath, the Flame-Chained_SB": 69, "Wolfwillow Haven": 2950, "The Mightstone and Weakstone_SB": 2601, "Crumbling Vestige": 531, "Smuggler's Surprise": 2350, "Kogla and Yidaro_SB": 1411, "Portal to Phyrexia_SB": 1919, "Vampires' Vengeance_SB": 2824, "Paradise Druid": 1848, "Sylvan Awakening": 2511, "Nissa, Who Shakes the World": 1736, "Solemnity_SB": 2364, "Coveted Falcon": 510, "Caretaker's Talent_SB": 349, "Rite of Oblivion_SB": 2095, "Fountainport_SB": 951, "Vivien, Arkbow Ranger": 2851, "Kogla, the Titan Ape": 1412, "Cavalier of Thorns_SB": 384, "Ulvenwald Oddity_SB": 2756, "Bilious Skulldweller": 203, "Chevill, Bane of Monsters": 425, "Fynn, the Fangbearer": 974, "Ghost Vacuum": 1008, "Heroic Intervention": 1189, "Malakir Rebirth": 1560, "Wasteland Viper": 2899, "Infectious Bite_SB": 1259, "Nahiri's Warcrafting_SB": 1695, "Witherbloom Command_SB": 2940, "Remorseful Cleric": 2048, "Ajani, Sleeper Agent_SB": 43, "Depala, Pilot Exemplar": 612, "Magda, Brazen Outlaw": 1551, "Magda, the Hoardmaster": 1552, "Portal to Phyrexia": 1918, "Roaming Throne": 2103, "Toolcraft Exemplar": 2685, "Unlicensed Hearse": 2780, "Veteran Motorist": 2836, "Akal Pakal, First Among Equals": 46, "Courser of Kruphix": 509, "Fauna Shaman": 864, "Timestream Navigator": 2664, "Simic Manipulator": 2305, "Trygon Predator_SB": 2731, "Azure Beastbinder_SB": 153, "Vivien, Champion of the Wilds_SB": 2852, "Mockingbird_SB": 1650, "Simic Manipulator_SB": 2306, "Unauthorized Exit_SB": 2761, "The Royal Scions": 2606, "Kogla and Yidaro": 1410, "Trumpeting Carnosaur_SB": 2730, "Kemba, Kha Enduring": 1378, "Dusk // Dawn_SB": 716, "Last Breath_SB": 1446, "Cleansing Nova_SB": 444, "Thunderherd Migration": 2656, "Golgari Charm_SB": 1085, "Selfless Spirit_SB": 2226, "Boros Elite": 267, "Guardian of New Benalia": 1120, "Intrepid Adversary": 1287, "Mobilized District": 1647, "Precinct Captain": 1925, "Soldier of the Pantheon": 2362, "Spellbook Vendor": 2395, "Sungold Sentinel": 2481, "Banisher Priest_SB": 168, "Bounty Agent_SB": 278, "Rally the Ranks_SB": 1984, "Wicked Wolf_SB": 2921, "Overlord of the Mistmoors_SB": 1833, "Surge of Righteousness_SB": 2495, "Fear of Isolation": 870, "Tinybones Joins Up": 2666, "Loran of the Third Path": 1523, "Built to Smash": 313, "Wayward Guide-Beast": 2902, "Voldaren Thrillseeker_SB": 2868, "Vivien Reid_SB": 2850, "Renegade Tactics": 2052, "Knight of Grace_SB": 1404, "Lavinia, Azorius Renegade_SB": 1451, "Syr Ginger, the Meal Ender_SB": 2518, "Long Goodbye_SB": 1519, "Overlord of the Balemurk_SB": 1828, "Demonic Counsel": 605, "Siphon Insight_SB": 2310, "Glorious Protector_SB": 1046, "Imodane's Recruiter_SB": 1246, "The Wandering Rescuer_SB": 2616, "Niambi, Esteemed Speaker_SB": 1717, "Into the Story": 1286, "Zoraline, Cosmos Caller": 2995, "Augur of Bolas": 138, "Essence Flux": 806, "Natural State_SB": 1705, "Adanto Vanguard": 15, "Apostle of Purifying Light": 83, "Glass Casket": 1034, "Thran Power Suit": 2645, "Roaring Furnace && Steaming Sauna_SB": 2105, "Titania, Voice of Gaea_SB": 2675, "Treacherous Blessing_SB": 2713, "Klothys, God of Destiny_SB": 1398, "Umori, the Collector_SB": 2757, "Glass Casket_SB": 1035, "Ojer Axonil, Deepest Might": 1782, "Leyline of Combustion_SB": 1469, "Scorching Shot_SB": 2180, "Grasp of Darkness_SB": 1098, "Necrotic Wound": 1708, "Souls of the Lost": 2381, "Necrotic Wound_SB": 1709, "Horned Loch-Whale_SB": 1219, "Squirming Emergence": 2424, "Souls of the Lost_SB": 2382, "Kappa Tech-Wrecker": 1350, "Eldrazi Displacer_SB": 744, "Experimental Augury": 822, "Fleeting Spirit": 915, "Get Out": 1002, "Lore Drakkis": 1528, "Open the Omenpaths": 1799, "Vadrok, Apex of Thunder": 2809, "Crucible of Worlds": 525, "Destiny Spinner": 621, "Izoni, Center of the Web": 1310, "Cavern of Souls_SB": 388, "Destiny Spinner_SB": 622, "Sin Collector_SB": 2308, "Cult Conscript": 542, "Cleansing Wildfire_SB": 446, "Vanish into Eternity_SB": 2825, "Mutavault_SB": 1689, "Mukotai Ambusher_SB": 1680, "Tribute to Horobi": 2722, "Void Winnower_SB": 2862, "Hunter's Talent_SB": 1232, "Remorseful Cleric_SB": 2049, "Vengeful Possession": 2834, "Hidetsugu's Second Rite_SB": 1197, "Nurturing Pixie": 1763, "Kaito, Bane of Nightmares_SB": 1342, "Extract the Truth_SB": 831, "Malcolm, Alluring Scoundrel": 1561, "Preacher of the Schism_SB": 1924, "Ertai Resurrected": 797, "Pia Nalaar, Consul of Revival": 1888, "Showdown of the Skalds": 2284, "Thirst for Meaning": 2629, "Entity Tracker_SB": 790, "Bassara Tower Archer": 180, "Cloudsteel Kirin": 455, "Lizard Blades": 1512, "Snarling Gorehound": 2353, "Searing Blood": 2201, "Chandra, Torch of Defiance_SB": 417, "Bomat Courier_SB": 256, "Magma Spray_SB": 1556, "Aven Mindcensor_SB": 143, "Fugitive Codebreaker_SB": 970, "Stalactite Stalker": 2427, "Harvester of Misery_SB": 1147, "Hostile Investigator_SB": 1224, "Lamplight Phoenix_SB": 1443, "Biting-Palm Ninja": 207, "Dokuchi Silencer": 658, "Silver-Fur Master": 2298, "Thousand-Faced Shadow": 2641, "Kaito Shizuki_SB": 1340, "Massacre Wurm_SB": 1588, "Helping Hand": 1179, "Pawpatch Recruit_SB": 1864, "Colossal Skyturtle_SB": 469, "Takenuma, Abandoned Mire_SB": 2524, "Holy Cow": 1208, "Soul Transfer": 2373, "Omen of the Dead": 1786, "Sentinel of the Nameless City_SB": 2229, "Welcoming Vampire_SB": 2913, "Sharp-Eyed Rookie": 2256, "Ayara's Oathsworn": 147, "Jace, Vryn's Prodigy": 1317, "Council of the Absolute_SB": 506, "Spirit of the Labyrinth_SB": 2409, "Suncleanser_SB": 2475, "Adventurous Impulse": 22, "Monastery Mentor_SB": 1659, "Arcane Proxy": 95, "Chrome Host Seedshark": 430, "See the Truth": 2212, "Wilt-Leaf Liege_SB": 2929, "Ambitious Farmhand": 58, "Cascading Cataracts": 354, "Helpful Hunter": 1178, "Thalia's Lancers": 2571, "Barkhide Troll": 176, "Gather Courage": 991, "Tribute to the World Tree": 2723, "Setessan Tactics_SB": 2236, "Shatterskull Smashing_SB": 2259, "Oblivious Bookworm": 1774, "Cerulean Drake_SB": 398, "Kraul Harpooner_SB": 1421, "Lavabrink Venturer_SB": 1448, "Prosperous Thief_SB": 1940, "Chandra, Torch of Defiance": 416, "Fanatic of Mogis": 854, "Solphim, Mayhem Dominus": 2365, "Thalia and The Gitrog Monster": 2570, "Cosmic Rebirth_SB": 505, "Dreadbore_SB": 686, "Cavalier of Dawn": 381, "Kotose, the Silent Spider": 1419, "Marina Vendrell": 1577, "Recommission": 2025, "Augur of Autumn_SB": 137, "Bladehold War-Whip": 218, "Nahiri, Forged in Fury": 1696, "Sword of Forge and Frontier": 2508, "Rebel Salvo_SB": 2014, "Bloodthirsty Conqueror": 242, "Dina, Soul Steeper": 638, "Dryad of the Ilysian Grove": 712, "Iridescent Vinelasher": 1301, "Jaddi Offshoot": 1321, "Mirrorpool": 1636, "Retreat to Hagra": 2075, "Bristly Bill, Spine Sower_SB": 303, "Deathrite Shaman_SB": 583, "Undergrowth Champion_SB": 2768, "Tyvar, the Pummeler_SB": 2748, "Valgavoth's Faithful": 2811, "Deputy of Detention_SB": 615, "Silverback Elder": 2299, "Silverback Elder_SB": 2300, "Celestial Armor": 392, "Etali, Primal Conqueror": 809, "Floodpits Drowner_SB": 922, "Massacre Wurm": 1587, "Citizen's Crowbar_SB": 437, "Gifted Aetherborn_SB": 1023, "Perilous Snare": 1871, "Repurposing Bay_SB": 2055, "Monument to Endurance_SB": 1664, "Sab-Sunen, Luxa Embodied": 2144, "Bolas's Citadel": 252, "Catacomb Sifter": 372, "Woe Strider": 2948, "Liliana, Heretical Healer_SB": 1502, "Status // Statue_SB": 2430, "Chaplain of Alms": 420, "Rune of Might": 2137, "Mendicant Core, Guidelight": 1606, "Voyager Glidecar": 2875, "Patchwork Automaton": 1854, "Momentum Breaker_SB": 1657, "Birgi, God of Storytelling": 204, "Crater's Claws": 519, "Banefire_SB": 164, "Zurgo Bellstriker_SB": 2999, "Shacklegeist_SB": 2241, "Hare Apparent": 1143, "Greasewrench Goblin": 1103, "Moonshaker Cavalry_SB": 1667, "Valor's Flagship": 2820, "Zareth San, the Trickster": 2985, "Grim Bauble": 1107, "Momentum Breaker": 1656, "Oildeep Gearhulk_SB": 1781, "Count on Luck_SB": 507, "Ossification_SB": 1812, "Grim Bauble_SB": 1108, "Coalstoke Gearhulk": 456, "Djeru's Renunciation": 657, "Marauding Mako": 1567, "Monument to Endurance": 1663, "Sunbillow Verge": 2474, "Ketramose, the New Dawn_SB": 1385, "Mastermind's Acquisition": 1590, "Behold the Multiverse_SB": 194, "Memory Guardian": 1604, "Brightglass Gearhulk": 294, "Dredger's Insight": 701, "Azor, the Lawbringer": 149, "Archfiend's Vessel": 103, "Merfolk Secretkeeper": 1610, "Dreadhorde Arcanist_SB": 688, "Mukotai Ambusher": 1679, "Bloodghast": 239, "Molt Tender": 1652, "Driven // Despair_SB": 703, "Ashiok, Wicked Manipulator_SB": 124, "Anim Pakal, Thousandth Moon": 72, "Basri, Tomorrow's Champion": 179, "Urza's Ruinous Blast_SB": 2804, "The Speed Demon": 2611, "Intimidation Tactics_SB": 1281, "Rankle's Prank": 1992, "Oildeep Gearhulk": 1780, "Doppelgang": 668, "Shigeki, Jukai Visionary": 2271, "Virtue of Strength": 2848, "Bonny Pall, Clearcutter_SB": 261, "Roxanne, Starfall Savant_SB": 2125, "Willowrush Verge": 2927, "Freestrider Lookout": 958, "Ketramose, the New Dawn": 1384, "Scrabbling Claws": 2183, "Mosswood Dreadknight_SB": 1673, "Optimistic Scavenger_SB": 1803, "Commune with Spirits": 479, "Goro-Goro, Disciple of Ryusei": 1090, "Kari Zev, Skyship Raider": 1354, "Radha, Heart of Keld": 1965, "Redshift, Rocketeer Chief": 2031, "Scorching Dragonfire_SB": 2178, "Bleachbone Verge": 224, "Detention Chariot": 626, "Tune Up": 2732, "Kaya the Inexorable_SB": 1362, "Thundering Broodwagon": 2657, "Eaten Alive_SB": 727, "Benthic Biomancer": 196, "Mindspring Merfolk": 1630, "Tishana's Tidebinder": 2670, "Fearless Swashbuckler": 872, "Gastal Thrillroller": 986, "Dragonlord Dromoka": 675, "Leyline Binding_SB": 1467, "Ashiok, Nightmare Weaver": 121, "Jace's Defeat_SB": 1315, "Hazoret, Godseeker": 1160, "Avishkar Raceway": 144, "Fuel the Flames_SB": 968, "Skycrash_SB": 2325, "Dusk Rose Reliquary": 719, "Murderous Cut": 1684, "Anguished Unmaking_SB": 71, "Drownyard Temple": 710, "Quag Feast": 1952, "Boommobile": 263, "Hedron Archive": 1171, "Paradox Engine": 1849, "Portal of Sanctuary": 1917, "Prophetic Prism": 1936, "Repurposing Bay": 2054, "Terrarion": 2565, "The Mightstone and Weakstone": 2600, "Thran Spider": 2646, "Workshop Assistant": 2954, "Liberator, Urza's Battlethopter_SB": 1476, "Noxious Gearhulk_SB": 1757, "Shrapnel Slinger_SB": 2288, "Norin, Swift Survivalist": 1748, "Empyrean Eagle": 771, "Dewdrop Cure_SB": 632, "Mindlink Mech_SB": 1629, "Wastewood Verge": 2900, "Sea Gate Restoration": 2193, "Ashiok, Nightmare Muse_SB": 120, "Biting-Palm Ninja_SB": 208, "Harrier Strix": 1146, "Hypnotic Grifter": 1236, "The Reality Chip": 2604, "Training Grounds": 2703, "Basilisk Collar_SB": 178, "Immersturm Raider": 1244, "The Speed Demon_SB": 2612, "Kazuul's Toll Collector": 1372, "Shardmage's Rescue_SB": 2253, "Burnout Bashtronaut": 322, "Draconautics Engineer": 673, "Howlsquad Heavy": 1226, "Volley Veteran_SB": 2869, "Swiftfoot Boots_SB": 2507, "Overprotect_SB": 1834, "Stock Up": 2441, "Riverpyre Verge": 2100, "Strangle": 2455, "Liliana, the Last Hope_SB": 1503, "Concealing Curtains": 481, "Riptide Gearhulk_SB": 2092, "Blade Historian": 216, "Jirina, Dauntless General": 1330, "Pyre of Heroes": 1946, "Night Clubber_SB": 1720, "Aegis Turtle_SB": 23, "Up the Beanstalk_SB": 2797, "Cleansing Wildfire": 445, "Crumble to Dust": 530, "Encroaching Wastes": 775, "Gnottvold Slumbermound": 1052, "Haphazard Bombardment": 1139, "Jaya's Greeting": 1323, "Ravager Wurm": 1998, "Rowan, Scholar of Sparks": 2124, "Rubble Reading": 2128, "Sheltered Thicket": 2261, "Structural Distortion": 2463, "Sylvan Primordial": 2514, "Territory Forge": 2566, "Twin Bolt": 2737, "Herbology Instructor_SB": 1184, "Nissa's Defeat_SB": 1730, "Peak Eruption_SB": 1865, "Scrabbling Claws_SB": 2184, "Analyze the Pollen": 60, "Ride's End": 2083, "Battle at the Bridge": 182, "Spire of Industry": 2407, "Battle at the Bridge_SB": 183, "Murderous Cut_SB": 1685, "Borrowed Hostility": 270, "Barbed Batterfist": 173, "Webstrike Elite": 2908, "Yahenni's Expertise": 2966, "Commit // Memory_SB": 477, "Steel Seraph": 2435, "Demilich_SB": 601, "Banefire": 163, "Progenitor Mimic": 1934, "Champion of the Perished": 404, "Cryptbreaker": 535, "Dark Salvation": 555, "Dread Wanderer": 684, "Relentless Dead": 2045, "Wayward Servant": 2903, "Zahur, Glory's Past": 2984, "Fighter Class": 899, "Chainsaw_SB": 402, "Nettle Guard_SB": 1714, "Sword of Forge and Frontier_SB": 2509, "Phyrexian Censor": 1882, "Violent Urge_SB": 2843, "Boon of Boseiju": 264, "Esika's Chariot_SB": 803, "Commune with Dinosaurs": 478, "Marauding Raptor": 1568, "Rampaging Raptor": 1990, "Regal Imperiosaur": 2040, "Ripjaw Raptor": 2089, "Maximize Velocity": 1593, "Birgi, God of Storytelling_SB": 205, "Expedition Map_SB": 819, "Stock Up_SB": 2442, "Wrenn and Realmbreaker": 2960, "Samut's Sprint": 2151, "Omen of the Dead_SB": 1787, "Lost Jitte": 1529, "Lazav, Wearer of Faces": 1453, "Medomai the Ageless": 1599, "Fires of Victory_SB": 908, "Guardian of Faith": 1118, "Riptide Gearhulk": 2091, "Quick Study": 1957, "Gather Courage_SB": 992, "Carnage Tyrant": 350, "Feather, the Redeemed": 873, "Feather, the Redeemed_SB": 874, "Etali, Primal Conqueror_SB": 810, "Ruin-Lurker Bat": 2132, "Healer's Hawk": 1162, "Linden, the Steadfast Queen": 1504, "Rogue's Passage": 2115, "Dewdrop Cure": 631, "Afterburner Expert": 32, "Satoru Umezawa": 2160, "Adorned Pouncer": 20, "Open the Armory": 1797, "Roadside Reliquary": 2102, "Out of Air_SB": 1818, "Cry of the Carnarium": 532, "Kaya, Orzhov Usurper": 1366, "Soul-Guide Lantern": 2375, "Calamity's Wake_SB": 331, "Anzrag, the Quake-Mole": 82, "Tamiyo's Safekeeping": 2529, "Tear Asunder": 2539, "Blot Out": 248, "Thrun, Breaker of Silence": 2652, "Nissa, Ascended Animist": 1731, "Tyrranax Rex": 2743, "Nissa, Ascended Animist_SB": 1732, "Twinshot Sniper": 2739, "Keruga, the Macrosage": 1381, "Agent of Treachery_SB": 39, "Twinshot Sniper_SB": 2740, "Spontaneous Mutation_SB": 2416, "Painter's Studio // Defaced Gallery": 1843, "Magmatic Chasm_SB": 1557, "Exquisite Firecraft": 826, "Raucous Carnival": 1995, "Curse of Shaken Faith_SB": 548, "Tireless Tracker_SB": 2669, "Merfolk Mistbinder": 1609, "Merfolk Trickster_SB": 1611, "Smuggler's Copter_SB": 2349, "Debris Beetle": 584, "Epic Downfall_SB": 793, "Cavalier of Flame": 382, "Sunder the Gateway": 2476, "Cruelclaw's Heist_SB": 528, "Knight of Grace": 1403, "Swan Song_SB": 2503, "Enduring Tenacity_SB": 783, "Bladestitched Skaab": 219, "Lazotep Reaver": 1454, "Rotten Reunion_SB": 2121, "Rocketeer Boostbuggy": 2110, "Blessed Defiance_SB": 228, "Chandra, Spark Hunter_SB": 415, "Phoenix Chick": 1879, "Azor, the Lawbringer_SB": 150, "Mortify": 1669, "Fuel the Flames": 967, "Gix's Command_SB": 1028, "Sorin the Mirthless_SB": 2369, "Shoot the Sheriff_SB": 2279, "Graf Reaver_SB": 1093, "Kraul Whipcracker_SB": 1422, "Dive Down_SB": 653, "Fear of Impostors": 868, "Riptide Chimera": 2090, "Witchstalker_SB": 2938, "Soul-Scar Mage_SB": 2378, "Selfless Glyphweaver_SB": 2223, "Blood Spatter Analysis": 235, "Demonic Bargain": 604, "Osseous Sticktwister": 1810, "Korvold, Fae-Cursed King": 1417, "Korvold, Fae-Cursed King_SB": 1418, "Dive Down": 652, "Jace Reawakened_SB": 1314, "Blessed Defiance": 227, "Phyrexian Dragon Engine": 1883, "Seasoned Hallowblade": 2207, "The Mycosynth Gardens": 2603, "Burning Earth_SB": 318, "Alrund's Epiphany": 55, "Loot, the Pathfinder": 1522, "Fugitive Codebreaker": 969, "Flowstone Infusion": 927, "Sejiri Shelter": 2220, "Tenth District Legionnaire": 2562, "Invasion of New Phyrexia_SB": 1293, "Tangled Florahedron": 2535, "Healer of the Glade_SB": 1161, "Tale's End_SB": 2526, "Gisa, the Hellraiser_SB": 1026, "Ride's End_SB": 2084, "Omen of the Sun": 1790, "Omen of the Sun_SB": 1791, "Enduring Courage": 778, "Beseech the Mirror_SB": 198, "Experimental Confectioner": 823, "Commence the Endgame_SB": 474, "Forbidden Friendship": 931, "Collective Effort_SB": 463, "Perilous Snare_SB": 1872, "Monastery Mentor": 1658, "Seeker of the Way_SB": 2216, "Redcap Melee": 2028, "Setessan Champion": 2234, "Trapped in the Screen": 2708, "Trapped in the Screen_SB": 2709, "Cryptolith Rite": 538, "Bottomless Pool && Locker Room": 275, "Bottomless Pool && Locker Room_SB": 276, "Knockout Blow": 1408, "Hidetsugu's Second Rite": 1196, "Eidolon of Blossoms": 734, "Eidolon of Blossoms_SB": 735, "Incubation Druid": 1254, "Interplanar Beacon": 1278, "Kaya the Inexorable": 1361, "Mistrise Village": 1645, "Nicol Bolas, Dragon-God": 1718, "Ral Zarek": 1979, "Tamiyo, Field Researcher": 2532, "Vraska, Betrayal's Sting": 2880, "Kunoros, Hound of Athreos_SB": 1435, "Tersa Lightshatter": 2568, "Mox Jasper": 1677, "Mistrise Village_SB": 1646, "Elspeth, Storm Slayer": 758, "United Battlefront": 2776, "Voice of Victory": 2857, "Sunder the Gateway_SB": 2477, "Voice of Victory_SB": 2858, "Descendant of Storms": 616, "Dragonfire Blade": 674, "Lavaspur Boots_SB": 1450, "Qarsi Revenant": 1950, "Qarsi Revenant_SB": 1951, "Cease // Desist": 390, "Cram Session": 516, "Insatiable Avarice": 1268, "The Biblioplex": 2582, "Valgavoth's Onslaught": 2812, "Containment Breach_SB": 491, "Environmental Sciences_SB": 791, "Introduction to Annihilation_SB": 1289, "Mascot Exhibition_SB": 1582, "Pest Summoning_SB": 1876, "Cemetery Illuminator": 394, "Muraganda Raceway": 1681, "Rakdos's Return_SB": 1976, "Caustic Exhale": 379, "Dispelling Exhale": 648, "Foul-Tongue Invocation": 944, "Marang River Regent": 1565, "Scavenger Regent": 2173, "Silumgar's Scorn": 2296, "Caustic Exhale_SB": 380, "Strategic Betrayal_SB": 2458, "Cori-Steel Cutter": 499, "Wild Ride": 2922, "Cori-Steel Cutter_SB": 500, "Desperate Measures": 619, "Sunpearl Kirin": 2485, "Katilda, Dawnhart Prime": 1360, "Songcrafter Mage": 2366, "Militia Bugler_SB": 1624, "History of Benalia": 1204, "Rot-Curse Rakshasa": 2120, "Strategic Betrayal": 2457, "Treasure Map": 2716, "Archangel Elspeth": 97, "Painter's Studio && Defaced Gallery": 1842, "This Town Ain't Big Enough_SB": 2631, "Stormscale Scion": 2451, "Stormscale Scion_SB": 2452, "Of One Mind": 1779, "Banishing Slash": 171, "Gurmag Angler": 1122, "Murderous Rider_SB": 1687, "Cori Mountain Monastery": 498, "Jaya, Fiery Negotiator": 1324, "Warden of the Grove": 2891, "Surrak, Elusive Hunter_SB": 2500, "United Battlefront_SB": 2777, "Icon of Ancestry": 1237, "Fire Prophecy": 903, "White Sun's Twilight_SB": 2920, "Paradoxical Outcome_SB": 1850, "Masked Vandal": 1583, "Fanatical Firebrand_SB": 856, "Liliana, Death's Majesty": 1499, "Scavenger's Talent_SB": 2175, "Ygra, Eater of All_SB": 2972, "Runed Halo": 2138, "Decadent Dragon_SB": 585, "Undead Sprinter_SB": 2764, "Boros Reckoner": 269, "Craterhoof Behemoth": 520, "Phyrexian Obliterator": 1885, "Decisive Denial": 587, "Ebondeath, Dracolich": 728, "Ertai's Scorn": 798, "Rakshasa's Bargain": 1978, "Rewind": 2080, "Unwind": 2794, "Awaken the Honored Dead_SB": 145, "Carnage Tyrant_SB": 351, "Gaze of Granite_SB": 994, "Lutri, the Spellchaser_SB": 1544, "Specter's Shriek_SB": 2387, "Collected Company_SB": 460, "Elspeth, Storm Slayer_SB": 759, "Jeskai Revelation": 1327, "Yathan Roadwatcher": 2969, "Wojek Investigator": 2949, "Hammerhand": 1135, "Aqueous Form": 86, "Severance Priest": 2239, "Ray of Frost_SB": 2000, "Bontu's Last Reckoning_SB": 262, "Deafening Silence": 575, "Dragonlord Silumgar": 677, "Painful Truths": 1841, "Search for Azcanta": 2200, "Supreme Will": 2494, "Contraband Kingpin_SB": 495, "Village Rites": 2839, "Stormchaser's Talent_SB": 2449, "Greedy Freebooter": 1105, "Shambling Ghast": 2248, "Marketback Walker": 1579, "Diabolic Intent": 633, "Gleaming Barrier": 1037, "Liliana's Standard Bearer": 1498, "The Sibsig Ceremony": 2609, "Callous Bloodmage_SB": 336, "Friendly Teddy": 961, "Muerra, Trash Tactician": 1678, "Dusk Legion Zealot": 718, "Patchwork Banner": 1855, "Bedevil_SB": 190, "Champion of Dusk_SB": 403, "Deadly Dispute_SB": 572, "Soul Transfer_SB": 2374, "Devilish Valet": 629, "Runaway Steam-Kin": 2134, "Grinning Ignus": 1109, "Hazoret's Monument": 1159, "Light Up the Night": 1483, "Cemetery Prowler_SB": 395, "Nissa, Steward of Elements_SB": 1734, "Kishla Village": 1391, "Experiment One": 820, "Ugin, Eye of the Storms": 2749, "Robber of the Rich_SB": 2109, "Sokenzan, Crucible of Defiance_SB": 2361, "Shadows' Verdict": 2242, "The Book of Exalted Deeds_SB": 2585, "Shiko, Paragon of the Way": 2272, "Silent Hallcreeper": 2295, "Ashiok, Nightmare Weaver_SB": 122, "Rediscover the Way": 2030, "Wizard's Retort_SB": 2947, "Shapers' Sanctuary": 2250, "Clever Lumimancer": 449, "Niv-Mizzet, Parun": 1738, "Sweltering Suns": 2504, "Marang River Regent_SB": 1566, "Omnath, Locus of the Roil": 1794, "Giant Growth": 1013, "Heritage Reclamation_SB": 1187, "Intimidation Tactics": 1280, "Liliana, Dreadhorde General_SB": 1501, "Katilda, Dawnhart Martyr_SB": 1359, "Gonti, Lord of Luxury_SB": 1088, "Frontline Rush": 963, "Mortify_SB": 1670, "Treasure Cruise_SB": 2715, "Drake Hatcher": 679, "Canyon Slough": 344, "Captain Lannery Storm": 345, "Goldhound": 1083, "Goldspan Dragon": 1084, "Kalain, Reclusive Painter": 1344, "Marionette Master": 1578, "Reckless Fireweaver": 2016, "Sticky Fingers": 2439, "Treasure Vault": 2717, "Vraska's Contempt": 2878, "Moment of Craving_SB": 1655, "Ratchet Bomb_SB": 1993, "Unlicensed Disintegration_SB": 2779, "Eshki Dragonclaw": 801, "Herd Heirloom": 1185, "Amonkhet Raceway": 59, "Phyrexian Arena_SB": 1881, "Abbot of Keral Keep": 1, "Anax, Hardened in the Forge": 61, "Incendiary Flow": 1253, "Dire Fleet Daredevil_SB": 640, "Sword of Once and Future_SB": 2510}}