{"vocabulary": {"Adeline, Resplendent Cathar": 16, "Cavern of Souls": 313, "Coppercoat Vanguard": 407, "Dauntless Bodyguard": 457, "Declaration in Stone": 481, "Eiganjo, Seat of the Empire": 595, "Extraction Specialist": 670, "Fortified Beachhead": 758, "Get Lost": 794, "Hallowed Fountain": 881, "Hopeful Initiate": 943, "Mockingbird": 1302, "Mutavault": 1338, "Plains": 1503, "Recruitment Officer": 1597, "Reflector Mage": 1603, "Seachrome Coast": 1735, "Thalia's Lieutenant": 2039, "Thalia, Guardian of Thraben": 2040, "Containment Priest_SB": 405, "Portable Hole_SB": 1516, "Reflector Mage_SB": 1604, "Reidane, God of the Worthy_SB": 1610, "Rest in Peace_SB": 1629, "Sheltered by Ghosts_SB": 1791, "Wedding Announcement_SB": 2306, "Arboreal Grazer": 76, "Bala Ged Recovery": 128, "Behold the Beyond": 156, "Boseiju, Who Endures": 223, "Botanical Sanctum": 225, "Breeding Pool": 237, "Chandra, Hope's Beacon": 337, "Dark Petition": 451, "Emergent Ultimatum": 620, "Expedition Map": 658, "Forest": 754, "Hidden Strings": 924, "Into the Flood Maw": 995, "Island": 1014, "Lair of the Hydra": 1135, "Lier, Disciple of the Drowned": 1169, "Lotus Field": 1217, "Omniscience": 1428, "Otawara, Soaring City": 1442, "Pore Over the Pages": 1512, "Sylvan Scrying": 1997, "Thespian's Stage": 2079, "Vizier of Tumbling Sands": 2261, "Voyaging Satyr": 2280, "Dragonlord Dromoka_SB": 551, "Into the Flood Maw_SB": 996, "Mystical Dispute_SB": 1343, "Nine Lives_SB": 1373, "Thought Distortion_SB": 2087, "Zacama, Primal Calamity_SB": 2365, "Battlefield Forge": 150, "Bitter Triumph": 173, "Blackcleave Cliffs": 175, "Blightstep Pathway": 188, "Bloodtithe Harvester": 200, "Concealed Courtyard": 393, "Elegant Parlor": 601, "Fable of the Mirror-Breaker": 673, "Fatal Push": 694, "Fear of Missing Out": 703, "Godless Shrine": 842, "Greasefang, Okiba Boss": 858, "Kroxa, Titan of Death's Hunger": 1126, "Overlord of the Balemurk": 1451, "Parhelion II": 1470, "Sacred Foundry": 1694, "Skysovereign, Consul Flagship": 1846, "Swamp": 1984, "Takenuma, Abandoned Mire": 2002, "Thoughtseize": 2090, "Cut Down_SB": 448, "Duress_SB": 583, "Kutzil's Flanker_SB": 1133, "Leyline of the Void_SB": 1166, "Loran of the Third Path_SB": 1209, "Reckoner Bankbuster_SB": 1593, "Blazemire Verge": 183, "Blood Crypt": 192, "Blooming Marsh": 201, "Cauldron Familiar": 303, "Claim the Firstborn": 357, "Deadly Dispute": 466, "Den of the Bugbear": 495, "Fountainport": 763, "Legion Extruder": 1152, "Mayhem Devil": 1267, "Overgrown Tomb": 1450, "Scavenger's Talent": 1715, "Sokenzan, Crucible of Defiance": 1872, "Witch's Oven": 2324, "Ygra, Eater of All": 2358, "Bitter Triumph_SB": 174, "Blot Out_SB": 204, "Case of the Crimson Pulse_SB": 284, "Chandra's Defeat_SB": 332, "Haywire Mite_SB": 895, "Jegantha, the Wellspring_SB": 1034, "Molten Collapse_SB": 1306, "Ob Nixilis, the Adversary_SB": 1407, "Pawpatch Formation_SB": 1478, "Thoughtseize_SB": 2091, "Torch the Tower_SB": 2128, "Brazen Borrower": 234, "Clearwater Pathway": 363, "Darkslick Shores": 455, "Deep-Cavern Bat": 484, "Enduring Curiosity": 630, "Faerie Miscreant": 686, "Floodpits Drowner": 742, "Gloomlake Verge": 828, "Go for the Throat": 837, "Kaito, Bane of Nightmares": 1048, "Moon-Circuit Hacker": 1318, "Ornithopter": 1437, "Spyglass Siren": 1918, "Undercity Sewers": 2188, "Watery Grave": 2297, "Anoint with Affliction_SB": 65, "Disdainful Stroke_SB": 526, "Dreams of Steel and Oil_SB": 571, "Extinction Event_SB": 668, "Spell Pierce_SB": 1899, "Archfiend of the Dross": 81, "Duress": 582, "Heartless Act": 906, "Sheoldred, the Apocalypse": 1794, "Sulfurous Springs": 1956, "Torch the Tower": 2127, "Unholy Annex && Ritual Chamber": 2193, "Unstoppable Slasher": 2205, "Urborg, Tomb of Yawgmoth": 2215, "Anger of the Gods_SB": 55, "Feed the Swarm_SB": 711, "Go Blank_SB": 835, "Hidetsugu Consumes All_SB": 926, "Invoke Despair_SB": 1009, "Unlicensed Hearse_SB": 2201, "Atraxa, Grand Unifier": 105, "Case of the Stashed Skeleton": 288, "Haunted Ridge": 892, "Mountain": 1325, "Transmogrify": 2140, "Volcanic Spite": 2271, "Damping Sphere_SB": 449, "Path of Peril_SB": 1475, "Valgavoth, Terror Eater_SB": 2225, "Adarkar Wastes": 15, "Assimilation Aegis": 102, "Brass Knuckles": 230, "Fabrication Foundry": 676, "Hengegate Pathway": 915, "Ingenious Smith": 979, "Inventors' Fair": 1006, "Lavaspur Boots": 1141, "Leyline Axe": 1157, "Metalwork Colossus": 1282, "Moonsnare Prototype": 1320, "Portable Hole": 1515, "Sanctum of Ugin": 1701, "Simulacrum Synthesizer": 1827, "The Irencrag": 2058, "Knockout Blow_SB": 1109, "Metallic Rebuke_SB": 1281, "Mystic Forge_SB": 1340, "Archdruid's Charm": 80, "Fae of Wishes": 681, "Lush Portico": 1224, "Mana Confluence": 1243, "Peer into the Abyss": 1482, "Razorverge Thicket": 1581, "Soul Partition": 1881, "Spara's Headquarters": 1894, "Strict Proctor": 1948, "Approach of the Second Sun_SB": 72, "Day of Judgment_SB": 461, "Emergent Ultimatum_SB": 621, "Glistening Deluge_SB": 827, "Silence_SB": 1814, "Soul Partition_SB": 1882, "Sphinx of the Final Word_SB": 1903, "Temporary Lockdown_SB": 2030, "Get Lost_SB": 795, "Flicker of Fate": 739, "Hushwood Verge": 958, "Indatha Triome": 973, "Leyline Binding": 1158, "Overlord of the Floodpits": 1454, "Overlord of the Hauntwoods": 1455, "Overlord of the Mistmoors": 1456, "Temple Garden": 2022, "Up the Beanstalk": 2209, "Vanishing Verse": 2234, "Zagoth Triome": 2366, "Zur, Eternal Schemer": 2377, "Elesh Norn, Mother of Machines_SB": 605, "Pick Your Poison_SB": 1498, "Graveyard Trespasser": 855, "Blade of the Oni": 178, "Withering Torment": 2330, "Ghost Vacuum_SB": 801, "Ghitu Lavarunner": 799, "Kumano Faces Kakkazan": 1128, "Light Up the Stage": 1173, "Monastery Swiftspear": 1312, "Monstrous Rage": 1314, "Play with Fire": 1506, "Ramunap Ruins": 1568, "Skewer the Critics": 1834, "Slickshot Show-Off": 1853, "Soul-Scar Mage": 1887, "Spikefield Hazard": 1905, "Wizard's Lightning": 2334, "End the Festivities_SB": 628, "Goblin Chainwhirler_SB": 839, "Hazoret the Fervent_SB": 898, "Kari Zev's Expertise_SB": 1058, "Rampaging Ferocidon_SB": 1566, "Razorkin Needlehead_SB": 1580, "Redcap Melee_SB": 1599, "Rending Volley_SB": 1617, "Roiling Vortex_SB": 1671, "Sunspine Lynx_SB": 1973, "Witchstalker Frenzy_SB": 2326, "Indomitable Creativity": 974, "Ob Nixilis, the Adversary": 1406, "Pawpatch Formation": 1477, "Pillage the Bog": 1501, "Raucous Theater": 1574, "Stomping Ground": 1935, "Thornspire Verge": 2086, "Titan of Industry": 2114, "Valgavoth, Terror Eater": 2224, "Ziatora's Proving Ground": 2372, "Back to Nature_SB": 125, "Syr Ginger, the Meal Ender": 1998, "Claim the Firstborn_SB": 358, "Kolaghan's Command_SB": 1114, "Anger of the Gods": 54, "Artist's Talent": 89, "Bond of Insight": 211, "Consider": 398, "Dig Through Time": 520, "Lightning Strike": 1181, "Riverglide Pathway": 1657, "Sleight of Hand": 1852, "Spirebluff Canal": 1909, "Steam Vents": 1925, "Valakut Awakening": 2221, "Wish": 2323, "Fiery Impulse_SB": 723, "Filter Out_SB": 727, "Lier, Disciple of the Drowned_SB": 1170, "Narset's Reversal_SB": 1350, "Niv-Mizzet, Parun_SB": 1384, "Thassa's Oracle_SB": 2044, "Magebane Lizard_SB": 1235, "Pyroclasm_SB": 1541, "Screaming Nemesis_SB": 1731, "Deduce": 483, "Deserted Beach": 503, "Dovin's Veto": 546, "Farewell": 692, "Field of Ruin": 718, "Floodfarm Verge": 741, "March of Otherworldly Light": 1249, "Memory Deluge": 1272, "Narset, Parter of Veils": 1351, "No More Lies": 1387, "Restless Anchorage": 1630, "Supreme Verdict": 1975, "Teferi, Hero of Dominaria": 2019, "The Wandering Emperor": 2075, "Beza, the Bounding Spring_SB": 163, "Detention Sphere_SB": 514, "Dovin's Veto_SB": 547, "Enduring Curiosity_SB": 631, "Farewell_SB": 693, "Kaheera, the Orphanguard_SB": 1045, "Narset, Parter of Veils_SB": 1352, "Shark Typhoon_SB": 1783, "All That Glitters": 39, "Audacity": 107, "Brushland": 248, "Ethereal Armor": 652, "Gladecover Scout": 816, "Gryff's Boon": 869, "Kaya's Ghostform": 1067, "Light-Paws, Emperor's Voice": 1176, "Mox Amber": 1327, "Sentinel's Eyes": 1760, "Shardmage's Rescue": 1780, "Sheltered by Ghosts": 1790, "Skrelv, Defector Mite": 1837, "Sram, Senior Edificer": 1920, "Invasion of Gobakhan_SB": 1002, "Leyline of Sanctity_SB": 1164, "Torpor Orb_SB": 2131, "Satoru, the Infiltrator": 1706, "Callous Sell-Sword": 267, "Claim // Fame": 355, "Emberheart Challenger": 618, "Heartfire Hero": 903, "Infuriate": 976, "Manifold Mouse": 1244, "Reckless Rage": 1589, "Turn Inside Out": 2162, "Claim // Fame_SB": 356, "Fatal Push_SB": 695, "Reckless Rage_SB": 1590, "Anoint with Affliction": 64, "Sheoldred, the Apocalypse_SB": 1795, "Withering Torment_SB": 2331, "Burst Lightning": 256, "Castle Embereth": 292, "Furnace Punisher": 777, "Screaming Nemesis": 1730, "Twisted Fealty_SB": 2167, "Urabrask's Forge_SB": 2212, "Abrupt Decay": 6, "Bring to Light": 243, "Deafening Clarion": 468, "Elenda, Saint of Dusk": 602, "Fabled Passage": 675, "Jetmir's Garden": 1037, "Ketria Triome": 1089, "Knight of Autumn": 1100, "Kolaghan's Command": 1113, "Lightning Helix": 1179, "Nahiri, the Harbinger": 1346, "Niv-Mizzet Reborn": 1382, "Niv-Mizzet, Supreme": 1385, "Omnath, Locus of Creation": 1426, "Raffine's Tower": 1555, "Raugrin Triome": 1575, "Savai Triome": 1708, "Snow-Covered Forest": 1866, "Snow-Covered Island": 1867, "Snow-Covered Mountain": 1868, "Snow-Covered Plains": 1869, "Snow-Covered Swamp": 1870, "Sunfall": 1963, "Sylvan Caryatid": 1995, "Unmoored Ego": 2203, "Valki, God of Lies": 2226, "Kambal, Consul of Allocation_SB": 1055, "Yorion, Sky Nomad_SB": 2361, "Bushwhack": 258, "Copperline Gorge": 408, "Cragcrown Pathway": 420, "Hired Claw": 933, "Hunter's Talent": 955, "Innkeeper's Talent": 980, "Karplusan Forest": 1061, "Questing Druid": 1547, "Snakeskin Veil": 1863, "Geier Reach Sanitarium": 790, "Hall of Storm Giants": 880, "Aether Gust_SB": 22, "Baneslayer Angel_SB": 136, "Elspeth's Smite_SB": 610, "Supreme Verdict_SB": 1976, "Mausoleum Wanderer": 1265, "Rattlechains": 1572, "Shacklegeist": 1769, "Skyclave Apparition": 1840, "Slip Out the Back": 1855, "Spell Pierce": 1898, "Spell Queller": 1900, "Supreme Phantom": 1974, "Three Steps Ahead_SB": 2098, "Tocasia's Welcome_SB": 2120, "Arclight Phoenix": 87, "Fiery Impulse": 722, "Galvanic Iteration": 782, "Highway Robbery": 931, "Ledger Shredder": 1148, "Lightning Axe": 1177, "Opt": 1432, "Picklock Prankster": 1499, "Proft's Eidetic Memory": 1528, "Temporal Trespass": 2028, "Treasure Cruise": 2146, "Abrade_SB": 5, "Annul_SB": 63, "Beacon Bolt_SB": 151, "Crackling Drake_SB": 419, "Negate_SB": 1361, "Prismari Command_SB": 1526, "Dreadmaw's Ire": 564, "Slickshot Show-Off_SB": 1854, "Archon of Emeria": 85, "Aven Interrupter": 114, "Branchloft Pathway": 229, "Collected Company": 373, "Eldrazi Displacer": 598, "Elvish Mystic": 615, "Enduring Innocence": 632, "Kellan, Daring Traveler": 1079, "Llanowar Elves": 1199, "Shefet Dunes": 1788, "Thalia, Heretic Cathar": 2042, "Werefox Bodyguard": 2310, "Brutal Cathar_SB": 250, "Dromoka's Command_SB": 575, "Gideon, Ally of Zendikar_SB": 809, "The Wandering Emperor_SB": 2076, "Reckoner Bankbuster": 1592, "Vanishing Verse_SB": 2235, "Extinction Event": 667, "Heartless Act_SB": 907, "Cavalier of Thorns": 310, "Invasion of Ixalan": 1003, "Kiora, Behemoth Beckoner": 1092, "Leyline of the Guildpact": 1165, "Nykthos, Shrine to Nyx": 1401, "Oath of Nissa": 1405, "Old-Growth Troll": 1418, "Outcaster Trailblazer": 1446, "Storm the Festival": 1936, "Ulvenwald Oddity": 2179, "Arasta of the Endless Web_SB": 75, "Cityscape Leveler_SB": 354, "Emrakul, the Promised End_SB": 625, "Nylea's Intervention_SB": 1402, "Obstinate Baloth_SB": 1412, "Polukranos Reborn_SB": 1511, "Setessan Petitioner_SB": 1764, "The Stone Brain_SB": 2074, "Ascendant Spirit": 90, "Curious Obsession": 444, "Faceless Haven": 677, "Geistlight Snare": 791, "March of Swirling Mist": 1250, "Spectral Sailor": 1897, "Faceless Haven_SB": 678, "Icon of Ancestry_SB": 961, "Invasive Surgery_SB": 1005, "Lofty Denial_SB": 1203, "Unable to Scream_SB": 2183, "Witness Protection_SB": 2333, "Hive of the Eye Tyrant": 935, "Liliana of the Veil_SB": 1185, "The Meathook Massacre_SB": 2061, "Titan's Strength": 2115, "Castle Ardenvale": 291, "Castle Vantress": 296, "Discontinuity": 525, "Emeria's Call": 622, "Horned Loch-Whale": 945, "Impulse": 970, "Jwari Disruption": 1042, "Settle the Wreckage": 1766, "Shark Typhoon": 1782, "Sphinx's Revelation": 1904, "Sunken Citadel": 1966, "Tale's End": 2004, "Temporary Lockdown": 2029, "High Noon_SB": 930, "Urza's Sylex_SB": 2219, "Three Steps Ahead": 2097, "Thud": 2102, "Grafdigger's Cage_SB": 852, "Big Score": 164, "Zombify": 2375, "Slaughter Games_SB": 1850, "Ancient Cornucopia": 51, "Beza, the Bounding Spring": 162, "Lilah, Undefeated Slickshot": 1183, "Maelstrom Pulse": 1229, "Wandering Mind": 2286, "Xander's Lounge": 2349, "Casualties of War_SB": 297, "Deafening Clarion_SB": 469, "Lightning Helix_SB": 1180, "Notion Thief_SB": 1393, "The Scarab God_SB": 2069, "Split Up_SB": 1914, "Boltwave": 208, "Boros Charm": 219, "Eidolon of the Great Revel": 593, "Inspiring Vantage": 989, "Needleverge Pathway": 1359, "Destroy Evil_SB": 510, "Searing Blood_SB": 1742, "Strict Proctor_SB": 1949, "Bloodletter of Aclazotz": 197, "Caustic Bronco": 304, "Darkbore Pathway": 454, "Deathrite Shaman": 475, "Censor": 322, "Day's Undoing_SB": 463, "Nine Lives": 1372, "Enigmatic Incarnation": 636, "Kutzil's Flanker": 1132, "Linvala, the Preserver": 1192, "Nowhere to Run": 1395, "Overlord of the Boilerbilges": 1453, "Archon of Emeria_SB": 86, "Ruric Thar, the Unbowed_SB": 1691, "Cacophony Scamp": 261, "Hostile Hostel": 950, "Monstrous Emergence_SB": 1313, "Scrapshooter_SB": 1728, "Tail Swipe_SB": 2000, "Stormcarved Coast": 1937, "Brazen Borrower_SB": 235, "Brotherhood's End_SB": 247, "Third Path Iconoclast_SB": 2082, "Galvanic Iteration_SB": 783, "Necromentia_SB": 1356, "Angel of Serenity": 53, "Glacial Fortress": 815, "Glasspool Mimic": 820, "Nylea's Presence": 1403, "Roaring Furnace && Steaming Sauna": 1662, "Rootbound Crag": 1673, "Ruric Thar, the Unbowed": 1690, "Sunpetal Grove": 1969, "Trumpeting Carnosaur": 2158, "Heliod's Intervention_SB": 910, "Zur, Eternal Schemer_SB": 2378, "Cut Down": 447, "Cryptic Coat": 436, "Darksteel Citadel": 456, "Ensoul Artifact": 637, "Inti, Seneschal of the Sun": 992, "Shadowspear": 1773, "Shivan Reef": 1801, "Shrapnel Blast": 1809, "Smuggler's Copter": 1859, "Voldaren Epicure": 2272, "Burst Lightning_SB": 257, "Shadowspear_SB": 1774, "Voltage Surge_SB": 2277, "Aloe Alchemist": 40, "Atarka's Command": 103, "Bonecrusher Giant": 212, "Burning-Tree Emissary": 254, "Cunning Coyote": 443, "Reckless Bushwhacker": 1586, "Zurgo Bellstriker": 2379, "Destructive Revelry_SB": 511, "Shapers' Sanctuary_SB": 1779, "Lion Sash": 1194, "Voice of Resurgence": 2263, "Werefox Bodyguard_SB": 2311, "Cathartic Pyre": 300, "Cling to Dust": 368, "Mirrex": 1291, "Molten Collapse": 1305, "Rakdos Joins Up": 1558, "Sheoldred's Edict": 1792, "Brave the Elements": 232, "Brutal Cathar": 249, "Brave the Elements_SB": 233, "Assassin's Trophy": 100, "Deadly Cover-Up": 464, "Elesh Norn, Mother of Machines": 604, "Tolsimir, Friend to Wolves": 2121, "Culling Ritual_SB": 441, "Abhorrent Oculus": 2, "Pieces of the Puzzle": 1500, "Restless Reef": 1634, "Underground River": 2190, "Chrome Host Seedshark_SB": 350, "Unholy Annex && Ritual Chamber_SB": 2194, "Blood Baron of Vizkopa": 190, "Cosmic Rebirth": 412, "Unmoored Ego_SB": 2204, "No One Left Behind": 1389, "Elspeth, Sun's Champion_SB": 613, "Veteran Survivor": 2245, "Doorkeeper Thrull_SB": 543, "Extraction Specialist_SB": 671, "Blossoming Defense": 202, "Bishop of Wings": 169, "Giada, Font of Hope": 804, "Kayla's Reconstruction": 1072, "Resplendent Angel": 1626, "Righteous Valkyrie": 1646, "Aven Interrupter_SB": 115, "Deafening Silence_SB": 471, "Knight of Autumn_SB": 1101, "Drowned Catacomb": 577, "Woodland Cemetery": 2341, "Sunfall_SB": 1964, "Ancestral Anger": 50, "Archon of Absolution_SB": 84, "Graveyard Trespasser_SB": 856, "Rockfall Vale": 1669, "Cling to Dust_SB": 369, "Unholy Annex // Ritual Chamber": 2195, "Novice Inspector": 1394, "Case of the Filched Falcon": 285, "Warden of the Inner Sky": 2288, "Michiko's Reign of Truth": 1285, "Thraben Inspector": 2094, "Metallic Rebuke": 1280, "Rite of Oblivion": 1653, "Cryptic Coat_SB": 437, "Anointed Peacekeeper_SB": 67, "Anointed Peacekeeper": 66, "Cathar Commando_SB": 299, "Elite Spellbinder_SB": 607, "Virtue of Loyalty": 2252, "Elite Spellbinder": 606, "Thalia, Guardian of Thraben_SB": 2041, "Guardian of Faith_SB": 871, "Llanowar Wastes": 1201, "Shatterskull Smashing": 1786, "Kazuul's Fury": 1075, "Urabrask's Forge": 2211, "Tinybones, the Pickpocket": 2110, "Authority of the Consuls": 112, "Overgrown Farmland": 1449, "Surge of Salvation_SB": 1980, "Abrupt Decay_SB": 7, "Sheoldred's Edict_SB": 1793, "Anthem of Champions_SB": 68, "Path of Peril": 1474, "Hedge Maze": 908, "Temple of Mystery": 2026, "Castle Locthwain_SB": 295, "Magma Opus": 1236, "Torrential Gearhulk": 2132, "Make Disappear": 1239, "Stern Lesson": 1930, "Sublime Epiphany": 1954, "Izzet Charm": 1020, "Alpine Moon_SB": 42, "Ral, Izzet Viceroy_SB": 1563, "Hullbreaker Horror_SB": 954, "Agent of Treachery": 31, "Restless Vinestalk": 1637, "Moon-Blessed Cleric": 1317, "Fear of Abduction": 699, "Blessed Alliance": 185, "Settle the Wreckage_SB": 1767, "Virtue of Loyalty_SB": 2253, "Blue Sun's Twilight_SB": 206, "Eidolon of Rhetoric_SB": 592, "Doppelgang_SB": 545, "Overwhelming Remorse_SB": 1460, "Elspeth Conquers Death_SB": 608, "Weathered Runestone_SB": 2302, "Phantom Interference": 1488, "Negate": 1360, "Disruption Protocol": 530, "Brotherhood's End": 246, "Prismari Command": 1525, "Vaultborn Tyrant": 2236, "Volatile Fault": 2270, "Test of Talents_SB": 2036, "Return the Favor_SB": 1641, "Ashiok, Dream Render_SB": 93, "Annul": 62, "Proft's Eidetic Memory_SB": 1529, "Bonny Pall, Clearcutter": 214, "Tranquil Frillback": 2138, "Gallia of the Endless Dance": 781, "Halana and Alena, Partners": 879, "Ruby, Daring Tracker": 1684, "Bard Class": 140, "Domri, Anarch of Bolas": 540, "Samut, Vizier of Naktamun": 1699, "Hajar, Loyal Bodyguard": 878, "Itzquinth, Firstborn of Gishath": 1018, "Klothys, God of Destiny": 1098, "Migloz, Maze Crusher": 1287, "Agatha of the Vile Cauldron": 28, "Targ Nar, Demon-Fang Gnoll": 2012, "Samut, Voice of Dissent": 1700, "Xenagos, the Reveler": 2352, "Pick Your Poison": 1497, "Tamiyo's Safekeeping_SB": 2007, "Cindervines_SB": 351, "Thousand-Year Storm": 2093, "Stormsplitter": 1942, "Silundi Vision": 1818, "March of Swirling Mist_SB": 1251, "Cathartic Pyre_SB": 301, "Tamiyo, Collector of Tales_SB": 2009, "High Noon": 929, "Noxious Gearhulk": 1397, "Path to the World Tree": 1476, "Hinterland Harbor": 932, "Isolated Chapel": 1017, "Gloomshrieker": 829, "Rest in Peace": 1628, "Yasharn, Implacable Earth_SB": 2355, "Dennick, Pious Apprentice_SB": 497, "Gleeful Demolition": 823, "Knight-Errant of Eos": 1107, "Venerated Loxodon": 2240, "Resolute Reinforcements": 1625, "Imodane's Recruiter": 968, "Clever Impersonator": 364, "Gyruda, Doom of Depths": 876, "Quintorius Kand": 1551, "Spark Double": 1895, "Sundown Pass": 1962, "Temple of Enlightenment": 2024, "Temple of Epiphany": 2025, "Temple of Triumph": 2027, "Warrant // Warden": 2291, "Mirrorshell Crab_SB": 1294, "Reduce // Rubble_SB": 1602, "Response // Resurgence_SB": 1627, "Sire of Seven Deaths_SB": 1832, "Languish_SB": 1137, "Witchstalker Frenzy": 2325, "Questing Druid_SB": 1548, "Dissection Tools": 531, "Alseid of Life's Bounty": 44, "Dollmaker's Shop && Porcelain Gallery": 539, "Enduring Vitality": 635, "Generous Visitor": 792, "Jukai Naturalist": 1041, "Kami of Transience": 1056, "Optimistic Scavenger": 1433, "Scattered Groves": 1711, "Seal Away": 1736, "Exorcise_SB": 656, "Fragmentize_SB": 767, "Ghostly Dancers_SB": 803, "Seal Away_SB": 1737, "Surgical Suite && Hospital Room_SB": 1981, "Dwynen's Elite": 587, "Elvish Archdruid": 614, "Elvish Warmaster": 616, "Jaspera Sentinel": 1030, "Leaf-Crowned Visionary": 1147, "Three Tree City": 2099, "Turntimber Symbiosis": 2163, "Tyvar, Jubilant Brawler": 2172, "Tyvar, the Pummeler": 2173, "Dark Betrayal_SB": 450, "Deep-Cavern Bat_SB": 485, "Masked Vandal_SB": 1261, "Esika's Chariot": 646, "Lovestruck Beast": 1218, "The Akroan War": 2045, "Skysovereign, Consul Flagship_SB": 1847, "Regal Bunnicorn": 1605, "Inspiring Overseer": 988, "Commercial District": 388, "Invoke Despair": 1008, "Kytheon, Hero of Akros": 1134, "Restless Vents": 1636, "Soulstone Sanctuary": 1893, "Containment Priest": 404, "Hostage Taker": 949, "Gilded Goose": 812, "Vinereap Mentor": 2249, "Cache Grab": 260, "Traverse the Ulvenwald": 2143, "Vraska, Golgari Queen": 2284, "Scrapshooter": 1727, "Wolfwillow Haven_SB": 2339, "Pithing Needle_SB": 1502, "Kenrith's Transformation_SB": 1083, "Fog_SB": 749, "Questing Beast_SB": 1546, "Caves of Koilos": 315, "Collective Brutality": 375, "Faithful Mending": 687, "Kiora, the Rising Tide": 1093, "Lively Dirge": 1197, "Shattered Sanctum": 1785, "Stubborn Denial": 1952, "Tainted Indulgence": 2001, "Teferi, Hero of Dominaria_SB": 2020, "Void Rend_SB": 2268, "Lay Down Arms": 1144, "Carrot Cake": 279, "Split Up": 1913, "Wedding Announcement": 2305, "Caretaker's Talent": 275, "Demolition Field": 492, "Hallowed Moonlight_SB": 883, "Divine Smite_SB": 535, "Castle Locthwain": 294, "Kellan, Planar Trailblazer": 1080, "Declaration in Stone_SB": 482, "Ashiok, Wicked Manipulator": 98, "Day's Undoing": 462, "Jace, Vryn's Prodigy_SB": 1025, "Kalitas, Traitor of Ghet_SB": 1053, "Protect the Negotiators_SB": 1536, "Polukranos Reborn": 1510, "Voracious Hydra_SB": 2278, "Fires of Victory": 732, "Tears of Valakut_SB": 2016, "The Cruelty of Gix": 2051, "Ajani, Strength of the Pride": 35, "Case of the Uneaten Feast": 289, "Lunarch Veteran": 1223, "Prosperous Innkeeper": 1532, "Trelasarra, Moon Dancer": 2151, "Voice of the Blessed": 2267, "Aclazotz, Deepest Betrayal_SB": 12, "Kalitas, Traitor of Ghet": 1052, "Leyline of Combustion": 1160, "Rampaging Ferocidon": 1565, "Razorkin Needlehead": 1579, "Torbran, Thane of Red Fell": 2126, "Gruul Charm_SB": 868, "Showdown of the Skalds_SB": 1808, "Caustic Bronco_SB": 305, "Case of the Gateway Express": 286, "Giant Killer": 806, "Deadly Cover-Up_SB": 465, "Sire of Insanity_SB": 1830, "Floriferous Vinewall": 744, "Keen-Eyed Curator_SB": 1078, "Kroxa, Titan of Death's Hunger_SB": 1127, "Acererak the Archlich": 10, "Gwenna, Eyes of Gaea": 875, "Honest Rutstein": 940, "Kinnan, Bonder Prodigy": 1090, "Plaza of Heroes": 1508, "Relic of Legends": 1613, "Rona, Herald of Invasion": 1672, "Assassin's Trophy_SB": 101, "Elder Gargaroth_SB": 597, "Tranquil Frillback_SB": 2139, "Aether Channeler": 20, "Cruel Somnophage": 429, "Eldritch Evolution": 600, "Hauntwoods Shrieker": 893, "Satyr Wayfinder": 1707, "Urborg Lhurgoyf": 2213, "Yavimaya Coast": 2357, "Aether Channeler_SB": 21, "Fear of Impostors_SB": 701, "Garruk's Harbinger_SB": 784, "Change the Equation": 341, "Irrigated Farmland": 1012, "Brimaz, King of Oreskos_SB": 242, "Dream Trawler_SB": 567, "Rockface Village": 1668, "Dawnbringer Cleric_SB": 459, "Zephyr Sentinel_SB": 2370, "Krenko's Buzzcrusher": 1123, "Gruul Charm": 867, "Kambal, Consul of Allocation": 1054, "Tectonic Hazard_SB": 2017, "Enduring Innocence_SB": 633, "Change the Equation_SB": 342, "Royal Treatment": 1680, "Royal Treatment_SB": 1681, "Deflecting Palm_SB": 489, "Gods Willing_SB": 844, "Skullcrack_SB": 1839, "Atraxa, Grand Unifier_SB": 106, "Decimator of the Provinces": 479, "Fierce Empath": 720, "Gala Greeters": 780, "Harmonious Archon": 889, "Restless Prairie": 1633, "Sandstorm Salvager": 1702, "Sanguine Evangelist": 1703, "Skyknight Squire": 1844, "Toby, Beastie Befriender": 2119, "Kayla's Reconstruction_SB": 1073, "Skyclave Apparition_SB": 1841, "Go for the Throat_SB": 838, "Slaughter Games": 1849, "Yasharn, Implacable Earth": 2354, "Nahiri, the Harbinger_SB": 1347, "Krenko's Buzzcrusher_SB": 1124, "Stubborn Denial_SB": 1953, "Restless Spire": 1635, "Emry, Lurker of the Loch": 626, "Thundertrap Trainer": 2106, "Valley Floodcaller": 2227, "Jeskai Ascendancy": 1035, "Mishra's Research Desk": 1296, "Tormod's Crypt": 2129, "Retraction Helix": 1638, "Radiant Flames_SB": 1553, "Valorous Stance_SB": 2230, "Lukka, Coppercoat Outcast": 1219, "Seed of Hope": 1749, "Aetherflux Reservoir_SB": 24, "Chandra, Awakened Inferno_SB": 334, "Lukka, Coppercoat Outcast_SB": 1220, "Mox Amber_SB": 1328, "Retraction Helix_SB": 1639, "Tormod's Crypt_SB": 2130, "Boseiju, Who Endures_SB": 224, "Worldspine Wurm": 2344, "Xenagos, God of Revels": 2350, "Secrets of the Key": 1746, "Faerie Mastermind": 684, "Shipwreck Marsh": 1800, "Soaring Thought-Thief": 1871, "Thieves' Guild Enforcer": 2080, "Drown in the Loch": 576, "Ritual of Soot_SB": 1656, "Surrak Dragonclaw": 1982, "Lithomantic Barrage_SB": 1196, "Shineshadow Snarl": 1799, "Meticulous Archive": 1284, "Shadowy Backstreet": 1775, "Leyline of Resonance": 1163, "Might of the Meek": 1286, "Felonious Rage": 714, "Frantic Scapegoat": 768, "Plains_SB": 1504, "Island_SB": 1015, "Forest_SB": 755, "Dragonskull Summit": 553, "Archfiend of the Dross_SB": 82, "Long Goodbye": 1204, "Ritual of Soot": 1655, "Tishana's Tidebinder_SB": 2113, "Inscription of Ruin": 985, "Jace Reawakened": 1021, "Callous Sell-Sword_SB": 268, "Invasion of Gobakhan": 1001, "Ingenious Prodigy": 978, "Authority of the Consuls_SB": 113, "Destroy Evil": 509, "Serra Paragon_SB": 1762, "Nissa, Vastwood Seer": 1380, "Knight of the Ebon Legion": 1106, "Worthy Knight": 2346, "Secluded Courtyard": 1745, "Unclaimed Territory": 2186, "Embercleave": 617, "Fervent Champion": 715, "Venerable Knight": 2239, "Inspiring Veteran": 990, "Tournament Grounds": 2134, "Smitten Swordmaster": 1857, "Heartflame Duelist": 904, "Knight of Dusk's Shadow": 1102, "Knight of Dusk's Shadow_SB": 1103, "Detention Sphere": 513, "Linvala, the Preserver_SB": 1193, "Dreamroot Cascade": 569, "Breeding Pool_SB": 238, "Woodland Bellower": 2340, "Scavenging Ooze_SB": 1718, "Lyra Dawnbringer_SB": 1226, "Filter Out": 726, "Restless Cottage": 1631, "The Meathook Massacre": 2060, "Calix, Guided by Fate": 263, "Seal from Existence": 1738, "Seal from Existence_SB": 1739, "Trail of Crumbs": 2136, "Chance for Glory": 330, "Collector's Vault": 380, "Colossal Skyturtle": 382, "Mirrorshell Crab": 1293, "Omen Hawker": 1419, "Teferi, Who Slows the Sunset": 2021, "The Enigma Jewel": 2054, "Bag of Holding_SB": 126, "Zirda, the Dawnwaker_SB": 2373, "Scavenging Ooze": 1717, "Entity Tracker": 638, "Ashen Rider_SB": 92, "Finale of Devastation": 728, "Regal Caracal_SB": 1606, "Fable of the Mirror-Breaker_SB": 674, "Despise_SB": 506, "Lifebane Zombie_SB": 1171, "Evangel of Synthesis": 653, "Raffine, Scheming Seer": 1556, "Collective Brutality_SB": 376, "Llanowar Visionary": 1200, "Mosswood Dreadknight": 1323, "Reclamation Sage_SB": 1594, "Confounding Riddle": 397, "Ill-Timed Explosion": 963, "Thundering Falls": 2105, "Realm-Cloaked Giant": 1583, "Reidane, God of the Worthy": 1609, "Selfless Spirit": 1756, "Liliana of the Veil": 1184, "Preacher of the Schism": 1521, "Prosperous Thief": 1534, "Rottenmouth Viper": 1676, "Misery's Shadow_SB": 1295, "Reasonable Doubt_SB": 1584, "Leyline of Hope": 1162, "Battle Cry Goblin": 147, "Conspicuous Snoop": 401, "Fireblade Charger": 730, "Goblin Instigator": 840, "Raise the Past": 1557, "Rundvelt Hordemaster": 1687, "Searslicer Goblin": 1743, "Skirk Prospector": 1835, "Aclazotz, Deepest Betrayal": 11, "Bandit's Talent": 132, "Foulmire Knight": 761, "Go Blank": 834, "Hostile Investigator": 951, "Waste Not": 2292, "Elenda, Saint of Dusk_SB": 603, "Chandra, Dressed to Kill": 335, "Sunspine Lynx": 1972, "Chandra, Dressed to Kill_SB": 336, "Light Up the Stage_SB": 1174, "Vengeful Possession_SB": 2243, "Come Back Wrong_SB": 386, "The End_SB": 2053, "The Flame of Keld": 2056, "Spirited Companion": 1912, "Weaver of Harmony": 2303, "Isolate_SB": 1016, "Blood Baron of Vizkopa_SB": 191, "Akroan Crusader": 38, "Illuminator Virtuoso": 966, "Loran's Escape_SB": 1211, "Smash to Smithereens_SB": 1856, "Wear // Tear_SB": 2300, "Fetid Pools": 717, "Silvergill Adept": 1822, "Triton Shorestalker": 2155, "Vodalian Hexcatcher": 2262, "Agadeem's Awakening": 27, "Ayara, First of Locthwain": 121, "Fiend Artisan": 719, "Gifted Aetherborn": 810, "Gnawing Vermin": 832, "Gray Merchant of Asphodel": 857, "Isareth the Awakener": 1013, "Stitcher's Supplier": 1932, "Dreadbore": 560, "Thing in the Ice_SB": 2081, "Callous Bloodmage": 265, "Clifftop Retreat": 367, "Fires of Invention": 731, "Golos, Tireless Pilgrim": 848, "Heliod, the Radiant Dawn": 911, "Kenrith, the Returned King": 1084, "Nicol Bolas, the Ravager": 1367, "Oath of Kaya": 1404, "Omen of the Forge": 1422, "Omen of the Sea": 1423, "Sulfur Falls": 1955, "The Kami War": 2059, "The Scarab God": 2068, "Touch the Spirit Realm": 2133, "Nezahal, Primal Tide_SB": 1364, "Nimble Larcenist_SB": 1371, "Tolsimir, Friend to Wolves_SB": 2122, "Agatha's Soul Cauldron": 29, "Barkchannel Pathway": 141, "Cenote Scout": 321, "Deeproot Pilgrimage": 486, "Forensic Researcher": 753, "Kiora's Follower": 1091, "Kumena's Speaker": 1129, "Kumena, Tyrant of Orazca": 1130, "Genesis Wave": 793, "Wakeroot Elemental": 2285, "Sunken Citadel_SB": 1967, "Stormchaser's Talent": 1938, "This Town Ain't Big Enough": 2084, "Nowhere to Run_SB": 1396, "Legion Extruder_SB": 1153, "Feed the Swarm": 710, "Mission Briefing": 1297, "Sorin the Mirthless": 1878, "Angrath, the Flame-Chained_SB": 56, "Faerie Mastermind_SB": 685, "Maelstrom Pulse_SB": 1230, "Shoot the Sheriff": 1803, "Lost Legacy_SB": 1215, "Wolfwillow Haven": 2338, "The Mightstone and Weakstone_SB": 2063, "Brightclimb Pathway": 239, "Can't Stay Away": 270, "Grisly Salvage": 865, "Raffine's Informant": 1554, "Witherbloom Command_SB": 2329, "Youthful Valkyrie": 2363, "Remorseful Cleric": 1615, "Ajani, Sleeper Agent_SB": 34, "Lion Sash_SB": 1195, "Paradise Druid": 1467, "Sylvan Awakening": 1994, "Saheeli, Sublime Artificer_SB": 1696, "Smuggler's Surprise": 1861, "Kogla and Yidaro_SB": 1111, "Portal to Phyrexia_SB": 1519, "Vampires' Vengeance_SB": 2232, "Ray of Enfeeblement_SB": 1577, "Nissa, Who Shakes the World": 1381, "Nahiri's Warcrafting_SB": 1344, "Obosh, the Preypiercer_SB": 1410, "Depala, Pilot Exemplar": 498, "Magda, Brazen Outlaw": 1232, "Magda, the Hoardmaster": 1233, "Portal to Phyrexia": 1518, "Roaming Throne": 1661, "Toolcraft Exemplar": 2125, "Unlicensed Hearse": 2200, "Veteran Motorist": 2244, "The Royal Scions": 2067, "Cave of the Frost Dragon": 312, "Sweltering Suns_SB": 1988, "Young Pyromancer_SB": 2362, "Castle Garenbrig": 293, "Tear Asunder_SB": 2015, "Unauthorized Exit_SB": 2184, "Fading Hope_SB": 680, "Demilich": 490, "Bilious Skulldweller": 165, "Call of the Death-Dweller": 264, "Chevill, Bane of Monsters": 347, "Fynn, the Fangbearer": 778, "Ghost Vacuum": 800, "Heroic Intervention": 922, "Hooded Blightfang": 941, "Malakir Rebirth": 1241, "Nighthawk Scavenger": 1369, "Wasteland Viper": 2295, "Glissa Sunslayer_SB": 826, "Infectious Bite_SB": 975, "Solemnity_SB": 1875, "Akal Pakal, First Among Equals": 37, "Courser of Kruphix": 416, "Fauna Shaman": 697, "Kitesail Larcenist": 1096, "Sentinel of the Nameless City": 1758, "Timestream Navigator": 2108, "Simic Manipulator": 1825, "Trygon Predator_SB": 2160, "Sporeweb Weaver_SB": 1916, "Azure Beastbinder_SB": 124, "Vivien, Champion of the Wilds_SB": 2260, "Mockingbird_SB": 1303, "Simic Manipulator_SB": 1826, "Legion's Landing": 1156, "Coveted Falcon": 417, "Beseech the Mirror": 160, "Kaya's Wrath": 1068, "Caretaker's Talent_SB": 276, "Kaya, Orzhov Usurper_SB": 1071, "Rite of Oblivion_SB": 1654, "Fountainport_SB": 765, "Vivien, Arkbow Ranger": 2259, "Kogla, the Titan Ape": 1112, "Cavalier of Thorns_SB": 311, "Ulamog, the Ceaseless Hunger_SB": 2177, "Tyrranax Rex_SB": 2169, "Ulvenwald Oddity_SB": 2180, "Arid Archway": 88, "Crumbling Vestige": 432, "Dreamdew Entrancer": 568, "Fecund Greenshell": 707, "Insidious Fungus": 986, "Sire of Seven Deaths": 1831, "Spelunking": 1902, "Spinewoods Armadillo": 1906, "Scavenger Grounds": 1713, "Glissa Sunslayer": 825, "Witherbloom Command": 2328, "Kogla and Yidaro": 1110, "Vampires' Vengeance": 2231, "Trumpeting Carnosaur_SB": 2159, "Colossus Hammer": 384, "Kellan, the Fae-Blooded": 1081, "Kemba, Kha Enduring": 1082, "Sigarda's Aid": 1812, "Surge of Salvation": 1979, "Dusk // Dawn_SB": 584, "Last Breath_SB": 1139, "Cleansing Nova_SB": 360, "Forsaken Miner": 757, "Insidious Roots": 987, "Priest of Forgotten Gods": 1524, "Rubblebelt Maverick": 1683, "Scrapheap Scrounger": 1726, "Palani's Hatcher": 1466, "Thunderherd Migration": 2103, "Triumphant Chomp": 2156, "Cease // Desist_SB": 317, "Golgari Charm_SB": 847, "Unlucky Witness": 2202, "Abyssal Harvester": 9, "Jace, Wielder of Mysteries_SB": 1026, "Shock": 1802, "Elspeth's Smite": 609, "Selfless Spirit_SB": 1757, "Boros Elite": 220, "Guardian of New Benalia": 872, "Intrepid Adversary": 998, "Luminarch Aspirant": 1221, "Mardu Woe-Reaper": 1254, "Mobilized District": 1301, "Ossification": 1439, "Precinct Captain": 1523, "Soldier of the Pantheon": 1874, "Spellbook Vendor": 1901, "Sungold Sentinel": 1965, "Banisher Priest_SB": 137, "Bounty Agent_SB": 228, "Fateful Absence_SB": 696, "Rally the Ranks_SB": 1564, "Soul-Guide Lantern_SB": 1886, "Beanstalk Giant": 152, "Greater Tanuki": 860, "Herd Migration": 920, "Release to the Wind": 1611, "Bedeck // Bedazzle_SB": 154, "Consign // Oblivion_SB": 400, "Gyruda, Doom of Depths_SB": 877, "Keruga, the Macrosage_SB": 1086, "Swamp_SB": 1985, "Virtue of Persistence_SB": 2255, "Wicked Wolf_SB": 2315, "Absorb": 8, "Overlord of the Mistmoors_SB": 1457, "Dream Trawler": 566, "Surge of Righteousness_SB": 1978, "Vivien Reid_SB": 2258, "Defiant Strike": 488, "Dreadhorde Arcanist": 562, "Gods Willing": 843, "Renegade Tactics": 1618, "Knight of Grace_SB": 1105, "Consign // Oblivion": 399, "Loran of the Third Path": 1208, "The Book of Exalted Deeds": 2049, "Fear of Isolation": 702, "Hopeless Nightmare": 944, "Tinybones Joins Up": 2109, "Wild Slash": 2317, "Unchained Berserker_SB": 2185, "Built to Smash": 252, "Wayward Guide-Beast": 2298, "Dreadmaw's Ire_SB": 565, "Voldaren Thrillseeker_SB": 2274, "Siphon Insight_SB": 1829, "Commit // Memory": 389, "Ral, Crackling Wit_SB": 1562, "Glorious Protector_SB": 830, "Westvale Abbey": 2313, "Imodane's Recruiter_SB": 969, "Thought-Knot Seer_SB": 2089, "Flip the Switch": 740, "Voice of Resurgence_SB": 2264, "Cityscape Leveler": 353, "Outland Liberator_SB": 1447, "Kaito, Cunning Infiltrator": 1050, "Kaito Shizuki": 1046, "Dokuchi Silencer_SB": 538, "Warping Wail_SB": 2290, "Into the Story": 997, "Plumecreed Escort": 1509, "Exquisite Firecraft_SB": 666, "The Wandering Rescuer_SB": 2077, "Niambi, Esteemed Speaker_SB": 1365, "Chained to the Rocks": 324, "Escape to the Wilds": 644, "Selfless Glyphweaver": 1753, "Lavinia, Azorius Renegade_SB": 1143, "Syr Ginger, the Meal Ender_SB": 1999, "Summary Dismissal_SB": 1957, "Demonic Counsel": 494, "Quicken": 1550, "Cry of the Carnarium_SB": 434, "Long Goodbye_SB": 1205, "Overlord of the Balemurk_SB": 1452, "Adanto Vanguard": 13, "Apostle of Purifying Light": 70, "Glass Casket": 818, "Swiftfoot Boots": 1989, "Thran Power Suit": 2095, "Augur of Bolas": 111, "Essence Flux": 649, "Fading Hope": 679, "Fallaji Archaeologist": 688, "Neoform": 1362, "Tyvar's Stand": 2170, "Natural State_SB": 1354, "Virtue of Persistence": 2254, "Roaring Furnace && Steaming Sauna_SB": 1663, "Aftermath Analyst": 26, "Annie Joins Up": 61, "Brokers Hideout": 245, "Cabaretti Courtyard": 259, "Emrakul, the Promised End": 624, "Lotus Cobra": 1216, "Lumra, Bellow of the Woods": 1222, "Nissa, Resurgent Animist": 1378, "Port of Karfell": 1514, "Riveteers Overlook": 1659, "The World Tree": 2078, "Zacama, Primal Calamity": 2364, "Titania, Voice of Gaea_SB": 2116, "Kaervek, the Punisher": 1043, "Zoraline, Cosmos Caller": 2376, "Fracture_SB": 766, "Mazemind Tome_SB": 1269, "Grand Abolisher_SB": 853, "Treacherous Blessing_SB": 2145, "Foundry Street Denizen": 762, "Legion Loyalist": 1154, "Spinner of Souls": 1907, "Klothys, God of Destiny_SB": 1099, "Umori, the Collector_SB": 2181, "Blast Zone": 181, "Glass Casket_SB": 819, "Ojer Axonil, Deepest Might": 1416, "Leyline of Combustion_SB": 1161, "Scorching Shot_SB": 1721, "Tithing Blade": 2117, "Grasp of Darkness_SB": 854, "Necrotic Wound": 1357, "Souls of the Lost": 1891, "Necrotic Wound_SB": 1358, "Horned Loch-Whale_SB": 946, "Squirming Emergence": 1919, "Souls of the Lost_SB": 1892, "Barrier Breach_SB": 143, "Hallowed Moonlight": 882, "Voyaging Satyr_SB": 2281, "Experimental Augury": 661, "Fleeting Spirit": 738, "Get Out": 796, "Lore Drakkis": 1213, "Open the Omenpaths": 1431, "Saiba Cryptomancer": 1697, "Sea-Dasher Octopus": 1734, "Vadrok, Apex of Thunder": 2220, "Dromoka's Command": 574, "Kappa Tech-Wrecker": 1057, "Eldrazi Displacer_SB": 599, "Otherworldly Gaze": 1443, "Scorching Shot": 1720, "Candy Trail": 272, "Crucible of Worlds": 428, "March of Wretched Sorrow": 1252, "Mazemind Tome": 1268, "Welcoming Vampire": 2308, "Destiny Spinner": 507, "Izoni, Center of the Web": 1019, "Yorion, Sky Nomad": 2360, "Cavern of Souls_SB": 314, "Destiny Spinner_SB": 508, "Glarb, Calamity's Augur_SB": 817, "Sin Collector_SB": 1828, "Cult Conscript": 442, "Haywire Mite": 894, "Cast Out": 290, "Day of Judgment": 460, "Blast Zone_SB": 182, "Cleansing Wildfire_SB": 362, "Vanish into Eternity_SB": 2233, "Oracle of Tragedy": 1435, "Soulflayer": 1889, "Striped Riverwinder": 1950, "Urborg Scavengers": 2214, "Zetalpa, Primal Dawn": 2371, "Mutavault_SB": 1339, "Mukotai Ambusher_SB": 1332, "Culling Ritual": 440, "Tribute to Horobi": 2153, "Void Winnower_SB": 2269, "Remorseful Cleric_SB": 1616, "Rhonas the Indomitable": 1643, "Vengeful Possession": 2242, "Hidetsugu's Second Rite_SB": 928, "Hunter's Talent_SB": 956, "Nurturing Pixie": 1400, "Trial of Ambition": 2152, "Kaito, Bane of Nightmares_SB": 1049, "Pawpatch Recruit": 1479, "Extract the Truth_SB": 669, "Malcolm, Alluring Scoundrel": 1242, "Ertai Resurrected": 642, "Get Out_SB": 797, "Pia Nalaar, Consul of Revival": 1496, "Reckless Impulse": 1588, "Showdown of the Skalds": 1807, "Wrenn's Resolve": 2348, "Preacher of the Schism_SB": 1522, "Bloodsoaked Champion": 198, "Osteomancer Adept": 1441, "Snarling Gorehound": 1865, "Underground Mortuary": 2189, "Crystal Barricade_SB": 439, "Trostani, Three Whispers": 2157, "Bassara Tower Archer": 146, "Cloudsteel Kirin": 371, "Lizard Blades": 1198, "Chained to the Rocks_SB": 325, "Viashino Pyromancer": 2246, "Searing Blood": 1741, "Chandra, Torch of Defiance_SB": 340, "Bomat Courier_SB": 210, "Bonecrusher Giant_SB": 213, "Magma Spray_SB": 1237, "Lightning Strike_SB": 1182, "Aven Mindcensor_SB": 116, "Hollow One": 937, "Fiery Temper": 724, "Stalactite Stalker": 1921, "Harvester of Misery_SB": 891, "Hostile Investigator_SB": 952, "Lamplight Phoenix_SB": 1136, "Fugitive Codebreaker_SB": 776, "Camellia, the Seedmiser": 269, "Deathcap Glade": 472, "Voldaren Thrillseeker": 2273, "Tree of Perdition": 2150, "Sunset Revelry_SB": 1971, "Thirst for Meaning": 2083, "Entity Tracker_SB": 639, "Treacherous Blessing": 2144, "Massacre Wurm_SB": 1263, "Biting-Palm Ninja": 170, "Dokuchi Silencer": 537, "Silver-Fur Master": 1819, "Thousand-Faced Shadow": 2092, "Kaito Shizuki_SB": 1047, "Helping Hand": 914, "Pawpatch Recruit_SB": 1480, "Stern Dismissal": 1928, "Holy Cow": 938, "Colossal Skyturtle_SB": 383, "Takenuma, Abandoned Mire_SB": 2003, "Soul Transfer": 1883, "Rottenmouth Viper_SB": 1677, "Roaring Furnace // Steaming Sauna_SB": 1664, "Omen of the Dead": 1420, "Werewolf Pack Leader": 2312, "Prowling Serpopard_SB": 1537, "Sentinel of the Nameless City_SB": 1759, "Welcoming Vampire_SB": 2309, "Kazandu Mammoth": 1074, "Sharp-Eyed Rookie": 1784, "Ayara's Oathsworn": 120, "Vein Ripper": 2238, "Jace, Vryn's Prodigy": 1024, "Ledger Shredder_SB": 1149, "Council of the Absolute_SB": 414, "Spirit of the Labyrinth_SB": 1910, "Suncleanser_SB": 1959, "Snakeskin Veil_SB": 1864, "Adventurous Impulse": 18, "Monastery Mentor_SB": 1311, "Arcane Proxy": 78, "Chrome Host Seedshark": 349, "See the Truth": 1748, "Nashi, Searcher in the Dark": 1353, "Wilt-Leaf Liege_SB": 2319, "Brass's Tunnel-Grinder": 231, "Shambling Vent": 1777, "Ambitious Farmhand": 46, "Cascading Cataracts": 282, "Charming Prince": 345, "Helpful Hunter": 913, "Serra Paragon": 1761, "Thalia's Lancers": 2038, "Augur of Autumn_SB": 110, "Lavabrink Venturer_SB": 1140, "Soulless Jailer_SB": 1890, "Gleaming Geardrake": 822, "Prosperous Thief_SB": 1535, "Cavalier of Dawn": 308, "Kotose, the Silent Spider": 1119, "Marina Vendrell": 1255, "Chandra, Torch of Defiance": 339, "Fanatic of Mogis": 689, "Solphim, Mayhem Dominus": 1876, "Altanak, the Thrice-Called": 45, "Say Its Name": 1709, "Thalia and The Gitrog Monster": 2037, "Cosmic Rebirth_SB": 413, "Dreadbore_SB": 561, "Shatterskull Smashing_SB": 1787, "Barkhide Troll": 142, "Gather Courage": 787, "Keen-Eyed Curator": 1077, "Tribute to the World Tree": 2154, "Inscription of Abundance_SB": 984, "Setessan Tactics_SB": 1765, "Unable to Scream": 2182, "Recommission": 1595, "Tome Scour": 2123, "Deathmist Raptor": 474, "Oblivious Bookworm": 1409, "Cerulean Drake_SB": 323, "Kraul Harpooner_SB": 1121, "Prosperous Innkeeper_SB": 1533, "Blacksmith's Talent": 176, "Bladehold War-Whip": 179, "Chainsaw": 326, "Nahiri, Forged in Fury": 1345, "Sword of Forge and Frontier": 1991, "Rebel Salvo_SB": 1585, "Bloodthirsty Conqueror": 199, "Dina, Soul Steeper": 522, "Dryad of the Ilysian Grove": 579, "Iridescent Vinelasher": 1011, "Jaddi Offshoot": 1029, "Mirrorpool": 1292, "Retreat to Hagra": 1640, "Scapeshift": 1710, "Bristly Bill, Spine Sower_SB": 244, "Deathrite Shaman_SB": 476, "Undergrowth Champion_SB": 2191, "Deputy of Detention": 500, "Tyvar, the Pummeler_SB": 2174, "Floodpits Drowner_SB": 743, "Massacre Wurm": 1262, "Etali, Primal Conqueror": 650, "Seize the Spoils": 1751, "Worldspine Wurm_SB": 2345, "Xenagos, God of Revels_SB": 2351, "Light of Hope_SB": 1175, "Zoetic Glyph": 2374, "The Akroan War_SB": 2046, "Valgavoth's Faithful": 2222, "Elder Gargaroth": 596, "Silverback Elder": 1820, "Silverback Elder_SB": 1821, "No More Lies_SB": 1388, "Celestial Armor": 318, "Deputy of Detention_SB": 501, "Experimental Frenzy_SB": 663, "Citizen's Crowbar_SB": 352, "Gifted Aetherborn_SB": 811, "March of Wretched Sorrow_SB": 1253, "Perilous Snare": 1483, "Wedding Invitation": 2307, "Repurposing Bay_SB": 1623, "Mendicant Core, Guidelight": 1275, "Voyager Glidecar": 2279, "Patchwork Automaton": 1472, "Dawnbringer Cleric": 458, "Momentum Breaker_SB": 1309, "Birgi, God of Storytelling": 167, "Crater's Claws": 423, "Banefire_SB": 135, "Zurgo Bellstriker_SB": 2380, "Hare Apparent": 888, "Zareth San, the Trickster": 2368, "Nighthawk Scavenger_SB": 1370, "Greasewrench Goblin": 859, "Moonshaker Cavalry_SB": 1319, "Grim Bauble": 862, "Momentum Breaker": 1308, "Oildeep Gearhulk_SB": 1415, "Count on Luck_SB": 415, "Shacklegeist_SB": 1770, "Valor's Flagship": 2229, "Sab-Sunen, Luxa Embodied": 1692, "Bolas's Citadel": 207, "Catacomb Sifter": 298, "Woe Strider": 2336, "Liliana, Heretical Healer_SB": 1189, "Status // Statue_SB": 1924, "Alpha Authority": 41, "Chaplain of Alms": 344, "Rune of Might": 1688, "Toadstool Admirer": 2118, "Adanto Vanguard_SB": 14, "Monument to Endurance_SB": 1316, "Saheeli, Sublime Artificer": 1695, "Devout Decree_SB": 516, "Strangle_SB": 1945, "Valley Floodcaller_SB": 2228, "Archfiend's Vessel": 83, "Merfolk Secretkeeper": 1278, "Brightglass Gearhulk": 240, "Dredger's Insight": 572, "Grim Bauble_SB": 863, "Djeru's Renunciation": 536, "Drannith Healer": 556, "Drannith Stinger": 558, "Flourishing Fox": 745, "Footfall Crater": 751, "Go for Blood": 836, "Marauding Mako": 1247, "Monument to Endurance": 1315, "Sunbillow Verge": 1958, "Zenith Flare": 2369, "Heroic Intervention_SB": 923, "Ketramose, the New Dawn_SB": 1088, "Behold the Multiverse": 157, "Mastermind's Acquisition": 1264, "Behold the Multiverse_SB": 158, "Ossification_SB": 1440, "Memory Guardian": 1274, "Dreadhorde Arcanist_SB": 563, "Coalstoke Gearhulk": 372, "Azor, the Lawbringer": 122, "Mukotai Ambusher": 1331, "Bloodghast": 196, "Molt Tender": 1304, "Driven // Despair_SB": 573, "Ashiok, Wicked Manipulator_SB": 99, "Anim Pakal, Thousandth Moon": 58, "Basri, Tomorrow's Champion": 145, "Urza's Ruinous Blast_SB": 2218, "The Speed Demon": 2072, "Intimidation Tactics_SB": 994, "Doppelgang": 544, "Maestros Theater": 1231, "Shigeki, Jukai Visionary": 1797, "Virtue of Strength": 2256, "Worldsoul's Rage": 2343, "Bonny Pall, Clearcutter_SB": 215, "Roxanne, Starfall Savant_SB": 1679, "Feed the Cycle": 709, "Rankle's Prank": 1569, "Freestrider Lookout": 769, "Ketramose, the New Dawn": 1087, "Scrabbling Claws": 1724, "Legion's End_SB": 1155, "Mosswood Dreadknight_SB": 1324, "Pest Control_SB": 1486, "Willowrush Verge": 2318, "Optimistic Scavenger_SB": 1434, "Innkeeper's Talent_SB": 981, "Oildeep Gearhulk": 1414, "Commune with Spirits": 392, "Goro-Goro, Disciple of Ryusei": 850, "Kari Zev, Skyship Raider": 1059, "Radha, Heart of Keld": 1552, "Redshift, Rocketeer Chief": 1601, "Feed the Clan_SB": 708, "Scorching Dragonfire_SB": 1719, "Bleachbone Verge": 184, "Starnheim Unleashed_SB": 1923, "Detention Chariot": 512, "Tune Up": 2161, "Kaya the Inexorable_SB": 1066, "Thundering Broodwagon": 2104, "Bloodchief's Thirst_SB": 195, "Eaten Alive_SB": 588, "Benthic Biomancer": 159, "Mindspring Merfolk": 1290, "Tishana's Tidebinder": 2112, "Tidebinder Mage_SB": 2107, "Secure the Wastes": 1747, "Make Disappear_SB": 1240, "Fearless Swashbuckler": 704, "Gastal Thrillroller": 785, "Dragonlord Dromoka": 550, "Ashiok, Nightmare Weaver": 96, "Jace's Defeat_SB": 1023, "Leyline Binding_SB": 1159, "Ugin, the Spirit Dragon_SB": 2176, "Hazoret, Godseeker": 900, "Memory Deluge_SB": 1273, "Clockwork Percussionist": 370, "Skullcrack": 1838, "Roast_SB": 1665, "Boommobile": 217, "Fomori Vault": 750, "Glint-Nest Crane": 824, "Hedron Archive": 909, "Paradox Engine": 1468, "Portal of Sanctuary": 1517, "Prophetic Prism": 1531, "Repurposing Bay": 1622, "Terrarion": 2033, "The Mightstone and Weakstone": 2062, "Thran Spider": 2096, "Workshop Assistant": 2342, "Lantern of the Lost_SB": 1138, "Liberator, Urza's Battlethopter_SB": 1167, "Noxious Gearhulk_SB": 1398, "Shrapnel Slinger_SB": 1811, "Norin, Swift Survivalist": 1390, "Chandra, Acolyte of Flame_SB": 333, "Untimely Malfunction_SB": 2207, "Empyrean Eagle": 623, "Lofty Denial": 1202, "Dewdrop Cure_SB": 518, "Mindlink Mech_SB": 1289, "Wastewood Verge": 2296, "Collector's Cage": 378, "Dusk Rose Reliquary": 586, "Parting Gust": 1471, "Teething Wurmlet": 2018, "Murderous Cut": 1334, "Anguished Unmaking_SB": 57, "Drownyard Temple": 578, "Narcomoeba": 1349, "Prized Amalgam": 1527, "Quag Feast": 1544, "Pest Control": 1485, "Avishkar Raceway": 117, "Fuel the Flames_SB": 774, "Skycrash_SB": 1843, "Murderous Rider": 1336, "Sign in Blood": 1813, "Sea Gate Restoration": 1733, "Dig Through Time_SB": 521, "Giant Killer_SB": 807, "Ashiok, Nightmare Muse_SB": 95, "Biting-Palm Ninja_SB": 171, "Expedite": 657, "Kazuul's Toll Collector": 1076, "Shardmage's Rescue_SB": 1781, "Immersturm Raider": 967, "The Speed Demon_SB": 2073, "Waste Not_SB": 2293, "Harrier Strix": 890, "Hypnotic Grifter": 959, "The Reality Chip": 2065, "Training Grounds": 2137, "Witness Protection": 2332, "Basilisk Collar_SB": 144, "Burnout Bashtronaut": 255, "Draconautics Engineer": 548, "Fanatical Firebrand": 690, "Hobgoblin Bandit Lord": 936, "Howlsquad Heavy": 953, "Krenko, Mob Boss": 1125, "Goblin Ringleader_SB": 841, "Volley Veteran_SB": 2275, "Collision // Colossus": 381, "Overprotect_SB": 1459, "Swiftfoot Boots_SB": 1990, "Fry_SB": 772, "Stock Up": 1933, "Riverpyre Verge": 1658, "Strangle": 1944, "Liliana, the Last Hope_SB": 1190, "Blade Historian": 177, "Jirina, Dauntless General": 1039, "Pyre of Heroes": 1539, "Jirina, Dauntless General_SB": 1040, "Night Clubber_SB": 1368, "Riptide Gearhulk_SB": 1651, "Aegis Turtle_SB": 19, "Up the Beanstalk_SB": 2210, "Concealing Curtains": 394, "Analyze the Pollen": 48, "Ride's End": 1644, "Cleansing Wildfire": 361, "Crumble to Dust": 431, "Encroaching Wastes": 627, "Gnottvold Slumbermound": 833, "Haphazard Bombardment": 886, "Jaya's Greeting": 1032, "Ravager Wurm": 1576, "Rowan, Scholar of Sparks": 1678, "Rubble Reading": 1682, "Sheltered Thicket": 1789, "Structural Distortion": 1951, "Sylvan Primordial": 1996, "Territory Forge": 2034, "Twin Bolt": 2164, "Herbology Instructor_SB": 918, "Nissa's Defeat_SB": 1375, "Peak Eruption_SB": 1481, "Scrabbling Claws_SB": 1725, "Battle at the Bridge": 148, "Mephitic Draught": 1276, "Spire of Industry": 1908, "Battle at the Bridge_SB": 149, "Hazoret the Fervent": 897, "Ashiok, Nightmare Muse": 94, "Murderous Cut_SB": 1335, "Borrowed Hostility": 222, "The Filigree Sylex_SB": 2055, "Barbed Batterfist": 139, "Webstrike Elite": 2304, "Yahenni's Expertise": 2353, "Commit // Memory_SB": 390, "Demilich_SB": 491, "Progenitor Mimic": 1530, "Banefire": 134, "Koma, Cosmos Serpent_SB": 1115, "Steel Seraph": 1927, "Fighter Class": 725, "Flowerfoot Swordmaster": 746, "Mabel, Heir to Cragflame": 1227, "Chainsaw_SB": 327, "Nettle Guard_SB": 1363, "Sword of Forge and Frontier_SB": 1992, "Experimental Synthesizer": 664, "Violent Urge_SB": 2250, "Boon of Boseiju": 218, "Esika's Chariot_SB": 647, "Hidetsugu Consumes All": 925, "Champion of the Perished": 329, "Cryptbreaker": 435, "Dark Salvation": 453, "Dread Wanderer": 559, "Relentless Dead": 1612, "Wayward Servant": 2299, "Zahur, Glory's Past": 2367, "Crippling Fear_SB": 427, "Phyrexian Censor": 1491, "Commune with Dinosaurs": 391, "Ghalta, Primal Hunger": 798, "Marauding Raptor": 1248, "Pugnacious Hammerskull": 1538, "Rampaging Raptor": 1567, "Regal Imperiosaur": 1607, "Regisaur Alpha": 1608, "Ripjaw Raptor": 1648, "Flameblade Adept": 735, "Maximize Velocity": 1266, "Ox of Agonas": 1461, "Birgi, God of Storytelling_SB": 168, "Lightning Axe_SB": 1178, "Expedition Map_SB": 659, "Stock Up_SB": 1934, "Wrenn and Realmbreaker": 2347, "Depopulate_SB": 499, "Unsubstantiate_SB": 2206, "Samut's Sprint": 1698, "Lost Jitte": 1214, "Omen of the Dead_SB": 1421, "Bloodchief's Thirst": 194, "Combat Research": 385, "Lazav, Wearer of Faces": 1145, "Medomai the Ageless": 1270, "Thalia, Heretic Cathar_SB": 2043, "Guardian of Faith": 870, "Fires of Victory_SB": 733, "Riptide Gearhulk": 1650, "Gather Courage_SB": 788, "Eidolon of the Great Revel_SB": 594, "Carnage Tyrant": 277, "Festering Gulch": 716, "Quick Study": 1549, "Kozilek's Return_SB": 1120, "Katilda, Dawnhart Martyr": 1062, "Feather, the Redeemed": 705, "Feather, the Redeemed_SB": 706, "Bitter Reunion": 172, "Etali, Primal Conqueror_SB": 651, "Restless Fortress": 1632, "Ruin-Lurker Bat": 1685, "Healer's Hawk": 902, "Essence Channeler": 648, "Exemplar of Light": 655, "Linden, the Steadfast Queen": 1191, "Scoured Barrens": 1722, "Rogue's Passage": 1670, "Dewdrop Cure": 517, "Afterburner Expert": 25, "Omnivorous Flytrap": 1429, "Agatha's Soul Cauldron_SB": 30, "Nahiri, the Unforgiving_SB": 1348, "Out of Air_SB": 1444, "Cry of the Carnarium": 433, "Kaya, Orzhov Usurper": 1070, "Soul-Guide Lantern": 1885, "The End": 2052, "Calamity's Wake_SB": 262, "Play with Fire_SB": 1507, "Twinshot Sniper": 2165, "Keruga, the Macrosage": 1085, "Agent of Treachery_SB": 32, "Twinshot Sniper_SB": 2166, "Anzrag, the Quake-Mole": 69, "Temple of Abandon": 2023, "Tamiyo's Safekeeping": 2006, "Tear Asunder": 2014, "Blot Out": 203, "Questing Beast": 1545, "Thrun, Breaker of Silence": 2100, "Nissa, Ascended Animist": 1376, "Tyrranax Rex": 2168, "Nissa, Ascended Animist_SB": 1377, "Shifting Ceratops_SB": 1796, "Hornet Queen_SB": 948, "Ox of Agonas_SB": 1462, "Satoru Umezawa": 1705, "Adorned Pouncer": 17, "Arahbo, the First Fang": 74, "Open the Armory": 1430, "Roadside Reliquary": 1660, "Sacred Cat": 1693, "Spontaneous Mutation_SB": 1915, "Exquisite Firecraft": 665, "Raucous Carnival": 1573, "Curse of Shaken Faith_SB": 445, "Painter's Studio // Defaced Gallery": 1465, "Chance for Glory_SB": 331, "Magmatic Chasm_SB": 1238, "Requisition Raid_SB": 1624, "Shrapnel Blast_SB": 1810, "Sorin, Vengeful Bloodlord_SB": 1880, "Tireless Tracker_SB": 2111, "Merfolk Mistbinder": 1277, "Merfolk Trickster_SB": 1279, "Smuggler's Copter_SB": 1860, "Debris Beetle": 477, "Mystic Repeal_SB": 1342, "Epic Downfall_SB": 641, "Cavalier of Flame": 309, "Nullhide Ferox_SB": 1399, "Builder's Talent": 251, "Sunder the Gateway": 1960, "Kitsa, Otterball Elite": 1097, "Abhorrent Oculus_SB": 3, "Loran's Escape": 1210, "Blessed Defiance_SB": 187, "Reckless Stormseeker": 1591, "Rocketeer Boostbuggy": 1667, "Bladestitched Skaab": 180, "Lazotep Reaver": 1146, "Rotten Reunion_SB": 1675, "Enduring Tenacity_SB": 634, "Cruelclaw's Heist_SB": 430, "Knight of Grace": 1104, "Swan Song_SB": 1986, "Chandra, Spark Hunter_SB": 338, "Skyclave Cleric": 1842, "Ajani, Strength of the Pride_SB": 36, "Growth Spiral": 866, "Ill-Timed Explosion_SB": 964, "Gideon of the Trials": 808, "Bomat Courier": 209, "Phoenix Chick": 1489, "Azor, the Lawbringer_SB": 123, "Tasigur, the Golden Fang": 2013, "Mortify": 1321, "Creeping Chill": 426, "Silversmote Ghoul": 1823, "Fog": 748, "Gaea's Blessing": 779, "Haze of Pollen": 896, "Jace, the Perfected Mind": 1027, "Tamiyo, Collector of Tales": 2008, "Union of the Third Path": 2196, "Winds of Qal Sisma": 2321, "Carnage Tyrant_SB": 278, "Drannith Ruins": 557, "Thought-Knot Seer": 2088, "Wasteland Strangler": 2294, "Phyrexian Fleshgorger": 1494, "Ifnir Deadlands": 962, "Bearer of Silence": 153, "Reality Smasher_SB": 1582, "Doom Foretold": 541, "Nine-Lives Familiar": 1374, "Starfield of Nyx": 1922, "Kaya's Wrath_SB": 1069, "Fuel the Flames": 773, "Gix's Command_SB": 814, "Sorin the Mirthless_SB": 1879, "Shoot the Sheriff_SB": 1804, "Graf Reaver_SB": 851, "Kraul Whipcracker_SB": 1122, "Dive Down_SB": 534, "Fear of Impostors": 700, "Riptide Chimera": 1649, "Fleecemane Lion": 737, "Witchstalker_SB": 2327, "Soul-Scar Mage_SB": 1888, "Selfless Glyphweaver_SB": 1754, "Blood Spatter Analysis": 193, "Demonic Bargain": 493, "Osseous Sticktwister": 1438, "Korvold, Fae-Cursed King": 1116, "Korvold, Fae-Cursed King_SB": 1117, "Dive Down": 533, "Jace Reawakened_SB": 1022, "Blessed Defiance": 186, "Homestead Courage": 939, "Alrund's Epiphany": 43, "Loot, the Pathfinder": 1207, "Obliterating Bolt_SB": 1408, "Phyrexian Dragon Engine": 1493, "Seasoned Hallowblade": 1744, "The Mycosynth Gardens": 2064, "Burning Earth_SB": 253, "Fugitive Codebreaker": 775, "Favored Hoplite": 698, "Flowstone Infusion": 747, "Sejiri Shelter": 1752, "Tenth District Legionnaire": 2032, "Invasion of New Phyrexia_SB": 1004, "Clifftop Lookout": 366, "Loot, Exuberant Explorer": 1206, "Risen Reef": 1652, "Tangled Florahedron": 2011, "Healer of the Glade_SB": 901, "Tale's End_SB": 2005, "Wilt_SB": 2320, "Dreams of Steel and Oil": 570, "Gisa, the Hellraiser_SB": 813, "Ride's End_SB": 1645, "Omen of the Sun": 1424, "Omen of the Sun_SB": 1425, "Enduring Courage": 629, "Beseech the Mirror_SB": 161, "Forbidden Friendship": 752, "Case of the Gateway Express_SB": 287, "Collective Effort_SB": 377, "Forge Devil_SB": 756, "Perilous Snare_SB": 1484, "Commence the Endgame_SB": 387, "Experimental Confectioner": 662, "Monastery Mentor": 1310, "Seeker of the Way_SB": 1750, "Redcap Melee": 1598, "Setessan Champion": 1763, "Trapped in the Screen": 2141, "Trapped in the Screen_SB": 2142, "The Birth of Meletis": 2048, "Cryptolith Rite": 438, "Bottomless Pool && Locker Room": 226, "Bottomless Pool && Locker Room_SB": 227, "Eidolon of Blossoms": 590, "Eidolon of Blossoms_SB": 591, "Hidetsugu's Second Rite": 927, "Knockout Blow": 1108, "Incubation Druid": 972, "Interplanar Beacon": 991, "Kaya the Inexorable": 1065, "Mistrise Village": 1298, "Nicol Bolas, Dragon-God": 1366, "Ral Zarek": 1561, "Tamiyo, Field Researcher": 2010, "Vraska, Betrayal's Sting": 2283, "Kunoros, Hound of Athreos_SB": 1131, "Qarsi Revenant": 1542, "Qarsi Revenant_SB": 1543, "Elspeth, Storm Slayer": 611, "United Battlefront": 2197, "Voice of Victory": 2265, "Sunder the Gateway_SB": 1961, "Voice of Victory_SB": 2266, "Rakdos's Return_SB": 1559, "Tersa Lightshatter": 2035, "Mox Jasper": 1329, "Mistrise Village_SB": 1299, "Cemetery Illuminator": 319, "Muraganda Raceway": 1333, "Case of the Crimson Pulse": 283, "Cease // Desist": 316, "Cram Session": 421, "Fell": 713, "Insatiable Avarice": 982, "The Biblioplex": 2047, "Valgavoth's Onslaught": 2223, "Containment Breach_SB": 403, "Environmental Sciences_SB": 640, "Introduction to Annihilation_SB": 999, "Mascot Exhibition_SB": 1259, "Pest Summoning_SB": 1487, "Descendant of Storms": 502, "Dragonfire Blade": 549, "Lavaspur Boots_SB": 1142, "Caustic Exhale": 306, "Dispelling Exhale": 529, "Foul-Tongue Invocation": 760, "Marang River Regent": 1245, "Scavenger Regent": 1714, "Silumgar's Scorn": 1817, "Caustic Exhale_SB": 307, "Strategic Betrayal_SB": 1947, "Cori-Steel Cutter": 410, "Wild Ride": 2316, "Cori-Steel Cutter_SB": 411, "Desperate Measures": 505, "Sunpearl Kirin": 1968, "Katilda, Dawnhart Prime": 1064, "Songcrafter Mage": 1877, "Militia Bugler_SB": 1288, "Rot-Curse Rakshasa": 1674, "History of Benalia": 934, "The Restoration of Eiganjo": 2066, "Strategic Betrayal": 1946, "Flashfreeze_SB": 736, "Treasure Map": 2148, "Archangel Elspeth": 79, "Painter's Studio && Defaced Gallery": 1464, "This Town Ain't Big Enough_SB": 2085, "Stormscale Scion": 1940, "Stormscale Scion_SB": 1941, "Metamorphic Alteration": 1283, "Not on My Watch_SB": 1392, "Of One Mind": 1413, "Banishing Slash": 138, "Jaya, Fiery Negotiator": 1033, "Cori Mountain Monastery": 409, "Stormwing Entity": 1943, "Gurmag Angler": 873, "Murderous Rider_SB": 1337, "United Battlefront_SB": 2198, "Warden of the Grove": 2287, "Surrak, Elusive Hunter_SB": 1983, "Icon of Ancestry": 960, "Fire Prophecy": 729, "White Sun's Twilight_SB": 2314, "Paradoxical Outcome_SB": 1469, "Break Out": 236, "Masked Vandal": 1260, "Fanatical Firebrand_SB": 691, "Decadent Dragon_SB": 478, "Liliana, Death's Majesty": 1187, "Urgent Necropsy": 2217, "Scavenger's Talent_SB": 1716, "Ygra, Eater of All_SB": 2359, "Runed Halo": 1689, "Undead Sprinter_SB": 2187, "Boros Reckoner": 221, "Craterhoof Behemoth": 424, "Atarka's Command_SB": 104, "Crackling Drake": 418, "Phyrexian Obliterator": 1495, "Decisive Denial": 480, "Ebondeath, Dracolich": 589, "Ertai's Scorn": 643, "Rakshasa's Bargain": 1560, "Rewind": 1642, "Unwind": 2208, "Awaken the Honored Dead_SB": 119, "Deathmark_SB": 473, "Gaze of Granite_SB": 789, "Lutri, the Spellchaser_SB": 1225, "Shadows' Verdict_SB": 1772, "Specter's Shriek_SB": 1896, "Thrun, Breaker of Silence_SB": 2101, "Abrade": 4, "Collected Company_SB": 374, "Elspeth, Storm Slayer_SB": 612, "Herald of Eternal Dawn_SB": 917, "Selfless Savior": 1755, "Legion Angel": 1150, "Wojek Investigator": 2337, "Legion Angel_SB": 1151, "Apostle of Purifying Light_SB": 71, "Yathan Roadwatcher": 2356, "Sixth Sense": 1833, "Hammerhand": 884, "Aqueous Form": 73, "Cartouche of Solidarity": 280, "Severance Priest": 1768, "Jeskai Revelation": 1036, "Ray of Frost_SB": 1578, "Fiery Annihilation_SB": 721, "Dragonlord Silumgar": 552, "Painful Truths": 1463, "Search for Azcanta": 1740, "Supreme Will": 1977, "Contraband Kingpin_SB": 406, "Deafening Silence": 470, "Hardened Scales": 887, "Bontu's Last Reckoning_SB": 216, "Village Rites": 2247, "Stormchaser's Talent_SB": 1939, "Greedy Freebooter": 861, "Shambling Ghast": 1776, "Hangarback Walker": 885, "Marketback Walker": 1257, "Diabolic Intent": 519, "Scrapwork Mutt": 1729, "Gleaming Barrier": 821, "Liliana's Standard Bearer": 1186, "The Sibsig Ceremony": 2071, "Callous Bloodmage_SB": 266, "Friendly Teddy": 770, "Experiment One": 660, "Kitesail Freebooter_SB": 1095, "Muerra, Trash Tactician": 1330, "Cut // Ribbons": 446, "Dusk Legion Zealot": 585, "Markov Baron": 1258, "Patchwork Banner": 1473, "Bedevil_SB": 155, "Champion of Dusk_SB": 328, "Deadly Dispute_SB": 467, "Soul Transfer_SB": 1884, "Devilish Valet": 515, "Runaway Steam-Kin": 1686, "Grinning Ignus": 864, "Hazoret's Monument": 899, "Light Up the Night": 1172, "Cemetery Prowler_SB": 320, "Nissa, Steward of Elements_SB": 1379, "Kishla Village": 1094, "Robber of the Rich_SB": 1666, "Crash Through": 422, "Ugin, Eye of the Storms": 2175, "Shiko, Paragon of the Way": 1798, "Shadows' Verdict": 1771, "The Book of Exalted Deeds_SB": 2050, "Spring-Loaded Sawblades": 1917, "Sokenzan, Crucible of Defiance_SB": 1873, "Silent Hallcreeper": 1816, "Ashiok, Nightmare Weaver_SB": 97, "Evolved Sleeper": 654, "Tenacious Underdog_SB": 2031, "Rediscover the Way": 1600, "Balmor, Battlemage Captain": 131, "Wizard's Retort_SB": 2335, "Shapers' Sanctuary": 1778, "Clever Lumimancer": 365, "Niv-Mizzet, Parun": 1383, "Sweltering Suns": 1987, "Marang River Regent_SB": 1246, "Omnath, Locus of the Roil": 1427, "Giant Growth": 805, "Heritage Reclamation_SB": 921, "Brimaz, King of Oreskos": 241, "Intimidation Tactics": 993, "Liliana, Dreadhorde General_SB": 1188, "Katilda, Dawnhart Martyr_SB": 1063, "Fountainport Bell": 764, "Gonti, Lord of Luxury_SB": 849, "Spirit-Sister's Call": 1911, "Bandit's Talent_SB": 133, "Frontline Rush": 771, "Mortify_SB": 1322, "Treasure Cruise_SB": 2147, "Drake Hatcher": 554, "Eshki Dragonclaw": 645, "Herd Heirloom": 919, "The Huntsman's Redemption": 2057, "Canyon Slough": 273, "Captain Lannery Storm": 274, "Charming Scoundrel": 346, "Goldhound": 845, "Goldspan Dragon": 846, "Kalain, Reclusive Painter": 1051, "Marionette Master": 1256, "Reckless Fireweaver": 1587, "Sticky Fingers": 1931, "Treasure Vault": 2149, "Vraska's Contempt": 2282, "Karn, Scion of Urza_SB": 1060, "Moment of Craving_SB": 1307, "Ratchet Bomb_SB": 1571, "Unlicensed Disintegration_SB": 2199, "Amonkhet Raceway": 47, "Shore Up": 1805, "Shore Up_SB": 1806, "Illness in the Ranks_SB": 965, "Phyrexian Arena_SB": 1490, "Abbot of Keral Keep": 0, "Anax, Hardened in the Forge": 49, "Incendiary Flow": 971, "Invigorated Rampage": 1007, "Rimrock Knight": 1647, "Dire Fleet Daredevil_SB": 523, "Flame-Blessed Bolt_SB": 734, "Sword of Once and Future_SB": 1993, "Virulent Plague_SB": 2257, "Magebane Lizard": 1234, "Arboreal Grazer_SB": 77, "Sunset Revelry": 1970, "Unexpected Windfall": 2192, "Herald of Eternal Dawn": 916, "Skrelv's Hive": 1836, "Vaultborn Tyrant_SB": 2237, "Defabricate_SB": 487, "Collector's Cage_SB": 379, "Reluctant Role Model": 1614, "Plargg, Dean of Chaos": 1505, "Dire Tactics": 524, "Order of Midnight": 1436, "Doom Whisperer_SB": 542, "Virtue of Courage": 2251, "Ball Lightning": 130, "Scytheclaw Raptor_SB": 1732, "Cathartic Reunion": 302, "Ancient Imperiosaur": 52, "Gastal Thrillroller_SB": 786, "Invasion of Ergamon": 1000, "Duelist of the Mind": 581, "Portent of Calamity": 1520, "Extraordinary Journey": 672, "Concerted Defense_SB": 395, "Rapid Hybridization_SB": 1570, "Hooting Mandrills": 942, "Jin-Gitaxias, Progress Tyrant_SB": 1038, "Smuggler's Surprise_SB": 1862, "Toxrill, the Corrosive_SB": 2135, "Ureni, the Song Unending": 2216, "Awaken the Honored Dead": 118, "Ghostly Dancers": 802, "Heliod, the Radiant Dawn_SB": 912, "Hushbringer_SB": 957, "Obscura Storefront": 1411, "Disfigure_SB": 527, "Blue Sun's Twilight": 205, "Conduit Pylons": 396, "Ipnu Rivulet": 1010, "Outcaster Greenblade": 1445, "Voltage Surge": 2276, "Fae of Wishes_SB": 682, "Koth, Fire of Resistance_SB": 1118, "Drake Hatcher_SB": 555, "Ashen Rider": 91, "Baleful Mastery": 129, "Agonizing Remorse_SB": 33, "Gurmag Nightwatch": 874, "Slaughter Singer": 1851, "Venerated Rotpriest": 2241, "The Seedcore": 2070, "Crawling Chorus": 425, "Annex Sentry": 59, "Bloated Contaminator": 189, "Jawbone Duelist": 1031, "Overprotect": 1458, "Phyrexian Censor_SB": 1492, "Tyvar's Stand_SB": 2171, "Annex Sentry_SB": 60, "Melira, the Living Cure_SB": 1271, "Vineglimmer Snarl": 2248, "Port Town": 1513, "Mystic Reflection": 1341, "Emergence Zone": 619, "Augmenter Pugilist": 108, "Augur of Autumn": 109, "Simic Charm": 1824, "Fortified Village": 759, "Biovisionary": 166, "Repudiate // Replicate_SB": 1621, "Chord of Calling_SB": 348, "Baird, Steward of Argive_SB": 127, "Glorybringer": 831, "Mizzium Mortars": 1300, "Cartouche of Zeal": 281, "Skylasher_SB": 1845, "Not on My Watch": 1391, "Scattered Thoughts": 1712, "Nature's Rhythm": 1355, "Dryad's Revival": 580, "Mabel, Heir to Cragflame_SB": 1228, "Wear Down_SB": 2301, "Slagstorm_SB": 1848, "Stern Dismissal_SB": 1929, "Repel the Abominable": 1619, "Repel the Abominable_SB": 1620, "Niv-Mizzet, Visionary_SB": 1386, "Dispel_SB": 528, "Despark_SB": 504, "Dennick, Pious Apprentice": 496, "Dark Petition_SB": 452, "Hornet Queen": 947, "Ojer Taq, Deepest Foundation": 1417, "Pyroclasm": 1540, "Lord Skitter, Sewer King": 1212, "Tomik, Distinguished Advokist_SB": 2124, "Hearth Elemental": 905, "Sanguine Evangelist_SB": 1704, "Consuming Fervor": 402, "Aetherflux Reservoir": 23, "Mountain_SB": 1326, "Kaervek, the Spiteful_SB": 1044, "Inscribed Tablet": 983, "Scourge of the Skyclaves": 1723, "Warlock Class": 2289, "Lich-Knights' Conquest": 1168, "Silent Gravestone_SB": 1815, "Ulcerate_SB": 2178, "Smoldering Egg": 1858, "Ovalchase Daredevil": 1448, "Can't Stay Away_SB": 271, "Feldon, Ronom Excavator": 712, "Infuriate_SB": 977, "Clarion Conqueror_SB": 359, "Abbot of Keral Keep_SB": 1, "Chaos Wand_SB": 343, "Dissection Tools_SB": 532, "Jace, the Perfected Mind_SB": 1028, "Recommission_SB": 1596, "Faerie Dreamthief": 683, "Steamcore Scholar": 1926, "Winternight Stories": 2322}}