{"vocabulary": {"Barkchannel Pathway": 157, "Benthic Biomancer": 174, "Boseiju, Who Endures": 239, "Botanical Sanctum": 242, "Breeding Pool": 254, "Cavern of Souls": 333, "Cenote Scout": 342, "Collected Company": 393, "Deeproot Pilgrimage": 517, "Floodpits Drowner": 801, "Island": 1075, "Kumena, Tyrant of Orazca": 1185, "Mindspring Merfolk": 1359, "Mutavault": 1410, "Otawara, Soaring City": 1521, "Sentinel of the Nameless City": 1860, "Tishana's Tidebinder": 2247, "Vodalian Hexcatcher": 2407, "Willowrush Verge": 2476, "Aether Gust_SB": 45, "Disdainful Stroke_SB": 563, "Shapers' Sanctuary_SB": 1882, "Tidebinder Mage_SB": 2240, "Unable to Scream_SB": 2321, "Unlicensed Hearse_SB": 2343, "Arclight Phoenix": 107, "Artist's Talent": 112, "Brazen Borrower": 251, "Consider": 424, "Fiery Impulse": 775, "Galvanic Iteration": 836, "Hall of Storm Giants": 932, "Into the Flood Maw": 1056, "Lightning Axe": 1235, "Opt": 1510, "Picklock Prankster": 1576, "Proft's Eidetic Memory": 1608, "Riverglide Pathway": 1748, "Shivan Reef": 1903, "Sleight of Hand": 1955, "Spell Pierce": 2004, "Spikefield Hazard": 2012, "Spirebluff Canal": 2015, "Steam Vents": 2036, "Stormcarved Coast": 2054, "Temporal Trespass": 2153, "Torch the Tower": 2264, "Treasure Cruise": 2287, "Abrade_SB": 24, "Anger of the Gods_SB": 81, "Annul_SB": 87, "Brazen Borrower_SB": 252, "Brotherhood's End_SB": 263, "Mystical Dispute_SB": 1418, "Negate_SB": 1437, "Prismari Command_SB": 1606, "Thing in the Ice_SB": 2215, "Third Path Iconoclast_SB": 2216, "Blackcleave Cliffs": 191, "Blood Crypt": 209, "Callous Sell-Sword": 288, "Claim // Fame": 374, "Den of the Bugbear": 533, "Dreadhorde Arcanist": 602, "Emberheart Challenger": 665, "Fatal Push": 747, "Hazoret the Fervent": 949, "Heartfire Hero": 955, "Infuriate": 1039, "Manifold Mouse": 1310, "Monastery Swiftspear": 1384, "Monstrous Rage": 1387, "Mountain": 1397, "Ramunap Ruins": 1654, "Reckless Rage": 1677, "Screaming Nemesis": 1831, "Sokenzan, Crucible of Defiance": 1975, "Sulfurous Springs": 2072, "Claim the Firstborn_SB": 377, "Experimental Frenzy_SB": 715, "Fatal Push_SB": 748, "Go for the Throat_SB": 889, "Grafdigger's Cage_SB": 903, "Reckless Rage_SB": 1678, "Thoughtseize_SB": 2224, "Urabrask's Forge_SB": 2354, "Change the Equation": 363, "Demolition Field": 528, "Destroy Evil": 545, "Dovin's Veto": 586, "Field of Ruin": 771, "Fountainport": 822, "Hallowed Fountain": 933, "Hengegate Pathway": 970, "March of Otherworldly Light": 1317, "Memory Deluge": 1344, "No More Lies": 1457, "Plains": 1584, "Portable Hole": 1597, "Restless Anchorage": 1719, "Seachrome Coast": 1835, "Settle the Wreckage": 1868, "Sunken Citadel": 2086, "Supreme Verdict": 2099, "Teferi, Hero of Dominaria": 2140, "The Wandering Emperor": 2207, "Beza, the Bounding Spring_SB": 178, "Rest in Peace_SB": 1718, "Riptide Gearhulk_SB": 1741, "Yorion, Sky Nomad_SB": 2516, "Atraxa, Grand Unifier": 126, "Bitter Triumph": 189, "Blightstep Pathway": 201, "Duress": 623, "Fable of the Mirror-Breaker": 727, "Mirrex": 1360, "Swamp": 2109, "Thoughtseize": 2223, "Transmogrify": 2280, "Tribute to Horobi": 2292, "Unholy Annex // Ritual Chamber": 2336, "Volcanic Spite": 2415, "Duress_SB": 624, "Torch the Tower_SB": 2265, "Virtue of Persistence_SB": 2398, "Ashiok, Nightmare Muse": 117, "Censor": 343, "Clearwater Pathway": 380, "Cling to Dust": 385, "Cut Down": 478, "Darkslick Shores": 489, "Deadly Cover-Up": 498, "Deduce": 514, "Dig Through Time": 555, "Drown in the Loch": 618, "Extinction Event": 720, "Geier Reach Sanitarium": 844, "Gloomlake Verge": 884, "Hive of the Eye Tyrant": 992, "Mission Briefing": 1369, "Narset, Parter of Veils": 1427, "Shark Typhoon": 1885, "Sheoldred's Edict": 1895, "Shipwreck Marsh": 1902, "Sorin the Mirthless": 1982, "Takenuma, Abandoned Mire": 2126, "Three Steps Ahead": 2227, "Undercity Sewers": 2327, "Watery Grave": 2448, "Ashiok, Dream Render_SB": 116, "Chrome Host Seedshark_SB": 370, "Feed the Swarm_SB": 762, "Jace, Vryn's Prodigy_SB": 1083, "Kalitas, Traitor of Ghet_SB": 1110, "Murderous Cut_SB": 1407, "Path of Peril_SB": 1553, "The Meathook Massacre_SB": 2193, "Bandit's Talent": 149, "Castle Locthwain": 317, "Feed the Cycle": 760, "Go Blank": 886, "Go for the Throat": 888, "Hostile Investigator": 1011, "Liliana of the Veil": 1245, "Rankle's Prank": 1655, "Reckoner Bankbuster": 1680, "Sheoldred, the Apocalypse": 1897, "Urborg, Tomb of Yawgmoth": 2357, "Waste Not": 2443, "Cut Down_SB": 479, "Extinction Event_SB": 721, "Graveyard Trespasser_SB": 906, "Invoke Despair_SB": 1069, "Leyline of the Void_SB": 1225, "Adeline, Resplendent Cathar": 37, "Coppercoat Vanguard": 434, "Eiganjo, Seat of the Empire": 636, "Extraction Specialist": 723, "Hopeful Initiate": 1001, "Recruitment Officer": 1685, "Shefet Dunes": 1892, "Thalia's Lieutenant": 2165, "Thalia, Guardian of Thraben": 2166, "Veteran Survivor": 2388, "Warden of the Inner Sky": 2436, "Brave the Elements_SB": 250, "Containment Priest_SB": 432, "Get Lost_SB": 848, "Sheltered by Ghosts_SB": 1894, "Wedding Announcement_SB": 2460, "Blade of the Oni": 193, "Blazemire Verge": 197, "Bloodtithe Harvester": 216, "Bonecrusher Giant": 231, "Fear of Missing Out": 755, "Shoot the Sheriff": 1906, "Kroxa, Titan of Death's Hunger_SB": 1182, "Liliana of the Veil_SB": 1246, "Enduring Curiosity": 677, "Faerie Miscreant": 739, "Kaito, Bane of Nightmares": 1105, "Mockingbird": 1374, "Moon-Circuit Hacker": 1391, "Spyglass Siren": 2026, "Thousand-Faced Shadow": 2225, "Underground River": 2329, "Anoint with Affliction_SB": 89, "Biting-Palm Ninja_SB": 187, "Dokuchi Silencer_SB": 577, "Sheoldred, the Apocalypse_SB": 1898, "Spell Pierce_SB": 2005, "Abrupt Decay": 25, "Archon of Emeria": 105, "Assassin's Trophy": 121, "Bleachbone Verge": 198, "Deputy of Detention": 539, "Enigmatic Incarnation": 682, "Godless Shrine": 894, "Hushwood Verge": 1018, "Indatha Triome": 1037, "Leyline Binding": 1217, "Linvala, the Preserver": 1255, "Nowhere to Run": 1467, "Noxious Gearhulk": 1469, "Overgrown Tomb": 1531, "Overlord of the Floodpits": 1535, "Overlord of the Hauntwoods": 1536, "Overlord of the Mistmoors": 1537, "Raffine's Tower": 1636, "Spara's Headquarters": 1999, "Tranquil Frillback": 2278, "Up the Beanstalk": 2352, "Wastewood Verge": 2447, "Zagoth Triome": 2525, "Zur, Eternal Schemer": 2535, "Elesh Norn, Mother of Machines_SB": 648, "Knockout Blow_SB": 1166, "Ruric Thar, the Unbowed_SB": 1779, "Barbed Batterfist": 155, "Burst Lightning": 274, "Copperline Gorge": 435, "Cragcrown Pathway": 448, "Innkeeper's Talent": 1042, "Karplusan Forest": 1116, "Pawpatch Recruit": 1556, "Soul-Scar Mage": 1992, "Stomping Ground": 2047, "Pawpatch Formation_SB": 1555, "Pick Your Poison_SB": 1575, "Pyroclasm_SB": 1616, "Redcap Melee_SB": 1687, "Scorching Shot_SB": 1822, "Battle Cry Goblin": 163, "Battlefield Forge": 165, "Cacophony Scamp": 282, "Foundry Street Denizen": 821, "Goblin Instigator": 892, "Greasewrench Goblin": 908, "Inspiring Vantage": 1050, "Needleverge Pathway": 1435, "Raise the Past": 1640, "Rundvelt Hordemaster": 1774, "Sacred Foundry": 1786, "Skirk Prospector": 1935, "Deafening Silence_SB": 505, "Invasion of Gobakhan_SB": 1062, "Moonshaker Cavalry_SB": 1392, "Nahiri, the Harbinger_SB": 1422, "Portable Hole_SB": 1598, "Strict Proctor_SB": 2066, "Skyclave Apparition": 1943, "Aloe Alchemist": 66, "Atarka's Command": 124, "Burning-Tree Emissary": 272, "Cunning Coyote": 472, "Kumano Faces Kakkazan": 1183, "Play with Fire": 1588, "Reckless Bushwhacker": 1672, "Thornspire Verge": 2219, "Destructive Revelry_SB": 547, "Hazoret the Fervent_SB": 950, "Magebane Lizard_SB": 1298, "Rending Volley_SB": 1706, "Withering Torment": 2489, "Damping Sphere_SB": 482, "Hidetsugu Consumes All_SB": 983, "Withering Torment_SB": 2490, "Fear of Isolation": 754, "Fetid Pools": 770, "Grim Bauble": 913, "Hopeless Nightmare": 1003, "Momentum Breaker": 1381, "Omen of the Sea": 1497, "Stormchaser's Talent": 2056, "This Town Ain't Big Enough": 2217, "Thundertrap Trainer": 2239, "Yorion, Sky Nomad": 2515, "Aftermath Analyst": 51, "Brokers Hideout": 261, "Cabaretti Courtyard": 280, "Doppelgang": 584, "Fabled Passage": 729, "Fires of Victory": 787, "Forest": 812, "Ill-Timed Explosion": 1024, "Lumra, Bellow of the Woods": 1284, "Maestros Theater": 1295, "Nissa, Resurgent Animist": 1448, "Riveteers Overlook": 1750, "Shigeki, Jukai Visionary": 1900, "Spelunking": 2008, "Virtue of Strength": 2399, "Worldsoul's Rage": 2499, "Aegis Turtle_SB": 41, "Three Steps Ahead_SB": 2228, "Up the Beanstalk_SB": 2353, "Agatha's Soul Cauldron": 55, "Burnout Bashtronaut": 273, "Conspicuous Snoop": 427, "Draconautics Engineer": 588, "Fanatical Firebrand": 743, "Hobgoblin Bandit Lord": 993, "Howlsquad Heavy": 1014, "Krenko, Mob Boss": 1179, "Goblin Chainwhirler_SB": 891, "Roast_SB": 1754, "Anoint with Affliction": 88, "Borrowed Hostility": 238, "Built to Smash": 269, "Fireblade Charger": 785, "Thud": 2234, "Titan's Strength": 2251, "Turn Inside Out": 2297, "Wayward Guide-Beast": 2449, "Dreadmaw's Ire_SB": 605, "End the Festivities_SB": 675, "Kari Zev's Expertise_SB": 1113, "Light Up the Stage_SB": 1231, "Obosh, the Preypiercer_SB": 1483, "Voldaren Thrillseeker_SB": 2420, "Cryptic Coat": 465, "Darksteel Citadel": 490, "Ensoul Artifact": 683, "Fearless Swashbuckler": 756, "Gastal Thrillroller": 839, "Inti, Seneschal of the Sun": 1053, "Legion Extruder": 1210, "Shrapnel Blast": 1912, "Smuggler's Copter": 1962, "Voldaren Epicure": 2418, "Burst Lightning_SB": 275, "Shadowspear_SB": 1876, "Voltage Surge_SB": 2422, "Experimental Augury": 713, "Jace Reawakened": 1080, "Malcolm, Alluring Scoundrel": 1307, "Nashi, Searcher in the Dark": 1429, "Valki, God of Lies": 2369, "Blooming Marsh": 217, "Cauldron Familiar": 324, "Claim the Firstborn": 376, "Deadly Dispute": 500, "Mayhem Devil": 1337, "Scavenger's Talent": 1815, "Witch's Oven": 2483, "Ygra, Eater of All": 2513, "Haywire Mite_SB": 947, "The Meathook Massacre": 2192, "Ghost Vacuum_SB": 854, "Kaito, Bane of Nightmares_SB": 1106, "Screaming Nemesis_SB": 1832, "Cache Grab": 281, "Concealed Courtyard": 414, "Dredger's Insight": 613, "Esika's Chariot": 695, "Glissa Sunslayer": 881, "Greasefang, Okiba Boss": 907, "Honest Rutstein": 996, "Overlord of the Balemurk": 1532, "Parhelion II": 1547, "Raffine's Informant": 1635, "Razorverge Thicket": 1668, "Temple Garden": 2143, "Thundering Broodwagon": 2237, "Valor's Flagship": 2374, "Abrupt Decay_SB": 26, "Knight of Autumn_SB": 1158, "Temporary Lockdown_SB": 2155, "Vanishing Verse_SB": 2381, "Cavalier of Thorns": 332, "Elvish Mystic": 660, "Invasion of Ixalan": 1063, "Kiora, Behemoth Beckoner": 1147, "Lair of the Hydra": 1192, "Llanowar Elves": 1261, "Nykthos, Shrine to Nyx": 1475, "Oath of Nissa": 1479, "Old-Growth Troll": 1492, "Outcaster Trailblazer": 1526, "Storm the Festival": 2053, "Ulvenwald Oddity": 2317, "Wolfwillow Haven": 2496, "Cityscape Leveler_SB": 373, "Monstrous Emergence_SB": 1386, "Pithing Needle_SB": 1583, "The Mightstone and Weakstone_SB": 2195, "The Stone Brain_SB": 2206, "Tranquil Frillback_SB": 2279, "Wicked Wolf_SB": 2470, "Waste Not_SB": 2444, "Get Lost": 847, "Graveyard Trespasser": 905, "Brass's Tunnel-Grinder": 248, "Immersturm Raider": 1028, "Malakir Rebirth": 1306, "Savai Triome": 1806, "Shattered Sanctum": 1888, "Sundown Pass": 2083, "The Filigree Sylex_SB": 2186, "Questing Druid": 1625, "Castle Ardenvale": 314, "Deserted Beach": 542, "Farewell": 745, "Floodfarm Verge": 800, "Hallowed Moonlight": 934, "Irrigated Farmland": 1072, "Meticulous Archive": 1354, "Change the Equation_SB": 364, "Destroy Evil_SB": 546, "Dovin's Veto_SB": 587, "Farewell_SB": 746, "High Noon_SB": 987, "Narset, Parter of Veils_SB": 1428, "Bitter Triumph_SB": 190, "Go Blank_SB": 887, "Keen-Eyed Curator": 1131, "Polukranos Reborn": 1592, "Tribute to the World Tree": 2293, "Tyvar, the Pummeler": 2309, "Webstrike Elite": 2457, "Werewolf Pack Leader": 2466, "Heroic Intervention_SB": 980, "Inscription of Abundance_SB": 1045, "Tormod's Crypt_SB": 2267, "Aven Interrupter": 136, "Branchloft Pathway": 246, "Brushland": 265, "Enduring Innocence": 679, "Knight of Autumn": 1157, "Voice of Resurgence": 2408, "Werefox Bodyguard": 2464, "Brutal Cathar_SB": 267, "Dromoka's Command_SB": 617, "Guardian of Faith_SB": 922, "The Wandering Emperor_SB": 2208, "Werefox Bodyguard_SB": 2465, "Rockface Village": 1757, "Slickshot Show-Off": 1956, "Claim // Fame_SB": 375, "Ob Nixilis, the Adversary_SB": 1481, "Ray of Enfeeblement_SB": 1663, "Torpor Orb_SB": 2268, "Elspeth's Smite": 654, "Glacial Fortress": 873, "Jwari Disruption": 1101, "Temporary Lockdown": 2154, "Archon of Emeria_SB": 106, "Elspeth's Smite_SB": 655, "Kutzil's Flanker_SB": 1189, "Starnheim Unleashed_SB": 2034, "Elite Spellbinder_SB": 651, "Ossification_SB": 1519, "Yahenni's Expertise": 2508, "Ashiok, Nightmare Muse_SB": 118, "Indomitable Creativity": 1038, "Prismari Command": 1605, "Riverpyre Verge": 1749, "Temple of Epiphany": 2147, "Unable to Scream": 2320, "Valgavoth, Terror Eater": 2366, "Shark Typhoon_SB": 1886, "Sire of Insanity_SB": 1931, "Test of Talents_SB": 2161, "Invoke Despair": 1068, "Commit // Memory_SB": 410, "Snakeskin Veil": 1966, "Questing Druid_SB": 1626, "Stern Dismissal": 2039, "Demilich_SB": 527, "Ledger Shredder_SB": 1207, "Banefire": 151, "The World Tree": 2212, "Koma, Cosmos Serpent_SB": 1170, "Flicker of Fate": 798, "Nylea's Presence": 1477, "Warping Wail_SB": 2440, "Brightclimb Pathway": 255, "Kroxa, Titan of Death's Hunger": 1181, "Skysovereign, Consul Flagship": 1950, "Vanishing Verse": 2380, "Reckoner Bankbuster_SB": 1681, "Gleaming Geardrake": 878, "Memory Guardian": 1346, "Settle the Wreckage_SB": 1869, "Sunfall": 2084, "Ancestral Anger": 75, "Expedite": 709, "Leyline of Resonance": 1220, "Might of the Meek": 1356, "Skullcrack_SB": 1941, "Soul-Guide Lantern_SB": 1991, "Twisted Fealty_SB": 2303, "Darkbore Pathway": 488, "Llanowar Wastes": 1263, "Sheoldred's Edict_SB": 1896, "Heartless Act_SB": 958, "Kellan, Daring Traveler": 1134, "Liliana, the Last Hope_SB": 1251, "Chandra, Dressed to Kill_SB": 357, "Kutzil's Flanker": 1188, "Overlord of the Boilerbilges": 1534, "Progenitor Mimic": 1610, "Pest Control_SB": 1563, "Blot Out_SB": 223, "Fry_SB": 829, "Emrakul, the Promised End": 671, "Hostile Hostel": 1010, "Leyline of the Guildpact": 1224, "Keen-Eyed Curator_SB": 1132, "Obstinate Baloth_SB": 1485, "Scrapshooter_SB": 1829, "Steel Seraph": 2038, "Weathered Runestone_SB": 2455, "Hidetsugu Consumes All": 982, "Legion's Landing": 1215, "Nurturing Pixie": 1473, "Optimistic Scavenger": 1511, "Treacherous Blessing": 2286, "Skyclave Apparition_SB": 1944, "Back to Nature_SB": 143, "Archdruid's Charm": 101, "Bala Ged Recovery": 145, "Dark Petition": 485, "Emergent Ultimatum": 667, "Fae of Wishes": 736, "Hidden Strings": 981, "Lier, Disciple of the Drowned": 1227, "Lotus Field": 1278, "Lush Portico": 1287, "Mana Confluence": 1309, "Nine Lives": 1442, "Omniscience": 1503, "Path of Peril": 1552, "Pore Over the Pages": 1594, "Soul Partition": 1986, "Strict Proctor": 2065, "Sylvan Scrying": 2119, "Thespian's Stage": 2213, "Vizier of Tumbling Sands": 2406, "Approach of the Second Sun_SB": 94, "Dragonlord Dromoka_SB": 592, "Emergent Ultimatum_SB": 668, "Leyline of Sanctity_SB": 1221, "Silence_SB": 1917, "Solemnity_SB": 1977, "Soul Partition_SB": 1987, "Zacama, Primal Calamity_SB": 2523, "Gifted Aetherborn": 865, "Murderous Rider": 1408, "Sign in Blood": 1916, "Barrier Breach_SB": 158, "Blacksmith's Talent": 192, "Chainsaw": 347, "Colossus Hammer": 405, "Fighter Class": 779, "Flowerfoot Swordmaster": 804, "Mabel, Heir to Cragflame": 1289, "Shadowspear": 1875, "Sigarda's Aid": 1915, "Chainsaw_SB": 348, "Deafening Clarion_SB": 503, "Nettle Guard_SB": 1439, "Surge of Salvation_SB": 2104, "Sword of Forge and Frontier_SB": 2116, "Beza, the Bounding Spring": 177, "Split Up": 2020, "Stock Up": 2045, "Enduring Curiosity_SB": 678, "Heliod's Intervention_SB": 962, "Kaheera, the Orphanguard_SB": 1103, "Supreme Verdict_SB": 2100, "Champion of the Perished": 350, "Cryptbreaker": 462, "Dark Salvation": 487, "Dread Wanderer": 601, "Relentless Dead": 1701, "Unstoppable Slasher": 2347, "Wayward Servant": 2450, "Zahur, Glory's Past": 2526, "Crippling Fear_SB": 456, "Abhorrent Oculus": 21, "Ketramose, the New Dawn": 1142, "Ride's End": 1734, "Scrabbling Claws": 1825, "Shadowy Backstreet": 1877, "Tainted Indulgence": 2125, "Glasspool Mimic": 876, "Jetmir's Garden": 1092, "Phyrexian Censor": 1569, "Sunbillow Verge": 2080, "Titan of Industry": 2249, "Ziatora's Proving Ground": 2529, "Nimble Larcenist_SB": 1441, "Commune with Dinosaurs": 412, "Ghalta, Primal Hunger": 851, "Marauding Raptor": 1316, "Pugnacious Hammerskull": 1614, "Rampaging Raptor": 1653, "Regal Imperiosaur": 1696, "Regisaur Alpha": 1697, "Ripjaw Raptor": 1738, "Rampaging Ferocidon_SB": 1652, "Memory Deluge_SB": 1345, "Plaza of Heroes": 1590, "Kolaghan's Command_SB": 1169, "Experimental Synthesizer": 716, "Light Up the Stage": 1230, "Skewer the Critics": 1934, "Roiling Vortex_SB": 1762, "Violent Urge_SB": 2394, "Emeria's Call": 669, "Youthful Valkyrie": 2520, "Bishop of Wings": 186, "Resplendent Angel": 1716, "Giada, Font of Hope": 858, "Kayla's Reconstruction": 1127, "Righteous Valkyrie": 1736, "Boon of Boseiju": 235, "Aven Interrupter_SB": 137, "Authority of the Consuls_SB": 135, "Reidane, God of the Worthy_SB": 1698, "Polukranos Reborn_SB": 1593, "Setessan Petitioner_SB": 1867, "Tail Swipe_SB": 2124, "Esika's Chariot_SB": 696, "Brutal Cathar": 266, "Containment Priest": 431, "Dauntless Bodyguard": 491, "Giant Killer": 860, "Kytheon, Hero of Akros": 1191, "Luminarch Aspirant": 1283, "Sheltered by Ghosts": 1893, "Soulstone Sanctuary": 1998, "Spark Double": 2000, "Trumpeting Carnosaur": 2295, "Greater Tanuki": 910, "Spinewoods Armadillo": 2013, "Beanstalk Giant": 167, "Release to the Wind": 1700, "Quintorius Kand": 1630, "Virtue of Persistence": 2397, "Ketria Triome": 1144, "Keruga, the Macrosage_SB": 1141, "Takenuma, Abandoned Mire_SB": 2127, "Colossal Skyturtle_SB": 403, "Horned Loch-Whale_SB": 1006, "Swamp_SB": 2110, "Gyruda, Doom of Depths_SB": 927, "Thought Distortion_SB": 2220, "Consign // Oblivion_SB": 426, "Ledger Shredder": 1206, "Thundering Falls": 2238, "Nylea's Intervention_SB": 1476, "Arasta of the Endless Web_SB": 97, "Emrakul, the Promised End_SB": 672, "Bonny Pall, Clearcutter_SB": 233, "Roxanne, Starfall Savant_SB": 1767, "Bard Class": 156, "Commune with Spirits": 413, "Domri, Anarch of Bolas": 578, "Gallia of the Endless Dance": 835, "Goro-Goro, Disciple of Ryusei": 900, "Hajar, Loyal Bodyguard": 928, "Itzquinth, Firstborn of Gishath": 1078, "Kari Zev, Skyship Raider": 1114, "Klothys, God of Destiny": 1155, "Migloz, Maze Crusher": 1357, "Radha, Heart of Keld": 1632, "Redshift, Rocketeer Chief": 1689, "Rockfall Vale": 1758, "Ruby, Daring Tracker": 1770, "Samut, Vizier of Naktamun": 1794, "Alpine Moon_SB": 68, "Silverback Elder": 1922, "Elesh Norn, Mother of Machines": 647, "Wakeroot Elemental": 2431, "Tyrranax Rex_SB": 2305, "Dream Trawler": 606, "Pillage the Bog": 1577, "Sunfall_SB": 2085, "Roaring Furnace // Steaming Sauna_SB": 1753, "Bloodletter of Aclazotz": 214, "Haunted Ridge": 944, "Unholy Annex // Ritual Chamber_SB": 2337, "Bladehold War-Whip": 194, "Fervent Champion": 768, "Kazuul's Toll Collector": 1130, "Kellan, the Fae-Blooded": 1136, "Kemba, Kha Enduring": 1137, "Lavaspur Boots": 1198, "Leyline Axe": 1216, "Swiftfoot Boots": 2114, "Loran of the Third Path_SB": 1271, "Case of the Gateway Express": 310, "Gleeful Demolition": 879, "Imodane's Recruiter": 1030, "Knight-Errant of Eos": 1164, "Novice Inspector": 1466, "Resolute Reinforcements": 1714, "Thraben Inspector": 2226, "Venerated Loxodon": 2386, "Fiery Temper": 777, "Flameblade Adept": 791, "Footfall Crater": 810, "Highway Robbery": 988, "Marauding Mako": 1315, "Maximize Velocity": 1336, "Monument to Endurance": 1389, "Ox of Agonas": 1540, "Birgi, God of Storytelling_SB": 185, "Lightning Axe_SB": 1236, "Skycrash_SB": 1946, "Sunspine Lynx_SB": 2096, "Kayla's Reconstruction_SB": 1128, "Oildeep Gearhulk": 1489, "Oildeep Gearhulk_SB": 1490, "Arboreal Grazer": 98, "Behold the Beyond": 172, "Impulse": 1033, "Mastermind's Acquisition": 1333, "Temple of Mystery": 2150, "Yavimaya Coast": 2512, "Expedition Map_SB": 711, "Grand Abolisher_SB": 904, "Nine Lives_SB": 1443, "Stock Up_SB": 2046, "Voyaging Satyr_SB": 2424, "Rottenmouth Viper": 1766, "Get Out_SB": 850, "Grim Bauble_SB": 914, "Dawnbringer Cleric_SB": 493, "Beacon Bolt_SB": 166, "Witchstalker Frenzy_SB": 2485, "Boltwave": 227, "Boros Charm": 236, "Clockwork Percussionist": 387, "Eidolon of the Great Revel": 634, "Searing Blood": 1842, "Skullcrack": 1940, "Viashino Pyromancer": 2389, "Deflecting Palm_SB": 521, "Brightglass Gearhulk": 256, "Haywire Mite": 946, "Skrelv, Defector Mite": 1938, "Wrenn and Realmbreaker": 2502, "Shardmage's Rescue_SB": 1884, "Behold the Multiverse": 173, "Expedition Map": 710, "Depopulate_SB": 537, "Unsubstantiate_SB": 2348, "Defiant Strike": 520, "Illuminator Virtuoso": 1027, "Samut's Sprint": 1793, "Case of the Crimson Pulse_SB": 309, "Gods Willing_SB": 896, "Knight of Grace_SB": 1161, "Wear // Tear_SB": 2452, "Sentinel of the Nameless City_SB": 1861, "Caustic Bronco_SB": 326, "Entity Tracker": 685, "Omen of the Dead_SB": 1496, "Lightning Strike": 1239, "Sunspine Lynx": 2095, "Witchstalker Frenzy": 2484, "Lithomantic Barrage_SB": 1259, "Mutavault_SB": 1411, "Razorkin Needlehead_SB": 1667, "Triton Shorestalker": 2294, "Archfiend of the Dross_SB": 104, "Tishana's Tidebinder_SB": 2248, "Lost Jitte": 1275, "Shardmage's Rescue": 1883, "Chandra's Defeat_SB": 352, "Narset's Reversal_SB": 1426, "Ancient Cornucopia": 77, "Bring to Light": 259, "Deafening Clarion": 502, "Elenda, Saint of Dusk": 645, "Hostage Taker": 1009, "Kolaghan's Command": 1168, "Lightning Helix": 1237, "Maelstrom Pulse": 1292, "Niv-Mizzet Reborn": 1452, "Niv-Mizzet, Supreme": 1455, "Omnath, Locus of Creation": 1500, "Raugrin Triome": 1662, "Sylvan Caryatid": 2118, "Unmoored Ego": 2345, "Xander's Lounge": 2504, "Casualties of War_SB": 319, "Kambal, Consul of Allocation_SB": 1111, "Klothys, God of Destiny_SB": 1156, "Call of the Death-Dweller": 286, "Kaito, Cunning Infiltrator": 1107, "Ornithopter": 1516, "Satoru, the Infiltrator": 1803, "Silver-Fur Master": 1921, "Mukotai Ambusher_SB": 1404, "Bloodchief's Thirst": 211, "Bloodchief's Thirst_SB": 212, "Chandra, Awakened Inferno_SB": 355, "Combat Research": 406, "Lazav, Wearer of Faces": 1202, "Lively Dirge": 1260, "Medomai the Ageless": 1342, "Mox Amber": 1399, "Raffine, Scheming Seer": 1637, "Elenda, Saint of Dusk_SB": 646, "Thalia, Guardian of Thraben_SB": 2167, "Thalia, Heretic Cathar_SB": 2169, "Urza's Ruinous Blast_SB": 2362, "Archfiend of the Dross": 103, "Valakut Awakening": 2363, "Wish": 2482, "Fiery Impulse_SB": 776, "Galvanic Iteration_SB": 837, "Into the Flood Maw_SB": 1057, "Lier, Disciple of the Drowned_SB": 1228, "Niv-Mizzet, Parun_SB": 1454, "Momentum Breaker_SB": 1382, "Lotus Cobra": 1277, "Fires of Victory_SB": 788, "Kappa Tech-Wrecker": 1112, "Anointed Peacekeeper": 90, "Guardian of Faith": 921, "Gods Willing": 895, "Showdown of the Skalds_SB": 1911, "Riptide Gearhulk": 1740, "Eidolon of the Great Revel_SB": 635, "Saheeli, Sublime Artificer_SB": 1789, "Elder Gargaroth": 639, "Fires of Invention": 786, "Heliod, the Radiant Dawn": 966, "Kenrith, the Returned King": 1139, "Marina Vendrell": 1324, "Roaring Furnace // Steaming Sauna": 1752, "Tolsimir, Friend to Wolves": 2257, "Touch the Spirit Realm": 2271, "Krenko's Buzzcrusher_SB": 1178, "Quick Study": 1627, "Culling Ritual": 470, "Culling Ritual_SB": 471, "Notion Thief_SB": 1463, "Chandra, Torch of Defiance_SB": 362, "Crackling Drake_SB": 447, "Proft's Eidetic Memory_SB": 1609, "Elegant Parlor": 643, "Ketramose, the New Dawn_SB": 1143, "Kumena's Speaker": 1184, "Traverse the Ulvenwald": 2285, "Witherbloom Command": 2487, "Glissa Sunslayer_SB": 882, "Gather Courage": 841, "Gather Courage_SB": 842, "Nahiri, Forged in Fury": 1419, "Arid Archway": 108, "Castle Garenbrig": 316, "Festering Gulch": 769, "Iridescent Vinelasher": 1071, "Port of Karfell": 1596, "Underground Mortuary": 2328, "Elder Gargaroth_SB": 640, "Fog_SB": 808, "Carnage Tyrant": 299, "Nahiri, the Unforgiving_SB": 1424, "Magma Opus": 1301, "Castle Embereth": 315, "Hired Claw": 990, "Zurgo Bellstriker": 2536, "Kozilek's Return_SB": 1175, "Adarkar Wastes": 36, "Mausoleum Wanderer": 1335, "Rattlechains": 1658, "Spell Queller": 2006, "Supreme Phantom": 2098, "Katilda, Dawnhart Martyr": 1117, "Slip Out the Back": 1958, "Split Up_SB": 2021, "Zoetic Glyph": 2532, "Stubborn Denial": 2068, "Sweltering Suns_SB": 2113, "The Akroan War_SB": 2175, "Basilisk Collar_SB": 161, "Silvergill Adept": 1923, "Tithing Blade": 2253, "Bitter Reunion": 188, "Case of the Stashed Skeleton": 312, "Big Score": 179, "Vampires' Vengeance": 2377, "Raucous Theater": 1661, "Brotherhood's End": 262, "Zombify": 2533, "Worldspine Wurm_SB": 2501, "Etali, Primal Conqueror_SB": 703, "Xenagos, God of Revels_SB": 2506, "Fortified Beachhead": 817, "Declaration in Stone": 512, "Thalia, Heretic Cathar": 2168, "Reflector Mage": 1691, "Extraction Specialist_SB": 724, "Zephyr Sentinel_SB": 2527, "Anointed Peacekeeper_SB": 91, "Caves of Koilos": 335, "Restless Fortress": 1721, "Ruin-Lurker Bat": 1772, "Healer's Hawk": 954, "Essence Channeler": 698, "Voice of the Blessed": 2412, "Exemplar of Light": 707, "Linden, the Steadfast Queen": 1254, "Leyline of Hope": 1219, "Authority of the Consuls": 134, "Case of the Uneaten Feast": 313, "Scoured Barrens": 1823, "Rogue's Passage": 1759, "Dewdrop Cure": 551, "Lunarch Veteran": 1285, "Declaration in Stone_SB": 513, "Crystal Barricade_SB": 468, "Fateful Absence_SB": 750, "Afterburner Expert": 50, "Omnivorous Flytrap": 1504, "Agatha's Soul Cauldron_SB": 56, "Feather, the Redeemed": 757, "Clifftop Retreat": 384, "Dreadmaw's Ire": 604, "Light of Hope_SB": 1233, "Loran's Escape_SB": 1273, "Feather, the Redeemed_SB": 758, "Can't Stay Away": 291, "Grisly Salvage": 916, "Collective Brutality": 395, "Faithful Mending": 740, "Kiora, the Rising Tide": 1148, "Pest Control": 1562, "Dream Trawler_SB": 607, "Teferi, Hero of Dominaria_SB": 2141, "Void Rend_SB": 2414, "Adorned Pouncer": 38, "Arahbo, the First Fang": 96, "Brave the Elements": 249, "Lion Sash": 1257, "Open the Armory": 1507, "Roadside Reliquary": 1751, "Sacred Cat": 1785, "Skyknight Squire": 1947, "Sword of Forge and Frontier": 2115, "Ox of Agonas_SB": 1541, "Prosperous Thief": 1612, "Satoru Umezawa": 1802, "High Noon": 986, "Hullbreaker Horror_SB": 1016, "Twinshot Sniper": 2301, "Keruga, the Macrosage": 1140, "Clever Impersonator": 381, "Unmoored Ego_SB": 2346, "Agent of Treachery_SB": 57, "Twinshot Sniper_SB": 2302, "Kalitas, Traitor of Ghet": 1109, "Cling to Dust_SB": 386, "Anzrag, the Quake-Mole": 92, "Temple of Abandon": 2144, "Cindervines_SB": 371, "Ghitu Lavarunner": 852, "Wizard's Lightning": 2492, "Count on Luck_SB": 444, "Tamiyo's Safekeeping": 2129, "Tear Asunder": 2137, "Blot Out": 222, "Scrapshooter": 1828, "Questing Beast": 1623, "Thrun, Breaker of Silence": 2232, "Nissa, Ascended Animist": 1446, "Tyrranax Rex": 2304, "Cityscape Leveler": 372, "Nissa, Ascended Animist_SB": 1447, "Shifting Ceratops_SB": 1899, "Hornet Queen_SB": 1008, "Play with Fire_SB": 1589, "Exquisite Firecraft_SB": 718, "Searing Blood_SB": 1843, "Cry of the Carnarium": 459, "Ghost Vacuum": 853, "Kaya, Orzhov Usurper": 1125, "Soul-Guide Lantern": 1990, "The End": 2182, "Calamity's Wake_SB": 284, "Devout Decree_SB": 550, "Exorcise_SB": 708, "Legion's End_SB": 1214, "Get Out": 849, "Restless Reef": 1723, "Tinybones Joins Up": 2243, "Harvester of Misery_SB": 942, "Intimidation Tactics_SB": 1055, "Out of Air_SB": 1524, "Spontaneous Mutation_SB": 2022, "Gilded Goose": 867, "Vinereap Mentor": 2392, "Vraska, Golgari Queen": 2427, "Aclazotz, Deepest Betrayal": 32, "Shambling Vent": 1880, "Bonecrusher Giant_SB": 232, "Fable of the Mirror-Breaker_SB": 728, "Painter's Studio // Defaced Gallery": 1543, "Chance for Glory_SB": 351, "Magmatic Chasm_SB": 1302, "Requisition Raid_SB": 1711, "Shrapnel Blast_SB": 1913, "Untimely Malfunction_SB": 2350, "Sorin, Vengeful Bloodlord_SB": 1984, "Thassa's Oracle_SB": 2171, "Exquisite Firecraft": 717, "Raucous Carnival": 1660, "Curse of Shaken Faith_SB": 475, "Heartless Act": 957, "Targ Nar, Demon-Fang Gnoll": 2134, "Kellan, Planar Trailblazer": 1135, "Norin, Swift Survivalist": 1460, "Altanak, the Thrice-Called": 70, "Cathartic Pyre": 322, "Tireless Tracker_SB": 2246, "Titania, Voice of Gaea_SB": 2252, "Doppelgang_SB": 585, "Kiora's Follower": 1146, "Merfolk Mistbinder": 1347, "Merfolk Trickster_SB": 1348, "Mockingbird_SB": 1375, "Fading Hope_SB": 735, "Smuggler's Copter_SB": 1963, "Beseech the Mirror": 175, "Mosswood Dreadknight": 1396, "Lovestruck Beast": 1280, "Debris Beetle": 509, "Mystic Repeal_SB": 1416, "Epic Downfall_SB": 689, "Long Goodbye_SB": 1267, "Tune Up": 2296, "Sunset Revelry_SB": 2092, "Builder's Talent": 268, "Caretaker's Talent": 298, "Sunder the Gateway": 2081, "Vaultborn Tyrant": 2383, "Nullhide Ferox_SB": 1472, "Skysovereign, Consul Flagship_SB": 1951, "Cavalier of Flame": 331, "Drowned Catacomb": 619, "Sunpetal Grove": 2089, "Woodland Cemetery": 2498, "Inspiring Overseer": 1049, "Kitsa, Otterball Elite": 1154, "Retraction Helix": 1727, "Rona, Herald of Invasion": 1763, "Valley Floodcaller": 2371, "Abhorrent Oculus_SB": 22, "Floodpits Drowner_SB": 802, "Loran's Escape": 1272, "Blessed Defiance_SB": 200, "Prosperous Innkeeper": 1611, "Reckless Stormseeker": 1679, "Rocketeer Boostbuggy": 1756, "The Akroan War": 2174, "Bladestitched Skaab": 195, "Lazotep Reaver": 1205, "Rotten Reunion_SB": 1765, "The Scarab God_SB": 2202, "Jace, Wielder of Mysteries_SB": 1084, "Enduring Tenacity_SB": 681, "Enduring Innocence_SB": 680, "Cruelclaw's Heist_SB": 457, "Knight of Grace": 1160, "Dreadhorde Arcanist_SB": 603, "Swan Song_SB": 2111, "Chandra, Spark Hunter_SB": 360, "Overgrown Farmland": 1530, "Skyclave Cleric": 1945, "Ajani, Strength of the Pride_SB": 61, "Growth Spiral": 917, "Ill-Timed Explosion_SB": 1025, "Witness Protection_SB": 2491, "Gideon of the Trials": 862, "Mazemind Tome": 1339, "Gifted Aetherborn_SB": 866, "Tasigur, the Golden Fang": 2136, "Collector's Cage": 398, "Dusk Rose Reliquary": 627, "Sandstorm Salvager": 1799, "Giant Killer_SB": 861, "Bomat Courier": 228, "Phoenix Chick": 1566, "Azor, the Lawbringer_SB": 142, "Tocasia's Welcome_SB": 2256, "Etali, Primal Conqueror": 702, "Oath of Kaya": 1478, "The Scarab God": 2201, "Radiant Flames_SB": 1633, "Deep-Cavern Bat": 515, "Gix's Command_SB": 871, "Sorin the Mirthless_SB": 1983, "Mortify": 1394, "Day of Judgment_SB": 495, "Kaya, Orzhov Usurper_SB": 1126, "Doom Foretold": 579, "Nine-Lives Familiar": 1444, "Rite of Oblivion": 1743, "Starfield of Nyx": 2033, "Kaya's Wrath_SB": 1124, "Necromentia_SB": 1432, "Bloodghast": 213, "Creeping Chill": 455, "Narcomoeba": 1425, "Otherworldly Gaze": 1523, "Prized Amalgam": 1607, "Say Its Name": 1808, "Silversmote Ghoul": 1924, "Stitcher's Supplier": 2044, "Tome Scour": 2259, "Tear Asunder_SB": 2138, "Day's Undoing": 496, "Fog": 807, "Gaea's Blessing": 833, "Haze of Pollen": 948, "Jace, the Perfected Mind": 1085, "Tamiyo, Collector of Tales": 2131, "Union of the Third Path": 2338, "Winds of Qal Sisma": 2479, "Carnage Tyrant_SB": 300, "Castle Vantress": 318, "Deadly Cover-Up_SB": 499, "Drannith Ruins": 599, "Agadeem's Awakening": 53, "Thought-Knot Seer": 2221, "Wasteland Strangler": 2445, "Phyrexian Fleshgorger": 1572, "Ifnir Deadlands": 1023, "Bearer of Silence": 168, "Knight of the Ebon Legion": 1162, "Caustic Bronco": 325, "Reality Smasher_SB": 1669, "Sublime Epiphany": 2070, "Confounding Riddle": 421, "Negate": 1436, "Torrential Gearhulk": 2269, "Ral, Izzet Viceroy_SB": 1648, "Fuel the Flames": 830, "Valgavoth, Terror Eater_SB": 2367, "Make Disappear_SB": 1304, "Unchained Berserker_SB": 2323, "Forsaken Miner": 815, "Rubblebelt Maverick": 1769, "Priest of Forgotten Gods": 1604, "Satyr Wayfinder": 1804, "Scrapheap Scrounger": 1827, "Necrotic Wound": 1433, "Squirming Emergence": 2027, "Insidious Roots": 1048, "Tyvar, Jubilant Brawler": 2308, "Necrotic Wound_SB": 1434, "Boseiju, Who Endures_SB": 240, "Souls of the Lost_SB": 1997, "Blast Zone": 196, "Shoot the Sheriff_SB": 1907, "Turntimber Symbiosis": 2298, "Graf Reaver_SB": 902, "Kraul Whipcracker_SB": 1176, "Reclamation Sage_SB": 1682, "Camellia, the Seedmiser": 289, "Maelstrom Pulse_SB": 1293, "Acererak the Archlich": 31, "Gwenna, Eyes of Gaea": 926, "Relic of Legends": 1702, "Fear of Impostors": 752, "Riptide Chimera": 1739, "Fear of Impostors_SB": 753, "Eldrazi Displacer": 641, "Fleecemane Lion": 793, "Witchstalker_SB": 2486, "Optimistic Scavenger_SB": 1512, "Omen of the Dead": 1495, "Dive Down_SB": 575, "Nahiri, the Harbinger": 1421, "Yasharn, Implacable Earth": 2509, "Felonious Rage": 766, "Molten Collapse": 1377, "Lavinia, Azorius Renegade_SB": 1200, "Selfless Glyphweaver_SB": 1857, "Yasharn, Implacable Earth_SB": 2510, "Surge of Salvation": 2103, "Concealing Curtains": 416, "The End_SB": 2183, "Blood Spatter Analysis": 210, "Soul-Scar Mage_SB": 1993, "Metallic Rebuke": 1350, "Regal Bunnicorn": 1694, "Simulacrum Synthesizer": 1926, "Cryptic Coat_SB": 466, "Metallic Rebuke_SB": 1351, "Demonic Bargain": 531, "Molten Collapse_SB": 1378, "Korvold, Fae-Cursed King": 1171, "Trail of Crumbs": 2276, "Korvold, Fae-Cursed King_SB": 1172, "Outland Liberator_SB": 1527, "Osseous Sticktwister": 1517, "Dive Down": 574, "Jace Reawakened_SB": 1081, "March of Swirling Mist_SB": 1320, "Blessed Defiance": 199, "Homestead Courage": 995, "Alrund's Epiphany": 69, "Commercial District": 408, "Dryad of the Ilysian Grove": 620, "Escape to the Wilds": 693, "Hedge Maze": 959, "Loot, the Pathfinder": 1269, "Nissa, Who Shakes the World": 1451, "Obliterating Bolt_SB": 1482, "Guardian of New Benalia": 923, "Phyrexian Dragon Engine": 1571, "Recommission": 1683, "Seasoned Hallowblade": 1844, "The Mycosynth Gardens": 2196, "Burning Earth_SB": 271, "Monument to Endurance_SB": 1390, "Fugitive Codebreaker": 831, "Tears of Valakut_SB": 2139, "Herd Migration": 975, "Bedeck // Bedazzle_SB": 170, "Cease // Desist_SB": 337, "Languish_SB": 1195, "Cathar Commando_SB": 321, "Consign // Oblivion": 425, "Chandra, Torch of Defiance": 361, "Portal to Phyrexia_SB": 1600, "Adanto Vanguard": 34, "Favored Hoplite": 751, "Flowstone Infusion": 805, "Sejiri Shelter": 1855, "Tenth District Legionnaire": 2158, "Adanto Vanguard_SB": 35, "Elspeth, Sun's Champion_SB": 658, "Invasion of New Phyrexia_SB": 1064, "Clifftop Lookout": 383, "Dreamdew Entrancer": 608, "Dreamroot Cascade": 609, "Fecund Greenshell": 759, "Insidious Fungus": 1046, "Kitesail Larcenist": 1152, "Loot, Exuberant Explorer": 1268, "Risen Reef": 1742, "Tangled Florahedron": 2133, "Healer of the Glade_SB": 953, "Tale's End_SB": 2128, "Wilt_SB": 2478, "Ashiok, Wicked Manipulator": 120, "Dreams of Steel and Oil": 611, "Blood Baron of Vizkopa_SB": 208, "Elspeth Conquers Death_SB": 653, "Gisa, the Hellraiser_SB": 870, "Ride's End_SB": 1735, "Omen of the Sun": 1498, "Omen of the Sun_SB": 1499, "Monastery Mentor": 1383, "Seeker of the Way_SB": 1852, "Experimental Confectioner": 714, "Quag Feast": 1619, "Commence the Endgame_SB": 407, "Siphon Insight_SB": 1930, "Embercleave": 663, "Forbidden Friendship": 811, "Snow-Covered Mountain": 1970, "Spire of Industry": 2014, "Case of the Gateway Express_SB": 311, "Collective Effort_SB": 397, "Forge Devil_SB": 814, "Perilous Snare_SB": 1561, "Redcap Melee": 1686, "Enduring Courage": 676, "Beseech the Mirror_SB": 176, "Carrot Cake": 301, "Day of Judgment": 494, "Lay Down Arms": 1201, "Ossification": 1518, "The Birth of Meletis": 2177, "Serra Paragon_SB": 1865, "Calix, Guided by Fate": 285, "Jukai Naturalist": 1099, "Restless Prairie": 1722, "Royal Treatment": 1768, "Setessan Champion": 1866, "Spirited Companion": 2019, "Trapped in the Screen": 2282, "Virtue of Loyalty": 2396, "Weaver of Harmony": 2456, "Ghostly Dancers_SB": 856, "Trapped in the Screen_SB": 2283, "Cryptolith Rite": 467, "Young Pyromancer_SB": 2519, "Bottomless Pool // Locker Room": 243, "Bottomless Pool // Locker Room_SB": 244, "Eidolon of Blossoms": 631, "Eidolon of Blossoms_SB": 632, "Seal from Existence_SB": 1837, "Nowhere to Run_SB": 1468, "Lightning Strike_SB": 1240, "Knockout Blow": 1165, "No More Lies_SB": 1458, "Hidetsugu's Second Rite": 984, "Hidetsugu's Second Rite_SB": 985, "Serra Paragon": 1864, "Lightning Helix_SB": 1238, "Ob Nixilis, the Adversary": 1480, "Incubation Druid": 1036, "Interplanar Beacon": 1052, "Kaya the Inexorable": 1121, "Mistrise Village": 1371, "Nicol Bolas, Dragon-God": 1440, "Ral Zarek": 1644, "Sab-Sunen, Luxa Embodied": 1784, "Tamiyo, Field Researcher": 2132, "Vraska, Betrayal's Sting": 2426, "Kunoros, Hound of Athreos_SB": 1186, "Soulless Jailer_SB": 1996, "Qarsi Revenant": 1617, "Qarsi Revenant_SB": 1618, "Dragonfire Blade": 591, "Lavaspur Boots_SB": 1199, "Descendant of Storms": 541, "Cease // Desist": 336, "Cram Session": 450, "Fell": 764, "Insatiable Avarice": 1043, "Restless Cottage": 1720, "The Biblioplex": 2176, "Valgavoth's Onslaught": 2365, "Containment Breach_SB": 430, "Environmental Sciences_SB": 686, "Introduction to Annihilation_SB": 1059, "Mascot Exhibition_SB": 1329, "Pest Summoning_SB": 1564, "Umori, the Collector_SB": 2319, "Tersa Lightshatter": 2160, "Case of the Crimson Pulse": 308, "Spectral Sailor": 2003, "Cemetery Illuminator": 339, "Perilous Snare": 1560, "Muraganda Raceway": 1405, "Rakdos's Return_SB": 1642, "Elspeth, Storm Slayer": 656, "The Book of Exalted Deeds": 2178, "The Irencrag": 2190, "United Battlefront": 2339, "Voice of Victory": 2410, "Wedding Announcement": 2459, "Sunder the Gateway_SB": 2082, "Voice of Victory_SB": 2411, "March of Swirling Mist": 1319, "Mox Jasper": 1401, "Sea Gate Restoration": 1834, "Mistrise Village_SB": 1372, "Desperate Measures": 544, "Caustic Exhale": 327, "Dispelling Exhale": 568, "Foul-Tongue Invocation": 819, "Marang River Regent": 1312, "Scavenger Regent": 1814, "Silumgar's Scorn": 1920, "Caustic Exhale_SB": 328, "Strategic Betrayal_SB": 2063, "Katilda, Dawnhart Prime": 1119, "Secluded Courtyard": 1846, "Songcrafter Mage": 1979, "Three Tree City": 2229, "Unclaimed Territory": 2324, "Militia Bugler_SB": 1358, "Cori-Steel Cutter_SB": 438, "Sunpearl Kirin": 2088, "Fracture_SB": 824, "Dragonskull Summit": 594, "Cori-Steel Cutter": 437, "Wild Ride": 2471, "History of Benalia": 991, "The Restoration of Eiganjo": 2199, "Rot-Curse Rakshasa": 1764, "Jace, Vryn's Prodigy": 1082, "Strategic Betrayal": 2062, "Flashfreeze_SB": 792, "Chained to the Rocks": 345, "Treasure Map": 2289, "Archangel Elspeth": 100, "Pia Nalaar, Consul of Revival": 1574, "Reckless Impulse": 1675, "Wrenn's Resolve": 2503, "This Town Ain't Big Enough_SB": 2218, "Ascendant Spirit": 113, "Curious Obsession": 474, "Faceless Haven": 731, "Fading Hope": 734, "Geistlight Snare": 845, "Shacklegeist": 1872, "Snow-Covered Island": 1969, "Faceless Haven_SB": 732, "Westvale Abbey": 2467, "Not on My Watch_SB": 1462, "Banishing Slash": 154, "Stormscale Scion": 2058, "Stormscale Scion_SB": 2059, "Metamorphic Alteration": 1353, "Collective Brutality_SB": 396, "Of One Mind": 1487, "Jaya, Fiery Negotiator": 1089, "Gurmag Angler": 924, "Murderous Cut": 1406, "Cori Mountain Monastery": 436, "Make Disappear": 1303, "Stormwing Entity": 2060, "Murderous Rider_SB": 1409, "United Battlefront_SB": 2340, "Fiend Artisan": 773, "Warden of the Grove": 2435, "Deputy of Detention_SB": 540, "Reflector Mage_SB": 1692, "Surrak, Elusive Hunter_SB": 2107, "Tyvar, the Pummeler_SB": 2310, "Icon of Ancestry": 1021, "Icon of Ancestry_SB": 1022, "Lofty Denial_SB": 1265, "Fire Prophecy": 783, "Ghostly Pilferer": 857, "Blue Sun's Twilight_SB": 225, "Cemetery Illuminator_SB": 340, "Slip Out the Back_SB": 1959, "White Sun's Twilight_SB": 2469, "Paradoxical Outcome_SB": 1546, "Break Out": 253, "Legion Loyalist": 1213, "Masked Vandal": 1330, "Fanatical Firebrand_SB": 744, "Gruul Charm_SB": 918, "Masked Vandal_SB": 1331, "Deathcap Glade": 506, "Preacher of the Schism": 1603, "Vivien Reid_SB": 2404, "March of Wretched Sorrow_SB": 1322, "Shiko, Paragon of the Way": 1901, "Doorkeeper Thrull_SB": 583, "Liliana, Death's Majesty": 1248, "Rakdos Joins Up": 1641, "Urgent Necropsy": 2360, "Decadent Dragon_SB": 510, "Pawpatch Formation": 1554, "Scavenger's Talent_SB": 1816, "Ygra, Eater of All_SB": 2514, "Mukotai Ambusher": 1403, "Undead Sprinter_SB": 2326, "Runed Halo": 1777, "Elspeth, Storm Slayer_SB": 657, "Boros Reckoner": 237, "Basri, Tomorrow's Champion": 162, "Mantis Rider": 1311, "Mardu Siegebreaker": 1323, "Kitesail Larcenist_SB": 1153, "Crackling Drake": 446, "Bushwhack": 276, "Phyrexian Obliterator": 1573, "Craterhoof Behemoth": 452, "Sanguine Evangelist": 1800, "Atarka's Command_SB": 125, "Abrade": 23, "Decisive Denial": 511, "Ebondeath, Dracolich": 629, "Ertai's Scorn": 692, "Horned Loch-Whale": 1005, "Phantom Interference": 1565, "Rakshasa's Bargain": 1643, "Rewind": 1732, "Unwind": 2351, "Awaken the Honored Dead_SB": 140, "Deathmark_SB": 507, "Gaze of Granite_SB": 843, "Lutri, the Spellchaser_SB": 1288, "Shadows' Verdict_SB": 1874, "Specter's Shriek_SB": 2002, "Thrun, Breaker of Silence_SB": 2233, "Collected Company_SB": 394, "Herald of Eternal Dawn_SB": 973, "Yathan Roadwatcher": 2511, "Jeskai Revelation": 1091, "Stern Lesson": 2041, "Chained to the Rocks_SB": 346, "Long Goodbye": 1266, "Selfless Savior": 1858, "Legion Angel": 1208, "Wojek Investigator": 2495, "Legion Angel_SB": 1209, "Apostle of Purifying Light_SB": 93, "Gladecover Scout": 874, "Light-Paws, Emperor's Voice": 1234, "Sixth Sense": 1933, "Ethereal Armor": 704, "All That Glitters": 65, "Audacity": 128, "Kaya's Ghostform": 1122, "Gryff's Boon": 919, "Sentinel's Eyes": 1862, "Hammerhand": 937, "Aqueous Form": 95, "Cartouche of Solidarity": 304, "Alpha Authority": 67, "Toadstool Admirer": 2254, "Restless Vents": 1725, "Natural State_SB": 1430, "Severance Priest": 1870, "Sire of Seven Deaths_SB": 1932, "Connive // Concoct": 422, "Creative Outburst": 454, "Temple of Deceit": 2145, "Temple of Enlightenment": 2146, "Temple of Malice": 2149, "Temple of Silence": 2151, "Temple of Triumph": 2152, "Dig Through Time_SB": 556, "Ray of Frost_SB": 1664, "Bontu's Last Reckoning_SB": 234, "Deafening Silence": 504, "Hardened Scales": 940, "Fiery Annihilation_SB": 774, "Dragonlord Silumgar": 593, "Painful Truths": 1542, "Search for Azcanta": 1840, "Supreme Will": 2101, "Contraband Kingpin_SB": 433, "Village Rites": 2390, "Llanowar Visionary": 1262, "Robber of the Rich_SB": 1755, "Snakeskin Veil_SB": 1967, "Freestrider Lookout": 825, "Ugin, Eye of the Storms": 2311, "Crash Through": 451, "Izzet Charm": 1079, "Bond of Insight": 229, "The Sibsig Ceremony": 2204, "Friendly Teddy": 827, "Experiment One": 712, "Kitesail Freebooter_SB": 1151, "Agatha of the Vile Cauldron": 54, "Muerra, Trash Tactician": 1402, "Cut // Ribbons": 477, "Dusk Legion Zealot": 626, "Markov Baron": 1328, "Patchwork Banner": 1550, "Soul Transfer": 1988, "Voldaren Thrillseeker": 2419, "Bedevil_SB": 171, "Champion of Dusk_SB": 349, "Deadly Dispute_SB": 501, "Soul Transfer_SB": 1989, "Devilish Valet": 549, "Runaway Steam-Kin": 1773, "Grinning Ignus": 915, "Birgi, God of Storytelling": 184, "Hazoret's Monument": 951, "Light Up the Night": 1229, "Cemetery Prowler_SB": 341, "Nissa, Steward of Elements_SB": 1449, "Tamiyo's Safekeeping_SB": 2130, "Kishla Village": 1149, "Greedy Freebooter": 911, "Shambling Ghast": 1879, "Hangarback Walker": 938, "Marketback Walker": 1327, "Diabolic Intent": 553, "Scrapwork Mutt": 1830, "Gleaming Barrier": 877, "Liliana's Standard Bearer": 1247, "Callous Bloodmage_SB": 287, "Overlord of the Balemurk_SB": 1533, "Stormchaser's Talent_SB": 2057, "Rampaging Ferocidon": 1651, "Sokenzan, Crucible of Defiance_SB": 1976, "Baneslayer Angel_SB": 153, "Shadows' Verdict": 1873, "The Book of Exalted Deeds_SB": 2179, "Spring-Loaded Sawblades": 2024, "Dennick, Pious Apprentice_SB": 536, "Slaughter Games_SB": 1953, "Trelasarra, Moon Dancer": 2291, "Kaito Shizuki": 1104, "Silent Hallcreeper": 1919, "Ashiok, Nightmare Weaver_SB": 119, "Evolved Sleeper": 706, "Tenacious Underdog_SB": 2157, "Rediscover the Way": 1688, "Balmor, Battlemage Captain": 148, "Witherbloom Command_SB": 2488, "Sram, Senior Edificer": 2028, "Shapers' Sanctuary": 1881, "Eidolon of Rhetoric_SB": 633, "Wizard's Retort_SB": 2493, "Commit // Memory": 409, "Clever Lumimancer": 382, "Eldritch Evolution": 642, "Scrabbling Claws_SB": 1826, "Niv-Mizzet, Parun": 1453, "Sweltering Suns": 2112, "Marang River Regent_SB": 1314, "Katilda, Dawnhart Martyr_SB": 1118, "Blossoming Defense": 218, "Giant Growth": 859, "Heritage Reclamation_SB": 977, "Omnath, Locus of the Roil": 1502, "Lilah, Undefeated Slickshot": 1244, "Tolsimir, Friend to Wolves_SB": 2258, "Brimaz, King of Oreskos": 257, "Welcoming Vampire": 2463, "Intimidation Tactics": 1054, "Liliana, Dreadhorde General_SB": 1249, "Spirit-Sister's Call": 2017, "Bandit's Talent_SB": 150, "Fountainport Bell": 823, "Dreams of Steel and Oil_SB": 612, "Gonti, Lord of Luxury_SB": 899, "Lantern of the Lost_SB": 1197, "Frontline Rush": 828, "Soaring Thought-Thief": 1974, "Thieves' Guild Enforcer": 2214, "Mortify_SB": 1395, "Hazoret, Godseeker": 952, "Treasure Cruise_SB": 2288, "Strangle_SB": 2061, "Drake Hatcher": 595, "Canyon Slough": 294, "Captain Lannery Storm": 297, "Charming Scoundrel": 367, "Collector's Vault": 400, "Goldhound": 897, "Goldspan Dragon": 898, "Inventors' Fair": 1066, "Kalain, Reclusive Painter": 1108, "Marionette Master": 1325, "Reckless Fireweaver": 1674, "Sticky Fingers": 2042, "Treasure Vault": 2290, "Vraska's Contempt": 2425, "Karn, Scion of Urza_SB": 1115, "Moment of Craving_SB": 1380, "Noxious Gearhulk_SB": 1470, "Ratchet Bomb_SB": 1657, "Unlicensed Disintegration_SB": 2341, "Eshki Dragonclaw": 694, "Herd Heirloom": 974, "Rhonas the Indomitable": 1733, "The Huntsman's Redemption": 2189, "Stubborn Denial_SB": 2069, "Quicken": 1628, "Unlicensed Hearse": 2342, "Amonkhet Raceway": 72, "The Speed Demon": 2205, "Ral, Crackling Wit_SB": 1647, "Seal from Existence": 1836, "Shore Up": 1908, "Aetherflux Reservoir_SB": 48, "Shore Up_SB": 1909, "Gideon, Ally of Zendikar_SB": 864, "Illness in the Ranks_SB": 1026, "Phyrexian Arena_SB": 1568, "Abbot of Keral Keep": 19, "Anax, Hardened in the Forge": 74, "Incendiary Flow": 1035, "Invigorated Rampage": 1067, "Rimrock Knight": 1737, "Shock": 1904, "Torbran, Thane of Red Fell": 2262, "Wild Slash": 2472, "Dire Fleet Daredevil_SB": 557, "Flame-Blessed Bolt_SB": 790, "Sword of Once and Future_SB": 2117, "Magebane Lizard": 1297, "Virulent Plague_SB": 2400, "Rebel Salvo_SB": 1671, "Arboreal Grazer_SB": 99, "Snow-Covered Plains": 1971, "Sunset Revelry": 2091, "Unexpected Windfall": 2333, "Worldspine Wurm": 2500, "Xenagos, God of Revels": 2505, "Dromoka's Command": 616, "Elite Spellbinder": 650, "Defabricate_SB": 519, "Augur of Bolas": 131, "Essence Flux": 699, "Fallaji Archaeologist": 742, "Neoform": 1438, "Tyvar's Stand": 2306, "Herald of Eternal Dawn": 972, "Skrelv's Hive": 1937, "Collector's Cage_SB": 399, "Vaultborn Tyrant_SB": 2384, "Dispel_SB": 567, "Sphinx of the Final Word_SB": 2009, "Ajani, Strength of the Pride": 60, "Hushbringer_SB": 1017, "Ureni, the Song Unending": 2358, "Hooting Mandrills": 998, "Jin-Gitaxias, Progress Tyrant_SB": 1094, "Smuggler's Surprise_SB": 1965, "Toxrill, the Corrosive_SB": 2273, "Evangel of Synthesis": 705, "Dire Tactics": 558, "Order of Midnight": 1515, "Jirina, Dauntless General_SB": 1096, "Plargg, Dean of Chaos": 1586, "Reluctant Role Model": 1703, "The Enigma Jewel": 2184, "Duelist of the Mind": 622, "Portent of Calamity": 1601, "Extraordinary Journey": 725, "Omen Hawker": 1494, "Concerted Defense_SB": 417, "Rapid Hybridization_SB": 1656, "Invasion of Ergamon": 1060, "Loran of the Third Path": 1270, "Awaken the Honored Dead": 139, "Ghostly Dancers": 855, "Heliod, the Radiant Dawn_SB": 967, "Razorkin Needlehead": 1666, "Virtue of Courage": 2395, "Ball Lightning": 147, "Scytheclaw Raptor_SB": 1833, "Cathartic Reunion": 323, "Ancient Imperiosaur": 78, "Gastal Thrillroller_SB": 840, "Doom Whisperer_SB": 581, "Chandra, Hope's Beacon": 359, "Discontinuity": 560, "Obscura Storefront": 1484, "Disfigure_SB": 565, "Feed the Swarm": 761, "Blue Sun's Twilight": 224, "Conduit Pylons": 419, "Ipnu Rivulet": 1070, "Outcaster Greenblade": 1525, "Voltage Surge": 2421, "Fae of Wishes_SB": 737, "Anger of the Gods": 80, "Drake Hatcher_SB": 596, "Koth, Fire of Resistance_SB": 1173, "Brass Knuckles": 247, "Fabrication Foundry": 730, "Ingenious Smith": 1041, "Metalwork Colossus": 1352, "Moonsnare Prototype": 1393, "Sanctum of Ugin": 1797, "Wedding Invitation": 2461, "Glass Casket_SB": 875, "Repurposing Bay_SB": 1710, "Niv-Mizzet, Visionary_SB": 1456, "Invasion of Gobakhan": 1061, "Despark_SB": 543, "Dennick, Pious Apprentice": 535, "Angrath, the Flame-Chained_SB": 82, "Slaughter Singer": 1954, "Venerated Rotpriest": 2387, "The Seedcore": 2203, "Crawling Chorus": 453, "Annex Sentry": 84, "Bloated Contaminator": 207, "Jawbone Duelist": 1088, "Overprotect": 1538, "Ajani, Sleeper Agent_SB": 59, "Phyrexian Censor_SB": 1570, "Tyvar's Stand_SB": 2307, "Dewdrop Cure_SB": 552, "Annex Sentry_SB": 85, "Melira, the Living Cure_SB": 1343, "Secrets of the Key": 1847, "Assassin's Trophy_SB": 122, "Baleful Mastery": 146, "Agonizing Remorse_SB": 58, "Soulflayer": 1994, "Zetalpa, Primal Dawn": 2528, "Striped Riverwinder": 2067, "Urborg Scavengers": 2356, "Oracle of Tragedy": 1514, "Gurmag Nightwatch": 925, "Ashen Rider": 115, "Hallowed Moonlight_SB": 935, "Selfless Spirit_SB": 1859, "Vineglimmer Snarl": 2391, "Port Town": 1595, "Mystic Reflection": 1415, "Heroic Intervention": 979, "Emergence Zone": 666, "Augmenter Pugilist": 129, "Augur of Autumn": 130, "Simic Charm": 1925, "Fortified Village": 818, "Biovisionary": 183, "Repudiate // Replicate_SB": 1709, "Chord of Calling_SB": 369, "Baird, Steward of Argive_SB": 144, "Dusk // Dawn_SB": 625, "Glorybringer": 885, "Scavenging Ooze": 1817, "Mizzium Mortars": 1373, "Cartouche of Zeal": 306, "Skylasher_SB": 1948, "Not on My Watch": 1461, "Scattered Thoughts": 1813, "Nature's Rhythm": 1431, "Dryad's Revival": 621, "Mabel, Heir to Cragflame_SB": 1290, "Atraxa, Grand Unifier_SB": 127, "Stern Dismissal_SB": 2040, "Repel the Abominable": 1707, "Repel the Abominable_SB": 1708, "Wear Down_SB": 2454, "Slagstorm_SB": 1952, "Scorching Dragonfire_SB": 1821, "Dark Petition_SB": 486, "Vampires' Vengeance_SB": 2378, "Heliod's Pilgrim_SB": 963, "Kaya's Ghostform_SB": 1123, "Skrelv, Defector Mite_SB": 1939, "March of Wretched Sorrow": 1321, "Unlucky Witness": 2344, "Ritual of Soot_SB": 1746, "Pyroclasm": 1615, "Hornet Queen": 1007, "Ojer Taq, Deepest Foundation": 1491, "Lord Skitter, Sewer King": 1274, "Aclazotz, Deepest Betrayal_SB": 33, "Tomik, Distinguished Advokist_SB": 2260, "Hearth Elemental": 956, "Sanguine Evangelist_SB": 1801, "Spirit-Sister's Call_SB": 2018, "Demonic Counsel": 532, "Consuming Fervor": 429, "Aetherflux Reservoir": 47, "Summary Dismissal_SB": 2074, "Mountain_SB": 1398, "Portal to Phyrexia": 1599, "Smoldering Egg": 1961, "Lamplight Phoenix_SB": 1193, "Ovalchase Daredevil": 1529, "Inscribed Tablet": 1044, "Scourge of the Skyclaves": 1824, "Warlock Class": 2438, "Lich-Knights' Conquest": 1226, "Silent Gravestone_SB": 1918, "Ulcerate_SB": 2315, "Kaervek, the Spiteful_SB": 1102, "Can't Stay Away_SB": 292, "Rune of Might": 1775, "Voice of Resurgence_SB": 2409, "Feldon, Ronom Excavator": 763, "Infuriate_SB": 1040, "Disenchant_SB": 564, "Krenko's Buzzcrusher": 1177, "Wandering Mind": 2433, "Candy Trail": 293, "Colossal Skyturtle": 402, "Mirrorshell Crab": 1362, "Teferi, Who Slows the Sunset": 2142, "Chaos Wand_SB": 366, "Dissection Tools_SB": 572, "Jace, the Perfected Mind_SB": 1086, "Zirda, the Dawnwaker_SB": 2531, "Recommission_SB": 1684, "Abbot of Keral Keep_SB": 20, "Clarion Conqueror_SB": 378, "Rabbit Battery": 1631, "Surge of Righteousness_SB": 2102, "Faerie Dreamthief": 738, "Helping Hand": 968, "Steamcore Scholar": 2037, "Winternight Stories": 2481, "Defabricate": 518, "Immortal Phoenix_SB": 1029, "Seasons Past": 1845, "Abuelo's Awakening": 29, "Summon: Knights of Round": 2076, "Cunning Coyote_SB": 473, "Blisterpod": 203, "Cartel Aristocrat": 303, "Catacomb Sifter": 320, "Rally the Ancestors": 1649, "Sephiroth, Fabled SOLDIER": 1863, "Starting Town": 2035, "Heliod, Sun-Crowned_SB": 965, "Ruthless Lawbringer_SB": 1782, "Yuna, Hope of Spira": 2521, "Lightwheel Enhancements": 1243, "Joshua, Phoenix's Dominant": 1097, "Kroxa and Kunoros": 1180, "Terra, Magical Adept": 2159, "Dark Confidant_SB": 484, "Vivi Ornitier": 2402, "Ishgard, the Holy See": 1074, "Secure the Wastes": 1848, "Unflinching Courage": 2334, "Unflinching Courage_SB": 2335, "Vivi Ornitier_SB": 2403, "Eiganjo, Seat of the Empire_SB": 637, "Demon Wall": 530, "Fire Magic_SB": 782, "Crumbling Vestige": 458, "Echoing Deeps": 630, "Glimpse the Core": 880, "Hour of Promise": 1013, "Scapeshift": 1811, "The Wandering Minstrel": 2209, "Kura, the Boundless Sky_SB": 1187, "Maelstrom of the Spirit Dragon_SB": 1294, "Twinmaw Stormbrood_SB": 2300, "Toski, Bearer of Secrets_SB": 2270, "Opera Love Song": 1508, "Surrak, Elusive Hunter": 2106, "Esper Origins": 697, "Cecil, Dark Knight": 338, "Dark Confidant": 483, "Gix, Yawgmoth Praetor": 872, "Vren, the Relentless_SB": 2429, "Cryptcaller Chariot": 463, "Hostile Investigator_SB": 1012, "Ancient Adamantoise": 76, "Furnace Reins_SB": 832, "Bloodsoaked Champion": 215, "Kitesail Freebooter": 1150, "Lantern Scout_SB": 1196, "Sin Collector_SB": 1927, "Market Gnome": 1326, "Tinybones, the Pickpocket": 2244, "Buster Sword": 277, "Freya Crescent": 826, "Smitten Swordmaster": 1960, "Monastery Swiftspear_SB": 1385, "Summon: Leviathan": 2077, "Quicken_SB": 1629, "Alesha, Who Laughs at Fate": 63, "Jirina, Dauntless General": 1095, "Zack Fair": 2524, "Bile Blight": 180, "Ruthless Negotiation_SB": 1783, "Staggering Insight": 2030, "Sporogenic Infection_SB": 2023, "Al Bhed Salvagers": 62, "Tocasia's Welcome": 2255, "Fleeting Spirit": 796, "Saiba Cryptomancer": 1791, "Warbriar Blessing": 2434, "The Raven Man": 2198, "Gryff's Boon_SB": 920, "Glistening Deluge_SB": 883, "Wilt-Leaf Liege_SB": 2477, "Demolition Field_SB": 529, "Saiba Cryptomancer_SB": 1792, "Lindblum, Industrial Regency": 1252, "Rune of Sustenance_SB": 1776, "Rain of Revelation": 1638, "Ultima": 2316, "Shatter the Sky_SB": 1887, "Disturbing Mirth": 573, "Rite of Oblivion_SB": 1744, "Runed Halo_SB": 1778, "Doomsday Excruciator_SB": 582, "Cloud of Darkness_SB": 388, "Outrageous Robbery_SB": 1528, "Sphinx's Tutelage": 2011, "The Water Crystal": 2211, "Eject_SB": 638, "Lindblum, Industrial Regency_SB": 1253, "Blossoming Defense_SB": 219, "Cerulean Drake_SB": 344, "Cloud, Midgar Mercenary": 389, "Machinist's Arsenal": 1291, "Paladin's Arms": 1544, "Raubahn, Bull of Ala Mhigo": 1659, "Ureni, the Song Unending_SB": 2359, "Angel of Serenity": 79, "Hinterland Harbor": 989, "Hullbreaker Horror": 1015, "Titan of Industry_SB": 2250, "Search for Azcanta_SB": 1841, "Emet-Selch, Unsundered": 670, "Lazav, the Multifarious": 1203, "Valentin, Dean of the Vein": 2364, "Bonders' Enclave": 230, "Nissa's Pilgrimage": 1445, "Ulamog, the Ceaseless Hunger": 2314, "Old-Growth Troll_SB": 1493, "Ugin, the Spirit Dragon_SB": 2313, "Banefire_SB": 152, "Astrologian's Planisphere": 123, "Slickshot Show-Off_SB": 1957, "Camellia, the Seedmiser_SB": 290, "Insidious Fungus_SB": 1047, "Massacre Girl_SB": 1332, "Trail of Crumbs_SB": 2277, "Webstrike Elite_SB": 2458, "Sunscorched Desert": 2090, "Restoration Magic_SB": 1726, "Staggering Insight_SB": 2031, "Plumecreed Escort": 1591, "Kefka, Court Mage": 1133, "Anim Pakal, Thousandth Moon": 83, "Embercleave_SB": 664, "Mox Amber_SB": 1400, "Retraction Helix_SB": 1728, "Exsanguinate": 719, "Hedge Shredder": 960, "Genesis Wave": 846, "Return the Favor_SB": 1729, "Kogla and Yidaro_SB": 1167, "Revival // Revenge": 1731, "Vampire Socialite": 2375, "Legion Lieutenant": 1212, "Vito, Thorn of the Dusk Rose": 2401, "Vampire of the Dire Moon": 2376, "Voldaren Bloodcaster_SB": 2417, "Florian, Voldaren Scion_SB": 803, "Stingerback Terror": 2043, "Mistbreath Elder": 1370, "Pawpatch Recruit_SB": 1557, "Lightning, Army of One": 1241, "Founding the Third Path": 820, "No One Left Behind": 1459, "Isareth the Awakener": 1073, "Urza's Ruinous Blast": 2361, "Venat, Heart of Hydaelyn": 2385, "Liliana, the Last Hope": 1250, "Thassa's Oracle": 2170, "Rush of Adrenaline": 1780, "Channeled Dragonfire": 365, "Stadium Headliner": 2029, "Roil Eruption": 1760, "Reckless Lackey": 1676, "Didn't Say Please": 554, "Ruin Crab": 1771, "Merfolk Windrobber": 1349, "Essence Scatter": 700, "Into the Story": 1058, "Field of Ruin_SB": 772, "Roiling Dragonstorm": 1761, "Chandra, Dressed to Kill": 356, "End the Festivities": 674, "Raze the Effigy_SB": 1665, "Midgar, City of Mako": 1355, "Divine Smite_SB": 576, "Heritage Reclamation": 976, "Riverchurn Monument_SB": 1747, "Goblin Chainwhirler": 890, "Leyline of Combustion_SB": 1218, "Sorceress's Schemes": 1980, "Halvar, God of Battle_SB": 936, "Unexpected Request_SB": 2331, "Binding the Old Gods": 181, "Tireless Tracker": 2245, "Jaddi Offshoot_SB": 1087, "Linvala, the Preserver_SB": 1256, "The Wandering Minstrel_SB": 2210, "Molt Tender": 1376, "Osteomancer Adept": 1520, "Snarling Gorehound": 1968, "Deep-Cavern Bat_SB": 516, "Scavenging Ooze_SB": 1818, "Lotleth Troll": 1276, "Nullhide Ferox": 1471, "Samut, Voice of Dissent": 1795, "Smuggler's Surprise": 1964, "Speaker of the Heavens": 2001, "Delney, Streetwise Lookout": 523, "Woe Strider": 2494, "Leyline of Transformation": 1222, "Forest_SB": 813, "Storm Herald_SB": 2052, "Cartouche of Solidarity_SB": 305, "Ertai Resurrected": 690, "Disdainful Stroke": 562, "Scatter Ray": 1812, "Refute": 1693, "Sinister Sabotage": 1929, "Cornered by Black Mages": 439, "Sunken Hollow": 2087, "Eliminate_SB": 649, "Cry of the Carnarium_SB": 460, "Enter the God-Eternals_SB": 684, "Great Arashin City": 909, "Nissa, Voice of Zendikar_SB": 1450, "Elvish Archivist": 659, "Resolute Strike": 1715, "Sin, Spira's Punishment": 1928, "Capital City": 295, "Jidoor, Aristocratic Capital": 1093, "Ugin, the Spirit Dragon": 2312, "Forsaken Monument": 816, "Wastes": 2446, "Haven of the Spirit Dragon": 945, "Crystal Grotto": 469, "Warping Wail": 2439, "Fomori Vault": 809, "Hedron Archive": 961, "The Mightstone and Weakstone": 2194, "The Celestus": 2180, "Adventurer's Inn": 39, "Patchwork Automaton_SB": 1549, "Mazemind Tome_SB": 1340, "Thought-Knot Seer_SB": 2222, "Coveted Falcon": 445, "Absorb": 28, "Sphinx's Revelation": 2010, "Void Rend": 2413, "Haunted Dead": 943, "Driven // Despair": 614, "Quag Feast_SB": 1620, "Thunder Magic_SB": 2236, "Goblin Ringleader_SB": 893, "Storm Herald": 2051, "Disruptive Stormbrood": 570, "Burning Anger": 270, "Colossification": 404, "Auroral Procession": 133, "Omnath, Locus of Creation_SB": 1501, "Languish": 1194, "Ritual of Soot": 1745, "Drag the Canal_SB": 589, "Dwarven Mine": 628, "Dragon Fodder": 590, "Hordeling Outburst": 1004, "Lukka, Coppercoat Outcast": 1282, "Satyr's Cunning": 1805, "Ral's Reinforcements": 1645, "Song of Totentanz": 1978, "Cavalcade of Calamity_SB": 330, "Impact Tremors_SB": 1031, "Mechanized Warfare_SB": 1341, "Torbran, Thane of Red Fell_SB": 2263, "Snow-Covered Swamp_SB": 1973, "Shattered Sanctum_SB": 1889, "Concealed Courtyard_SB": 415, "Shadowy Backstreet_SB": 1878, "Doom Foretold_SB": 580, "Hopeful Vigil_SB": 1002, "(THB) 117_SB": 15, "(DMU) 244_SB": 4, "(WOE) 95_SB": 18, "(M20) 94_SB": 10, "(SLD) 325_SB": 13, "(BRO) 16_SB": 1, "(STX) 72_SB": 14, "(FDN) 704_SB": 7, "(BLB) 83_SB": 0, "(OTJ) 108_SB": 12, "(BRO) 26_SB": 2, "(WOE) 29_SB": 17, "(DAR) 213_SB": 3, "(KLR) 84_SB": 8, "(LCI) 128_SB": 9, "(DSK) 111_SB": 5, "(MID) 112_SB": 11, "(THB) 121_SB": 16, "(FDN) 137_SB": 6, "Touch the Spirit Realm_SB": 2272, "Tormod's Crypt": 2266, "Saheeli, Filigree Master_SB": 1787, "Self-Destruct": 1856, "Lion Sash_SB": 1258, "March of Otherworldly Light_SB": 1318, "Misery's Shadow_SB": 1365, "Stormcarved Coast_SB": 2055, "Undead Butler": 2325, "Willow Geist": 2475, "The Aetherspark": 2172, "Curse of Silence_SB": 476, "Miscast_SB": 1364, "Matoya, Archon Elder_SB": 1334, "Blossoming Tortoise": 220, "Blossoming Tortoise_SB": 221, "Summon: Leviathan_SB": 2078, "Aether Channeler": 43, "Aether Channeler_SB": 44, "Ephara's Dispersal": 687, "Lush Oasis": 1286, "Aftermath Analyst_SB": 52, "Ulvenwald Oddity_SB": 2318, "Mystic Sanctuary": 1417, "Broken Bond_SB": 260, "Leyline of Transformation_SB": 1223, "Fleeting Spirit_SB": 797, "Knight of Dusk's Shadow_SB": 1159, "Bartolom\u00e9 del Presidio": 159, "Zulaport Cutthroat": 2534, "Dread Presence": 600, "Cyclonic Rift_SB": 480, "Sultai Charm_SB": 2073, "Waker of Waves": 2430, "Discovery // Dispersal": 561, "Consecrate // Consume_SB": 423, "Reduce // Rubble_SB": 1690, "Kinnan, Bonder Prodigy": 1145, "Valley Questcaller": 2373, "Choco, Seeker of Paradise": 368, "Sazh's Chocobo": 1810, "Traveling Chocobo": 2284, "Sazh Katzroy": 1809, "Cloudfin Raptor": 391, "Bartz and Boko": 160, "Dazzling Denial": 497, "Ambrosia Whiteheart": 71, "Aven Mindcensor_SB": 138, "Kenrith's Transformation_SB": 1138, "Wolfwillow Haven_SB": 2497, "Questing Beast_SB": 1624, "Magic Damper": 1299, "Magic Damper_SB": 1300, "Buster Sword_SB": 278, "The Aetherspark_SB": 2173, "Cloudsteel Kirin_SB": 392, "Peerless Recycling_SB": 1558, "Fateful Absence": 749, "Joust Through_SB": 1098, "Filter Out_SB": 780, "Dreams of Laguna": 610, "Whir of Invention_SB": 2468, "Zirda, the Dawnwaker": 2530, "Xenagos, the Reveler": 2507, "Svella, Ice Shaper": 2108, "Collision // Colossus_SB": 401, "Lukka, Bound to Ruin_SB": 1281, "Blitz of the Thunder-Raptor_SB": 205, "Rebel Salvo": 1670, "Nahiri, Heir of the Ancients_SB": 1420, "Aether Hub": 46, "Power Word Kill": 1602, "Marang River Regent // Coil and Catch": 1313, "Felothar, Dawn of the Abzan": 767, "Skirmish Rhino": 1936, "Sandsteppe Citadel": 1798, "Brimaz, King of Oreskos_SB": 258, "Regal Caracal_SB": 1695, "Thunder Magic": 2235, "Absolute Virtue_SB": 27, "Fire Prophecy_SB": 784, "Mirrorpool": 1361, "Moment of Craving": 1379, "Cloud, Midgar Mercenary_SB": 390, "Mirrorshell Crab_SB": 1363, "Vanquish the Horde_SB": 2382, "Fire Magic": 781, "Commune with Beavers": 411, "Blitz of the Thunder-Raptor": 204, "Unexpected Request": 2330, "Seed of Hope": 1849, "Thrilling Discovery": 2231, "Cavern of Souls_SB": 334, "Yuna, Hope of Spira_SB": 2522, "Summon: Primal Odin": 2079, "Vraska, Golgari Queen_SB": 2428, "Lazotep Plating": 1204, "Ochre Jelly": 1486, "The Ozolith": 2197, "Botanical Brawler": 241, "Kutzil, Malamet Exemplar": 1190, "Conclave Mentor": 418, "Pelt Collector": 1559, "Fight as One_SB": 778, "Garruk's Harbinger_SB": 838, "Patchwork Beastie": 1551, "Wildfire Wickerfolk": 2474, "Beastie Beatdown": 169, "Ogre-Head Helm": 1488, "Violent Urge": 2393, "Caelorna, Coral Tyrant_SB": 283, "Fade from History_SB": 733, "Return to Nature_SB": 1730, "Skyreaping_SB": 1949, "Ezrim, Agency Chief_SB": 726, "Axgard Armory": 141, "Invasive Surgery_SB": 1065, "Bramble Familiar": 245, "Make Your Own Luck": 1305, "One with the Multiverse": 1505, "Overwhelming Splendor": 1539, "Unexpected Results": 2332, "Flowstone Infusion_SB": 806, "Den of the Bugbear_SB": 534, "Cryptcaller Chariot_SB": 464, "Bolas's Citadel": 226, "Sorcerous Spyglass_SB": 1981, "Blink of an Eye_SB": 202, "Ashaya, Soul of the Wild": 114, "Elvish Reclaimer": 661, "Green Sun's Twilight": 912, "Drogskol Reaver": 615, "Cragplate Baloth": 449, "Fleetfoot Dancer": 794, "Disruptive Stormbrood_SB": 571, "The Last Ride": 2191, "Warrant // Warden_SB": 2442, "Reinforced Ronin": 1699, "Showdown of the Skalds": 1910, "Tail Swipe": 2123, "Wildborn Preserver": 2473, "Implement of Combustion": 1032, "Oni-Cult Anvil": 1506, "Weapons Manufacturing": 2451, "Mayhem Devil_SB": 1338, "Tarrian's Journal_SB": 2135, "Hollow One": 994, "Hemosymbic Mite": 969, "Pinnacle Starcage_SB": 1580, "Seam Rip_SB": 1839, "Seam Rip": 1838, "Ephara's Dispersal_SB": 688, "Kavaron Harrier": 1120, "Nutrient Block": 1474, "Tifa Lockhart": 2241, "Haliya, Guided by Light": 930, "Sanctify_SB": 1796, "Vivien, Arkbow Ranger": 2405, "Wakeroot Elemental_SB": 2432, "Consult the Star Charts": 428, "Icetill Explorer": 1019, "Aetherize_SB": 49, "Icetill Explorer_SB": 1020, "Rust Goliath": 1781, "Grab the Prize": 901, "Thrill of Possibility": 2230, "Fling": 799, "Mishra, Tamer of Mak Fawa": 1368, "Artificer's Dragon": 111, "Mishra, Excavation Prodigy_SB": 1367, "Shock_SB": 1905, "Insult // Injury_SB": 1051, "Chandra, Flame's Fury": 358, "Chandra's Spitfire": 354, "Unchained Berserker": 2322, "Ember Hauler": 662, "Drakuseth, Maw of Flames": 597, "Cavalcade of Calamity": 329, "Arni Brokenbrow": 110, "Scorch Spitter": 1819, "The Flame of Keld": 2187, "Chandra's Flame Wave": 353, "Sulfur Falls": 2071, "Strategic Planning": 2064, "Ertai Resurrected_SB": 691, "Siege Veteran": 1914, "Yotian Frontliner": 2517, "Harbin, Vanguard Aviator": 939, "Myrel, Shield of Argive": 1412, "Valiant Veteran": 2368, "Protect the Negotiators_SB": 1613, "Biotech Specialist": 182, "Coruscation Mage_SB": 440, "Valki, God of Lies_SB": 2370, "Weftwalking": 2462, "Herald of Anguish": 971, "Mishra's Research Desk": 1366, "Cryogen Relic": 461, "Sunset Saboteur": 2093, "Malicious Eclipse_SB": 1308, "Adventurer's Inn_SB": 40, "Otawara, Soaring City_SB": 1522, "Pit of Offerings_SB": 1581, "Confounding Conundrum_SB": 420, "Annul": 86, "Skycat Sovereign_SB": 1942, "Aurelia's Vindicator": 132, "Fall of the Thran": 741, "Hope of Ghirapur": 999, "Remorseful Cleric": 1704, "Hope of Ghirapur_SB": 1000, "Knight of the White Orchid_SB": 1163, "Lofty Denial": 1264, "Kazandu Mammoth": 1129, "Shattering Blow_SB": 1890, "Archenemy's Charm": 102, "Ral, Crackling Wit": 1646, "Emry, Lurker of the Loch": 673, "Jeskai Ascendancy": 1090, "Restless Spire": 1724, "Saheeli, Sublime Artificer": 1788, "Rally the Monastery_SB": 1650, "Valley Floodcaller_SB": 2372, "Reroute Systems": 1712, "Stonebinder's Familiar": 2048, "Demand Answers": 525, "Nova Hellkite_SB": 1465, "Elixir": 652, "Paradox Engine": 1545, "Patchwork Automaton": 1548, "Pithing Needle": 1582, "Tezzeret, Cruel Captain": 2163, "The Gold Saucer": 2188, "Voyage Home": 2423, "Carrot Cake_SB": 302, "Sai, Master Thopterist_SB": 1790, "Stonecoil Serpent_SB": 2050, "Plains_SB": 1585, "Cosmogoyf": 441, "Deathrite Shaman": 508, "Seedship Broodtender": 1850, "Severance Priest_SB": 1871, "Demilich": 526, "Symmetry Sage": 2120, "Quantum Riddler": 1621, "Twinmaw Stormbrood": 2299, "Opera Love Song_SB": 1509, "Louisoix's Sacrifice": 1279, "Cosmogrand Zenith_SB": 443, "Isolate_SB": 1077, "Remorseful Cleric_SB": 1705, "Delney, Streetwise Lookout_SB": 524, "Disruption Protocol": 569, "Monstrous Rage_SB": 1388, "Suplex_SB": 2097, "Devastating Mastery": 548, "Cascading Cataracts": 307, "Cleansing Wildfire": 379, "The Rollercrusher Ride": 2200, "Nahiri, the Unforgiving": 1423, "Nova Hellkite": 1464, "Halana and Alena, Partners": 929, "The Dominion Bracelet_SB": 2181, "Timeline Culler": 2242, "Cosmogrand Zenith": 442, "Lightstall Inquisitor": 1242, "Gilded Pinions": 868, "Mystic Forge": 1414, "Stonecoil Serpent": 2049, "Honor": 997, "Tethmos High Priest_SB": 2162, "Surgical Skullbomb": 2105, "Pinnacle Emissary": 1578, "Urabrask, Heretic Praetor": 2355, "Soulless Jailer": 1995, "Shatterskull Smashing": 1891, "The Eternal Wanderer": 2185, "Drannith Magistrate": 598, "Wear Down": 2453, "Wingspan Stride": 2480, "Opulent Palace": 1513, "Seeker's Folly": 1853, "Summon: Fenrir": 2075, "Dismal Backwater": 566, "Hero's Downfall": 978, "Temple of Malady": 2148, "Kotis, the Fangkeeper": 1174, "Jungle Hollow": 1100, "Blitzball Shot_SB": 206, "Dauntless Scrapbot_SB": 492, "Fell_SB": 765, "Unsummon_SB": 2349, "Deliberate": 522, "Rest in Peace": 1717, "Saw It Coming": 1807, "Reroute Systems_SB": 1713, "Scorching Dragonfire": 1820, "Aerith Gainsborough": 42, "Gala Greeters": 834, "Heliod, Sun-Crowned": 964, "Impulse_SB": 1034, "Syr Vondam, Sunstar Exemplar": 2122, "Alesha, Who Laughs at Fate_SB": 64, "Sothera, the Supervoid_SB": 1985, "Dalkovan Encampment": 481, "Depose // Deploy": 538, "Snow-Covered Swamp": 1972, "Temur Battle Rage": 2156, "Armed and Armored": 109, "Bruenor Battlehammer": 264, "Giott, King of the Dwarves": 869, "Magda, Brazen Outlaw": 1296, "Toolcraft Exemplar": 2261, "Reckless Crew_SB": 1673, "Analyze the Pollen": 73, "Extract a Confession_SB": 722, "Pinnacle Starcage": 1579, "Vandalblast_SB": 2379, "Springleaf Drum": 2025, "Legion Extruder_SB": 1211, "Quantum Riddler_SB": 1622, "Seedship Impact_SB": 1851, "Radiant Fountain": 1634, "Plasma Bolt": 1587, "Essence Scatter_SB": 701, "Dirgur Island Dragon": 559, "Spirit of the Labyrinth_SB": 2016, "Sunset Saboteur_SB": 2094, "Tragic Trajectory_SB": 2275, "Synthesizer Labship": 2121, "Tezzeret, Cruel Captain_SB": 2164, "Hardlight Containment_SB": 941, "Warrant // Warden": 2441, "Capricious Hellraiser": 296, "Elemental Masterpiece": 644, "Gideon of the Trials_SB": 863, "Volcanic Spite_SB": 2416, "Transmogrify_SB": 2281, "Battle Menu": 164, "Raise the Alarm": 1639, "You See a Pair of Goblins": 2518, "By Invitation Only_SB": 279, "Starfield Vocalist": 2032, "Tragic Trajectory": 2274, "Spell Stutter_SB": 2007, "Island_SB": 1076, "First Day of Class": 789, "Myriad Construct": 1413, "Light of Hope": 1232, "Phoenix Down": 1567, "Seize the Spoils_SB": 1854, "Fleeting Effigy_SB": 795, "Warleader's Call_SB": 2437, "Haliya, Guided by Light_SB": 931, "Academic Probation_SB": 30}}