{"vocabulary": {"Blackcleave Cliffs": 174, "Blood Crypt": 191, "Callous Sell-Sword": 263, "Claim // Fame": 351, "Den of the Bugbear": 495, "Emberheart Challenger": 615, "Fatal Push": 692, "Heartfire Hero": 894, "Infuriate": 969, "Kumano Faces Kakkazan": 1115, "Manifold Mouse": 1231, "Monastery Swiftspear": 1298, "Monstrous Rage": 1300, "Mountain": 1311, "Ramunap Ruins": 1553, "Reckless Rage": 1574, "Screaming Nemesis": 1709, "Slickshot Show-Off": 1830, "Sokenzan, Crucible of Defiance": 1849, "Sulfurous Springs": 1933, "Callous Sell-Sword_SB": 264, "Claim // Fame_SB": 352, "Duress_SB": 581, "Fatal Push_SB": 693, "Feed the Swarm_SB": 708, "Reckless Rage_SB": 1575, "Screaming Nemesis_SB": 1710, "Thoughtseize_SB": 2065, "Aven Interrupter": 113, "Boseiju, Who Endures": 220, "Branchloft Pathway": 226, "Brushland": 243, "Collected Company": 369, "Eiganjo, Seat of the Empire": 593, "Elvish Mystic": 613, "Enduring Innocence": 629, "Forest": 751, "Hushwood Verge": 950, "Kellan, Daring Traveler": 1065, "Knight of Autumn": 1087, "Llanowar Elves": 1187, "Plains": 1485, "Razorverge Thicket": 1566, "Restless Prairie": 1615, "Sanguine Evangelist": 1682, "Scavenging Ooze": 1696, "Skyclave Apparition": 1817, "Skyknight Squire": 1821, "Temple Garden": 1997, "Voice of Resurgence": 2238, "Werefox Bodyguard": 2284, "Archon of Emeria_SB": 85, "Divine Smite_SB": 534, "Portable Hole_SB": 1498, "Reidane, God of the Worthy_SB": 1594, "Yorion, Sky Nomad_SB": 2333, "Chance for Glory": 326, "Collector's Vault": 376, "Colossal Skyturtle": 378, "Discontinuity": 524, "Expedition Map": 656, "Hall of Storm Giants": 873, "Hengegate Pathway": 906, "Hidden Strings": 915, "Island": 1006, "Lotus Field": 1205, "Mirrorshell Crab": 1280, "Omen Hawker": 1403, "Otawara, Soaring City": 1427, "Pore Over the Pages": 1494, "Seachrome Coast": 1714, "Spirebluff Canal": 1886, "Teferi, Who Slows the Sunset": 1996, "The Enigma Jewel": 2027, "Thespian's Stage": 2053, "Vizier of Tumbling Sands": 2236, "Bag of Holding_SB": 125, "Get Lost_SB": 789, "Into the Flood Maw_SB": 988, "Mystical Dispute_SB": 1328, "Reckoner Bankbuster_SB": 1578, "Settle the Wreckage_SB": 1745, "Split Up_SB": 1891, "The Stone Brain_SB": 2047, "Zirda, the Dawnwaker_SB": 2347, "Titan's Strength": 2088, "Turn Inside Out": 2135, "Ob Nixilis, the Adversary_SB": 1391, "Blazemire Verge": 182, "Blightstep Pathway": 186, "Bloodtithe Harvester": 199, "Blooming Marsh": 200, "Cauldron Familiar": 298, "Claim the Firstborn": 353, "Deadly Dispute": 464, "Fable of the Mirror-Breaker": 671, "Heartless Act": 896, "Mayhem Devil": 1255, "Overgrown Tomb": 1435, "Scavenger's Talent": 1694, "Swamp": 1961, "Witch's Oven": 2298, "Ygra, Eater of All": 2330, "Ashiok, Dream Render_SB": 92, "Back to Nature_SB": 124, "Damping Sphere_SB": 445, "Ghost Vacuum_SB": 795, "Haywire Mite_SB": 886, "Molten Collapse_SB": 1292, "Pawpatch Formation_SB": 1462, "The Meathook Massacre_SB": 2034, "Torch the Tower_SB": 2101, "Unlicensed Hearse_SB": 2178, "Adeline, Resplendent Cathar": 17, "Brave the Elements": 229, "Brutal Cathar": 244, "Castle Ardenvale": 288, "Containment Priest": 400, "Coppercoat Vanguard": 403, "Dauntless Bodyguard": 455, "Hopeful Initiate": 934, "Mutavault": 1323, "Recruitment Officer": 1582, "Thalia's Lieutenant": 2013, "Thalia, Guardian of Thraben": 2014, "Thalia, Heretic Cathar": 2016, "Deafening Silence_SB": 469, "Destroy Evil_SB": 510, "Extraction Specialist_SB": 669, "Rest in Peace_SB": 1611, "Wedding Announcement_SB": 2280, "Blade of the Oni": 177, "Clearwater Pathway": 359, "Darkslick Shores": 453, "Faerie Mastermind": 682, "Floodpits Drowner": 739, "Hive of the Eye Tyrant": 926, "Inscription of Ruin": 978, "Jace Reawakened": 1011, "Kaito, Bane of Nightmares": 1037, "Sheoldred's Edict": 1770, "Shipwreck Marsh": 1777, "Thoughtseize": 2064, "Tinybones, the Pickpocket": 2083, "Underground River": 2164, "Unholy Annex && Ritual Chamber": 2169, "Valki, God of Lies": 2201, "Watery Grave": 2271, "Cut Down_SB": 444, "Extinction Event_SB": 666, "Leyline of the Void_SB": 1154, "Negate_SB": 1346, "Withering Torment_SB": 2305, "Cavern of Souls": 308, "Declaration in Stone": 479, "Extraction Specialist": 668, "Fortified Beachhead": 754, "Hallowed Fountain": 874, "Mockingbird": 1288, "Reflector Mage": 1587, "Containment Priest_SB": 401, "Dawnbringer Cleric_SB": 457, "Reflector Mage_SB": 1588, "Zephyr Sentinel_SB": 2344, "Duress": 580, "Fear of Missing Out": 700, "Go for the Throat": 832, "Sheoldred, the Apocalypse": 1772, "Torch the Tower": 2100, "Urborg, Tomb of Yawgmoth": 2190, "Anoint with Affliction_SB": 65, "Hidetsugu Consumes All_SB": 917, "Agent of Treachery": 31, "Atraxa, Grand Unifier": 104, "Beza, the Bounding Spring": 161, "Elesh Norn, Mother of Machines": 603, "Enduring Curiosity": 627, "Enduring Vitality": 632, "Enigmatic Incarnation": 633, "Entity Tracker": 635, "Floodfarm Verge": 738, "Glasspool Mimic": 815, "Indatha Triome": 966, "Jetmir's Garden": 1025, "Ketria Triome": 1075, "Leyline Binding": 1146, "Linvala, the Preserver": 1181, "March of Otherworldly Light": 1236, "Moon-Blessed Cleric": 1303, "Nylea's Presence": 1387, "Overlord of the Boilerbilges": 1438, "Overlord of the Hauntwoods": 1440, "Overlord of the Mistmoors": 1441, "Roaring Furnace && Steaming Sauna": 1640, "Sacred Foundry": 1673, "Spara's Headquarters": 1871, "Steam Vents": 1903, "Stomping Ground": 1913, "Titan of Industry": 2087, "Up the Beanstalk": 2186, "Ashen Rider_SB": 91, "Dovin's Veto_SB": 545, "Knight of Autumn_SB": 1088, "Knockout Blow_SB": 1095, "Krenko's Buzzcrusher_SB": 1110, "Ruric Thar, the Unbowed_SB": 1669, "Anoint with Affliction": 64, "Bloodletter of Aclazotz": 196, "Castle Locthwain": 291, "Kroxa, Titan of Death's Hunger": 1113, "Soulstone Sanctuary": 1870, "Takenuma, Abandoned Mire": 1979, "Unstoppable Slasher": 2182, "Invoke Despair_SB": 1000, "Withering Torment": 2304, "Abrupt Decay": 6, "Ancient Cornucopia": 52, "Breeding Pool": 234, "Bring to Light": 238, "Deafening Clarion": 466, "Elenda, Saint of Dusk": 601, "Fabled Passage": 673, "Godless Shrine": 837, "Hostage Taker": 940, "Kolaghan's Command": 1099, "Lightning Helix": 1167, "Niv-Mizzet Reborn": 1367, "Niv-Mizzet, Supreme": 1370, "Omnath, Locus of Creation": 1410, "Pillage the Bog": 1483, "Raffine's Tower": 1539, "Raugrin Triome": 1560, "Savai Triome": 1687, "Sunfall": 1941, "Sylvan Caryatid": 1972, "Tolsimir, Friend to Wolves": 2094, "Vanishing Verse": 2209, "Ziatora's Proving Ground": 2346, "Kambal, Consul of Allocation_SB": 1043, "Notion Thief_SB": 1377, "Unmoored Ego_SB": 2181, "Yasharn, Implacable Earth_SB": 2327, "Krenko's Buzzcrusher": 1109, "Maelstrom Pulse": 1215, "Wandering Mind": 2261, "Casualties of War_SB": 293, "Deafening Clarion_SB": 467, "Anger of the Gods_SB": 56, "Castle Vantress": 292, "Change the Equation": 337, "Deserted Beach": 503, "Dig Through Time": 519, "Dovin's Veto": 544, "Field of Ruin": 715, "Get Lost": 788, "Make Disappear": 1226, "Memory Deluge": 1260, "Narset, Parter of Veils": 1336, "Restless Anchorage": 1612, "Settle the Wreckage": 1744, "Shark Typhoon": 1760, "Spell Pierce": 1875, "Supreme Verdict": 1953, "Teferi, Hero of Dominaria": 1994, "Temporary Lockdown": 2002, "The Wandering Emperor": 2048, "Chrome Host Seedshark_SB": 346, "Farewell_SB": 691, "Hullbreaker Horror_SB": 946, "Narset's Reversal_SB": 1335, "Regal Caracal_SB": 1590, "Tishana's Tidebinder_SB": 2086, "Haunted Ridge": 884, "Grafdigger's Cage_SB": 847, "Hazoret the Fervent_SB": 889, "Urabrask's Forge_SB": 2188, "Cavalier of Thorns": 305, "Finale of Devastation": 724, "Hostile Hostel": 941, "Invasion of Ixalan": 995, "Kiora, Behemoth Beckoner": 1078, "Lair of the Hydra": 1123, "Leyline of the Guildpact": 1153, "Nykthos, Shrine to Nyx": 1385, "Old-Growth Troll": 1402, "Outcaster Trailblazer": 1431, "Storm the Festival": 1914, "Sunken Citadel": 1944, "Ulvenwald Oddity": 2153, "Arasta of the Endless Web_SB": 74, "Cityscape Leveler_SB": 350, "Elesh Norn, Mother of Machines_SB": 604, "Emrakul, the Promised End_SB": 622, "Keen-Eyed Curator_SB": 1064, "Monstrous Emergence_SB": 1299, "Scrapshooter_SB": 1707, "Setessan Petitioner_SB": 1742, "Tail Swipe_SB": 1977, "Faerie Miscreant": 684, "Gloomlake Verge": 824, "Ingenious Prodigy": 971, "Moon-Circuit Hacker": 1304, "Annul_SB": 63, "Archfiend of the Dross_SB": 81, "Arclight Phoenix": 86, "Artist's Talent": 88, "Brazen Borrower": 231, "Consider": 394, "Fiery Impulse": 719, "Ledger Shredder": 1136, "Lightning Axe": 1165, "Opt": 1417, "Picklock Prankster": 1482, "Proft's Eidetic Memory": 1510, "Riverglide Pathway": 1635, "Shivan Reef": 1778, "Sleight of Hand": 1829, "Stormcarved Coast": 1915, "Treasure Cruise": 2119, "Abrade_SB": 5, "Beacon Bolt_SB": 150, "Brazen Borrower_SB": 232, "Crackling Drake_SB": 414, "Disdainful Stroke_SB": 525, "Fable of the Mirror-Breaker_SB": 672, "Pyroclasm_SB": 1523, "Third Path Iconoclast_SB": 2056, "Ancestral Anger": 50, "Archon of Emeria": 84, "Shefet Dunes": 1766, "Anointed Peacekeeper_SB": 67, "Brutal Cathar_SB": 245, "Dromoka's Command_SB": 573, "The Wandering Emperor_SB": 2049, "Werefox Bodyguard_SB": 2285, "Archfiend of the Dross": 80, "Ghitu Lavarunner": 793, "Light Up the Stage": 1161, "Play with Fire": 1488, "Skewer the Critics": 1811, "Soul-Scar Mage": 1864, "Spikefield Hazard": 1882, "Wizard's Lightning": 2308, "End the Festivities_SB": 625, "Goblin Chainwhirler_SB": 834, "Kari Zev's Expertise_SB": 1045, "Rampaging Ferocidon_SB": 1551, "Razorkin Needlehead_SB": 1565, "Redcap Melee_SB": 1584, "Rending Volley_SB": 1601, "Roiling Vortex_SB": 1649, "Sunspine Lynx_SB": 1951, "Witchstalker Frenzy_SB": 2300, "Unmoored Ego": 2180, "Supreme Verdict_SB": 1954, "Eldrazi Displacer": 597, "Kayla's Reconstruction": 1059, "Gideon, Ally of Zendikar_SB": 803, "Nahiri, the Harbinger": 1331, "Deadly Cover-Up_SB": 463, "Go Blank_SB": 830, "Lion Sash": 1182, "Kutzil's Flanker": 1120, "Nowhere to Run": 1379, "Overlord of the Floodpits": 1439, "Zagoth Triome": 2340, "Zur, Eternal Schemer": 2351, "Thought Distortion_SB": 2061, "Bonecrusher Giant": 210, "Despise_SB": 506, "Lifebane Zombie_SB": 1159, "Censor": 318, "Deduce": 481, "Farewell": 690, "Fountainport": 759, "Jwari Disruption": 1031, "No More Lies": 1372, "Three Steps Ahead": 2070, "Beza, the Bounding Spring_SB": 162, "Change the Equation_SB": 338, "Kaheera, the Orphanguard_SB": 1034, "Kutzil's Flanker_SB": 1121, "Bitter Triumph": 172, "Concealed Courtyard": 389, "Evangel of Synthesis": 651, "Greasefang, Okiba Boss": 853, "Kiora, the Rising Tide": 1079, "Lively Dirge": 1185, "Mana Confluence": 1230, "Parhelion II": 1454, "Raffine, Scheming Seer": 1540, "Shattered Sanctum": 1763, "Skysovereign, Consul Flagship": 1823, "Collective Brutality_SB": 372, "Fragmentize_SB": 763, "Heartless Act_SB": 897, "Pithing Needle_SB": 1484, "Temporary Lockdown_SB": 2003, "Vanishing Verse_SB": 2210, "Void Rend_SB": 2243, "Blot Out_SB": 203, "Decimator of the Provinces": 477, "Fierce Empath": 717, "Nissa, Vastwood Seer": 1365, "Prosperous Innkeeper": 1514, "Realm-Cloaked Giant": 1568, "Reidane, God of the Worthy": 1593, "Selfless Spirit": 1733, "Aven Interrupter_SB": 114, "Battlefield Forge": 149, "Elegant Parlor": 600, "Overlord of the Balemurk": 1436, "Darkbore Pathway": 452, "Esika's Chariot": 643, "Llanowar Visionary": 1188, "Llanowar Wastes": 1189, "Lovestruck Beast": 1206, "Mosswood Dreadknight": 1309, "Reclamation Sage_SB": 1579, "Confounding Riddle": 393, "Ill-Timed Explosion": 955, "Indomitable Creativity": 967, "Magma Opus": 1223, "Mirrex": 1278, "Negate": 1345, "Prismari Command": 1507, "Sublime Epiphany": 1931, "Thundering Falls": 2078, "Torrential Gearhulk": 2105, "Aether Gust_SB": 22, "Alpine Moon_SB": 43, "Shark Typhoon_SB": 1761, "Kytheon, Hero of Akros": 1122, "Sheltered by Ghosts_SB": 1769, "Calix, Guided by Fate": 259, "Jukai Naturalist": 1030, "Royal Treatment": 1658, "Seal from Existence": 1715, "Sheltered by Ghosts": 1768, "Virtue of Loyalty": 2226, "Authority of the Consuls_SB": 112, "Elspeth's Smite_SB": 609, "Ghostly Dancers_SB": 797, "Seal from Existence_SB": 1716, "Xander's Lounge": 2321, "Dark Betrayal_SB": 446, "Adarkar Wastes": 16, "Mausoleum Wanderer": 1253, "Rattlechains": 1557, "Shacklegeist": 1747, "Slip Out the Back": 1832, "Spell Queller": 1877, "Supreme Phantom": 1952, "Tocasia's Welcome_SB": 2093, "Claim the Firstborn_SB": 354, "Angel of Serenity": 54, "Portable Hole": 1497, "Sunpetal Grove": 1947, "Graveyard Trespasser": 850, "Arboreal Grazer": 75, "Archdruid's Charm": 79, "Bala Ged Recovery": 127, "Botanical Sanctum": 222, "Dark Petition": 449, "Emergent Ultimatum": 617, "Fae of Wishes": 679, "Hedge Maze": 898, "Impulse": 963, "Into the Flood Maw": 987, "Lier, Disciple of the Drowned": 1157, "Omniscience": 1412, "Sylvan Scrying": 1974, "Approach of the Second Sun_SB": 71, "Dragonlord Dromoka_SB": 549, "Emergent Ultimatum_SB": 618, "Languish_SB": 1125, "Leyline of Sanctity_SB": 1152, "Sphinx of the Final Word_SB": 1880, "Zacama, Primal Calamity_SB": 2338, "Floriferous Vinewall": 741, "Liliana of the Veil": 1173, "Royal Treatment_SB": 1659, "Legion Extruder": 1140, "Bitter Triumph_SB": 173, "Case of the Crimson Pulse_SB": 281, "Ajani, Strength of the Pride": 35, "Bishop of Wings": 168, "Giada, Font of Hope": 798, "Inspiring Overseer": 981, "Leyline of Hope": 1150, "Resplendent Angel": 1610, "Righteous Valkyrie": 1625, "Shapers' Sanctuary_SB": 1757, "Boltwave": 206, "Burst Lightning": 251, "Chandra, Dressed to Kill": 331, "Sunspine Lynx": 1950, "Chandra, Dressed to Kill_SB": 332, "Light Up the Stage_SB": 1162, "Lithomantic Barrage_SB": 1184, "Vengeful Possession_SB": 2217, "Come Back Wrong_SB": 382, "Dreams of Steel and Oil_SB": 569, "The End_SB": 2026, "Elenda, Saint of Dusk_SB": 602, "Cryptic Coat": 431, "Darksteel Citadel": 454, "Ensoul Artifact": 634, "Inti, Seneschal of the Sun": 984, "Shadowspear": 1751, "Shrapnel Blast": 1786, "Smuggler's Copter": 1836, "Spyglass Siren": 1895, "Voldaren Epicure": 2246, "Burst Lightning_SB": 252, "Magebane Lizard_SB": 1222, "Shadowspear_SB": 1752, "Voltage Surge_SB": 2251, "Oath of Nissa": 1389, "Scrapshooter": 1706, "Fog_SB": 746, "Kenrith's Transformation_SB": 1069, "Questing Beast_SB": 1528, "Skysovereign, Consul Flagship_SB": 1824, "Wolfwillow Haven_SB": 2313, "Deep-Cavern Bat": 482, "Preacher of the Schism": 1503, "Prosperous Thief": 1516, "Rottenmouth Viper": 1654, "Kalitas, Traitor of Ghet_SB": 1042, "Misery's Shadow_SB": 1281, "Reasonable Doubt_SB": 1569, "Sheoldred, the Apocalypse_SB": 1773, "Battle Cry Goblin": 146, "Cacophony Scamp": 257, "Case of the Gateway Express": 283, "Conspicuous Snoop": 397, "Fireblade Charger": 727, "Goblin Instigator": 835, "Inspiring Vantage": 982, "Needleverge Pathway": 1344, "Raise the Past": 1541, "Rundvelt Hordemaster": 1665, "Searslicer Goblin": 1720, "Skirk Prospector": 1812, "Sundown Pass": 1940, "Chandra's Defeat_SB": 328, "Invasion of Gobakhan_SB": 994, "Strict Proctor_SB": 1926, "Aclazotz, Deepest Betrayal": 12, "Bandit's Talent": 131, "Cling to Dust": 364, "Demolition Field": 491, "Foulmire Knight": 757, "Geier Reach Sanitarium": 785, "Go Blank": 829, "Hostile Investigator": 942, "Waste Not": 2266, "Path of Peril_SB": 1459, "Brotherhood's End_SB": 242, "Prismari Command_SB": 1508, "The Flame of Keld": 2029, "Kolaghan's Command_SB": 1100, "Invoke Despair": 999, "Spirited Companion": 1889, "Weaver of Harmony": 2277, "Isolate_SB": 1007, "Fetid Pools": 714, "Silvergill Adept": 1799, "Triton Shorestalker": 2128, "Vodalian Hexcatcher": 2237, "Spell Pierce_SB": 1876, "Curious Obsession": 440, "Snow-Covered Island": 1844, "Spectral Sailor": 1874, "Enduring Curiosity_SB": 628, "High Noon_SB": 921, "Blood Baron of Vizkopa_SB": 190, "Elite Spellbinder": 605, "Veteran Survivor": 2219, "Akroan Crusader": 38, "Felonious Rage": 711, "Illuminator Virtuoso": 958, "Leyline of Resonance": 1151, "Loran's Escape_SB": 1199, "Smash to Smithereens_SB": 1833, "Wear // Tear_SB": 2274, "Hallowed Moonlight_SB": 876, "Genesis Wave": 787, "Wakeroot Elemental": 2260, "Sunken Citadel_SB": 1945, "Rona, Herald of Invasion": 1650, "Thing in the Ice_SB": 2055, "Detention Sphere_SB": 513, "Narset, Parter of Veils_SB": 1337, "Dreadbore": 558, "Agadeem's Awakening": 27, "Ayara, First of Locthwain": 120, "Fiend Artisan": 716, "Gifted Aetherborn": 804, "Gnawing Vermin": 827, "Gray Merchant of Asphodel": 852, "Isareth the Awakener": 1004, "Stitcher's Supplier": 1910, "The Meathook Massacre": 2033, "Go for the Throat_SB": 833, "Case of the Stashed Skeleton": 285, "Ob Nixilis, the Adversary": 1390, "Pawpatch Formation": 1461, "Raucous Theater": 1559, "Thornspire Verge": 2060, "Valgavoth, Terror Eater": 2199, "Volcanic Spite": 2245, "Aether Channeler": 21, "Callous Bloodmage": 261, "Clifftop Retreat": 363, "Fires of Invention": 728, "Glacial Fortress": 810, "Golos, Tireless Pilgrim": 843, "Heliod, the Radiant Dawn": 902, "Hinterland Harbor": 923, "Kenrith, the Returned King": 1070, "Nicol Bolas, the Ravager": 1352, "Oath of Kaya": 1388, "Omen of the Forge": 1406, "Omen of the Sea": 1407, "Path to the World Tree": 1460, "Snow-Covered Forest": 1843, "Snow-Covered Mountain": 1845, "Snow-Covered Plains": 1846, "Sulfur Falls": 1932, "The Kami War": 2032, "The Scarab God": 2041, "Touch the Spirit Realm": 2107, "Valakut Awakening": 2196, "Nezahal, Primal Tide_SB": 1349, "Nimble Larcenist_SB": 1356, "Scavenging Ooze_SB": 1697, "Tolsimir, Friend to Wolves_SB": 2095, "Agatha's Soul Cauldron": 29, "Barkchannel Pathway": 140, "Cenote Scout": 317, "Deeproot Pilgrimage": 484, "Forensic Researcher": 750, "Kiora's Follower": 1077, "Kumena's Speaker": 1116, "Kumena, Tyrant of Orazca": 1117, "Yavimaya Coast": 2329, "Witness Protection_SB": 2307, "Aloe Alchemist": 41, "Atarka's Command": 102, "Burning-Tree Emissary": 249, "Copperline Gorge": 404, "Cunning Coyote": 438, "Karplusan Forest": 1048, "Reckless Bushwhacker": 1571, "Destructive Revelry_SB": 511, "Pick Your Poison_SB": 1481, "Wedding Announcement": 2279, "Declaration in Stone_SB": 480, "Stormchaser's Talent": 1916, "This Town Ain't Big Enough": 2058, "Nowhere to Run_SB": 1380, "Bond of Insight": 209, "Lightning Strike": 1169, "Silundi Vision": 1795, "Wish": 2297, "Lier, Disciple of the Drowned_SB": 1158, "Nine Lives_SB": 1358, "Niv-Mizzet, Parun_SB": 1369, "Molten Collapse": 1291, "Legion Extruder_SB": 1141, "Cut Down": 443, "Day's Undoing": 460, "Deadly Cover-Up": 462, "Drown in the Loch": 574, "Extinction Event": 665, "Feed the Swarm": 707, "Mission Briefing": 1283, "Sorin the Mirthless": 1855, "Undercity Sewers": 2162, "Fiery Impulse_SB": 720, "Galvanic Iteration_SB": 779, "Liliana of the Veil_SB": 1174, "Lush Portico": 1210, "Soul Partition": 1858, "Strict Proctor": 1925, "Silence_SB": 1791, "Soul Partition_SB": 1859, "Rockface Village": 1646, "Irrigated Farmland": 1003, "Angrath, the Flame-Chained_SB": 57, "Brave the Elements_SB": 230, "Cache Grab": 256, "Gilded Goose": 806, "Traverse the Ulvenwald": 2116, "Vinereap Mentor": 2223, "Abrupt Decay_SB": 7, "Faerie Mastermind_SB": 683, "Maelstrom Pulse_SB": 1216, "Shoot the Sheriff": 1780, "Lost Legacy_SB": 1203, "Syr Ginger, the Meal Ender": 1975, "Giant Killer": 800, "Gleeful Demolition": 818, "Imodane's Recruiter": 961, "Knight-Errant of Eos": 1093, "Novice Inspector": 1378, "Resolute Reinforcements": 1609, "Thraben Inspector": 2067, "Venerated Loxodon": 2214, "Warden of the Inner Sky": 2263, "Phantom Interference": 1472, "Transmogrify": 2113, "Unable to Scream_SB": 2157, "Meticulous Archive": 1272, "Scavenger Grounds": 1692, "Glissa Sunslayer": 821, "Raffine's Informant": 1538, "Witherbloom Command": 2302, "Emeria's Call": 619, "Arid Archway": 87, "Castle Garenbrig": 290, "Crumbling Vestige": 426, "Dreamdew Entrancer": 566, "Fecund Greenshell": 704, "Insidious Fungus": 979, "Sire of Seven Deaths": 1808, "Spelunking": 1879, "Spinewoods Armadillo": 1883, "Tyrranax Rex_SB": 2143, "Wolfwillow Haven": 2312, "The Mightstone and Weakstone_SB": 2036, "Tranquil Frillback_SB": 2112, "Anger of the Gods": 55, "Big Score": 163, "Commercial District": 384, "Rockfall Vale": 1647, "Smuggler's Surprise": 1838, "Trumpeting Carnosaur": 2131, "Vaultborn Tyrant": 2211, "Cindervines_SB": 347, "Kogla and Yidaro_SB": 1097, "Portal to Phyrexia_SB": 1501, "Vampires' Vengeance_SB": 2207, "Ray of Enfeeblement_SB": 1562, "Destroy Evil": 509, "Serra Paragon_SB": 1740, "Jeskai Ascendancy": 1023, "Paradise Druid": 1451, "Restless Spire": 1617, "Sylvan Awakening": 1971, "Saheeli, Sublime Artificer_SB": 1675, "Thassa's Oracle_SB": 2018, "Youthful Valkyrie": 2335, "Remorseful Cleric": 1599, "Overgrown Farmland": 1434, "Ajani, Sleeper Agent_SB": 34, "Lion Sash_SB": 1183, "Questing Druid": 1529, "Nissa, Who Shakes the World": 1366, "Polukranos Reborn": 1492, "Nylea's Intervention_SB": 1386, "Obstinate Baloth_SB": 1396, "Unholy Annex // Ritual Chamber": 2171, "High Noon": 920, "Day's Undoing_SB": 461, "Zombify": 2349, "Slaughter Games_SB": 1827, "Akal Pakal, First Among Equals": 37, "Courser of Kruphix": 411, "Fauna Shaman": 695, "Gala Greeters": 776, "Kitesail Larcenist": 1083, "Sentinel of the Nameless City": 1735, "Timestream Navigator": 2081, "Dreamroot Cascade": 567, "Simic Manipulator": 1802, "Trygon Predator_SB": 2133, "Fear of Impostors_SB": 698, "Sporeweb Weaver_SB": 1893, "Azure Beastbinder_SB": 123, "Vivien, Champion of the Wilds_SB": 2235, "Mockingbird_SB": 1289, "Simic Manipulator_SB": 1803, "Turntimber Symbiosis": 2136, "Vivien, Arkbow Ranger": 2234, "Kogla, the Titan Ape": 1098, "Tyvar, the Pummeler": 2147, "Cavalier of Thorns_SB": 306, "Polukranos Reborn_SB": 1493, "Ulamog, the Ceaseless Hunger_SB": 2151, "Ulvenwald Oddity_SB": 2154, "Depala, Pilot Exemplar": 498, "Embercleave": 614, "Magda, Brazen Outlaw": 1219, "Magda, the Hoardmaster": 1220, "Portal to Phyrexia": 1500, "Roaming Throne": 1639, "Toolcraft Exemplar": 2098, "Unlicensed Hearse": 2177, "Veteran Motorist": 2218, "Doorkeeper Thrull_SB": 541, "Bilious Skulldweller": 164, "Call of the Death-Dweller": 260, "Chevill, Bane of Monsters": 343, "Fynn, the Fangbearer": 774, "Ghost Vacuum": 794, "Heroic Intervention": 913, "Hooded Blightfang": 932, "Malakir Rebirth": 1228, "Nighthawk Scavenger": 1354, "Wasteland Viper": 2269, "Glissa Sunslayer_SB": 822, "Infectious Bite_SB": 968, "Castle Embereth": 289, "Hired Claw": 924, "Nahiri's Warcrafting_SB": 1329, "Obosh, the Preypiercer_SB": 1394, "Acererak the Archlich": 11, "Eldritch Evolution": 599, "Gwenna, Eyes of Gaea": 869, "Honest Rutstein": 931, "Kinnan, Bonder Prodigy": 1076, "Plaza of Heroes": 1490, "Relic of Legends": 1597, "Tranquil Frillback": 2111, "Assassin's Trophy_SB": 100, "Elder Gargaroth_SB": 596, "Can't Stay Away": 266, "Grisly Salvage": 860, "Witherbloom Command_SB": 2303, "Reckoner Bankbuster": 1577, "Brightclimb Pathway": 235, "Caves of Koilos": 310, "Shadowy Backstreet": 1753, "Legion's Landing": 1144, "Carrot Cake": 275, "Nine Lives": 1357, "Caretaker's Talent": 271, "Coveted Falcon": 412, "Beseech the Mirror": 159, "Kaya's Wrath": 1055, "Caretaker's Talent_SB": 272, "Kaya, Orzhov Usurper_SB": 1058, "Rite of Oblivion_SB": 1633, "Fountainport_SB": 761, "Necromentia_SB": 1341, "Solemnity_SB": 1852, "Temple of Mystery": 2000, "Peer into the Abyss": 1466, "Unauthorized Exit_SB": 2158, "Fading Hope_SB": 678, "Demilich": 489, "Split Up": 1890, "Case of the Filched Falcon": 282, "Leyline Axe": 1145, "The Royal Scions": 2040, "Cryptic Coat_SB": 432, "Anointed Peacekeeper": 66, "Cave of the Frost Dragon": 307, "Elite Spellbinder_SB": 606, "Guardian of Faith_SB": 865, "Sweltering Suns_SB": 1965, "Young Pyromancer_SB": 2334, "Tear Asunder_SB": 1991, "Kogla and Yidaro": 1096, "Vampires' Vengeance": 2206, "Trumpeting Carnosaur_SB": 2132, "Colossus Hammer": 380, "Fervent Champion": 712, "Kellan, the Fae-Blooded": 1067, "Kemba, Kha Enduring": 1068, "Lavaspur Boots": 1130, "Shardmage's Rescue": 1758, "Sigarda's Aid": 1789, "Surge of Salvation": 1957, "Surge of Salvation_SB": 1958, "Dusk // Dawn_SB": 582, "Torpor Orb_SB": 2104, "Caustic Bronco": 299, "Day of Judgment_SB": 459, "Last Breath_SB": 1128, "Deathrite Shaman": 473, "Forsaken Miner": 753, "Insidious Roots": 980, "Priest of Forgotten Gods": 1506, "Rubblebelt Maverick": 1661, "Scrapheap Scrounger": 1705, "Tyvar, Jubilant Brawler": 2146, "Cleansing Nova_SB": 356, "Abyssal Harvester": 10, "Unlucky Witness": 2179, "Kroxa, Titan of Death's Hunger_SB": 1114, "Golgari Charm_SB": 842, "Thalia, Guardian of Thraben_SB": 2015, "Invasion of Gobakhan": 993, "Shock": 1779, "Galvanic Iteration": 778, "Temporal Trespass": 2001, "Jace, Wielder of Mysteries_SB": 1016, "Proft's Eidetic Memory_SB": 1511, "Cragcrown Pathway": 415, "Palani's Hatcher": 1450, "Thunderherd Migration": 2076, "Triumphant Chomp": 2129, "Cease // Desist_SB": 312, "Boros Charm": 216, "Eidolon of the Great Revel": 591, "Deflecting Palm_SB": 488, "Searing Blood_SB": 1719, "Skullcrack_SB": 1816, "Selfless Spirit_SB": 1734, "Flicker of Fate": 736, "Elspeth's Smite": 608, "Lyra Dawnbringer_SB": 1212, "Beanstalk Giant": 151, "Greater Tanuki": 855, "Herd Migration": 911, "Quintorius Kand": 1534, "Release to the Wind": 1595, "Spark Double": 1872, "Bedeck // Bedazzle_SB": 153, "Boseiju, Who Endures_SB": 221, "Consign // Oblivion_SB": 396, "Gyruda, Doom of Depths_SB": 871, "Keruga, the Macrosage_SB": 1072, "Swamp_SB": 1962, "Virtue of Persistence_SB": 2228, "Boros Elite": 217, "Guardian of New Benalia": 866, "Intrepid Adversary": 990, "Luminarch Aspirant": 1207, "Mardu Woe-Reaper": 1241, "Mobilized District": 1287, "Ossification": 1424, "Precinct Captain": 1505, "Soldier of the Pantheon": 1851, "Spellbook Vendor": 1878, "Sungold Sentinel": 1943, "Banisher Priest_SB": 136, "Bounty Agent_SB": 225, "Fateful Absence_SB": 694, "Rally the Ranks_SB": 1549, "Soul-Guide Lantern_SB": 1863, "Wicked Wolf_SB": 2289, "Absorb": 8, "Dream Trawler_SB": 565, "Audacity": 106, "Overlord of the Mistmoors_SB": 1442, "Three Steps Ahead_SB": 2071, "Dream Trawler": 564, "Chandra, Awakened Inferno_SB": 330, "Surge of Righteousness_SB": 1956, "Protect the Negotiators_SB": 1518, "Loran of the Third Path": 1196, "Consign // Oblivion": 395, "Wild Slash": 2291, "Unchained Berserker_SB": 2159, "Fear of Isolation": 699, "Hopeless Nightmare": 935, "Tinybones Joins Up": 2082, "Built to Smash": 247, "Thud": 2075, "Wayward Guide-Beast": 2272, "Dreadmaw's Ire_SB": 563, "Voldaren Thrillseeker_SB": 2248, "Defiant Strike": 487, "Dreadhorde Arcanist": 560, "Gods Willing": 838, "Renegade Tactics": 1602, "Knight of Grace_SB": 1091, "Enduring Innocence_SB": 630, "The Book of Exalted Deeds": 2023, "Vivien Reid_SB": 2233, "Bushwhack": 253, "Innkeeper's Talent": 973, "Snakeskin Veil": 1840, "Chained to the Rocks": 320, "Escape to the Wilds": 641, "Selfless Glyphweaver": 1730, "Slaughter Games": 1826, "Lavinia, Azorius Renegade_SB": 1132, "Cling to Dust_SB": 365, "Syr Ginger, the Meal Ender_SB": 1976, "Case of the Uneaten Feast": 286, "Lunarch Veteran": 1209, "Trelasarra, Moon Dancer": 2124, "Voice of the Blessed": 2242, "Summary Dismissal_SB": 1934, "Demonic Counsel": 494, "Stern Lesson": 1908, "Sire of Insanity_SB": 1807, "Abhorrent Oculus": 2, "Quicken": 1532, "Cry of the Carnarium_SB": 428, "Glistening Deluge_SB": 823, "Long Goodbye_SB": 1193, "Overlord of the Balemurk_SB": 1437, "Unholy Annex && Ritual Chamber_SB": 2170, "Cityscape Leveler": 349, "Outland Liberator_SB": 1432, "Lightning Helix_SB": 1168, "Commit // Memory": 385, "Sheoldred's Edict_SB": 1771, "Flip the Switch": 737, "Valgavoth, Terror Eater_SB": 2200, "Glorious Protector_SB": 825, "Siphon Insight_SB": 1806, "Blood Baron of Vizkopa": 189, "Culling Ritual_SB": 436, "Ral, Crackling Wit_SB": 1546, "Westvale Abbey": 2287, "Imodane's Recruiter_SB": 962, "Thought-Knot Seer_SB": 2063, "Voice of Resurgence_SB": 2239, "The Wandering Rescuer_SB": 2051, "Niambi, Esteemed Speaker_SB": 1350, "Ornithopter": 1422, "Satoru, the Infiltrator": 1685, "Kaito, Cunning Infiltrator": 1039, "Kaito Shizuki": 1035, "Dokuchi Silencer_SB": 537, "Skyclave Apparition_SB": 1818, "Warping Wail_SB": 2265, "Elspeth, Sun's Champion_SB": 612, "Heliod's Intervention_SB": 900, "Voracious Hydra_SB": 2252, "Thieves' Guild Enforcer": 2054, "Soaring Thought-Thief": 1848, "Into the Story": 989, "Restless Reef": 1616, "Test of Talents_SB": 2010, "Ascendant Spirit": 89, "Plumecreed Escort": 1491, "Geistlight Snare": 786, "Faceless Haven": 675, "Lofty Denial_SB": 1191, "Icon of Ancestry_SB": 953, "Exquisite Firecraft_SB": 664, "Kaervek, the Punisher": 1032, "Zoraline, Cosmos Caller": 2350, "Fracture_SB": 762, "Augur of Bolas": 110, "Essence Flux": 647, "Fading Hope": 677, "Fallaji Archaeologist": 686, "Neoform": 1347, "Satyr Wayfinder": 1686, "Stubborn Denial": 1929, "Thundertrap Trainer": 2079, "Tyvar's Stand": 2144, "Mazemind Tome_SB": 1257, "Natural State_SB": 1339, "Tamiyo's Safekeeping_SB": 1984, "Adanto Vanguard": 14, "Apostle of Purifying Light": 69, "Glass Casket": 813, "Swiftfoot Boots": 1966, "Thran Power Suit": 2068, "Blossoming Defense": 201, "Questing Druid_SB": 1530, "Caustic Bronco_SB": 300, "Graveyard Trespasser_SB": 851, "Virtue of Persistence": 2227, "Roaring Furnace && Steaming Sauna_SB": 1641, "Aftermath Analyst": 26, "Annie Joins Up": 62, "Brokers Hideout": 240, "Cabaretti Courtyard": 255, "Emrakul, the Promised End": 621, "Lotus Cobra": 1204, "Lumra, Bellow of the Woods": 1208, "Nissa, Resurgent Animist": 1363, "Port of Karfell": 1496, "Riveteers Overlook": 1637, "The World Tree": 2052, "Zacama, Primal Calamity": 2337, "Doppelgang_SB": 543, "Titania, Voice of Gaea_SB": 2089, "Grand Abolisher_SB": 848, "Treacherous Blessing_SB": 2118, "Foundry Street Denizen": 758, "Legion Loyalist": 1142, "Spinner of Souls": 1884, "Klothys, God of Destiny_SB": 1086, "Masked Vandal_SB": 1249, "Umori, the Collector_SB": 2155, "Blast Zone": 180, "Glass Casket_SB": 814, "Ojer Axonil, Deepest Might": 1400, "Leyline of Combustion_SB": 1149, "Scorching Shot_SB": 1700, "Tithing Blade": 2090, "Grasp of Darkness_SB": 849, "Necrotic Wound": 1342, "Souls of the Lost": 1868, "Necrotic Wound_SB": 1343, "March of Swirling Mist_SB": 1238, "Horned Loch-Whale_SB": 937, "Squirming Emergence": 1896, "Souls of the Lost_SB": 1869, "Ruric Thar, the Unbowed": 1668, "Sunfall_SB": 1942, "Drowned Catacomb": 575, "Woodland Cemetery": 2314, "Barrier Breach_SB": 142, "Scattered Groves": 1690, "Voyaging Satyr_SB": 2255, "Hallowed Moonlight": 875, "Otherworldly Gaze": 1428, "Experimental Augury": 659, "Fleeting Spirit": 735, "Get Out": 790, "Lore Drakkis": 1201, "Open the Omenpaths": 1415, "Saiba Cryptomancer": 1676, "Sea-Dasher Octopus": 1713, "Vadrok, Apex of Thunder": 2195, "Dromoka's Command": 572, "Kappa Tech-Wrecker": 1044, "Eldrazi Displacer_SB": 598, "Weathered Runestone_SB": 2276, "Scorching Shot": 1699, "Welcoming Vampire": 2282, "Candy Trail": 268, "Crucible of Worlds": 423, "March of Wretched Sorrow": 1239, "Mazemind Tome": 1256, "Plains_SB": 1486, "Destiny Spinner": 507, "Izoni, Center of the Web": 1009, "Noxious Gearhulk": 1381, "Yorion, Sky Nomad": 2332, "Cavern of Souls_SB": 309, "Destiny Spinner_SB": 508, "Glarb, Calamity's Augur_SB": 812, "Sin Collector_SB": 1805, "Cult Conscript": 437, "Haywire Mite": 885, "Culling Ritual": 435, "Might of the Meek": 1273, "Slickshot Show-Off_SB": 1831, "Mutavault_SB": 1324, "Mukotai Ambusher_SB": 1317, "Oracle of Tragedy": 1420, "Samut, Voice of Dissent": 1679, "Soulflayer": 1866, "Striped Riverwinder": 1927, "Urborg Scavengers": 2189, "Zetalpa, Primal Dawn": 2345, "Cast Out": 287, "Day of Judgment": 458, "Lay Down Arms": 1133, "Blast Zone_SB": 181, "Cleansing Wildfire_SB": 358, "Vanish into Eternity_SB": 2208, "Clever Impersonator": 360, "Gyruda, Doom of Depths": 870, "Tribute to Horobi": 2126, "Void Winnower_SB": 2244, "Hunter's Talent_SB": 948, "Eidolon of Rhetoric_SB": 590, "Remorseful Cleric_SB": 1600, "Hunter's Talent": 947, "Rhonas the Indomitable": 1622, "Vengeful Possession": 2216, "Hidetsugu's Second Rite_SB": 919, "Nurturing Pixie": 1384, "Optimistic Scavenger": 1418, "Collective Brutality": 371, "Trial of Ambition": 2125, "Kaito, Bane of Nightmares_SB": 1038, "Pawpatch Recruit": 1463, "Extract the Truth_SB": 667, "Malcolm, Alluring Scoundrel": 1229, "Ertai Resurrected": 639, "Get Out_SB": 791, "Jace, Vryn's Prodigy_SB": 1015, "Pia Nalaar, Consul of Revival": 1480, "Reckless Impulse": 1573, "Showdown of the Skalds": 1784, "Wrenn's Resolve": 2320, "Showdown of the Skalds_SB": 1785, "Preacher of the Schism_SB": 1504, "Twisted Fealty_SB": 2141, "Thirst for Meaning": 2057, "Entity Tracker_SB": 636, "Sunset Revelry_SB": 1949, "Bassara Tower Archer": 145, "Cloudsteel Kirin": 367, "Gladecover Scout": 811, "Lizard Blades": 1186, "Chained to the Rocks_SB": 321, "Trostani, Three Whispers": 2130, "Crystal Barricade_SB": 434, "Bloodsoaked Champion": 197, "Osteomancer Adept": 1426, "Snarling Gorehound": 1842, "Underground Mortuary": 2163, "Knight of Dusk's Shadow_SB": 1089, "Voldaren Thrillseeker": 2247, "Tree of Perdition": 2123, "Viashino Pyromancer": 2220, "Searing Blood": 1718, "Chandra, Torch of Defiance_SB": 336, "Bomat Courier_SB": 208, "Bonecrusher Giant_SB": 211, "Magma Spray_SB": 1224, "Lightning Strike_SB": 1170, "Aclazotz, Deepest Betrayal_SB": 13, "Aven Mindcensor_SB": 115, "Camellia, the Seedmiser": 265, "Deathcap Glade": 470, "Trail of Crumbs": 2109, "Vraska, Golgari Queen": 2258, "Fugitive Codebreaker_SB": 772, "Hollow One": 928, "Restless Vents": 1618, "Fiery Temper": 721, "Stalactite Stalker": 1898, "Harvester of Misery_SB": 883, "Hostile Investigator_SB": 943, "Lamplight Phoenix_SB": 1124, "Treacherous Blessing": 2117, "Biting-Palm Ninja": 169, "Dokuchi Silencer": 536, "Silver-Fur Master": 1796, "Thousand-Faced Shadow": 2066, "Kaito Shizuki_SB": 1036, "Rakdos Joins Up": 1542, "Massacre Wurm_SB": 1251, "Helping Hand": 905, "Pawpatch Recruit_SB": 1464, "Assimilation Aegis": 101, "Brass Knuckles": 227, "Fabrication Foundry": 674, "Ingenious Smith": 972, "Inventors' Fair": 997, "Metalwork Colossus": 1270, "Moonsnare Prototype": 1306, "Sanctum of Ugin": 1680, "Simulacrum Synthesizer": 1804, "The Irencrag": 2031, "Metallic Rebuke_SB": 1269, "Mystic Forge_SB": 1325, "Colossal Skyturtle_SB": 379, "Takenuma, Abandoned Mire_SB": 1980, "Holy Cow": 929, "Stern Dismissal": 1906, "Soul Transfer": 1860, "Horned Loch-Whale": 936, "Sphinx's Revelation": 1881, "Tale's End": 1981, "Urza's Sylex_SB": 2194, "Omen of the Dead": 1404, "Kayla's Reconstruction_SB": 1060, "Sentinel of the Nameless City_SB": 1736, "Welcoming Vampire_SB": 2283, "Rottenmouth Viper_SB": 1655, "Roaring Furnace // Steaming Sauna_SB": 1642, "Werewolf Pack Leader": 2286, "Prowling Serpopard_SB": 1519, "Cathartic Pyre": 296, "Filter Out_SB": 723, "Kazandu Mammoth": 1061, "Sharp-Eyed Rookie": 1762, "Ral, Izzet Viceroy_SB": 1547, "Ayara's Oathsworn": 119, "Loran of the Third Path_SB": 1197, "Atraxa, Grand Unifier_SB": 105, "Jace, Vryn's Prodigy": 1014, "Vein Ripper": 2213, "Ledger Shredder_SB": 1137, "Kalitas, Traitor of Ghet": 1041, "Council of the Absolute_SB": 409, "Spirit of the Labyrinth_SB": 1887, "Suncleanser_SB": 1937, "Adventurous Impulse": 19, "Monastery Mentor_SB": 1297, "Snakeskin Veil_SB": 1841, "Cathar Commando_SB": 295, "Arcane Proxy": 77, "Chrome Host Seedshark": 345, "Path of Peril": 1458, "See the Truth": 1726, "Nashi, Searcher in the Dark": 1338, "Wilt-Leaf Liege_SB": 2293, "Shambling Vent": 1755, "Ambitious Farmhand": 46, "Cascading Cataracts": 279, "Charming Prince": 341, "Helpful Hunter": 904, "Serra Paragon": 1739, "Thalia's Lancers": 2012, "Brass's Tunnel-Grinder": 228, "Behold the Beyond": 155, "Gleaming Geardrake": 817, "Prosperous Thief_SB": 1517, "Augur of Autumn_SB": 109, "Lavabrink Venturer_SB": 1129, "Soulless Jailer_SB": 1867, "Shatterskull Smashing_SB": 1765, "Deathmist Raptor": 472, "Oblivious Bookworm": 1393, "Cerulean Drake_SB": 319, "Kraul Harpooner_SB": 1107, "Prosperous Innkeeper_SB": 1515, "Barkhide Troll": 141, "Gather Courage": 782, "Keen-Eyed Curator": 1063, "Tribute to the World Tree": 2127, "Inscription of Abundance_SB": 977, "Setessan Tactics_SB": 1743, "Chandra, Torch of Defiance": 335, "Fanatic of Mogis": 687, "Leyline of Combustion": 1148, "Razorkin Needlehead": 1564, "Shatterskull Smashing": 1764, "Solphim, Mayhem Dominus": 1853, "Torbran, Thane of Red Fell": 2099, "Altanak, the Thrice-Called": 45, "Say Its Name": 1688, "Thalia and The Gitrog Monster": 2011, "Cosmic Rebirth_SB": 408, "Dreadbore_SB": 559, "Cavalier of Dawn": 303, "Kotose, the Silent Spider": 1105, "Marina Vendrell": 1242, "Archon of Absolution_SB": 83, "Faithful Mending": 685, "Recommission": 1580, "Tainted Indulgence": 1978, "Tome Scour": 2096, "Unable to Scream": 2156, "Stubborn Denial_SB": 1930, "Bloodthirsty Conqueror": 198, "Dina, Soul Steeper": 521, "Dryad of the Ilysian Grove": 577, "Iridescent Vinelasher": 1002, "Jaddi Offshoot": 1019, "Mirrorpool": 1279, "Retreat to Hagra": 1620, "Scapeshift": 1689, "Bristly Bill, Spine Sower_SB": 239, "Deathrite Shaman_SB": 474, "Undergrowth Champion_SB": 2165, "Blacksmith's Talent": 175, "Bladehold War-Whip": 178, "Chainsaw": 322, "Nahiri, Forged in Fury": 1330, "Sword of Forge and Frontier": 1968, "Rebel Salvo_SB": 1570, "Deputy of Detention": 500, "Tyvar, the Pummeler_SB": 2148, "Deputy of Detention_SB": 501, "Experimental Frenzy_SB": 661, "Massacre Wurm": 1250, "March of Swirling Mist": 1237, "Floodpits Drowner_SB": 740, "Brotherhood's End": 241, "Etali, Primal Conqueror": 648, "Seize the Spoils": 1728, "Worldspine Wurm_SB": 2318, "Xenagos, God of Revels_SB": 2323, "Light of Hope_SB": 1163, "Zoetic Glyph": 2348, "The Akroan War_SB": 2020, "Kellan, Planar Trailblazer": 1066, "Zurgo Bellstriker": 2352, "Valgavoth's Faithful": 2197, "Elder Gargaroth": 595, "Silverback Elder": 1797, "Silverback Elder_SB": 1798, "No More Lies_SB": 1373, "Celestial Armor": 314, "Citizen's Crowbar_SB": 348, "Gifted Aetherborn_SB": 805, "March of Wretched Sorrow_SB": 1240, "Dissection Tools": 530, "Perilous Snare": 1467, "Wedding Invitation": 2281, "Repurposing Bay_SB": 1607, "Monument to Endurance_SB": 1302, "Sab-Sunen, Luxa Embodied": 1671, "Bolas's Citadel": 205, "Catacomb Sifter": 294, "Woe Strider": 2310, "Liliana, Heretical Healer_SB": 1178, "Status // Statue_SB": 1902, "All That Glitters": 40, "Alpha Authority": 42, "Chaplain of Alms": 340, "Ethereal Armor": 650, "Gryff's Boon": 863, "Light-Paws, Emperor's Voice": 1164, "Rune of Might": 1666, "Sentinel's Eyes": 1737, "Toadstool Admirer": 2091, "Adanto Vanguard_SB": 15, "Mendicant Core, Guidelight": 1263, "Metallic Rebuke": 1268, "Voyager Glidecar": 2253, "Patchwork Automaton": 1456, "Bard Class": 139, "Birgi, God of Storytelling": 166, "Crater's Claws": 418, "Domri, Anarch of Bolas": 538, "Gallia of the Endless Dance": 777, "Hajar, Loyal Bodyguard": 872, "Klothys, God of Destiny": 1085, "Migloz, Maze Crusher": 1274, "Mox Amber": 1313, "Samut, Vizier of Naktamun": 1678, "Targ Nar, Demon-Fang Gnoll": 1988, "Xenagos, the Reveler": 2324, "Banefire_SB": 134, "Tormod's Crypt_SB": 2103, "Zurgo Bellstriker_SB": 2353, "Dawnbringer Cleric": 456, "Momentum Breaker_SB": 1295, "Shacklegeist_SB": 1748, "Hare Apparent": 881, "Zareth San, the Trickster": 2342, "Nighthawk Scavenger_SB": 1355, "Grim Bauble": 857, "Momentum Breaker": 1294, "Oildeep Gearhulk_SB": 1399, "Count on Luck_SB": 410, "Valor's Flagship": 2204, "Greasewrench Goblin": 854, "Moonshaker Cavalry_SB": 1305, "Nahiri, the Harbinger_SB": 1332, "Brightglass Gearhulk": 236, "Dredger's Insight": 570, "Archfiend's Vessel": 82, "Merfolk Secretkeeper": 1266, "Grim Bauble_SB": 858, "Djeru's Renunciation": 535, "Drannith Healer": 554, "Drannith Stinger": 556, "Flourishing Fox": 742, "Footfall Crater": 748, "Go for Blood": 831, "Marauding Mako": 1234, "Monument to Endurance": 1301, "Sunbillow Verge": 1936, "Zenith Flare": 2343, "Heroic Intervention_SB": 914, "Ketramose, the New Dawn_SB": 1074, "Behold the Multiverse": 156, "Mastermind's Acquisition": 1252, "Behold the Multiverse_SB": 157, "Ossification_SB": 1425, "Witchstalker Frenzy": 2299, "Memory Guardian": 1262, "Dreadhorde Arcanist_SB": 561, "Emry, Lurker of the Loch": 623, "Mishra's Research Desk": 1282, "Retraction Helix": 1619, "Saheeli, Sublime Artificer": 1674, "Tormod's Crypt": 2102, "Devout Decree_SB": 515, "Strangle_SB": 1922, "Valley Floodcaller_SB": 2203, "Valorous Stance_SB": 2205, "Tears of Valakut_SB": 1992, "Azor, the Lawbringer": 121, "Coalstoke Gearhulk": 368, "Mukotai Ambusher": 1316, "Bloodghast": 195, "Molt Tender": 1290, "Driven // Despair_SB": 571, "Ashiok, Wicked Manipulator_SB": 98, "Anim Pakal, Thousandth Moon": 59, "Basri, Tomorrow's Champion": 144, "Skrelv, Defector Mite": 1814, "Urza's Ruinous Blast_SB": 2193, "The Speed Demon": 2045, "Intimidation Tactics_SB": 986, "Innkeeper's Talent_SB": 974, "Dreadmaw's Ire": 562, "Deep-Cavern Bat_SB": 483, "Oildeep Gearhulk": 1398, "Feed the Cycle": 706, "Freestrider Lookout": 764, "Ketramose, the New Dawn": 1073, "Restless Cottage": 1613, "Scrabbling Claws": 1703, "Legion's End_SB": 1143, "Mosswood Dreadknight_SB": 1310, "Pest Control_SB": 1470, "Rankle's Prank": 1554, "Optimistic Scavenger_SB": 1419, "Doppelgang": 542, "Fires of Victory": 729, "Maestros Theater": 1218, "Shigeki, Jukai Visionary": 1775, "Virtue of Strength": 2229, "Worldsoul's Rage": 2316, "Bonny Pall, Clearcutter_SB": 212, "Roxanne, Starfall Savant_SB": 1657, "Willowrush Verge": 2292, "Commune with Spirits": 388, "Goro-Goro, Disciple of Ryusei": 845, "Itzquinth, Firstborn of Gishath": 1008, "Kari Zev, Skyship Raider": 1046, "Radha, Heart of Keld": 1536, "Redshift, Rocketeer Chief": 1586, "Ruby, Daring Tracker": 1662, "Feed the Clan_SB": 705, "Scorching Dragonfire_SB": 1698, "Bleachbone Verge": 183, "Starnheim Unleashed_SB": 1900, "Detention Chariot": 512, "Tune Up": 2134, "Kaya the Inexorable_SB": 1053, "Thundering Broodwagon": 2077, "Make Disappear_SB": 1227, "Secure the Wastes": 1725, "Bloodchief's Thirst_SB": 194, "Eaten Alive_SB": 585, "Benthic Biomancer": 158, "Mindspring Merfolk": 1277, "Tishana's Tidebinder": 2085, "Tidebinder Mage_SB": 2080, "Jace's Defeat_SB": 1013, "Hazoret, Godseeker": 891, "Fearless Swashbuckler": 701, "Gastal Thrillroller": 780, "Leyline Binding_SB": 1147, "Sire of Seven Deaths_SB": 1809, "Ugin, the Spirit Dragon_SB": 2150, "Dragonlord Dromoka": 548, "Ashiok, Nightmare Weaver": 95, "Memory Deluge_SB": 1261, "Clockwork Percussionist": 366, "Skullcrack": 1815, "Roast_SB": 1643, "Gods Willing_SB": 839, "Avishkar Raceway": 116, "Fuel the Flames_SB": 770, "Skycrash_SB": 1820, "Sea Gate Restoration": 1712, "Dig Through Time_SB": 520, "Murderous Rider": 1321, "Sign in Blood": 1790, "Collector's Cage": 374, "Dusk Rose Reliquary": 584, "Parting Gust": 1455, "Sandstorm Salvager": 1681, "Teething Wurmlet": 1993, "Pest Control": 1469, "Norin, Swift Survivalist": 1374, "Agatha of the Vile Cauldron": 28, "Chandra, Acolyte of Flame_SB": 329, "Untimely Malfunction_SB": 2184, "Empyrean Eagle": 620, "Lofty Denial": 1190, "Dewdrop Cure_SB": 517, "Mindlink Mech_SB": 1276, "Wastewood Verge": 2270, "Murderous Cut": 1319, "Anguished Unmaking_SB": 58, "Drownyard Temple": 576, "Narcomoeba": 1334, "Prized Amalgam": 1509, "Quag Feast": 1526, "Boommobile": 214, "Fomori Vault": 747, "Glint-Nest Crane": 820, "Hedron Archive": 899, "Paradox Engine": 1452, "Portal of Sanctuary": 1499, "Prophetic Prism": 1513, "Repurposing Bay": 1606, "Terrarion": 2007, "The Mightstone and Weakstone": 2035, "Thran Spider": 2069, "Workshop Assistant": 2315, "Lantern of the Lost_SB": 1127, "Liberator, Urza's Battlethopter_SB": 1155, "Noxious Gearhulk_SB": 1382, "Shrapnel Slinger_SB": 1788, "Giant Killer_SB": 801, "Ashiok, Nightmare Muse_SB": 94, "Immersturm Raider": 959, "The Speed Demon_SB": 2046, "Biting-Palm Ninja_SB": 170, "Kazuul's Toll Collector": 1062, "Shardmage's Rescue_SB": 1759, "Expedite": 655, "Waste Not_SB": 2267, "Burnout Bashtronaut": 250, "Draconautics Engineer": 546, "Fanatical Firebrand": 688, "Hobgoblin Bandit Lord": 927, "Howlsquad Heavy": 945, "Krenko, Mob Boss": 1111, "Goblin Ringleader_SB": 836, "Volley Veteran_SB": 2249, "Harrier Strix": 882, "Hypnotic Grifter": 951, "The Reality Chip": 2038, "Training Grounds": 2110, "Witness Protection": 2306, "Basilisk Collar_SB": 143, "Swiftfoot Boots_SB": 1967, "Fry_SB": 768, "Collision // Colossus": 377, "Overprotect_SB": 1444, "Stock Up": 1911, "Riverpyre Verge": 1636, "Strangle": 1921, "Temple of Epiphany": 1999, "Liliana, the Last Hope_SB": 1179, "Concealing Curtains": 390, "Riptide Gearhulk_SB": 1630, "Blade Historian": 176, "Jirina, Dauntless General": 1027, "Pyre of Heroes": 1521, "Secluded Courtyard": 1723, "Unclaimed Territory": 2160, "Jirina, Dauntless General_SB": 1028, "Night Clubber_SB": 1353, "Aegis Turtle_SB": 20, "Up the Beanstalk_SB": 2187, "Cleansing Wildfire": 357, "Crumble to Dust": 425, "Encroaching Wastes": 624, "Gnottvold Slumbermound": 828, "Haphazard Bombardment": 879, "Jaya's Greeting": 1021, "Ravager Wurm": 1561, "Rootbound Crag": 1651, "Rowan, Scholar of Sparks": 1656, "Rubble Reading": 1660, "Sheltered Thicket": 1767, "Structural Distortion": 1928, "Sylvan Primordial": 1973, "Territory Forge": 2008, "Twin Bolt": 2137, "Voyaging Satyr": 2254, "Herbology Instructor_SB": 909, "Nissa's Defeat_SB": 1360, "Peak Eruption_SB": 1465, "Scrabbling Claws_SB": 1704, "Analyze the Pollen": 48, "Ride's End": 1623, "Assassin's Trophy": 99, "Battle at the Bridge": 147, "Mephitic Draught": 1264, "Snow-Covered Swamp": 1847, "Spire of Industry": 1885, "Battle at the Bridge_SB": 148, "Hazoret the Fervent": 888, "Ashiok, Nightmare Muse": 93, "Murderous Cut_SB": 1320, "Borrowed Hostility": 219, "The Filigree Sylex_SB": 2028, "Barbed Batterfist": 138, "Webstrike Elite": 2278, "Yahenni's Expertise": 2325, "Commit // Memory_SB": 386, "Steel Seraph": 1905, "Demilich_SB": 490, "Progenitor Mimic": 1512, "Banefire": 133, "Koma, Cosmos Serpent_SB": 1101, "Hidetsugu Consumes All": 916, "Champion of the Perished": 325, "Cryptbreaker": 429, "Dark Salvation": 451, "Dread Wanderer": 557, "Relentless Dead": 1596, "Wayward Servant": 2273, "Zahur, Glory's Past": 2341, "Crippling Fear_SB": 422, "Phyrexian Censor": 1475, "Commune with Dinosaurs": 387, "Ghalta, Primal Hunger": 792, "Marauding Raptor": 1235, "Pugnacious Hammerskull": 1520, "Rampaging Raptor": 1552, "Regal Imperiosaur": 1591, "Regisaur Alpha": 1592, "Ripjaw Raptor": 1627, "Fighter Class": 722, "Flowerfoot Swordmaster": 743, "Mabel, Heir to Cragflame": 1213, "Chainsaw_SB": 323, "Nettle Guard_SB": 1348, "Sword of Forge and Frontier_SB": 1969, "Experimental Synthesizer": 662, "Violent Urge_SB": 2224, "Boon of Boseiju": 215, "Esika's Chariot_SB": 644, "Flameblade Adept": 732, "Highway Robbery": 922, "Maximize Velocity": 1254, "Ox of Agonas": 1445, "Birgi, God of Storytelling_SB": 167, "Lightning Axe_SB": 1166, "Expedition Map_SB": 657, "Stock Up_SB": 1912, "Wrenn and Realmbreaker": 2319, "Samut's Sprint": 1677, "Depopulate_SB": 499, "Unsubstantiate_SB": 2183, "Omen of the Dead_SB": 1405, "Lost Jitte": 1202, "Bloodchief's Thirst": 193, "Combat Research": 381, "Lazav, Wearer of Faces": 1134, "Medomai the Ageless": 1258, "Thalia, Heretic Cathar_SB": 2017, "Guardian of Faith": 864, "Fires of Victory_SB": 730, "Riptide Gearhulk": 1629, "Eidolon of the Great Revel_SB": 592, "Quick Study": 1531, "Festering Gulch": 713, "Carnage Tyrant": 273, "Gather Courage_SB": 783, "Nahiri, the Unforgiving_SB": 1333, "Kozilek's Return_SB": 1106, "Katilda, Dawnhart Martyr": 1049, "Feather, the Redeemed": 702, "Feather, the Redeemed_SB": 703, "Bitter Reunion": 171, "Etali, Primal Conqueror_SB": 649, "Restless Fortress": 1614, "Ruin-Lurker Bat": 1663, "Healer's Hawk": 893, "Essence Channeler": 646, "Exemplar of Light": 653, "Linden, the Steadfast Queen": 1180, "Authority of the Consuls": 111, "Scoured Barrens": 1701, "Rogue's Passage": 1648, "Dewdrop Cure": 516, "Afterburner Expert": 25, "Omnivorous Flytrap": 1413, "Agatha's Soul Cauldron_SB": 30, "Teferi, Hero of Dominaria_SB": 1995, "Adorned Pouncer": 18, "Arahbo, the First Fang": 73, "Open the Armory": 1414, "Roadside Reliquary": 1638, "Sacred Cat": 1672, "Ox of Agonas_SB": 1446, "Out of Air_SB": 1429, "Anzrag, the Quake-Mole": 68, "Temple of Abandon": 1998, "Tamiyo's Safekeeping": 1983, "Tear Asunder": 1990, "Blot Out": 202, "Questing Beast": 1527, "Thrun, Breaker of Silence": 2073, "Nissa, Ascended Animist": 1361, "Tyrranax Rex": 2142, "Nissa, Ascended Animist_SB": 1362, "Shifting Ceratops_SB": 1774, "Hornet Queen_SB": 939, "Twinshot Sniper": 2139, "Keruga, the Macrosage": 1071, "Agent of Treachery_SB": 32, "Twinshot Sniper_SB": 2140, "Cry of the Carnarium": 427, "Kaya, Orzhov Usurper": 1057, "Soul-Guide Lantern": 1862, "The End": 2025, "Calamity's Wake_SB": 258, "Exorcise_SB": 654, "Satoru Umezawa": 1684, "Play with Fire_SB": 1489, "Spontaneous Mutation_SB": 1892, "Painter's Studio // Defaced Gallery": 1449, "Chance for Glory_SB": 327, "Magmatic Chasm_SB": 1225, "Requisition Raid_SB": 1608, "Shrapnel Blast_SB": 1787, "Sorin, Vengeful Bloodlord_SB": 1857, "Exquisite Firecraft": 663, "Raucous Carnival": 1558, "Curse of Shaken Faith_SB": 441, "Tireless Tracker_SB": 2084, "Merfolk Mistbinder": 1265, "Merfolk Trickster_SB": 1267, "Smuggler's Copter_SB": 1837, "Debris Beetle": 475, "Mystic Repeal_SB": 1327, "Epic Downfall_SB": 638, "Cavalier of Flame": 304, "Nullhide Ferox_SB": 1383, "Builder's Talent": 246, "Sunder the Gateway": 1938, "Kitsa, Otterball Elite": 1084, "Valley Floodcaller": 2202, "Abhorrent Oculus_SB": 3, "Loran's Escape": 1198, "Blessed Defiance_SB": 185, "Reckless Stormseeker": 1576, "Rocketeer Boostbuggy": 1645, "The Akroan War": 2019, "Bladestitched Skaab": 179, "Lazotep Reaver": 1135, "Rotten Reunion_SB": 1653, "The Scarab God_SB": 2042, "Enduring Tenacity_SB": 631, "Cruelclaw's Heist_SB": 424, "Knight of Grace": 1090, "Swan Song_SB": 1963, "Chandra, Spark Hunter_SB": 334, "Growth Spiral": 861, "Ill-Timed Explosion_SB": 956, "Skyclave Cleric": 1819, "Ajani, Strength of the Pride_SB": 36, "Bomat Courier": 207, "Phoenix Chick": 1473, "Tasigur, the Golden Fang": 1989, "Gideon of the Trials": 802, "Radiant Flames_SB": 1537, "Azor, the Lawbringer_SB": 122, "Gix's Command_SB": 808, "Sorin the Mirthless_SB": 1856, "Mortify": 1307, "Doom Foretold": 539, "Nine-Lives Familiar": 1359, "Rite of Oblivion": 1632, "Starfield of Nyx": 1899, "Kaya's Wrath_SB": 1056, "Creeping Chill": 421, "Silversmote Ghoul": 1800, "Fog": 745, "Gaea's Blessing": 775, "Haze of Pollen": 887, "Jace, the Perfected Mind": 1017, "Tamiyo, Collector of Tales": 1985, "Union of the Third Path": 2173, "Winds of Qal Sisma": 2295, "Carnage Tyrant_SB": 274, "Drannith Ruins": 555, "Thought-Knot Seer": 2062, "Wasteland Strangler": 2268, "Phyrexian Fleshgorger": 1478, "Ifnir Deadlands": 954, "Bearer of Silence": 152, "Knight of the Ebon Legion": 1092, "Reality Smasher_SB": 1567, "Fuel the Flames": 769, "Shoot the Sheriff_SB": 1781, "Graf Reaver_SB": 846, "Kraul Whipcracker_SB": 1108, "Dive Down_SB": 533, "Fear of Impostors": 697, "Riptide Chimera": 1628, "Fleecemane Lion": 734, "Witchstalker_SB": 2301, "Yasharn, Implacable Earth": 2326, "Osseous Sticktwister": 1423, "Korvold, Fae-Cursed King": 1102, "Korvold, Fae-Cursed King_SB": 1103, "Selfless Glyphweaver_SB": 1731, "Demonic Bargain": 493, "Regal Bunnicorn": 1589, "Blood Spatter Analysis": 192, "Soul-Scar Mage_SB": 1865, "Dive Down": 532, "Jace Reawakened_SB": 1012, "Blessed Defiance": 184, "Homestead Courage": 930, "Alrund's Epiphany": 44, "Loot, the Pathfinder": 1195, "Obliterating Bolt_SB": 1392, "Phyrexian Dragon Engine": 1477, "Seasoned Hallowblade": 1721, "The Mycosynth Gardens": 2037, "Burning Earth_SB": 248, "Fugitive Codebreaker": 771, "Favored Hoplite": 696, "Flowstone Infusion": 744, "Sejiri Shelter": 1729, "Tenth District Legionnaire": 2005, "Invasion of New Phyrexia_SB": 996, "Wilt_SB": 2294, "Clifftop Lookout": 362, "Loot, Exuberant Explorer": 1194, "Risen Reef": 1631, "Tangled Florahedron": 1987, "Healer of the Glade_SB": 892, "Tale's End_SB": 1982, "Ashiok, Wicked Manipulator": 97, "Dreams of Steel and Oil": 568, "Elspeth Conquers Death_SB": 607, "Gisa, the Hellraiser_SB": 807, "Ride's End_SB": 1624, "Omen of the Sun_SB": 1409, "Omen of the Sun": 1408, "Monastery Mentor": 1296, "Seeker of the Way_SB": 1727, "Redcap Melee": 1583, "Experimental Confectioner": 660, "Commence the Endgame_SB": 383, "Forbidden Friendship": 749, "Case of the Gateway Express_SB": 284, "Collective Effort_SB": 373, "Forge Devil_SB": 752, "Perilous Snare_SB": 1468, "Enduring Courage": 626, "Beseech the Mirror_SB": 160, "Setessan Champion": 1741, "Trapped in the Screen": 2114, "Trapped in the Screen_SB": 2115, "The Birth of Meletis": 2022, "Cryptolith Rite": 433, "Eidolon of Blossoms": 588, "Eidolon of Blossoms_SB": 589, "Bottomless Pool && Locker Room": 223, "Bottomless Pool && Locker Room_SB": 224, "Knockout Blow": 1094, "Hidetsugu's Second Rite": 918, "Incubation Druid": 965, "Interplanar Beacon": 983, "Kaya the Inexorable": 1052, "Mistrise Village": 1284, "Nicol Bolas, Dragon-God": 1351, "Ral Zarek": 1545, "Tamiyo, Field Researcher": 1986, "Vraska, Betrayal's Sting": 2257, "Kunoros, Hound of Athreos_SB": 1118, "Tersa Lightshatter": 2009, "Mox Jasper": 1314, "Mistrise Village_SB": 1285, "Elspeth, Storm Slayer": 610, "United Battlefront": 2174, "Voice of Victory": 2240, "Sunder the Gateway_SB": 1939, "Voice of Victory_SB": 2241, "Descendant of Storms": 502, "Cease // Desist": 311, "Cram Session": 416, "Fell": 710, "Insatiable Avarice": 975, "The Biblioplex": 2021, "Valgavoth's Onslaught": 2198, "Containment Breach_SB": 399, "Environmental Sciences_SB": 637, "Introduction to Annihilation_SB": 991, "Mascot Exhibition_SB": 1247, "Pest Summoning_SB": 1471, "Dragonfire Blade": 547, "Lavaspur Boots_SB": 1131, "Qarsi Revenant": 1524, "Qarsi Revenant_SB": 1525, "Cemetery Illuminator": 315, "Muraganda Raceway": 1318, "Rakdos's Return_SB": 1543, "Case of the Crimson Pulse": 280, "Caustic Exhale": 301, "Dispelling Exhale": 529, "Foul-Tongue Invocation": 756, "Marang River Regent": 1232, "Scavenger Regent": 1693, "Silumgar's Scorn": 1794, "Caustic Exhale_SB": 302, "Strategic Betrayal_SB": 1924, "Cori-Steel Cutter": 406, "Wild Ride": 2290, "Cori-Steel Cutter_SB": 407, "Desperate Measures": 505, "Katilda, Dawnhart Prime": 1051, "Songcrafter Mage": 1854, "Three Tree City": 2072, "Militia Bugler_SB": 1275, "Dragonskull Summit": 551, "Sunpearl Kirin": 1946, "History of Benalia": 925, "The Restoration of Eiganjo": 2039, "Rot-Curse Rakshasa": 1652, "Strategic Betrayal": 1923, "Archangel Elspeth": 78, "Painter's Studio && Defaced Gallery": 1448, "Treasure Map": 2121, "Faceless Haven_SB": 676, "This Town Ain't Big Enough_SB": 2059, "Flashfreeze_SB": 733, "Murderous Rider_SB": 1322, "Cori Mountain Monastery": 405, "Stormwing Entity": 1920, "Gurmag Angler": 867, "Stormscale Scion": 1918, "Stormscale Scion_SB": 1919, "Metamorphic Alteration": 1271, "Not on My Watch_SB": 1376, "Of One Mind": 1397, "Banishing Slash": 137, "Jaya, Fiery Negotiator": 1022, "United Battlefront_SB": 2175, "Icon of Ancestry": 952, "Fire Prophecy": 726, "Warden of the Grove": 2262, "Surrak, Elusive Hunter_SB": 1960, "White Sun's Twilight_SB": 2288, "Paradoxical Outcome_SB": 1453, "Break Out": 233, "Masked Vandal": 1248, "Fanatical Firebrand_SB": 689, "Gruul Charm_SB": 862, "Scavenger's Talent_SB": 1695, "Ygra, Eater of All_SB": 2331, "Liliana, Death's Majesty": 1176, "Urgent Necropsy": 2192, "Decadent Dragon_SB": 476, "Runed Halo": 1667, "Undead Sprinter_SB": 2161, "Boros Reckoner": 218, "Crackling Drake": 413, "Phyrexian Obliterator": 1479, "Atarka's Command_SB": 103, "Craterhoof Behemoth": 419, "Decisive Denial": 478, "Ebondeath, Dracolich": 586, "Ertai's Scorn": 640, "Rakshasa's Bargain": 1544, "Rewind": 1621, "Unwind": 2185, "Awaken the Honored Dead_SB": 118, "Deathmark_SB": 471, "Gaze of Granite_SB": 784, "Lutri, the Spellchaser_SB": 1211, "Shadows' Verdict_SB": 1750, "Specter's Shriek_SB": 1873, "Thrun, Breaker of Silence_SB": 2074, "Abrade": 4, "Collected Company_SB": 370, "Elspeth, Storm Slayer_SB": 611, "Herald of Eternal Dawn_SB": 908, "Jeskai Revelation": 1024, "Yathan Roadwatcher": 2328, "Long Goodbye": 1192, "Selfless Savior": 1732, "Legion Angel": 1138, "Wojek Investigator": 2311, "Legion Angel_SB": 1139, "Apostle of Purifying Light_SB": 70, "Sixth Sense": 1810, "Kaya's Ghostform": 1054, "Hammerhand": 877, "Aqueous Form": 72, "Cartouche of Solidarity": 277, "Severance Priest": 1746, "Ray of Frost_SB": 1563, "Fiery Annihilation_SB": 718, "Dragonlord Silumgar": 550, "Painful Truths": 1447, "Search for Azcanta": 1717, "Supreme Will": 1955, "Contraband Kingpin_SB": 402, "Deafening Silence": 468, "Hardened Scales": 880, "Bontu's Last Reckoning_SB": 213, "Village Rites": 2221, "Izzet Charm": 1010, "Stormchaser's Talent_SB": 1917, "Rampaging Ferocidon": 1550, "The Sibsig Ceremony": 2044, "Friendly Teddy": 766, "Experiment One": 658, "Kitesail Freebooter_SB": 1082, "Muerra, Trash Tactician": 1315, "Cut // Ribbons": 442, "Dusk Legion Zealot": 583, "Markov Baron": 1246, "Patchwork Banner": 1457, "Bedevil_SB": 154, "Champion of Dusk_SB": 324, "Deadly Dispute_SB": 465, "Soul Transfer_SB": 1861, "Devilish Valet": 514, "Runaway Steam-Kin": 1664, "Grinning Ignus": 859, "Hazoret's Monument": 890, "Light Up the Night": 1160, "Cemetery Prowler_SB": 316, "Nissa, Steward of Elements_SB": 1364, "Kishla Village": 1080, "Greedy Freebooter": 856, "Shambling Ghast": 1754, "Hangarback Walker": 878, "Marketback Walker": 1245, "Diabolic Intent": 518, "Scrapwork Mutt": 1708, "Gleaming Barrier": 816, "Liliana's Standard Bearer": 1175, "Callous Bloodmage_SB": 262, "Crash Through": 417, "Ugin, Eye of the Storms": 2149, "Robber of the Rich_SB": 1644, "Shiko, Paragon of the Way": 1776, "Spring-Loaded Sawblades": 1894, "Dennick, Pious Apprentice_SB": 497, "Baneslayer Angel_SB": 135, "Sokenzan, Crucible of Defiance_SB": 1850, "Shadows' Verdict": 1749, "The Book of Exalted Deeds_SB": 2024, "Silent Hallcreeper": 1793, "Ashiok, Nightmare Weaver_SB": 96, "Evolved Sleeper": 652, "Tenacious Underdog_SB": 2004, "Rediscover the Way": 1585, "Balmor, Battlemage Captain": 130, "Sram, Senior Edificer": 1897, "Clever Lumimancer": 361, "Wizard's Retort_SB": 2309, "Shapers' Sanctuary": 1756, "Niv-Mizzet, Parun": 1368, "Sweltering Suns": 1964, "Marang River Regent_SB": 1233, "Katilda, Dawnhart Martyr_SB": 1050, "Omnath, Locus of the Roil": 1411, "Lilah, Undefeated Slickshot": 1172, "Giant Growth": 799, "Heritage Reclamation_SB": 912, "Brimaz, King of Oreskos": 237, "Intimidation Tactics": 985, "Liliana, Dreadhorde General_SB": 1177, "Fountainport Bell": 760, "Gonti, Lord of Luxury_SB": 844, "Spirit-Sister's Call": 1888, "Bandit's Talent_SB": 132, "Frontline Rush": 767, "Mortify_SB": 1308, "Treasure Cruise_SB": 2120, "Drake Hatcher": 552, "Eshki Dragonclaw": 642, "Herd Heirloom": 910, "The Huntsman's Redemption": 2030, "Canyon Slough": 269, "Captain Lannery Storm": 270, "Charming Scoundrel": 342, "Goldhound": 840, "Goldspan Dragon": 841, "Kalain, Reclusive Painter": 1040, "Marionette Master": 1243, "Reckless Fireweaver": 1572, "Sticky Fingers": 1909, "Treasure Vault": 2122, "Vraska's Contempt": 2256, "Karn, Scion of Urza_SB": 1047, "Moment of Craving_SB": 1293, "Ratchet Bomb_SB": 1556, "Unlicensed Disintegration_SB": 2176, "Amonkhet Raceway": 47, "Shore Up": 1782, "Aetherflux Reservoir_SB": 24, "Shore Up_SB": 1783, "Illness in the Ranks_SB": 957, "Phyrexian Arena_SB": 1474, "Abbot of Keral Keep": 0, "Anax, Hardened in the Forge": 49, "Incendiary Flow": 964, "Invigorated Rampage": 998, "Rimrock Knight": 1626, "Dire Fleet Daredevil_SB": 522, "Flame-Blessed Bolt_SB": 731, "Sword of Once and Future_SB": 1970, "Magebane Lizard": 1221, "Virulent Plague_SB": 2230, "Sunset Revelry": 1948, "Unexpected Windfall": 2166, "Worldspine Wurm": 2317, "Xenagos, God of Revels": 2322, "Arboreal Grazer_SB": 76, "Herald of Eternal Dawn": 907, "Skrelv's Hive": 1813, "Vaultborn Tyrant_SB": 2212, "Collector's Cage_SB": 375, "Defabricate_SB": 486, "Awaken the Honored Dead": 117, "Ghostly Dancers": 796, "Heliod, the Radiant Dawn_SB": 903, "Hushbringer_SB": 949, "Ureni, the Song Unending": 2191, "Duelist of the Mind": 579, "Portent of Calamity": 1502, "Extraordinary Journey": 670, "Concerted Defense_SB": 391, "Rapid Hybridization_SB": 1555, "Hooting Mandrills": 933, "Jin-Gitaxias, Progress Tyrant_SB": 1026, "Smuggler's Surprise_SB": 1839, "Toxrill, the Corrosive_SB": 2108, "Doom Whisperer_SB": 540, "Virtue of Courage": 2225, "Ball Lightning": 129, "Scytheclaw Raptor_SB": 1711, "Cathartic Reunion": 297, "Ancient Imperiosaur": 53, "Gastal Thrillroller_SB": 781, "Invasion of Ergamon": 992, "Reluctant Role Model": 1598, "Plargg, Dean of Chaos": 1487, "Dire Tactics": 523, "Order of Midnight": 1421, "Chandra, Hope's Beacon": 333, "Obscura Storefront": 1395, "Disfigure_SB": 527, "Blue Sun's Twilight": 204, "Conduit Pylons": 392, "Ipnu Rivulet": 1001, "Outcaster Greenblade": 1430, "Voltage Surge": 2250, "Fae of Wishes_SB": 680, "Drake Hatcher_SB": 553, "Koth, Fire of Resistance_SB": 1104, "Niv-Mizzet, Visionary_SB": 1371, "Dispel_SB": 528, "Dennick, Pious Apprentice": 496, "Slaughter Singer": 1828, "Venerated Rotpriest": 2215, "The Seedcore": 2043, "Crawling Chorus": 420, "Annex Sentry": 60, "Bloated Contaminator": 188, "Jawbone Duelist": 1020, "Overprotect": 1443, "Phyrexian Censor_SB": 1476, "Tyvar's Stand_SB": 2145, "Annex Sentry_SB": 61, "Melira, the Living Cure_SB": 1259, "Despark_SB": 504, "Baleful Mastery": 128, "Agonizing Remorse_SB": 33, "Gurmag Nightwatch": 868, "Secrets of the Key": 1724, "Vineglimmer Snarl": 2222, "Port Town": 1495, "Mystic Reflection": 1326, "Emergence Zone": 616, "Augmenter Pugilist": 107, "Augur of Autumn": 108, "Simic Charm": 1801, "Fortified Village": 755, "Biovisionary": 165, "Repudiate // Replicate_SB": 1605, "Chord of Calling_SB": 344, "Baird, Steward of Argive_SB": 126, "Glorybringer": 826, "Mizzium Mortars": 1286, "Ashen Rider": 90, "Not on My Watch": 1375, "Scattered Thoughts": 1691, "Nature's Rhythm": 1340, "Dryad's Revival": 578, "Mabel, Heir to Cragflame_SB": 1214, "Wear Down_SB": 2275, "Slagstorm_SB": 1825, "Cartouche of Zeal": 278, "Skylasher_SB": 1822, "Repel the Abominable": 1603, "Repel the Abominable_SB": 1604, "Stern Dismissal_SB": 1907, "Dark Petition_SB": 450, "Ritual of Soot_SB": 1634, "Hornet Queen": 938, "Ojer Taq, Deepest Foundation": 1401, "Pyroclasm": 1522, "Lord Skitter, Sewer King": 1200, "Tomik, Distinguished Advokist_SB": 2097, "Hearth Elemental": 895, "Sanguine Evangelist_SB": 1683, "Consuming Fervor": 398, "Aetherflux Reservoir": 23, "Mountain_SB": 1312, "Smoldering Egg": 1835, "Kaervek, the Spiteful_SB": 1033, "Ovalchase Daredevil": 1433, "Inscribed Tablet": 976, "Scourge of the Skyclaves": 1702, "Warlock Class": 2264, "Lich-Knights' Conquest": 1156, "Silent Gravestone_SB": 1792, "Ulcerate_SB": 2152, "Can't Stay Away_SB": 267, "Feldon, Ronom Excavator": 709, "Infuriate_SB": 970, "Chaos Wand_SB": 339, "Dissection Tools_SB": 531, "Jace, the Perfected Mind_SB": 1018, "Recommission_SB": 1581, "Abbot of Keral Keep_SB": 1, "Clarion Conqueror_SB": 355, "Rabbit Battery": 1535, "Faerie Dreamthief": 681, "Steamcore Scholar": 1904, "Winternight Stories": 2296, "Unholy Annex // Ritual Chamber_SB": 2172, "Defabricate": 485, "Immortal Phoenix_SB": 960, "Seasons Past": 1722, "Abuelo's Awakening": 9, "Summon: Knights of Round": 1935, "Cunning Coyote_SB": 439, "Yuna, Hope of Spira": 2336, "Blisterpod": 187, "Cartel Aristocrat": 276, "Rally the Ancestors": 1548, "Sephiroth, Fabled SOLDIER": 1738, "Starting Town": 1901, "Heliod, Sun-Crowned_SB": 901, "Ruthless Lawbringer_SB": 1670, "Lightwheel Enhancements": 1171, "Disenchant_SB": 526, "Joshua, Phoenix's Dominant": 1029, "Dark Confidant_SB": 448, "Kroxa and Kunoros": 1112, "Terra, Magical Adept": 2006, "Vivi Ornitier": 2231, "Demon Wall": 492, "Eiganjo, Seat of the Empire_SB": 594, "Vivi Ornitier_SB": 2232, "Unflinching Courage": 2167, "Unflinching Courage_SB": 2168, "Ishgard, the Holy See": 1005, "Fire Magic_SB": 725, "Echoing Deeps": 587, "Glimpse the Core": 819, "Hour of Promise": 944, "The Wandering Minstrel": 2050, "Kura, the Boundless Sky_SB": 1119, "Maelstrom of the Spirit Dragon_SB": 1217, "Twinmaw Stormbrood_SB": 2138, "Toski, Bearer of Secrets_SB": 2106, "Opera Love Song": 1416, "Surrak, Elusive Hunter": 1959, "Esper Origins": 645, "Cecil, Dark Knight": 313, "Dark Confidant": 447, "Gix, Yawgmoth Praetor": 809, "Vren, the Relentless_SB": 2259, "Kitesail Freebooter": 1081, "Lantern Scout_SB": 1126, "Cryptcaller Chariot": 430, "Ancient Adamantoise": 51, "Market Gnome": 1244, "Furnace Reins_SB": 773, "Buster Sword": 254, "Freya Crescent": 765, "Smitten Swordmaster": 1834, "Quicken_SB": 1533, "Alesha, Who Laughs at Fate": 39, "Zack Fair": 2339, "Tocasia's Welcome": 2092}}