{"vocabulary": {"Deduce": 505, "Demolition Field": 516, "Destroy Evil": 533, "Dovin's Veto": 574, "Elspeth's Smite": 643, "Farewell": 731, "Field of Ruin": 755, "Hall of Storm Giants": 912, "Hallowed Fountain": 913, "Hengegate Pathway": 949, "Island": 1052, "March of Otherworldly Light": 1290, "Memory Deluge": 1316, "No More Lies": 1430, "Plains": 1547, "Portable Hole": 1559, "Restless Anchorage": 1676, "Seachrome Coast": 1794, "Spell Pierce": 1964, "Sunken Citadel": 2040, "Supreme Verdict": 2050, "Teferi, Hero of Dominaria": 2090, "The Wandering Emperor": 2146, "Aether Gust_SB": 41, "Annul_SB": 80, "High Noon_SB": 965, "Lyra Dawnbringer_SB": 1266, "Narset, Parter of Veils_SB": 1396, "Serra Paragon_SB": 1821, "Shark Typhoon_SB": 1843, "Yorion, Sky Nomad_SB": 2442, "Arclight Phoenix": 103, "Artist's Talent": 105, "Consider": 418, "Fiery Impulse": 759, "Galvanic Iteration": 817, "Into the Flood Maw": 1033, "Lightning Axe": 1213, "Opt": 1478, "Otawara, Soaring City": 1488, "Picklock Prankster": 1544, "Proft's Eidetic Memory": 1572, "Riverglide Pathway": 1705, "Sleight of Hand": 1914, "Sokenzan, Crucible of Defiance": 1935, "Spirebluff Canal": 1976, "Steam Vents": 1995, "Stormcarved Coast": 2010, "Temporal Trespass": 2099, "Torch the Tower": 2201, "Treasure Cruise": 2222, "Abrade_SB": 24, "Anger of the Gods_SB": 73, "Beacon Bolt_SB": 165, "Brazen Borrower_SB": 250, "Mystical Dispute_SB": 1388, "Prismari Command_SB": 1570, "Thassa's Oracle_SB": 2117, "Third Path Iconoclast_SB": 2156, "Torch the Tower_SB": 2202, "Blackcleave Cliffs": 190, "Blazemire Verge": 198, "Blightstep Pathway": 202, "Blood Crypt": 207, "Bloodtithe Harvester": 215, "Blooming Marsh": 216, "Cauldron Familiar": 318, "Claim the Firstborn": 373, "Deadly Dispute": 489, "Den of the Bugbear": 521, "Fable of the Mirror-Breaker": 713, "Fatal Push": 733, "Fountainport": 801, "Mayhem Devil": 1310, "Overgrown Tomb": 1497, "Scavenger's Talent": 1774, "Swamp": 2058, "The Meathook Massacre": 2131, "Witch's Oven": 2408, "Ygra, Eater of All": 2439, "Bitter Triumph_SB": 189, "Blot Out_SB": 220, "Case of the Crimson Pulse_SB": 302, "Damping Sphere_SB": 470, "Haywire Mite_SB": 928, "Molten Collapse_SB": 1351, "Ob Nixilis, the Adversary_SB": 1451, "Pawpatch Formation_SB": 1524, "Redcap Melee_SB": 1649, "Thoughtseize_SB": 2165, "Blade of the Oni": 193, "Duress": 612, "Fear of Missing Out": 740, "Go for the Throat": 870, "Mutavault": 1383, "Sheoldred, the Apocalypse": 1856, "Sulfurous Springs": 2028, "Thoughtseize": 2164, "Unholy Annex && Ritual Chamber": 2271, "Urborg, Tomb of Yawgmoth": 2292, "Withering Torment": 2414, "Anoint with Affliction_SB": 82, "Dark Betrayal_SB": 471, "Extinction Event_SB": 708, "Hidetsugu Consumes All_SB": 961, "Liliana of the Veil_SB": 1223, "Unlicensed Hearse_SB": 2280, "Abrupt Decay": 25, "Breeding Pool": 252, "Bring to Light": 256, "Deafening Clarion": 491, "Fabled Passage": 715, "Floodfarm Verge": 777, "Forest": 790, "Godless Shrine": 876, "Hushwood Verge": 996, "Indatha Triome": 1013, "Jetmir's Garden": 1072, "Ketria Triome": 1123, "Knight of Autumn": 1134, "Kolaghan's Command": 1144, "Leyline Binding": 1193, "Lightning Helix": 1215, "Maelstrom Pulse": 1270, "Mountain": 1370, "Nahiri, the Harbinger": 1390, "Niv-Mizzet Reborn": 1425, "Niv-Mizzet, Supreme": 1428, "Omnath, Locus of Creation": 1470, "Pillage the Bog": 1545, "Raffine's Tower": 1601, "Raugrin Triome": 1625, "Sacred Foundry": 1749, "Savai Triome": 1766, "Spara's Headquarters": 1959, "Stomping Ground": 2006, "Sunfall": 2037, "Sylvan Caryatid": 2068, "Up the Beanstalk": 2288, "Valki, God of Lies": 2306, "Vanishing Verse": 2316, "Watery Grave": 2380, "Ziatora's Proving Ground": 2455, "Casualties of War_SB": 313, "Cleansing Nova_SB": 376, "Dovin's Veto_SB": 575, "Fatal Push_SB": 734, "Kambal, Consul of Allocation_SB": 1091, "Notion Thief_SB": 1436, "Unmoored Ego_SB": 2283, "Brazen Borrower": 249, "Ledger Shredder": 1182, "Spikefield Hazard": 1972, "Brotherhood's End_SB": 260, "Negate_SB": 1405, "Pyroclasm_SB": 1585, "Anointed Peacekeeper": 83, "Archon of Emeria": 101, "Aven Interrupter": 131, "Branchloft Pathway": 244, "Brushland": 261, "Collected Company": 391, "Eiganjo, Seat of the Empire": 626, "Elvish Mystic": 649, "Enduring Innocence": 668, "Kellan, Daring Traveler": 1113, "Llanowar Elves": 1240, "Razorverge Thicket": 1632, "Shefet Dunes": 1850, "Skyclave Apparition": 1902, "Temple Garden": 2093, "Thalia, Guardian of Thraben": 2112, "Voice of Resurgence": 2343, "Werefox Bodyguard": 2394, "Anointed Peacekeeper_SB": 84, "Brutal Cathar_SB": 263, "Elite Spellbinder_SB": 641, "Portable Hole_SB": 1560, "Rest in Peace_SB": 1675, "Werefox Bodyguard_SB": 2395, "Ghitu Lavarunner": 832, "Kumano Faces Kakkazan": 1160, "Light Up the Stage": 1209, "Monastery Swiftspear": 1357, "Monstrous Rage": 1359, "Play with Fire": 1550, "Ramunap Ruins": 1617, "Skewer the Critics": 1895, "Slickshot Show-Off": 1915, "Soul-Scar Mage": 1952, "Wizard's Lightning": 2418, "End the Festivities_SB": 664, "Hazoret the Fervent_SB": 931, "Kari Zev's Expertise_SB": 1093, "Rampaging Ferocidon_SB": 1615, "Razorkin Needlehead_SB": 1631, "Rending Volley_SB": 1664, "Roiling Vortex_SB": 1721, "Witchstalker Frenzy_SB": 2410, "Jwari Disruption": 1079, "Into the Flood Maw_SB": 1034, "Jace, Wielder of Mysteries_SB": 1062, "Callous Sell-Sword": 282, "Claim // Fame": 371, "Emberheart Challenger": 652, "Heartfire Hero": 936, "Infuriate": 1015, "Manifold Mouse": 1285, "Reckless Rage": 1639, "Screaming Nemesis": 1789, "Claim // Fame_SB": 372, "Claim the Firstborn_SB": 374, "Feed the Swarm_SB": 748, "Urabrask's Forge_SB": 2290, "Sunspine Lynx_SB": 2048, "Invoke Despair_SB": 1046, "Haunted Ridge": 925, "Kolaghan's Command_SB": 1145, "Lair of the Hydra": 1168, "Mirrex": 1336, "Dromoka's Command_SB": 605, "Reidane, God of the Worthy_SB": 1658, "Selfless Spirit_SB": 1815, "Agatha's Soul Cauldron": 48, "Barkchannel Pathway": 155, "Boseiju, Who Endures": 238, "Botanical Sanctum": 240, "Cenote Scout": 338, "Deeproot Pilgrimage": 508, "Forensic Researcher": 789, "Kiora's Follower": 1124, "Kiora, the Rising Tide": 1126, "Kumena's Speaker": 1161, "Kumena, Tyrant of Orazca": 1162, "Smuggler's Copter": 1921, "Vodalian Hexcatcher": 2342, "Yavimaya Coast": 2438, "Disdainful Stroke_SB": 551, "Enduring Curiosity_SB": 667, "Shapers' Sanctuary_SB": 1839, "Tishana's Tidebinder_SB": 2186, "Witness Protection_SB": 2417, "Ancestral Anger": 67, "Titan's Strength": 2189, "Screaming Nemesis_SB": 1790, "Virtue of Loyalty": 2332, "Dusk // Dawn_SB": 614, "The Wandering Emperor_SB": 2147, "Cavern of Souls": 328, "Flicker of Fate": 775, "Gloomlake Verge": 863, "Overlord of the Floodpits": 1501, "Overlord of the Hauntwoods": 1502, "Overlord of the Mistmoors": 1503, "Takenuma, Abandoned Mire": 2075, "Zagoth Triome": 2449, "Zur, Eternal Schemer": 2460, "Farewell_SB": 732, "Knockout Blow_SB": 1142, "Thought Distortion_SB": 2161, "Adarkar Wastes": 35, "Enduring Curiosity": 666, "Invasion of Gobakhan": 1039, "Mausoleum Wanderer": 1308, "Rattlechains": 1621, "Sheltered by Ghosts": 1852, "Spell Queller": 1966, "Supreme Phantom": 2049, "Sheltered by Ghosts_SB": 1853, "Split Up_SB": 1981, "Wedding Announcement_SB": 2390, "Go Blank_SB": 868, "Reckoner Bankbuster_SB": 1643, "Withering Torment_SB": 2415, "Aloe Alchemist": 58, "Atarka's Command": 119, "Burning-Tree Emissary": 268, "Copperline Gorge": 428, "Cunning Coyote": 463, "Karplusan Forest": 1096, "Reckless Bushwhacker": 1635, "Thornspire Verge": 2160, "Destructive Revelry_SB": 535, "Grafdigger's Cage_SB": 885, "Magebane Lizard_SB": 1276, "Shivan Reef": 1862, "Crackling Drake_SB": 438, "Deafening Clarion_SB": 492, "Yasharn, Implacable Earth_SB": 2436, "Beanstalk Giant": 166, "Greater Tanuki": 893, "Herd Migration": 954, "Quintorius Kand": 1596, "Release to the Wind": 1659, "Roaring Furnace && Steaming Sauna": 1709, "Spark Double": 1960, "Spinewoods Armadillo": 1973, "Trumpeting Carnosaur": 2233, "Bedeck // Bedazzle_SB": 168, "Boseiju, Who Endures_SB": 239, "Consign // Oblivion_SB": 420, "Dragonlord Dromoka_SB": 581, "Gyruda, Doom of Depths_SB": 910, "Keruga, the Macrosage_SB": 1120, "Swamp_SB": 2059, "Virtue of Persistence_SB": 2334, "Bonecrusher Giant": 228, "Pick Your Poison_SB": 1543, "Adeline, Resplendent Cathar": 36, "Brave the Elements": 247, "Coppercoat Vanguard": 427, "Dauntless Bodyguard": 480, "Declaration in Stone": 503, "Extraction Specialist": 710, "Hopeful Initiate": 977, "Kytheon, Hero of Akros": 1167, "Recruitment Officer": 1647, "Thalia's Lieutenant": 2111, "Wedding Announcement": 2389, "Declaration in Stone_SB": 504, "Extraction Specialist_SB": 711, "Boros Elite": 235, "Castle Ardenvale": 308, "Cave of the Frost Dragon": 327, "Guardian of New Benalia": 905, "Intrepid Adversary": 1036, "Luminarch Aspirant": 1261, "Mardu Woe-Reaper": 1295, "Mobilized District": 1346, "Ossification": 1485, "Precinct Captain": 1567, "Soldier of the Pantheon": 1937, "Spellbook Vendor": 1967, "Sungold Sentinel": 2039, "Banisher Priest_SB": 151, "Bounty Agent_SB": 243, "Fateful Absence_SB": 735, "Rally the Ranks_SB": 1613, "Soul-Guide Lantern_SB": 1951, "Atraxa, Grand Unifier": 121, "Dig Through Time": 544, "Ill-Timed Explosion": 1001, "Indomitable Creativity": 1014, "Negate": 1404, "Phantom Interference": 1534, "Prismari Command": 1569, "Shark Typhoon": 1842, "Transmogrify": 2216, "Valgavoth, Terror Eater": 2304, "Volcanic Spite": 2351, "Alpine Moon_SB": 60, "Hullbreaker Horror_SB": 992, "Unable to Scream_SB": 2259, "Duress_SB": 613, "Cavalier of Thorns": 326, "Invasion of Ixalan": 1041, "Kiora, Behemoth Beckoner": 1125, "Nykthos, Shrine to Nyx": 1445, "Oath of Nissa": 1449, "Old-Growth Troll": 1462, "Outcaster Trailblazer": 1492, "Storm the Festival": 2009, "Ulvenwald Oddity": 2256, "Wolfwillow Haven": 2422, "Cityscape Leveler_SB": 370, "Emrakul, the Promised End_SB": 660, "Pithing Needle_SB": 1546, "Setessan Petitioner_SB": 1823, "Tail Swipe_SB": 2073, "The Mightstone and Weakstone_SB": 2134, "Tranquil Frillback_SB": 2215, "Wicked Wolf_SB": 2399, "Ancient Cornucopia": 69, "Beza, the Bounding Spring": 176, "Hostage Taker": 985, "Unmoored Ego": 2282, "Xander's Lounge": 2430, "Knight of Autumn_SB": 1135, "Bishop of Wings": 184, "Emeria's Call": 656, "Giada, Font of Hope": 837, "Kayla's Reconstruction": 1106, "Resplendent Angel": 1674, "Righteous Valkyrie": 1693, "Aven Interrupter_SB": 132, "Deafening Silence_SB": 494, "Elesh Norn, Mother of Machines_SB": 638, "Get Lost_SB": 828, "Elenda, Saint of Dusk": 635, "Absorb": 27, "Castle Vantress": 312, "Change the Equation": 357, "Deserted Beach": 528, "Get Lost": 827, "Glacial Fortress": 849, "Irrigated Farmland": 1049, "Meticulous Archive": 1329, "Narset, Parter of Veils": 1395, "Omen of the Sea": 1467, "Temporary Lockdown": 2100, "Archon of Emeria_SB": 102, "Dream Trawler_SB": 596, "Elspeth's Smite_SB": 644, "Kutzil's Flanker_SB": 1166, "Enigmatic Incarnation": 672, "Kutzil's Flanker": 1165, "Linvala, the Preserver": 1233, "Nowhere to Run": 1438, "Overlord of the Boilerbilges": 1500, "Brutal Cathar": 262, "Containment Priest_SB": 425, "Destroy Evil_SB": 534, "Turn Inside Out": 2235, "Reckless Rage_SB": 1640, "Goblin Chainwhirler_SB": 873, "Anoint with Affliction": 81, "The Meathook Massacre_SB": 2132, "Hive of the Eye Tyrant": 970, "Reckoner Bankbuster": 1642, "Unstoppable Slasher": 2284, "Ruric Thar, the Unbowed_SB": 1743, "Audacity": 123, "Calix, Guided by Fate": 278, "Jukai Naturalist": 1078, "Restless Prairie": 1679, "Royal Treatment": 1730, "Seal from Existence": 1795, "Spirited Companion": 1979, "Weaver of Harmony": 2386, "Authority of the Consuls_SB": 130, "Isolate_SB": 1053, "Overlord of the Mistmoors_SB": 1504, "Battlefield Forge": 164, "Bitter Triumph": 188, "Concealed Courtyard": 412, "Elegant Parlor": 634, "Greasefang, Okiba Boss": 890, "Kroxa, Titan of Death's Hunger": 1158, "Overlord of the Balemurk": 1498, "Parhelion II": 1516, "Skysovereign, Consul Flagship": 1908, "Vanishing Verse_SB": 2317, "Fortified Beachhead": 795, "Mockingbird": 1347, "Reflector Mage": 1652, "Reflector Mage_SB": 1653, "Discontinuity": 549, "Dream Trawler": 595, "Impulse": 1010, "Lotus Field": 1258, "Settle the Wreckage": 1825, "Strict Proctor": 2020, "Thespian's Stage": 2153, "Chandra, Awakened Inferno_SB": 350, "Surge of Righteousness_SB": 2053, "Invoke Despair": 1045, "Change the Equation_SB": 358, "Three Steps Ahead_SB": 2171, "Veteran Survivor": 2325, "Protect the Negotiators_SB": 1580, "Lion Sash": 1235, "Loran of the Third Path": 1249, "Mana Confluence": 1284, "Consign // Oblivion": 419, "Case of the Gateway Express": 303, "Giant Killer": 839, "Gleeful Demolition": 857, "Imodane's Recruiter": 1007, "Inspiring Vantage": 1028, "Knight-Errant of Eos": 1140, "Needleverge Pathway": 1403, "Novice Inspector": 1437, "Resolute Reinforcements": 1672, "Thraben Inspector": 2167, "Venerated Loxodon": 2322, "Voldaren Epicure": 2353, "Warden of the Inner Sky": 2371, "Enduring Innocence_SB": 669, "Invasion of Gobakhan_SB": 1040, "Castle Locthwain": 311, "Clearwater Pathway": 379, "Darkslick Shores": 478, "Fear of Isolation": 739, "Geier Reach Sanitarium": 824, "Hopeless Nightmare": 979, "Liliana of the Veil": 1222, "Stormchaser's Talent": 2011, "This Town Ain't Big Enough": 2158, "Tinybones Joins Up": 2181, "Undercity Sewers": 2263, "Waste Not": 2375, "Path of Peril_SB": 1522, "Spell Pierce_SB": 1965, "Prosperous Innkeeper": 1576, "Sanguine Evangelist": 1760, "Scavenging Ooze": 1776, "Skyknight Squire": 1906, "Soul Partition_SB": 1947, "Built to Smash": 265, "Cacophony Scamp": 276, "Thud": 2175, "Wayward Guide-Beast": 2381, "Dreadmaw's Ire_SB": 594, "Obosh, the Preypiercer_SB": 1454, "Voldaren Thrillseeker_SB": 2355, "Boltwave": 223, "Burst Lightning": 270, "Chandra, Dressed to Kill": 351, "Shock": 1863, "Sunspine Lynx": 2047, "Wild Slash": 2401, "Chandra, Dressed to Kill_SB": 352, "Lithomantic Barrage_SB": 1237, "Unchained Berserker_SB": 2260, "Faerie Miscreant": 725, "Floodpits Drowner": 778, "Kaito, Bane of Nightmares": 1085, "Moon-Circuit Hacker": 1363, "Spyglass Siren": 1985, "Underground River": 2265, "Cut Down_SB": 469, "Heartless Act_SB": 939, "The Stone Brain_SB": 2145, "Vivien Reid_SB": 2340, "The Book of Exalted Deeds": 2122, "Back to Nature_SB": 140, "Settle the Wreckage_SB": 1826, "Tocasia's Welcome_SB": 2194, "Archfiend of the Dross": 97, "Archfiend of the Dross_SB": 98, "Legion Extruder": 1186, "Leyline of the Void_SB": 1202, "Defiant Strike": 511, "Dreadhorde Arcanist": 591, "Gods Willing": 877, "Inti, Seneschal of the Sun": 1030, "Leyline of Resonance": 1198, "Renegade Tactics": 1665, "Knight of Grace_SB": 1138, "Wear // Tear_SB": 2383, "Brave the Elements_SB": 248, "Faerie Mastermind": 724, "Inscription of Ruin": 1023, "Jace Reawakened": 1057, "Sheoldred's Edict": 1854, "Shipwreck Marsh": 1861, "Tinybones, the Pickpocket": 2182, "Monstrous Emergence_SB": 1358, "Chandra's Defeat_SB": 348, "Syr Ginger, the Meal Ender_SB": 2072, "Callous Sell-Sword_SB": 283, "Cling to Dust_SB": 385, "Go for the Throat_SB": 871, "Case of the Uneaten Feast": 306, "Lunarch Veteran": 1263, "Trelasarra, Moon Dancer": 2227, "Voice of the Blessed": 2347, "Guardian of Faith_SB": 904, "Bushwhack": 272, "Cragcrown Pathway": 439, "Innkeeper's Talent": 1018, "Questing Druid": 1591, "Snakeskin Veil": 1925, "Chained to the Rocks": 341, "Deadly Cover-Up": 487, "Elesh Norn, Mother of Machines": 637, "Escape to the Wilds": 681, "Selfless Glyphweaver": 1811, "Slaughter Games": 1911, "Lavinia, Azorius Renegade_SB": 1177, "Evangel of Synthesis": 692, "Raffine, Scheming Seer": 1602, "Shattered Sanctum": 1846, "Elenda, Saint of Dusk_SB": 636, "Temporary Lockdown_SB": 2101, "Three Steps Ahead": 2170, "Narset's Reversal_SB": 1394, "Summary Dismissal_SB": 2029, "Supreme Verdict_SB": 2051, "Abhorrent Oculus": 21, "Day's Undoing": 485, "Heartless Act": 938, "Quicken": 1594, "Cry of the Carnarium_SB": 452, "Day's Undoing_SB": 486, "Glistening Deluge_SB": 862, "Long Goodbye_SB": 1246, "Overlord of the Balemurk_SB": 1499, "Unholy Annex && Ritual Chamber_SB": 2272, "Rockface Village": 1716, "Ray of Enfeeblement_SB": 1627, "Bloodletter of Aclazotz": 212, "Soulstone Sanctuary": 1958, "Come Back Wrong_SB": 405, "Dreams of Steel and Oil_SB": 600, "The End_SB": 2126, "Expedition Map": 697, "Leyline of the Guildpact": 1201, "Arasta of the Endless Web_SB": 91, "Keen-Eyed Curator_SB": 1111, "Scrapshooter_SB": 1787, "Cityscape Leveler": 369, "Ulamog, the Ceaseless Hunger_SB": 2253, "Outland Liberator_SB": 1493, "Demonic Counsel": 520, "Stern Lesson": 2000, "Thundering Falls": 2178, "Zombify": 2458, "Sire of Insanity_SB": 1891, "Young Pyromancer_SB": 2443, "Boros Charm": 234, "Lightning Helix_SB": 1216, "Deflecting Palm_SB": 512, "Commit // Memory": 408, "Beza, the Bounding Spring_SB": 177, "Kaheera, the Orphanguard_SB": 1082, "Sheoldred's Edict_SB": 1855, "Make Disappear": 1280, "Flip the Switch": 776, "Valgavoth, Terror Eater_SB": 2305, "Fiery Impulse_SB": 760, "Portal to Phyrexia_SB": 1563, "Glorious Protector_SB": 864, "Krenko's Buzzcrusher": 1154, "Siphon Insight_SB": 1890, "Hallowed Moonlight_SB": 915, "Blood Baron of Vizkopa": 205, "Blood Baron of Vizkopa_SB": 206, "Culling Ritual_SB": 461, "Ral, Crackling Wit_SB": 1610, "Ashiok, Dream Render_SB": 108, "Caretaker's Talent": 292, "Carrot Cake": 295, "High Noon": 964, "Sundown Pass": 2036, "Westvale Abbey": 2397, "Imodane's Recruiter_SB": 1008, "Thought-Knot Seer_SB": 2163, "Divine Smite_SB": 562, "Day of Judgment_SB": 484, "Thalia, Heretic Cathar": 2114, "The Wandering Rescuer_SB": 2150, "Niambi, Esteemed Speaker_SB": 1408, "Unholy Annex // Ritual Chamber": 2273, "Chrome Host Seedshark_SB": 366, "Voice of Resurgence_SB": 2344, "Elite Spellbinder": 640, "Gideon, Ally of Zendikar_SB": 842, "Shacklegeist": 1828, "Slip Out the Back": 1917, "Ornithopter": 1483, "Satoru, the Infiltrator": 1763, "Kaito, Cunning Infiltrator": 1087, "Kaito Shizuki": 1083, "Dokuchi Silencer_SB": 565, "Sheoldred, the Apocalypse_SB": 1857, "Eldrazi Displacer": 631, "Skyclave Apparition_SB": 1903, "Warping Wail_SB": 2374, "Elspeth, Sun's Champion_SB": 647, "Heliod's Intervention_SB": 943, "Archdruid's Charm": 96, "Voracious Hydra_SB": 2359, "Graveyard Trespasser": 888, "Drown in the Loch": 606, "Thieves' Guild Enforcer": 2154, "Soaring Thought-Thief": 1934, "Into the Story": 1035, "Restless Reef": 1680, "Kalitas, Traitor of Ghet_SB": 1090, "Test of Talents_SB": 2108, "Ascendant Spirit": 106, "Plumecreed Escort": 1553, "Curious Obsession": 465, "Spectral Sailor": 1963, "Geistlight Snare": 825, "Faceless Haven": 717, "Snow-Covered Island": 1929, "Lofty Denial_SB": 1244, "Icon of Ancestry_SB": 999, "Fading Hope_SB": 720, "Exquisite Firecraft_SB": 705, "Skullcrack_SB": 1901, "Snow-Covered Plains": 1931, "Proft's Eidetic Memory_SB": 1573, "Thing in the Ice_SB": 2155, "Detention Sphere_SB": 537, "Brightclimb Pathway": 253, "Kaervek, the Punisher": 1080, "Shadowy Backstreet": 1834, "Zoraline, Cosmos Caller": 2459, "Fracture_SB": 803, "Augur of Bolas": 127, "Essence Flux": 687, "Fading Hope": 719, "Fallaji Archaeologist": 727, "Neoform": 1406, "Satyr Wayfinder": 1764, "Stubborn Denial": 2024, "Thundertrap Trainer": 2179, "Traverse the Ulvenwald": 2219, "Tyvar's Stand": 2244, "Ghost Vacuum_SB": 834, "Mazemind Tome_SB": 1312, "Natural State_SB": 1398, "Tamiyo's Safekeeping_SB": 2080, "Feed the Swarm": 747, "Adanto Vanguard": 33, "Apostle of Purifying Light": 86, "Clifftop Retreat": 383, "Colossus Hammer": 403, "Fervent Champion": 752, "Glass Casket": 852, "Kellan, the Fae-Blooded": 1115, "Leyline Axe": 1192, "Shadowspear": 1832, "Sigarda's Aid": 1873, "Swiftfoot Boots": 2063, "Thran Power Suit": 2168, "Leyline of Sanctity_SB": 1199, "Blossoming Defense": 217, "Cindervines_SB": 367, "Questing Druid_SB": 1592, "Scavenger Grounds": 1772, "Abyssal Harvester": 29, "Caustic Bronco_SB": 320, "Graveyard Trespasser_SB": 889, "Lush Portico": 1264, "Virtue of Persistence": 2333, "Roaring Furnace && Steaming Sauna_SB": 1710, "Aftermath Analyst": 45, "Annie Joins Up": 79, "Brokers Hideout": 258, "Cabaretti Courtyard": 274, "Emrakul, the Promised End": 659, "Fecund Greenshell": 744, "Kenrith, the Returned King": 1118, "Lotus Cobra": 1257, "Lumra, Bellow of the Woods": 1262, "Nissa, Resurgent Animist": 1421, "Port of Karfell": 1558, "Riveteers Overlook": 1707, "Soul Partition": 1946, "Spelunking": 1968, "The World Tree": 2152, "Titan of Industry": 2187, "Zacama, Primal Calamity": 2446, "Doppelgang_SB": 573, "Titania, Voice of Gaea_SB": 2190, "Angel of Serenity": 71, "Grand Abolisher_SB": 886, "Tyvar, the Pummeler": 2247, "Kroxa, Titan of Death's Hunger_SB": 1159, "Treacherous Blessing_SB": 2221, "Torpor Orb_SB": 2205, "Battle Cry Goblin": 161, "Conspicuous Snoop": 421, "Fireblade Charger": 766, "Foundry Street Denizen": 800, "Legion Loyalist": 1189, "Rundvelt Hordemaster": 1737, "Searslicer Goblin": 1801, "Skirk Prospector": 1896, "Spinner of Souls": 1974, "Klothys, God of Destiny_SB": 1133, "Masked Vandal_SB": 1303, "Umori, the Collector_SB": 2257, "Light Up the Stage_SB": 1210, "Blast Zone": 196, "Glass Casket_SB": 853, "Strict Proctor_SB": 2021, "Eidolon of the Great Revel": 624, "Hired Claw": 968, "Lightning Strike": 1217, "Ojer Axonil, Deepest Might": 1460, "Leyline of Combustion_SB": 1196, "Scorching Shot_SB": 1780, "Tithing Blade": 2191, "Llanowar Wastes": 1242, "Grasp of Darkness_SB": 887, "Darkbore Pathway": 477, "Forsaken Miner": 793, "Insidious Roots": 1026, "Necrotic Wound": 1401, "Priest of Forgotten Gods": 1568, "Rubblebelt Maverick": 1732, "Scrapheap Scrounger": 1785, "Souls of the Lost": 1956, "Stitcher's Supplier": 2003, "Tyvar, Jubilant Brawler": 2246, "Necrotic Wound_SB": 1402, "March of Swirling Mist_SB": 1292, "Ruric Thar, the Unbowed": 1742, "Horned Loch-Whale_SB": 982, "Squirming Emergence": 1986, "Souls of the Lost_SB": 1957, "Glasspool Mimic": 854, "Sunpetal Grove": 2043, "Callous Bloodmage": 280, "Sunfall_SB": 2038, "Dromoka's Command": 604, "Kappa Tech-Wrecker": 1092, "Eldrazi Displacer_SB": 632, "Bala Ged Recovery": 142, "Hedge Maze": 940, "Otherworldly Gaze": 1489, "Sentinel of the Nameless City": 1816, "Confounding Riddle": 417, "Experimental Augury": 700, "Fleeting Spirit": 774, "Get Out": 829, "Lore Drakkis": 1254, "Open the Omenpaths": 1476, "Saiba Cryptomancer": 1753, "Sea-Dasher Octopus": 1793, "Vadrok, Apex of Thunder": 2299, "Hallowed Moonlight": 914, "Drowned Catacomb": 607, "Woodland Cemetery": 2423, "Barrier Breach_SB": 157, "Dark Petition": 474, "Emergent Ultimatum": 654, "Fae of Wishes": 721, "Hidden Strings": 959, "Lier, Disciple of the Drowned": 1205, "Omniscience": 1473, "Pore Over the Pages": 1556, "Scattered Groves": 1770, "Sylvan Scrying": 2070, "Vizier of Tumbling Sands": 2341, "Approach of the Second Sun_SB": 88, "Emergent Ultimatum_SB": 655, "Nine Lives_SB": 1415, "Silence_SB": 1875, "Voyaging Satyr_SB": 2362, "Zacama, Primal Calamity_SB": 2447, "Weathered Runestone_SB": 2385, "Fetid Pools": 754, "Silvergill Adept": 1883, "Triton Shorestalker": 2231, "Candy Trail": 288, "Cling to Dust": 384, "Crucible of Worlds": 447, "Extinction Event": 707, "March of Wretched Sorrow": 1293, "Mazemind Tome": 1311, "Plains_SB": 1548, "Scorching Shot": 1779, "Welcoming Vampire": 2392, "Destiny Spinner": 531, "Izoni, Center of the Web": 1055, "Moon-Blessed Cleric": 1362, "Noxious Gearhulk": 1440, "Yorion, Sky Nomad": 2441, "Cavern of Souls_SB": 329, "Destiny Spinner_SB": 532, "Glarb, Calamity's Augur_SB": 851, "Sin Collector_SB": 1887, "Cache Grab": 275, "Cult Conscript": 462, "Deathrite Shaman": 498, "Haywire Mite": 927, "Slickshot Show-Off_SB": 1916, "Culling Ritual": 460, "Split Up": 1980, "Obstinate Baloth_SB": 1456, "Might of the Meek": 1331, "Mukotai Ambusher_SB": 1377, "Grisly Salvage": 898, "Oracle of Tragedy": 1481, "Samut, Voice of Dissent": 1757, "Sire of Seven Deaths": 1892, "Soulflayer": 1954, "Striped Riverwinder": 2022, "Urborg Scavengers": 2291, "Zetalpa, Primal Dawn": 2454, "Collective Brutality_SB": 394, "Cast Out": 307, "Day of Judgment": 483, "Lay Down Arms": 1178, "Blast Zone_SB": 197, "Cleansing Wildfire_SB": 378, "Vanish into Eternity_SB": 2315, "Mutavault_SB": 1384, "Clever Impersonator": 380, "Gyruda, Doom of Depths": 909, "Bandit's Talent": 146, "Tribute to Horobi": 2229, "Void Winnower_SB": 2350, "Hunter's Talent_SB": 994, "Vaultborn Tyrant": 2318, "Eidolon of Rhetoric_SB": 623, "Remorseful Cleric_SB": 1663, "Zirda, the Dawnwaker_SB": 2456, "Hunter's Talent": 993, "Polukranos Reborn": 1554, "Rhonas the Indomitable": 1690, "Vengeful Possession": 2324, "Hidetsugu's Second Rite_SB": 963, "Lifebane Zombie_SB": 1207, "Syr Ginger, the Meal Ender": 2071, "Legion's Landing": 1191, "Nurturing Pixie": 1444, "Oath of Kaya": 1448, "Optimistic Scavenger": 1479, "Collective Brutality": 393, "Trial of Ambition": 2228, "Kaito, Bane of Nightmares_SB": 1086, "Bond of Insight": 226, "Valakut Awakening": 2300, "Niv-Mizzet, Parun_SB": 1427, "Pawpatch Recruit": 1525, "Censor": 339, "Ertai Resurrected": 679, "Torrential Gearhulk": 2206, "Get Out_SB": 830, "Jace, Vryn's Prodigy_SB": 1061, "Deadly Cover-Up_SB": 488, "Pia Nalaar, Consul of Revival": 1542, "Reckless Impulse": 1637, "Showdown of the Skalds": 1868, "Wrenn's Resolve": 2429, "Showdown of the Skalds_SB": 1869, "Cut Down": 468, "Extract the Truth_SB": 709, "Preacher of the Schism_SB": 1566, "Twisted Fealty_SB": 2241, "Malcolm, Alluring Scoundrel": 1283, "Thirst for Meaning": 2157, "Entity Tracker_SB": 676, "Sunset Revelry_SB": 2046, "Bassara Tower Archer": 160, "Cloudsteel Kirin": 389, "Gladecover Scout": 850, "Lizard Blades": 1239, "Chained to the Rocks_SB": 342, "Trostani, Three Whispers": 2232, "Containment Priest": 424, "Youthful Valkyrie": 2444, "Crystal Barricade_SB": 458, "Bloodsoaked Champion": 213, "Osteomancer Adept": 1487, "Snarling Gorehound": 1927, "Underground Mortuary": 2264, "Knight of Dusk's Shadow_SB": 1136, "Voldaren Thrillseeker": 2354, "Tree of Perdition": 2226, "Raucous Theater": 1624, "Molten Collapse": 1350, "Viashino Pyromancer": 2326, "Searing Blood": 1799, "Chandra, Torch of Defiance_SB": 356, "Bomat Courier_SB": 225, "Bonecrusher Giant_SB": 229, "Magma Spray_SB": 1278, "Searing Blood_SB": 1800, "Lightning Strike_SB": 1218, "Aven Mindcensor_SB": 133, "Aclazotz, Deepest Betrayal_SB": 32, "Camellia, the Seedmiser": 284, "Deathcap Glade": 495, "Gilded Goose": 845, "Trail of Crumbs": 2211, "Vinereap Mentor": 2329, "Vraska, Golgari Queen": 2365, "Abrupt Decay_SB": 26, "Assassin's Trophy_SB": 116, "Fugitive Codebreaker_SB": 813, "Hollow One": 972, "Restless Vents": 1682, "Fiery Temper": 761, "Stalactite Stalker": 1990, "Harvester of Misery_SB": 923, "Hostile Investigator_SB": 988, "Lamplight Phoenix_SB": 1169, "Treacherous Blessing": 2220, "Case of the Stashed Skeleton": 305, "Rakdos Joins Up": 1605, "Massacre Wurm_SB": 1306, "Biting-Palm Ninja": 185, "Dokuchi Silencer": 564, "Silver-Fur Master": 1880, "Thousand-Faced Shadow": 2166, "Kaito Shizuki_SB": 1084, "Skysovereign, Consul Flagship_SB": 1909, "Helping Hand": 948, "Thalia, Guardian of Thraben_SB": 2113, "Pawpatch Recruit_SB": 1526, "Assimilation Aegis": 117, "Brass Knuckles": 245, "Fabrication Foundry": 716, "Ingenious Smith": 1017, "Inventors' Fair": 1043, "Metalwork Colossus": 1327, "Moonsnare Prototype": 1365, "Sanctum of Ugin": 1758, "Simulacrum Synthesizer": 1886, "The Irencrag": 2130, "Metallic Rebuke_SB": 1326, "Mystic Forge_SB": 1385, "Colossal Skyturtle_SB": 401, "Takenuma, Abandoned Mire_SB": 2076, "Demilich": 514, "Stern Dismissal": 1998, "Magda, Brazen Outlaw": 1274, "Holy Cow": 973, "Enduring Vitality": 671, "Soul Transfer": 1948, "Horned Loch-Whale": 981, "Sphinx's Revelation": 1970, "Tale's End": 2077, "Urza's Sylex_SB": 2298, "Entity Tracker": 675, "Omen of the Dead": 1465, "Cryptic Coat": 455, "Darksteel Citadel": 479, "Ensoul Artifact": 673, "Shrapnel Blast": 1870, "Burst Lightning_SB": 271, "Shadowspear_SB": 1833, "Voltage Surge_SB": 2358, "Roaring Furnace // Steaming Sauna_SB": 1712, "Prosperous Thief": 1578, "Rottenmouth Viper": 1726, "Misery's Shadow_SB": 1339, "Rottenmouth Viper_SB": 1727, "Cathartic Pyre": 316, "Silundi Vision": 1879, "Wish": 2407, "Filter Out_SB": 763, "Lier, Disciple of the Drowned_SB": 1206, "Snow-Covered Forest": 1928, "Fiend Artisan": 757, "Werewolf Pack Leader": 2396, "Prowling Serpopard_SB": 1581, "Kayla's Reconstruction_SB": 1107, "Sentinel of the Nameless City_SB": 1817, "Welcoming Vampire_SB": 2393, "Kazandu Mammoth": 1108, "Sharp-Eyed Rookie": 1844, "Genesis Wave": 826, "Hostile Hostel": 986, "Magma Opus": 1277, "Sublime Epiphany": 2026, "Ral, Izzet Viceroy_SB": 1611, "Ayara's Oathsworn": 137, "Loran of the Third Path_SB": 1250, "Atraxa, Grand Unifier_SB": 122, "Jace, Vryn's Prodigy": 1060, "Mission Briefing": 1341, "Sorin the Mirthless": 1943, "Vein Ripper": 2320, "Shardmage's Rescue": 1840, "Can't Stay Away": 286, "Eldritch Evolution": 633, "Esika's Chariot": 683, "Glissa Sunslayer": 860, "Raffine's Informant": 1600, "Witherbloom Command": 2412, "Kalitas, Traitor of Ghet": 1089, "Ledger Shredder_SB": 1183, "Dawnbringer Cleric_SB": 482, "Tranquil Frillback": 2214, "Council of the Absolute_SB": 434, "Spirit of the Labyrinth_SB": 1977, "Suncleanser_SB": 2033, "Adventurous Impulse": 39, "Monastery Mentor_SB": 1356, "Arboreal Grazer": 92, "Languish_SB": 1171, "Sphinx of the Final Word_SB": 1969, "Snakeskin Veil_SB": 1926, "Cathar Commando_SB": 315, "Arcane Proxy": 94, "Chrome Host Seedshark": 365, "Path of Peril": 1521, "See the Truth": 1807, "Nashi, Searcher in the Dark": 1397, "Wilt-Leaf Liege_SB": 2403, "Shambling Vent": 1837, "Ambitious Farmhand": 63, "Cascading Cataracts": 300, "Charming Prince": 362, "Golos, Tireless Pilgrim": 881, "Helpful Hunter": 947, "Serra Paragon": 1820, "Thalia's Lancers": 2110, "Touch the Spirit Realm": 2208, "Surge of Salvation": 2054, "Brass's Tunnel-Grinder": 246, "Goblin Instigator": 874, "Raise the Past": 1604, "Behold the Beyond": 170, "Nine Lives": 1414, "Temple of Mystery": 2098, "Gleaming Geardrake": 856, "Augur of Autumn_SB": 126, "Lavabrink Venturer_SB": 1174, "Soulless Jailer_SB": 1955, "Prosperous Thief_SB": 1579, "Faithful Mending": 726, "Recommission": 1645, "Tainted Indulgence": 2074, "Tome Scour": 2197, "Fragmentize_SB": 804, "Shatterskull Smashing_SB": 1849, "Barkhide Troll": 156, "Gather Courage": 821, "Keen-Eyed Curator": 1110, "Tribute to the World Tree": 2230, "Inscription of Abundance_SB": 1022, "Setessan Tactics_SB": 1824, "Fires of Invention": 767, "Tolsimir, Friend to Wolves": 2195, "Heliod, the Radiant Dawn": 945, "Cavalier of Dawn": 324, "Kotose, the Silent Spider": 1150, "Sulfur Falls": 2027, "Marina Vendrell": 1296, "Krenko's Buzzcrusher_SB": 1155, "Archon of Absolution_SB": 100, "Chandra, Torch of Defiance": 355, "Fanatic of Mogis": 728, "Leyline of Combustion": 1195, "Razorkin Needlehead": 1630, "Shatterskull Smashing": 1848, "Solphim, Mayhem Dominus": 1939, "Torbran, Thane of Red Fell": 2199, "Fable of the Mirror-Breaker_SB": 714, "Altanak, the Thrice-Called": 62, "Say Its Name": 1767, "Witherbloom Command_SB": 2413, "Thalia and The Gitrog Monster": 2109, "Cosmic Rebirth_SB": 433, "Dreadbore_SB": 590, "Nylea's Intervention_SB": 1446, "Unable to Scream": 2258, "Stubborn Denial_SB": 2025, "Deathmist Raptor": 497, "Oblivious Bookworm": 1453, "Cerulean Drake_SB": 340, "Kraul Harpooner_SB": 1152, "Prosperous Innkeeper_SB": 1577, "Blacksmith's Talent": 191, "Bladehold War-Whip": 194, "Chainsaw": 343, "Kemba, Kha Enduring": 1116, "Nahiri, Forged in Fury": 1389, "Sword of Forge and Frontier": 2065, "Rebel Salvo_SB": 1634, "Arid Archway": 104, "Bloodthirsty Conqueror": 214, "Dina, Soul Steeper": 546, "Dryad of the Ilysian Grove": 609, "Iridescent Vinelasher": 1048, "Jaddi Offshoot": 1065, "Mirrorpool": 1337, "Retreat to Hagra": 1686, "Scapeshift": 1768, "Bristly Bill, Spine Sower_SB": 257, "Deathrite Shaman_SB": 499, "Scavenging Ooze_SB": 1777, "Undergrowth Champion_SB": 2266, "Solemnity_SB": 1938, "Deputy of Detention": 525, "Tyvar, the Pummeler_SB": 2248, "March of Swirling Mist": 1291, "Floodpits Drowner_SB": 779, "Massacre Wurm": 1305, "Deputy of Detention_SB": 526, "Valgavoth's Faithful": 2302, "Kenrith's Transformation_SB": 1117, "Zephyr Sentinel_SB": 2453, "Brotherhood's End": 259, "Galvanic Iteration_SB": 818, "Collector's Vault": 398, "Etali, Primal Conqueror": 689, "Seize the Spoils": 1809, "Worldspine Wurm_SB": 2427, "Xenagos, God of Revels_SB": 2432, "Light of Hope_SB": 1211, "Surge of Salvation_SB": 2055, "Zoetic Glyph": 2457, "Sweltering Suns_SB": 2062, "The Akroan War_SB": 2119, "Castle Embereth": 309, "Kellan, Planar Trailblazer": 1114, "Zurgo Bellstriker": 2461, "Experimental Frenzy_SB": 702, "Preacher of the Schism": 1565, "Elder Gargaroth": 629, "Silverback Elder": 1881, "Silverback Elder_SB": 1882, "No More Lies_SB": 1431, "Celestial Armor": 334, "Citizen's Crowbar_SB": 368, "Lion Sash_SB": 1236, "Aclazotz, Deepest Betrayal": 31, "Go Blank": 867, "Gifted Aetherborn_SB": 844, "March of Wretched Sorrow_SB": 1294, "Dissection Tools": 557, "Perilous Snare": 1529, "Wedding Invitation": 2391, "Repurposing Bay_SB": 1670, "Mendicant Core, Guidelight": 1319, "Metallic Rebuke": 1325, "Voyager Glidecar": 2360, "Cryptic Coat_SB": 456, "Lavaspur Boots": 1175, "Patchwork Automaton": 1518, "Dawnbringer Cleric": 481, "Momentum Breaker_SB": 1354, "Greasewrench Goblin": 891, "Moonshaker Cavalry_SB": 1364, "Nahiri, the Harbinger_SB": 1391, "Agadeem's Awakening": 46, "Nighthawk Scavenger": 1411, "Zareth San, the Trickster": 2451, "Nighthawk Scavenger_SB": 1412, "Bard Class": 154, "Birgi, God of Storytelling": 182, "Crater's Claws": 442, "Domri, Anarch of Bolas": 566, "Gallia of the Endless Dance": 816, "Hajar, Loyal Bodyguard": 911, "Klothys, God of Destiny": 1132, "Migloz, Maze Crusher": 1332, "Mox Amber": 1372, "Samut, Vizier of Naktamun": 1756, "Targ Nar, Demon-Fang Gnoll": 2084, "Xenagos, the Reveler": 2433, "Banefire_SB": 149, "Tormod's Crypt_SB": 2204, "Zurgo Bellstriker_SB": 2462, "All That Glitters": 57, "Alpha Authority": 59, "Chaplain of Alms": 361, "Ethereal Armor": 691, "Gryff's Boon": 901, "Light-Paws, Emperor's Voice": 1212, "Rune of Might": 1738, "Sentinel's Eyes": 1818, "Toadstool Admirer": 2192, "Adanto Vanguard_SB": 34, "Grim Bauble": 895, "Momentum Breaker": 1353, "Oildeep Gearhulk_SB": 1459, "Sab-Sunen, Luxa Embodied": 1747, "Bolas's Citadel": 222, "Catacomb Sifter": 314, "Woe Strider": 2420, "Glissa Sunslayer_SB": 861, "Liliana, Heretical Healer_SB": 1227, "Status // Statue_SB": 1994, "Hare Apparent": 921, "Count on Luck_SB": 435, "Valor's Flagship": 2309, "Monument to Endurance_SB": 1361, "Shacklegeist_SB": 1829, "Polukranos Reborn_SB": 1555, "Archfiend's Vessel": 99, "Lively Dirge": 1238, "Merfolk Secretkeeper": 1322, "Brightglass Gearhulk": 254, "Dredger's Insight": 601, "Grim Bauble_SB": 896, "Witchstalker Frenzy": 2409, "Djeru's Renunciation": 563, "Drannith Healer": 586, "Drannith Stinger": 588, "Flourishing Fox": 781, "Footfall Crater": 787, "Go for Blood": 869, "Marauding Mako": 1288, "Monument to Endurance": 1360, "Sunbillow Verge": 2032, "Zenith Flare": 2452, "Heroic Intervention_SB": 958, "Ketramose, the New Dawn_SB": 1122, "Behold the Multiverse": 171, "Mastermind's Acquisition": 1307, "Peer into the Abyss": 1528, "Behold the Multiverse_SB": 172, "Ossification_SB": 1486, "Tears of Valakut_SB": 2088, "Dreadhorde Arcanist_SB": 592, "Emry, Lurker of the Loch": 661, "Jeskai Ascendancy": 1070, "Mishra's Research Desk": 1340, "Restless Spire": 1681, "Retraction Helix": 1684, "Saheeli, Sublime Artificer": 1751, "Tormod's Crypt": 2203, "Devout Decree_SB": 539, "Strangle_SB": 2017, "Valley Floodcaller_SB": 2308, "Valorous Stance_SB": 2310, "Memory Guardian": 1318, "Azor, the Lawbringer": 138, "Tyrranax Rex_SB": 2243, "Coalstoke Gearhulk": 390, "Mukotai Ambusher": 1376, "Bloodghast": 211, "Molt Tender": 1349, "Driven // Despair_SB": 603, "Ashiok, Wicked Manipulator_SB": 114, "Anim Pakal, Thousandth Moon": 76, "Basri, Tomorrow's Champion": 159, "Embercleave": 650, "Plaza of Heroes": 1552, "Skrelv, Defector Mite": 1898, "Urza's Ruinous Blast_SB": 2297, "The Speed Demon": 2143, "Intimidation Tactics_SB": 1032, "Doppelgang": 572, "Fires of Victory": 768, "Maestros Theater": 1273, "Shigeki, Jukai Visionary": 1859, "Virtue of Strength": 2335, "Worldsoul's Rage": 2425, "Bonny Pall, Clearcutter_SB": 230, "Roxanne, Starfall Savant_SB": 1729, "Willowrush Verge": 2402, "Feed the Cycle": 746, "Freestrider Lookout": 805, "Ghost Vacuum": 833, "Ketramose, the New Dawn": 1121, "Restless Cottage": 1677, "Scrabbling Claws": 1783, "Legion's End_SB": 1190, "Mosswood Dreadknight_SB": 1369, "Pest Control_SB": 1532, "Tear Asunder_SB": 2087, "Nowhere to Run_SB": 1439, "Dreadmaw's Ire": 593, "Deep-Cavern Bat_SB": 507, "Legion Extruder_SB": 1187, "Optimistic Scavenger_SB": 1480, "Hostile Investigator": 987, "Rankle's Prank": 1618, "Commercial District": 407, "Innkeeper's Talent_SB": 1019, "Oildeep Gearhulk": 1458, "Commune with Spirits": 411, "Goro-Goro, Disciple of Ryusei": 883, "Itzquinth, Firstborn of Gishath": 1054, "Kari Zev, Skyship Raider": 1094, "Radha, Heart of Keld": 1598, "Redshift, Rocketeer Chief": 1651, "Rockfall Vale": 1717, "Ruby, Daring Tracker": 1733, "Feed the Clan_SB": 745, "Scorching Dragonfire_SB": 1778, "Bleachbone Verge": 199, "Starnheim Unleashed_SB": 1992, "Caves of Koilos": 330, "Detention Chariot": 536, "Tune Up": 2234, "Kaya the Inexorable_SB": 1101, "Thundering Broodwagon": 2177, "Make Disappear_SB": 1281, "Bloodchief's Thirst_SB": 210, "Eaten Alive_SB": 618, "Benthic Biomancer": 173, "Mindspring Merfolk": 1335, "Tishana's Tidebinder": 2185, "Tidebinder Mage_SB": 2180, "Secure the Wastes": 1806, "Jace's Defeat_SB": 1059, "Fearless Swashbuckler": 741, "Gastal Thrillroller": 819, "Hazoret, Godseeker": 933, "Ashiok, Nightmare Weaver": 111, "Castle Garenbrig": 310, "Leyline Binding_SB": 1194, "Sire of Seven Deaths_SB": 1893, "Ugin, the Spirit Dragon_SB": 2251, "Dragonlord Dromoka": 580, "Clockwork Percussionist": 386, "Skullcrack": 1900, "Roast_SB": 1713, "Memory Deluge_SB": 1317, "Illuminator Virtuoso": 1004, "Gods Willing_SB": 878, "Collector's Cage": 396, "Dusk Rose Reliquary": 616, "Overgrown Farmland": 1496, "Parting Gust": 1517, "Sandstorm Salvager": 1759, "Teething Wurmlet": 2089, "Murderous Cut": 1379, "Unlicensed Hearse": 2279, "Anguished Unmaking_SB": 75, "Kaya, Orzhov Usurper_SB": 1105, "Call of the Death-Dweller": 279, "Drownyard Temple": 608, "Narcomoeba": 1393, "Prized Amalgam": 1571, "Quag Feast": 1588, "Sea Gate Restoration": 1792, "Dig Through Time_SB": 545, "Boommobile": 232, "Fomori Vault": 786, "Glint-Nest Crane": 859, "Hedron Archive": 942, "Paradox Engine": 1514, "Portal of Sanctuary": 1561, "Prophetic Prism": 1575, "Repurposing Bay": 1669, "Snow-Covered Mountain": 1930, "Terrarion": 2105, "The Enigma Jewel": 2127, "The Mightstone and Weakstone": 2133, "Thran Spider": 2169, "Workshop Assistant": 2424, "Lantern of the Lost_SB": 1173, "Liberator, Urza's Battlethopter_SB": 1203, "Noxious Gearhulk_SB": 1441, "Shrapnel Slinger_SB": 1872, "Big Score": 178, "Pawpatch Formation": 1523, "Avishkar Raceway": 134, "Fuel the Flames_SB": 811, "Skycrash_SB": 1905, "Gifted Aetherborn": 843, "Murderous Rider": 1381, "Sign in Blood": 1874, "Inspiring Overseer": 1027, "Chandra, Acolyte of Flame_SB": 349, "Untimely Malfunction_SB": 2286, "Empyrean Eagle": 658, "Lofty Denial": 1243, "Selfless Spirit": 1814, "Dewdrop Cure_SB": 541, "Mindlink Mech_SB": 1334, "Wastewood Verge": 2379, "Norin, Swift Survivalist": 1433, "Agatha of the Vile Cauldron": 47, "Pest Control": 1531, "Ashiok, Nightmare Muse_SB": 110, "Giant Killer_SB": 840, "Biting-Palm Ninja_SB": 186, "Beseech the Mirror": 174, "Kazuul's Toll Collector": 1109, "Shardmage's Rescue_SB": 1841, "Immersturm Raider": 1005, "The Speed Demon_SB": 2144, "Foulmire Knight": 798, "Waste Not_SB": 2376, "Burnout Bashtronaut": 269, "Draconautics Engineer": 576, "Fanatical Firebrand": 729, "Hobgoblin Bandit Lord": 971, "Howlsquad Heavy": 990, "Krenko, Mob Boss": 1156, "Goblin Ringleader_SB": 875, "Volley Veteran_SB": 2356, "Expedite": 696, "Harrier Strix": 922, "Hypnotic Grifter": 997, "Omen Hawker": 1464, "The Reality Chip": 2137, "Training Grounds": 2213, "Witness Protection": 2416, "Basilisk Collar_SB": 158, "Liliana, the Last Hope_SB": 1229, "Fry_SB": 809, "Stock Up": 2004, "Riverpyre Verge": 1706, "Strangle": 2016, "Temple of Epiphany": 2097, "Collision // Colossus": 399, "Overprotect_SB": 1506, "Swiftfoot Boots_SB": 2064, "Shoot the Sheriff": 1864, "Concealing Curtains": 414, "Riptide Gearhulk_SB": 1698, "Blade Historian": 192, "Jirina, Dauntless General": 1075, "Kitesail Larcenist": 1130, "Pyre of Heroes": 1583, "Secluded Courtyard": 1804, "Unclaimed Territory": 2261, "Jirina, Dauntless General_SB": 1076, "Night Clubber_SB": 1410, "Aegis Turtle_SB": 40, "Up the Beanstalk_SB": 2289, "Assassin's Trophy": 115, "Analyze the Pollen": 65, "Ride's End": 1691, "Hazoret the Fervent": 930, "Cleansing Wildfire": 377, "Crumble to Dust": 449, "Encroaching Wastes": 662, "Gnottvold Slumbermound": 866, "Haphazard Bombardment": 919, "Jaya's Greeting": 1068, "Paradise Druid": 1513, "Ravager Wurm": 1626, "Rootbound Crag": 1723, "Rowan, Scholar of Sparks": 1728, "Rubble Reading": 1731, "Sheltered Thicket": 1851, "Structural Distortion": 2023, "Sylvan Primordial": 2069, "Territory Forge": 2106, "Twin Bolt": 2237, "Voyaging Satyr": 2361, "Herbology Instructor_SB": 952, "Nissa's Defeat_SB": 1417, "Peak Eruption_SB": 1527, "Reclamation Sage_SB": 1644, "Scrabbling Claws_SB": 1784, "Battle at the Bridge": 162, "Mephitic Draught": 1320, "Snow-Covered Swamp": 1932, "Spire of Industry": 1975, "Battle at the Bridge_SB": 163, "Ashiok, Nightmare Muse": 109, "Murderous Cut_SB": 1380, "Borrowed Hostility": 237, "Honest Rutstein": 975, "Malakir Rebirth": 1282, "The Filigree Sylex_SB": 2128, "Barbed Batterfist": 153, "Webstrike Elite": 2387, "Yahenni's Expertise": 2434, "Commit // Memory_SB": 409, "Demilich_SB": 515, "Steel Seraph": 1997, "Progenitor Mimic": 1574, "Banefire": 148, "Koma, Cosmos Serpent_SB": 1146, "Nylea's Presence": 1447, "Champion of the Perished": 346, "Cryptbreaker": 453, "Dark Salvation": 476, "Dread Wanderer": 589, "Relentless Dead": 1660, "Wayward Servant": 2382, "Zahur, Glory's Past": 2450, "Crippling Fear_SB": 446, "Fighter Class": 762, "Flowerfoot Swordmaster": 782, "Mabel, Heir to Cragflame": 1267, "Chainsaw_SB": 344, "Nettle Guard_SB": 1407, "Sword of Forge and Frontier_SB": 2066, "Phyrexian Censor": 1537, "Nimble Larcenist_SB": 1413, "Hidetsugu Consumes All": 960, "Experimental Synthesizer": 703, "Violent Urge_SB": 2330, "Boon of Boseiju": 233, "Esika's Chariot_SB": 684, "Wakeroot Elemental": 2367, "Commune with Dinosaurs": 410, "Ghalta, Primal Hunger": 831, "Marauding Raptor": 1289, "Pugnacious Hammerskull": 1582, "Rampaging Raptor": 1616, "Regal Imperiosaur": 1656, "Regisaur Alpha": 1657, "Ripjaw Raptor": 1695, "Flameblade Adept": 771, "Highway Robbery": 966, "Maximize Velocity": 1309, "Ox of Agonas": 1507, "Birgi, God of Storytelling_SB": 183, "Lightning Axe_SB": 1214, "Expedition Map_SB": 698, "Stock Up_SB": 2005, "Wrenn and Realmbreaker": 2428, "Depopulate_SB": 524, "Unsubstantiate_SB": 2285, "Samut's Sprint": 1755, "Lost Jitte": 1255, "Omen of the Dead_SB": 1466, "Bloodchief's Thirst": 209, "Combat Research": 404, "Lazav, Wearer of Faces": 1179, "Medomai the Ageless": 1314, "Thalia, Heretic Cathar_SB": 2115, "Guardian of Faith": 903, "Fires of Victory_SB": 769, "Riptide Gearhulk": 1697, "Saheeli, Sublime Artificer_SB": 1752, "Quick Study": 1593, "Carnage Tyrant": 293, "Festering Gulch": 753, "Elder Gargaroth_SB": 630, "Fog_SB": 785, "Gather Courage_SB": 822, "Eidolon of the Great Revel_SB": 625, "Nahiri, the Unforgiving_SB": 1392, "Kozilek's Return_SB": 1151, "Katilda, Dawnhart Martyr": 1097, "Bitter Reunion": 187, "Vampires' Vengeance": 2313, "Etali, Primal Conqueror_SB": 690, "Restless Fortress": 1678, "Ruin-Lurker Bat": 1735, "Healer's Hawk": 935, "Essence Channeler": 686, "Exemplar of Light": 694, "Linden, the Steadfast Queen": 1232, "Leyline of Hope": 1197, "Authority of the Consuls": 129, "Scoured Barrens": 1781, "Rogue's Passage": 1718, "Dewdrop Cure": 540, "Afterburner Expert": 44, "Omnivorous Flytrap": 1474, "Agatha's Soul Cauldron_SB": 49, "Feather, the Redeemed": 742, "Loran's Escape_SB": 1252, "Feather, the Redeemed_SB": 743, "Teferi, Hero of Dominaria_SB": 2091, "Void Rend_SB": 2349, "Adorned Pouncer": 37, "Arahbo, the First Fang": 90, "Open the Armory": 1475, "Roadside Reliquary": 1708, "Sacred Cat": 1748, "Ox of Agonas_SB": 1508, "Out of Air_SB": 1490, "Twinshot Sniper": 2239, "Keruga, the Macrosage": 1119, "Agent of Treachery_SB": 50, "Twinshot Sniper_SB": 2240, "Anzrag, the Quake-Mole": 85, "Temple of Abandon": 2094, "Tamiyo's Safekeeping": 2079, "Tear Asunder": 2086, "Blot Out": 219, "Scrapshooter": 1786, "Questing Beast": 1590, "Thrun, Breaker of Silence": 2173, "Nissa, Ascended Animist": 1419, "Tyrranax Rex": 2242, "Nissa, Ascended Animist_SB": 1420, "Shifting Ceratops_SB": 1858, "Hornet Queen_SB": 984, "Cry of the Carnarium": 451, "Kaya, Orzhov Usurper": 1104, "Soul-Guide Lantern": 1950, "The End": 2125, "Calamity's Wake_SB": 277, "Exorcise_SB": 695, "Play with Fire_SB": 1551, "Satoru Umezawa": 1762, "Spontaneous Mutation_SB": 1982, "Painter's Studio // Defaced Gallery": 1511, "Chance for Glory_SB": 347, "Magmatic Chasm_SB": 1279, "Requisition Raid_SB": 1671, "Shrapnel Blast_SB": 1871, "Sorin, Vengeful Bloodlord_SB": 1945, "Exquisite Firecraft": 704, "Raucous Carnival": 1623, "Curse of Shaken Faith_SB": 466, "Tireless Tracker_SB": 2184, "Merfolk Mistbinder": 1321, "Merfolk Trickster_SB": 1323, "Mockingbird_SB": 1348, "Smuggler's Copter_SB": 1922, "Mosswood Dreadknight": 1368, "Lovestruck Beast": 1259, "Debris Beetle": 500, "Mystic Repeal_SB": 1387, "Epic Downfall_SB": 678, "Cavalier of Flame": 325, "Nullhide Ferox_SB": 1443, "Builder's Talent": 264, "Sunder the Gateway": 2034, "Kitsa, Otterball Elite": 1131, "Rona, Herald of Invasion": 1722, "Valley Floodcaller": 2307, "Abhorrent Oculus_SB": 22, "Knight of Grace": 1137, "Cruelclaw's Heist_SB": 448, "Enduring Tenacity_SB": 670, "Swan Song_SB": 2060, "Reckless Stormseeker": 1641, "The Akroan War": 2118, "Loran's Escape": 1251, "Blessed Defiance_SB": 201, "Rocketeer Boostbuggy": 1715, "Bladestitched Skaab": 195, "Lazotep Reaver": 1181, "Rotten Reunion_SB": 1725, "The Scarab God_SB": 2140, "Chandra, Spark Hunter_SB": 354, "Skyclave Cleric": 1904, "Ajani, Strength of the Pride_SB": 54, "Growth Spiral": 899, "Ill-Timed Explosion_SB": 1002, "Bomat Courier": 224, "Phoenix Chick": 1535, "Tasigur, the Golden Fang": 2085, "Gideon of the Trials": 841, "Azor, the Lawbringer_SB": 139, "The Scarab God": 2139, "Radiant Flames_SB": 1599, "Deep-Cavern Bat": 506, "Gix's Command_SB": 847, "Sorin the Mirthless_SB": 1944, "Mortify": 1366, "Doom Foretold": 567, "Nine-Lives Familiar": 1416, "Rite of Oblivion": 1700, "Starfield of Nyx": 1991, "Kaya's Wrath_SB": 1103, "Necromentia_SB": 1400, "Creeping Chill": 445, "Silversmote Ghoul": 1884, "Fog": 784, "Gaea's Blessing": 815, "Haze of Pollen": 929, "Jace, the Perfected Mind": 1063, "Tamiyo, Collector of Tales": 2081, "Union of the Third Path": 2275, "Winds of Qal Sisma": 2405, "Carnage Tyrant_SB": 294, "Drannith Ruins": 587, "Thought-Knot Seer": 2162, "Wasteland Strangler": 2377, "Phyrexian Fleshgorger": 1540, "Ifnir Deadlands": 1000, "Bearer of Silence": 167, "Knight of the Ebon Legion": 1139, "Caustic Bronco": 319, "Reality Smasher_SB": 1633, "Fuel the Flames": 810, "Shoot the Sheriff_SB": 1865, "Turntimber Symbiosis": 2236, "Graf Reaver_SB": 884, "Kraul Whipcracker_SB": 1153, "Maelstrom Pulse_SB": 1271, "Dive Down_SB": 561, "Fear of Impostors": 737, "Riptide Chimera": 1696, "Fear of Impostors_SB": 738, "Acererak the Archlich": 30, "Gwenna, Eyes of Gaea": 908, "Relic of Legends": 1661, "Fleecemane Lion": 773, "Witchstalker_SB": 2411, "Osseous Sticktwister": 1484, "Demonic Bargain": 519, "Regal Bunnicorn": 1655, "Yasharn, Implacable Earth": 2435, "Blood Spatter Analysis": 208, "Soul-Scar Mage_SB": 1953, "Felonious Rage": 751, "Korvold, Fae-Cursed King": 1147, "Korvold, Fae-Cursed King_SB": 1148, "Selfless Glyphweaver_SB": 1812, "Dive Down": 560, "Jace Reawakened_SB": 1058, "Blessed Defiance": 200, "Homestead Courage": 974, "Fugitive Codebreaker": 812, "Cease // Desist_SB": 332, "Burning Earth_SB": 267, "Phyrexian Dragon Engine": 1539, "Seasoned Hallowblade": 1802, "The Mycosynth Gardens": 2135, "Alrund's Epiphany": 61, "Loot, the Pathfinder": 1248, "Nissa, Who Shakes the World": 1424, "Obliterating Bolt_SB": 1452, "Favored Hoplite": 736, "Flowstone Infusion": 783, "Sejiri Shelter": 1810, "Tenth District Legionnaire": 2103, "Invasion of New Phyrexia_SB": 1042, "Clifftop Lookout": 382, "Dreamdew Entrancer": 597, "Dreamroot Cascade": 598, "Insidious Fungus": 1024, "Loot, Exuberant Explorer": 1247, "Risen Reef": 1699, "Tangled Florahedron": 2083, "Healer of the Glade_SB": 934, "Tale's End_SB": 2078, "Wilt_SB": 2404, "Ashiok, Wicked Manipulator": 113, "Dreams of Steel and Oil": 599, "Elspeth Conquers Death_SB": 642, "Gisa, the Hellraiser_SB": 846, "Ride's End_SB": 1692, "Omen of the Sun": 1468, "Omen of the Sun_SB": 1469, "Enduring Courage": 665, "Beseech the Mirror_SB": 175, "Experimental Confectioner": 701, "Commence the Endgame_SB": 406, "Forbidden Friendship": 788, "Case of the Gateway Express_SB": 304, "Collective Effort_SB": 395, "Forge Devil_SB": 792, "Perilous Snare_SB": 1530, "Monastery Mentor": 1355, "Seeker of the Way_SB": 1808, "Redcap Melee": 1648, "The Birth of Meletis": 2121, "Setessan Champion": 1822, "Trapped in the Screen": 2217, "Ghostly Dancers_SB": 836, "Trapped in the Screen_SB": 2218, "Cryptolith Rite": 457, "Knockout Blow": 1141, "Bottomless Pool && Locker Room": 241, "Bottomless Pool && Locker Room_SB": 242, "Hidetsugu's Second Rite": 962, "Eidolon of Blossoms": 621, "Eidolon of Blossoms_SB": 622, "Seal from Existence_SB": 1796, "Ob Nixilis, the Adversary": 1450, "Incubation Druid": 1012, "Interplanar Beacon": 1029, "Kaya the Inexorable": 1100, "Mistrise Village": 1343, "Nicol Bolas, Dragon-God": 1409, "Ral Zarek": 1608, "Tamiyo, Field Researcher": 2082, "Vraska, Betrayal's Sting": 2364, "Kunoros, Hound of Athreos_SB": 1163, "Tersa Lightshatter": 2107, "Mox Jasper": 1374, "Mistrise Village_SB": 1344, "Elspeth, Storm Slayer": 645, "United Battlefront": 2276, "Voice of Victory": 2345, "Sunder the Gateway_SB": 2035, "Voice of Victory_SB": 2346, "Descendant of Storms": 527, "Cease // Desist": 331, "Cram Session": 440, "Fell": 750, "Insatiable Avarice": 1020, "The Biblioplex": 2120, "Valgavoth's Onslaught": 2303, "Containment Breach_SB": 423, "Environmental Sciences_SB": 677, "Introduction to Annihilation_SB": 1037, "Mascot Exhibition_SB": 1301, "Pest Summoning_SB": 1533, "Dragonfire Blade": 579, "Lavaspur Boots_SB": 1176, "Qarsi Revenant": 1586, "Qarsi Revenant_SB": 1587, "Cemetery Illuminator": 335, "Muraganda Raceway": 1378, "Case of the Crimson Pulse": 301, "Rakdos's Return_SB": 1606, "Desperate Measures": 530, "Caustic Exhale": 321, "Dispelling Exhale": 555, "Foul-Tongue Invocation": 797, "Marang River Regent": 1286, "Scavenger Regent": 1773, "Silumgar's Scorn": 1878, "Caustic Exhale_SB": 322, "Strategic Betrayal_SB": 2019, "Katilda, Dawnhart Prime": 1099, "Songcrafter Mage": 1941, "Three Tree City": 2172, "Militia Bugler_SB": 1333, "Cori-Steel Cutter_SB": 431, "Dragonskull Summit": 583, "Sunpearl Kirin": 2042, "Strategic Betrayal": 2018, "Cori-Steel Cutter": 430, "Wild Ride": 2400, "History of Benalia": 969, "The Restoration of Eiganjo": 2138, "Rot-Curse Rakshasa": 1724, "Archangel Elspeth": 95, "Painter's Studio && Defaced Gallery": 1510, "Faceless Haven_SB": 718, "This Town Ain't Big Enough_SB": 2159, "Treasure Map": 2224, "Flashfreeze_SB": 772, "Gurmag Angler": 906, "Cori Mountain Monastery": 429, "Stormwing Entity": 2015, "Murderous Rider_SB": 1382, "Stormscale Scion": 2013, "Stormscale Scion_SB": 2014, "Metamorphic Alteration": 1328, "Not on My Watch_SB": 1435, "Of One Mind": 1457, "Banishing Slash": 152, "Jaya, Fiery Negotiator": 1069, "United Battlefront_SB": 2277, "Warden of the Grove": 2370, "Surrak, Elusive Hunter_SB": 2057, "Icon of Ancestry": 998, "Fire Prophecy": 765, "White Sun's Twilight_SB": 2398, "Paradoxical Outcome_SB": 1515, "Break Out": 251, "Masked Vandal": 1302, "Fanatical Firebrand_SB": 730, "Gruul Charm_SB": 900, "Decadent Dragon_SB": 501, "Liliana, Death's Majesty": 1225, "Urgent Necropsy": 2295, "Scavenger's Talent_SB": 1775, "Ygra, Eater of All_SB": 2440, "Runed Halo": 1740, "Undead Sprinter_SB": 2262, "Boros Reckoner": 236, "Craterhoof Behemoth": 443, "Atarka's Command_SB": 120, "Crackling Drake": 437, "Phyrexian Obliterator": 1541, "Decisive Denial": 502, "Ebondeath, Dracolich": 619, "Ertai's Scorn": 680, "Rakshasa's Bargain": 1607, "Rewind": 1689, "Unwind": 2287, "Awaken the Honored Dead_SB": 136, "Deathmark_SB": 496, "Gaze of Granite_SB": 823, "Lutri, the Spellchaser_SB": 1265, "Shadows' Verdict_SB": 1831, "Specter's Shriek_SB": 1962, "Thrun, Breaker of Silence_SB": 2174, "Abrade": 23, "Elspeth, Storm Slayer_SB": 646, "Herald of Eternal Dawn_SB": 951, "Collected Company_SB": 392, "Selfless Savior": 1813, "Legion Angel": 1184, "Wojek Investigator": 2421, "Legion Angel_SB": 1185, "Apostle of Purifying Light_SB": 87, "Long Goodbye": 1245, "Yathan Roadwatcher": 2437, "Jeskai Revelation": 1071, "Sixth Sense": 1894, "Kaya's Ghostform": 1102, "Hammerhand": 917, "Aqueous Form": 89, "Cartouche of Solidarity": 297, "Doorkeeper Thrull_SB": 571, "Severance Priest": 1827, "Ray of Frost_SB": 1628, "Bontu's Last Reckoning_SB": 231, "Deafening Silence": 493, "Hardened Scales": 920, "Fiery Annihilation_SB": 758, "Dragonlord Silumgar": 582, "Painful Truths": 1509, "Search for Azcanta": 1797, "Supreme Will": 2052, "Contraband Kingpin_SB": 426, "Village Rites": 2327, "Llanowar Visionary": 1241, "Izzet Charm": 1056, "Stormchaser's Talent_SB": 2012, "Rampaging Ferocidon": 1614, "Greedy Freebooter": 894, "Shambling Ghast": 1836, "Hangarback Walker": 918, "Marketback Walker": 1299, "Diabolic Intent": 542, "Scrapwork Mutt": 1788, "Gleaming Barrier": 855, "Liliana's Standard Bearer": 1224, "The Sibsig Ceremony": 2142, "Callous Bloodmage_SB": 281, "Friendly Teddy": 807, "Muerra, Trash Tactician": 1375, "Cut // Ribbons": 467, "Dusk Legion Zealot": 615, "Markov Baron": 1300, "Patchwork Banner": 1520, "Bedevil_SB": 169, "Champion of Dusk_SB": 345, "Deadly Dispute_SB": 490, "Soul Transfer_SB": 1949, "Devilish Valet": 538, "Runaway Steam-Kin": 1736, "Grinning Ignus": 897, "Hazoret's Monument": 932, "Light Up the Night": 1208, "Cemetery Prowler_SB": 337, "Nissa, Steward of Elements_SB": 1422, "Kishla Village": 1127, "Experiment One": 699, "Kitesail Freebooter_SB": 1129, "Crash Through": 441, "Ugin, Eye of the Storms": 2249, "Robber of the Rich_SB": 1714, "Baneslayer Angel_SB": 150, "Sokenzan, Crucible of Defiance_SB": 1936, "Shadows' Verdict": 1830, "The Book of Exalted Deeds_SB": 2123, "Spring-Loaded Sawblades": 1984, "Dennick, Pious Apprentice_SB": 523, "Shiko, Paragon of the Way": 1860, "Slaughter Games_SB": 1912, "Silent Hallcreeper": 1877, "Ashiok, Nightmare Weaver_SB": 112, "Evolved Sleeper": 693, "Tenacious Underdog_SB": 2102, "Rediscover the Way": 1650, "Balmor, Battlemage Captain": 145, "Sram, Senior Edificer": 1987, "Clever Lumimancer": 381, "Wizard's Retort_SB": 2419, "Shapers' Sanctuary": 1838, "Niv-Mizzet, Parun": 1426, "Sweltering Suns": 2061, "Marang River Regent_SB": 1287, "Katilda, Dawnhart Martyr_SB": 1098, "Omnath, Locus of the Roil": 1472, "Lilah, Undefeated Slickshot": 1221, "Tolsimir, Friend to Wolves_SB": 2196, "Giant Growth": 838, "Heritage Reclamation_SB": 956, "Brimaz, King of Oreskos": 255, "Intimidation Tactics": 1031, "Liliana, Dreadhorde General_SB": 1226, "Fountainport Bell": 802, "Gonti, Lord of Luxury_SB": 882, "Spirit-Sister's Call": 1978, "Bandit's Talent_SB": 147, "Frontline Rush": 808, "Mortify_SB": 1367, "Treasure Cruise_SB": 2223, "Drake Hatcher": 584, "Canyon Slough": 289, "Captain Lannery Storm": 291, "Charming Scoundrel": 363, "Goldhound": 879, "Goldspan Dragon": 880, "Kalain, Reclusive Painter": 1088, "Marionette Master": 1297, "Reckless Fireweaver": 1636, "Sticky Fingers": 2001, "Treasure Vault": 2225, "Vraska's Contempt": 2363, "Karn, Scion of Urza_SB": 1095, "Moment of Craving_SB": 1352, "Ratchet Bomb_SB": 1620, "Unlicensed Disintegration_SB": 2278, "Eshki Dragonclaw": 682, "Herd Heirloom": 953, "The Huntsman's Redemption": 2129, "Amonkhet Raceway": 64, "Shore Up": 1866, "Aetherflux Reservoir_SB": 43, "Shore Up_SB": 1867, "Illness in the Ranks_SB": 1003, "Phyrexian Arena_SB": 1536, "Abbot of Keral Keep": 19, "Anax, Hardened in the Forge": 66, "Incendiary Flow": 1011, "Invigorated Rampage": 1044, "Rimrock Knight": 1694, "Dire Fleet Daredevil_SB": 547, "Flame-Blessed Bolt_SB": 770, "Sword of Once and Future_SB": 2067, "Magebane Lizard": 1275, "Virulent Plague_SB": 2336, "Arboreal Grazer_SB": 93, "Sunset Revelry": 2045, "Unexpected Windfall": 2268, "Worldspine Wurm": 2426, "Xenagos, God of Revels": 2431, "Herald of Eternal Dawn": 950, "Skrelv's Hive": 1897, "Vaultborn Tyrant_SB": 2319, "Defabricate_SB": 510, "Collector's Cage_SB": 397, "Ajani, Strength of the Pride": 53, "Hushbringer_SB": 995, "Ureni, the Song Unending": 2293, "Plargg, Dean of Chaos": 1549, "Duelist of the Mind": 611, "Portent of Calamity": 1564, "Extraordinary Journey": 712, "Concerted Defense_SB": 415, "Rapid Hybridization_SB": 1619, "Hooting Mandrills": 976, "Jin-Gitaxias, Progress Tyrant_SB": 1074, "Smuggler's Surprise_SB": 1924, "Toxrill, the Corrosive_SB": 2210, "Reluctant Role Model": 1662, "Dire Tactics": 548, "Order of Midnight": 1482, "Awaken the Honored Dead": 135, "Ghostly Dancers": 835, "Heliod, the Radiant Dawn_SB": 946, "Invasion of Ergamon": 1038, "Cathartic Reunion": 317, "Ancient Imperiosaur": 70, "Gastal Thrillroller_SB": 820, "Virtue of Courage": 2331, "Ball Lightning": 144, "Scytheclaw Raptor_SB": 1791, "Doom Whisperer_SB": 569, "Chandra, Hope's Beacon": 353, "Obscura Storefront": 1455, "Disfigure_SB": 553, "Blue Sun's Twilight": 221, "Conduit Pylons": 416, "Ipnu Rivulet": 1047, "Outcaster Greenblade": 1491, "Voltage Surge": 2357, "Fae of Wishes_SB": 722, "Anger of the Gods": 72, "Koth, Fire of Resistance_SB": 1149, "Drake Hatcher_SB": 585, "Niv-Mizzet, Visionary_SB": 1429, "Dispel_SB": 554, "Despark_SB": 529, "Dennick, Pious Apprentice": 522, "Angrath, the Flame-Chained_SB": 74, "Slaughter Singer": 1913, "Venerated Rotpriest": 2323, "The Seedcore": 2141, "Crawling Chorus": 444, "Annex Sentry": 77, "Bloated Contaminator": 204, "Jawbone Duelist": 1067, "Overprotect": 1505, "Ajani, Sleeper Agent_SB": 52, "Phyrexian Censor_SB": 1538, "Tyvar's Stand_SB": 2245, "Annex Sentry_SB": 78, "Melira, the Living Cure_SB": 1315, "Baleful Mastery": 143, "Agonizing Remorse_SB": 51, "Gurmag Nightwatch": 907, "Secrets of the Key": 1805, "Ashen Rider": 107, "Glorybringer": 865, "Mizzium Mortars": 1345, "Cartouche of Zeal": 299, "Skylasher_SB": 1907, "Not on My Watch": 1434, "Scattered Thoughts": 1771, "Nature's Rhythm": 1399, "Dryad's Revival": 610, "Mabel, Heir to Cragflame_SB": 1268, "Wear Down_SB": 2384, "Slagstorm_SB": 1910, "Vineglimmer Snarl": 2328, "Port Town": 1557, "Mystic Reflection": 1386, "Heroic Intervention": 957, "Emergence Zone": 653, "Augmenter Pugilist": 124, "Augur of Autumn": 125, "Simic Charm": 1885, "Fortified Village": 796, "Biovisionary": 181, "Repudiate // Replicate_SB": 1668, "Chord of Calling_SB": 364, "Baird, Steward of Argive_SB": 141, "Repel the Abominable": 1666, "Repel the Abominable_SB": 1667, "Stern Dismissal_SB": 1999, "Pyroclasm": 1584, "Unlucky Witness": 2281, "Hornet Queen": 983, "Ojer Taq, Deepest Foundation": 1461, "Dark Petition_SB": 475, "Ritual of Soot_SB": 1703, "Vampires' Vengeance_SB": 2314, "Lord Skitter, Sewer King": 1253, "Tomik, Distinguished Advokist_SB": 2198, "Hearth Elemental": 937, "Sanguine Evangelist_SB": 1761, "Consuming Fervor": 422, "Aetherflux Reservoir": 42, "Mountain_SB": 1371, "Smoldering Egg": 1920, "Kaervek, the Spiteful_SB": 1081, "Inscribed Tablet": 1021, "Scourge of the Skyclaves": 1782, "Warlock Class": 2372, "Lich-Knights' Conquest": 1204, "Silent Gravestone_SB": 1876, "Ulcerate_SB": 2254, "Ovalchase Daredevil": 1495, "Portal to Phyrexia": 1562, "Can't Stay Away_SB": 287, "Feldon, Ronom Excavator": 749, "Infuriate_SB": 1016, "Wandering Mind": 2368, "Clarion Conqueror_SB": 375, "Abbot of Keral Keep_SB": 20, "Colossal Skyturtle": 400, "Mirrorshell Crab": 1338, "Teferi, Who Slows the Sunset": 2092, "Chaos Wand_SB": 360, "Dissection Tools_SB": 558, "Jace, the Perfected Mind_SB": 1064, "Recommission_SB": 1646, "Rabbit Battery": 1597, "Faerie Dreamthief": 723, "Steamcore Scholar": 1996, "Winternight Stories": 2406, "Defabricate": 509, "Immortal Phoenix_SB": 1006, "Seasons Past": 1803, "Unholy Annex // Ritual Chamber_SB": 2274, "Abuelo's Awakening": 28, "Summon: Knights of Round": 2030, "Cunning Coyote_SB": 464, "Yuna, Hope of Spira": 2445, "Blisterpod": 203, "Cartel Aristocrat": 296, "Rally the Ancestors": 1612, "Sephiroth, Fabled SOLDIER": 1819, "Starting Town": 1993, "Heliod, Sun-Crowned_SB": 944, "Ruthless Lawbringer_SB": 1745, "Lightwheel Enhancements": 1220, "Disenchant_SB": 552, "Joshua, Phoenix's Dominant": 1077, "Dark Confidant_SB": 473, "Kroxa and Kunoros": 1157, "Terra, Magical Adept": 2104, "Vivi Ornitier": 2338, "Ishgard, the Holy See": 1051, "Vivi Ornitier_SB": 2339, "Unflinching Courage": 2269, "Unflinching Courage_SB": 2270, "Eiganjo, Seat of the Empire_SB": 627, "Demon Wall": 518, "Fire Magic_SB": 764, "Twinmaw Stormbrood_SB": 2238, "Crumbling Vestige": 450, "Echoing Deeps": 620, "Glimpse the Core": 858, "Hour of Promise": 989, "The Wandering Minstrel": 2148, "Kura, the Boundless Sky_SB": 1164, "Maelstrom of the Spirit Dragon_SB": 1272, "Surrak, Elusive Hunter": 2056, "Opera Love Song": 1477, "Toski, Bearer of Secrets_SB": 2207, "Esper Origins": 685, "Cecil, Dark Knight": 333, "Dark Confidant": 472, "Gix, Yawgmoth Praetor": 848, "Vren, the Relentless_SB": 2366, "Kitesail Freebooter": 1128, "Lantern Scout_SB": 1172, "Cryptcaller Chariot": 454, "Ancient Adamantoise": 68, "Furnace Reins_SB": 814, "Market Gnome": 1298, "Buster Sword": 273, "Freya Crescent": 806, "Smitten Swordmaster": 1919, "Quicken_SB": 1595, "Alesha, Who Laughs at Fate": 56, "Zack Fair": 2448, "Staggering Insight": 1989, "Sporogenic Infection_SB": 1983, "Roaring Furnace // Steaming Sauna": 1711, "Tocasia's Welcome": 2193, "Bile Blight": 179, "Ruthless Negotiation_SB": 1746, "Al Bhed Salvagers": 55, "Warbriar Blessing": 2369, "Slip Out the Back_SB": 1918, "Demolition Field_SB": 517, "The Raven Man": 2136, "Gryff's Boon_SB": 902, "Lindblum, Industrial Regency": 1230, "Saiba Cryptomancer_SB": 1754, "Rune of Sustenance_SB": 1739, "Disturbing Mirth": 559, "Rite of Oblivion_SB": 1701, "Runed Halo_SB": 1741, "Rain of Revelation": 1603, "Ultima": 2255, "Shatter the Sky_SB": 1845, "Doomsday Excruciator_SB": 570, "Cloud of Darkness_SB": 387, "Outrageous Robbery_SB": 1494, "Sphinx's Tutelage": 1971, "The Water Crystal": 2151, "Eject_SB": 628, "Lindblum, Industrial Regency_SB": 1231, "Ureni, the Song Unending_SB": 2294, "Blossoming Defense_SB": 218, "Cloud, Midgar Mercenary": 388, "Machinist's Arsenal": 1269, "Paladin's Arms": 1512, "Raubahn, Bull of Ala Mhigo": 1622, "Hinterland Harbor": 967, "Summon: Leviathan": 2031, "Hullbreaker Horror": 991, "Titan of Industry_SB": 2188, "Search for Azcanta_SB": 1798, "Bonders' Enclave": 227, "Nissa's Pilgrimage": 1418, "Ulamog, the Ceaseless Hunger": 2252, "Old-Growth Troll_SB": 1463, "Emet-Selch, Unsundered": 657, "Lazav, the Multifarious": 1180, "Valentin, Dean of the Vein": 2301, "Astrologian's Planisphere": 118, "Sunscorched Desert": 2044, "Camellia, the Seedmiser_SB": 285, "Insidious Fungus_SB": 1025, "Massacre Girl_SB": 1304, "Trail of Crumbs_SB": 2212, "Webstrike Elite_SB": 2388, "Kefka, Court Mage": 1112, "Embercleave_SB": 651, "Mox Amber_SB": 1373, "Retraction Helix_SB": 1685, "Founding the Third Path": 799, "No One Left Behind": 1432, "Exsanguinate": 706, "Hedge Shredder": 941, "Return the Favor_SB": 1687, "Kogla and Yidaro_SB": 1143, "Revival // Revenge": 1688, "Vampire Socialite": 2311, "Legion Lieutenant": 1188, "Vito, Thorn of the Dusk Rose": 2337, "Vampire of the Dire Moon": 2312, "Voldaren Bloodcaster_SB": 2352, "Florian, Voldaren Scion_SB": 780, "Stingerback Terror": 2002, "Mistbreath Elder": 1342, "Lightning, Army of One": 1219, "Isareth the Awakener": 1050, "Urza's Ruinous Blast": 2296, "Venat, Heart of Hydaelyn": 2321, "Liliana, the Last Hope": 1228, "Thassa's Oracle": 2116, "Rush of Adrenaline": 1744, "Channeled Dragonfire": 359, "Stadium Headliner": 1988, "Roil Eruption": 1719, "Reckless Lackey": 1638, "Didn't Say Please": 543, "Ruin Crab": 1734, "Merfolk Windrobber": 1324, "Essence Scatter": 688, "Field of Ruin_SB": 756, "End the Festivities": 663, "Raze the Effigy_SB": 1629, "Roiling Dragonstorm": 1720, "Midgar, City of Mako": 1330, "Skrelv, Defector Mite_SB": 1899, "Heritage Reclamation": 955, "Riverchurn Monument_SB": 1704, "Sorceress's Schemes": 1942, "Goblin Chainwhirler": 872, "Halvar, God of Battle_SB": 916, "Unexpected Request_SB": 2267, "Binding the Old Gods": 180, "Tireless Tracker": 2183, "Jaddi Offshoot_SB": 1066, "Linvala, the Preserver_SB": 1234, "Lotleth Troll": 1256, "Nullhide Ferox": 1442, "Smuggler's Surprise": 1923, "Speaker of the Heavens": 1961, "Delney, Streetwise Lookout": 513, "Leyline of Transformation": 1200, "Forest_SB": 791, "Restoration Magic_SB": 1683, "Storm Herald_SB": 2008, "Cartouche of Solidarity_SB": 298, "Disdainful Stroke": 550, "Scatter Ray": 1769, "Refute": 1654, "Sinister Sabotage": 1889, "Cornered by Black Mages": 432, "Sunken Hollow": 2041, "Temple of Deceit": 2095, "Eliminate_SB": 639, "Cemetery Illuminator_SB": 336, "Enter the God-Eternals_SB": 674, "The Wandering Minstrel_SB": 2149, "Elvish Archivist": 648, "Resolute Strike": 1673, "Great Arashin City": 892, "Nissa, Voice of Zendikar_SB": 1423, "Storm Herald": 2007, "Disruptive Stormbrood": 556, "Burning Anger": 266, "Colossification": 402, "Thunder Magic_SB": 2176, "Void Rend": 2348, "Auroral Procession": 128, "Omnath, Locus of Creation_SB": 1471, "Temple of Enlightenment": 2096, "Coveted Falcon": 436, "Haunted Dead": 924, "Driven // Despair": 602, "Quag Feast_SB": 1589, "Capital City": 290, "Jidoor, Aristocratic Capital": 1073, "Snow-Covered Swamp_SB": 1933, "Shattered Sanctum_SB": 1847, "Concealed Courtyard_SB": 413, "Shadowy Backstreet_SB": 1835, "Doom Foretold_SB": 568, "Hopeful Vigil_SB": 978, "(THB) 117_SB": 15, "(DMU) 244_SB": 4, "(WOE) 95_SB": 18, "(M20) 94_SB": 10, "(SLD) 325_SB": 13, "(BRO) 16_SB": 1, "(STX) 72_SB": 14, "(FDN) 704_SB": 7, "(BLB) 83_SB": 0, "(OTJ) 108_SB": 12, "(BRO) 26_SB": 2, "(WOE) 29_SB": 17, "(DAR) 213_SB": 3, "(KLR) 84_SB": 8, "(LCI) 128_SB": 9, "(DSK) 111_SB": 5, "(MID) 112_SB": 11, "(THB) 121_SB": 16, "(FDN) 137_SB": 6, "Languish": 1170, "Ritual of Soot": 1702, "Drag the Canal_SB": 577, "Dwarven Mine": 617, "Dragon Fodder": 578, "Hordeling Outburst": 980, "Lukka, Coppercoat Outcast": 1260, "Satyr's Cunning": 1765, "Ral's Reinforcements": 1609, "Song of Totentanz": 1940, "Cavalcade of Calamity_SB": 323, "Impact Tremors_SB": 1009, "Mechanized Warfare_SB": 1313, "Torbran, Thane of Red Fell_SB": 2200, "Sin, Spira's Punishment": 1888, "Ugin, the Spirit Dragon": 2250, "Forsaken Monument": 794, "Wastes": 2378, "Haven of the Spirit Dragon": 926, "Crystal Grotto": 459, "Warping Wail": 2373, "The Celestus": 2124, "Adventurer's Inn": 38, "Patchwork Automaton_SB": 1519, "Touch the Spirit Realm_SB": 2209, "Saheeli, Filigree Master_SB": 1750}}