{"vocabulary": {"Blackcleave Cliffs": 194, "Blade of the Oni": 196, "Blazemire Verge": 200, "Blightstep Pathway": 204, "Blood Crypt": 212, "Bloodtithe Harvester": 219, "Duress": 630, "Fable of the Mirror-Breaker": 734, "Fatal Push": 754, "Fear of Missing Out": 762, "Go for the Throat": 894, "Invoke Despair": 1073, "Mutavault": 1416, "Sheoldred, the Apocalypse": 1910, "Sokenzan, Crucible of Defiance": 1988, "Swamp": 2122, "Thoughtseize": 2238, "Torch the Tower": 2280, "Unholy Annex // Ritual Chamber": 2352, "Anger of the Gods_SB": 83, "Anoint with Affliction_SB": 91, "Damping Sphere_SB": 488, "Duress_SB": 631, "Extinction Event_SB": 728, "Hidetsugu Consumes All_SB": 989, "Invoke Despair_SB": 1074, "Liliana of the Veil_SB": 1250, "Unlicensed Hearse_SB": 2359, "Atraxa, Grand Unifier": 128, "Deduce": 521, "Indomitable Creativity": 1043, "Mirrex": 1366, "Mountain": 1403, "Prismari Command": 1611, "Riverglide Pathway": 1757, "Riverpyre Verge": 1758, "Shark Typhoon": 1898, "Shivan Reef": 1916, "Sleight of Hand": 1968, "Spell Pierce": 2017, "Spirebluff Canal": 2028, "Steam Vents": 2049, "Temple of Epiphany": 2161, "Unable to Scream": 2336, "Valgavoth, Terror Eater": 2382, "Volcanic Spite": 2431, "Aether Gust_SB": 45, "Mystical Dispute_SB": 1424, "Negate_SB": 1443, "Pyroclasm_SB": 1622, "Shark Typhoon_SB": 1899, "Sire of Insanity_SB": 1944, "Test of Talents_SB": 2176, "Clearwater Pathway": 386, "Darkslick Shores": 495, "Fear of Isolation": 761, "Field of Ruin": 777, "Geier Reach Sanitarium": 850, "Gloomlake Verge": 890, "Grim Bauble": 919, "Hive of the Eye Tyrant": 998, "Hopeless Nightmare": 1008, "Island": 1080, "Momentum Breaker": 1387, "Narset, Parter of Veils": 1433, "Nowhere to Run": 1473, "Omen of the Sea": 1503, "Otawara, Soaring City": 1527, "Shipwreck Marsh": 1915, "Stormchaser's Talent": 2069, "Takenuma, Abandoned Mire": 2140, "This Town Ain't Big Enough": 2232, "Underground River": 2345, "Urborg, Tomb of Yawgmoth": 2373, "Watery Grave": 2464, "Yahenni's Expertise": 2524, "Ashiok, Nightmare Muse_SB": 120, "Grafdigger's Cage_SB": 909, "Yorion, Sky Nomad_SB": 2532, "Ashiok, Nightmare Muse": 119, "Censor": 348, "Change the Equation": 369, "Cling to Dust": 391, "Cut Down": 484, "Deadly Cover-Up": 505, "Dig Through Time": 562, "Drown in the Loch": 625, "Extinction Event": 727, "Memory Deluge": 1349, "Mission Briefing": 1375, "Sheoldred's Edict": 1908, "Sorin the Mirthless": 1995, "Three Steps Ahead": 2242, "Undercity Sewers": 2343, "Annul_SB": 89, "Chrome Host Seedshark_SB": 376, "Commit // Memory_SB": 416, "Feed the Swarm_SB": 768, "Jace, Vryn's Prodigy_SB": 1088, "Kalitas, Traitor of Ghet_SB": 1115, "Murderous Cut_SB": 1413, "Path of Peril_SB": 1559, "The Meathook Massacre_SB": 2208, "Boseiju, Who Endures": 242, "Cavalier of Thorns": 337, "Elvish Mystic": 667, "Forest": 818, "Invasion of Ixalan": 1068, "Kiora, Behemoth Beckoner": 1152, "Lair of the Hydra": 1196, "Llanowar Elves": 1265, "Nykthos, Shrine to Nyx": 1481, "Oath of Nissa": 1485, "Old-Growth Troll": 1498, "Outcaster Trailblazer": 1532, "Storm the Festival": 2066, "Ulvenwald Oddity": 2333, "Wolfwillow Haven": 2512, "Cityscape Leveler_SB": 379, "Monstrous Emergence_SB": 1392, "Pithing Needle_SB": 1589, "The Mightstone and Weakstone_SB": 2210, "The Stone Brain_SB": 2221, "Tranquil Frillback_SB": 2295, "Wicked Wolf_SB": 2486, "Deserted Beach": 549, "Dovin's Veto": 593, "Eiganjo, Seat of the Empire": 643, "Elspeth's Smite": 661, "Farewell": 752, "Floodfarm Verge": 806, "Get Lost": 853, "Glacial Fortress": 879, "Hall of Storm Giants": 938, "Hallowed Fountain": 939, "Hengegate Pathway": 976, "Irrigated Farmland": 1077, "Jwari Disruption": 1106, "March of Otherworldly Light": 1322, "Meticulous Archive": 1359, "No More Lies": 1463, "Plains": 1590, "Restless Anchorage": 1726, "Sunken Citadel": 2099, "Supreme Verdict": 2112, "Teferi, Hero of Dominaria": 2154, "Temporary Lockdown": 2168, "The Wandering Emperor": 2222, "Archon of Emeria_SB": 108, "Elspeth's Smite_SB": 662, "Knockout Blow_SB": 1171, "Kutzil's Flanker_SB": 1193, "Starnheim Unleashed_SB": 2047, "Adeline, Resplendent Cathar": 37, "Coppercoat Vanguard": 440, "Extraction Specialist": 730, "Hopeful Initiate": 1006, "Portable Hole": 1603, "Recruitment Officer": 1692, "Shefet Dunes": 1905, "Thalia's Lieutenant": 2180, "Thalia, Guardian of Thraben": 2181, "Veteran Survivor": 2404, "Warden of the Inner Sky": 2452, "Brave the Elements_SB": 253, "Destroy Evil_SB": 553, "Elite Spellbinder_SB": 658, "Ossification_SB": 1525, "Rest in Peace_SB": 1725, "Wedding Announcement_SB": 2476, "Aloe Alchemist": 66, "Atarka's Command": 126, "Burning-Tree Emissary": 276, "Copperline Gorge": 441, "Cunning Coyote": 478, "Den of the Bugbear": 540, "Heartfire Hero": 961, "Karplusan Forest": 1121, "Kumano Faces Kakkazan": 1187, "Monastery Swiftspear": 1390, "Monstrous Rage": 1393, "Play with Fire": 1594, "Ramunap Ruins": 1660, "Reckless Bushwhacker": 1679, "Screaming Nemesis": 1844, "Stomping Ground": 2060, "Thornspire Verge": 2234, "Destructive Revelry_SB": 554, "Magebane Lizard_SB": 1302, "Pick Your Poison_SB": 1581, "Reckless Rage_SB": 1685, "Redcap Melee_SB": 1694, "Rending Volley_SB": 1713, "Shapers' Sanctuary_SB": 1895, "Urabrask's Forge_SB": 2370, "Abrupt Decay": 25, "Archon of Emeria": 107, "Assassin's Trophy": 123, "Bleachbone Verge": 201, "Breeding Pool": 257, "Cavern of Souls": 338, "Deputy of Detention": 546, "Enigmatic Incarnation": 689, "Hushwood Verge": 1022, "Indatha Triome": 1042, "Leyline Binding": 1221, "Linvala, the Preserver": 1259, "Noxious Gearhulk": 1475, "Overgrown Tomb": 1537, "Overlord of the Floodpits": 1541, "Overlord of the Hauntwoods": 1542, "Overlord of the Mistmoors": 1543, "Raffine's Tower": 1642, "Spara's Headquarters": 2012, "Tranquil Frillback": 2294, "Up the Beanstalk": 2368, "Willowrush Verge": 2492, "Zagoth Triome": 2541, "Zur, Eternal Schemer": 2552, "Elesh Norn, Mother of Machines_SB": 655, "Ruric Thar, the Unbowed_SB": 1788, "Thoughtseize_SB": 2239, "Arclight Phoenix": 109, "Artist's Talent": 114, "Brazen Borrower": 254, "Consider": 430, "Fiery Impulse": 781, "Galvanic Iteration": 842, "Into the Flood Maw": 1061, "Lightning Axe": 1239, "Opt": 1516, "Picklock Prankster": 1582, "Proft's Eidetic Memory": 1614, "Stormcarved Coast": 2067, "Temporal Trespass": 2167, "Treasure Cruise": 2303, "Abrade_SB": 24, "Brazen Borrower_SB": 255, "Brotherhood's End_SB": 267, "Disdainful Stroke_SB": 570, "Thing in the Ice_SB": 2230, "Third Path Iconoclast_SB": 2231, "Sulfurous Springs": 2085, "Withering Torment": 2505, "Bitter Triumph_SB": 193, "Torch the Tower_SB": 2281, "Withering Torment_SB": 2506, "Burst Lightning": 278, "Cragcrown Pathway": 454, "Emberheart Challenger": 672, "Innkeeper's Talent": 1047, "Manifold Mouse": 1315, "Questing Druid": 1631, "Reckless Rage": 1684, "Snakeskin Veil": 1979, "Pawpatch Formation_SB": 1561, "Questing Druid_SB": 1632, "Scorching Shot_SB": 1835, "Screaming Nemesis_SB": 1845, "Enduring Curiosity": 684, "Faerie Miscreant": 746, "Floodpits Drowner": 807, "Kaito, Bane of Nightmares": 1110, "Mockingbird": 1380, "Moon-Circuit Hacker": 1397, "Spyglass Siren": 2039, "Thousand-Faced Shadow": 2240, "Biting-Palm Ninja_SB": 190, "Cut Down_SB": 485, "Dokuchi Silencer_SB": 584, "Leyline of the Void_SB": 1229, "Sheoldred, the Apocalypse_SB": 1911, "Spell Pierce_SB": 2018, "Anoint with Affliction": 90, "Borrowed Hostility": 241, "Built to Smash": 273, "Cacophony Scamp": 286, "Fireblade Charger": 791, "Infuriate": 1044, "Thud": 2249, "Titan's Strength": 2266, "Turn Inside Out": 2313, "Wayward Guide-Beast": 2465, "Claim the Firstborn_SB": 383, "Dreadmaw's Ire_SB": 612, "End the Festivities_SB": 682, "Kari Zev's Expertise_SB": 1118, "Light Up the Stage_SB": 1235, "Obosh, the Preypiercer_SB": 1489, "Voldaren Thrillseeker_SB": 2436, "Stern Dismissal": 2052, "Demilich_SB": 534, "Ledger Shredder_SB": 1211, "Prismari Command_SB": 1612, "Pawpatch Recruit": 1562, "Soul-Scar Mage": 2005, "Experimental Frenzy_SB": 722, "Hazoret the Fervent_SB": 956, "Barbed Batterfist": 157, "Battlefield Forge": 167, "Bitter Triumph": 192, "Brightclimb Pathway": 258, "Concealed Courtyard": 420, "Godless Shrine": 900, "Greasefang, Okiba Boss": 913, "Kroxa, Titan of Death's Hunger": 1185, "Overlord of the Balemurk": 1538, "Parhelion II": 1553, "Sacred Foundry": 1797, "Skysovereign, Consul Flagship": 1963, "Valor's Flagship": 2390, "Vanishing Verse": 2396, "Containment Priest_SB": 438, "Deafening Silence_SB": 512, "Portable Hole_SB": 1604, "Reckoner Bankbuster_SB": 1688, "Vanishing Verse_SB": 2397, "Callous Sell-Sword": 292, "Claim // Fame": 380, "Fatal Push_SB": 755, "Banefire": 153, "The World Tree": 2227, "Koma, Cosmos Serpent_SB": 1175, "Bandit's Talent": 151, "Castle Locthwain": 321, "Demolition Field": 535, "Feed the Cycle": 766, "Go Blank": 892, "Hostile Investigator": 1016, "Liliana of the Veil": 1249, "Rankle's Prank": 1661, "Reckoner Bankbuster": 1687, "Waste Not": 2459, "Ashiok, Dream Render_SB": 118, "Graveyard Trespasser_SB": 912, "Branchloft Pathway": 249, "Brushland": 269, "Flicker of Fate": 804, "Nylea's Presence": 1483, "Razorverge Thicket": 1675, "Skyclave Apparition": 1956, "Temple Garden": 2157, "The Wandering Emperor_SB": 2223, "Warping Wail_SB": 2456, "Spikefield Hazard": 2025, "Destroy Evil": 552, "Fountainport": 828, "Seachrome Coast": 1848, "Beza, the Bounding Spring_SB": 180, "Riptide Gearhulk_SB": 1750, "Settle the Wreckage_SB": 1882, "Needleverge Pathway": 1441, "Cryptic Coat": 471, "Darksteel Citadel": 496, "Ensoul Artifact": 690, "Gastal Thrillroller": 845, "Gleaming Geardrake": 884, "Inti, Seneschal of the Sun": 1058, "Memory Guardian": 1351, "Shrapnel Blast": 1925, "Smuggler's Copter": 1975, "Voldaren Epicure": 2434, "Burst Lightning_SB": 279, "Shadowspear_SB": 1889, "Voltage Surge_SB": 2438, "Aven Interrupter": 138, "Collected Company": 399, "Enduring Innocence": 686, "Knight of Autumn": 1162, "Tyvar, the Pummeler": 2325, "Voice of Resurgence": 2424, "Werefox Bodyguard": 2480, "Brutal Cathar_SB": 271, "Dromoka's Command_SB": 624, "Guardian of Faith_SB": 928, "Werefox Bodyguard_SB": 2481, "Kutzil's Flanker": 1192, "Overlord of the Boilerbilges": 1540, "Progenitor Mimic": 1616, "Dovin's Veto_SB": 594, "Pest Control_SB": 1569, "Ancestral Anger": 77, "Expedite": 716, "Leyline of Resonance": 1224, "Might of the Meek": 1361, "Skullcrack_SB": 1954, "Soul-Guide Lantern_SB": 2004, "Twisted Fealty_SB": 2319, "Ygra, Eater of All": 2529, "Scavenger's Talent": 1828, "Mayhem Devil": 1342, "Claim the Firstborn": 382, "Witch's Oven": 2499, "Cauldron Familiar": 329, "Deadly Dispute": 507, "Darkbore Pathway": 494, "Llanowar Wastes": 1267, "Blooming Marsh": 220, "Ob Nixilis, the Adversary_SB": 1487, "Haywire Mite_SB": 953, "Abrupt Decay_SB": 26, "Sheoldred's Edict_SB": 1909, "Heartless Act_SB": 964, "Kellan, Daring Traveler": 1139, "Fetid Pools": 776, "The Meathook Massacre": 2207, "Liliana, the Last Hope_SB": 1255, "Wastewood Verge": 2463, "Slickshot Show-Off": 1969, "Chandra, Dressed to Kill_SB": 363, "Sunfall": 2097, "Strict Proctor_SB": 2079, "Blot Out_SB": 226, "Fry_SB": 835, "Emrakul, the Promised End": 678, "Hostile Hostel": 1015, "Leyline of the Guildpact": 1228, "Polukranos Reborn": 1598, "Keen-Eyed Curator_SB": 1137, "Obstinate Baloth_SB": 1491, "Scrapshooter_SB": 1842, "Steel Seraph": 2051, "Knight of Autumn_SB": 1163, "Weathered Runestone_SB": 2471, "Go Blank_SB": 893, "Legion's Landing": 1219, "Nurturing Pixie": 1479, "Optimistic Scavenger": 1517, "Treacherous Blessing": 2302, "Skyclave Apparition_SB": 1957, "Gifted Aetherborn": 871, "Graveyard Trespasser": 911, "Murderous Rider": 1414, "Sign in Blood": 1929, "Ray of Enfeeblement_SB": 1670, "Back to Nature_SB": 145, "Archdruid's Charm": 103, "Bala Ged Recovery": 147, "Dark Petition": 491, "Emergent Ultimatum": 674, "Fae of Wishes": 743, "Hidden Strings": 987, "Lier, Disciple of the Drowned": 1231, "Lotus Field": 1282, "Lush Portico": 1291, "Mana Confluence": 1314, "Nine Lives": 1448, "Omniscience": 1509, "Path of Peril": 1558, "Pore Over the Pages": 1600, "Soul Partition": 1999, "Strict Proctor": 2078, "Sylvan Scrying": 2132, "Thespian's Stage": 2228, "Vizier of Tumbling Sands": 2422, "Approach of the Second Sun_SB": 96, "Dragonlord Dromoka_SB": 599, "Emergent Ultimatum_SB": 675, "Leyline of Sanctity_SB": 1225, "Silence_SB": 1930, "Solemnity_SB": 1990, "Soul Partition_SB": 2000, "Temporary Lockdown_SB": 2169, "Zacama, Primal Calamity_SB": 2539, "Rockface Village": 1766, "Claim // Fame_SB": 381, "Hidetsugu Consumes All": 988, "Ghost Vacuum_SB": 860, "Barrier Breach_SB": 160, "Blacksmith's Talent": 195, "Chainsaw": 352, "Colossus Hammer": 411, "Fighter Class": 785, "Flowerfoot Swordmaster": 810, "Inspiring Vantage": 1055, "Mabel, Heir to Cragflame": 1293, "Shadowspear": 1888, "Sigarda's Aid": 1928, "Chainsaw_SB": 353, "Deafening Clarion_SB": 510, "Nettle Guard_SB": 1445, "Surge of Salvation_SB": 2117, "Sword of Forge and Frontier_SB": 2129, "Beza, the Bounding Spring": 179, "Split Up": 2033, "Stock Up": 2058, "Enduring Curiosity_SB": 685, "Farewell_SB": 753, "Heliod's Intervention_SB": 968, "Kaheera, the Orphanguard_SB": 1108, "Supreme Verdict_SB": 2113, "Shoot the Sheriff": 1919, "Kroxa, Titan of Death's Hunger_SB": 1186, "Torpor Orb_SB": 2284, "Thundertrap Trainer": 2254, "Yorion, Sky Nomad": 2531, "Waste Not_SB": 2460, "Experimental Augury": 720, "Jace Reawakened": 1085, "Malcolm, Alluring Scoundrel": 1312, "Nashi, Searcher in the Dark": 1435, "Plaza of Heroes": 1596, "Valki, God of Lies": 2385, "Champion of the Perished": 355, "Cryptbreaker": 468, "Dark Salvation": 493, "Dread Wanderer": 608, "Relentless Dead": 1708, "Unstoppable Slasher": 2363, "Wayward Servant": 2466, "Zahur, Glory's Past": 2542, "Crippling Fear_SB": 462, "Get Lost_SB": 854, "Sheltered by Ghosts_SB": 1907, "Abhorrent Oculus": 21, "Ketramose, the New Dawn": 1147, "Ride's End": 1742, "Scrabbling Claws": 1838, "Shadowy Backstreet": 1890, "Tainted Indulgence": 2139, "Glasspool Mimic": 882, "Jetmir's Garden": 1097, "Phyrexian Censor": 1575, "Sunbillow Verge": 2093, "Titan of Industry": 2264, "Ziatora's Proving Ground": 2546, "High Noon_SB": 993, "Nimble Larcenist_SB": 1447, "Commune with Dinosaurs": 418, "Ghalta, Primal Hunger": 857, "Marauding Raptor": 1321, "Pugnacious Hammerskull": 1620, "Rampaging Raptor": 1659, "Regal Imperiosaur": 1703, "Regisaur Alpha": 1704, "Ripjaw Raptor": 1747, "Rampaging Ferocidon_SB": 1658, "Change the Equation_SB": 370, "Memory Deluge_SB": 1350, "Kolaghan's Command_SB": 1174, "Bard Class": 158, "Commune with Spirits": 419, "Domri, Anarch of Bolas": 585, "Gallia of the Endless Dance": 841, "Goro-Goro, Disciple of Ryusei": 906, "Hajar, Loyal Bodyguard": 934, "Itzquinth, Firstborn of Gishath": 1083, "Kari Zev, Skyship Raider": 1119, "Klothys, God of Destiny": 1160, "Migloz, Maze Crusher": 1362, "Radha, Heart of Keld": 1638, "Redshift, Rocketeer Chief": 1696, "Rockfall Vale": 1767, "Ruby, Daring Tracker": 1779, "Samut, Vizier of Naktamun": 1805, "Alpine Moon_SB": 69, "Experimental Synthesizer": 723, "Light Up the Stage": 1234, "Skewer the Critics": 1947, "Roiling Vortex_SB": 1771, "Violent Urge_SB": 2410, "Keen-Eyed Curator": 1136, "Tribute to the World Tree": 2309, "Silverback Elder": 1935, "Elesh Norn, Mother of Machines": 654, "Wakeroot Elemental": 2447, "Tyrranax Rex_SB": 2321, "Tail Swipe_SB": 2138, "Setessan Petitioner_SB": 1880, "Polukranos Reborn_SB": 1599, "Esika's Chariot_SB": 703, "Brutal Cathar": 270, "Containment Priest": 437, "Dauntless Bodyguard": 497, "Giant Killer": 866, "Kytheon, Hero of Akros": 1195, "Luminarch Aspirant": 1287, "Sheltered by Ghosts": 1906, "Castle Ardenvale": 318, "Soulstone Sanctuary": 2011, "Reidane, God of the Worthy_SB": 1705, "Authority of the Consuls_SB": 137, "Spark Double": 2013, "Trumpeting Carnosaur": 2311, "Greater Tanuki": 916, "Spinewoods Armadillo": 2026, "Beanstalk Giant": 169, "Release to the Wind": 1707, "Quintorius Kand": 1636, "Virtue of Persistence": 2413, "Ketria Triome": 1149, "Fabled Passage": 736, "Keruga, the Macrosage_SB": 1146, "Takenuma, Abandoned Mire_SB": 2141, "Colossal Skyturtle_SB": 409, "Horned Loch-Whale_SB": 1011, "Swamp_SB": 2123, "Gyruda, Doom of Depths_SB": 933, "Thought Distortion_SB": 2235, "Consign // Oblivion_SB": 432, "Ledger Shredder": 1210, "Thundering Falls": 2253, "Nylea's Intervention_SB": 1482, "Arasta of the Endless Web_SB": 99, "Emrakul, the Promised End_SB": 679, "Aftermath Analyst": 51, "Brokers Hideout": 265, "Cabaretti Courtyard": 284, "Doppelgang": 591, "Fires of Victory": 793, "Ill-Timed Explosion": 1029, "Lumra, Bellow of the Woods": 1288, "Maestros Theater": 1299, "Nissa, Resurgent Animist": 1454, "Riveteers Overlook": 1759, "Shigeki, Jukai Visionary": 1913, "Spelunking": 2021, "Virtue of Strength": 2415, "Worldsoul's Rage": 2515, "Bonny Pall, Clearcutter_SB": 236, "Roxanne, Starfall Savant_SB": 1776, "Three Steps Ahead_SB": 2243, "Emeria's Call": 676, "Youthful Valkyrie": 2536, "Bishop of Wings": 189, "Resplendent Angel": 1723, "Giada, Font of Hope": 864, "Kayla's Reconstruction": 1132, "Righteous Valkyrie": 1744, "Boon of Boseiju": 238, "Aven Interrupter_SB": 139, "Dream Trawler": 613, "Pillage the Bog": 1583, "Sunfall_SB": 2098, "Roaring Furnace // Steaming Sauna_SB": 1762, "Bloodletter of Aclazotz": 217, "Haunted Ridge": 950, "Unholy Annex // Ritual Chamber_SB": 2353, "Bladehold War-Whip": 197, "Fervent Champion": 774, "Kazuul's Toll Collector": 1135, "Kellan, the Fae-Blooded": 1141, "Kemba, Kha Enduring": 1142, "Lavaspur Boots": 1202, "Legion Extruder": 1214, "Leyline Axe": 1220, "Swiftfoot Boots": 2127, "Loran of the Third Path_SB": 1275, "Go for the Throat_SB": 895, "Narset, Parter of Veils_SB": 1434, "Case of the Gateway Express": 314, "Gleeful Demolition": 885, "Imodane's Recruiter": 1035, "Knight-Errant of Eos": 1169, "Novice Inspector": 1472, "Resolute Reinforcements": 1721, "Thraben Inspector": 2241, "Venerated Loxodon": 2402, "Invasion of Gobakhan_SB": 1067, "Fiery Temper": 783, "Flameblade Adept": 797, "Footfall Crater": 816, "Highway Robbery": 994, "Marauding Mako": 1320, "Maximize Velocity": 1341, "Monument to Endurance": 1395, "Ox of Agonas": 1546, "Birgi, God of Storytelling_SB": 188, "Lightning Axe_SB": 1240, "Skycrash_SB": 1959, "Sunspine Lynx_SB": 2109, "Oildeep Gearhulk": 1495, "Oildeep Gearhulk_SB": 1496, "Arboreal Grazer": 100, "Behold the Beyond": 174, "Botanical Sanctum": 245, "Impulse": 1038, "Mastermind's Acquisition": 1338, "Temple of Mystery": 2164, "Yavimaya Coast": 2528, "Expedition Map_SB": 718, "Grand Abolisher_SB": 910, "Nine Lives_SB": 1449, "Stock Up_SB": 2059, "Voyaging Satyr_SB": 2440, "Kayla's Reconstruction_SB": 1133, "Rottenmouth Viper": 1775, "Get Out_SB": 856, "Grim Bauble_SB": 920, "Kaito, Bane of Nightmares_SB": 1111, "Battle Cry Goblin": 165, "Foundry Street Denizen": 827, "Goblin Instigator": 898, "Greasewrench Goblin": 914, "Raise the Past": 1646, "Rundvelt Hordemaster": 1783, "Skirk Prospector": 1948, "Moonshaker Cavalry_SB": 1398, "Nahiri, the Harbinger_SB": 1428, "Dawnbringer Cleric_SB": 500, "Beacon Bolt_SB": 168, "Witchstalker Frenzy_SB": 2501, "Boltwave": 230, "Boros Charm": 239, "Clockwork Percussionist": 393, "Eidolon of the Great Revel": 641, "Searing Blood": 1855, "Skullcrack": 1953, "Viashino Pyromancer": 2405, "Deflecting Palm_SB": 528, "Defiant Strike": 527, "Dreadhorde Arcanist": 609, "Illuminator Virtuoso": 1032, "Samut's Sprint": 1804, "Case of the Crimson Pulse_SB": 313, "Gods Willing_SB": 902, "Knight of Grace_SB": 1166, "Wear // Tear_SB": 2468, "Brightglass Gearhulk": 259, "Haywire Mite": 952, "Skrelv, Defector Mite": 1951, "Wrenn and Realmbreaker": 2518, "Shardmage's Rescue_SB": 1897, "Behold the Multiverse": 175, "Expedition Map": 717, "Depopulate_SB": 544, "Unsubstantiate_SB": 2364, "Sentinel of the Nameless City_SB": 1874, "Caustic Bronco_SB": 331, "Bonecrusher Giant": 234, "Aegis Turtle_SB": 41, "Narset's Reversal_SB": 1432, "Mindspring Merfolk": 1365, "Tishana's Tidebinder": 2262, "Triton Shorestalker": 2310, "Vodalian Hexcatcher": 2423, "Archfiend of the Dross_SB": 106, "Tishana's Tidebinder_SB": 2263, "Lightning Strike": 1243, "Sunspine Lynx": 2108, "Witchstalker Frenzy": 2500, "Lithomantic Barrage_SB": 1263, "Mutavault_SB": 1417, "Razorkin Needlehead_SB": 1674, "Entity Tracker": 692, "Omen of the Dead_SB": 1502, "Lost Jitte": 1279, "Shardmage's Rescue": 1896, "Chandra's Defeat_SB": 357, "Ancient Cornucopia": 79, "Bring to Light": 262, "Deafening Clarion": 509, "Elenda, Saint of Dusk": 652, "Hostage Taker": 1014, "Kolaghan's Command": 1173, "Lightning Helix": 1241, "Maelstrom Pulse": 1296, "Niv-Mizzet Reborn": 1458, "Niv-Mizzet, Supreme": 1461, "Omnath, Locus of Creation": 1506, "Raugrin Triome": 1668, "Savai Triome": 1819, "Sylvan Caryatid": 2131, "Unmoored Ego": 2361, "Xander's Lounge": 2520, "Casualties of War_SB": 323, "Kambal, Consul of Allocation_SB": 1116, "Klothys, God of Destiny_SB": 1161, "Call of the Death-Dweller": 290, "Kaito, Cunning Infiltrator": 1112, "Ornithopter": 1522, "Satoru, the Infiltrator": 1816, "Silver-Fur Master": 1934, "Mukotai Ambusher_SB": 1410, "Bloodchief's Thirst": 214, "Bloodchief's Thirst_SB": 215, "Chandra, Awakened Inferno_SB": 361, "Tormod's Crypt_SB": 2283, "Combat Research": 412, "Lazav, Wearer of Faces": 1206, "Lively Dirge": 1264, "Medomai the Ageless": 1347, "Mox Amber": 1405, "Raffine, Scheming Seer": 1643, "Elenda, Saint of Dusk_SB": 653, "Thalia, Guardian of Thraben_SB": 2182, "Thalia, Heretic Cathar_SB": 2184, "Urza's Ruinous Blast_SB": 2378, "Archfiend of the Dross": 105, "Valakut Awakening": 2379, "Wish": 2498, "Fiery Impulse_SB": 782, "Galvanic Iteration_SB": 843, "Into the Flood Maw_SB": 1062, "Lier, Disciple of the Drowned_SB": 1232, "Niv-Mizzet, Parun_SB": 1460, "Momentum Breaker_SB": 1388, "Lotus Cobra": 1281, "Fires of Victory_SB": 794, "Kappa Tech-Wrecker": 1117, "Anointed Peacekeeper": 92, "Guardian of Faith": 927, "Gods Willing": 901, "Showdown of the Skalds_SB": 1924, "Riptide Gearhulk": 1749, "Settle the Wreckage": 1881, "Eidolon of the Great Revel_SB": 642, "Saheeli, Sublime Artificer_SB": 1800, "Elder Gargaroth": 646, "Fires of Invention": 792, "Heliod, the Radiant Dawn": 972, "Kenrith, the Returned King": 1144, "Marina Vendrell": 1329, "Roaring Furnace // Steaming Sauna": 1761, "Tolsimir, Friend to Wolves": 2272, "Touch the Spirit Realm": 2287, "Krenko's Buzzcrusher_SB": 1183, "Quick Study": 1633, "Culling Ritual": 476, "Culling Ritual_SB": 477, "Notion Thief_SB": 1469, "Chandra, Torch of Defiance_SB": 368, "Crackling Drake_SB": 453, "Proft's Eidetic Memory_SB": 1615, "Cache Grab": 285, "Esika's Chariot": 702, "Raffine's Informant": 1641, "Thundering Broodwagon": 2252, "Traverse the Ulvenwald": 2301, "Witherbloom Command": 2503, "Glissa Sunslayer_SB": 888, "Hallowed Moonlight": 940, "Elegant Parlor": 650, "Ketramose, the New Dawn_SB": 1148, "Barkchannel Pathway": 159, "Benthic Biomancer": 176, "Cenote Scout": 347, "Deeproot Pilgrimage": 524, "Kumena's Speaker": 1188, "Kumena, Tyrant of Orazca": 1189, "Sentinel of the Nameless City": 1873, "Tidebinder Mage_SB": 2255, "Unable to Scream_SB": 2337, "Gather Courage": 847, "Webstrike Elite": 2473, "Werewolf Pack Leader": 2482, "Gather Courage_SB": 848, "Inscription of Abundance_SB": 1050, "Nahiri, Forged in Fury": 1425, "Arid Archway": 110, "Castle Garenbrig": 320, "Festering Gulch": 775, "Iridescent Vinelasher": 1076, "Port of Karfell": 1602, "Underground Mortuary": 2344, "Elder Gargaroth_SB": 647, "Fog_SB": 814, "Carnage Tyrant": 303, "Nahiri, the Unforgiving_SB": 1430, "Castle Embereth": 319, "Hired Claw": 996, "Zurgo Bellstriker": 2553, "Goblin Chainwhirler_SB": 897, "Kozilek's Return_SB": 1180, "Adarkar Wastes": 36, "Mausoleum Wanderer": 1340, "Rattlechains": 1664, "Spell Queller": 2019, "Supreme Phantom": 2111, "Katilda, Dawnhart Martyr": 1122, "Slip Out the Back": 1971, "Split Up_SB": 2034, "Zoetic Glyph": 2549, "Stubborn Denial": 2081, "Sweltering Suns_SB": 2126, "The Akroan War_SB": 2190, "Basilisk Collar_SB": 163, "Silvergill Adept": 1936, "Tithing Blade": 2268, "Bitter Reunion": 191, "Case of the Stashed Skeleton": 316, "Big Score": 181, "Vampires' Vengeance": 2393, "Raucous Theater": 1667, "Brotherhood's End": 266, "Zombify": 2550, "Worldspine Wurm_SB": 2517, "Etali, Primal Conqueror_SB": 710, "Xenagos, God of Revels_SB": 2522, "Fortified Beachhead": 823, "Declaration in Stone": 519, "Thalia, Heretic Cathar": 2183, "Reflector Mage": 1698, "Extraction Specialist_SB": 731, "Zephyr Sentinel_SB": 2543, "Anointed Peacekeeper_SB": 93, "Magma Opus": 1305, "Caves of Koilos": 340, "Restless Fortress": 1728, "Ruin-Lurker Bat": 1781, "Healer's Hawk": 960, "Essence Channeler": 705, "Voice of the Blessed": 2428, "Exemplar of Light": 714, "Linden, the Steadfast Queen": 1258, "Leyline of Hope": 1223, "Authority of the Consuls": 136, "Case of the Uneaten Feast": 317, "Scoured Barrens": 1836, "Rogue's Passage": 1768, "Dewdrop Cure": 558, "Lunarch Veteran": 1289, "Declaration in Stone_SB": 520, "Crystal Barricade_SB": 474, "Fateful Absence_SB": 757, "Afterburner Expert": 50, "Agatha's Soul Cauldron": 55, "Draconautics Engineer": 595, "Dredger's Insight": 620, "Omnivorous Flytrap": 1510, "Agatha's Soul Cauldron_SB": 56, "Sundown Pass": 2096, "Feather, the Redeemed": 763, "Clifftop Retreat": 390, "Dreadmaw's Ire": 611, "Light of Hope_SB": 1237, "Loran's Escape_SB": 1277, "Feather, the Redeemed_SB": 764, "Can't Stay Away": 295, "Glissa Sunslayer": 887, "Grisly Salvage": 922, "Collective Brutality": 401, "Faithful Mending": 747, "Kiora, the Rising Tide": 1153, "Pest Control": 1568, "Shattered Sanctum": 1901, "Dream Trawler_SB": 614, "Teferi, Hero of Dominaria_SB": 2155, "Void Rend_SB": 2430, "Adorned Pouncer": 38, "Arahbo, the First Fang": 98, "Brave the Elements": 252, "Lion Sash": 1261, "Open the Armory": 1513, "Roadside Reliquary": 1760, "Sacred Cat": 1796, "Skyknight Squire": 1960, "Sword of Forge and Frontier": 2128, "Ox of Agonas_SB": 1547, "Exquisite Firecraft_SB": 725, "Searing Blood_SB": 1856, "Prosperous Thief": 1618, "Satoru Umezawa": 1815, "High Noon": 992, "Hullbreaker Horror_SB": 1020, "Twinshot Sniper": 2317, "Keruga, the Macrosage": 1145, "Clever Impersonator": 387, "Unmoored Ego_SB": 2362, "Agent of Treachery_SB": 57, "Twinshot Sniper_SB": 2318, "Kalitas, Traitor of Ghet": 1114, "Cling to Dust_SB": 392, "Anzrag, the Quake-Mole": 94, "Temple of Abandon": 2158, "Cindervines_SB": 377, "Ghitu Lavarunner": 858, "Wizard's Lightning": 2508, "Count on Luck_SB": 450, "Tamiyo's Safekeeping": 2143, "Tear Asunder": 2151, "Blot Out": 225, "Scrapshooter": 1841, "Questing Beast": 1629, "Thrun, Breaker of Silence": 2247, "Nissa, Ascended Animist": 1452, "Tyrranax Rex": 2320, "Cityscape Leveler": 378, "Nissa, Ascended Animist_SB": 1453, "Shifting Ceratops_SB": 1912, "Hornet Queen_SB": 1013, "Play with Fire_SB": 1595, "Get Out": 855, "Restless Reef": 1730, "Tinybones Joins Up": 2258, "Harvester of Misery_SB": 948, "Intimidation Tactics_SB": 1060, "Out of Air_SB": 1530, "Cry of the Carnarium": 465, "Ghost Vacuum": 859, "Kaya, Orzhov Usurper": 1130, "Soul-Guide Lantern": 2003, "The End": 2197, "Calamity's Wake_SB": 288, "Devout Decree_SB": 557, "Exorcise_SB": 715, "Legion's End_SB": 1218, "Hazoret the Fervent": 955, "Spontaneous Mutation_SB": 2035, "Gilded Goose": 873, "Vinereap Mentor": 2408, "Vraska, Golgari Queen": 2443, "Aclazotz, Deepest Betrayal": 32, "Shambling Vent": 1893, "Bonecrusher Giant_SB": 235, "Fable of the Mirror-Breaker_SB": 735, "Painter's Studio // Defaced Gallery": 1549, "Chance for Glory_SB": 356, "Magmatic Chasm_SB": 1306, "Requisition Raid_SB": 1718, "Shrapnel Blast_SB": 1926, "Untimely Malfunction_SB": 2366, "Sorin, Vengeful Bloodlord_SB": 1997, "Exquisite Firecraft": 724, "Raucous Carnival": 1666, "Curse of Shaken Faith_SB": 481, "Thassa's Oracle_SB": 2186, "Immersturm Raider": 1033, "Heartless Act": 963, "Epic Downfall_SB": 696, "Long Goodbye_SB": 1271, "Targ Nar, Demon-Fang Gnoll": 2148, "Kellan, Planar Trailblazer": 1140, "Norin, Swift Survivalist": 1466, "Altanak, the Thrice-Called": 72, "Cathartic Pyre": 326, "Tireless Tracker_SB": 2261, "Titania, Voice of Gaea_SB": 2267, "Doppelgang_SB": 592, "Kiora's Follower": 1151, "Merfolk Mistbinder": 1352, "Merfolk Trickster_SB": 1353, "Mockingbird_SB": 1381, "Fading Hope_SB": 742, "Smuggler's Copter_SB": 1976, "Transmogrify": 2296, "Beseech the Mirror": 177, "Mosswood Dreadknight": 1402, "Lovestruck Beast": 1284, "Debris Beetle": 516, "Mystic Repeal_SB": 1422, "Malakir Rebirth": 1311, "Tune Up": 2312, "Sunset Revelry_SB": 2105, "Builder's Talent": 272, "Caretaker's Talent": 302, "Sunder the Gateway": 2094, "Vaultborn Tyrant": 2399, "Skysovereign, Consul Flagship_SB": 1964, "Nullhide Ferox_SB": 1478, "Drowned Catacomb": 626, "Sunpetal Grove": 2102, "Woodland Cemetery": 2514, "Inspiring Overseer": 1054, "Cavalier of Flame": 336, "Kitsa, Otterball Elite": 1159, "Retraction Helix": 1735, "Rona, Herald of Invasion": 1772, "Valley Floodcaller": 2387, "Abhorrent Oculus_SB": 22, "Floodpits Drowner_SB": 808, "Prosperous Innkeeper": 1617, "Reckless Stormseeker": 1686, "Rocketeer Boostbuggy": 1765, "The Akroan War": 2189, "Bladestitched Skaab": 198, "Lazotep Reaver": 1209, "Rotten Reunion_SB": 1774, "The Scarab God_SB": 2217, "Loran's Escape": 1276, "Blessed Defiance_SB": 203, "Jace, Wielder of Mysteries_SB": 1089, "Enduring Tenacity_SB": 688, "Enduring Innocence_SB": 687, "Cruelclaw's Heist_SB": 463, "Knight of Grace": 1165, "Dreadhorde Arcanist_SB": 610, "Swan Song_SB": 2124, "Overgrown Farmland": 1536, "Skyclave Cleric": 1958, "Ajani, Strength of the Pride_SB": 61, "Chandra, Spark Hunter_SB": 366, "Witness Protection_SB": 2507, "Growth Spiral": 923, "Ill-Timed Explosion_SB": 1030, "Gifted Aetherborn_SB": 872, "Azor, the Lawbringer_SB": 144, "Tasigur, the Golden Fang": 2150, "Collector's Cage": 404, "Dusk Rose Reliquary": 634, "Sandstorm Salvager": 1810, "Giant Killer_SB": 867, "Bomat Courier": 231, "Phoenix Chick": 1572, "Gideon of the Trials": 868, "Mazemind Tome": 1344, "Tocasia's Welcome_SB": 2271, "Etali, Primal Conqueror": 709, "Oath of Kaya": 1484, "The Scarab God": 2216, "Radiant Flames_SB": 1639, "Deep-Cavern Bat": 522, "Gix's Command_SB": 877, "Sorin the Mirthless_SB": 1996, "Mortify": 1400, "Day of Judgment_SB": 502, "Kaya, Orzhov Usurper_SB": 1131, "Doom Foretold": 586, "Nine-Lives Familiar": 1450, "Rite of Oblivion": 1752, "Starfield of Nyx": 2046, "Kaya's Wrath_SB": 1129, "Necromentia_SB": 1438, "Bloodghast": 216, "Creeping Chill": 461, "Narcomoeba": 1431, "Otherworldly Gaze": 1529, "Prized Amalgam": 1613, "Say Its Name": 1821, "Silversmote Ghoul": 1937, "Stitcher's Supplier": 2057, "Tome Scour": 2274, "Tear Asunder_SB": 2152, "Day's Undoing": 503, "Fog": 813, "Gaea's Blessing": 839, "Haze of Pollen": 954, "Jace, the Perfected Mind": 1090, "Tamiyo, Collector of Tales": 2145, "Union of the Third Path": 2354, "Winds of Qal Sisma": 2495, "Carnage Tyrant_SB": 304, "Castle Vantress": 322, "Deadly Cover-Up_SB": 506, "Sublime Epiphany": 2083, "Confounding Riddle": 427, "Negate": 1442, "Torrential Gearhulk": 2285, "Ral, Izzet Viceroy_SB": 1654, "Drannith Ruins": 606, "Agadeem's Awakening": 53, "Thought-Knot Seer": 2236, "Wasteland Strangler": 2461, "Phyrexian Fleshgorger": 1578, "Ifnir Deadlands": 1027, "Bearer of Silence": 170, "Knight of the Ebon Legion": 1167, "Caustic Bronco": 330, "Reality Smasher_SB": 1676, "Fuel the Flames": 836, "Valgavoth, Terror Eater_SB": 2383, "Heroic Intervention_SB": 986, "Make Disappear_SB": 1309, "Unchained Berserker_SB": 2339, "Forsaken Miner": 821, "Rubblebelt Maverick": 1778, "Priest of Forgotten Gods": 1610, "Satyr Wayfinder": 1817, "Scrapheap Scrounger": 1840, "Necrotic Wound": 1439, "Squirming Emergence": 2040, "Insidious Roots": 1053, "Tyvar, Jubilant Brawler": 2324, "Necrotic Wound_SB": 1440, "Boseiju, Who Endures_SB": 243, "Souls of the Lost_SB": 2010, "Blast Zone": 199, "Shoot the Sheriff_SB": 1920, "Turntimber Symbiosis": 2314, "Graf Reaver_SB": 908, "Kraul Whipcracker_SB": 1181, "Reclamation Sage_SB": 1689, "Camellia, the Seedmiser": 293, "Maelstrom Pulse_SB": 1297, "Acererak the Archlich": 31, "Gwenna, Eyes of Gaea": 932, "Honest Rutstein": 1001, "Relic of Legends": 1709, "Fear of Impostors": 759, "Riptide Chimera": 1748, "Fear of Impostors_SB": 760, "Eldrazi Displacer": 648, "Fleecemane Lion": 799, "Witchstalker_SB": 2502, "Optimistic Scavenger_SB": 1518, "Omen of the Dead": 1501, "Dive Down_SB": 582, "Nahiri, the Harbinger": 1427, "Yasharn, Implacable Earth": 2525, "Felonious Rage": 772, "Soul-Scar Mage_SB": 2006, "Molten Collapse": 1383, "Lavinia, Azorius Renegade_SB": 1204, "Selfless Glyphweaver_SB": 1870, "Yasharn, Implacable Earth_SB": 2526, "Surge of Salvation": 2116, "Concealing Curtains": 422, "The End_SB": 2198, "Blood Spatter Analysis": 213, "Demonic Bargain": 538, "Metallic Rebuke": 1355, "Regal Bunnicorn": 1701, "Simulacrum Synthesizer": 1939, "Cryptic Coat_SB": 472, "Metallic Rebuke_SB": 1356, "Osseous Sticktwister": 1523, "Molten Collapse_SB": 1384, "Korvold, Fae-Cursed King": 1176, "Trail of Crumbs": 2292, "Korvold, Fae-Cursed King_SB": 1177, "Outland Liberator_SB": 1533, "Dive Down": 581, "Jace Reawakened_SB": 1086, "March of Swirling Mist_SB": 1325, "Blessed Defiance": 202, "Homestead Courage": 1000, "Alrund's Epiphany": 71, "Commercial District": 414, "Dryad of the Ilysian Grove": 627, "Escape to the Wilds": 700, "Hedge Maze": 965, "Loot, the Pathfinder": 1273, "Nissa, Who Shakes the World": 1457, "Obliterating Bolt_SB": 1488, "Guardian of New Benalia": 929, "Phyrexian Dragon Engine": 1577, "Recommission": 1690, "Seasoned Hallowblade": 1857, "The Mycosynth Gardens": 2211, "Burning Earth_SB": 275, "Monument to Endurance_SB": 1396, "Fugitive Codebreaker": 837, "Roast_SB": 1763, "Tears of Valakut_SB": 2153, "Herd Migration": 981, "Bedeck // Bedazzle_SB": 172, "Cease // Desist_SB": 342, "Languish_SB": 1199, "Cathar Commando_SB": 325, "Chandra, Torch of Defiance": 367, "Portal to Phyrexia_SB": 1606, "Adanto Vanguard": 34, "Favored Hoplite": 758, "Flowstone Infusion": 811, "Sejiri Shelter": 1868, "Tenth District Legionnaire": 2172, "Adanto Vanguard_SB": 35, "Consign // Oblivion": 431, "Virtue of Persistence_SB": 2414, "Elspeth, Sun's Champion_SB": 665, "Invasion of New Phyrexia_SB": 1069, "Clifftop Lookout": 389, "Dreamdew Entrancer": 615, "Dreamroot Cascade": 616, "Fecund Greenshell": 765, "Insidious Fungus": 1051, "Kitesail Larcenist": 1157, "Loot, Exuberant Explorer": 1272, "Risen Reef": 1751, "Tangled Florahedron": 2147, "Healer of the Glade_SB": 959, "Tale's End_SB": 2142, "Wilt_SB": 2494, "Ashiok, Wicked Manipulator": 122, "Dreams of Steel and Oil": 618, "Blood Baron of Vizkopa_SB": 211, "Elspeth Conquers Death_SB": 660, "Gisa, the Hellraiser_SB": 876, "Ride's End_SB": 1743, "Omen of the Sun": 1504, "Omen of the Sun_SB": 1505, "Monastery Mentor": 1389, "Seeker of the Way_SB": 1865, "Experimental Confectioner": 721, "Quag Feast": 1625, "Commence the Endgame_SB": 413, "Siphon Insight_SB": 1943, "Embercleave": 670, "Forbidden Friendship": 817, "Snow-Covered Mountain": 1983, "Spire of Industry": 2027, "Case of the Gateway Express_SB": 315, "Collective Effort_SB": 403, "Forge Devil_SB": 820, "Perilous Snare_SB": 1567, "Redcap Melee": 1693, "Enduring Courage": 683, "Beseech the Mirror_SB": 178, "Calix, Guided by Fate": 289, "Jukai Naturalist": 1104, "Restless Prairie": 1729, "Royal Treatment": 1777, "Setessan Champion": 1879, "Spirited Companion": 2032, "Trapped in the Screen": 2298, "Virtue of Loyalty": 2412, "Weaver of Harmony": 2472, "Ghostly Dancers_SB": 862, "Trapped in the Screen_SB": 2299, "Carrot Cake": 305, "Day of Judgment": 501, "Lay Down Arms": 1205, "Ossification": 1524, "The Birth of Meletis": 2192, "Serra Paragon_SB": 1878, "Cryptolith Rite": 473, "Up the Beanstalk_SB": 2369, "Young Pyromancer_SB": 2535, "Bottomless Pool // Locker Room": 246, "Bottomless Pool // Locker Room_SB": 247, "Eidolon of Blossoms": 638, "Eidolon of Blossoms_SB": 639, "Seal from Existence_SB": 1850, "Nowhere to Run_SB": 1474, "Lightning Strike_SB": 1244, "Knockout Blow": 1170, "No More Lies_SB": 1464, "Hidetsugu's Second Rite": 990, "Hidetsugu's Second Rite_SB": 991, "Serra Paragon": 1877, "Lightning Helix_SB": 1242, "Ob Nixilis, the Adversary": 1486, "Incubation Druid": 1041, "Interplanar Beacon": 1057, "Kaya the Inexorable": 1126, "Mistrise Village": 1377, "Nicol Bolas, Dragon-God": 1446, "Ral Zarek": 1650, "Sab-Sunen, Luxa Embodied": 1795, "Tamiyo, Field Researcher": 2146, "Vraska, Betrayal's Sting": 2442, "Kunoros, Hound of Athreos_SB": 1190, "Soulless Jailer_SB": 2009, "Qarsi Revenant": 1623, "Qarsi Revenant_SB": 1624, "Tersa Lightshatter": 2175, "Dragonfire Blade": 598, "Lavaspur Boots_SB": 1203, "Descendant of Storms": 548, "Cease // Desist": 341, "Cram Session": 456, "Fell": 770, "Insatiable Avarice": 1048, "Restless Cottage": 1727, "The Biblioplex": 2191, "Valgavoth's Onslaught": 2381, "Containment Breach_SB": 436, "Environmental Sciences_SB": 693, "Introduction to Annihilation_SB": 1064, "Mascot Exhibition_SB": 1334, "Pest Summoning_SB": 1570, "Umori, the Collector_SB": 2335, "Case of the Crimson Pulse": 312, "Spectral Sailor": 2016, "Cemetery Illuminator": 344, "Perilous Snare": 1566, "Muraganda Raceway": 1411, "Rakdos's Return_SB": 1648, "March of Swirling Mist": 1324, "Mox Jasper": 1407, "Sea Gate Restoration": 1847, "Mistrise Village_SB": 1378, "Elspeth, Storm Slayer": 663, "The Book of Exalted Deeds": 2193, "The Irencrag": 2205, "United Battlefront": 2355, "Voice of Victory": 2426, "Wedding Announcement": 2475, "Sunder the Gateway_SB": 2095, "Voice of Victory_SB": 2427, "Desperate Measures": 551, "Caustic Exhale": 332, "Dispelling Exhale": 575, "Foul-Tongue Invocation": 825, "Marang River Regent": 1317, "Scavenger Regent": 1827, "Silumgar's Scorn": 1933, "Caustic Exhale_SB": 333, "Strategic Betrayal_SB": 2076, "Katilda, Dawnhart Prime": 1124, "Secluded Courtyard": 1859, "Songcrafter Mage": 1992, "Three Tree City": 2244, "Unclaimed Territory": 2340, "Militia Bugler_SB": 1364, "Cori-Steel Cutter_SB": 444, "Sunpearl Kirin": 2101, "Fracture_SB": 830, "Dragonskull Summit": 601, "Cori-Steel Cutter": 443, "Wild Ride": 2487, "History of Benalia": 997, "The Restoration of Eiganjo": 2214, "Rot-Curse Rakshasa": 1773, "Jace, Vryn's Prodigy": 1087, "Strategic Betrayal": 2075, "Flashfreeze_SB": 798, "Chained to the Rocks": 350, "Treasure Map": 2305, "Archangel Elspeth": 102, "Pia Nalaar, Consul of Revival": 1580, "Reckless Impulse": 1682, "Wrenn's Resolve": 2519, "This Town Ain't Big Enough_SB": 2233, "Ascendant Spirit": 115, "Curious Obsession": 480, "Faceless Haven": 738, "Fading Hope": 741, "Geistlight Snare": 851, "Shacklegeist": 1885, "Snow-Covered Island": 1982, "Faceless Haven_SB": 739, "Westvale Abbey": 2483, "Not on My Watch_SB": 1468, "Banishing Slash": 156, "Of One Mind": 1493, "Metamorphic Alteration": 1358, "Stormscale Scion": 2071, "Stormscale Scion_SB": 2072, "Collective Brutality_SB": 402, "Jaya, Fiery Negotiator": 1094, "Gurmag Angler": 930, "Murderous Cut": 1412, "Murderous Rider_SB": 1415, "Cori Mountain Monastery": 442, "Make Disappear": 1308, "Stormwing Entity": 2073, "United Battlefront_SB": 2356, "Fiend Artisan": 779, "Warden of the Grove": 2451, "Deputy of Detention_SB": 547, "Reflector Mage_SB": 1699, "Surrak, Elusive Hunter_SB": 2120, "Tyvar, the Pummeler_SB": 2326, "Icon of Ancestry": 1025, "Icon of Ancestry_SB": 1026, "Lofty Denial_SB": 1269, "Fire Prophecy": 789, "Ghostly Pilferer": 863, "Blue Sun's Twilight_SB": 228, "Cemetery Illuminator_SB": 345, "Slip Out the Back_SB": 1972, "White Sun's Twilight_SB": 2485, "Paradoxical Outcome_SB": 1552, "Break Out": 256, "Conspicuous Snoop": 433, "Legion Loyalist": 1217, "Masked Vandal": 1335, "Fanatical Firebrand_SB": 751, "Gruul Charm_SB": 924, "Masked Vandal_SB": 1336, "Deathcap Glade": 513, "Preacher of the Schism": 1609, "Vivien Reid_SB": 2420, "March of Wretched Sorrow_SB": 1327, "Liliana, Death's Majesty": 1252, "Rakdos Joins Up": 1647, "Urgent Necropsy": 2376, "Shiko, Paragon of the Way": 1914, "Doorkeeper Thrull_SB": 590, "Decadent Dragon_SB": 517, "Pawpatch Formation": 1560, "Scavenger's Talent_SB": 1829, "Ygra, Eater of All_SB": 2530, "Mukotai Ambusher": 1409, "Undead Sprinter_SB": 2342, "Runed Halo": 1786, "Boros Reckoner": 240, "Elspeth, Storm Slayer_SB": 664, "Basri, Tomorrow's Champion": 164, "Mantis Rider": 1316, "Mardu Siegebreaker": 1328, "Kitesail Larcenist_SB": 1158, "Crackling Drake": 452, "Bushwhack": 280, "Phyrexian Obliterator": 1579, "Atarka's Command_SB": 127, "Craterhoof Behemoth": 458, "Sanguine Evangelist": 1812, "Abrade": 23, "Decisive Denial": 518, "Ebondeath, Dracolich": 636, "Ertai's Scorn": 699, "Horned Loch-Whale": 1010, "Phantom Interference": 1571, "Rakshasa's Bargain": 1649, "Rewind": 1740, "Unwind": 2367, "Awaken the Honored Dead_SB": 142, "Deathmark_SB": 514, "Gaze of Granite_SB": 849, "Lutri, the Spellchaser_SB": 1292, "Shadows' Verdict_SB": 1887, "Specter's Shriek_SB": 2015, "Thrun, Breaker of Silence_SB": 2248, "Collected Company_SB": 400, "Herald of Eternal Dawn_SB": 979, "Yathan Roadwatcher": 2527, "Jeskai Revelation": 1096, "Stern Lesson": 2054, "Chained to the Rocks_SB": 351, "Long Goodbye": 1270, "Selfless Savior": 1871, "Legion Angel": 1212, "Wojek Investigator": 2511, "Legion Angel_SB": 1213, "Apostle of Purifying Light_SB": 95, "Gladecover Scout": 880, "Light-Paws, Emperor's Voice": 1238, "Sixth Sense": 1946, "Ethereal Armor": 711, "All That Glitters": 65, "Audacity": 130, "Kaya's Ghostform": 1127, "Gryff's Boon": 925, "Sentinel's Eyes": 1875, "Hammerhand": 943, "Aqueous Form": 97, "Cartouche of Solidarity": 308, "Alpha Authority": 67, "Toadstool Admirer": 2269, "Natural State_SB": 1436, "Severance Priest": 1883, "Restless Vents": 1733, "Sire of Seven Deaths_SB": 1945, "Connive // Concoct": 428, "Creative Outburst": 460, "Temple of Deceit": 2159, "Temple of Enlightenment": 2160, "Temple of Malice": 2163, "Temple of Silence": 2165, "Temple of Triumph": 2166, "Dig Through Time_SB": 563, "Ray of Frost_SB": 1671, "Bontu's Last Reckoning_SB": 237, "Deafening Silence": 511, "Hardened Scales": 946, "Fiery Annihilation_SB": 780, "Dragonlord Silumgar": 600, "Painful Truths": 1548, "Search for Azcanta": 1853, "Supreme Will": 2114, "Contraband Kingpin_SB": 439, "Village Rites": 2406, "Llanowar Visionary": 1266, "Robber of the Rich_SB": 1764, "Snakeskin Veil_SB": 1980, "Freestrider Lookout": 831, "Ugin, Eye of the Storms": 2327, "Izzet Charm": 1084, "Crash Through": 457, "The Sibsig Ceremony": 2219, "Friendly Teddy": 833, "Greedy Freebooter": 917, "Shambling Ghast": 1892, "Hangarback Walker": 944, "Marketback Walker": 1332, "Diabolic Intent": 560, "Scrapwork Mutt": 1843, "Gleaming Barrier": 883, "Liliana's Standard Bearer": 1251, "Callous Bloodmage_SB": 291, "Experiment One": 719, "Kitesail Freebooter_SB": 1156, "Agatha of the Vile Cauldron": 54, "Muerra, Trash Tactician": 1408, "Cut // Ribbons": 483, "Dusk Legion Zealot": 633, "Markov Baron": 1333, "Patchwork Banner": 1556, "Soul Transfer": 2001, "Voldaren Thrillseeker": 2435, "Bedevil_SB": 173, "Champion of Dusk_SB": 354, "Deadly Dispute_SB": 508, "Soul Transfer_SB": 2002, "Devilish Valet": 556, "Runaway Steam-Kin": 1782, "Grinning Ignus": 921, "Birgi, God of Storytelling": 187, "Hazoret's Monument": 957, "Light Up the Night": 1233, "Cemetery Prowler_SB": 346, "Nissa, Steward of Elements_SB": 1455, "Tamiyo's Safekeeping_SB": 2144, "Kishla Village": 1154, "Bond of Insight": 232, "Overlord of the Balemurk_SB": 1539, "Stormchaser's Talent_SB": 2070, "Rampaging Ferocidon": 1657, "Baneslayer Angel_SB": 155, "Sokenzan, Crucible of Defiance_SB": 1989, "Shadows' Verdict": 1886, "The Book of Exalted Deeds_SB": 2194, "Spring-Loaded Sawblades": 2037, "Dennick, Pious Apprentice_SB": 543, "Slaughter Games_SB": 1966, "Trelasarra, Moon Dancer": 2307, "Kaito Shizuki": 1109, "Silent Hallcreeper": 1932, "Ashiok, Nightmare Weaver_SB": 121, "Evolved Sleeper": 713, "Tenacious Underdog_SB": 2171, "Rediscover the Way": 1695, "Balmor, Battlemage Captain": 150, "Witherbloom Command_SB": 2504, "Sram, Senior Edificer": 2041, "Shapers' Sanctuary": 1894, "Eidolon of Rhetoric_SB": 640, "Wizard's Retort_SB": 2509, "Commit // Memory": 415, "Clever Lumimancer": 388, "Eldritch Evolution": 649, "Scrabbling Claws_SB": 1839, "Niv-Mizzet, Parun": 1459, "Sweltering Suns": 2125, "Marang River Regent_SB": 1319, "Katilda, Dawnhart Martyr_SB": 1123, "Omnath, Locus of the Roil": 1508, "Lilah, Undefeated Slickshot": 1248, "Tolsimir, Friend to Wolves_SB": 2273, "Blossoming Defense": 221, "Giant Growth": 865, "Heritage Reclamation_SB": 983, "Brimaz, King of Oreskos": 260, "Welcoming Vampire": 2479, "Intimidation Tactics": 1059, "Liliana, Dreadhorde General_SB": 1253, "Spirit-Sister's Call": 2030, "Bandit's Talent_SB": 152, "Fountainport Bell": 829, "Dreams of Steel and Oil_SB": 619, "Gonti, Lord of Luxury_SB": 905, "Lantern of the Lost_SB": 1201, "Frontline Rush": 834, "Soaring Thought-Thief": 1987, "Thieves' Guild Enforcer": 2229, "Mortify_SB": 1401, "Hazoret, Godseeker": 958, "Treasure Cruise_SB": 2304, "Strangle_SB": 2074, "Drake Hatcher": 602, "Eshki Dragonclaw": 701, "Herd Heirloom": 980, "Rhonas the Indomitable": 1741, "The Huntsman's Redemption": 2204, "Stubborn Denial_SB": 2082, "Canyon Slough": 298, "Captain Lannery Storm": 301, "Charming Scoundrel": 373, "Collector's Vault": 406, "Goldhound": 903, "Goldspan Dragon": 904, "Inventors' Fair": 1071, "Kalain, Reclusive Painter": 1113, "Marionette Master": 1330, "Reckless Fireweaver": 1681, "Sticky Fingers": 2055, "Treasure Vault": 2306, "Vraska's Contempt": 2441, "Karn, Scion of Urza_SB": 1120, "Moment of Craving_SB": 1386, "Noxious Gearhulk_SB": 1476, "Ratchet Bomb_SB": 1663, "Unlicensed Disintegration_SB": 2357, "Quicken": 1634, "Unlicensed Hearse": 2358, "Amonkhet Raceway": 74, "The Speed Demon": 2220, "Ral, Crackling Wit_SB": 1653, "Seal from Existence": 1849, "Shore Up": 1921, "Aetherflux Reservoir_SB": 48, "Shore Up_SB": 1922, "Gideon, Ally of Zendikar_SB": 870, "Illness in the Ranks_SB": 1031, "Phyrexian Arena_SB": 1574, "Abbot of Keral Keep": 19, "Anax, Hardened in the Forge": 76, "Incendiary Flow": 1040, "Invigorated Rampage": 1072, "Rimrock Knight": 1745, "Shock": 1917, "Torbran, Thane of Red Fell": 2278, "Wild Slash": 2488, "Dire Fleet Daredevil_SB": 564, "Flame-Blessed Bolt_SB": 796, "Sword of Once and Future_SB": 2130, "Magebane Lizard": 1301, "Virulent Plague_SB": 2416, "Rebel Salvo_SB": 1678, "Brass's Tunnel-Grinder": 251, "Arboreal Grazer_SB": 101, "Snow-Covered Plains": 1984, "Sunset Revelry": 2104, "Unexpected Windfall": 2349, "Worldspine Wurm": 2516, "Xenagos, God of Revels": 2521, "Dromoka's Command": 623, "Elite Spellbinder": 657, "Herald of Eternal Dawn": 978, "Skrelv's Hive": 1950, "Augur of Bolas": 133, "Essence Flux": 706, "Fallaji Archaeologist": 749, "Neoform": 1444, "Tyvar's Stand": 2322, "Defabricate_SB": 526, "Collector's Cage_SB": 405, "Vaultborn Tyrant_SB": 2400, "Dispel_SB": 574, "Sphinx of the Final Word_SB": 2022, "Ajani, Strength of the Pride": 60, "Hushbringer_SB": 1021, "Ureni, the Song Unending": 2374, "The Enigma Jewel": 2199, "Duelist of the Mind": 629, "Portent of Calamity": 1607, "Extraordinary Journey": 732, "Omen Hawker": 1500, "Concerted Defense_SB": 423, "Rapid Hybridization_SB": 1662, "Hooting Mandrills": 1003, "Jin-Gitaxias, Progress Tyrant_SB": 1099, "Smuggler's Surprise_SB": 1978, "Toxrill, the Corrosive_SB": 2289, "Evangel of Synthesis": 712, "Dire Tactics": 565, "Order of Midnight": 1521, "Jirina, Dauntless General_SB": 1101, "Plargg, Dean of Chaos": 1592, "Reluctant Role Model": 1710, "Invasion of Ergamon": 1065, "Loran of the Third Path": 1274, "Awaken the Honored Dead": 141, "Ghostly Dancers": 861, "Heliod, the Radiant Dawn_SB": 973, "Cathartic Reunion": 327, "Ancient Imperiosaur": 80, "Gastal Thrillroller_SB": 846, "Razorkin Needlehead": 1673, "Virtue of Courage": 2411, "Ball Lightning": 149, "Scytheclaw Raptor_SB": 1846, "Doom Whisperer_SB": 588, "Chandra, Hope's Beacon": 365, "Discontinuity": 567, "Obscura Storefront": 1490, "Disfigure_SB": 572, "Feed the Swarm": 767, "Blue Sun's Twilight": 227, "Conduit Pylons": 425, "Ipnu Rivulet": 1075, "Outcaster Greenblade": 1531, "Voltage Surge": 2437, "Fae of Wishes_SB": 744, "Anger of the Gods": 82, "Tribute to Horobi": 2308, "Koth, Fire of Resistance_SB": 1178, "Drake Hatcher_SB": 603, "Brass Knuckles": 250, "Fabrication Foundry": 737, "Ingenious Smith": 1046, "Metalwork Colossus": 1357, "Moonsnare Prototype": 1399, "Sanctum of Ugin": 1808, "Wedding Invitation": 2477, "Glass Casket_SB": 881, "Repurposing Bay_SB": 1717, "Niv-Mizzet, Visionary_SB": 1462, "Invasion of Gobakhan": 1066, "Despark_SB": 550, "Dennick, Pious Apprentice": 542, "Angrath, the Flame-Chained_SB": 84, "Slaughter Singer": 1967, "Venerated Rotpriest": 2403, "The Seedcore": 2218, "Crawling Chorus": 459, "Annex Sentry": 86, "Bloated Contaminator": 210, "Jawbone Duelist": 1093, "Overprotect": 1544, "Ajani, Sleeper Agent_SB": 59, "Phyrexian Censor_SB": 1576, "Tyvar's Stand_SB": 2323, "Dewdrop Cure_SB": 559, "Annex Sentry_SB": 87, "Melira, the Living Cure_SB": 1348, "Hallowed Moonlight_SB": 941, "Selfless Spirit_SB": 1872, "Baleful Mastery": 148, "Agonizing Remorse_SB": 58, "Soulflayer": 2007, "Zetalpa, Primal Dawn": 2545, "Striped Riverwinder": 2080, "Urborg Scavengers": 2372, "Oracle of Tragedy": 1520, "Gurmag Nightwatch": 931, "Assassin's Trophy_SB": 124, "Secrets of the Key": 1860, "Ashen Rider": 117, "Glorybringer": 891, "Scavenging Ooze": 1830, "Mizzium Mortars": 1379, "Cartouche of Zeal": 310, "Skylasher_SB": 1961, "Not on My Watch": 1467, "Scattered Thoughts": 1826, "Nature's Rhythm": 1437, "Dryad's Revival": 628, "Mabel, Heir to Cragflame_SB": 1294, "Atraxa, Grand Unifier_SB": 129, "Wear Down_SB": 2470, "Slagstorm_SB": 1965, "Scorching Dragonfire_SB": 1834, "Vineglimmer Snarl": 2407, "Port Town": 1601, "Mystic Reflection": 1421, "Heroic Intervention": 985, "Emergence Zone": 673, "Augmenter Pugilist": 131, "Augur of Autumn": 132, "Simic Charm": 1938, "Fortified Village": 824, "Biovisionary": 186, "Repudiate // Replicate_SB": 1716, "Chord of Calling_SB": 375, "Baird, Steward of Argive_SB": 146, "Dusk // Dawn_SB": 632, "Repel the Abominable": 1714, "Repel the Abominable_SB": 1715, "Stern Dismissal_SB": 2053, "Dark Petition_SB": 492, "Heliod's Pilgrim_SB": 969, "Kaya's Ghostform_SB": 1128, "Skrelv, Defector Mite_SB": 1952, "March of Wretched Sorrow": 1326, "Unlucky Witness": 2360, "Vampires' Vengeance_SB": 2394, "Ritual of Soot_SB": 1755, "Pyroclasm": 1621, "Hornet Queen": 1012, "Ojer Taq, Deepest Foundation": 1497, "Lord Skitter, Sewer King": 1278, "Aclazotz, Deepest Betrayal_SB": 33, "Tomik, Distinguished Advokist_SB": 2275, "Hearth Elemental": 962, "Sanguine Evangelist_SB": 1813, "Spirit-Sister's Call_SB": 2031, "Demonic Counsel": 539, "Consuming Fervor": 435, "Aetherflux Reservoir": 47, "Summary Dismissal_SB": 2087, "Mountain_SB": 1404, "Portal to Phyrexia": 1605, "Smoldering Egg": 1974, "Lamplight Phoenix_SB": 1197, "Ovalchase Daredevil": 1535, "Inscribed Tablet": 1049, "Scourge of the Skyclaves": 1837, "Warlock Class": 2454, "Lich-Knights' Conquest": 1230, "Silent Gravestone_SB": 1931, "Ulcerate_SB": 2331, "Kaervek, the Spiteful_SB": 1107, "Can't Stay Away_SB": 296, "Rune of Might": 1784, "Voice of Resurgence_SB": 2425, "Disenchant_SB": 571, "Feldon, Ronom Excavator": 769, "Infuriate_SB": 1045, "Krenko's Buzzcrusher": 1182, "Wandering Mind": 2449, "Candy Trail": 297, "Colossal Skyturtle": 408, "Mirrorshell Crab": 1368, "Teferi, Who Slows the Sunset": 2156, "Chaos Wand_SB": 372, "Dissection Tools_SB": 579, "Jace, the Perfected Mind_SB": 1091, "Zirda, the Dawnwaker_SB": 2548, "Recommission_SB": 1691, "Abbot of Keral Keep_SB": 20, "Clarion Conqueror_SB": 384, "Rabbit Battery": 1637, "Surge of Righteousness_SB": 2115, "Faerie Dreamthief": 745, "Helping Hand": 974, "Steamcore Scholar": 2050, "Winternight Stories": 2497, "Defabricate": 525, "Immortal Phoenix_SB": 1034, "Seasons Past": 1858, "Yuna, Hope of Spira": 2537, "Cunning Coyote_SB": 479, "Blisterpod": 206, "Cartel Aristocrat": 307, "Catacomb Sifter": 324, "Rally the Ancestors": 1655, "Sephiroth, Fabled SOLDIER": 1876, "Starting Town": 2048, "Heliod, Sun-Crowned_SB": 971, "Ruthless Lawbringer_SB": 1792, "Abuelo's Awakening": 29, "Summon: Knights of Round": 2089, "Lightwheel Enhancements": 1247, "Joshua, Phoenix's Dominant": 1102, "Kroxa and Kunoros": 1184, "Terra, Magical Adept": 2173, "Vivi Ornitier": 2418, "Dark Confidant_SB": 490, "Ishgard, the Holy See": 1079, "Secure the Wastes": 1861, "Unflinching Courage": 2350, "Unflinching Courage_SB": 2351, "Vivi Ornitier_SB": 2419, "Eiganjo, Seat of the Empire_SB": 644, "Demon Wall": 537, "Fire Magic_SB": 788, "Twinmaw Stormbrood_SB": 2316, "Crumbling Vestige": 464, "Echoing Deeps": 637, "Glimpse the Core": 886, "Hour of Promise": 1018, "Scapeshift": 1824, "The Wandering Minstrel": 2224, "Kura, the Boundless Sky_SB": 1191, "Maelstrom of the Spirit Dragon_SB": 1298, "Toski, Bearer of Secrets_SB": 2286, "Surrak, Elusive Hunter": 2119, "Esper Origins": 704, "Cecil, Dark Knight": 343, "Dark Confidant": 489, "Gix, Yawgmoth Praetor": 878, "Vren, the Relentless_SB": 2445, "Opera Love Song": 1514, "Cryptcaller Chariot": 469, "Hostile Investigator_SB": 1017, "Tinybones, the Pickpocket": 2259, "Furnace Reins_SB": 838, "Bloodsoaked Champion": 218, "Kitesail Freebooter": 1155, "Lantern Scout_SB": 1200, "Sin Collector_SB": 1940, "Market Gnome": 1331, "Ancient Adamantoise": 78, "Buster Sword": 281, "Freya Crescent": 832, "Smitten Swordmaster": 1973, "Monastery Swiftspear_SB": 1391, "Summon: Leviathan": 2090, "Quicken_SB": 1635, "Alesha, Who Laughs at Fate": 63, "Jirina, Dauntless General": 1100, "Zack Fair": 2540, "Bile Blight": 182, "Ruthless Negotiation_SB": 1794, "Staggering Insight": 2043, "Sporogenic Infection_SB": 2036, "Tocasia's Welcome": 2270, "Al Bhed Salvagers": 62, "Fleeting Spirit": 802, "Saiba Cryptomancer": 1802, "Warbriar Blessing": 2450, "The Raven Man": 2213, "Glistening Deluge_SB": 889, "Gryff's Boon_SB": 926, "Wilt-Leaf Liege_SB": 2493, "Demolition Field_SB": 536, "Saiba Cryptomancer_SB": 1803, "Lindblum, Industrial Regency": 1256, "Rune of Sustenance_SB": 1785, "Rain of Revelation": 1644, "Ultima": 2332, "Shatter the Sky_SB": 1900, "Disturbing Mirth": 580, "Rite of Oblivion_SB": 1753, "Runed Halo_SB": 1787, "Doomsday Excruciator_SB": 589, "Cloud of Darkness_SB": 394, "Outrageous Robbery_SB": 1534, "Sphinx's Tutelage": 2024, "The Water Crystal": 2226, "Eject_SB": 645, "Lindblum, Industrial Regency_SB": 1257, "Blossoming Defense_SB": 222, "Cerulean Drake_SB": 349, "Angel of Serenity": 81, "Hinterland Harbor": 995, "Ureni, the Song Unending_SB": 2375, "Cloud, Midgar Mercenary": 395, "Machinist's Arsenal": 1295, "Paladin's Arms": 1550, "Raubahn, Bull of Ala Mhigo": 1665, "The Filigree Sylex_SB": 2201, "Hullbreaker Horror": 1019, "Titan of Industry_SB": 2265, "Search for Azcanta_SB": 1854, "Emet-Selch, Unsundered": 677, "Lazav, the Multifarious": 1207, "Valentin, Dean of the Vein": 2380, "Bonders' Enclave": 233, "Nissa's Pilgrimage": 1451, "Ulamog, the Ceaseless Hunger": 2330, "Old-Growth Troll_SB": 1499, "Ugin, the Spirit Dragon_SB": 2329, "Banefire_SB": 154, "Astrologian's Planisphere": 125, "Slickshot Show-Off_SB": 1970, "Camellia, the Seedmiser_SB": 294, "Insidious Fungus_SB": 1052, "Massacre Girl_SB": 1337, "Trail of Crumbs_SB": 2293, "Webstrike Elite_SB": 2474, "Sunscorched Desert": 2103, "Plumecreed Escort": 1597, "Restoration Magic_SB": 1734, "Staggering Insight_SB": 2044, "Kefka, Court Mage": 1138, "Anim Pakal, Thousandth Moon": 85, "Embercleave_SB": 671, "Mox Amber_SB": 1406, "Retraction Helix_SB": 1736, "Founding the Third Path": 826, "No One Left Behind": 1465, "Exsanguinate": 726, "Hedge Shredder": 966, "Genesis Wave": 852, "Return the Favor_SB": 1737, "Kogla and Yidaro_SB": 1172, "Revival // Revenge": 1739, "Vampire Socialite": 2391, "Legion Lieutenant": 1216, "Vito, Thorn of the Dusk Rose": 2417, "Vampire of the Dire Moon": 2392, "Voldaren Bloodcaster_SB": 2433, "Florian, Voldaren Scion_SB": 809, "Stingerback Terror": 2056, "Mistbreath Elder": 1376, "Pawpatch Recruit_SB": 1563, "Lightning, Army of One": 1245, "Thassa's Oracle": 2185, "Rush of Adrenaline": 1789, "Channeled Dragonfire": 371, "Stadium Headliner": 2042, "Roil Eruption": 1769, "Burnout Bashtronaut": 277, "Reckless Lackey": 1683, "Didn't Say Please": 561, "Ruin Crab": 1780, "Merfolk Windrobber": 1354, "Essence Scatter": 707, "Into the Story": 1063, "Field of Ruin_SB": 778, "Isareth the Awakener": 1078, "Urza's Ruinous Blast": 2377, "Venat, Heart of Hydaelyn": 2401, "Liliana, the Last Hope": 1254, "Roiling Dragonstorm": 1770, "Divine Smite_SB": 583, "Midgar, City of Mako": 1360, "Chandra, Dressed to Kill": 362, "End the Festivities": 681, "Raze the Effigy_SB": 1672, "Riverchurn Monument_SB": 1756, "Heritage Reclamation": 982, "Goblin Chainwhirler": 896, "Leyline of Combustion_SB": 1222, "Sorceress's Schemes": 1993, "Halvar, God of Battle_SB": 942, "Unexpected Request_SB": 2347, "Binding the Old Gods": 184, "Tireless Tracker": 2260, "Jaddi Offshoot_SB": 1092, "Linvala, the Preserver_SB": 1260, "The Wandering Minstrel_SB": 2225, "Molt Tender": 1382, "Osteomancer Adept": 1526, "Snarling Gorehound": 1981, "Deep-Cavern Bat_SB": 523, "Scavenging Ooze_SB": 1831, "Ertai Resurrected": 697, "Disdainful Stroke": 569, "Scatter Ray": 1825, "Refute": 1700, "Sinister Sabotage": 1942, "Cornered by Black Mages": 445, "Sunken Hollow": 2100, "Eliminate_SB": 656, "Cry of the Carnarium_SB": 466, "Enter the God-Eternals_SB": 691, "Speaker of the Heavens": 2014, "Delney, Streetwise Lookout": 530, "Woe Strider": 2510, "Leyline of Transformation": 1226, "Forest_SB": 819, "Storm Herald_SB": 2065, "Cartouche of Solidarity_SB": 309, "Lotleth Troll": 1280, "Nullhide Ferox": 1477, "Samut, Voice of Dissent": 1806, "Smuggler's Surprise": 1977, "Great Arashin City": 915, "Nissa, Voice of Zendikar_SB": 1456, "Elvish Archivist": 666, "Resolute Strike": 1722, "Sin, Spira's Punishment": 1941, "Capital City": 299, "Jidoor, Aristocratic Capital": 1098, "Coveted Falcon": 451, "Auroral Procession": 135, "Omnath, Locus of Creation_SB": 1507, "Absorb": 28, "Sphinx's Revelation": 2023, "Void Rend": 2429, "Thunder Magic_SB": 2251, "Goblin Ringleader_SB": 899, "Storm Herald": 2064, "Disruptive Stormbrood": 577, "Burning Anger": 274, "Colossification": 410, "Ugin, the Spirit Dragon": 2328, "Forsaken Monument": 822, "Wastes": 2462, "Haven of the Spirit Dragon": 951, "Crystal Grotto": 475, "Warping Wail": 2455, "Fomori Vault": 815, "Hedron Archive": 967, "The Mightstone and Weakstone": 2209, "The Celestus": 2195, "Adventurer's Inn": 39, "Patchwork Automaton_SB": 1555, "Mazemind Tome_SB": 1345, "Thought-Knot Seer_SB": 2237, "Haunted Dead": 949, "Driven // Despair": 621, "Quag Feast_SB": 1626, "Dwarven Mine": 635, "Dragon Fodder": 597, "Hordeling Outburst": 1009, "Lukka, Coppercoat Outcast": 1286, "Satyr's Cunning": 1818, "Ral's Reinforcements": 1651, "Song of Totentanz": 1991, "Cavalcade of Calamity_SB": 335, "Impact Tremors_SB": 1036, "Mechanized Warfare_SB": 1346, "Torbran, Thane of Red Fell_SB": 2279, "Languish": 1198, "Ritual of Soot": 1754, "Drag the Canal_SB": 596, "Snow-Covered Swamp_SB": 1986, "Shattered Sanctum_SB": 1902, "Concealed Courtyard_SB": 421, "Shadowy Backstreet_SB": 1891, "Doom Foretold_SB": 587, "Hopeful Vigil_SB": 1007, "(THB) 117_SB": 15, "(DMU) 244_SB": 4, "(WOE) 95_SB": 18, "(M20) 94_SB": 10, "(SLD) 325_SB": 13, "(BRO) 16_SB": 1, "(STX) 72_SB": 14, "(FDN) 704_SB": 7, "(BLB) 83_SB": 0, "(OTJ) 108_SB": 12, "(BRO) 26_SB": 2, "(WOE) 29_SB": 17, "(DAR) 213_SB": 3, "(KLR) 84_SB": 8, "(LCI) 128_SB": 9, "(DSK) 111_SB": 5, "(MID) 112_SB": 11, "(THB) 121_SB": 16, "(FDN) 137_SB": 6, "Touch the Spirit Realm_SB": 2288, "Tormod's Crypt": 2282, "Saheeli, Filigree Master_SB": 1798, "Self-Destruct": 1869, "Lion Sash_SB": 1262, "March of Otherworldly Light_SB": 1323, "Misery's Shadow_SB": 1371, "Stormcarved Coast_SB": 2068, "Undead Butler": 2341, "Willow Geist": 2491, "The Aetherspark": 2187, "Curse of Silence_SB": 482, "Miscast_SB": 1370, "Matoya, Archon Elder_SB": 1339, "Blossoming Tortoise": 223, "Blossoming Tortoise_SB": 224, "Summon: Leviathan_SB": 2091, "Aether Channeler": 43, "Aether Channeler_SB": 44, "Ephara's Dispersal": 694, "Lush Oasis": 1290, "Aftermath Analyst_SB": 52, "Ulvenwald Oddity_SB": 2334, "Mystic Sanctuary": 1423, "Broken Bond_SB": 264, "Leyline of Transformation_SB": 1227, "Fleeting Spirit_SB": 803, "Knight of Dusk's Shadow_SB": 1164, "Bartolom\u00e9 del Presidio": 161, "Zulaport Cutthroat": 2551, "Dread Presence": 607, "Cyclonic Rift_SB": 486, "Sultai Charm_SB": 2086, "Kinnan, Bonder Prodigy": 1150, "Valley Questcaller": 2389, "Choco, Seeker of Paradise": 374, "Sazh's Chocobo": 1823, "Traveling Chocobo": 2300, "Sazh Katzroy": 1822, "Cloudfin Raptor": 397, "Bartz and Boko": 162, "Dazzling Denial": 504, "Ambrosia Whiteheart": 73, "Aven Mindcensor_SB": 140, "Waker of Waves": 2446, "Discovery // Dispersal": 568, "Consecrate // Consume_SB": 429, "Reduce // Rubble_SB": 1697, "Kenrith's Transformation_SB": 1143, "Wolfwillow Haven_SB": 2513, "Questing Beast_SB": 1630, "Magic Damper": 1303, "Magic Damper_SB": 1304, "Buster Sword_SB": 282, "The Aetherspark_SB": 2188, "Cloudsteel Kirin_SB": 398, "Peerless Recycling_SB": 1564, "Fateful Absence": 756, "Joust Through_SB": 1103, "Filter Out_SB": 786, "Dreams of Laguna": 617, "Whir of Invention_SB": 2484, "Zirda, the Dawnwaker": 2547, "Xenagos, the Reveler": 2523, "Svella, Ice Shaper": 2121, "Collision // Colossus_SB": 407, "Lukka, Bound to Ruin_SB": 1285, "Blitz of the Thunder-Raptor_SB": 208, "Rebel Salvo": 1677, "Nahiri, Heir of the Ancients_SB": 1426, "Aether Hub": 46, "Power Word Kill": 1608, "Marang River Regent // Coil and Catch": 1318, "Felothar, Dawn of the Abzan": 773, "Skirmish Rhino": 1949, "Sandsteppe Citadel": 1809, "Brimaz, King of Oreskos_SB": 261, "Regal Caracal_SB": 1702, "Thunder Magic": 2250, "Absolute Virtue_SB": 27, "Fire Prophecy_SB": 790, "Mirrorpool": 1367, "Moment of Craving": 1385, "Cloud, Midgar Mercenary_SB": 396, "Mirrorshell Crab_SB": 1369, "Vanquish the Horde_SB": 2398, "Fire Magic": 787, "Commune with Beavers": 417, "Blitz of the Thunder-Raptor": 207, "Unexpected Request": 2346, "Seed of Hope": 1862, "Thrilling Discovery": 2246, "Cavern of Souls_SB": 339, "Yuna, Hope of Spira_SB": 2538, "Summon: Primal Odin": 2092, "Vraska, Golgari Queen_SB": 2444, "Lazotep Plating": 1208, "Ochre Jelly": 1492, "The Ozolith": 2212, "Botanical Brawler": 244, "Kutzil, Malamet Exemplar": 1194, "Conclave Mentor": 424, "Pelt Collector": 1565, "Fight as One_SB": 784, "Garruk's Harbinger_SB": 844, "Patchwork Beastie": 1557, "Wildfire Wickerfolk": 2490, "Beastie Beatdown": 171, "Ogre-Head Helm": 1494, "Violent Urge": 2409, "Caelorna, Coral Tyrant_SB": 287, "Fade from History_SB": 740, "Return to Nature_SB": 1738, "Skyreaping_SB": 1962, "Ezrim, Agency Chief_SB": 733, "Axgard Armory": 143, "Invasive Surgery_SB": 1070, "Bramble Familiar": 248, "Make Your Own Luck": 1310, "One with the Multiverse": 1511, "Overwhelming Splendor": 1545, "Unexpected Results": 2348, "Flowstone Infusion_SB": 812, "Den of the Bugbear_SB": 541, "Cryptcaller Chariot_SB": 470, "Bolas's Citadel": 229, "Sorcerous Spyglass_SB": 1994, "Blink of an Eye_SB": 205, "Ashaya, Soul of the Wild": 116, "Elvish Reclaimer": 668, "Green Sun's Twilight": 918, "Drogskol Reaver": 622, "Cragplate Baloth": 455, "Fleetfoot Dancer": 800, "Disruptive Stormbrood_SB": 578, "The Last Ride": 2206, "Warrant // Warden_SB": 2458, "Reinforced Ronin": 1706, "Showdown of the Skalds": 1923, "Tail Swipe": 2137, "Wildborn Preserver": 2489, "Implement of Combustion": 1037, "Oni-Cult Anvil": 1512, "Weapons Manufacturing": 2467, "Mayhem Devil_SB": 1343, "Tarrian's Journal_SB": 2149, "Hemosymbic Mite": 975, "Hollow One": 999, "Seam Rip_SB": 1852, "Pinnacle Starcage_SB": 1586, "Seam Rip": 1851, "Ephara's Dispersal_SB": 695, "Kavaron Harrier": 1125, "Nutrient Block": 1480, "Haliya, Guided by Light": 936, "Sanctify_SB": 1807, "Vivien, Arkbow Ranger": 2421, "Wakeroot Elemental_SB": 2448, "Consult the Star Charts": 434, "Tifa Lockhart": 2256, "Icetill Explorer": 1023, "Aetherize_SB": 49, "Icetill Explorer_SB": 1024, "Rust Goliath": 1790, "Grab the Prize": 907, "Thrill of Possibility": 2245, "Fling": 805, "Mishra, Tamer of Mak Fawa": 1374, "Artificer's Dragon": 113, "Mishra, Excavation Prodigy_SB": 1373, "Shock_SB": 1918, "Insult // Injury_SB": 1056, "Chandra, Flame's Fury": 364, "Chandra's Spitfire": 359, "Unchained Berserker": 2338, "Ember Hauler": 669, "Fanatical Firebrand": 750, "Drakuseth, Maw of Flames": 604, "Cavalcade of Calamity": 334, "Arni Brokenbrow": 112, "Scorch Spitter": 1832, "The Flame of Keld": 2202, "Chandra's Flame Wave": 358, "Siege Veteran": 1927, "Yotian Frontliner": 2533, "Harbin, Vanguard Aviator": 945, "Myrel, Shield of Argive": 1418, "Valiant Veteran": 2384, "Protect the Negotiators_SB": 1619, "Ertai Resurrected_SB": 698, "Sulfur Falls": 2084, "Strategic Planning": 2077, "Biotech Specialist": 185, "Coruscation Mage_SB": 446, "Valki, God of Lies_SB": 2386, "Weftwalking": 2478, "Herald of Anguish": 977, "Mishra's Research Desk": 1372, "Cryogen Relic": 467, "Sunset Saboteur": 2106, "Malicious Eclipse_SB": 1313, "Adventurer's Inn_SB": 40, "Otawara, Soaring City_SB": 1528, "Pit of Offerings_SB": 1587, "Confounding Conundrum_SB": 426, "Annul": 88, "Skycat Sovereign_SB": 1955, "Kazandu Mammoth": 1134, "Lofty Denial": 1268, "Aurelia's Vindicator": 134, "Fall of the Thran": 748, "Hope of Ghirapur": 1004, "Remorseful Cleric": 1711, "Hope of Ghirapur_SB": 1005, "Knight of the White Orchid_SB": 1168, "Shattering Blow_SB": 1903, "Archenemy's Charm": 104, "Ral, Crackling Wit": 1652, "Emry, Lurker of the Loch": 680, "Jeskai Ascendancy": 1095, "Restless Spire": 1732, "Saheeli, Sublime Artificer": 1799, "Rally the Monastery_SB": 1656, "Valley Floodcaller_SB": 2388, "Stonebinder's Familiar": 2061, "Reroute Systems": 1719, "Demand Answers": 532, "Nova Hellkite_SB": 1471, "Cosmogoyf": 447, "Deathrite Shaman": 515, "Seedship Broodtender": 1863, "Severance Priest_SB": 1884, "Plains_SB": 1591, "Tezzeret, Cruel Captain": 2178, "Elixir": 659, "Paradox Engine": 1551, "Patchwork Automaton": 1554, "Pithing Needle": 1588, "The Gold Saucer": 2203, "Voyage Home": 2439, "Carrot Cake_SB": 306, "Sai, Master Thopterist_SB": 1801, "Stonecoil Serpent_SB": 2063, "Symmetry Sage": 2133, "Demilich": 533, "Quantum Riddler": 1627, "Twinmaw Stormbrood": 2315, "Opera Love Song_SB": 1515, "Louisoix's Sacrifice": 1283, "Cosmogrand Zenith_SB": 449, "Isolate_SB": 1082, "Remorseful Cleric_SB": 1712, "Delney, Streetwise Lookout_SB": 531, "Cascading Cataracts": 311, "Cleansing Wildfire": 385, "The Rollercrusher Ride": 2215, "Suplex_SB": 2110, "Devastating Mastery": 555, "Disruption Protocol": 576, "Monstrous Rage_SB": 1394, "Nahiri, the Unforgiving": 1429, "Nova Hellkite": 1470, "Halana and Alena, Partners": 935, "The Dominion Bracelet_SB": 2196, "Timeline Culler": 2257, "Cosmogrand Zenith": 448, "Lightstall Inquisitor": 1246, "Gilded Pinions": 874, "Mystic Forge": 1420, "Stonecoil Serpent": 2062, "Honor": 1002, "Tethmos High Priest_SB": 2177, "Surgical Skullbomb": 2118, "Pinnacle Emissary": 1584, "Urabrask, Heretic Praetor": 2371, "Soulless Jailer": 2008, "Shatterskull Smashing": 1904, "The Eternal Wanderer": 2200, "Drannith Magistrate": 605, "Wear Down": 2469, "Wingspan Stride": 2496, "Opulent Palace": 1519, "Seeker's Folly": 1866, "Summon: Fenrir": 2088, "Dismal Backwater": 573, "Hero's Downfall": 984, "Temple of Malady": 2162, "Kotis, the Fangkeeper": 1179, "Jungle Hollow": 1105, "Blitzball Shot_SB": 209, "Dauntless Scrapbot_SB": 498, "Fell_SB": 771, "Unsummon_SB": 2365, "Deliberate": 529, "Rest in Peace": 1724, "Saw It Coming": 1820, "Reroute Systems_SB": 1720, "Scorching Dragonfire": 1833, "Aerith Gainsborough": 42, "Gala Greeters": 840, "Heliod, Sun-Crowned": 970, "Impulse_SB": 1039, "Syr Vondam, Sunstar Exemplar": 2135, "Alesha, Who Laughs at Fate_SB": 64, "Sothera, the Supervoid_SB": 1998, "Dalkovan Encampment": 487, "Depose // Deploy": 545, "Snow-Covered Swamp": 1985, "Temur Battle Rage": 2170, "Analyze the Pollen": 75, "Extract a Confession_SB": 729, "Pinnacle Starcage": 1585, "Armed and Armored": 111, "Bruenor Battlehammer": 268, "Giott, King of the Dwarves": 875, "Magda, Brazen Outlaw": 1300, "Toolcraft Exemplar": 2276, "Reckless Crew_SB": 1680, "Vandalblast_SB": 2395, "Springleaf Drum": 2038, "Legion Extruder_SB": 1215, "Quantum Riddler_SB": 1628, "Seedship Impact_SB": 1864, "Radiant Fountain": 1640, "Plasma Bolt": 1593, "Essence Scatter_SB": 708, "Dirgur Island Dragon": 566, "Spirit of the Labyrinth_SB": 2029, "Sunset Saboteur_SB": 2107, "Tragic Trajectory_SB": 2291, "Gideon of the Trials_SB": 869, "Volcanic Spite_SB": 2432, "Transmogrify_SB": 2297, "Synthesizer Labship": 2134, "Tezzeret, Cruel Captain_SB": 2179, "Hardlight Containment_SB": 947, "Battle Menu": 166, "Raise the Alarm": 1645, "You See a Pair of Goblins": 2534, "By Invitation Only_SB": 283, "Starfield Vocalist": 2045, "Tragic Trajectory": 2290, "Warrant // Warden": 2457, "Capricious Hellraiser": 300, "Elemental Masterpiece": 651, "Spell Stutter_SB": 2020, "Island_SB": 1081, "First Day of Class": 795, "Myriad Construct": 1419, "Light of Hope": 1236, "Phoenix Down": 1573, "Seize the Spoils_SB": 1867, "Fleeting Effigy_SB": 801, "Warleader's Call_SB": 2453, "Haliya, Guided by Light_SB": 937, "Academic Probation_SB": 30, "Syr Vondam, Sunstar Exemplar_SB": 2136, "Ravenous Intruder": 1669, "Rust Harvester": 1791, "Broadside Barrage": 263, "Chandra, Acolyte of Flame_SB": 360, "Sandworm": 1811, "Sarkhan, Dragon Ascendant": 1814, "Magmatic Hellkite": 1307, "Toralf, God of Fury": 2277, "Restless Ridgeline": 1731, "Migloz, Maze Crusher_SB": 1363, "Alpine Houndmaster": 68, "Alpine Watchdog": 70, "Igneous Cur": 1028, "Terror of the Peaks": 2174, "Ruthless Negotiation": 1793, "Davriel, Rogue Shadowmage": 499, "Bile Blight_SB": 183, "Zero Point Ballad_SB": 2544, "Rip Apart_SB": 1746, "Caught Red-Handed_SB": 328}}